 
****************************************
Report : timing
        -path full
        -delay max
        -input_pins
        -nets
        -max_paths 10
        -transition_time
        -capacitance
Design : mc_top_Q_DEPTH16_SCHED_POLICY1_AGING_ENABLE0
Version: R-2020.09-SP4
Date   : Tue Sep 22 18:12:34 2026
****************************************

 # A fanout number of 1000 was used for high fanout net computations.

Operating Conditions: typical   Library: gscl45nm
Wire Load Model Mode: top

  Startpoint: table_i/addresses_reg[247]
              (rising edge-triggered flip-flop clocked by core_clk)
  Endpoint: cmd_wdata[2]
            (output port clocked by core_clk)
  Path Group: core_clk
  Path Type: max

  Point                                       Fanout       Cap     Trans      Incr       Path
  ----------------------------------------------------------------------------------------------
  clock core_clk (rise edge)                                              0.000000   0.000000
  clock network delay (ideal)                                             0.000000   0.000000
  table_i/addresses_reg[247]/CLK (DFFPOSX1)                     0.000000  0.000000 # 0.000000 r
  table_i/addresses_reg[247]/Q (DFFPOSX1)                       0.044101  0.121169   0.121169 f
  table_i/addresses[247] (net)                  6     0.020716            0.000000   0.121169 f
  table_i/addresses[247] (mc_transaction_table_Q_DEPTH16_ADDR_W16_DATA_W32_TAG_W8_READ_LATENCY3_AGE_LIMIT128)
                                                                          0.000000   0.121169 f
  addresses[247] (net)                                0.020716            0.000000   0.121169 f
  candidates_i/addresses[247] (mc_candidates_Q_DEPTH16_ROW_W8_COL_W6)     0.000000   0.121169 f
  candidates_i/addresses[247] (net)                   0.020716            0.000000   0.121169 f
  candidates_i/U3191/A (INVX4)                                  0.044101  0.000000   0.121169 f
  candidates_i/U3191/Y (INVX4)                                  0.021212  0.028111   0.149280 r
  candidates_i/n3963 (net)                      2     0.011634            0.000000   0.149280 r
  candidates_i/U3190/A (INVX8)                                  0.021212  0.000000   0.149280 r
  candidates_i/U3190/Y (INVX8)                                  0.021575  0.032788   0.182068 f
  candidates_i/n3961 (net)                     12     0.060199            0.000000   0.182068 f
  candidates_i/U7438/B (XNOR2X1)                                0.021575  0.000000   0.182068 f
  candidates_i/U7438/Y (XNOR2X1)                                0.038993  0.050304   0.232372 r
  candidates_i/n6603 (net)                      1     0.002343            0.000000   0.232372 r
  candidates_i/U553/B (AND2X1)                                  0.038993  0.000000   0.232372 r
  candidates_i/U553/Y (AND2X1)                                  0.026796  0.038454   0.270826 r
  candidates_i/n6607 (net)                      1     0.001551            0.000000   0.270826 r
  candidates_i/U4005/A (INVX1)                                  0.026796  0.000000   0.270826 r
  candidates_i/U4005/Y (INVX1)                                  0.012961  0.021942   0.292768 f
  candidates_i/n1095 (net)                      1     0.003011            0.000000   0.292768 f
  candidates_i/U7441/A (NOR3X1)                                 0.012961  0.000000   0.292768 f
  candidates_i/U7441/Y (NOR3X1)                                 0.049823  0.047920   0.340688 r
  candidates_i/n6608 (net)                      1     0.002027            0.000000   0.340688 r
  candidates_i/U7442/B (NAND2X1)                                0.049823  0.000000   0.340688 r
  candidates_i/U7442/Y (NAND2X1)                                0.020724  0.025520   0.366207 f
  candidates_i/n6626 (net)                      1     0.003067            0.000000   0.366207 f
  candidates_i/U7457/B (NOR3X1)                                 0.020724  0.000000   0.366207 f
  candidates_i/U7457/Y (NOR3X1)                                 0.066282  0.051260   0.417468 r
  candidates_i/N1900 (net)                      2     0.005509            0.000000   0.417468 r
  candidates_i/U2226/C (NAND3X1)                                0.066282  0.000000   0.417468 r
  candidates_i/U2226/Y (NAND3X1)                                0.011668  0.022514   0.439982 f
  candidates_i/n3271 (net)                      1     0.001763            0.000000   0.439982 f
  candidates_i/U411/A (AND2X2)                                  0.011668  0.000000   0.439982 f
  candidates_i/U411/Y (AND2X2)                                  0.000000  0.034082   0.474064 f
  candidates_i/n3270 (net)                      1     0.002832            0.000000   0.474064 f
  candidates_i/U2224/C (NAND3X1)                                0.000000  0.000000   0.474064 f
  candidates_i/U2224/Y (NAND3X1)                                0.040765  0.029765   0.503829 r
  candidates_i/n3260 (net)                      1     0.003021            0.000000   0.503829 r
  candidates_i/U2216/A (NOR3X1)                                 0.040765  0.000000   0.503829 r
  candidates_i/U2216/Y (NOR3X1)                                 0.025983  0.041275   0.545104 f
  candidates_i/n3259 (net)                      1     0.001944            0.000000   0.545104 f
  candidates_i/U2215/B (NAND2X1)                                0.025983  0.000000   0.545104 f
  candidates_i/U2215/Y (NAND2X1)                                0.041583  0.022750   0.567854 r
  candidates_i/n2585 (net)                      2     0.003843            0.000000   0.567854 r
  candidates_i/U4568/A (INVX1)                                  0.041583  0.000000   0.567854 r
  candidates_i/U4568/Y (INVX1)                                  0.013966  0.027337   0.595191 f
  candidates_i/eligible[15] (net)               2     0.003692            0.000000   0.595191 f
  candidates_i/U4498/B (AND2X2)                                 0.013966  0.000000   0.595191 f
  candidates_i/U4498/Y (AND2X2)                                 0.009692  0.046430   0.641621 f
  candidates_i/n2325 (net)                      4     0.010080            0.000000   0.641621 f
  candidates_i/U1337/A (NAND3X1)                                0.009692  0.000000   0.641621 f
  candidates_i/U1337/Y (NAND3X1)                                0.038400  0.037105   0.678726 r
  candidates_i/n2354 (net)                      1     0.002548            0.000000   0.678726 r
  candidates_i/U1333/A (NAND3X1)                                0.038400  0.000000   0.678726 r
  candidates_i/U1333/Y (NAND3X1)                                0.017857  0.022887   0.701614 f
  candidates_i/n2347 (net)                      1     0.003011            0.000000   0.701614 f
  candidates_i/U1326/A (NOR3X1)                                 0.017857  0.000000   0.701614 f
  candidates_i/U1326/Y (NOR3X1)                                 0.048284  0.047831   0.749445 r
  candidates_i/n2333 (net)                      1     0.001798            0.000000   0.749445 r
  candidates_i/U2837/A (AND2X2)                                 0.048284  0.000000   0.749445 r
  candidates_i/U2837/Y (AND2X2)                                 0.017078  0.038747   0.788192 r
  candidates_i/n160 (net)                       1     0.005080            0.000000   0.788192 r
  candidates_i/U2690/A (INVX4)                                  0.017078  0.000000   0.788192 r
  candidates_i/U2690/Y (INVX4)                                  0.019785  0.032448   0.820640 f
  candidates_i/n2292 (net)                     16     0.029742            0.000000   0.820640 f
  candidates_i/U4063/B (AND2X2)                                 0.019785  0.000000   0.820640 f
  candidates_i/U4063/Y (AND2X2)                                 0.003984  0.038896   0.859536 f
  candidates_i/n2308 (net)                      1     0.001476            0.000000   0.859536 f
  candidates_i/U4064/A (INVX1)                                  0.003984  0.000000   0.859536 f
  candidates_i/U4064/Y (INVX1)                                  0.000000  0.001155   0.860691 r
  candidates_i/n1140 (net)                      1     0.002961            0.000000   0.860691 r
  candidates_i/U1289/C (NAND3X1)                                0.000000  0.000000   0.860691 r
  candidates_i/U1289/Y (NAND3X1)                                0.015678  0.006604   0.867296 f
  candidates_i/n2079 (net)                      1     0.001504            0.000000   0.867296 f
  candidates_i/U4062/A (BUFX2)                                  0.015678  0.000000   0.867296 f
  candidates_i/U4062/Y (BUFX2)                                  0.020962  0.047560   0.914856 f
  candidates_i/n1139 (net)                      3     0.015249            0.000000   0.914856 f
  candidates_i/U3208/A (INVX8)                                  0.020962  0.000000   0.914856 f
  candidates_i/U3208/Y (INVX8)                                  0.022124  0.028643   0.943499 r
  candidates_i/n7963 (net)                     15     0.042615            0.000000   0.943499 r
  candidates_i/U1194/A (AOI22X1)                                0.022124  0.000000   0.943499 r
  candidates_i/U1194/Y (AOI22X1)                                0.034219  0.034529   0.978028 f
  candidates_i/n2199 (net)                      1     0.001820            0.000000   0.978028 f
  candidates_i/U281/B (AND2X2)                                  0.034219  0.000000   0.978028 f
  candidates_i/U281/Y (AND2X2)                                  0.003411  0.043344   1.021371 f
  candidates_i/n2197 (net)                      1     0.001944            0.000000   1.021371 f
  candidates_i/U3083/B (NAND2X1)                                0.003411  0.000000   1.021371 f
  candidates_i/U3083/Y (NAND2X1)                                0.032247  0.008231   1.029602 r
  candidates_i/n304 (net)                       1     0.001551            0.000000   1.029602 r
  candidates_i/U3085/A (INVX1)                                  0.032247  0.000000   1.029602 r
  candidates_i/U3085/Y (INVX1)                                  0.009207  0.021108   1.050710 f
  candidates_i/n305 (net)                       1     0.001884            0.000000   1.050710 f
  candidates_i/U3084/A (NAND2X1)                                0.009207  0.000000   1.050710 f
  candidates_i/U3084/Y (NAND2X1)                                0.035913  0.026380   1.077090 r
  candidates_i/n2194 (net)                      1     0.002365            0.000000   1.077090 r
  candidates_i/U1192/B (NOR2X1)                                 0.035913  0.000000   1.077090 r
  candidates_i/U1192/Y (NOR2X1)                                 0.000602  0.017558   1.094648 f
  candidates_i/n1588 (net)                      1     0.001476            0.000000   1.094648 f
  candidates_i/U2976/A (INVX1)                                  0.000602  0.000000   1.094648 f
  candidates_i/U2976/Y (INVX1)                                  0.000000  -0.004620  1.090027 r
  candidates_i/n227 (net)                       1     0.001551            0.000000   1.090027 r
  candidates_i/U2977/A (INVX1)                                  0.000000  0.000000   1.090027 r
  candidates_i/U2977/Y (INVX1)                                  0.021962  0.019592   1.109620 f
  candidates_i/n228 (net)                       2     0.005397            0.000000   1.109620 f
  candidates_i/U1191/C (NAND3X1)                                0.021962  0.000000   1.109620 f
  candidates_i/U1191/Y (NAND3X1)                                0.036164  0.032268   1.141888 r
  candidates_i/n2192 (net)                      1     0.002010            0.000000   1.141888 r
  candidates_i/U1190/C (OAI21X1)                                0.036164  0.000000   1.141888 r
  candidates_i/U1190/Y (OAI21X1)                                0.005749  0.019972   1.161860 f
  candidates_i/n2165 (net)                      1     0.001820            0.000000   1.161860 f
  candidates_i/U3086/B (AND2X2)                                 0.005749  0.000000   1.161860 f
  candidates_i/U3086/Y (AND2X2)                                 0.000000  0.035833   1.197692 f
  candidates_i/n306 (net)                       1     0.002209            0.000000   1.197692 f
  candidates_i/U3088/A (NOR2X1)                                 0.000000  0.000000   1.197692 f
  candidates_i/U3088/Y (NOR2X1)                                 0.027765  0.027069   1.224761 r
  candidates_i/n2164 (net)                      1     0.002386            0.000000   1.224761 r
  candidates_i/U1166/C (AOI21X1)                                0.027765  0.000000   1.224761 r
  candidates_i/U1166/Y (AOI21X1)                                0.015757  0.016950   1.241711 f
  candidates_i/n2163 (net)                      1     0.002312            0.000000   1.241711 f
  candidates_i/U1165/C (AOI21X1)                                0.015757  0.000000   1.241711 f
  candidates_i/U1165/Y (AOI21X1)                                0.029885  0.021554   1.263266 r
  candidates_i/n2148 (net)                      1     0.002832            0.000000   1.263266 r
  candidates_i/U1153/B (OAI21X1)                                0.029885  0.000000   1.263266 r
  candidates_i/U1153/Y (OAI21X1)                                0.002880  0.019235   1.282500 f
  candidates_i/n2133 (net)                      1     0.001884            0.000000   1.282500 f
  candidates_i/U1141/A (NAND2X1)                                0.002880  0.000000   1.282500 f
  candidates_i/U1141/Y (NAND2X1)                                0.033834  0.023336   1.305836 r
  candidates_i/n2132 (net)                      1     0.002027            0.000000   1.305836 r
  candidates_i/U1140/B (NAND2X1)                                0.033834  0.000000   1.305836 r
  candidates_i/U1140/Y (NAND2X1)                                0.021135  0.021137   1.326973 f
  candidates_i/n2103 (net)                      1     0.002566            0.000000   1.326973 f
  candidates_i/U1116/A (AOI21X1)                                0.021135  0.000000   1.326973 f
  candidates_i/U1116/Y (AOI21X1)                                0.029932  0.040723   1.367697 r
  candidates_i/n2088 (net)                      1     0.002832            0.000000   1.367697 r
  candidates_i/U1104/B (OAI21X1)                                0.029932  0.000000   1.367697 r
  candidates_i/U1104/Y (OAI21X1)                                0.013029  0.026320   1.394016 f
  candidates_i/candidate_slots[12] (net)        3     0.005912            0.000000   1.394016 f
  candidates_i/candidate_slots[12] (mc_candidates_Q_DEPTH16_ROW_W8_COL_W6)
                                                                          0.000000   1.394016 f
  candidate_slots[12] (net)                           0.005912            0.000000   1.394016 f
  frfcfs.scheduler_i/candidate_slots[12] (mc_scheduler_frfcfs_Q_DEPTH16_ADDR_W16_AGE_LIMIT128_AGING_ENABLE0)
                                                                          0.000000   1.394016 f
  frfcfs.scheduler_i/N596 (net)                       0.005912            0.000000   1.394016 f
  frfcfs.scheduler_i/U141/A (AND2X2)                            0.013029  0.000000   1.394016 f
  frfcfs.scheduler_i/U141/Y (AND2X2)                            0.000000  0.034552   1.428568 f
  frfcfs.scheduler_i/n870 (net)                 2     0.002952            0.000000   1.428568 f
  frfcfs.scheduler_i/U706/A (INVX1)                             0.000000  0.000000   1.428568 f
  frfcfs.scheduler_i/U706/Y (INVX1)                             0.000000  0.006194   1.434762 r
  frfcfs.scheduler_i/n62 (net)                  2     0.004949            0.000000   1.434762 r
  frfcfs.scheduler_i/U97/A (OR2X1)                              0.000000  0.000000   1.434762 r
  frfcfs.scheduler_i/U97/Y (OR2X1)                              0.022030  0.037764   1.472527 r
  frfcfs.scheduler_i/n856 (net)                 1     0.002010            0.000000   1.472527 r
  frfcfs.scheduler_i/U954/C (OAI21X1)                           0.022030  0.000000   1.472527 r
  frfcfs.scheduler_i/U954/Y (OAI21X1)                           0.011062  0.017974   1.490501 f
  frfcfs.scheduler_i/n859 (net)                 1     0.003011            0.000000   1.490501 f
  frfcfs.scheduler_i/U958/A (NOR3X1)                            0.011062  0.000000   1.490501 f
  frfcfs.scheduler_i/U958/Y (NOR3X1)                            0.053891  0.050387   1.540888 r
  frfcfs.scheduler_i/n865 (net)                 1     0.002832            0.000000   1.540888 r
  frfcfs.scheduler_i/U963/B (OAI21X1)                           0.053891  0.000000   1.540888 r
  frfcfs.scheduler_i/U963/Y (OAI21X1)                           0.006902  0.024434   1.565322 f
  frfcfs.scheduler_i/n880 (net)                 1     0.001884            0.000000   1.565322 f
  frfcfs.scheduler_i/U973/A (NAND2X1)                           0.006902  0.000000   1.565322 f
  frfcfs.scheduler_i/U973/Y (NAND2X1)                           0.040856  0.028929   1.594251 r
  frfcfs.scheduler_i/N1530 (net)                2     0.003420            0.000000   1.594251 r
  frfcfs.scheduler_i/U154/B (AND2X2)                            0.040856  0.000000   1.594251 r
  frfcfs.scheduler_i/U154/Y (AND2X2)                            0.013628  0.035744   1.629995 r
  frfcfs.scheduler_i/n17 (net)                  2     0.003739            0.000000   1.629995 r
  frfcfs.scheduler_i/U179/B (AND2X2)                            0.013628  0.000000   1.629995 r
  frfcfs.scheduler_i/U179/Y (AND2X2)                            0.012028  0.034322   1.664317 r
  frfcfs.scheduler_i/n695 (net)                 2     0.003667            0.000000   1.664317 r
  frfcfs.scheduler_i/U172/A (AND2X2)                            0.012028  0.000000   1.664317 r
  frfcfs.scheduler_i/U172/Y (AND2X2)                            0.015886  0.038116   1.702433 r
  frfcfs.scheduler_i/n28 (net)                  2     0.005633            0.000000   1.702433 r
  frfcfs.scheduler_i/U635/A (AOI22X1)                           0.015886  0.000000   1.702433 r
  frfcfs.scheduler_i/U635/Y (AOI22X1)                           0.034505  0.033288   1.735721 f
  frfcfs.scheduler_i/n675 (net)                 1     0.001820            0.000000   1.735721 f
  frfcfs.scheduler_i/U690/B (AND2X2)                            0.034505  0.000000   1.735721 f
  frfcfs.scheduler_i/U690/Y (AND2X2)                            0.002830  0.042920   1.778641 f
  frfcfs.scheduler_i/n614 (net)                 1     0.001476            0.000000   1.778641 f
  frfcfs.scheduler_i/U693/A (INVX1)                             0.002830  0.000000   1.778641 f
  frfcfs.scheduler_i/U693/Y (INVX1)                             0.000000  0.007091   1.785732 r
  frfcfs.scheduler_i/n57 (net)                  2     0.004916            0.000000   1.785732 r
  frfcfs.scheduler_i/U633/D (AOI22X1)                           0.000000  0.000000   1.785732 r
  frfcfs.scheduler_i/U633/Y (AOI22X1)                           0.034495  0.011610   1.797341 f
  frfcfs.scheduler_i/n656 (net)                 1     0.001763            0.000000   1.797341 f
  frfcfs.scheduler_i/U85/A (AND2X2)                             0.034495  0.000000   1.797341 f
  frfcfs.scheduler_i/U85/Y (AND2X2)                             0.004806  0.039796   1.837138 f
  frfcfs.scheduler_i/n655 (net)                 1     0.002832            0.000000   1.837138 f
  frfcfs.scheduler_i/U623/C (NAND3X1)                           0.004806  0.000000   1.837138 f
  frfcfs.scheduler_i/U623/Y (NAND3X1)                           0.036583  0.028728   1.865866 r
  frfcfs.scheduler_i/n652 (net)                 1     0.002283            0.000000   1.865866 r
  frfcfs.scheduler_i/U701/B (OR2X2)                             0.036583  0.000000   1.865866 r
  frfcfs.scheduler_i/U701/Y (OR2X2)                             0.028943  0.058529   1.924395 r
  frfcfs.scheduler_i/n608 (net)                 1     0.010083            0.000000   1.924395 r
  frfcfs.scheduler_i/U169/A (INVX8)                             0.028943  0.000000   1.924395 r
  frfcfs.scheduler_i/U169/Y (INVX8)                             0.019673  0.029316   1.953711 f
  frfcfs.scheduler_i/n59 (net)                 16     0.041161            0.000000   1.953711 f
  frfcfs.scheduler_i/U614/A (OAI21X1)                           0.019673  0.000000   1.953711 f
  frfcfs.scheduler_i/U614/Y (OAI21X1)                           0.043704  0.045509   1.999220 r
  frfcfs.scheduler_i/n638 (net)                 1     0.002655            0.000000   1.999220 r
  frfcfs.scheduler_i/U150/A (INVX2)                             0.043704  0.000000   1.999220 r
  frfcfs.scheduler_i/U150/Y (INVX2)                             0.018444  0.023918   2.023138 f
  frfcfs.scheduler_i/n928 (net)                 2     0.005358            0.000000   2.023138 f
  frfcfs.scheduler_i/U148/A (BUFX2)                             0.018444  0.000000   2.023138 f
  frfcfs.scheduler_i/U148/Y (BUFX2)                             0.002920  0.034118   2.057256 f
  frfcfs.scheduler_i/n14 (net)                  1     0.001820            0.000000   2.057256 f
  frfcfs.scheduler_i/U776/B (AND2X2)                            0.002920  0.000000   2.057256 f
  frfcfs.scheduler_i/U776/Y (AND2X2)                            0.008083  0.035058   2.092314 f
  frfcfs.scheduler_i/n216 (net)                 1     0.002209            0.000000   2.092314 f
  frfcfs.scheduler_i/U778/A (NOR2X1)                            0.008083  0.000000   2.092314 f
  frfcfs.scheduler_i/U778/Y (NOR2X1)                            0.029272  0.029479   2.121793 r
  frfcfs.scheduler_i/n206 (net)                 1     0.002548            0.000000   2.121793 r
  frfcfs.scheduler_i/U245/A (NAND3X1)                           0.029272  0.000000   2.121793 r
  frfcfs.scheduler_i/U245/Y (NAND3X1)                           0.014126  0.019184   2.140977 f
  frfcfs.scheduler_i/n199 (net)                 1     0.001504            0.000000   2.140977 f
  frfcfs.scheduler_i/U764/A (BUFX2)                             0.014126  0.000000   2.140977 f
  frfcfs.scheduler_i/U764/Y (BUFX2)                             0.002687  0.033740   2.174716 f
  frfcfs.scheduler_i/n109 (net)                 1     0.002297            0.000000   2.174716 f
  frfcfs.scheduler_i/U975/B (NOR2X1)                            0.002687  0.000000   2.174716 f
  frfcfs.scheduler_i/U975/Y (NOR2X1)                            0.026701  0.025724   2.200440 r
  frfcfs.scheduler_i/n886 (net)                 1     0.001869            0.000000   2.200440 r
  frfcfs.scheduler_i/U8/B (AND2X2)                              0.026701  0.000000   2.200440 r
  frfcfs.scheduler_i/U8/Y (AND2X2)                              0.016691  0.037608   2.238049 r
  frfcfs.scheduler_i/n121 (net)                 2     0.005399            0.000000   2.238049 r
  frfcfs.scheduler_i/U976/A (NAND2X1)                           0.016691  0.000000   2.238049 r
  frfcfs.scheduler_i/U976/Y (NAND2X1)                           0.021462  0.013252   2.251301 f
  frfcfs.scheduler_i/n197 (net)                 1     0.001924            0.000000   2.251301 f
  frfcfs.scheduler_i/U237/C (OAI21X1)                           0.021462  0.000000   2.251301 f
  frfcfs.scheduler_i/U237/Y (OAI21X1)                           0.045206  0.023956   2.275257 r
  frfcfs.scheduler_i/n192 (net)                 1     0.002764            0.000000   2.275257 r
  frfcfs.scheduler_i/U236/B (AOI22X1)                           0.045206  0.000000   2.275257 r
  frfcfs.scheduler_i/U236/Y (AOI22X1)                           0.035541  0.036110   2.311367 f
  frfcfs.scheduler_i/n191 (net)                 1     0.002312            0.000000   2.311367 f
  frfcfs.scheduler_i/U235/C (AOI21X1)                           0.035541  0.000000   2.311367 f
  frfcfs.scheduler_i/U235/Y (AOI21X1)                           0.027785  0.025641   2.337008 r
  frfcfs.scheduler_i/n189 (net)                 1     0.002386            0.000000   2.337008 r
  frfcfs.scheduler_i/U234/C (AOI21X1)                           0.027785  0.000000   2.337008 r
  frfcfs.scheduler_i/U234/Y (AOI21X1)                           0.017334  0.017616   2.354624 f
  frfcfs.scheduler_i/n187 (net)                 1     0.002632            0.000000   2.354624 f
  frfcfs.scheduler_i/U233/B (OAI21X1)                           0.017334  0.000000   2.354624 f
  frfcfs.scheduler_i/U233/Y (OAI21X1)                           0.043446  0.043026   2.397650 r
  frfcfs.scheduler_i/n184 (net)                 1     0.002741            0.000000   2.397650 r
  frfcfs.scheduler_i/U232/A (AOI21X1)                           0.043446  0.000000   2.397650 r
  frfcfs.scheduler_i/U232/Y (AOI21X1)                           0.017866  0.024379   2.422029 f
  frfcfs.scheduler_i/n182 (net)                 1     0.002632            0.000000   2.422029 f
  frfcfs.scheduler_i/U231/B (OAI21X1)                           0.017866  0.000000   2.422029 f
  frfcfs.scheduler_i/U231/Y (OAI21X1)                           0.041910  0.041126   2.463156 r
  frfcfs.scheduler_i/n179 (net)                 1     0.002111            0.000000   2.463156 r
  frfcfs.scheduler_i/U230/A (NAND2X1)                           0.041910  0.000000   2.463156 r
  frfcfs.scheduler_i/U230/Y (NAND2X1)                           0.020367  0.018469   2.481625 f
  frfcfs.scheduler_i/n178 (net)                 1     0.001820            0.000000   2.481625 f
  frfcfs.scheduler_i/U712/B (AND2X2)                            0.020367  0.000000   2.481625 f
  frfcfs.scheduler_i/U712/Y (AND2X2)                            0.003884  0.042904   2.524529 f
  frfcfs.scheduler_i/n1000 (net)                1     0.005092            0.000000   2.524529 f
  frfcfs.scheduler_i/U249/A (INVX4)                             0.003884  0.000000   2.524529 f
  frfcfs.scheduler_i/U249/Y (INVX4)                             0.000000  0.015610   2.540138 r
  frfcfs.scheduler_i/select_slot[0] (net)       3     0.009498            0.000000   2.540138 r
  frfcfs.scheduler_i/select_slot[0] (mc_scheduler_frfcfs_Q_DEPTH16_ADDR_W16_AGE_LIMIT128_AGING_ENABLE0)
                                                                          0.000000   2.540138 r
  select_slot[0] (net)                                0.009498            0.000000   2.540138 r
  U487/A (BUFX4)                                                0.000000  0.000000   2.540138 r
  U487/Y (BUFX4)                                                0.023542  0.033272   2.573410 r
  n483 (net)                                    9     0.017107            0.000000   2.573410 r
  U740/A (AND2X2)                                               0.023542  0.000000   2.573410 r
  U740/Y (AND2X2)                                               0.050171  0.061102   2.634513 r
  n1625 (net)                                   2     0.020165            0.000000   2.634513 r
  U135/A (INVX8)                                                0.050171  0.000000   2.634513 r
  U135/Y (INVX8)                                                0.033555  0.034967   2.669480 f
  n22 (net)                                    28     0.063017            0.000000   2.669480 f
  U134/B (OR2X2)                                                0.033555  0.000000   2.669480 f
  U134/Y (OR2X2)                                                0.007820  0.050083   2.719563 f
  n1427 (net)                                   1     0.001924            0.000000   2.719563 f
  U1551/C (OAI21X1)                                             0.007820  0.000000   2.719563 f
  U1551/Y (OAI21X1)                                             0.041692  0.017886   2.737449 r
  n1428 (net)                                   1     0.002283            0.000000   2.737449 r
  U482/B (OR2X2)                                                0.041692  0.000000   2.737449 r
  U482/Y (OR2X2)                                                0.012929  0.048445   2.785895 r
  n1434 (net)                                   1     0.003021            0.000000   2.785895 r
  U1554/A (NOR3X1)                                              0.012929  0.000000   2.785895 r
  U1554/Y (NOR3X1)                                              0.026401  0.034691   2.820586 f
  n1445 (net)                                   1     0.002569            0.000000   2.820586 f
  U1560/B (MUX2X1)                                              0.026401  0.000000   2.820586 f
  U1560/Y (MUX2X1)                                              0.042662  0.051069   2.871655 r
  n1446 (net)                                   1     0.002655            0.000000   2.871655 r
  U731/A (INVX2)                                                0.042662  0.000000   2.871655 r
  U731/Y (INVX2)                                                0.022852  0.028260   2.899915 f
  cmd_wdata[2] (net)                            1     0.010000            0.000000   2.899915 f
  cmd_wdata[2] (out)                                            0.022852  0.000000   2.899915 f
  data arrival time                                                                  2.899915

  clock core_clk (rise edge)                                              4.000000   4.000000
  clock network delay (ideal)                                             0.000000   4.000000
  clock uncertainty                                                       -0.100000  3.900000
  output external delay                                                   -1.000000  2.900000
  data required time                                                                 2.900000
  ----------------------------------------------------------------------------------------------
  data required time                                                                 2.900000
  data arrival time                                                                  -2.899915
  ----------------------------------------------------------------------------------------------
  slack (MET)                                                                        0.000085


  Startpoint: table_i/addresses_reg[247]
              (rising edge-triggered flip-flop clocked by core_clk)
  Endpoint: cmd_wdata[1]
            (output port clocked by core_clk)
  Path Group: core_clk
  Path Type: max

  Point                                       Fanout       Cap     Trans      Incr       Path
  ----------------------------------------------------------------------------------------------
  clock core_clk (rise edge)                                              0.000000   0.000000
  clock network delay (ideal)                                             0.000000   0.000000
  table_i/addresses_reg[247]/CLK (DFFPOSX1)                     0.000000  0.000000 # 0.000000 r
  table_i/addresses_reg[247]/Q (DFFPOSX1)                       0.044101  0.121169   0.121169 f
  table_i/addresses[247] (net)                  6     0.020716            0.000000   0.121169 f
  table_i/addresses[247] (mc_transaction_table_Q_DEPTH16_ADDR_W16_DATA_W32_TAG_W8_READ_LATENCY3_AGE_LIMIT128)
                                                                          0.000000   0.121169 f
  addresses[247] (net)                                0.020716            0.000000   0.121169 f
  candidates_i/addresses[247] (mc_candidates_Q_DEPTH16_ROW_W8_COL_W6)     0.000000   0.121169 f
  candidates_i/addresses[247] (net)                   0.020716            0.000000   0.121169 f
  candidates_i/U3191/A (INVX4)                                  0.044101  0.000000   0.121169 f
  candidates_i/U3191/Y (INVX4)                                  0.021212  0.028111   0.149280 r
  candidates_i/n3963 (net)                      2     0.011634            0.000000   0.149280 r
  candidates_i/U3190/A (INVX8)                                  0.021212  0.000000   0.149280 r
  candidates_i/U3190/Y (INVX8)                                  0.021575  0.032788   0.182068 f
  candidates_i/n3961 (net)                     12     0.060199            0.000000   0.182068 f
  candidates_i/U7438/B (XNOR2X1)                                0.021575  0.000000   0.182068 f
  candidates_i/U7438/Y (XNOR2X1)                                0.038993  0.050304   0.232372 r
  candidates_i/n6603 (net)                      1     0.002343            0.000000   0.232372 r
  candidates_i/U553/B (AND2X1)                                  0.038993  0.000000   0.232372 r
  candidates_i/U553/Y (AND2X1)                                  0.026796  0.038454   0.270826 r
  candidates_i/n6607 (net)                      1     0.001551            0.000000   0.270826 r
  candidates_i/U4005/A (INVX1)                                  0.026796  0.000000   0.270826 r
  candidates_i/U4005/Y (INVX1)                                  0.012961  0.021942   0.292768 f
  candidates_i/n1095 (net)                      1     0.003011            0.000000   0.292768 f
  candidates_i/U7441/A (NOR3X1)                                 0.012961  0.000000   0.292768 f
  candidates_i/U7441/Y (NOR3X1)                                 0.049823  0.047920   0.340688 r
  candidates_i/n6608 (net)                      1     0.002027            0.000000   0.340688 r
  candidates_i/U7442/B (NAND2X1)                                0.049823  0.000000   0.340688 r
  candidates_i/U7442/Y (NAND2X1)                                0.020724  0.025520   0.366207 f
  candidates_i/n6626 (net)                      1     0.003067            0.000000   0.366207 f
  candidates_i/U7457/B (NOR3X1)                                 0.020724  0.000000   0.366207 f
  candidates_i/U7457/Y (NOR3X1)                                 0.066282  0.051260   0.417468 r
  candidates_i/N1900 (net)                      2     0.005509            0.000000   0.417468 r
  candidates_i/U2226/C (NAND3X1)                                0.066282  0.000000   0.417468 r
  candidates_i/U2226/Y (NAND3X1)                                0.011668  0.022514   0.439982 f
  candidates_i/n3271 (net)                      1     0.001763            0.000000   0.439982 f
  candidates_i/U411/A (AND2X2)                                  0.011668  0.000000   0.439982 f
  candidates_i/U411/Y (AND2X2)                                  0.000000  0.034082   0.474064 f
  candidates_i/n3270 (net)                      1     0.002832            0.000000   0.474064 f
  candidates_i/U2224/C (NAND3X1)                                0.000000  0.000000   0.474064 f
  candidates_i/U2224/Y (NAND3X1)                                0.040765  0.029765   0.503829 r
  candidates_i/n3260 (net)                      1     0.003021            0.000000   0.503829 r
  candidates_i/U2216/A (NOR3X1)                                 0.040765  0.000000   0.503829 r
  candidates_i/U2216/Y (NOR3X1)                                 0.025983  0.041275   0.545104 f
  candidates_i/n3259 (net)                      1     0.001944            0.000000   0.545104 f
  candidates_i/U2215/B (NAND2X1)                                0.025983  0.000000   0.545104 f
  candidates_i/U2215/Y (NAND2X1)                                0.041583  0.022750   0.567854 r
  candidates_i/n2585 (net)                      2     0.003843            0.000000   0.567854 r
  candidates_i/U4568/A (INVX1)                                  0.041583  0.000000   0.567854 r
  candidates_i/U4568/Y (INVX1)                                  0.013966  0.027337   0.595191 f
  candidates_i/eligible[15] (net)               2     0.003692            0.000000   0.595191 f
  candidates_i/U4498/B (AND2X2)                                 0.013966  0.000000   0.595191 f
  candidates_i/U4498/Y (AND2X2)                                 0.009692  0.046430   0.641621 f
  candidates_i/n2325 (net)                      4     0.010080            0.000000   0.641621 f
  candidates_i/U1337/A (NAND3X1)                                0.009692  0.000000   0.641621 f
  candidates_i/U1337/Y (NAND3X1)                                0.038400  0.037105   0.678726 r
  candidates_i/n2354 (net)                      1     0.002548            0.000000   0.678726 r
  candidates_i/U1333/A (NAND3X1)                                0.038400  0.000000   0.678726 r
  candidates_i/U1333/Y (NAND3X1)                                0.017857  0.022887   0.701614 f
  candidates_i/n2347 (net)                      1     0.003011            0.000000   0.701614 f
  candidates_i/U1326/A (NOR3X1)                                 0.017857  0.000000   0.701614 f
  candidates_i/U1326/Y (NOR3X1)                                 0.048284  0.047831   0.749445 r
  candidates_i/n2333 (net)                      1     0.001798            0.000000   0.749445 r
  candidates_i/U2837/A (AND2X2)                                 0.048284  0.000000   0.749445 r
  candidates_i/U2837/Y (AND2X2)                                 0.017078  0.038747   0.788192 r
  candidates_i/n160 (net)                       1     0.005080            0.000000   0.788192 r
  candidates_i/U2690/A (INVX4)                                  0.017078  0.000000   0.788192 r
  candidates_i/U2690/Y (INVX4)                                  0.019785  0.032448   0.820640 f
  candidates_i/n2292 (net)                     16     0.029742            0.000000   0.820640 f
  candidates_i/U4063/B (AND2X2)                                 0.019785  0.000000   0.820640 f
  candidates_i/U4063/Y (AND2X2)                                 0.003984  0.038896   0.859536 f
  candidates_i/n2308 (net)                      1     0.001476            0.000000   0.859536 f
  candidates_i/U4064/A (INVX1)                                  0.003984  0.000000   0.859536 f
  candidates_i/U4064/Y (INVX1)                                  0.000000  0.001155   0.860691 r
  candidates_i/n1140 (net)                      1     0.002961            0.000000   0.860691 r
  candidates_i/U1289/C (NAND3X1)                                0.000000  0.000000   0.860691 r
  candidates_i/U1289/Y (NAND3X1)                                0.015678  0.006604   0.867296 f
  candidates_i/n2079 (net)                      1     0.001504            0.000000   0.867296 f
  candidates_i/U4062/A (BUFX2)                                  0.015678  0.000000   0.867296 f
  candidates_i/U4062/Y (BUFX2)                                  0.020962  0.047560   0.914856 f
  candidates_i/n1139 (net)                      3     0.015249            0.000000   0.914856 f
  candidates_i/U3208/A (INVX8)                                  0.020962  0.000000   0.914856 f
  candidates_i/U3208/Y (INVX8)                                  0.022124  0.028643   0.943499 r
  candidates_i/n7963 (net)                     15     0.042615            0.000000   0.943499 r
  candidates_i/U1194/A (AOI22X1)                                0.022124  0.000000   0.943499 r
  candidates_i/U1194/Y (AOI22X1)                                0.034219  0.034529   0.978028 f
  candidates_i/n2199 (net)                      1     0.001820            0.000000   0.978028 f
  candidates_i/U281/B (AND2X2)                                  0.034219  0.000000   0.978028 f
  candidates_i/U281/Y (AND2X2)                                  0.003411  0.043344   1.021371 f
  candidates_i/n2197 (net)                      1     0.001944            0.000000   1.021371 f
  candidates_i/U3083/B (NAND2X1)                                0.003411  0.000000   1.021371 f
  candidates_i/U3083/Y (NAND2X1)                                0.032247  0.008231   1.029602 r
  candidates_i/n304 (net)                       1     0.001551            0.000000   1.029602 r
  candidates_i/U3085/A (INVX1)                                  0.032247  0.000000   1.029602 r
  candidates_i/U3085/Y (INVX1)                                  0.009207  0.021108   1.050710 f
  candidates_i/n305 (net)                       1     0.001884            0.000000   1.050710 f
  candidates_i/U3084/A (NAND2X1)                                0.009207  0.000000   1.050710 f
  candidates_i/U3084/Y (NAND2X1)                                0.035913  0.026380   1.077090 r
  candidates_i/n2194 (net)                      1     0.002365            0.000000   1.077090 r
  candidates_i/U1192/B (NOR2X1)                                 0.035913  0.000000   1.077090 r
  candidates_i/U1192/Y (NOR2X1)                                 0.000602  0.017558   1.094648 f
  candidates_i/n1588 (net)                      1     0.001476            0.000000   1.094648 f
  candidates_i/U2976/A (INVX1)                                  0.000602  0.000000   1.094648 f
  candidates_i/U2976/Y (INVX1)                                  0.000000  -0.004620  1.090027 r
  candidates_i/n227 (net)                       1     0.001551            0.000000   1.090027 r
  candidates_i/U2977/A (INVX1)                                  0.000000  0.000000   1.090027 r
  candidates_i/U2977/Y (INVX1)                                  0.021962  0.019592   1.109620 f
  candidates_i/n228 (net)                       2     0.005397            0.000000   1.109620 f
  candidates_i/U1191/C (NAND3X1)                                0.021962  0.000000   1.109620 f
  candidates_i/U1191/Y (NAND3X1)                                0.036164  0.032268   1.141888 r
  candidates_i/n2192 (net)                      1     0.002010            0.000000   1.141888 r
  candidates_i/U1190/C (OAI21X1)                                0.036164  0.000000   1.141888 r
  candidates_i/U1190/Y (OAI21X1)                                0.005749  0.019972   1.161860 f
  candidates_i/n2165 (net)                      1     0.001820            0.000000   1.161860 f
  candidates_i/U3086/B (AND2X2)                                 0.005749  0.000000   1.161860 f
  candidates_i/U3086/Y (AND2X2)                                 0.000000  0.035833   1.197692 f
  candidates_i/n306 (net)                       1     0.002209            0.000000   1.197692 f
  candidates_i/U3088/A (NOR2X1)                                 0.000000  0.000000   1.197692 f
  candidates_i/U3088/Y (NOR2X1)                                 0.027765  0.027069   1.224761 r
  candidates_i/n2164 (net)                      1     0.002386            0.000000   1.224761 r
  candidates_i/U1166/C (AOI21X1)                                0.027765  0.000000   1.224761 r
  candidates_i/U1166/Y (AOI21X1)                                0.015757  0.016950   1.241711 f
  candidates_i/n2163 (net)                      1     0.002312            0.000000   1.241711 f
  candidates_i/U1165/C (AOI21X1)                                0.015757  0.000000   1.241711 f
  candidates_i/U1165/Y (AOI21X1)                                0.029885  0.021554   1.263266 r
  candidates_i/n2148 (net)                      1     0.002832            0.000000   1.263266 r
  candidates_i/U1153/B (OAI21X1)                                0.029885  0.000000   1.263266 r
  candidates_i/U1153/Y (OAI21X1)                                0.002880  0.019235   1.282500 f
  candidates_i/n2133 (net)                      1     0.001884            0.000000   1.282500 f
  candidates_i/U1141/A (NAND2X1)                                0.002880  0.000000   1.282500 f
  candidates_i/U1141/Y (NAND2X1)                                0.033834  0.023336   1.305836 r
  candidates_i/n2132 (net)                      1     0.002027            0.000000   1.305836 r
  candidates_i/U1140/B (NAND2X1)                                0.033834  0.000000   1.305836 r
  candidates_i/U1140/Y (NAND2X1)                                0.021135  0.021137   1.326973 f
  candidates_i/n2103 (net)                      1     0.002566            0.000000   1.326973 f
  candidates_i/U1116/A (AOI21X1)                                0.021135  0.000000   1.326973 f
  candidates_i/U1116/Y (AOI21X1)                                0.029932  0.040723   1.367697 r
  candidates_i/n2088 (net)                      1     0.002832            0.000000   1.367697 r
  candidates_i/U1104/B (OAI21X1)                                0.029932  0.000000   1.367697 r
  candidates_i/U1104/Y (OAI21X1)                                0.013029  0.026320   1.394016 f
  candidates_i/candidate_slots[12] (net)        3     0.005912            0.000000   1.394016 f
  candidates_i/candidate_slots[12] (mc_candidates_Q_DEPTH16_ROW_W8_COL_W6)
                                                                          0.000000   1.394016 f
  candidate_slots[12] (net)                           0.005912            0.000000   1.394016 f
  frfcfs.scheduler_i/candidate_slots[12] (mc_scheduler_frfcfs_Q_DEPTH16_ADDR_W16_AGE_LIMIT128_AGING_ENABLE0)
                                                                          0.000000   1.394016 f
  frfcfs.scheduler_i/N596 (net)                       0.005912            0.000000   1.394016 f
  frfcfs.scheduler_i/U141/A (AND2X2)                            0.013029  0.000000   1.394016 f
  frfcfs.scheduler_i/U141/Y (AND2X2)                            0.000000  0.034552   1.428568 f
  frfcfs.scheduler_i/n870 (net)                 2     0.002952            0.000000   1.428568 f
  frfcfs.scheduler_i/U706/A (INVX1)                             0.000000  0.000000   1.428568 f
  frfcfs.scheduler_i/U706/Y (INVX1)                             0.000000  0.006194   1.434762 r
  frfcfs.scheduler_i/n62 (net)                  2     0.004949            0.000000   1.434762 r
  frfcfs.scheduler_i/U97/A (OR2X1)                              0.000000  0.000000   1.434762 r
  frfcfs.scheduler_i/U97/Y (OR2X1)                              0.022030  0.037764   1.472527 r
  frfcfs.scheduler_i/n856 (net)                 1     0.002010            0.000000   1.472527 r
  frfcfs.scheduler_i/U954/C (OAI21X1)                           0.022030  0.000000   1.472527 r
  frfcfs.scheduler_i/U954/Y (OAI21X1)                           0.011062  0.017974   1.490501 f
  frfcfs.scheduler_i/n859 (net)                 1     0.003011            0.000000   1.490501 f
  frfcfs.scheduler_i/U958/A (NOR3X1)                            0.011062  0.000000   1.490501 f
  frfcfs.scheduler_i/U958/Y (NOR3X1)                            0.053891  0.050387   1.540888 r
  frfcfs.scheduler_i/n865 (net)                 1     0.002832            0.000000   1.540888 r
  frfcfs.scheduler_i/U963/B (OAI21X1)                           0.053891  0.000000   1.540888 r
  frfcfs.scheduler_i/U963/Y (OAI21X1)                           0.006902  0.024434   1.565322 f
  frfcfs.scheduler_i/n880 (net)                 1     0.001884            0.000000   1.565322 f
  frfcfs.scheduler_i/U973/A (NAND2X1)                           0.006902  0.000000   1.565322 f
  frfcfs.scheduler_i/U973/Y (NAND2X1)                           0.040856  0.028929   1.594251 r
  frfcfs.scheduler_i/N1530 (net)                2     0.003420            0.000000   1.594251 r
  frfcfs.scheduler_i/U154/B (AND2X2)                            0.040856  0.000000   1.594251 r
  frfcfs.scheduler_i/U154/Y (AND2X2)                            0.013628  0.035744   1.629995 r
  frfcfs.scheduler_i/n17 (net)                  2     0.003739            0.000000   1.629995 r
  frfcfs.scheduler_i/U179/B (AND2X2)                            0.013628  0.000000   1.629995 r
  frfcfs.scheduler_i/U179/Y (AND2X2)                            0.012028  0.034322   1.664317 r
  frfcfs.scheduler_i/n695 (net)                 2     0.003667            0.000000   1.664317 r
  frfcfs.scheduler_i/U172/A (AND2X2)                            0.012028  0.000000   1.664317 r
  frfcfs.scheduler_i/U172/Y (AND2X2)                            0.015886  0.038116   1.702433 r
  frfcfs.scheduler_i/n28 (net)                  2     0.005633            0.000000   1.702433 r
  frfcfs.scheduler_i/U635/A (AOI22X1)                           0.015886  0.000000   1.702433 r
  frfcfs.scheduler_i/U635/Y (AOI22X1)                           0.034505  0.033288   1.735721 f
  frfcfs.scheduler_i/n675 (net)                 1     0.001820            0.000000   1.735721 f
  frfcfs.scheduler_i/U690/B (AND2X2)                            0.034505  0.000000   1.735721 f
  frfcfs.scheduler_i/U690/Y (AND2X2)                            0.002830  0.042920   1.778641 f
  frfcfs.scheduler_i/n614 (net)                 1     0.001476            0.000000   1.778641 f
  frfcfs.scheduler_i/U693/A (INVX1)                             0.002830  0.000000   1.778641 f
  frfcfs.scheduler_i/U693/Y (INVX1)                             0.000000  0.007091   1.785732 r
  frfcfs.scheduler_i/n57 (net)                  2     0.004916            0.000000   1.785732 r
  frfcfs.scheduler_i/U633/D (AOI22X1)                           0.000000  0.000000   1.785732 r
  frfcfs.scheduler_i/U633/Y (AOI22X1)                           0.034495  0.011610   1.797341 f
  frfcfs.scheduler_i/n656 (net)                 1     0.001763            0.000000   1.797341 f
  frfcfs.scheduler_i/U85/A (AND2X2)                             0.034495  0.000000   1.797341 f
  frfcfs.scheduler_i/U85/Y (AND2X2)                             0.004806  0.039796   1.837138 f
  frfcfs.scheduler_i/n655 (net)                 1     0.002832            0.000000   1.837138 f
  frfcfs.scheduler_i/U623/C (NAND3X1)                           0.004806  0.000000   1.837138 f
  frfcfs.scheduler_i/U623/Y (NAND3X1)                           0.036583  0.028728   1.865866 r
  frfcfs.scheduler_i/n652 (net)                 1     0.002283            0.000000   1.865866 r
  frfcfs.scheduler_i/U701/B (OR2X2)                             0.036583  0.000000   1.865866 r
  frfcfs.scheduler_i/U701/Y (OR2X2)                             0.028943  0.058529   1.924395 r
  frfcfs.scheduler_i/n608 (net)                 1     0.010083            0.000000   1.924395 r
  frfcfs.scheduler_i/U169/A (INVX8)                             0.028943  0.000000   1.924395 r
  frfcfs.scheduler_i/U169/Y (INVX8)                             0.019673  0.029316   1.953711 f
  frfcfs.scheduler_i/n59 (net)                 16     0.041161            0.000000   1.953711 f
  frfcfs.scheduler_i/U614/A (OAI21X1)                           0.019673  0.000000   1.953711 f
  frfcfs.scheduler_i/U614/Y (OAI21X1)                           0.043704  0.045509   1.999220 r
  frfcfs.scheduler_i/n638 (net)                 1     0.002655            0.000000   1.999220 r
  frfcfs.scheduler_i/U150/A (INVX2)                             0.043704  0.000000   1.999220 r
  frfcfs.scheduler_i/U150/Y (INVX2)                             0.018444  0.023918   2.023138 f
  frfcfs.scheduler_i/n928 (net)                 2     0.005358            0.000000   2.023138 f
  frfcfs.scheduler_i/U148/A (BUFX2)                             0.018444  0.000000   2.023138 f
  frfcfs.scheduler_i/U148/Y (BUFX2)                             0.002920  0.034118   2.057256 f
  frfcfs.scheduler_i/n14 (net)                  1     0.001820            0.000000   2.057256 f
  frfcfs.scheduler_i/U776/B (AND2X2)                            0.002920  0.000000   2.057256 f
  frfcfs.scheduler_i/U776/Y (AND2X2)                            0.008083  0.035058   2.092314 f
  frfcfs.scheduler_i/n216 (net)                 1     0.002209            0.000000   2.092314 f
  frfcfs.scheduler_i/U778/A (NOR2X1)                            0.008083  0.000000   2.092314 f
  frfcfs.scheduler_i/U778/Y (NOR2X1)                            0.029272  0.029479   2.121793 r
  frfcfs.scheduler_i/n206 (net)                 1     0.002548            0.000000   2.121793 r
  frfcfs.scheduler_i/U245/A (NAND3X1)                           0.029272  0.000000   2.121793 r
  frfcfs.scheduler_i/U245/Y (NAND3X1)                           0.014126  0.019184   2.140977 f
  frfcfs.scheduler_i/n199 (net)                 1     0.001504            0.000000   2.140977 f
  frfcfs.scheduler_i/U764/A (BUFX2)                             0.014126  0.000000   2.140977 f
  frfcfs.scheduler_i/U764/Y (BUFX2)                             0.002687  0.033740   2.174716 f
  frfcfs.scheduler_i/n109 (net)                 1     0.002297            0.000000   2.174716 f
  frfcfs.scheduler_i/U975/B (NOR2X1)                            0.002687  0.000000   2.174716 f
  frfcfs.scheduler_i/U975/Y (NOR2X1)                            0.026701  0.025724   2.200440 r
  frfcfs.scheduler_i/n886 (net)                 1     0.001869            0.000000   2.200440 r
  frfcfs.scheduler_i/U8/B (AND2X2)                              0.026701  0.000000   2.200440 r
  frfcfs.scheduler_i/U8/Y (AND2X2)                              0.016691  0.037608   2.238049 r
  frfcfs.scheduler_i/n121 (net)                 2     0.005399            0.000000   2.238049 r
  frfcfs.scheduler_i/U976/A (NAND2X1)                           0.016691  0.000000   2.238049 r
  frfcfs.scheduler_i/U976/Y (NAND2X1)                           0.021462  0.013252   2.251301 f
  frfcfs.scheduler_i/n197 (net)                 1     0.001924            0.000000   2.251301 f
  frfcfs.scheduler_i/U237/C (OAI21X1)                           0.021462  0.000000   2.251301 f
  frfcfs.scheduler_i/U237/Y (OAI21X1)                           0.045206  0.023956   2.275257 r
  frfcfs.scheduler_i/n192 (net)                 1     0.002764            0.000000   2.275257 r
  frfcfs.scheduler_i/U236/B (AOI22X1)                           0.045206  0.000000   2.275257 r
  frfcfs.scheduler_i/U236/Y (AOI22X1)                           0.035541  0.036110   2.311367 f
  frfcfs.scheduler_i/n191 (net)                 1     0.002312            0.000000   2.311367 f
  frfcfs.scheduler_i/U235/C (AOI21X1)                           0.035541  0.000000   2.311367 f
  frfcfs.scheduler_i/U235/Y (AOI21X1)                           0.027785  0.025641   2.337008 r
  frfcfs.scheduler_i/n189 (net)                 1     0.002386            0.000000   2.337008 r
  frfcfs.scheduler_i/U234/C (AOI21X1)                           0.027785  0.000000   2.337008 r
  frfcfs.scheduler_i/U234/Y (AOI21X1)                           0.017334  0.017616   2.354624 f
  frfcfs.scheduler_i/n187 (net)                 1     0.002632            0.000000   2.354624 f
  frfcfs.scheduler_i/U233/B (OAI21X1)                           0.017334  0.000000   2.354624 f
  frfcfs.scheduler_i/U233/Y (OAI21X1)                           0.043446  0.043026   2.397650 r
  frfcfs.scheduler_i/n184 (net)                 1     0.002741            0.000000   2.397650 r
  frfcfs.scheduler_i/U232/A (AOI21X1)                           0.043446  0.000000   2.397650 r
  frfcfs.scheduler_i/U232/Y (AOI21X1)                           0.017866  0.024379   2.422029 f
  frfcfs.scheduler_i/n182 (net)                 1     0.002632            0.000000   2.422029 f
  frfcfs.scheduler_i/U231/B (OAI21X1)                           0.017866  0.000000   2.422029 f
  frfcfs.scheduler_i/U231/Y (OAI21X1)                           0.041910  0.041126   2.463156 r
  frfcfs.scheduler_i/n179 (net)                 1     0.002111            0.000000   2.463156 r
  frfcfs.scheduler_i/U230/A (NAND2X1)                           0.041910  0.000000   2.463156 r
  frfcfs.scheduler_i/U230/Y (NAND2X1)                           0.020367  0.018469   2.481625 f
  frfcfs.scheduler_i/n178 (net)                 1     0.001820            0.000000   2.481625 f
  frfcfs.scheduler_i/U712/B (AND2X2)                            0.020367  0.000000   2.481625 f
  frfcfs.scheduler_i/U712/Y (AND2X2)                            0.003884  0.042904   2.524529 f
  frfcfs.scheduler_i/n1000 (net)                1     0.005092            0.000000   2.524529 f
  frfcfs.scheduler_i/U249/A (INVX4)                             0.003884  0.000000   2.524529 f
  frfcfs.scheduler_i/U249/Y (INVX4)                             0.000000  0.015610   2.540138 r
  frfcfs.scheduler_i/select_slot[0] (net)       3     0.009498            0.000000   2.540138 r
  frfcfs.scheduler_i/select_slot[0] (mc_scheduler_frfcfs_Q_DEPTH16_ADDR_W16_AGE_LIMIT128_AGING_ENABLE0)
                                                                          0.000000   2.540138 r
  select_slot[0] (net)                                0.009498            0.000000   2.540138 r
  U487/A (BUFX4)                                                0.000000  0.000000   2.540138 r
  U487/Y (BUFX4)                                                0.023542  0.033272   2.573410 r
  n483 (net)                                    9     0.017107            0.000000   2.573410 r
  U766/A (AND2X2)                                               0.023542  0.000000   2.573410 r
  U766/Y (AND2X2)                                               0.019786  0.041179   2.614590 r
  n479 (net)                                    4     0.007308            0.000000   2.614590 r
  U369/A (INVX2)                                                0.019786  0.000000   2.614590 r
  U369/Y (INVX2)                                                0.014447  0.028185   2.642775 f
  n137 (net)                                    7     0.010361            0.000000   2.642775 f
  U386/A (INVX1)                                                0.014447  0.000000   2.642775 f
  U386/Y (INVX1)                                                0.000000  0.005324   2.648099 r
  n155 (net)                                    2     0.003102            0.000000   2.648099 r
  U402/A (INVX1)                                                0.000000  0.000000   2.648099 r
  U402/Y (INVX1)                                                0.026260  0.022547   2.670646 f
  n171 (net)                                    3     0.006837            0.000000   2.670646 f
  U193/B (OR2X2)                                                0.026260  0.000000   2.670646 f
  U193/Y (OR2X2)                                                0.006827  0.048777   2.719423 f
  n1196 (net)                                   1     0.001924            0.000000   2.719423 f
  U1444/C (OAI21X1)                                             0.006827  0.000000   2.719423 f
  U1444/Y (OAI21X1)                                             0.042353  0.017997   2.737420 r
  n1199 (net)                                   1     0.002424            0.000000   2.737420 r
  U72/B (OR2X1)                                                 0.042353  0.000000   2.737420 r
  U72/Y (OR2X1)                                                 0.023855  0.053469   2.790890 r
  n1204 (net)                                   1     0.003063            0.000000   2.790890 r
  U1448/B (NOR3X1)                                              0.023855  0.000000   2.790890 r
  U1448/Y (NOR3X1)                                              0.028011  0.029058   2.819948 f
  n1215 (net)                                   1     0.002569            0.000000   2.819948 f
  U1454/B (MUX2X1)                                              0.028011  0.000000   2.819948 f
  U1454/Y (MUX2X1)                                              0.042639  0.051433   2.871381 r
  n1216 (net)                                   1     0.002655            0.000000   2.871381 r
  U489/A (INVX2)                                                0.042639  0.000000   2.871381 r
  U489/Y (INVX2)                                                0.022843  0.028260   2.899641 f
  cmd_wdata[1] (net)                            1     0.010000            0.000000   2.899641 f
  cmd_wdata[1] (out)                                            0.022843  0.000000   2.899641 f
  data arrival time                                                                  2.899641

  clock core_clk (rise edge)                                              4.000000   4.000000
  clock network delay (ideal)                                             0.000000   4.000000
  clock uncertainty                                                       -0.100000  3.900000
  output external delay                                                   -1.000000  2.900000
  data required time                                                                 2.900000
  ----------------------------------------------------------------------------------------------
  data required time                                                                 2.900000
  data arrival time                                                                  -2.899641
  ----------------------------------------------------------------------------------------------
  slack (MET)                                                                        0.000359


  Startpoint: table_i/addresses_reg[247]
              (rising edge-triggered flip-flop clocked by core_clk)
  Endpoint: cmd_wdata[7]
            (output port clocked by core_clk)
  Path Group: core_clk
  Path Type: max

  Point                                       Fanout       Cap     Trans      Incr       Path
  ----------------------------------------------------------------------------------------------
  clock core_clk (rise edge)                                              0.000000   0.000000
  clock network delay (ideal)                                             0.000000   0.000000
  table_i/addresses_reg[247]/CLK (DFFPOSX1)                     0.000000  0.000000 # 0.000000 r
  table_i/addresses_reg[247]/Q (DFFPOSX1)                       0.044101  0.121169   0.121169 f
  table_i/addresses[247] (net)                  6     0.020716            0.000000   0.121169 f
  table_i/addresses[247] (mc_transaction_table_Q_DEPTH16_ADDR_W16_DATA_W32_TAG_W8_READ_LATENCY3_AGE_LIMIT128)
                                                                          0.000000   0.121169 f
  addresses[247] (net)                                0.020716            0.000000   0.121169 f
  candidates_i/addresses[247] (mc_candidates_Q_DEPTH16_ROW_W8_COL_W6)     0.000000   0.121169 f
  candidates_i/addresses[247] (net)                   0.020716            0.000000   0.121169 f
  candidates_i/U3191/A (INVX4)                                  0.044101  0.000000   0.121169 f
  candidates_i/U3191/Y (INVX4)                                  0.021212  0.028111   0.149280 r
  candidates_i/n3963 (net)                      2     0.011634            0.000000   0.149280 r
  candidates_i/U3190/A (INVX8)                                  0.021212  0.000000   0.149280 r
  candidates_i/U3190/Y (INVX8)                                  0.021575  0.032788   0.182068 f
  candidates_i/n3961 (net)                     12     0.060199            0.000000   0.182068 f
  candidates_i/U7438/B (XNOR2X1)                                0.021575  0.000000   0.182068 f
  candidates_i/U7438/Y (XNOR2X1)                                0.038993  0.050304   0.232372 r
  candidates_i/n6603 (net)                      1     0.002343            0.000000   0.232372 r
  candidates_i/U553/B (AND2X1)                                  0.038993  0.000000   0.232372 r
  candidates_i/U553/Y (AND2X1)                                  0.026796  0.038454   0.270826 r
  candidates_i/n6607 (net)                      1     0.001551            0.000000   0.270826 r
  candidates_i/U4005/A (INVX1)                                  0.026796  0.000000   0.270826 r
  candidates_i/U4005/Y (INVX1)                                  0.012961  0.021942   0.292768 f
  candidates_i/n1095 (net)                      1     0.003011            0.000000   0.292768 f
  candidates_i/U7441/A (NOR3X1)                                 0.012961  0.000000   0.292768 f
  candidates_i/U7441/Y (NOR3X1)                                 0.049823  0.047920   0.340688 r
  candidates_i/n6608 (net)                      1     0.002027            0.000000   0.340688 r
  candidates_i/U7442/B (NAND2X1)                                0.049823  0.000000   0.340688 r
  candidates_i/U7442/Y (NAND2X1)                                0.020724  0.025520   0.366207 f
  candidates_i/n6626 (net)                      1     0.003067            0.000000   0.366207 f
  candidates_i/U7457/B (NOR3X1)                                 0.020724  0.000000   0.366207 f
  candidates_i/U7457/Y (NOR3X1)                                 0.066282  0.051260   0.417468 r
  candidates_i/N1900 (net)                      2     0.005509            0.000000   0.417468 r
  candidates_i/U2226/C (NAND3X1)                                0.066282  0.000000   0.417468 r
  candidates_i/U2226/Y (NAND3X1)                                0.011668  0.022514   0.439982 f
  candidates_i/n3271 (net)                      1     0.001763            0.000000   0.439982 f
  candidates_i/U411/A (AND2X2)                                  0.011668  0.000000   0.439982 f
  candidates_i/U411/Y (AND2X2)                                  0.000000  0.034082   0.474064 f
  candidates_i/n3270 (net)                      1     0.002832            0.000000   0.474064 f
  candidates_i/U2224/C (NAND3X1)                                0.000000  0.000000   0.474064 f
  candidates_i/U2224/Y (NAND3X1)                                0.040765  0.029765   0.503829 r
  candidates_i/n3260 (net)                      1     0.003021            0.000000   0.503829 r
  candidates_i/U2216/A (NOR3X1)                                 0.040765  0.000000   0.503829 r
  candidates_i/U2216/Y (NOR3X1)                                 0.025983  0.041275   0.545104 f
  candidates_i/n3259 (net)                      1     0.001944            0.000000   0.545104 f
  candidates_i/U2215/B (NAND2X1)                                0.025983  0.000000   0.545104 f
  candidates_i/U2215/Y (NAND2X1)                                0.041583  0.022750   0.567854 r
  candidates_i/n2585 (net)                      2     0.003843            0.000000   0.567854 r
  candidates_i/U4568/A (INVX1)                                  0.041583  0.000000   0.567854 r
  candidates_i/U4568/Y (INVX1)                                  0.013966  0.027337   0.595191 f
  candidates_i/eligible[15] (net)               2     0.003692            0.000000   0.595191 f
  candidates_i/U4498/B (AND2X2)                                 0.013966  0.000000   0.595191 f
  candidates_i/U4498/Y (AND2X2)                                 0.009692  0.046430   0.641621 f
  candidates_i/n2325 (net)                      4     0.010080            0.000000   0.641621 f
  candidates_i/U1337/A (NAND3X1)                                0.009692  0.000000   0.641621 f
  candidates_i/U1337/Y (NAND3X1)                                0.038400  0.037105   0.678726 r
  candidates_i/n2354 (net)                      1     0.002548            0.000000   0.678726 r
  candidates_i/U1333/A (NAND3X1)                                0.038400  0.000000   0.678726 r
  candidates_i/U1333/Y (NAND3X1)                                0.017857  0.022887   0.701614 f
  candidates_i/n2347 (net)                      1     0.003011            0.000000   0.701614 f
  candidates_i/U1326/A (NOR3X1)                                 0.017857  0.000000   0.701614 f
  candidates_i/U1326/Y (NOR3X1)                                 0.048284  0.047831   0.749445 r
  candidates_i/n2333 (net)                      1     0.001798            0.000000   0.749445 r
  candidates_i/U2837/A (AND2X2)                                 0.048284  0.000000   0.749445 r
  candidates_i/U2837/Y (AND2X2)                                 0.017078  0.038747   0.788192 r
  candidates_i/n160 (net)                       1     0.005080            0.000000   0.788192 r
  candidates_i/U2690/A (INVX4)                                  0.017078  0.000000   0.788192 r
  candidates_i/U2690/Y (INVX4)                                  0.019785  0.032448   0.820640 f
  candidates_i/n2292 (net)                     16     0.029742            0.000000   0.820640 f
  candidates_i/U4063/B (AND2X2)                                 0.019785  0.000000   0.820640 f
  candidates_i/U4063/Y (AND2X2)                                 0.003984  0.038896   0.859536 f
  candidates_i/n2308 (net)                      1     0.001476            0.000000   0.859536 f
  candidates_i/U4064/A (INVX1)                                  0.003984  0.000000   0.859536 f
  candidates_i/U4064/Y (INVX1)                                  0.000000  0.001155   0.860691 r
  candidates_i/n1140 (net)                      1     0.002961            0.000000   0.860691 r
  candidates_i/U1289/C (NAND3X1)                                0.000000  0.000000   0.860691 r
  candidates_i/U1289/Y (NAND3X1)                                0.015678  0.006604   0.867296 f
  candidates_i/n2079 (net)                      1     0.001504            0.000000   0.867296 f
  candidates_i/U4062/A (BUFX2)                                  0.015678  0.000000   0.867296 f
  candidates_i/U4062/Y (BUFX2)                                  0.020962  0.047560   0.914856 f
  candidates_i/n1139 (net)                      3     0.015249            0.000000   0.914856 f
  candidates_i/U3208/A (INVX8)                                  0.020962  0.000000   0.914856 f
  candidates_i/U3208/Y (INVX8)                                  0.022124  0.028643   0.943499 r
  candidates_i/n7963 (net)                     15     0.042615            0.000000   0.943499 r
  candidates_i/U1194/A (AOI22X1)                                0.022124  0.000000   0.943499 r
  candidates_i/U1194/Y (AOI22X1)                                0.034219  0.034529   0.978028 f
  candidates_i/n2199 (net)                      1     0.001820            0.000000   0.978028 f
  candidates_i/U281/B (AND2X2)                                  0.034219  0.000000   0.978028 f
  candidates_i/U281/Y (AND2X2)                                  0.003411  0.043344   1.021371 f
  candidates_i/n2197 (net)                      1     0.001944            0.000000   1.021371 f
  candidates_i/U3083/B (NAND2X1)                                0.003411  0.000000   1.021371 f
  candidates_i/U3083/Y (NAND2X1)                                0.032247  0.008231   1.029602 r
  candidates_i/n304 (net)                       1     0.001551            0.000000   1.029602 r
  candidates_i/U3085/A (INVX1)                                  0.032247  0.000000   1.029602 r
  candidates_i/U3085/Y (INVX1)                                  0.009207  0.021108   1.050710 f
  candidates_i/n305 (net)                       1     0.001884            0.000000   1.050710 f
  candidates_i/U3084/A (NAND2X1)                                0.009207  0.000000   1.050710 f
  candidates_i/U3084/Y (NAND2X1)                                0.035913  0.026380   1.077090 r
  candidates_i/n2194 (net)                      1     0.002365            0.000000   1.077090 r
  candidates_i/U1192/B (NOR2X1)                                 0.035913  0.000000   1.077090 r
  candidates_i/U1192/Y (NOR2X1)                                 0.000602  0.017558   1.094648 f
  candidates_i/n1588 (net)                      1     0.001476            0.000000   1.094648 f
  candidates_i/U2976/A (INVX1)                                  0.000602  0.000000   1.094648 f
  candidates_i/U2976/Y (INVX1)                                  0.000000  -0.004620  1.090027 r
  candidates_i/n227 (net)                       1     0.001551            0.000000   1.090027 r
  candidates_i/U2977/A (INVX1)                                  0.000000  0.000000   1.090027 r
  candidates_i/U2977/Y (INVX1)                                  0.021962  0.019592   1.109620 f
  candidates_i/n228 (net)                       2     0.005397            0.000000   1.109620 f
  candidates_i/U1191/C (NAND3X1)                                0.021962  0.000000   1.109620 f
  candidates_i/U1191/Y (NAND3X1)                                0.036164  0.032268   1.141888 r
  candidates_i/n2192 (net)                      1     0.002010            0.000000   1.141888 r
  candidates_i/U1190/C (OAI21X1)                                0.036164  0.000000   1.141888 r
  candidates_i/U1190/Y (OAI21X1)                                0.005749  0.019972   1.161860 f
  candidates_i/n2165 (net)                      1     0.001820            0.000000   1.161860 f
  candidates_i/U3086/B (AND2X2)                                 0.005749  0.000000   1.161860 f
  candidates_i/U3086/Y (AND2X2)                                 0.000000  0.035833   1.197692 f
  candidates_i/n306 (net)                       1     0.002209            0.000000   1.197692 f
  candidates_i/U3088/A (NOR2X1)                                 0.000000  0.000000   1.197692 f
  candidates_i/U3088/Y (NOR2X1)                                 0.027765  0.027069   1.224761 r
  candidates_i/n2164 (net)                      1     0.002386            0.000000   1.224761 r
  candidates_i/U1166/C (AOI21X1)                                0.027765  0.000000   1.224761 r
  candidates_i/U1166/Y (AOI21X1)                                0.015757  0.016950   1.241711 f
  candidates_i/n2163 (net)                      1     0.002312            0.000000   1.241711 f
  candidates_i/U1165/C (AOI21X1)                                0.015757  0.000000   1.241711 f
  candidates_i/U1165/Y (AOI21X1)                                0.029885  0.021554   1.263266 r
  candidates_i/n2148 (net)                      1     0.002832            0.000000   1.263266 r
  candidates_i/U1153/B (OAI21X1)                                0.029885  0.000000   1.263266 r
  candidates_i/U1153/Y (OAI21X1)                                0.002880  0.019235   1.282500 f
  candidates_i/n2133 (net)                      1     0.001884            0.000000   1.282500 f
  candidates_i/U1141/A (NAND2X1)                                0.002880  0.000000   1.282500 f
  candidates_i/U1141/Y (NAND2X1)                                0.033834  0.023336   1.305836 r
  candidates_i/n2132 (net)                      1     0.002027            0.000000   1.305836 r
  candidates_i/U1140/B (NAND2X1)                                0.033834  0.000000   1.305836 r
  candidates_i/U1140/Y (NAND2X1)                                0.021135  0.021137   1.326973 f
  candidates_i/n2103 (net)                      1     0.002566            0.000000   1.326973 f
  candidates_i/U1116/A (AOI21X1)                                0.021135  0.000000   1.326973 f
  candidates_i/U1116/Y (AOI21X1)                                0.029932  0.040723   1.367697 r
  candidates_i/n2088 (net)                      1     0.002832            0.000000   1.367697 r
  candidates_i/U1104/B (OAI21X1)                                0.029932  0.000000   1.367697 r
  candidates_i/U1104/Y (OAI21X1)                                0.013029  0.026320   1.394016 f
  candidates_i/candidate_slots[12] (net)        3     0.005912            0.000000   1.394016 f
  candidates_i/candidate_slots[12] (mc_candidates_Q_DEPTH16_ROW_W8_COL_W6)
                                                                          0.000000   1.394016 f
  candidate_slots[12] (net)                           0.005912            0.000000   1.394016 f
  frfcfs.scheduler_i/candidate_slots[12] (mc_scheduler_frfcfs_Q_DEPTH16_ADDR_W16_AGE_LIMIT128_AGING_ENABLE0)
                                                                          0.000000   1.394016 f
  frfcfs.scheduler_i/N596 (net)                       0.005912            0.000000   1.394016 f
  frfcfs.scheduler_i/U141/A (AND2X2)                            0.013029  0.000000   1.394016 f
  frfcfs.scheduler_i/U141/Y (AND2X2)                            0.000000  0.034552   1.428568 f
  frfcfs.scheduler_i/n870 (net)                 2     0.002952            0.000000   1.428568 f
  frfcfs.scheduler_i/U706/A (INVX1)                             0.000000  0.000000   1.428568 f
  frfcfs.scheduler_i/U706/Y (INVX1)                             0.000000  0.006194   1.434762 r
  frfcfs.scheduler_i/n62 (net)                  2     0.004949            0.000000   1.434762 r
  frfcfs.scheduler_i/U97/A (OR2X1)                              0.000000  0.000000   1.434762 r
  frfcfs.scheduler_i/U97/Y (OR2X1)                              0.022030  0.037764   1.472527 r
  frfcfs.scheduler_i/n856 (net)                 1     0.002010            0.000000   1.472527 r
  frfcfs.scheduler_i/U954/C (OAI21X1)                           0.022030  0.000000   1.472527 r
  frfcfs.scheduler_i/U954/Y (OAI21X1)                           0.011062  0.017974   1.490501 f
  frfcfs.scheduler_i/n859 (net)                 1     0.003011            0.000000   1.490501 f
  frfcfs.scheduler_i/U958/A (NOR3X1)                            0.011062  0.000000   1.490501 f
  frfcfs.scheduler_i/U958/Y (NOR3X1)                            0.053891  0.050387   1.540888 r
  frfcfs.scheduler_i/n865 (net)                 1     0.002832            0.000000   1.540888 r
  frfcfs.scheduler_i/U963/B (OAI21X1)                           0.053891  0.000000   1.540888 r
  frfcfs.scheduler_i/U963/Y (OAI21X1)                           0.006902  0.024434   1.565322 f
  frfcfs.scheduler_i/n880 (net)                 1     0.001884            0.000000   1.565322 f
  frfcfs.scheduler_i/U973/A (NAND2X1)                           0.006902  0.000000   1.565322 f
  frfcfs.scheduler_i/U973/Y (NAND2X1)                           0.040856  0.028929   1.594251 r
  frfcfs.scheduler_i/N1530 (net)                2     0.003420            0.000000   1.594251 r
  frfcfs.scheduler_i/U154/B (AND2X2)                            0.040856  0.000000   1.594251 r
  frfcfs.scheduler_i/U154/Y (AND2X2)                            0.013628  0.035744   1.629995 r
  frfcfs.scheduler_i/n17 (net)                  2     0.003739            0.000000   1.629995 r
  frfcfs.scheduler_i/U179/B (AND2X2)                            0.013628  0.000000   1.629995 r
  frfcfs.scheduler_i/U179/Y (AND2X2)                            0.012028  0.034322   1.664317 r
  frfcfs.scheduler_i/n695 (net)                 2     0.003667            0.000000   1.664317 r
  frfcfs.scheduler_i/U172/A (AND2X2)                            0.012028  0.000000   1.664317 r
  frfcfs.scheduler_i/U172/Y (AND2X2)                            0.015886  0.038116   1.702433 r
  frfcfs.scheduler_i/n28 (net)                  2     0.005633            0.000000   1.702433 r
  frfcfs.scheduler_i/U635/A (AOI22X1)                           0.015886  0.000000   1.702433 r
  frfcfs.scheduler_i/U635/Y (AOI22X1)                           0.034505  0.033288   1.735721 f
  frfcfs.scheduler_i/n675 (net)                 1     0.001820            0.000000   1.735721 f
  frfcfs.scheduler_i/U690/B (AND2X2)                            0.034505  0.000000   1.735721 f
  frfcfs.scheduler_i/U690/Y (AND2X2)                            0.002830  0.042920   1.778641 f
  frfcfs.scheduler_i/n614 (net)                 1     0.001476            0.000000   1.778641 f
  frfcfs.scheduler_i/U693/A (INVX1)                             0.002830  0.000000   1.778641 f
  frfcfs.scheduler_i/U693/Y (INVX1)                             0.000000  0.007091   1.785732 r
  frfcfs.scheduler_i/n57 (net)                  2     0.004916            0.000000   1.785732 r
  frfcfs.scheduler_i/U633/D (AOI22X1)                           0.000000  0.000000   1.785732 r
  frfcfs.scheduler_i/U633/Y (AOI22X1)                           0.034495  0.011610   1.797341 f
  frfcfs.scheduler_i/n656 (net)                 1     0.001763            0.000000   1.797341 f
  frfcfs.scheduler_i/U85/A (AND2X2)                             0.034495  0.000000   1.797341 f
  frfcfs.scheduler_i/U85/Y (AND2X2)                             0.004806  0.039796   1.837138 f
  frfcfs.scheduler_i/n655 (net)                 1     0.002832            0.000000   1.837138 f
  frfcfs.scheduler_i/U623/C (NAND3X1)                           0.004806  0.000000   1.837138 f
  frfcfs.scheduler_i/U623/Y (NAND3X1)                           0.036583  0.028728   1.865866 r
  frfcfs.scheduler_i/n652 (net)                 1     0.002283            0.000000   1.865866 r
  frfcfs.scheduler_i/U701/B (OR2X2)                             0.036583  0.000000   1.865866 r
  frfcfs.scheduler_i/U701/Y (OR2X2)                             0.028943  0.058529   1.924395 r
  frfcfs.scheduler_i/n608 (net)                 1     0.010083            0.000000   1.924395 r
  frfcfs.scheduler_i/U169/A (INVX8)                             0.028943  0.000000   1.924395 r
  frfcfs.scheduler_i/U169/Y (INVX8)                             0.019673  0.029316   1.953711 f
  frfcfs.scheduler_i/n59 (net)                 16     0.041161            0.000000   1.953711 f
  frfcfs.scheduler_i/U614/A (OAI21X1)                           0.019673  0.000000   1.953711 f
  frfcfs.scheduler_i/U614/Y (OAI21X1)                           0.043704  0.045509   1.999220 r
  frfcfs.scheduler_i/n638 (net)                 1     0.002655            0.000000   1.999220 r
  frfcfs.scheduler_i/U150/A (INVX2)                             0.043704  0.000000   1.999220 r
  frfcfs.scheduler_i/U150/Y (INVX2)                             0.018444  0.023918   2.023138 f
  frfcfs.scheduler_i/n928 (net)                 2     0.005358            0.000000   2.023138 f
  frfcfs.scheduler_i/U148/A (BUFX2)                             0.018444  0.000000   2.023138 f
  frfcfs.scheduler_i/U148/Y (BUFX2)                             0.002920  0.034118   2.057256 f
  frfcfs.scheduler_i/n14 (net)                  1     0.001820            0.000000   2.057256 f
  frfcfs.scheduler_i/U776/B (AND2X2)                            0.002920  0.000000   2.057256 f
  frfcfs.scheduler_i/U776/Y (AND2X2)                            0.008083  0.035058   2.092314 f
  frfcfs.scheduler_i/n216 (net)                 1     0.002209            0.000000   2.092314 f
  frfcfs.scheduler_i/U778/A (NOR2X1)                            0.008083  0.000000   2.092314 f
  frfcfs.scheduler_i/U778/Y (NOR2X1)                            0.029272  0.029479   2.121793 r
  frfcfs.scheduler_i/n206 (net)                 1     0.002548            0.000000   2.121793 r
  frfcfs.scheduler_i/U245/A (NAND3X1)                           0.029272  0.000000   2.121793 r
  frfcfs.scheduler_i/U245/Y (NAND3X1)                           0.014126  0.019184   2.140977 f
  frfcfs.scheduler_i/n199 (net)                 1     0.001504            0.000000   2.140977 f
  frfcfs.scheduler_i/U764/A (BUFX2)                             0.014126  0.000000   2.140977 f
  frfcfs.scheduler_i/U764/Y (BUFX2)                             0.002687  0.033740   2.174716 f
  frfcfs.scheduler_i/n109 (net)                 1     0.002297            0.000000   2.174716 f
  frfcfs.scheduler_i/U975/B (NOR2X1)                            0.002687  0.000000   2.174716 f
  frfcfs.scheduler_i/U975/Y (NOR2X1)                            0.026701  0.025724   2.200440 r
  frfcfs.scheduler_i/n886 (net)                 1     0.001869            0.000000   2.200440 r
  frfcfs.scheduler_i/U8/B (AND2X2)                              0.026701  0.000000   2.200440 r
  frfcfs.scheduler_i/U8/Y (AND2X2)                              0.016691  0.037608   2.238049 r
  frfcfs.scheduler_i/n121 (net)                 2     0.005399            0.000000   2.238049 r
  frfcfs.scheduler_i/U976/A (NAND2X1)                           0.016691  0.000000   2.238049 r
  frfcfs.scheduler_i/U976/Y (NAND2X1)                           0.021462  0.013252   2.251301 f
  frfcfs.scheduler_i/n197 (net)                 1     0.001924            0.000000   2.251301 f
  frfcfs.scheduler_i/U237/C (OAI21X1)                           0.021462  0.000000   2.251301 f
  frfcfs.scheduler_i/U237/Y (OAI21X1)                           0.045206  0.023956   2.275257 r
  frfcfs.scheduler_i/n192 (net)                 1     0.002764            0.000000   2.275257 r
  frfcfs.scheduler_i/U236/B (AOI22X1)                           0.045206  0.000000   2.275257 r
  frfcfs.scheduler_i/U236/Y (AOI22X1)                           0.035541  0.036110   2.311367 f
  frfcfs.scheduler_i/n191 (net)                 1     0.002312            0.000000   2.311367 f
  frfcfs.scheduler_i/U235/C (AOI21X1)                           0.035541  0.000000   2.311367 f
  frfcfs.scheduler_i/U235/Y (AOI21X1)                           0.027785  0.025641   2.337008 r
  frfcfs.scheduler_i/n189 (net)                 1     0.002386            0.000000   2.337008 r
  frfcfs.scheduler_i/U234/C (AOI21X1)                           0.027785  0.000000   2.337008 r
  frfcfs.scheduler_i/U234/Y (AOI21X1)                           0.017334  0.017616   2.354624 f
  frfcfs.scheduler_i/n187 (net)                 1     0.002632            0.000000   2.354624 f
  frfcfs.scheduler_i/U233/B (OAI21X1)                           0.017334  0.000000   2.354624 f
  frfcfs.scheduler_i/U233/Y (OAI21X1)                           0.043446  0.043026   2.397650 r
  frfcfs.scheduler_i/n184 (net)                 1     0.002741            0.000000   2.397650 r
  frfcfs.scheduler_i/U232/A (AOI21X1)                           0.043446  0.000000   2.397650 r
  frfcfs.scheduler_i/U232/Y (AOI21X1)                           0.017866  0.024379   2.422029 f
  frfcfs.scheduler_i/n182 (net)                 1     0.002632            0.000000   2.422029 f
  frfcfs.scheduler_i/U231/B (OAI21X1)                           0.017866  0.000000   2.422029 f
  frfcfs.scheduler_i/U231/Y (OAI21X1)                           0.041910  0.041126   2.463156 r
  frfcfs.scheduler_i/n179 (net)                 1     0.002111            0.000000   2.463156 r
  frfcfs.scheduler_i/U230/A (NAND2X1)                           0.041910  0.000000   2.463156 r
  frfcfs.scheduler_i/U230/Y (NAND2X1)                           0.020367  0.018469   2.481625 f
  frfcfs.scheduler_i/n178 (net)                 1     0.001820            0.000000   2.481625 f
  frfcfs.scheduler_i/U712/B (AND2X2)                            0.020367  0.000000   2.481625 f
  frfcfs.scheduler_i/U712/Y (AND2X2)                            0.003884  0.042904   2.524529 f
  frfcfs.scheduler_i/n1000 (net)                1     0.005092            0.000000   2.524529 f
  frfcfs.scheduler_i/U249/A (INVX4)                             0.003884  0.000000   2.524529 f
  frfcfs.scheduler_i/U249/Y (INVX4)                             0.000000  0.015610   2.540138 r
  frfcfs.scheduler_i/select_slot[0] (net)       3     0.009498            0.000000   2.540138 r
  frfcfs.scheduler_i/select_slot[0] (mc_scheduler_frfcfs_Q_DEPTH16_ADDR_W16_AGE_LIMIT128_AGING_ENABLE0)
                                                                          0.000000   2.540138 r
  select_slot[0] (net)                                0.009498            0.000000   2.540138 r
  U487/A (BUFX4)                                                0.000000  0.000000   2.540138 r
  U487/Y (BUFX4)                                                0.023542  0.033272   2.573410 r
  n483 (net)                                    9     0.017107            0.000000   2.573410 r
  U766/A (AND2X2)                                               0.023542  0.000000   2.573410 r
  U766/Y (AND2X2)                                               0.019786  0.041179   2.614590 r
  n479 (net)                                    4     0.007308            0.000000   2.614590 r
  U37/A (INVX1)                                                 0.019786  0.000000   2.614590 r
  U37/Y (INVX1)                                                 0.030938  0.032034   2.646624 f
  n138 (net)                                    6     0.008857            0.000000   2.646624 f
  U404/A (INVX1)                                                0.030938  0.000000   2.646624 f
  U404/Y (INVX1)                                                0.000000  0.016194   2.662818 r
  n173 (net)                                    3     0.004653            0.000000   2.662818 r
  U413/A (INVX1)                                                0.000000  0.000000   2.662818 r
  U413/Y (INVX1)                                                0.026260  0.022547   2.685365 f
  n182 (net)                                    3     0.006837            0.000000   2.685365 f
  U237/B (OR2X2)                                                0.026260  0.000000   2.685365 f
  U237/Y (OR2X2)                                                0.006827  0.048777   2.734143 f
  n1581 (net)                                   1     0.001924            0.000000   2.734143 f
  U1621/C (OAI21X1)                                             0.006827  0.000000   2.734143 f
  U1621/Y (OAI21X1)                                             0.041735  0.017583   2.751726 r
  n1584 (net)                                   1     0.002292            0.000000   2.751726 r
  U31/A (OR2X2)                                                 0.041735  0.000000   2.751726 r
  U31/Y (OR2X2)                                                 0.013877  0.041637   2.793363 r
  n1589 (net)                                   1     0.003021            0.000000   2.793363 r
  U1625/A (NOR3X1)                                              0.013877  0.000000   2.793363 r
  U1625/Y (NOR3X1)                                              0.026605  0.035071   2.828434 f
  n1590 (net)                                   1     0.002623            0.000000   2.828434 f
  U1626/A (MUX2X1)                                              0.026605  0.000000   2.828434 f
  U1626/Y (MUX2X1)                                              0.044170  0.042805   2.871238 r
  n1592 (net)                                   1     0.002655            0.000000   2.871238 r
  U492/A (INVX2)                                                0.044170  0.000000   2.871238 r
  U492/Y (INVX2)                                                0.023430  0.028284   2.899522 f
  cmd_wdata[7] (net)                            1     0.010000            0.000000   2.899522 f
  cmd_wdata[7] (out)                                            0.023430  0.000000   2.899522 f
  data arrival time                                                                  2.899522

  clock core_clk (rise edge)                                              4.000000   4.000000
  clock network delay (ideal)                                             0.000000   4.000000
  clock uncertainty                                                       -0.100000  3.900000
  output external delay                                                   -1.000000  2.900000
  data required time                                                                 2.900000
  ----------------------------------------------------------------------------------------------
  data required time                                                                 2.900000
  data arrival time                                                                  -2.899522
  ----------------------------------------------------------------------------------------------
  slack (MET)                                                                        0.000478


  Startpoint: table_i/addresses_reg[247]
              (rising edge-triggered flip-flop clocked by core_clk)
  Endpoint: cmd_col[3] (output port clocked by core_clk)
  Path Group: core_clk
  Path Type: max

  Point                                       Fanout       Cap     Trans      Incr       Path
  ----------------------------------------------------------------------------------------------
  clock core_clk (rise edge)                                              0.000000   0.000000
  clock network delay (ideal)                                             0.000000   0.000000
  table_i/addresses_reg[247]/CLK (DFFPOSX1)                     0.000000  0.000000 # 0.000000 r
  table_i/addresses_reg[247]/Q (DFFPOSX1)                       0.044101  0.121169   0.121169 f
  table_i/addresses[247] (net)                  6     0.020716            0.000000   0.121169 f
  table_i/addresses[247] (mc_transaction_table_Q_DEPTH16_ADDR_W16_DATA_W32_TAG_W8_READ_LATENCY3_AGE_LIMIT128)
                                                                          0.000000   0.121169 f
  addresses[247] (net)                                0.020716            0.000000   0.121169 f
  candidates_i/addresses[247] (mc_candidates_Q_DEPTH16_ROW_W8_COL_W6)     0.000000   0.121169 f
  candidates_i/addresses[247] (net)                   0.020716            0.000000   0.121169 f
  candidates_i/U3191/A (INVX4)                                  0.044101  0.000000   0.121169 f
  candidates_i/U3191/Y (INVX4)                                  0.021212  0.028111   0.149280 r
  candidates_i/n3963 (net)                      2     0.011634            0.000000   0.149280 r
  candidates_i/U3190/A (INVX8)                                  0.021212  0.000000   0.149280 r
  candidates_i/U3190/Y (INVX8)                                  0.021575  0.032788   0.182068 f
  candidates_i/n3961 (net)                     12     0.060199            0.000000   0.182068 f
  candidates_i/U7438/B (XNOR2X1)                                0.021575  0.000000   0.182068 f
  candidates_i/U7438/Y (XNOR2X1)                                0.038993  0.050304   0.232372 r
  candidates_i/n6603 (net)                      1     0.002343            0.000000   0.232372 r
  candidates_i/U553/B (AND2X1)                                  0.038993  0.000000   0.232372 r
  candidates_i/U553/Y (AND2X1)                                  0.026796  0.038454   0.270826 r
  candidates_i/n6607 (net)                      1     0.001551            0.000000   0.270826 r
  candidates_i/U4005/A (INVX1)                                  0.026796  0.000000   0.270826 r
  candidates_i/U4005/Y (INVX1)                                  0.012961  0.021942   0.292768 f
  candidates_i/n1095 (net)                      1     0.003011            0.000000   0.292768 f
  candidates_i/U7441/A (NOR3X1)                                 0.012961  0.000000   0.292768 f
  candidates_i/U7441/Y (NOR3X1)                                 0.049823  0.047920   0.340688 r
  candidates_i/n6608 (net)                      1     0.002027            0.000000   0.340688 r
  candidates_i/U7442/B (NAND2X1)                                0.049823  0.000000   0.340688 r
  candidates_i/U7442/Y (NAND2X1)                                0.020724  0.025520   0.366207 f
  candidates_i/n6626 (net)                      1     0.003067            0.000000   0.366207 f
  candidates_i/U7457/B (NOR3X1)                                 0.020724  0.000000   0.366207 f
  candidates_i/U7457/Y (NOR3X1)                                 0.066282  0.051260   0.417468 r
  candidates_i/N1900 (net)                      2     0.005509            0.000000   0.417468 r
  candidates_i/U2226/C (NAND3X1)                                0.066282  0.000000   0.417468 r
  candidates_i/U2226/Y (NAND3X1)                                0.011668  0.022514   0.439982 f
  candidates_i/n3271 (net)                      1     0.001763            0.000000   0.439982 f
  candidates_i/U411/A (AND2X2)                                  0.011668  0.000000   0.439982 f
  candidates_i/U411/Y (AND2X2)                                  0.000000  0.034082   0.474064 f
  candidates_i/n3270 (net)                      1     0.002832            0.000000   0.474064 f
  candidates_i/U2224/C (NAND3X1)                                0.000000  0.000000   0.474064 f
  candidates_i/U2224/Y (NAND3X1)                                0.040765  0.029765   0.503829 r
  candidates_i/n3260 (net)                      1     0.003021            0.000000   0.503829 r
  candidates_i/U2216/A (NOR3X1)                                 0.040765  0.000000   0.503829 r
  candidates_i/U2216/Y (NOR3X1)                                 0.025983  0.041275   0.545104 f
  candidates_i/n3259 (net)                      1     0.001944            0.000000   0.545104 f
  candidates_i/U2215/B (NAND2X1)                                0.025983  0.000000   0.545104 f
  candidates_i/U2215/Y (NAND2X1)                                0.041583  0.022750   0.567854 r
  candidates_i/n2585 (net)                      2     0.003843            0.000000   0.567854 r
  candidates_i/U4568/A (INVX1)                                  0.041583  0.000000   0.567854 r
  candidates_i/U4568/Y (INVX1)                                  0.013966  0.027337   0.595191 f
  candidates_i/eligible[15] (net)               2     0.003692            0.000000   0.595191 f
  candidates_i/U4498/B (AND2X2)                                 0.013966  0.000000   0.595191 f
  candidates_i/U4498/Y (AND2X2)                                 0.009692  0.046430   0.641621 f
  candidates_i/n2325 (net)                      4     0.010080            0.000000   0.641621 f
  candidates_i/U1337/A (NAND3X1)                                0.009692  0.000000   0.641621 f
  candidates_i/U1337/Y (NAND3X1)                                0.038400  0.037105   0.678726 r
  candidates_i/n2354 (net)                      1     0.002548            0.000000   0.678726 r
  candidates_i/U1333/A (NAND3X1)                                0.038400  0.000000   0.678726 r
  candidates_i/U1333/Y (NAND3X1)                                0.017857  0.022887   0.701614 f
  candidates_i/n2347 (net)                      1     0.003011            0.000000   0.701614 f
  candidates_i/U1326/A (NOR3X1)                                 0.017857  0.000000   0.701614 f
  candidates_i/U1326/Y (NOR3X1)                                 0.048284  0.047831   0.749445 r
  candidates_i/n2333 (net)                      1     0.001798            0.000000   0.749445 r
  candidates_i/U2837/A (AND2X2)                                 0.048284  0.000000   0.749445 r
  candidates_i/U2837/Y (AND2X2)                                 0.017078  0.038747   0.788192 r
  candidates_i/n160 (net)                       1     0.005080            0.000000   0.788192 r
  candidates_i/U2690/A (INVX4)                                  0.017078  0.000000   0.788192 r
  candidates_i/U2690/Y (INVX4)                                  0.019785  0.032448   0.820640 f
  candidates_i/n2292 (net)                     16     0.029742            0.000000   0.820640 f
  candidates_i/U4063/B (AND2X2)                                 0.019785  0.000000   0.820640 f
  candidates_i/U4063/Y (AND2X2)                                 0.003984  0.038896   0.859536 f
  candidates_i/n2308 (net)                      1     0.001476            0.000000   0.859536 f
  candidates_i/U4064/A (INVX1)                                  0.003984  0.000000   0.859536 f
  candidates_i/U4064/Y (INVX1)                                  0.000000  0.001155   0.860691 r
  candidates_i/n1140 (net)                      1     0.002961            0.000000   0.860691 r
  candidates_i/U1289/C (NAND3X1)                                0.000000  0.000000   0.860691 r
  candidates_i/U1289/Y (NAND3X1)                                0.015678  0.006604   0.867296 f
  candidates_i/n2079 (net)                      1     0.001504            0.000000   0.867296 f
  candidates_i/U4062/A (BUFX2)                                  0.015678  0.000000   0.867296 f
  candidates_i/U4062/Y (BUFX2)                                  0.020962  0.047560   0.914856 f
  candidates_i/n1139 (net)                      3     0.015249            0.000000   0.914856 f
  candidates_i/U3208/A (INVX8)                                  0.020962  0.000000   0.914856 f
  candidates_i/U3208/Y (INVX8)                                  0.022124  0.028643   0.943499 r
  candidates_i/n7963 (net)                     15     0.042615            0.000000   0.943499 r
  candidates_i/U1194/A (AOI22X1)                                0.022124  0.000000   0.943499 r
  candidates_i/U1194/Y (AOI22X1)                                0.034219  0.034529   0.978028 f
  candidates_i/n2199 (net)                      1     0.001820            0.000000   0.978028 f
  candidates_i/U281/B (AND2X2)                                  0.034219  0.000000   0.978028 f
  candidates_i/U281/Y (AND2X2)                                  0.003411  0.043344   1.021371 f
  candidates_i/n2197 (net)                      1     0.001944            0.000000   1.021371 f
  candidates_i/U3083/B (NAND2X1)                                0.003411  0.000000   1.021371 f
  candidates_i/U3083/Y (NAND2X1)                                0.032247  0.008231   1.029602 r
  candidates_i/n304 (net)                       1     0.001551            0.000000   1.029602 r
  candidates_i/U3085/A (INVX1)                                  0.032247  0.000000   1.029602 r
  candidates_i/U3085/Y (INVX1)                                  0.009207  0.021108   1.050710 f
  candidates_i/n305 (net)                       1     0.001884            0.000000   1.050710 f
  candidates_i/U3084/A (NAND2X1)                                0.009207  0.000000   1.050710 f
  candidates_i/U3084/Y (NAND2X1)                                0.035913  0.026380   1.077090 r
  candidates_i/n2194 (net)                      1     0.002365            0.000000   1.077090 r
  candidates_i/U1192/B (NOR2X1)                                 0.035913  0.000000   1.077090 r
  candidates_i/U1192/Y (NOR2X1)                                 0.000602  0.017558   1.094648 f
  candidates_i/n1588 (net)                      1     0.001476            0.000000   1.094648 f
  candidates_i/U2976/A (INVX1)                                  0.000602  0.000000   1.094648 f
  candidates_i/U2976/Y (INVX1)                                  0.000000  -0.004620  1.090027 r
  candidates_i/n227 (net)                       1     0.001551            0.000000   1.090027 r
  candidates_i/U2977/A (INVX1)                                  0.000000  0.000000   1.090027 r
  candidates_i/U2977/Y (INVX1)                                  0.021962  0.019592   1.109620 f
  candidates_i/n228 (net)                       2     0.005397            0.000000   1.109620 f
  candidates_i/U1191/C (NAND3X1)                                0.021962  0.000000   1.109620 f
  candidates_i/U1191/Y (NAND3X1)                                0.036164  0.032268   1.141888 r
  candidates_i/n2192 (net)                      1     0.002010            0.000000   1.141888 r
  candidates_i/U1190/C (OAI21X1)                                0.036164  0.000000   1.141888 r
  candidates_i/U1190/Y (OAI21X1)                                0.005749  0.019972   1.161860 f
  candidates_i/n2165 (net)                      1     0.001820            0.000000   1.161860 f
  candidates_i/U3086/B (AND2X2)                                 0.005749  0.000000   1.161860 f
  candidates_i/U3086/Y (AND2X2)                                 0.000000  0.035833   1.197692 f
  candidates_i/n306 (net)                       1     0.002209            0.000000   1.197692 f
  candidates_i/U3088/A (NOR2X1)                                 0.000000  0.000000   1.197692 f
  candidates_i/U3088/Y (NOR2X1)                                 0.027765  0.027069   1.224761 r
  candidates_i/n2164 (net)                      1     0.002386            0.000000   1.224761 r
  candidates_i/U1166/C (AOI21X1)                                0.027765  0.000000   1.224761 r
  candidates_i/U1166/Y (AOI21X1)                                0.015757  0.016950   1.241711 f
  candidates_i/n2163 (net)                      1     0.002312            0.000000   1.241711 f
  candidates_i/U1165/C (AOI21X1)                                0.015757  0.000000   1.241711 f
  candidates_i/U1165/Y (AOI21X1)                                0.029885  0.021554   1.263266 r
  candidates_i/n2148 (net)                      1     0.002832            0.000000   1.263266 r
  candidates_i/U1153/B (OAI21X1)                                0.029885  0.000000   1.263266 r
  candidates_i/U1153/Y (OAI21X1)                                0.002880  0.019235   1.282500 f
  candidates_i/n2133 (net)                      1     0.001884            0.000000   1.282500 f
  candidates_i/U1141/A (NAND2X1)                                0.002880  0.000000   1.282500 f
  candidates_i/U1141/Y (NAND2X1)                                0.033834  0.023336   1.305836 r
  candidates_i/n2132 (net)                      1     0.002027            0.000000   1.305836 r
  candidates_i/U1140/B (NAND2X1)                                0.033834  0.000000   1.305836 r
  candidates_i/U1140/Y (NAND2X1)                                0.021135  0.021137   1.326973 f
  candidates_i/n2103 (net)                      1     0.002566            0.000000   1.326973 f
  candidates_i/U1116/A (AOI21X1)                                0.021135  0.000000   1.326973 f
  candidates_i/U1116/Y (AOI21X1)                                0.029932  0.040723   1.367697 r
  candidates_i/n2088 (net)                      1     0.002832            0.000000   1.367697 r
  candidates_i/U1104/B (OAI21X1)                                0.029932  0.000000   1.367697 r
  candidates_i/U1104/Y (OAI21X1)                                0.013029  0.026320   1.394016 f
  candidates_i/candidate_slots[12] (net)        3     0.005912            0.000000   1.394016 f
  candidates_i/candidate_slots[12] (mc_candidates_Q_DEPTH16_ROW_W8_COL_W6)
                                                                          0.000000   1.394016 f
  candidate_slots[12] (net)                           0.005912            0.000000   1.394016 f
  frfcfs.scheduler_i/candidate_slots[12] (mc_scheduler_frfcfs_Q_DEPTH16_ADDR_W16_AGE_LIMIT128_AGING_ENABLE0)
                                                                          0.000000   1.394016 f
  frfcfs.scheduler_i/N596 (net)                       0.005912            0.000000   1.394016 f
  frfcfs.scheduler_i/U141/A (AND2X2)                            0.013029  0.000000   1.394016 f
  frfcfs.scheduler_i/U141/Y (AND2X2)                            0.000000  0.034552   1.428568 f
  frfcfs.scheduler_i/n870 (net)                 2     0.002952            0.000000   1.428568 f
  frfcfs.scheduler_i/U706/A (INVX1)                             0.000000  0.000000   1.428568 f
  frfcfs.scheduler_i/U706/Y (INVX1)                             0.000000  0.006194   1.434762 r
  frfcfs.scheduler_i/n62 (net)                  2     0.004949            0.000000   1.434762 r
  frfcfs.scheduler_i/U97/A (OR2X1)                              0.000000  0.000000   1.434762 r
  frfcfs.scheduler_i/U97/Y (OR2X1)                              0.022030  0.037764   1.472527 r
  frfcfs.scheduler_i/n856 (net)                 1     0.002010            0.000000   1.472527 r
  frfcfs.scheduler_i/U954/C (OAI21X1)                           0.022030  0.000000   1.472527 r
  frfcfs.scheduler_i/U954/Y (OAI21X1)                           0.011062  0.017974   1.490501 f
  frfcfs.scheduler_i/n859 (net)                 1     0.003011            0.000000   1.490501 f
  frfcfs.scheduler_i/U958/A (NOR3X1)                            0.011062  0.000000   1.490501 f
  frfcfs.scheduler_i/U958/Y (NOR3X1)                            0.053891  0.050387   1.540888 r
  frfcfs.scheduler_i/n865 (net)                 1     0.002832            0.000000   1.540888 r
  frfcfs.scheduler_i/U963/B (OAI21X1)                           0.053891  0.000000   1.540888 r
  frfcfs.scheduler_i/U963/Y (OAI21X1)                           0.006902  0.024434   1.565322 f
  frfcfs.scheduler_i/n880 (net)                 1     0.001884            0.000000   1.565322 f
  frfcfs.scheduler_i/U973/A (NAND2X1)                           0.006902  0.000000   1.565322 f
  frfcfs.scheduler_i/U973/Y (NAND2X1)                           0.040856  0.028929   1.594251 r
  frfcfs.scheduler_i/N1530 (net)                2     0.003420            0.000000   1.594251 r
  frfcfs.scheduler_i/U154/B (AND2X2)                            0.040856  0.000000   1.594251 r
  frfcfs.scheduler_i/U154/Y (AND2X2)                            0.013628  0.035744   1.629995 r
  frfcfs.scheduler_i/n17 (net)                  2     0.003739            0.000000   1.629995 r
  frfcfs.scheduler_i/U179/B (AND2X2)                            0.013628  0.000000   1.629995 r
  frfcfs.scheduler_i/U179/Y (AND2X2)                            0.012028  0.034322   1.664317 r
  frfcfs.scheduler_i/n695 (net)                 2     0.003667            0.000000   1.664317 r
  frfcfs.scheduler_i/U172/A (AND2X2)                            0.012028  0.000000   1.664317 r
  frfcfs.scheduler_i/U172/Y (AND2X2)                            0.015886  0.038116   1.702433 r
  frfcfs.scheduler_i/n28 (net)                  2     0.005633            0.000000   1.702433 r
  frfcfs.scheduler_i/U635/A (AOI22X1)                           0.015886  0.000000   1.702433 r
  frfcfs.scheduler_i/U635/Y (AOI22X1)                           0.034505  0.033288   1.735721 f
  frfcfs.scheduler_i/n675 (net)                 1     0.001820            0.000000   1.735721 f
  frfcfs.scheduler_i/U690/B (AND2X2)                            0.034505  0.000000   1.735721 f
  frfcfs.scheduler_i/U690/Y (AND2X2)                            0.002830  0.042920   1.778641 f
  frfcfs.scheduler_i/n614 (net)                 1     0.001476            0.000000   1.778641 f
  frfcfs.scheduler_i/U693/A (INVX1)                             0.002830  0.000000   1.778641 f
  frfcfs.scheduler_i/U693/Y (INVX1)                             0.000000  0.007091   1.785732 r
  frfcfs.scheduler_i/n57 (net)                  2     0.004916            0.000000   1.785732 r
  frfcfs.scheduler_i/U633/D (AOI22X1)                           0.000000  0.000000   1.785732 r
  frfcfs.scheduler_i/U633/Y (AOI22X1)                           0.034495  0.011610   1.797341 f
  frfcfs.scheduler_i/n656 (net)                 1     0.001763            0.000000   1.797341 f
  frfcfs.scheduler_i/U85/A (AND2X2)                             0.034495  0.000000   1.797341 f
  frfcfs.scheduler_i/U85/Y (AND2X2)                             0.004806  0.039796   1.837138 f
  frfcfs.scheduler_i/n655 (net)                 1     0.002832            0.000000   1.837138 f
  frfcfs.scheduler_i/U623/C (NAND3X1)                           0.004806  0.000000   1.837138 f
  frfcfs.scheduler_i/U623/Y (NAND3X1)                           0.036583  0.028728   1.865866 r
  frfcfs.scheduler_i/n652 (net)                 1     0.002283            0.000000   1.865866 r
  frfcfs.scheduler_i/U701/B (OR2X2)                             0.036583  0.000000   1.865866 r
  frfcfs.scheduler_i/U701/Y (OR2X2)                             0.028943  0.058529   1.924395 r
  frfcfs.scheduler_i/n608 (net)                 1     0.010083            0.000000   1.924395 r
  frfcfs.scheduler_i/U169/A (INVX8)                             0.028943  0.000000   1.924395 r
  frfcfs.scheduler_i/U169/Y (INVX8)                             0.019673  0.029316   1.953711 f
  frfcfs.scheduler_i/n59 (net)                 16     0.041161            0.000000   1.953711 f
  frfcfs.scheduler_i/U614/A (OAI21X1)                           0.019673  0.000000   1.953711 f
  frfcfs.scheduler_i/U614/Y (OAI21X1)                           0.043704  0.045509   1.999220 r
  frfcfs.scheduler_i/n638 (net)                 1     0.002655            0.000000   1.999220 r
  frfcfs.scheduler_i/U150/A (INVX2)                             0.043704  0.000000   1.999220 r
  frfcfs.scheduler_i/U150/Y (INVX2)                             0.018444  0.023918   2.023138 f
  frfcfs.scheduler_i/n928 (net)                 2     0.005358            0.000000   2.023138 f
  frfcfs.scheduler_i/U148/A (BUFX2)                             0.018444  0.000000   2.023138 f
  frfcfs.scheduler_i/U148/Y (BUFX2)                             0.002920  0.034118   2.057256 f
  frfcfs.scheduler_i/n14 (net)                  1     0.001820            0.000000   2.057256 f
  frfcfs.scheduler_i/U776/B (AND2X2)                            0.002920  0.000000   2.057256 f
  frfcfs.scheduler_i/U776/Y (AND2X2)                            0.008083  0.035058   2.092314 f
  frfcfs.scheduler_i/n216 (net)                 1     0.002209            0.000000   2.092314 f
  frfcfs.scheduler_i/U778/A (NOR2X1)                            0.008083  0.000000   2.092314 f
  frfcfs.scheduler_i/U778/Y (NOR2X1)                            0.029272  0.029479   2.121793 r
  frfcfs.scheduler_i/n206 (net)                 1     0.002548            0.000000   2.121793 r
  frfcfs.scheduler_i/U245/A (NAND3X1)                           0.029272  0.000000   2.121793 r
  frfcfs.scheduler_i/U245/Y (NAND3X1)                           0.014126  0.019184   2.140977 f
  frfcfs.scheduler_i/n199 (net)                 1     0.001504            0.000000   2.140977 f
  frfcfs.scheduler_i/U764/A (BUFX2)                             0.014126  0.000000   2.140977 f
  frfcfs.scheduler_i/U764/Y (BUFX2)                             0.002687  0.033740   2.174716 f
  frfcfs.scheduler_i/n109 (net)                 1     0.002297            0.000000   2.174716 f
  frfcfs.scheduler_i/U975/B (NOR2X1)                            0.002687  0.000000   2.174716 f
  frfcfs.scheduler_i/U975/Y (NOR2X1)                            0.026701  0.025724   2.200440 r
  frfcfs.scheduler_i/n886 (net)                 1     0.001869            0.000000   2.200440 r
  frfcfs.scheduler_i/U8/B (AND2X2)                              0.026701  0.000000   2.200440 r
  frfcfs.scheduler_i/U8/Y (AND2X2)                              0.016691  0.037608   2.238049 r
  frfcfs.scheduler_i/n121 (net)                 2     0.005399            0.000000   2.238049 r
  frfcfs.scheduler_i/U976/A (NAND2X1)                           0.016691  0.000000   2.238049 r
  frfcfs.scheduler_i/U976/Y (NAND2X1)                           0.021462  0.013252   2.251301 f
  frfcfs.scheduler_i/n197 (net)                 1     0.001924            0.000000   2.251301 f
  frfcfs.scheduler_i/U237/C (OAI21X1)                           0.021462  0.000000   2.251301 f
  frfcfs.scheduler_i/U237/Y (OAI21X1)                           0.045206  0.023956   2.275257 r
  frfcfs.scheduler_i/n192 (net)                 1     0.002764            0.000000   2.275257 r
  frfcfs.scheduler_i/U236/B (AOI22X1)                           0.045206  0.000000   2.275257 r
  frfcfs.scheduler_i/U236/Y (AOI22X1)                           0.035541  0.036110   2.311367 f
  frfcfs.scheduler_i/n191 (net)                 1     0.002312            0.000000   2.311367 f
  frfcfs.scheduler_i/U235/C (AOI21X1)                           0.035541  0.000000   2.311367 f
  frfcfs.scheduler_i/U235/Y (AOI21X1)                           0.027785  0.025641   2.337008 r
  frfcfs.scheduler_i/n189 (net)                 1     0.002386            0.000000   2.337008 r
  frfcfs.scheduler_i/U234/C (AOI21X1)                           0.027785  0.000000   2.337008 r
  frfcfs.scheduler_i/U234/Y (AOI21X1)                           0.017334  0.017616   2.354624 f
  frfcfs.scheduler_i/n187 (net)                 1     0.002632            0.000000   2.354624 f
  frfcfs.scheduler_i/U233/B (OAI21X1)                           0.017334  0.000000   2.354624 f
  frfcfs.scheduler_i/U233/Y (OAI21X1)                           0.043446  0.043026   2.397650 r
  frfcfs.scheduler_i/n184 (net)                 1     0.002741            0.000000   2.397650 r
  frfcfs.scheduler_i/U232/A (AOI21X1)                           0.043446  0.000000   2.397650 r
  frfcfs.scheduler_i/U232/Y (AOI21X1)                           0.017866  0.024379   2.422029 f
  frfcfs.scheduler_i/n182 (net)                 1     0.002632            0.000000   2.422029 f
  frfcfs.scheduler_i/U231/B (OAI21X1)                           0.017866  0.000000   2.422029 f
  frfcfs.scheduler_i/U231/Y (OAI21X1)                           0.041910  0.041126   2.463156 r
  frfcfs.scheduler_i/n179 (net)                 1     0.002111            0.000000   2.463156 r
  frfcfs.scheduler_i/U230/A (NAND2X1)                           0.041910  0.000000   2.463156 r
  frfcfs.scheduler_i/U230/Y (NAND2X1)                           0.020367  0.018469   2.481625 f
  frfcfs.scheduler_i/n178 (net)                 1     0.001820            0.000000   2.481625 f
  frfcfs.scheduler_i/U712/B (AND2X2)                            0.020367  0.000000   2.481625 f
  frfcfs.scheduler_i/U712/Y (AND2X2)                            0.003884  0.042904   2.524529 f
  frfcfs.scheduler_i/n1000 (net)                1     0.005092            0.000000   2.524529 f
  frfcfs.scheduler_i/U249/A (INVX4)                             0.003884  0.000000   2.524529 f
  frfcfs.scheduler_i/U249/Y (INVX4)                             0.000000  0.015610   2.540138 r
  frfcfs.scheduler_i/select_slot[0] (net)       3     0.009498            0.000000   2.540138 r
  frfcfs.scheduler_i/select_slot[0] (mc_scheduler_frfcfs_Q_DEPTH16_ADDR_W16_AGE_LIMIT128_AGING_ENABLE0)
                                                                          0.000000   2.540138 r
  select_slot[0] (net)                                0.009498            0.000000   2.540138 r
  U487/A (BUFX4)                                                0.000000  0.000000   2.540138 r
  U487/Y (BUFX4)                                                0.023542  0.033272   2.573410 r
  n483 (net)                                    9     0.017107            0.000000   2.573410 r
  U748/A (AND2X2)                                               0.023542  0.000000   2.573410 r
  U748/Y (AND2X2)                                               0.027106  0.045599   2.619010 r
  n477 (net)                                    2     0.010161            0.000000   2.619010 r
  U749/A (INVX4)                                                0.027106  0.000000   2.619010 r
  U749/Y (INVX4)                                                0.029640  0.037598   2.656608 f
  n487 (net)                                   18     0.041304            0.000000   2.656608 f
  U232/B (OR2X2)                                                0.029640  0.000000   2.656608 f
  U232/Y (OR2X2)                                                0.025999  0.049382   2.705991 f
  n811 (net)                                    1     0.001924            0.000000   2.705991 f
  U1238/C (OAI21X1)                                             0.025999  0.000000   2.705991 f
  U1238/Y (OAI21X1)                                             0.040093  0.023963   2.729953 r
  n812 (net)                                    1     0.002283            0.000000   2.729953 r
  U185/B (OR2X2)                                                0.040093  0.000000   2.729953 r
  U185/Y (OR2X2)                                                0.012568  0.048248   2.778201 r
  n818 (net)                                    1     0.003021            0.000000   2.778201 r
  U1241/A (NOR3X1)                                              0.012568  0.000000   2.778201 r
  U1241/Y (NOR3X1)                                              0.026383  0.034589   2.812790 f
  n829 (net)                                    1     0.002569            0.000000   2.812790 f
  U1247/B (MUX2X1)                                              0.026383  0.000000   2.812790 f
  U1247/Y (MUX2X1)                                              0.037420  0.047511   2.860301 r
  n830 (net)                                    1     0.001551            0.000000   2.860301 r
  U779/A (INVX1)                                                0.037420  0.000000   2.860301 r
  U779/Y (INVX1)                                                0.033155  0.039134   2.899435 f
  cmd_col[3] (net)                              1     0.010000            0.000000   2.899435 f
  cmd_col[3] (out)                                              0.033155  0.000000   2.899435 f
  data arrival time                                                                  2.899435

  clock core_clk (rise edge)                                              4.000000   4.000000
  clock network delay (ideal)                                             0.000000   4.000000
  clock uncertainty                                                       -0.100000  3.900000
  output external delay                                                   -1.000000  2.900000
  data required time                                                                 2.900000
  ----------------------------------------------------------------------------------------------
  data required time                                                                 2.900000
  data arrival time                                                                  -2.899435
  ----------------------------------------------------------------------------------------------
  slack (MET)                                                                        0.000565


  Startpoint: table_i/addresses_reg[247]
              (rising edge-triggered flip-flop clocked by core_clk)
  Endpoint: cmd_wdata[21]
            (output port clocked by core_clk)
  Path Group: core_clk
  Path Type: max

  Point                                       Fanout       Cap     Trans      Incr       Path
  ----------------------------------------------------------------------------------------------
  clock core_clk (rise edge)                                              0.000000   0.000000
  clock network delay (ideal)                                             0.000000   0.000000
  table_i/addresses_reg[247]/CLK (DFFPOSX1)                     0.000000  0.000000 # 0.000000 r
  table_i/addresses_reg[247]/Q (DFFPOSX1)                       0.044101  0.121169   0.121169 f
  table_i/addresses[247] (net)                  6     0.020716            0.000000   0.121169 f
  table_i/addresses[247] (mc_transaction_table_Q_DEPTH16_ADDR_W16_DATA_W32_TAG_W8_READ_LATENCY3_AGE_LIMIT128)
                                                                          0.000000   0.121169 f
  addresses[247] (net)                                0.020716            0.000000   0.121169 f
  candidates_i/addresses[247] (mc_candidates_Q_DEPTH16_ROW_W8_COL_W6)     0.000000   0.121169 f
  candidates_i/addresses[247] (net)                   0.020716            0.000000   0.121169 f
  candidates_i/U3191/A (INVX4)                                  0.044101  0.000000   0.121169 f
  candidates_i/U3191/Y (INVX4)                                  0.021212  0.028111   0.149280 r
  candidates_i/n3963 (net)                      2     0.011634            0.000000   0.149280 r
  candidates_i/U3190/A (INVX8)                                  0.021212  0.000000   0.149280 r
  candidates_i/U3190/Y (INVX8)                                  0.021575  0.032788   0.182068 f
  candidates_i/n3961 (net)                     12     0.060199            0.000000   0.182068 f
  candidates_i/U7438/B (XNOR2X1)                                0.021575  0.000000   0.182068 f
  candidates_i/U7438/Y (XNOR2X1)                                0.038993  0.050304   0.232372 r
  candidates_i/n6603 (net)                      1     0.002343            0.000000   0.232372 r
  candidates_i/U553/B (AND2X1)                                  0.038993  0.000000   0.232372 r
  candidates_i/U553/Y (AND2X1)                                  0.026796  0.038454   0.270826 r
  candidates_i/n6607 (net)                      1     0.001551            0.000000   0.270826 r
  candidates_i/U4005/A (INVX1)                                  0.026796  0.000000   0.270826 r
  candidates_i/U4005/Y (INVX1)                                  0.012961  0.021942   0.292768 f
  candidates_i/n1095 (net)                      1     0.003011            0.000000   0.292768 f
  candidates_i/U7441/A (NOR3X1)                                 0.012961  0.000000   0.292768 f
  candidates_i/U7441/Y (NOR3X1)                                 0.049823  0.047920   0.340688 r
  candidates_i/n6608 (net)                      1     0.002027            0.000000   0.340688 r
  candidates_i/U7442/B (NAND2X1)                                0.049823  0.000000   0.340688 r
  candidates_i/U7442/Y (NAND2X1)                                0.020724  0.025520   0.366207 f
  candidates_i/n6626 (net)                      1     0.003067            0.000000   0.366207 f
  candidates_i/U7457/B (NOR3X1)                                 0.020724  0.000000   0.366207 f
  candidates_i/U7457/Y (NOR3X1)                                 0.066282  0.051260   0.417468 r
  candidates_i/N1900 (net)                      2     0.005509            0.000000   0.417468 r
  candidates_i/U2226/C (NAND3X1)                                0.066282  0.000000   0.417468 r
  candidates_i/U2226/Y (NAND3X1)                                0.011668  0.022514   0.439982 f
  candidates_i/n3271 (net)                      1     0.001763            0.000000   0.439982 f
  candidates_i/U411/A (AND2X2)                                  0.011668  0.000000   0.439982 f
  candidates_i/U411/Y (AND2X2)                                  0.000000  0.034082   0.474064 f
  candidates_i/n3270 (net)                      1     0.002832            0.000000   0.474064 f
  candidates_i/U2224/C (NAND3X1)                                0.000000  0.000000   0.474064 f
  candidates_i/U2224/Y (NAND3X1)                                0.040765  0.029765   0.503829 r
  candidates_i/n3260 (net)                      1     0.003021            0.000000   0.503829 r
  candidates_i/U2216/A (NOR3X1)                                 0.040765  0.000000   0.503829 r
  candidates_i/U2216/Y (NOR3X1)                                 0.025983  0.041275   0.545104 f
  candidates_i/n3259 (net)                      1     0.001944            0.000000   0.545104 f
  candidates_i/U2215/B (NAND2X1)                                0.025983  0.000000   0.545104 f
  candidates_i/U2215/Y (NAND2X1)                                0.041583  0.022750   0.567854 r
  candidates_i/n2585 (net)                      2     0.003843            0.000000   0.567854 r
  candidates_i/U4568/A (INVX1)                                  0.041583  0.000000   0.567854 r
  candidates_i/U4568/Y (INVX1)                                  0.013966  0.027337   0.595191 f
  candidates_i/eligible[15] (net)               2     0.003692            0.000000   0.595191 f
  candidates_i/U4498/B (AND2X2)                                 0.013966  0.000000   0.595191 f
  candidates_i/U4498/Y (AND2X2)                                 0.009692  0.046430   0.641621 f
  candidates_i/n2325 (net)                      4     0.010080            0.000000   0.641621 f
  candidates_i/U1337/A (NAND3X1)                                0.009692  0.000000   0.641621 f
  candidates_i/U1337/Y (NAND3X1)                                0.038400  0.037105   0.678726 r
  candidates_i/n2354 (net)                      1     0.002548            0.000000   0.678726 r
  candidates_i/U1333/A (NAND3X1)                                0.038400  0.000000   0.678726 r
  candidates_i/U1333/Y (NAND3X1)                                0.017857  0.022887   0.701614 f
  candidates_i/n2347 (net)                      1     0.003011            0.000000   0.701614 f
  candidates_i/U1326/A (NOR3X1)                                 0.017857  0.000000   0.701614 f
  candidates_i/U1326/Y (NOR3X1)                                 0.048284  0.047831   0.749445 r
  candidates_i/n2333 (net)                      1     0.001798            0.000000   0.749445 r
  candidates_i/U2837/A (AND2X2)                                 0.048284  0.000000   0.749445 r
  candidates_i/U2837/Y (AND2X2)                                 0.017078  0.038747   0.788192 r
  candidates_i/n160 (net)                       1     0.005080            0.000000   0.788192 r
  candidates_i/U2690/A (INVX4)                                  0.017078  0.000000   0.788192 r
  candidates_i/U2690/Y (INVX4)                                  0.019785  0.032448   0.820640 f
  candidates_i/n2292 (net)                     16     0.029742            0.000000   0.820640 f
  candidates_i/U4063/B (AND2X2)                                 0.019785  0.000000   0.820640 f
  candidates_i/U4063/Y (AND2X2)                                 0.003984  0.038896   0.859536 f
  candidates_i/n2308 (net)                      1     0.001476            0.000000   0.859536 f
  candidates_i/U4064/A (INVX1)                                  0.003984  0.000000   0.859536 f
  candidates_i/U4064/Y (INVX1)                                  0.000000  0.001155   0.860691 r
  candidates_i/n1140 (net)                      1     0.002961            0.000000   0.860691 r
  candidates_i/U1289/C (NAND3X1)                                0.000000  0.000000   0.860691 r
  candidates_i/U1289/Y (NAND3X1)                                0.015678  0.006604   0.867296 f
  candidates_i/n2079 (net)                      1     0.001504            0.000000   0.867296 f
  candidates_i/U4062/A (BUFX2)                                  0.015678  0.000000   0.867296 f
  candidates_i/U4062/Y (BUFX2)                                  0.020962  0.047560   0.914856 f
  candidates_i/n1139 (net)                      3     0.015249            0.000000   0.914856 f
  candidates_i/U3208/A (INVX8)                                  0.020962  0.000000   0.914856 f
  candidates_i/U3208/Y (INVX8)                                  0.022124  0.028643   0.943499 r
  candidates_i/n7963 (net)                     15     0.042615            0.000000   0.943499 r
  candidates_i/U1194/A (AOI22X1)                                0.022124  0.000000   0.943499 r
  candidates_i/U1194/Y (AOI22X1)                                0.034219  0.034529   0.978028 f
  candidates_i/n2199 (net)                      1     0.001820            0.000000   0.978028 f
  candidates_i/U281/B (AND2X2)                                  0.034219  0.000000   0.978028 f
  candidates_i/U281/Y (AND2X2)                                  0.003411  0.043344   1.021371 f
  candidates_i/n2197 (net)                      1     0.001944            0.000000   1.021371 f
  candidates_i/U3083/B (NAND2X1)                                0.003411  0.000000   1.021371 f
  candidates_i/U3083/Y (NAND2X1)                                0.032247  0.008231   1.029602 r
  candidates_i/n304 (net)                       1     0.001551            0.000000   1.029602 r
  candidates_i/U3085/A (INVX1)                                  0.032247  0.000000   1.029602 r
  candidates_i/U3085/Y (INVX1)                                  0.009207  0.021108   1.050710 f
  candidates_i/n305 (net)                       1     0.001884            0.000000   1.050710 f
  candidates_i/U3084/A (NAND2X1)                                0.009207  0.000000   1.050710 f
  candidates_i/U3084/Y (NAND2X1)                                0.035913  0.026380   1.077090 r
  candidates_i/n2194 (net)                      1     0.002365            0.000000   1.077090 r
  candidates_i/U1192/B (NOR2X1)                                 0.035913  0.000000   1.077090 r
  candidates_i/U1192/Y (NOR2X1)                                 0.000602  0.017558   1.094648 f
  candidates_i/n1588 (net)                      1     0.001476            0.000000   1.094648 f
  candidates_i/U2976/A (INVX1)                                  0.000602  0.000000   1.094648 f
  candidates_i/U2976/Y (INVX1)                                  0.000000  -0.004620  1.090027 r
  candidates_i/n227 (net)                       1     0.001551            0.000000   1.090027 r
  candidates_i/U2977/A (INVX1)                                  0.000000  0.000000   1.090027 r
  candidates_i/U2977/Y (INVX1)                                  0.021962  0.019592   1.109620 f
  candidates_i/n228 (net)                       2     0.005397            0.000000   1.109620 f
  candidates_i/U1191/C (NAND3X1)                                0.021962  0.000000   1.109620 f
  candidates_i/U1191/Y (NAND3X1)                                0.036164  0.032268   1.141888 r
  candidates_i/n2192 (net)                      1     0.002010            0.000000   1.141888 r
  candidates_i/U1190/C (OAI21X1)                                0.036164  0.000000   1.141888 r
  candidates_i/U1190/Y (OAI21X1)                                0.005749  0.019972   1.161860 f
  candidates_i/n2165 (net)                      1     0.001820            0.000000   1.161860 f
  candidates_i/U3086/B (AND2X2)                                 0.005749  0.000000   1.161860 f
  candidates_i/U3086/Y (AND2X2)                                 0.000000  0.035833   1.197692 f
  candidates_i/n306 (net)                       1     0.002209            0.000000   1.197692 f
  candidates_i/U3088/A (NOR2X1)                                 0.000000  0.000000   1.197692 f
  candidates_i/U3088/Y (NOR2X1)                                 0.027765  0.027069   1.224761 r
  candidates_i/n2164 (net)                      1     0.002386            0.000000   1.224761 r
  candidates_i/U1166/C (AOI21X1)                                0.027765  0.000000   1.224761 r
  candidates_i/U1166/Y (AOI21X1)                                0.015757  0.016950   1.241711 f
  candidates_i/n2163 (net)                      1     0.002312            0.000000   1.241711 f
  candidates_i/U1165/C (AOI21X1)                                0.015757  0.000000   1.241711 f
  candidates_i/U1165/Y (AOI21X1)                                0.029885  0.021554   1.263266 r
  candidates_i/n2148 (net)                      1     0.002832            0.000000   1.263266 r
  candidates_i/U1153/B (OAI21X1)                                0.029885  0.000000   1.263266 r
  candidates_i/U1153/Y (OAI21X1)                                0.002880  0.019235   1.282500 f
  candidates_i/n2133 (net)                      1     0.001884            0.000000   1.282500 f
  candidates_i/U1141/A (NAND2X1)                                0.002880  0.000000   1.282500 f
  candidates_i/U1141/Y (NAND2X1)                                0.033834  0.023336   1.305836 r
  candidates_i/n2132 (net)                      1     0.002027            0.000000   1.305836 r
  candidates_i/U1140/B (NAND2X1)                                0.033834  0.000000   1.305836 r
  candidates_i/U1140/Y (NAND2X1)                                0.021135  0.021137   1.326973 f
  candidates_i/n2103 (net)                      1     0.002566            0.000000   1.326973 f
  candidates_i/U1116/A (AOI21X1)                                0.021135  0.000000   1.326973 f
  candidates_i/U1116/Y (AOI21X1)                                0.029932  0.040723   1.367697 r
  candidates_i/n2088 (net)                      1     0.002832            0.000000   1.367697 r
  candidates_i/U1104/B (OAI21X1)                                0.029932  0.000000   1.367697 r
  candidates_i/U1104/Y (OAI21X1)                                0.013029  0.026320   1.394016 f
  candidates_i/candidate_slots[12] (net)        3     0.005912            0.000000   1.394016 f
  candidates_i/candidate_slots[12] (mc_candidates_Q_DEPTH16_ROW_W8_COL_W6)
                                                                          0.000000   1.394016 f
  candidate_slots[12] (net)                           0.005912            0.000000   1.394016 f
  frfcfs.scheduler_i/candidate_slots[12] (mc_scheduler_frfcfs_Q_DEPTH16_ADDR_W16_AGE_LIMIT128_AGING_ENABLE0)
                                                                          0.000000   1.394016 f
  frfcfs.scheduler_i/N596 (net)                       0.005912            0.000000   1.394016 f
  frfcfs.scheduler_i/U141/A (AND2X2)                            0.013029  0.000000   1.394016 f
  frfcfs.scheduler_i/U141/Y (AND2X2)                            0.000000  0.034552   1.428568 f
  frfcfs.scheduler_i/n870 (net)                 2     0.002952            0.000000   1.428568 f
  frfcfs.scheduler_i/U706/A (INVX1)                             0.000000  0.000000   1.428568 f
  frfcfs.scheduler_i/U706/Y (INVX1)                             0.000000  0.006194   1.434762 r
  frfcfs.scheduler_i/n62 (net)                  2     0.004949            0.000000   1.434762 r
  frfcfs.scheduler_i/U97/A (OR2X1)                              0.000000  0.000000   1.434762 r
  frfcfs.scheduler_i/U97/Y (OR2X1)                              0.022030  0.037764   1.472527 r
  frfcfs.scheduler_i/n856 (net)                 1     0.002010            0.000000   1.472527 r
  frfcfs.scheduler_i/U954/C (OAI21X1)                           0.022030  0.000000   1.472527 r
  frfcfs.scheduler_i/U954/Y (OAI21X1)                           0.011062  0.017974   1.490501 f
  frfcfs.scheduler_i/n859 (net)                 1     0.003011            0.000000   1.490501 f
  frfcfs.scheduler_i/U958/A (NOR3X1)                            0.011062  0.000000   1.490501 f
  frfcfs.scheduler_i/U958/Y (NOR3X1)                            0.053891  0.050387   1.540888 r
  frfcfs.scheduler_i/n865 (net)                 1     0.002832            0.000000   1.540888 r
  frfcfs.scheduler_i/U963/B (OAI21X1)                           0.053891  0.000000   1.540888 r
  frfcfs.scheduler_i/U963/Y (OAI21X1)                           0.006902  0.024434   1.565322 f
  frfcfs.scheduler_i/n880 (net)                 1     0.001884            0.000000   1.565322 f
  frfcfs.scheduler_i/U973/A (NAND2X1)                           0.006902  0.000000   1.565322 f
  frfcfs.scheduler_i/U973/Y (NAND2X1)                           0.040856  0.028929   1.594251 r
  frfcfs.scheduler_i/N1530 (net)                2     0.003420            0.000000   1.594251 r
  frfcfs.scheduler_i/U154/B (AND2X2)                            0.040856  0.000000   1.594251 r
  frfcfs.scheduler_i/U154/Y (AND2X2)                            0.013628  0.035744   1.629995 r
  frfcfs.scheduler_i/n17 (net)                  2     0.003739            0.000000   1.629995 r
  frfcfs.scheduler_i/U179/B (AND2X2)                            0.013628  0.000000   1.629995 r
  frfcfs.scheduler_i/U179/Y (AND2X2)                            0.012028  0.034322   1.664317 r
  frfcfs.scheduler_i/n695 (net)                 2     0.003667            0.000000   1.664317 r
  frfcfs.scheduler_i/U172/A (AND2X2)                            0.012028  0.000000   1.664317 r
  frfcfs.scheduler_i/U172/Y (AND2X2)                            0.015886  0.038116   1.702433 r
  frfcfs.scheduler_i/n28 (net)                  2     0.005633            0.000000   1.702433 r
  frfcfs.scheduler_i/U635/A (AOI22X1)                           0.015886  0.000000   1.702433 r
  frfcfs.scheduler_i/U635/Y (AOI22X1)                           0.034505  0.033288   1.735721 f
  frfcfs.scheduler_i/n675 (net)                 1     0.001820            0.000000   1.735721 f
  frfcfs.scheduler_i/U690/B (AND2X2)                            0.034505  0.000000   1.735721 f
  frfcfs.scheduler_i/U690/Y (AND2X2)                            0.002830  0.042920   1.778641 f
  frfcfs.scheduler_i/n614 (net)                 1     0.001476            0.000000   1.778641 f
  frfcfs.scheduler_i/U693/A (INVX1)                             0.002830  0.000000   1.778641 f
  frfcfs.scheduler_i/U693/Y (INVX1)                             0.000000  0.007091   1.785732 r
  frfcfs.scheduler_i/n57 (net)                  2     0.004916            0.000000   1.785732 r
  frfcfs.scheduler_i/U633/D (AOI22X1)                           0.000000  0.000000   1.785732 r
  frfcfs.scheduler_i/U633/Y (AOI22X1)                           0.034495  0.011610   1.797341 f
  frfcfs.scheduler_i/n656 (net)                 1     0.001763            0.000000   1.797341 f
  frfcfs.scheduler_i/U85/A (AND2X2)                             0.034495  0.000000   1.797341 f
  frfcfs.scheduler_i/U85/Y (AND2X2)                             0.004806  0.039796   1.837138 f
  frfcfs.scheduler_i/n655 (net)                 1     0.002832            0.000000   1.837138 f
  frfcfs.scheduler_i/U623/C (NAND3X1)                           0.004806  0.000000   1.837138 f
  frfcfs.scheduler_i/U623/Y (NAND3X1)                           0.036583  0.028728   1.865866 r
  frfcfs.scheduler_i/n652 (net)                 1     0.002283            0.000000   1.865866 r
  frfcfs.scheduler_i/U701/B (OR2X2)                             0.036583  0.000000   1.865866 r
  frfcfs.scheduler_i/U701/Y (OR2X2)                             0.028943  0.058529   1.924395 r
  frfcfs.scheduler_i/n608 (net)                 1     0.010083            0.000000   1.924395 r
  frfcfs.scheduler_i/U169/A (INVX8)                             0.028943  0.000000   1.924395 r
  frfcfs.scheduler_i/U169/Y (INVX8)                             0.019673  0.029316   1.953711 f
  frfcfs.scheduler_i/n59 (net)                 16     0.041161            0.000000   1.953711 f
  frfcfs.scheduler_i/U614/A (OAI21X1)                           0.019673  0.000000   1.953711 f
  frfcfs.scheduler_i/U614/Y (OAI21X1)                           0.043704  0.045509   1.999220 r
  frfcfs.scheduler_i/n638 (net)                 1     0.002655            0.000000   1.999220 r
  frfcfs.scheduler_i/U150/A (INVX2)                             0.043704  0.000000   1.999220 r
  frfcfs.scheduler_i/U150/Y (INVX2)                             0.018444  0.023918   2.023138 f
  frfcfs.scheduler_i/n928 (net)                 2     0.005358            0.000000   2.023138 f
  frfcfs.scheduler_i/U148/A (BUFX2)                             0.018444  0.000000   2.023138 f
  frfcfs.scheduler_i/U148/Y (BUFX2)                             0.002920  0.034118   2.057256 f
  frfcfs.scheduler_i/n14 (net)                  1     0.001820            0.000000   2.057256 f
  frfcfs.scheduler_i/U776/B (AND2X2)                            0.002920  0.000000   2.057256 f
  frfcfs.scheduler_i/U776/Y (AND2X2)                            0.008083  0.035058   2.092314 f
  frfcfs.scheduler_i/n216 (net)                 1     0.002209            0.000000   2.092314 f
  frfcfs.scheduler_i/U778/A (NOR2X1)                            0.008083  0.000000   2.092314 f
  frfcfs.scheduler_i/U778/Y (NOR2X1)                            0.029272  0.029479   2.121793 r
  frfcfs.scheduler_i/n206 (net)                 1     0.002548            0.000000   2.121793 r
  frfcfs.scheduler_i/U245/A (NAND3X1)                           0.029272  0.000000   2.121793 r
  frfcfs.scheduler_i/U245/Y (NAND3X1)                           0.014126  0.019184   2.140977 f
  frfcfs.scheduler_i/n199 (net)                 1     0.001504            0.000000   2.140977 f
  frfcfs.scheduler_i/U764/A (BUFX2)                             0.014126  0.000000   2.140977 f
  frfcfs.scheduler_i/U764/Y (BUFX2)                             0.002687  0.033740   2.174716 f
  frfcfs.scheduler_i/n109 (net)                 1     0.002297            0.000000   2.174716 f
  frfcfs.scheduler_i/U975/B (NOR2X1)                            0.002687  0.000000   2.174716 f
  frfcfs.scheduler_i/U975/Y (NOR2X1)                            0.026701  0.025724   2.200440 r
  frfcfs.scheduler_i/n886 (net)                 1     0.001869            0.000000   2.200440 r
  frfcfs.scheduler_i/U8/B (AND2X2)                              0.026701  0.000000   2.200440 r
  frfcfs.scheduler_i/U8/Y (AND2X2)                              0.016691  0.037608   2.238049 r
  frfcfs.scheduler_i/n121 (net)                 2     0.005399            0.000000   2.238049 r
  frfcfs.scheduler_i/U976/A (NAND2X1)                           0.016691  0.000000   2.238049 r
  frfcfs.scheduler_i/U976/Y (NAND2X1)                           0.021462  0.013252   2.251301 f
  frfcfs.scheduler_i/n197 (net)                 1     0.001924            0.000000   2.251301 f
  frfcfs.scheduler_i/U237/C (OAI21X1)                           0.021462  0.000000   2.251301 f
  frfcfs.scheduler_i/U237/Y (OAI21X1)                           0.045206  0.023956   2.275257 r
  frfcfs.scheduler_i/n192 (net)                 1     0.002764            0.000000   2.275257 r
  frfcfs.scheduler_i/U236/B (AOI22X1)                           0.045206  0.000000   2.275257 r
  frfcfs.scheduler_i/U236/Y (AOI22X1)                           0.035541  0.036110   2.311367 f
  frfcfs.scheduler_i/n191 (net)                 1     0.002312            0.000000   2.311367 f
  frfcfs.scheduler_i/U235/C (AOI21X1)                           0.035541  0.000000   2.311367 f
  frfcfs.scheduler_i/U235/Y (AOI21X1)                           0.027785  0.025641   2.337008 r
  frfcfs.scheduler_i/n189 (net)                 1     0.002386            0.000000   2.337008 r
  frfcfs.scheduler_i/U234/C (AOI21X1)                           0.027785  0.000000   2.337008 r
  frfcfs.scheduler_i/U234/Y (AOI21X1)                           0.017334  0.017616   2.354624 f
  frfcfs.scheduler_i/n187 (net)                 1     0.002632            0.000000   2.354624 f
  frfcfs.scheduler_i/U233/B (OAI21X1)                           0.017334  0.000000   2.354624 f
  frfcfs.scheduler_i/U233/Y (OAI21X1)                           0.043446  0.043026   2.397650 r
  frfcfs.scheduler_i/n184 (net)                 1     0.002741            0.000000   2.397650 r
  frfcfs.scheduler_i/U232/A (AOI21X1)                           0.043446  0.000000   2.397650 r
  frfcfs.scheduler_i/U232/Y (AOI21X1)                           0.017866  0.024379   2.422029 f
  frfcfs.scheduler_i/n182 (net)                 1     0.002632            0.000000   2.422029 f
  frfcfs.scheduler_i/U231/B (OAI21X1)                           0.017866  0.000000   2.422029 f
  frfcfs.scheduler_i/U231/Y (OAI21X1)                           0.041910  0.041126   2.463156 r
  frfcfs.scheduler_i/n179 (net)                 1     0.002111            0.000000   2.463156 r
  frfcfs.scheduler_i/U230/A (NAND2X1)                           0.041910  0.000000   2.463156 r
  frfcfs.scheduler_i/U230/Y (NAND2X1)                           0.020367  0.018469   2.481625 f
  frfcfs.scheduler_i/n178 (net)                 1     0.001820            0.000000   2.481625 f
  frfcfs.scheduler_i/U712/B (AND2X2)                            0.020367  0.000000   2.481625 f
  frfcfs.scheduler_i/U712/Y (AND2X2)                            0.003884  0.042904   2.524529 f
  frfcfs.scheduler_i/n1000 (net)                1     0.005092            0.000000   2.524529 f
  frfcfs.scheduler_i/U249/A (INVX4)                             0.003884  0.000000   2.524529 f
  frfcfs.scheduler_i/U249/Y (INVX4)                             0.000000  0.015610   2.540138 r
  frfcfs.scheduler_i/select_slot[0] (net)       3     0.009498            0.000000   2.540138 r
  frfcfs.scheduler_i/select_slot[0] (mc_scheduler_frfcfs_Q_DEPTH16_ADDR_W16_AGE_LIMIT128_AGING_ENABLE0)
                                                                          0.000000   2.540138 r
  select_slot[0] (net)                                0.009498            0.000000   2.540138 r
  U487/A (BUFX4)                                                0.000000  0.000000   2.540138 r
  U487/Y (BUFX4)                                                0.023542  0.033272   2.573410 r
  n483 (net)                                    9     0.017107            0.000000   2.573410 r
  U766/A (AND2X2)                                               0.023542  0.000000   2.573410 r
  U766/Y (AND2X2)                                               0.019786  0.041179   2.614590 r
  n479 (net)                                    4     0.007308            0.000000   2.614590 r
  U37/A (INVX1)                                                 0.019786  0.000000   2.614590 r
  U37/Y (INVX1)                                                 0.030938  0.032034   2.646624 f
  n138 (net)                                    6     0.008857            0.000000   2.646624 f
  U403/A (INVX1)                                                0.030938  0.000000   2.646624 f
  U403/Y (INVX1)                                                0.000000  0.016194   2.662818 r
  n172 (net)                                    3     0.004653            0.000000   2.662818 r
  U411/A (INVX1)                                                0.000000  0.000000   2.662818 r
  U411/Y (INVX1)                                                0.020417  0.018530   2.681348 f
  n180 (net)                                    2     0.004880            0.000000   2.681348 f
  U860/B (OR2X1)                                                0.020417  0.000000   2.681348 f
  U860/Y (OR2X1)                                                0.011472  0.048969   2.730317 f
  n1238 (net)                                   1     0.001924            0.000000   2.730317 f
  U1465/C (OAI21X1)                                             0.011472  0.000000   2.730317 f
  U1465/Y (OAI21X1)                                             0.042353  0.019550   2.749867 r
  n1241 (net)                                   1     0.002424            0.000000   2.749867 r
  U293/B (OR2X1)                                                0.042353  0.000000   2.749867 r
  U293/Y (OR2X1)                                                0.020016  0.050942   2.800809 r
  n1246 (net)                                   1     0.002242            0.000000   2.800809 r
  U291/A (NOR2X1)                                               0.020016  0.000000   2.800809 r
  U291/Y (NOR2X1)                                               0.002609  0.016892   2.817702 f
  n1257 (net)                                   1     0.002569            0.000000   2.817702 f
  U1473/B (MUX2X1)                                              0.002609  0.000000   2.817702 f
  U1473/Y (MUX2X1)                                              0.039031  0.042142   2.859844 r
  n1258 (net)                                   1     0.001551            0.000000   2.859844 r
  U767/A (INVX1)                                                0.039031  0.000000   2.859844 r
  U767/Y (INVX1)                                                0.033045  0.039568   2.899412 f
  cmd_wdata[21] (net)                           1     0.010000            0.000000   2.899412 f
  cmd_wdata[21] (out)                                           0.033045  0.000000   2.899412 f
  data arrival time                                                                  2.899412

  clock core_clk (rise edge)                                              4.000000   4.000000
  clock network delay (ideal)                                             0.000000   4.000000
  clock uncertainty                                                       -0.100000  3.900000
  output external delay                                                   -1.000000  2.900000
  data required time                                                                 2.900000
  ----------------------------------------------------------------------------------------------
  data required time                                                                 2.900000
  data arrival time                                                                  -2.899412
  ----------------------------------------------------------------------------------------------
  slack (MET)                                                                        0.000588


  Startpoint: table_i/addresses_reg[247]
              (rising edge-triggered flip-flop clocked by core_clk)
  Endpoint: cmd_bank[1]
            (output port clocked by core_clk)
  Path Group: core_clk
  Path Type: max

  Point                                       Fanout       Cap     Trans      Incr       Path
  ----------------------------------------------------------------------------------------------
  clock core_clk (rise edge)                                              0.000000   0.000000
  clock network delay (ideal)                                             0.000000   0.000000
  table_i/addresses_reg[247]/CLK (DFFPOSX1)                     0.000000  0.000000 # 0.000000 r
  table_i/addresses_reg[247]/Q (DFFPOSX1)                       0.044101  0.121169   0.121169 f
  table_i/addresses[247] (net)                  6     0.020716            0.000000   0.121169 f
  table_i/addresses[247] (mc_transaction_table_Q_DEPTH16_ADDR_W16_DATA_W32_TAG_W8_READ_LATENCY3_AGE_LIMIT128)
                                                                          0.000000   0.121169 f
  addresses[247] (net)                                0.020716            0.000000   0.121169 f
  candidates_i/addresses[247] (mc_candidates_Q_DEPTH16_ROW_W8_COL_W6)     0.000000   0.121169 f
  candidates_i/addresses[247] (net)                   0.020716            0.000000   0.121169 f
  candidates_i/U3191/A (INVX4)                                  0.044101  0.000000   0.121169 f
  candidates_i/U3191/Y (INVX4)                                  0.021212  0.028111   0.149280 r
  candidates_i/n3963 (net)                      2     0.011634            0.000000   0.149280 r
  candidates_i/U3190/A (INVX8)                                  0.021212  0.000000   0.149280 r
  candidates_i/U3190/Y (INVX8)                                  0.021575  0.032788   0.182068 f
  candidates_i/n3961 (net)                     12     0.060199            0.000000   0.182068 f
  candidates_i/U7438/B (XNOR2X1)                                0.021575  0.000000   0.182068 f
  candidates_i/U7438/Y (XNOR2X1)                                0.038993  0.050304   0.232372 r
  candidates_i/n6603 (net)                      1     0.002343            0.000000   0.232372 r
  candidates_i/U553/B (AND2X1)                                  0.038993  0.000000   0.232372 r
  candidates_i/U553/Y (AND2X1)                                  0.026796  0.038454   0.270826 r
  candidates_i/n6607 (net)                      1     0.001551            0.000000   0.270826 r
  candidates_i/U4005/A (INVX1)                                  0.026796  0.000000   0.270826 r
  candidates_i/U4005/Y (INVX1)                                  0.012961  0.021942   0.292768 f
  candidates_i/n1095 (net)                      1     0.003011            0.000000   0.292768 f
  candidates_i/U7441/A (NOR3X1)                                 0.012961  0.000000   0.292768 f
  candidates_i/U7441/Y (NOR3X1)                                 0.049823  0.047920   0.340688 r
  candidates_i/n6608 (net)                      1     0.002027            0.000000   0.340688 r
  candidates_i/U7442/B (NAND2X1)                                0.049823  0.000000   0.340688 r
  candidates_i/U7442/Y (NAND2X1)                                0.020724  0.025520   0.366207 f
  candidates_i/n6626 (net)                      1     0.003067            0.000000   0.366207 f
  candidates_i/U7457/B (NOR3X1)                                 0.020724  0.000000   0.366207 f
  candidates_i/U7457/Y (NOR3X1)                                 0.066282  0.051260   0.417468 r
  candidates_i/N1900 (net)                      2     0.005509            0.000000   0.417468 r
  candidates_i/U2226/C (NAND3X1)                                0.066282  0.000000   0.417468 r
  candidates_i/U2226/Y (NAND3X1)                                0.011668  0.022514   0.439982 f
  candidates_i/n3271 (net)                      1     0.001763            0.000000   0.439982 f
  candidates_i/U411/A (AND2X2)                                  0.011668  0.000000   0.439982 f
  candidates_i/U411/Y (AND2X2)                                  0.000000  0.034082   0.474064 f
  candidates_i/n3270 (net)                      1     0.002832            0.000000   0.474064 f
  candidates_i/U2224/C (NAND3X1)                                0.000000  0.000000   0.474064 f
  candidates_i/U2224/Y (NAND3X1)                                0.040765  0.029765   0.503829 r
  candidates_i/n3260 (net)                      1     0.003021            0.000000   0.503829 r
  candidates_i/U2216/A (NOR3X1)                                 0.040765  0.000000   0.503829 r
  candidates_i/U2216/Y (NOR3X1)                                 0.025983  0.041275   0.545104 f
  candidates_i/n3259 (net)                      1     0.001944            0.000000   0.545104 f
  candidates_i/U2215/B (NAND2X1)                                0.025983  0.000000   0.545104 f
  candidates_i/U2215/Y (NAND2X1)                                0.041583  0.022750   0.567854 r
  candidates_i/n2585 (net)                      2     0.003843            0.000000   0.567854 r
  candidates_i/U4568/A (INVX1)                                  0.041583  0.000000   0.567854 r
  candidates_i/U4568/Y (INVX1)                                  0.013966  0.027337   0.595191 f
  candidates_i/eligible[15] (net)               2     0.003692            0.000000   0.595191 f
  candidates_i/U4498/B (AND2X2)                                 0.013966  0.000000   0.595191 f
  candidates_i/U4498/Y (AND2X2)                                 0.009692  0.046430   0.641621 f
  candidates_i/n2325 (net)                      4     0.010080            0.000000   0.641621 f
  candidates_i/U1337/A (NAND3X1)                                0.009692  0.000000   0.641621 f
  candidates_i/U1337/Y (NAND3X1)                                0.038400  0.037105   0.678726 r
  candidates_i/n2354 (net)                      1     0.002548            0.000000   0.678726 r
  candidates_i/U1333/A (NAND3X1)                                0.038400  0.000000   0.678726 r
  candidates_i/U1333/Y (NAND3X1)                                0.017857  0.022887   0.701614 f
  candidates_i/n2347 (net)                      1     0.003011            0.000000   0.701614 f
  candidates_i/U1326/A (NOR3X1)                                 0.017857  0.000000   0.701614 f
  candidates_i/U1326/Y (NOR3X1)                                 0.048284  0.047831   0.749445 r
  candidates_i/n2333 (net)                      1     0.001798            0.000000   0.749445 r
  candidates_i/U2837/A (AND2X2)                                 0.048284  0.000000   0.749445 r
  candidates_i/U2837/Y (AND2X2)                                 0.017078  0.038747   0.788192 r
  candidates_i/n160 (net)                       1     0.005080            0.000000   0.788192 r
  candidates_i/U2690/A (INVX4)                                  0.017078  0.000000   0.788192 r
  candidates_i/U2690/Y (INVX4)                                  0.019785  0.032448   0.820640 f
  candidates_i/n2292 (net)                     16     0.029742            0.000000   0.820640 f
  candidates_i/U4063/B (AND2X2)                                 0.019785  0.000000   0.820640 f
  candidates_i/U4063/Y (AND2X2)                                 0.003984  0.038896   0.859536 f
  candidates_i/n2308 (net)                      1     0.001476            0.000000   0.859536 f
  candidates_i/U4064/A (INVX1)                                  0.003984  0.000000   0.859536 f
  candidates_i/U4064/Y (INVX1)                                  0.000000  0.001155   0.860691 r
  candidates_i/n1140 (net)                      1     0.002961            0.000000   0.860691 r
  candidates_i/U1289/C (NAND3X1)                                0.000000  0.000000   0.860691 r
  candidates_i/U1289/Y (NAND3X1)                                0.015678  0.006604   0.867296 f
  candidates_i/n2079 (net)                      1     0.001504            0.000000   0.867296 f
  candidates_i/U4062/A (BUFX2)                                  0.015678  0.000000   0.867296 f
  candidates_i/U4062/Y (BUFX2)                                  0.020962  0.047560   0.914856 f
  candidates_i/n1139 (net)                      3     0.015249            0.000000   0.914856 f
  candidates_i/U3208/A (INVX8)                                  0.020962  0.000000   0.914856 f
  candidates_i/U3208/Y (INVX8)                                  0.022124  0.028643   0.943499 r
  candidates_i/n7963 (net)                     15     0.042615            0.000000   0.943499 r
  candidates_i/U1194/A (AOI22X1)                                0.022124  0.000000   0.943499 r
  candidates_i/U1194/Y (AOI22X1)                                0.034219  0.034529   0.978028 f
  candidates_i/n2199 (net)                      1     0.001820            0.000000   0.978028 f
  candidates_i/U281/B (AND2X2)                                  0.034219  0.000000   0.978028 f
  candidates_i/U281/Y (AND2X2)                                  0.003411  0.043344   1.021371 f
  candidates_i/n2197 (net)                      1     0.001944            0.000000   1.021371 f
  candidates_i/U3083/B (NAND2X1)                                0.003411  0.000000   1.021371 f
  candidates_i/U3083/Y (NAND2X1)                                0.032247  0.008231   1.029602 r
  candidates_i/n304 (net)                       1     0.001551            0.000000   1.029602 r
  candidates_i/U3085/A (INVX1)                                  0.032247  0.000000   1.029602 r
  candidates_i/U3085/Y (INVX1)                                  0.009207  0.021108   1.050710 f
  candidates_i/n305 (net)                       1     0.001884            0.000000   1.050710 f
  candidates_i/U3084/A (NAND2X1)                                0.009207  0.000000   1.050710 f
  candidates_i/U3084/Y (NAND2X1)                                0.035913  0.026380   1.077090 r
  candidates_i/n2194 (net)                      1     0.002365            0.000000   1.077090 r
  candidates_i/U1192/B (NOR2X1)                                 0.035913  0.000000   1.077090 r
  candidates_i/U1192/Y (NOR2X1)                                 0.000602  0.017558   1.094648 f
  candidates_i/n1588 (net)                      1     0.001476            0.000000   1.094648 f
  candidates_i/U2976/A (INVX1)                                  0.000602  0.000000   1.094648 f
  candidates_i/U2976/Y (INVX1)                                  0.000000  -0.004620  1.090027 r
  candidates_i/n227 (net)                       1     0.001551            0.000000   1.090027 r
  candidates_i/U2977/A (INVX1)                                  0.000000  0.000000   1.090027 r
  candidates_i/U2977/Y (INVX1)                                  0.021962  0.019592   1.109620 f
  candidates_i/n228 (net)                       2     0.005397            0.000000   1.109620 f
  candidates_i/U1191/C (NAND3X1)                                0.021962  0.000000   1.109620 f
  candidates_i/U1191/Y (NAND3X1)                                0.036164  0.032268   1.141888 r
  candidates_i/n2192 (net)                      1     0.002010            0.000000   1.141888 r
  candidates_i/U1190/C (OAI21X1)                                0.036164  0.000000   1.141888 r
  candidates_i/U1190/Y (OAI21X1)                                0.005749  0.019972   1.161860 f
  candidates_i/n2165 (net)                      1     0.001820            0.000000   1.161860 f
  candidates_i/U3086/B (AND2X2)                                 0.005749  0.000000   1.161860 f
  candidates_i/U3086/Y (AND2X2)                                 0.000000  0.035833   1.197692 f
  candidates_i/n306 (net)                       1     0.002209            0.000000   1.197692 f
  candidates_i/U3088/A (NOR2X1)                                 0.000000  0.000000   1.197692 f
  candidates_i/U3088/Y (NOR2X1)                                 0.027765  0.027069   1.224761 r
  candidates_i/n2164 (net)                      1     0.002386            0.000000   1.224761 r
  candidates_i/U1166/C (AOI21X1)                                0.027765  0.000000   1.224761 r
  candidates_i/U1166/Y (AOI21X1)                                0.015757  0.016950   1.241711 f
  candidates_i/n2163 (net)                      1     0.002312            0.000000   1.241711 f
  candidates_i/U1165/C (AOI21X1)                                0.015757  0.000000   1.241711 f
  candidates_i/U1165/Y (AOI21X1)                                0.029885  0.021554   1.263266 r
  candidates_i/n2148 (net)                      1     0.002832            0.000000   1.263266 r
  candidates_i/U1153/B (OAI21X1)                                0.029885  0.000000   1.263266 r
  candidates_i/U1153/Y (OAI21X1)                                0.002880  0.019235   1.282500 f
  candidates_i/n2133 (net)                      1     0.001884            0.000000   1.282500 f
  candidates_i/U1141/A (NAND2X1)                                0.002880  0.000000   1.282500 f
  candidates_i/U1141/Y (NAND2X1)                                0.033834  0.023336   1.305836 r
  candidates_i/n2132 (net)                      1     0.002027            0.000000   1.305836 r
  candidates_i/U1140/B (NAND2X1)                                0.033834  0.000000   1.305836 r
  candidates_i/U1140/Y (NAND2X1)                                0.021135  0.021137   1.326973 f
  candidates_i/n2103 (net)                      1     0.002566            0.000000   1.326973 f
  candidates_i/U1116/A (AOI21X1)                                0.021135  0.000000   1.326973 f
  candidates_i/U1116/Y (AOI21X1)                                0.029932  0.040723   1.367697 r
  candidates_i/n2088 (net)                      1     0.002832            0.000000   1.367697 r
  candidates_i/U1104/B (OAI21X1)                                0.029932  0.000000   1.367697 r
  candidates_i/U1104/Y (OAI21X1)                                0.013029  0.026320   1.394016 f
  candidates_i/candidate_slots[12] (net)        3     0.005912            0.000000   1.394016 f
  candidates_i/candidate_slots[12] (mc_candidates_Q_DEPTH16_ROW_W8_COL_W6)
                                                                          0.000000   1.394016 f
  candidate_slots[12] (net)                           0.005912            0.000000   1.394016 f
  frfcfs.scheduler_i/candidate_slots[12] (mc_scheduler_frfcfs_Q_DEPTH16_ADDR_W16_AGE_LIMIT128_AGING_ENABLE0)
                                                                          0.000000   1.394016 f
  frfcfs.scheduler_i/N596 (net)                       0.005912            0.000000   1.394016 f
  frfcfs.scheduler_i/U141/A (AND2X2)                            0.013029  0.000000   1.394016 f
  frfcfs.scheduler_i/U141/Y (AND2X2)                            0.000000  0.034552   1.428568 f
  frfcfs.scheduler_i/n870 (net)                 2     0.002952            0.000000   1.428568 f
  frfcfs.scheduler_i/U706/A (INVX1)                             0.000000  0.000000   1.428568 f
  frfcfs.scheduler_i/U706/Y (INVX1)                             0.000000  0.006194   1.434762 r
  frfcfs.scheduler_i/n62 (net)                  2     0.004949            0.000000   1.434762 r
  frfcfs.scheduler_i/U97/A (OR2X1)                              0.000000  0.000000   1.434762 r
  frfcfs.scheduler_i/U97/Y (OR2X1)                              0.022030  0.037764   1.472527 r
  frfcfs.scheduler_i/n856 (net)                 1     0.002010            0.000000   1.472527 r
  frfcfs.scheduler_i/U954/C (OAI21X1)                           0.022030  0.000000   1.472527 r
  frfcfs.scheduler_i/U954/Y (OAI21X1)                           0.011062  0.017974   1.490501 f
  frfcfs.scheduler_i/n859 (net)                 1     0.003011            0.000000   1.490501 f
  frfcfs.scheduler_i/U958/A (NOR3X1)                            0.011062  0.000000   1.490501 f
  frfcfs.scheduler_i/U958/Y (NOR3X1)                            0.053891  0.050387   1.540888 r
  frfcfs.scheduler_i/n865 (net)                 1     0.002832            0.000000   1.540888 r
  frfcfs.scheduler_i/U963/B (OAI21X1)                           0.053891  0.000000   1.540888 r
  frfcfs.scheduler_i/U963/Y (OAI21X1)                           0.006902  0.024434   1.565322 f
  frfcfs.scheduler_i/n880 (net)                 1     0.001884            0.000000   1.565322 f
  frfcfs.scheduler_i/U973/A (NAND2X1)                           0.006902  0.000000   1.565322 f
  frfcfs.scheduler_i/U973/Y (NAND2X1)                           0.040856  0.028929   1.594251 r
  frfcfs.scheduler_i/N1530 (net)                2     0.003420            0.000000   1.594251 r
  frfcfs.scheduler_i/U154/B (AND2X2)                            0.040856  0.000000   1.594251 r
  frfcfs.scheduler_i/U154/Y (AND2X2)                            0.013628  0.035744   1.629995 r
  frfcfs.scheduler_i/n17 (net)                  2     0.003739            0.000000   1.629995 r
  frfcfs.scheduler_i/U179/B (AND2X2)                            0.013628  0.000000   1.629995 r
  frfcfs.scheduler_i/U179/Y (AND2X2)                            0.012028  0.034322   1.664317 r
  frfcfs.scheduler_i/n695 (net)                 2     0.003667            0.000000   1.664317 r
  frfcfs.scheduler_i/U172/A (AND2X2)                            0.012028  0.000000   1.664317 r
  frfcfs.scheduler_i/U172/Y (AND2X2)                            0.015886  0.038116   1.702433 r
  frfcfs.scheduler_i/n28 (net)                  2     0.005633            0.000000   1.702433 r
  frfcfs.scheduler_i/U635/A (AOI22X1)                           0.015886  0.000000   1.702433 r
  frfcfs.scheduler_i/U635/Y (AOI22X1)                           0.034505  0.033288   1.735721 f
  frfcfs.scheduler_i/n675 (net)                 1     0.001820            0.000000   1.735721 f
  frfcfs.scheduler_i/U690/B (AND2X2)                            0.034505  0.000000   1.735721 f
  frfcfs.scheduler_i/U690/Y (AND2X2)                            0.002830  0.042920   1.778641 f
  frfcfs.scheduler_i/n614 (net)                 1     0.001476            0.000000   1.778641 f
  frfcfs.scheduler_i/U693/A (INVX1)                             0.002830  0.000000   1.778641 f
  frfcfs.scheduler_i/U693/Y (INVX1)                             0.000000  0.007091   1.785732 r
  frfcfs.scheduler_i/n57 (net)                  2     0.004916            0.000000   1.785732 r
  frfcfs.scheduler_i/U633/D (AOI22X1)                           0.000000  0.000000   1.785732 r
  frfcfs.scheduler_i/U633/Y (AOI22X1)                           0.034495  0.011610   1.797341 f
  frfcfs.scheduler_i/n656 (net)                 1     0.001763            0.000000   1.797341 f
  frfcfs.scheduler_i/U85/A (AND2X2)                             0.034495  0.000000   1.797341 f
  frfcfs.scheduler_i/U85/Y (AND2X2)                             0.004806  0.039796   1.837138 f
  frfcfs.scheduler_i/n655 (net)                 1     0.002832            0.000000   1.837138 f
  frfcfs.scheduler_i/U623/C (NAND3X1)                           0.004806  0.000000   1.837138 f
  frfcfs.scheduler_i/U623/Y (NAND3X1)                           0.036583  0.028728   1.865866 r
  frfcfs.scheduler_i/n652 (net)                 1     0.002283            0.000000   1.865866 r
  frfcfs.scheduler_i/U701/B (OR2X2)                             0.036583  0.000000   1.865866 r
  frfcfs.scheduler_i/U701/Y (OR2X2)                             0.028943  0.058529   1.924395 r
  frfcfs.scheduler_i/n608 (net)                 1     0.010083            0.000000   1.924395 r
  frfcfs.scheduler_i/U169/A (INVX8)                             0.028943  0.000000   1.924395 r
  frfcfs.scheduler_i/U169/Y (INVX8)                             0.019673  0.029316   1.953711 f
  frfcfs.scheduler_i/n59 (net)                 16     0.041161            0.000000   1.953711 f
  frfcfs.scheduler_i/U614/A (OAI21X1)                           0.019673  0.000000   1.953711 f
  frfcfs.scheduler_i/U614/Y (OAI21X1)                           0.043704  0.045509   1.999220 r
  frfcfs.scheduler_i/n638 (net)                 1     0.002655            0.000000   1.999220 r
  frfcfs.scheduler_i/U150/A (INVX2)                             0.043704  0.000000   1.999220 r
  frfcfs.scheduler_i/U150/Y (INVX2)                             0.018444  0.023918   2.023138 f
  frfcfs.scheduler_i/n928 (net)                 2     0.005358            0.000000   2.023138 f
  frfcfs.scheduler_i/U148/A (BUFX2)                             0.018444  0.000000   2.023138 f
  frfcfs.scheduler_i/U148/Y (BUFX2)                             0.002920  0.034118   2.057256 f
  frfcfs.scheduler_i/n14 (net)                  1     0.001820            0.000000   2.057256 f
  frfcfs.scheduler_i/U776/B (AND2X2)                            0.002920  0.000000   2.057256 f
  frfcfs.scheduler_i/U776/Y (AND2X2)                            0.008083  0.035058   2.092314 f
  frfcfs.scheduler_i/n216 (net)                 1     0.002209            0.000000   2.092314 f
  frfcfs.scheduler_i/U778/A (NOR2X1)                            0.008083  0.000000   2.092314 f
  frfcfs.scheduler_i/U778/Y (NOR2X1)                            0.029272  0.029479   2.121793 r
  frfcfs.scheduler_i/n206 (net)                 1     0.002548            0.000000   2.121793 r
  frfcfs.scheduler_i/U245/A (NAND3X1)                           0.029272  0.000000   2.121793 r
  frfcfs.scheduler_i/U245/Y (NAND3X1)                           0.014126  0.019184   2.140977 f
  frfcfs.scheduler_i/n199 (net)                 1     0.001504            0.000000   2.140977 f
  frfcfs.scheduler_i/U764/A (BUFX2)                             0.014126  0.000000   2.140977 f
  frfcfs.scheduler_i/U764/Y (BUFX2)                             0.002687  0.033740   2.174716 f
  frfcfs.scheduler_i/n109 (net)                 1     0.002297            0.000000   2.174716 f
  frfcfs.scheduler_i/U975/B (NOR2X1)                            0.002687  0.000000   2.174716 f
  frfcfs.scheduler_i/U975/Y (NOR2X1)                            0.026701  0.025724   2.200440 r
  frfcfs.scheduler_i/n886 (net)                 1     0.001869            0.000000   2.200440 r
  frfcfs.scheduler_i/U8/B (AND2X2)                              0.026701  0.000000   2.200440 r
  frfcfs.scheduler_i/U8/Y (AND2X2)                              0.016691  0.037608   2.238049 r
  frfcfs.scheduler_i/n121 (net)                 2     0.005399            0.000000   2.238049 r
  frfcfs.scheduler_i/U976/A (NAND2X1)                           0.016691  0.000000   2.238049 r
  frfcfs.scheduler_i/U976/Y (NAND2X1)                           0.021462  0.013252   2.251301 f
  frfcfs.scheduler_i/n197 (net)                 1     0.001924            0.000000   2.251301 f
  frfcfs.scheduler_i/U237/C (OAI21X1)                           0.021462  0.000000   2.251301 f
  frfcfs.scheduler_i/U237/Y (OAI21X1)                           0.045206  0.023956   2.275257 r
  frfcfs.scheduler_i/n192 (net)                 1     0.002764            0.000000   2.275257 r
  frfcfs.scheduler_i/U236/B (AOI22X1)                           0.045206  0.000000   2.275257 r
  frfcfs.scheduler_i/U236/Y (AOI22X1)                           0.035541  0.036110   2.311367 f
  frfcfs.scheduler_i/n191 (net)                 1     0.002312            0.000000   2.311367 f
  frfcfs.scheduler_i/U235/C (AOI21X1)                           0.035541  0.000000   2.311367 f
  frfcfs.scheduler_i/U235/Y (AOI21X1)                           0.027785  0.025641   2.337008 r
  frfcfs.scheduler_i/n189 (net)                 1     0.002386            0.000000   2.337008 r
  frfcfs.scheduler_i/U234/C (AOI21X1)                           0.027785  0.000000   2.337008 r
  frfcfs.scheduler_i/U234/Y (AOI21X1)                           0.017334  0.017616   2.354624 f
  frfcfs.scheduler_i/n187 (net)                 1     0.002632            0.000000   2.354624 f
  frfcfs.scheduler_i/U233/B (OAI21X1)                           0.017334  0.000000   2.354624 f
  frfcfs.scheduler_i/U233/Y (OAI21X1)                           0.043446  0.043026   2.397650 r
  frfcfs.scheduler_i/n184 (net)                 1     0.002741            0.000000   2.397650 r
  frfcfs.scheduler_i/U232/A (AOI21X1)                           0.043446  0.000000   2.397650 r
  frfcfs.scheduler_i/U232/Y (AOI21X1)                           0.017866  0.024379   2.422029 f
  frfcfs.scheduler_i/n182 (net)                 1     0.002632            0.000000   2.422029 f
  frfcfs.scheduler_i/U231/B (OAI21X1)                           0.017866  0.000000   2.422029 f
  frfcfs.scheduler_i/U231/Y (OAI21X1)                           0.041910  0.041126   2.463156 r
  frfcfs.scheduler_i/n179 (net)                 1     0.002111            0.000000   2.463156 r
  frfcfs.scheduler_i/U230/A (NAND2X1)                           0.041910  0.000000   2.463156 r
  frfcfs.scheduler_i/U230/Y (NAND2X1)                           0.020367  0.018469   2.481625 f
  frfcfs.scheduler_i/n178 (net)                 1     0.001820            0.000000   2.481625 f
  frfcfs.scheduler_i/U712/B (AND2X2)                            0.020367  0.000000   2.481625 f
  frfcfs.scheduler_i/U712/Y (AND2X2)                            0.003884  0.042904   2.524529 f
  frfcfs.scheduler_i/n1000 (net)                1     0.005092            0.000000   2.524529 f
  frfcfs.scheduler_i/U249/A (INVX4)                             0.003884  0.000000   2.524529 f
  frfcfs.scheduler_i/U249/Y (INVX4)                             0.000000  0.015610   2.540138 r
  frfcfs.scheduler_i/select_slot[0] (net)       3     0.009498            0.000000   2.540138 r
  frfcfs.scheduler_i/select_slot[0] (mc_scheduler_frfcfs_Q_DEPTH16_ADDR_W16_AGE_LIMIT128_AGING_ENABLE0)
                                                                          0.000000   2.540138 r
  select_slot[0] (net)                                0.009498            0.000000   2.540138 r
  U487/A (BUFX4)                                                0.000000  0.000000   2.540138 r
  U487/Y (BUFX4)                                                0.023542  0.033272   2.573410 r
  n483 (net)                                    9     0.017107            0.000000   2.573410 r
  U748/A (AND2X2)                                               0.023542  0.000000   2.573410 r
  U748/Y (AND2X2)                                               0.027106  0.045599   2.619010 r
  n477 (net)                                    2     0.010161            0.000000   2.619010 r
  U749/A (INVX4)                                                0.027106  0.000000   2.619010 r
  U749/Y (INVX4)                                                0.029640  0.037598   2.656608 f
  n487 (net)                                   18     0.041304            0.000000   2.656608 f
  U188/B (OR2X2)                                                0.029640  0.000000   2.656608 f
  U188/Y (OR2X2)                                                0.007868  0.049382   2.705991 f
  n727 (net)                                    1     0.001924            0.000000   2.705991 f
  U1194/C (OAI21X1)                                             0.007868  0.000000   2.705991 f
  U1194/Y (OAI21X1)                                             0.034496  0.018345   2.724335 r
  n728 (net)                                    1     0.002424            0.000000   2.724335 r
  U771/B (OR2X1)                                                0.034496  0.000000   2.724335 r
  U771/Y (OR2X1)                                                0.023773  0.052948   2.777284 r
  n734 (net)                                    1     0.003021            0.000000   2.777284 r
  U1197/A (NOR3X1)                                              0.023773  0.000000   2.777284 r
  U1197/Y (NOR3X1)                                              0.026943  0.037759   2.815043 f
  n745 (net)                                    1     0.002569            0.000000   2.815043 f
  U1203/B (MUX2X1)                                              0.026943  0.000000   2.815043 f
  U1203/Y (MUX2X1)                                              0.042655  0.051191   2.866235 r
  n746 (net)                                    1     0.002655            0.000000   2.866235 r
  U738/A (INVX2)                                                0.042655  0.000000   2.866235 r
  U738/Y (INVX2)                                                0.028250  0.033122   2.899357 f
  cmd_bank[1] (net)                             4     0.015219            0.000000   2.899357 f
  cmd_bank[1] (out)                                             0.028250  0.000000   2.899357 f
  data arrival time                                                                  2.899357

  clock core_clk (rise edge)                                              4.000000   4.000000
  clock network delay (ideal)                                             0.000000   4.000000
  clock uncertainty                                                       -0.100000  3.900000
  output external delay                                                   -1.000000  2.900000
  data required time                                                                 2.900000
  ----------------------------------------------------------------------------------------------
  data required time                                                                 2.900000
  data arrival time                                                                  -2.899357
  ----------------------------------------------------------------------------------------------
  slack (MET)                                                                        0.000643


  Startpoint: table_i/addresses_reg[247]
              (rising edge-triggered flip-flop clocked by core_clk)
  Endpoint: cmd_wdata[30]
            (output port clocked by core_clk)
  Path Group: core_clk
  Path Type: max

  Point                                       Fanout       Cap     Trans      Incr       Path
  ----------------------------------------------------------------------------------------------
  clock core_clk (rise edge)                                              0.000000   0.000000
  clock network delay (ideal)                                             0.000000   0.000000
  table_i/addresses_reg[247]/CLK (DFFPOSX1)                     0.000000  0.000000 # 0.000000 r
  table_i/addresses_reg[247]/Q (DFFPOSX1)                       0.044101  0.121169   0.121169 f
  table_i/addresses[247] (net)                  6     0.020716            0.000000   0.121169 f
  table_i/addresses[247] (mc_transaction_table_Q_DEPTH16_ADDR_W16_DATA_W32_TAG_W8_READ_LATENCY3_AGE_LIMIT128)
                                                                          0.000000   0.121169 f
  addresses[247] (net)                                0.020716            0.000000   0.121169 f
  candidates_i/addresses[247] (mc_candidates_Q_DEPTH16_ROW_W8_COL_W6)     0.000000   0.121169 f
  candidates_i/addresses[247] (net)                   0.020716            0.000000   0.121169 f
  candidates_i/U3191/A (INVX4)                                  0.044101  0.000000   0.121169 f
  candidates_i/U3191/Y (INVX4)                                  0.021212  0.028111   0.149280 r
  candidates_i/n3963 (net)                      2     0.011634            0.000000   0.149280 r
  candidates_i/U3190/A (INVX8)                                  0.021212  0.000000   0.149280 r
  candidates_i/U3190/Y (INVX8)                                  0.021575  0.032788   0.182068 f
  candidates_i/n3961 (net)                     12     0.060199            0.000000   0.182068 f
  candidates_i/U7438/B (XNOR2X1)                                0.021575  0.000000   0.182068 f
  candidates_i/U7438/Y (XNOR2X1)                                0.038993  0.050304   0.232372 r
  candidates_i/n6603 (net)                      1     0.002343            0.000000   0.232372 r
  candidates_i/U553/B (AND2X1)                                  0.038993  0.000000   0.232372 r
  candidates_i/U553/Y (AND2X1)                                  0.026796  0.038454   0.270826 r
  candidates_i/n6607 (net)                      1     0.001551            0.000000   0.270826 r
  candidates_i/U4005/A (INVX1)                                  0.026796  0.000000   0.270826 r
  candidates_i/U4005/Y (INVX1)                                  0.012961  0.021942   0.292768 f
  candidates_i/n1095 (net)                      1     0.003011            0.000000   0.292768 f
  candidates_i/U7441/A (NOR3X1)                                 0.012961  0.000000   0.292768 f
  candidates_i/U7441/Y (NOR3X1)                                 0.049823  0.047920   0.340688 r
  candidates_i/n6608 (net)                      1     0.002027            0.000000   0.340688 r
  candidates_i/U7442/B (NAND2X1)                                0.049823  0.000000   0.340688 r
  candidates_i/U7442/Y (NAND2X1)                                0.020724  0.025520   0.366207 f
  candidates_i/n6626 (net)                      1     0.003067            0.000000   0.366207 f
  candidates_i/U7457/B (NOR3X1)                                 0.020724  0.000000   0.366207 f
  candidates_i/U7457/Y (NOR3X1)                                 0.066282  0.051260   0.417468 r
  candidates_i/N1900 (net)                      2     0.005509            0.000000   0.417468 r
  candidates_i/U2226/C (NAND3X1)                                0.066282  0.000000   0.417468 r
  candidates_i/U2226/Y (NAND3X1)                                0.011668  0.022514   0.439982 f
  candidates_i/n3271 (net)                      1     0.001763            0.000000   0.439982 f
  candidates_i/U411/A (AND2X2)                                  0.011668  0.000000   0.439982 f
  candidates_i/U411/Y (AND2X2)                                  0.000000  0.034082   0.474064 f
  candidates_i/n3270 (net)                      1     0.002832            0.000000   0.474064 f
  candidates_i/U2224/C (NAND3X1)                                0.000000  0.000000   0.474064 f
  candidates_i/U2224/Y (NAND3X1)                                0.040765  0.029765   0.503829 r
  candidates_i/n3260 (net)                      1     0.003021            0.000000   0.503829 r
  candidates_i/U2216/A (NOR3X1)                                 0.040765  0.000000   0.503829 r
  candidates_i/U2216/Y (NOR3X1)                                 0.025983  0.041275   0.545104 f
  candidates_i/n3259 (net)                      1     0.001944            0.000000   0.545104 f
  candidates_i/U2215/B (NAND2X1)                                0.025983  0.000000   0.545104 f
  candidates_i/U2215/Y (NAND2X1)                                0.041583  0.022750   0.567854 r
  candidates_i/n2585 (net)                      2     0.003843            0.000000   0.567854 r
  candidates_i/U4568/A (INVX1)                                  0.041583  0.000000   0.567854 r
  candidates_i/U4568/Y (INVX1)                                  0.013966  0.027337   0.595191 f
  candidates_i/eligible[15] (net)               2     0.003692            0.000000   0.595191 f
  candidates_i/U4498/B (AND2X2)                                 0.013966  0.000000   0.595191 f
  candidates_i/U4498/Y (AND2X2)                                 0.009692  0.046430   0.641621 f
  candidates_i/n2325 (net)                      4     0.010080            0.000000   0.641621 f
  candidates_i/U1337/A (NAND3X1)                                0.009692  0.000000   0.641621 f
  candidates_i/U1337/Y (NAND3X1)                                0.038400  0.037105   0.678726 r
  candidates_i/n2354 (net)                      1     0.002548            0.000000   0.678726 r
  candidates_i/U1333/A (NAND3X1)                                0.038400  0.000000   0.678726 r
  candidates_i/U1333/Y (NAND3X1)                                0.017857  0.022887   0.701614 f
  candidates_i/n2347 (net)                      1     0.003011            0.000000   0.701614 f
  candidates_i/U1326/A (NOR3X1)                                 0.017857  0.000000   0.701614 f
  candidates_i/U1326/Y (NOR3X1)                                 0.048284  0.047831   0.749445 r
  candidates_i/n2333 (net)                      1     0.001798            0.000000   0.749445 r
  candidates_i/U2837/A (AND2X2)                                 0.048284  0.000000   0.749445 r
  candidates_i/U2837/Y (AND2X2)                                 0.017078  0.038747   0.788192 r
  candidates_i/n160 (net)                       1     0.005080            0.000000   0.788192 r
  candidates_i/U2690/A (INVX4)                                  0.017078  0.000000   0.788192 r
  candidates_i/U2690/Y (INVX4)                                  0.019785  0.032448   0.820640 f
  candidates_i/n2292 (net)                     16     0.029742            0.000000   0.820640 f
  candidates_i/U1310/B (NAND2X1)                                0.019785  0.000000   0.820640 f
  candidates_i/U1310/Y (NAND2X1)                                0.037211  0.017564   0.838204 r
  candidates_i/n2330 (net)                      1     0.002832            0.000000   0.838204 r
  candidates_i/U1309/B (NAND3X1)                                0.037211  0.000000   0.838204 r
  candidates_i/U1309/Y (NAND3X1)                                0.019731  0.022331   0.860535 f
  candidates_i/n2276 (net)                      2     0.003788            0.000000   0.860535 f
  candidates_i/U4400/A (INVX1)                                  0.019731  0.000000   0.860535 f
  candidates_i/U4400/Y (INVX1)                                  0.000000  0.002172   0.862708 r
  candidates_i/n7956 (net)                      1     0.001551            0.000000   0.862708 r
  candidates_i/U2281/A (INVX1)                                  0.000000  0.000000   0.862708 r
  candidates_i/U2281/Y (INVX1)                                  0.013828  0.013999   0.876706 f
  candidates_i/n385 (net)                       1     0.002673            0.000000   0.876706 f
  candidates_i/U2280/A (INVX2)                                  0.013828  0.000000   0.876706 f
  candidates_i/U2280/Y (INVX2)                                  0.095054  0.070692   0.947398 r
  candidates_i/n386 (net)                      15     0.042798            0.000000   0.947398 r
  candidates_i/U1209/A (AOI22X1)                                0.095054  0.000000   0.947398 r
  candidates_i/U1209/Y (AOI22X1)                                0.034237  0.049028   0.996426 f
  candidates_i/n2217 (net)                      1     0.001820            0.000000   0.996426 f
  candidates_i/U2900/B (AND2X2)                                 0.034237  0.000000   0.996426 f
  candidates_i/U2900/Y (AND2X2)                                 0.004686  0.044300   1.040727 f
  candidates_i/n2215 (net)                      1     0.002832            0.000000   1.040727 f
  candidates_i/U1208/C (NAND3X1)                                0.004686  0.000000   1.040727 f
  candidates_i/U1208/Y (NAND3X1)                                0.037240  0.028726   1.069453 r
  candidates_i/n2205 (net)                      1     0.002292            0.000000   1.069453 r
  candidates_i/U283/A (OR2X2)                                   0.037240  0.000000   1.069453 r
  candidates_i/U283/Y (OR2X2)                                   0.017298  0.043922   1.113375 r
  candidates_i/n2081 (net)                      2     0.004842            0.000000   1.113375 r
  candidates_i/U1191/B (NAND3X1)                                0.017298  0.000000   1.113375 r
  candidates_i/U1191/Y (NAND3X1)                                0.016156  0.014692   1.128067 f
  candidates_i/n2192 (net)                      1     0.001924            0.000000   1.128067 f
  candidates_i/U1190/C (OAI21X1)                                0.016156  0.000000   1.128067 f
  candidates_i/U1190/Y (OAI21X1)                                0.039901  0.019379   1.147447 r
  candidates_i/n2165 (net)                      1     0.001869            0.000000   1.147447 r
  candidates_i/U3086/B (AND2X2)                                 0.039901  0.000000   1.147447 r
  candidates_i/U3086/Y (AND2X2)                                 0.010169  0.033406   1.180853 r
  candidates_i/n306 (net)                       1     0.002242            0.000000   1.180853 r
  candidates_i/U3088/A (NOR2X1)                                 0.010169  0.000000   1.180853 r
  candidates_i/U3088/Y (NOR2X1)                                 0.002634  0.013304   1.194157 f
  candidates_i/n2164 (net)                      1     0.002312            0.000000   1.194157 f
  candidates_i/U1166/C (AOI21X1)                                0.002634  0.000000   1.194157 f
  candidates_i/U1166/Y (AOI21X1)                                0.027785  0.016754   1.210911 r
  candidates_i/n2163 (net)                      1     0.002386            0.000000   1.210911 r
  candidates_i/U1165/C (AOI21X1)                                0.027785  0.000000   1.210911 r
  candidates_i/U1165/Y (AOI21X1)                                0.017473  0.017616   1.228526 f
  candidates_i/n2148 (net)                      1     0.002632            0.000000   1.228526 f
  candidates_i/U1153/B (OAI21X1)                                0.017473  0.000000   1.228526 f
  candidates_i/U1153/Y (OAI21X1)                                0.041918  0.041039   1.269566 r
  candidates_i/n2133 (net)                      1     0.002111            0.000000   1.269566 r
  candidates_i/U1141/A (NAND2X1)                                0.041918  0.000000   1.269566 r
  candidates_i/U1141/Y (NAND2X1)                                0.020639  0.018692   1.288257 f
  candidates_i/n2132 (net)                      1     0.001944            0.000000   1.288257 f
  candidates_i/U1140/B (NAND2X1)                                0.020639  0.000000   1.288257 f
  candidates_i/U1140/Y (NAND2X1)                                0.036723  0.017556   1.305814 r
  candidates_i/n2103 (net)                      1     0.002741            0.000000   1.305814 r
  candidates_i/U1116/A (AOI21X1)                                0.036723  0.000000   1.305814 r
  candidates_i/U1116/Y (AOI21X1)                                0.017841  0.022767   1.328581 f
  candidates_i/n2088 (net)                      1     0.002632            0.000000   1.328581 f
  candidates_i/U1104/B (OAI21X1)                                0.017841  0.000000   1.328581 f
  candidates_i/U1104/Y (OAI21X1)                                0.060102  0.053579   1.382159 r
  candidates_i/candidate_slots[12] (net)        3     0.006004            0.000000   1.382159 r
  candidates_i/candidate_slots[12] (mc_candidates_Q_DEPTH16_ROW_W8_COL_W6)
                                                                          0.000000   1.382159 r
  candidate_slots[12] (net)                           0.006004            0.000000   1.382159 r
  frfcfs.scheduler_i/candidate_slots[12] (mc_scheduler_frfcfs_Q_DEPTH16_ADDR_W16_AGE_LIMIT128_AGING_ENABLE0)
                                                                          0.000000   1.382159 r
  frfcfs.scheduler_i/N596 (net)                       0.006004            0.000000   1.382159 r
  frfcfs.scheduler_i/U141/A (AND2X2)                            0.060102  0.000000   1.382159 r
  frfcfs.scheduler_i/U141/Y (AND2X2)                            0.013417  0.036241   1.418401 r
  frfcfs.scheduler_i/n870 (net)                 2     0.003102            0.000000   1.418401 r
  frfcfs.scheduler_i/U706/A (INVX1)                             0.013417  0.000000   1.418401 r
  frfcfs.scheduler_i/U706/Y (INVX1)                             0.018531  0.021502   1.439903 f
  frfcfs.scheduler_i/n62 (net)                  2     0.004561            0.000000   1.439903 f
  frfcfs.scheduler_i/U98/B (OR2X1)                              0.018531  0.000000   1.439903 f
  frfcfs.scheduler_i/U98/Y (OR2X1)                              0.011596  0.048759   1.488662 f
  frfcfs.scheduler_i/n871 (net)                 1     0.001924            0.000000   1.488662 f
  frfcfs.scheduler_i/U968/C (OAI21X1)                           0.011596  0.000000   1.488662 f
  frfcfs.scheduler_i/U968/Y (OAI21X1)                           0.043430  0.021463   1.510125 r
  frfcfs.scheduler_i/n876 (net)                 1     0.003021            0.000000   1.510125 r
  frfcfs.scheduler_i/U971/A (NOR3X1)                            0.043430  0.000000   1.510125 r
  frfcfs.scheduler_i/U971/Y (NOR3X1)                            0.027934  0.043328   1.553453 f
  frfcfs.scheduler_i/n877 (net)                 1     0.002573            0.000000   1.553453 f
  frfcfs.scheduler_i/U972/A (OAI21X1)                           0.027934  0.000000   1.553453 f
  frfcfs.scheduler_i/U972/Y (OAI21X1)                           0.039953  0.045339   1.598792 r
  frfcfs.scheduler_i/n879 (net)                 1     0.002027            0.000000   1.598792 r
  frfcfs.scheduler_i/U973/B (NAND2X1)                           0.039953  0.000000   1.598792 r
  frfcfs.scheduler_i/U973/Y (NAND2X1)                           0.022293  0.023751   1.622543 f
  frfcfs.scheduler_i/N1530 (net)                2     0.003296            0.000000   1.622543 f
  frfcfs.scheduler_i/U154/B (AND2X2)                            0.022293  0.000000   1.622543 f
  frfcfs.scheduler_i/U154/Y (AND2X2)                            0.002276  0.041888   1.664430 f
  frfcfs.scheduler_i/n17 (net)                  2     0.003640            0.000000   1.664430 f
  frfcfs.scheduler_i/U179/B (AND2X2)                            0.002276  0.000000   1.664430 f
  frfcfs.scheduler_i/U179/Y (AND2X2)                            0.000000  0.036329   1.700759 f
  frfcfs.scheduler_i/n695 (net)                 2     0.003583            0.000000   1.700759 f
  frfcfs.scheduler_i/U87/B (AND2X2)                             0.000000  0.000000   1.700759 f
  frfcfs.scheduler_i/U87/Y (AND2X2)                             0.003415  0.037528   1.738287 f
  frfcfs.scheduler_i/n660 (net)                 2     0.005316            0.000000   1.738287 f
  frfcfs.scheduler_i/U626/A (AOI22X1)                           0.003415  0.000000   1.738287 f
  frfcfs.scheduler_i/U626/Y (AOI22X1)                           0.044936  0.043888   1.782175 r
  frfcfs.scheduler_i/n659 (net)                 1     0.001798            0.000000   1.782175 r
  frfcfs.scheduler_i/U696/A (AND2X2)                            0.044936  0.000000   1.782175 r
  frfcfs.scheduler_i/U696/Y (AND2X2)                            0.008873  0.033216   1.815391 r
  frfcfs.scheduler_i/n610 (net)                 1     0.001551            0.000000   1.815391 r
  frfcfs.scheduler_i/U699/A (INVX1)                             0.008873  0.000000   1.815391 r
  frfcfs.scheduler_i/U699/Y (INVX1)                             0.019412  0.020661   1.836053 f
  frfcfs.scheduler_i/n58 (net)                  2     0.004750            0.000000   1.836053 f
  frfcfs.scheduler_i/U624/D (AOI22X1)                           0.019412  0.000000   1.836053 f
  frfcfs.scheduler_i/U624/Y (AOI22X1)                           0.044196  0.028436   1.864489 r
  frfcfs.scheduler_i/n657 (net)                 1     0.001869            0.000000   1.864489 r
  frfcfs.scheduler_i/U85/B (AND2X2)                             0.044196  0.000000   1.864489 r
  frfcfs.scheduler_i/U85/Y (AND2X2)                             0.012036  0.034714   1.899203 r
  frfcfs.scheduler_i/n655 (net)                 1     0.002961            0.000000   1.899203 r
  frfcfs.scheduler_i/U623/C (NAND3X1)                           0.012036  0.000000   1.899203 r
  frfcfs.scheduler_i/U623/Y (NAND3X1)                           0.016012  0.010817   1.910021 f
  frfcfs.scheduler_i/n652 (net)                 1     0.002342            0.000000   1.910021 f
  frfcfs.scheduler_i/U701/B (OR2X2)                             0.016012  0.000000   1.910021 f
  frfcfs.scheduler_i/U701/Y (OR2X2)                             0.017274  0.055902   1.965922 f
  frfcfs.scheduler_i/n608 (net)                 1     0.010104            0.000000   1.965922 f
  frfcfs.scheduler_i/U169/A (INVX8)                             0.017274  0.000000   1.965922 f
  frfcfs.scheduler_i/U169/Y (INVX8)                             0.021292  0.028018   1.993941 r
  frfcfs.scheduler_i/n59 (net)                 16     0.043876            0.000000   1.993941 r
  frfcfs.scheduler_i/U620/A (OAI21X1)                           0.021292  0.000000   1.993941 r
  frfcfs.scheduler_i/U620/Y (OAI21X1)                           0.028877  0.034497   2.028437 f
  frfcfs.scheduler_i/n195 (net)                 2     0.011608            0.000000   2.028437 f
  frfcfs.scheduler_i/U144/A (INVX8)                             0.028877  0.000000   2.028437 f
  frfcfs.scheduler_i/U144/Y (INVX8)                             0.025729  0.031033   2.059470 r
  frfcfs.scheduler_i/n915 (net)                15     0.042888            0.000000   2.059470 r
  frfcfs.scheduler_i/U247/D (AOI22X1)                           0.025729  0.000000   2.059470 r
  frfcfs.scheduler_i/U247/Y (AOI22X1)                           0.034495  0.018447   2.077917 f
  frfcfs.scheduler_i/n209 (net)                 1     0.001763            0.000000   2.077917 f
  frfcfs.scheduler_i/U13/A (AND2X2)                             0.034495  0.000000   2.077917 f
  frfcfs.scheduler_i/U13/Y (AND2X2)                             0.003968  0.039796   2.117714 f
  frfcfs.scheduler_i/n208 (net)                 1     0.002832            0.000000   2.117714 f
  frfcfs.scheduler_i/U245/C (NAND3X1)                           0.003968  0.000000   2.117714 f
  frfcfs.scheduler_i/U245/Y (NAND3X1)                           0.033102  0.026235   2.143948 r
  frfcfs.scheduler_i/n199 (net)                 1     0.001539            0.000000   2.143948 r
  frfcfs.scheduler_i/U764/A (BUFX2)                             0.033102  0.000000   2.143948 r
  frfcfs.scheduler_i/U764/Y (BUFX2)                             0.009383  0.034914   2.178863 r
  frfcfs.scheduler_i/n109 (net)                 1     0.002365            0.000000   2.178863 r
  frfcfs.scheduler_i/U975/B (NOR2X1)                            0.009383  0.000000   2.178863 r
  frfcfs.scheduler_i/U975/Y (NOR2X1)                            0.000732  0.010917   2.189780 f
  frfcfs.scheduler_i/n886 (net)                 1     0.001820            0.000000   2.189780 f
  frfcfs.scheduler_i/U8/B (AND2X2)                              0.000732  0.000000   2.189780 f
  frfcfs.scheduler_i/U8/Y (AND2X2)                              0.009262  0.037513   2.227293 f
  frfcfs.scheduler_i/n121 (net)                 2     0.005110            0.000000   2.227293 f
  frfcfs.scheduler_i/U976/A (NAND2X1)                           0.009262  0.000000   2.227293 f
  frfcfs.scheduler_i/U976/Y (NAND2X1)                           0.034093  0.025295   2.252587 r
  frfcfs.scheduler_i/n197 (net)                 1     0.002010            0.000000   2.252587 r
  frfcfs.scheduler_i/U237/C (OAI21X1)                           0.034093  0.000000   2.252587 r
  frfcfs.scheduler_i/U237/Y (OAI21X1)                           0.006763  0.020808   2.273395 f
  frfcfs.scheduler_i/n192 (net)                 1     0.002726            0.000000   2.273395 f
  frfcfs.scheduler_i/U236/B (AOI22X1)                           0.006763  0.000000   2.273395 f
  frfcfs.scheduler_i/U236/Y (AOI22X1)                           0.046900  0.038612   2.312007 r
  frfcfs.scheduler_i/n191 (net)                 1     0.002386            0.000000   2.312007 r
  frfcfs.scheduler_i/U235/C (AOI21X1)                           0.046900  0.000000   2.312007 r
  frfcfs.scheduler_i/U235/Y (AOI21X1)                           0.016547  0.022635   2.334641 f
  frfcfs.scheduler_i/n189 (net)                 1     0.002312            0.000000   2.334641 f
  frfcfs.scheduler_i/U234/C (AOI21X1)                           0.016547  0.000000   2.334641 f
  frfcfs.scheduler_i/U234/Y (AOI21X1)                           0.029879  0.021768   2.356409 r
  frfcfs.scheduler_i/n187 (net)                 1     0.002832            0.000000   2.356409 r
  frfcfs.scheduler_i/U233/B (OAI21X1)                           0.029879  0.000000   2.356409 r
  frfcfs.scheduler_i/U233/Y (OAI21X1)                           0.004708  0.020430   2.376839 f
  frfcfs.scheduler_i/n184 (net)                 1     0.002566            0.000000   2.376839 f
  frfcfs.scheduler_i/U232/A (AOI21X1)                           0.004708  0.000000   2.376839 f
  frfcfs.scheduler_i/U232/Y (AOI21X1)                           0.029647  0.036474   2.413313 r
  frfcfs.scheduler_i/n182 (net)                 1     0.002832            0.000000   2.413313 r
  frfcfs.scheduler_i/U231/B (OAI21X1)                           0.029647  0.000000   2.413313 r
  frfcfs.scheduler_i/U231/Y (OAI21X1)                           0.002880  0.019183   2.432496 f
  frfcfs.scheduler_i/n179 (net)                 1     0.001884            0.000000   2.432496 f
  frfcfs.scheduler_i/U230/A (NAND2X1)                           0.002880  0.000000   2.432496 f
  frfcfs.scheduler_i/U230/Y (NAND2X1)                           0.033108  0.022845   2.455341 r
  frfcfs.scheduler_i/n178 (net)                 1     0.001869            0.000000   2.455341 r
  frfcfs.scheduler_i/U712/B (AND2X2)                            0.033108  0.000000   2.455341 r
  frfcfs.scheduler_i/U712/Y (AND2X2)                            0.016287  0.037427   2.492768 r
  frfcfs.scheduler_i/n1000 (net)                1     0.005080            0.000000   2.492768 r
  frfcfs.scheduler_i/U249/A (INVX4)                             0.016287  0.000000   2.492768 r
  frfcfs.scheduler_i/U249/Y (INVX4)                             0.008944  0.024970   2.517738 f
  frfcfs.scheduler_i/select_slot[0] (net)       3     0.009212            0.000000   2.517738 f
  frfcfs.scheduler_i/select_slot[0] (mc_scheduler_frfcfs_Q_DEPTH16_ADDR_W16_AGE_LIMIT128_AGING_ENABLE0)
                                                                          0.000000   2.517738 f
  select_slot[0] (net)                                0.009212            0.000000   2.517738 f
  U488/A (BUFX4)                                                0.008944  0.000000   2.517738 f
  U488/Y (BUFX4)                                                0.005446  0.049224   2.566962 f
  n482 (net)                                    7     0.021710            0.000000   2.566962 f
  U363/A (INVX8)                                                0.005446  0.000000   2.566962 f
  U363/Y (INVX8)                                                0.000000  0.015722   2.582683 r
  n574 (net)                                    9     0.018013            0.000000   2.582683 r
  U735/B (AND2X2)                                               0.000000  0.000000   2.582683 r
  U735/Y (AND2X2)                                               0.020826  0.039957   2.622640 r
  n1632 (net)                                   5     0.007755            0.000000   2.622640 r
  U694/A (INVX1)                                                0.020826  0.000000   2.622640 r
  U694/Y (INVX1)                                                0.026869  0.029575   2.652215 f
  n430 (net)                                    5     0.007521            0.000000   2.652215 f
  U710/A (BUFX2)                                                0.026869  0.000000   2.652215 f
  U710/Y (BUFX2)                                                0.008285  0.038631   2.690846 f
  n446 (net)                                    2     0.004494            0.000000   2.690846 f
  U52/B (OR2X1)                                                 0.008285  0.000000   2.690846 f
  U52/Y (OR2X1)                                                 0.012267  0.047619   2.738464 f
  n1452 (net)                                   1     0.001924            0.000000   2.738464 f
  U1564/C (OAI21X1)                                             0.012267  0.000000   2.738464 f
  U1564/Y (OAI21X1)                                             0.042353  0.019815   2.758280 r
  n1453 (net)                                   1     0.002424            0.000000   2.758280 r
  U147/B (OR2X1)                                                0.042353  0.000000   2.758280 r
  U147/Y (OR2X1)                                                0.020589  0.051320   2.809599 r
  n31 (net)                                     1     0.002365            0.000000   2.809599 r
  U285/B (NOR2X1)                                               0.020589  0.000000   2.809599 r
  U285/Y (NOR2X1)                                               0.003285  0.015568   2.825168 f
  n1466 (net)                                   1     0.002569            0.000000   2.825168 f
  U1570/B (MUX2X1)                                              0.003285  0.000000   2.825168 f
  U1570/Y (MUX2X1)                                              0.044170  0.045840   2.871008 r
  n1467 (net)                                   1     0.002655            0.000000   2.871008 r
  U473/A (INVX2)                                                0.044170  0.000000   2.871008 r
  U473/Y (INVX2)                                                0.023430  0.028284   2.899292 f
  cmd_wdata[30] (net)                           1     0.010000            0.000000   2.899292 f
  cmd_wdata[30] (out)                                           0.023430  0.000000   2.899292 f
  data arrival time                                                                  2.899292

  clock core_clk (rise edge)                                              4.000000   4.000000
  clock network delay (ideal)                                             0.000000   4.000000
  clock uncertainty                                                       -0.100000  3.900000
  output external delay                                                   -1.000000  2.900000
  data required time                                                                 2.900000
  ----------------------------------------------------------------------------------------------
  data required time                                                                 2.900000
  data arrival time                                                                  -2.899292
  ----------------------------------------------------------------------------------------------
  slack (MET)                                                                        0.000708


  Startpoint: table_i/addresses_reg[247]
              (rising edge-triggered flip-flop clocked by core_clk)
  Endpoint: cmd_wdata[29]
            (output port clocked by core_clk)
  Path Group: core_clk
  Path Type: max

  Point                                       Fanout       Cap     Trans      Incr       Path
  ----------------------------------------------------------------------------------------------
  clock core_clk (rise edge)                                              0.000000   0.000000
  clock network delay (ideal)                                             0.000000   0.000000
  table_i/addresses_reg[247]/CLK (DFFPOSX1)                     0.000000  0.000000 # 0.000000 r
  table_i/addresses_reg[247]/Q (DFFPOSX1)                       0.044101  0.121169   0.121169 f
  table_i/addresses[247] (net)                  6     0.020716            0.000000   0.121169 f
  table_i/addresses[247] (mc_transaction_table_Q_DEPTH16_ADDR_W16_DATA_W32_TAG_W8_READ_LATENCY3_AGE_LIMIT128)
                                                                          0.000000   0.121169 f
  addresses[247] (net)                                0.020716            0.000000   0.121169 f
  candidates_i/addresses[247] (mc_candidates_Q_DEPTH16_ROW_W8_COL_W6)     0.000000   0.121169 f
  candidates_i/addresses[247] (net)                   0.020716            0.000000   0.121169 f
  candidates_i/U3191/A (INVX4)                                  0.044101  0.000000   0.121169 f
  candidates_i/U3191/Y (INVX4)                                  0.021212  0.028111   0.149280 r
  candidates_i/n3963 (net)                      2     0.011634            0.000000   0.149280 r
  candidates_i/U3190/A (INVX8)                                  0.021212  0.000000   0.149280 r
  candidates_i/U3190/Y (INVX8)                                  0.021575  0.032788   0.182068 f
  candidates_i/n3961 (net)                     12     0.060199            0.000000   0.182068 f
  candidates_i/U7438/B (XNOR2X1)                                0.021575  0.000000   0.182068 f
  candidates_i/U7438/Y (XNOR2X1)                                0.038993  0.050304   0.232372 r
  candidates_i/n6603 (net)                      1     0.002343            0.000000   0.232372 r
  candidates_i/U553/B (AND2X1)                                  0.038993  0.000000   0.232372 r
  candidates_i/U553/Y (AND2X1)                                  0.026796  0.038454   0.270826 r
  candidates_i/n6607 (net)                      1     0.001551            0.000000   0.270826 r
  candidates_i/U4005/A (INVX1)                                  0.026796  0.000000   0.270826 r
  candidates_i/U4005/Y (INVX1)                                  0.012961  0.021942   0.292768 f
  candidates_i/n1095 (net)                      1     0.003011            0.000000   0.292768 f
  candidates_i/U7441/A (NOR3X1)                                 0.012961  0.000000   0.292768 f
  candidates_i/U7441/Y (NOR3X1)                                 0.049823  0.047920   0.340688 r
  candidates_i/n6608 (net)                      1     0.002027            0.000000   0.340688 r
  candidates_i/U7442/B (NAND2X1)                                0.049823  0.000000   0.340688 r
  candidates_i/U7442/Y (NAND2X1)                                0.020724  0.025520   0.366207 f
  candidates_i/n6626 (net)                      1     0.003067            0.000000   0.366207 f
  candidates_i/U7457/B (NOR3X1)                                 0.020724  0.000000   0.366207 f
  candidates_i/U7457/Y (NOR3X1)                                 0.066282  0.051260   0.417468 r
  candidates_i/N1900 (net)                      2     0.005509            0.000000   0.417468 r
  candidates_i/U2226/C (NAND3X1)                                0.066282  0.000000   0.417468 r
  candidates_i/U2226/Y (NAND3X1)                                0.011668  0.022514   0.439982 f
  candidates_i/n3271 (net)                      1     0.001763            0.000000   0.439982 f
  candidates_i/U411/A (AND2X2)                                  0.011668  0.000000   0.439982 f
  candidates_i/U411/Y (AND2X2)                                  0.000000  0.034082   0.474064 f
  candidates_i/n3270 (net)                      1     0.002832            0.000000   0.474064 f
  candidates_i/U2224/C (NAND3X1)                                0.000000  0.000000   0.474064 f
  candidates_i/U2224/Y (NAND3X1)                                0.040765  0.029765   0.503829 r
  candidates_i/n3260 (net)                      1     0.003021            0.000000   0.503829 r
  candidates_i/U2216/A (NOR3X1)                                 0.040765  0.000000   0.503829 r
  candidates_i/U2216/Y (NOR3X1)                                 0.025983  0.041275   0.545104 f
  candidates_i/n3259 (net)                      1     0.001944            0.000000   0.545104 f
  candidates_i/U2215/B (NAND2X1)                                0.025983  0.000000   0.545104 f
  candidates_i/U2215/Y (NAND2X1)                                0.041583  0.022750   0.567854 r
  candidates_i/n2585 (net)                      2     0.003843            0.000000   0.567854 r
  candidates_i/U4568/A (INVX1)                                  0.041583  0.000000   0.567854 r
  candidates_i/U4568/Y (INVX1)                                  0.013966  0.027337   0.595191 f
  candidates_i/eligible[15] (net)               2     0.003692            0.000000   0.595191 f
  candidates_i/U4498/B (AND2X2)                                 0.013966  0.000000   0.595191 f
  candidates_i/U4498/Y (AND2X2)                                 0.009692  0.046430   0.641621 f
  candidates_i/n2325 (net)                      4     0.010080            0.000000   0.641621 f
  candidates_i/U1337/A (NAND3X1)                                0.009692  0.000000   0.641621 f
  candidates_i/U1337/Y (NAND3X1)                                0.038400  0.037105   0.678726 r
  candidates_i/n2354 (net)                      1     0.002548            0.000000   0.678726 r
  candidates_i/U1333/A (NAND3X1)                                0.038400  0.000000   0.678726 r
  candidates_i/U1333/Y (NAND3X1)                                0.017857  0.022887   0.701614 f
  candidates_i/n2347 (net)                      1     0.003011            0.000000   0.701614 f
  candidates_i/U1326/A (NOR3X1)                                 0.017857  0.000000   0.701614 f
  candidates_i/U1326/Y (NOR3X1)                                 0.048284  0.047831   0.749445 r
  candidates_i/n2333 (net)                      1     0.001798            0.000000   0.749445 r
  candidates_i/U2837/A (AND2X2)                                 0.048284  0.000000   0.749445 r
  candidates_i/U2837/Y (AND2X2)                                 0.017078  0.038747   0.788192 r
  candidates_i/n160 (net)                       1     0.005080            0.000000   0.788192 r
  candidates_i/U2690/A (INVX4)                                  0.017078  0.000000   0.788192 r
  candidates_i/U2690/Y (INVX4)                                  0.019785  0.032448   0.820640 f
  candidates_i/n2292 (net)                     16     0.029742            0.000000   0.820640 f
  candidates_i/U1310/B (NAND2X1)                                0.019785  0.000000   0.820640 f
  candidates_i/U1310/Y (NAND2X1)                                0.037211  0.017564   0.838204 r
  candidates_i/n2330 (net)                      1     0.002832            0.000000   0.838204 r
  candidates_i/U1309/B (NAND3X1)                                0.037211  0.000000   0.838204 r
  candidates_i/U1309/Y (NAND3X1)                                0.019731  0.022331   0.860535 f
  candidates_i/n2276 (net)                      2     0.003788            0.000000   0.860535 f
  candidates_i/U4400/A (INVX1)                                  0.019731  0.000000   0.860535 f
  candidates_i/U4400/Y (INVX1)                                  0.000000  0.002172   0.862708 r
  candidates_i/n7956 (net)                      1     0.001551            0.000000   0.862708 r
  candidates_i/U2281/A (INVX1)                                  0.000000  0.000000   0.862708 r
  candidates_i/U2281/Y (INVX1)                                  0.013828  0.013999   0.876706 f
  candidates_i/n385 (net)                       1     0.002673            0.000000   0.876706 f
  candidates_i/U2280/A (INVX2)                                  0.013828  0.000000   0.876706 f
  candidates_i/U2280/Y (INVX2)                                  0.095054  0.070692   0.947398 r
  candidates_i/n386 (net)                      15     0.042798            0.000000   0.947398 r
  candidates_i/U1209/A (AOI22X1)                                0.095054  0.000000   0.947398 r
  candidates_i/U1209/Y (AOI22X1)                                0.034237  0.049028   0.996426 f
  candidates_i/n2217 (net)                      1     0.001820            0.000000   0.996426 f
  candidates_i/U2900/B (AND2X2)                                 0.034237  0.000000   0.996426 f
  candidates_i/U2900/Y (AND2X2)                                 0.004686  0.044300   1.040727 f
  candidates_i/n2215 (net)                      1     0.002832            0.000000   1.040727 f
  candidates_i/U1208/C (NAND3X1)                                0.004686  0.000000   1.040727 f
  candidates_i/U1208/Y (NAND3X1)                                0.037240  0.028726   1.069453 r
  candidates_i/n2205 (net)                      1     0.002292            0.000000   1.069453 r
  candidates_i/U283/A (OR2X2)                                   0.037240  0.000000   1.069453 r
  candidates_i/U283/Y (OR2X2)                                   0.017298  0.043922   1.113375 r
  candidates_i/n2081 (net)                      2     0.004842            0.000000   1.113375 r
  candidates_i/U1191/B (NAND3X1)                                0.017298  0.000000   1.113375 r
  candidates_i/U1191/Y (NAND3X1)                                0.016156  0.014692   1.128067 f
  candidates_i/n2192 (net)                      1     0.001924            0.000000   1.128067 f
  candidates_i/U1190/C (OAI21X1)                                0.016156  0.000000   1.128067 f
  candidates_i/U1190/Y (OAI21X1)                                0.039901  0.019379   1.147447 r
  candidates_i/n2165 (net)                      1     0.001869            0.000000   1.147447 r
  candidates_i/U3086/B (AND2X2)                                 0.039901  0.000000   1.147447 r
  candidates_i/U3086/Y (AND2X2)                                 0.010169  0.033406   1.180853 r
  candidates_i/n306 (net)                       1     0.002242            0.000000   1.180853 r
  candidates_i/U3088/A (NOR2X1)                                 0.010169  0.000000   1.180853 r
  candidates_i/U3088/Y (NOR2X1)                                 0.002634  0.013304   1.194157 f
  candidates_i/n2164 (net)                      1     0.002312            0.000000   1.194157 f
  candidates_i/U1166/C (AOI21X1)                                0.002634  0.000000   1.194157 f
  candidates_i/U1166/Y (AOI21X1)                                0.027785  0.016754   1.210911 r
  candidates_i/n2163 (net)                      1     0.002386            0.000000   1.210911 r
  candidates_i/U1165/C (AOI21X1)                                0.027785  0.000000   1.210911 r
  candidates_i/U1165/Y (AOI21X1)                                0.017473  0.017616   1.228526 f
  candidates_i/n2148 (net)                      1     0.002632            0.000000   1.228526 f
  candidates_i/U1153/B (OAI21X1)                                0.017473  0.000000   1.228526 f
  candidates_i/U1153/Y (OAI21X1)                                0.041918  0.041039   1.269566 r
  candidates_i/n2133 (net)                      1     0.002111            0.000000   1.269566 r
  candidates_i/U1141/A (NAND2X1)                                0.041918  0.000000   1.269566 r
  candidates_i/U1141/Y (NAND2X1)                                0.020639  0.018692   1.288257 f
  candidates_i/n2132 (net)                      1     0.001944            0.000000   1.288257 f
  candidates_i/U1140/B (NAND2X1)                                0.020639  0.000000   1.288257 f
  candidates_i/U1140/Y (NAND2X1)                                0.036723  0.017556   1.305814 r
  candidates_i/n2103 (net)                      1     0.002741            0.000000   1.305814 r
  candidates_i/U1116/A (AOI21X1)                                0.036723  0.000000   1.305814 r
  candidates_i/U1116/Y (AOI21X1)                                0.017841  0.022767   1.328581 f
  candidates_i/n2088 (net)                      1     0.002632            0.000000   1.328581 f
  candidates_i/U1104/B (OAI21X1)                                0.017841  0.000000   1.328581 f
  candidates_i/U1104/Y (OAI21X1)                                0.060102  0.053579   1.382159 r
  candidates_i/candidate_slots[12] (net)        3     0.006004            0.000000   1.382159 r
  candidates_i/candidate_slots[12] (mc_candidates_Q_DEPTH16_ROW_W8_COL_W6)
                                                                          0.000000   1.382159 r
  candidate_slots[12] (net)                           0.006004            0.000000   1.382159 r
  frfcfs.scheduler_i/candidate_slots[12] (mc_scheduler_frfcfs_Q_DEPTH16_ADDR_W16_AGE_LIMIT128_AGING_ENABLE0)
                                                                          0.000000   1.382159 r
  frfcfs.scheduler_i/N596 (net)                       0.006004            0.000000   1.382159 r
  frfcfs.scheduler_i/U141/A (AND2X2)                            0.060102  0.000000   1.382159 r
  frfcfs.scheduler_i/U141/Y (AND2X2)                            0.013417  0.036241   1.418401 r
  frfcfs.scheduler_i/n870 (net)                 2     0.003102            0.000000   1.418401 r
  frfcfs.scheduler_i/U706/A (INVX1)                             0.013417  0.000000   1.418401 r
  frfcfs.scheduler_i/U706/Y (INVX1)                             0.018531  0.021502   1.439903 f
  frfcfs.scheduler_i/n62 (net)                  2     0.004561            0.000000   1.439903 f
  frfcfs.scheduler_i/U98/B (OR2X1)                              0.018531  0.000000   1.439903 f
  frfcfs.scheduler_i/U98/Y (OR2X1)                              0.011596  0.048759   1.488662 f
  frfcfs.scheduler_i/n871 (net)                 1     0.001924            0.000000   1.488662 f
  frfcfs.scheduler_i/U968/C (OAI21X1)                           0.011596  0.000000   1.488662 f
  frfcfs.scheduler_i/U968/Y (OAI21X1)                           0.043430  0.021463   1.510125 r
  frfcfs.scheduler_i/n876 (net)                 1     0.003021            0.000000   1.510125 r
  frfcfs.scheduler_i/U971/A (NOR3X1)                            0.043430  0.000000   1.510125 r
  frfcfs.scheduler_i/U971/Y (NOR3X1)                            0.027934  0.043328   1.553453 f
  frfcfs.scheduler_i/n877 (net)                 1     0.002573            0.000000   1.553453 f
  frfcfs.scheduler_i/U972/A (OAI21X1)                           0.027934  0.000000   1.553453 f
  frfcfs.scheduler_i/U972/Y (OAI21X1)                           0.039953  0.045339   1.598792 r
  frfcfs.scheduler_i/n879 (net)                 1     0.002027            0.000000   1.598792 r
  frfcfs.scheduler_i/U973/B (NAND2X1)                           0.039953  0.000000   1.598792 r
  frfcfs.scheduler_i/U973/Y (NAND2X1)                           0.022293  0.023751   1.622543 f
  frfcfs.scheduler_i/N1530 (net)                2     0.003296            0.000000   1.622543 f
  frfcfs.scheduler_i/U154/B (AND2X2)                            0.022293  0.000000   1.622543 f
  frfcfs.scheduler_i/U154/Y (AND2X2)                            0.002276  0.041888   1.664430 f
  frfcfs.scheduler_i/n17 (net)                  2     0.003640            0.000000   1.664430 f
  frfcfs.scheduler_i/U179/B (AND2X2)                            0.002276  0.000000   1.664430 f
  frfcfs.scheduler_i/U179/Y (AND2X2)                            0.000000  0.036329   1.700759 f
  frfcfs.scheduler_i/n695 (net)                 2     0.003583            0.000000   1.700759 f
  frfcfs.scheduler_i/U87/B (AND2X2)                             0.000000  0.000000   1.700759 f
  frfcfs.scheduler_i/U87/Y (AND2X2)                             0.003415  0.037528   1.738287 f
  frfcfs.scheduler_i/n660 (net)                 2     0.005316            0.000000   1.738287 f
  frfcfs.scheduler_i/U626/A (AOI22X1)                           0.003415  0.000000   1.738287 f
  frfcfs.scheduler_i/U626/Y (AOI22X1)                           0.044936  0.043888   1.782175 r
  frfcfs.scheduler_i/n659 (net)                 1     0.001798            0.000000   1.782175 r
  frfcfs.scheduler_i/U696/A (AND2X2)                            0.044936  0.000000   1.782175 r
  frfcfs.scheduler_i/U696/Y (AND2X2)                            0.008873  0.033216   1.815391 r
  frfcfs.scheduler_i/n610 (net)                 1     0.001551            0.000000   1.815391 r
  frfcfs.scheduler_i/U699/A (INVX1)                             0.008873  0.000000   1.815391 r
  frfcfs.scheduler_i/U699/Y (INVX1)                             0.019412  0.020661   1.836053 f
  frfcfs.scheduler_i/n58 (net)                  2     0.004750            0.000000   1.836053 f
  frfcfs.scheduler_i/U624/D (AOI22X1)                           0.019412  0.000000   1.836053 f
  frfcfs.scheduler_i/U624/Y (AOI22X1)                           0.044196  0.028436   1.864489 r
  frfcfs.scheduler_i/n657 (net)                 1     0.001869            0.000000   1.864489 r
  frfcfs.scheduler_i/U85/B (AND2X2)                             0.044196  0.000000   1.864489 r
  frfcfs.scheduler_i/U85/Y (AND2X2)                             0.012036  0.034714   1.899203 r
  frfcfs.scheduler_i/n655 (net)                 1     0.002961            0.000000   1.899203 r
  frfcfs.scheduler_i/U623/C (NAND3X1)                           0.012036  0.000000   1.899203 r
  frfcfs.scheduler_i/U623/Y (NAND3X1)                           0.016012  0.010817   1.910021 f
  frfcfs.scheduler_i/n652 (net)                 1     0.002342            0.000000   1.910021 f
  frfcfs.scheduler_i/U701/B (OR2X2)                             0.016012  0.000000   1.910021 f
  frfcfs.scheduler_i/U701/Y (OR2X2)                             0.017274  0.055902   1.965922 f
  frfcfs.scheduler_i/n608 (net)                 1     0.010104            0.000000   1.965922 f
  frfcfs.scheduler_i/U169/A (INVX8)                             0.017274  0.000000   1.965922 f
  frfcfs.scheduler_i/U169/Y (INVX8)                             0.021292  0.028018   1.993941 r
  frfcfs.scheduler_i/n59 (net)                 16     0.043876            0.000000   1.993941 r
  frfcfs.scheduler_i/U620/A (OAI21X1)                           0.021292  0.000000   1.993941 r
  frfcfs.scheduler_i/U620/Y (OAI21X1)                           0.028877  0.034497   2.028437 f
  frfcfs.scheduler_i/n195 (net)                 2     0.011608            0.000000   2.028437 f
  frfcfs.scheduler_i/U144/A (INVX8)                             0.028877  0.000000   2.028437 f
  frfcfs.scheduler_i/U144/Y (INVX8)                             0.025729  0.031033   2.059470 r
  frfcfs.scheduler_i/n915 (net)                15     0.042888            0.000000   2.059470 r
  frfcfs.scheduler_i/U247/D (AOI22X1)                           0.025729  0.000000   2.059470 r
  frfcfs.scheduler_i/U247/Y (AOI22X1)                           0.034495  0.018447   2.077917 f
  frfcfs.scheduler_i/n209 (net)                 1     0.001763            0.000000   2.077917 f
  frfcfs.scheduler_i/U13/A (AND2X2)                             0.034495  0.000000   2.077917 f
  frfcfs.scheduler_i/U13/Y (AND2X2)                             0.003968  0.039796   2.117714 f
  frfcfs.scheduler_i/n208 (net)                 1     0.002832            0.000000   2.117714 f
  frfcfs.scheduler_i/U245/C (NAND3X1)                           0.003968  0.000000   2.117714 f
  frfcfs.scheduler_i/U245/Y (NAND3X1)                           0.033102  0.026235   2.143948 r
  frfcfs.scheduler_i/n199 (net)                 1     0.001539            0.000000   2.143948 r
  frfcfs.scheduler_i/U764/A (BUFX2)                             0.033102  0.000000   2.143948 r
  frfcfs.scheduler_i/U764/Y (BUFX2)                             0.009383  0.034914   2.178863 r
  frfcfs.scheduler_i/n109 (net)                 1     0.002365            0.000000   2.178863 r
  frfcfs.scheduler_i/U975/B (NOR2X1)                            0.009383  0.000000   2.178863 r
  frfcfs.scheduler_i/U975/Y (NOR2X1)                            0.000732  0.010917   2.189780 f
  frfcfs.scheduler_i/n886 (net)                 1     0.001820            0.000000   2.189780 f
  frfcfs.scheduler_i/U8/B (AND2X2)                              0.000732  0.000000   2.189780 f
  frfcfs.scheduler_i/U8/Y (AND2X2)                              0.009262  0.037513   2.227293 f
  frfcfs.scheduler_i/n121 (net)                 2     0.005110            0.000000   2.227293 f
  frfcfs.scheduler_i/U976/A (NAND2X1)                           0.009262  0.000000   2.227293 f
  frfcfs.scheduler_i/U976/Y (NAND2X1)                           0.034093  0.025295   2.252587 r
  frfcfs.scheduler_i/n197 (net)                 1     0.002010            0.000000   2.252587 r
  frfcfs.scheduler_i/U237/C (OAI21X1)                           0.034093  0.000000   2.252587 r
  frfcfs.scheduler_i/U237/Y (OAI21X1)                           0.006763  0.020808   2.273395 f
  frfcfs.scheduler_i/n192 (net)                 1     0.002726            0.000000   2.273395 f
  frfcfs.scheduler_i/U236/B (AOI22X1)                           0.006763  0.000000   2.273395 f
  frfcfs.scheduler_i/U236/Y (AOI22X1)                           0.046900  0.038612   2.312007 r
  frfcfs.scheduler_i/n191 (net)                 1     0.002386            0.000000   2.312007 r
  frfcfs.scheduler_i/U235/C (AOI21X1)                           0.046900  0.000000   2.312007 r
  frfcfs.scheduler_i/U235/Y (AOI21X1)                           0.016547  0.022635   2.334641 f
  frfcfs.scheduler_i/n189 (net)                 1     0.002312            0.000000   2.334641 f
  frfcfs.scheduler_i/U234/C (AOI21X1)                           0.016547  0.000000   2.334641 f
  frfcfs.scheduler_i/U234/Y (AOI21X1)                           0.029879  0.021768   2.356409 r
  frfcfs.scheduler_i/n187 (net)                 1     0.002832            0.000000   2.356409 r
  frfcfs.scheduler_i/U233/B (OAI21X1)                           0.029879  0.000000   2.356409 r
  frfcfs.scheduler_i/U233/Y (OAI21X1)                           0.004708  0.020430   2.376839 f
  frfcfs.scheduler_i/n184 (net)                 1     0.002566            0.000000   2.376839 f
  frfcfs.scheduler_i/U232/A (AOI21X1)                           0.004708  0.000000   2.376839 f
  frfcfs.scheduler_i/U232/Y (AOI21X1)                           0.029647  0.036474   2.413313 r
  frfcfs.scheduler_i/n182 (net)                 1     0.002832            0.000000   2.413313 r
  frfcfs.scheduler_i/U231/B (OAI21X1)                           0.029647  0.000000   2.413313 r
  frfcfs.scheduler_i/U231/Y (OAI21X1)                           0.002880  0.019183   2.432496 f
  frfcfs.scheduler_i/n179 (net)                 1     0.001884            0.000000   2.432496 f
  frfcfs.scheduler_i/U230/A (NAND2X1)                           0.002880  0.000000   2.432496 f
  frfcfs.scheduler_i/U230/Y (NAND2X1)                           0.033108  0.022845   2.455341 r
  frfcfs.scheduler_i/n178 (net)                 1     0.001869            0.000000   2.455341 r
  frfcfs.scheduler_i/U712/B (AND2X2)                            0.033108  0.000000   2.455341 r
  frfcfs.scheduler_i/U712/Y (AND2X2)                            0.016287  0.037427   2.492768 r
  frfcfs.scheduler_i/n1000 (net)                1     0.005080            0.000000   2.492768 r
  frfcfs.scheduler_i/U249/A (INVX4)                             0.016287  0.000000   2.492768 r
  frfcfs.scheduler_i/U249/Y (INVX4)                             0.008944  0.024970   2.517738 f
  frfcfs.scheduler_i/select_slot[0] (net)       3     0.009212            0.000000   2.517738 f
  frfcfs.scheduler_i/select_slot[0] (mc_scheduler_frfcfs_Q_DEPTH16_ADDR_W16_AGE_LIMIT128_AGING_ENABLE0)
                                                                          0.000000   2.517738 f
  select_slot[0] (net)                                0.009212            0.000000   2.517738 f
  U488/A (BUFX4)                                                0.008944  0.000000   2.517738 f
  U488/Y (BUFX4)                                                0.005446  0.049224   2.566962 f
  n482 (net)                                    7     0.021710            0.000000   2.566962 f
  U363/A (INVX8)                                                0.005446  0.000000   2.566962 f
  U363/Y (INVX8)                                                0.000000  0.015722   2.582683 r
  n574 (net)                                    9     0.018013            0.000000   2.582683 r
  U735/B (AND2X2)                                               0.000000  0.000000   2.582683 r
  U735/Y (AND2X2)                                               0.020826  0.039957   2.622640 r
  n1632 (net)                                   5     0.007755            0.000000   2.622640 r
  U694/A (INVX1)                                                0.020826  0.000000   2.622640 r
  U694/Y (INVX1)                                                0.026869  0.029575   2.652215 f
  n430 (net)                                    5     0.007521            0.000000   2.652215 f
  U709/A (BUFX2)                                                0.026869  0.000000   2.652215 f
  U709/Y (BUFX2)                                                0.008285  0.038631   2.690846 f
  n445 (net)                                    2     0.004494            0.000000   2.690846 f
  U51/B (OR2X1)                                                 0.008285  0.000000   2.690846 f
  U51/Y (OR2X1)                                                 0.012267  0.047619   2.738464 f
  n1410 (net)                                   1     0.001924            0.000000   2.738464 f
  U1545/C (OAI21X1)                                             0.012267  0.000000   2.738464 f
  U1545/Y (OAI21X1)                                             0.042353  0.019815   2.758280 r
  n1411 (net)                                   1     0.002424            0.000000   2.758280 r
  U149/B (OR2X1)                                                0.042353  0.000000   2.758280 r
  U149/Y (OR2X1)                                                0.020589  0.051320   2.809599 r
  n33 (net)                                     1     0.002365            0.000000   2.809599 r
  U201/B (NOR2X1)                                               0.020589  0.000000   2.809599 r
  U201/Y (NOR2X1)                                               0.003285  0.015568   2.825168 f
  n1424 (net)                                   1     0.002569            0.000000   2.825168 f
  U1550/B (MUX2X1)                                              0.003285  0.000000   2.825168 f
  U1550/Y (MUX2X1)                                              0.044170  0.045840   2.871008 r
  n1425 (net)                                   1     0.002655            0.000000   2.871008 r
  U505/A (INVX2)                                                0.044170  0.000000   2.871008 r
  U505/Y (INVX2)                                                0.023430  0.028284   2.899292 f
  cmd_wdata[29] (net)                           1     0.010000            0.000000   2.899292 f
  cmd_wdata[29] (out)                                           0.023430  0.000000   2.899292 f
  data arrival time                                                                  2.899292

  clock core_clk (rise edge)                                              4.000000   4.000000
  clock network delay (ideal)                                             0.000000   4.000000
  clock uncertainty                                                       -0.100000  3.900000
  output external delay                                                   -1.000000  2.900000
  data required time                                                                 2.900000
  ----------------------------------------------------------------------------------------------
  data required time                                                                 2.900000
  data arrival time                                                                  -2.899292
  ----------------------------------------------------------------------------------------------
  slack (MET)                                                                        0.000708


  Startpoint: table_i/addresses_reg[247]
              (rising edge-triggered flip-flop clocked by core_clk)
  Endpoint: cmd_wdata[28]
            (output port clocked by core_clk)
  Path Group: core_clk
  Path Type: max

  Point                                       Fanout       Cap     Trans      Incr       Path
  ----------------------------------------------------------------------------------------------
  clock core_clk (rise edge)                                              0.000000   0.000000
  clock network delay (ideal)                                             0.000000   0.000000
  table_i/addresses_reg[247]/CLK (DFFPOSX1)                     0.000000  0.000000 # 0.000000 r
  table_i/addresses_reg[247]/Q (DFFPOSX1)                       0.044101  0.121169   0.121169 f
  table_i/addresses[247] (net)                  6     0.020716            0.000000   0.121169 f
  table_i/addresses[247] (mc_transaction_table_Q_DEPTH16_ADDR_W16_DATA_W32_TAG_W8_READ_LATENCY3_AGE_LIMIT128)
                                                                          0.000000   0.121169 f
  addresses[247] (net)                                0.020716            0.000000   0.121169 f
  candidates_i/addresses[247] (mc_candidates_Q_DEPTH16_ROW_W8_COL_W6)     0.000000   0.121169 f
  candidates_i/addresses[247] (net)                   0.020716            0.000000   0.121169 f
  candidates_i/U3191/A (INVX4)                                  0.044101  0.000000   0.121169 f
  candidates_i/U3191/Y (INVX4)                                  0.021212  0.028111   0.149280 r
  candidates_i/n3963 (net)                      2     0.011634            0.000000   0.149280 r
  candidates_i/U3190/A (INVX8)                                  0.021212  0.000000   0.149280 r
  candidates_i/U3190/Y (INVX8)                                  0.021575  0.032788   0.182068 f
  candidates_i/n3961 (net)                     12     0.060199            0.000000   0.182068 f
  candidates_i/U7438/B (XNOR2X1)                                0.021575  0.000000   0.182068 f
  candidates_i/U7438/Y (XNOR2X1)                                0.038993  0.050304   0.232372 r
  candidates_i/n6603 (net)                      1     0.002343            0.000000   0.232372 r
  candidates_i/U553/B (AND2X1)                                  0.038993  0.000000   0.232372 r
  candidates_i/U553/Y (AND2X1)                                  0.026796  0.038454   0.270826 r
  candidates_i/n6607 (net)                      1     0.001551            0.000000   0.270826 r
  candidates_i/U4005/A (INVX1)                                  0.026796  0.000000   0.270826 r
  candidates_i/U4005/Y (INVX1)                                  0.012961  0.021942   0.292768 f
  candidates_i/n1095 (net)                      1     0.003011            0.000000   0.292768 f
  candidates_i/U7441/A (NOR3X1)                                 0.012961  0.000000   0.292768 f
  candidates_i/U7441/Y (NOR3X1)                                 0.049823  0.047920   0.340688 r
  candidates_i/n6608 (net)                      1     0.002027            0.000000   0.340688 r
  candidates_i/U7442/B (NAND2X1)                                0.049823  0.000000   0.340688 r
  candidates_i/U7442/Y (NAND2X1)                                0.020724  0.025520   0.366207 f
  candidates_i/n6626 (net)                      1     0.003067            0.000000   0.366207 f
  candidates_i/U7457/B (NOR3X1)                                 0.020724  0.000000   0.366207 f
  candidates_i/U7457/Y (NOR3X1)                                 0.066282  0.051260   0.417468 r
  candidates_i/N1900 (net)                      2     0.005509            0.000000   0.417468 r
  candidates_i/U2226/C (NAND3X1)                                0.066282  0.000000   0.417468 r
  candidates_i/U2226/Y (NAND3X1)                                0.011668  0.022514   0.439982 f
  candidates_i/n3271 (net)                      1     0.001763            0.000000   0.439982 f
  candidates_i/U411/A (AND2X2)                                  0.011668  0.000000   0.439982 f
  candidates_i/U411/Y (AND2X2)                                  0.000000  0.034082   0.474064 f
  candidates_i/n3270 (net)                      1     0.002832            0.000000   0.474064 f
  candidates_i/U2224/C (NAND3X1)                                0.000000  0.000000   0.474064 f
  candidates_i/U2224/Y (NAND3X1)                                0.040765  0.029765   0.503829 r
  candidates_i/n3260 (net)                      1     0.003021            0.000000   0.503829 r
  candidates_i/U2216/A (NOR3X1)                                 0.040765  0.000000   0.503829 r
  candidates_i/U2216/Y (NOR3X1)                                 0.025983  0.041275   0.545104 f
  candidates_i/n3259 (net)                      1     0.001944            0.000000   0.545104 f
  candidates_i/U2215/B (NAND2X1)                                0.025983  0.000000   0.545104 f
  candidates_i/U2215/Y (NAND2X1)                                0.041583  0.022750   0.567854 r
  candidates_i/n2585 (net)                      2     0.003843            0.000000   0.567854 r
  candidates_i/U4568/A (INVX1)                                  0.041583  0.000000   0.567854 r
  candidates_i/U4568/Y (INVX1)                                  0.013966  0.027337   0.595191 f
  candidates_i/eligible[15] (net)               2     0.003692            0.000000   0.595191 f
  candidates_i/U4498/B (AND2X2)                                 0.013966  0.000000   0.595191 f
  candidates_i/U4498/Y (AND2X2)                                 0.009692  0.046430   0.641621 f
  candidates_i/n2325 (net)                      4     0.010080            0.000000   0.641621 f
  candidates_i/U1337/A (NAND3X1)                                0.009692  0.000000   0.641621 f
  candidates_i/U1337/Y (NAND3X1)                                0.038400  0.037105   0.678726 r
  candidates_i/n2354 (net)                      1     0.002548            0.000000   0.678726 r
  candidates_i/U1333/A (NAND3X1)                                0.038400  0.000000   0.678726 r
  candidates_i/U1333/Y (NAND3X1)                                0.017857  0.022887   0.701614 f
  candidates_i/n2347 (net)                      1     0.003011            0.000000   0.701614 f
  candidates_i/U1326/A (NOR3X1)                                 0.017857  0.000000   0.701614 f
  candidates_i/U1326/Y (NOR3X1)                                 0.048284  0.047831   0.749445 r
  candidates_i/n2333 (net)                      1     0.001798            0.000000   0.749445 r
  candidates_i/U2837/A (AND2X2)                                 0.048284  0.000000   0.749445 r
  candidates_i/U2837/Y (AND2X2)                                 0.017078  0.038747   0.788192 r
  candidates_i/n160 (net)                       1     0.005080            0.000000   0.788192 r
  candidates_i/U2690/A (INVX4)                                  0.017078  0.000000   0.788192 r
  candidates_i/U2690/Y (INVX4)                                  0.019785  0.032448   0.820640 f
  candidates_i/n2292 (net)                     16     0.029742            0.000000   0.820640 f
  candidates_i/U1310/B (NAND2X1)                                0.019785  0.000000   0.820640 f
  candidates_i/U1310/Y (NAND2X1)                                0.037211  0.017564   0.838204 r
  candidates_i/n2330 (net)                      1     0.002832            0.000000   0.838204 r
  candidates_i/U1309/B (NAND3X1)                                0.037211  0.000000   0.838204 r
  candidates_i/U1309/Y (NAND3X1)                                0.019731  0.022331   0.860535 f
  candidates_i/n2276 (net)                      2     0.003788            0.000000   0.860535 f
  candidates_i/U4400/A (INVX1)                                  0.019731  0.000000   0.860535 f
  candidates_i/U4400/Y (INVX1)                                  0.000000  0.002172   0.862708 r
  candidates_i/n7956 (net)                      1     0.001551            0.000000   0.862708 r
  candidates_i/U2281/A (INVX1)                                  0.000000  0.000000   0.862708 r
  candidates_i/U2281/Y (INVX1)                                  0.013828  0.013999   0.876706 f
  candidates_i/n385 (net)                       1     0.002673            0.000000   0.876706 f
  candidates_i/U2280/A (INVX2)                                  0.013828  0.000000   0.876706 f
  candidates_i/U2280/Y (INVX2)                                  0.095054  0.070692   0.947398 r
  candidates_i/n386 (net)                      15     0.042798            0.000000   0.947398 r
  candidates_i/U1209/A (AOI22X1)                                0.095054  0.000000   0.947398 r
  candidates_i/U1209/Y (AOI22X1)                                0.034237  0.049028   0.996426 f
  candidates_i/n2217 (net)                      1     0.001820            0.000000   0.996426 f
  candidates_i/U2900/B (AND2X2)                                 0.034237  0.000000   0.996426 f
  candidates_i/U2900/Y (AND2X2)                                 0.004686  0.044300   1.040727 f
  candidates_i/n2215 (net)                      1     0.002832            0.000000   1.040727 f
  candidates_i/U1208/C (NAND3X1)                                0.004686  0.000000   1.040727 f
  candidates_i/U1208/Y (NAND3X1)                                0.037240  0.028726   1.069453 r
  candidates_i/n2205 (net)                      1     0.002292            0.000000   1.069453 r
  candidates_i/U283/A (OR2X2)                                   0.037240  0.000000   1.069453 r
  candidates_i/U283/Y (OR2X2)                                   0.017298  0.043922   1.113375 r
  candidates_i/n2081 (net)                      2     0.004842            0.000000   1.113375 r
  candidates_i/U1191/B (NAND3X1)                                0.017298  0.000000   1.113375 r
  candidates_i/U1191/Y (NAND3X1)                                0.016156  0.014692   1.128067 f
  candidates_i/n2192 (net)                      1     0.001924            0.000000   1.128067 f
  candidates_i/U1190/C (OAI21X1)                                0.016156  0.000000   1.128067 f
  candidates_i/U1190/Y (OAI21X1)                                0.039901  0.019379   1.147447 r
  candidates_i/n2165 (net)                      1     0.001869            0.000000   1.147447 r
  candidates_i/U3086/B (AND2X2)                                 0.039901  0.000000   1.147447 r
  candidates_i/U3086/Y (AND2X2)                                 0.010169  0.033406   1.180853 r
  candidates_i/n306 (net)                       1     0.002242            0.000000   1.180853 r
  candidates_i/U3088/A (NOR2X1)                                 0.010169  0.000000   1.180853 r
  candidates_i/U3088/Y (NOR2X1)                                 0.002634  0.013304   1.194157 f
  candidates_i/n2164 (net)                      1     0.002312            0.000000   1.194157 f
  candidates_i/U1166/C (AOI21X1)                                0.002634  0.000000   1.194157 f
  candidates_i/U1166/Y (AOI21X1)                                0.027785  0.016754   1.210911 r
  candidates_i/n2163 (net)                      1     0.002386            0.000000   1.210911 r
  candidates_i/U1165/C (AOI21X1)                                0.027785  0.000000   1.210911 r
  candidates_i/U1165/Y (AOI21X1)                                0.017473  0.017616   1.228526 f
  candidates_i/n2148 (net)                      1     0.002632            0.000000   1.228526 f
  candidates_i/U1153/B (OAI21X1)                                0.017473  0.000000   1.228526 f
  candidates_i/U1153/Y (OAI21X1)                                0.041918  0.041039   1.269566 r
  candidates_i/n2133 (net)                      1     0.002111            0.000000   1.269566 r
  candidates_i/U1141/A (NAND2X1)                                0.041918  0.000000   1.269566 r
  candidates_i/U1141/Y (NAND2X1)                                0.020639  0.018692   1.288257 f
  candidates_i/n2132 (net)                      1     0.001944            0.000000   1.288257 f
  candidates_i/U1140/B (NAND2X1)                                0.020639  0.000000   1.288257 f
  candidates_i/U1140/Y (NAND2X1)                                0.036723  0.017556   1.305814 r
  candidates_i/n2103 (net)                      1     0.002741            0.000000   1.305814 r
  candidates_i/U1116/A (AOI21X1)                                0.036723  0.000000   1.305814 r
  candidates_i/U1116/Y (AOI21X1)                                0.017841  0.022767   1.328581 f
  candidates_i/n2088 (net)                      1     0.002632            0.000000   1.328581 f
  candidates_i/U1104/B (OAI21X1)                                0.017841  0.000000   1.328581 f
  candidates_i/U1104/Y (OAI21X1)                                0.060102  0.053579   1.382159 r
  candidates_i/candidate_slots[12] (net)        3     0.006004            0.000000   1.382159 r
  candidates_i/candidate_slots[12] (mc_candidates_Q_DEPTH16_ROW_W8_COL_W6)
                                                                          0.000000   1.382159 r
  candidate_slots[12] (net)                           0.006004            0.000000   1.382159 r
  frfcfs.scheduler_i/candidate_slots[12] (mc_scheduler_frfcfs_Q_DEPTH16_ADDR_W16_AGE_LIMIT128_AGING_ENABLE0)
                                                                          0.000000   1.382159 r
  frfcfs.scheduler_i/N596 (net)                       0.006004            0.000000   1.382159 r
  frfcfs.scheduler_i/U141/A (AND2X2)                            0.060102  0.000000   1.382159 r
  frfcfs.scheduler_i/U141/Y (AND2X2)                            0.013417  0.036241   1.418401 r
  frfcfs.scheduler_i/n870 (net)                 2     0.003102            0.000000   1.418401 r
  frfcfs.scheduler_i/U706/A (INVX1)                             0.013417  0.000000   1.418401 r
  frfcfs.scheduler_i/U706/Y (INVX1)                             0.018531  0.021502   1.439903 f
  frfcfs.scheduler_i/n62 (net)                  2     0.004561            0.000000   1.439903 f
  frfcfs.scheduler_i/U98/B (OR2X1)                              0.018531  0.000000   1.439903 f
  frfcfs.scheduler_i/U98/Y (OR2X1)                              0.011596  0.048759   1.488662 f
  frfcfs.scheduler_i/n871 (net)                 1     0.001924            0.000000   1.488662 f
  frfcfs.scheduler_i/U968/C (OAI21X1)                           0.011596  0.000000   1.488662 f
  frfcfs.scheduler_i/U968/Y (OAI21X1)                           0.043430  0.021463   1.510125 r
  frfcfs.scheduler_i/n876 (net)                 1     0.003021            0.000000   1.510125 r
  frfcfs.scheduler_i/U971/A (NOR3X1)                            0.043430  0.000000   1.510125 r
  frfcfs.scheduler_i/U971/Y (NOR3X1)                            0.027934  0.043328   1.553453 f
  frfcfs.scheduler_i/n877 (net)                 1     0.002573            0.000000   1.553453 f
  frfcfs.scheduler_i/U972/A (OAI21X1)                           0.027934  0.000000   1.553453 f
  frfcfs.scheduler_i/U972/Y (OAI21X1)                           0.039953  0.045339   1.598792 r
  frfcfs.scheduler_i/n879 (net)                 1     0.002027            0.000000   1.598792 r
  frfcfs.scheduler_i/U973/B (NAND2X1)                           0.039953  0.000000   1.598792 r
  frfcfs.scheduler_i/U973/Y (NAND2X1)                           0.022293  0.023751   1.622543 f
  frfcfs.scheduler_i/N1530 (net)                2     0.003296            0.000000   1.622543 f
  frfcfs.scheduler_i/U154/B (AND2X2)                            0.022293  0.000000   1.622543 f
  frfcfs.scheduler_i/U154/Y (AND2X2)                            0.002276  0.041888   1.664430 f
  frfcfs.scheduler_i/n17 (net)                  2     0.003640            0.000000   1.664430 f
  frfcfs.scheduler_i/U179/B (AND2X2)                            0.002276  0.000000   1.664430 f
  frfcfs.scheduler_i/U179/Y (AND2X2)                            0.000000  0.036329   1.700759 f
  frfcfs.scheduler_i/n695 (net)                 2     0.003583            0.000000   1.700759 f
  frfcfs.scheduler_i/U87/B (AND2X2)                             0.000000  0.000000   1.700759 f
  frfcfs.scheduler_i/U87/Y (AND2X2)                             0.003415  0.037528   1.738287 f
  frfcfs.scheduler_i/n660 (net)                 2     0.005316            0.000000   1.738287 f
  frfcfs.scheduler_i/U626/A (AOI22X1)                           0.003415  0.000000   1.738287 f
  frfcfs.scheduler_i/U626/Y (AOI22X1)                           0.044936  0.043888   1.782175 r
  frfcfs.scheduler_i/n659 (net)                 1     0.001798            0.000000   1.782175 r
  frfcfs.scheduler_i/U696/A (AND2X2)                            0.044936  0.000000   1.782175 r
  frfcfs.scheduler_i/U696/Y (AND2X2)                            0.008873  0.033216   1.815391 r
  frfcfs.scheduler_i/n610 (net)                 1     0.001551            0.000000   1.815391 r
  frfcfs.scheduler_i/U699/A (INVX1)                             0.008873  0.000000   1.815391 r
  frfcfs.scheduler_i/U699/Y (INVX1)                             0.019412  0.020661   1.836053 f
  frfcfs.scheduler_i/n58 (net)                  2     0.004750            0.000000   1.836053 f
  frfcfs.scheduler_i/U624/D (AOI22X1)                           0.019412  0.000000   1.836053 f
  frfcfs.scheduler_i/U624/Y (AOI22X1)                           0.044196  0.028436   1.864489 r
  frfcfs.scheduler_i/n657 (net)                 1     0.001869            0.000000   1.864489 r
  frfcfs.scheduler_i/U85/B (AND2X2)                             0.044196  0.000000   1.864489 r
  frfcfs.scheduler_i/U85/Y (AND2X2)                             0.012036  0.034714   1.899203 r
  frfcfs.scheduler_i/n655 (net)                 1     0.002961            0.000000   1.899203 r
  frfcfs.scheduler_i/U623/C (NAND3X1)                           0.012036  0.000000   1.899203 r
  frfcfs.scheduler_i/U623/Y (NAND3X1)                           0.016012  0.010817   1.910021 f
  frfcfs.scheduler_i/n652 (net)                 1     0.002342            0.000000   1.910021 f
  frfcfs.scheduler_i/U701/B (OR2X2)                             0.016012  0.000000   1.910021 f
  frfcfs.scheduler_i/U701/Y (OR2X2)                             0.017274  0.055902   1.965922 f
  frfcfs.scheduler_i/n608 (net)                 1     0.010104            0.000000   1.965922 f
  frfcfs.scheduler_i/U169/A (INVX8)                             0.017274  0.000000   1.965922 f
  frfcfs.scheduler_i/U169/Y (INVX8)                             0.021292  0.028018   1.993941 r
  frfcfs.scheduler_i/n59 (net)                 16     0.043876            0.000000   1.993941 r
  frfcfs.scheduler_i/U620/A (OAI21X1)                           0.021292  0.000000   1.993941 r
  frfcfs.scheduler_i/U620/Y (OAI21X1)                           0.028877  0.034497   2.028437 f
  frfcfs.scheduler_i/n195 (net)                 2     0.011608            0.000000   2.028437 f
  frfcfs.scheduler_i/U144/A (INVX8)                             0.028877  0.000000   2.028437 f
  frfcfs.scheduler_i/U144/Y (INVX8)                             0.025729  0.031033   2.059470 r
  frfcfs.scheduler_i/n915 (net)                15     0.042888            0.000000   2.059470 r
  frfcfs.scheduler_i/U247/D (AOI22X1)                           0.025729  0.000000   2.059470 r
  frfcfs.scheduler_i/U247/Y (AOI22X1)                           0.034495  0.018447   2.077917 f
  frfcfs.scheduler_i/n209 (net)                 1     0.001763            0.000000   2.077917 f
  frfcfs.scheduler_i/U13/A (AND2X2)                             0.034495  0.000000   2.077917 f
  frfcfs.scheduler_i/U13/Y (AND2X2)                             0.003968  0.039796   2.117714 f
  frfcfs.scheduler_i/n208 (net)                 1     0.002832            0.000000   2.117714 f
  frfcfs.scheduler_i/U245/C (NAND3X1)                           0.003968  0.000000   2.117714 f
  frfcfs.scheduler_i/U245/Y (NAND3X1)                           0.033102  0.026235   2.143948 r
  frfcfs.scheduler_i/n199 (net)                 1     0.001539            0.000000   2.143948 r
  frfcfs.scheduler_i/U764/A (BUFX2)                             0.033102  0.000000   2.143948 r
  frfcfs.scheduler_i/U764/Y (BUFX2)                             0.009383  0.034914   2.178863 r
  frfcfs.scheduler_i/n109 (net)                 1     0.002365            0.000000   2.178863 r
  frfcfs.scheduler_i/U975/B (NOR2X1)                            0.009383  0.000000   2.178863 r
  frfcfs.scheduler_i/U975/Y (NOR2X1)                            0.000732  0.010917   2.189780 f
  frfcfs.scheduler_i/n886 (net)                 1     0.001820            0.000000   2.189780 f
  frfcfs.scheduler_i/U8/B (AND2X2)                              0.000732  0.000000   2.189780 f
  frfcfs.scheduler_i/U8/Y (AND2X2)                              0.009262  0.037513   2.227293 f
  frfcfs.scheduler_i/n121 (net)                 2     0.005110            0.000000   2.227293 f
  frfcfs.scheduler_i/U976/A (NAND2X1)                           0.009262  0.000000   2.227293 f
  frfcfs.scheduler_i/U976/Y (NAND2X1)                           0.034093  0.025295   2.252587 r
  frfcfs.scheduler_i/n197 (net)                 1     0.002010            0.000000   2.252587 r
  frfcfs.scheduler_i/U237/C (OAI21X1)                           0.034093  0.000000   2.252587 r
  frfcfs.scheduler_i/U237/Y (OAI21X1)                           0.006763  0.020808   2.273395 f
  frfcfs.scheduler_i/n192 (net)                 1     0.002726            0.000000   2.273395 f
  frfcfs.scheduler_i/U236/B (AOI22X1)                           0.006763  0.000000   2.273395 f
  frfcfs.scheduler_i/U236/Y (AOI22X1)                           0.046900  0.038612   2.312007 r
  frfcfs.scheduler_i/n191 (net)                 1     0.002386            0.000000   2.312007 r
  frfcfs.scheduler_i/U235/C (AOI21X1)                           0.046900  0.000000   2.312007 r
  frfcfs.scheduler_i/U235/Y (AOI21X1)                           0.016547  0.022635   2.334641 f
  frfcfs.scheduler_i/n189 (net)                 1     0.002312            0.000000   2.334641 f
  frfcfs.scheduler_i/U234/C (AOI21X1)                           0.016547  0.000000   2.334641 f
  frfcfs.scheduler_i/U234/Y (AOI21X1)                           0.029879  0.021768   2.356409 r
  frfcfs.scheduler_i/n187 (net)                 1     0.002832            0.000000   2.356409 r
  frfcfs.scheduler_i/U233/B (OAI21X1)                           0.029879  0.000000   2.356409 r
  frfcfs.scheduler_i/U233/Y (OAI21X1)                           0.004708  0.020430   2.376839 f
  frfcfs.scheduler_i/n184 (net)                 1     0.002566            0.000000   2.376839 f
  frfcfs.scheduler_i/U232/A (AOI21X1)                           0.004708  0.000000   2.376839 f
  frfcfs.scheduler_i/U232/Y (AOI21X1)                           0.029647  0.036474   2.413313 r
  frfcfs.scheduler_i/n182 (net)                 1     0.002832            0.000000   2.413313 r
  frfcfs.scheduler_i/U231/B (OAI21X1)                           0.029647  0.000000   2.413313 r
  frfcfs.scheduler_i/U231/Y (OAI21X1)                           0.002880  0.019183   2.432496 f
  frfcfs.scheduler_i/n179 (net)                 1     0.001884            0.000000   2.432496 f
  frfcfs.scheduler_i/U230/A (NAND2X1)                           0.002880  0.000000   2.432496 f
  frfcfs.scheduler_i/U230/Y (NAND2X1)                           0.033108  0.022845   2.455341 r
  frfcfs.scheduler_i/n178 (net)                 1     0.001869            0.000000   2.455341 r
  frfcfs.scheduler_i/U712/B (AND2X2)                            0.033108  0.000000   2.455341 r
  frfcfs.scheduler_i/U712/Y (AND2X2)                            0.016287  0.037427   2.492768 r
  frfcfs.scheduler_i/n1000 (net)                1     0.005080            0.000000   2.492768 r
  frfcfs.scheduler_i/U249/A (INVX4)                             0.016287  0.000000   2.492768 r
  frfcfs.scheduler_i/U249/Y (INVX4)                             0.008944  0.024970   2.517738 f
  frfcfs.scheduler_i/select_slot[0] (net)       3     0.009212            0.000000   2.517738 f
  frfcfs.scheduler_i/select_slot[0] (mc_scheduler_frfcfs_Q_DEPTH16_ADDR_W16_AGE_LIMIT128_AGING_ENABLE0)
                                                                          0.000000   2.517738 f
  select_slot[0] (net)                                0.009212            0.000000   2.517738 f
  U488/A (BUFX4)                                                0.008944  0.000000   2.517738 f
  U488/Y (BUFX4)                                                0.005446  0.049224   2.566962 f
  n482 (net)                                    7     0.021710            0.000000   2.566962 f
  U363/A (INVX8)                                                0.005446  0.000000   2.566962 f
  U363/Y (INVX8)                                                0.000000  0.015722   2.582683 r
  n574 (net)                                    9     0.018013            0.000000   2.582683 r
  U735/B (AND2X2)                                               0.000000  0.000000   2.582683 r
  U735/Y (AND2X2)                                               0.020826  0.039957   2.622640 r
  n1632 (net)                                   5     0.007755            0.000000   2.622640 r
  U694/A (INVX1)                                                0.020826  0.000000   2.622640 r
  U694/Y (INVX1)                                                0.026869  0.029575   2.652215 f
  n430 (net)                                    5     0.007521            0.000000   2.652215 f
  U708/A (BUFX2)                                                0.026869  0.000000   2.652215 f
  U708/Y (BUFX2)                                                0.008285  0.038631   2.690846 f
  n444 (net)                                    2     0.004494            0.000000   2.690846 f
  U49/B (OR2X1)                                                 0.008285  0.000000   2.690846 f
  U49/Y (OR2X1)                                                 0.012267  0.047619   2.738464 f
  n1390 (net)                                   1     0.001924            0.000000   2.738464 f
  U1536/C (OAI21X1)                                             0.012267  0.000000   2.738464 f
  U1536/Y (OAI21X1)                                             0.042353  0.019815   2.758280 r
  n1391 (net)                                   1     0.002424            0.000000   2.758280 r
  U150/B (OR2X1)                                                0.042353  0.000000   2.758280 r
  U150/Y (OR2X1)                                                0.020589  0.051320   2.809599 r
  n34 (net)                                     1     0.002365            0.000000   2.809599 r
  U204/B (NOR2X1)                                               0.020589  0.000000   2.809599 r
  U204/Y (NOR2X1)                                               0.003285  0.015568   2.825168 f
  n1403 (net)                                   1     0.002569            0.000000   2.825168 f
  U1541/B (MUX2X1)                                              0.003285  0.000000   2.825168 f
  U1541/Y (MUX2X1)                                              0.044170  0.045840   2.871008 r
  n1404 (net)                                   1     0.002655            0.000000   2.871008 r
  U493/A (INVX2)                                                0.044170  0.000000   2.871008 r
  U493/Y (INVX2)                                                0.023430  0.028284   2.899292 f
  cmd_wdata[28] (net)                           1     0.010000            0.000000   2.899292 f
  cmd_wdata[28] (out)                                           0.023430  0.000000   2.899292 f
  data arrival time                                                                  2.899292

  clock core_clk (rise edge)                                              4.000000   4.000000
  clock network delay (ideal)                                             0.000000   4.000000
  clock uncertainty                                                       -0.100000  3.900000
  output external delay                                                   -1.000000  2.900000
  data required time                                                                 2.900000
  ----------------------------------------------------------------------------------------------
  data required time                                                                 2.900000
  data arrival time                                                                  -2.899292
  ----------------------------------------------------------------------------------------------
  slack (MET)                                                                        0.000708


  Startpoint: table_i/addresses_reg[247]
              (rising edge-triggered flip-flop clocked by core_clk)
  Endpoint: cmd_wdata[8]
            (output port clocked by core_clk)
  Path Group: core_clk
  Path Type: max

  Point                                       Fanout       Cap     Trans      Incr       Path
  ----------------------------------------------------------------------------------------------
  clock core_clk (rise edge)                                              0.000000   0.000000
  clock network delay (ideal)                                             0.000000   0.000000
  table_i/addresses_reg[247]/CLK (DFFPOSX1)                     0.000000  0.000000 # 0.000000 r
  table_i/addresses_reg[247]/Q (DFFPOSX1)                       0.044101  0.121169   0.121169 f
  table_i/addresses[247] (net)                  6     0.020716            0.000000   0.121169 f
  table_i/addresses[247] (mc_transaction_table_Q_DEPTH16_ADDR_W16_DATA_W32_TAG_W8_READ_LATENCY3_AGE_LIMIT128)
                                                                          0.000000   0.121169 f
  addresses[247] (net)                                0.020716            0.000000   0.121169 f
  candidates_i/addresses[247] (mc_candidates_Q_DEPTH16_ROW_W8_COL_W6)     0.000000   0.121169 f
  candidates_i/addresses[247] (net)                   0.020716            0.000000   0.121169 f
  candidates_i/U3191/A (INVX4)                                  0.044101  0.000000   0.121169 f
  candidates_i/U3191/Y (INVX4)                                  0.021212  0.028111   0.149280 r
  candidates_i/n3963 (net)                      2     0.011634            0.000000   0.149280 r
  candidates_i/U3190/A (INVX8)                                  0.021212  0.000000   0.149280 r
  candidates_i/U3190/Y (INVX8)                                  0.021575  0.032788   0.182068 f
  candidates_i/n3961 (net)                     12     0.060199            0.000000   0.182068 f
  candidates_i/U7438/B (XNOR2X1)                                0.021575  0.000000   0.182068 f
  candidates_i/U7438/Y (XNOR2X1)                                0.038993  0.050304   0.232372 r
  candidates_i/n6603 (net)                      1     0.002343            0.000000   0.232372 r
  candidates_i/U553/B (AND2X1)                                  0.038993  0.000000   0.232372 r
  candidates_i/U553/Y (AND2X1)                                  0.026796  0.038454   0.270826 r
  candidates_i/n6607 (net)                      1     0.001551            0.000000   0.270826 r
  candidates_i/U4005/A (INVX1)                                  0.026796  0.000000   0.270826 r
  candidates_i/U4005/Y (INVX1)                                  0.012961  0.021942   0.292768 f
  candidates_i/n1095 (net)                      1     0.003011            0.000000   0.292768 f
  candidates_i/U7441/A (NOR3X1)                                 0.012961  0.000000   0.292768 f
  candidates_i/U7441/Y (NOR3X1)                                 0.049823  0.047920   0.340688 r
  candidates_i/n6608 (net)                      1     0.002027            0.000000   0.340688 r
  candidates_i/U7442/B (NAND2X1)                                0.049823  0.000000   0.340688 r
  candidates_i/U7442/Y (NAND2X1)                                0.020724  0.025520   0.366207 f
  candidates_i/n6626 (net)                      1     0.003067            0.000000   0.366207 f
  candidates_i/U7457/B (NOR3X1)                                 0.020724  0.000000   0.366207 f
  candidates_i/U7457/Y (NOR3X1)                                 0.066282  0.051260   0.417468 r
  candidates_i/N1900 (net)                      2     0.005509            0.000000   0.417468 r
  candidates_i/U2226/C (NAND3X1)                                0.066282  0.000000   0.417468 r
  candidates_i/U2226/Y (NAND3X1)                                0.011668  0.022514   0.439982 f
  candidates_i/n3271 (net)                      1     0.001763            0.000000   0.439982 f
  candidates_i/U411/A (AND2X2)                                  0.011668  0.000000   0.439982 f
  candidates_i/U411/Y (AND2X2)                                  0.000000  0.034082   0.474064 f
  candidates_i/n3270 (net)                      1     0.002832            0.000000   0.474064 f
  candidates_i/U2224/C (NAND3X1)                                0.000000  0.000000   0.474064 f
  candidates_i/U2224/Y (NAND3X1)                                0.040765  0.029765   0.503829 r
  candidates_i/n3260 (net)                      1     0.003021            0.000000   0.503829 r
  candidates_i/U2216/A (NOR3X1)                                 0.040765  0.000000   0.503829 r
  candidates_i/U2216/Y (NOR3X1)                                 0.025983  0.041275   0.545104 f
  candidates_i/n3259 (net)                      1     0.001944            0.000000   0.545104 f
  candidates_i/U2215/B (NAND2X1)                                0.025983  0.000000   0.545104 f
  candidates_i/U2215/Y (NAND2X1)                                0.041583  0.022750   0.567854 r
  candidates_i/n2585 (net)                      2     0.003843            0.000000   0.567854 r
  candidates_i/U4568/A (INVX1)                                  0.041583  0.000000   0.567854 r
  candidates_i/U4568/Y (INVX1)                                  0.013966  0.027337   0.595191 f
  candidates_i/eligible[15] (net)               2     0.003692            0.000000   0.595191 f
  candidates_i/U4498/B (AND2X2)                                 0.013966  0.000000   0.595191 f
  candidates_i/U4498/Y (AND2X2)                                 0.009692  0.046430   0.641621 f
  candidates_i/n2325 (net)                      4     0.010080            0.000000   0.641621 f
  candidates_i/U1337/A (NAND3X1)                                0.009692  0.000000   0.641621 f
  candidates_i/U1337/Y (NAND3X1)                                0.038400  0.037105   0.678726 r
  candidates_i/n2354 (net)                      1     0.002548            0.000000   0.678726 r
  candidates_i/U1333/A (NAND3X1)                                0.038400  0.000000   0.678726 r
  candidates_i/U1333/Y (NAND3X1)                                0.017857  0.022887   0.701614 f
  candidates_i/n2347 (net)                      1     0.003011            0.000000   0.701614 f
  candidates_i/U1326/A (NOR3X1)                                 0.017857  0.000000   0.701614 f
  candidates_i/U1326/Y (NOR3X1)                                 0.048284  0.047831   0.749445 r
  candidates_i/n2333 (net)                      1     0.001798            0.000000   0.749445 r
  candidates_i/U2837/A (AND2X2)                                 0.048284  0.000000   0.749445 r
  candidates_i/U2837/Y (AND2X2)                                 0.017078  0.038747   0.788192 r
  candidates_i/n160 (net)                       1     0.005080            0.000000   0.788192 r
  candidates_i/U2690/A (INVX4)                                  0.017078  0.000000   0.788192 r
  candidates_i/U2690/Y (INVX4)                                  0.019785  0.032448   0.820640 f
  candidates_i/n2292 (net)                     16     0.029742            0.000000   0.820640 f
  candidates_i/U1310/B (NAND2X1)                                0.019785  0.000000   0.820640 f
  candidates_i/U1310/Y (NAND2X1)                                0.037211  0.017564   0.838204 r
  candidates_i/n2330 (net)                      1     0.002832            0.000000   0.838204 r
  candidates_i/U1309/B (NAND3X1)                                0.037211  0.000000   0.838204 r
  candidates_i/U1309/Y (NAND3X1)                                0.019731  0.022331   0.860535 f
  candidates_i/n2276 (net)                      2     0.003788            0.000000   0.860535 f
  candidates_i/U4400/A (INVX1)                                  0.019731  0.000000   0.860535 f
  candidates_i/U4400/Y (INVX1)                                  0.000000  0.002172   0.862708 r
  candidates_i/n7956 (net)                      1     0.001551            0.000000   0.862708 r
  candidates_i/U2281/A (INVX1)                                  0.000000  0.000000   0.862708 r
  candidates_i/U2281/Y (INVX1)                                  0.013828  0.013999   0.876706 f
  candidates_i/n385 (net)                       1     0.002673            0.000000   0.876706 f
  candidates_i/U2280/A (INVX2)                                  0.013828  0.000000   0.876706 f
  candidates_i/U2280/Y (INVX2)                                  0.095054  0.070692   0.947398 r
  candidates_i/n386 (net)                      15     0.042798            0.000000   0.947398 r
  candidates_i/U1209/A (AOI22X1)                                0.095054  0.000000   0.947398 r
  candidates_i/U1209/Y (AOI22X1)                                0.034237  0.049028   0.996426 f
  candidates_i/n2217 (net)                      1     0.001820            0.000000   0.996426 f
  candidates_i/U2900/B (AND2X2)                                 0.034237  0.000000   0.996426 f
  candidates_i/U2900/Y (AND2X2)                                 0.004686  0.044300   1.040727 f
  candidates_i/n2215 (net)                      1     0.002832            0.000000   1.040727 f
  candidates_i/U1208/C (NAND3X1)                                0.004686  0.000000   1.040727 f
  candidates_i/U1208/Y (NAND3X1)                                0.037240  0.028726   1.069453 r
  candidates_i/n2205 (net)                      1     0.002292            0.000000   1.069453 r
  candidates_i/U283/A (OR2X2)                                   0.037240  0.000000   1.069453 r
  candidates_i/U283/Y (OR2X2)                                   0.017298  0.043922   1.113375 r
  candidates_i/n2081 (net)                      2     0.004842            0.000000   1.113375 r
  candidates_i/U1191/B (NAND3X1)                                0.017298  0.000000   1.113375 r
  candidates_i/U1191/Y (NAND3X1)                                0.016156  0.014692   1.128067 f
  candidates_i/n2192 (net)                      1     0.001924            0.000000   1.128067 f
  candidates_i/U1190/C (OAI21X1)                                0.016156  0.000000   1.128067 f
  candidates_i/U1190/Y (OAI21X1)                                0.039901  0.019379   1.147447 r
  candidates_i/n2165 (net)                      1     0.001869            0.000000   1.147447 r
  candidates_i/U3086/B (AND2X2)                                 0.039901  0.000000   1.147447 r
  candidates_i/U3086/Y (AND2X2)                                 0.010169  0.033406   1.180853 r
  candidates_i/n306 (net)                       1     0.002242            0.000000   1.180853 r
  candidates_i/U3088/A (NOR2X1)                                 0.010169  0.000000   1.180853 r
  candidates_i/U3088/Y (NOR2X1)                                 0.002634  0.013304   1.194157 f
  candidates_i/n2164 (net)                      1     0.002312            0.000000   1.194157 f
  candidates_i/U1166/C (AOI21X1)                                0.002634  0.000000   1.194157 f
  candidates_i/U1166/Y (AOI21X1)                                0.027785  0.016754   1.210911 r
  candidates_i/n2163 (net)                      1     0.002386            0.000000   1.210911 r
  candidates_i/U1165/C (AOI21X1)                                0.027785  0.000000   1.210911 r
  candidates_i/U1165/Y (AOI21X1)                                0.017473  0.017616   1.228526 f
  candidates_i/n2148 (net)                      1     0.002632            0.000000   1.228526 f
  candidates_i/U1153/B (OAI21X1)                                0.017473  0.000000   1.228526 f
  candidates_i/U1153/Y (OAI21X1)                                0.041918  0.041039   1.269566 r
  candidates_i/n2133 (net)                      1     0.002111            0.000000   1.269566 r
  candidates_i/U1141/A (NAND2X1)                                0.041918  0.000000   1.269566 r
  candidates_i/U1141/Y (NAND2X1)                                0.020639  0.018692   1.288257 f
  candidates_i/n2132 (net)                      1     0.001944            0.000000   1.288257 f
  candidates_i/U1140/B (NAND2X1)                                0.020639  0.000000   1.288257 f
  candidates_i/U1140/Y (NAND2X1)                                0.036723  0.017556   1.305814 r
  candidates_i/n2103 (net)                      1     0.002741            0.000000   1.305814 r
  candidates_i/U1116/A (AOI21X1)                                0.036723  0.000000   1.305814 r
  candidates_i/U1116/Y (AOI21X1)                                0.017841  0.022767   1.328581 f
  candidates_i/n2088 (net)                      1     0.002632            0.000000   1.328581 f
  candidates_i/U1104/B (OAI21X1)                                0.017841  0.000000   1.328581 f
  candidates_i/U1104/Y (OAI21X1)                                0.060102  0.053579   1.382159 r
  candidates_i/candidate_slots[12] (net)        3     0.006004            0.000000   1.382159 r
  candidates_i/candidate_slots[12] (mc_candidates_Q_DEPTH16_ROW_W8_COL_W6)
                                                                          0.000000   1.382159 r
  candidate_slots[12] (net)                           0.006004            0.000000   1.382159 r
  frfcfs.scheduler_i/candidate_slots[12] (mc_scheduler_frfcfs_Q_DEPTH16_ADDR_W16_AGE_LIMIT128_AGING_ENABLE0)
                                                                          0.000000   1.382159 r
  frfcfs.scheduler_i/N596 (net)                       0.006004            0.000000   1.382159 r
  frfcfs.scheduler_i/U141/A (AND2X2)                            0.060102  0.000000   1.382159 r
  frfcfs.scheduler_i/U141/Y (AND2X2)                            0.013417  0.036241   1.418401 r
  frfcfs.scheduler_i/n870 (net)                 2     0.003102            0.000000   1.418401 r
  frfcfs.scheduler_i/U706/A (INVX1)                             0.013417  0.000000   1.418401 r
  frfcfs.scheduler_i/U706/Y (INVX1)                             0.018531  0.021502   1.439903 f
  frfcfs.scheduler_i/n62 (net)                  2     0.004561            0.000000   1.439903 f
  frfcfs.scheduler_i/U98/B (OR2X1)                              0.018531  0.000000   1.439903 f
  frfcfs.scheduler_i/U98/Y (OR2X1)                              0.011596  0.048759   1.488662 f
  frfcfs.scheduler_i/n871 (net)                 1     0.001924            0.000000   1.488662 f
  frfcfs.scheduler_i/U968/C (OAI21X1)                           0.011596  0.000000   1.488662 f
  frfcfs.scheduler_i/U968/Y (OAI21X1)                           0.043430  0.021463   1.510125 r
  frfcfs.scheduler_i/n876 (net)                 1     0.003021            0.000000   1.510125 r
  frfcfs.scheduler_i/U971/A (NOR3X1)                            0.043430  0.000000   1.510125 r
  frfcfs.scheduler_i/U971/Y (NOR3X1)                            0.027934  0.043328   1.553453 f
  frfcfs.scheduler_i/n877 (net)                 1     0.002573            0.000000   1.553453 f
  frfcfs.scheduler_i/U972/A (OAI21X1)                           0.027934  0.000000   1.553453 f
  frfcfs.scheduler_i/U972/Y (OAI21X1)                           0.039953  0.045339   1.598792 r
  frfcfs.scheduler_i/n879 (net)                 1     0.002027            0.000000   1.598792 r
  frfcfs.scheduler_i/U973/B (NAND2X1)                           0.039953  0.000000   1.598792 r
  frfcfs.scheduler_i/U973/Y (NAND2X1)                           0.022293  0.023751   1.622543 f
  frfcfs.scheduler_i/N1530 (net)                2     0.003296            0.000000   1.622543 f
  frfcfs.scheduler_i/U154/B (AND2X2)                            0.022293  0.000000   1.622543 f
  frfcfs.scheduler_i/U154/Y (AND2X2)                            0.002276  0.041888   1.664430 f
  frfcfs.scheduler_i/n17 (net)                  2     0.003640            0.000000   1.664430 f
  frfcfs.scheduler_i/U179/B (AND2X2)                            0.002276  0.000000   1.664430 f
  frfcfs.scheduler_i/U179/Y (AND2X2)                            0.000000  0.036329   1.700759 f
  frfcfs.scheduler_i/n695 (net)                 2     0.003583            0.000000   1.700759 f
  frfcfs.scheduler_i/U87/B (AND2X2)                             0.000000  0.000000   1.700759 f
  frfcfs.scheduler_i/U87/Y (AND2X2)                             0.003415  0.037528   1.738287 f
  frfcfs.scheduler_i/n660 (net)                 2     0.005316            0.000000   1.738287 f
  frfcfs.scheduler_i/U626/A (AOI22X1)                           0.003415  0.000000   1.738287 f
  frfcfs.scheduler_i/U626/Y (AOI22X1)                           0.044936  0.043888   1.782175 r
  frfcfs.scheduler_i/n659 (net)                 1     0.001798            0.000000   1.782175 r
  frfcfs.scheduler_i/U696/A (AND2X2)                            0.044936  0.000000   1.782175 r
  frfcfs.scheduler_i/U696/Y (AND2X2)                            0.008873  0.033216   1.815391 r
  frfcfs.scheduler_i/n610 (net)                 1     0.001551            0.000000   1.815391 r
  frfcfs.scheduler_i/U699/A (INVX1)                             0.008873  0.000000   1.815391 r
  frfcfs.scheduler_i/U699/Y (INVX1)                             0.019412  0.020661   1.836053 f
  frfcfs.scheduler_i/n58 (net)                  2     0.004750            0.000000   1.836053 f
  frfcfs.scheduler_i/U624/D (AOI22X1)                           0.019412  0.000000   1.836053 f
  frfcfs.scheduler_i/U624/Y (AOI22X1)                           0.044196  0.028436   1.864489 r
  frfcfs.scheduler_i/n657 (net)                 1     0.001869            0.000000   1.864489 r
  frfcfs.scheduler_i/U85/B (AND2X2)                             0.044196  0.000000   1.864489 r
  frfcfs.scheduler_i/U85/Y (AND2X2)                             0.012036  0.034714   1.899203 r
  frfcfs.scheduler_i/n655 (net)                 1     0.002961            0.000000   1.899203 r
  frfcfs.scheduler_i/U623/C (NAND3X1)                           0.012036  0.000000   1.899203 r
  frfcfs.scheduler_i/U623/Y (NAND3X1)                           0.016012  0.010817   1.910021 f
  frfcfs.scheduler_i/n652 (net)                 1     0.002342            0.000000   1.910021 f
  frfcfs.scheduler_i/U701/B (OR2X2)                             0.016012  0.000000   1.910021 f
  frfcfs.scheduler_i/U701/Y (OR2X2)                             0.017274  0.055902   1.965922 f
  frfcfs.scheduler_i/n608 (net)                 1     0.010104            0.000000   1.965922 f
  frfcfs.scheduler_i/U169/A (INVX8)                             0.017274  0.000000   1.965922 f
  frfcfs.scheduler_i/U169/Y (INVX8)                             0.021292  0.028018   1.993941 r
  frfcfs.scheduler_i/n59 (net)                 16     0.043876            0.000000   1.993941 r
  frfcfs.scheduler_i/U620/A (OAI21X1)                           0.021292  0.000000   1.993941 r
  frfcfs.scheduler_i/U620/Y (OAI21X1)                           0.028877  0.034497   2.028437 f
  frfcfs.scheduler_i/n195 (net)                 2     0.011608            0.000000   2.028437 f
  frfcfs.scheduler_i/U144/A (INVX8)                             0.028877  0.000000   2.028437 f
  frfcfs.scheduler_i/U144/Y (INVX8)                             0.025729  0.031033   2.059470 r
  frfcfs.scheduler_i/n915 (net)                15     0.042888            0.000000   2.059470 r
  frfcfs.scheduler_i/U247/D (AOI22X1)                           0.025729  0.000000   2.059470 r
  frfcfs.scheduler_i/U247/Y (AOI22X1)                           0.034495  0.018447   2.077917 f
  frfcfs.scheduler_i/n209 (net)                 1     0.001763            0.000000   2.077917 f
  frfcfs.scheduler_i/U13/A (AND2X2)                             0.034495  0.000000   2.077917 f
  frfcfs.scheduler_i/U13/Y (AND2X2)                             0.003968  0.039796   2.117714 f
  frfcfs.scheduler_i/n208 (net)                 1     0.002832            0.000000   2.117714 f
  frfcfs.scheduler_i/U245/C (NAND3X1)                           0.003968  0.000000   2.117714 f
  frfcfs.scheduler_i/U245/Y (NAND3X1)                           0.033102  0.026235   2.143948 r
  frfcfs.scheduler_i/n199 (net)                 1     0.001539            0.000000   2.143948 r
  frfcfs.scheduler_i/U764/A (BUFX2)                             0.033102  0.000000   2.143948 r
  frfcfs.scheduler_i/U764/Y (BUFX2)                             0.009383  0.034914   2.178863 r
  frfcfs.scheduler_i/n109 (net)                 1     0.002365            0.000000   2.178863 r
  frfcfs.scheduler_i/U975/B (NOR2X1)                            0.009383  0.000000   2.178863 r
  frfcfs.scheduler_i/U975/Y (NOR2X1)                            0.000732  0.010917   2.189780 f
  frfcfs.scheduler_i/n886 (net)                 1     0.001820            0.000000   2.189780 f
  frfcfs.scheduler_i/U8/B (AND2X2)                              0.000732  0.000000   2.189780 f
  frfcfs.scheduler_i/U8/Y (AND2X2)                              0.009262  0.037513   2.227293 f
  frfcfs.scheduler_i/n121 (net)                 2     0.005110            0.000000   2.227293 f
  frfcfs.scheduler_i/U976/A (NAND2X1)                           0.009262  0.000000   2.227293 f
  frfcfs.scheduler_i/U976/Y (NAND2X1)                           0.034093  0.025295   2.252587 r
  frfcfs.scheduler_i/n197 (net)                 1     0.002010            0.000000   2.252587 r
  frfcfs.scheduler_i/U237/C (OAI21X1)                           0.034093  0.000000   2.252587 r
  frfcfs.scheduler_i/U237/Y (OAI21X1)                           0.006763  0.020808   2.273395 f
  frfcfs.scheduler_i/n192 (net)                 1     0.002726            0.000000   2.273395 f
  frfcfs.scheduler_i/U236/B (AOI22X1)                           0.006763  0.000000   2.273395 f
  frfcfs.scheduler_i/U236/Y (AOI22X1)                           0.046900  0.038612   2.312007 r
  frfcfs.scheduler_i/n191 (net)                 1     0.002386            0.000000   2.312007 r
  frfcfs.scheduler_i/U235/C (AOI21X1)                           0.046900  0.000000   2.312007 r
  frfcfs.scheduler_i/U235/Y (AOI21X1)                           0.016547  0.022635   2.334641 f
  frfcfs.scheduler_i/n189 (net)                 1     0.002312            0.000000   2.334641 f
  frfcfs.scheduler_i/U234/C (AOI21X1)                           0.016547  0.000000   2.334641 f
  frfcfs.scheduler_i/U234/Y (AOI21X1)                           0.029879  0.021768   2.356409 r
  frfcfs.scheduler_i/n187 (net)                 1     0.002832            0.000000   2.356409 r
  frfcfs.scheduler_i/U233/B (OAI21X1)                           0.029879  0.000000   2.356409 r
  frfcfs.scheduler_i/U233/Y (OAI21X1)                           0.004708  0.020430   2.376839 f
  frfcfs.scheduler_i/n184 (net)                 1     0.002566            0.000000   2.376839 f
  frfcfs.scheduler_i/U232/A (AOI21X1)                           0.004708  0.000000   2.376839 f
  frfcfs.scheduler_i/U232/Y (AOI21X1)                           0.029647  0.036474   2.413313 r
  frfcfs.scheduler_i/n182 (net)                 1     0.002832            0.000000   2.413313 r
  frfcfs.scheduler_i/U231/B (OAI21X1)                           0.029647  0.000000   2.413313 r
  frfcfs.scheduler_i/U231/Y (OAI21X1)                           0.002880  0.019183   2.432496 f
  frfcfs.scheduler_i/n179 (net)                 1     0.001884            0.000000   2.432496 f
  frfcfs.scheduler_i/U230/A (NAND2X1)                           0.002880  0.000000   2.432496 f
  frfcfs.scheduler_i/U230/Y (NAND2X1)                           0.033108  0.022845   2.455341 r
  frfcfs.scheduler_i/n178 (net)                 1     0.001869            0.000000   2.455341 r
  frfcfs.scheduler_i/U712/B (AND2X2)                            0.033108  0.000000   2.455341 r
  frfcfs.scheduler_i/U712/Y (AND2X2)                            0.016287  0.037427   2.492768 r
  frfcfs.scheduler_i/n1000 (net)                1     0.005080            0.000000   2.492768 r
  frfcfs.scheduler_i/U249/A (INVX4)                             0.016287  0.000000   2.492768 r
  frfcfs.scheduler_i/U249/Y (INVX4)                             0.008944  0.024970   2.517738 f
  frfcfs.scheduler_i/select_slot[0] (net)       3     0.009212            0.000000   2.517738 f
  frfcfs.scheduler_i/select_slot[0] (mc_scheduler_frfcfs_Q_DEPTH16_ADDR_W16_AGE_LIMIT128_AGING_ENABLE0)
                                                                          0.000000   2.517738 f
  select_slot[0] (net)                                0.009212            0.000000   2.517738 f
  U488/A (BUFX4)                                                0.008944  0.000000   2.517738 f
  U488/Y (BUFX4)                                                0.005446  0.049224   2.566962 f
  n482 (net)                                    7     0.021710            0.000000   2.566962 f
  U363/A (INVX8)                                                0.005446  0.000000   2.566962 f
  U363/Y (INVX8)                                                0.000000  0.015722   2.582683 r
  n574 (net)                                    9     0.018013            0.000000   2.582683 r
  U735/B (AND2X2)                                               0.000000  0.000000   2.582683 r
  U735/Y (AND2X2)                                               0.020826  0.039957   2.622640 r
  n1632 (net)                                   5     0.007755            0.000000   2.622640 r
  U694/A (INVX1)                                                0.020826  0.000000   2.622640 r
  U694/Y (INVX1)                                                0.026869  0.029575   2.652215 f
  n430 (net)                                    5     0.007521            0.000000   2.652215 f
  U706/A (BUFX2)                                                0.026869  0.000000   2.652215 f
  U706/Y (BUFX2)                                                0.008285  0.038631   2.690846 f
  n442 (net)                                    2     0.004494            0.000000   2.690846 f
  U44/B (OR2X1)                                                 0.008285  0.000000   2.690846 f
  U44/Y (OR2X1)                                                 0.012267  0.047619   2.738464 f
  n1598 (net)                                   1     0.001924            0.000000   2.738464 f
  U1630/C (OAI21X1)                                             0.012267  0.000000   2.738464 f
  U1630/Y (OAI21X1)                                             0.042353  0.019815   2.758280 r
  n1599 (net)                                   1     0.002424            0.000000   2.758280 r
  U151/B (OR2X1)                                                0.042353  0.000000   2.758280 r
  U151/Y (OR2X1)                                                0.020589  0.051320   2.809599 r
  n35 (net)                                     1     0.002365            0.000000   2.809599 r
  U298/B (NOR2X1)                                               0.020589  0.000000   2.809599 r
  U298/Y (NOR2X1)                                               0.003285  0.015568   2.825168 f
  n1612 (net)                                   1     0.002569            0.000000   2.825168 f
  U1636/B (MUX2X1)                                              0.003285  0.000000   2.825168 f
  U1636/Y (MUX2X1)                                              0.044170  0.045840   2.871008 r
  n1613 (net)                                   1     0.002655            0.000000   2.871008 r
  U498/A (INVX2)                                                0.044170  0.000000   2.871008 r
  U498/Y (INVX2)                                                0.023430  0.028284   2.899292 f
  cmd_wdata[8] (net)                            1     0.010000            0.000000   2.899292 f
  cmd_wdata[8] (out)                                            0.023430  0.000000   2.899292 f
  data arrival time                                                                  2.899292

  clock core_clk (rise edge)                                              4.000000   4.000000
  clock network delay (ideal)                                             0.000000   4.000000
  clock uncertainty                                                       -0.100000  3.900000
  output external delay                                                   -1.000000  2.900000
  data required time                                                                 2.900000
  ----------------------------------------------------------------------------------------------
  data required time                                                                 2.900000
  data arrival time                                                                  -2.899292
  ----------------------------------------------------------------------------------------------
  slack (MET)                                                                        0.000708


1
