 
****************************************
Report : timing
        -path full
        -delay max
        -input_pins
        -nets
        -max_paths 10
        -transition_time
        -capacitance
Design : mc_top_Q_DEPTH16_SCHED_POLICY0_AGING_ENABLE0
Version: R-2020.09-SP4
Date   : Tue Sep 22 18:12:57 2026
****************************************

 # A fanout number of 1000 was used for high fanout net computations.

Operating Conditions: typical   Library: gscl45nm
Wire Load Model Mode: top

  Startpoint: table_i/occupied_reg[0]
              (rising edge-triggered flip-flop clocked by core_clk)
  Endpoint: table_i/addresses_reg[169]
            (rising edge-triggered flip-flop clocked by core_clk)
  Path Group: core_clk
  Path Type: max

  Point                                       Fanout       Cap     Trans      Incr       Path
  ----------------------------------------------------------------------------------------------
  clock core_clk (rise edge)                                              0.000000   0.000000
  clock network delay (ideal)                                             0.000000   0.000000
  table_i/occupied_reg[0]/CLK (DFFPOSX1)                        0.000000  0.000000 # 0.000000 r
  table_i/occupied_reg[0]/Q (DFFPOSX1)                          0.118814  0.133234   0.133234 r
  table_i/occupied[0] (net)                    18     0.048343            0.000000   0.133234 r
  table_i/U6455/A (INVX1)                                       0.118814  0.000000   0.133234 r
  table_i/U6455/Y (INVX1)                                       0.011977  0.050524   0.183758 f
  table_i/n6678 (net)                           2     0.004820            0.000000   0.183758 f
  table_i/U5881/B (OR2X1)                                       0.011977  0.000000   0.183758 f
  table_i/U5881/Y (OR2X1)                                       0.010774  0.047123   0.230881 f
  table_i/n2863 (net)                           1     0.001476            0.000000   0.230881 f
  table_i/U5882/A (INVX1)                                       0.010774  0.000000   0.230881 f
  table_i/U5882/Y (INVX1)                                       0.032235  0.036700   0.267581 r
  table_i/n6103 (net)                           5     0.013180            0.000000   0.267581 r
  table_i/U5608/A (AND2X1)                                      0.032235  0.000000   0.267581 r
  table_i/U5608/Y (AND2X1)                                      0.030904  0.028200   0.295781 r
  table_i/n2868 (net)                           1     0.001551            0.000000   0.295781 r
  table_i/U5609/A (INVX1)                                       0.030904  0.000000   0.295781 r
  table_i/U5609/Y (INVX1)                                       0.015549  0.025022   0.320803 f
  table_i/n5964 (net)                           2     0.003971            0.000000   0.320803 f
  table_i/U4623/A (NAND3X1)                                     0.015549  0.000000   0.320803 f
  table_i/U4623/Y (NAND3X1)                                     0.033832  0.035821   0.356624 r
  table_i/n2852 (net)                           1     0.001539            0.000000   0.356624 r
  table_i/U3800/A (BUFX2)                                       0.033832  0.000000   0.356624 r
  table_i/U3800/Y (BUFX2)                                       0.012693  0.037099   0.393723 r
  table_i/n5222 (net)                           2     0.003739            0.000000   0.393723 r
  table_i/U100/B (AND2X2)                                       0.012693  0.000000   0.393723 r
  table_i/U100/Y (AND2X2)                                       0.029631  0.046008   0.439731 r
  table_i/n2837 (net)                           4     0.011302            0.000000   0.439731 r
  table_i/U4622/C (NAND3X1)                                     0.029631  0.000000   0.439731 r
  table_i/U4622/Y (NAND3X1)                                     0.015681  0.013523   0.453255 f
  table_i/n2865 (net)                           1     0.001504            0.000000   0.453255 f
  table_i/U4235/A (BUFX2)                                       0.015681  0.000000   0.453255 f
  table_i/U4235/Y (BUFX2)                                       0.006021  0.036323   0.489577 f
  table_i/n5342 (net)                           2     0.004471            0.000000   0.489577 f
  table_i/U4621/B (NAND3X1)                                     0.006021  0.000000   0.489577 f
  table_i/U4621/Y (NAND3X1)                                     0.034117  0.028803   0.518380 r
  table_i/n2867 (net)                           1     0.001551            0.000000   0.518380 r
  table_i/U6093/A (INVX1)                                       0.034117  0.000000   0.518380 r
  table_i/U6093/Y (INVX1)                                       0.022967  0.031119   0.549500 f
  table_i/n6677 (net)                           3     0.006523            0.000000   0.549500 f
  table_i/U5632/A (AND2X1)                                      0.022967  0.000000   0.549500 f
  table_i/U5632/Y (AND2X1)                                      0.015148  0.032442   0.581941 f
  table_i/n2851 (net)                           1     0.001476            0.000000   0.581941 f
  table_i/U5633/A (INVX1)                                       0.015148  0.000000   0.581941 f
  table_i/U5633/Y (INVX1)                                       0.012682  0.025455   0.607397 r
  table_i/n5977 (net)                           4     0.009236            0.000000   0.607397 r
  table_i/U4619/A (NAND3X1)                                     0.012682  0.000000   0.607397 r
  table_i/U4619/Y (NAND3X1)                                     0.015687  0.017011   0.624408 f
  table_i/n2842 (net)                           1     0.001504            0.000000   0.624408 f
  table_i/U4656/A (BUFX2)                                       0.015687  0.000000   0.624408 f
  table_i/U4656/Y (BUFX2)                                       0.008395  0.038108   0.662516 f
  table_i/n5470 (net)                           3     0.006183            0.000000   0.662516 f
  table_i/U101/A (AND2X2)                                       0.008395  0.000000   0.662516 f
  table_i/U101/Y (AND2X2)                                       0.001272  0.033263   0.695779 f
  table_i/n2866 (net)                           1     0.002832            0.000000   0.695779 f
  table_i/U4618/C (NAND3X1)                                     0.001272  0.000000   0.695779 f
  table_i/U4618/Y (NAND3X1)                                     0.033832  0.025548   0.721327 r
  table_i/n2841 (net)                           1     0.001539            0.000000   0.721327 r
  table_i/U5349/A (BUFX2)                                       0.033832  0.000000   0.721327 r
  table_i/U5349/Y (BUFX2)                                       0.020721  0.042405   0.763732 r
  table_i/n5831 (net)                           3     0.007178            0.000000   0.763732 r
  table_i/U4617/A (NAND3X1)                                     0.020721  0.000000   0.763732 r
  table_i/U4617/Y (NAND3X1)                                     0.015127  0.018064   0.781796 f
  table_i/n2844 (net)                           1     0.001504            0.000000   0.781796 f
  table_i/U3805/A (BUFX2)                                       0.015127  0.000000   0.781796 f
  table_i/U3805/Y (BUFX2)                                       0.005933  0.036226   0.818022 f
  table_i/n5224 (net)                           2     0.004487            0.000000   0.818022 f
  table_i/U6092/A (INVX1)                                       0.005933  0.000000   0.818022 f
  table_i/U6092/Y (INVX1)                                       0.000000  0.001847   0.819869 r
  table_i/n6676 (net)                           1     0.002961            0.000000   0.819869 r
  table_i/U4616/C (NAND3X1)                                     0.000000  0.000000   0.819869 r
  table_i/U4616/Y (NAND3X1)                                     0.014656  0.006604   0.826473 f
  table_i/n2861 (net)                           1     0.001504            0.000000   0.826473 f
  table_i/U5110/A (BUFX2)                                       0.014656  0.000000   0.826473 f
  table_i/U5110/Y (BUFX2)                                       0.010022  0.039268   0.865741 f
  table_i/n5707 (net)                           3     0.007498            0.000000   0.865741 f
  table_i/U6009/A (INVX1)                                       0.010022  0.000000   0.865741 f
  table_i/U6009/Y (INVX1)                                       0.003506  0.018326   0.884067 r
  table_i/n6675 (net)                           3     0.007595            0.000000   0.884067 r
  table_i/U142/A (AND2X1)                                       0.003506  0.000000   0.884067 r
  table_i/U142/Y (AND2X1)                                       0.030971  0.028475   0.912542 r
  table_i/n2862 (net)                           1     0.001551            0.000000   0.912542 r
  table_i/U143/A (INVX1)                                        0.030971  0.000000   0.912542 r
  table_i/U143/Y (INVX1)                                        0.015716  0.025157   0.937699 f
  table_i/n26 (net)                             2     0.004029            0.000000   0.937699 f
  table_i/U4614/A (NAND3X1)                                     0.015716  0.000000   0.937699 f
  table_i/U4614/Y (NAND3X1)                                     0.033817  0.035873   0.973572 r
  table_i/n2850 (net)                           1     0.001539            0.000000   0.973572 r
  table_i/U146/A (BUFX2)                                        0.033817  0.000000   0.973572 r
  table_i/U146/Y (BUFX2)                                        0.007584  0.033721   1.007293 r
  table_i/n29 (net)                             1     0.001551            0.000000   1.007293 r
  table_i/U144/A (INVX1)                                        0.007584  0.000000   1.007293 r
  table_i/U144/Y (INVX1)                                        0.009721  0.013595   1.020888 f
  table_i/n27 (net)                             1     0.001476            0.000000   1.020888 f
  table_i/U145/A (INVX1)                                        0.009721  0.000000   1.020888 f
  table_i/U145/Y (INVX1)                                        0.000000  0.009021   1.029909 r
  table_i/n28 (net)                             2     0.004759            0.000000   1.029909 r
  table_i/U5625/A (AND2X2)                                      0.000000  0.000000   1.029909 r
  table_i/U5625/Y (AND2X2)                                      0.006381  0.031204   1.061113 r
  table_i/n2857 (net)                           1     0.001551            0.000000   1.061113 r
  table_i/U14/A (INVX1)                                         0.006381  0.000000   1.061113 r
  table_i/U14/Y (INVX1)                                         0.031580  0.028229   1.089342 f
  table_i/n5973 (net)                           3     0.008765            0.000000   1.089342 f
  table_i/U4612/C (NOR3X1)                                      0.031580  0.000000   1.089342 f
  table_i/U4612/Y (NOR3X1)                                      0.084812  0.051515   1.140857 r
  table_i/n2840 (net)                           3     0.009190            0.000000   1.140857 r
  table_i/U4611/B (NOR3X1)                                      0.084812  0.000000   1.140857 r
  table_i/U4611/Y (NOR3X1)                                      0.037313  0.054226   1.195083 f
  table_i/n2860 (net)                           3     0.006179            0.000000   1.195083 f
  table_i/U5875/A (AND2X1)                                      0.037313  0.000000   1.195083 f
  table_i/U5875/Y (AND2X1)                                      0.038996  0.052536   1.247619 f
  table_i/n2854 (net)                           4     0.010026            0.000000   1.247619 f
  table_i/U92/A (OR2X1)                                         0.038996  0.000000   1.247619 f
  table_i/U92/Y (OR2X1)                                         0.016798  0.045196   1.292815 f
  table_i/n4 (net)                              2     0.003685            0.000000   1.292815 f
  table_i/U4608/A (NAND3X1)                                     0.016798  0.000000   1.292815 f
  table_i/U4608/Y (NAND3X1)                                     0.033865  0.036249   1.329063 r
  table_i/n2859 (net)                           1     0.001551            0.000000   1.329063 r
  table_i/U6094/A (INVX1)                                       0.033865  0.000000   1.329063 r
  table_i/U6094/Y (INVX1)                                       0.017534  0.027322   1.356385 f
  table_i/n6673 (net)                           2     0.004703            0.000000   1.356385 f
  table_i/U5620/A (AND2X1)                                      0.017534  0.000000   1.356385 f
  table_i/U5620/Y (AND2X1)                                      0.021573  0.036390   1.392775 f
  table_i/n2853 (net)                           2     0.003777            0.000000   1.392775 f
  table_i/U5621/A (INVX1)                                       0.021573  0.000000   1.392775 f
  table_i/U5621/Y (INVX1)                                       0.000000  0.013479   1.406254 r
  table_i/n5970 (net)                           2     0.004839            0.000000   1.406254 r
  table_i/U4606/A (NAND3X1)                                     0.000000  0.000000   1.406254 r
  table_i/U4606/Y (NAND3X1)                                     0.015703  0.015351   1.421604 f
  table_i/n2843 (net)                           1     0.001504            0.000000   1.421604 f
  table_i/U102/A (BUFX2)                                        0.015703  0.000000   1.421604 f
  table_i/U102/Y (BUFX2)                                        0.004406  0.035109   1.456713 f
  table_i/n5 (net)                              2     0.003303            0.000000   1.456713 f
  table_i/U147/A (INVX1)                                        0.004406  0.000000   1.456713 f
  table_i/U147/Y (INVX1)                                        0.000000  -0.000866  1.455847 r
  table_i/n30 (net)                             1     0.002292            0.000000   1.455847 r
  table_i/U90/A (OR2X2)                                         0.000000  0.000000   1.455847 r
  table_i/U90/Y (OR2X2)                                         0.006088  0.035765   1.491612 r
  table_i/n2 (net)                              1     0.002283            0.000000   1.491612 r
  table_i/U88/B (OR2X2)                                         0.006088  0.000000   1.491612 r
  table_i/U88/Y (OR2X2)                                         0.019884  0.048127   1.539739 r
  table_i/n1 (net)                              2     0.005712            0.000000   1.539739 r
  table_i/U27/B (OR2X1)                                         0.019884  0.000000   1.539739 r
  table_i/U27/Y (OR2X1)                                         0.027282  0.053043   1.592783 r
  table_i/n2856 (net)                           1     0.003288            0.000000   1.592783 r
  table_i/U4604/C (NOR3X1)                                      0.027282  0.000000   1.592783 r
  table_i/U4604/Y (NOR3X1)                                      0.032786  0.027151   1.619934 f
  table_i/n2855 (net)                           2     0.003743            0.000000   1.619934 f
  table_i/U43/A (AND2X1)                                        0.032786  0.000000   1.619934 f
  table_i/U43/Y (AND2X1)                                        0.022970  0.040409   1.660342 f
  table_i/n2835 (net)                           2     0.004550            0.000000   1.660342 f
  table_i/U5873/A (AND2X1)                                      0.022970  0.000000   1.660342 f
  table_i/U5873/Y (AND2X1)                                      0.030158  0.043676   1.704018 f
  table_i/n2834 (net)                           3     0.006855            0.000000   1.704018 f
  table_i/U5874/A (INVX1)                                       0.030158  0.000000   1.704018 f
  table_i/U5874/Y (INVX1)                                       0.005456  0.024732   1.728750 r
  table_i/n6099 (net)                           3     0.007376            0.000000   1.728750 r
  table_i/U4592/A (AOI21X1)                                     0.005456  0.000000   1.728750 r
  table_i/U4592/Y (AOI21X1)                                     0.014707  0.013244   1.741993 f
  table_i/n6745 (net)                           1     0.001504            0.000000   1.741993 f
  table_i/U5624/A (BUFX2)                                       0.014707  0.000000   1.741993 f
  table_i/U5624/Y (BUFX2)                                       0.016046  0.043790   1.785784 f
  table_i/req_ready (net)                       2     0.011827            0.000000   1.785784 f
  table_i/U99/B (AND2X1)                                        0.016046  0.000000   1.785784 f
  table_i/U99/Y (AND2X1)                                        0.014851  0.042803   1.828586 f
  table_i/n6159 (net)                           1     0.001476            0.000000   1.828586 f
  table_i/U6320/A (INVX1)                                       0.014851  0.000000   1.828586 f
  table_i/U6320/Y (INVX1)                                       0.199558  0.143745   1.972331 r
  table_i/n6199 (net)                          19     0.045760            0.000000   1.972331 r
  table_i/U6226/A (INVX1)                                       0.199558  0.000000   1.972331 r
  table_i/U6226/Y (INVX1)                                       0.096616  0.132600   2.104931 f
  table_i/n6672 (net)                          18     0.034515            0.000000   2.104931 f
  table_i/U6011/B (AND2X1)                                      0.096616  0.000000   2.104931 f
  table_i/U6011/Y (AND2X1)                                      0.010139  0.052686   2.157617 f
  table_i/n6128 (net)                           1     0.001476            0.000000   2.157617 f
  table_i/U6012/A (INVX1)                                       0.010139  0.000000   2.157617 f
  table_i/U6012/Y (INVX1)                                       0.132188  0.099780   2.257397 r
  table_i/n1578 (net)                          13     0.032701            0.000000   2.257397 r
  table_i/U5606/B (AND2X1)                                      0.132188  0.000000   2.257397 r
  table_i/U5606/Y (AND2X1)                                      0.245293  0.180679   2.438076 r
  table_i/n1062 (net)                          21     0.049492            0.000000   2.438076 r
  table_i/U5607/A (INVX1)                                       0.245293  0.000000   2.438076 r
  table_i/U5607/Y (INVX1)                                       0.016181  0.091478   2.529553 f
  table_i/n5963 (net)                           5     0.008217            0.000000   2.529553 f
  table_i/U5964/A (INVX1)                                       0.016181  0.000000   2.529553 f
  table_i/U5964/Y (INVX1)                                       0.315757  0.217742   2.747296 r
  table_i/n6417 (net)                          27     0.068449            0.000000   2.747296 r
  table_i/U4208/A (OAI21X1)                                     0.315757  0.000000   2.747296 r
  table_i/U4208/Y (OAI21X1)                                     0.039250  0.089823   2.837119 f
  table_i/n4478 (net)                           1     0.001290            0.000000   2.837119 f
  table_i/addresses_reg[169]/D (DFFPOSX1)                       0.039250  0.000000   2.837119 f
  data arrival time                                                                  2.837119

  clock core_clk (rise edge)                                              3.000000   3.000000
  clock network delay (ideal)                                             0.000000   3.000000
  clock uncertainty                                                       -0.100000  2.900000
  table_i/addresses_reg[169]/CLK (DFFPOSX1)                               0.000000   2.900000 r
  library setup time                                                      -0.062865  2.837136
  data required time                                                                 2.837136
  ----------------------------------------------------------------------------------------------
  data required time                                                                 2.837136
  data arrival time                                                                  -2.837119
  ----------------------------------------------------------------------------------------------
  slack (MET)                                                                        0.000016


  Startpoint: table_i/occupied_reg[0]
              (rising edge-triggered flip-flop clocked by core_clk)
  Endpoint: table_i/addresses_reg[168]
            (rising edge-triggered flip-flop clocked by core_clk)
  Path Group: core_clk
  Path Type: max

  Point                                       Fanout       Cap     Trans      Incr       Path
  ----------------------------------------------------------------------------------------------
  clock core_clk (rise edge)                                              0.000000   0.000000
  clock network delay (ideal)                                             0.000000   0.000000
  table_i/occupied_reg[0]/CLK (DFFPOSX1)                        0.000000  0.000000 # 0.000000 r
  table_i/occupied_reg[0]/Q (DFFPOSX1)                          0.118814  0.133234   0.133234 r
  table_i/occupied[0] (net)                    18     0.048343            0.000000   0.133234 r
  table_i/U6455/A (INVX1)                                       0.118814  0.000000   0.133234 r
  table_i/U6455/Y (INVX1)                                       0.011977  0.050524   0.183758 f
  table_i/n6678 (net)                           2     0.004820            0.000000   0.183758 f
  table_i/U5881/B (OR2X1)                                       0.011977  0.000000   0.183758 f
  table_i/U5881/Y (OR2X1)                                       0.010774  0.047123   0.230881 f
  table_i/n2863 (net)                           1     0.001476            0.000000   0.230881 f
  table_i/U5882/A (INVX1)                                       0.010774  0.000000   0.230881 f
  table_i/U5882/Y (INVX1)                                       0.032235  0.036700   0.267581 r
  table_i/n6103 (net)                           5     0.013180            0.000000   0.267581 r
  table_i/U5608/A (AND2X1)                                      0.032235  0.000000   0.267581 r
  table_i/U5608/Y (AND2X1)                                      0.030904  0.028200   0.295781 r
  table_i/n2868 (net)                           1     0.001551            0.000000   0.295781 r
  table_i/U5609/A (INVX1)                                       0.030904  0.000000   0.295781 r
  table_i/U5609/Y (INVX1)                                       0.015549  0.025022   0.320803 f
  table_i/n5964 (net)                           2     0.003971            0.000000   0.320803 f
  table_i/U4623/A (NAND3X1)                                     0.015549  0.000000   0.320803 f
  table_i/U4623/Y (NAND3X1)                                     0.033832  0.035821   0.356624 r
  table_i/n2852 (net)                           1     0.001539            0.000000   0.356624 r
  table_i/U3800/A (BUFX2)                                       0.033832  0.000000   0.356624 r
  table_i/U3800/Y (BUFX2)                                       0.012693  0.037099   0.393723 r
  table_i/n5222 (net)                           2     0.003739            0.000000   0.393723 r
  table_i/U100/B (AND2X2)                                       0.012693  0.000000   0.393723 r
  table_i/U100/Y (AND2X2)                                       0.029631  0.046008   0.439731 r
  table_i/n2837 (net)                           4     0.011302            0.000000   0.439731 r
  table_i/U4622/C (NAND3X1)                                     0.029631  0.000000   0.439731 r
  table_i/U4622/Y (NAND3X1)                                     0.015681  0.013523   0.453255 f
  table_i/n2865 (net)                           1     0.001504            0.000000   0.453255 f
  table_i/U4235/A (BUFX2)                                       0.015681  0.000000   0.453255 f
  table_i/U4235/Y (BUFX2)                                       0.006021  0.036323   0.489577 f
  table_i/n5342 (net)                           2     0.004471            0.000000   0.489577 f
  table_i/U4621/B (NAND3X1)                                     0.006021  0.000000   0.489577 f
  table_i/U4621/Y (NAND3X1)                                     0.034117  0.028803   0.518380 r
  table_i/n2867 (net)                           1     0.001551            0.000000   0.518380 r
  table_i/U6093/A (INVX1)                                       0.034117  0.000000   0.518380 r
  table_i/U6093/Y (INVX1)                                       0.022967  0.031119   0.549500 f
  table_i/n6677 (net)                           3     0.006523            0.000000   0.549500 f
  table_i/U5632/A (AND2X1)                                      0.022967  0.000000   0.549500 f
  table_i/U5632/Y (AND2X1)                                      0.015148  0.032442   0.581941 f
  table_i/n2851 (net)                           1     0.001476            0.000000   0.581941 f
  table_i/U5633/A (INVX1)                                       0.015148  0.000000   0.581941 f
  table_i/U5633/Y (INVX1)                                       0.012682  0.025455   0.607397 r
  table_i/n5977 (net)                           4     0.009236            0.000000   0.607397 r
  table_i/U4619/A (NAND3X1)                                     0.012682  0.000000   0.607397 r
  table_i/U4619/Y (NAND3X1)                                     0.015687  0.017011   0.624408 f
  table_i/n2842 (net)                           1     0.001504            0.000000   0.624408 f
  table_i/U4656/A (BUFX2)                                       0.015687  0.000000   0.624408 f
  table_i/U4656/Y (BUFX2)                                       0.008395  0.038108   0.662516 f
  table_i/n5470 (net)                           3     0.006183            0.000000   0.662516 f
  table_i/U101/A (AND2X2)                                       0.008395  0.000000   0.662516 f
  table_i/U101/Y (AND2X2)                                       0.001272  0.033263   0.695779 f
  table_i/n2866 (net)                           1     0.002832            0.000000   0.695779 f
  table_i/U4618/C (NAND3X1)                                     0.001272  0.000000   0.695779 f
  table_i/U4618/Y (NAND3X1)                                     0.033832  0.025548   0.721327 r
  table_i/n2841 (net)                           1     0.001539            0.000000   0.721327 r
  table_i/U5349/A (BUFX2)                                       0.033832  0.000000   0.721327 r
  table_i/U5349/Y (BUFX2)                                       0.020721  0.042405   0.763732 r
  table_i/n5831 (net)                           3     0.007178            0.000000   0.763732 r
  table_i/U4617/A (NAND3X1)                                     0.020721  0.000000   0.763732 r
  table_i/U4617/Y (NAND3X1)                                     0.015127  0.018064   0.781796 f
  table_i/n2844 (net)                           1     0.001504            0.000000   0.781796 f
  table_i/U3805/A (BUFX2)                                       0.015127  0.000000   0.781796 f
  table_i/U3805/Y (BUFX2)                                       0.005933  0.036226   0.818022 f
  table_i/n5224 (net)                           2     0.004487            0.000000   0.818022 f
  table_i/U6092/A (INVX1)                                       0.005933  0.000000   0.818022 f
  table_i/U6092/Y (INVX1)                                       0.000000  0.001847   0.819869 r
  table_i/n6676 (net)                           1     0.002961            0.000000   0.819869 r
  table_i/U4616/C (NAND3X1)                                     0.000000  0.000000   0.819869 r
  table_i/U4616/Y (NAND3X1)                                     0.014656  0.006604   0.826473 f
  table_i/n2861 (net)                           1     0.001504            0.000000   0.826473 f
  table_i/U5110/A (BUFX2)                                       0.014656  0.000000   0.826473 f
  table_i/U5110/Y (BUFX2)                                       0.010022  0.039268   0.865741 f
  table_i/n5707 (net)                           3     0.007498            0.000000   0.865741 f
  table_i/U6009/A (INVX1)                                       0.010022  0.000000   0.865741 f
  table_i/U6009/Y (INVX1)                                       0.003506  0.018326   0.884067 r
  table_i/n6675 (net)                           3     0.007595            0.000000   0.884067 r
  table_i/U142/A (AND2X1)                                       0.003506  0.000000   0.884067 r
  table_i/U142/Y (AND2X1)                                       0.030971  0.028475   0.912542 r
  table_i/n2862 (net)                           1     0.001551            0.000000   0.912542 r
  table_i/U143/A (INVX1)                                        0.030971  0.000000   0.912542 r
  table_i/U143/Y (INVX1)                                        0.015716  0.025157   0.937699 f
  table_i/n26 (net)                             2     0.004029            0.000000   0.937699 f
  table_i/U4614/A (NAND3X1)                                     0.015716  0.000000   0.937699 f
  table_i/U4614/Y (NAND3X1)                                     0.033817  0.035873   0.973572 r
  table_i/n2850 (net)                           1     0.001539            0.000000   0.973572 r
  table_i/U146/A (BUFX2)                                        0.033817  0.000000   0.973572 r
  table_i/U146/Y (BUFX2)                                        0.007584  0.033721   1.007293 r
  table_i/n29 (net)                             1     0.001551            0.000000   1.007293 r
  table_i/U144/A (INVX1)                                        0.007584  0.000000   1.007293 r
  table_i/U144/Y (INVX1)                                        0.009721  0.013595   1.020888 f
  table_i/n27 (net)                             1     0.001476            0.000000   1.020888 f
  table_i/U145/A (INVX1)                                        0.009721  0.000000   1.020888 f
  table_i/U145/Y (INVX1)                                        0.000000  0.009021   1.029909 r
  table_i/n28 (net)                             2     0.004759            0.000000   1.029909 r
  table_i/U5625/A (AND2X2)                                      0.000000  0.000000   1.029909 r
  table_i/U5625/Y (AND2X2)                                      0.006381  0.031204   1.061113 r
  table_i/n2857 (net)                           1     0.001551            0.000000   1.061113 r
  table_i/U14/A (INVX1)                                         0.006381  0.000000   1.061113 r
  table_i/U14/Y (INVX1)                                         0.031580  0.028229   1.089342 f
  table_i/n5973 (net)                           3     0.008765            0.000000   1.089342 f
  table_i/U4612/C (NOR3X1)                                      0.031580  0.000000   1.089342 f
  table_i/U4612/Y (NOR3X1)                                      0.084812  0.051515   1.140857 r
  table_i/n2840 (net)                           3     0.009190            0.000000   1.140857 r
  table_i/U4611/B (NOR3X1)                                      0.084812  0.000000   1.140857 r
  table_i/U4611/Y (NOR3X1)                                      0.037313  0.054226   1.195083 f
  table_i/n2860 (net)                           3     0.006179            0.000000   1.195083 f
  table_i/U5875/A (AND2X1)                                      0.037313  0.000000   1.195083 f
  table_i/U5875/Y (AND2X1)                                      0.038996  0.052536   1.247619 f
  table_i/n2854 (net)                           4     0.010026            0.000000   1.247619 f
  table_i/U92/A (OR2X1)                                         0.038996  0.000000   1.247619 f
  table_i/U92/Y (OR2X1)                                         0.016798  0.045196   1.292815 f
  table_i/n4 (net)                              2     0.003685            0.000000   1.292815 f
  table_i/U4608/A (NAND3X1)                                     0.016798  0.000000   1.292815 f
  table_i/U4608/Y (NAND3X1)                                     0.033865  0.036249   1.329063 r
  table_i/n2859 (net)                           1     0.001551            0.000000   1.329063 r
  table_i/U6094/A (INVX1)                                       0.033865  0.000000   1.329063 r
  table_i/U6094/Y (INVX1)                                       0.017534  0.027322   1.356385 f
  table_i/n6673 (net)                           2     0.004703            0.000000   1.356385 f
  table_i/U5620/A (AND2X1)                                      0.017534  0.000000   1.356385 f
  table_i/U5620/Y (AND2X1)                                      0.021573  0.036390   1.392775 f
  table_i/n2853 (net)                           2     0.003777            0.000000   1.392775 f
  table_i/U5621/A (INVX1)                                       0.021573  0.000000   1.392775 f
  table_i/U5621/Y (INVX1)                                       0.000000  0.013479   1.406254 r
  table_i/n5970 (net)                           2     0.004839            0.000000   1.406254 r
  table_i/U4606/A (NAND3X1)                                     0.000000  0.000000   1.406254 r
  table_i/U4606/Y (NAND3X1)                                     0.015703  0.015351   1.421604 f
  table_i/n2843 (net)                           1     0.001504            0.000000   1.421604 f
  table_i/U102/A (BUFX2)                                        0.015703  0.000000   1.421604 f
  table_i/U102/Y (BUFX2)                                        0.004406  0.035109   1.456713 f
  table_i/n5 (net)                              2     0.003303            0.000000   1.456713 f
  table_i/U147/A (INVX1)                                        0.004406  0.000000   1.456713 f
  table_i/U147/Y (INVX1)                                        0.000000  -0.000866  1.455847 r
  table_i/n30 (net)                             1     0.002292            0.000000   1.455847 r
  table_i/U90/A (OR2X2)                                         0.000000  0.000000   1.455847 r
  table_i/U90/Y (OR2X2)                                         0.006088  0.035765   1.491612 r
  table_i/n2 (net)                              1     0.002283            0.000000   1.491612 r
  table_i/U88/B (OR2X2)                                         0.006088  0.000000   1.491612 r
  table_i/U88/Y (OR2X2)                                         0.019884  0.048127   1.539739 r
  table_i/n1 (net)                              2     0.005712            0.000000   1.539739 r
  table_i/U27/B (OR2X1)                                         0.019884  0.000000   1.539739 r
  table_i/U27/Y (OR2X1)                                         0.027282  0.053043   1.592783 r
  table_i/n2856 (net)                           1     0.003288            0.000000   1.592783 r
  table_i/U4604/C (NOR3X1)                                      0.027282  0.000000   1.592783 r
  table_i/U4604/Y (NOR3X1)                                      0.032786  0.027151   1.619934 f
  table_i/n2855 (net)                           2     0.003743            0.000000   1.619934 f
  table_i/U43/A (AND2X1)                                        0.032786  0.000000   1.619934 f
  table_i/U43/Y (AND2X1)                                        0.022970  0.040409   1.660342 f
  table_i/n2835 (net)                           2     0.004550            0.000000   1.660342 f
  table_i/U5873/A (AND2X1)                                      0.022970  0.000000   1.660342 f
  table_i/U5873/Y (AND2X1)                                      0.030158  0.043676   1.704018 f
  table_i/n2834 (net)                           3     0.006855            0.000000   1.704018 f
  table_i/U5874/A (INVX1)                                       0.030158  0.000000   1.704018 f
  table_i/U5874/Y (INVX1)                                       0.005456  0.024732   1.728750 r
  table_i/n6099 (net)                           3     0.007376            0.000000   1.728750 r
  table_i/U4592/A (AOI21X1)                                     0.005456  0.000000   1.728750 r
  table_i/U4592/Y (AOI21X1)                                     0.014707  0.013244   1.741993 f
  table_i/n6745 (net)                           1     0.001504            0.000000   1.741993 f
  table_i/U5624/A (BUFX2)                                       0.014707  0.000000   1.741993 f
  table_i/U5624/Y (BUFX2)                                       0.016046  0.043790   1.785784 f
  table_i/req_ready (net)                       2     0.011827            0.000000   1.785784 f
  table_i/U99/B (AND2X1)                                        0.016046  0.000000   1.785784 f
  table_i/U99/Y (AND2X1)                                        0.014851  0.042803   1.828586 f
  table_i/n6159 (net)                           1     0.001476            0.000000   1.828586 f
  table_i/U6320/A (INVX1)                                       0.014851  0.000000   1.828586 f
  table_i/U6320/Y (INVX1)                                       0.199558  0.143745   1.972331 r
  table_i/n6199 (net)                          19     0.045760            0.000000   1.972331 r
  table_i/U6226/A (INVX1)                                       0.199558  0.000000   1.972331 r
  table_i/U6226/Y (INVX1)                                       0.096616  0.132600   2.104931 f
  table_i/n6672 (net)                          18     0.034515            0.000000   2.104931 f
  table_i/U6011/B (AND2X1)                                      0.096616  0.000000   2.104931 f
  table_i/U6011/Y (AND2X1)                                      0.010139  0.052686   2.157617 f
  table_i/n6128 (net)                           1     0.001476            0.000000   2.157617 f
  table_i/U6012/A (INVX1)                                       0.010139  0.000000   2.157617 f
  table_i/U6012/Y (INVX1)                                       0.132188  0.099780   2.257397 r
  table_i/n1578 (net)                          13     0.032701            0.000000   2.257397 r
  table_i/U5606/B (AND2X1)                                      0.132188  0.000000   2.257397 r
  table_i/U5606/Y (AND2X1)                                      0.245293  0.180679   2.438076 r
  table_i/n1062 (net)                          21     0.049492            0.000000   2.438076 r
  table_i/U5607/A (INVX1)                                       0.245293  0.000000   2.438076 r
  table_i/U5607/Y (INVX1)                                       0.016181  0.091478   2.529553 f
  table_i/n5963 (net)                           5     0.008217            0.000000   2.529553 f
  table_i/U5963/A (INVX1)                                       0.016181  0.000000   2.529553 f
  table_i/U5963/Y (INVX1)                                       0.315757  0.217742   2.747296 r
  table_i/n6418 (net)                          27     0.068449            0.000000   2.747296 r
  table_i/U4206/A (OAI21X1)                                     0.315757  0.000000   2.747296 r
  table_i/U4206/Y (OAI21X1)                                     0.039250  0.089823   2.837119 f
  table_i/n4477 (net)                           1     0.001290            0.000000   2.837119 f
  table_i/addresses_reg[168]/D (DFFPOSX1)                       0.039250  0.000000   2.837119 f
  data arrival time                                                                  2.837119

  clock core_clk (rise edge)                                              3.000000   3.000000
  clock network delay (ideal)                                             0.000000   3.000000
  clock uncertainty                                                       -0.100000  2.900000
  table_i/addresses_reg[168]/CLK (DFFPOSX1)                               0.000000   2.900000 r
  library setup time                                                      -0.062865  2.837136
  data required time                                                                 2.837136
  ----------------------------------------------------------------------------------------------
  data required time                                                                 2.837136
  data arrival time                                                                  -2.837119
  ----------------------------------------------------------------------------------------------
  slack (MET)                                                                        0.000016


  Startpoint: table_i/occupied_reg[0]
              (rising edge-triggered flip-flop clocked by core_clk)
  Endpoint: table_i/addresses_reg[167]
            (rising edge-triggered flip-flop clocked by core_clk)
  Path Group: core_clk
  Path Type: max

  Point                                       Fanout       Cap     Trans      Incr       Path
  ----------------------------------------------------------------------------------------------
  clock core_clk (rise edge)                                              0.000000   0.000000
  clock network delay (ideal)                                             0.000000   0.000000
  table_i/occupied_reg[0]/CLK (DFFPOSX1)                        0.000000  0.000000 # 0.000000 r
  table_i/occupied_reg[0]/Q (DFFPOSX1)                          0.118814  0.133234   0.133234 r
  table_i/occupied[0] (net)                    18     0.048343            0.000000   0.133234 r
  table_i/U6455/A (INVX1)                                       0.118814  0.000000   0.133234 r
  table_i/U6455/Y (INVX1)                                       0.011977  0.050524   0.183758 f
  table_i/n6678 (net)                           2     0.004820            0.000000   0.183758 f
  table_i/U5881/B (OR2X1)                                       0.011977  0.000000   0.183758 f
  table_i/U5881/Y (OR2X1)                                       0.010774  0.047123   0.230881 f
  table_i/n2863 (net)                           1     0.001476            0.000000   0.230881 f
  table_i/U5882/A (INVX1)                                       0.010774  0.000000   0.230881 f
  table_i/U5882/Y (INVX1)                                       0.032235  0.036700   0.267581 r
  table_i/n6103 (net)                           5     0.013180            0.000000   0.267581 r
  table_i/U5608/A (AND2X1)                                      0.032235  0.000000   0.267581 r
  table_i/U5608/Y (AND2X1)                                      0.030904  0.028200   0.295781 r
  table_i/n2868 (net)                           1     0.001551            0.000000   0.295781 r
  table_i/U5609/A (INVX1)                                       0.030904  0.000000   0.295781 r
  table_i/U5609/Y (INVX1)                                       0.015549  0.025022   0.320803 f
  table_i/n5964 (net)                           2     0.003971            0.000000   0.320803 f
  table_i/U4623/A (NAND3X1)                                     0.015549  0.000000   0.320803 f
  table_i/U4623/Y (NAND3X1)                                     0.033832  0.035821   0.356624 r
  table_i/n2852 (net)                           1     0.001539            0.000000   0.356624 r
  table_i/U3800/A (BUFX2)                                       0.033832  0.000000   0.356624 r
  table_i/U3800/Y (BUFX2)                                       0.012693  0.037099   0.393723 r
  table_i/n5222 (net)                           2     0.003739            0.000000   0.393723 r
  table_i/U100/B (AND2X2)                                       0.012693  0.000000   0.393723 r
  table_i/U100/Y (AND2X2)                                       0.029631  0.046008   0.439731 r
  table_i/n2837 (net)                           4     0.011302            0.000000   0.439731 r
  table_i/U4622/C (NAND3X1)                                     0.029631  0.000000   0.439731 r
  table_i/U4622/Y (NAND3X1)                                     0.015681  0.013523   0.453255 f
  table_i/n2865 (net)                           1     0.001504            0.000000   0.453255 f
  table_i/U4235/A (BUFX2)                                       0.015681  0.000000   0.453255 f
  table_i/U4235/Y (BUFX2)                                       0.006021  0.036323   0.489577 f
  table_i/n5342 (net)                           2     0.004471            0.000000   0.489577 f
  table_i/U4621/B (NAND3X1)                                     0.006021  0.000000   0.489577 f
  table_i/U4621/Y (NAND3X1)                                     0.034117  0.028803   0.518380 r
  table_i/n2867 (net)                           1     0.001551            0.000000   0.518380 r
  table_i/U6093/A (INVX1)                                       0.034117  0.000000   0.518380 r
  table_i/U6093/Y (INVX1)                                       0.022967  0.031119   0.549500 f
  table_i/n6677 (net)                           3     0.006523            0.000000   0.549500 f
  table_i/U5632/A (AND2X1)                                      0.022967  0.000000   0.549500 f
  table_i/U5632/Y (AND2X1)                                      0.015148  0.032442   0.581941 f
  table_i/n2851 (net)                           1     0.001476            0.000000   0.581941 f
  table_i/U5633/A (INVX1)                                       0.015148  0.000000   0.581941 f
  table_i/U5633/Y (INVX1)                                       0.012682  0.025455   0.607397 r
  table_i/n5977 (net)                           4     0.009236            0.000000   0.607397 r
  table_i/U4619/A (NAND3X1)                                     0.012682  0.000000   0.607397 r
  table_i/U4619/Y (NAND3X1)                                     0.015687  0.017011   0.624408 f
  table_i/n2842 (net)                           1     0.001504            0.000000   0.624408 f
  table_i/U4656/A (BUFX2)                                       0.015687  0.000000   0.624408 f
  table_i/U4656/Y (BUFX2)                                       0.008395  0.038108   0.662516 f
  table_i/n5470 (net)                           3     0.006183            0.000000   0.662516 f
  table_i/U101/A (AND2X2)                                       0.008395  0.000000   0.662516 f
  table_i/U101/Y (AND2X2)                                       0.001272  0.033263   0.695779 f
  table_i/n2866 (net)                           1     0.002832            0.000000   0.695779 f
  table_i/U4618/C (NAND3X1)                                     0.001272  0.000000   0.695779 f
  table_i/U4618/Y (NAND3X1)                                     0.033832  0.025548   0.721327 r
  table_i/n2841 (net)                           1     0.001539            0.000000   0.721327 r
  table_i/U5349/A (BUFX2)                                       0.033832  0.000000   0.721327 r
  table_i/U5349/Y (BUFX2)                                       0.020721  0.042405   0.763732 r
  table_i/n5831 (net)                           3     0.007178            0.000000   0.763732 r
  table_i/U4617/A (NAND3X1)                                     0.020721  0.000000   0.763732 r
  table_i/U4617/Y (NAND3X1)                                     0.015127  0.018064   0.781796 f
  table_i/n2844 (net)                           1     0.001504            0.000000   0.781796 f
  table_i/U3805/A (BUFX2)                                       0.015127  0.000000   0.781796 f
  table_i/U3805/Y (BUFX2)                                       0.005933  0.036226   0.818022 f
  table_i/n5224 (net)                           2     0.004487            0.000000   0.818022 f
  table_i/U6092/A (INVX1)                                       0.005933  0.000000   0.818022 f
  table_i/U6092/Y (INVX1)                                       0.000000  0.001847   0.819869 r
  table_i/n6676 (net)                           1     0.002961            0.000000   0.819869 r
  table_i/U4616/C (NAND3X1)                                     0.000000  0.000000   0.819869 r
  table_i/U4616/Y (NAND3X1)                                     0.014656  0.006604   0.826473 f
  table_i/n2861 (net)                           1     0.001504            0.000000   0.826473 f
  table_i/U5110/A (BUFX2)                                       0.014656  0.000000   0.826473 f
  table_i/U5110/Y (BUFX2)                                       0.010022  0.039268   0.865741 f
  table_i/n5707 (net)                           3     0.007498            0.000000   0.865741 f
  table_i/U6009/A (INVX1)                                       0.010022  0.000000   0.865741 f
  table_i/U6009/Y (INVX1)                                       0.003506  0.018326   0.884067 r
  table_i/n6675 (net)                           3     0.007595            0.000000   0.884067 r
  table_i/U142/A (AND2X1)                                       0.003506  0.000000   0.884067 r
  table_i/U142/Y (AND2X1)                                       0.030971  0.028475   0.912542 r
  table_i/n2862 (net)                           1     0.001551            0.000000   0.912542 r
  table_i/U143/A (INVX1)                                        0.030971  0.000000   0.912542 r
  table_i/U143/Y (INVX1)                                        0.015716  0.025157   0.937699 f
  table_i/n26 (net)                             2     0.004029            0.000000   0.937699 f
  table_i/U4614/A (NAND3X1)                                     0.015716  0.000000   0.937699 f
  table_i/U4614/Y (NAND3X1)                                     0.033817  0.035873   0.973572 r
  table_i/n2850 (net)                           1     0.001539            0.000000   0.973572 r
  table_i/U146/A (BUFX2)                                        0.033817  0.000000   0.973572 r
  table_i/U146/Y (BUFX2)                                        0.007584  0.033721   1.007293 r
  table_i/n29 (net)                             1     0.001551            0.000000   1.007293 r
  table_i/U144/A (INVX1)                                        0.007584  0.000000   1.007293 r
  table_i/U144/Y (INVX1)                                        0.009721  0.013595   1.020888 f
  table_i/n27 (net)                             1     0.001476            0.000000   1.020888 f
  table_i/U145/A (INVX1)                                        0.009721  0.000000   1.020888 f
  table_i/U145/Y (INVX1)                                        0.000000  0.009021   1.029909 r
  table_i/n28 (net)                             2     0.004759            0.000000   1.029909 r
  table_i/U5625/A (AND2X2)                                      0.000000  0.000000   1.029909 r
  table_i/U5625/Y (AND2X2)                                      0.006381  0.031204   1.061113 r
  table_i/n2857 (net)                           1     0.001551            0.000000   1.061113 r
  table_i/U14/A (INVX1)                                         0.006381  0.000000   1.061113 r
  table_i/U14/Y (INVX1)                                         0.031580  0.028229   1.089342 f
  table_i/n5973 (net)                           3     0.008765            0.000000   1.089342 f
  table_i/U4612/C (NOR3X1)                                      0.031580  0.000000   1.089342 f
  table_i/U4612/Y (NOR3X1)                                      0.084812  0.051515   1.140857 r
  table_i/n2840 (net)                           3     0.009190            0.000000   1.140857 r
  table_i/U4611/B (NOR3X1)                                      0.084812  0.000000   1.140857 r
  table_i/U4611/Y (NOR3X1)                                      0.037313  0.054226   1.195083 f
  table_i/n2860 (net)                           3     0.006179            0.000000   1.195083 f
  table_i/U5875/A (AND2X1)                                      0.037313  0.000000   1.195083 f
  table_i/U5875/Y (AND2X1)                                      0.038996  0.052536   1.247619 f
  table_i/n2854 (net)                           4     0.010026            0.000000   1.247619 f
  table_i/U92/A (OR2X1)                                         0.038996  0.000000   1.247619 f
  table_i/U92/Y (OR2X1)                                         0.016798  0.045196   1.292815 f
  table_i/n4 (net)                              2     0.003685            0.000000   1.292815 f
  table_i/U4608/A (NAND3X1)                                     0.016798  0.000000   1.292815 f
  table_i/U4608/Y (NAND3X1)                                     0.033865  0.036249   1.329063 r
  table_i/n2859 (net)                           1     0.001551            0.000000   1.329063 r
  table_i/U6094/A (INVX1)                                       0.033865  0.000000   1.329063 r
  table_i/U6094/Y (INVX1)                                       0.017534  0.027322   1.356385 f
  table_i/n6673 (net)                           2     0.004703            0.000000   1.356385 f
  table_i/U5620/A (AND2X1)                                      0.017534  0.000000   1.356385 f
  table_i/U5620/Y (AND2X1)                                      0.021573  0.036390   1.392775 f
  table_i/n2853 (net)                           2     0.003777            0.000000   1.392775 f
  table_i/U5621/A (INVX1)                                       0.021573  0.000000   1.392775 f
  table_i/U5621/Y (INVX1)                                       0.000000  0.013479   1.406254 r
  table_i/n5970 (net)                           2     0.004839            0.000000   1.406254 r
  table_i/U4606/A (NAND3X1)                                     0.000000  0.000000   1.406254 r
  table_i/U4606/Y (NAND3X1)                                     0.015703  0.015351   1.421604 f
  table_i/n2843 (net)                           1     0.001504            0.000000   1.421604 f
  table_i/U102/A (BUFX2)                                        0.015703  0.000000   1.421604 f
  table_i/U102/Y (BUFX2)                                        0.004406  0.035109   1.456713 f
  table_i/n5 (net)                              2     0.003303            0.000000   1.456713 f
  table_i/U147/A (INVX1)                                        0.004406  0.000000   1.456713 f
  table_i/U147/Y (INVX1)                                        0.000000  -0.000866  1.455847 r
  table_i/n30 (net)                             1     0.002292            0.000000   1.455847 r
  table_i/U90/A (OR2X2)                                         0.000000  0.000000   1.455847 r
  table_i/U90/Y (OR2X2)                                         0.006088  0.035765   1.491612 r
  table_i/n2 (net)                              1     0.002283            0.000000   1.491612 r
  table_i/U88/B (OR2X2)                                         0.006088  0.000000   1.491612 r
  table_i/U88/Y (OR2X2)                                         0.019884  0.048127   1.539739 r
  table_i/n1 (net)                              2     0.005712            0.000000   1.539739 r
  table_i/U27/B (OR2X1)                                         0.019884  0.000000   1.539739 r
  table_i/U27/Y (OR2X1)                                         0.027282  0.053043   1.592783 r
  table_i/n2856 (net)                           1     0.003288            0.000000   1.592783 r
  table_i/U4604/C (NOR3X1)                                      0.027282  0.000000   1.592783 r
  table_i/U4604/Y (NOR3X1)                                      0.032786  0.027151   1.619934 f
  table_i/n2855 (net)                           2     0.003743            0.000000   1.619934 f
  table_i/U43/A (AND2X1)                                        0.032786  0.000000   1.619934 f
  table_i/U43/Y (AND2X1)                                        0.022970  0.040409   1.660342 f
  table_i/n2835 (net)                           2     0.004550            0.000000   1.660342 f
  table_i/U5873/A (AND2X1)                                      0.022970  0.000000   1.660342 f
  table_i/U5873/Y (AND2X1)                                      0.030158  0.043676   1.704018 f
  table_i/n2834 (net)                           3     0.006855            0.000000   1.704018 f
  table_i/U5874/A (INVX1)                                       0.030158  0.000000   1.704018 f
  table_i/U5874/Y (INVX1)                                       0.005456  0.024732   1.728750 r
  table_i/n6099 (net)                           3     0.007376            0.000000   1.728750 r
  table_i/U4592/A (AOI21X1)                                     0.005456  0.000000   1.728750 r
  table_i/U4592/Y (AOI21X1)                                     0.014707  0.013244   1.741993 f
  table_i/n6745 (net)                           1     0.001504            0.000000   1.741993 f
  table_i/U5624/A (BUFX2)                                       0.014707  0.000000   1.741993 f
  table_i/U5624/Y (BUFX2)                                       0.016046  0.043790   1.785784 f
  table_i/req_ready (net)                       2     0.011827            0.000000   1.785784 f
  table_i/U99/B (AND2X1)                                        0.016046  0.000000   1.785784 f
  table_i/U99/Y (AND2X1)                                        0.014851  0.042803   1.828586 f
  table_i/n6159 (net)                           1     0.001476            0.000000   1.828586 f
  table_i/U6320/A (INVX1)                                       0.014851  0.000000   1.828586 f
  table_i/U6320/Y (INVX1)                                       0.199558  0.143745   1.972331 r
  table_i/n6199 (net)                          19     0.045760            0.000000   1.972331 r
  table_i/U6226/A (INVX1)                                       0.199558  0.000000   1.972331 r
  table_i/U6226/Y (INVX1)                                       0.096616  0.132600   2.104931 f
  table_i/n6672 (net)                          18     0.034515            0.000000   2.104931 f
  table_i/U6011/B (AND2X1)                                      0.096616  0.000000   2.104931 f
  table_i/U6011/Y (AND2X1)                                      0.010139  0.052686   2.157617 f
  table_i/n6128 (net)                           1     0.001476            0.000000   2.157617 f
  table_i/U6012/A (INVX1)                                       0.010139  0.000000   2.157617 f
  table_i/U6012/Y (INVX1)                                       0.132188  0.099780   2.257397 r
  table_i/n1578 (net)                          13     0.032701            0.000000   2.257397 r
  table_i/U5606/B (AND2X1)                                      0.132188  0.000000   2.257397 r
  table_i/U5606/Y (AND2X1)                                      0.245293  0.180679   2.438076 r
  table_i/n1062 (net)                          21     0.049492            0.000000   2.438076 r
  table_i/U5607/A (INVX1)                                       0.245293  0.000000   2.438076 r
  table_i/U5607/Y (INVX1)                                       0.016181  0.091478   2.529553 f
  table_i/n5963 (net)                           5     0.008217            0.000000   2.529553 f
  table_i/U5963/A (INVX1)                                       0.016181  0.000000   2.529553 f
  table_i/U5963/Y (INVX1)                                       0.315757  0.217742   2.747296 r
  table_i/n6418 (net)                          27     0.068449            0.000000   2.747296 r
  table_i/U4204/A (OAI21X1)                                     0.315757  0.000000   2.747296 r
  table_i/U4204/Y (OAI21X1)                                     0.039250  0.089823   2.837119 f
  table_i/n4476 (net)                           1     0.001290            0.000000   2.837119 f
  table_i/addresses_reg[167]/D (DFFPOSX1)                       0.039250  0.000000   2.837119 f
  data arrival time                                                                  2.837119

  clock core_clk (rise edge)                                              3.000000   3.000000
  clock network delay (ideal)                                             0.000000   3.000000
  clock uncertainty                                                       -0.100000  2.900000
  table_i/addresses_reg[167]/CLK (DFFPOSX1)                               0.000000   2.900000 r
  library setup time                                                      -0.062865  2.837136
  data required time                                                                 2.837136
  ----------------------------------------------------------------------------------------------
  data required time                                                                 2.837136
  data arrival time                                                                  -2.837119
  ----------------------------------------------------------------------------------------------
  slack (MET)                                                                        0.000016


  Startpoint: table_i/occupied_reg[0]
              (rising edge-triggered flip-flop clocked by core_clk)
  Endpoint: table_i/addresses_reg[166]
            (rising edge-triggered flip-flop clocked by core_clk)
  Path Group: core_clk
  Path Type: max

  Point                                       Fanout       Cap     Trans      Incr       Path
  ----------------------------------------------------------------------------------------------
  clock core_clk (rise edge)                                              0.000000   0.000000
  clock network delay (ideal)                                             0.000000   0.000000
  table_i/occupied_reg[0]/CLK (DFFPOSX1)                        0.000000  0.000000 # 0.000000 r
  table_i/occupied_reg[0]/Q (DFFPOSX1)                          0.118814  0.133234   0.133234 r
  table_i/occupied[0] (net)                    18     0.048343            0.000000   0.133234 r
  table_i/U6455/A (INVX1)                                       0.118814  0.000000   0.133234 r
  table_i/U6455/Y (INVX1)                                       0.011977  0.050524   0.183758 f
  table_i/n6678 (net)                           2     0.004820            0.000000   0.183758 f
  table_i/U5881/B (OR2X1)                                       0.011977  0.000000   0.183758 f
  table_i/U5881/Y (OR2X1)                                       0.010774  0.047123   0.230881 f
  table_i/n2863 (net)                           1     0.001476            0.000000   0.230881 f
  table_i/U5882/A (INVX1)                                       0.010774  0.000000   0.230881 f
  table_i/U5882/Y (INVX1)                                       0.032235  0.036700   0.267581 r
  table_i/n6103 (net)                           5     0.013180            0.000000   0.267581 r
  table_i/U5608/A (AND2X1)                                      0.032235  0.000000   0.267581 r
  table_i/U5608/Y (AND2X1)                                      0.030904  0.028200   0.295781 r
  table_i/n2868 (net)                           1     0.001551            0.000000   0.295781 r
  table_i/U5609/A (INVX1)                                       0.030904  0.000000   0.295781 r
  table_i/U5609/Y (INVX1)                                       0.015549  0.025022   0.320803 f
  table_i/n5964 (net)                           2     0.003971            0.000000   0.320803 f
  table_i/U4623/A (NAND3X1)                                     0.015549  0.000000   0.320803 f
  table_i/U4623/Y (NAND3X1)                                     0.033832  0.035821   0.356624 r
  table_i/n2852 (net)                           1     0.001539            0.000000   0.356624 r
  table_i/U3800/A (BUFX2)                                       0.033832  0.000000   0.356624 r
  table_i/U3800/Y (BUFX2)                                       0.012693  0.037099   0.393723 r
  table_i/n5222 (net)                           2     0.003739            0.000000   0.393723 r
  table_i/U100/B (AND2X2)                                       0.012693  0.000000   0.393723 r
  table_i/U100/Y (AND2X2)                                       0.029631  0.046008   0.439731 r
  table_i/n2837 (net)                           4     0.011302            0.000000   0.439731 r
  table_i/U4622/C (NAND3X1)                                     0.029631  0.000000   0.439731 r
  table_i/U4622/Y (NAND3X1)                                     0.015681  0.013523   0.453255 f
  table_i/n2865 (net)                           1     0.001504            0.000000   0.453255 f
  table_i/U4235/A (BUFX2)                                       0.015681  0.000000   0.453255 f
  table_i/U4235/Y (BUFX2)                                       0.006021  0.036323   0.489577 f
  table_i/n5342 (net)                           2     0.004471            0.000000   0.489577 f
  table_i/U4621/B (NAND3X1)                                     0.006021  0.000000   0.489577 f
  table_i/U4621/Y (NAND3X1)                                     0.034117  0.028803   0.518380 r
  table_i/n2867 (net)                           1     0.001551            0.000000   0.518380 r
  table_i/U6093/A (INVX1)                                       0.034117  0.000000   0.518380 r
  table_i/U6093/Y (INVX1)                                       0.022967  0.031119   0.549500 f
  table_i/n6677 (net)                           3     0.006523            0.000000   0.549500 f
  table_i/U5632/A (AND2X1)                                      0.022967  0.000000   0.549500 f
  table_i/U5632/Y (AND2X1)                                      0.015148  0.032442   0.581941 f
  table_i/n2851 (net)                           1     0.001476            0.000000   0.581941 f
  table_i/U5633/A (INVX1)                                       0.015148  0.000000   0.581941 f
  table_i/U5633/Y (INVX1)                                       0.012682  0.025455   0.607397 r
  table_i/n5977 (net)                           4     0.009236            0.000000   0.607397 r
  table_i/U4619/A (NAND3X1)                                     0.012682  0.000000   0.607397 r
  table_i/U4619/Y (NAND3X1)                                     0.015687  0.017011   0.624408 f
  table_i/n2842 (net)                           1     0.001504            0.000000   0.624408 f
  table_i/U4656/A (BUFX2)                                       0.015687  0.000000   0.624408 f
  table_i/U4656/Y (BUFX2)                                       0.008395  0.038108   0.662516 f
  table_i/n5470 (net)                           3     0.006183            0.000000   0.662516 f
  table_i/U101/A (AND2X2)                                       0.008395  0.000000   0.662516 f
  table_i/U101/Y (AND2X2)                                       0.001272  0.033263   0.695779 f
  table_i/n2866 (net)                           1     0.002832            0.000000   0.695779 f
  table_i/U4618/C (NAND3X1)                                     0.001272  0.000000   0.695779 f
  table_i/U4618/Y (NAND3X1)                                     0.033832  0.025548   0.721327 r
  table_i/n2841 (net)                           1     0.001539            0.000000   0.721327 r
  table_i/U5349/A (BUFX2)                                       0.033832  0.000000   0.721327 r
  table_i/U5349/Y (BUFX2)                                       0.020721  0.042405   0.763732 r
  table_i/n5831 (net)                           3     0.007178            0.000000   0.763732 r
  table_i/U4617/A (NAND3X1)                                     0.020721  0.000000   0.763732 r
  table_i/U4617/Y (NAND3X1)                                     0.015127  0.018064   0.781796 f
  table_i/n2844 (net)                           1     0.001504            0.000000   0.781796 f
  table_i/U3805/A (BUFX2)                                       0.015127  0.000000   0.781796 f
  table_i/U3805/Y (BUFX2)                                       0.005933  0.036226   0.818022 f
  table_i/n5224 (net)                           2     0.004487            0.000000   0.818022 f
  table_i/U6092/A (INVX1)                                       0.005933  0.000000   0.818022 f
  table_i/U6092/Y (INVX1)                                       0.000000  0.001847   0.819869 r
  table_i/n6676 (net)                           1     0.002961            0.000000   0.819869 r
  table_i/U4616/C (NAND3X1)                                     0.000000  0.000000   0.819869 r
  table_i/U4616/Y (NAND3X1)                                     0.014656  0.006604   0.826473 f
  table_i/n2861 (net)                           1     0.001504            0.000000   0.826473 f
  table_i/U5110/A (BUFX2)                                       0.014656  0.000000   0.826473 f
  table_i/U5110/Y (BUFX2)                                       0.010022  0.039268   0.865741 f
  table_i/n5707 (net)                           3     0.007498            0.000000   0.865741 f
  table_i/U6009/A (INVX1)                                       0.010022  0.000000   0.865741 f
  table_i/U6009/Y (INVX1)                                       0.003506  0.018326   0.884067 r
  table_i/n6675 (net)                           3     0.007595            0.000000   0.884067 r
  table_i/U142/A (AND2X1)                                       0.003506  0.000000   0.884067 r
  table_i/U142/Y (AND2X1)                                       0.030971  0.028475   0.912542 r
  table_i/n2862 (net)                           1     0.001551            0.000000   0.912542 r
  table_i/U143/A (INVX1)                                        0.030971  0.000000   0.912542 r
  table_i/U143/Y (INVX1)                                        0.015716  0.025157   0.937699 f
  table_i/n26 (net)                             2     0.004029            0.000000   0.937699 f
  table_i/U4614/A (NAND3X1)                                     0.015716  0.000000   0.937699 f
  table_i/U4614/Y (NAND3X1)                                     0.033817  0.035873   0.973572 r
  table_i/n2850 (net)                           1     0.001539            0.000000   0.973572 r
  table_i/U146/A (BUFX2)                                        0.033817  0.000000   0.973572 r
  table_i/U146/Y (BUFX2)                                        0.007584  0.033721   1.007293 r
  table_i/n29 (net)                             1     0.001551            0.000000   1.007293 r
  table_i/U144/A (INVX1)                                        0.007584  0.000000   1.007293 r
  table_i/U144/Y (INVX1)                                        0.009721  0.013595   1.020888 f
  table_i/n27 (net)                             1     0.001476            0.000000   1.020888 f
  table_i/U145/A (INVX1)                                        0.009721  0.000000   1.020888 f
  table_i/U145/Y (INVX1)                                        0.000000  0.009021   1.029909 r
  table_i/n28 (net)                             2     0.004759            0.000000   1.029909 r
  table_i/U5625/A (AND2X2)                                      0.000000  0.000000   1.029909 r
  table_i/U5625/Y (AND2X2)                                      0.006381  0.031204   1.061113 r
  table_i/n2857 (net)                           1     0.001551            0.000000   1.061113 r
  table_i/U14/A (INVX1)                                         0.006381  0.000000   1.061113 r
  table_i/U14/Y (INVX1)                                         0.031580  0.028229   1.089342 f
  table_i/n5973 (net)                           3     0.008765            0.000000   1.089342 f
  table_i/U4612/C (NOR3X1)                                      0.031580  0.000000   1.089342 f
  table_i/U4612/Y (NOR3X1)                                      0.084812  0.051515   1.140857 r
  table_i/n2840 (net)                           3     0.009190            0.000000   1.140857 r
  table_i/U4611/B (NOR3X1)                                      0.084812  0.000000   1.140857 r
  table_i/U4611/Y (NOR3X1)                                      0.037313  0.054226   1.195083 f
  table_i/n2860 (net)                           3     0.006179            0.000000   1.195083 f
  table_i/U5875/A (AND2X1)                                      0.037313  0.000000   1.195083 f
  table_i/U5875/Y (AND2X1)                                      0.038996  0.052536   1.247619 f
  table_i/n2854 (net)                           4     0.010026            0.000000   1.247619 f
  table_i/U92/A (OR2X1)                                         0.038996  0.000000   1.247619 f
  table_i/U92/Y (OR2X1)                                         0.016798  0.045196   1.292815 f
  table_i/n4 (net)                              2     0.003685            0.000000   1.292815 f
  table_i/U4608/A (NAND3X1)                                     0.016798  0.000000   1.292815 f
  table_i/U4608/Y (NAND3X1)                                     0.033865  0.036249   1.329063 r
  table_i/n2859 (net)                           1     0.001551            0.000000   1.329063 r
  table_i/U6094/A (INVX1)                                       0.033865  0.000000   1.329063 r
  table_i/U6094/Y (INVX1)                                       0.017534  0.027322   1.356385 f
  table_i/n6673 (net)                           2     0.004703            0.000000   1.356385 f
  table_i/U5620/A (AND2X1)                                      0.017534  0.000000   1.356385 f
  table_i/U5620/Y (AND2X1)                                      0.021573  0.036390   1.392775 f
  table_i/n2853 (net)                           2     0.003777            0.000000   1.392775 f
  table_i/U5621/A (INVX1)                                       0.021573  0.000000   1.392775 f
  table_i/U5621/Y (INVX1)                                       0.000000  0.013479   1.406254 r
  table_i/n5970 (net)                           2     0.004839            0.000000   1.406254 r
  table_i/U4606/A (NAND3X1)                                     0.000000  0.000000   1.406254 r
  table_i/U4606/Y (NAND3X1)                                     0.015703  0.015351   1.421604 f
  table_i/n2843 (net)                           1     0.001504            0.000000   1.421604 f
  table_i/U102/A (BUFX2)                                        0.015703  0.000000   1.421604 f
  table_i/U102/Y (BUFX2)                                        0.004406  0.035109   1.456713 f
  table_i/n5 (net)                              2     0.003303            0.000000   1.456713 f
  table_i/U147/A (INVX1)                                        0.004406  0.000000   1.456713 f
  table_i/U147/Y (INVX1)                                        0.000000  -0.000866  1.455847 r
  table_i/n30 (net)                             1     0.002292            0.000000   1.455847 r
  table_i/U90/A (OR2X2)                                         0.000000  0.000000   1.455847 r
  table_i/U90/Y (OR2X2)                                         0.006088  0.035765   1.491612 r
  table_i/n2 (net)                              1     0.002283            0.000000   1.491612 r
  table_i/U88/B (OR2X2)                                         0.006088  0.000000   1.491612 r
  table_i/U88/Y (OR2X2)                                         0.019884  0.048127   1.539739 r
  table_i/n1 (net)                              2     0.005712            0.000000   1.539739 r
  table_i/U27/B (OR2X1)                                         0.019884  0.000000   1.539739 r
  table_i/U27/Y (OR2X1)                                         0.027282  0.053043   1.592783 r
  table_i/n2856 (net)                           1     0.003288            0.000000   1.592783 r
  table_i/U4604/C (NOR3X1)                                      0.027282  0.000000   1.592783 r
  table_i/U4604/Y (NOR3X1)                                      0.032786  0.027151   1.619934 f
  table_i/n2855 (net)                           2     0.003743            0.000000   1.619934 f
  table_i/U43/A (AND2X1)                                        0.032786  0.000000   1.619934 f
  table_i/U43/Y (AND2X1)                                        0.022970  0.040409   1.660342 f
  table_i/n2835 (net)                           2     0.004550            0.000000   1.660342 f
  table_i/U5873/A (AND2X1)                                      0.022970  0.000000   1.660342 f
  table_i/U5873/Y (AND2X1)                                      0.030158  0.043676   1.704018 f
  table_i/n2834 (net)                           3     0.006855            0.000000   1.704018 f
  table_i/U5874/A (INVX1)                                       0.030158  0.000000   1.704018 f
  table_i/U5874/Y (INVX1)                                       0.005456  0.024732   1.728750 r
  table_i/n6099 (net)                           3     0.007376            0.000000   1.728750 r
  table_i/U4592/A (AOI21X1)                                     0.005456  0.000000   1.728750 r
  table_i/U4592/Y (AOI21X1)                                     0.014707  0.013244   1.741993 f
  table_i/n6745 (net)                           1     0.001504            0.000000   1.741993 f
  table_i/U5624/A (BUFX2)                                       0.014707  0.000000   1.741993 f
  table_i/U5624/Y (BUFX2)                                       0.016046  0.043790   1.785784 f
  table_i/req_ready (net)                       2     0.011827            0.000000   1.785784 f
  table_i/U99/B (AND2X1)                                        0.016046  0.000000   1.785784 f
  table_i/U99/Y (AND2X1)                                        0.014851  0.042803   1.828586 f
  table_i/n6159 (net)                           1     0.001476            0.000000   1.828586 f
  table_i/U6320/A (INVX1)                                       0.014851  0.000000   1.828586 f
  table_i/U6320/Y (INVX1)                                       0.199558  0.143745   1.972331 r
  table_i/n6199 (net)                          19     0.045760            0.000000   1.972331 r
  table_i/U6226/A (INVX1)                                       0.199558  0.000000   1.972331 r
  table_i/U6226/Y (INVX1)                                       0.096616  0.132600   2.104931 f
  table_i/n6672 (net)                          18     0.034515            0.000000   2.104931 f
  table_i/U6011/B (AND2X1)                                      0.096616  0.000000   2.104931 f
  table_i/U6011/Y (AND2X1)                                      0.010139  0.052686   2.157617 f
  table_i/n6128 (net)                           1     0.001476            0.000000   2.157617 f
  table_i/U6012/A (INVX1)                                       0.010139  0.000000   2.157617 f
  table_i/U6012/Y (INVX1)                                       0.132188  0.099780   2.257397 r
  table_i/n1578 (net)                          13     0.032701            0.000000   2.257397 r
  table_i/U5606/B (AND2X1)                                      0.132188  0.000000   2.257397 r
  table_i/U5606/Y (AND2X1)                                      0.245293  0.180679   2.438076 r
  table_i/n1062 (net)                          21     0.049492            0.000000   2.438076 r
  table_i/U5607/A (INVX1)                                       0.245293  0.000000   2.438076 r
  table_i/U5607/Y (INVX1)                                       0.016181  0.091478   2.529553 f
  table_i/n5963 (net)                           5     0.008217            0.000000   2.529553 f
  table_i/U5963/A (INVX1)                                       0.016181  0.000000   2.529553 f
  table_i/U5963/Y (INVX1)                                       0.315757  0.217742   2.747296 r
  table_i/n6418 (net)                          27     0.068449            0.000000   2.747296 r
  table_i/U4202/A (OAI21X1)                                     0.315757  0.000000   2.747296 r
  table_i/U4202/Y (OAI21X1)                                     0.039250  0.089823   2.837119 f
  table_i/n4475 (net)                           1     0.001290            0.000000   2.837119 f
  table_i/addresses_reg[166]/D (DFFPOSX1)                       0.039250  0.000000   2.837119 f
  data arrival time                                                                  2.837119

  clock core_clk (rise edge)                                              3.000000   3.000000
  clock network delay (ideal)                                             0.000000   3.000000
  clock uncertainty                                                       -0.100000  2.900000
  table_i/addresses_reg[166]/CLK (DFFPOSX1)                               0.000000   2.900000 r
  library setup time                                                      -0.062865  2.837136
  data required time                                                                 2.837136
  ----------------------------------------------------------------------------------------------
  data required time                                                                 2.837136
  data arrival time                                                                  -2.837119
  ----------------------------------------------------------------------------------------------
  slack (MET)                                                                        0.000016


  Startpoint: table_i/occupied_reg[0]
              (rising edge-triggered flip-flop clocked by core_clk)
  Endpoint: table_i/addresses_reg[165]
            (rising edge-triggered flip-flop clocked by core_clk)
  Path Group: core_clk
  Path Type: max

  Point                                       Fanout       Cap     Trans      Incr       Path
  ----------------------------------------------------------------------------------------------
  clock core_clk (rise edge)                                              0.000000   0.000000
  clock network delay (ideal)                                             0.000000   0.000000
  table_i/occupied_reg[0]/CLK (DFFPOSX1)                        0.000000  0.000000 # 0.000000 r
  table_i/occupied_reg[0]/Q (DFFPOSX1)                          0.118814  0.133234   0.133234 r
  table_i/occupied[0] (net)                    18     0.048343            0.000000   0.133234 r
  table_i/U6455/A (INVX1)                                       0.118814  0.000000   0.133234 r
  table_i/U6455/Y (INVX1)                                       0.011977  0.050524   0.183758 f
  table_i/n6678 (net)                           2     0.004820            0.000000   0.183758 f
  table_i/U5881/B (OR2X1)                                       0.011977  0.000000   0.183758 f
  table_i/U5881/Y (OR2X1)                                       0.010774  0.047123   0.230881 f
  table_i/n2863 (net)                           1     0.001476            0.000000   0.230881 f
  table_i/U5882/A (INVX1)                                       0.010774  0.000000   0.230881 f
  table_i/U5882/Y (INVX1)                                       0.032235  0.036700   0.267581 r
  table_i/n6103 (net)                           5     0.013180            0.000000   0.267581 r
  table_i/U5608/A (AND2X1)                                      0.032235  0.000000   0.267581 r
  table_i/U5608/Y (AND2X1)                                      0.030904  0.028200   0.295781 r
  table_i/n2868 (net)                           1     0.001551            0.000000   0.295781 r
  table_i/U5609/A (INVX1)                                       0.030904  0.000000   0.295781 r
  table_i/U5609/Y (INVX1)                                       0.015549  0.025022   0.320803 f
  table_i/n5964 (net)                           2     0.003971            0.000000   0.320803 f
  table_i/U4623/A (NAND3X1)                                     0.015549  0.000000   0.320803 f
  table_i/U4623/Y (NAND3X1)                                     0.033832  0.035821   0.356624 r
  table_i/n2852 (net)                           1     0.001539            0.000000   0.356624 r
  table_i/U3800/A (BUFX2)                                       0.033832  0.000000   0.356624 r
  table_i/U3800/Y (BUFX2)                                       0.012693  0.037099   0.393723 r
  table_i/n5222 (net)                           2     0.003739            0.000000   0.393723 r
  table_i/U100/B (AND2X2)                                       0.012693  0.000000   0.393723 r
  table_i/U100/Y (AND2X2)                                       0.029631  0.046008   0.439731 r
  table_i/n2837 (net)                           4     0.011302            0.000000   0.439731 r
  table_i/U4622/C (NAND3X1)                                     0.029631  0.000000   0.439731 r
  table_i/U4622/Y (NAND3X1)                                     0.015681  0.013523   0.453255 f
  table_i/n2865 (net)                           1     0.001504            0.000000   0.453255 f
  table_i/U4235/A (BUFX2)                                       0.015681  0.000000   0.453255 f
  table_i/U4235/Y (BUFX2)                                       0.006021  0.036323   0.489577 f
  table_i/n5342 (net)                           2     0.004471            0.000000   0.489577 f
  table_i/U4621/B (NAND3X1)                                     0.006021  0.000000   0.489577 f
  table_i/U4621/Y (NAND3X1)                                     0.034117  0.028803   0.518380 r
  table_i/n2867 (net)                           1     0.001551            0.000000   0.518380 r
  table_i/U6093/A (INVX1)                                       0.034117  0.000000   0.518380 r
  table_i/U6093/Y (INVX1)                                       0.022967  0.031119   0.549500 f
  table_i/n6677 (net)                           3     0.006523            0.000000   0.549500 f
  table_i/U5632/A (AND2X1)                                      0.022967  0.000000   0.549500 f
  table_i/U5632/Y (AND2X1)                                      0.015148  0.032442   0.581941 f
  table_i/n2851 (net)                           1     0.001476            0.000000   0.581941 f
  table_i/U5633/A (INVX1)                                       0.015148  0.000000   0.581941 f
  table_i/U5633/Y (INVX1)                                       0.012682  0.025455   0.607397 r
  table_i/n5977 (net)                           4     0.009236            0.000000   0.607397 r
  table_i/U4619/A (NAND3X1)                                     0.012682  0.000000   0.607397 r
  table_i/U4619/Y (NAND3X1)                                     0.015687  0.017011   0.624408 f
  table_i/n2842 (net)                           1     0.001504            0.000000   0.624408 f
  table_i/U4656/A (BUFX2)                                       0.015687  0.000000   0.624408 f
  table_i/U4656/Y (BUFX2)                                       0.008395  0.038108   0.662516 f
  table_i/n5470 (net)                           3     0.006183            0.000000   0.662516 f
  table_i/U101/A (AND2X2)                                       0.008395  0.000000   0.662516 f
  table_i/U101/Y (AND2X2)                                       0.001272  0.033263   0.695779 f
  table_i/n2866 (net)                           1     0.002832            0.000000   0.695779 f
  table_i/U4618/C (NAND3X1)                                     0.001272  0.000000   0.695779 f
  table_i/U4618/Y (NAND3X1)                                     0.033832  0.025548   0.721327 r
  table_i/n2841 (net)                           1     0.001539            0.000000   0.721327 r
  table_i/U5349/A (BUFX2)                                       0.033832  0.000000   0.721327 r
  table_i/U5349/Y (BUFX2)                                       0.020721  0.042405   0.763732 r
  table_i/n5831 (net)                           3     0.007178            0.000000   0.763732 r
  table_i/U4617/A (NAND3X1)                                     0.020721  0.000000   0.763732 r
  table_i/U4617/Y (NAND3X1)                                     0.015127  0.018064   0.781796 f
  table_i/n2844 (net)                           1     0.001504            0.000000   0.781796 f
  table_i/U3805/A (BUFX2)                                       0.015127  0.000000   0.781796 f
  table_i/U3805/Y (BUFX2)                                       0.005933  0.036226   0.818022 f
  table_i/n5224 (net)                           2     0.004487            0.000000   0.818022 f
  table_i/U6092/A (INVX1)                                       0.005933  0.000000   0.818022 f
  table_i/U6092/Y (INVX1)                                       0.000000  0.001847   0.819869 r
  table_i/n6676 (net)                           1     0.002961            0.000000   0.819869 r
  table_i/U4616/C (NAND3X1)                                     0.000000  0.000000   0.819869 r
  table_i/U4616/Y (NAND3X1)                                     0.014656  0.006604   0.826473 f
  table_i/n2861 (net)                           1     0.001504            0.000000   0.826473 f
  table_i/U5110/A (BUFX2)                                       0.014656  0.000000   0.826473 f
  table_i/U5110/Y (BUFX2)                                       0.010022  0.039268   0.865741 f
  table_i/n5707 (net)                           3     0.007498            0.000000   0.865741 f
  table_i/U6009/A (INVX1)                                       0.010022  0.000000   0.865741 f
  table_i/U6009/Y (INVX1)                                       0.003506  0.018326   0.884067 r
  table_i/n6675 (net)                           3     0.007595            0.000000   0.884067 r
  table_i/U142/A (AND2X1)                                       0.003506  0.000000   0.884067 r
  table_i/U142/Y (AND2X1)                                       0.030971  0.028475   0.912542 r
  table_i/n2862 (net)                           1     0.001551            0.000000   0.912542 r
  table_i/U143/A (INVX1)                                        0.030971  0.000000   0.912542 r
  table_i/U143/Y (INVX1)                                        0.015716  0.025157   0.937699 f
  table_i/n26 (net)                             2     0.004029            0.000000   0.937699 f
  table_i/U4614/A (NAND3X1)                                     0.015716  0.000000   0.937699 f
  table_i/U4614/Y (NAND3X1)                                     0.033817  0.035873   0.973572 r
  table_i/n2850 (net)                           1     0.001539            0.000000   0.973572 r
  table_i/U146/A (BUFX2)                                        0.033817  0.000000   0.973572 r
  table_i/U146/Y (BUFX2)                                        0.007584  0.033721   1.007293 r
  table_i/n29 (net)                             1     0.001551            0.000000   1.007293 r
  table_i/U144/A (INVX1)                                        0.007584  0.000000   1.007293 r
  table_i/U144/Y (INVX1)                                        0.009721  0.013595   1.020888 f
  table_i/n27 (net)                             1     0.001476            0.000000   1.020888 f
  table_i/U145/A (INVX1)                                        0.009721  0.000000   1.020888 f
  table_i/U145/Y (INVX1)                                        0.000000  0.009021   1.029909 r
  table_i/n28 (net)                             2     0.004759            0.000000   1.029909 r
  table_i/U5625/A (AND2X2)                                      0.000000  0.000000   1.029909 r
  table_i/U5625/Y (AND2X2)                                      0.006381  0.031204   1.061113 r
  table_i/n2857 (net)                           1     0.001551            0.000000   1.061113 r
  table_i/U14/A (INVX1)                                         0.006381  0.000000   1.061113 r
  table_i/U14/Y (INVX1)                                         0.031580  0.028229   1.089342 f
  table_i/n5973 (net)                           3     0.008765            0.000000   1.089342 f
  table_i/U4612/C (NOR3X1)                                      0.031580  0.000000   1.089342 f
  table_i/U4612/Y (NOR3X1)                                      0.084812  0.051515   1.140857 r
  table_i/n2840 (net)                           3     0.009190            0.000000   1.140857 r
  table_i/U4611/B (NOR3X1)                                      0.084812  0.000000   1.140857 r
  table_i/U4611/Y (NOR3X1)                                      0.037313  0.054226   1.195083 f
  table_i/n2860 (net)                           3     0.006179            0.000000   1.195083 f
  table_i/U5875/A (AND2X1)                                      0.037313  0.000000   1.195083 f
  table_i/U5875/Y (AND2X1)                                      0.038996  0.052536   1.247619 f
  table_i/n2854 (net)                           4     0.010026            0.000000   1.247619 f
  table_i/U92/A (OR2X1)                                         0.038996  0.000000   1.247619 f
  table_i/U92/Y (OR2X1)                                         0.016798  0.045196   1.292815 f
  table_i/n4 (net)                              2     0.003685            0.000000   1.292815 f
  table_i/U4608/A (NAND3X1)                                     0.016798  0.000000   1.292815 f
  table_i/U4608/Y (NAND3X1)                                     0.033865  0.036249   1.329063 r
  table_i/n2859 (net)                           1     0.001551            0.000000   1.329063 r
  table_i/U6094/A (INVX1)                                       0.033865  0.000000   1.329063 r
  table_i/U6094/Y (INVX1)                                       0.017534  0.027322   1.356385 f
  table_i/n6673 (net)                           2     0.004703            0.000000   1.356385 f
  table_i/U5620/A (AND2X1)                                      0.017534  0.000000   1.356385 f
  table_i/U5620/Y (AND2X1)                                      0.021573  0.036390   1.392775 f
  table_i/n2853 (net)                           2     0.003777            0.000000   1.392775 f
  table_i/U5621/A (INVX1)                                       0.021573  0.000000   1.392775 f
  table_i/U5621/Y (INVX1)                                       0.000000  0.013479   1.406254 r
  table_i/n5970 (net)                           2     0.004839            0.000000   1.406254 r
  table_i/U4606/A (NAND3X1)                                     0.000000  0.000000   1.406254 r
  table_i/U4606/Y (NAND3X1)                                     0.015703  0.015351   1.421604 f
  table_i/n2843 (net)                           1     0.001504            0.000000   1.421604 f
  table_i/U102/A (BUFX2)                                        0.015703  0.000000   1.421604 f
  table_i/U102/Y (BUFX2)                                        0.004406  0.035109   1.456713 f
  table_i/n5 (net)                              2     0.003303            0.000000   1.456713 f
  table_i/U147/A (INVX1)                                        0.004406  0.000000   1.456713 f
  table_i/U147/Y (INVX1)                                        0.000000  -0.000866  1.455847 r
  table_i/n30 (net)                             1     0.002292            0.000000   1.455847 r
  table_i/U90/A (OR2X2)                                         0.000000  0.000000   1.455847 r
  table_i/U90/Y (OR2X2)                                         0.006088  0.035765   1.491612 r
  table_i/n2 (net)                              1     0.002283            0.000000   1.491612 r
  table_i/U88/B (OR2X2)                                         0.006088  0.000000   1.491612 r
  table_i/U88/Y (OR2X2)                                         0.019884  0.048127   1.539739 r
  table_i/n1 (net)                              2     0.005712            0.000000   1.539739 r
  table_i/U27/B (OR2X1)                                         0.019884  0.000000   1.539739 r
  table_i/U27/Y (OR2X1)                                         0.027282  0.053043   1.592783 r
  table_i/n2856 (net)                           1     0.003288            0.000000   1.592783 r
  table_i/U4604/C (NOR3X1)                                      0.027282  0.000000   1.592783 r
  table_i/U4604/Y (NOR3X1)                                      0.032786  0.027151   1.619934 f
  table_i/n2855 (net)                           2     0.003743            0.000000   1.619934 f
  table_i/U43/A (AND2X1)                                        0.032786  0.000000   1.619934 f
  table_i/U43/Y (AND2X1)                                        0.022970  0.040409   1.660342 f
  table_i/n2835 (net)                           2     0.004550            0.000000   1.660342 f
  table_i/U5873/A (AND2X1)                                      0.022970  0.000000   1.660342 f
  table_i/U5873/Y (AND2X1)                                      0.030158  0.043676   1.704018 f
  table_i/n2834 (net)                           3     0.006855            0.000000   1.704018 f
  table_i/U5874/A (INVX1)                                       0.030158  0.000000   1.704018 f
  table_i/U5874/Y (INVX1)                                       0.005456  0.024732   1.728750 r
  table_i/n6099 (net)                           3     0.007376            0.000000   1.728750 r
  table_i/U4592/A (AOI21X1)                                     0.005456  0.000000   1.728750 r
  table_i/U4592/Y (AOI21X1)                                     0.014707  0.013244   1.741993 f
  table_i/n6745 (net)                           1     0.001504            0.000000   1.741993 f
  table_i/U5624/A (BUFX2)                                       0.014707  0.000000   1.741993 f
  table_i/U5624/Y (BUFX2)                                       0.016046  0.043790   1.785784 f
  table_i/req_ready (net)                       2     0.011827            0.000000   1.785784 f
  table_i/U99/B (AND2X1)                                        0.016046  0.000000   1.785784 f
  table_i/U99/Y (AND2X1)                                        0.014851  0.042803   1.828586 f
  table_i/n6159 (net)                           1     0.001476            0.000000   1.828586 f
  table_i/U6320/A (INVX1)                                       0.014851  0.000000   1.828586 f
  table_i/U6320/Y (INVX1)                                       0.199558  0.143745   1.972331 r
  table_i/n6199 (net)                          19     0.045760            0.000000   1.972331 r
  table_i/U6226/A (INVX1)                                       0.199558  0.000000   1.972331 r
  table_i/U6226/Y (INVX1)                                       0.096616  0.132600   2.104931 f
  table_i/n6672 (net)                          18     0.034515            0.000000   2.104931 f
  table_i/U6011/B (AND2X1)                                      0.096616  0.000000   2.104931 f
  table_i/U6011/Y (AND2X1)                                      0.010139  0.052686   2.157617 f
  table_i/n6128 (net)                           1     0.001476            0.000000   2.157617 f
  table_i/U6012/A (INVX1)                                       0.010139  0.000000   2.157617 f
  table_i/U6012/Y (INVX1)                                       0.132188  0.099780   2.257397 r
  table_i/n1578 (net)                          13     0.032701            0.000000   2.257397 r
  table_i/U5606/B (AND2X1)                                      0.132188  0.000000   2.257397 r
  table_i/U5606/Y (AND2X1)                                      0.245293  0.180679   2.438076 r
  table_i/n1062 (net)                          21     0.049492            0.000000   2.438076 r
  table_i/U5607/A (INVX1)                                       0.245293  0.000000   2.438076 r
  table_i/U5607/Y (INVX1)                                       0.016181  0.091478   2.529553 f
  table_i/n5963 (net)                           5     0.008217            0.000000   2.529553 f
  table_i/U5963/A (INVX1)                                       0.016181  0.000000   2.529553 f
  table_i/U5963/Y (INVX1)                                       0.315757  0.217742   2.747296 r
  table_i/n6418 (net)                          27     0.068449            0.000000   2.747296 r
  table_i/U4200/A (OAI21X1)                                     0.315757  0.000000   2.747296 r
  table_i/U4200/Y (OAI21X1)                                     0.039250  0.089823   2.837119 f
  table_i/n4474 (net)                           1     0.001290            0.000000   2.837119 f
  table_i/addresses_reg[165]/D (DFFPOSX1)                       0.039250  0.000000   2.837119 f
  data arrival time                                                                  2.837119

  clock core_clk (rise edge)                                              3.000000   3.000000
  clock network delay (ideal)                                             0.000000   3.000000
  clock uncertainty                                                       -0.100000  2.900000
  table_i/addresses_reg[165]/CLK (DFFPOSX1)                               0.000000   2.900000 r
  library setup time                                                      -0.062865  2.837136
  data required time                                                                 2.837136
  ----------------------------------------------------------------------------------------------
  data required time                                                                 2.837136
  data arrival time                                                                  -2.837119
  ----------------------------------------------------------------------------------------------
  slack (MET)                                                                        0.000016


  Startpoint: table_i/occupied_reg[0]
              (rising edge-triggered flip-flop clocked by core_clk)
  Endpoint: table_i/addresses_reg[164]
            (rising edge-triggered flip-flop clocked by core_clk)
  Path Group: core_clk
  Path Type: max

  Point                                       Fanout       Cap     Trans      Incr       Path
  ----------------------------------------------------------------------------------------------
  clock core_clk (rise edge)                                              0.000000   0.000000
  clock network delay (ideal)                                             0.000000   0.000000
  table_i/occupied_reg[0]/CLK (DFFPOSX1)                        0.000000  0.000000 # 0.000000 r
  table_i/occupied_reg[0]/Q (DFFPOSX1)                          0.118814  0.133234   0.133234 r
  table_i/occupied[0] (net)                    18     0.048343            0.000000   0.133234 r
  table_i/U6455/A (INVX1)                                       0.118814  0.000000   0.133234 r
  table_i/U6455/Y (INVX1)                                       0.011977  0.050524   0.183758 f
  table_i/n6678 (net)                           2     0.004820            0.000000   0.183758 f
  table_i/U5881/B (OR2X1)                                       0.011977  0.000000   0.183758 f
  table_i/U5881/Y (OR2X1)                                       0.010774  0.047123   0.230881 f
  table_i/n2863 (net)                           1     0.001476            0.000000   0.230881 f
  table_i/U5882/A (INVX1)                                       0.010774  0.000000   0.230881 f
  table_i/U5882/Y (INVX1)                                       0.032235  0.036700   0.267581 r
  table_i/n6103 (net)                           5     0.013180            0.000000   0.267581 r
  table_i/U5608/A (AND2X1)                                      0.032235  0.000000   0.267581 r
  table_i/U5608/Y (AND2X1)                                      0.030904  0.028200   0.295781 r
  table_i/n2868 (net)                           1     0.001551            0.000000   0.295781 r
  table_i/U5609/A (INVX1)                                       0.030904  0.000000   0.295781 r
  table_i/U5609/Y (INVX1)                                       0.015549  0.025022   0.320803 f
  table_i/n5964 (net)                           2     0.003971            0.000000   0.320803 f
  table_i/U4623/A (NAND3X1)                                     0.015549  0.000000   0.320803 f
  table_i/U4623/Y (NAND3X1)                                     0.033832  0.035821   0.356624 r
  table_i/n2852 (net)                           1     0.001539            0.000000   0.356624 r
  table_i/U3800/A (BUFX2)                                       0.033832  0.000000   0.356624 r
  table_i/U3800/Y (BUFX2)                                       0.012693  0.037099   0.393723 r
  table_i/n5222 (net)                           2     0.003739            0.000000   0.393723 r
  table_i/U100/B (AND2X2)                                       0.012693  0.000000   0.393723 r
  table_i/U100/Y (AND2X2)                                       0.029631  0.046008   0.439731 r
  table_i/n2837 (net)                           4     0.011302            0.000000   0.439731 r
  table_i/U4622/C (NAND3X1)                                     0.029631  0.000000   0.439731 r
  table_i/U4622/Y (NAND3X1)                                     0.015681  0.013523   0.453255 f
  table_i/n2865 (net)                           1     0.001504            0.000000   0.453255 f
  table_i/U4235/A (BUFX2)                                       0.015681  0.000000   0.453255 f
  table_i/U4235/Y (BUFX2)                                       0.006021  0.036323   0.489577 f
  table_i/n5342 (net)                           2     0.004471            0.000000   0.489577 f
  table_i/U4621/B (NAND3X1)                                     0.006021  0.000000   0.489577 f
  table_i/U4621/Y (NAND3X1)                                     0.034117  0.028803   0.518380 r
  table_i/n2867 (net)                           1     0.001551            0.000000   0.518380 r
  table_i/U6093/A (INVX1)                                       0.034117  0.000000   0.518380 r
  table_i/U6093/Y (INVX1)                                       0.022967  0.031119   0.549500 f
  table_i/n6677 (net)                           3     0.006523            0.000000   0.549500 f
  table_i/U5632/A (AND2X1)                                      0.022967  0.000000   0.549500 f
  table_i/U5632/Y (AND2X1)                                      0.015148  0.032442   0.581941 f
  table_i/n2851 (net)                           1     0.001476            0.000000   0.581941 f
  table_i/U5633/A (INVX1)                                       0.015148  0.000000   0.581941 f
  table_i/U5633/Y (INVX1)                                       0.012682  0.025455   0.607397 r
  table_i/n5977 (net)                           4     0.009236            0.000000   0.607397 r
  table_i/U4619/A (NAND3X1)                                     0.012682  0.000000   0.607397 r
  table_i/U4619/Y (NAND3X1)                                     0.015687  0.017011   0.624408 f
  table_i/n2842 (net)                           1     0.001504            0.000000   0.624408 f
  table_i/U4656/A (BUFX2)                                       0.015687  0.000000   0.624408 f
  table_i/U4656/Y (BUFX2)                                       0.008395  0.038108   0.662516 f
  table_i/n5470 (net)                           3     0.006183            0.000000   0.662516 f
  table_i/U101/A (AND2X2)                                       0.008395  0.000000   0.662516 f
  table_i/U101/Y (AND2X2)                                       0.001272  0.033263   0.695779 f
  table_i/n2866 (net)                           1     0.002832            0.000000   0.695779 f
  table_i/U4618/C (NAND3X1)                                     0.001272  0.000000   0.695779 f
  table_i/U4618/Y (NAND3X1)                                     0.033832  0.025548   0.721327 r
  table_i/n2841 (net)                           1     0.001539            0.000000   0.721327 r
  table_i/U5349/A (BUFX2)                                       0.033832  0.000000   0.721327 r
  table_i/U5349/Y (BUFX2)                                       0.020721  0.042405   0.763732 r
  table_i/n5831 (net)                           3     0.007178            0.000000   0.763732 r
  table_i/U4617/A (NAND3X1)                                     0.020721  0.000000   0.763732 r
  table_i/U4617/Y (NAND3X1)                                     0.015127  0.018064   0.781796 f
  table_i/n2844 (net)                           1     0.001504            0.000000   0.781796 f
  table_i/U3805/A (BUFX2)                                       0.015127  0.000000   0.781796 f
  table_i/U3805/Y (BUFX2)                                       0.005933  0.036226   0.818022 f
  table_i/n5224 (net)                           2     0.004487            0.000000   0.818022 f
  table_i/U6092/A (INVX1)                                       0.005933  0.000000   0.818022 f
  table_i/U6092/Y (INVX1)                                       0.000000  0.001847   0.819869 r
  table_i/n6676 (net)                           1     0.002961            0.000000   0.819869 r
  table_i/U4616/C (NAND3X1)                                     0.000000  0.000000   0.819869 r
  table_i/U4616/Y (NAND3X1)                                     0.014656  0.006604   0.826473 f
  table_i/n2861 (net)                           1     0.001504            0.000000   0.826473 f
  table_i/U5110/A (BUFX2)                                       0.014656  0.000000   0.826473 f
  table_i/U5110/Y (BUFX2)                                       0.010022  0.039268   0.865741 f
  table_i/n5707 (net)                           3     0.007498            0.000000   0.865741 f
  table_i/U6009/A (INVX1)                                       0.010022  0.000000   0.865741 f
  table_i/U6009/Y (INVX1)                                       0.003506  0.018326   0.884067 r
  table_i/n6675 (net)                           3     0.007595            0.000000   0.884067 r
  table_i/U142/A (AND2X1)                                       0.003506  0.000000   0.884067 r
  table_i/U142/Y (AND2X1)                                       0.030971  0.028475   0.912542 r
  table_i/n2862 (net)                           1     0.001551            0.000000   0.912542 r
  table_i/U143/A (INVX1)                                        0.030971  0.000000   0.912542 r
  table_i/U143/Y (INVX1)                                        0.015716  0.025157   0.937699 f
  table_i/n26 (net)                             2     0.004029            0.000000   0.937699 f
  table_i/U4614/A (NAND3X1)                                     0.015716  0.000000   0.937699 f
  table_i/U4614/Y (NAND3X1)                                     0.033817  0.035873   0.973572 r
  table_i/n2850 (net)                           1     0.001539            0.000000   0.973572 r
  table_i/U146/A (BUFX2)                                        0.033817  0.000000   0.973572 r
  table_i/U146/Y (BUFX2)                                        0.007584  0.033721   1.007293 r
  table_i/n29 (net)                             1     0.001551            0.000000   1.007293 r
  table_i/U144/A (INVX1)                                        0.007584  0.000000   1.007293 r
  table_i/U144/Y (INVX1)                                        0.009721  0.013595   1.020888 f
  table_i/n27 (net)                             1     0.001476            0.000000   1.020888 f
  table_i/U145/A (INVX1)                                        0.009721  0.000000   1.020888 f
  table_i/U145/Y (INVX1)                                        0.000000  0.009021   1.029909 r
  table_i/n28 (net)                             2     0.004759            0.000000   1.029909 r
  table_i/U5625/A (AND2X2)                                      0.000000  0.000000   1.029909 r
  table_i/U5625/Y (AND2X2)                                      0.006381  0.031204   1.061113 r
  table_i/n2857 (net)                           1     0.001551            0.000000   1.061113 r
  table_i/U14/A (INVX1)                                         0.006381  0.000000   1.061113 r
  table_i/U14/Y (INVX1)                                         0.031580  0.028229   1.089342 f
  table_i/n5973 (net)                           3     0.008765            0.000000   1.089342 f
  table_i/U4612/C (NOR3X1)                                      0.031580  0.000000   1.089342 f
  table_i/U4612/Y (NOR3X1)                                      0.084812  0.051515   1.140857 r
  table_i/n2840 (net)                           3     0.009190            0.000000   1.140857 r
  table_i/U4611/B (NOR3X1)                                      0.084812  0.000000   1.140857 r
  table_i/U4611/Y (NOR3X1)                                      0.037313  0.054226   1.195083 f
  table_i/n2860 (net)                           3     0.006179            0.000000   1.195083 f
  table_i/U5875/A (AND2X1)                                      0.037313  0.000000   1.195083 f
  table_i/U5875/Y (AND2X1)                                      0.038996  0.052536   1.247619 f
  table_i/n2854 (net)                           4     0.010026            0.000000   1.247619 f
  table_i/U92/A (OR2X1)                                         0.038996  0.000000   1.247619 f
  table_i/U92/Y (OR2X1)                                         0.016798  0.045196   1.292815 f
  table_i/n4 (net)                              2     0.003685            0.000000   1.292815 f
  table_i/U4608/A (NAND3X1)                                     0.016798  0.000000   1.292815 f
  table_i/U4608/Y (NAND3X1)                                     0.033865  0.036249   1.329063 r
  table_i/n2859 (net)                           1     0.001551            0.000000   1.329063 r
  table_i/U6094/A (INVX1)                                       0.033865  0.000000   1.329063 r
  table_i/U6094/Y (INVX1)                                       0.017534  0.027322   1.356385 f
  table_i/n6673 (net)                           2     0.004703            0.000000   1.356385 f
  table_i/U5620/A (AND2X1)                                      0.017534  0.000000   1.356385 f
  table_i/U5620/Y (AND2X1)                                      0.021573  0.036390   1.392775 f
  table_i/n2853 (net)                           2     0.003777            0.000000   1.392775 f
  table_i/U5621/A (INVX1)                                       0.021573  0.000000   1.392775 f
  table_i/U5621/Y (INVX1)                                       0.000000  0.013479   1.406254 r
  table_i/n5970 (net)                           2     0.004839            0.000000   1.406254 r
  table_i/U4606/A (NAND3X1)                                     0.000000  0.000000   1.406254 r
  table_i/U4606/Y (NAND3X1)                                     0.015703  0.015351   1.421604 f
  table_i/n2843 (net)                           1     0.001504            0.000000   1.421604 f
  table_i/U102/A (BUFX2)                                        0.015703  0.000000   1.421604 f
  table_i/U102/Y (BUFX2)                                        0.004406  0.035109   1.456713 f
  table_i/n5 (net)                              2     0.003303            0.000000   1.456713 f
  table_i/U147/A (INVX1)                                        0.004406  0.000000   1.456713 f
  table_i/U147/Y (INVX1)                                        0.000000  -0.000866  1.455847 r
  table_i/n30 (net)                             1     0.002292            0.000000   1.455847 r
  table_i/U90/A (OR2X2)                                         0.000000  0.000000   1.455847 r
  table_i/U90/Y (OR2X2)                                         0.006088  0.035765   1.491612 r
  table_i/n2 (net)                              1     0.002283            0.000000   1.491612 r
  table_i/U88/B (OR2X2)                                         0.006088  0.000000   1.491612 r
  table_i/U88/Y (OR2X2)                                         0.019884  0.048127   1.539739 r
  table_i/n1 (net)                              2     0.005712            0.000000   1.539739 r
  table_i/U27/B (OR2X1)                                         0.019884  0.000000   1.539739 r
  table_i/U27/Y (OR2X1)                                         0.027282  0.053043   1.592783 r
  table_i/n2856 (net)                           1     0.003288            0.000000   1.592783 r
  table_i/U4604/C (NOR3X1)                                      0.027282  0.000000   1.592783 r
  table_i/U4604/Y (NOR3X1)                                      0.032786  0.027151   1.619934 f
  table_i/n2855 (net)                           2     0.003743            0.000000   1.619934 f
  table_i/U43/A (AND2X1)                                        0.032786  0.000000   1.619934 f
  table_i/U43/Y (AND2X1)                                        0.022970  0.040409   1.660342 f
  table_i/n2835 (net)                           2     0.004550            0.000000   1.660342 f
  table_i/U5873/A (AND2X1)                                      0.022970  0.000000   1.660342 f
  table_i/U5873/Y (AND2X1)                                      0.030158  0.043676   1.704018 f
  table_i/n2834 (net)                           3     0.006855            0.000000   1.704018 f
  table_i/U5874/A (INVX1)                                       0.030158  0.000000   1.704018 f
  table_i/U5874/Y (INVX1)                                       0.005456  0.024732   1.728750 r
  table_i/n6099 (net)                           3     0.007376            0.000000   1.728750 r
  table_i/U4592/A (AOI21X1)                                     0.005456  0.000000   1.728750 r
  table_i/U4592/Y (AOI21X1)                                     0.014707  0.013244   1.741993 f
  table_i/n6745 (net)                           1     0.001504            0.000000   1.741993 f
  table_i/U5624/A (BUFX2)                                       0.014707  0.000000   1.741993 f
  table_i/U5624/Y (BUFX2)                                       0.016046  0.043790   1.785784 f
  table_i/req_ready (net)                       2     0.011827            0.000000   1.785784 f
  table_i/U99/B (AND2X1)                                        0.016046  0.000000   1.785784 f
  table_i/U99/Y (AND2X1)                                        0.014851  0.042803   1.828586 f
  table_i/n6159 (net)                           1     0.001476            0.000000   1.828586 f
  table_i/U6320/A (INVX1)                                       0.014851  0.000000   1.828586 f
  table_i/U6320/Y (INVX1)                                       0.199558  0.143745   1.972331 r
  table_i/n6199 (net)                          19     0.045760            0.000000   1.972331 r
  table_i/U6226/A (INVX1)                                       0.199558  0.000000   1.972331 r
  table_i/U6226/Y (INVX1)                                       0.096616  0.132600   2.104931 f
  table_i/n6672 (net)                          18     0.034515            0.000000   2.104931 f
  table_i/U6011/B (AND2X1)                                      0.096616  0.000000   2.104931 f
  table_i/U6011/Y (AND2X1)                                      0.010139  0.052686   2.157617 f
  table_i/n6128 (net)                           1     0.001476            0.000000   2.157617 f
  table_i/U6012/A (INVX1)                                       0.010139  0.000000   2.157617 f
  table_i/U6012/Y (INVX1)                                       0.132188  0.099780   2.257397 r
  table_i/n1578 (net)                          13     0.032701            0.000000   2.257397 r
  table_i/U5606/B (AND2X1)                                      0.132188  0.000000   2.257397 r
  table_i/U5606/Y (AND2X1)                                      0.245293  0.180679   2.438076 r
  table_i/n1062 (net)                          21     0.049492            0.000000   2.438076 r
  table_i/U5607/A (INVX1)                                       0.245293  0.000000   2.438076 r
  table_i/U5607/Y (INVX1)                                       0.016181  0.091478   2.529553 f
  table_i/n5963 (net)                           5     0.008217            0.000000   2.529553 f
  table_i/U5963/A (INVX1)                                       0.016181  0.000000   2.529553 f
  table_i/U5963/Y (INVX1)                                       0.315757  0.217742   2.747296 r
  table_i/n6418 (net)                          27     0.068449            0.000000   2.747296 r
  table_i/U4198/A (OAI21X1)                                     0.315757  0.000000   2.747296 r
  table_i/U4198/Y (OAI21X1)                                     0.039250  0.089823   2.837119 f
  table_i/n4473 (net)                           1     0.001290            0.000000   2.837119 f
  table_i/addresses_reg[164]/D (DFFPOSX1)                       0.039250  0.000000   2.837119 f
  data arrival time                                                                  2.837119

  clock core_clk (rise edge)                                              3.000000   3.000000
  clock network delay (ideal)                                             0.000000   3.000000
  clock uncertainty                                                       -0.100000  2.900000
  table_i/addresses_reg[164]/CLK (DFFPOSX1)                               0.000000   2.900000 r
  library setup time                                                      -0.062865  2.837136
  data required time                                                                 2.837136
  ----------------------------------------------------------------------------------------------
  data required time                                                                 2.837136
  data arrival time                                                                  -2.837119
  ----------------------------------------------------------------------------------------------
  slack (MET)                                                                        0.000016


  Startpoint: table_i/occupied_reg[0]
              (rising edge-triggered flip-flop clocked by core_clk)
  Endpoint: table_i/addresses_reg[163]
            (rising edge-triggered flip-flop clocked by core_clk)
  Path Group: core_clk
  Path Type: max

  Point                                       Fanout       Cap     Trans      Incr       Path
  ----------------------------------------------------------------------------------------------
  clock core_clk (rise edge)                                              0.000000   0.000000
  clock network delay (ideal)                                             0.000000   0.000000
  table_i/occupied_reg[0]/CLK (DFFPOSX1)                        0.000000  0.000000 # 0.000000 r
  table_i/occupied_reg[0]/Q (DFFPOSX1)                          0.118814  0.133234   0.133234 r
  table_i/occupied[0] (net)                    18     0.048343            0.000000   0.133234 r
  table_i/U6455/A (INVX1)                                       0.118814  0.000000   0.133234 r
  table_i/U6455/Y (INVX1)                                       0.011977  0.050524   0.183758 f
  table_i/n6678 (net)                           2     0.004820            0.000000   0.183758 f
  table_i/U5881/B (OR2X1)                                       0.011977  0.000000   0.183758 f
  table_i/U5881/Y (OR2X1)                                       0.010774  0.047123   0.230881 f
  table_i/n2863 (net)                           1     0.001476            0.000000   0.230881 f
  table_i/U5882/A (INVX1)                                       0.010774  0.000000   0.230881 f
  table_i/U5882/Y (INVX1)                                       0.032235  0.036700   0.267581 r
  table_i/n6103 (net)                           5     0.013180            0.000000   0.267581 r
  table_i/U5608/A (AND2X1)                                      0.032235  0.000000   0.267581 r
  table_i/U5608/Y (AND2X1)                                      0.030904  0.028200   0.295781 r
  table_i/n2868 (net)                           1     0.001551            0.000000   0.295781 r
  table_i/U5609/A (INVX1)                                       0.030904  0.000000   0.295781 r
  table_i/U5609/Y (INVX1)                                       0.015549  0.025022   0.320803 f
  table_i/n5964 (net)                           2     0.003971            0.000000   0.320803 f
  table_i/U4623/A (NAND3X1)                                     0.015549  0.000000   0.320803 f
  table_i/U4623/Y (NAND3X1)                                     0.033832  0.035821   0.356624 r
  table_i/n2852 (net)                           1     0.001539            0.000000   0.356624 r
  table_i/U3800/A (BUFX2)                                       0.033832  0.000000   0.356624 r
  table_i/U3800/Y (BUFX2)                                       0.012693  0.037099   0.393723 r
  table_i/n5222 (net)                           2     0.003739            0.000000   0.393723 r
  table_i/U100/B (AND2X2)                                       0.012693  0.000000   0.393723 r
  table_i/U100/Y (AND2X2)                                       0.029631  0.046008   0.439731 r
  table_i/n2837 (net)                           4     0.011302            0.000000   0.439731 r
  table_i/U4622/C (NAND3X1)                                     0.029631  0.000000   0.439731 r
  table_i/U4622/Y (NAND3X1)                                     0.015681  0.013523   0.453255 f
  table_i/n2865 (net)                           1     0.001504            0.000000   0.453255 f
  table_i/U4235/A (BUFX2)                                       0.015681  0.000000   0.453255 f
  table_i/U4235/Y (BUFX2)                                       0.006021  0.036323   0.489577 f
  table_i/n5342 (net)                           2     0.004471            0.000000   0.489577 f
  table_i/U4621/B (NAND3X1)                                     0.006021  0.000000   0.489577 f
  table_i/U4621/Y (NAND3X1)                                     0.034117  0.028803   0.518380 r
  table_i/n2867 (net)                           1     0.001551            0.000000   0.518380 r
  table_i/U6093/A (INVX1)                                       0.034117  0.000000   0.518380 r
  table_i/U6093/Y (INVX1)                                       0.022967  0.031119   0.549500 f
  table_i/n6677 (net)                           3     0.006523            0.000000   0.549500 f
  table_i/U5632/A (AND2X1)                                      0.022967  0.000000   0.549500 f
  table_i/U5632/Y (AND2X1)                                      0.015148  0.032442   0.581941 f
  table_i/n2851 (net)                           1     0.001476            0.000000   0.581941 f
  table_i/U5633/A (INVX1)                                       0.015148  0.000000   0.581941 f
  table_i/U5633/Y (INVX1)                                       0.012682  0.025455   0.607397 r
  table_i/n5977 (net)                           4     0.009236            0.000000   0.607397 r
  table_i/U4619/A (NAND3X1)                                     0.012682  0.000000   0.607397 r
  table_i/U4619/Y (NAND3X1)                                     0.015687  0.017011   0.624408 f
  table_i/n2842 (net)                           1     0.001504            0.000000   0.624408 f
  table_i/U4656/A (BUFX2)                                       0.015687  0.000000   0.624408 f
  table_i/U4656/Y (BUFX2)                                       0.008395  0.038108   0.662516 f
  table_i/n5470 (net)                           3     0.006183            0.000000   0.662516 f
  table_i/U101/A (AND2X2)                                       0.008395  0.000000   0.662516 f
  table_i/U101/Y (AND2X2)                                       0.001272  0.033263   0.695779 f
  table_i/n2866 (net)                           1     0.002832            0.000000   0.695779 f
  table_i/U4618/C (NAND3X1)                                     0.001272  0.000000   0.695779 f
  table_i/U4618/Y (NAND3X1)                                     0.033832  0.025548   0.721327 r
  table_i/n2841 (net)                           1     0.001539            0.000000   0.721327 r
  table_i/U5349/A (BUFX2)                                       0.033832  0.000000   0.721327 r
  table_i/U5349/Y (BUFX2)                                       0.020721  0.042405   0.763732 r
  table_i/n5831 (net)                           3     0.007178            0.000000   0.763732 r
  table_i/U4617/A (NAND3X1)                                     0.020721  0.000000   0.763732 r
  table_i/U4617/Y (NAND3X1)                                     0.015127  0.018064   0.781796 f
  table_i/n2844 (net)                           1     0.001504            0.000000   0.781796 f
  table_i/U3805/A (BUFX2)                                       0.015127  0.000000   0.781796 f
  table_i/U3805/Y (BUFX2)                                       0.005933  0.036226   0.818022 f
  table_i/n5224 (net)                           2     0.004487            0.000000   0.818022 f
  table_i/U6092/A (INVX1)                                       0.005933  0.000000   0.818022 f
  table_i/U6092/Y (INVX1)                                       0.000000  0.001847   0.819869 r
  table_i/n6676 (net)                           1     0.002961            0.000000   0.819869 r
  table_i/U4616/C (NAND3X1)                                     0.000000  0.000000   0.819869 r
  table_i/U4616/Y (NAND3X1)                                     0.014656  0.006604   0.826473 f
  table_i/n2861 (net)                           1     0.001504            0.000000   0.826473 f
  table_i/U5110/A (BUFX2)                                       0.014656  0.000000   0.826473 f
  table_i/U5110/Y (BUFX2)                                       0.010022  0.039268   0.865741 f
  table_i/n5707 (net)                           3     0.007498            0.000000   0.865741 f
  table_i/U6009/A (INVX1)                                       0.010022  0.000000   0.865741 f
  table_i/U6009/Y (INVX1)                                       0.003506  0.018326   0.884067 r
  table_i/n6675 (net)                           3     0.007595            0.000000   0.884067 r
  table_i/U142/A (AND2X1)                                       0.003506  0.000000   0.884067 r
  table_i/U142/Y (AND2X1)                                       0.030971  0.028475   0.912542 r
  table_i/n2862 (net)                           1     0.001551            0.000000   0.912542 r
  table_i/U143/A (INVX1)                                        0.030971  0.000000   0.912542 r
  table_i/U143/Y (INVX1)                                        0.015716  0.025157   0.937699 f
  table_i/n26 (net)                             2     0.004029            0.000000   0.937699 f
  table_i/U4614/A (NAND3X1)                                     0.015716  0.000000   0.937699 f
  table_i/U4614/Y (NAND3X1)                                     0.033817  0.035873   0.973572 r
  table_i/n2850 (net)                           1     0.001539            0.000000   0.973572 r
  table_i/U146/A (BUFX2)                                        0.033817  0.000000   0.973572 r
  table_i/U146/Y (BUFX2)                                        0.007584  0.033721   1.007293 r
  table_i/n29 (net)                             1     0.001551            0.000000   1.007293 r
  table_i/U144/A (INVX1)                                        0.007584  0.000000   1.007293 r
  table_i/U144/Y (INVX1)                                        0.009721  0.013595   1.020888 f
  table_i/n27 (net)                             1     0.001476            0.000000   1.020888 f
  table_i/U145/A (INVX1)                                        0.009721  0.000000   1.020888 f
  table_i/U145/Y (INVX1)                                        0.000000  0.009021   1.029909 r
  table_i/n28 (net)                             2     0.004759            0.000000   1.029909 r
  table_i/U5625/A (AND2X2)                                      0.000000  0.000000   1.029909 r
  table_i/U5625/Y (AND2X2)                                      0.006381  0.031204   1.061113 r
  table_i/n2857 (net)                           1     0.001551            0.000000   1.061113 r
  table_i/U14/A (INVX1)                                         0.006381  0.000000   1.061113 r
  table_i/U14/Y (INVX1)                                         0.031580  0.028229   1.089342 f
  table_i/n5973 (net)                           3     0.008765            0.000000   1.089342 f
  table_i/U4612/C (NOR3X1)                                      0.031580  0.000000   1.089342 f
  table_i/U4612/Y (NOR3X1)                                      0.084812  0.051515   1.140857 r
  table_i/n2840 (net)                           3     0.009190            0.000000   1.140857 r
  table_i/U4611/B (NOR3X1)                                      0.084812  0.000000   1.140857 r
  table_i/U4611/Y (NOR3X1)                                      0.037313  0.054226   1.195083 f
  table_i/n2860 (net)                           3     0.006179            0.000000   1.195083 f
  table_i/U5875/A (AND2X1)                                      0.037313  0.000000   1.195083 f
  table_i/U5875/Y (AND2X1)                                      0.038996  0.052536   1.247619 f
  table_i/n2854 (net)                           4     0.010026            0.000000   1.247619 f
  table_i/U92/A (OR2X1)                                         0.038996  0.000000   1.247619 f
  table_i/U92/Y (OR2X1)                                         0.016798  0.045196   1.292815 f
  table_i/n4 (net)                              2     0.003685            0.000000   1.292815 f
  table_i/U4608/A (NAND3X1)                                     0.016798  0.000000   1.292815 f
  table_i/U4608/Y (NAND3X1)                                     0.033865  0.036249   1.329063 r
  table_i/n2859 (net)                           1     0.001551            0.000000   1.329063 r
  table_i/U6094/A (INVX1)                                       0.033865  0.000000   1.329063 r
  table_i/U6094/Y (INVX1)                                       0.017534  0.027322   1.356385 f
  table_i/n6673 (net)                           2     0.004703            0.000000   1.356385 f
  table_i/U5620/A (AND2X1)                                      0.017534  0.000000   1.356385 f
  table_i/U5620/Y (AND2X1)                                      0.021573  0.036390   1.392775 f
  table_i/n2853 (net)                           2     0.003777            0.000000   1.392775 f
  table_i/U5621/A (INVX1)                                       0.021573  0.000000   1.392775 f
  table_i/U5621/Y (INVX1)                                       0.000000  0.013479   1.406254 r
  table_i/n5970 (net)                           2     0.004839            0.000000   1.406254 r
  table_i/U4606/A (NAND3X1)                                     0.000000  0.000000   1.406254 r
  table_i/U4606/Y (NAND3X1)                                     0.015703  0.015351   1.421604 f
  table_i/n2843 (net)                           1     0.001504            0.000000   1.421604 f
  table_i/U102/A (BUFX2)                                        0.015703  0.000000   1.421604 f
  table_i/U102/Y (BUFX2)                                        0.004406  0.035109   1.456713 f
  table_i/n5 (net)                              2     0.003303            0.000000   1.456713 f
  table_i/U147/A (INVX1)                                        0.004406  0.000000   1.456713 f
  table_i/U147/Y (INVX1)                                        0.000000  -0.000866  1.455847 r
  table_i/n30 (net)                             1     0.002292            0.000000   1.455847 r
  table_i/U90/A (OR2X2)                                         0.000000  0.000000   1.455847 r
  table_i/U90/Y (OR2X2)                                         0.006088  0.035765   1.491612 r
  table_i/n2 (net)                              1     0.002283            0.000000   1.491612 r
  table_i/U88/B (OR2X2)                                         0.006088  0.000000   1.491612 r
  table_i/U88/Y (OR2X2)                                         0.019884  0.048127   1.539739 r
  table_i/n1 (net)                              2     0.005712            0.000000   1.539739 r
  table_i/U27/B (OR2X1)                                         0.019884  0.000000   1.539739 r
  table_i/U27/Y (OR2X1)                                         0.027282  0.053043   1.592783 r
  table_i/n2856 (net)                           1     0.003288            0.000000   1.592783 r
  table_i/U4604/C (NOR3X1)                                      0.027282  0.000000   1.592783 r
  table_i/U4604/Y (NOR3X1)                                      0.032786  0.027151   1.619934 f
  table_i/n2855 (net)                           2     0.003743            0.000000   1.619934 f
  table_i/U43/A (AND2X1)                                        0.032786  0.000000   1.619934 f
  table_i/U43/Y (AND2X1)                                        0.022970  0.040409   1.660342 f
  table_i/n2835 (net)                           2     0.004550            0.000000   1.660342 f
  table_i/U5873/A (AND2X1)                                      0.022970  0.000000   1.660342 f
  table_i/U5873/Y (AND2X1)                                      0.030158  0.043676   1.704018 f
  table_i/n2834 (net)                           3     0.006855            0.000000   1.704018 f
  table_i/U5874/A (INVX1)                                       0.030158  0.000000   1.704018 f
  table_i/U5874/Y (INVX1)                                       0.005456  0.024732   1.728750 r
  table_i/n6099 (net)                           3     0.007376            0.000000   1.728750 r
  table_i/U4592/A (AOI21X1)                                     0.005456  0.000000   1.728750 r
  table_i/U4592/Y (AOI21X1)                                     0.014707  0.013244   1.741993 f
  table_i/n6745 (net)                           1     0.001504            0.000000   1.741993 f
  table_i/U5624/A (BUFX2)                                       0.014707  0.000000   1.741993 f
  table_i/U5624/Y (BUFX2)                                       0.016046  0.043790   1.785784 f
  table_i/req_ready (net)                       2     0.011827            0.000000   1.785784 f
  table_i/U99/B (AND2X1)                                        0.016046  0.000000   1.785784 f
  table_i/U99/Y (AND2X1)                                        0.014851  0.042803   1.828586 f
  table_i/n6159 (net)                           1     0.001476            0.000000   1.828586 f
  table_i/U6320/A (INVX1)                                       0.014851  0.000000   1.828586 f
  table_i/U6320/Y (INVX1)                                       0.199558  0.143745   1.972331 r
  table_i/n6199 (net)                          19     0.045760            0.000000   1.972331 r
  table_i/U6226/A (INVX1)                                       0.199558  0.000000   1.972331 r
  table_i/U6226/Y (INVX1)                                       0.096616  0.132600   2.104931 f
  table_i/n6672 (net)                          18     0.034515            0.000000   2.104931 f
  table_i/U6011/B (AND2X1)                                      0.096616  0.000000   2.104931 f
  table_i/U6011/Y (AND2X1)                                      0.010139  0.052686   2.157617 f
  table_i/n6128 (net)                           1     0.001476            0.000000   2.157617 f
  table_i/U6012/A (INVX1)                                       0.010139  0.000000   2.157617 f
  table_i/U6012/Y (INVX1)                                       0.132188  0.099780   2.257397 r
  table_i/n1578 (net)                          13     0.032701            0.000000   2.257397 r
  table_i/U5606/B (AND2X1)                                      0.132188  0.000000   2.257397 r
  table_i/U5606/Y (AND2X1)                                      0.245293  0.180679   2.438076 r
  table_i/n1062 (net)                          21     0.049492            0.000000   2.438076 r
  table_i/U5607/A (INVX1)                                       0.245293  0.000000   2.438076 r
  table_i/U5607/Y (INVX1)                                       0.016181  0.091478   2.529553 f
  table_i/n5963 (net)                           5     0.008217            0.000000   2.529553 f
  table_i/U5963/A (INVX1)                                       0.016181  0.000000   2.529553 f
  table_i/U5963/Y (INVX1)                                       0.315757  0.217742   2.747296 r
  table_i/n6418 (net)                          27     0.068449            0.000000   2.747296 r
  table_i/U4196/A (OAI21X1)                                     0.315757  0.000000   2.747296 r
  table_i/U4196/Y (OAI21X1)                                     0.039250  0.089823   2.837119 f
  table_i/n4472 (net)                           1     0.001290            0.000000   2.837119 f
  table_i/addresses_reg[163]/D (DFFPOSX1)                       0.039250  0.000000   2.837119 f
  data arrival time                                                                  2.837119

  clock core_clk (rise edge)                                              3.000000   3.000000
  clock network delay (ideal)                                             0.000000   3.000000
  clock uncertainty                                                       -0.100000  2.900000
  table_i/addresses_reg[163]/CLK (DFFPOSX1)                               0.000000   2.900000 r
  library setup time                                                      -0.062865  2.837136
  data required time                                                                 2.837136
  ----------------------------------------------------------------------------------------------
  data required time                                                                 2.837136
  data arrival time                                                                  -2.837119
  ----------------------------------------------------------------------------------------------
  slack (MET)                                                                        0.000016


  Startpoint: table_i/occupied_reg[0]
              (rising edge-triggered flip-flop clocked by core_clk)
  Endpoint: table_i/addresses_reg[162]
            (rising edge-triggered flip-flop clocked by core_clk)
  Path Group: core_clk
  Path Type: max

  Point                                       Fanout       Cap     Trans      Incr       Path
  ----------------------------------------------------------------------------------------------
  clock core_clk (rise edge)                                              0.000000   0.000000
  clock network delay (ideal)                                             0.000000   0.000000
  table_i/occupied_reg[0]/CLK (DFFPOSX1)                        0.000000  0.000000 # 0.000000 r
  table_i/occupied_reg[0]/Q (DFFPOSX1)                          0.118814  0.133234   0.133234 r
  table_i/occupied[0] (net)                    18     0.048343            0.000000   0.133234 r
  table_i/U6455/A (INVX1)                                       0.118814  0.000000   0.133234 r
  table_i/U6455/Y (INVX1)                                       0.011977  0.050524   0.183758 f
  table_i/n6678 (net)                           2     0.004820            0.000000   0.183758 f
  table_i/U5881/B (OR2X1)                                       0.011977  0.000000   0.183758 f
  table_i/U5881/Y (OR2X1)                                       0.010774  0.047123   0.230881 f
  table_i/n2863 (net)                           1     0.001476            0.000000   0.230881 f
  table_i/U5882/A (INVX1)                                       0.010774  0.000000   0.230881 f
  table_i/U5882/Y (INVX1)                                       0.032235  0.036700   0.267581 r
  table_i/n6103 (net)                           5     0.013180            0.000000   0.267581 r
  table_i/U5608/A (AND2X1)                                      0.032235  0.000000   0.267581 r
  table_i/U5608/Y (AND2X1)                                      0.030904  0.028200   0.295781 r
  table_i/n2868 (net)                           1     0.001551            0.000000   0.295781 r
  table_i/U5609/A (INVX1)                                       0.030904  0.000000   0.295781 r
  table_i/U5609/Y (INVX1)                                       0.015549  0.025022   0.320803 f
  table_i/n5964 (net)                           2     0.003971            0.000000   0.320803 f
  table_i/U4623/A (NAND3X1)                                     0.015549  0.000000   0.320803 f
  table_i/U4623/Y (NAND3X1)                                     0.033832  0.035821   0.356624 r
  table_i/n2852 (net)                           1     0.001539            0.000000   0.356624 r
  table_i/U3800/A (BUFX2)                                       0.033832  0.000000   0.356624 r
  table_i/U3800/Y (BUFX2)                                       0.012693  0.037099   0.393723 r
  table_i/n5222 (net)                           2     0.003739            0.000000   0.393723 r
  table_i/U100/B (AND2X2)                                       0.012693  0.000000   0.393723 r
  table_i/U100/Y (AND2X2)                                       0.029631  0.046008   0.439731 r
  table_i/n2837 (net)                           4     0.011302            0.000000   0.439731 r
  table_i/U4622/C (NAND3X1)                                     0.029631  0.000000   0.439731 r
  table_i/U4622/Y (NAND3X1)                                     0.015681  0.013523   0.453255 f
  table_i/n2865 (net)                           1     0.001504            0.000000   0.453255 f
  table_i/U4235/A (BUFX2)                                       0.015681  0.000000   0.453255 f
  table_i/U4235/Y (BUFX2)                                       0.006021  0.036323   0.489577 f
  table_i/n5342 (net)                           2     0.004471            0.000000   0.489577 f
  table_i/U4621/B (NAND3X1)                                     0.006021  0.000000   0.489577 f
  table_i/U4621/Y (NAND3X1)                                     0.034117  0.028803   0.518380 r
  table_i/n2867 (net)                           1     0.001551            0.000000   0.518380 r
  table_i/U6093/A (INVX1)                                       0.034117  0.000000   0.518380 r
  table_i/U6093/Y (INVX1)                                       0.022967  0.031119   0.549500 f
  table_i/n6677 (net)                           3     0.006523            0.000000   0.549500 f
  table_i/U5632/A (AND2X1)                                      0.022967  0.000000   0.549500 f
  table_i/U5632/Y (AND2X1)                                      0.015148  0.032442   0.581941 f
  table_i/n2851 (net)                           1     0.001476            0.000000   0.581941 f
  table_i/U5633/A (INVX1)                                       0.015148  0.000000   0.581941 f
  table_i/U5633/Y (INVX1)                                       0.012682  0.025455   0.607397 r
  table_i/n5977 (net)                           4     0.009236            0.000000   0.607397 r
  table_i/U4619/A (NAND3X1)                                     0.012682  0.000000   0.607397 r
  table_i/U4619/Y (NAND3X1)                                     0.015687  0.017011   0.624408 f
  table_i/n2842 (net)                           1     0.001504            0.000000   0.624408 f
  table_i/U4656/A (BUFX2)                                       0.015687  0.000000   0.624408 f
  table_i/U4656/Y (BUFX2)                                       0.008395  0.038108   0.662516 f
  table_i/n5470 (net)                           3     0.006183            0.000000   0.662516 f
  table_i/U101/A (AND2X2)                                       0.008395  0.000000   0.662516 f
  table_i/U101/Y (AND2X2)                                       0.001272  0.033263   0.695779 f
  table_i/n2866 (net)                           1     0.002832            0.000000   0.695779 f
  table_i/U4618/C (NAND3X1)                                     0.001272  0.000000   0.695779 f
  table_i/U4618/Y (NAND3X1)                                     0.033832  0.025548   0.721327 r
  table_i/n2841 (net)                           1     0.001539            0.000000   0.721327 r
  table_i/U5349/A (BUFX2)                                       0.033832  0.000000   0.721327 r
  table_i/U5349/Y (BUFX2)                                       0.020721  0.042405   0.763732 r
  table_i/n5831 (net)                           3     0.007178            0.000000   0.763732 r
  table_i/U4617/A (NAND3X1)                                     0.020721  0.000000   0.763732 r
  table_i/U4617/Y (NAND3X1)                                     0.015127  0.018064   0.781796 f
  table_i/n2844 (net)                           1     0.001504            0.000000   0.781796 f
  table_i/U3805/A (BUFX2)                                       0.015127  0.000000   0.781796 f
  table_i/U3805/Y (BUFX2)                                       0.005933  0.036226   0.818022 f
  table_i/n5224 (net)                           2     0.004487            0.000000   0.818022 f
  table_i/U6092/A (INVX1)                                       0.005933  0.000000   0.818022 f
  table_i/U6092/Y (INVX1)                                       0.000000  0.001847   0.819869 r
  table_i/n6676 (net)                           1     0.002961            0.000000   0.819869 r
  table_i/U4616/C (NAND3X1)                                     0.000000  0.000000   0.819869 r
  table_i/U4616/Y (NAND3X1)                                     0.014656  0.006604   0.826473 f
  table_i/n2861 (net)                           1     0.001504            0.000000   0.826473 f
  table_i/U5110/A (BUFX2)                                       0.014656  0.000000   0.826473 f
  table_i/U5110/Y (BUFX2)                                       0.010022  0.039268   0.865741 f
  table_i/n5707 (net)                           3     0.007498            0.000000   0.865741 f
  table_i/U6009/A (INVX1)                                       0.010022  0.000000   0.865741 f
  table_i/U6009/Y (INVX1)                                       0.003506  0.018326   0.884067 r
  table_i/n6675 (net)                           3     0.007595            0.000000   0.884067 r
  table_i/U142/A (AND2X1)                                       0.003506  0.000000   0.884067 r
  table_i/U142/Y (AND2X1)                                       0.030971  0.028475   0.912542 r
  table_i/n2862 (net)                           1     0.001551            0.000000   0.912542 r
  table_i/U143/A (INVX1)                                        0.030971  0.000000   0.912542 r
  table_i/U143/Y (INVX1)                                        0.015716  0.025157   0.937699 f
  table_i/n26 (net)                             2     0.004029            0.000000   0.937699 f
  table_i/U4614/A (NAND3X1)                                     0.015716  0.000000   0.937699 f
  table_i/U4614/Y (NAND3X1)                                     0.033817  0.035873   0.973572 r
  table_i/n2850 (net)                           1     0.001539            0.000000   0.973572 r
  table_i/U146/A (BUFX2)                                        0.033817  0.000000   0.973572 r
  table_i/U146/Y (BUFX2)                                        0.007584  0.033721   1.007293 r
  table_i/n29 (net)                             1     0.001551            0.000000   1.007293 r
  table_i/U144/A (INVX1)                                        0.007584  0.000000   1.007293 r
  table_i/U144/Y (INVX1)                                        0.009721  0.013595   1.020888 f
  table_i/n27 (net)                             1     0.001476            0.000000   1.020888 f
  table_i/U145/A (INVX1)                                        0.009721  0.000000   1.020888 f
  table_i/U145/Y (INVX1)                                        0.000000  0.009021   1.029909 r
  table_i/n28 (net)                             2     0.004759            0.000000   1.029909 r
  table_i/U5625/A (AND2X2)                                      0.000000  0.000000   1.029909 r
  table_i/U5625/Y (AND2X2)                                      0.006381  0.031204   1.061113 r
  table_i/n2857 (net)                           1     0.001551            0.000000   1.061113 r
  table_i/U14/A (INVX1)                                         0.006381  0.000000   1.061113 r
  table_i/U14/Y (INVX1)                                         0.031580  0.028229   1.089342 f
  table_i/n5973 (net)                           3     0.008765            0.000000   1.089342 f
  table_i/U4612/C (NOR3X1)                                      0.031580  0.000000   1.089342 f
  table_i/U4612/Y (NOR3X1)                                      0.084812  0.051515   1.140857 r
  table_i/n2840 (net)                           3     0.009190            0.000000   1.140857 r
  table_i/U4611/B (NOR3X1)                                      0.084812  0.000000   1.140857 r
  table_i/U4611/Y (NOR3X1)                                      0.037313  0.054226   1.195083 f
  table_i/n2860 (net)                           3     0.006179            0.000000   1.195083 f
  table_i/U5875/A (AND2X1)                                      0.037313  0.000000   1.195083 f
  table_i/U5875/Y (AND2X1)                                      0.038996  0.052536   1.247619 f
  table_i/n2854 (net)                           4     0.010026            0.000000   1.247619 f
  table_i/U92/A (OR2X1)                                         0.038996  0.000000   1.247619 f
  table_i/U92/Y (OR2X1)                                         0.016798  0.045196   1.292815 f
  table_i/n4 (net)                              2     0.003685            0.000000   1.292815 f
  table_i/U4608/A (NAND3X1)                                     0.016798  0.000000   1.292815 f
  table_i/U4608/Y (NAND3X1)                                     0.033865  0.036249   1.329063 r
  table_i/n2859 (net)                           1     0.001551            0.000000   1.329063 r
  table_i/U6094/A (INVX1)                                       0.033865  0.000000   1.329063 r
  table_i/U6094/Y (INVX1)                                       0.017534  0.027322   1.356385 f
  table_i/n6673 (net)                           2     0.004703            0.000000   1.356385 f
  table_i/U5620/A (AND2X1)                                      0.017534  0.000000   1.356385 f
  table_i/U5620/Y (AND2X1)                                      0.021573  0.036390   1.392775 f
  table_i/n2853 (net)                           2     0.003777            0.000000   1.392775 f
  table_i/U5621/A (INVX1)                                       0.021573  0.000000   1.392775 f
  table_i/U5621/Y (INVX1)                                       0.000000  0.013479   1.406254 r
  table_i/n5970 (net)                           2     0.004839            0.000000   1.406254 r
  table_i/U4606/A (NAND3X1)                                     0.000000  0.000000   1.406254 r
  table_i/U4606/Y (NAND3X1)                                     0.015703  0.015351   1.421604 f
  table_i/n2843 (net)                           1     0.001504            0.000000   1.421604 f
  table_i/U102/A (BUFX2)                                        0.015703  0.000000   1.421604 f
  table_i/U102/Y (BUFX2)                                        0.004406  0.035109   1.456713 f
  table_i/n5 (net)                              2     0.003303            0.000000   1.456713 f
  table_i/U147/A (INVX1)                                        0.004406  0.000000   1.456713 f
  table_i/U147/Y (INVX1)                                        0.000000  -0.000866  1.455847 r
  table_i/n30 (net)                             1     0.002292            0.000000   1.455847 r
  table_i/U90/A (OR2X2)                                         0.000000  0.000000   1.455847 r
  table_i/U90/Y (OR2X2)                                         0.006088  0.035765   1.491612 r
  table_i/n2 (net)                              1     0.002283            0.000000   1.491612 r
  table_i/U88/B (OR2X2)                                         0.006088  0.000000   1.491612 r
  table_i/U88/Y (OR2X2)                                         0.019884  0.048127   1.539739 r
  table_i/n1 (net)                              2     0.005712            0.000000   1.539739 r
  table_i/U27/B (OR2X1)                                         0.019884  0.000000   1.539739 r
  table_i/U27/Y (OR2X1)                                         0.027282  0.053043   1.592783 r
  table_i/n2856 (net)                           1     0.003288            0.000000   1.592783 r
  table_i/U4604/C (NOR3X1)                                      0.027282  0.000000   1.592783 r
  table_i/U4604/Y (NOR3X1)                                      0.032786  0.027151   1.619934 f
  table_i/n2855 (net)                           2     0.003743            0.000000   1.619934 f
  table_i/U43/A (AND2X1)                                        0.032786  0.000000   1.619934 f
  table_i/U43/Y (AND2X1)                                        0.022970  0.040409   1.660342 f
  table_i/n2835 (net)                           2     0.004550            0.000000   1.660342 f
  table_i/U5873/A (AND2X1)                                      0.022970  0.000000   1.660342 f
  table_i/U5873/Y (AND2X1)                                      0.030158  0.043676   1.704018 f
  table_i/n2834 (net)                           3     0.006855            0.000000   1.704018 f
  table_i/U5874/A (INVX1)                                       0.030158  0.000000   1.704018 f
  table_i/U5874/Y (INVX1)                                       0.005456  0.024732   1.728750 r
  table_i/n6099 (net)                           3     0.007376            0.000000   1.728750 r
  table_i/U4592/A (AOI21X1)                                     0.005456  0.000000   1.728750 r
  table_i/U4592/Y (AOI21X1)                                     0.014707  0.013244   1.741993 f
  table_i/n6745 (net)                           1     0.001504            0.000000   1.741993 f
  table_i/U5624/A (BUFX2)                                       0.014707  0.000000   1.741993 f
  table_i/U5624/Y (BUFX2)                                       0.016046  0.043790   1.785784 f
  table_i/req_ready (net)                       2     0.011827            0.000000   1.785784 f
  table_i/U99/B (AND2X1)                                        0.016046  0.000000   1.785784 f
  table_i/U99/Y (AND2X1)                                        0.014851  0.042803   1.828586 f
  table_i/n6159 (net)                           1     0.001476            0.000000   1.828586 f
  table_i/U6320/A (INVX1)                                       0.014851  0.000000   1.828586 f
  table_i/U6320/Y (INVX1)                                       0.199558  0.143745   1.972331 r
  table_i/n6199 (net)                          19     0.045760            0.000000   1.972331 r
  table_i/U6226/A (INVX1)                                       0.199558  0.000000   1.972331 r
  table_i/U6226/Y (INVX1)                                       0.096616  0.132600   2.104931 f
  table_i/n6672 (net)                          18     0.034515            0.000000   2.104931 f
  table_i/U6011/B (AND2X1)                                      0.096616  0.000000   2.104931 f
  table_i/U6011/Y (AND2X1)                                      0.010139  0.052686   2.157617 f
  table_i/n6128 (net)                           1     0.001476            0.000000   2.157617 f
  table_i/U6012/A (INVX1)                                       0.010139  0.000000   2.157617 f
  table_i/U6012/Y (INVX1)                                       0.132188  0.099780   2.257397 r
  table_i/n1578 (net)                          13     0.032701            0.000000   2.257397 r
  table_i/U5606/B (AND2X1)                                      0.132188  0.000000   2.257397 r
  table_i/U5606/Y (AND2X1)                                      0.245293  0.180679   2.438076 r
  table_i/n1062 (net)                          21     0.049492            0.000000   2.438076 r
  table_i/U5607/A (INVX1)                                       0.245293  0.000000   2.438076 r
  table_i/U5607/Y (INVX1)                                       0.016181  0.091478   2.529553 f
  table_i/n5963 (net)                           5     0.008217            0.000000   2.529553 f
  table_i/U5963/A (INVX1)                                       0.016181  0.000000   2.529553 f
  table_i/U5963/Y (INVX1)                                       0.315757  0.217742   2.747296 r
  table_i/n6418 (net)                          27     0.068449            0.000000   2.747296 r
  table_i/U4194/A (OAI21X1)                                     0.315757  0.000000   2.747296 r
  table_i/U4194/Y (OAI21X1)                                     0.039250  0.089823   2.837119 f
  table_i/n4471 (net)                           1     0.001290            0.000000   2.837119 f
  table_i/addresses_reg[162]/D (DFFPOSX1)                       0.039250  0.000000   2.837119 f
  data arrival time                                                                  2.837119

  clock core_clk (rise edge)                                              3.000000   3.000000
  clock network delay (ideal)                                             0.000000   3.000000
  clock uncertainty                                                       -0.100000  2.900000
  table_i/addresses_reg[162]/CLK (DFFPOSX1)                               0.000000   2.900000 r
  library setup time                                                      -0.062865  2.837136
  data required time                                                                 2.837136
  ----------------------------------------------------------------------------------------------
  data required time                                                                 2.837136
  data arrival time                                                                  -2.837119
  ----------------------------------------------------------------------------------------------
  slack (MET)                                                                        0.000016


  Startpoint: table_i/occupied_reg[0]
              (rising edge-triggered flip-flop clocked by core_clk)
  Endpoint: table_i/addresses_reg[161]
            (rising edge-triggered flip-flop clocked by core_clk)
  Path Group: core_clk
  Path Type: max

  Point                                       Fanout       Cap     Trans      Incr       Path
  ----------------------------------------------------------------------------------------------
  clock core_clk (rise edge)                                              0.000000   0.000000
  clock network delay (ideal)                                             0.000000   0.000000
  table_i/occupied_reg[0]/CLK (DFFPOSX1)                        0.000000  0.000000 # 0.000000 r
  table_i/occupied_reg[0]/Q (DFFPOSX1)                          0.118814  0.133234   0.133234 r
  table_i/occupied[0] (net)                    18     0.048343            0.000000   0.133234 r
  table_i/U6455/A (INVX1)                                       0.118814  0.000000   0.133234 r
  table_i/U6455/Y (INVX1)                                       0.011977  0.050524   0.183758 f
  table_i/n6678 (net)                           2     0.004820            0.000000   0.183758 f
  table_i/U5881/B (OR2X1)                                       0.011977  0.000000   0.183758 f
  table_i/U5881/Y (OR2X1)                                       0.010774  0.047123   0.230881 f
  table_i/n2863 (net)                           1     0.001476            0.000000   0.230881 f
  table_i/U5882/A (INVX1)                                       0.010774  0.000000   0.230881 f
  table_i/U5882/Y (INVX1)                                       0.032235  0.036700   0.267581 r
  table_i/n6103 (net)                           5     0.013180            0.000000   0.267581 r
  table_i/U5608/A (AND2X1)                                      0.032235  0.000000   0.267581 r
  table_i/U5608/Y (AND2X1)                                      0.030904  0.028200   0.295781 r
  table_i/n2868 (net)                           1     0.001551            0.000000   0.295781 r
  table_i/U5609/A (INVX1)                                       0.030904  0.000000   0.295781 r
  table_i/U5609/Y (INVX1)                                       0.015549  0.025022   0.320803 f
  table_i/n5964 (net)                           2     0.003971            0.000000   0.320803 f
  table_i/U4623/A (NAND3X1)                                     0.015549  0.000000   0.320803 f
  table_i/U4623/Y (NAND3X1)                                     0.033832  0.035821   0.356624 r
  table_i/n2852 (net)                           1     0.001539            0.000000   0.356624 r
  table_i/U3800/A (BUFX2)                                       0.033832  0.000000   0.356624 r
  table_i/U3800/Y (BUFX2)                                       0.012693  0.037099   0.393723 r
  table_i/n5222 (net)                           2     0.003739            0.000000   0.393723 r
  table_i/U100/B (AND2X2)                                       0.012693  0.000000   0.393723 r
  table_i/U100/Y (AND2X2)                                       0.029631  0.046008   0.439731 r
  table_i/n2837 (net)                           4     0.011302            0.000000   0.439731 r
  table_i/U4622/C (NAND3X1)                                     0.029631  0.000000   0.439731 r
  table_i/U4622/Y (NAND3X1)                                     0.015681  0.013523   0.453255 f
  table_i/n2865 (net)                           1     0.001504            0.000000   0.453255 f
  table_i/U4235/A (BUFX2)                                       0.015681  0.000000   0.453255 f
  table_i/U4235/Y (BUFX2)                                       0.006021  0.036323   0.489577 f
  table_i/n5342 (net)                           2     0.004471            0.000000   0.489577 f
  table_i/U4621/B (NAND3X1)                                     0.006021  0.000000   0.489577 f
  table_i/U4621/Y (NAND3X1)                                     0.034117  0.028803   0.518380 r
  table_i/n2867 (net)                           1     0.001551            0.000000   0.518380 r
  table_i/U6093/A (INVX1)                                       0.034117  0.000000   0.518380 r
  table_i/U6093/Y (INVX1)                                       0.022967  0.031119   0.549500 f
  table_i/n6677 (net)                           3     0.006523            0.000000   0.549500 f
  table_i/U5632/A (AND2X1)                                      0.022967  0.000000   0.549500 f
  table_i/U5632/Y (AND2X1)                                      0.015148  0.032442   0.581941 f
  table_i/n2851 (net)                           1     0.001476            0.000000   0.581941 f
  table_i/U5633/A (INVX1)                                       0.015148  0.000000   0.581941 f
  table_i/U5633/Y (INVX1)                                       0.012682  0.025455   0.607397 r
  table_i/n5977 (net)                           4     0.009236            0.000000   0.607397 r
  table_i/U4619/A (NAND3X1)                                     0.012682  0.000000   0.607397 r
  table_i/U4619/Y (NAND3X1)                                     0.015687  0.017011   0.624408 f
  table_i/n2842 (net)                           1     0.001504            0.000000   0.624408 f
  table_i/U4656/A (BUFX2)                                       0.015687  0.000000   0.624408 f
  table_i/U4656/Y (BUFX2)                                       0.008395  0.038108   0.662516 f
  table_i/n5470 (net)                           3     0.006183            0.000000   0.662516 f
  table_i/U101/A (AND2X2)                                       0.008395  0.000000   0.662516 f
  table_i/U101/Y (AND2X2)                                       0.001272  0.033263   0.695779 f
  table_i/n2866 (net)                           1     0.002832            0.000000   0.695779 f
  table_i/U4618/C (NAND3X1)                                     0.001272  0.000000   0.695779 f
  table_i/U4618/Y (NAND3X1)                                     0.033832  0.025548   0.721327 r
  table_i/n2841 (net)                           1     0.001539            0.000000   0.721327 r
  table_i/U5349/A (BUFX2)                                       0.033832  0.000000   0.721327 r
  table_i/U5349/Y (BUFX2)                                       0.020721  0.042405   0.763732 r
  table_i/n5831 (net)                           3     0.007178            0.000000   0.763732 r
  table_i/U4617/A (NAND3X1)                                     0.020721  0.000000   0.763732 r
  table_i/U4617/Y (NAND3X1)                                     0.015127  0.018064   0.781796 f
  table_i/n2844 (net)                           1     0.001504            0.000000   0.781796 f
  table_i/U3805/A (BUFX2)                                       0.015127  0.000000   0.781796 f
  table_i/U3805/Y (BUFX2)                                       0.005933  0.036226   0.818022 f
  table_i/n5224 (net)                           2     0.004487            0.000000   0.818022 f
  table_i/U6092/A (INVX1)                                       0.005933  0.000000   0.818022 f
  table_i/U6092/Y (INVX1)                                       0.000000  0.001847   0.819869 r
  table_i/n6676 (net)                           1     0.002961            0.000000   0.819869 r
  table_i/U4616/C (NAND3X1)                                     0.000000  0.000000   0.819869 r
  table_i/U4616/Y (NAND3X1)                                     0.014656  0.006604   0.826473 f
  table_i/n2861 (net)                           1     0.001504            0.000000   0.826473 f
  table_i/U5110/A (BUFX2)                                       0.014656  0.000000   0.826473 f
  table_i/U5110/Y (BUFX2)                                       0.010022  0.039268   0.865741 f
  table_i/n5707 (net)                           3     0.007498            0.000000   0.865741 f
  table_i/U6009/A (INVX1)                                       0.010022  0.000000   0.865741 f
  table_i/U6009/Y (INVX1)                                       0.003506  0.018326   0.884067 r
  table_i/n6675 (net)                           3     0.007595            0.000000   0.884067 r
  table_i/U142/A (AND2X1)                                       0.003506  0.000000   0.884067 r
  table_i/U142/Y (AND2X1)                                       0.030971  0.028475   0.912542 r
  table_i/n2862 (net)                           1     0.001551            0.000000   0.912542 r
  table_i/U143/A (INVX1)                                        0.030971  0.000000   0.912542 r
  table_i/U143/Y (INVX1)                                        0.015716  0.025157   0.937699 f
  table_i/n26 (net)                             2     0.004029            0.000000   0.937699 f
  table_i/U4614/A (NAND3X1)                                     0.015716  0.000000   0.937699 f
  table_i/U4614/Y (NAND3X1)                                     0.033817  0.035873   0.973572 r
  table_i/n2850 (net)                           1     0.001539            0.000000   0.973572 r
  table_i/U146/A (BUFX2)                                        0.033817  0.000000   0.973572 r
  table_i/U146/Y (BUFX2)                                        0.007584  0.033721   1.007293 r
  table_i/n29 (net)                             1     0.001551            0.000000   1.007293 r
  table_i/U144/A (INVX1)                                        0.007584  0.000000   1.007293 r
  table_i/U144/Y (INVX1)                                        0.009721  0.013595   1.020888 f
  table_i/n27 (net)                             1     0.001476            0.000000   1.020888 f
  table_i/U145/A (INVX1)                                        0.009721  0.000000   1.020888 f
  table_i/U145/Y (INVX1)                                        0.000000  0.009021   1.029909 r
  table_i/n28 (net)                             2     0.004759            0.000000   1.029909 r
  table_i/U5625/A (AND2X2)                                      0.000000  0.000000   1.029909 r
  table_i/U5625/Y (AND2X2)                                      0.006381  0.031204   1.061113 r
  table_i/n2857 (net)                           1     0.001551            0.000000   1.061113 r
  table_i/U14/A (INVX1)                                         0.006381  0.000000   1.061113 r
  table_i/U14/Y (INVX1)                                         0.031580  0.028229   1.089342 f
  table_i/n5973 (net)                           3     0.008765            0.000000   1.089342 f
  table_i/U4612/C (NOR3X1)                                      0.031580  0.000000   1.089342 f
  table_i/U4612/Y (NOR3X1)                                      0.084812  0.051515   1.140857 r
  table_i/n2840 (net)                           3     0.009190            0.000000   1.140857 r
  table_i/U4611/B (NOR3X1)                                      0.084812  0.000000   1.140857 r
  table_i/U4611/Y (NOR3X1)                                      0.037313  0.054226   1.195083 f
  table_i/n2860 (net)                           3     0.006179            0.000000   1.195083 f
  table_i/U5875/A (AND2X1)                                      0.037313  0.000000   1.195083 f
  table_i/U5875/Y (AND2X1)                                      0.038996  0.052536   1.247619 f
  table_i/n2854 (net)                           4     0.010026            0.000000   1.247619 f
  table_i/U92/A (OR2X1)                                         0.038996  0.000000   1.247619 f
  table_i/U92/Y (OR2X1)                                         0.016798  0.045196   1.292815 f
  table_i/n4 (net)                              2     0.003685            0.000000   1.292815 f
  table_i/U4608/A (NAND3X1)                                     0.016798  0.000000   1.292815 f
  table_i/U4608/Y (NAND3X1)                                     0.033865  0.036249   1.329063 r
  table_i/n2859 (net)                           1     0.001551            0.000000   1.329063 r
  table_i/U6094/A (INVX1)                                       0.033865  0.000000   1.329063 r
  table_i/U6094/Y (INVX1)                                       0.017534  0.027322   1.356385 f
  table_i/n6673 (net)                           2     0.004703            0.000000   1.356385 f
  table_i/U5620/A (AND2X1)                                      0.017534  0.000000   1.356385 f
  table_i/U5620/Y (AND2X1)                                      0.021573  0.036390   1.392775 f
  table_i/n2853 (net)                           2     0.003777            0.000000   1.392775 f
  table_i/U5621/A (INVX1)                                       0.021573  0.000000   1.392775 f
  table_i/U5621/Y (INVX1)                                       0.000000  0.013479   1.406254 r
  table_i/n5970 (net)                           2     0.004839            0.000000   1.406254 r
  table_i/U4606/A (NAND3X1)                                     0.000000  0.000000   1.406254 r
  table_i/U4606/Y (NAND3X1)                                     0.015703  0.015351   1.421604 f
  table_i/n2843 (net)                           1     0.001504            0.000000   1.421604 f
  table_i/U102/A (BUFX2)                                        0.015703  0.000000   1.421604 f
  table_i/U102/Y (BUFX2)                                        0.004406  0.035109   1.456713 f
  table_i/n5 (net)                              2     0.003303            0.000000   1.456713 f
  table_i/U147/A (INVX1)                                        0.004406  0.000000   1.456713 f
  table_i/U147/Y (INVX1)                                        0.000000  -0.000866  1.455847 r
  table_i/n30 (net)                             1     0.002292            0.000000   1.455847 r
  table_i/U90/A (OR2X2)                                         0.000000  0.000000   1.455847 r
  table_i/U90/Y (OR2X2)                                         0.006088  0.035765   1.491612 r
  table_i/n2 (net)                              1     0.002283            0.000000   1.491612 r
  table_i/U88/B (OR2X2)                                         0.006088  0.000000   1.491612 r
  table_i/U88/Y (OR2X2)                                         0.019884  0.048127   1.539739 r
  table_i/n1 (net)                              2     0.005712            0.000000   1.539739 r
  table_i/U27/B (OR2X1)                                         0.019884  0.000000   1.539739 r
  table_i/U27/Y (OR2X1)                                         0.027282  0.053043   1.592783 r
  table_i/n2856 (net)                           1     0.003288            0.000000   1.592783 r
  table_i/U4604/C (NOR3X1)                                      0.027282  0.000000   1.592783 r
  table_i/U4604/Y (NOR3X1)                                      0.032786  0.027151   1.619934 f
  table_i/n2855 (net)                           2     0.003743            0.000000   1.619934 f
  table_i/U43/A (AND2X1)                                        0.032786  0.000000   1.619934 f
  table_i/U43/Y (AND2X1)                                        0.022970  0.040409   1.660342 f
  table_i/n2835 (net)                           2     0.004550            0.000000   1.660342 f
  table_i/U5873/A (AND2X1)                                      0.022970  0.000000   1.660342 f
  table_i/U5873/Y (AND2X1)                                      0.030158  0.043676   1.704018 f
  table_i/n2834 (net)                           3     0.006855            0.000000   1.704018 f
  table_i/U5874/A (INVX1)                                       0.030158  0.000000   1.704018 f
  table_i/U5874/Y (INVX1)                                       0.005456  0.024732   1.728750 r
  table_i/n6099 (net)                           3     0.007376            0.000000   1.728750 r
  table_i/U4592/A (AOI21X1)                                     0.005456  0.000000   1.728750 r
  table_i/U4592/Y (AOI21X1)                                     0.014707  0.013244   1.741993 f
  table_i/n6745 (net)                           1     0.001504            0.000000   1.741993 f
  table_i/U5624/A (BUFX2)                                       0.014707  0.000000   1.741993 f
  table_i/U5624/Y (BUFX2)                                       0.016046  0.043790   1.785784 f
  table_i/req_ready (net)                       2     0.011827            0.000000   1.785784 f
  table_i/U99/B (AND2X1)                                        0.016046  0.000000   1.785784 f
  table_i/U99/Y (AND2X1)                                        0.014851  0.042803   1.828586 f
  table_i/n6159 (net)                           1     0.001476            0.000000   1.828586 f
  table_i/U6320/A (INVX1)                                       0.014851  0.000000   1.828586 f
  table_i/U6320/Y (INVX1)                                       0.199558  0.143745   1.972331 r
  table_i/n6199 (net)                          19     0.045760            0.000000   1.972331 r
  table_i/U6226/A (INVX1)                                       0.199558  0.000000   1.972331 r
  table_i/U6226/Y (INVX1)                                       0.096616  0.132600   2.104931 f
  table_i/n6672 (net)                          18     0.034515            0.000000   2.104931 f
  table_i/U6011/B (AND2X1)                                      0.096616  0.000000   2.104931 f
  table_i/U6011/Y (AND2X1)                                      0.010139  0.052686   2.157617 f
  table_i/n6128 (net)                           1     0.001476            0.000000   2.157617 f
  table_i/U6012/A (INVX1)                                       0.010139  0.000000   2.157617 f
  table_i/U6012/Y (INVX1)                                       0.132188  0.099780   2.257397 r
  table_i/n1578 (net)                          13     0.032701            0.000000   2.257397 r
  table_i/U5606/B (AND2X1)                                      0.132188  0.000000   2.257397 r
  table_i/U5606/Y (AND2X1)                                      0.245293  0.180679   2.438076 r
  table_i/n1062 (net)                          21     0.049492            0.000000   2.438076 r
  table_i/U5607/A (INVX1)                                       0.245293  0.000000   2.438076 r
  table_i/U5607/Y (INVX1)                                       0.016181  0.091478   2.529553 f
  table_i/n5963 (net)                           5     0.008217            0.000000   2.529553 f
  table_i/U5963/A (INVX1)                                       0.016181  0.000000   2.529553 f
  table_i/U5963/Y (INVX1)                                       0.315757  0.217742   2.747296 r
  table_i/n6418 (net)                          27     0.068449            0.000000   2.747296 r
  table_i/U4192/A (OAI21X1)                                     0.315757  0.000000   2.747296 r
  table_i/U4192/Y (OAI21X1)                                     0.039250  0.089823   2.837119 f
  table_i/n4470 (net)                           1     0.001290            0.000000   2.837119 f
  table_i/addresses_reg[161]/D (DFFPOSX1)                       0.039250  0.000000   2.837119 f
  data arrival time                                                                  2.837119

  clock core_clk (rise edge)                                              3.000000   3.000000
  clock network delay (ideal)                                             0.000000   3.000000
  clock uncertainty                                                       -0.100000  2.900000
  table_i/addresses_reg[161]/CLK (DFFPOSX1)                               0.000000   2.900000 r
  library setup time                                                      -0.062865  2.837136
  data required time                                                                 2.837136
  ----------------------------------------------------------------------------------------------
  data required time                                                                 2.837136
  data arrival time                                                                  -2.837119
  ----------------------------------------------------------------------------------------------
  slack (MET)                                                                        0.000016


  Startpoint: table_i/occupied_reg[0]
              (rising edge-triggered flip-flop clocked by core_clk)
  Endpoint: table_i/addresses_reg[160]
            (rising edge-triggered flip-flop clocked by core_clk)
  Path Group: core_clk
  Path Type: max

  Point                                       Fanout       Cap     Trans      Incr       Path
  ----------------------------------------------------------------------------------------------
  clock core_clk (rise edge)                                              0.000000   0.000000
  clock network delay (ideal)                                             0.000000   0.000000
  table_i/occupied_reg[0]/CLK (DFFPOSX1)                        0.000000  0.000000 # 0.000000 r
  table_i/occupied_reg[0]/Q (DFFPOSX1)                          0.118814  0.133234   0.133234 r
  table_i/occupied[0] (net)                    18     0.048343            0.000000   0.133234 r
  table_i/U6455/A (INVX1)                                       0.118814  0.000000   0.133234 r
  table_i/U6455/Y (INVX1)                                       0.011977  0.050524   0.183758 f
  table_i/n6678 (net)                           2     0.004820            0.000000   0.183758 f
  table_i/U5881/B (OR2X1)                                       0.011977  0.000000   0.183758 f
  table_i/U5881/Y (OR2X1)                                       0.010774  0.047123   0.230881 f
  table_i/n2863 (net)                           1     0.001476            0.000000   0.230881 f
  table_i/U5882/A (INVX1)                                       0.010774  0.000000   0.230881 f
  table_i/U5882/Y (INVX1)                                       0.032235  0.036700   0.267581 r
  table_i/n6103 (net)                           5     0.013180            0.000000   0.267581 r
  table_i/U5608/A (AND2X1)                                      0.032235  0.000000   0.267581 r
  table_i/U5608/Y (AND2X1)                                      0.030904  0.028200   0.295781 r
  table_i/n2868 (net)                           1     0.001551            0.000000   0.295781 r
  table_i/U5609/A (INVX1)                                       0.030904  0.000000   0.295781 r
  table_i/U5609/Y (INVX1)                                       0.015549  0.025022   0.320803 f
  table_i/n5964 (net)                           2     0.003971            0.000000   0.320803 f
  table_i/U4623/A (NAND3X1)                                     0.015549  0.000000   0.320803 f
  table_i/U4623/Y (NAND3X1)                                     0.033832  0.035821   0.356624 r
  table_i/n2852 (net)                           1     0.001539            0.000000   0.356624 r
  table_i/U3800/A (BUFX2)                                       0.033832  0.000000   0.356624 r
  table_i/U3800/Y (BUFX2)                                       0.012693  0.037099   0.393723 r
  table_i/n5222 (net)                           2     0.003739            0.000000   0.393723 r
  table_i/U100/B (AND2X2)                                       0.012693  0.000000   0.393723 r
  table_i/U100/Y (AND2X2)                                       0.029631  0.046008   0.439731 r
  table_i/n2837 (net)                           4     0.011302            0.000000   0.439731 r
  table_i/U4622/C (NAND3X1)                                     0.029631  0.000000   0.439731 r
  table_i/U4622/Y (NAND3X1)                                     0.015681  0.013523   0.453255 f
  table_i/n2865 (net)                           1     0.001504            0.000000   0.453255 f
  table_i/U4235/A (BUFX2)                                       0.015681  0.000000   0.453255 f
  table_i/U4235/Y (BUFX2)                                       0.006021  0.036323   0.489577 f
  table_i/n5342 (net)                           2     0.004471            0.000000   0.489577 f
  table_i/U4621/B (NAND3X1)                                     0.006021  0.000000   0.489577 f
  table_i/U4621/Y (NAND3X1)                                     0.034117  0.028803   0.518380 r
  table_i/n2867 (net)                           1     0.001551            0.000000   0.518380 r
  table_i/U6093/A (INVX1)                                       0.034117  0.000000   0.518380 r
  table_i/U6093/Y (INVX1)                                       0.022967  0.031119   0.549500 f
  table_i/n6677 (net)                           3     0.006523            0.000000   0.549500 f
  table_i/U5632/A (AND2X1)                                      0.022967  0.000000   0.549500 f
  table_i/U5632/Y (AND2X1)                                      0.015148  0.032442   0.581941 f
  table_i/n2851 (net)                           1     0.001476            0.000000   0.581941 f
  table_i/U5633/A (INVX1)                                       0.015148  0.000000   0.581941 f
  table_i/U5633/Y (INVX1)                                       0.012682  0.025455   0.607397 r
  table_i/n5977 (net)                           4     0.009236            0.000000   0.607397 r
  table_i/U4619/A (NAND3X1)                                     0.012682  0.000000   0.607397 r
  table_i/U4619/Y (NAND3X1)                                     0.015687  0.017011   0.624408 f
  table_i/n2842 (net)                           1     0.001504            0.000000   0.624408 f
  table_i/U4656/A (BUFX2)                                       0.015687  0.000000   0.624408 f
  table_i/U4656/Y (BUFX2)                                       0.008395  0.038108   0.662516 f
  table_i/n5470 (net)                           3     0.006183            0.000000   0.662516 f
  table_i/U101/A (AND2X2)                                       0.008395  0.000000   0.662516 f
  table_i/U101/Y (AND2X2)                                       0.001272  0.033263   0.695779 f
  table_i/n2866 (net)                           1     0.002832            0.000000   0.695779 f
  table_i/U4618/C (NAND3X1)                                     0.001272  0.000000   0.695779 f
  table_i/U4618/Y (NAND3X1)                                     0.033832  0.025548   0.721327 r
  table_i/n2841 (net)                           1     0.001539            0.000000   0.721327 r
  table_i/U5349/A (BUFX2)                                       0.033832  0.000000   0.721327 r
  table_i/U5349/Y (BUFX2)                                       0.020721  0.042405   0.763732 r
  table_i/n5831 (net)                           3     0.007178            0.000000   0.763732 r
  table_i/U4617/A (NAND3X1)                                     0.020721  0.000000   0.763732 r
  table_i/U4617/Y (NAND3X1)                                     0.015127  0.018064   0.781796 f
  table_i/n2844 (net)                           1     0.001504            0.000000   0.781796 f
  table_i/U3805/A (BUFX2)                                       0.015127  0.000000   0.781796 f
  table_i/U3805/Y (BUFX2)                                       0.005933  0.036226   0.818022 f
  table_i/n5224 (net)                           2     0.004487            0.000000   0.818022 f
  table_i/U6092/A (INVX1)                                       0.005933  0.000000   0.818022 f
  table_i/U6092/Y (INVX1)                                       0.000000  0.001847   0.819869 r
  table_i/n6676 (net)                           1     0.002961            0.000000   0.819869 r
  table_i/U4616/C (NAND3X1)                                     0.000000  0.000000   0.819869 r
  table_i/U4616/Y (NAND3X1)                                     0.014656  0.006604   0.826473 f
  table_i/n2861 (net)                           1     0.001504            0.000000   0.826473 f
  table_i/U5110/A (BUFX2)                                       0.014656  0.000000   0.826473 f
  table_i/U5110/Y (BUFX2)                                       0.010022  0.039268   0.865741 f
  table_i/n5707 (net)                           3     0.007498            0.000000   0.865741 f
  table_i/U6009/A (INVX1)                                       0.010022  0.000000   0.865741 f
  table_i/U6009/Y (INVX1)                                       0.003506  0.018326   0.884067 r
  table_i/n6675 (net)                           3     0.007595            0.000000   0.884067 r
  table_i/U142/A (AND2X1)                                       0.003506  0.000000   0.884067 r
  table_i/U142/Y (AND2X1)                                       0.030971  0.028475   0.912542 r
  table_i/n2862 (net)                           1     0.001551            0.000000   0.912542 r
  table_i/U143/A (INVX1)                                        0.030971  0.000000   0.912542 r
  table_i/U143/Y (INVX1)                                        0.015716  0.025157   0.937699 f
  table_i/n26 (net)                             2     0.004029            0.000000   0.937699 f
  table_i/U4614/A (NAND3X1)                                     0.015716  0.000000   0.937699 f
  table_i/U4614/Y (NAND3X1)                                     0.033817  0.035873   0.973572 r
  table_i/n2850 (net)                           1     0.001539            0.000000   0.973572 r
  table_i/U146/A (BUFX2)                                        0.033817  0.000000   0.973572 r
  table_i/U146/Y (BUFX2)                                        0.007584  0.033721   1.007293 r
  table_i/n29 (net)                             1     0.001551            0.000000   1.007293 r
  table_i/U144/A (INVX1)                                        0.007584  0.000000   1.007293 r
  table_i/U144/Y (INVX1)                                        0.009721  0.013595   1.020888 f
  table_i/n27 (net)                             1     0.001476            0.000000   1.020888 f
  table_i/U145/A (INVX1)                                        0.009721  0.000000   1.020888 f
  table_i/U145/Y (INVX1)                                        0.000000  0.009021   1.029909 r
  table_i/n28 (net)                             2     0.004759            0.000000   1.029909 r
  table_i/U5625/A (AND2X2)                                      0.000000  0.000000   1.029909 r
  table_i/U5625/Y (AND2X2)                                      0.006381  0.031204   1.061113 r
  table_i/n2857 (net)                           1     0.001551            0.000000   1.061113 r
  table_i/U14/A (INVX1)                                         0.006381  0.000000   1.061113 r
  table_i/U14/Y (INVX1)                                         0.031580  0.028229   1.089342 f
  table_i/n5973 (net)                           3     0.008765            0.000000   1.089342 f
  table_i/U4612/C (NOR3X1)                                      0.031580  0.000000   1.089342 f
  table_i/U4612/Y (NOR3X1)                                      0.084812  0.051515   1.140857 r
  table_i/n2840 (net)                           3     0.009190            0.000000   1.140857 r
  table_i/U4611/B (NOR3X1)                                      0.084812  0.000000   1.140857 r
  table_i/U4611/Y (NOR3X1)                                      0.037313  0.054226   1.195083 f
  table_i/n2860 (net)                           3     0.006179            0.000000   1.195083 f
  table_i/U5875/A (AND2X1)                                      0.037313  0.000000   1.195083 f
  table_i/U5875/Y (AND2X1)                                      0.038996  0.052536   1.247619 f
  table_i/n2854 (net)                           4     0.010026            0.000000   1.247619 f
  table_i/U92/A (OR2X1)                                         0.038996  0.000000   1.247619 f
  table_i/U92/Y (OR2X1)                                         0.016798  0.045196   1.292815 f
  table_i/n4 (net)                              2     0.003685            0.000000   1.292815 f
  table_i/U4608/A (NAND3X1)                                     0.016798  0.000000   1.292815 f
  table_i/U4608/Y (NAND3X1)                                     0.033865  0.036249   1.329063 r
  table_i/n2859 (net)                           1     0.001551            0.000000   1.329063 r
  table_i/U6094/A (INVX1)                                       0.033865  0.000000   1.329063 r
  table_i/U6094/Y (INVX1)                                       0.017534  0.027322   1.356385 f
  table_i/n6673 (net)                           2     0.004703            0.000000   1.356385 f
  table_i/U5620/A (AND2X1)                                      0.017534  0.000000   1.356385 f
  table_i/U5620/Y (AND2X1)                                      0.021573  0.036390   1.392775 f
  table_i/n2853 (net)                           2     0.003777            0.000000   1.392775 f
  table_i/U5621/A (INVX1)                                       0.021573  0.000000   1.392775 f
  table_i/U5621/Y (INVX1)                                       0.000000  0.013479   1.406254 r
  table_i/n5970 (net)                           2     0.004839            0.000000   1.406254 r
  table_i/U4606/A (NAND3X1)                                     0.000000  0.000000   1.406254 r
  table_i/U4606/Y (NAND3X1)                                     0.015703  0.015351   1.421604 f
  table_i/n2843 (net)                           1     0.001504            0.000000   1.421604 f
  table_i/U102/A (BUFX2)                                        0.015703  0.000000   1.421604 f
  table_i/U102/Y (BUFX2)                                        0.004406  0.035109   1.456713 f
  table_i/n5 (net)                              2     0.003303            0.000000   1.456713 f
  table_i/U147/A (INVX1)                                        0.004406  0.000000   1.456713 f
  table_i/U147/Y (INVX1)                                        0.000000  -0.000866  1.455847 r
  table_i/n30 (net)                             1     0.002292            0.000000   1.455847 r
  table_i/U90/A (OR2X2)                                         0.000000  0.000000   1.455847 r
  table_i/U90/Y (OR2X2)                                         0.006088  0.035765   1.491612 r
  table_i/n2 (net)                              1     0.002283            0.000000   1.491612 r
  table_i/U88/B (OR2X2)                                         0.006088  0.000000   1.491612 r
  table_i/U88/Y (OR2X2)                                         0.019884  0.048127   1.539739 r
  table_i/n1 (net)                              2     0.005712            0.000000   1.539739 r
  table_i/U27/B (OR2X1)                                         0.019884  0.000000   1.539739 r
  table_i/U27/Y (OR2X1)                                         0.027282  0.053043   1.592783 r
  table_i/n2856 (net)                           1     0.003288            0.000000   1.592783 r
  table_i/U4604/C (NOR3X1)                                      0.027282  0.000000   1.592783 r
  table_i/U4604/Y (NOR3X1)                                      0.032786  0.027151   1.619934 f
  table_i/n2855 (net)                           2     0.003743            0.000000   1.619934 f
  table_i/U43/A (AND2X1)                                        0.032786  0.000000   1.619934 f
  table_i/U43/Y (AND2X1)                                        0.022970  0.040409   1.660342 f
  table_i/n2835 (net)                           2     0.004550            0.000000   1.660342 f
  table_i/U5873/A (AND2X1)                                      0.022970  0.000000   1.660342 f
  table_i/U5873/Y (AND2X1)                                      0.030158  0.043676   1.704018 f
  table_i/n2834 (net)                           3     0.006855            0.000000   1.704018 f
  table_i/U5874/A (INVX1)                                       0.030158  0.000000   1.704018 f
  table_i/U5874/Y (INVX1)                                       0.005456  0.024732   1.728750 r
  table_i/n6099 (net)                           3     0.007376            0.000000   1.728750 r
  table_i/U4592/A (AOI21X1)                                     0.005456  0.000000   1.728750 r
  table_i/U4592/Y (AOI21X1)                                     0.014707  0.013244   1.741993 f
  table_i/n6745 (net)                           1     0.001504            0.000000   1.741993 f
  table_i/U5624/A (BUFX2)                                       0.014707  0.000000   1.741993 f
  table_i/U5624/Y (BUFX2)                                       0.016046  0.043790   1.785784 f
  table_i/req_ready (net)                       2     0.011827            0.000000   1.785784 f
  table_i/U99/B (AND2X1)                                        0.016046  0.000000   1.785784 f
  table_i/U99/Y (AND2X1)                                        0.014851  0.042803   1.828586 f
  table_i/n6159 (net)                           1     0.001476            0.000000   1.828586 f
  table_i/U6320/A (INVX1)                                       0.014851  0.000000   1.828586 f
  table_i/U6320/Y (INVX1)                                       0.199558  0.143745   1.972331 r
  table_i/n6199 (net)                          19     0.045760            0.000000   1.972331 r
  table_i/U6226/A (INVX1)                                       0.199558  0.000000   1.972331 r
  table_i/U6226/Y (INVX1)                                       0.096616  0.132600   2.104931 f
  table_i/n6672 (net)                          18     0.034515            0.000000   2.104931 f
  table_i/U6011/B (AND2X1)                                      0.096616  0.000000   2.104931 f
  table_i/U6011/Y (AND2X1)                                      0.010139  0.052686   2.157617 f
  table_i/n6128 (net)                           1     0.001476            0.000000   2.157617 f
  table_i/U6012/A (INVX1)                                       0.010139  0.000000   2.157617 f
  table_i/U6012/Y (INVX1)                                       0.132188  0.099780   2.257397 r
  table_i/n1578 (net)                          13     0.032701            0.000000   2.257397 r
  table_i/U5606/B (AND2X1)                                      0.132188  0.000000   2.257397 r
  table_i/U5606/Y (AND2X1)                                      0.245293  0.180679   2.438076 r
  table_i/n1062 (net)                          21     0.049492            0.000000   2.438076 r
  table_i/U5607/A (INVX1)                                       0.245293  0.000000   2.438076 r
  table_i/U5607/Y (INVX1)                                       0.016181  0.091478   2.529553 f
  table_i/n5963 (net)                           5     0.008217            0.000000   2.529553 f
  table_i/U5962/A (INVX1)                                       0.016181  0.000000   2.529553 f
  table_i/U5962/Y (INVX1)                                       0.315757  0.217742   2.747296 r
  table_i/n6419 (net)                          27     0.068449            0.000000   2.747296 r
  table_i/U4190/A (OAI21X1)                                     0.315757  0.000000   2.747296 r
  table_i/U4190/Y (OAI21X1)                                     0.039250  0.089823   2.837119 f
  table_i/n4469 (net)                           1     0.001290            0.000000   2.837119 f
  table_i/addresses_reg[160]/D (DFFPOSX1)                       0.039250  0.000000   2.837119 f
  data arrival time                                                                  2.837119

  clock core_clk (rise edge)                                              3.000000   3.000000
  clock network delay (ideal)                                             0.000000   3.000000
  clock uncertainty                                                       -0.100000  2.900000
  table_i/addresses_reg[160]/CLK (DFFPOSX1)                               0.000000   2.900000 r
  library setup time                                                      -0.062865  2.837136
  data required time                                                                 2.837136
  ----------------------------------------------------------------------------------------------
  data required time                                                                 2.837136
  data arrival time                                                                  -2.837119
  ----------------------------------------------------------------------------------------------
  slack (MET)                                                                        0.000016


1
