
****************************************
Report : timing
        -path full
        -delay max
        -input_pins
        -nets
        -max_paths 10
        -transition_time
        -capacitance
Design : mc_top_Q_DEPTH16_SCHED_POLICY1_AGING_ENABLE1
Version: R-2020.09-SP4
Date   : Wed Sep 30 19:38:31 2026
****************************************

 # A fanout number of 1000 was used for high fanout net computations.

Operating Conditions: typical   Library: gscl45nm
Wire Load Model Mode: top

  Startpoint: table_i/occupied_reg_0_
              (rising edge-triggered flip-flop clocked by core_clk)
  Endpoint: table_i/done_reg_13_
            (rising edge-triggered flip-flop clocked by core_clk)
  Path Group: core_clk
  Path Type: max

  Point                                       Fanout       Cap     Trans      Incr       Path
  ----------------------------------------------------------------------------------------------
  clock core_clk (rise edge)                                              0.000000   0.000000
  clock network delay (ideal)                                             0.000000   0.000000
  table_i/occupied_reg_0_/CLK (DFFPOSX1)                        0.000000  0.000000 # 0.000000 r
  table_i/occupied_reg_0_/Q (DFFPOSX1)                          0.076301  0.145385   0.145385 f
  table_i/occupied[0] (net)                    18     0.044865            0.000000   0.145385 f
  table_i/U5286/A (INVX1)                                       0.076301  0.000000   0.145385 f
  table_i/U5286/Y (INVX1)                                       0.001408  0.033918   0.179304 r
  table_i/n6679 (net)                           2     0.005166            0.000000   0.179304 r
  table_i/U4785/B (OR2X1)                                       0.001408  0.000000   0.179304 r
  table_i/U4785/Y (OR2X1)                                       0.018783  0.046779   0.226083 r
  table_i/n2863 (net)                           1     0.001551            0.000000   0.226083 r
  table_i/U4786/A (INVX1)                                       0.018783  0.000000   0.226083 r
  table_i/U4786/Y (INVX1)                                       0.039568  0.037635   0.263718 f
  table_i/n5136 (net)                           5     0.011720            0.000000   0.263718 f
  table_i/U4506/A (AND2X1)                                      0.039568  0.000000   0.263718 f
  table_i/U4506/Y (AND2X1)                                      0.015151  0.035072   0.298790 f
  table_i/n2868 (net)                           1     0.001476            0.000000   0.298790 f
  table_i/U4508/A (INVX1)                                       0.015151  0.000000   0.298790 f
  table_i/U4508/Y (INVX1)                                       0.000000  0.011204   0.309994 r
  table_i/n5003 (net)                           2     0.004839            0.000000   0.309994 r
  table_i/U4623/A (NAND3X1)                                     0.000000  0.000000   0.309994 r
  table_i/U4623/Y (NAND3X1)                                     0.015678  0.015351   0.325344 f
  table_i/n2852 (net)                           1     0.001504            0.000000   0.325344 f
  table_i/U3826/A (BUFX2)                                       0.015678  0.000000   0.325344 f
  table_i/U3826/Y (BUFX2)                                       0.004878  0.035462   0.360806 f
  table_i/n4614 (net)                           2     0.003647            0.000000   0.360806 f
  table_i/U2975/B (AND2X1)                                      0.004878  0.000000   0.360806 f
  table_i/U2975/Y (AND2X1)                                      0.040568  0.059742   0.420548 f
  table_i/n2837 (net)                           4     0.010472            0.000000   0.420548 f
  table_i/U4622/C (NAND3X1)                                     0.040568  0.000000   0.420548 f
  table_i/U4622/Y (NAND3X1)                                     0.033834  0.035561   0.456109 r
  table_i/n2865 (net)                           1     0.001539            0.000000   0.456109 r
  table_i/U2973/A (BUFX2)                                       0.033834  0.000000   0.456109 r
  table_i/U2973/Y (BUFX2)                                       0.015926  0.039236   0.495345 r
  table_i/n2534 (net)                           2     0.005124            0.000000   0.495345 r
  table_i/U4621/B (NAND3X1)                                     0.015926  0.000000   0.495345 r
  table_i/U4621/Y (NAND3X1)                                     0.015178  0.013641   0.508986 f
  table_i/n2867 (net)                           1     0.001476            0.000000   0.508986 f
  table_i/U4988/A (INVX1)                                       0.015178  0.000000   0.508986 f
  table_i/U4988/Y (INVX1)                                       0.004292  0.020148   0.529135 r
  table_i/n6678 (net)                           3     0.007595            0.000000   0.529135 r
  table_i/U4533/A (AND2X1)                                      0.004292  0.000000   0.529135 r
  table_i/U4533/Y (AND2X1)                                      0.030895  0.028467   0.557602 r
  table_i/n2851 (net)                           1     0.001551            0.000000   0.557602 r
  table_i/U4534/A (INVX1)                                       0.030895  0.000000   0.557602 r
  table_i/U4534/Y (INVX1)                                       0.027631  0.033289   0.590891 f
  table_i/n5012 (net)                           4     0.008006            0.000000   0.590891 f
  table_i/U4619/A (NAND3X1)                                     0.027631  0.000000   0.590891 f
  table_i/U4619/Y (NAND3X1)                                     0.033834  0.039598   0.630489 r
  table_i/n2842 (net)                           1     0.001539            0.000000   0.630489 r
  table_i/U3833/A (BUFX2)                                       0.033834  0.000000   0.630489 r
  table_i/U3833/Y (BUFX2)                                       0.021395  0.042852   0.673340 r
  table_i/n4617 (net)                           3     0.007467            0.000000   0.673340 r
  table_i/U2172/A (AND2X1)                                      0.021395  0.000000   0.673340 r
  table_i/U2172/Y (AND2X1)                                      0.037301  0.032706   0.706046 r
  table_i/n2866 (net)                           1     0.002961            0.000000   0.706046 r
  table_i/U4618/C (NAND3X1)                                     0.037301  0.000000   0.706046 r
  table_i/U4618/Y (NAND3X1)                                     0.015678  0.015314   0.721360 f
  table_i/n2841 (net)                           1     0.001504            0.000000   0.721360 f
  table_i/U4284/A (BUFX2)                                       0.015678  0.000000   0.721360 f
  table_i/U4284/Y (BUFX2)                                       0.009083  0.038625   0.759985 f
  table_i/n4884 (net)                           3     0.006680            0.000000   0.759985 f
  table_i/U4617/A (NAND3X1)                                     0.009083  0.000000   0.759985 f
  table_i/U4617/Y (NAND3X1)                                     0.033980  0.033799   0.793785 r
  table_i/n2844 (net)                           1     0.001539            0.000000   0.793785 r
  table_i/U2561/A (BUFX2)                                       0.033980  0.000000   0.793785 r
  table_i/U2561/Y (BUFX2)                                       0.014658  0.038397   0.832182 r
  table_i/n1671 (net)                           2     0.004572            0.000000   0.832182 r
  table_i/U4987/A (INVX1)                                       0.014658  0.000000   0.832182 r
  table_i/U4987/Y (INVX1)                                       0.013275  0.018291   0.850472 f
  table_i/n6677 (net)                           1     0.002832            0.000000   0.850472 f
  table_i/U4616/C (NAND3X1)                                     0.013275  0.000000   0.850472 f
  table_i/U4616/Y (NAND3X1)                                     0.032996  0.028606   0.879079 r
  table_i/n2861 (net)                           1     0.001539            0.000000   0.879079 r
  table_i/U4055/A (BUFX2)                                       0.032996  0.000000   0.879079 r
  table_i/U4055/Y (BUFX2)                                       0.021587  0.042979   0.922058 r
  table_i/n4747 (net)                           3     0.007593            0.000000   0.922058 r
  table_i/U4903/A (INVX1)                                       0.021587  0.000000   0.922058 r
  table_i/U4903/Y (INVX1)                                       0.023891  0.027775   0.949832 f
  table_i/n6676 (net)                           3     0.006543            0.000000   0.949832 f
  table_i/U4615/A (NAND2X1)                                     0.023891  0.000000   0.949832 f
  table_i/U4615/Y (NAND2X1)                                     0.045310  0.037379   0.987212 r
  table_i/n2862 (net)                           2     0.004417            0.000000   0.987212 r
  table_i/U4614/A (NAND3X1)                                     0.045310  0.000000   0.987212 r
  table_i/U4614/Y (NAND3X1)                                     0.022781  0.026427   1.013638 f
  table_i/n2850 (net)                           2     0.004594            0.000000   1.013638 f
  table_i/U4527/A (AND2X2)                                      0.022781  0.000000   1.013638 f
  table_i/U4527/Y (AND2X2)                                      0.000854  0.035413   1.049052 f
  table_i/n2857 (net)                           1     0.001476            0.000000   1.049052 f
  table_i/U4528/A (INVX1)                                       0.000854  0.000000   1.049052 f
  table_i/U4528/Y (INVX1)                                       0.008648  0.019216   1.068268 r
  table_i/n5010 (net)                           3     0.008868            0.000000   1.068268 r
  table_i/U4612/C (NOR3X1)                                      0.008648  0.000000   1.068268 r
  table_i/U4612/Y (NOR3X1)                                      0.046086  0.033406   1.101674 f
  table_i/n2840 (net)                           3     0.009201            0.000000   1.101674 f
  table_i/U4611/B (NOR3X1)                                      0.046086  0.000000   1.101674 f
  table_i/U4611/Y (NOR3X1)                                      0.080078  0.066831   1.168505 r
  table_i/n2860 (net)                           3     0.008214            0.000000   1.168505 r
  table_i/U4777/A (AND2X1)                                      0.080078  0.000000   1.168505 r
  table_i/U4777/Y (AND2X1)                                      0.061057  0.047437   1.215942 r
  table_i/n2854 (net)                           3     0.007860            0.000000   1.215942 r
  table_i/U4778/A (INVX1)                                       0.061057  0.000000   1.215942 r
  table_i/U4778/Y (INVX1)                                       0.021423  0.038611   1.254553 f
  table_i/n5132 (net)                           3     0.006628            0.000000   1.254553 f
  table_i/U4609/A (NAND3X1)                                     0.021423  0.000000   1.254553 f
  table_i/U4609/Y (NAND3X1)                                     0.045838  0.045568   1.300120 r
  table_i/n2858 (net)                           2     0.004099            0.000000   1.300120 r
  table_i/U4608/A (NAND3X1)                                     0.045838  0.000000   1.300120 r
  table_i/U4608/Y (NAND3X1)                                     0.015564  0.021307   1.321427 f
  table_i/n2859 (net)                           1     0.001476            0.000000   1.321427 f
  table_i/U4990/A (INVX1)                                       0.015564  0.000000   1.321427 f
  table_i/U4990/Y (INVX1)                                       0.000000  0.012691   1.334118 r
  table_i/n6674 (net)                           2     0.005253            0.000000   1.334118 r
  table_i/U4524/A (AND2X1)                                      0.000000  0.000000   1.334118 r
  table_i/U4524/Y (AND2X1)                                      0.042997  0.036392   1.370510 r
  table_i/n2853 (net)                           2     0.004076            0.000000   1.370510 r
  table_i/U4526/A (INVX1)                                       0.042997  0.000000   1.370510 r
  table_i/U4526/Y (INVX1)                                       0.014706  0.028292   1.398801 f
  table_i/n5009 (net)                           2     0.003971            0.000000   1.398801 f
  table_i/U4606/A (NAND3X1)                                     0.014706  0.000000   1.398801 f
  table_i/U4606/Y (NAND3X1)                                     0.042657  0.041370   1.440171 r
  table_i/n2843 (net)                           2     0.003420            0.000000   1.440171 r
  table_i/U617/A (INVX1)                                        0.042657  0.000000   1.440171 r
  table_i/U617/Y (INVX1)                                        0.009724  0.024780   1.464951 f
  table_i/n5 (net)                              1     0.002301            0.000000   1.464951 f
  table_i/U603/A (OR2X2)                                        0.009724  0.000000   1.464951 f
  table_i/U603/Y (OR2X2)                                        0.005037  0.037620   1.502571 f
  table_i/n3 (net)                              1     0.002247            0.000000   1.502571 f
  table_i/U598/B (OR2X1)                                        0.005037  0.000000   1.502571 f
  table_i/U598/Y (OR2X1)                                        0.022653  0.054631   1.557202 f
  table_i/n2 (net)                              2     0.005568            0.000000   1.557202 f
  table_i/U298/B (OR2X2)                                        0.022653  0.000000   1.557202 f
  table_i/U298/Y (OR2X2)                                        0.009932  0.049556   1.606758 f
  table_i/n2856 (net)                           1     0.003226            0.000000   1.606758 f
  table_i/U4604/C (NOR3X1)                                      0.009932  0.000000   1.606758 f
  table_i/U4604/Y (NOR3X1)                                      0.060517  0.031637   1.638395 r
  table_i/n2855 (net)                           2     0.004583            0.000000   1.638395 r
  table_i/U4989/A (AND2X1)                                      0.060517  0.000000   1.638395 r
  table_i/U4989/Y (AND2X1)                                      0.047293  0.038745   1.677140 r
  table_i/n2835 (net)                           2     0.005016            0.000000   1.677140 r
  table_i/U4775/A (AND2X1)                                      0.047293  0.000000   1.677140 r
  table_i/U4775/Y (AND2X1)                                      0.056970  0.045067   1.722207 r
  table_i/n2834 (net)                           3     0.007000            0.000000   1.722207 r
  table_i/U4776/A (INVX1)                                       0.056970  0.000000   1.722207 r
  table_i/U4776/Y (INVX1)                                       0.020284  0.036539   1.758746 f
  table_i/n5131 (net)                           3     0.006155            0.000000   1.758746 f
  table_i/U4592/A (AOI21X1)                                     0.020284  0.000000   1.758746 f
  table_i/U4592/Y (AOI21X1)                                     0.023709  0.036313   1.795059 r
  table_i/n6729 (net)                           1     0.001539            0.000000   1.795059 r
  table_i/U652/A (BUFX2)                                        0.023709  0.000000   1.795059 r
  table_i/U652/Y (BUFX2)                                        0.031670  0.049608   1.844668 r
  table_i/req_ready (net)                       2     0.012343            0.000000   1.844668 r
  table_i/U21/B (AND2X1)                                        0.031670  0.000000   1.844668 r
  table_i/U21/Y (AND2X1)                                        0.115526  0.095814   1.940482 r
  table_i/n1186 (net)                           9     0.019979            0.000000   1.940482 r
  table_i/U683/A (INVX1)                                        0.115526  0.000000   1.940482 r
  table_i/U683/Y (INVX1)                                        0.035280  0.065232   2.005714 f
  table_i/n42 (net)                             6     0.012469            0.000000   2.005714 f
  table_i/U5051/A (INVX1)                                       0.035280  0.000000   2.005714 f
  table_i/U5051/Y (INVX1)                                       0.193541  0.145703   2.151417 r
  table_i/n5387 (net)                          19     0.044200            0.000000   2.151417 r
  table_i/U4913/B (AND2X1)                                      0.193541  0.000000   2.151417 r
  table_i/U4913/Y (AND2X1)                                      0.021331  0.033986   2.185403 r
  table_i/n5145 (net)                           2     0.003794            0.000000   2.185403 r
  table_i/U4914/A (INVX1)                                       0.021331  0.000000   2.185403 r
  table_i/U4914/Y (INVX1)                                       0.060389  0.052713   2.238116 f
  table_i/n1660 (net)                           8     0.018738            0.000000   2.238116 f
  table_i/U3835/A (AND2X1)                                      0.060389  0.000000   2.238116 f
  table_i/U3835/Y (AND2X1)                                      0.148170  0.138526   2.376642 f
  table_i/n6205 (net)                          24     0.049671            0.000000   2.376642 f
  table_i/U3836/A (INVX1)                                       0.148170  0.000000   2.376642 f
  table_i/U3836/Y (INVX1)                                       0.030022  0.070710   2.447352 r
  table_i/n4618 (net)                           4     0.008705            0.000000   2.447352 r
  table_i/U4833/A (INVX1)                                       0.030022  0.000000   2.447352 r
  table_i/U4833/Y (INVX1)                                       0.222851  0.166661   2.614013 f
  table_i/n5396 (net)                          33     0.073197            0.000000   2.614013 f
  table_i/U15/B (AND2X2)                                        0.222851  0.000000   2.614013 f
  table_i/U15/Y (AND2X2)                                        0.098541  0.155935   2.769948 f
  table_i/n422 (net)                           33     0.060661            0.000000   2.769948 f
  table_i/U1717/A (NAND3X1)                                     0.098541  0.000000   2.769948 f
  table_i/U1717/Y (NAND3X1)                                     0.035550  0.063282   2.833230 r
  table_i/n944 (net)                            1     0.002027            0.000000   2.833230 r
  table_i/U1716/B (NAND2X1)                                     0.035550  0.000000   2.833230 r
  table_i/U1716/Y (NAND2X1)                                     0.017848  0.019296   2.852526 f
  table_i/n3383 (net)                           1     0.001290            0.000000   2.852526 f
  table_i/done_reg_13_/D (DFFPOSX1)                             0.017848  0.000000   2.852526 f
  data arrival time                                                                  2.852526

  clock core_clk (rise edge)                                              3.000000   3.000000
  clock network delay (ideal)                                             0.000000   3.000000
  clock uncertainty                                                       -0.100000  2.900000
  table_i/done_reg_13_/CLK (DFFPOSX1)                                     0.000000   2.900000 r
  library setup time                                                      -0.058406  2.841594
  data required time                                                                 2.841594
  ----------------------------------------------------------------------------------------------
  data required time                                                                 2.841594
  data arrival time                                                                  -2.852526
  ----------------------------------------------------------------------------------------------
  slack (VIOLATED)                                                                   -0.010932


  Startpoint: table_i/occupied_reg_0_
              (rising edge-triggered flip-flop clocked by core_clk)
  Endpoint: table_i/done_reg_12_
            (rising edge-triggered flip-flop clocked by core_clk)
  Path Group: core_clk
  Path Type: max

  Point                                       Fanout       Cap     Trans      Incr       Path
  ----------------------------------------------------------------------------------------------
  clock core_clk (rise edge)                                              0.000000   0.000000
  clock network delay (ideal)                                             0.000000   0.000000
  table_i/occupied_reg_0_/CLK (DFFPOSX1)                        0.000000  0.000000 # 0.000000 r
  table_i/occupied_reg_0_/Q (DFFPOSX1)                          0.076301  0.145385   0.145385 f
  table_i/occupied[0] (net)                    18     0.044865            0.000000   0.145385 f
  table_i/U5286/A (INVX1)                                       0.076301  0.000000   0.145385 f
  table_i/U5286/Y (INVX1)                                       0.001408  0.033918   0.179304 r
  table_i/n6679 (net)                           2     0.005166            0.000000   0.179304 r
  table_i/U4785/B (OR2X1)                                       0.001408  0.000000   0.179304 r
  table_i/U4785/Y (OR2X1)                                       0.018783  0.046779   0.226083 r
  table_i/n2863 (net)                           1     0.001551            0.000000   0.226083 r
  table_i/U4786/A (INVX1)                                       0.018783  0.000000   0.226083 r
  table_i/U4786/Y (INVX1)                                       0.039568  0.037635   0.263718 f
  table_i/n5136 (net)                           5     0.011720            0.000000   0.263718 f
  table_i/U4506/A (AND2X1)                                      0.039568  0.000000   0.263718 f
  table_i/U4506/Y (AND2X1)                                      0.015151  0.035072   0.298790 f
  table_i/n2868 (net)                           1     0.001476            0.000000   0.298790 f
  table_i/U4508/A (INVX1)                                       0.015151  0.000000   0.298790 f
  table_i/U4508/Y (INVX1)                                       0.000000  0.011204   0.309994 r
  table_i/n5003 (net)                           2     0.004839            0.000000   0.309994 r
  table_i/U4623/A (NAND3X1)                                     0.000000  0.000000   0.309994 r
  table_i/U4623/Y (NAND3X1)                                     0.015678  0.015351   0.325344 f
  table_i/n2852 (net)                           1     0.001504            0.000000   0.325344 f
  table_i/U3826/A (BUFX2)                                       0.015678  0.000000   0.325344 f
  table_i/U3826/Y (BUFX2)                                       0.004878  0.035462   0.360806 f
  table_i/n4614 (net)                           2     0.003647            0.000000   0.360806 f
  table_i/U2975/B (AND2X1)                                      0.004878  0.000000   0.360806 f
  table_i/U2975/Y (AND2X1)                                      0.040568  0.059742   0.420548 f
  table_i/n2837 (net)                           4     0.010472            0.000000   0.420548 f
  table_i/U4622/C (NAND3X1)                                     0.040568  0.000000   0.420548 f
  table_i/U4622/Y (NAND3X1)                                     0.033834  0.035561   0.456109 r
  table_i/n2865 (net)                           1     0.001539            0.000000   0.456109 r
  table_i/U2973/A (BUFX2)                                       0.033834  0.000000   0.456109 r
  table_i/U2973/Y (BUFX2)                                       0.015926  0.039236   0.495345 r
  table_i/n2534 (net)                           2     0.005124            0.000000   0.495345 r
  table_i/U4621/B (NAND3X1)                                     0.015926  0.000000   0.495345 r
  table_i/U4621/Y (NAND3X1)                                     0.015178  0.013641   0.508986 f
  table_i/n2867 (net)                           1     0.001476            0.000000   0.508986 f
  table_i/U4988/A (INVX1)                                       0.015178  0.000000   0.508986 f
  table_i/U4988/Y (INVX1)                                       0.004292  0.020148   0.529135 r
  table_i/n6678 (net)                           3     0.007595            0.000000   0.529135 r
  table_i/U4533/A (AND2X1)                                      0.004292  0.000000   0.529135 r
  table_i/U4533/Y (AND2X1)                                      0.030895  0.028467   0.557602 r
  table_i/n2851 (net)                           1     0.001551            0.000000   0.557602 r
  table_i/U4534/A (INVX1)                                       0.030895  0.000000   0.557602 r
  table_i/U4534/Y (INVX1)                                       0.027631  0.033289   0.590891 f
  table_i/n5012 (net)                           4     0.008006            0.000000   0.590891 f
  table_i/U4619/A (NAND3X1)                                     0.027631  0.000000   0.590891 f
  table_i/U4619/Y (NAND3X1)                                     0.033834  0.039598   0.630489 r
  table_i/n2842 (net)                           1     0.001539            0.000000   0.630489 r
  table_i/U3833/A (BUFX2)                                       0.033834  0.000000   0.630489 r
  table_i/U3833/Y (BUFX2)                                       0.021395  0.042852   0.673340 r
  table_i/n4617 (net)                           3     0.007467            0.000000   0.673340 r
  table_i/U2172/A (AND2X1)                                      0.021395  0.000000   0.673340 r
  table_i/U2172/Y (AND2X1)                                      0.037301  0.032706   0.706046 r
  table_i/n2866 (net)                           1     0.002961            0.000000   0.706046 r
  table_i/U4618/C (NAND3X1)                                     0.037301  0.000000   0.706046 r
  table_i/U4618/Y (NAND3X1)                                     0.015678  0.015314   0.721360 f
  table_i/n2841 (net)                           1     0.001504            0.000000   0.721360 f
  table_i/U4284/A (BUFX2)                                       0.015678  0.000000   0.721360 f
  table_i/U4284/Y (BUFX2)                                       0.009083  0.038625   0.759985 f
  table_i/n4884 (net)                           3     0.006680            0.000000   0.759985 f
  table_i/U4617/A (NAND3X1)                                     0.009083  0.000000   0.759985 f
  table_i/U4617/Y (NAND3X1)                                     0.033980  0.033799   0.793785 r
  table_i/n2844 (net)                           1     0.001539            0.000000   0.793785 r
  table_i/U2561/A (BUFX2)                                       0.033980  0.000000   0.793785 r
  table_i/U2561/Y (BUFX2)                                       0.014658  0.038397   0.832182 r
  table_i/n1671 (net)                           2     0.004572            0.000000   0.832182 r
  table_i/U4987/A (INVX1)                                       0.014658  0.000000   0.832182 r
  table_i/U4987/Y (INVX1)                                       0.013275  0.018291   0.850472 f
  table_i/n6677 (net)                           1     0.002832            0.000000   0.850472 f
  table_i/U4616/C (NAND3X1)                                     0.013275  0.000000   0.850472 f
  table_i/U4616/Y (NAND3X1)                                     0.032996  0.028606   0.879079 r
  table_i/n2861 (net)                           1     0.001539            0.000000   0.879079 r
  table_i/U4055/A (BUFX2)                                       0.032996  0.000000   0.879079 r
  table_i/U4055/Y (BUFX2)                                       0.021587  0.042979   0.922058 r
  table_i/n4747 (net)                           3     0.007593            0.000000   0.922058 r
  table_i/U4903/A (INVX1)                                       0.021587  0.000000   0.922058 r
  table_i/U4903/Y (INVX1)                                       0.023891  0.027775   0.949832 f
  table_i/n6676 (net)                           3     0.006543            0.000000   0.949832 f
  table_i/U4615/A (NAND2X1)                                     0.023891  0.000000   0.949832 f
  table_i/U4615/Y (NAND2X1)                                     0.045310  0.037379   0.987212 r
  table_i/n2862 (net)                           2     0.004417            0.000000   0.987212 r
  table_i/U4614/A (NAND3X1)                                     0.045310  0.000000   0.987212 r
  table_i/U4614/Y (NAND3X1)                                     0.022781  0.026427   1.013638 f
  table_i/n2850 (net)                           2     0.004594            0.000000   1.013638 f
  table_i/U4527/A (AND2X2)                                      0.022781  0.000000   1.013638 f
  table_i/U4527/Y (AND2X2)                                      0.000854  0.035413   1.049052 f
  table_i/n2857 (net)                           1     0.001476            0.000000   1.049052 f
  table_i/U4528/A (INVX1)                                       0.000854  0.000000   1.049052 f
  table_i/U4528/Y (INVX1)                                       0.008648  0.019216   1.068268 r
  table_i/n5010 (net)                           3     0.008868            0.000000   1.068268 r
  table_i/U4612/C (NOR3X1)                                      0.008648  0.000000   1.068268 r
  table_i/U4612/Y (NOR3X1)                                      0.046086  0.033406   1.101674 f
  table_i/n2840 (net)                           3     0.009201            0.000000   1.101674 f
  table_i/U4611/B (NOR3X1)                                      0.046086  0.000000   1.101674 f
  table_i/U4611/Y (NOR3X1)                                      0.080078  0.066831   1.168505 r
  table_i/n2860 (net)                           3     0.008214            0.000000   1.168505 r
  table_i/U4777/A (AND2X1)                                      0.080078  0.000000   1.168505 r
  table_i/U4777/Y (AND2X1)                                      0.061057  0.047437   1.215942 r
  table_i/n2854 (net)                           3     0.007860            0.000000   1.215942 r
  table_i/U4778/A (INVX1)                                       0.061057  0.000000   1.215942 r
  table_i/U4778/Y (INVX1)                                       0.021423  0.038611   1.254553 f
  table_i/n5132 (net)                           3     0.006628            0.000000   1.254553 f
  table_i/U4609/A (NAND3X1)                                     0.021423  0.000000   1.254553 f
  table_i/U4609/Y (NAND3X1)                                     0.045838  0.045568   1.300120 r
  table_i/n2858 (net)                           2     0.004099            0.000000   1.300120 r
  table_i/U4608/A (NAND3X1)                                     0.045838  0.000000   1.300120 r
  table_i/U4608/Y (NAND3X1)                                     0.015564  0.021307   1.321427 f
  table_i/n2859 (net)                           1     0.001476            0.000000   1.321427 f
  table_i/U4990/A (INVX1)                                       0.015564  0.000000   1.321427 f
  table_i/U4990/Y (INVX1)                                       0.000000  0.012691   1.334118 r
  table_i/n6674 (net)                           2     0.005253            0.000000   1.334118 r
  table_i/U4524/A (AND2X1)                                      0.000000  0.000000   1.334118 r
  table_i/U4524/Y (AND2X1)                                      0.042997  0.036392   1.370510 r
  table_i/n2853 (net)                           2     0.004076            0.000000   1.370510 r
  table_i/U4526/A (INVX1)                                       0.042997  0.000000   1.370510 r
  table_i/U4526/Y (INVX1)                                       0.014706  0.028292   1.398801 f
  table_i/n5009 (net)                           2     0.003971            0.000000   1.398801 f
  table_i/U4606/A (NAND3X1)                                     0.014706  0.000000   1.398801 f
  table_i/U4606/Y (NAND3X1)                                     0.042657  0.041370   1.440171 r
  table_i/n2843 (net)                           2     0.003420            0.000000   1.440171 r
  table_i/U617/A (INVX1)                                        0.042657  0.000000   1.440171 r
  table_i/U617/Y (INVX1)                                        0.009724  0.024780   1.464951 f
  table_i/n5 (net)                              1     0.002301            0.000000   1.464951 f
  table_i/U603/A (OR2X2)                                        0.009724  0.000000   1.464951 f
  table_i/U603/Y (OR2X2)                                        0.005037  0.037620   1.502571 f
  table_i/n3 (net)                              1     0.002247            0.000000   1.502571 f
  table_i/U598/B (OR2X1)                                        0.005037  0.000000   1.502571 f
  table_i/U598/Y (OR2X1)                                        0.022653  0.054631   1.557202 f
  table_i/n2 (net)                              2     0.005568            0.000000   1.557202 f
  table_i/U298/B (OR2X2)                                        0.022653  0.000000   1.557202 f
  table_i/U298/Y (OR2X2)                                        0.009932  0.049556   1.606758 f
  table_i/n2856 (net)                           1     0.003226            0.000000   1.606758 f
  table_i/U4604/C (NOR3X1)                                      0.009932  0.000000   1.606758 f
  table_i/U4604/Y (NOR3X1)                                      0.060517  0.031637   1.638395 r
  table_i/n2855 (net)                           2     0.004583            0.000000   1.638395 r
  table_i/U4989/A (AND2X1)                                      0.060517  0.000000   1.638395 r
  table_i/U4989/Y (AND2X1)                                      0.047293  0.038745   1.677140 r
  table_i/n2835 (net)                           2     0.005016            0.000000   1.677140 r
  table_i/U4775/A (AND2X1)                                      0.047293  0.000000   1.677140 r
  table_i/U4775/Y (AND2X1)                                      0.056970  0.045067   1.722207 r
  table_i/n2834 (net)                           3     0.007000            0.000000   1.722207 r
  table_i/U4776/A (INVX1)                                       0.056970  0.000000   1.722207 r
  table_i/U4776/Y (INVX1)                                       0.020284  0.036539   1.758746 f
  table_i/n5131 (net)                           3     0.006155            0.000000   1.758746 f
  table_i/U4592/A (AOI21X1)                                     0.020284  0.000000   1.758746 f
  table_i/U4592/Y (AOI21X1)                                     0.023709  0.036313   1.795059 r
  table_i/n6729 (net)                           1     0.001539            0.000000   1.795059 r
  table_i/U652/A (BUFX2)                                        0.023709  0.000000   1.795059 r
  table_i/U652/Y (BUFX2)                                        0.031670  0.049608   1.844668 r
  table_i/req_ready (net)                       2     0.012343            0.000000   1.844668 r
  table_i/U21/B (AND2X1)                                        0.031670  0.000000   1.844668 r
  table_i/U21/Y (AND2X1)                                        0.115526  0.095814   1.940482 r
  table_i/n1186 (net)                           9     0.019979            0.000000   1.940482 r
  table_i/U683/A (INVX1)                                        0.115526  0.000000   1.940482 r
  table_i/U683/Y (INVX1)                                        0.035280  0.065232   2.005714 f
  table_i/n42 (net)                             6     0.012469            0.000000   2.005714 f
  table_i/U5051/A (INVX1)                                       0.035280  0.000000   2.005714 f
  table_i/U5051/Y (INVX1)                                       0.193541  0.145703   2.151417 r
  table_i/n5387 (net)                          19     0.044200            0.000000   2.151417 r
  table_i/U4915/B (AND2X1)                                      0.193541  0.000000   2.151417 r
  table_i/U4915/Y (AND2X1)                                      0.031920  0.041001   2.192417 r
  table_i/n5146 (net)                           3     0.006036            0.000000   2.192417 r
  table_i/U4916/A (INVX1)                                       0.031920  0.000000   2.192417 r
  table_i/U4916/Y (INVX1)                                       0.059693  0.055557   2.247975 f
  table_i/n1664 (net)                           8     0.018738            0.000000   2.247975 f
  table_i/U2977/A (AND2X1)                                      0.059693  0.000000   2.247975 f
  table_i/U2977/Y (AND2X1)                                      0.144306  0.138425   2.386400 f
  table_i/n6115 (net)                          24     0.049671            0.000000   2.386400 f
  table_i/U2979/A (INVX1)                                       0.144306  0.000000   2.386400 f
  table_i/U2979/Y (INVX1)                                       0.017806  0.061764   2.448164 r
  table_i/n2535 (net)                           3     0.006340            0.000000   2.448164 r
  table_i/U4838/A (INVX1)                                       0.017806  0.000000   2.448164 r
  table_i/U4838/Y (INVX1)                                       0.223476  0.163460   2.611624 f
  table_i/n5400 (net)                          33     0.073197            0.000000   2.611624 f
  table_i/U17/B (AND2X2)                                        0.223476  0.000000   2.611624 f
  table_i/U17/Y (AND2X2)                                        0.099084  0.156524   2.768147 f
  table_i/n457 (net)                           33     0.061131            0.000000   2.768147 f
  table_i/U1721/A (NAND3X1)                                     0.099084  0.000000   2.768147 f
  table_i/U1721/Y (NAND3X1)                                     0.034564  0.063452   2.831599 r
  table_i/n950 (net)                            1     0.002027            0.000000   2.831599 r
  table_i/U1720/B (NAND2X1)                                     0.034564  0.000000   2.831599 r
  table_i/U1720/Y (NAND2X1)                                     0.017950  0.019080   2.850679 f
  table_i/n3384 (net)                           1     0.001290            0.000000   2.850679 f
  table_i/done_reg_12_/D (DFFPOSX1)                             0.017950  0.000000   2.850679 f
  data arrival time                                                                  2.850679

  clock core_clk (rise edge)                                              3.000000   3.000000
  clock network delay (ideal)                                             0.000000   3.000000
  clock uncertainty                                                       -0.100000  2.900000
  table_i/done_reg_12_/CLK (DFFPOSX1)                                     0.000000   2.900000 r
  library setup time                                                      -0.058427  2.841573
  data required time                                                                 2.841573
  ----------------------------------------------------------------------------------------------
  data required time                                                                 2.841573
  data arrival time                                                                  -2.850679
  ----------------------------------------------------------------------------------------------
  slack (VIOLATED)                                                                   -0.009106


  Startpoint: table_i/occupied_reg_0_
              (rising edge-triggered flip-flop clocked by core_clk)
  Endpoint: table_i/done_reg_8_
            (rising edge-triggered flip-flop clocked by core_clk)
  Path Group: core_clk
  Path Type: max

  Point                                       Fanout       Cap     Trans      Incr       Path
  ----------------------------------------------------------------------------------------------
  clock core_clk (rise edge)                                              0.000000   0.000000
  clock network delay (ideal)                                             0.000000   0.000000
  table_i/occupied_reg_0_/CLK (DFFPOSX1)                        0.000000  0.000000 # 0.000000 r
  table_i/occupied_reg_0_/Q (DFFPOSX1)                          0.076301  0.145385   0.145385 f
  table_i/occupied[0] (net)                    18     0.044865            0.000000   0.145385 f
  table_i/U5286/A (INVX1)                                       0.076301  0.000000   0.145385 f
  table_i/U5286/Y (INVX1)                                       0.001408  0.033918   0.179304 r
  table_i/n6679 (net)                           2     0.005166            0.000000   0.179304 r
  table_i/U4785/B (OR2X1)                                       0.001408  0.000000   0.179304 r
  table_i/U4785/Y (OR2X1)                                       0.018783  0.046779   0.226083 r
  table_i/n2863 (net)                           1     0.001551            0.000000   0.226083 r
  table_i/U4786/A (INVX1)                                       0.018783  0.000000   0.226083 r
  table_i/U4786/Y (INVX1)                                       0.039568  0.037635   0.263718 f
  table_i/n5136 (net)                           5     0.011720            0.000000   0.263718 f
  table_i/U4506/A (AND2X1)                                      0.039568  0.000000   0.263718 f
  table_i/U4506/Y (AND2X1)                                      0.015151  0.035072   0.298790 f
  table_i/n2868 (net)                           1     0.001476            0.000000   0.298790 f
  table_i/U4508/A (INVX1)                                       0.015151  0.000000   0.298790 f
  table_i/U4508/Y (INVX1)                                       0.000000  0.011204   0.309994 r
  table_i/n5003 (net)                           2     0.004839            0.000000   0.309994 r
  table_i/U4623/A (NAND3X1)                                     0.000000  0.000000   0.309994 r
  table_i/U4623/Y (NAND3X1)                                     0.015678  0.015351   0.325344 f
  table_i/n2852 (net)                           1     0.001504            0.000000   0.325344 f
  table_i/U3826/A (BUFX2)                                       0.015678  0.000000   0.325344 f
  table_i/U3826/Y (BUFX2)                                       0.004878  0.035462   0.360806 f
  table_i/n4614 (net)                           2     0.003647            0.000000   0.360806 f
  table_i/U2975/B (AND2X1)                                      0.004878  0.000000   0.360806 f
  table_i/U2975/Y (AND2X1)                                      0.040568  0.059742   0.420548 f
  table_i/n2837 (net)                           4     0.010472            0.000000   0.420548 f
  table_i/U4622/C (NAND3X1)                                     0.040568  0.000000   0.420548 f
  table_i/U4622/Y (NAND3X1)                                     0.033834  0.035561   0.456109 r
  table_i/n2865 (net)                           1     0.001539            0.000000   0.456109 r
  table_i/U2973/A (BUFX2)                                       0.033834  0.000000   0.456109 r
  table_i/U2973/Y (BUFX2)                                       0.015926  0.039236   0.495345 r
  table_i/n2534 (net)                           2     0.005124            0.000000   0.495345 r
  table_i/U4621/B (NAND3X1)                                     0.015926  0.000000   0.495345 r
  table_i/U4621/Y (NAND3X1)                                     0.015178  0.013641   0.508986 f
  table_i/n2867 (net)                           1     0.001476            0.000000   0.508986 f
  table_i/U4988/A (INVX1)                                       0.015178  0.000000   0.508986 f
  table_i/U4988/Y (INVX1)                                       0.004292  0.020148   0.529135 r
  table_i/n6678 (net)                           3     0.007595            0.000000   0.529135 r
  table_i/U4533/A (AND2X1)                                      0.004292  0.000000   0.529135 r
  table_i/U4533/Y (AND2X1)                                      0.030895  0.028467   0.557602 r
  table_i/n2851 (net)                           1     0.001551            0.000000   0.557602 r
  table_i/U4534/A (INVX1)                                       0.030895  0.000000   0.557602 r
  table_i/U4534/Y (INVX1)                                       0.027631  0.033289   0.590891 f
  table_i/n5012 (net)                           4     0.008006            0.000000   0.590891 f
  table_i/U4619/A (NAND3X1)                                     0.027631  0.000000   0.590891 f
  table_i/U4619/Y (NAND3X1)                                     0.033834  0.039598   0.630489 r
  table_i/n2842 (net)                           1     0.001539            0.000000   0.630489 r
  table_i/U3833/A (BUFX2)                                       0.033834  0.000000   0.630489 r
  table_i/U3833/Y (BUFX2)                                       0.021395  0.042852   0.673340 r
  table_i/n4617 (net)                           3     0.007467            0.000000   0.673340 r
  table_i/U2172/A (AND2X1)                                      0.021395  0.000000   0.673340 r
  table_i/U2172/Y (AND2X1)                                      0.037301  0.032706   0.706046 r
  table_i/n2866 (net)                           1     0.002961            0.000000   0.706046 r
  table_i/U4618/C (NAND3X1)                                     0.037301  0.000000   0.706046 r
  table_i/U4618/Y (NAND3X1)                                     0.015678  0.015314   0.721360 f
  table_i/n2841 (net)                           1     0.001504            0.000000   0.721360 f
  table_i/U4284/A (BUFX2)                                       0.015678  0.000000   0.721360 f
  table_i/U4284/Y (BUFX2)                                       0.009083  0.038625   0.759985 f
  table_i/n4884 (net)                           3     0.006680            0.000000   0.759985 f
  table_i/U4617/A (NAND3X1)                                     0.009083  0.000000   0.759985 f
  table_i/U4617/Y (NAND3X1)                                     0.033980  0.033799   0.793785 r
  table_i/n2844 (net)                           1     0.001539            0.000000   0.793785 r
  table_i/U2561/A (BUFX2)                                       0.033980  0.000000   0.793785 r
  table_i/U2561/Y (BUFX2)                                       0.014658  0.038397   0.832182 r
  table_i/n1671 (net)                           2     0.004572            0.000000   0.832182 r
  table_i/U4987/A (INVX1)                                       0.014658  0.000000   0.832182 r
  table_i/U4987/Y (INVX1)                                       0.013275  0.018291   0.850472 f
  table_i/n6677 (net)                           1     0.002832            0.000000   0.850472 f
  table_i/U4616/C (NAND3X1)                                     0.013275  0.000000   0.850472 f
  table_i/U4616/Y (NAND3X1)                                     0.032996  0.028606   0.879079 r
  table_i/n2861 (net)                           1     0.001539            0.000000   0.879079 r
  table_i/U4055/A (BUFX2)                                       0.032996  0.000000   0.879079 r
  table_i/U4055/Y (BUFX2)                                       0.021587  0.042979   0.922058 r
  table_i/n4747 (net)                           3     0.007593            0.000000   0.922058 r
  table_i/U4903/A (INVX1)                                       0.021587  0.000000   0.922058 r
  table_i/U4903/Y (INVX1)                                       0.023891  0.027775   0.949832 f
  table_i/n6676 (net)                           3     0.006543            0.000000   0.949832 f
  table_i/U4615/A (NAND2X1)                                     0.023891  0.000000   0.949832 f
  table_i/U4615/Y (NAND2X1)                                     0.045310  0.037379   0.987212 r
  table_i/n2862 (net)                           2     0.004417            0.000000   0.987212 r
  table_i/U4614/A (NAND3X1)                                     0.045310  0.000000   0.987212 r
  table_i/U4614/Y (NAND3X1)                                     0.022781  0.026427   1.013638 f
  table_i/n2850 (net)                           2     0.004594            0.000000   1.013638 f
  table_i/U4527/A (AND2X2)                                      0.022781  0.000000   1.013638 f
  table_i/U4527/Y (AND2X2)                                      0.000854  0.035413   1.049052 f
  table_i/n2857 (net)                           1     0.001476            0.000000   1.049052 f
  table_i/U4528/A (INVX1)                                       0.000854  0.000000   1.049052 f
  table_i/U4528/Y (INVX1)                                       0.008648  0.019216   1.068268 r
  table_i/n5010 (net)                           3     0.008868            0.000000   1.068268 r
  table_i/U4612/C (NOR3X1)                                      0.008648  0.000000   1.068268 r
  table_i/U4612/Y (NOR3X1)                                      0.046086  0.033406   1.101674 f
  table_i/n2840 (net)                           3     0.009201            0.000000   1.101674 f
  table_i/U4611/B (NOR3X1)                                      0.046086  0.000000   1.101674 f
  table_i/U4611/Y (NOR3X1)                                      0.080078  0.066831   1.168505 r
  table_i/n2860 (net)                           3     0.008214            0.000000   1.168505 r
  table_i/U4777/A (AND2X1)                                      0.080078  0.000000   1.168505 r
  table_i/U4777/Y (AND2X1)                                      0.061057  0.047437   1.215942 r
  table_i/n2854 (net)                           3     0.007860            0.000000   1.215942 r
  table_i/U4778/A (INVX1)                                       0.061057  0.000000   1.215942 r
  table_i/U4778/Y (INVX1)                                       0.021423  0.038611   1.254553 f
  table_i/n5132 (net)                           3     0.006628            0.000000   1.254553 f
  table_i/U4609/A (NAND3X1)                                     0.021423  0.000000   1.254553 f
  table_i/U4609/Y (NAND3X1)                                     0.045838  0.045568   1.300120 r
  table_i/n2858 (net)                           2     0.004099            0.000000   1.300120 r
  table_i/U4608/A (NAND3X1)                                     0.045838  0.000000   1.300120 r
  table_i/U4608/Y (NAND3X1)                                     0.015564  0.021307   1.321427 f
  table_i/n2859 (net)                           1     0.001476            0.000000   1.321427 f
  table_i/U4990/A (INVX1)                                       0.015564  0.000000   1.321427 f
  table_i/U4990/Y (INVX1)                                       0.000000  0.012691   1.334118 r
  table_i/n6674 (net)                           2     0.005253            0.000000   1.334118 r
  table_i/U4524/A (AND2X1)                                      0.000000  0.000000   1.334118 r
  table_i/U4524/Y (AND2X1)                                      0.042997  0.036392   1.370510 r
  table_i/n2853 (net)                           2     0.004076            0.000000   1.370510 r
  table_i/U4526/A (INVX1)                                       0.042997  0.000000   1.370510 r
  table_i/U4526/Y (INVX1)                                       0.014706  0.028292   1.398801 f
  table_i/n5009 (net)                           2     0.003971            0.000000   1.398801 f
  table_i/U4606/A (NAND3X1)                                     0.014706  0.000000   1.398801 f
  table_i/U4606/Y (NAND3X1)                                     0.042657  0.041370   1.440171 r
  table_i/n2843 (net)                           2     0.003420            0.000000   1.440171 r
  table_i/U617/A (INVX1)                                        0.042657  0.000000   1.440171 r
  table_i/U617/Y (INVX1)                                        0.009724  0.024780   1.464951 f
  table_i/n5 (net)                              1     0.002301            0.000000   1.464951 f
  table_i/U603/A (OR2X2)                                        0.009724  0.000000   1.464951 f
  table_i/U603/Y (OR2X2)                                        0.005037  0.037620   1.502571 f
  table_i/n3 (net)                              1     0.002247            0.000000   1.502571 f
  table_i/U598/B (OR2X1)                                        0.005037  0.000000   1.502571 f
  table_i/U598/Y (OR2X1)                                        0.022653  0.054631   1.557202 f
  table_i/n2 (net)                              2     0.005568            0.000000   1.557202 f
  table_i/U298/B (OR2X2)                                        0.022653  0.000000   1.557202 f
  table_i/U298/Y (OR2X2)                                        0.009932  0.049556   1.606758 f
  table_i/n2856 (net)                           1     0.003226            0.000000   1.606758 f
  table_i/U4604/C (NOR3X1)                                      0.009932  0.000000   1.606758 f
  table_i/U4604/Y (NOR3X1)                                      0.060517  0.031637   1.638395 r
  table_i/n2855 (net)                           2     0.004583            0.000000   1.638395 r
  table_i/U4989/A (AND2X1)                                      0.060517  0.000000   1.638395 r
  table_i/U4989/Y (AND2X1)                                      0.047293  0.038745   1.677140 r
  table_i/n2835 (net)                           2     0.005016            0.000000   1.677140 r
  table_i/U4775/A (AND2X1)                                      0.047293  0.000000   1.677140 r
  table_i/U4775/Y (AND2X1)                                      0.056970  0.045067   1.722207 r
  table_i/n2834 (net)                           3     0.007000            0.000000   1.722207 r
  table_i/U4776/A (INVX1)                                       0.056970  0.000000   1.722207 r
  table_i/U4776/Y (INVX1)                                       0.020284  0.036539   1.758746 f
  table_i/n5131 (net)                           3     0.006155            0.000000   1.758746 f
  table_i/U4592/A (AOI21X1)                                     0.020284  0.000000   1.758746 f
  table_i/U4592/Y (AOI21X1)                                     0.023709  0.036313   1.795059 r
  table_i/n6729 (net)                           1     0.001539            0.000000   1.795059 r
  table_i/U652/A (BUFX2)                                        0.023709  0.000000   1.795059 r
  table_i/U652/Y (BUFX2)                                        0.031670  0.049608   1.844668 r
  table_i/req_ready (net)                       2     0.012343            0.000000   1.844668 r
  table_i/U21/B (AND2X1)                                        0.031670  0.000000   1.844668 r
  table_i/U21/Y (AND2X1)                                        0.115526  0.095814   1.940482 r
  table_i/n1186 (net)                           9     0.019979            0.000000   1.940482 r
  table_i/U683/A (INVX1)                                        0.115526  0.000000   1.940482 r
  table_i/U683/Y (INVX1)                                        0.035280  0.065232   2.005714 f
  table_i/n42 (net)                             6     0.012469            0.000000   2.005714 f
  table_i/U5051/A (INVX1)                                       0.035280  0.000000   2.005714 f
  table_i/U5051/Y (INVX1)                                       0.193541  0.145703   2.151417 r
  table_i/n5387 (net)                          19     0.044200            0.000000   2.151417 r
  table_i/U3421/B (AND2X1)                                      0.193541  0.000000   2.151417 r
  table_i/U3421/Y (AND2X1)                                      0.043843  0.048900   2.200317 r
  table_i/n1493 (net)                           4     0.008561            0.000000   2.200317 r
  table_i/U3423/A (INVX1)                                       0.043843  0.000000   2.200317 r
  table_i/U3423/Y (INVX1)                                       0.011760  0.026548   2.226865 f
  table_i/n2661 (net)                           2     0.003008            0.000000   2.226865 f
  table_i/U4885/A (BUFX2)                                       0.011760  0.000000   2.226865 f
  table_i/U4885/Y (BUFX2)                                       0.018110  0.045102   2.271967 f
  table_i/n5222 (net)                           7     0.013674            0.000000   2.271967 f
  table_i/U2331/A (AND2X1)                                      0.018110  0.000000   2.271967 f
  table_i/U2331/Y (AND2X1)                                      0.091825  0.093306   2.365273 f
  table_i/n5838 (net)                          17     0.030971            0.000000   2.365273 f
  table_i/U2332/A (INVX1)                                       0.091825  0.000000   2.365273 f
  table_i/U2332/Y (INVX1)                                       0.013093  0.045380   2.410653 r
  table_i/n1480 (net)                           4     0.007018            0.000000   2.410653 r
  table_i/U4819/A (INVX1)                                       0.013093  0.000000   2.410653 r
  table_i/U4819/Y (INVX1)                                       0.244785  0.176685   2.587338 f
  table_i/n5414 (net)                          33     0.080246            0.000000   2.587338 f
  table_i/U26/B (AND2X2)                                        0.244785  0.000000   2.587338 f
  table_i/U26/Y (AND2X2)                                        0.099732  0.160347   2.747685 f
  table_i/n597 (net)                           33     0.061014            0.000000   2.747685 f
  table_i/U1737/A (NAND3X1)                                     0.099732  0.000000   2.747685 f
  table_i/U1737/Y (NAND3X1)                                     0.034620  0.063654   2.811339 r
  table_i/n972 (net)                            1     0.002027            0.000000   2.811339 r
  table_i/U1736/B (NAND2X1)                                     0.034620  0.000000   2.811339 r
  table_i/U1736/Y (NAND2X1)                                     0.017944  0.019093   2.830432 f
  table_i/n3388 (net)                           1     0.001290            0.000000   2.830432 f
  table_i/done_reg_8_/D (DFFPOSX1)                              0.017944  0.000000   2.830432 f
  data arrival time                                                                  2.830432

  clock core_clk (rise edge)                                              3.000000   3.000000
  clock network delay (ideal)                                             0.000000   3.000000
  clock uncertainty                                                       -0.100000  2.900000
  table_i/done_reg_8_/CLK (DFFPOSX1)                                      0.000000   2.900000 r
  library setup time                                                      -0.058426  2.841574
  data required time                                                                 2.841574
  ----------------------------------------------------------------------------------------------
  data required time                                                                 2.841574
  data arrival time                                                                  -2.830432
  ----------------------------------------------------------------------------------------------
  slack (MET)                                                                        0.011142


  Startpoint: table_i/occupied_reg_0_
              (rising edge-triggered flip-flop clocked by core_clk)
  Endpoint: table_i/done_reg_9_
            (rising edge-triggered flip-flop clocked by core_clk)
  Path Group: core_clk
  Path Type: max

  Point                                       Fanout       Cap     Trans      Incr       Path
  ----------------------------------------------------------------------------------------------
  clock core_clk (rise edge)                                              0.000000   0.000000
  clock network delay (ideal)                                             0.000000   0.000000
  table_i/occupied_reg_0_/CLK (DFFPOSX1)                        0.000000  0.000000 # 0.000000 r
  table_i/occupied_reg_0_/Q (DFFPOSX1)                          0.076301  0.145385   0.145385 f
  table_i/occupied[0] (net)                    18     0.044865            0.000000   0.145385 f
  table_i/U5286/A (INVX1)                                       0.076301  0.000000   0.145385 f
  table_i/U5286/Y (INVX1)                                       0.001408  0.033918   0.179304 r
  table_i/n6679 (net)                           2     0.005166            0.000000   0.179304 r
  table_i/U4785/B (OR2X1)                                       0.001408  0.000000   0.179304 r
  table_i/U4785/Y (OR2X1)                                       0.018783  0.046779   0.226083 r
  table_i/n2863 (net)                           1     0.001551            0.000000   0.226083 r
  table_i/U4786/A (INVX1)                                       0.018783  0.000000   0.226083 r
  table_i/U4786/Y (INVX1)                                       0.039568  0.037635   0.263718 f
  table_i/n5136 (net)                           5     0.011720            0.000000   0.263718 f
  table_i/U4506/A (AND2X1)                                      0.039568  0.000000   0.263718 f
  table_i/U4506/Y (AND2X1)                                      0.015151  0.035072   0.298790 f
  table_i/n2868 (net)                           1     0.001476            0.000000   0.298790 f
  table_i/U4508/A (INVX1)                                       0.015151  0.000000   0.298790 f
  table_i/U4508/Y (INVX1)                                       0.000000  0.011204   0.309994 r
  table_i/n5003 (net)                           2     0.004839            0.000000   0.309994 r
  table_i/U4623/A (NAND3X1)                                     0.000000  0.000000   0.309994 r
  table_i/U4623/Y (NAND3X1)                                     0.015678  0.015351   0.325344 f
  table_i/n2852 (net)                           1     0.001504            0.000000   0.325344 f
  table_i/U3826/A (BUFX2)                                       0.015678  0.000000   0.325344 f
  table_i/U3826/Y (BUFX2)                                       0.004878  0.035462   0.360806 f
  table_i/n4614 (net)                           2     0.003647            0.000000   0.360806 f
  table_i/U2975/B (AND2X1)                                      0.004878  0.000000   0.360806 f
  table_i/U2975/Y (AND2X1)                                      0.040568  0.059742   0.420548 f
  table_i/n2837 (net)                           4     0.010472            0.000000   0.420548 f
  table_i/U4622/C (NAND3X1)                                     0.040568  0.000000   0.420548 f
  table_i/U4622/Y (NAND3X1)                                     0.033834  0.035561   0.456109 r
  table_i/n2865 (net)                           1     0.001539            0.000000   0.456109 r
  table_i/U2973/A (BUFX2)                                       0.033834  0.000000   0.456109 r
  table_i/U2973/Y (BUFX2)                                       0.015926  0.039236   0.495345 r
  table_i/n2534 (net)                           2     0.005124            0.000000   0.495345 r
  table_i/U4621/B (NAND3X1)                                     0.015926  0.000000   0.495345 r
  table_i/U4621/Y (NAND3X1)                                     0.015178  0.013641   0.508986 f
  table_i/n2867 (net)                           1     0.001476            0.000000   0.508986 f
  table_i/U4988/A (INVX1)                                       0.015178  0.000000   0.508986 f
  table_i/U4988/Y (INVX1)                                       0.004292  0.020148   0.529135 r
  table_i/n6678 (net)                           3     0.007595            0.000000   0.529135 r
  table_i/U4533/A (AND2X1)                                      0.004292  0.000000   0.529135 r
  table_i/U4533/Y (AND2X1)                                      0.030895  0.028467   0.557602 r
  table_i/n2851 (net)                           1     0.001551            0.000000   0.557602 r
  table_i/U4534/A (INVX1)                                       0.030895  0.000000   0.557602 r
  table_i/U4534/Y (INVX1)                                       0.027631  0.033289   0.590891 f
  table_i/n5012 (net)                           4     0.008006            0.000000   0.590891 f
  table_i/U4619/A (NAND3X1)                                     0.027631  0.000000   0.590891 f
  table_i/U4619/Y (NAND3X1)                                     0.033834  0.039598   0.630489 r
  table_i/n2842 (net)                           1     0.001539            0.000000   0.630489 r
  table_i/U3833/A (BUFX2)                                       0.033834  0.000000   0.630489 r
  table_i/U3833/Y (BUFX2)                                       0.021395  0.042852   0.673340 r
  table_i/n4617 (net)                           3     0.007467            0.000000   0.673340 r
  table_i/U2172/A (AND2X1)                                      0.021395  0.000000   0.673340 r
  table_i/U2172/Y (AND2X1)                                      0.037301  0.032706   0.706046 r
  table_i/n2866 (net)                           1     0.002961            0.000000   0.706046 r
  table_i/U4618/C (NAND3X1)                                     0.037301  0.000000   0.706046 r
  table_i/U4618/Y (NAND3X1)                                     0.015678  0.015314   0.721360 f
  table_i/n2841 (net)                           1     0.001504            0.000000   0.721360 f
  table_i/U4284/A (BUFX2)                                       0.015678  0.000000   0.721360 f
  table_i/U4284/Y (BUFX2)                                       0.009083  0.038625   0.759985 f
  table_i/n4884 (net)                           3     0.006680            0.000000   0.759985 f
  table_i/U4617/A (NAND3X1)                                     0.009083  0.000000   0.759985 f
  table_i/U4617/Y (NAND3X1)                                     0.033980  0.033799   0.793785 r
  table_i/n2844 (net)                           1     0.001539            0.000000   0.793785 r
  table_i/U2561/A (BUFX2)                                       0.033980  0.000000   0.793785 r
  table_i/U2561/Y (BUFX2)                                       0.014658  0.038397   0.832182 r
  table_i/n1671 (net)                           2     0.004572            0.000000   0.832182 r
  table_i/U4987/A (INVX1)                                       0.014658  0.000000   0.832182 r
  table_i/U4987/Y (INVX1)                                       0.013275  0.018291   0.850472 f
  table_i/n6677 (net)                           1     0.002832            0.000000   0.850472 f
  table_i/U4616/C (NAND3X1)                                     0.013275  0.000000   0.850472 f
  table_i/U4616/Y (NAND3X1)                                     0.032996  0.028606   0.879079 r
  table_i/n2861 (net)                           1     0.001539            0.000000   0.879079 r
  table_i/U4055/A (BUFX2)                                       0.032996  0.000000   0.879079 r
  table_i/U4055/Y (BUFX2)                                       0.021587  0.042979   0.922058 r
  table_i/n4747 (net)                           3     0.007593            0.000000   0.922058 r
  table_i/U4903/A (INVX1)                                       0.021587  0.000000   0.922058 r
  table_i/U4903/Y (INVX1)                                       0.023891  0.027775   0.949832 f
  table_i/n6676 (net)                           3     0.006543            0.000000   0.949832 f
  table_i/U4615/A (NAND2X1)                                     0.023891  0.000000   0.949832 f
  table_i/U4615/Y (NAND2X1)                                     0.045310  0.037379   0.987212 r
  table_i/n2862 (net)                           2     0.004417            0.000000   0.987212 r
  table_i/U4614/A (NAND3X1)                                     0.045310  0.000000   0.987212 r
  table_i/U4614/Y (NAND3X1)                                     0.022781  0.026427   1.013638 f
  table_i/n2850 (net)                           2     0.004594            0.000000   1.013638 f
  table_i/U4527/A (AND2X2)                                      0.022781  0.000000   1.013638 f
  table_i/U4527/Y (AND2X2)                                      0.000854  0.035413   1.049052 f
  table_i/n2857 (net)                           1     0.001476            0.000000   1.049052 f
  table_i/U4528/A (INVX1)                                       0.000854  0.000000   1.049052 f
  table_i/U4528/Y (INVX1)                                       0.008648  0.019216   1.068268 r
  table_i/n5010 (net)                           3     0.008868            0.000000   1.068268 r
  table_i/U4612/C (NOR3X1)                                      0.008648  0.000000   1.068268 r
  table_i/U4612/Y (NOR3X1)                                      0.046086  0.033406   1.101674 f
  table_i/n2840 (net)                           3     0.009201            0.000000   1.101674 f
  table_i/U4611/B (NOR3X1)                                      0.046086  0.000000   1.101674 f
  table_i/U4611/Y (NOR3X1)                                      0.080078  0.066831   1.168505 r
  table_i/n2860 (net)                           3     0.008214            0.000000   1.168505 r
  table_i/U4777/A (AND2X1)                                      0.080078  0.000000   1.168505 r
  table_i/U4777/Y (AND2X1)                                      0.061057  0.047437   1.215942 r
  table_i/n2854 (net)                           3     0.007860            0.000000   1.215942 r
  table_i/U4778/A (INVX1)                                       0.061057  0.000000   1.215942 r
  table_i/U4778/Y (INVX1)                                       0.021423  0.038611   1.254553 f
  table_i/n5132 (net)                           3     0.006628            0.000000   1.254553 f
  table_i/U4609/A (NAND3X1)                                     0.021423  0.000000   1.254553 f
  table_i/U4609/Y (NAND3X1)                                     0.045838  0.045568   1.300120 r
  table_i/n2858 (net)                           2     0.004099            0.000000   1.300120 r
  table_i/U4608/A (NAND3X1)                                     0.045838  0.000000   1.300120 r
  table_i/U4608/Y (NAND3X1)                                     0.015564  0.021307   1.321427 f
  table_i/n2859 (net)                           1     0.001476            0.000000   1.321427 f
  table_i/U4990/A (INVX1)                                       0.015564  0.000000   1.321427 f
  table_i/U4990/Y (INVX1)                                       0.000000  0.012691   1.334118 r
  table_i/n6674 (net)                           2     0.005253            0.000000   1.334118 r
  table_i/U4524/A (AND2X1)                                      0.000000  0.000000   1.334118 r
  table_i/U4524/Y (AND2X1)                                      0.042997  0.036392   1.370510 r
  table_i/n2853 (net)                           2     0.004076            0.000000   1.370510 r
  table_i/U4526/A (INVX1)                                       0.042997  0.000000   1.370510 r
  table_i/U4526/Y (INVX1)                                       0.014706  0.028292   1.398801 f
  table_i/n5009 (net)                           2     0.003971            0.000000   1.398801 f
  table_i/U4606/A (NAND3X1)                                     0.014706  0.000000   1.398801 f
  table_i/U4606/Y (NAND3X1)                                     0.042657  0.041370   1.440171 r
  table_i/n2843 (net)                           2     0.003420            0.000000   1.440171 r
  table_i/U617/A (INVX1)                                        0.042657  0.000000   1.440171 r
  table_i/U617/Y (INVX1)                                        0.009724  0.024780   1.464951 f
  table_i/n5 (net)                              1     0.002301            0.000000   1.464951 f
  table_i/U603/A (OR2X2)                                        0.009724  0.000000   1.464951 f
  table_i/U603/Y (OR2X2)                                        0.005037  0.037620   1.502571 f
  table_i/n3 (net)                              1     0.002247            0.000000   1.502571 f
  table_i/U598/B (OR2X1)                                        0.005037  0.000000   1.502571 f
  table_i/U598/Y (OR2X1)                                        0.022653  0.054631   1.557202 f
  table_i/n2 (net)                              2     0.005568            0.000000   1.557202 f
  table_i/U298/B (OR2X2)                                        0.022653  0.000000   1.557202 f
  table_i/U298/Y (OR2X2)                                        0.009932  0.049556   1.606758 f
  table_i/n2856 (net)                           1     0.003226            0.000000   1.606758 f
  table_i/U4604/C (NOR3X1)                                      0.009932  0.000000   1.606758 f
  table_i/U4604/Y (NOR3X1)                                      0.060517  0.031637   1.638395 r
  table_i/n2855 (net)                           2     0.004583            0.000000   1.638395 r
  table_i/U4989/A (AND2X1)                                      0.060517  0.000000   1.638395 r
  table_i/U4989/Y (AND2X1)                                      0.047293  0.038745   1.677140 r
  table_i/n2835 (net)                           2     0.005016            0.000000   1.677140 r
  table_i/U4775/A (AND2X1)                                      0.047293  0.000000   1.677140 r
  table_i/U4775/Y (AND2X1)                                      0.056970  0.045067   1.722207 r
  table_i/n2834 (net)                           3     0.007000            0.000000   1.722207 r
  table_i/U4776/A (INVX1)                                       0.056970  0.000000   1.722207 r
  table_i/U4776/Y (INVX1)                                       0.020284  0.036539   1.758746 f
  table_i/n5131 (net)                           3     0.006155            0.000000   1.758746 f
  table_i/U4592/A (AOI21X1)                                     0.020284  0.000000   1.758746 f
  table_i/U4592/Y (AOI21X1)                                     0.023709  0.036313   1.795059 r
  table_i/n6729 (net)                           1     0.001539            0.000000   1.795059 r
  table_i/U652/A (BUFX2)                                        0.023709  0.000000   1.795059 r
  table_i/U652/Y (BUFX2)                                        0.031670  0.049608   1.844668 r
  table_i/req_ready (net)                       2     0.012343            0.000000   1.844668 r
  table_i/U21/B (AND2X1)                                        0.031670  0.000000   1.844668 r
  table_i/U21/Y (AND2X1)                                        0.115526  0.095814   1.940482 r
  table_i/n1186 (net)                           9     0.019979            0.000000   1.940482 r
  table_i/U683/A (INVX1)                                        0.115526  0.000000   1.940482 r
  table_i/U683/Y (INVX1)                                        0.035280  0.065232   2.005714 f
  table_i/n42 (net)                             6     0.012469            0.000000   2.005714 f
  table_i/U5051/A (INVX1)                                       0.035280  0.000000   2.005714 f
  table_i/U5051/Y (INVX1)                                       0.193541  0.145703   2.151417 r
  table_i/n5387 (net)                          19     0.044200            0.000000   2.151417 r
  table_i/U3823/B (AND2X1)                                      0.193541  0.000000   2.151417 r
  table_i/U3823/Y (AND2X1)                                      0.033254  0.041885   2.193302 r
  table_i/n1537 (net)                           3     0.006319            0.000000   2.193302 r
  table_i/U3824/A (INVX1)                                       0.033254  0.000000   2.193302 r
  table_i/U3824/Y (INVX1)                                       0.012502  0.023684   2.216986 f
  table_i/n4613 (net)                           2     0.003008            0.000000   2.216986 f
  table_i/U4884/A (BUFX2)                                       0.012502  0.000000   2.216986 f
  table_i/U4884/Y (BUFX2)                                       0.018237  0.045256   2.262242 f
  table_i/n5225 (net)                           7     0.013674            0.000000   2.262242 f
  table_i/U4756/A (AND2X1)                                      0.018237  0.000000   2.262242 f
  table_i/U4756/Y (AND2X1)                                      0.073302  0.081780   2.344023 f
  table_i/n6107 (net)                          14     0.025446            0.000000   2.344023 f
  table_i/U4757/A (INVX1)                                       0.073302  0.000000   2.344023 f
  table_i/U4757/Y (INVX1)                                       0.022144  0.046459   2.390482 r
  table_i/n5121 (net)                           5     0.009383            0.000000   2.390482 r
  table_i/U4810/A (INVX1)                                       0.022144  0.000000   2.390482 r
  table_i/U4810/Y (INVX1)                                       0.248037  0.181583   2.572064 f
  table_i/n5409 (net)                          28     0.081481            0.000000   2.572064 f
  table_i/U24/B (AND2X2)                                        0.248037  0.000000   2.572064 f
  table_i/U24/Y (AND2X2)                                        0.099466  0.160591   2.732655 f
  table_i/n562 (net)                           33     0.060661            0.000000   2.732655 f
  table_i/U1733/A (NAND3X1)                                     0.099466  0.000000   2.732655 f
  table_i/U1733/Y (NAND3X1)                                     0.034618  0.063571   2.796227 r
  table_i/n967 (net)                            1     0.002027            0.000000   2.796227 r
  table_i/U1732/B (NAND2X1)                                     0.034618  0.000000   2.796227 r
  table_i/U1732/Y (NAND2X1)                                     0.017944  0.019092   2.815319 f
  table_i/n3387 (net)                           1     0.001290            0.000000   2.815319 f
  table_i/done_reg_9_/D (DFFPOSX1)                              0.017944  0.000000   2.815319 f
  data arrival time                                                                  2.815319

  clock core_clk (rise edge)                                              3.000000   3.000000
  clock network delay (ideal)                                             0.000000   3.000000
  clock uncertainty                                                       -0.100000  2.900000
  table_i/done_reg_9_/CLK (DFFPOSX1)                                      0.000000   2.900000 r
  library setup time                                                      -0.058426  2.841574
  data required time                                                                 2.841574
  ----------------------------------------------------------------------------------------------
  data required time                                                                 2.841574
  data arrival time                                                                  -2.815319
  ----------------------------------------------------------------------------------------------
  slack (MET)                                                                        0.026256


  Startpoint: table_i/occupied_reg_0_
              (rising edge-triggered flip-flop clocked by core_clk)
  Endpoint: table_i/done_reg_3_
            (rising edge-triggered flip-flop clocked by core_clk)
  Path Group: core_clk
  Path Type: max

  Point                                       Fanout       Cap     Trans      Incr       Path
  ----------------------------------------------------------------------------------------------
  clock core_clk (rise edge)                                              0.000000   0.000000
  clock network delay (ideal)                                             0.000000   0.000000
  table_i/occupied_reg_0_/CLK (DFFPOSX1)                        0.000000  0.000000 # 0.000000 r
  table_i/occupied_reg_0_/Q (DFFPOSX1)                          0.076301  0.145385   0.145385 f
  table_i/occupied[0] (net)                    18     0.044865            0.000000   0.145385 f
  table_i/U5286/A (INVX1)                                       0.076301  0.000000   0.145385 f
  table_i/U5286/Y (INVX1)                                       0.001408  0.033918   0.179304 r
  table_i/n6679 (net)                           2     0.005166            0.000000   0.179304 r
  table_i/U4785/B (OR2X1)                                       0.001408  0.000000   0.179304 r
  table_i/U4785/Y (OR2X1)                                       0.018783  0.046779   0.226083 r
  table_i/n2863 (net)                           1     0.001551            0.000000   0.226083 r
  table_i/U4786/A (INVX1)                                       0.018783  0.000000   0.226083 r
  table_i/U4786/Y (INVX1)                                       0.039568  0.037635   0.263718 f
  table_i/n5136 (net)                           5     0.011720            0.000000   0.263718 f
  table_i/U4506/A (AND2X1)                                      0.039568  0.000000   0.263718 f
  table_i/U4506/Y (AND2X1)                                      0.015151  0.035072   0.298790 f
  table_i/n2868 (net)                           1     0.001476            0.000000   0.298790 f
  table_i/U4508/A (INVX1)                                       0.015151  0.000000   0.298790 f
  table_i/U4508/Y (INVX1)                                       0.000000  0.011204   0.309994 r
  table_i/n5003 (net)                           2     0.004839            0.000000   0.309994 r
  table_i/U4623/A (NAND3X1)                                     0.000000  0.000000   0.309994 r
  table_i/U4623/Y (NAND3X1)                                     0.015678  0.015351   0.325344 f
  table_i/n2852 (net)                           1     0.001504            0.000000   0.325344 f
  table_i/U3826/A (BUFX2)                                       0.015678  0.000000   0.325344 f
  table_i/U3826/Y (BUFX2)                                       0.004878  0.035462   0.360806 f
  table_i/n4614 (net)                           2     0.003647            0.000000   0.360806 f
  table_i/U2975/B (AND2X1)                                      0.004878  0.000000   0.360806 f
  table_i/U2975/Y (AND2X1)                                      0.040568  0.059742   0.420548 f
  table_i/n2837 (net)                           4     0.010472            0.000000   0.420548 f
  table_i/U4622/C (NAND3X1)                                     0.040568  0.000000   0.420548 f
  table_i/U4622/Y (NAND3X1)                                     0.033834  0.035561   0.456109 r
  table_i/n2865 (net)                           1     0.001539            0.000000   0.456109 r
  table_i/U2973/A (BUFX2)                                       0.033834  0.000000   0.456109 r
  table_i/U2973/Y (BUFX2)                                       0.015926  0.039236   0.495345 r
  table_i/n2534 (net)                           2     0.005124            0.000000   0.495345 r
  table_i/U4621/B (NAND3X1)                                     0.015926  0.000000   0.495345 r
  table_i/U4621/Y (NAND3X1)                                     0.015178  0.013641   0.508986 f
  table_i/n2867 (net)                           1     0.001476            0.000000   0.508986 f
  table_i/U4988/A (INVX1)                                       0.015178  0.000000   0.508986 f
  table_i/U4988/Y (INVX1)                                       0.004292  0.020148   0.529135 r
  table_i/n6678 (net)                           3     0.007595            0.000000   0.529135 r
  table_i/U4533/A (AND2X1)                                      0.004292  0.000000   0.529135 r
  table_i/U4533/Y (AND2X1)                                      0.030895  0.028467   0.557602 r
  table_i/n2851 (net)                           1     0.001551            0.000000   0.557602 r
  table_i/U4534/A (INVX1)                                       0.030895  0.000000   0.557602 r
  table_i/U4534/Y (INVX1)                                       0.027631  0.033289   0.590891 f
  table_i/n5012 (net)                           4     0.008006            0.000000   0.590891 f
  table_i/U4619/A (NAND3X1)                                     0.027631  0.000000   0.590891 f
  table_i/U4619/Y (NAND3X1)                                     0.033834  0.039598   0.630489 r
  table_i/n2842 (net)                           1     0.001539            0.000000   0.630489 r
  table_i/U3833/A (BUFX2)                                       0.033834  0.000000   0.630489 r
  table_i/U3833/Y (BUFX2)                                       0.021395  0.042852   0.673340 r
  table_i/n4617 (net)                           3     0.007467            0.000000   0.673340 r
  table_i/U2172/A (AND2X1)                                      0.021395  0.000000   0.673340 r
  table_i/U2172/Y (AND2X1)                                      0.037301  0.032706   0.706046 r
  table_i/n2866 (net)                           1     0.002961            0.000000   0.706046 r
  table_i/U4618/C (NAND3X1)                                     0.037301  0.000000   0.706046 r
  table_i/U4618/Y (NAND3X1)                                     0.015678  0.015314   0.721360 f
  table_i/n2841 (net)                           1     0.001504            0.000000   0.721360 f
  table_i/U4284/A (BUFX2)                                       0.015678  0.000000   0.721360 f
  table_i/U4284/Y (BUFX2)                                       0.009083  0.038625   0.759985 f
  table_i/n4884 (net)                           3     0.006680            0.000000   0.759985 f
  table_i/U4617/A (NAND3X1)                                     0.009083  0.000000   0.759985 f
  table_i/U4617/Y (NAND3X1)                                     0.033980  0.033799   0.793785 r
  table_i/n2844 (net)                           1     0.001539            0.000000   0.793785 r
  table_i/U2561/A (BUFX2)                                       0.033980  0.000000   0.793785 r
  table_i/U2561/Y (BUFX2)                                       0.014658  0.038397   0.832182 r
  table_i/n1671 (net)                           2     0.004572            0.000000   0.832182 r
  table_i/U4987/A (INVX1)                                       0.014658  0.000000   0.832182 r
  table_i/U4987/Y (INVX1)                                       0.013275  0.018291   0.850472 f
  table_i/n6677 (net)                           1     0.002832            0.000000   0.850472 f
  table_i/U4616/C (NAND3X1)                                     0.013275  0.000000   0.850472 f
  table_i/U4616/Y (NAND3X1)                                     0.032996  0.028606   0.879079 r
  table_i/n2861 (net)                           1     0.001539            0.000000   0.879079 r
  table_i/U4055/A (BUFX2)                                       0.032996  0.000000   0.879079 r
  table_i/U4055/Y (BUFX2)                                       0.021587  0.042979   0.922058 r
  table_i/n4747 (net)                           3     0.007593            0.000000   0.922058 r
  table_i/U4903/A (INVX1)                                       0.021587  0.000000   0.922058 r
  table_i/U4903/Y (INVX1)                                       0.023891  0.027775   0.949832 f
  table_i/n6676 (net)                           3     0.006543            0.000000   0.949832 f
  table_i/U4615/A (NAND2X1)                                     0.023891  0.000000   0.949832 f
  table_i/U4615/Y (NAND2X1)                                     0.045310  0.037379   0.987212 r
  table_i/n2862 (net)                           2     0.004417            0.000000   0.987212 r
  table_i/U4614/A (NAND3X1)                                     0.045310  0.000000   0.987212 r
  table_i/U4614/Y (NAND3X1)                                     0.022781  0.026427   1.013638 f
  table_i/n2850 (net)                           2     0.004594            0.000000   1.013638 f
  table_i/U4527/A (AND2X2)                                      0.022781  0.000000   1.013638 f
  table_i/U4527/Y (AND2X2)                                      0.000854  0.035413   1.049052 f
  table_i/n2857 (net)                           1     0.001476            0.000000   1.049052 f
  table_i/U4528/A (INVX1)                                       0.000854  0.000000   1.049052 f
  table_i/U4528/Y (INVX1)                                       0.008648  0.019216   1.068268 r
  table_i/n5010 (net)                           3     0.008868            0.000000   1.068268 r
  table_i/U4612/C (NOR3X1)                                      0.008648  0.000000   1.068268 r
  table_i/U4612/Y (NOR3X1)                                      0.046086  0.033406   1.101674 f
  table_i/n2840 (net)                           3     0.009201            0.000000   1.101674 f
  table_i/U4611/B (NOR3X1)                                      0.046086  0.000000   1.101674 f
  table_i/U4611/Y (NOR3X1)                                      0.080078  0.066831   1.168505 r
  table_i/n2860 (net)                           3     0.008214            0.000000   1.168505 r
  table_i/U4777/A (AND2X1)                                      0.080078  0.000000   1.168505 r
  table_i/U4777/Y (AND2X1)                                      0.061057  0.047437   1.215942 r
  table_i/n2854 (net)                           3     0.007860            0.000000   1.215942 r
  table_i/U4778/A (INVX1)                                       0.061057  0.000000   1.215942 r
  table_i/U4778/Y (INVX1)                                       0.021423  0.038611   1.254553 f
  table_i/n5132 (net)                           3     0.006628            0.000000   1.254553 f
  table_i/U4609/A (NAND3X1)                                     0.021423  0.000000   1.254553 f
  table_i/U4609/Y (NAND3X1)                                     0.045838  0.045568   1.300120 r
  table_i/n2858 (net)                           2     0.004099            0.000000   1.300120 r
  table_i/U4608/A (NAND3X1)                                     0.045838  0.000000   1.300120 r
  table_i/U4608/Y (NAND3X1)                                     0.015564  0.021307   1.321427 f
  table_i/n2859 (net)                           1     0.001476            0.000000   1.321427 f
  table_i/U4990/A (INVX1)                                       0.015564  0.000000   1.321427 f
  table_i/U4990/Y (INVX1)                                       0.000000  0.012691   1.334118 r
  table_i/n6674 (net)                           2     0.005253            0.000000   1.334118 r
  table_i/U4524/A (AND2X1)                                      0.000000  0.000000   1.334118 r
  table_i/U4524/Y (AND2X1)                                      0.042997  0.036392   1.370510 r
  table_i/n2853 (net)                           2     0.004076            0.000000   1.370510 r
  table_i/U4526/A (INVX1)                                       0.042997  0.000000   1.370510 r
  table_i/U4526/Y (INVX1)                                       0.014706  0.028292   1.398801 f
  table_i/n5009 (net)                           2     0.003971            0.000000   1.398801 f
  table_i/U4606/A (NAND3X1)                                     0.014706  0.000000   1.398801 f
  table_i/U4606/Y (NAND3X1)                                     0.042657  0.041370   1.440171 r
  table_i/n2843 (net)                           2     0.003420            0.000000   1.440171 r
  table_i/U617/A (INVX1)                                        0.042657  0.000000   1.440171 r
  table_i/U617/Y (INVX1)                                        0.009724  0.024780   1.464951 f
  table_i/n5 (net)                              1     0.002301            0.000000   1.464951 f
  table_i/U603/A (OR2X2)                                        0.009724  0.000000   1.464951 f
  table_i/U603/Y (OR2X2)                                        0.005037  0.037620   1.502571 f
  table_i/n3 (net)                              1     0.002247            0.000000   1.502571 f
  table_i/U598/B (OR2X1)                                        0.005037  0.000000   1.502571 f
  table_i/U598/Y (OR2X1)                                        0.022653  0.054631   1.557202 f
  table_i/n2 (net)                              2     0.005568            0.000000   1.557202 f
  table_i/U298/B (OR2X2)                                        0.022653  0.000000   1.557202 f
  table_i/U298/Y (OR2X2)                                        0.009932  0.049556   1.606758 f
  table_i/n2856 (net)                           1     0.003226            0.000000   1.606758 f
  table_i/U4604/C (NOR3X1)                                      0.009932  0.000000   1.606758 f
  table_i/U4604/Y (NOR3X1)                                      0.060517  0.031637   1.638395 r
  table_i/n2855 (net)                           2     0.004583            0.000000   1.638395 r
  table_i/U4989/A (AND2X1)                                      0.060517  0.000000   1.638395 r
  table_i/U4989/Y (AND2X1)                                      0.047293  0.038745   1.677140 r
  table_i/n2835 (net)                           2     0.005016            0.000000   1.677140 r
  table_i/U4775/A (AND2X1)                                      0.047293  0.000000   1.677140 r
  table_i/U4775/Y (AND2X1)                                      0.056970  0.045067   1.722207 r
  table_i/n2834 (net)                           3     0.007000            0.000000   1.722207 r
  table_i/U4776/A (INVX1)                                       0.056970  0.000000   1.722207 r
  table_i/U4776/Y (INVX1)                                       0.020284  0.036539   1.758746 f
  table_i/n5131 (net)                           3     0.006155            0.000000   1.758746 f
  table_i/U294/A (AND2X2)                                       0.020284  0.000000   1.758746 f
  table_i/U294/Y (AND2X2)                                       0.000000  0.035572   1.794318 f
  table_i/n2836 (net)                           1     0.002209            0.000000   1.794318 f
  table_i/U4594/A (NAND3X1)                                     0.000000  0.000000   1.794318 f
  table_i/U4594/Y (NAND3X1)                                     0.032964  0.030960   1.825279 r
  table_i/n1412 (net)                           1     0.001539            0.000000   1.825279 r
  table_i/U3435/A (BUFX2)                                       0.032964  0.000000   1.825279 r
  table_i/U3435/Y (BUFX2)                                       0.044496  0.058116   1.883394 r
  table_i/n2664 (net)                           7     0.017397            0.000000   1.883394 r
  table_i/U4993/A (INVX1)                                       0.044496  0.000000   1.883394 r
  table_i/U4993/Y (INVX1)                                       0.048486  0.051845   1.935240 f
  table_i/n6673 (net)                           6     0.015276            0.000000   1.935240 f
  table_i/U4068/B (OR2X1)                                       0.048486  0.000000   1.935240 f
  table_i/U4068/Y (OR2X1)                                       0.008375  0.051184   1.986423 f
  table_i/n1317 (net)                           1     0.001476            0.000000   1.986423 f
  table_i/U4069/A (INVX1)                                       0.008375  0.000000   1.986423 f
  table_i/U4069/Y (INVX1)                                       0.067710  0.058513   2.044936 r
  table_i/n4755 (net)                           8     0.020166            0.000000   2.044936 r
  table_i/U37/A (AND2X1)                                        0.067710  0.000000   2.044936 r
  table_i/U37/Y (AND2X1)                                        0.054307  0.043855   2.088791 r
  table_i/n5896 (net)                           3     0.006675            0.000000   2.088791 r
  table_i/U2557/A (AND2X1)                                      0.054307  0.000000   2.088791 r
  table_i/U2557/Y (AND2X1)                                      0.307190  0.216948   2.305739 r
  table_i/n1310 (net)                          21     0.062085            0.000000   2.305739 r
  table_i/U2559/A (INVX1)                                       0.307190  0.000000   2.305739 r
  table_i/U2559/Y (INVX1)                                       0.027187  0.096388   2.402128 f
  table_i/n1670 (net)                           2     0.003008            0.000000   2.402128 f
  table_i/U4886/A (BUFX2)                                       0.027187  0.000000   2.402128 f
  table_i/U4886/Y (BUFX2)                                       0.021300  0.048751   2.450878 f
  table_i/n5215 (net)                           6     0.014086            0.000000   2.450878 f
  table_i/U4546/A (AND2X1)                                      0.021300  0.000000   2.450878 f
  table_i/U4546/Y (AND2X1)                                      0.019554  0.039998   2.490876 f
  table_i/n6025 (net)                           3     0.005220            0.000000   2.490876 f
  table_i/U4849/A (INVX1)                                       0.019554  0.000000   2.490876 f
  table_i/U4849/Y (INVX1)                                       0.071569  0.063928   2.554804 r
  table_i/n5441 (net)                          10     0.020629            0.000000   2.554804 r
  table_i/U4806/A (INVX1)                                       0.071569  0.000000   2.554804 r
  table_i/U4806/Y (INVX1)                                       0.141706  0.123783   2.678587 f
  table_i/n5439 (net)                          22     0.046900            0.000000   2.678587 f
  table_i/U4509/B (AND2X1)                                      0.141706  0.000000   2.678587 f
  table_i/U4509/Y (AND2X1)                                      0.018434  0.066180   2.744767 f
  table_i/n2781 (net)                           3     0.005365            0.000000   2.744767 f
  table_i/U1754/B (NAND2X1)                                     0.018434  0.000000   2.744767 f
  table_i/U1754/Y (NAND2X1)                                     0.033489  0.014601   2.759368 r
  table_i/n986 (net)                            1     0.002027            0.000000   2.759368 r
  table_i/U1753/B (NAND2X1)                                     0.033489  0.000000   2.759368 r
  table_i/U1753/Y (NAND2X1)                                     0.018062  0.018845   2.778213 f
  table_i/n3393 (net)                           1     0.001290            0.000000   2.778213 f
  table_i/done_reg_3_/D (DFFPOSX1)                              0.018062  0.000000   2.778213 f
  data arrival time                                                                  2.778213

  clock core_clk (rise edge)                                              3.000000   3.000000
  clock network delay (ideal)                                             0.000000   3.000000
  clock uncertainty                                                       -0.100000  2.900000
  table_i/done_reg_3_/CLK (DFFPOSX1)                                      0.000000   2.900000 r
  library setup time                                                      -0.058450  2.841550
  data required time                                                                 2.841550
  ----------------------------------------------------------------------------------------------
  data required time                                                                 2.841550
  data arrival time                                                                  -2.778213
  ----------------------------------------------------------------------------------------------
  slack (MET)                                                                        0.063337


  Startpoint: table_i/occupied_reg_0_
              (rising edge-triggered flip-flop clocked by core_clk)
  Endpoint: table_i/done_reg_11_
            (rising edge-triggered flip-flop clocked by core_clk)
  Path Group: core_clk
  Path Type: max

  Point                                       Fanout       Cap     Trans      Incr       Path
  ----------------------------------------------------------------------------------------------
  clock core_clk (rise edge)                                              0.000000   0.000000
  clock network delay (ideal)                                             0.000000   0.000000
  table_i/occupied_reg_0_/CLK (DFFPOSX1)                        0.000000  0.000000 # 0.000000 r
  table_i/occupied_reg_0_/Q (DFFPOSX1)                          0.076301  0.145385   0.145385 f
  table_i/occupied[0] (net)                    18     0.044865            0.000000   0.145385 f
  table_i/U5286/A (INVX1)                                       0.076301  0.000000   0.145385 f
  table_i/U5286/Y (INVX1)                                       0.001408  0.033918   0.179304 r
  table_i/n6679 (net)                           2     0.005166            0.000000   0.179304 r
  table_i/U4785/B (OR2X1)                                       0.001408  0.000000   0.179304 r
  table_i/U4785/Y (OR2X1)                                       0.018783  0.046779   0.226083 r
  table_i/n2863 (net)                           1     0.001551            0.000000   0.226083 r
  table_i/U4786/A (INVX1)                                       0.018783  0.000000   0.226083 r
  table_i/U4786/Y (INVX1)                                       0.039568  0.037635   0.263718 f
  table_i/n5136 (net)                           5     0.011720            0.000000   0.263718 f
  table_i/U4506/A (AND2X1)                                      0.039568  0.000000   0.263718 f
  table_i/U4506/Y (AND2X1)                                      0.015151  0.035072   0.298790 f
  table_i/n2868 (net)                           1     0.001476            0.000000   0.298790 f
  table_i/U4508/A (INVX1)                                       0.015151  0.000000   0.298790 f
  table_i/U4508/Y (INVX1)                                       0.000000  0.011204   0.309994 r
  table_i/n5003 (net)                           2     0.004839            0.000000   0.309994 r
  table_i/U4623/A (NAND3X1)                                     0.000000  0.000000   0.309994 r
  table_i/U4623/Y (NAND3X1)                                     0.015678  0.015351   0.325344 f
  table_i/n2852 (net)                           1     0.001504            0.000000   0.325344 f
  table_i/U3826/A (BUFX2)                                       0.015678  0.000000   0.325344 f
  table_i/U3826/Y (BUFX2)                                       0.004878  0.035462   0.360806 f
  table_i/n4614 (net)                           2     0.003647            0.000000   0.360806 f
  table_i/U2975/B (AND2X1)                                      0.004878  0.000000   0.360806 f
  table_i/U2975/Y (AND2X1)                                      0.040568  0.059742   0.420548 f
  table_i/n2837 (net)                           4     0.010472            0.000000   0.420548 f
  table_i/U4622/C (NAND3X1)                                     0.040568  0.000000   0.420548 f
  table_i/U4622/Y (NAND3X1)                                     0.033834  0.035561   0.456109 r
  table_i/n2865 (net)                           1     0.001539            0.000000   0.456109 r
  table_i/U2973/A (BUFX2)                                       0.033834  0.000000   0.456109 r
  table_i/U2973/Y (BUFX2)                                       0.015926  0.039236   0.495345 r
  table_i/n2534 (net)                           2     0.005124            0.000000   0.495345 r
  table_i/U4621/B (NAND3X1)                                     0.015926  0.000000   0.495345 r
  table_i/U4621/Y (NAND3X1)                                     0.015178  0.013641   0.508986 f
  table_i/n2867 (net)                           1     0.001476            0.000000   0.508986 f
  table_i/U4988/A (INVX1)                                       0.015178  0.000000   0.508986 f
  table_i/U4988/Y (INVX1)                                       0.004292  0.020148   0.529135 r
  table_i/n6678 (net)                           3     0.007595            0.000000   0.529135 r
  table_i/U4533/A (AND2X1)                                      0.004292  0.000000   0.529135 r
  table_i/U4533/Y (AND2X1)                                      0.030895  0.028467   0.557602 r
  table_i/n2851 (net)                           1     0.001551            0.000000   0.557602 r
  table_i/U4534/A (INVX1)                                       0.030895  0.000000   0.557602 r
  table_i/U4534/Y (INVX1)                                       0.027631  0.033289   0.590891 f
  table_i/n5012 (net)                           4     0.008006            0.000000   0.590891 f
  table_i/U4619/A (NAND3X1)                                     0.027631  0.000000   0.590891 f
  table_i/U4619/Y (NAND3X1)                                     0.033834  0.039598   0.630489 r
  table_i/n2842 (net)                           1     0.001539            0.000000   0.630489 r
  table_i/U3833/A (BUFX2)                                       0.033834  0.000000   0.630489 r
  table_i/U3833/Y (BUFX2)                                       0.021395  0.042852   0.673340 r
  table_i/n4617 (net)                           3     0.007467            0.000000   0.673340 r
  table_i/U2172/A (AND2X1)                                      0.021395  0.000000   0.673340 r
  table_i/U2172/Y (AND2X1)                                      0.037301  0.032706   0.706046 r
  table_i/n2866 (net)                           1     0.002961            0.000000   0.706046 r
  table_i/U4618/C (NAND3X1)                                     0.037301  0.000000   0.706046 r
  table_i/U4618/Y (NAND3X1)                                     0.015678  0.015314   0.721360 f
  table_i/n2841 (net)                           1     0.001504            0.000000   0.721360 f
  table_i/U4284/A (BUFX2)                                       0.015678  0.000000   0.721360 f
  table_i/U4284/Y (BUFX2)                                       0.009083  0.038625   0.759985 f
  table_i/n4884 (net)                           3     0.006680            0.000000   0.759985 f
  table_i/U4617/A (NAND3X1)                                     0.009083  0.000000   0.759985 f
  table_i/U4617/Y (NAND3X1)                                     0.033980  0.033799   0.793785 r
  table_i/n2844 (net)                           1     0.001539            0.000000   0.793785 r
  table_i/U2561/A (BUFX2)                                       0.033980  0.000000   0.793785 r
  table_i/U2561/Y (BUFX2)                                       0.014658  0.038397   0.832182 r
  table_i/n1671 (net)                           2     0.004572            0.000000   0.832182 r
  table_i/U4987/A (INVX1)                                       0.014658  0.000000   0.832182 r
  table_i/U4987/Y (INVX1)                                       0.013275  0.018291   0.850472 f
  table_i/n6677 (net)                           1     0.002832            0.000000   0.850472 f
  table_i/U4616/C (NAND3X1)                                     0.013275  0.000000   0.850472 f
  table_i/U4616/Y (NAND3X1)                                     0.032996  0.028606   0.879079 r
  table_i/n2861 (net)                           1     0.001539            0.000000   0.879079 r
  table_i/U4055/A (BUFX2)                                       0.032996  0.000000   0.879079 r
  table_i/U4055/Y (BUFX2)                                       0.021587  0.042979   0.922058 r
  table_i/n4747 (net)                           3     0.007593            0.000000   0.922058 r
  table_i/U4903/A (INVX1)                                       0.021587  0.000000   0.922058 r
  table_i/U4903/Y (INVX1)                                       0.023891  0.027775   0.949832 f
  table_i/n6676 (net)                           3     0.006543            0.000000   0.949832 f
  table_i/U4615/A (NAND2X1)                                     0.023891  0.000000   0.949832 f
  table_i/U4615/Y (NAND2X1)                                     0.045310  0.037379   0.987212 r
  table_i/n2862 (net)                           2     0.004417            0.000000   0.987212 r
  table_i/U4614/A (NAND3X1)                                     0.045310  0.000000   0.987212 r
  table_i/U4614/Y (NAND3X1)                                     0.022781  0.026427   1.013638 f
  table_i/n2850 (net)                           2     0.004594            0.000000   1.013638 f
  table_i/U4527/A (AND2X2)                                      0.022781  0.000000   1.013638 f
  table_i/U4527/Y (AND2X2)                                      0.000854  0.035413   1.049052 f
  table_i/n2857 (net)                           1     0.001476            0.000000   1.049052 f
  table_i/U4528/A (INVX1)                                       0.000854  0.000000   1.049052 f
  table_i/U4528/Y (INVX1)                                       0.008648  0.019216   1.068268 r
  table_i/n5010 (net)                           3     0.008868            0.000000   1.068268 r
  table_i/U4612/C (NOR3X1)                                      0.008648  0.000000   1.068268 r
  table_i/U4612/Y (NOR3X1)                                      0.046086  0.033406   1.101674 f
  table_i/n2840 (net)                           3     0.009201            0.000000   1.101674 f
  table_i/U4611/B (NOR3X1)                                      0.046086  0.000000   1.101674 f
  table_i/U4611/Y (NOR3X1)                                      0.080078  0.066831   1.168505 r
  table_i/n2860 (net)                           3     0.008214            0.000000   1.168505 r
  table_i/U4777/A (AND2X1)                                      0.080078  0.000000   1.168505 r
  table_i/U4777/Y (AND2X1)                                      0.061057  0.047437   1.215942 r
  table_i/n2854 (net)                           3     0.007860            0.000000   1.215942 r
  table_i/U4778/A (INVX1)                                       0.061057  0.000000   1.215942 r
  table_i/U4778/Y (INVX1)                                       0.021423  0.038611   1.254553 f
  table_i/n5132 (net)                           3     0.006628            0.000000   1.254553 f
  table_i/U4609/A (NAND3X1)                                     0.021423  0.000000   1.254553 f
  table_i/U4609/Y (NAND3X1)                                     0.045838  0.045568   1.300120 r
  table_i/n2858 (net)                           2     0.004099            0.000000   1.300120 r
  table_i/U4608/A (NAND3X1)                                     0.045838  0.000000   1.300120 r
  table_i/U4608/Y (NAND3X1)                                     0.015564  0.021307   1.321427 f
  table_i/n2859 (net)                           1     0.001476            0.000000   1.321427 f
  table_i/U4990/A (INVX1)                                       0.015564  0.000000   1.321427 f
  table_i/U4990/Y (INVX1)                                       0.000000  0.012691   1.334118 r
  table_i/n6674 (net)                           2     0.005253            0.000000   1.334118 r
  table_i/U4524/A (AND2X1)                                      0.000000  0.000000   1.334118 r
  table_i/U4524/Y (AND2X1)                                      0.042997  0.036392   1.370510 r
  table_i/n2853 (net)                           2     0.004076            0.000000   1.370510 r
  table_i/U4526/A (INVX1)                                       0.042997  0.000000   1.370510 r
  table_i/U4526/Y (INVX1)                                       0.014706  0.028292   1.398801 f
  table_i/n5009 (net)                           2     0.003971            0.000000   1.398801 f
  table_i/U4606/A (NAND3X1)                                     0.014706  0.000000   1.398801 f
  table_i/U4606/Y (NAND3X1)                                     0.042657  0.041370   1.440171 r
  table_i/n2843 (net)                           2     0.003420            0.000000   1.440171 r
  table_i/U617/A (INVX1)                                        0.042657  0.000000   1.440171 r
  table_i/U617/Y (INVX1)                                        0.009724  0.024780   1.464951 f
  table_i/n5 (net)                              1     0.002301            0.000000   1.464951 f
  table_i/U603/A (OR2X2)                                        0.009724  0.000000   1.464951 f
  table_i/U603/Y (OR2X2)                                        0.005037  0.037620   1.502571 f
  table_i/n3 (net)                              1     0.002247            0.000000   1.502571 f
  table_i/U598/B (OR2X1)                                        0.005037  0.000000   1.502571 f
  table_i/U598/Y (OR2X1)                                        0.022653  0.054631   1.557202 f
  table_i/n2 (net)                              2     0.005568            0.000000   1.557202 f
  table_i/U298/B (OR2X2)                                        0.022653  0.000000   1.557202 f
  table_i/U298/Y (OR2X2)                                        0.009932  0.049556   1.606758 f
  table_i/n2856 (net)                           1     0.003226            0.000000   1.606758 f
  table_i/U4604/C (NOR3X1)                                      0.009932  0.000000   1.606758 f
  table_i/U4604/Y (NOR3X1)                                      0.060517  0.031637   1.638395 r
  table_i/n2855 (net)                           2     0.004583            0.000000   1.638395 r
  table_i/U4989/A (AND2X1)                                      0.060517  0.000000   1.638395 r
  table_i/U4989/Y (AND2X1)                                      0.047293  0.038745   1.677140 r
  table_i/n2835 (net)                           2     0.005016            0.000000   1.677140 r
  table_i/U4775/A (AND2X1)                                      0.047293  0.000000   1.677140 r
  table_i/U4775/Y (AND2X1)                                      0.056970  0.045067   1.722207 r
  table_i/n2834 (net)                           3     0.007000            0.000000   1.722207 r
  table_i/U4776/A (INVX1)                                       0.056970  0.000000   1.722207 r
  table_i/U4776/Y (INVX1)                                       0.020284  0.036539   1.758746 f
  table_i/n5131 (net)                           3     0.006155            0.000000   1.758746 f
  table_i/U4592/A (AOI21X1)                                     0.020284  0.000000   1.758746 f
  table_i/U4592/Y (AOI21X1)                                     0.023709  0.036313   1.795059 r
  table_i/n6729 (net)                           1     0.001539            0.000000   1.795059 r
  table_i/U652/A (BUFX2)                                        0.023709  0.000000   1.795059 r
  table_i/U652/Y (BUFX2)                                        0.031670  0.049608   1.844668 r
  table_i/req_ready (net)                       2     0.012343            0.000000   1.844668 r
  table_i/U21/B (AND2X1)                                        0.031670  0.000000   1.844668 r
  table_i/U21/Y (AND2X1)                                        0.115526  0.095814   1.940482 r
  table_i/n1186 (net)                           9     0.019979            0.000000   1.940482 r
  table_i/U683/A (INVX1)                                        0.115526  0.000000   1.940482 r
  table_i/U683/Y (INVX1)                                        0.035280  0.065232   2.005714 f
  table_i/n42 (net)                             6     0.012469            0.000000   2.005714 f
  table_i/U5051/A (INVX1)                                       0.035280  0.000000   2.005714 f
  table_i/U5051/Y (INVX1)                                       0.193541  0.145703   2.151417 r
  table_i/n5387 (net)                          19     0.044200            0.000000   2.151417 r
  table_i/U4905/B (AND2X1)                                      0.193541  0.000000   2.151417 r
  table_i/U4905/Y (AND2X1)                                      0.022668  0.034870   2.186287 r
  table_i/n5143 (net)                           2     0.004076            0.000000   2.186287 r
  table_i/U4906/A (INVX1)                                       0.022668  0.000000   2.186287 r
  table_i/U4906/Y (INVX1)                                       0.071231  0.060562   2.246850 f
  table_i/n1624 (net)                          10     0.022391            0.000000   2.246850 f
  table_i/U3425/A (AND2X1)                                      0.071231  0.000000   2.246850 f
  table_i/U3425/Y (AND2X1)                                      0.061213  0.078662   2.325511 f
  table_i/n6156 (net)                          11     0.020064            0.000000   2.325511 f
  table_i/U3429/A (INVX1)                                       0.061213  0.000000   2.325511 f
  table_i/U3429/Y (INVX1)                                       0.033158  0.050397   2.375909 r
  table_i/n2662 (net)                           6     0.011924            0.000000   2.375909 r
  table_i/U4826/A (INVX1)                                       0.033158  0.000000   2.375909 r
  table_i/U4826/Y (INVX1)                                       0.210887  0.159405   2.535314 f
  table_i/n5404 (net)                          32     0.069255            0.000000   2.535314 f
  table_i/U20/B (AND2X2)                                        0.210887  0.000000   2.535314 f
  table_i/U20/Y (AND2X2)                                        0.098101  0.153723   2.689037 f
  table_i/n492 (net)                           33     0.060661            0.000000   2.689037 f
  table_i/U1725/A (NAND3X1)                                     0.098101  0.000000   2.689037 f
  table_i/U1725/Y (NAND3X1)                                     0.034599  0.063144   2.752181 r
  table_i/n956 (net)                            1     0.002027            0.000000   2.752181 r
  table_i/U1724/B (NAND2X1)                                     0.034599  0.000000   2.752181 r
  table_i/U1724/Y (NAND2X1)                                     0.017946  0.019088   2.771269 f
  table_i/n3385 (net)                           1     0.001290            0.000000   2.771269 f
  table_i/done_reg_11_/D (DFFPOSX1)                             0.017946  0.000000   2.771269 f
  data arrival time                                                                  2.771269

  clock core_clk (rise edge)                                              3.000000   3.000000
  clock network delay (ideal)                                             0.000000   3.000000
  clock uncertainty                                                       -0.100000  2.900000
  table_i/done_reg_11_/CLK (DFFPOSX1)                                     0.000000   2.900000 r
  library setup time                                                      -0.058426  2.841574
  data required time                                                                 2.841574
  ----------------------------------------------------------------------------------------------
  data required time                                                                 2.841574
  data arrival time                                                                  -2.771269
  ----------------------------------------------------------------------------------------------
  slack (MET)                                                                        0.070305


  Startpoint: table_i/occupied_reg_0_
              (rising edge-triggered flip-flop clocked by core_clk)
  Endpoint: table_i/done_reg_6_
            (rising edge-triggered flip-flop clocked by core_clk)
  Path Group: core_clk
  Path Type: max

  Point                                       Fanout       Cap     Trans      Incr       Path
  ----------------------------------------------------------------------------------------------
  clock core_clk (rise edge)                                              0.000000   0.000000
  clock network delay (ideal)                                             0.000000   0.000000
  table_i/occupied_reg_0_/CLK (DFFPOSX1)                        0.000000  0.000000 # 0.000000 r
  table_i/occupied_reg_0_/Q (DFFPOSX1)                          0.076301  0.145385   0.145385 f
  table_i/occupied[0] (net)                    18     0.044865            0.000000   0.145385 f
  table_i/U5286/A (INVX1)                                       0.076301  0.000000   0.145385 f
  table_i/U5286/Y (INVX1)                                       0.001408  0.033918   0.179304 r
  table_i/n6679 (net)                           2     0.005166            0.000000   0.179304 r
  table_i/U4785/B (OR2X1)                                       0.001408  0.000000   0.179304 r
  table_i/U4785/Y (OR2X1)                                       0.018783  0.046779   0.226083 r
  table_i/n2863 (net)                           1     0.001551            0.000000   0.226083 r
  table_i/U4786/A (INVX1)                                       0.018783  0.000000   0.226083 r
  table_i/U4786/Y (INVX1)                                       0.039568  0.037635   0.263718 f
  table_i/n5136 (net)                           5     0.011720            0.000000   0.263718 f
  table_i/U4506/A (AND2X1)                                      0.039568  0.000000   0.263718 f
  table_i/U4506/Y (AND2X1)                                      0.015151  0.035072   0.298790 f
  table_i/n2868 (net)                           1     0.001476            0.000000   0.298790 f
  table_i/U4508/A (INVX1)                                       0.015151  0.000000   0.298790 f
  table_i/U4508/Y (INVX1)                                       0.000000  0.011204   0.309994 r
  table_i/n5003 (net)                           2     0.004839            0.000000   0.309994 r
  table_i/U4623/A (NAND3X1)                                     0.000000  0.000000   0.309994 r
  table_i/U4623/Y (NAND3X1)                                     0.015678  0.015351   0.325344 f
  table_i/n2852 (net)                           1     0.001504            0.000000   0.325344 f
  table_i/U3826/A (BUFX2)                                       0.015678  0.000000   0.325344 f
  table_i/U3826/Y (BUFX2)                                       0.004878  0.035462   0.360806 f
  table_i/n4614 (net)                           2     0.003647            0.000000   0.360806 f
  table_i/U2975/B (AND2X1)                                      0.004878  0.000000   0.360806 f
  table_i/U2975/Y (AND2X1)                                      0.040568  0.059742   0.420548 f
  table_i/n2837 (net)                           4     0.010472            0.000000   0.420548 f
  table_i/U4622/C (NAND3X1)                                     0.040568  0.000000   0.420548 f
  table_i/U4622/Y (NAND3X1)                                     0.033834  0.035561   0.456109 r
  table_i/n2865 (net)                           1     0.001539            0.000000   0.456109 r
  table_i/U2973/A (BUFX2)                                       0.033834  0.000000   0.456109 r
  table_i/U2973/Y (BUFX2)                                       0.015926  0.039236   0.495345 r
  table_i/n2534 (net)                           2     0.005124            0.000000   0.495345 r
  table_i/U4621/B (NAND3X1)                                     0.015926  0.000000   0.495345 r
  table_i/U4621/Y (NAND3X1)                                     0.015178  0.013641   0.508986 f
  table_i/n2867 (net)                           1     0.001476            0.000000   0.508986 f
  table_i/U4988/A (INVX1)                                       0.015178  0.000000   0.508986 f
  table_i/U4988/Y (INVX1)                                       0.004292  0.020148   0.529135 r
  table_i/n6678 (net)                           3     0.007595            0.000000   0.529135 r
  table_i/U4533/A (AND2X1)                                      0.004292  0.000000   0.529135 r
  table_i/U4533/Y (AND2X1)                                      0.030895  0.028467   0.557602 r
  table_i/n2851 (net)                           1     0.001551            0.000000   0.557602 r
  table_i/U4534/A (INVX1)                                       0.030895  0.000000   0.557602 r
  table_i/U4534/Y (INVX1)                                       0.027631  0.033289   0.590891 f
  table_i/n5012 (net)                           4     0.008006            0.000000   0.590891 f
  table_i/U4619/A (NAND3X1)                                     0.027631  0.000000   0.590891 f
  table_i/U4619/Y (NAND3X1)                                     0.033834  0.039598   0.630489 r
  table_i/n2842 (net)                           1     0.001539            0.000000   0.630489 r
  table_i/U3833/A (BUFX2)                                       0.033834  0.000000   0.630489 r
  table_i/U3833/Y (BUFX2)                                       0.021395  0.042852   0.673340 r
  table_i/n4617 (net)                           3     0.007467            0.000000   0.673340 r
  table_i/U2172/A (AND2X1)                                      0.021395  0.000000   0.673340 r
  table_i/U2172/Y (AND2X1)                                      0.037301  0.032706   0.706046 r
  table_i/n2866 (net)                           1     0.002961            0.000000   0.706046 r
  table_i/U4618/C (NAND3X1)                                     0.037301  0.000000   0.706046 r
  table_i/U4618/Y (NAND3X1)                                     0.015678  0.015314   0.721360 f
  table_i/n2841 (net)                           1     0.001504            0.000000   0.721360 f
  table_i/U4284/A (BUFX2)                                       0.015678  0.000000   0.721360 f
  table_i/U4284/Y (BUFX2)                                       0.009083  0.038625   0.759985 f
  table_i/n4884 (net)                           3     0.006680            0.000000   0.759985 f
  table_i/U4617/A (NAND3X1)                                     0.009083  0.000000   0.759985 f
  table_i/U4617/Y (NAND3X1)                                     0.033980  0.033799   0.793785 r
  table_i/n2844 (net)                           1     0.001539            0.000000   0.793785 r
  table_i/U2561/A (BUFX2)                                       0.033980  0.000000   0.793785 r
  table_i/U2561/Y (BUFX2)                                       0.014658  0.038397   0.832182 r
  table_i/n1671 (net)                           2     0.004572            0.000000   0.832182 r
  table_i/U4987/A (INVX1)                                       0.014658  0.000000   0.832182 r
  table_i/U4987/Y (INVX1)                                       0.013275  0.018291   0.850472 f
  table_i/n6677 (net)                           1     0.002832            0.000000   0.850472 f
  table_i/U4616/C (NAND3X1)                                     0.013275  0.000000   0.850472 f
  table_i/U4616/Y (NAND3X1)                                     0.032996  0.028606   0.879079 r
  table_i/n2861 (net)                           1     0.001539            0.000000   0.879079 r
  table_i/U4055/A (BUFX2)                                       0.032996  0.000000   0.879079 r
  table_i/U4055/Y (BUFX2)                                       0.021587  0.042979   0.922058 r
  table_i/n4747 (net)                           3     0.007593            0.000000   0.922058 r
  table_i/U4903/A (INVX1)                                       0.021587  0.000000   0.922058 r
  table_i/U4903/Y (INVX1)                                       0.023891  0.027775   0.949832 f
  table_i/n6676 (net)                           3     0.006543            0.000000   0.949832 f
  table_i/U4615/A (NAND2X1)                                     0.023891  0.000000   0.949832 f
  table_i/U4615/Y (NAND2X1)                                     0.045310  0.037379   0.987212 r
  table_i/n2862 (net)                           2     0.004417            0.000000   0.987212 r
  table_i/U4614/A (NAND3X1)                                     0.045310  0.000000   0.987212 r
  table_i/U4614/Y (NAND3X1)                                     0.022781  0.026427   1.013638 f
  table_i/n2850 (net)                           2     0.004594            0.000000   1.013638 f
  table_i/U4527/A (AND2X2)                                      0.022781  0.000000   1.013638 f
  table_i/U4527/Y (AND2X2)                                      0.000854  0.035413   1.049052 f
  table_i/n2857 (net)                           1     0.001476            0.000000   1.049052 f
  table_i/U4528/A (INVX1)                                       0.000854  0.000000   1.049052 f
  table_i/U4528/Y (INVX1)                                       0.008648  0.019216   1.068268 r
  table_i/n5010 (net)                           3     0.008868            0.000000   1.068268 r
  table_i/U4612/C (NOR3X1)                                      0.008648  0.000000   1.068268 r
  table_i/U4612/Y (NOR3X1)                                      0.046086  0.033406   1.101674 f
  table_i/n2840 (net)                           3     0.009201            0.000000   1.101674 f
  table_i/U4611/B (NOR3X1)                                      0.046086  0.000000   1.101674 f
  table_i/U4611/Y (NOR3X1)                                      0.080078  0.066831   1.168505 r
  table_i/n2860 (net)                           3     0.008214            0.000000   1.168505 r
  table_i/U4777/A (AND2X1)                                      0.080078  0.000000   1.168505 r
  table_i/U4777/Y (AND2X1)                                      0.061057  0.047437   1.215942 r
  table_i/n2854 (net)                           3     0.007860            0.000000   1.215942 r
  table_i/U4778/A (INVX1)                                       0.061057  0.000000   1.215942 r
  table_i/U4778/Y (INVX1)                                       0.021423  0.038611   1.254553 f
  table_i/n5132 (net)                           3     0.006628            0.000000   1.254553 f
  table_i/U4609/A (NAND3X1)                                     0.021423  0.000000   1.254553 f
  table_i/U4609/Y (NAND3X1)                                     0.045838  0.045568   1.300120 r
  table_i/n2858 (net)                           2     0.004099            0.000000   1.300120 r
  table_i/U4608/A (NAND3X1)                                     0.045838  0.000000   1.300120 r
  table_i/U4608/Y (NAND3X1)                                     0.015564  0.021307   1.321427 f
  table_i/n2859 (net)                           1     0.001476            0.000000   1.321427 f
  table_i/U4990/A (INVX1)                                       0.015564  0.000000   1.321427 f
  table_i/U4990/Y (INVX1)                                       0.000000  0.012691   1.334118 r
  table_i/n6674 (net)                           2     0.005253            0.000000   1.334118 r
  table_i/U4524/A (AND2X1)                                      0.000000  0.000000   1.334118 r
  table_i/U4524/Y (AND2X1)                                      0.042997  0.036392   1.370510 r
  table_i/n2853 (net)                           2     0.004076            0.000000   1.370510 r
  table_i/U4526/A (INVX1)                                       0.042997  0.000000   1.370510 r
  table_i/U4526/Y (INVX1)                                       0.014706  0.028292   1.398801 f
  table_i/n5009 (net)                           2     0.003971            0.000000   1.398801 f
  table_i/U4606/A (NAND3X1)                                     0.014706  0.000000   1.398801 f
  table_i/U4606/Y (NAND3X1)                                     0.042657  0.041370   1.440171 r
  table_i/n2843 (net)                           2     0.003420            0.000000   1.440171 r
  table_i/U617/A (INVX1)                                        0.042657  0.000000   1.440171 r
  table_i/U617/Y (INVX1)                                        0.009724  0.024780   1.464951 f
  table_i/n5 (net)                              1     0.002301            0.000000   1.464951 f
  table_i/U603/A (OR2X2)                                        0.009724  0.000000   1.464951 f
  table_i/U603/Y (OR2X2)                                        0.005037  0.037620   1.502571 f
  table_i/n3 (net)                              1     0.002247            0.000000   1.502571 f
  table_i/U598/B (OR2X1)                                        0.005037  0.000000   1.502571 f
  table_i/U598/Y (OR2X1)                                        0.022653  0.054631   1.557202 f
  table_i/n2 (net)                              2     0.005568            0.000000   1.557202 f
  table_i/U298/B (OR2X2)                                        0.022653  0.000000   1.557202 f
  table_i/U298/Y (OR2X2)                                        0.009932  0.049556   1.606758 f
  table_i/n2856 (net)                           1     0.003226            0.000000   1.606758 f
  table_i/U4604/C (NOR3X1)                                      0.009932  0.000000   1.606758 f
  table_i/U4604/Y (NOR3X1)                                      0.060517  0.031637   1.638395 r
  table_i/n2855 (net)                           2     0.004583            0.000000   1.638395 r
  table_i/U4989/A (AND2X1)                                      0.060517  0.000000   1.638395 r
  table_i/U4989/Y (AND2X1)                                      0.047293  0.038745   1.677140 r
  table_i/n2835 (net)                           2     0.005016            0.000000   1.677140 r
  table_i/U4775/A (AND2X1)                                      0.047293  0.000000   1.677140 r
  table_i/U4775/Y (AND2X1)                                      0.056970  0.045067   1.722207 r
  table_i/n2834 (net)                           3     0.007000            0.000000   1.722207 r
  table_i/U4776/A (INVX1)                                       0.056970  0.000000   1.722207 r
  table_i/U4776/Y (INVX1)                                       0.020284  0.036539   1.758746 f
  table_i/n5131 (net)                           3     0.006155            0.000000   1.758746 f
  table_i/U294/A (AND2X2)                                       0.020284  0.000000   1.758746 f
  table_i/U294/Y (AND2X2)                                       0.000000  0.035572   1.794318 f
  table_i/n2836 (net)                           1     0.002209            0.000000   1.794318 f
  table_i/U4594/A (NAND3X1)                                     0.000000  0.000000   1.794318 f
  table_i/U4594/Y (NAND3X1)                                     0.032964  0.030960   1.825279 r
  table_i/n1412 (net)                           1     0.001539            0.000000   1.825279 r
  table_i/U3435/A (BUFX2)                                       0.032964  0.000000   1.825279 r
  table_i/U3435/Y (BUFX2)                                       0.044496  0.058116   1.883394 r
  table_i/n2664 (net)                           7     0.017397            0.000000   1.883394 r
  table_i/U4993/A (INVX1)                                       0.044496  0.000000   1.883394 r
  table_i/U4993/Y (INVX1)                                       0.048486  0.051845   1.935240 f
  table_i/n6673 (net)                           6     0.015276            0.000000   1.935240 f
  table_i/U3850/A (OR2X1)                                       0.048486  0.000000   1.935240 f
  table_i/U3850/Y (OR2X1)                                       0.007125  0.041404   1.976644 f
  table_i/n1451 (net)                           1     0.001476            0.000000   1.976644 f
  table_i/U3851/A (INVX1)                                       0.007125  0.000000   1.976644 f
  table_i/U3851/Y (INVX1)                                       0.067807  0.058242   2.034886 r
  table_i/n4624 (net)                           8     0.020217            0.000000   2.034886 r
  table_i/U38/B (AND2X1)                                        0.067807  0.000000   2.034886 r
  table_i/U38/Y (AND2X1)                                        0.048105  0.052162   2.087047 r
  table_i/n6000 (net)                           3     0.006675            0.000000   2.087047 r
  table_i/U2989/A (AND2X1)                                      0.048105  0.000000   2.087047 r
  table_i/U2989/Y (AND2X1)                                      0.305842  0.216128   2.303175 r
  table_i/n1406 (net)                          21     0.061802            0.000000   2.303175 r
  table_i/U2991/A (INVX1)                                       0.305842  0.000000   2.303175 r
  table_i/U2991/Y (INVX1)                                       0.052705  0.113756   2.416931 f
  table_i/n2537 (net)                           5     0.011766            0.000000   2.416931 f
  table_i/U605/A (AND2X1)                                       0.052705  0.000000   2.416931 f
  table_i/U605/Y (AND2X1)                                       0.025010  0.048986   2.465917 f
  table_i/n5997 (net)                           4     0.007164            0.000000   2.465917 f
  table_i/U4870/A (INVX1)                                       0.025010  0.000000   2.465917 f
  table_i/U4870/Y (INVX1)                                       0.071692  0.065457   2.531374 r
  table_i/n5426 (net)                          10     0.020512            0.000000   2.531374 r
  table_i/U4830/A (INVX1)                                       0.071692  0.000000   2.531374 r
  table_i/U4830/Y (INVX1)                                       0.147187  0.127550   2.658924 f
  table_i/n5425 (net)                          23     0.048726            0.000000   2.658924 f
  table_i/U636/B (AND2X1)                                       0.147187  0.000000   2.658924 f
  table_i/U636/Y (AND2X1)                                       0.018117  0.066855   2.725778 f
  table_i/n2792 (net)                           3     0.005365            0.000000   2.725778 f
  table_i/U1744/B (NAND2X1)                                     0.018117  0.000000   2.725778 f
  table_i/U1744/Y (NAND2X1)                                     0.033510  0.014498   2.740276 r
  table_i/n980 (net)                            1     0.002027            0.000000   2.740276 r
  table_i/U1743/B (NAND2X1)                                     0.033510  0.000000   2.740276 r
  table_i/U1743/Y (NAND2X1)                                     0.018059  0.018849   2.759126 f
  table_i/n3390 (net)                           1     0.001290            0.000000   2.759126 f
  table_i/done_reg_6_/D (DFFPOSX1)                              0.018059  0.000000   2.759126 f
  data arrival time                                                                  2.759126

  clock core_clk (rise edge)                                              3.000000   3.000000
  clock network delay (ideal)                                             0.000000   3.000000
  clock uncertainty                                                       -0.100000  2.900000
  table_i/done_reg_6_/CLK (DFFPOSX1)                                      0.000000   2.900000 r
  library setup time                                                      -0.058450  2.841550
  data required time                                                                 2.841550
  ----------------------------------------------------------------------------------------------
  data required time                                                                 2.841550
  data arrival time                                                                  -2.759126
  ----------------------------------------------------------------------------------------------
  slack (MET)                                                                        0.082424


  Startpoint: table_i/occupied_reg_0_
              (rising edge-triggered flip-flop clocked by core_clk)
  Endpoint: table_i/done_reg_5_
            (rising edge-triggered flip-flop clocked by core_clk)
  Path Group: core_clk
  Path Type: max

  Point                                       Fanout       Cap     Trans      Incr       Path
  ----------------------------------------------------------------------------------------------
  clock core_clk (rise edge)                                              0.000000   0.000000
  clock network delay (ideal)                                             0.000000   0.000000
  table_i/occupied_reg_0_/CLK (DFFPOSX1)                        0.000000  0.000000 # 0.000000 r
  table_i/occupied_reg_0_/Q (DFFPOSX1)                          0.076301  0.145385   0.145385 f
  table_i/occupied[0] (net)                    18     0.044865            0.000000   0.145385 f
  table_i/U5286/A (INVX1)                                       0.076301  0.000000   0.145385 f
  table_i/U5286/Y (INVX1)                                       0.001408  0.033918   0.179304 r
  table_i/n6679 (net)                           2     0.005166            0.000000   0.179304 r
  table_i/U4785/B (OR2X1)                                       0.001408  0.000000   0.179304 r
  table_i/U4785/Y (OR2X1)                                       0.018783  0.046779   0.226083 r
  table_i/n2863 (net)                           1     0.001551            0.000000   0.226083 r
  table_i/U4786/A (INVX1)                                       0.018783  0.000000   0.226083 r
  table_i/U4786/Y (INVX1)                                       0.039568  0.037635   0.263718 f
  table_i/n5136 (net)                           5     0.011720            0.000000   0.263718 f
  table_i/U4506/A (AND2X1)                                      0.039568  0.000000   0.263718 f
  table_i/U4506/Y (AND2X1)                                      0.015151  0.035072   0.298790 f
  table_i/n2868 (net)                           1     0.001476            0.000000   0.298790 f
  table_i/U4508/A (INVX1)                                       0.015151  0.000000   0.298790 f
  table_i/U4508/Y (INVX1)                                       0.000000  0.011204   0.309994 r
  table_i/n5003 (net)                           2     0.004839            0.000000   0.309994 r
  table_i/U4623/A (NAND3X1)                                     0.000000  0.000000   0.309994 r
  table_i/U4623/Y (NAND3X1)                                     0.015678  0.015351   0.325344 f
  table_i/n2852 (net)                           1     0.001504            0.000000   0.325344 f
  table_i/U3826/A (BUFX2)                                       0.015678  0.000000   0.325344 f
  table_i/U3826/Y (BUFX2)                                       0.004878  0.035462   0.360806 f
  table_i/n4614 (net)                           2     0.003647            0.000000   0.360806 f
  table_i/U2975/B (AND2X1)                                      0.004878  0.000000   0.360806 f
  table_i/U2975/Y (AND2X1)                                      0.040568  0.059742   0.420548 f
  table_i/n2837 (net)                           4     0.010472            0.000000   0.420548 f
  table_i/U4622/C (NAND3X1)                                     0.040568  0.000000   0.420548 f
  table_i/U4622/Y (NAND3X1)                                     0.033834  0.035561   0.456109 r
  table_i/n2865 (net)                           1     0.001539            0.000000   0.456109 r
  table_i/U2973/A (BUFX2)                                       0.033834  0.000000   0.456109 r
  table_i/U2973/Y (BUFX2)                                       0.015926  0.039236   0.495345 r
  table_i/n2534 (net)                           2     0.005124            0.000000   0.495345 r
  table_i/U4621/B (NAND3X1)                                     0.015926  0.000000   0.495345 r
  table_i/U4621/Y (NAND3X1)                                     0.015178  0.013641   0.508986 f
  table_i/n2867 (net)                           1     0.001476            0.000000   0.508986 f
  table_i/U4988/A (INVX1)                                       0.015178  0.000000   0.508986 f
  table_i/U4988/Y (INVX1)                                       0.004292  0.020148   0.529135 r
  table_i/n6678 (net)                           3     0.007595            0.000000   0.529135 r
  table_i/U4533/A (AND2X1)                                      0.004292  0.000000   0.529135 r
  table_i/U4533/Y (AND2X1)                                      0.030895  0.028467   0.557602 r
  table_i/n2851 (net)                           1     0.001551            0.000000   0.557602 r
  table_i/U4534/A (INVX1)                                       0.030895  0.000000   0.557602 r
  table_i/U4534/Y (INVX1)                                       0.027631  0.033289   0.590891 f
  table_i/n5012 (net)                           4     0.008006            0.000000   0.590891 f
  table_i/U4619/A (NAND3X1)                                     0.027631  0.000000   0.590891 f
  table_i/U4619/Y (NAND3X1)                                     0.033834  0.039598   0.630489 r
  table_i/n2842 (net)                           1     0.001539            0.000000   0.630489 r
  table_i/U3833/A (BUFX2)                                       0.033834  0.000000   0.630489 r
  table_i/U3833/Y (BUFX2)                                       0.021395  0.042852   0.673340 r
  table_i/n4617 (net)                           3     0.007467            0.000000   0.673340 r
  table_i/U2172/A (AND2X1)                                      0.021395  0.000000   0.673340 r
  table_i/U2172/Y (AND2X1)                                      0.037301  0.032706   0.706046 r
  table_i/n2866 (net)                           1     0.002961            0.000000   0.706046 r
  table_i/U4618/C (NAND3X1)                                     0.037301  0.000000   0.706046 r
  table_i/U4618/Y (NAND3X1)                                     0.015678  0.015314   0.721360 f
  table_i/n2841 (net)                           1     0.001504            0.000000   0.721360 f
  table_i/U4284/A (BUFX2)                                       0.015678  0.000000   0.721360 f
  table_i/U4284/Y (BUFX2)                                       0.009083  0.038625   0.759985 f
  table_i/n4884 (net)                           3     0.006680            0.000000   0.759985 f
  table_i/U4617/A (NAND3X1)                                     0.009083  0.000000   0.759985 f
  table_i/U4617/Y (NAND3X1)                                     0.033980  0.033799   0.793785 r
  table_i/n2844 (net)                           1     0.001539            0.000000   0.793785 r
  table_i/U2561/A (BUFX2)                                       0.033980  0.000000   0.793785 r
  table_i/U2561/Y (BUFX2)                                       0.014658  0.038397   0.832182 r
  table_i/n1671 (net)                           2     0.004572            0.000000   0.832182 r
  table_i/U4987/A (INVX1)                                       0.014658  0.000000   0.832182 r
  table_i/U4987/Y (INVX1)                                       0.013275  0.018291   0.850472 f
  table_i/n6677 (net)                           1     0.002832            0.000000   0.850472 f
  table_i/U4616/C (NAND3X1)                                     0.013275  0.000000   0.850472 f
  table_i/U4616/Y (NAND3X1)                                     0.032996  0.028606   0.879079 r
  table_i/n2861 (net)                           1     0.001539            0.000000   0.879079 r
  table_i/U4055/A (BUFX2)                                       0.032996  0.000000   0.879079 r
  table_i/U4055/Y (BUFX2)                                       0.021587  0.042979   0.922058 r
  table_i/n4747 (net)                           3     0.007593            0.000000   0.922058 r
  table_i/U4903/A (INVX1)                                       0.021587  0.000000   0.922058 r
  table_i/U4903/Y (INVX1)                                       0.023891  0.027775   0.949832 f
  table_i/n6676 (net)                           3     0.006543            0.000000   0.949832 f
  table_i/U4615/A (NAND2X1)                                     0.023891  0.000000   0.949832 f
  table_i/U4615/Y (NAND2X1)                                     0.045310  0.037379   0.987212 r
  table_i/n2862 (net)                           2     0.004417            0.000000   0.987212 r
  table_i/U4614/A (NAND3X1)                                     0.045310  0.000000   0.987212 r
  table_i/U4614/Y (NAND3X1)                                     0.022781  0.026427   1.013638 f
  table_i/n2850 (net)                           2     0.004594            0.000000   1.013638 f
  table_i/U4527/A (AND2X2)                                      0.022781  0.000000   1.013638 f
  table_i/U4527/Y (AND2X2)                                      0.000854  0.035413   1.049052 f
  table_i/n2857 (net)                           1     0.001476            0.000000   1.049052 f
  table_i/U4528/A (INVX1)                                       0.000854  0.000000   1.049052 f
  table_i/U4528/Y (INVX1)                                       0.008648  0.019216   1.068268 r
  table_i/n5010 (net)                           3     0.008868            0.000000   1.068268 r
  table_i/U4612/C (NOR3X1)                                      0.008648  0.000000   1.068268 r
  table_i/U4612/Y (NOR3X1)                                      0.046086  0.033406   1.101674 f
  table_i/n2840 (net)                           3     0.009201            0.000000   1.101674 f
  table_i/U4611/B (NOR3X1)                                      0.046086  0.000000   1.101674 f
  table_i/U4611/Y (NOR3X1)                                      0.080078  0.066831   1.168505 r
  table_i/n2860 (net)                           3     0.008214            0.000000   1.168505 r
  table_i/U4777/A (AND2X1)                                      0.080078  0.000000   1.168505 r
  table_i/U4777/Y (AND2X1)                                      0.061057  0.047437   1.215942 r
  table_i/n2854 (net)                           3     0.007860            0.000000   1.215942 r
  table_i/U4778/A (INVX1)                                       0.061057  0.000000   1.215942 r
  table_i/U4778/Y (INVX1)                                       0.021423  0.038611   1.254553 f
  table_i/n5132 (net)                           3     0.006628            0.000000   1.254553 f
  table_i/U4609/A (NAND3X1)                                     0.021423  0.000000   1.254553 f
  table_i/U4609/Y (NAND3X1)                                     0.045838  0.045568   1.300120 r
  table_i/n2858 (net)                           2     0.004099            0.000000   1.300120 r
  table_i/U4608/A (NAND3X1)                                     0.045838  0.000000   1.300120 r
  table_i/U4608/Y (NAND3X1)                                     0.015564  0.021307   1.321427 f
  table_i/n2859 (net)                           1     0.001476            0.000000   1.321427 f
  table_i/U4990/A (INVX1)                                       0.015564  0.000000   1.321427 f
  table_i/U4990/Y (INVX1)                                       0.000000  0.012691   1.334118 r
  table_i/n6674 (net)                           2     0.005253            0.000000   1.334118 r
  table_i/U4524/A (AND2X1)                                      0.000000  0.000000   1.334118 r
  table_i/U4524/Y (AND2X1)                                      0.042997  0.036392   1.370510 r
  table_i/n2853 (net)                           2     0.004076            0.000000   1.370510 r
  table_i/U4526/A (INVX1)                                       0.042997  0.000000   1.370510 r
  table_i/U4526/Y (INVX1)                                       0.014706  0.028292   1.398801 f
  table_i/n5009 (net)                           2     0.003971            0.000000   1.398801 f
  table_i/U4606/A (NAND3X1)                                     0.014706  0.000000   1.398801 f
  table_i/U4606/Y (NAND3X1)                                     0.042657  0.041370   1.440171 r
  table_i/n2843 (net)                           2     0.003420            0.000000   1.440171 r
  table_i/U617/A (INVX1)                                        0.042657  0.000000   1.440171 r
  table_i/U617/Y (INVX1)                                        0.009724  0.024780   1.464951 f
  table_i/n5 (net)                              1     0.002301            0.000000   1.464951 f
  table_i/U603/A (OR2X2)                                        0.009724  0.000000   1.464951 f
  table_i/U603/Y (OR2X2)                                        0.005037  0.037620   1.502571 f
  table_i/n3 (net)                              1     0.002247            0.000000   1.502571 f
  table_i/U598/B (OR2X1)                                        0.005037  0.000000   1.502571 f
  table_i/U598/Y (OR2X1)                                        0.022653  0.054631   1.557202 f
  table_i/n2 (net)                              2     0.005568            0.000000   1.557202 f
  table_i/U298/B (OR2X2)                                        0.022653  0.000000   1.557202 f
  table_i/U298/Y (OR2X2)                                        0.009932  0.049556   1.606758 f
  table_i/n2856 (net)                           1     0.003226            0.000000   1.606758 f
  table_i/U4604/C (NOR3X1)                                      0.009932  0.000000   1.606758 f
  table_i/U4604/Y (NOR3X1)                                      0.060517  0.031637   1.638395 r
  table_i/n2855 (net)                           2     0.004583            0.000000   1.638395 r
  table_i/U4989/A (AND2X1)                                      0.060517  0.000000   1.638395 r
  table_i/U4989/Y (AND2X1)                                      0.047293  0.038745   1.677140 r
  table_i/n2835 (net)                           2     0.005016            0.000000   1.677140 r
  table_i/U4775/A (AND2X1)                                      0.047293  0.000000   1.677140 r
  table_i/U4775/Y (AND2X1)                                      0.056970  0.045067   1.722207 r
  table_i/n2834 (net)                           3     0.007000            0.000000   1.722207 r
  table_i/U4601/C (AOI21X1)                                     0.056970  0.000000   1.722207 r
  table_i/U4601/Y (AOI21X1)                                     0.016935  0.025413   1.747621 f
  table_i/n2846 (net)                           1     0.002209            0.000000   1.747621 f
  table_i/U4599/A (NAND3X1)                                     0.016935  0.000000   1.747621 f
  table_i/U4599/Y (NAND3X1)                                     0.034237  0.036254   1.783875 r
  table_i/n1448 (net)                           1     0.001539            0.000000   1.783875 r
  table_i/U681/A (BUFX2)                                        0.034237  0.000000   1.783875 r
  table_i/U681/Y (BUFX2)                                        0.036016  0.052519   1.836394 r
  table_i/n41 (net)                             6     0.013711            0.000000   1.836394 r
  table_i/U679/A (INVX1)                                        0.036016  0.000000   1.836394 r
  table_i/U679/Y (INVX1)                                        0.034632  0.039700   1.876094 f
  table_i/n40 (net)                             5     0.010461            0.000000   1.876094 f
  table_i/U663/B (OR2X1)                                        0.034632  0.000000   1.876094 f
  table_i/U663/Y (OR2X1)                                        0.009285  0.049643   1.925736 f
  table_i/n2831 (net)                           1     0.001476            0.000000   1.925736 f
  table_i/U665/A (INVX1)                                        0.009285  0.000000   1.925736 f
  table_i/U665/Y (INVX1)                                        0.010881  0.022803   1.948539 r
  table_i/n36 (net)                             4     0.009056            0.000000   1.948539 r
  table_i/U606/B (AND2X1)                                       0.010881  0.000000   1.948539 r
  table_i/U606/Y (AND2X1)                                       0.054307  0.056310   2.004849 r
  table_i/n5965 (net)                           3     0.006675            0.000000   2.004849 r
  table_i/U4294/A (AND2X1)                                      0.054307  0.000000   2.004849 r
  table_i/U4294/Y (AND2X1)                                      0.312586  0.220479   2.225329 r
  table_i/n1375 (net)                          21     0.063216            0.000000   2.225329 r
  table_i/U4295/A (INVX1)                                       0.312586  0.000000   2.225329 r
  table_i/U4295/Y (INVX1)                                       0.063218  0.120637   2.345966 f
  table_i/n4890 (net)                           6     0.014339            0.000000   2.345966 f
  table_i/U4065/A (AND2X1)                                      0.063218  0.000000   2.345966 f
  table_i/U4065/Y (AND2X1)                                      0.081072  0.092132   2.438098 f
  table_i/n6029 (net)                          15     0.027140            0.000000   2.438098 f
  table_i/U4868/A (INVX1)                                       0.081072  0.000000   2.438098 f
  table_i/U4868/Y (INVX1)                                       0.080309  0.085831   2.523930 r
  table_i/n5431 (net)                          10     0.020747            0.000000   2.523930 r
  table_i/U4848/A (INVX1)                                       0.080309  0.000000   2.523930 r
  table_i/U4848/Y (INVX1)                                       0.141197  0.126101   2.650030 f
  table_i/n5430 (net)                          22     0.046900            0.000000   2.650030 f
  table_i/U4053/B (AND2X1)                                      0.141197  0.000000   2.650030 f
  table_i/U4053/Y (AND2X1)                                      0.018464  0.066118   2.716148 f
  table_i/n2789 (net)                           3     0.005365            0.000000   2.716148 f
  table_i/U1747/B (NAND2X1)                                     0.018464  0.000000   2.716148 f
  table_i/U1747/Y (NAND2X1)                                     0.033487  0.014610   2.730758 r
  table_i/n982 (net)                            1     0.002027            0.000000   2.730758 r
  table_i/U1746/B (NAND2X1)                                     0.033487  0.000000   2.730758 r
  table_i/U1746/Y (NAND2X1)                                     0.018062  0.018844   2.749603 f
  table_i/n3391 (net)                           1     0.001290            0.000000   2.749603 f
  table_i/done_reg_5_/D (DFFPOSX1)                              0.018062  0.000000   2.749603 f
  data arrival time                                                                  2.749603

  clock core_clk (rise edge)                                              3.000000   3.000000
  clock network delay (ideal)                                             0.000000   3.000000
  clock uncertainty                                                       -0.100000  2.900000
  table_i/done_reg_5_/CLK (DFFPOSX1)                                      0.000000   2.900000 r
  library setup time                                                      -0.058450  2.841550
  data required time                                                                 2.841550
  ----------------------------------------------------------------------------------------------
  data required time                                                                 2.841550
  data arrival time                                                                  -2.749603
  ----------------------------------------------------------------------------------------------
  slack (MET)                                                                        0.091947


  Startpoint: table_i/occupied_reg_0_
              (rising edge-triggered flip-flop clocked by core_clk)
  Endpoint: table_i/done_reg_7_
            (rising edge-triggered flip-flop clocked by core_clk)
  Path Group: core_clk
  Path Type: max

  Point                                       Fanout       Cap     Trans      Incr       Path
  ----------------------------------------------------------------------------------------------
  clock core_clk (rise edge)                                              0.000000   0.000000
  clock network delay (ideal)                                             0.000000   0.000000
  table_i/occupied_reg_0_/CLK (DFFPOSX1)                        0.000000  0.000000 # 0.000000 r
  table_i/occupied_reg_0_/Q (DFFPOSX1)                          0.076301  0.145385   0.145385 f
  table_i/occupied[0] (net)                    18     0.044865            0.000000   0.145385 f
  table_i/U5286/A (INVX1)                                       0.076301  0.000000   0.145385 f
  table_i/U5286/Y (INVX1)                                       0.001408  0.033918   0.179304 r
  table_i/n6679 (net)                           2     0.005166            0.000000   0.179304 r
  table_i/U4785/B (OR2X1)                                       0.001408  0.000000   0.179304 r
  table_i/U4785/Y (OR2X1)                                       0.018783  0.046779   0.226083 r
  table_i/n2863 (net)                           1     0.001551            0.000000   0.226083 r
  table_i/U4786/A (INVX1)                                       0.018783  0.000000   0.226083 r
  table_i/U4786/Y (INVX1)                                       0.039568  0.037635   0.263718 f
  table_i/n5136 (net)                           5     0.011720            0.000000   0.263718 f
  table_i/U4506/A (AND2X1)                                      0.039568  0.000000   0.263718 f
  table_i/U4506/Y (AND2X1)                                      0.015151  0.035072   0.298790 f
  table_i/n2868 (net)                           1     0.001476            0.000000   0.298790 f
  table_i/U4508/A (INVX1)                                       0.015151  0.000000   0.298790 f
  table_i/U4508/Y (INVX1)                                       0.000000  0.011204   0.309994 r
  table_i/n5003 (net)                           2     0.004839            0.000000   0.309994 r
  table_i/U4623/A (NAND3X1)                                     0.000000  0.000000   0.309994 r
  table_i/U4623/Y (NAND3X1)                                     0.015678  0.015351   0.325344 f
  table_i/n2852 (net)                           1     0.001504            0.000000   0.325344 f
  table_i/U3826/A (BUFX2)                                       0.015678  0.000000   0.325344 f
  table_i/U3826/Y (BUFX2)                                       0.004878  0.035462   0.360806 f
  table_i/n4614 (net)                           2     0.003647            0.000000   0.360806 f
  table_i/U2975/B (AND2X1)                                      0.004878  0.000000   0.360806 f
  table_i/U2975/Y (AND2X1)                                      0.040568  0.059742   0.420548 f
  table_i/n2837 (net)                           4     0.010472            0.000000   0.420548 f
  table_i/U4622/C (NAND3X1)                                     0.040568  0.000000   0.420548 f
  table_i/U4622/Y (NAND3X1)                                     0.033834  0.035561   0.456109 r
  table_i/n2865 (net)                           1     0.001539            0.000000   0.456109 r
  table_i/U2973/A (BUFX2)                                       0.033834  0.000000   0.456109 r
  table_i/U2973/Y (BUFX2)                                       0.015926  0.039236   0.495345 r
  table_i/n2534 (net)                           2     0.005124            0.000000   0.495345 r
  table_i/U4621/B (NAND3X1)                                     0.015926  0.000000   0.495345 r
  table_i/U4621/Y (NAND3X1)                                     0.015178  0.013641   0.508986 f
  table_i/n2867 (net)                           1     0.001476            0.000000   0.508986 f
  table_i/U4988/A (INVX1)                                       0.015178  0.000000   0.508986 f
  table_i/U4988/Y (INVX1)                                       0.004292  0.020148   0.529135 r
  table_i/n6678 (net)                           3     0.007595            0.000000   0.529135 r
  table_i/U4533/A (AND2X1)                                      0.004292  0.000000   0.529135 r
  table_i/U4533/Y (AND2X1)                                      0.030895  0.028467   0.557602 r
  table_i/n2851 (net)                           1     0.001551            0.000000   0.557602 r
  table_i/U4534/A (INVX1)                                       0.030895  0.000000   0.557602 r
  table_i/U4534/Y (INVX1)                                       0.027631  0.033289   0.590891 f
  table_i/n5012 (net)                           4     0.008006            0.000000   0.590891 f
  table_i/U4619/A (NAND3X1)                                     0.027631  0.000000   0.590891 f
  table_i/U4619/Y (NAND3X1)                                     0.033834  0.039598   0.630489 r
  table_i/n2842 (net)                           1     0.001539            0.000000   0.630489 r
  table_i/U3833/A (BUFX2)                                       0.033834  0.000000   0.630489 r
  table_i/U3833/Y (BUFX2)                                       0.021395  0.042852   0.673340 r
  table_i/n4617 (net)                           3     0.007467            0.000000   0.673340 r
  table_i/U2172/A (AND2X1)                                      0.021395  0.000000   0.673340 r
  table_i/U2172/Y (AND2X1)                                      0.037301  0.032706   0.706046 r
  table_i/n2866 (net)                           1     0.002961            0.000000   0.706046 r
  table_i/U4618/C (NAND3X1)                                     0.037301  0.000000   0.706046 r
  table_i/U4618/Y (NAND3X1)                                     0.015678  0.015314   0.721360 f
  table_i/n2841 (net)                           1     0.001504            0.000000   0.721360 f
  table_i/U4284/A (BUFX2)                                       0.015678  0.000000   0.721360 f
  table_i/U4284/Y (BUFX2)                                       0.009083  0.038625   0.759985 f
  table_i/n4884 (net)                           3     0.006680            0.000000   0.759985 f
  table_i/U4617/A (NAND3X1)                                     0.009083  0.000000   0.759985 f
  table_i/U4617/Y (NAND3X1)                                     0.033980  0.033799   0.793785 r
  table_i/n2844 (net)                           1     0.001539            0.000000   0.793785 r
  table_i/U2561/A (BUFX2)                                       0.033980  0.000000   0.793785 r
  table_i/U2561/Y (BUFX2)                                       0.014658  0.038397   0.832182 r
  table_i/n1671 (net)                           2     0.004572            0.000000   0.832182 r
  table_i/U4987/A (INVX1)                                       0.014658  0.000000   0.832182 r
  table_i/U4987/Y (INVX1)                                       0.013275  0.018291   0.850472 f
  table_i/n6677 (net)                           1     0.002832            0.000000   0.850472 f
  table_i/U4616/C (NAND3X1)                                     0.013275  0.000000   0.850472 f
  table_i/U4616/Y (NAND3X1)                                     0.032996  0.028606   0.879079 r
  table_i/n2861 (net)                           1     0.001539            0.000000   0.879079 r
  table_i/U4055/A (BUFX2)                                       0.032996  0.000000   0.879079 r
  table_i/U4055/Y (BUFX2)                                       0.021587  0.042979   0.922058 r
  table_i/n4747 (net)                           3     0.007593            0.000000   0.922058 r
  table_i/U4903/A (INVX1)                                       0.021587  0.000000   0.922058 r
  table_i/U4903/Y (INVX1)                                       0.023891  0.027775   0.949832 f
  table_i/n6676 (net)                           3     0.006543            0.000000   0.949832 f
  table_i/U4615/A (NAND2X1)                                     0.023891  0.000000   0.949832 f
  table_i/U4615/Y (NAND2X1)                                     0.045310  0.037379   0.987212 r
  table_i/n2862 (net)                           2     0.004417            0.000000   0.987212 r
  table_i/U4614/A (NAND3X1)                                     0.045310  0.000000   0.987212 r
  table_i/U4614/Y (NAND3X1)                                     0.022781  0.026427   1.013638 f
  table_i/n2850 (net)                           2     0.004594            0.000000   1.013638 f
  table_i/U4527/A (AND2X2)                                      0.022781  0.000000   1.013638 f
  table_i/U4527/Y (AND2X2)                                      0.000854  0.035413   1.049052 f
  table_i/n2857 (net)                           1     0.001476            0.000000   1.049052 f
  table_i/U4528/A (INVX1)                                       0.000854  0.000000   1.049052 f
  table_i/U4528/Y (INVX1)                                       0.008648  0.019216   1.068268 r
  table_i/n5010 (net)                           3     0.008868            0.000000   1.068268 r
  table_i/U4612/C (NOR3X1)                                      0.008648  0.000000   1.068268 r
  table_i/U4612/Y (NOR3X1)                                      0.046086  0.033406   1.101674 f
  table_i/n2840 (net)                           3     0.009201            0.000000   1.101674 f
  table_i/U4611/B (NOR3X1)                                      0.046086  0.000000   1.101674 f
  table_i/U4611/Y (NOR3X1)                                      0.080078  0.066831   1.168505 r
  table_i/n2860 (net)                           3     0.008214            0.000000   1.168505 r
  table_i/U4777/A (AND2X1)                                      0.080078  0.000000   1.168505 r
  table_i/U4777/Y (AND2X1)                                      0.061057  0.047437   1.215942 r
  table_i/n2854 (net)                           3     0.007860            0.000000   1.215942 r
  table_i/U4778/A (INVX1)                                       0.061057  0.000000   1.215942 r
  table_i/U4778/Y (INVX1)                                       0.021423  0.038611   1.254553 f
  table_i/n5132 (net)                           3     0.006628            0.000000   1.254553 f
  table_i/U4609/A (NAND3X1)                                     0.021423  0.000000   1.254553 f
  table_i/U4609/Y (NAND3X1)                                     0.045838  0.045568   1.300120 r
  table_i/n2858 (net)                           2     0.004099            0.000000   1.300120 r
  table_i/U4608/A (NAND3X1)                                     0.045838  0.000000   1.300120 r
  table_i/U4608/Y (NAND3X1)                                     0.015564  0.021307   1.321427 f
  table_i/n2859 (net)                           1     0.001476            0.000000   1.321427 f
  table_i/U4990/A (INVX1)                                       0.015564  0.000000   1.321427 f
  table_i/U4990/Y (INVX1)                                       0.000000  0.012691   1.334118 r
  table_i/n6674 (net)                           2     0.005253            0.000000   1.334118 r
  table_i/U4524/A (AND2X1)                                      0.000000  0.000000   1.334118 r
  table_i/U4524/Y (AND2X1)                                      0.042997  0.036392   1.370510 r
  table_i/n2853 (net)                           2     0.004076            0.000000   1.370510 r
  table_i/U4526/A (INVX1)                                       0.042997  0.000000   1.370510 r
  table_i/U4526/Y (INVX1)                                       0.014706  0.028292   1.398801 f
  table_i/n5009 (net)                           2     0.003971            0.000000   1.398801 f
  table_i/U4606/A (NAND3X1)                                     0.014706  0.000000   1.398801 f
  table_i/U4606/Y (NAND3X1)                                     0.042657  0.041370   1.440171 r
  table_i/n2843 (net)                           2     0.003420            0.000000   1.440171 r
  table_i/U617/A (INVX1)                                        0.042657  0.000000   1.440171 r
  table_i/U617/Y (INVX1)                                        0.009724  0.024780   1.464951 f
  table_i/n5 (net)                              1     0.002301            0.000000   1.464951 f
  table_i/U603/A (OR2X2)                                        0.009724  0.000000   1.464951 f
  table_i/U603/Y (OR2X2)                                        0.005037  0.037620   1.502571 f
  table_i/n3 (net)                              1     0.002247            0.000000   1.502571 f
  table_i/U598/B (OR2X1)                                        0.005037  0.000000   1.502571 f
  table_i/U598/Y (OR2X1)                                        0.022653  0.054631   1.557202 f
  table_i/n2 (net)                              2     0.005568            0.000000   1.557202 f
  table_i/U298/B (OR2X2)                                        0.022653  0.000000   1.557202 f
  table_i/U298/Y (OR2X2)                                        0.009932  0.049556   1.606758 f
  table_i/n2856 (net)                           1     0.003226            0.000000   1.606758 f
  table_i/U4604/C (NOR3X1)                                      0.009932  0.000000   1.606758 f
  table_i/U4604/Y (NOR3X1)                                      0.060517  0.031637   1.638395 r
  table_i/n2855 (net)                           2     0.004583            0.000000   1.638395 r
  table_i/U4989/A (AND2X1)                                      0.060517  0.000000   1.638395 r
  table_i/U4989/Y (AND2X1)                                      0.047293  0.038745   1.677140 r
  table_i/n2835 (net)                           2     0.005016            0.000000   1.677140 r
  table_i/U4775/A (AND2X1)                                      0.047293  0.000000   1.677140 r
  table_i/U4775/Y (AND2X1)                                      0.056970  0.045067   1.722207 r
  table_i/n2834 (net)                           3     0.007000            0.000000   1.722207 r
  table_i/U4776/A (INVX1)                                       0.056970  0.000000   1.722207 r
  table_i/U4776/Y (INVX1)                                       0.020284  0.036539   1.758746 f
  table_i/n5131 (net)                           3     0.006155            0.000000   1.758746 f
  table_i/U294/A (AND2X2)                                       0.020284  0.000000   1.758746 f
  table_i/U294/Y (AND2X2)                                       0.000000  0.035572   1.794318 f
  table_i/n2836 (net)                           1     0.002209            0.000000   1.794318 f
  table_i/U4594/A (NAND3X1)                                     0.000000  0.000000   1.794318 f
  table_i/U4594/Y (NAND3X1)                                     0.032964  0.030960   1.825279 r
  table_i/n1412 (net)                           1     0.001539            0.000000   1.825279 r
  table_i/U3435/A (BUFX2)                                       0.032964  0.000000   1.825279 r
  table_i/U3435/Y (BUFX2)                                       0.044496  0.058116   1.883394 r
  table_i/n2664 (net)                           7     0.017397            0.000000   1.883394 r
  table_i/U4993/A (INVX1)                                       0.044496  0.000000   1.883394 r
  table_i/U4993/Y (INVX1)                                       0.048486  0.051845   1.935240 f
  table_i/n6673 (net)                           6     0.015276            0.000000   1.935240 f
  table_i/U3850/A (OR2X1)                                       0.048486  0.000000   1.935240 f
  table_i/U3850/Y (OR2X1)                                       0.007125  0.041404   1.976644 f
  table_i/n1451 (net)                           1     0.001476            0.000000   1.976644 f
  table_i/U3851/A (INVX1)                                       0.007125  0.000000   1.976644 f
  table_i/U3851/Y (INVX1)                                       0.067807  0.058242   2.034886 r
  table_i/n4624 (net)                           8     0.020217            0.000000   2.034886 r
  table_i/U36/A (AND2X1)                                        0.067807  0.000000   2.034886 r
  table_i/U36/Y (AND2X1)                                        0.054307  0.043854   2.078740 r
  table_i/n6037 (net)                           3     0.006675            0.000000   2.078740 r
  table_i/U4061/A (AND2X1)                                      0.054307  0.000000   2.078740 r
  table_i/U4061/Y (AND2X1)                                      0.297843  0.210831   2.289571 r
  table_i/n1436 (net)                          20     0.060125            0.000000   2.289571 r
  table_i/U4062/A (INVX1)                                       0.297843  0.000000   2.289571 r
  table_i/U4062/Y (INVX1)                                       0.041618  0.106561   2.396131 f
  table_i/n4751 (net)                           4     0.009194            0.000000   2.396131 f
  table_i/U604/A (AND2X1)                                       0.041618  0.000000   2.396131 f
  table_i/U604/Y (AND2X1)                                       0.022364  0.048556   2.444687 f
  table_i/n6034 (net)                           4     0.007793            0.000000   2.444687 f
  table_i/U4867/A (INVX1)                                       0.022364  0.000000   2.444687 f
  table_i/U4867/Y (INVX1)                                       0.084918  0.073144   2.517831 r
  table_i/n5421 (net)                          11     0.023171            0.000000   2.517831 r
  table_i/U4829/A (INVX1)                                       0.084918  0.000000   2.517831 r
  table_i/U4829/Y (INVX1)                                       0.141282  0.127563   2.645394 f
  table_i/n5419 (net)                          22     0.047017            0.000000   2.645394 f
  table_i/U3830/B (AND2X1)                                      0.141282  0.000000   2.645394 f
  table_i/U3830/Y (AND2X1)                                      0.018459  0.066128   2.711522 f
  table_i/n2795 (net)                           3     0.005365            0.000000   2.711522 f
  table_i/U1741/B (NAND2X1)                                     0.018459  0.000000   2.711522 f
  table_i/U1741/Y (NAND2X1)                                     0.033487  0.014609   2.726131 r
  table_i/n977 (net)                            1     0.002027            0.000000   2.726131 r
  table_i/U1740/B (NAND2X1)                                     0.033487  0.000000   2.726131 r
  table_i/U1740/Y (NAND2X1)                                     0.018062  0.018844   2.744975 f
  table_i/n3389 (net)                           1     0.001290            0.000000   2.744975 f
  table_i/done_reg_7_/D (DFFPOSX1)                              0.018062  0.000000   2.744975 f
  data arrival time                                                                  2.744975

  clock core_clk (rise edge)                                              3.000000   3.000000
  clock network delay (ideal)                                             0.000000   3.000000
  clock uncertainty                                                       -0.100000  2.900000
  table_i/done_reg_7_/CLK (DFFPOSX1)                                      0.000000   2.900000 r
  library setup time                                                      -0.058450  2.841550
  data required time                                                                 2.841550
  ----------------------------------------------------------------------------------------------
  data required time                                                                 2.841550
  data arrival time                                                                  -2.744975
  ----------------------------------------------------------------------------------------------
  slack (MET)                                                                        0.096575


  Startpoint: table_i/occupied_reg_0_
              (rising edge-triggered flip-flop clocked by core_clk)
  Endpoint: table_i/done_reg_1_
            (rising edge-triggered flip-flop clocked by core_clk)
  Path Group: core_clk
  Path Type: max

  Point                                       Fanout       Cap     Trans      Incr       Path
  ----------------------------------------------------------------------------------------------
  clock core_clk (rise edge)                                              0.000000   0.000000
  clock network delay (ideal)                                             0.000000   0.000000
  table_i/occupied_reg_0_/CLK (DFFPOSX1)                        0.000000  0.000000 # 0.000000 r
  table_i/occupied_reg_0_/Q (DFFPOSX1)                          0.076301  0.145385   0.145385 f
  table_i/occupied[0] (net)                    18     0.044865            0.000000   0.145385 f
  table_i/U5286/A (INVX1)                                       0.076301  0.000000   0.145385 f
  table_i/U5286/Y (INVX1)                                       0.001408  0.033918   0.179304 r
  table_i/n6679 (net)                           2     0.005166            0.000000   0.179304 r
  table_i/U4785/B (OR2X1)                                       0.001408  0.000000   0.179304 r
  table_i/U4785/Y (OR2X1)                                       0.018783  0.046779   0.226083 r
  table_i/n2863 (net)                           1     0.001551            0.000000   0.226083 r
  table_i/U4786/A (INVX1)                                       0.018783  0.000000   0.226083 r
  table_i/U4786/Y (INVX1)                                       0.039568  0.037635   0.263718 f
  table_i/n5136 (net)                           5     0.011720            0.000000   0.263718 f
  table_i/U4506/A (AND2X1)                                      0.039568  0.000000   0.263718 f
  table_i/U4506/Y (AND2X1)                                      0.015151  0.035072   0.298790 f
  table_i/n2868 (net)                           1     0.001476            0.000000   0.298790 f
  table_i/U4508/A (INVX1)                                       0.015151  0.000000   0.298790 f
  table_i/U4508/Y (INVX1)                                       0.000000  0.011204   0.309994 r
  table_i/n5003 (net)                           2     0.004839            0.000000   0.309994 r
  table_i/U4623/A (NAND3X1)                                     0.000000  0.000000   0.309994 r
  table_i/U4623/Y (NAND3X1)                                     0.015678  0.015351   0.325344 f
  table_i/n2852 (net)                           1     0.001504            0.000000   0.325344 f
  table_i/U3826/A (BUFX2)                                       0.015678  0.000000   0.325344 f
  table_i/U3826/Y (BUFX2)                                       0.004878  0.035462   0.360806 f
  table_i/n4614 (net)                           2     0.003647            0.000000   0.360806 f
  table_i/U2975/B (AND2X1)                                      0.004878  0.000000   0.360806 f
  table_i/U2975/Y (AND2X1)                                      0.040568  0.059742   0.420548 f
  table_i/n2837 (net)                           4     0.010472            0.000000   0.420548 f
  table_i/U4622/C (NAND3X1)                                     0.040568  0.000000   0.420548 f
  table_i/U4622/Y (NAND3X1)                                     0.033834  0.035561   0.456109 r
  table_i/n2865 (net)                           1     0.001539            0.000000   0.456109 r
  table_i/U2973/A (BUFX2)                                       0.033834  0.000000   0.456109 r
  table_i/U2973/Y (BUFX2)                                       0.015926  0.039236   0.495345 r
  table_i/n2534 (net)                           2     0.005124            0.000000   0.495345 r
  table_i/U4621/B (NAND3X1)                                     0.015926  0.000000   0.495345 r
  table_i/U4621/Y (NAND3X1)                                     0.015178  0.013641   0.508986 f
  table_i/n2867 (net)                           1     0.001476            0.000000   0.508986 f
  table_i/U4988/A (INVX1)                                       0.015178  0.000000   0.508986 f
  table_i/U4988/Y (INVX1)                                       0.004292  0.020148   0.529135 r
  table_i/n6678 (net)                           3     0.007595            0.000000   0.529135 r
  table_i/U4533/A (AND2X1)                                      0.004292  0.000000   0.529135 r
  table_i/U4533/Y (AND2X1)                                      0.030895  0.028467   0.557602 r
  table_i/n2851 (net)                           1     0.001551            0.000000   0.557602 r
  table_i/U4534/A (INVX1)                                       0.030895  0.000000   0.557602 r
  table_i/U4534/Y (INVX1)                                       0.027631  0.033289   0.590891 f
  table_i/n5012 (net)                           4     0.008006            0.000000   0.590891 f
  table_i/U4619/A (NAND3X1)                                     0.027631  0.000000   0.590891 f
  table_i/U4619/Y (NAND3X1)                                     0.033834  0.039598   0.630489 r
  table_i/n2842 (net)                           1     0.001539            0.000000   0.630489 r
  table_i/U3833/A (BUFX2)                                       0.033834  0.000000   0.630489 r
  table_i/U3833/Y (BUFX2)                                       0.021395  0.042852   0.673340 r
  table_i/n4617 (net)                           3     0.007467            0.000000   0.673340 r
  table_i/U2172/A (AND2X1)                                      0.021395  0.000000   0.673340 r
  table_i/U2172/Y (AND2X1)                                      0.037301  0.032706   0.706046 r
  table_i/n2866 (net)                           1     0.002961            0.000000   0.706046 r
  table_i/U4618/C (NAND3X1)                                     0.037301  0.000000   0.706046 r
  table_i/U4618/Y (NAND3X1)                                     0.015678  0.015314   0.721360 f
  table_i/n2841 (net)                           1     0.001504            0.000000   0.721360 f
  table_i/U4284/A (BUFX2)                                       0.015678  0.000000   0.721360 f
  table_i/U4284/Y (BUFX2)                                       0.009083  0.038625   0.759985 f
  table_i/n4884 (net)                           3     0.006680            0.000000   0.759985 f
  table_i/U4617/A (NAND3X1)                                     0.009083  0.000000   0.759985 f
  table_i/U4617/Y (NAND3X1)                                     0.033980  0.033799   0.793785 r
  table_i/n2844 (net)                           1     0.001539            0.000000   0.793785 r
  table_i/U2561/A (BUFX2)                                       0.033980  0.000000   0.793785 r
  table_i/U2561/Y (BUFX2)                                       0.014658  0.038397   0.832182 r
  table_i/n1671 (net)                           2     0.004572            0.000000   0.832182 r
  table_i/U4987/A (INVX1)                                       0.014658  0.000000   0.832182 r
  table_i/U4987/Y (INVX1)                                       0.013275  0.018291   0.850472 f
  table_i/n6677 (net)                           1     0.002832            0.000000   0.850472 f
  table_i/U4616/C (NAND3X1)                                     0.013275  0.000000   0.850472 f
  table_i/U4616/Y (NAND3X1)                                     0.032996  0.028606   0.879079 r
  table_i/n2861 (net)                           1     0.001539            0.000000   0.879079 r
  table_i/U4055/A (BUFX2)                                       0.032996  0.000000   0.879079 r
  table_i/U4055/Y (BUFX2)                                       0.021587  0.042979   0.922058 r
  table_i/n4747 (net)                           3     0.007593            0.000000   0.922058 r
  table_i/U4903/A (INVX1)                                       0.021587  0.000000   0.922058 r
  table_i/U4903/Y (INVX1)                                       0.023891  0.027775   0.949832 f
  table_i/n6676 (net)                           3     0.006543            0.000000   0.949832 f
  table_i/U4615/A (NAND2X1)                                     0.023891  0.000000   0.949832 f
  table_i/U4615/Y (NAND2X1)                                     0.045310  0.037379   0.987212 r
  table_i/n2862 (net)                           2     0.004417            0.000000   0.987212 r
  table_i/U4614/A (NAND3X1)                                     0.045310  0.000000   0.987212 r
  table_i/U4614/Y (NAND3X1)                                     0.022781  0.026427   1.013638 f
  table_i/n2850 (net)                           2     0.004594            0.000000   1.013638 f
  table_i/U4527/A (AND2X2)                                      0.022781  0.000000   1.013638 f
  table_i/U4527/Y (AND2X2)                                      0.000854  0.035413   1.049052 f
  table_i/n2857 (net)                           1     0.001476            0.000000   1.049052 f
  table_i/U4528/A (INVX1)                                       0.000854  0.000000   1.049052 f
  table_i/U4528/Y (INVX1)                                       0.008648  0.019216   1.068268 r
  table_i/n5010 (net)                           3     0.008868            0.000000   1.068268 r
  table_i/U4612/C (NOR3X1)                                      0.008648  0.000000   1.068268 r
  table_i/U4612/Y (NOR3X1)                                      0.046086  0.033406   1.101674 f
  table_i/n2840 (net)                           3     0.009201            0.000000   1.101674 f
  table_i/U4611/B (NOR3X1)                                      0.046086  0.000000   1.101674 f
  table_i/U4611/Y (NOR3X1)                                      0.080078  0.066831   1.168505 r
  table_i/n2860 (net)                           3     0.008214            0.000000   1.168505 r
  table_i/U4777/A (AND2X1)                                      0.080078  0.000000   1.168505 r
  table_i/U4777/Y (AND2X1)                                      0.061057  0.047437   1.215942 r
  table_i/n2854 (net)                           3     0.007860            0.000000   1.215942 r
  table_i/U4778/A (INVX1)                                       0.061057  0.000000   1.215942 r
  table_i/U4778/Y (INVX1)                                       0.021423  0.038611   1.254553 f
  table_i/n5132 (net)                           3     0.006628            0.000000   1.254553 f
  table_i/U4609/A (NAND3X1)                                     0.021423  0.000000   1.254553 f
  table_i/U4609/Y (NAND3X1)                                     0.045838  0.045568   1.300120 r
  table_i/n2858 (net)                           2     0.004099            0.000000   1.300120 r
  table_i/U4608/A (NAND3X1)                                     0.045838  0.000000   1.300120 r
  table_i/U4608/Y (NAND3X1)                                     0.015564  0.021307   1.321427 f
  table_i/n2859 (net)                           1     0.001476            0.000000   1.321427 f
  table_i/U4990/A (INVX1)                                       0.015564  0.000000   1.321427 f
  table_i/U4990/Y (INVX1)                                       0.000000  0.012691   1.334118 r
  table_i/n6674 (net)                           2     0.005253            0.000000   1.334118 r
  table_i/U4524/A (AND2X1)                                      0.000000  0.000000   1.334118 r
  table_i/U4524/Y (AND2X1)                                      0.042997  0.036392   1.370510 r
  table_i/n2853 (net)                           2     0.004076            0.000000   1.370510 r
  table_i/U4526/A (INVX1)                                       0.042997  0.000000   1.370510 r
  table_i/U4526/Y (INVX1)                                       0.014706  0.028292   1.398801 f
  table_i/n5009 (net)                           2     0.003971            0.000000   1.398801 f
  table_i/U4606/A (NAND3X1)                                     0.014706  0.000000   1.398801 f
  table_i/U4606/Y (NAND3X1)                                     0.042657  0.041370   1.440171 r
  table_i/n2843 (net)                           2     0.003420            0.000000   1.440171 r
  table_i/U617/A (INVX1)                                        0.042657  0.000000   1.440171 r
  table_i/U617/Y (INVX1)                                        0.009724  0.024780   1.464951 f
  table_i/n5 (net)                              1     0.002301            0.000000   1.464951 f
  table_i/U603/A (OR2X2)                                        0.009724  0.000000   1.464951 f
  table_i/U603/Y (OR2X2)                                        0.005037  0.037620   1.502571 f
  table_i/n3 (net)                              1     0.002247            0.000000   1.502571 f
  table_i/U598/B (OR2X1)                                        0.005037  0.000000   1.502571 f
  table_i/U598/Y (OR2X1)                                        0.022653  0.054631   1.557202 f
  table_i/n2 (net)                              2     0.005568            0.000000   1.557202 f
  table_i/U298/B (OR2X2)                                        0.022653  0.000000   1.557202 f
  table_i/U298/Y (OR2X2)                                        0.009932  0.049556   1.606758 f
  table_i/n2856 (net)                           1     0.003226            0.000000   1.606758 f
  table_i/U4604/C (NOR3X1)                                      0.009932  0.000000   1.606758 f
  table_i/U4604/Y (NOR3X1)                                      0.060517  0.031637   1.638395 r
  table_i/n2855 (net)                           2     0.004583            0.000000   1.638395 r
  table_i/U4989/A (AND2X1)                                      0.060517  0.000000   1.638395 r
  table_i/U4989/Y (AND2X1)                                      0.047293  0.038745   1.677140 r
  table_i/n2835 (net)                           2     0.005016            0.000000   1.677140 r
  table_i/U4775/A (AND2X1)                                      0.047293  0.000000   1.677140 r
  table_i/U4775/Y (AND2X1)                                      0.056970  0.045067   1.722207 r
  table_i/n2834 (net)                           3     0.007000            0.000000   1.722207 r
  table_i/U4601/C (AOI21X1)                                     0.056970  0.000000   1.722207 r
  table_i/U4601/Y (AOI21X1)                                     0.016935  0.025413   1.747621 f
  table_i/n2846 (net)                           1     0.002209            0.000000   1.747621 f
  table_i/U4599/A (NAND3X1)                                     0.016935  0.000000   1.747621 f
  table_i/U4599/Y (NAND3X1)                                     0.034237  0.036254   1.783875 r
  table_i/n1448 (net)                           1     0.001539            0.000000   1.783875 r
  table_i/U681/A (BUFX2)                                        0.034237  0.000000   1.783875 r
  table_i/U681/Y (BUFX2)                                        0.036016  0.052519   1.836394 r
  table_i/n41 (net)                             6     0.013711            0.000000   1.836394 r
  table_i/U679/A (INVX1)                                        0.036016  0.000000   1.836394 r
  table_i/U679/Y (INVX1)                                        0.034632  0.039700   1.876094 f
  table_i/n40 (net)                             5     0.010461            0.000000   1.876094 f
  table_i/U663/B (OR2X1)                                        0.034632  0.000000   1.876094 f
  table_i/U663/Y (OR2X1)                                        0.009285  0.049643   1.925736 f
  table_i/n2831 (net)                           1     0.001476            0.000000   1.925736 f
  table_i/U665/A (INVX1)                                        0.009285  0.000000   1.925736 f
  table_i/U665/Y (INVX1)                                        0.010881  0.022803   1.948539 r
  table_i/n36 (net)                             4     0.009056            0.000000   1.948539 r
  table_i/U5809/B (NAND2X1)                                     0.010881  0.000000   1.948539 r
  table_i/U5809/Y (NAND2X1)                                     0.027078  0.018669   1.967208 f
  table_i/n5825 (net)                           2     0.004049            0.000000   1.967208 f
  table_i/U4889/A (INVX1)                                       0.027078  0.000000   1.967208 f
  table_i/U4889/Y (INVX1)                                       0.000000  0.016351   1.983559 r
  table_i/n5524 (net)                           2     0.005124            0.000000   1.983559 r
  table_i/U4754/A (AND2X1)                                      0.000000  0.000000   1.983559 r
  table_i/U4754/Y (AND2X1)                                      0.316537  0.223613   2.207172 r
  table_i/n1246 (net)                          22     0.064045            0.000000   2.207172 r
  table_i/U4755/A (INVX1)                                       0.316537  0.000000   2.207172 r
  table_i/U4755/Y (INVX1)                                       0.031243  0.098722   2.305893 f
  table_i/n5120 (net)                           2     0.003008            0.000000   2.305893 f
  table_i/U4888/A (BUFX2)                                       0.031243  0.000000   2.305893 f
  table_i/U4888/Y (BUFX2)                                       0.025429  0.052299   2.358193 f
  table_i/n5209 (net)                           7     0.016658            0.000000   2.358193 f
  table_i/U4543/A (AND2X1)                                      0.025429  0.000000   2.358193 f
  table_i/U4543/Y (AND2X1)                                      0.035666  0.055712   2.413905 f
  table_i/n6058 (net)                           7     0.012436            0.000000   2.413905 f
  table_i/U4857/A (INVX1)                                       0.035666  0.000000   2.413905 f
  table_i/U4857/Y (INVX1)                                       0.069265  0.066742   2.480647 r
  table_i/n5450 (net)                          10     0.019757            0.000000   2.480647 r
  table_i/U4809/A (INVX1)                                       0.069265  0.000000   2.480647 r
  table_i/U4809/Y (INVX1)                                       0.147327  0.126907   2.607553 f
  table_i/n5448 (net)                          23     0.048726            0.000000   2.607553 f
  table_i/U4518/B (AND2X1)                                      0.147327  0.000000   2.607553 f
  table_i/U4518/Y (AND2X1)                                      0.018109  0.066872   2.674425 f
  table_i/n2773 (net)                           3     0.005365            0.000000   2.674425 f
  table_i/U1760/B (NAND2X1)                                     0.018109  0.000000   2.674425 f
  table_i/U1760/Y (NAND2X1)                                     0.033511  0.014495   2.688921 r
  table_i/n991 (net)                            1     0.002027            0.000000   2.688921 r
  table_i/U1759/B (NAND2X1)                                     0.033511  0.000000   2.688921 r
  table_i/U1759/Y (NAND2X1)                                     0.018059  0.018849   2.707770 f
  table_i/n3395 (net)                           1     0.001290            0.000000   2.707770 f
  table_i/done_reg_1_/D (DFFPOSX1)                              0.018059  0.000000   2.707770 f
  data arrival time                                                                  2.707770

  clock core_clk (rise edge)                                              3.000000   3.000000
  clock network delay (ideal)                                             0.000000   3.000000
  clock uncertainty                                                       -0.100000  2.900000
  table_i/done_reg_1_/CLK (DFFPOSX1)                                      0.000000   2.900000 r
  library setup time                                                      -0.058450  2.841550
  data required time                                                                 2.841550
  ----------------------------------------------------------------------------------------------
  data required time                                                                 2.841550
  data arrival time                                                                  -2.707770
  ----------------------------------------------------------------------------------------------
  slack (MET)                                                                        0.133780


1
