 
****************************************
Report : timing
        -path full
        -delay max
        -input_pins
        -nets
        -max_paths 10
        -transition_time
        -capacitance
Design : mc_top_Q_DEPTH16_SCHED_POLICY0_AGING_ENABLE0
Version: R-2020.09-SP4
Date   : Tue Sep 22 18:07:22 2026
****************************************

 # A fanout number of 1000 was used for high fanout net computations.

Operating Conditions: typical   Library: gscl45nm
Wire Load Model Mode: top

  Startpoint: table_i/occupied_reg[0]
              (rising edge-triggered flip-flop clocked by core_clk)
  Endpoint: table_i/addresses_reg[9]
            (rising edge-triggered flip-flop clocked by core_clk)
  Path Group: core_clk
  Path Type: max

  Point                                       Fanout       Cap     Trans      Incr       Path
  ----------------------------------------------------------------------------------------------
  clock core_clk (rise edge)                                              0.000000   0.000000
  clock network delay (ideal)                                             0.000000   0.000000
  table_i/occupied_reg[0]/CLK (DFFPOSX1)                        0.000000  0.000000 # 0.000000 r
  table_i/occupied_reg[0]/Q (DFFPOSX1)                          0.118814  0.133234   0.133234 r
  table_i/occupied[0] (net)                    18     0.048343            0.000000   0.133234 r
  table_i/U6407/A (INVX1)                                       0.118814  0.000000   0.133234 r
  table_i/U6407/Y (INVX1)                                       0.011977  0.050524   0.183758 f
  table_i/n6628 (net)                           2     0.004820            0.000000   0.183758 f
  table_i/U5875/B (OR2X1)                                       0.011977  0.000000   0.183758 f
  table_i/U5875/Y (OR2X1)                                       0.010774  0.047123   0.230881 f
  table_i/n2863 (net)                           1     0.001476            0.000000   0.230881 f
  table_i/U5876/A (INVX1)                                       0.010774  0.000000   0.230881 f
  table_i/U5876/Y (INVX1)                                       0.032235  0.036700   0.267581 r
  table_i/n6099 (net)                           5     0.013180            0.000000   0.267581 r
  table_i/U5602/A (AND2X1)                                      0.032235  0.000000   0.267581 r
  table_i/U5602/Y (AND2X1)                                      0.030904  0.028200   0.295781 r
  table_i/n2868 (net)                           1     0.001551            0.000000   0.295781 r
  table_i/U5603/A (INVX1)                                       0.030904  0.000000   0.295781 r
  table_i/U5603/Y (INVX1)                                       0.015875  0.025244   0.321026 f
  table_i/n5960 (net)                           2     0.004080            0.000000   0.321026 f
  table_i/U4623/A (NAND3X1)                                     0.015875  0.000000   0.321026 f
  table_i/U4623/Y (NAND3X1)                                     0.033832  0.035923   0.356949 r
  table_i/n2852 (net)                           1     0.001539            0.000000   0.356949 r
  table_i/U3793/A (BUFX2)                                       0.033832  0.000000   0.356949 r
  table_i/U3793/Y (BUFX2)                                       0.014904  0.038560   0.395509 r
  table_i/n5219 (net)                           2     0.004686            0.000000   0.395509 r
  table_i/U2559/B (AND2X1)                                      0.014904  0.000000   0.395509 r
  table_i/U2559/Y (AND2X1)                                      0.075950  0.070262   0.465771 r
  table_i/n2837 (net)                           4     0.011302            0.000000   0.465771 r
  table_i/U4622/C (NAND3X1)                                     0.075950  0.000000   0.465771 r
  table_i/U4622/Y (NAND3X1)                                     0.015681  0.024338   0.490109 f
  table_i/n2865 (net)                           1     0.001504            0.000000   0.490109 f
  table_i/U4225/A (BUFX2)                                       0.015681  0.000000   0.490109 f
  table_i/U4225/Y (BUFX2)                                       0.006021  0.036323   0.526432 f
  table_i/n5339 (net)                           2     0.004471            0.000000   0.526432 f
  table_i/U4621/B (NAND3X1)                                     0.006021  0.000000   0.526432 f
  table_i/U4621/Y (NAND3X1)                                     0.034117  0.028803   0.555235 r
  table_i/n2867 (net)                           1     0.001551            0.000000   0.555235 r
  table_i/U6044/A (INVX1)                                       0.034117  0.000000   0.555235 r
  table_i/U6044/Y (INVX1)                                       0.022987  0.031133   0.586367 f
  table_i/n6627 (net)                           3     0.006530            0.000000   0.586367 f
  table_i/U5626/A (AND2X1)                                      0.022987  0.000000   0.586367 f
  table_i/U5626/Y (AND2X1)                                      0.015148  0.032445   0.618812 f
  table_i/n2851 (net)                           1     0.001476            0.000000   0.618812 f
  table_i/U5627/A (INVX1)                                       0.015148  0.000000   0.618812 f
  table_i/U5627/Y (INVX1)                                       0.015208  0.027056   0.645868 r
  table_i/n5973 (net)                           4     0.009730            0.000000   0.645868 r
  table_i/U4619/A (NAND3X1)                                     0.015208  0.000000   0.645868 r
  table_i/U4619/Y (NAND3X1)                                     0.015687  0.017342   0.663210 f
  table_i/n2842 (net)                           1     0.001504            0.000000   0.663210 f
  table_i/U4652/A (BUFX2)                                       0.015687  0.000000   0.663210 f
  table_i/U4652/Y (BUFX2)                                       0.008555  0.038229   0.701438 f
  table_i/n5467 (net)                           3     0.006298            0.000000   0.701438 f
  table_i/U2955/A (AND2X1)                                      0.008555  0.000000   0.701438 f
  table_i/U2955/Y (AND2X1)                                      0.018226  0.032994   0.734432 f
  table_i/n2866 (net)                           1     0.002832            0.000000   0.734432 f
  table_i/U4618/C (NAND3X1)                                     0.018226  0.000000   0.734432 f
  table_i/U4618/Y (NAND3X1)                                     0.033832  0.029868   0.764300 r
  table_i/n2841 (net)                           1     0.001539            0.000000   0.764300 r
  table_i/U5343/A (BUFX2)                                       0.033832  0.000000   0.764300 r
  table_i/U5343/Y (BUFX2)                                       0.021873  0.043167   0.807468 r
  table_i/n5827 (net)                           3     0.007671            0.000000   0.807468 r
  table_i/U4617/A (NAND3X1)                                     0.021873  0.000000   0.807468 r
  table_i/U4617/Y (NAND3X1)                                     0.015045  0.018215   0.825683 f
  table_i/n2844 (net)                           1     0.001504            0.000000   0.825683 f
  table_i/U3797/A (BUFX2)                                       0.015045  0.000000   0.825683 f
  table_i/U3797/Y (BUFX2)                                       0.005916  0.036209   0.861892 f
  table_i/n5221 (net)                           2     0.004487            0.000000   0.861892 f
  table_i/U6043/A (INVX1)                                       0.005916  0.000000   0.861892 f
  table_i/U6043/Y (INVX1)                                       0.000000  0.001841   0.863733 r
  table_i/n6626 (net)                           1     0.002961            0.000000   0.863733 r
  table_i/U4616/C (NAND3X1)                                     0.000000  0.000000   0.863733 r
  table_i/U4616/Y (NAND3X1)                                     0.014656  0.006604   0.870337 f
  table_i/n2861 (net)                           1     0.001504            0.000000   0.870337 f
  table_i/U5104/A (BUFX2)                                       0.014656  0.000000   0.870337 f
  table_i/U5104/Y (BUFX2)                                       0.010022  0.039268   0.909605 f
  table_i/n5703 (net)                           3     0.007498            0.000000   0.909605 f
  table_i/U5958/A (INVX1)                                       0.010022  0.000000   0.909605 f
  table_i/U5958/Y (INVX1)                                       0.003506  0.018326   0.927931 r
  table_i/n6625 (net)                           3     0.007595            0.000000   0.927931 r
  table_i/U138/A (AND2X1)                                       0.003506  0.000000   0.927931 r
  table_i/U138/Y (AND2X1)                                       0.030971  0.028475   0.956406 r
  table_i/n2862 (net)                           1     0.001551            0.000000   0.956406 r
  table_i/U139/A (INVX1)                                        0.030971  0.000000   0.956406 r
  table_i/U139/Y (INVX1)                                        0.015736  0.025171   0.981576 f
  table_i/n24 (net)                             2     0.004035            0.000000   0.981576 f
  table_i/U4614/A (NAND3X1)                                     0.015736  0.000000   0.981576 f
  table_i/U4614/Y (NAND3X1)                                     0.033817  0.035879   1.017456 r
  table_i/n2850 (net)                           1     0.001539            0.000000   1.017456 r
  table_i/U140/A (BUFX2)                                        0.033817  0.000000   1.017456 r
  table_i/U140/Y (BUFX2)                                        0.016225  0.039433   1.056889 r
  table_i/n25 (net)                             2     0.005253            0.000000   1.056889 r
  table_i/U21/A (AND2X1)                                        0.016225  0.000000   1.056889 r
  table_i/U21/Y (AND2X1)                                        0.031038  0.028353   1.085243 r
  table_i/n2857 (net)                           1     0.001551            0.000000   1.085243 r
  table_i/U5619/A (INVX1)                                       0.031038  0.000000   1.085243 r
  table_i/U5619/Y (INVX1)                                       0.029892  0.034882   1.120124 f
  table_i/n5969 (net)                           3     0.008765            0.000000   1.120124 f
  table_i/U4612/C (NOR3X1)                                      0.029892  0.000000   1.120124 f
  table_i/U4612/Y (NOR3X1)                                      0.084812  0.051158   1.171282 r
  table_i/n2840 (net)                           3     0.009190            0.000000   1.171282 r
  table_i/U4611/B (NOR3X1)                                      0.084812  0.000000   1.171282 r
  table_i/U4611/Y (NOR3X1)                                      0.041248  0.057052   1.228333 f
  table_i/n2860 (net)                           3     0.007535            0.000000   1.228333 f
  table_i/U5869/A (AND2X1)                                      0.041248  0.000000   1.228333 f
  table_i/U5869/Y (AND2X1)                                      0.032547  0.048331   1.276664 f
  table_i/n2854 (net)                           3     0.007713            0.000000   1.276664 f
  table_i/U5870/A (INVX1)                                       0.032547  0.000000   1.276664 f
  table_i/U5870/Y (INVX1)                                       0.007588  0.026699   1.303364 r
  table_i/n6096 (net)                           3     0.007723            0.000000   1.303364 r
  table_i/U4609/A (NAND3X1)                                     0.007588  0.000000   1.303364 r
  table_i/U4609/Y (NAND3X1)                                     0.015697  0.016344   1.319708 f
  table_i/n2858 (net)                           1     0.001504            0.000000   1.319708 f
  table_i/U99/A (BUFX2)                                         0.015697  0.000000   1.319708 f
  table_i/U99/Y (BUFX2)                                         0.004934  0.035506   1.355214 f
  table_i/n4 (net)                              2     0.003685            0.000000   1.355214 f
  table_i/U4608/A (NAND3X1)                                     0.004934  0.000000   1.355214 f
  table_i/U4608/Y (NAND3X1)                                     0.033628  0.032540   1.387754 r
  table_i/n2859 (net)                           1     0.001551            0.000000   1.387754 r
  table_i/U6046/A (INVX1)                                       0.033628  0.000000   1.387754 r
  table_i/U6046/Y (INVX1)                                       0.017551  0.027258   1.415011 f
  table_i/n6623 (net)                           2     0.004703            0.000000   1.415011 f
  table_i/U5614/A (AND2X1)                                      0.017551  0.000000   1.415011 f
  table_i/U5614/Y (AND2X1)                                      0.021607  0.036418   1.451429 f
  table_i/n2853 (net)                           2     0.003790            0.000000   1.451429 f
  table_i/U5615/A (INVX1)                                       0.021607  0.000000   1.451429 f
  table_i/U5615/Y (INVX1)                                       0.000000  0.013491   1.464920 r
  table_i/n5966 (net)                           2     0.004839            0.000000   1.464920 r
  table_i/U4606/A (NAND3X1)                                     0.000000  0.000000   1.464920 r
  table_i/U4606/Y (NAND3X1)                                     0.015703  0.015351   1.480271 f
  table_i/n2843 (net)                           1     0.001504            0.000000   1.480271 f
  table_i/U98/A (BUFX2)                                         0.015703  0.000000   1.480271 f
  table_i/U98/Y (BUFX2)                                         0.004406  0.035109   1.515379 f
  table_i/n3 (net)                              2     0.003303            0.000000   1.515379 f
  table_i/U141/A (INVX1)                                        0.004406  0.000000   1.515379 f
  table_i/U141/Y (INVX1)                                        0.000000  -0.000109  1.515271 r
  table_i/n26 (net)                             1     0.002525            0.000000   1.515271 r
  table_i/U90/A (OR2X1)                                         0.000000  0.000000   1.515271 r
  table_i/U90/Y (OR2X1)                                         0.023956  0.039048   1.554318 r
  table_i/n2 (net)                              1     0.002424            0.000000   1.554318 r
  table_i/U88/B (OR2X1)                                         0.023956  0.000000   1.554318 r
  table_i/U88/Y (OR2X1)                                         0.036229  0.060705   1.615024 r
  table_i/n1 (net)                              2     0.005712            0.000000   1.615024 r
  table_i/U25/B (OR2X1)                                         0.036229  0.000000   1.615024 r
  table_i/U25/Y (OR2X1)                                         0.027122  0.053857   1.668881 r
  table_i/n2856 (net)                           1     0.003288            0.000000   1.668881 r
  table_i/U4604/C (NOR3X1)                                      0.027122  0.000000   1.668881 r
  table_i/U4604/Y (NOR3X1)                                      0.032191  0.027109   1.695989 f
  table_i/n2855 (net)                           2     0.003743            0.000000   1.695989 f
  table_i/U6045/A (AND2X1)                                      0.032191  0.000000   1.695989 f
  table_i/U6045/Y (AND2X1)                                      0.022970  0.040315   1.736304 f
  table_i/n2835 (net)                           2     0.004550            0.000000   1.736304 f
  table_i/U5867/A (AND2X1)                                      0.022970  0.000000   1.736304 f
  table_i/U5867/Y (AND2X1)                                      0.030158  0.043676   1.779980 f
  table_i/n2834 (net)                           3     0.006855            0.000000   1.779980 f
  table_i/U5868/A (INVX1)                                       0.030158  0.000000   1.779980 f
  table_i/U5868/Y (INVX1)                                       0.005456  0.024732   1.804711 r
  table_i/n6095 (net)                           3     0.007376            0.000000   1.804711 r
  table_i/U4592/A (AOI21X1)                                     0.005456  0.000000   1.804711 r
  table_i/U4592/Y (AOI21X1)                                     0.014707  0.013244   1.817955 f
  table_i/n6695 (net)                           1     0.001504            0.000000   1.817955 f
  table_i/U5618/A (BUFX2)                                       0.014707  0.000000   1.817955 f
  table_i/U5618/Y (BUFX2)                                       0.016046  0.043790   1.861746 f
  table_i/req_ready (net)                       2     0.011827            0.000000   1.861746 f
  table_i/U97/B (AND2X1)                                        0.016046  0.000000   1.861746 f
  table_i/U97/Y (AND2X1)                                        0.014851  0.042803   1.904548 f
  table_i/n6155 (net)                           1     0.001476            0.000000   1.904548 f
  table_i/U6272/A (INVX1)                                       0.014851  0.000000   1.904548 f
  table_i/U6272/Y (INVX1)                                       0.199558  0.143745   2.048293 r
  table_i/n6195 (net)                          19     0.045760            0.000000   2.048293 r
  table_i/U6178/A (INVX1)                                       0.199558  0.000000   2.048293 r
  table_i/U6178/Y (INVX1)                                       0.096616  0.132600   2.180893 f
  table_i/n6622 (net)                          18     0.034515            0.000000   2.180893 f
  table_i/U5984/B (AND2X1)                                      0.096616  0.000000   2.180893 f
  table_i/U5984/Y (AND2X1)                                      0.010139  0.052686   2.233579 f
  table_i/n6136 (net)                           1     0.001476            0.000000   2.233579 f
  table_i/U5952/A (INVX1)                                       0.010139  0.000000   2.233579 f
  table_i/U5952/Y (INVX1)                                       0.409891  0.275496   2.509075 r
  table_i/n6374 (net)                          33     0.086886            0.000000   2.509075 r
  table_i/U5323/B (AND2X1)                                      0.409891  0.000000   2.509075 r
  table_i/U5323/Y (AND2X1)                                      0.647654  0.435438   2.944513 r
  table_i/n1184 (net)                          56     0.137199            0.000000   2.944513 r
  table_i/U5324/A (INVX1)                                       0.647654  0.000000   2.944513 r
  table_i/U5324/Y (INVX1)                                       0.176141  0.172103   3.116616 f
  table_i/n5817 (net)                           2     0.003788            0.000000   3.116616 f
  table_i/U5930/A (INVX1)                                       0.176141  0.000000   3.116616 f
  table_i/U5930/Y (INVX1)                                       0.807752  0.588414   3.705030 r
  table_i/n6359 (net)                          65     0.167531            0.000000   3.705030 r
  table_i/U3888/A (OAI21X1)                                     0.807752  0.000000   3.705030 r
  table_i/U3888/Y (OAI21X1)                                     0.180007  0.153826   3.858856 f
  table_i/n4318 (net)                           1     0.001290            0.000000   3.858856 f
  table_i/addresses_reg[9]/D (DFFPOSX1)                         0.180007  0.000000   3.858856 f
  data arrival time                                                                  3.858856

  clock core_clk (rise edge)                                              8.000000   8.000000
  clock network delay (ideal)                                             0.000000   8.000000
  clock uncertainty                                                       -0.100000  7.900000
  table_i/addresses_reg[9]/CLK (DFFPOSX1)                                 0.000000   7.900000 r
  library setup time                                                      -0.092189  7.807811
  data required time                                                                 7.807811
  ----------------------------------------------------------------------------------------------
  data required time                                                                 7.807811
  data arrival time                                                                  -3.858856
  ----------------------------------------------------------------------------------------------
  slack (MET)                                                                        3.948955


  Startpoint: table_i/occupied_reg[0]
              (rising edge-triggered flip-flop clocked by core_clk)
  Endpoint: table_i/addresses_reg[8]
            (rising edge-triggered flip-flop clocked by core_clk)
  Path Group: core_clk
  Path Type: max

  Point                                       Fanout       Cap     Trans      Incr       Path
  ----------------------------------------------------------------------------------------------
  clock core_clk (rise edge)                                              0.000000   0.000000
  clock network delay (ideal)                                             0.000000   0.000000
  table_i/occupied_reg[0]/CLK (DFFPOSX1)                        0.000000  0.000000 # 0.000000 r
  table_i/occupied_reg[0]/Q (DFFPOSX1)                          0.118814  0.133234   0.133234 r
  table_i/occupied[0] (net)                    18     0.048343            0.000000   0.133234 r
  table_i/U6407/A (INVX1)                                       0.118814  0.000000   0.133234 r
  table_i/U6407/Y (INVX1)                                       0.011977  0.050524   0.183758 f
  table_i/n6628 (net)                           2     0.004820            0.000000   0.183758 f
  table_i/U5875/B (OR2X1)                                       0.011977  0.000000   0.183758 f
  table_i/U5875/Y (OR2X1)                                       0.010774  0.047123   0.230881 f
  table_i/n2863 (net)                           1     0.001476            0.000000   0.230881 f
  table_i/U5876/A (INVX1)                                       0.010774  0.000000   0.230881 f
  table_i/U5876/Y (INVX1)                                       0.032235  0.036700   0.267581 r
  table_i/n6099 (net)                           5     0.013180            0.000000   0.267581 r
  table_i/U5602/A (AND2X1)                                      0.032235  0.000000   0.267581 r
  table_i/U5602/Y (AND2X1)                                      0.030904  0.028200   0.295781 r
  table_i/n2868 (net)                           1     0.001551            0.000000   0.295781 r
  table_i/U5603/A (INVX1)                                       0.030904  0.000000   0.295781 r
  table_i/U5603/Y (INVX1)                                       0.015875  0.025244   0.321026 f
  table_i/n5960 (net)                           2     0.004080            0.000000   0.321026 f
  table_i/U4623/A (NAND3X1)                                     0.015875  0.000000   0.321026 f
  table_i/U4623/Y (NAND3X1)                                     0.033832  0.035923   0.356949 r
  table_i/n2852 (net)                           1     0.001539            0.000000   0.356949 r
  table_i/U3793/A (BUFX2)                                       0.033832  0.000000   0.356949 r
  table_i/U3793/Y (BUFX2)                                       0.014904  0.038560   0.395509 r
  table_i/n5219 (net)                           2     0.004686            0.000000   0.395509 r
  table_i/U2559/B (AND2X1)                                      0.014904  0.000000   0.395509 r
  table_i/U2559/Y (AND2X1)                                      0.075950  0.070262   0.465771 r
  table_i/n2837 (net)                           4     0.011302            0.000000   0.465771 r
  table_i/U4622/C (NAND3X1)                                     0.075950  0.000000   0.465771 r
  table_i/U4622/Y (NAND3X1)                                     0.015681  0.024338   0.490109 f
  table_i/n2865 (net)                           1     0.001504            0.000000   0.490109 f
  table_i/U4225/A (BUFX2)                                       0.015681  0.000000   0.490109 f
  table_i/U4225/Y (BUFX2)                                       0.006021  0.036323   0.526432 f
  table_i/n5339 (net)                           2     0.004471            0.000000   0.526432 f
  table_i/U4621/B (NAND3X1)                                     0.006021  0.000000   0.526432 f
  table_i/U4621/Y (NAND3X1)                                     0.034117  0.028803   0.555235 r
  table_i/n2867 (net)                           1     0.001551            0.000000   0.555235 r
  table_i/U6044/A (INVX1)                                       0.034117  0.000000   0.555235 r
  table_i/U6044/Y (INVX1)                                       0.022987  0.031133   0.586367 f
  table_i/n6627 (net)                           3     0.006530            0.000000   0.586367 f
  table_i/U5626/A (AND2X1)                                      0.022987  0.000000   0.586367 f
  table_i/U5626/Y (AND2X1)                                      0.015148  0.032445   0.618812 f
  table_i/n2851 (net)                           1     0.001476            0.000000   0.618812 f
  table_i/U5627/A (INVX1)                                       0.015148  0.000000   0.618812 f
  table_i/U5627/Y (INVX1)                                       0.015208  0.027056   0.645868 r
  table_i/n5973 (net)                           4     0.009730            0.000000   0.645868 r
  table_i/U4619/A (NAND3X1)                                     0.015208  0.000000   0.645868 r
  table_i/U4619/Y (NAND3X1)                                     0.015687  0.017342   0.663210 f
  table_i/n2842 (net)                           1     0.001504            0.000000   0.663210 f
  table_i/U4652/A (BUFX2)                                       0.015687  0.000000   0.663210 f
  table_i/U4652/Y (BUFX2)                                       0.008555  0.038229   0.701438 f
  table_i/n5467 (net)                           3     0.006298            0.000000   0.701438 f
  table_i/U2955/A (AND2X1)                                      0.008555  0.000000   0.701438 f
  table_i/U2955/Y (AND2X1)                                      0.018226  0.032994   0.734432 f
  table_i/n2866 (net)                           1     0.002832            0.000000   0.734432 f
  table_i/U4618/C (NAND3X1)                                     0.018226  0.000000   0.734432 f
  table_i/U4618/Y (NAND3X1)                                     0.033832  0.029868   0.764300 r
  table_i/n2841 (net)                           1     0.001539            0.000000   0.764300 r
  table_i/U5343/A (BUFX2)                                       0.033832  0.000000   0.764300 r
  table_i/U5343/Y (BUFX2)                                       0.021873  0.043167   0.807468 r
  table_i/n5827 (net)                           3     0.007671            0.000000   0.807468 r
  table_i/U4617/A (NAND3X1)                                     0.021873  0.000000   0.807468 r
  table_i/U4617/Y (NAND3X1)                                     0.015045  0.018215   0.825683 f
  table_i/n2844 (net)                           1     0.001504            0.000000   0.825683 f
  table_i/U3797/A (BUFX2)                                       0.015045  0.000000   0.825683 f
  table_i/U3797/Y (BUFX2)                                       0.005916  0.036209   0.861892 f
  table_i/n5221 (net)                           2     0.004487            0.000000   0.861892 f
  table_i/U6043/A (INVX1)                                       0.005916  0.000000   0.861892 f
  table_i/U6043/Y (INVX1)                                       0.000000  0.001841   0.863733 r
  table_i/n6626 (net)                           1     0.002961            0.000000   0.863733 r
  table_i/U4616/C (NAND3X1)                                     0.000000  0.000000   0.863733 r
  table_i/U4616/Y (NAND3X1)                                     0.014656  0.006604   0.870337 f
  table_i/n2861 (net)                           1     0.001504            0.000000   0.870337 f
  table_i/U5104/A (BUFX2)                                       0.014656  0.000000   0.870337 f
  table_i/U5104/Y (BUFX2)                                       0.010022  0.039268   0.909605 f
  table_i/n5703 (net)                           3     0.007498            0.000000   0.909605 f
  table_i/U5958/A (INVX1)                                       0.010022  0.000000   0.909605 f
  table_i/U5958/Y (INVX1)                                       0.003506  0.018326   0.927931 r
  table_i/n6625 (net)                           3     0.007595            0.000000   0.927931 r
  table_i/U138/A (AND2X1)                                       0.003506  0.000000   0.927931 r
  table_i/U138/Y (AND2X1)                                       0.030971  0.028475   0.956406 r
  table_i/n2862 (net)                           1     0.001551            0.000000   0.956406 r
  table_i/U139/A (INVX1)                                        0.030971  0.000000   0.956406 r
  table_i/U139/Y (INVX1)                                        0.015736  0.025171   0.981576 f
  table_i/n24 (net)                             2     0.004035            0.000000   0.981576 f
  table_i/U4614/A (NAND3X1)                                     0.015736  0.000000   0.981576 f
  table_i/U4614/Y (NAND3X1)                                     0.033817  0.035879   1.017456 r
  table_i/n2850 (net)                           1     0.001539            0.000000   1.017456 r
  table_i/U140/A (BUFX2)                                        0.033817  0.000000   1.017456 r
  table_i/U140/Y (BUFX2)                                        0.016225  0.039433   1.056889 r
  table_i/n25 (net)                             2     0.005253            0.000000   1.056889 r
  table_i/U21/A (AND2X1)                                        0.016225  0.000000   1.056889 r
  table_i/U21/Y (AND2X1)                                        0.031038  0.028353   1.085243 r
  table_i/n2857 (net)                           1     0.001551            0.000000   1.085243 r
  table_i/U5619/A (INVX1)                                       0.031038  0.000000   1.085243 r
  table_i/U5619/Y (INVX1)                                       0.029892  0.034882   1.120124 f
  table_i/n5969 (net)                           3     0.008765            0.000000   1.120124 f
  table_i/U4612/C (NOR3X1)                                      0.029892  0.000000   1.120124 f
  table_i/U4612/Y (NOR3X1)                                      0.084812  0.051158   1.171282 r
  table_i/n2840 (net)                           3     0.009190            0.000000   1.171282 r
  table_i/U4611/B (NOR3X1)                                      0.084812  0.000000   1.171282 r
  table_i/U4611/Y (NOR3X1)                                      0.041248  0.057052   1.228333 f
  table_i/n2860 (net)                           3     0.007535            0.000000   1.228333 f
  table_i/U5869/A (AND2X1)                                      0.041248  0.000000   1.228333 f
  table_i/U5869/Y (AND2X1)                                      0.032547  0.048331   1.276664 f
  table_i/n2854 (net)                           3     0.007713            0.000000   1.276664 f
  table_i/U5870/A (INVX1)                                       0.032547  0.000000   1.276664 f
  table_i/U5870/Y (INVX1)                                       0.007588  0.026699   1.303364 r
  table_i/n6096 (net)                           3     0.007723            0.000000   1.303364 r
  table_i/U4609/A (NAND3X1)                                     0.007588  0.000000   1.303364 r
  table_i/U4609/Y (NAND3X1)                                     0.015697  0.016344   1.319708 f
  table_i/n2858 (net)                           1     0.001504            0.000000   1.319708 f
  table_i/U99/A (BUFX2)                                         0.015697  0.000000   1.319708 f
  table_i/U99/Y (BUFX2)                                         0.004934  0.035506   1.355214 f
  table_i/n4 (net)                              2     0.003685            0.000000   1.355214 f
  table_i/U4608/A (NAND3X1)                                     0.004934  0.000000   1.355214 f
  table_i/U4608/Y (NAND3X1)                                     0.033628  0.032540   1.387754 r
  table_i/n2859 (net)                           1     0.001551            0.000000   1.387754 r
  table_i/U6046/A (INVX1)                                       0.033628  0.000000   1.387754 r
  table_i/U6046/Y (INVX1)                                       0.017551  0.027258   1.415011 f
  table_i/n6623 (net)                           2     0.004703            0.000000   1.415011 f
  table_i/U5614/A (AND2X1)                                      0.017551  0.000000   1.415011 f
  table_i/U5614/Y (AND2X1)                                      0.021607  0.036418   1.451429 f
  table_i/n2853 (net)                           2     0.003790            0.000000   1.451429 f
  table_i/U5615/A (INVX1)                                       0.021607  0.000000   1.451429 f
  table_i/U5615/Y (INVX1)                                       0.000000  0.013491   1.464920 r
  table_i/n5966 (net)                           2     0.004839            0.000000   1.464920 r
  table_i/U4606/A (NAND3X1)                                     0.000000  0.000000   1.464920 r
  table_i/U4606/Y (NAND3X1)                                     0.015703  0.015351   1.480271 f
  table_i/n2843 (net)                           1     0.001504            0.000000   1.480271 f
  table_i/U98/A (BUFX2)                                         0.015703  0.000000   1.480271 f
  table_i/U98/Y (BUFX2)                                         0.004406  0.035109   1.515379 f
  table_i/n3 (net)                              2     0.003303            0.000000   1.515379 f
  table_i/U141/A (INVX1)                                        0.004406  0.000000   1.515379 f
  table_i/U141/Y (INVX1)                                        0.000000  -0.000109  1.515271 r
  table_i/n26 (net)                             1     0.002525            0.000000   1.515271 r
  table_i/U90/A (OR2X1)                                         0.000000  0.000000   1.515271 r
  table_i/U90/Y (OR2X1)                                         0.023956  0.039048   1.554318 r
  table_i/n2 (net)                              1     0.002424            0.000000   1.554318 r
  table_i/U88/B (OR2X1)                                         0.023956  0.000000   1.554318 r
  table_i/U88/Y (OR2X1)                                         0.036229  0.060705   1.615024 r
  table_i/n1 (net)                              2     0.005712            0.000000   1.615024 r
  table_i/U25/B (OR2X1)                                         0.036229  0.000000   1.615024 r
  table_i/U25/Y (OR2X1)                                         0.027122  0.053857   1.668881 r
  table_i/n2856 (net)                           1     0.003288            0.000000   1.668881 r
  table_i/U4604/C (NOR3X1)                                      0.027122  0.000000   1.668881 r
  table_i/U4604/Y (NOR3X1)                                      0.032191  0.027109   1.695989 f
  table_i/n2855 (net)                           2     0.003743            0.000000   1.695989 f
  table_i/U6045/A (AND2X1)                                      0.032191  0.000000   1.695989 f
  table_i/U6045/Y (AND2X1)                                      0.022970  0.040315   1.736304 f
  table_i/n2835 (net)                           2     0.004550            0.000000   1.736304 f
  table_i/U5867/A (AND2X1)                                      0.022970  0.000000   1.736304 f
  table_i/U5867/Y (AND2X1)                                      0.030158  0.043676   1.779980 f
  table_i/n2834 (net)                           3     0.006855            0.000000   1.779980 f
  table_i/U5868/A (INVX1)                                       0.030158  0.000000   1.779980 f
  table_i/U5868/Y (INVX1)                                       0.005456  0.024732   1.804711 r
  table_i/n6095 (net)                           3     0.007376            0.000000   1.804711 r
  table_i/U4592/A (AOI21X1)                                     0.005456  0.000000   1.804711 r
  table_i/U4592/Y (AOI21X1)                                     0.014707  0.013244   1.817955 f
  table_i/n6695 (net)                           1     0.001504            0.000000   1.817955 f
  table_i/U5618/A (BUFX2)                                       0.014707  0.000000   1.817955 f
  table_i/U5618/Y (BUFX2)                                       0.016046  0.043790   1.861746 f
  table_i/req_ready (net)                       2     0.011827            0.000000   1.861746 f
  table_i/U97/B (AND2X1)                                        0.016046  0.000000   1.861746 f
  table_i/U97/Y (AND2X1)                                        0.014851  0.042803   1.904548 f
  table_i/n6155 (net)                           1     0.001476            0.000000   1.904548 f
  table_i/U6272/A (INVX1)                                       0.014851  0.000000   1.904548 f
  table_i/U6272/Y (INVX1)                                       0.199558  0.143745   2.048293 r
  table_i/n6195 (net)                          19     0.045760            0.000000   2.048293 r
  table_i/U6178/A (INVX1)                                       0.199558  0.000000   2.048293 r
  table_i/U6178/Y (INVX1)                                       0.096616  0.132600   2.180893 f
  table_i/n6622 (net)                          18     0.034515            0.000000   2.180893 f
  table_i/U5984/B (AND2X1)                                      0.096616  0.000000   2.180893 f
  table_i/U5984/Y (AND2X1)                                      0.010139  0.052686   2.233579 f
  table_i/n6136 (net)                           1     0.001476            0.000000   2.233579 f
  table_i/U5952/A (INVX1)                                       0.010139  0.000000   2.233579 f
  table_i/U5952/Y (INVX1)                                       0.409891  0.275496   2.509075 r
  table_i/n6374 (net)                          33     0.086886            0.000000   2.509075 r
  table_i/U5323/B (AND2X1)                                      0.409891  0.000000   2.509075 r
  table_i/U5323/Y (AND2X1)                                      0.647654  0.435438   2.944513 r
  table_i/n1184 (net)                          56     0.137199            0.000000   2.944513 r
  table_i/U5324/A (INVX1)                                       0.647654  0.000000   2.944513 r
  table_i/U5324/Y (INVX1)                                       0.176141  0.172103   3.116616 f
  table_i/n5817 (net)                           2     0.003788            0.000000   3.116616 f
  table_i/U5930/A (INVX1)                                       0.176141  0.000000   3.116616 f
  table_i/U5930/Y (INVX1)                                       0.807752  0.588414   3.705030 r
  table_i/n6359 (net)                          65     0.167531            0.000000   3.705030 r
  table_i/U3886/A (OAI21X1)                                     0.807752  0.000000   3.705030 r
  table_i/U3886/Y (OAI21X1)                                     0.180007  0.153826   3.858856 f
  table_i/n4317 (net)                           1     0.001290            0.000000   3.858856 f
  table_i/addresses_reg[8]/D (DFFPOSX1)                         0.180007  0.000000   3.858856 f
  data arrival time                                                                  3.858856

  clock core_clk (rise edge)                                              8.000000   8.000000
  clock network delay (ideal)                                             0.000000   8.000000
  clock uncertainty                                                       -0.100000  7.900000
  table_i/addresses_reg[8]/CLK (DFFPOSX1)                                 0.000000   7.900000 r
  library setup time                                                      -0.092189  7.807811
  data required time                                                                 7.807811
  ----------------------------------------------------------------------------------------------
  data required time                                                                 7.807811
  data arrival time                                                                  -3.858856
  ----------------------------------------------------------------------------------------------
  slack (MET)                                                                        3.948955


  Startpoint: table_i/occupied_reg[0]
              (rising edge-triggered flip-flop clocked by core_clk)
  Endpoint: table_i/addresses_reg[7]
            (rising edge-triggered flip-flop clocked by core_clk)
  Path Group: core_clk
  Path Type: max

  Point                                       Fanout       Cap     Trans      Incr       Path
  ----------------------------------------------------------------------------------------------
  clock core_clk (rise edge)                                              0.000000   0.000000
  clock network delay (ideal)                                             0.000000   0.000000
  table_i/occupied_reg[0]/CLK (DFFPOSX1)                        0.000000  0.000000 # 0.000000 r
  table_i/occupied_reg[0]/Q (DFFPOSX1)                          0.118814  0.133234   0.133234 r
  table_i/occupied[0] (net)                    18     0.048343            0.000000   0.133234 r
  table_i/U6407/A (INVX1)                                       0.118814  0.000000   0.133234 r
  table_i/U6407/Y (INVX1)                                       0.011977  0.050524   0.183758 f
  table_i/n6628 (net)                           2     0.004820            0.000000   0.183758 f
  table_i/U5875/B (OR2X1)                                       0.011977  0.000000   0.183758 f
  table_i/U5875/Y (OR2X1)                                       0.010774  0.047123   0.230881 f
  table_i/n2863 (net)                           1     0.001476            0.000000   0.230881 f
  table_i/U5876/A (INVX1)                                       0.010774  0.000000   0.230881 f
  table_i/U5876/Y (INVX1)                                       0.032235  0.036700   0.267581 r
  table_i/n6099 (net)                           5     0.013180            0.000000   0.267581 r
  table_i/U5602/A (AND2X1)                                      0.032235  0.000000   0.267581 r
  table_i/U5602/Y (AND2X1)                                      0.030904  0.028200   0.295781 r
  table_i/n2868 (net)                           1     0.001551            0.000000   0.295781 r
  table_i/U5603/A (INVX1)                                       0.030904  0.000000   0.295781 r
  table_i/U5603/Y (INVX1)                                       0.015875  0.025244   0.321026 f
  table_i/n5960 (net)                           2     0.004080            0.000000   0.321026 f
  table_i/U4623/A (NAND3X1)                                     0.015875  0.000000   0.321026 f
  table_i/U4623/Y (NAND3X1)                                     0.033832  0.035923   0.356949 r
  table_i/n2852 (net)                           1     0.001539            0.000000   0.356949 r
  table_i/U3793/A (BUFX2)                                       0.033832  0.000000   0.356949 r
  table_i/U3793/Y (BUFX2)                                       0.014904  0.038560   0.395509 r
  table_i/n5219 (net)                           2     0.004686            0.000000   0.395509 r
  table_i/U2559/B (AND2X1)                                      0.014904  0.000000   0.395509 r
  table_i/U2559/Y (AND2X1)                                      0.075950  0.070262   0.465771 r
  table_i/n2837 (net)                           4     0.011302            0.000000   0.465771 r
  table_i/U4622/C (NAND3X1)                                     0.075950  0.000000   0.465771 r
  table_i/U4622/Y (NAND3X1)                                     0.015681  0.024338   0.490109 f
  table_i/n2865 (net)                           1     0.001504            0.000000   0.490109 f
  table_i/U4225/A (BUFX2)                                       0.015681  0.000000   0.490109 f
  table_i/U4225/Y (BUFX2)                                       0.006021  0.036323   0.526432 f
  table_i/n5339 (net)                           2     0.004471            0.000000   0.526432 f
  table_i/U4621/B (NAND3X1)                                     0.006021  0.000000   0.526432 f
  table_i/U4621/Y (NAND3X1)                                     0.034117  0.028803   0.555235 r
  table_i/n2867 (net)                           1     0.001551            0.000000   0.555235 r
  table_i/U6044/A (INVX1)                                       0.034117  0.000000   0.555235 r
  table_i/U6044/Y (INVX1)                                       0.022987  0.031133   0.586367 f
  table_i/n6627 (net)                           3     0.006530            0.000000   0.586367 f
  table_i/U5626/A (AND2X1)                                      0.022987  0.000000   0.586367 f
  table_i/U5626/Y (AND2X1)                                      0.015148  0.032445   0.618812 f
  table_i/n2851 (net)                           1     0.001476            0.000000   0.618812 f
  table_i/U5627/A (INVX1)                                       0.015148  0.000000   0.618812 f
  table_i/U5627/Y (INVX1)                                       0.015208  0.027056   0.645868 r
  table_i/n5973 (net)                           4     0.009730            0.000000   0.645868 r
  table_i/U4619/A (NAND3X1)                                     0.015208  0.000000   0.645868 r
  table_i/U4619/Y (NAND3X1)                                     0.015687  0.017342   0.663210 f
  table_i/n2842 (net)                           1     0.001504            0.000000   0.663210 f
  table_i/U4652/A (BUFX2)                                       0.015687  0.000000   0.663210 f
  table_i/U4652/Y (BUFX2)                                       0.008555  0.038229   0.701438 f
  table_i/n5467 (net)                           3     0.006298            0.000000   0.701438 f
  table_i/U2955/A (AND2X1)                                      0.008555  0.000000   0.701438 f
  table_i/U2955/Y (AND2X1)                                      0.018226  0.032994   0.734432 f
  table_i/n2866 (net)                           1     0.002832            0.000000   0.734432 f
  table_i/U4618/C (NAND3X1)                                     0.018226  0.000000   0.734432 f
  table_i/U4618/Y (NAND3X1)                                     0.033832  0.029868   0.764300 r
  table_i/n2841 (net)                           1     0.001539            0.000000   0.764300 r
  table_i/U5343/A (BUFX2)                                       0.033832  0.000000   0.764300 r
  table_i/U5343/Y (BUFX2)                                       0.021873  0.043167   0.807468 r
  table_i/n5827 (net)                           3     0.007671            0.000000   0.807468 r
  table_i/U4617/A (NAND3X1)                                     0.021873  0.000000   0.807468 r
  table_i/U4617/Y (NAND3X1)                                     0.015045  0.018215   0.825683 f
  table_i/n2844 (net)                           1     0.001504            0.000000   0.825683 f
  table_i/U3797/A (BUFX2)                                       0.015045  0.000000   0.825683 f
  table_i/U3797/Y (BUFX2)                                       0.005916  0.036209   0.861892 f
  table_i/n5221 (net)                           2     0.004487            0.000000   0.861892 f
  table_i/U6043/A (INVX1)                                       0.005916  0.000000   0.861892 f
  table_i/U6043/Y (INVX1)                                       0.000000  0.001841   0.863733 r
  table_i/n6626 (net)                           1     0.002961            0.000000   0.863733 r
  table_i/U4616/C (NAND3X1)                                     0.000000  0.000000   0.863733 r
  table_i/U4616/Y (NAND3X1)                                     0.014656  0.006604   0.870337 f
  table_i/n2861 (net)                           1     0.001504            0.000000   0.870337 f
  table_i/U5104/A (BUFX2)                                       0.014656  0.000000   0.870337 f
  table_i/U5104/Y (BUFX2)                                       0.010022  0.039268   0.909605 f
  table_i/n5703 (net)                           3     0.007498            0.000000   0.909605 f
  table_i/U5958/A (INVX1)                                       0.010022  0.000000   0.909605 f
  table_i/U5958/Y (INVX1)                                       0.003506  0.018326   0.927931 r
  table_i/n6625 (net)                           3     0.007595            0.000000   0.927931 r
  table_i/U138/A (AND2X1)                                       0.003506  0.000000   0.927931 r
  table_i/U138/Y (AND2X1)                                       0.030971  0.028475   0.956406 r
  table_i/n2862 (net)                           1     0.001551            0.000000   0.956406 r
  table_i/U139/A (INVX1)                                        0.030971  0.000000   0.956406 r
  table_i/U139/Y (INVX1)                                        0.015736  0.025171   0.981576 f
  table_i/n24 (net)                             2     0.004035            0.000000   0.981576 f
  table_i/U4614/A (NAND3X1)                                     0.015736  0.000000   0.981576 f
  table_i/U4614/Y (NAND3X1)                                     0.033817  0.035879   1.017456 r
  table_i/n2850 (net)                           1     0.001539            0.000000   1.017456 r
  table_i/U140/A (BUFX2)                                        0.033817  0.000000   1.017456 r
  table_i/U140/Y (BUFX2)                                        0.016225  0.039433   1.056889 r
  table_i/n25 (net)                             2     0.005253            0.000000   1.056889 r
  table_i/U21/A (AND2X1)                                        0.016225  0.000000   1.056889 r
  table_i/U21/Y (AND2X1)                                        0.031038  0.028353   1.085243 r
  table_i/n2857 (net)                           1     0.001551            0.000000   1.085243 r
  table_i/U5619/A (INVX1)                                       0.031038  0.000000   1.085243 r
  table_i/U5619/Y (INVX1)                                       0.029892  0.034882   1.120124 f
  table_i/n5969 (net)                           3     0.008765            0.000000   1.120124 f
  table_i/U4612/C (NOR3X1)                                      0.029892  0.000000   1.120124 f
  table_i/U4612/Y (NOR3X1)                                      0.084812  0.051158   1.171282 r
  table_i/n2840 (net)                           3     0.009190            0.000000   1.171282 r
  table_i/U4611/B (NOR3X1)                                      0.084812  0.000000   1.171282 r
  table_i/U4611/Y (NOR3X1)                                      0.041248  0.057052   1.228333 f
  table_i/n2860 (net)                           3     0.007535            0.000000   1.228333 f
  table_i/U5869/A (AND2X1)                                      0.041248  0.000000   1.228333 f
  table_i/U5869/Y (AND2X1)                                      0.032547  0.048331   1.276664 f
  table_i/n2854 (net)                           3     0.007713            0.000000   1.276664 f
  table_i/U5870/A (INVX1)                                       0.032547  0.000000   1.276664 f
  table_i/U5870/Y (INVX1)                                       0.007588  0.026699   1.303364 r
  table_i/n6096 (net)                           3     0.007723            0.000000   1.303364 r
  table_i/U4609/A (NAND3X1)                                     0.007588  0.000000   1.303364 r
  table_i/U4609/Y (NAND3X1)                                     0.015697  0.016344   1.319708 f
  table_i/n2858 (net)                           1     0.001504            0.000000   1.319708 f
  table_i/U99/A (BUFX2)                                         0.015697  0.000000   1.319708 f
  table_i/U99/Y (BUFX2)                                         0.004934  0.035506   1.355214 f
  table_i/n4 (net)                              2     0.003685            0.000000   1.355214 f
  table_i/U4608/A (NAND3X1)                                     0.004934  0.000000   1.355214 f
  table_i/U4608/Y (NAND3X1)                                     0.033628  0.032540   1.387754 r
  table_i/n2859 (net)                           1     0.001551            0.000000   1.387754 r
  table_i/U6046/A (INVX1)                                       0.033628  0.000000   1.387754 r
  table_i/U6046/Y (INVX1)                                       0.017551  0.027258   1.415011 f
  table_i/n6623 (net)                           2     0.004703            0.000000   1.415011 f
  table_i/U5614/A (AND2X1)                                      0.017551  0.000000   1.415011 f
  table_i/U5614/Y (AND2X1)                                      0.021607  0.036418   1.451429 f
  table_i/n2853 (net)                           2     0.003790            0.000000   1.451429 f
  table_i/U5615/A (INVX1)                                       0.021607  0.000000   1.451429 f
  table_i/U5615/Y (INVX1)                                       0.000000  0.013491   1.464920 r
  table_i/n5966 (net)                           2     0.004839            0.000000   1.464920 r
  table_i/U4606/A (NAND3X1)                                     0.000000  0.000000   1.464920 r
  table_i/U4606/Y (NAND3X1)                                     0.015703  0.015351   1.480271 f
  table_i/n2843 (net)                           1     0.001504            0.000000   1.480271 f
  table_i/U98/A (BUFX2)                                         0.015703  0.000000   1.480271 f
  table_i/U98/Y (BUFX2)                                         0.004406  0.035109   1.515379 f
  table_i/n3 (net)                              2     0.003303            0.000000   1.515379 f
  table_i/U141/A (INVX1)                                        0.004406  0.000000   1.515379 f
  table_i/U141/Y (INVX1)                                        0.000000  -0.000109  1.515271 r
  table_i/n26 (net)                             1     0.002525            0.000000   1.515271 r
  table_i/U90/A (OR2X1)                                         0.000000  0.000000   1.515271 r
  table_i/U90/Y (OR2X1)                                         0.023956  0.039048   1.554318 r
  table_i/n2 (net)                              1     0.002424            0.000000   1.554318 r
  table_i/U88/B (OR2X1)                                         0.023956  0.000000   1.554318 r
  table_i/U88/Y (OR2X1)                                         0.036229  0.060705   1.615024 r
  table_i/n1 (net)                              2     0.005712            0.000000   1.615024 r
  table_i/U25/B (OR2X1)                                         0.036229  0.000000   1.615024 r
  table_i/U25/Y (OR2X1)                                         0.027122  0.053857   1.668881 r
  table_i/n2856 (net)                           1     0.003288            0.000000   1.668881 r
  table_i/U4604/C (NOR3X1)                                      0.027122  0.000000   1.668881 r
  table_i/U4604/Y (NOR3X1)                                      0.032191  0.027109   1.695989 f
  table_i/n2855 (net)                           2     0.003743            0.000000   1.695989 f
  table_i/U6045/A (AND2X1)                                      0.032191  0.000000   1.695989 f
  table_i/U6045/Y (AND2X1)                                      0.022970  0.040315   1.736304 f
  table_i/n2835 (net)                           2     0.004550            0.000000   1.736304 f
  table_i/U5867/A (AND2X1)                                      0.022970  0.000000   1.736304 f
  table_i/U5867/Y (AND2X1)                                      0.030158  0.043676   1.779980 f
  table_i/n2834 (net)                           3     0.006855            0.000000   1.779980 f
  table_i/U5868/A (INVX1)                                       0.030158  0.000000   1.779980 f
  table_i/U5868/Y (INVX1)                                       0.005456  0.024732   1.804711 r
  table_i/n6095 (net)                           3     0.007376            0.000000   1.804711 r
  table_i/U4592/A (AOI21X1)                                     0.005456  0.000000   1.804711 r
  table_i/U4592/Y (AOI21X1)                                     0.014707  0.013244   1.817955 f
  table_i/n6695 (net)                           1     0.001504            0.000000   1.817955 f
  table_i/U5618/A (BUFX2)                                       0.014707  0.000000   1.817955 f
  table_i/U5618/Y (BUFX2)                                       0.016046  0.043790   1.861746 f
  table_i/req_ready (net)                       2     0.011827            0.000000   1.861746 f
  table_i/U97/B (AND2X1)                                        0.016046  0.000000   1.861746 f
  table_i/U97/Y (AND2X1)                                        0.014851  0.042803   1.904548 f
  table_i/n6155 (net)                           1     0.001476            0.000000   1.904548 f
  table_i/U6272/A (INVX1)                                       0.014851  0.000000   1.904548 f
  table_i/U6272/Y (INVX1)                                       0.199558  0.143745   2.048293 r
  table_i/n6195 (net)                          19     0.045760            0.000000   2.048293 r
  table_i/U6178/A (INVX1)                                       0.199558  0.000000   2.048293 r
  table_i/U6178/Y (INVX1)                                       0.096616  0.132600   2.180893 f
  table_i/n6622 (net)                          18     0.034515            0.000000   2.180893 f
  table_i/U5984/B (AND2X1)                                      0.096616  0.000000   2.180893 f
  table_i/U5984/Y (AND2X1)                                      0.010139  0.052686   2.233579 f
  table_i/n6136 (net)                           1     0.001476            0.000000   2.233579 f
  table_i/U5952/A (INVX1)                                       0.010139  0.000000   2.233579 f
  table_i/U5952/Y (INVX1)                                       0.409891  0.275496   2.509075 r
  table_i/n6374 (net)                          33     0.086886            0.000000   2.509075 r
  table_i/U5323/B (AND2X1)                                      0.409891  0.000000   2.509075 r
  table_i/U5323/Y (AND2X1)                                      0.647654  0.435438   2.944513 r
  table_i/n1184 (net)                          56     0.137199            0.000000   2.944513 r
  table_i/U5324/A (INVX1)                                       0.647654  0.000000   2.944513 r
  table_i/U5324/Y (INVX1)                                       0.176141  0.172103   3.116616 f
  table_i/n5817 (net)                           2     0.003788            0.000000   3.116616 f
  table_i/U5930/A (INVX1)                                       0.176141  0.000000   3.116616 f
  table_i/U5930/Y (INVX1)                                       0.807752  0.588414   3.705030 r
  table_i/n6359 (net)                          65     0.167531            0.000000   3.705030 r
  table_i/U3884/A (OAI21X1)                                     0.807752  0.000000   3.705030 r
  table_i/U3884/Y (OAI21X1)                                     0.180007  0.153826   3.858856 f
  table_i/n4316 (net)                           1     0.001290            0.000000   3.858856 f
  table_i/addresses_reg[7]/D (DFFPOSX1)                         0.180007  0.000000   3.858856 f
  data arrival time                                                                  3.858856

  clock core_clk (rise edge)                                              8.000000   8.000000
  clock network delay (ideal)                                             0.000000   8.000000
  clock uncertainty                                                       -0.100000  7.900000
  table_i/addresses_reg[7]/CLK (DFFPOSX1)                                 0.000000   7.900000 r
  library setup time                                                      -0.092189  7.807811
  data required time                                                                 7.807811
  ----------------------------------------------------------------------------------------------
  data required time                                                                 7.807811
  data arrival time                                                                  -3.858856
  ----------------------------------------------------------------------------------------------
  slack (MET)                                                                        3.948955


  Startpoint: table_i/occupied_reg[0]
              (rising edge-triggered flip-flop clocked by core_clk)
  Endpoint: table_i/addresses_reg[6]
            (rising edge-triggered flip-flop clocked by core_clk)
  Path Group: core_clk
  Path Type: max

  Point                                       Fanout       Cap     Trans      Incr       Path
  ----------------------------------------------------------------------------------------------
  clock core_clk (rise edge)                                              0.000000   0.000000
  clock network delay (ideal)                                             0.000000   0.000000
  table_i/occupied_reg[0]/CLK (DFFPOSX1)                        0.000000  0.000000 # 0.000000 r
  table_i/occupied_reg[0]/Q (DFFPOSX1)                          0.118814  0.133234   0.133234 r
  table_i/occupied[0] (net)                    18     0.048343            0.000000   0.133234 r
  table_i/U6407/A (INVX1)                                       0.118814  0.000000   0.133234 r
  table_i/U6407/Y (INVX1)                                       0.011977  0.050524   0.183758 f
  table_i/n6628 (net)                           2     0.004820            0.000000   0.183758 f
  table_i/U5875/B (OR2X1)                                       0.011977  0.000000   0.183758 f
  table_i/U5875/Y (OR2X1)                                       0.010774  0.047123   0.230881 f
  table_i/n2863 (net)                           1     0.001476            0.000000   0.230881 f
  table_i/U5876/A (INVX1)                                       0.010774  0.000000   0.230881 f
  table_i/U5876/Y (INVX1)                                       0.032235  0.036700   0.267581 r
  table_i/n6099 (net)                           5     0.013180            0.000000   0.267581 r
  table_i/U5602/A (AND2X1)                                      0.032235  0.000000   0.267581 r
  table_i/U5602/Y (AND2X1)                                      0.030904  0.028200   0.295781 r
  table_i/n2868 (net)                           1     0.001551            0.000000   0.295781 r
  table_i/U5603/A (INVX1)                                       0.030904  0.000000   0.295781 r
  table_i/U5603/Y (INVX1)                                       0.015875  0.025244   0.321026 f
  table_i/n5960 (net)                           2     0.004080            0.000000   0.321026 f
  table_i/U4623/A (NAND3X1)                                     0.015875  0.000000   0.321026 f
  table_i/U4623/Y (NAND3X1)                                     0.033832  0.035923   0.356949 r
  table_i/n2852 (net)                           1     0.001539            0.000000   0.356949 r
  table_i/U3793/A (BUFX2)                                       0.033832  0.000000   0.356949 r
  table_i/U3793/Y (BUFX2)                                       0.014904  0.038560   0.395509 r
  table_i/n5219 (net)                           2     0.004686            0.000000   0.395509 r
  table_i/U2559/B (AND2X1)                                      0.014904  0.000000   0.395509 r
  table_i/U2559/Y (AND2X1)                                      0.075950  0.070262   0.465771 r
  table_i/n2837 (net)                           4     0.011302            0.000000   0.465771 r
  table_i/U4622/C (NAND3X1)                                     0.075950  0.000000   0.465771 r
  table_i/U4622/Y (NAND3X1)                                     0.015681  0.024338   0.490109 f
  table_i/n2865 (net)                           1     0.001504            0.000000   0.490109 f
  table_i/U4225/A (BUFX2)                                       0.015681  0.000000   0.490109 f
  table_i/U4225/Y (BUFX2)                                       0.006021  0.036323   0.526432 f
  table_i/n5339 (net)                           2     0.004471            0.000000   0.526432 f
  table_i/U4621/B (NAND3X1)                                     0.006021  0.000000   0.526432 f
  table_i/U4621/Y (NAND3X1)                                     0.034117  0.028803   0.555235 r
  table_i/n2867 (net)                           1     0.001551            0.000000   0.555235 r
  table_i/U6044/A (INVX1)                                       0.034117  0.000000   0.555235 r
  table_i/U6044/Y (INVX1)                                       0.022987  0.031133   0.586367 f
  table_i/n6627 (net)                           3     0.006530            0.000000   0.586367 f
  table_i/U5626/A (AND2X1)                                      0.022987  0.000000   0.586367 f
  table_i/U5626/Y (AND2X1)                                      0.015148  0.032445   0.618812 f
  table_i/n2851 (net)                           1     0.001476            0.000000   0.618812 f
  table_i/U5627/A (INVX1)                                       0.015148  0.000000   0.618812 f
  table_i/U5627/Y (INVX1)                                       0.015208  0.027056   0.645868 r
  table_i/n5973 (net)                           4     0.009730            0.000000   0.645868 r
  table_i/U4619/A (NAND3X1)                                     0.015208  0.000000   0.645868 r
  table_i/U4619/Y (NAND3X1)                                     0.015687  0.017342   0.663210 f
  table_i/n2842 (net)                           1     0.001504            0.000000   0.663210 f
  table_i/U4652/A (BUFX2)                                       0.015687  0.000000   0.663210 f
  table_i/U4652/Y (BUFX2)                                       0.008555  0.038229   0.701438 f
  table_i/n5467 (net)                           3     0.006298            0.000000   0.701438 f
  table_i/U2955/A (AND2X1)                                      0.008555  0.000000   0.701438 f
  table_i/U2955/Y (AND2X1)                                      0.018226  0.032994   0.734432 f
  table_i/n2866 (net)                           1     0.002832            0.000000   0.734432 f
  table_i/U4618/C (NAND3X1)                                     0.018226  0.000000   0.734432 f
  table_i/U4618/Y (NAND3X1)                                     0.033832  0.029868   0.764300 r
  table_i/n2841 (net)                           1     0.001539            0.000000   0.764300 r
  table_i/U5343/A (BUFX2)                                       0.033832  0.000000   0.764300 r
  table_i/U5343/Y (BUFX2)                                       0.021873  0.043167   0.807468 r
  table_i/n5827 (net)                           3     0.007671            0.000000   0.807468 r
  table_i/U4617/A (NAND3X1)                                     0.021873  0.000000   0.807468 r
  table_i/U4617/Y (NAND3X1)                                     0.015045  0.018215   0.825683 f
  table_i/n2844 (net)                           1     0.001504            0.000000   0.825683 f
  table_i/U3797/A (BUFX2)                                       0.015045  0.000000   0.825683 f
  table_i/U3797/Y (BUFX2)                                       0.005916  0.036209   0.861892 f
  table_i/n5221 (net)                           2     0.004487            0.000000   0.861892 f
  table_i/U6043/A (INVX1)                                       0.005916  0.000000   0.861892 f
  table_i/U6043/Y (INVX1)                                       0.000000  0.001841   0.863733 r
  table_i/n6626 (net)                           1     0.002961            0.000000   0.863733 r
  table_i/U4616/C (NAND3X1)                                     0.000000  0.000000   0.863733 r
  table_i/U4616/Y (NAND3X1)                                     0.014656  0.006604   0.870337 f
  table_i/n2861 (net)                           1     0.001504            0.000000   0.870337 f
  table_i/U5104/A (BUFX2)                                       0.014656  0.000000   0.870337 f
  table_i/U5104/Y (BUFX2)                                       0.010022  0.039268   0.909605 f
  table_i/n5703 (net)                           3     0.007498            0.000000   0.909605 f
  table_i/U5958/A (INVX1)                                       0.010022  0.000000   0.909605 f
  table_i/U5958/Y (INVX1)                                       0.003506  0.018326   0.927931 r
  table_i/n6625 (net)                           3     0.007595            0.000000   0.927931 r
  table_i/U138/A (AND2X1)                                       0.003506  0.000000   0.927931 r
  table_i/U138/Y (AND2X1)                                       0.030971  0.028475   0.956406 r
  table_i/n2862 (net)                           1     0.001551            0.000000   0.956406 r
  table_i/U139/A (INVX1)                                        0.030971  0.000000   0.956406 r
  table_i/U139/Y (INVX1)                                        0.015736  0.025171   0.981576 f
  table_i/n24 (net)                             2     0.004035            0.000000   0.981576 f
  table_i/U4614/A (NAND3X1)                                     0.015736  0.000000   0.981576 f
  table_i/U4614/Y (NAND3X1)                                     0.033817  0.035879   1.017456 r
  table_i/n2850 (net)                           1     0.001539            0.000000   1.017456 r
  table_i/U140/A (BUFX2)                                        0.033817  0.000000   1.017456 r
  table_i/U140/Y (BUFX2)                                        0.016225  0.039433   1.056889 r
  table_i/n25 (net)                             2     0.005253            0.000000   1.056889 r
  table_i/U21/A (AND2X1)                                        0.016225  0.000000   1.056889 r
  table_i/U21/Y (AND2X1)                                        0.031038  0.028353   1.085243 r
  table_i/n2857 (net)                           1     0.001551            0.000000   1.085243 r
  table_i/U5619/A (INVX1)                                       0.031038  0.000000   1.085243 r
  table_i/U5619/Y (INVX1)                                       0.029892  0.034882   1.120124 f
  table_i/n5969 (net)                           3     0.008765            0.000000   1.120124 f
  table_i/U4612/C (NOR3X1)                                      0.029892  0.000000   1.120124 f
  table_i/U4612/Y (NOR3X1)                                      0.084812  0.051158   1.171282 r
  table_i/n2840 (net)                           3     0.009190            0.000000   1.171282 r
  table_i/U4611/B (NOR3X1)                                      0.084812  0.000000   1.171282 r
  table_i/U4611/Y (NOR3X1)                                      0.041248  0.057052   1.228333 f
  table_i/n2860 (net)                           3     0.007535            0.000000   1.228333 f
  table_i/U5869/A (AND2X1)                                      0.041248  0.000000   1.228333 f
  table_i/U5869/Y (AND2X1)                                      0.032547  0.048331   1.276664 f
  table_i/n2854 (net)                           3     0.007713            0.000000   1.276664 f
  table_i/U5870/A (INVX1)                                       0.032547  0.000000   1.276664 f
  table_i/U5870/Y (INVX1)                                       0.007588  0.026699   1.303364 r
  table_i/n6096 (net)                           3     0.007723            0.000000   1.303364 r
  table_i/U4609/A (NAND3X1)                                     0.007588  0.000000   1.303364 r
  table_i/U4609/Y (NAND3X1)                                     0.015697  0.016344   1.319708 f
  table_i/n2858 (net)                           1     0.001504            0.000000   1.319708 f
  table_i/U99/A (BUFX2)                                         0.015697  0.000000   1.319708 f
  table_i/U99/Y (BUFX2)                                         0.004934  0.035506   1.355214 f
  table_i/n4 (net)                              2     0.003685            0.000000   1.355214 f
  table_i/U4608/A (NAND3X1)                                     0.004934  0.000000   1.355214 f
  table_i/U4608/Y (NAND3X1)                                     0.033628  0.032540   1.387754 r
  table_i/n2859 (net)                           1     0.001551            0.000000   1.387754 r
  table_i/U6046/A (INVX1)                                       0.033628  0.000000   1.387754 r
  table_i/U6046/Y (INVX1)                                       0.017551  0.027258   1.415011 f
  table_i/n6623 (net)                           2     0.004703            0.000000   1.415011 f
  table_i/U5614/A (AND2X1)                                      0.017551  0.000000   1.415011 f
  table_i/U5614/Y (AND2X1)                                      0.021607  0.036418   1.451429 f
  table_i/n2853 (net)                           2     0.003790            0.000000   1.451429 f
  table_i/U5615/A (INVX1)                                       0.021607  0.000000   1.451429 f
  table_i/U5615/Y (INVX1)                                       0.000000  0.013491   1.464920 r
  table_i/n5966 (net)                           2     0.004839            0.000000   1.464920 r
  table_i/U4606/A (NAND3X1)                                     0.000000  0.000000   1.464920 r
  table_i/U4606/Y (NAND3X1)                                     0.015703  0.015351   1.480271 f
  table_i/n2843 (net)                           1     0.001504            0.000000   1.480271 f
  table_i/U98/A (BUFX2)                                         0.015703  0.000000   1.480271 f
  table_i/U98/Y (BUFX2)                                         0.004406  0.035109   1.515379 f
  table_i/n3 (net)                              2     0.003303            0.000000   1.515379 f
  table_i/U141/A (INVX1)                                        0.004406  0.000000   1.515379 f
  table_i/U141/Y (INVX1)                                        0.000000  -0.000109  1.515271 r
  table_i/n26 (net)                             1     0.002525            0.000000   1.515271 r
  table_i/U90/A (OR2X1)                                         0.000000  0.000000   1.515271 r
  table_i/U90/Y (OR2X1)                                         0.023956  0.039048   1.554318 r
  table_i/n2 (net)                              1     0.002424            0.000000   1.554318 r
  table_i/U88/B (OR2X1)                                         0.023956  0.000000   1.554318 r
  table_i/U88/Y (OR2X1)                                         0.036229  0.060705   1.615024 r
  table_i/n1 (net)                              2     0.005712            0.000000   1.615024 r
  table_i/U25/B (OR2X1)                                         0.036229  0.000000   1.615024 r
  table_i/U25/Y (OR2X1)                                         0.027122  0.053857   1.668881 r
  table_i/n2856 (net)                           1     0.003288            0.000000   1.668881 r
  table_i/U4604/C (NOR3X1)                                      0.027122  0.000000   1.668881 r
  table_i/U4604/Y (NOR3X1)                                      0.032191  0.027109   1.695989 f
  table_i/n2855 (net)                           2     0.003743            0.000000   1.695989 f
  table_i/U6045/A (AND2X1)                                      0.032191  0.000000   1.695989 f
  table_i/U6045/Y (AND2X1)                                      0.022970  0.040315   1.736304 f
  table_i/n2835 (net)                           2     0.004550            0.000000   1.736304 f
  table_i/U5867/A (AND2X1)                                      0.022970  0.000000   1.736304 f
  table_i/U5867/Y (AND2X1)                                      0.030158  0.043676   1.779980 f
  table_i/n2834 (net)                           3     0.006855            0.000000   1.779980 f
  table_i/U5868/A (INVX1)                                       0.030158  0.000000   1.779980 f
  table_i/U5868/Y (INVX1)                                       0.005456  0.024732   1.804711 r
  table_i/n6095 (net)                           3     0.007376            0.000000   1.804711 r
  table_i/U4592/A (AOI21X1)                                     0.005456  0.000000   1.804711 r
  table_i/U4592/Y (AOI21X1)                                     0.014707  0.013244   1.817955 f
  table_i/n6695 (net)                           1     0.001504            0.000000   1.817955 f
  table_i/U5618/A (BUFX2)                                       0.014707  0.000000   1.817955 f
  table_i/U5618/Y (BUFX2)                                       0.016046  0.043790   1.861746 f
  table_i/req_ready (net)                       2     0.011827            0.000000   1.861746 f
  table_i/U97/B (AND2X1)                                        0.016046  0.000000   1.861746 f
  table_i/U97/Y (AND2X1)                                        0.014851  0.042803   1.904548 f
  table_i/n6155 (net)                           1     0.001476            0.000000   1.904548 f
  table_i/U6272/A (INVX1)                                       0.014851  0.000000   1.904548 f
  table_i/U6272/Y (INVX1)                                       0.199558  0.143745   2.048293 r
  table_i/n6195 (net)                          19     0.045760            0.000000   2.048293 r
  table_i/U6178/A (INVX1)                                       0.199558  0.000000   2.048293 r
  table_i/U6178/Y (INVX1)                                       0.096616  0.132600   2.180893 f
  table_i/n6622 (net)                          18     0.034515            0.000000   2.180893 f
  table_i/U5984/B (AND2X1)                                      0.096616  0.000000   2.180893 f
  table_i/U5984/Y (AND2X1)                                      0.010139  0.052686   2.233579 f
  table_i/n6136 (net)                           1     0.001476            0.000000   2.233579 f
  table_i/U5952/A (INVX1)                                       0.010139  0.000000   2.233579 f
  table_i/U5952/Y (INVX1)                                       0.409891  0.275496   2.509075 r
  table_i/n6374 (net)                          33     0.086886            0.000000   2.509075 r
  table_i/U5323/B (AND2X1)                                      0.409891  0.000000   2.509075 r
  table_i/U5323/Y (AND2X1)                                      0.647654  0.435438   2.944513 r
  table_i/n1184 (net)                          56     0.137199            0.000000   2.944513 r
  table_i/U5324/A (INVX1)                                       0.647654  0.000000   2.944513 r
  table_i/U5324/Y (INVX1)                                       0.176141  0.172103   3.116616 f
  table_i/n5817 (net)                           2     0.003788            0.000000   3.116616 f
  table_i/U5930/A (INVX1)                                       0.176141  0.000000   3.116616 f
  table_i/U5930/Y (INVX1)                                       0.807752  0.588414   3.705030 r
  table_i/n6359 (net)                          65     0.167531            0.000000   3.705030 r
  table_i/U3882/A (OAI21X1)                                     0.807752  0.000000   3.705030 r
  table_i/U3882/Y (OAI21X1)                                     0.180007  0.153826   3.858856 f
  table_i/n4315 (net)                           1     0.001290            0.000000   3.858856 f
  table_i/addresses_reg[6]/D (DFFPOSX1)                         0.180007  0.000000   3.858856 f
  data arrival time                                                                  3.858856

  clock core_clk (rise edge)                                              8.000000   8.000000
  clock network delay (ideal)                                             0.000000   8.000000
  clock uncertainty                                                       -0.100000  7.900000
  table_i/addresses_reg[6]/CLK (DFFPOSX1)                                 0.000000   7.900000 r
  library setup time                                                      -0.092189  7.807811
  data required time                                                                 7.807811
  ----------------------------------------------------------------------------------------------
  data required time                                                                 7.807811
  data arrival time                                                                  -3.858856
  ----------------------------------------------------------------------------------------------
  slack (MET)                                                                        3.948955


  Startpoint: table_i/occupied_reg[0]
              (rising edge-triggered flip-flop clocked by core_clk)
  Endpoint: table_i/addresses_reg[5]
            (rising edge-triggered flip-flop clocked by core_clk)
  Path Group: core_clk
  Path Type: max

  Point                                       Fanout       Cap     Trans      Incr       Path
  ----------------------------------------------------------------------------------------------
  clock core_clk (rise edge)                                              0.000000   0.000000
  clock network delay (ideal)                                             0.000000   0.000000
  table_i/occupied_reg[0]/CLK (DFFPOSX1)                        0.000000  0.000000 # 0.000000 r
  table_i/occupied_reg[0]/Q (DFFPOSX1)                          0.118814  0.133234   0.133234 r
  table_i/occupied[0] (net)                    18     0.048343            0.000000   0.133234 r
  table_i/U6407/A (INVX1)                                       0.118814  0.000000   0.133234 r
  table_i/U6407/Y (INVX1)                                       0.011977  0.050524   0.183758 f
  table_i/n6628 (net)                           2     0.004820            0.000000   0.183758 f
  table_i/U5875/B (OR2X1)                                       0.011977  0.000000   0.183758 f
  table_i/U5875/Y (OR2X1)                                       0.010774  0.047123   0.230881 f
  table_i/n2863 (net)                           1     0.001476            0.000000   0.230881 f
  table_i/U5876/A (INVX1)                                       0.010774  0.000000   0.230881 f
  table_i/U5876/Y (INVX1)                                       0.032235  0.036700   0.267581 r
  table_i/n6099 (net)                           5     0.013180            0.000000   0.267581 r
  table_i/U5602/A (AND2X1)                                      0.032235  0.000000   0.267581 r
  table_i/U5602/Y (AND2X1)                                      0.030904  0.028200   0.295781 r
  table_i/n2868 (net)                           1     0.001551            0.000000   0.295781 r
  table_i/U5603/A (INVX1)                                       0.030904  0.000000   0.295781 r
  table_i/U5603/Y (INVX1)                                       0.015875  0.025244   0.321026 f
  table_i/n5960 (net)                           2     0.004080            0.000000   0.321026 f
  table_i/U4623/A (NAND3X1)                                     0.015875  0.000000   0.321026 f
  table_i/U4623/Y (NAND3X1)                                     0.033832  0.035923   0.356949 r
  table_i/n2852 (net)                           1     0.001539            0.000000   0.356949 r
  table_i/U3793/A (BUFX2)                                       0.033832  0.000000   0.356949 r
  table_i/U3793/Y (BUFX2)                                       0.014904  0.038560   0.395509 r
  table_i/n5219 (net)                           2     0.004686            0.000000   0.395509 r
  table_i/U2559/B (AND2X1)                                      0.014904  0.000000   0.395509 r
  table_i/U2559/Y (AND2X1)                                      0.075950  0.070262   0.465771 r
  table_i/n2837 (net)                           4     0.011302            0.000000   0.465771 r
  table_i/U4622/C (NAND3X1)                                     0.075950  0.000000   0.465771 r
  table_i/U4622/Y (NAND3X1)                                     0.015681  0.024338   0.490109 f
  table_i/n2865 (net)                           1     0.001504            0.000000   0.490109 f
  table_i/U4225/A (BUFX2)                                       0.015681  0.000000   0.490109 f
  table_i/U4225/Y (BUFX2)                                       0.006021  0.036323   0.526432 f
  table_i/n5339 (net)                           2     0.004471            0.000000   0.526432 f
  table_i/U4621/B (NAND3X1)                                     0.006021  0.000000   0.526432 f
  table_i/U4621/Y (NAND3X1)                                     0.034117  0.028803   0.555235 r
  table_i/n2867 (net)                           1     0.001551            0.000000   0.555235 r
  table_i/U6044/A (INVX1)                                       0.034117  0.000000   0.555235 r
  table_i/U6044/Y (INVX1)                                       0.022987  0.031133   0.586367 f
  table_i/n6627 (net)                           3     0.006530            0.000000   0.586367 f
  table_i/U5626/A (AND2X1)                                      0.022987  0.000000   0.586367 f
  table_i/U5626/Y (AND2X1)                                      0.015148  0.032445   0.618812 f
  table_i/n2851 (net)                           1     0.001476            0.000000   0.618812 f
  table_i/U5627/A (INVX1)                                       0.015148  0.000000   0.618812 f
  table_i/U5627/Y (INVX1)                                       0.015208  0.027056   0.645868 r
  table_i/n5973 (net)                           4     0.009730            0.000000   0.645868 r
  table_i/U4619/A (NAND3X1)                                     0.015208  0.000000   0.645868 r
  table_i/U4619/Y (NAND3X1)                                     0.015687  0.017342   0.663210 f
  table_i/n2842 (net)                           1     0.001504            0.000000   0.663210 f
  table_i/U4652/A (BUFX2)                                       0.015687  0.000000   0.663210 f
  table_i/U4652/Y (BUFX2)                                       0.008555  0.038229   0.701438 f
  table_i/n5467 (net)                           3     0.006298            0.000000   0.701438 f
  table_i/U2955/A (AND2X1)                                      0.008555  0.000000   0.701438 f
  table_i/U2955/Y (AND2X1)                                      0.018226  0.032994   0.734432 f
  table_i/n2866 (net)                           1     0.002832            0.000000   0.734432 f
  table_i/U4618/C (NAND3X1)                                     0.018226  0.000000   0.734432 f
  table_i/U4618/Y (NAND3X1)                                     0.033832  0.029868   0.764300 r
  table_i/n2841 (net)                           1     0.001539            0.000000   0.764300 r
  table_i/U5343/A (BUFX2)                                       0.033832  0.000000   0.764300 r
  table_i/U5343/Y (BUFX2)                                       0.021873  0.043167   0.807468 r
  table_i/n5827 (net)                           3     0.007671            0.000000   0.807468 r
  table_i/U4617/A (NAND3X1)                                     0.021873  0.000000   0.807468 r
  table_i/U4617/Y (NAND3X1)                                     0.015045  0.018215   0.825683 f
  table_i/n2844 (net)                           1     0.001504            0.000000   0.825683 f
  table_i/U3797/A (BUFX2)                                       0.015045  0.000000   0.825683 f
  table_i/U3797/Y (BUFX2)                                       0.005916  0.036209   0.861892 f
  table_i/n5221 (net)                           2     0.004487            0.000000   0.861892 f
  table_i/U6043/A (INVX1)                                       0.005916  0.000000   0.861892 f
  table_i/U6043/Y (INVX1)                                       0.000000  0.001841   0.863733 r
  table_i/n6626 (net)                           1     0.002961            0.000000   0.863733 r
  table_i/U4616/C (NAND3X1)                                     0.000000  0.000000   0.863733 r
  table_i/U4616/Y (NAND3X1)                                     0.014656  0.006604   0.870337 f
  table_i/n2861 (net)                           1     0.001504            0.000000   0.870337 f
  table_i/U5104/A (BUFX2)                                       0.014656  0.000000   0.870337 f
  table_i/U5104/Y (BUFX2)                                       0.010022  0.039268   0.909605 f
  table_i/n5703 (net)                           3     0.007498            0.000000   0.909605 f
  table_i/U5958/A (INVX1)                                       0.010022  0.000000   0.909605 f
  table_i/U5958/Y (INVX1)                                       0.003506  0.018326   0.927931 r
  table_i/n6625 (net)                           3     0.007595            0.000000   0.927931 r
  table_i/U138/A (AND2X1)                                       0.003506  0.000000   0.927931 r
  table_i/U138/Y (AND2X1)                                       0.030971  0.028475   0.956406 r
  table_i/n2862 (net)                           1     0.001551            0.000000   0.956406 r
  table_i/U139/A (INVX1)                                        0.030971  0.000000   0.956406 r
  table_i/U139/Y (INVX1)                                        0.015736  0.025171   0.981576 f
  table_i/n24 (net)                             2     0.004035            0.000000   0.981576 f
  table_i/U4614/A (NAND3X1)                                     0.015736  0.000000   0.981576 f
  table_i/U4614/Y (NAND3X1)                                     0.033817  0.035879   1.017456 r
  table_i/n2850 (net)                           1     0.001539            0.000000   1.017456 r
  table_i/U140/A (BUFX2)                                        0.033817  0.000000   1.017456 r
  table_i/U140/Y (BUFX2)                                        0.016225  0.039433   1.056889 r
  table_i/n25 (net)                             2     0.005253            0.000000   1.056889 r
  table_i/U21/A (AND2X1)                                        0.016225  0.000000   1.056889 r
  table_i/U21/Y (AND2X1)                                        0.031038  0.028353   1.085243 r
  table_i/n2857 (net)                           1     0.001551            0.000000   1.085243 r
  table_i/U5619/A (INVX1)                                       0.031038  0.000000   1.085243 r
  table_i/U5619/Y (INVX1)                                       0.029892  0.034882   1.120124 f
  table_i/n5969 (net)                           3     0.008765            0.000000   1.120124 f
  table_i/U4612/C (NOR3X1)                                      0.029892  0.000000   1.120124 f
  table_i/U4612/Y (NOR3X1)                                      0.084812  0.051158   1.171282 r
  table_i/n2840 (net)                           3     0.009190            0.000000   1.171282 r
  table_i/U4611/B (NOR3X1)                                      0.084812  0.000000   1.171282 r
  table_i/U4611/Y (NOR3X1)                                      0.041248  0.057052   1.228333 f
  table_i/n2860 (net)                           3     0.007535            0.000000   1.228333 f
  table_i/U5869/A (AND2X1)                                      0.041248  0.000000   1.228333 f
  table_i/U5869/Y (AND2X1)                                      0.032547  0.048331   1.276664 f
  table_i/n2854 (net)                           3     0.007713            0.000000   1.276664 f
  table_i/U5870/A (INVX1)                                       0.032547  0.000000   1.276664 f
  table_i/U5870/Y (INVX1)                                       0.007588  0.026699   1.303364 r
  table_i/n6096 (net)                           3     0.007723            0.000000   1.303364 r
  table_i/U4609/A (NAND3X1)                                     0.007588  0.000000   1.303364 r
  table_i/U4609/Y (NAND3X1)                                     0.015697  0.016344   1.319708 f
  table_i/n2858 (net)                           1     0.001504            0.000000   1.319708 f
  table_i/U99/A (BUFX2)                                         0.015697  0.000000   1.319708 f
  table_i/U99/Y (BUFX2)                                         0.004934  0.035506   1.355214 f
  table_i/n4 (net)                              2     0.003685            0.000000   1.355214 f
  table_i/U4608/A (NAND3X1)                                     0.004934  0.000000   1.355214 f
  table_i/U4608/Y (NAND3X1)                                     0.033628  0.032540   1.387754 r
  table_i/n2859 (net)                           1     0.001551            0.000000   1.387754 r
  table_i/U6046/A (INVX1)                                       0.033628  0.000000   1.387754 r
  table_i/U6046/Y (INVX1)                                       0.017551  0.027258   1.415011 f
  table_i/n6623 (net)                           2     0.004703            0.000000   1.415011 f
  table_i/U5614/A (AND2X1)                                      0.017551  0.000000   1.415011 f
  table_i/U5614/Y (AND2X1)                                      0.021607  0.036418   1.451429 f
  table_i/n2853 (net)                           2     0.003790            0.000000   1.451429 f
  table_i/U5615/A (INVX1)                                       0.021607  0.000000   1.451429 f
  table_i/U5615/Y (INVX1)                                       0.000000  0.013491   1.464920 r
  table_i/n5966 (net)                           2     0.004839            0.000000   1.464920 r
  table_i/U4606/A (NAND3X1)                                     0.000000  0.000000   1.464920 r
  table_i/U4606/Y (NAND3X1)                                     0.015703  0.015351   1.480271 f
  table_i/n2843 (net)                           1     0.001504            0.000000   1.480271 f
  table_i/U98/A (BUFX2)                                         0.015703  0.000000   1.480271 f
  table_i/U98/Y (BUFX2)                                         0.004406  0.035109   1.515379 f
  table_i/n3 (net)                              2     0.003303            0.000000   1.515379 f
  table_i/U141/A (INVX1)                                        0.004406  0.000000   1.515379 f
  table_i/U141/Y (INVX1)                                        0.000000  -0.000109  1.515271 r
  table_i/n26 (net)                             1     0.002525            0.000000   1.515271 r
  table_i/U90/A (OR2X1)                                         0.000000  0.000000   1.515271 r
  table_i/U90/Y (OR2X1)                                         0.023956  0.039048   1.554318 r
  table_i/n2 (net)                              1     0.002424            0.000000   1.554318 r
  table_i/U88/B (OR2X1)                                         0.023956  0.000000   1.554318 r
  table_i/U88/Y (OR2X1)                                         0.036229  0.060705   1.615024 r
  table_i/n1 (net)                              2     0.005712            0.000000   1.615024 r
  table_i/U25/B (OR2X1)                                         0.036229  0.000000   1.615024 r
  table_i/U25/Y (OR2X1)                                         0.027122  0.053857   1.668881 r
  table_i/n2856 (net)                           1     0.003288            0.000000   1.668881 r
  table_i/U4604/C (NOR3X1)                                      0.027122  0.000000   1.668881 r
  table_i/U4604/Y (NOR3X1)                                      0.032191  0.027109   1.695989 f
  table_i/n2855 (net)                           2     0.003743            0.000000   1.695989 f
  table_i/U6045/A (AND2X1)                                      0.032191  0.000000   1.695989 f
  table_i/U6045/Y (AND2X1)                                      0.022970  0.040315   1.736304 f
  table_i/n2835 (net)                           2     0.004550            0.000000   1.736304 f
  table_i/U5867/A (AND2X1)                                      0.022970  0.000000   1.736304 f
  table_i/U5867/Y (AND2X1)                                      0.030158  0.043676   1.779980 f
  table_i/n2834 (net)                           3     0.006855            0.000000   1.779980 f
  table_i/U5868/A (INVX1)                                       0.030158  0.000000   1.779980 f
  table_i/U5868/Y (INVX1)                                       0.005456  0.024732   1.804711 r
  table_i/n6095 (net)                           3     0.007376            0.000000   1.804711 r
  table_i/U4592/A (AOI21X1)                                     0.005456  0.000000   1.804711 r
  table_i/U4592/Y (AOI21X1)                                     0.014707  0.013244   1.817955 f
  table_i/n6695 (net)                           1     0.001504            0.000000   1.817955 f
  table_i/U5618/A (BUFX2)                                       0.014707  0.000000   1.817955 f
  table_i/U5618/Y (BUFX2)                                       0.016046  0.043790   1.861746 f
  table_i/req_ready (net)                       2     0.011827            0.000000   1.861746 f
  table_i/U97/B (AND2X1)                                        0.016046  0.000000   1.861746 f
  table_i/U97/Y (AND2X1)                                        0.014851  0.042803   1.904548 f
  table_i/n6155 (net)                           1     0.001476            0.000000   1.904548 f
  table_i/U6272/A (INVX1)                                       0.014851  0.000000   1.904548 f
  table_i/U6272/Y (INVX1)                                       0.199558  0.143745   2.048293 r
  table_i/n6195 (net)                          19     0.045760            0.000000   2.048293 r
  table_i/U6178/A (INVX1)                                       0.199558  0.000000   2.048293 r
  table_i/U6178/Y (INVX1)                                       0.096616  0.132600   2.180893 f
  table_i/n6622 (net)                          18     0.034515            0.000000   2.180893 f
  table_i/U5984/B (AND2X1)                                      0.096616  0.000000   2.180893 f
  table_i/U5984/Y (AND2X1)                                      0.010139  0.052686   2.233579 f
  table_i/n6136 (net)                           1     0.001476            0.000000   2.233579 f
  table_i/U5952/A (INVX1)                                       0.010139  0.000000   2.233579 f
  table_i/U5952/Y (INVX1)                                       0.409891  0.275496   2.509075 r
  table_i/n6374 (net)                          33     0.086886            0.000000   2.509075 r
  table_i/U5323/B (AND2X1)                                      0.409891  0.000000   2.509075 r
  table_i/U5323/Y (AND2X1)                                      0.647654  0.435438   2.944513 r
  table_i/n1184 (net)                          56     0.137199            0.000000   2.944513 r
  table_i/U5324/A (INVX1)                                       0.647654  0.000000   2.944513 r
  table_i/U5324/Y (INVX1)                                       0.176141  0.172103   3.116616 f
  table_i/n5817 (net)                           2     0.003788            0.000000   3.116616 f
  table_i/U5930/A (INVX1)                                       0.176141  0.000000   3.116616 f
  table_i/U5930/Y (INVX1)                                       0.807752  0.588414   3.705030 r
  table_i/n6359 (net)                          65     0.167531            0.000000   3.705030 r
  table_i/U3880/A (OAI21X1)                                     0.807752  0.000000   3.705030 r
  table_i/U3880/Y (OAI21X1)                                     0.180007  0.153826   3.858856 f
  table_i/n4314 (net)                           1     0.001290            0.000000   3.858856 f
  table_i/addresses_reg[5]/D (DFFPOSX1)                         0.180007  0.000000   3.858856 f
  data arrival time                                                                  3.858856

  clock core_clk (rise edge)                                              8.000000   8.000000
  clock network delay (ideal)                                             0.000000   8.000000
  clock uncertainty                                                       -0.100000  7.900000
  table_i/addresses_reg[5]/CLK (DFFPOSX1)                                 0.000000   7.900000 r
  library setup time                                                      -0.092189  7.807811
  data required time                                                                 7.807811
  ----------------------------------------------------------------------------------------------
  data required time                                                                 7.807811
  data arrival time                                                                  -3.858856
  ----------------------------------------------------------------------------------------------
  slack (MET)                                                                        3.948955


  Startpoint: table_i/occupied_reg[0]
              (rising edge-triggered flip-flop clocked by core_clk)
  Endpoint: table_i/addresses_reg[4]
            (rising edge-triggered flip-flop clocked by core_clk)
  Path Group: core_clk
  Path Type: max

  Point                                       Fanout       Cap     Trans      Incr       Path
  ----------------------------------------------------------------------------------------------
  clock core_clk (rise edge)                                              0.000000   0.000000
  clock network delay (ideal)                                             0.000000   0.000000
  table_i/occupied_reg[0]/CLK (DFFPOSX1)                        0.000000  0.000000 # 0.000000 r
  table_i/occupied_reg[0]/Q (DFFPOSX1)                          0.118814  0.133234   0.133234 r
  table_i/occupied[0] (net)                    18     0.048343            0.000000   0.133234 r
  table_i/U6407/A (INVX1)                                       0.118814  0.000000   0.133234 r
  table_i/U6407/Y (INVX1)                                       0.011977  0.050524   0.183758 f
  table_i/n6628 (net)                           2     0.004820            0.000000   0.183758 f
  table_i/U5875/B (OR2X1)                                       0.011977  0.000000   0.183758 f
  table_i/U5875/Y (OR2X1)                                       0.010774  0.047123   0.230881 f
  table_i/n2863 (net)                           1     0.001476            0.000000   0.230881 f
  table_i/U5876/A (INVX1)                                       0.010774  0.000000   0.230881 f
  table_i/U5876/Y (INVX1)                                       0.032235  0.036700   0.267581 r
  table_i/n6099 (net)                           5     0.013180            0.000000   0.267581 r
  table_i/U5602/A (AND2X1)                                      0.032235  0.000000   0.267581 r
  table_i/U5602/Y (AND2X1)                                      0.030904  0.028200   0.295781 r
  table_i/n2868 (net)                           1     0.001551            0.000000   0.295781 r
  table_i/U5603/A (INVX1)                                       0.030904  0.000000   0.295781 r
  table_i/U5603/Y (INVX1)                                       0.015875  0.025244   0.321026 f
  table_i/n5960 (net)                           2     0.004080            0.000000   0.321026 f
  table_i/U4623/A (NAND3X1)                                     0.015875  0.000000   0.321026 f
  table_i/U4623/Y (NAND3X1)                                     0.033832  0.035923   0.356949 r
  table_i/n2852 (net)                           1     0.001539            0.000000   0.356949 r
  table_i/U3793/A (BUFX2)                                       0.033832  0.000000   0.356949 r
  table_i/U3793/Y (BUFX2)                                       0.014904  0.038560   0.395509 r
  table_i/n5219 (net)                           2     0.004686            0.000000   0.395509 r
  table_i/U2559/B (AND2X1)                                      0.014904  0.000000   0.395509 r
  table_i/U2559/Y (AND2X1)                                      0.075950  0.070262   0.465771 r
  table_i/n2837 (net)                           4     0.011302            0.000000   0.465771 r
  table_i/U4622/C (NAND3X1)                                     0.075950  0.000000   0.465771 r
  table_i/U4622/Y (NAND3X1)                                     0.015681  0.024338   0.490109 f
  table_i/n2865 (net)                           1     0.001504            0.000000   0.490109 f
  table_i/U4225/A (BUFX2)                                       0.015681  0.000000   0.490109 f
  table_i/U4225/Y (BUFX2)                                       0.006021  0.036323   0.526432 f
  table_i/n5339 (net)                           2     0.004471            0.000000   0.526432 f
  table_i/U4621/B (NAND3X1)                                     0.006021  0.000000   0.526432 f
  table_i/U4621/Y (NAND3X1)                                     0.034117  0.028803   0.555235 r
  table_i/n2867 (net)                           1     0.001551            0.000000   0.555235 r
  table_i/U6044/A (INVX1)                                       0.034117  0.000000   0.555235 r
  table_i/U6044/Y (INVX1)                                       0.022987  0.031133   0.586367 f
  table_i/n6627 (net)                           3     0.006530            0.000000   0.586367 f
  table_i/U5626/A (AND2X1)                                      0.022987  0.000000   0.586367 f
  table_i/U5626/Y (AND2X1)                                      0.015148  0.032445   0.618812 f
  table_i/n2851 (net)                           1     0.001476            0.000000   0.618812 f
  table_i/U5627/A (INVX1)                                       0.015148  0.000000   0.618812 f
  table_i/U5627/Y (INVX1)                                       0.015208  0.027056   0.645868 r
  table_i/n5973 (net)                           4     0.009730            0.000000   0.645868 r
  table_i/U4619/A (NAND3X1)                                     0.015208  0.000000   0.645868 r
  table_i/U4619/Y (NAND3X1)                                     0.015687  0.017342   0.663210 f
  table_i/n2842 (net)                           1     0.001504            0.000000   0.663210 f
  table_i/U4652/A (BUFX2)                                       0.015687  0.000000   0.663210 f
  table_i/U4652/Y (BUFX2)                                       0.008555  0.038229   0.701438 f
  table_i/n5467 (net)                           3     0.006298            0.000000   0.701438 f
  table_i/U2955/A (AND2X1)                                      0.008555  0.000000   0.701438 f
  table_i/U2955/Y (AND2X1)                                      0.018226  0.032994   0.734432 f
  table_i/n2866 (net)                           1     0.002832            0.000000   0.734432 f
  table_i/U4618/C (NAND3X1)                                     0.018226  0.000000   0.734432 f
  table_i/U4618/Y (NAND3X1)                                     0.033832  0.029868   0.764300 r
  table_i/n2841 (net)                           1     0.001539            0.000000   0.764300 r
  table_i/U5343/A (BUFX2)                                       0.033832  0.000000   0.764300 r
  table_i/U5343/Y (BUFX2)                                       0.021873  0.043167   0.807468 r
  table_i/n5827 (net)                           3     0.007671            0.000000   0.807468 r
  table_i/U4617/A (NAND3X1)                                     0.021873  0.000000   0.807468 r
  table_i/U4617/Y (NAND3X1)                                     0.015045  0.018215   0.825683 f
  table_i/n2844 (net)                           1     0.001504            0.000000   0.825683 f
  table_i/U3797/A (BUFX2)                                       0.015045  0.000000   0.825683 f
  table_i/U3797/Y (BUFX2)                                       0.005916  0.036209   0.861892 f
  table_i/n5221 (net)                           2     0.004487            0.000000   0.861892 f
  table_i/U6043/A (INVX1)                                       0.005916  0.000000   0.861892 f
  table_i/U6043/Y (INVX1)                                       0.000000  0.001841   0.863733 r
  table_i/n6626 (net)                           1     0.002961            0.000000   0.863733 r
  table_i/U4616/C (NAND3X1)                                     0.000000  0.000000   0.863733 r
  table_i/U4616/Y (NAND3X1)                                     0.014656  0.006604   0.870337 f
  table_i/n2861 (net)                           1     0.001504            0.000000   0.870337 f
  table_i/U5104/A (BUFX2)                                       0.014656  0.000000   0.870337 f
  table_i/U5104/Y (BUFX2)                                       0.010022  0.039268   0.909605 f
  table_i/n5703 (net)                           3     0.007498            0.000000   0.909605 f
  table_i/U5958/A (INVX1)                                       0.010022  0.000000   0.909605 f
  table_i/U5958/Y (INVX1)                                       0.003506  0.018326   0.927931 r
  table_i/n6625 (net)                           3     0.007595            0.000000   0.927931 r
  table_i/U138/A (AND2X1)                                       0.003506  0.000000   0.927931 r
  table_i/U138/Y (AND2X1)                                       0.030971  0.028475   0.956406 r
  table_i/n2862 (net)                           1     0.001551            0.000000   0.956406 r
  table_i/U139/A (INVX1)                                        0.030971  0.000000   0.956406 r
  table_i/U139/Y (INVX1)                                        0.015736  0.025171   0.981576 f
  table_i/n24 (net)                             2     0.004035            0.000000   0.981576 f
  table_i/U4614/A (NAND3X1)                                     0.015736  0.000000   0.981576 f
  table_i/U4614/Y (NAND3X1)                                     0.033817  0.035879   1.017456 r
  table_i/n2850 (net)                           1     0.001539            0.000000   1.017456 r
  table_i/U140/A (BUFX2)                                        0.033817  0.000000   1.017456 r
  table_i/U140/Y (BUFX2)                                        0.016225  0.039433   1.056889 r
  table_i/n25 (net)                             2     0.005253            0.000000   1.056889 r
  table_i/U21/A (AND2X1)                                        0.016225  0.000000   1.056889 r
  table_i/U21/Y (AND2X1)                                        0.031038  0.028353   1.085243 r
  table_i/n2857 (net)                           1     0.001551            0.000000   1.085243 r
  table_i/U5619/A (INVX1)                                       0.031038  0.000000   1.085243 r
  table_i/U5619/Y (INVX1)                                       0.029892  0.034882   1.120124 f
  table_i/n5969 (net)                           3     0.008765            0.000000   1.120124 f
  table_i/U4612/C (NOR3X1)                                      0.029892  0.000000   1.120124 f
  table_i/U4612/Y (NOR3X1)                                      0.084812  0.051158   1.171282 r
  table_i/n2840 (net)                           3     0.009190            0.000000   1.171282 r
  table_i/U4611/B (NOR3X1)                                      0.084812  0.000000   1.171282 r
  table_i/U4611/Y (NOR3X1)                                      0.041248  0.057052   1.228333 f
  table_i/n2860 (net)                           3     0.007535            0.000000   1.228333 f
  table_i/U5869/A (AND2X1)                                      0.041248  0.000000   1.228333 f
  table_i/U5869/Y (AND2X1)                                      0.032547  0.048331   1.276664 f
  table_i/n2854 (net)                           3     0.007713            0.000000   1.276664 f
  table_i/U5870/A (INVX1)                                       0.032547  0.000000   1.276664 f
  table_i/U5870/Y (INVX1)                                       0.007588  0.026699   1.303364 r
  table_i/n6096 (net)                           3     0.007723            0.000000   1.303364 r
  table_i/U4609/A (NAND3X1)                                     0.007588  0.000000   1.303364 r
  table_i/U4609/Y (NAND3X1)                                     0.015697  0.016344   1.319708 f
  table_i/n2858 (net)                           1     0.001504            0.000000   1.319708 f
  table_i/U99/A (BUFX2)                                         0.015697  0.000000   1.319708 f
  table_i/U99/Y (BUFX2)                                         0.004934  0.035506   1.355214 f
  table_i/n4 (net)                              2     0.003685            0.000000   1.355214 f
  table_i/U4608/A (NAND3X1)                                     0.004934  0.000000   1.355214 f
  table_i/U4608/Y (NAND3X1)                                     0.033628  0.032540   1.387754 r
  table_i/n2859 (net)                           1     0.001551            0.000000   1.387754 r
  table_i/U6046/A (INVX1)                                       0.033628  0.000000   1.387754 r
  table_i/U6046/Y (INVX1)                                       0.017551  0.027258   1.415011 f
  table_i/n6623 (net)                           2     0.004703            0.000000   1.415011 f
  table_i/U5614/A (AND2X1)                                      0.017551  0.000000   1.415011 f
  table_i/U5614/Y (AND2X1)                                      0.021607  0.036418   1.451429 f
  table_i/n2853 (net)                           2     0.003790            0.000000   1.451429 f
  table_i/U5615/A (INVX1)                                       0.021607  0.000000   1.451429 f
  table_i/U5615/Y (INVX1)                                       0.000000  0.013491   1.464920 r
  table_i/n5966 (net)                           2     0.004839            0.000000   1.464920 r
  table_i/U4606/A (NAND3X1)                                     0.000000  0.000000   1.464920 r
  table_i/U4606/Y (NAND3X1)                                     0.015703  0.015351   1.480271 f
  table_i/n2843 (net)                           1     0.001504            0.000000   1.480271 f
  table_i/U98/A (BUFX2)                                         0.015703  0.000000   1.480271 f
  table_i/U98/Y (BUFX2)                                         0.004406  0.035109   1.515379 f
  table_i/n3 (net)                              2     0.003303            0.000000   1.515379 f
  table_i/U141/A (INVX1)                                        0.004406  0.000000   1.515379 f
  table_i/U141/Y (INVX1)                                        0.000000  -0.000109  1.515271 r
  table_i/n26 (net)                             1     0.002525            0.000000   1.515271 r
  table_i/U90/A (OR2X1)                                         0.000000  0.000000   1.515271 r
  table_i/U90/Y (OR2X1)                                         0.023956  0.039048   1.554318 r
  table_i/n2 (net)                              1     0.002424            0.000000   1.554318 r
  table_i/U88/B (OR2X1)                                         0.023956  0.000000   1.554318 r
  table_i/U88/Y (OR2X1)                                         0.036229  0.060705   1.615024 r
  table_i/n1 (net)                              2     0.005712            0.000000   1.615024 r
  table_i/U25/B (OR2X1)                                         0.036229  0.000000   1.615024 r
  table_i/U25/Y (OR2X1)                                         0.027122  0.053857   1.668881 r
  table_i/n2856 (net)                           1     0.003288            0.000000   1.668881 r
  table_i/U4604/C (NOR3X1)                                      0.027122  0.000000   1.668881 r
  table_i/U4604/Y (NOR3X1)                                      0.032191  0.027109   1.695989 f
  table_i/n2855 (net)                           2     0.003743            0.000000   1.695989 f
  table_i/U6045/A (AND2X1)                                      0.032191  0.000000   1.695989 f
  table_i/U6045/Y (AND2X1)                                      0.022970  0.040315   1.736304 f
  table_i/n2835 (net)                           2     0.004550            0.000000   1.736304 f
  table_i/U5867/A (AND2X1)                                      0.022970  0.000000   1.736304 f
  table_i/U5867/Y (AND2X1)                                      0.030158  0.043676   1.779980 f
  table_i/n2834 (net)                           3     0.006855            0.000000   1.779980 f
  table_i/U5868/A (INVX1)                                       0.030158  0.000000   1.779980 f
  table_i/U5868/Y (INVX1)                                       0.005456  0.024732   1.804711 r
  table_i/n6095 (net)                           3     0.007376            0.000000   1.804711 r
  table_i/U4592/A (AOI21X1)                                     0.005456  0.000000   1.804711 r
  table_i/U4592/Y (AOI21X1)                                     0.014707  0.013244   1.817955 f
  table_i/n6695 (net)                           1     0.001504            0.000000   1.817955 f
  table_i/U5618/A (BUFX2)                                       0.014707  0.000000   1.817955 f
  table_i/U5618/Y (BUFX2)                                       0.016046  0.043790   1.861746 f
  table_i/req_ready (net)                       2     0.011827            0.000000   1.861746 f
  table_i/U97/B (AND2X1)                                        0.016046  0.000000   1.861746 f
  table_i/U97/Y (AND2X1)                                        0.014851  0.042803   1.904548 f
  table_i/n6155 (net)                           1     0.001476            0.000000   1.904548 f
  table_i/U6272/A (INVX1)                                       0.014851  0.000000   1.904548 f
  table_i/U6272/Y (INVX1)                                       0.199558  0.143745   2.048293 r
  table_i/n6195 (net)                          19     0.045760            0.000000   2.048293 r
  table_i/U6178/A (INVX1)                                       0.199558  0.000000   2.048293 r
  table_i/U6178/Y (INVX1)                                       0.096616  0.132600   2.180893 f
  table_i/n6622 (net)                          18     0.034515            0.000000   2.180893 f
  table_i/U5984/B (AND2X1)                                      0.096616  0.000000   2.180893 f
  table_i/U5984/Y (AND2X1)                                      0.010139  0.052686   2.233579 f
  table_i/n6136 (net)                           1     0.001476            0.000000   2.233579 f
  table_i/U5952/A (INVX1)                                       0.010139  0.000000   2.233579 f
  table_i/U5952/Y (INVX1)                                       0.409891  0.275496   2.509075 r
  table_i/n6374 (net)                          33     0.086886            0.000000   2.509075 r
  table_i/U5323/B (AND2X1)                                      0.409891  0.000000   2.509075 r
  table_i/U5323/Y (AND2X1)                                      0.647654  0.435438   2.944513 r
  table_i/n1184 (net)                          56     0.137199            0.000000   2.944513 r
  table_i/U5324/A (INVX1)                                       0.647654  0.000000   2.944513 r
  table_i/U5324/Y (INVX1)                                       0.176141  0.172103   3.116616 f
  table_i/n5817 (net)                           2     0.003788            0.000000   3.116616 f
  table_i/U5930/A (INVX1)                                       0.176141  0.000000   3.116616 f
  table_i/U5930/Y (INVX1)                                       0.807752  0.588414   3.705030 r
  table_i/n6359 (net)                          65     0.167531            0.000000   3.705030 r
  table_i/U3878/A (OAI21X1)                                     0.807752  0.000000   3.705030 r
  table_i/U3878/Y (OAI21X1)                                     0.180007  0.153826   3.858856 f
  table_i/n4313 (net)                           1     0.001290            0.000000   3.858856 f
  table_i/addresses_reg[4]/D (DFFPOSX1)                         0.180007  0.000000   3.858856 f
  data arrival time                                                                  3.858856

  clock core_clk (rise edge)                                              8.000000   8.000000
  clock network delay (ideal)                                             0.000000   8.000000
  clock uncertainty                                                       -0.100000  7.900000
  table_i/addresses_reg[4]/CLK (DFFPOSX1)                                 0.000000   7.900000 r
  library setup time                                                      -0.092189  7.807811
  data required time                                                                 7.807811
  ----------------------------------------------------------------------------------------------
  data required time                                                                 7.807811
  data arrival time                                                                  -3.858856
  ----------------------------------------------------------------------------------------------
  slack (MET)                                                                        3.948955


  Startpoint: table_i/occupied_reg[0]
              (rising edge-triggered flip-flop clocked by core_clk)
  Endpoint: table_i/addresses_reg[3]
            (rising edge-triggered flip-flop clocked by core_clk)
  Path Group: core_clk
  Path Type: max

  Point                                       Fanout       Cap     Trans      Incr       Path
  ----------------------------------------------------------------------------------------------
  clock core_clk (rise edge)                                              0.000000   0.000000
  clock network delay (ideal)                                             0.000000   0.000000
  table_i/occupied_reg[0]/CLK (DFFPOSX1)                        0.000000  0.000000 # 0.000000 r
  table_i/occupied_reg[0]/Q (DFFPOSX1)                          0.118814  0.133234   0.133234 r
  table_i/occupied[0] (net)                    18     0.048343            0.000000   0.133234 r
  table_i/U6407/A (INVX1)                                       0.118814  0.000000   0.133234 r
  table_i/U6407/Y (INVX1)                                       0.011977  0.050524   0.183758 f
  table_i/n6628 (net)                           2     0.004820            0.000000   0.183758 f
  table_i/U5875/B (OR2X1)                                       0.011977  0.000000   0.183758 f
  table_i/U5875/Y (OR2X1)                                       0.010774  0.047123   0.230881 f
  table_i/n2863 (net)                           1     0.001476            0.000000   0.230881 f
  table_i/U5876/A (INVX1)                                       0.010774  0.000000   0.230881 f
  table_i/U5876/Y (INVX1)                                       0.032235  0.036700   0.267581 r
  table_i/n6099 (net)                           5     0.013180            0.000000   0.267581 r
  table_i/U5602/A (AND2X1)                                      0.032235  0.000000   0.267581 r
  table_i/U5602/Y (AND2X1)                                      0.030904  0.028200   0.295781 r
  table_i/n2868 (net)                           1     0.001551            0.000000   0.295781 r
  table_i/U5603/A (INVX1)                                       0.030904  0.000000   0.295781 r
  table_i/U5603/Y (INVX1)                                       0.015875  0.025244   0.321026 f
  table_i/n5960 (net)                           2     0.004080            0.000000   0.321026 f
  table_i/U4623/A (NAND3X1)                                     0.015875  0.000000   0.321026 f
  table_i/U4623/Y (NAND3X1)                                     0.033832  0.035923   0.356949 r
  table_i/n2852 (net)                           1     0.001539            0.000000   0.356949 r
  table_i/U3793/A (BUFX2)                                       0.033832  0.000000   0.356949 r
  table_i/U3793/Y (BUFX2)                                       0.014904  0.038560   0.395509 r
  table_i/n5219 (net)                           2     0.004686            0.000000   0.395509 r
  table_i/U2559/B (AND2X1)                                      0.014904  0.000000   0.395509 r
  table_i/U2559/Y (AND2X1)                                      0.075950  0.070262   0.465771 r
  table_i/n2837 (net)                           4     0.011302            0.000000   0.465771 r
  table_i/U4622/C (NAND3X1)                                     0.075950  0.000000   0.465771 r
  table_i/U4622/Y (NAND3X1)                                     0.015681  0.024338   0.490109 f
  table_i/n2865 (net)                           1     0.001504            0.000000   0.490109 f
  table_i/U4225/A (BUFX2)                                       0.015681  0.000000   0.490109 f
  table_i/U4225/Y (BUFX2)                                       0.006021  0.036323   0.526432 f
  table_i/n5339 (net)                           2     0.004471            0.000000   0.526432 f
  table_i/U4621/B (NAND3X1)                                     0.006021  0.000000   0.526432 f
  table_i/U4621/Y (NAND3X1)                                     0.034117  0.028803   0.555235 r
  table_i/n2867 (net)                           1     0.001551            0.000000   0.555235 r
  table_i/U6044/A (INVX1)                                       0.034117  0.000000   0.555235 r
  table_i/U6044/Y (INVX1)                                       0.022987  0.031133   0.586367 f
  table_i/n6627 (net)                           3     0.006530            0.000000   0.586367 f
  table_i/U5626/A (AND2X1)                                      0.022987  0.000000   0.586367 f
  table_i/U5626/Y (AND2X1)                                      0.015148  0.032445   0.618812 f
  table_i/n2851 (net)                           1     0.001476            0.000000   0.618812 f
  table_i/U5627/A (INVX1)                                       0.015148  0.000000   0.618812 f
  table_i/U5627/Y (INVX1)                                       0.015208  0.027056   0.645868 r
  table_i/n5973 (net)                           4     0.009730            0.000000   0.645868 r
  table_i/U4619/A (NAND3X1)                                     0.015208  0.000000   0.645868 r
  table_i/U4619/Y (NAND3X1)                                     0.015687  0.017342   0.663210 f
  table_i/n2842 (net)                           1     0.001504            0.000000   0.663210 f
  table_i/U4652/A (BUFX2)                                       0.015687  0.000000   0.663210 f
  table_i/U4652/Y (BUFX2)                                       0.008555  0.038229   0.701438 f
  table_i/n5467 (net)                           3     0.006298            0.000000   0.701438 f
  table_i/U2955/A (AND2X1)                                      0.008555  0.000000   0.701438 f
  table_i/U2955/Y (AND2X1)                                      0.018226  0.032994   0.734432 f
  table_i/n2866 (net)                           1     0.002832            0.000000   0.734432 f
  table_i/U4618/C (NAND3X1)                                     0.018226  0.000000   0.734432 f
  table_i/U4618/Y (NAND3X1)                                     0.033832  0.029868   0.764300 r
  table_i/n2841 (net)                           1     0.001539            0.000000   0.764300 r
  table_i/U5343/A (BUFX2)                                       0.033832  0.000000   0.764300 r
  table_i/U5343/Y (BUFX2)                                       0.021873  0.043167   0.807468 r
  table_i/n5827 (net)                           3     0.007671            0.000000   0.807468 r
  table_i/U4617/A (NAND3X1)                                     0.021873  0.000000   0.807468 r
  table_i/U4617/Y (NAND3X1)                                     0.015045  0.018215   0.825683 f
  table_i/n2844 (net)                           1     0.001504            0.000000   0.825683 f
  table_i/U3797/A (BUFX2)                                       0.015045  0.000000   0.825683 f
  table_i/U3797/Y (BUFX2)                                       0.005916  0.036209   0.861892 f
  table_i/n5221 (net)                           2     0.004487            0.000000   0.861892 f
  table_i/U6043/A (INVX1)                                       0.005916  0.000000   0.861892 f
  table_i/U6043/Y (INVX1)                                       0.000000  0.001841   0.863733 r
  table_i/n6626 (net)                           1     0.002961            0.000000   0.863733 r
  table_i/U4616/C (NAND3X1)                                     0.000000  0.000000   0.863733 r
  table_i/U4616/Y (NAND3X1)                                     0.014656  0.006604   0.870337 f
  table_i/n2861 (net)                           1     0.001504            0.000000   0.870337 f
  table_i/U5104/A (BUFX2)                                       0.014656  0.000000   0.870337 f
  table_i/U5104/Y (BUFX2)                                       0.010022  0.039268   0.909605 f
  table_i/n5703 (net)                           3     0.007498            0.000000   0.909605 f
  table_i/U5958/A (INVX1)                                       0.010022  0.000000   0.909605 f
  table_i/U5958/Y (INVX1)                                       0.003506  0.018326   0.927931 r
  table_i/n6625 (net)                           3     0.007595            0.000000   0.927931 r
  table_i/U138/A (AND2X1)                                       0.003506  0.000000   0.927931 r
  table_i/U138/Y (AND2X1)                                       0.030971  0.028475   0.956406 r
  table_i/n2862 (net)                           1     0.001551            0.000000   0.956406 r
  table_i/U139/A (INVX1)                                        0.030971  0.000000   0.956406 r
  table_i/U139/Y (INVX1)                                        0.015736  0.025171   0.981576 f
  table_i/n24 (net)                             2     0.004035            0.000000   0.981576 f
  table_i/U4614/A (NAND3X1)                                     0.015736  0.000000   0.981576 f
  table_i/U4614/Y (NAND3X1)                                     0.033817  0.035879   1.017456 r
  table_i/n2850 (net)                           1     0.001539            0.000000   1.017456 r
  table_i/U140/A (BUFX2)                                        0.033817  0.000000   1.017456 r
  table_i/U140/Y (BUFX2)                                        0.016225  0.039433   1.056889 r
  table_i/n25 (net)                             2     0.005253            0.000000   1.056889 r
  table_i/U21/A (AND2X1)                                        0.016225  0.000000   1.056889 r
  table_i/U21/Y (AND2X1)                                        0.031038  0.028353   1.085243 r
  table_i/n2857 (net)                           1     0.001551            0.000000   1.085243 r
  table_i/U5619/A (INVX1)                                       0.031038  0.000000   1.085243 r
  table_i/U5619/Y (INVX1)                                       0.029892  0.034882   1.120124 f
  table_i/n5969 (net)                           3     0.008765            0.000000   1.120124 f
  table_i/U4612/C (NOR3X1)                                      0.029892  0.000000   1.120124 f
  table_i/U4612/Y (NOR3X1)                                      0.084812  0.051158   1.171282 r
  table_i/n2840 (net)                           3     0.009190            0.000000   1.171282 r
  table_i/U4611/B (NOR3X1)                                      0.084812  0.000000   1.171282 r
  table_i/U4611/Y (NOR3X1)                                      0.041248  0.057052   1.228333 f
  table_i/n2860 (net)                           3     0.007535            0.000000   1.228333 f
  table_i/U5869/A (AND2X1)                                      0.041248  0.000000   1.228333 f
  table_i/U5869/Y (AND2X1)                                      0.032547  0.048331   1.276664 f
  table_i/n2854 (net)                           3     0.007713            0.000000   1.276664 f
  table_i/U5870/A (INVX1)                                       0.032547  0.000000   1.276664 f
  table_i/U5870/Y (INVX1)                                       0.007588  0.026699   1.303364 r
  table_i/n6096 (net)                           3     0.007723            0.000000   1.303364 r
  table_i/U4609/A (NAND3X1)                                     0.007588  0.000000   1.303364 r
  table_i/U4609/Y (NAND3X1)                                     0.015697  0.016344   1.319708 f
  table_i/n2858 (net)                           1     0.001504            0.000000   1.319708 f
  table_i/U99/A (BUFX2)                                         0.015697  0.000000   1.319708 f
  table_i/U99/Y (BUFX2)                                         0.004934  0.035506   1.355214 f
  table_i/n4 (net)                              2     0.003685            0.000000   1.355214 f
  table_i/U4608/A (NAND3X1)                                     0.004934  0.000000   1.355214 f
  table_i/U4608/Y (NAND3X1)                                     0.033628  0.032540   1.387754 r
  table_i/n2859 (net)                           1     0.001551            0.000000   1.387754 r
  table_i/U6046/A (INVX1)                                       0.033628  0.000000   1.387754 r
  table_i/U6046/Y (INVX1)                                       0.017551  0.027258   1.415011 f
  table_i/n6623 (net)                           2     0.004703            0.000000   1.415011 f
  table_i/U5614/A (AND2X1)                                      0.017551  0.000000   1.415011 f
  table_i/U5614/Y (AND2X1)                                      0.021607  0.036418   1.451429 f
  table_i/n2853 (net)                           2     0.003790            0.000000   1.451429 f
  table_i/U5615/A (INVX1)                                       0.021607  0.000000   1.451429 f
  table_i/U5615/Y (INVX1)                                       0.000000  0.013491   1.464920 r
  table_i/n5966 (net)                           2     0.004839            0.000000   1.464920 r
  table_i/U4606/A (NAND3X1)                                     0.000000  0.000000   1.464920 r
  table_i/U4606/Y (NAND3X1)                                     0.015703  0.015351   1.480271 f
  table_i/n2843 (net)                           1     0.001504            0.000000   1.480271 f
  table_i/U98/A (BUFX2)                                         0.015703  0.000000   1.480271 f
  table_i/U98/Y (BUFX2)                                         0.004406  0.035109   1.515379 f
  table_i/n3 (net)                              2     0.003303            0.000000   1.515379 f
  table_i/U141/A (INVX1)                                        0.004406  0.000000   1.515379 f
  table_i/U141/Y (INVX1)                                        0.000000  -0.000109  1.515271 r
  table_i/n26 (net)                             1     0.002525            0.000000   1.515271 r
  table_i/U90/A (OR2X1)                                         0.000000  0.000000   1.515271 r
  table_i/U90/Y (OR2X1)                                         0.023956  0.039048   1.554318 r
  table_i/n2 (net)                              1     0.002424            0.000000   1.554318 r
  table_i/U88/B (OR2X1)                                         0.023956  0.000000   1.554318 r
  table_i/U88/Y (OR2X1)                                         0.036229  0.060705   1.615024 r
  table_i/n1 (net)                              2     0.005712            0.000000   1.615024 r
  table_i/U25/B (OR2X1)                                         0.036229  0.000000   1.615024 r
  table_i/U25/Y (OR2X1)                                         0.027122  0.053857   1.668881 r
  table_i/n2856 (net)                           1     0.003288            0.000000   1.668881 r
  table_i/U4604/C (NOR3X1)                                      0.027122  0.000000   1.668881 r
  table_i/U4604/Y (NOR3X1)                                      0.032191  0.027109   1.695989 f
  table_i/n2855 (net)                           2     0.003743            0.000000   1.695989 f
  table_i/U6045/A (AND2X1)                                      0.032191  0.000000   1.695989 f
  table_i/U6045/Y (AND2X1)                                      0.022970  0.040315   1.736304 f
  table_i/n2835 (net)                           2     0.004550            0.000000   1.736304 f
  table_i/U5867/A (AND2X1)                                      0.022970  0.000000   1.736304 f
  table_i/U5867/Y (AND2X1)                                      0.030158  0.043676   1.779980 f
  table_i/n2834 (net)                           3     0.006855            0.000000   1.779980 f
  table_i/U5868/A (INVX1)                                       0.030158  0.000000   1.779980 f
  table_i/U5868/Y (INVX1)                                       0.005456  0.024732   1.804711 r
  table_i/n6095 (net)                           3     0.007376            0.000000   1.804711 r
  table_i/U4592/A (AOI21X1)                                     0.005456  0.000000   1.804711 r
  table_i/U4592/Y (AOI21X1)                                     0.014707  0.013244   1.817955 f
  table_i/n6695 (net)                           1     0.001504            0.000000   1.817955 f
  table_i/U5618/A (BUFX2)                                       0.014707  0.000000   1.817955 f
  table_i/U5618/Y (BUFX2)                                       0.016046  0.043790   1.861746 f
  table_i/req_ready (net)                       2     0.011827            0.000000   1.861746 f
  table_i/U97/B (AND2X1)                                        0.016046  0.000000   1.861746 f
  table_i/U97/Y (AND2X1)                                        0.014851  0.042803   1.904548 f
  table_i/n6155 (net)                           1     0.001476            0.000000   1.904548 f
  table_i/U6272/A (INVX1)                                       0.014851  0.000000   1.904548 f
  table_i/U6272/Y (INVX1)                                       0.199558  0.143745   2.048293 r
  table_i/n6195 (net)                          19     0.045760            0.000000   2.048293 r
  table_i/U6178/A (INVX1)                                       0.199558  0.000000   2.048293 r
  table_i/U6178/Y (INVX1)                                       0.096616  0.132600   2.180893 f
  table_i/n6622 (net)                          18     0.034515            0.000000   2.180893 f
  table_i/U5984/B (AND2X1)                                      0.096616  0.000000   2.180893 f
  table_i/U5984/Y (AND2X1)                                      0.010139  0.052686   2.233579 f
  table_i/n6136 (net)                           1     0.001476            0.000000   2.233579 f
  table_i/U5952/A (INVX1)                                       0.010139  0.000000   2.233579 f
  table_i/U5952/Y (INVX1)                                       0.409891  0.275496   2.509075 r
  table_i/n6374 (net)                          33     0.086886            0.000000   2.509075 r
  table_i/U5323/B (AND2X1)                                      0.409891  0.000000   2.509075 r
  table_i/U5323/Y (AND2X1)                                      0.647654  0.435438   2.944513 r
  table_i/n1184 (net)                          56     0.137199            0.000000   2.944513 r
  table_i/U5324/A (INVX1)                                       0.647654  0.000000   2.944513 r
  table_i/U5324/Y (INVX1)                                       0.176141  0.172103   3.116616 f
  table_i/n5817 (net)                           2     0.003788            0.000000   3.116616 f
  table_i/U5930/A (INVX1)                                       0.176141  0.000000   3.116616 f
  table_i/U5930/Y (INVX1)                                       0.807752  0.588414   3.705030 r
  table_i/n6359 (net)                          65     0.167531            0.000000   3.705030 r
  table_i/U3876/A (OAI21X1)                                     0.807752  0.000000   3.705030 r
  table_i/U3876/Y (OAI21X1)                                     0.180007  0.153826   3.858856 f
  table_i/n4312 (net)                           1     0.001290            0.000000   3.858856 f
  table_i/addresses_reg[3]/D (DFFPOSX1)                         0.180007  0.000000   3.858856 f
  data arrival time                                                                  3.858856

  clock core_clk (rise edge)                                              8.000000   8.000000
  clock network delay (ideal)                                             0.000000   8.000000
  clock uncertainty                                                       -0.100000  7.900000
  table_i/addresses_reg[3]/CLK (DFFPOSX1)                                 0.000000   7.900000 r
  library setup time                                                      -0.092189  7.807811
  data required time                                                                 7.807811
  ----------------------------------------------------------------------------------------------
  data required time                                                                 7.807811
  data arrival time                                                                  -3.858856
  ----------------------------------------------------------------------------------------------
  slack (MET)                                                                        3.948955


  Startpoint: table_i/occupied_reg[0]
              (rising edge-triggered flip-flop clocked by core_clk)
  Endpoint: table_i/addresses_reg[2]
            (rising edge-triggered flip-flop clocked by core_clk)
  Path Group: core_clk
  Path Type: max

  Point                                       Fanout       Cap     Trans      Incr       Path
  ----------------------------------------------------------------------------------------------
  clock core_clk (rise edge)                                              0.000000   0.000000
  clock network delay (ideal)                                             0.000000   0.000000
  table_i/occupied_reg[0]/CLK (DFFPOSX1)                        0.000000  0.000000 # 0.000000 r
  table_i/occupied_reg[0]/Q (DFFPOSX1)                          0.118814  0.133234   0.133234 r
  table_i/occupied[0] (net)                    18     0.048343            0.000000   0.133234 r
  table_i/U6407/A (INVX1)                                       0.118814  0.000000   0.133234 r
  table_i/U6407/Y (INVX1)                                       0.011977  0.050524   0.183758 f
  table_i/n6628 (net)                           2     0.004820            0.000000   0.183758 f
  table_i/U5875/B (OR2X1)                                       0.011977  0.000000   0.183758 f
  table_i/U5875/Y (OR2X1)                                       0.010774  0.047123   0.230881 f
  table_i/n2863 (net)                           1     0.001476            0.000000   0.230881 f
  table_i/U5876/A (INVX1)                                       0.010774  0.000000   0.230881 f
  table_i/U5876/Y (INVX1)                                       0.032235  0.036700   0.267581 r
  table_i/n6099 (net)                           5     0.013180            0.000000   0.267581 r
  table_i/U5602/A (AND2X1)                                      0.032235  0.000000   0.267581 r
  table_i/U5602/Y (AND2X1)                                      0.030904  0.028200   0.295781 r
  table_i/n2868 (net)                           1     0.001551            0.000000   0.295781 r
  table_i/U5603/A (INVX1)                                       0.030904  0.000000   0.295781 r
  table_i/U5603/Y (INVX1)                                       0.015875  0.025244   0.321026 f
  table_i/n5960 (net)                           2     0.004080            0.000000   0.321026 f
  table_i/U4623/A (NAND3X1)                                     0.015875  0.000000   0.321026 f
  table_i/U4623/Y (NAND3X1)                                     0.033832  0.035923   0.356949 r
  table_i/n2852 (net)                           1     0.001539            0.000000   0.356949 r
  table_i/U3793/A (BUFX2)                                       0.033832  0.000000   0.356949 r
  table_i/U3793/Y (BUFX2)                                       0.014904  0.038560   0.395509 r
  table_i/n5219 (net)                           2     0.004686            0.000000   0.395509 r
  table_i/U2559/B (AND2X1)                                      0.014904  0.000000   0.395509 r
  table_i/U2559/Y (AND2X1)                                      0.075950  0.070262   0.465771 r
  table_i/n2837 (net)                           4     0.011302            0.000000   0.465771 r
  table_i/U4622/C (NAND3X1)                                     0.075950  0.000000   0.465771 r
  table_i/U4622/Y (NAND3X1)                                     0.015681  0.024338   0.490109 f
  table_i/n2865 (net)                           1     0.001504            0.000000   0.490109 f
  table_i/U4225/A (BUFX2)                                       0.015681  0.000000   0.490109 f
  table_i/U4225/Y (BUFX2)                                       0.006021  0.036323   0.526432 f
  table_i/n5339 (net)                           2     0.004471            0.000000   0.526432 f
  table_i/U4621/B (NAND3X1)                                     0.006021  0.000000   0.526432 f
  table_i/U4621/Y (NAND3X1)                                     0.034117  0.028803   0.555235 r
  table_i/n2867 (net)                           1     0.001551            0.000000   0.555235 r
  table_i/U6044/A (INVX1)                                       0.034117  0.000000   0.555235 r
  table_i/U6044/Y (INVX1)                                       0.022987  0.031133   0.586367 f
  table_i/n6627 (net)                           3     0.006530            0.000000   0.586367 f
  table_i/U5626/A (AND2X1)                                      0.022987  0.000000   0.586367 f
  table_i/U5626/Y (AND2X1)                                      0.015148  0.032445   0.618812 f
  table_i/n2851 (net)                           1     0.001476            0.000000   0.618812 f
  table_i/U5627/A (INVX1)                                       0.015148  0.000000   0.618812 f
  table_i/U5627/Y (INVX1)                                       0.015208  0.027056   0.645868 r
  table_i/n5973 (net)                           4     0.009730            0.000000   0.645868 r
  table_i/U4619/A (NAND3X1)                                     0.015208  0.000000   0.645868 r
  table_i/U4619/Y (NAND3X1)                                     0.015687  0.017342   0.663210 f
  table_i/n2842 (net)                           1     0.001504            0.000000   0.663210 f
  table_i/U4652/A (BUFX2)                                       0.015687  0.000000   0.663210 f
  table_i/U4652/Y (BUFX2)                                       0.008555  0.038229   0.701438 f
  table_i/n5467 (net)                           3     0.006298            0.000000   0.701438 f
  table_i/U2955/A (AND2X1)                                      0.008555  0.000000   0.701438 f
  table_i/U2955/Y (AND2X1)                                      0.018226  0.032994   0.734432 f
  table_i/n2866 (net)                           1     0.002832            0.000000   0.734432 f
  table_i/U4618/C (NAND3X1)                                     0.018226  0.000000   0.734432 f
  table_i/U4618/Y (NAND3X1)                                     0.033832  0.029868   0.764300 r
  table_i/n2841 (net)                           1     0.001539            0.000000   0.764300 r
  table_i/U5343/A (BUFX2)                                       0.033832  0.000000   0.764300 r
  table_i/U5343/Y (BUFX2)                                       0.021873  0.043167   0.807468 r
  table_i/n5827 (net)                           3     0.007671            0.000000   0.807468 r
  table_i/U4617/A (NAND3X1)                                     0.021873  0.000000   0.807468 r
  table_i/U4617/Y (NAND3X1)                                     0.015045  0.018215   0.825683 f
  table_i/n2844 (net)                           1     0.001504            0.000000   0.825683 f
  table_i/U3797/A (BUFX2)                                       0.015045  0.000000   0.825683 f
  table_i/U3797/Y (BUFX2)                                       0.005916  0.036209   0.861892 f
  table_i/n5221 (net)                           2     0.004487            0.000000   0.861892 f
  table_i/U6043/A (INVX1)                                       0.005916  0.000000   0.861892 f
  table_i/U6043/Y (INVX1)                                       0.000000  0.001841   0.863733 r
  table_i/n6626 (net)                           1     0.002961            0.000000   0.863733 r
  table_i/U4616/C (NAND3X1)                                     0.000000  0.000000   0.863733 r
  table_i/U4616/Y (NAND3X1)                                     0.014656  0.006604   0.870337 f
  table_i/n2861 (net)                           1     0.001504            0.000000   0.870337 f
  table_i/U5104/A (BUFX2)                                       0.014656  0.000000   0.870337 f
  table_i/U5104/Y (BUFX2)                                       0.010022  0.039268   0.909605 f
  table_i/n5703 (net)                           3     0.007498            0.000000   0.909605 f
  table_i/U5958/A (INVX1)                                       0.010022  0.000000   0.909605 f
  table_i/U5958/Y (INVX1)                                       0.003506  0.018326   0.927931 r
  table_i/n6625 (net)                           3     0.007595            0.000000   0.927931 r
  table_i/U138/A (AND2X1)                                       0.003506  0.000000   0.927931 r
  table_i/U138/Y (AND2X1)                                       0.030971  0.028475   0.956406 r
  table_i/n2862 (net)                           1     0.001551            0.000000   0.956406 r
  table_i/U139/A (INVX1)                                        0.030971  0.000000   0.956406 r
  table_i/U139/Y (INVX1)                                        0.015736  0.025171   0.981576 f
  table_i/n24 (net)                             2     0.004035            0.000000   0.981576 f
  table_i/U4614/A (NAND3X1)                                     0.015736  0.000000   0.981576 f
  table_i/U4614/Y (NAND3X1)                                     0.033817  0.035879   1.017456 r
  table_i/n2850 (net)                           1     0.001539            0.000000   1.017456 r
  table_i/U140/A (BUFX2)                                        0.033817  0.000000   1.017456 r
  table_i/U140/Y (BUFX2)                                        0.016225  0.039433   1.056889 r
  table_i/n25 (net)                             2     0.005253            0.000000   1.056889 r
  table_i/U21/A (AND2X1)                                        0.016225  0.000000   1.056889 r
  table_i/U21/Y (AND2X1)                                        0.031038  0.028353   1.085243 r
  table_i/n2857 (net)                           1     0.001551            0.000000   1.085243 r
  table_i/U5619/A (INVX1)                                       0.031038  0.000000   1.085243 r
  table_i/U5619/Y (INVX1)                                       0.029892  0.034882   1.120124 f
  table_i/n5969 (net)                           3     0.008765            0.000000   1.120124 f
  table_i/U4612/C (NOR3X1)                                      0.029892  0.000000   1.120124 f
  table_i/U4612/Y (NOR3X1)                                      0.084812  0.051158   1.171282 r
  table_i/n2840 (net)                           3     0.009190            0.000000   1.171282 r
  table_i/U4611/B (NOR3X1)                                      0.084812  0.000000   1.171282 r
  table_i/U4611/Y (NOR3X1)                                      0.041248  0.057052   1.228333 f
  table_i/n2860 (net)                           3     0.007535            0.000000   1.228333 f
  table_i/U5869/A (AND2X1)                                      0.041248  0.000000   1.228333 f
  table_i/U5869/Y (AND2X1)                                      0.032547  0.048331   1.276664 f
  table_i/n2854 (net)                           3     0.007713            0.000000   1.276664 f
  table_i/U5870/A (INVX1)                                       0.032547  0.000000   1.276664 f
  table_i/U5870/Y (INVX1)                                       0.007588  0.026699   1.303364 r
  table_i/n6096 (net)                           3     0.007723            0.000000   1.303364 r
  table_i/U4609/A (NAND3X1)                                     0.007588  0.000000   1.303364 r
  table_i/U4609/Y (NAND3X1)                                     0.015697  0.016344   1.319708 f
  table_i/n2858 (net)                           1     0.001504            0.000000   1.319708 f
  table_i/U99/A (BUFX2)                                         0.015697  0.000000   1.319708 f
  table_i/U99/Y (BUFX2)                                         0.004934  0.035506   1.355214 f
  table_i/n4 (net)                              2     0.003685            0.000000   1.355214 f
  table_i/U4608/A (NAND3X1)                                     0.004934  0.000000   1.355214 f
  table_i/U4608/Y (NAND3X1)                                     0.033628  0.032540   1.387754 r
  table_i/n2859 (net)                           1     0.001551            0.000000   1.387754 r
  table_i/U6046/A (INVX1)                                       0.033628  0.000000   1.387754 r
  table_i/U6046/Y (INVX1)                                       0.017551  0.027258   1.415011 f
  table_i/n6623 (net)                           2     0.004703            0.000000   1.415011 f
  table_i/U5614/A (AND2X1)                                      0.017551  0.000000   1.415011 f
  table_i/U5614/Y (AND2X1)                                      0.021607  0.036418   1.451429 f
  table_i/n2853 (net)                           2     0.003790            0.000000   1.451429 f
  table_i/U5615/A (INVX1)                                       0.021607  0.000000   1.451429 f
  table_i/U5615/Y (INVX1)                                       0.000000  0.013491   1.464920 r
  table_i/n5966 (net)                           2     0.004839            0.000000   1.464920 r
  table_i/U4606/A (NAND3X1)                                     0.000000  0.000000   1.464920 r
  table_i/U4606/Y (NAND3X1)                                     0.015703  0.015351   1.480271 f
  table_i/n2843 (net)                           1     0.001504            0.000000   1.480271 f
  table_i/U98/A (BUFX2)                                         0.015703  0.000000   1.480271 f
  table_i/U98/Y (BUFX2)                                         0.004406  0.035109   1.515379 f
  table_i/n3 (net)                              2     0.003303            0.000000   1.515379 f
  table_i/U141/A (INVX1)                                        0.004406  0.000000   1.515379 f
  table_i/U141/Y (INVX1)                                        0.000000  -0.000109  1.515271 r
  table_i/n26 (net)                             1     0.002525            0.000000   1.515271 r
  table_i/U90/A (OR2X1)                                         0.000000  0.000000   1.515271 r
  table_i/U90/Y (OR2X1)                                         0.023956  0.039048   1.554318 r
  table_i/n2 (net)                              1     0.002424            0.000000   1.554318 r
  table_i/U88/B (OR2X1)                                         0.023956  0.000000   1.554318 r
  table_i/U88/Y (OR2X1)                                         0.036229  0.060705   1.615024 r
  table_i/n1 (net)                              2     0.005712            0.000000   1.615024 r
  table_i/U25/B (OR2X1)                                         0.036229  0.000000   1.615024 r
  table_i/U25/Y (OR2X1)                                         0.027122  0.053857   1.668881 r
  table_i/n2856 (net)                           1     0.003288            0.000000   1.668881 r
  table_i/U4604/C (NOR3X1)                                      0.027122  0.000000   1.668881 r
  table_i/U4604/Y (NOR3X1)                                      0.032191  0.027109   1.695989 f
  table_i/n2855 (net)                           2     0.003743            0.000000   1.695989 f
  table_i/U6045/A (AND2X1)                                      0.032191  0.000000   1.695989 f
  table_i/U6045/Y (AND2X1)                                      0.022970  0.040315   1.736304 f
  table_i/n2835 (net)                           2     0.004550            0.000000   1.736304 f
  table_i/U5867/A (AND2X1)                                      0.022970  0.000000   1.736304 f
  table_i/U5867/Y (AND2X1)                                      0.030158  0.043676   1.779980 f
  table_i/n2834 (net)                           3     0.006855            0.000000   1.779980 f
  table_i/U5868/A (INVX1)                                       0.030158  0.000000   1.779980 f
  table_i/U5868/Y (INVX1)                                       0.005456  0.024732   1.804711 r
  table_i/n6095 (net)                           3     0.007376            0.000000   1.804711 r
  table_i/U4592/A (AOI21X1)                                     0.005456  0.000000   1.804711 r
  table_i/U4592/Y (AOI21X1)                                     0.014707  0.013244   1.817955 f
  table_i/n6695 (net)                           1     0.001504            0.000000   1.817955 f
  table_i/U5618/A (BUFX2)                                       0.014707  0.000000   1.817955 f
  table_i/U5618/Y (BUFX2)                                       0.016046  0.043790   1.861746 f
  table_i/req_ready (net)                       2     0.011827            0.000000   1.861746 f
  table_i/U97/B (AND2X1)                                        0.016046  0.000000   1.861746 f
  table_i/U97/Y (AND2X1)                                        0.014851  0.042803   1.904548 f
  table_i/n6155 (net)                           1     0.001476            0.000000   1.904548 f
  table_i/U6272/A (INVX1)                                       0.014851  0.000000   1.904548 f
  table_i/U6272/Y (INVX1)                                       0.199558  0.143745   2.048293 r
  table_i/n6195 (net)                          19     0.045760            0.000000   2.048293 r
  table_i/U6178/A (INVX1)                                       0.199558  0.000000   2.048293 r
  table_i/U6178/Y (INVX1)                                       0.096616  0.132600   2.180893 f
  table_i/n6622 (net)                          18     0.034515            0.000000   2.180893 f
  table_i/U5984/B (AND2X1)                                      0.096616  0.000000   2.180893 f
  table_i/U5984/Y (AND2X1)                                      0.010139  0.052686   2.233579 f
  table_i/n6136 (net)                           1     0.001476            0.000000   2.233579 f
  table_i/U5952/A (INVX1)                                       0.010139  0.000000   2.233579 f
  table_i/U5952/Y (INVX1)                                       0.409891  0.275496   2.509075 r
  table_i/n6374 (net)                          33     0.086886            0.000000   2.509075 r
  table_i/U5323/B (AND2X1)                                      0.409891  0.000000   2.509075 r
  table_i/U5323/Y (AND2X1)                                      0.647654  0.435438   2.944513 r
  table_i/n1184 (net)                          56     0.137199            0.000000   2.944513 r
  table_i/U5324/A (INVX1)                                       0.647654  0.000000   2.944513 r
  table_i/U5324/Y (INVX1)                                       0.176141  0.172103   3.116616 f
  table_i/n5817 (net)                           2     0.003788            0.000000   3.116616 f
  table_i/U5930/A (INVX1)                                       0.176141  0.000000   3.116616 f
  table_i/U5930/Y (INVX1)                                       0.807752  0.588414   3.705030 r
  table_i/n6359 (net)                          65     0.167531            0.000000   3.705030 r
  table_i/U3874/A (OAI21X1)                                     0.807752  0.000000   3.705030 r
  table_i/U3874/Y (OAI21X1)                                     0.180007  0.153826   3.858856 f
  table_i/n4311 (net)                           1     0.001290            0.000000   3.858856 f
  table_i/addresses_reg[2]/D (DFFPOSX1)                         0.180007  0.000000   3.858856 f
  data arrival time                                                                  3.858856

  clock core_clk (rise edge)                                              8.000000   8.000000
  clock network delay (ideal)                                             0.000000   8.000000
  clock uncertainty                                                       -0.100000  7.900000
  table_i/addresses_reg[2]/CLK (DFFPOSX1)                                 0.000000   7.900000 r
  library setup time                                                      -0.092189  7.807811
  data required time                                                                 7.807811
  ----------------------------------------------------------------------------------------------
  data required time                                                                 7.807811
  data arrival time                                                                  -3.858856
  ----------------------------------------------------------------------------------------------
  slack (MET)                                                                        3.948955


  Startpoint: table_i/occupied_reg[0]
              (rising edge-triggered flip-flop clocked by core_clk)
  Endpoint: table_i/addresses_reg[1]
            (rising edge-triggered flip-flop clocked by core_clk)
  Path Group: core_clk
  Path Type: max

  Point                                       Fanout       Cap     Trans      Incr       Path
  ----------------------------------------------------------------------------------------------
  clock core_clk (rise edge)                                              0.000000   0.000000
  clock network delay (ideal)                                             0.000000   0.000000
  table_i/occupied_reg[0]/CLK (DFFPOSX1)                        0.000000  0.000000 # 0.000000 r
  table_i/occupied_reg[0]/Q (DFFPOSX1)                          0.118814  0.133234   0.133234 r
  table_i/occupied[0] (net)                    18     0.048343            0.000000   0.133234 r
  table_i/U6407/A (INVX1)                                       0.118814  0.000000   0.133234 r
  table_i/U6407/Y (INVX1)                                       0.011977  0.050524   0.183758 f
  table_i/n6628 (net)                           2     0.004820            0.000000   0.183758 f
  table_i/U5875/B (OR2X1)                                       0.011977  0.000000   0.183758 f
  table_i/U5875/Y (OR2X1)                                       0.010774  0.047123   0.230881 f
  table_i/n2863 (net)                           1     0.001476            0.000000   0.230881 f
  table_i/U5876/A (INVX1)                                       0.010774  0.000000   0.230881 f
  table_i/U5876/Y (INVX1)                                       0.032235  0.036700   0.267581 r
  table_i/n6099 (net)                           5     0.013180            0.000000   0.267581 r
  table_i/U5602/A (AND2X1)                                      0.032235  0.000000   0.267581 r
  table_i/U5602/Y (AND2X1)                                      0.030904  0.028200   0.295781 r
  table_i/n2868 (net)                           1     0.001551            0.000000   0.295781 r
  table_i/U5603/A (INVX1)                                       0.030904  0.000000   0.295781 r
  table_i/U5603/Y (INVX1)                                       0.015875  0.025244   0.321026 f
  table_i/n5960 (net)                           2     0.004080            0.000000   0.321026 f
  table_i/U4623/A (NAND3X1)                                     0.015875  0.000000   0.321026 f
  table_i/U4623/Y (NAND3X1)                                     0.033832  0.035923   0.356949 r
  table_i/n2852 (net)                           1     0.001539            0.000000   0.356949 r
  table_i/U3793/A (BUFX2)                                       0.033832  0.000000   0.356949 r
  table_i/U3793/Y (BUFX2)                                       0.014904  0.038560   0.395509 r
  table_i/n5219 (net)                           2     0.004686            0.000000   0.395509 r
  table_i/U2559/B (AND2X1)                                      0.014904  0.000000   0.395509 r
  table_i/U2559/Y (AND2X1)                                      0.075950  0.070262   0.465771 r
  table_i/n2837 (net)                           4     0.011302            0.000000   0.465771 r
  table_i/U4622/C (NAND3X1)                                     0.075950  0.000000   0.465771 r
  table_i/U4622/Y (NAND3X1)                                     0.015681  0.024338   0.490109 f
  table_i/n2865 (net)                           1     0.001504            0.000000   0.490109 f
  table_i/U4225/A (BUFX2)                                       0.015681  0.000000   0.490109 f
  table_i/U4225/Y (BUFX2)                                       0.006021  0.036323   0.526432 f
  table_i/n5339 (net)                           2     0.004471            0.000000   0.526432 f
  table_i/U4621/B (NAND3X1)                                     0.006021  0.000000   0.526432 f
  table_i/U4621/Y (NAND3X1)                                     0.034117  0.028803   0.555235 r
  table_i/n2867 (net)                           1     0.001551            0.000000   0.555235 r
  table_i/U6044/A (INVX1)                                       0.034117  0.000000   0.555235 r
  table_i/U6044/Y (INVX1)                                       0.022987  0.031133   0.586367 f
  table_i/n6627 (net)                           3     0.006530            0.000000   0.586367 f
  table_i/U5626/A (AND2X1)                                      0.022987  0.000000   0.586367 f
  table_i/U5626/Y (AND2X1)                                      0.015148  0.032445   0.618812 f
  table_i/n2851 (net)                           1     0.001476            0.000000   0.618812 f
  table_i/U5627/A (INVX1)                                       0.015148  0.000000   0.618812 f
  table_i/U5627/Y (INVX1)                                       0.015208  0.027056   0.645868 r
  table_i/n5973 (net)                           4     0.009730            0.000000   0.645868 r
  table_i/U4619/A (NAND3X1)                                     0.015208  0.000000   0.645868 r
  table_i/U4619/Y (NAND3X1)                                     0.015687  0.017342   0.663210 f
  table_i/n2842 (net)                           1     0.001504            0.000000   0.663210 f
  table_i/U4652/A (BUFX2)                                       0.015687  0.000000   0.663210 f
  table_i/U4652/Y (BUFX2)                                       0.008555  0.038229   0.701438 f
  table_i/n5467 (net)                           3     0.006298            0.000000   0.701438 f
  table_i/U2955/A (AND2X1)                                      0.008555  0.000000   0.701438 f
  table_i/U2955/Y (AND2X1)                                      0.018226  0.032994   0.734432 f
  table_i/n2866 (net)                           1     0.002832            0.000000   0.734432 f
  table_i/U4618/C (NAND3X1)                                     0.018226  0.000000   0.734432 f
  table_i/U4618/Y (NAND3X1)                                     0.033832  0.029868   0.764300 r
  table_i/n2841 (net)                           1     0.001539            0.000000   0.764300 r
  table_i/U5343/A (BUFX2)                                       0.033832  0.000000   0.764300 r
  table_i/U5343/Y (BUFX2)                                       0.021873  0.043167   0.807468 r
  table_i/n5827 (net)                           3     0.007671            0.000000   0.807468 r
  table_i/U4617/A (NAND3X1)                                     0.021873  0.000000   0.807468 r
  table_i/U4617/Y (NAND3X1)                                     0.015045  0.018215   0.825683 f
  table_i/n2844 (net)                           1     0.001504            0.000000   0.825683 f
  table_i/U3797/A (BUFX2)                                       0.015045  0.000000   0.825683 f
  table_i/U3797/Y (BUFX2)                                       0.005916  0.036209   0.861892 f
  table_i/n5221 (net)                           2     0.004487            0.000000   0.861892 f
  table_i/U6043/A (INVX1)                                       0.005916  0.000000   0.861892 f
  table_i/U6043/Y (INVX1)                                       0.000000  0.001841   0.863733 r
  table_i/n6626 (net)                           1     0.002961            0.000000   0.863733 r
  table_i/U4616/C (NAND3X1)                                     0.000000  0.000000   0.863733 r
  table_i/U4616/Y (NAND3X1)                                     0.014656  0.006604   0.870337 f
  table_i/n2861 (net)                           1     0.001504            0.000000   0.870337 f
  table_i/U5104/A (BUFX2)                                       0.014656  0.000000   0.870337 f
  table_i/U5104/Y (BUFX2)                                       0.010022  0.039268   0.909605 f
  table_i/n5703 (net)                           3     0.007498            0.000000   0.909605 f
  table_i/U5958/A (INVX1)                                       0.010022  0.000000   0.909605 f
  table_i/U5958/Y (INVX1)                                       0.003506  0.018326   0.927931 r
  table_i/n6625 (net)                           3     0.007595            0.000000   0.927931 r
  table_i/U138/A (AND2X1)                                       0.003506  0.000000   0.927931 r
  table_i/U138/Y (AND2X1)                                       0.030971  0.028475   0.956406 r
  table_i/n2862 (net)                           1     0.001551            0.000000   0.956406 r
  table_i/U139/A (INVX1)                                        0.030971  0.000000   0.956406 r
  table_i/U139/Y (INVX1)                                        0.015736  0.025171   0.981576 f
  table_i/n24 (net)                             2     0.004035            0.000000   0.981576 f
  table_i/U4614/A (NAND3X1)                                     0.015736  0.000000   0.981576 f
  table_i/U4614/Y (NAND3X1)                                     0.033817  0.035879   1.017456 r
  table_i/n2850 (net)                           1     0.001539            0.000000   1.017456 r
  table_i/U140/A (BUFX2)                                        0.033817  0.000000   1.017456 r
  table_i/U140/Y (BUFX2)                                        0.016225  0.039433   1.056889 r
  table_i/n25 (net)                             2     0.005253            0.000000   1.056889 r
  table_i/U21/A (AND2X1)                                        0.016225  0.000000   1.056889 r
  table_i/U21/Y (AND2X1)                                        0.031038  0.028353   1.085243 r
  table_i/n2857 (net)                           1     0.001551            0.000000   1.085243 r
  table_i/U5619/A (INVX1)                                       0.031038  0.000000   1.085243 r
  table_i/U5619/Y (INVX1)                                       0.029892  0.034882   1.120124 f
  table_i/n5969 (net)                           3     0.008765            0.000000   1.120124 f
  table_i/U4612/C (NOR3X1)                                      0.029892  0.000000   1.120124 f
  table_i/U4612/Y (NOR3X1)                                      0.084812  0.051158   1.171282 r
  table_i/n2840 (net)                           3     0.009190            0.000000   1.171282 r
  table_i/U4611/B (NOR3X1)                                      0.084812  0.000000   1.171282 r
  table_i/U4611/Y (NOR3X1)                                      0.041248  0.057052   1.228333 f
  table_i/n2860 (net)                           3     0.007535            0.000000   1.228333 f
  table_i/U5869/A (AND2X1)                                      0.041248  0.000000   1.228333 f
  table_i/U5869/Y (AND2X1)                                      0.032547  0.048331   1.276664 f
  table_i/n2854 (net)                           3     0.007713            0.000000   1.276664 f
  table_i/U5870/A (INVX1)                                       0.032547  0.000000   1.276664 f
  table_i/U5870/Y (INVX1)                                       0.007588  0.026699   1.303364 r
  table_i/n6096 (net)                           3     0.007723            0.000000   1.303364 r
  table_i/U4609/A (NAND3X1)                                     0.007588  0.000000   1.303364 r
  table_i/U4609/Y (NAND3X1)                                     0.015697  0.016344   1.319708 f
  table_i/n2858 (net)                           1     0.001504            0.000000   1.319708 f
  table_i/U99/A (BUFX2)                                         0.015697  0.000000   1.319708 f
  table_i/U99/Y (BUFX2)                                         0.004934  0.035506   1.355214 f
  table_i/n4 (net)                              2     0.003685            0.000000   1.355214 f
  table_i/U4608/A (NAND3X1)                                     0.004934  0.000000   1.355214 f
  table_i/U4608/Y (NAND3X1)                                     0.033628  0.032540   1.387754 r
  table_i/n2859 (net)                           1     0.001551            0.000000   1.387754 r
  table_i/U6046/A (INVX1)                                       0.033628  0.000000   1.387754 r
  table_i/U6046/Y (INVX1)                                       0.017551  0.027258   1.415011 f
  table_i/n6623 (net)                           2     0.004703            0.000000   1.415011 f
  table_i/U5614/A (AND2X1)                                      0.017551  0.000000   1.415011 f
  table_i/U5614/Y (AND2X1)                                      0.021607  0.036418   1.451429 f
  table_i/n2853 (net)                           2     0.003790            0.000000   1.451429 f
  table_i/U5615/A (INVX1)                                       0.021607  0.000000   1.451429 f
  table_i/U5615/Y (INVX1)                                       0.000000  0.013491   1.464920 r
  table_i/n5966 (net)                           2     0.004839            0.000000   1.464920 r
  table_i/U4606/A (NAND3X1)                                     0.000000  0.000000   1.464920 r
  table_i/U4606/Y (NAND3X1)                                     0.015703  0.015351   1.480271 f
  table_i/n2843 (net)                           1     0.001504            0.000000   1.480271 f
  table_i/U98/A (BUFX2)                                         0.015703  0.000000   1.480271 f
  table_i/U98/Y (BUFX2)                                         0.004406  0.035109   1.515379 f
  table_i/n3 (net)                              2     0.003303            0.000000   1.515379 f
  table_i/U141/A (INVX1)                                        0.004406  0.000000   1.515379 f
  table_i/U141/Y (INVX1)                                        0.000000  -0.000109  1.515271 r
  table_i/n26 (net)                             1     0.002525            0.000000   1.515271 r
  table_i/U90/A (OR2X1)                                         0.000000  0.000000   1.515271 r
  table_i/U90/Y (OR2X1)                                         0.023956  0.039048   1.554318 r
  table_i/n2 (net)                              1     0.002424            0.000000   1.554318 r
  table_i/U88/B (OR2X1)                                         0.023956  0.000000   1.554318 r
  table_i/U88/Y (OR2X1)                                         0.036229  0.060705   1.615024 r
  table_i/n1 (net)                              2     0.005712            0.000000   1.615024 r
  table_i/U25/B (OR2X1)                                         0.036229  0.000000   1.615024 r
  table_i/U25/Y (OR2X1)                                         0.027122  0.053857   1.668881 r
  table_i/n2856 (net)                           1     0.003288            0.000000   1.668881 r
  table_i/U4604/C (NOR3X1)                                      0.027122  0.000000   1.668881 r
  table_i/U4604/Y (NOR3X1)                                      0.032191  0.027109   1.695989 f
  table_i/n2855 (net)                           2     0.003743            0.000000   1.695989 f
  table_i/U6045/A (AND2X1)                                      0.032191  0.000000   1.695989 f
  table_i/U6045/Y (AND2X1)                                      0.022970  0.040315   1.736304 f
  table_i/n2835 (net)                           2     0.004550            0.000000   1.736304 f
  table_i/U5867/A (AND2X1)                                      0.022970  0.000000   1.736304 f
  table_i/U5867/Y (AND2X1)                                      0.030158  0.043676   1.779980 f
  table_i/n2834 (net)                           3     0.006855            0.000000   1.779980 f
  table_i/U5868/A (INVX1)                                       0.030158  0.000000   1.779980 f
  table_i/U5868/Y (INVX1)                                       0.005456  0.024732   1.804711 r
  table_i/n6095 (net)                           3     0.007376            0.000000   1.804711 r
  table_i/U4592/A (AOI21X1)                                     0.005456  0.000000   1.804711 r
  table_i/U4592/Y (AOI21X1)                                     0.014707  0.013244   1.817955 f
  table_i/n6695 (net)                           1     0.001504            0.000000   1.817955 f
  table_i/U5618/A (BUFX2)                                       0.014707  0.000000   1.817955 f
  table_i/U5618/Y (BUFX2)                                       0.016046  0.043790   1.861746 f
  table_i/req_ready (net)                       2     0.011827            0.000000   1.861746 f
  table_i/U97/B (AND2X1)                                        0.016046  0.000000   1.861746 f
  table_i/U97/Y (AND2X1)                                        0.014851  0.042803   1.904548 f
  table_i/n6155 (net)                           1     0.001476            0.000000   1.904548 f
  table_i/U6272/A (INVX1)                                       0.014851  0.000000   1.904548 f
  table_i/U6272/Y (INVX1)                                       0.199558  0.143745   2.048293 r
  table_i/n6195 (net)                          19     0.045760            0.000000   2.048293 r
  table_i/U6178/A (INVX1)                                       0.199558  0.000000   2.048293 r
  table_i/U6178/Y (INVX1)                                       0.096616  0.132600   2.180893 f
  table_i/n6622 (net)                          18     0.034515            0.000000   2.180893 f
  table_i/U5984/B (AND2X1)                                      0.096616  0.000000   2.180893 f
  table_i/U5984/Y (AND2X1)                                      0.010139  0.052686   2.233579 f
  table_i/n6136 (net)                           1     0.001476            0.000000   2.233579 f
  table_i/U5952/A (INVX1)                                       0.010139  0.000000   2.233579 f
  table_i/U5952/Y (INVX1)                                       0.409891  0.275496   2.509075 r
  table_i/n6374 (net)                          33     0.086886            0.000000   2.509075 r
  table_i/U5323/B (AND2X1)                                      0.409891  0.000000   2.509075 r
  table_i/U5323/Y (AND2X1)                                      0.647654  0.435438   2.944513 r
  table_i/n1184 (net)                          56     0.137199            0.000000   2.944513 r
  table_i/U5324/A (INVX1)                                       0.647654  0.000000   2.944513 r
  table_i/U5324/Y (INVX1)                                       0.176141  0.172103   3.116616 f
  table_i/n5817 (net)                           2     0.003788            0.000000   3.116616 f
  table_i/U5930/A (INVX1)                                       0.176141  0.000000   3.116616 f
  table_i/U5930/Y (INVX1)                                       0.807752  0.588414   3.705030 r
  table_i/n6359 (net)                          65     0.167531            0.000000   3.705030 r
  table_i/U3872/A (OAI21X1)                                     0.807752  0.000000   3.705030 r
  table_i/U3872/Y (OAI21X1)                                     0.180007  0.153826   3.858856 f
  table_i/n4310 (net)                           1     0.001290            0.000000   3.858856 f
  table_i/addresses_reg[1]/D (DFFPOSX1)                         0.180007  0.000000   3.858856 f
  data arrival time                                                                  3.858856

  clock core_clk (rise edge)                                              8.000000   8.000000
  clock network delay (ideal)                                             0.000000   8.000000
  clock uncertainty                                                       -0.100000  7.900000
  table_i/addresses_reg[1]/CLK (DFFPOSX1)                                 0.000000   7.900000 r
  library setup time                                                      -0.092189  7.807811
  data required time                                                                 7.807811
  ----------------------------------------------------------------------------------------------
  data required time                                                                 7.807811
  data arrival time                                                                  -3.858856
  ----------------------------------------------------------------------------------------------
  slack (MET)                                                                        3.948955


  Startpoint: table_i/occupied_reg[0]
              (rising edge-triggered flip-flop clocked by core_clk)
  Endpoint: table_i/addresses_reg[0]
            (rising edge-triggered flip-flop clocked by core_clk)
  Path Group: core_clk
  Path Type: max

  Point                                       Fanout       Cap     Trans      Incr       Path
  ----------------------------------------------------------------------------------------------
  clock core_clk (rise edge)                                              0.000000   0.000000
  clock network delay (ideal)                                             0.000000   0.000000
  table_i/occupied_reg[0]/CLK (DFFPOSX1)                        0.000000  0.000000 # 0.000000 r
  table_i/occupied_reg[0]/Q (DFFPOSX1)                          0.118814  0.133234   0.133234 r
  table_i/occupied[0] (net)                    18     0.048343            0.000000   0.133234 r
  table_i/U6407/A (INVX1)                                       0.118814  0.000000   0.133234 r
  table_i/U6407/Y (INVX1)                                       0.011977  0.050524   0.183758 f
  table_i/n6628 (net)                           2     0.004820            0.000000   0.183758 f
  table_i/U5875/B (OR2X1)                                       0.011977  0.000000   0.183758 f
  table_i/U5875/Y (OR2X1)                                       0.010774  0.047123   0.230881 f
  table_i/n2863 (net)                           1     0.001476            0.000000   0.230881 f
  table_i/U5876/A (INVX1)                                       0.010774  0.000000   0.230881 f
  table_i/U5876/Y (INVX1)                                       0.032235  0.036700   0.267581 r
  table_i/n6099 (net)                           5     0.013180            0.000000   0.267581 r
  table_i/U5602/A (AND2X1)                                      0.032235  0.000000   0.267581 r
  table_i/U5602/Y (AND2X1)                                      0.030904  0.028200   0.295781 r
  table_i/n2868 (net)                           1     0.001551            0.000000   0.295781 r
  table_i/U5603/A (INVX1)                                       0.030904  0.000000   0.295781 r
  table_i/U5603/Y (INVX1)                                       0.015875  0.025244   0.321026 f
  table_i/n5960 (net)                           2     0.004080            0.000000   0.321026 f
  table_i/U4623/A (NAND3X1)                                     0.015875  0.000000   0.321026 f
  table_i/U4623/Y (NAND3X1)                                     0.033832  0.035923   0.356949 r
  table_i/n2852 (net)                           1     0.001539            0.000000   0.356949 r
  table_i/U3793/A (BUFX2)                                       0.033832  0.000000   0.356949 r
  table_i/U3793/Y (BUFX2)                                       0.014904  0.038560   0.395509 r
  table_i/n5219 (net)                           2     0.004686            0.000000   0.395509 r
  table_i/U2559/B (AND2X1)                                      0.014904  0.000000   0.395509 r
  table_i/U2559/Y (AND2X1)                                      0.075950  0.070262   0.465771 r
  table_i/n2837 (net)                           4     0.011302            0.000000   0.465771 r
  table_i/U4622/C (NAND3X1)                                     0.075950  0.000000   0.465771 r
  table_i/U4622/Y (NAND3X1)                                     0.015681  0.024338   0.490109 f
  table_i/n2865 (net)                           1     0.001504            0.000000   0.490109 f
  table_i/U4225/A (BUFX2)                                       0.015681  0.000000   0.490109 f
  table_i/U4225/Y (BUFX2)                                       0.006021  0.036323   0.526432 f
  table_i/n5339 (net)                           2     0.004471            0.000000   0.526432 f
  table_i/U4621/B (NAND3X1)                                     0.006021  0.000000   0.526432 f
  table_i/U4621/Y (NAND3X1)                                     0.034117  0.028803   0.555235 r
  table_i/n2867 (net)                           1     0.001551            0.000000   0.555235 r
  table_i/U6044/A (INVX1)                                       0.034117  0.000000   0.555235 r
  table_i/U6044/Y (INVX1)                                       0.022987  0.031133   0.586367 f
  table_i/n6627 (net)                           3     0.006530            0.000000   0.586367 f
  table_i/U5626/A (AND2X1)                                      0.022987  0.000000   0.586367 f
  table_i/U5626/Y (AND2X1)                                      0.015148  0.032445   0.618812 f
  table_i/n2851 (net)                           1     0.001476            0.000000   0.618812 f
  table_i/U5627/A (INVX1)                                       0.015148  0.000000   0.618812 f
  table_i/U5627/Y (INVX1)                                       0.015208  0.027056   0.645868 r
  table_i/n5973 (net)                           4     0.009730            0.000000   0.645868 r
  table_i/U4619/A (NAND3X1)                                     0.015208  0.000000   0.645868 r
  table_i/U4619/Y (NAND3X1)                                     0.015687  0.017342   0.663210 f
  table_i/n2842 (net)                           1     0.001504            0.000000   0.663210 f
  table_i/U4652/A (BUFX2)                                       0.015687  0.000000   0.663210 f
  table_i/U4652/Y (BUFX2)                                       0.008555  0.038229   0.701438 f
  table_i/n5467 (net)                           3     0.006298            0.000000   0.701438 f
  table_i/U2955/A (AND2X1)                                      0.008555  0.000000   0.701438 f
  table_i/U2955/Y (AND2X1)                                      0.018226  0.032994   0.734432 f
  table_i/n2866 (net)                           1     0.002832            0.000000   0.734432 f
  table_i/U4618/C (NAND3X1)                                     0.018226  0.000000   0.734432 f
  table_i/U4618/Y (NAND3X1)                                     0.033832  0.029868   0.764300 r
  table_i/n2841 (net)                           1     0.001539            0.000000   0.764300 r
  table_i/U5343/A (BUFX2)                                       0.033832  0.000000   0.764300 r
  table_i/U5343/Y (BUFX2)                                       0.021873  0.043167   0.807468 r
  table_i/n5827 (net)                           3     0.007671            0.000000   0.807468 r
  table_i/U4617/A (NAND3X1)                                     0.021873  0.000000   0.807468 r
  table_i/U4617/Y (NAND3X1)                                     0.015045  0.018215   0.825683 f
  table_i/n2844 (net)                           1     0.001504            0.000000   0.825683 f
  table_i/U3797/A (BUFX2)                                       0.015045  0.000000   0.825683 f
  table_i/U3797/Y (BUFX2)                                       0.005916  0.036209   0.861892 f
  table_i/n5221 (net)                           2     0.004487            0.000000   0.861892 f
  table_i/U6043/A (INVX1)                                       0.005916  0.000000   0.861892 f
  table_i/U6043/Y (INVX1)                                       0.000000  0.001841   0.863733 r
  table_i/n6626 (net)                           1     0.002961            0.000000   0.863733 r
  table_i/U4616/C (NAND3X1)                                     0.000000  0.000000   0.863733 r
  table_i/U4616/Y (NAND3X1)                                     0.014656  0.006604   0.870337 f
  table_i/n2861 (net)                           1     0.001504            0.000000   0.870337 f
  table_i/U5104/A (BUFX2)                                       0.014656  0.000000   0.870337 f
  table_i/U5104/Y (BUFX2)                                       0.010022  0.039268   0.909605 f
  table_i/n5703 (net)                           3     0.007498            0.000000   0.909605 f
  table_i/U5958/A (INVX1)                                       0.010022  0.000000   0.909605 f
  table_i/U5958/Y (INVX1)                                       0.003506  0.018326   0.927931 r
  table_i/n6625 (net)                           3     0.007595            0.000000   0.927931 r
  table_i/U138/A (AND2X1)                                       0.003506  0.000000   0.927931 r
  table_i/U138/Y (AND2X1)                                       0.030971  0.028475   0.956406 r
  table_i/n2862 (net)                           1     0.001551            0.000000   0.956406 r
  table_i/U139/A (INVX1)                                        0.030971  0.000000   0.956406 r
  table_i/U139/Y (INVX1)                                        0.015736  0.025171   0.981576 f
  table_i/n24 (net)                             2     0.004035            0.000000   0.981576 f
  table_i/U4614/A (NAND3X1)                                     0.015736  0.000000   0.981576 f
  table_i/U4614/Y (NAND3X1)                                     0.033817  0.035879   1.017456 r
  table_i/n2850 (net)                           1     0.001539            0.000000   1.017456 r
  table_i/U140/A (BUFX2)                                        0.033817  0.000000   1.017456 r
  table_i/U140/Y (BUFX2)                                        0.016225  0.039433   1.056889 r
  table_i/n25 (net)                             2     0.005253            0.000000   1.056889 r
  table_i/U21/A (AND2X1)                                        0.016225  0.000000   1.056889 r
  table_i/U21/Y (AND2X1)                                        0.031038  0.028353   1.085243 r
  table_i/n2857 (net)                           1     0.001551            0.000000   1.085243 r
  table_i/U5619/A (INVX1)                                       0.031038  0.000000   1.085243 r
  table_i/U5619/Y (INVX1)                                       0.029892  0.034882   1.120124 f
  table_i/n5969 (net)                           3     0.008765            0.000000   1.120124 f
  table_i/U4612/C (NOR3X1)                                      0.029892  0.000000   1.120124 f
  table_i/U4612/Y (NOR3X1)                                      0.084812  0.051158   1.171282 r
  table_i/n2840 (net)                           3     0.009190            0.000000   1.171282 r
  table_i/U4611/B (NOR3X1)                                      0.084812  0.000000   1.171282 r
  table_i/U4611/Y (NOR3X1)                                      0.041248  0.057052   1.228333 f
  table_i/n2860 (net)                           3     0.007535            0.000000   1.228333 f
  table_i/U5869/A (AND2X1)                                      0.041248  0.000000   1.228333 f
  table_i/U5869/Y (AND2X1)                                      0.032547  0.048331   1.276664 f
  table_i/n2854 (net)                           3     0.007713            0.000000   1.276664 f
  table_i/U5870/A (INVX1)                                       0.032547  0.000000   1.276664 f
  table_i/U5870/Y (INVX1)                                       0.007588  0.026699   1.303364 r
  table_i/n6096 (net)                           3     0.007723            0.000000   1.303364 r
  table_i/U4609/A (NAND3X1)                                     0.007588  0.000000   1.303364 r
  table_i/U4609/Y (NAND3X1)                                     0.015697  0.016344   1.319708 f
  table_i/n2858 (net)                           1     0.001504            0.000000   1.319708 f
  table_i/U99/A (BUFX2)                                         0.015697  0.000000   1.319708 f
  table_i/U99/Y (BUFX2)                                         0.004934  0.035506   1.355214 f
  table_i/n4 (net)                              2     0.003685            0.000000   1.355214 f
  table_i/U4608/A (NAND3X1)                                     0.004934  0.000000   1.355214 f
  table_i/U4608/Y (NAND3X1)                                     0.033628  0.032540   1.387754 r
  table_i/n2859 (net)                           1     0.001551            0.000000   1.387754 r
  table_i/U6046/A (INVX1)                                       0.033628  0.000000   1.387754 r
  table_i/U6046/Y (INVX1)                                       0.017551  0.027258   1.415011 f
  table_i/n6623 (net)                           2     0.004703            0.000000   1.415011 f
  table_i/U5614/A (AND2X1)                                      0.017551  0.000000   1.415011 f
  table_i/U5614/Y (AND2X1)                                      0.021607  0.036418   1.451429 f
  table_i/n2853 (net)                           2     0.003790            0.000000   1.451429 f
  table_i/U5615/A (INVX1)                                       0.021607  0.000000   1.451429 f
  table_i/U5615/Y (INVX1)                                       0.000000  0.013491   1.464920 r
  table_i/n5966 (net)                           2     0.004839            0.000000   1.464920 r
  table_i/U4606/A (NAND3X1)                                     0.000000  0.000000   1.464920 r
  table_i/U4606/Y (NAND3X1)                                     0.015703  0.015351   1.480271 f
  table_i/n2843 (net)                           1     0.001504            0.000000   1.480271 f
  table_i/U98/A (BUFX2)                                         0.015703  0.000000   1.480271 f
  table_i/U98/Y (BUFX2)                                         0.004406  0.035109   1.515379 f
  table_i/n3 (net)                              2     0.003303            0.000000   1.515379 f
  table_i/U141/A (INVX1)                                        0.004406  0.000000   1.515379 f
  table_i/U141/Y (INVX1)                                        0.000000  -0.000109  1.515271 r
  table_i/n26 (net)                             1     0.002525            0.000000   1.515271 r
  table_i/U90/A (OR2X1)                                         0.000000  0.000000   1.515271 r
  table_i/U90/Y (OR2X1)                                         0.023956  0.039048   1.554318 r
  table_i/n2 (net)                              1     0.002424            0.000000   1.554318 r
  table_i/U88/B (OR2X1)                                         0.023956  0.000000   1.554318 r
  table_i/U88/Y (OR2X1)                                         0.036229  0.060705   1.615024 r
  table_i/n1 (net)                              2     0.005712            0.000000   1.615024 r
  table_i/U25/B (OR2X1)                                         0.036229  0.000000   1.615024 r
  table_i/U25/Y (OR2X1)                                         0.027122  0.053857   1.668881 r
  table_i/n2856 (net)                           1     0.003288            0.000000   1.668881 r
  table_i/U4604/C (NOR3X1)                                      0.027122  0.000000   1.668881 r
  table_i/U4604/Y (NOR3X1)                                      0.032191  0.027109   1.695989 f
  table_i/n2855 (net)                           2     0.003743            0.000000   1.695989 f
  table_i/U6045/A (AND2X1)                                      0.032191  0.000000   1.695989 f
  table_i/U6045/Y (AND2X1)                                      0.022970  0.040315   1.736304 f
  table_i/n2835 (net)                           2     0.004550            0.000000   1.736304 f
  table_i/U5867/A (AND2X1)                                      0.022970  0.000000   1.736304 f
  table_i/U5867/Y (AND2X1)                                      0.030158  0.043676   1.779980 f
  table_i/n2834 (net)                           3     0.006855            0.000000   1.779980 f
  table_i/U5868/A (INVX1)                                       0.030158  0.000000   1.779980 f
  table_i/U5868/Y (INVX1)                                       0.005456  0.024732   1.804711 r
  table_i/n6095 (net)                           3     0.007376            0.000000   1.804711 r
  table_i/U4592/A (AOI21X1)                                     0.005456  0.000000   1.804711 r
  table_i/U4592/Y (AOI21X1)                                     0.014707  0.013244   1.817955 f
  table_i/n6695 (net)                           1     0.001504            0.000000   1.817955 f
  table_i/U5618/A (BUFX2)                                       0.014707  0.000000   1.817955 f
  table_i/U5618/Y (BUFX2)                                       0.016046  0.043790   1.861746 f
  table_i/req_ready (net)                       2     0.011827            0.000000   1.861746 f
  table_i/U97/B (AND2X1)                                        0.016046  0.000000   1.861746 f
  table_i/U97/Y (AND2X1)                                        0.014851  0.042803   1.904548 f
  table_i/n6155 (net)                           1     0.001476            0.000000   1.904548 f
  table_i/U6272/A (INVX1)                                       0.014851  0.000000   1.904548 f
  table_i/U6272/Y (INVX1)                                       0.199558  0.143745   2.048293 r
  table_i/n6195 (net)                          19     0.045760            0.000000   2.048293 r
  table_i/U6178/A (INVX1)                                       0.199558  0.000000   2.048293 r
  table_i/U6178/Y (INVX1)                                       0.096616  0.132600   2.180893 f
  table_i/n6622 (net)                          18     0.034515            0.000000   2.180893 f
  table_i/U5984/B (AND2X1)                                      0.096616  0.000000   2.180893 f
  table_i/U5984/Y (AND2X1)                                      0.010139  0.052686   2.233579 f
  table_i/n6136 (net)                           1     0.001476            0.000000   2.233579 f
  table_i/U5952/A (INVX1)                                       0.010139  0.000000   2.233579 f
  table_i/U5952/Y (INVX1)                                       0.409891  0.275496   2.509075 r
  table_i/n6374 (net)                          33     0.086886            0.000000   2.509075 r
  table_i/U5323/B (AND2X1)                                      0.409891  0.000000   2.509075 r
  table_i/U5323/Y (AND2X1)                                      0.647654  0.435438   2.944513 r
  table_i/n1184 (net)                          56     0.137199            0.000000   2.944513 r
  table_i/U5324/A (INVX1)                                       0.647654  0.000000   2.944513 r
  table_i/U5324/Y (INVX1)                                       0.176141  0.172103   3.116616 f
  table_i/n5817 (net)                           2     0.003788            0.000000   3.116616 f
  table_i/U5930/A (INVX1)                                       0.176141  0.000000   3.116616 f
  table_i/U5930/Y (INVX1)                                       0.807752  0.588414   3.705030 r
  table_i/n6359 (net)                          65     0.167531            0.000000   3.705030 r
  table_i/U3870/A (OAI21X1)                                     0.807752  0.000000   3.705030 r
  table_i/U3870/Y (OAI21X1)                                     0.180007  0.153826   3.858856 f
  table_i/n4309 (net)                           1     0.001290            0.000000   3.858856 f
  table_i/addresses_reg[0]/D (DFFPOSX1)                         0.180007  0.000000   3.858856 f
  data arrival time                                                                  3.858856

  clock core_clk (rise edge)                                              8.000000   8.000000
  clock network delay (ideal)                                             0.000000   8.000000
  clock uncertainty                                                       -0.100000  7.900000
  table_i/addresses_reg[0]/CLK (DFFPOSX1)                                 0.000000   7.900000 r
  library setup time                                                      -0.092189  7.807811
  data required time                                                                 7.807811
  ----------------------------------------------------------------------------------------------
  data required time                                                                 7.807811
  data arrival time                                                                  -3.858856
  ----------------------------------------------------------------------------------------------
  slack (MET)                                                                        3.948955


1
