 
****************************************
Report : timing
        -path full
        -delay max
        -input_pins
        -nets
        -max_paths 10
        -transition_time
        -capacitance
Design : mc_top_Q_DEPTH16_SCHED_POLICY1_AGING_ENABLE1
Version: R-2020.09-SP4
Date   : Tue Sep 22 18:23:26 2026
****************************************

 # A fanout number of 1000 was used for high fanout net computations.

Operating Conditions: typical   Library: gscl45nm
Wire Load Model Mode: top

  Startpoint: table_i/addresses_reg[160]
              (rising edge-triggered flip-flop clocked by core_clk)
  Endpoint: cmd_wdata[26]
            (output port clocked by core_clk)
  Path Group: core_clk
  Path Type: max

  Point                                       Fanout       Cap     Trans      Incr       Path
  ----------------------------------------------------------------------------------------------
  clock core_clk (rise edge)                                              0.000000   0.000000
  clock network delay (ideal)                                             0.000000   0.000000
  table_i/addresses_reg[160]/CLK (DFFPOSX1)                     0.000000  0.000000 # 0.000000 r
  table_i/addresses_reg[160]/Q (DFFPOSX1)                       0.037631  0.116303   0.116303 f
  table_i/addresses[160] (net)                  5     0.015864            0.000000   0.116303 f
  table_i/addresses[160] (mc_transaction_table_Q_DEPTH16_ADDR_W16_DATA_W32_TAG_W8_READ_LATENCY3_AGE_LIMIT128)
                                                                          0.000000   0.116303 f
  addresses[160] (net)                                0.015864            0.000000   0.116303 f
  candidates_i/addresses[160] (mc_candidates_Q_DEPTH16_ROW_W8_COL_W6)     0.000000   0.116303 f
  candidates_i/N1296 (net)                            0.015864            0.000000   0.116303 f
  candidates_i/U872/A (INVX2)                                   0.037631  0.000000   0.116303 f
  candidates_i/U872/Y (INVX2)                                   0.041488  0.042467   0.158771 r
  candidates_i/n4763 (net)                      5     0.017119            0.000000   0.158771 r
  candidates_i/U6027/B (AND2X2)                                 0.041488  0.000000   0.158771 r
  candidates_i/U6027/Y (AND2X2)                                 0.012212  0.034799   0.193570 r
  candidates_i/n10102 (net)                     2     0.003102            0.000000   0.193570 r
  candidates_i/U2138/A (INVX1)                                  0.012212  0.000000   0.193570 r
  candidates_i/U2138/Y (INVX1)                                  0.020202  0.022266   0.215836 f
  candidates_i/n3870 (net)                      1     0.005092            0.000000   0.215836 f
  candidates_i/U2022/A (INVX4)                                  0.020202  0.000000   0.215836 f
  candidates_i/U2022/Y (INVX4)                                  0.039600  0.038792   0.254628 r
  candidates_i/n11124 (net)                    13     0.036012            0.000000   0.254628 r
  candidates_i/U8651/B (AOI22X1)                                0.039600  0.000000   0.254628 r
  candidates_i/U8651/Y (AOI22X1)                                0.034268  0.033727   0.288355 f
  candidates_i/n7133 (net)                      1     0.001763            0.000000   0.288355 f
  candidates_i/U5105/A (AND2X2)                                 0.034268  0.000000   0.288355 f
  candidates_i/U5105/Y (AND2X2)                                 0.007355  0.041654   0.330009 f
  candidates_i/n7134 (net)                      1     0.004616            0.000000   0.330009 f
  candidates_i/U526/A (XNOR2X1)                                 0.007355  0.000000   0.330009 f
  candidates_i/U526/Y (XNOR2X1)                                 0.036394  0.032896   0.362905 r
  candidates_i/n453 (net)                       1     0.001798            0.000000   0.362905 r
  candidates_i/U840/A (AND2X2)                                  0.036394  0.000000   0.362905 r
  candidates_i/U840/Y (AND2X2)                                  0.020759  0.040988   0.403894 r
  candidates_i/n10384 (net)                     3     0.006858            0.000000   0.403894 r
  candidates_i/U8659/B (NAND2X1)                                0.020759  0.000000   0.403894 r
  candidates_i/U8659/Y (NAND2X1)                                0.023416  0.018938   0.422832 f
  candidates_i/n10101 (net)                     2     0.002952            0.000000   0.422832 f
  candidates_i/U4406/A (INVX1)                                  0.023416  0.000000   0.422832 f
  candidates_i/U4406/Y (INVX1)                                  0.000000  0.012764   0.435596 r
  candidates_i/n9277 (net)                      2     0.004417            0.000000   0.435596 r
  candidates_i/U8676/A (NAND3X1)                                0.000000  0.000000   0.435596 r
  candidates_i/U8676/Y (NAND3X1)                                0.017076  0.017132   0.452729 f
  candidates_i/n7428 (net)                      1     0.002573            0.000000   0.452729 f
  candidates_i/U8834/A (OAI21X1)                                0.017076  0.000000   0.452729 f
  candidates_i/U8834/Y (OAI21X1)                                0.042216  0.043726   0.496455 r
  candidates_i/n7429 (net)                      1     0.002283            0.000000   0.496455 r
  candidates_i/U8835/B (OR2X2)                                  0.042216  0.000000   0.496455 r
  candidates_i/U8835/Y (OR2X2)                                  0.014133  0.048633   0.545088 r
  candidates_i/n9294 (net)                      2     0.003102            0.000000   0.545088 r
  candidates_i/U4334/A (INVX1)                                  0.014133  0.000000   0.545088 r
  candidates_i/U4334/Y (INVX1)                                  0.012619  0.017673   0.562761 f
  candidates_i/n2737 (net)                      1     0.002600            0.000000   0.562761 f
  candidates_i/U9859/B (NAND3X1)                                0.012619  0.000000   0.562761 f
  candidates_i/U9859/Y (NAND3X1)                                0.033851  0.030869   0.593630 r
  candidates_i/n9312 (net)                      1     0.001539            0.000000   0.593630 r
  candidates_i/U1127/A (BUFX2)                                  0.033851  0.000000   0.593630 r
  candidates_i/U1127/Y (BUFX2)                                  0.038011  0.053836   0.647466 r
  candidates_i/n614 (net)                       8     0.014583            0.000000   0.647466 r
  candidates_i/U4846/A (BUFX2)                                  0.038011  0.000000   0.647466 r
  candidates_i/U4846/Y (BUFX2)                                  0.028117  0.047302   0.694767 r
  candidates_i/n3939 (net)                      5     0.010137            0.000000   0.694767 r
  candidates_i/U3980/B (NAND2X1)                                0.028117  0.000000   0.694767 r
  candidates_i/U3980/Y (NAND2X1)                                0.024058  0.021549   0.716316 f
  candidates_i/n2513 (net)                      2     0.003526            0.000000   0.716316 f
  candidates_i/U6195/A (AND2X2)                                 0.024058  0.000000   0.716316 f
  candidates_i/U6195/Y (AND2X2)                                 0.004774  0.040203   0.756519 f
  candidates_i/n3976 (net)                      2     0.005651            0.000000   0.756519 f
  candidates_i/U10112/D (AOI22X1)                               0.004774  0.000000   0.756519 f
  candidates_i/U10112/Y (AOI22X1)                               0.044401  0.024442   0.780962 r
  candidates_i/n9606 (net)                      1     0.001869            0.000000   0.780962 r
  candidates_i/U10114/B (AND2X2)                                0.044401  0.000000   0.780962 r
  candidates_i/U10114/Y (AND2X2)                                0.012047  0.034724   0.815686 r
  candidates_i/n9607 (net)                      1     0.002961            0.000000   0.815686 r
  candidates_i/U10115/C (NAND3X1)                               0.012047  0.000000   0.815686 r
  candidates_i/U10115/Y (NAND3X1)                               0.018338  0.012033   0.827719 f
  candidates_i/n9618 (net)                      1     0.003067            0.000000   0.827719 f
  candidates_i/U10122/B (NOR3X1)                                0.018338  0.000000   0.827719 f
  candidates_i/U10122/Y (NOR3X1)                                0.052169  0.041033   0.868752 r
  candidates_i/n9628 (net)                      1     0.002655            0.000000   0.868752 r
  candidates_i/U4864/A (INVX2)                                  0.052169  0.000000   0.868752 r
  candidates_i/U4864/Y (INVX2)                                  0.021646  0.023755   0.892507 f
  candidates_i/n9629 (net)                      3     0.005344            0.000000   0.892507 f
  candidates_i/U2707/B (NAND2X1)                                0.021646  0.000000   0.892507 f
  candidates_i/U2707/Y (NAND2X1)                                0.031014  0.014148   0.906655 r
  candidates_i/n9650 (net)                      1     0.001551            0.000000   0.906655 r
  candidates_i/U2712/A (INVX1)                                  0.031014  0.000000   0.906655 r
  candidates_i/U2712/Y (INVX1)                                  0.016549  0.025741   0.932396 f
  candidates_i/n9663 (net)                      2     0.004308            0.000000   0.932396 f
  candidates_i/U10126/C (NAND3X1)                               0.016549  0.000000   0.932396 f
  candidates_i/U10126/Y (NAND3X1)                               0.042012  0.034816   0.967211 r
  candidates_i/n9648 (net)                      1     0.003288            0.000000   0.967211 r
  candidates_i/U10135/C (NOR3X1)                                0.042012  0.000000   0.967211 r
  candidates_i/U10135/Y (NOR3X1)                                0.024704  0.027896   0.995108 f
  candidates_i/n9653 (net)                      1     0.002209            0.000000   0.995108 f
  candidates_i/U4992/A (NOR2X1)                                 0.024704  0.000000   0.995108 f
  candidates_i/U4992/Y (NOR2X1)                                 0.035939  0.038022   1.033129 r
  candidates_i/n11238 (net)                     1     0.003979            0.000000   1.033129 r
  candidates_i/U6969/A (BUFX4)                                  0.035939  0.000000   1.033129 r
  candidates_i/U6969/Y (BUFX4)                                  0.017227  0.025955   1.059084 r
  candidates_i/candidate_slots[1] (net)         6     0.010047            0.000000   1.059084 r
  candidates_i/candidate_slots[1] (mc_candidates_Q_DEPTH16_ROW_W8_COL_W6) 0.000000   1.059084 r
  candidate_slots[1] (net)                            0.010047            0.000000   1.059084 r
  frfcfs.scheduler_i/candidate_slots[1] (mc_scheduler_frfcfs_Q_DEPTH16_ADDR_W16_AGE_LIMIT128_AGING_ENABLE1)
                                                                          0.000000   1.059084 r
  frfcfs.scheduler_i/N609 (net)                       0.010047            0.000000   1.059084 r
  frfcfs.scheduler_i/U924/A (AND2X2)                            0.017227  0.000000   1.059084 r
  frfcfs.scheduler_i/U924/Y (AND2X2)                            0.014410  0.036802   1.095886 r
  frfcfs.scheduler_i/n1571 (net)                3     0.004653            0.000000   1.095886 r
  frfcfs.scheduler_i/U485/A (INVX1)                             0.014410  0.000000   1.095886 r
  frfcfs.scheduler_i/U485/Y (INVX1)                             0.017110  0.020843   1.116730 f
  frfcfs.scheduler_i/n355 (net)                 2     0.004109            0.000000   1.116730 f
  frfcfs.scheduler_i/U406/A (INVX1)                             0.017110  0.000000   1.116730 f
  frfcfs.scheduler_i/U406/Y (INVX1)                             0.000000  0.002786   1.119516 r
  frfcfs.scheduler_i/n295 (net)                 1     0.002027            0.000000   1.119516 r
  frfcfs.scheduler_i/U404/B (NAND2X1)                           0.000000  0.000000   1.119516 r
  frfcfs.scheduler_i/U404/Y (NAND2X1)                           0.023110  0.012636   1.132152 f
  frfcfs.scheduler_i/n296 (net)                 1     0.001944            0.000000   1.132152 f
  frfcfs.scheduler_i/U405/B (NAND2X1)                           0.023110  0.000000   1.132152 f
  frfcfs.scheduler_i/U405/Y (NAND2X1)                           0.034872  0.017244   1.149396 r
  frfcfs.scheduler_i/n1559 (net)                1     0.002386            0.000000   1.149396 r
  frfcfs.scheduler_i/U1804/C (AOI21X1)                          0.034872  0.000000   1.149396 r
  frfcfs.scheduler_i/U1804/Y (AOI21X1)                          0.017945  0.019914   1.169310 f
  frfcfs.scheduler_i/n1566 (net)                1     0.002726            0.000000   1.169310 f
  frfcfs.scheduler_i/U1809/B (AOI22X1)                          0.017945  0.000000   1.169310 f
  frfcfs.scheduler_i/U1809/Y (AOI22X1)                          0.052525  0.046432   1.215742 r
  frfcfs.scheduler_i/n1578 (net)                2     0.003980            0.000000   1.215742 r
  frfcfs.scheduler_i/U321/B (AND2X2)                            0.052525  0.000000   1.215742 r
  frfcfs.scheduler_i/U321/Y (AND2X2)                            0.019499  0.039860   1.255602 r
  frfcfs.scheduler_i/n221 (net)                 3     0.006063            0.000000   1.255602 r
  frfcfs.scheduler_i/U379/A (INVX1)                             0.019499  0.000000   1.255602 r
  frfcfs.scheduler_i/U379/Y (INVX1)                             0.010103  0.017658   1.273260 f
  frfcfs.scheduler_i/n271 (net)                 1     0.001884            0.000000   1.273260 f
  frfcfs.scheduler_i/U1862/A (NAND2X1)                          0.010103  0.000000   1.273260 f
  frfcfs.scheduler_i/U1862/Y (NAND2X1)                          0.041240  0.030482   1.303742 r
  frfcfs.scheduler_i/n1673 (net)                2     0.003596            0.000000   1.303742 r
  frfcfs.scheduler_i/U473/A (AND2X2)                            0.041240  0.000000   1.303742 r
  frfcfs.scheduler_i/U473/Y (AND2X2)                            0.019561  0.041291   1.345033 r
  frfcfs.scheduler_i/n344 (net)                 3     0.006931            0.000000   1.345033 r
  frfcfs.scheduler_i/U1939/A (NAND3X1)                          0.019561  0.000000   1.345033 r
  frfcfs.scheduler_i/U1939/Y (NAND3X1)                          0.015860  0.018439   1.363471 f
  frfcfs.scheduler_i/n1731 (net)                1     0.001820            0.000000   1.363471 f
  frfcfs.scheduler_i/U1940/B (AND2X2)                           0.015860  0.000000   1.363471 f
  frfcfs.scheduler_i/U1940/Y (AND2X2)                           0.000000  0.039853   1.403325 f
  frfcfs.scheduler_i/n1863 (net)                2     0.003388            0.000000   1.403325 f
  frfcfs.scheduler_i/U1945/A (NAND2X1)                          0.000000  0.000000   1.403325 f
  frfcfs.scheduler_i/U1945/Y (NAND2X1)                          0.037094  0.024715   1.428040 r
  frfcfs.scheduler_i/n1754 (net)                1     0.002764            0.000000   1.428040 r
  frfcfs.scheduler_i/U1954/B (AOI22X1)                          0.037094  0.000000   1.428040 r
  frfcfs.scheduler_i/U1954/Y (AOI22X1)                          0.035341  0.033870   1.461910 f
  frfcfs.scheduler_i/n1811 (net)                1     0.002209            0.000000   1.461910 f
  frfcfs.scheduler_i/U2009/A (NAND3X1)                          0.035341  0.000000   1.461910 f
  frfcfs.scheduler_i/U2009/Y (NAND3X1)                          0.033157  0.042046   1.503956 r
  frfcfs.scheduler_i/n1812 (net)                1     0.001551            0.000000   1.503956 r
  frfcfs.scheduler_i/U1346/A (INVX1)                            0.033157  0.000000   1.503956 r
  frfcfs.scheduler_i/U1346/Y (INVX1)                            0.014401  0.024953   1.528908 f
  frfcfs.scheduler_i/n1826 (net)                2     0.003640            0.000000   1.528908 f
  frfcfs.scheduler_i/U1338/B (AND2X2)                           0.014401  0.000000   1.528908 f
  frfcfs.scheduler_i/U1338/Y (AND2X2)                           0.001129  0.040556   1.569464 f
  frfcfs.scheduler_i/n916 (net)                 3     0.004428            0.000000   1.569464 f
  frfcfs.scheduler_i/U1340/A (INVX1)                            0.001129  0.000000   1.569464 f
  frfcfs.scheduler_i/U1340/Y (INVX1)                            0.000000  0.002202   1.571667 r
  frfcfs.scheduler_i/n918 (net)                 2     0.003596            0.000000   1.571667 r
  frfcfs.scheduler_i/U982/A (AND2X2)                            0.000000  0.000000   1.571667 r
  frfcfs.scheduler_i/U982/Y (AND2X2)                            0.014269  0.034810   1.606477 r
  frfcfs.scheduler_i/n1880 (net)                2     0.003843            0.000000   1.606477 r
  frfcfs.scheduler_i/U627/A (OR2X2)                             0.014269  0.000000   1.606477 r
  frfcfs.scheduler_i/U627/Y (OR2X2)                             0.017225  0.043484   1.649961 r
  frfcfs.scheduler_i/n460 (net)                 4     0.006204            0.000000   1.649961 r
  frfcfs.scheduler_i/U99/A (INVX1)                              0.017225  0.000000   1.649961 r
  frfcfs.scheduler_i/U99/Y (INVX1)                              0.020932  0.024360   1.674321 f
  frfcfs.scheduler_i/n418 (net)                 2     0.005452            0.000000   1.674321 f
  frfcfs.scheduler_i/U2236/B (AOI22X1)                          0.020932  0.000000   1.674321 f
  frfcfs.scheduler_i/U2236/Y (AOI22X1)                          0.046084  0.043116   1.717437 r
  frfcfs.scheduler_i/n2129 (net)                1     0.002548            0.000000   1.717437 r
  frfcfs.scheduler_i/U2239/A (NAND3X1)                          0.046084  0.000000   1.717437 r
  frfcfs.scheduler_i/U2239/Y (NAND3X1)                          0.015878  0.022705   1.740142 f
  frfcfs.scheduler_i/n2130 (net)                1     0.002297            0.000000   1.740142 f
  frfcfs.scheduler_i/U2240/B (NOR2X1)                           0.015878  0.000000   1.740142 f
  frfcfs.scheduler_i/U2240/Y (NOR2X1)                           0.025123  0.028515   1.768657 r
  frfcfs.scheduler_i/n2140 (net)                1     0.001869            0.000000   1.768657 r
  frfcfs.scheduler_i/U177/B (AND2X2)                            0.025123  0.000000   1.768657 r
  frfcfs.scheduler_i/U177/Y (AND2X2)                            0.011336  0.034009   1.802666 r
  frfcfs.scheduler_i/n2191 (net)                2     0.003102            0.000000   1.802666 r
  frfcfs.scheduler_i/U179/A (INVX1)                             0.011336  0.000000   1.802666 r
  frfcfs.scheduler_i/U179/Y (INVX1)                             0.015351  0.018657   1.821323 f
  frfcfs.scheduler_i/n118 (net)                 2     0.003448            0.000000   1.821323 f
  frfcfs.scheduler_i/U2277/B (NAND2X1)                          0.015351  0.000000   1.821323 f
  frfcfs.scheduler_i/U2277/Y (NAND2X1)                          0.038121  0.016529   1.837852 r
  frfcfs.scheduler_i/n2194 (net)                1     0.002961            0.000000   1.837852 r
  frfcfs.scheduler_i/U2278/C (NAND3X1)                          0.038121  0.000000   1.837852 r
  frfcfs.scheduler_i/U2278/Y (NAND3X1)                          0.018856  0.017727   1.855580 f
  frfcfs.scheduler_i/n2196 (net)                1     0.002832            0.000000   1.855580 f
  frfcfs.scheduler_i/U2279/C (NAND3X1)                          0.018856  0.000000   1.855580 f
  frfcfs.scheduler_i/U2279/Y (NAND3X1)                          0.033488  0.030065   1.885645 r
  frfcfs.scheduler_i/n2307 (net)                1     0.001551            0.000000   1.885645 r
  frfcfs.scheduler_i/U1345/A (INVX1)                            0.033488  0.000000   1.885645 r
  frfcfs.scheduler_i/U1345/Y (INVX1)                            0.014776  0.025315   1.910960 f
  frfcfs.scheduler_i/n2308 (net)                2     0.003773            0.000000   1.910960 f
  frfcfs.scheduler_i/U2332/B (NOR2X1)                           0.014776  0.000000   1.910960 f
  frfcfs.scheduler_i/U2332/Y (NOR2X1)                           0.035508  0.035084   1.946044 r
  frfcfs.scheduler_i/select_slot[1] (net)       1     0.003979            0.000000   1.946044 r
  frfcfs.scheduler_i/select_slot[1] (mc_scheduler_frfcfs_Q_DEPTH16_ADDR_W16_AGE_LIMIT128_AGING_ENABLE1)
                                                                          0.000000   1.946044 r
  select_slot[1] (net)                                0.003979            0.000000   1.946044 r
  U1062/A (BUFX4)                                               0.035508  0.000000   1.946044 r
  U1062/Y (BUFX4)                                               0.014240  0.024028   1.970072 r
  n875 (net)                                    4     0.007532            0.000000   1.970072 r
  U1308/B (AND2X2)                                              0.014240  0.000000   1.970072 r
  U1308/Y (AND2X2)                                              0.012591  0.034705   2.004777 r
  n865 (net)                                    2     0.003897            0.000000   2.004777 r
  U1309/B (AND2X2)                                              0.012591  0.000000   2.004777 r
  U1309/Y (AND2X2)                                              0.024967  0.042907   2.047684 r
  n866 (net)                                    3     0.009287            0.000000   2.047684 r
  U645/A (INVX4)                                                0.024967  0.000000   2.047684 r
  U645/Y (INVX4)                                                0.022730  0.032757   2.080441 f
  n940 (net)                                    6     0.029501            0.000000   2.080441 f
  U157/A (INVX8)                                                0.022730  0.000000   2.080441 f
  U157/Y (INVX8)                                                0.010993  0.022141   2.102581 r
  n97 (net)                                    11     0.022891            0.000000   2.102581 r
  U589/B (AND2X2)                                               0.010993  0.000000   2.102581 r
  U589/Y (AND2X2)                                               0.011011  0.033613   2.136194 r
  n421 (net)                                    1     0.003288            0.000000   2.136194 r
  U2147/C (NOR3X1)                                              0.011011  0.000000   2.136194 r
  U2147/Y (NOR3X1)                                              0.025678  0.018784   2.154978 f
  n2012 (net)                                   1     0.001763            0.000000   2.154978 f
  U696/A (AND2X2)                                               0.025678  0.000000   2.154978 f
  U696/Y (AND2X2)                                               0.000512  0.036575   2.191553 f
  n873 (net)                                    1     0.001884            0.000000   2.191553 f
  U708/A (NAND2X1)                                              0.000512  0.000000   2.191553 f
  U708/Y (NAND2X1)                                              0.033380  0.022098   2.213651 r
  n438 (net)                                    1     0.001869            0.000000   2.213651 r
  U205/B (AND2X2)                                               0.033380  0.000000   2.213651 r
  U205/Y (AND2X2)                                               0.010756  0.033723   2.247374 r
  n420 (net)                                    1     0.002655            0.000000   2.247374 r
  U206/A (INVX2)                                                0.010756  0.000000   2.247374 r
  U206/Y (INVX2)                                                0.010617  0.027768   2.275142 f
  cmd_wdata[26] (net)                           1     0.010000            0.000000   2.275142 f
  cmd_wdata[26] (out)                                           0.010617  0.000000   2.275142 f
  data arrival time                                                                  2.275142

  clock core_clk (rise edge)                                              3.000000   3.000000
  clock network delay (ideal)                                             0.000000   3.000000
  clock uncertainty                                                       -0.100000  2.900000
  output external delay                                                   -1.000000  1.900000
  data required time                                                                 1.900000
  ----------------------------------------------------------------------------------------------
  data required time                                                                 1.900000
  data arrival time                                                                  -2.275142
  ----------------------------------------------------------------------------------------------
  slack (VIOLATED)                                                                   -0.375142


  Startpoint: table_i/addresses_reg[160]
              (rising edge-triggered flip-flop clocked by core_clk)
  Endpoint: cmd_wdata[14]
            (output port clocked by core_clk)
  Path Group: core_clk
  Path Type: max

  Point                                       Fanout       Cap     Trans      Incr       Path
  ----------------------------------------------------------------------------------------------
  clock core_clk (rise edge)                                              0.000000   0.000000
  clock network delay (ideal)                                             0.000000   0.000000
  table_i/addresses_reg[160]/CLK (DFFPOSX1)                     0.000000  0.000000 # 0.000000 r
  table_i/addresses_reg[160]/Q (DFFPOSX1)                       0.037631  0.116303   0.116303 f
  table_i/addresses[160] (net)                  5     0.015864            0.000000   0.116303 f
  table_i/addresses[160] (mc_transaction_table_Q_DEPTH16_ADDR_W16_DATA_W32_TAG_W8_READ_LATENCY3_AGE_LIMIT128)
                                                                          0.000000   0.116303 f
  addresses[160] (net)                                0.015864            0.000000   0.116303 f
  candidates_i/addresses[160] (mc_candidates_Q_DEPTH16_ROW_W8_COL_W6)     0.000000   0.116303 f
  candidates_i/N1296 (net)                            0.015864            0.000000   0.116303 f
  candidates_i/U872/A (INVX2)                                   0.037631  0.000000   0.116303 f
  candidates_i/U872/Y (INVX2)                                   0.041488  0.042467   0.158771 r
  candidates_i/n4763 (net)                      5     0.017119            0.000000   0.158771 r
  candidates_i/U6027/B (AND2X2)                                 0.041488  0.000000   0.158771 r
  candidates_i/U6027/Y (AND2X2)                                 0.012212  0.034799   0.193570 r
  candidates_i/n10102 (net)                     2     0.003102            0.000000   0.193570 r
  candidates_i/U2138/A (INVX1)                                  0.012212  0.000000   0.193570 r
  candidates_i/U2138/Y (INVX1)                                  0.020202  0.022266   0.215836 f
  candidates_i/n3870 (net)                      1     0.005092            0.000000   0.215836 f
  candidates_i/U2022/A (INVX4)                                  0.020202  0.000000   0.215836 f
  candidates_i/U2022/Y (INVX4)                                  0.039600  0.038792   0.254628 r
  candidates_i/n11124 (net)                    13     0.036012            0.000000   0.254628 r
  candidates_i/U8651/B (AOI22X1)                                0.039600  0.000000   0.254628 r
  candidates_i/U8651/Y (AOI22X1)                                0.034268  0.033727   0.288355 f
  candidates_i/n7133 (net)                      1     0.001763            0.000000   0.288355 f
  candidates_i/U5105/A (AND2X2)                                 0.034268  0.000000   0.288355 f
  candidates_i/U5105/Y (AND2X2)                                 0.007355  0.041654   0.330009 f
  candidates_i/n7134 (net)                      1     0.004616            0.000000   0.330009 f
  candidates_i/U526/A (XNOR2X1)                                 0.007355  0.000000   0.330009 f
  candidates_i/U526/Y (XNOR2X1)                                 0.036394  0.032896   0.362905 r
  candidates_i/n453 (net)                       1     0.001798            0.000000   0.362905 r
  candidates_i/U840/A (AND2X2)                                  0.036394  0.000000   0.362905 r
  candidates_i/U840/Y (AND2X2)                                  0.020759  0.040988   0.403894 r
  candidates_i/n10384 (net)                     3     0.006858            0.000000   0.403894 r
  candidates_i/U8659/B (NAND2X1)                                0.020759  0.000000   0.403894 r
  candidates_i/U8659/Y (NAND2X1)                                0.023416  0.018938   0.422832 f
  candidates_i/n10101 (net)                     2     0.002952            0.000000   0.422832 f
  candidates_i/U4406/A (INVX1)                                  0.023416  0.000000   0.422832 f
  candidates_i/U4406/Y (INVX1)                                  0.000000  0.012764   0.435596 r
  candidates_i/n9277 (net)                      2     0.004417            0.000000   0.435596 r
  candidates_i/U8676/A (NAND3X1)                                0.000000  0.000000   0.435596 r
  candidates_i/U8676/Y (NAND3X1)                                0.017076  0.017132   0.452729 f
  candidates_i/n7428 (net)                      1     0.002573            0.000000   0.452729 f
  candidates_i/U8834/A (OAI21X1)                                0.017076  0.000000   0.452729 f
  candidates_i/U8834/Y (OAI21X1)                                0.042216  0.043726   0.496455 r
  candidates_i/n7429 (net)                      1     0.002283            0.000000   0.496455 r
  candidates_i/U8835/B (OR2X2)                                  0.042216  0.000000   0.496455 r
  candidates_i/U8835/Y (OR2X2)                                  0.014133  0.048633   0.545088 r
  candidates_i/n9294 (net)                      2     0.003102            0.000000   0.545088 r
  candidates_i/U4334/A (INVX1)                                  0.014133  0.000000   0.545088 r
  candidates_i/U4334/Y (INVX1)                                  0.012619  0.017673   0.562761 f
  candidates_i/n2737 (net)                      1     0.002600            0.000000   0.562761 f
  candidates_i/U9859/B (NAND3X1)                                0.012619  0.000000   0.562761 f
  candidates_i/U9859/Y (NAND3X1)                                0.033851  0.030869   0.593630 r
  candidates_i/n9312 (net)                      1     0.001539            0.000000   0.593630 r
  candidates_i/U1127/A (BUFX2)                                  0.033851  0.000000   0.593630 r
  candidates_i/U1127/Y (BUFX2)                                  0.038011  0.053836   0.647466 r
  candidates_i/n614 (net)                       8     0.014583            0.000000   0.647466 r
  candidates_i/U4846/A (BUFX2)                                  0.038011  0.000000   0.647466 r
  candidates_i/U4846/Y (BUFX2)                                  0.028117  0.047302   0.694767 r
  candidates_i/n3939 (net)                      5     0.010137            0.000000   0.694767 r
  candidates_i/U3980/B (NAND2X1)                                0.028117  0.000000   0.694767 r
  candidates_i/U3980/Y (NAND2X1)                                0.024058  0.021549   0.716316 f
  candidates_i/n2513 (net)                      2     0.003526            0.000000   0.716316 f
  candidates_i/U6195/A (AND2X2)                                 0.024058  0.000000   0.716316 f
  candidates_i/U6195/Y (AND2X2)                                 0.004774  0.040203   0.756519 f
  candidates_i/n3976 (net)                      2     0.005651            0.000000   0.756519 f
  candidates_i/U10112/D (AOI22X1)                               0.004774  0.000000   0.756519 f
  candidates_i/U10112/Y (AOI22X1)                               0.044401  0.024442   0.780962 r
  candidates_i/n9606 (net)                      1     0.001869            0.000000   0.780962 r
  candidates_i/U10114/B (AND2X2)                                0.044401  0.000000   0.780962 r
  candidates_i/U10114/Y (AND2X2)                                0.012047  0.034724   0.815686 r
  candidates_i/n9607 (net)                      1     0.002961            0.000000   0.815686 r
  candidates_i/U10115/C (NAND3X1)                               0.012047  0.000000   0.815686 r
  candidates_i/U10115/Y (NAND3X1)                               0.018338  0.012033   0.827719 f
  candidates_i/n9618 (net)                      1     0.003067            0.000000   0.827719 f
  candidates_i/U10122/B (NOR3X1)                                0.018338  0.000000   0.827719 f
  candidates_i/U10122/Y (NOR3X1)                                0.052169  0.041033   0.868752 r
  candidates_i/n9628 (net)                      1     0.002655            0.000000   0.868752 r
  candidates_i/U4864/A (INVX2)                                  0.052169  0.000000   0.868752 r
  candidates_i/U4864/Y (INVX2)                                  0.021646  0.023755   0.892507 f
  candidates_i/n9629 (net)                      3     0.005344            0.000000   0.892507 f
  candidates_i/U2707/B (NAND2X1)                                0.021646  0.000000   0.892507 f
  candidates_i/U2707/Y (NAND2X1)                                0.031014  0.014148   0.906655 r
  candidates_i/n9650 (net)                      1     0.001551            0.000000   0.906655 r
  candidates_i/U2712/A (INVX1)                                  0.031014  0.000000   0.906655 r
  candidates_i/U2712/Y (INVX1)                                  0.016549  0.025741   0.932396 f
  candidates_i/n9663 (net)                      2     0.004308            0.000000   0.932396 f
  candidates_i/U10126/C (NAND3X1)                               0.016549  0.000000   0.932396 f
  candidates_i/U10126/Y (NAND3X1)                               0.042012  0.034816   0.967211 r
  candidates_i/n9648 (net)                      1     0.003288            0.000000   0.967211 r
  candidates_i/U10135/C (NOR3X1)                                0.042012  0.000000   0.967211 r
  candidates_i/U10135/Y (NOR3X1)                                0.024704  0.027896   0.995108 f
  candidates_i/n9653 (net)                      1     0.002209            0.000000   0.995108 f
  candidates_i/U4992/A (NOR2X1)                                 0.024704  0.000000   0.995108 f
  candidates_i/U4992/Y (NOR2X1)                                 0.035939  0.038022   1.033129 r
  candidates_i/n11238 (net)                     1     0.003979            0.000000   1.033129 r
  candidates_i/U6969/A (BUFX4)                                  0.035939  0.000000   1.033129 r
  candidates_i/U6969/Y (BUFX4)                                  0.017227  0.025955   1.059084 r
  candidates_i/candidate_slots[1] (net)         6     0.010047            0.000000   1.059084 r
  candidates_i/candidate_slots[1] (mc_candidates_Q_DEPTH16_ROW_W8_COL_W6) 0.000000   1.059084 r
  candidate_slots[1] (net)                            0.010047            0.000000   1.059084 r
  frfcfs.scheduler_i/candidate_slots[1] (mc_scheduler_frfcfs_Q_DEPTH16_ADDR_W16_AGE_LIMIT128_AGING_ENABLE1)
                                                                          0.000000   1.059084 r
  frfcfs.scheduler_i/N609 (net)                       0.010047            0.000000   1.059084 r
  frfcfs.scheduler_i/U924/A (AND2X2)                            0.017227  0.000000   1.059084 r
  frfcfs.scheduler_i/U924/Y (AND2X2)                            0.014410  0.036802   1.095886 r
  frfcfs.scheduler_i/n1571 (net)                3     0.004653            0.000000   1.095886 r
  frfcfs.scheduler_i/U485/A (INVX1)                             0.014410  0.000000   1.095886 r
  frfcfs.scheduler_i/U485/Y (INVX1)                             0.017110  0.020843   1.116730 f
  frfcfs.scheduler_i/n355 (net)                 2     0.004109            0.000000   1.116730 f
  frfcfs.scheduler_i/U406/A (INVX1)                             0.017110  0.000000   1.116730 f
  frfcfs.scheduler_i/U406/Y (INVX1)                             0.000000  0.002786   1.119516 r
  frfcfs.scheduler_i/n295 (net)                 1     0.002027            0.000000   1.119516 r
  frfcfs.scheduler_i/U404/B (NAND2X1)                           0.000000  0.000000   1.119516 r
  frfcfs.scheduler_i/U404/Y (NAND2X1)                           0.023110  0.012636   1.132152 f
  frfcfs.scheduler_i/n296 (net)                 1     0.001944            0.000000   1.132152 f
  frfcfs.scheduler_i/U405/B (NAND2X1)                           0.023110  0.000000   1.132152 f
  frfcfs.scheduler_i/U405/Y (NAND2X1)                           0.034872  0.017244   1.149396 r
  frfcfs.scheduler_i/n1559 (net)                1     0.002386            0.000000   1.149396 r
  frfcfs.scheduler_i/U1804/C (AOI21X1)                          0.034872  0.000000   1.149396 r
  frfcfs.scheduler_i/U1804/Y (AOI21X1)                          0.017945  0.019914   1.169310 f
  frfcfs.scheduler_i/n1566 (net)                1     0.002726            0.000000   1.169310 f
  frfcfs.scheduler_i/U1809/B (AOI22X1)                          0.017945  0.000000   1.169310 f
  frfcfs.scheduler_i/U1809/Y (AOI22X1)                          0.052525  0.046432   1.215742 r
  frfcfs.scheduler_i/n1578 (net)                2     0.003980            0.000000   1.215742 r
  frfcfs.scheduler_i/U321/B (AND2X2)                            0.052525  0.000000   1.215742 r
  frfcfs.scheduler_i/U321/Y (AND2X2)                            0.019499  0.039860   1.255602 r
  frfcfs.scheduler_i/n221 (net)                 3     0.006063            0.000000   1.255602 r
  frfcfs.scheduler_i/U379/A (INVX1)                             0.019499  0.000000   1.255602 r
  frfcfs.scheduler_i/U379/Y (INVX1)                             0.010103  0.017658   1.273260 f
  frfcfs.scheduler_i/n271 (net)                 1     0.001884            0.000000   1.273260 f
  frfcfs.scheduler_i/U1862/A (NAND2X1)                          0.010103  0.000000   1.273260 f
  frfcfs.scheduler_i/U1862/Y (NAND2X1)                          0.041240  0.030482   1.303742 r
  frfcfs.scheduler_i/n1673 (net)                2     0.003596            0.000000   1.303742 r
  frfcfs.scheduler_i/U473/A (AND2X2)                            0.041240  0.000000   1.303742 r
  frfcfs.scheduler_i/U473/Y (AND2X2)                            0.019561  0.041291   1.345033 r
  frfcfs.scheduler_i/n344 (net)                 3     0.006931            0.000000   1.345033 r
  frfcfs.scheduler_i/U1939/A (NAND3X1)                          0.019561  0.000000   1.345033 r
  frfcfs.scheduler_i/U1939/Y (NAND3X1)                          0.015860  0.018439   1.363471 f
  frfcfs.scheduler_i/n1731 (net)                1     0.001820            0.000000   1.363471 f
  frfcfs.scheduler_i/U1940/B (AND2X2)                           0.015860  0.000000   1.363471 f
  frfcfs.scheduler_i/U1940/Y (AND2X2)                           0.000000  0.039853   1.403325 f
  frfcfs.scheduler_i/n1863 (net)                2     0.003388            0.000000   1.403325 f
  frfcfs.scheduler_i/U1945/A (NAND2X1)                          0.000000  0.000000   1.403325 f
  frfcfs.scheduler_i/U1945/Y (NAND2X1)                          0.037094  0.024715   1.428040 r
  frfcfs.scheduler_i/n1754 (net)                1     0.002764            0.000000   1.428040 r
  frfcfs.scheduler_i/U1954/B (AOI22X1)                          0.037094  0.000000   1.428040 r
  frfcfs.scheduler_i/U1954/Y (AOI22X1)                          0.035341  0.033870   1.461910 f
  frfcfs.scheduler_i/n1811 (net)                1     0.002209            0.000000   1.461910 f
  frfcfs.scheduler_i/U2009/A (NAND3X1)                          0.035341  0.000000   1.461910 f
  frfcfs.scheduler_i/U2009/Y (NAND3X1)                          0.033157  0.042046   1.503956 r
  frfcfs.scheduler_i/n1812 (net)                1     0.001551            0.000000   1.503956 r
  frfcfs.scheduler_i/U1346/A (INVX1)                            0.033157  0.000000   1.503956 r
  frfcfs.scheduler_i/U1346/Y (INVX1)                            0.014401  0.024953   1.528908 f
  frfcfs.scheduler_i/n1826 (net)                2     0.003640            0.000000   1.528908 f
  frfcfs.scheduler_i/U1338/B (AND2X2)                           0.014401  0.000000   1.528908 f
  frfcfs.scheduler_i/U1338/Y (AND2X2)                           0.001129  0.040556   1.569464 f
  frfcfs.scheduler_i/n916 (net)                 3     0.004428            0.000000   1.569464 f
  frfcfs.scheduler_i/U1340/A (INVX1)                            0.001129  0.000000   1.569464 f
  frfcfs.scheduler_i/U1340/Y (INVX1)                            0.000000  0.002202   1.571667 r
  frfcfs.scheduler_i/n918 (net)                 2     0.003596            0.000000   1.571667 r
  frfcfs.scheduler_i/U982/A (AND2X2)                            0.000000  0.000000   1.571667 r
  frfcfs.scheduler_i/U982/Y (AND2X2)                            0.014269  0.034810   1.606477 r
  frfcfs.scheduler_i/n1880 (net)                2     0.003843            0.000000   1.606477 r
  frfcfs.scheduler_i/U206/A (INVX1)                             0.014269  0.000000   1.606477 r
  frfcfs.scheduler_i/U206/Y (INVX1)                             0.015377  0.019609   1.626086 f
  frfcfs.scheduler_i/n139 (net)                 2     0.003526            0.000000   1.626086 f
  frfcfs.scheduler_i/U383/A (AND2X2)                            0.015377  0.000000   1.626086 f
  frfcfs.scheduler_i/U383/Y (AND2X2)                            0.000000  0.034898   1.660983 f
  frfcfs.scheduler_i/n275 (net)                 1     0.002726            0.000000   1.660983 f
  frfcfs.scheduler_i/U2056/B (AOI22X1)                          0.000000  0.000000   1.660983 f
  frfcfs.scheduler_i/U2056/Y (AOI22X1)                          0.043273  0.035183   1.696166 r
  frfcfs.scheduler_i/n1920 (net)                1     0.001869            0.000000   1.696166 r
  frfcfs.scheduler_i/U2058/B (AND2X2)                           0.043273  0.000000   1.696166 r
  frfcfs.scheduler_i/U2058/Y (AND2X2)                           0.011987  0.034670   1.730836 r
  frfcfs.scheduler_i/n1921 (net)                1     0.002961            0.000000   1.730836 r
  frfcfs.scheduler_i/U2059/C (NAND3X1)                          0.011987  0.000000   1.730836 r
  frfcfs.scheduler_i/U2059/Y (NAND3X1)                          0.016018  0.010806   1.741641 f
  frfcfs.scheduler_i/n1932 (net)                1     0.002342            0.000000   1.741641 f
  frfcfs.scheduler_i/U2067/B (OR2X2)                            0.016018  0.000000   1.741641 f
  frfcfs.scheduler_i/U2067/Y (OR2X2)                            0.008068  0.048937   1.790578 f
  frfcfs.scheduler_i/n2154 (net)                2     0.003744            0.000000   1.790578 f
  frfcfs.scheduler_i/U2257/C (OAI21X1)                          0.008068  0.000000   1.790578 f
  frfcfs.scheduler_i/U2257/Y (OAI21X1)                          0.044052  0.019137   1.809716 r
  frfcfs.scheduler_i/n2156 (net)                1     0.002655            0.000000   1.809716 r
  frfcfs.scheduler_i/U155/A (INVX2)                             0.044052  0.000000   1.809716 r
  frfcfs.scheduler_i/U155/Y (INVX2)                             0.017489  0.022923   1.832638 f
  frfcfs.scheduler_i/n2171 (net)                2     0.004308            0.000000   1.832638 f
  frfcfs.scheduler_i/U2258/C (NAND3X1)                          0.017489  0.000000   1.832638 f
  frfcfs.scheduler_i/U2258/Y (NAND3X1)                          0.040529  0.034051   1.866689 r
  frfcfs.scheduler_i/n2159 (net)                1     0.002961            0.000000   1.866689 r
  frfcfs.scheduler_i/U2259/C (NAND3X1)                          0.040529  0.000000   1.866689 r
  frfcfs.scheduler_i/U2259/Y (NAND3X1)                          0.021555  0.020474   1.887163 f
  frfcfs.scheduler_i/n2301 (net)                2     0.004137            0.000000   1.887163 f
  frfcfs.scheduler_i/U2330/B (OAI21X1)                          0.021555  0.000000   1.887163 f
  frfcfs.scheduler_i/U2330/Y (OAI21X1)                          0.040952  0.041623   1.928787 r
  frfcfs.scheduler_i/n2303 (net)                1     0.002010            0.000000   1.928787 r
  frfcfs.scheduler_i/U2331/C (OAI21X1)                          0.040952  0.000000   1.928787 r
  frfcfs.scheduler_i/U2331/Y (OAI21X1)                          0.014249  0.026561   1.955348 f
  frfcfs.scheduler_i/select_slot[0] (net)       3     0.005249            0.000000   1.955348 f
  frfcfs.scheduler_i/select_slot[0] (mc_scheduler_frfcfs_Q_DEPTH16_ADDR_W16_AGE_LIMIT128_AGING_ENABLE1)
                                                                          0.000000   1.955348 f
  select_slot[0] (net)                                0.005249            0.000000   1.955348 f
  U727/B (NOR2X1)                                               0.014249  0.000000   1.955348 f
  U727/Y (NOR2X1)                                               0.033705  0.033735   1.989083 r
  n863 (net)                                    2     0.003596            0.000000   1.989083 r
  U1274/A (AND2X2)                                              0.033705  0.000000   1.989083 r
  U1274/Y (AND2X2)                                              0.017215  0.039876   2.028959 r
  n880 (net)                                    4     0.006204            0.000000   2.028959 r
  U1674/A (INVX1)                                               0.017215  0.000000   2.028959 r
  U1674/Y (INVX1)                                               0.013457  0.019230   2.048189 f
  n883 (net)                                    2     0.002952            0.000000   2.048189 f
  U39/A (INVX1)                                                 0.013457  0.000000   2.048189 f
  U39/Y (INVX1)                                                 0.000000  0.003524   2.051714 r
  n32 (net)                                     1     0.002655            0.000000   2.051714 r
  U60/A (INVX2)                                                 0.000000  0.000000   2.051714 r
  U60/Y (INVX2)                                                 0.008075  0.028594   2.080308 f
  n65 (net)                                     2     0.011580            0.000000   2.080308 f
  U325/A (INVX8)                                                0.008075  0.000000   2.080308 f
  U325/Y (INVX8)                                                0.013836  0.023444   2.103753 r
  n215 (net)                                   14     0.038357            0.000000   2.103753 r
  U188/A (AND2X2)                                               0.013836  0.000000   2.103753 r
  U188/Y (AND2X2)                                               0.008276  0.033093   2.136846 r
  n121 (net)                                    1     0.002365            0.000000   2.136846 r
  U190/B (NOR2X1)                                               0.008276  0.000000   2.136846 r
  U190/Y (NOR2X1)                                               0.000999  0.010825   2.147671 f
  n1787 (net)                                   1     0.001924            0.000000   2.147671 f
  U2039/C (OAI21X1)                                             0.000999  0.000000   2.147671 f
  U2039/Y (OAI21X1)                                             0.042078  0.015865   2.163535 r
  n1791 (net)                                   1     0.002365            0.000000   2.163535 r
  U729/B (NOR2X1)                                               0.042078  0.000000   2.163535 r
  U729/Y (NOR2X1)                                               0.004756  0.022065   2.185600 f
  n1792 (net)                                   1     0.002832            0.000000   2.185600 f
  U2042/C (NAND3X1)                                             0.004756  0.000000   2.185600 f
  U2042/Y (NAND3X1)                                             0.035039  0.027229   2.212829 r
  n1795 (net)                                   1     0.001798            0.000000   2.212829 r
  U208/A (AND2X2)                                               0.035039  0.000000   2.212829 r
  U208/Y (AND2X2)                                               0.010787  0.034471   2.247300 r
  n2263 (net)                                   1     0.002655            0.000000   2.247300 r
  U209/A (INVX2)                                                0.010787  0.000000   2.247300 r
  U209/Y (INVX2)                                                0.010628  0.027769   2.275069 f
  cmd_wdata[14] (net)                           1     0.010000            0.000000   2.275069 f
  cmd_wdata[14] (out)                                           0.010628  0.000000   2.275069 f
  data arrival time                                                                  2.275069

  clock core_clk (rise edge)                                              3.000000   3.000000
  clock network delay (ideal)                                             0.000000   3.000000
  clock uncertainty                                                       -0.100000  2.900000
  output external delay                                                   -1.000000  1.900000
  data required time                                                                 1.900000
  ----------------------------------------------------------------------------------------------
  data required time                                                                 1.900000
  data arrival time                                                                  -2.275069
  ----------------------------------------------------------------------------------------------
  slack (VIOLATED)                                                                   -0.375069


  Startpoint: table_i/addresses_reg[21]
              (rising edge-triggered flip-flop clocked by core_clk)
  Endpoint: cmd_wdata[18]
            (output port clocked by core_clk)
  Path Group: core_clk
  Path Type: max

  Point                                       Fanout       Cap     Trans      Incr       Path
  ----------------------------------------------------------------------------------------------
  clock core_clk (rise edge)                                              0.000000   0.000000
  clock network delay (ideal)                                             0.000000   0.000000
  table_i/addresses_reg[21]/CLK (DFFPOSX1)                      0.000000  0.000000 # 0.000000 r
  table_i/addresses_reg[21]/Q (DFFPOSX1)                        0.042719  0.120129   0.120129 f
  table_i/addresses[21] (net)                   5     0.019680            0.000000   0.120129 f
  table_i/addresses[21] (mc_transaction_table_Q_DEPTH16_ADDR_W16_DATA_W32_TAG_W8_READ_LATENCY3_AGE_LIMIT128)
                                                                          0.000000   0.120129 f
  addresses[21] (net)                                 0.019680            0.000000   0.120129 f
  candidates_i/addresses[21] (mc_candidates_Q_DEPTH16_ROW_W8_COL_W6)      0.000000   0.120129 f
  candidates_i/addresses[21] (net)                    0.019680            0.000000   0.120129 f
  candidates_i/U63/A (INVX8)                                    0.042719  0.000000   0.120129 f
  candidates_i/U63/Y (INVX8)                                    0.019470  0.027027   0.147156 r
  candidates_i/n4472 (net)                      3     0.021261            0.000000   0.147156 r
  candidates_i/U5038/A (INVX8)                                  0.019470  0.000000   0.147156 r
  candidates_i/U5038/Y (INVX8)                                  0.012665  0.026720   0.173876 f
  candidates_i/n4471 (net)                      7     0.028138            0.000000   0.173876 f
  candidates_i/U8149/B (XOR2X1)                                 0.012665  0.000000   0.173876 f
  candidates_i/U8149/Y (XOR2X1)                                 0.043204  0.049454   0.223331 r
  candidates_i/n6371 (net)                      1     0.002292            0.000000   0.223331 r
  candidates_i/U201/A (OR2X2)                                   0.043204  0.000000   0.223331 r
  candidates_i/U201/Y (OR2X2)                                   0.010828  0.039556   0.262886 r
  candidates_i/n6373 (net)                      1     0.001551            0.000000   0.262886 r
  candidates_i/U5611/A (INVX1)                                  0.010828  0.000000   0.262886 r
  candidates_i/U5611/Y (INVX1)                                  0.016702  0.019423   0.282309 f
  candidates_i/n3593 (net)                      2     0.003888            0.000000   0.282309 f
  candidates_i/U3808/B (NAND2X1)                                0.016702  0.000000   0.282309 f
  candidates_i/U3808/Y (NAND2X1)                                0.039580  0.017994   0.300303 r
  candidates_i/n8493 (net)                      1     0.003288            0.000000   0.300303 r
  candidates_i/U9470/C (NOR3X1)                                 0.039580  0.000000   0.300303 r
  candidates_i/U9470/Y (NOR3X1)                                 0.028263  0.028317   0.328620 f
  candidates_i/n8504 (net)                      1     0.002726            0.000000   0.328620 f
  candidates_i/U9474/B (AOI22X1)                                0.028263  0.000000   0.328620 f
  candidates_i/U9474/Y (AOI22X1)                                0.045006  0.043231   0.371852 r
  candidates_i/n8549 (net)                      1     0.001869            0.000000   0.371852 r
  candidates_i/U9505/B (AND2X2)                                 0.045006  0.000000   0.371852 r
  candidates_i/U9505/Y (AND2X2)                                 0.012080  0.034754   0.406605 r
  candidates_i/n8550 (net)                      1     0.002961            0.000000   0.406605 r
  candidates_i/U9506/C (NAND3X1)                                0.012080  0.000000   0.406605 r
  candidates_i/U9506/Y (NAND3X1)                                0.019478  0.013345   0.419950 f
  candidates_i/n8647 (net)                      2     0.003846            0.000000   0.419950 f
  candidates_i/U9546/B (OR2X2)                                  0.019478  0.000000   0.419950 f
  candidates_i/U9546/Y (OR2X2)                                  0.011702  0.051740   0.471689 f
  candidates_i/n10069 (net)                     2     0.005740            0.000000   0.471689 f
  candidates_i/U69/A (INVX2)                                    0.011702  0.000000   0.471689 f
  candidates_i/U69/Y (INVX2)                                    0.013351  0.024976   0.496666 r
  candidates_i/eligible[1] (net)                5     0.009956            0.000000   0.496666 r
  candidates_i/U10717/B (AOI22X1)                               0.013351  0.000000   0.496666 r
  candidates_i/U10717/Y (AOI22X1)                               0.036404  0.028527   0.525193 f
  candidates_i/n10420 (net)                     1     0.002600            0.000000   0.525193 f
  candidates_i/U10726/B (NAND3X1)                               0.036404  0.000000   0.525193 f
  candidates_i/U10726/Y (NAND3X1)                               0.040430  0.043293   0.568487 r
  candidates_i/n10421 (net)                     2     0.003102            0.000000   0.568487 r
  candidates_i/U1055/A (INVX1)                                  0.040430  0.000000   0.568487 r
  candidates_i/U1055/Y (INVX1)                                  0.016601  0.028771   0.597257 f
  candidates_i/n3106 (net)                      2     0.004544            0.000000   0.597257 f
  candidates_i/U10728/B (NAND2X1)                               0.016601  0.000000   0.597257 f
  candidates_i/U10728/Y (NAND2X1)                               0.038704  0.017377   0.614635 r
  candidates_i/n10442 (net)                     2     0.003102            0.000000   0.614635 r
  candidates_i/U6964/A (INVX1)                                  0.038704  0.000000   0.614635 r
  candidates_i/U6964/Y (INVX1)                                  0.011952  0.025044   0.639678 f
  candidates_i/n4320 (net)                      2     0.002952            0.000000   0.639678 f
  candidates_i/U4799/A (INVX1)                                  0.011952  0.000000   0.639678 f
  candidates_i/U4799/Y (INVX1)                                  0.000000  0.007054   0.646732 r
  candidates_i/n4321 (net)                      2     0.003908            0.000000   0.646732 r
  candidates_i/U10733/A (NAND2X1)                               0.000000  0.000000   0.646732 r
  candidates_i/U10733/Y (NAND2X1)                               0.026667  0.012340   0.659071 f
  candidates_i/n10648 (net)                     2     0.003420            0.000000   0.659071 f
  candidates_i/U10734/B (NAND2X1)                               0.026667  0.000000   0.659071 f
  candidates_i/U10734/Y (NAND2X1)                               0.038026  0.020647   0.679718 r
  candidates_i/n10572 (net)                     2     0.003102            0.000000   0.679718 r
  candidates_i/U2633/A (INVX1)                                  0.038026  0.000000   0.679718 r
  candidates_i/U2633/Y (INVX1)                                  0.012000  0.024860   0.704578 f
  candidates_i/n10924 (net)                     2     0.002952            0.000000   0.704578 f
  candidates_i/U2279/A (INVX1)                                  0.012000  0.000000   0.704578 f
  candidates_i/U2279/Y (INVX1)                                  0.000000  0.004456   0.709034 r
  candidates_i/n1347 (net)                      2     0.003102            0.000000   0.709034 r
  candidates_i/U639/A (INVX1)                                   0.000000  0.000000   0.709034 r
  candidates_i/U639/Y (INVX1)                                   0.013785  0.013969   0.723003 f
  candidates_i/n346 (net)                       1     0.002658            0.000000   0.723003 f
  candidates_i/U10855/A (AOI22X1)                               0.013785  0.000000   0.723003 f
  candidates_i/U10855/Y (AOI22X1)                               0.044762  0.046903   0.769906 r
  candidates_i/n10554 (net)                     1     0.001869            0.000000   0.769906 r
  candidates_i/U10858/B (AND2X2)                                0.044762  0.000000   0.769906 r
  candidates_i/U10858/Y (AND2X2)                                0.008863  0.032583   0.802490 r
  candidates_i/n10555 (net)                     1     0.001551            0.000000   0.802490 r
  candidates_i/U1525/A (INVX1)                                  0.008863  0.000000   0.802490 r
  candidates_i/U1525/Y (INVX1)                                  0.012096  0.015634   0.818124 f
  candidates_i/n842 (net)                       1     0.002301            0.000000   0.818124 f
  candidates_i/U1505/A (OR2X2)                                  0.012096  0.000000   0.818124 f
  candidates_i/U1505/Y (OR2X2)                                  0.008679  0.040583   0.858707 f
  candidates_i/n832 (net)                       2     0.004602            0.000000   0.858707 f
  candidates_i/U1476/A (OR2X2)                                  0.008679  0.000000   0.858707 f
  candidates_i/U1476/Y (OR2X2)                                  0.010068  0.040373   0.899081 f
  candidates_i/n816 (net)                       2     0.004934            0.000000   0.899081 f
  candidates_i/U3294/B (OAI21X1)                                0.010068  0.000000   0.899081 f
  candidates_i/U3294/Y (OAI21X1)                                0.042618  0.040208   0.939289 r
  candidates_i/n2028 (net)                      1     0.002365            0.000000   0.939289 r
  candidates_i/U1200/B (NOR2X1)                                 0.042618  0.000000   0.939289 r
  candidates_i/U1200/Y (NOR2X1)                                 0.004774  0.022214   0.961503 f
  candidates_i/n10667 (net)                     1     0.002832            0.000000   0.961503 f
  candidates_i/U10927/C (NAND3X1)                               0.004774  0.000000   0.961503 f
  candidates_i/U10927/Y (NAND3X1)                               0.039908  0.030406   0.991909 r
  candidates_i/n10742 (net)                     1     0.002832            0.000000   0.991909 r
  candidates_i/U10973/B (NAND3X1)                               0.039908  0.000000   0.991909 r
  candidates_i/U10973/Y (NAND3X1)                               0.014316  0.019140   1.011050 f
  candidates_i/n11234 (net)                     1     0.001476            0.000000   1.011050 f
  candidates_i/U1510/A (INVX1)                                  0.014316  0.000000   1.011050 f
  candidates_i/U1510/Y (INVX1)                                  0.000000  0.011691   1.022740 r
  candidates_i/n4389 (net)                      1     0.005080            0.000000   1.022740 r
  candidates_i/U1512/A (INVX4)                                  0.000000  0.000000   1.022740 r
  candidates_i/U1512/Y (INVX4)                                  0.005414  0.026974   1.049714 f
  candidates_i/candidate_slots[12] (net)        9     0.014604            0.000000   1.049714 f
  candidates_i/candidate_slots[12] (mc_candidates_Q_DEPTH16_ROW_W8_COL_W6)
                                                                          0.000000   1.049714 f
  candidate_slots[12] (net)                           0.014604            0.000000   1.049714 f
  frfcfs.scheduler_i/candidate_slots[12] (mc_scheduler_frfcfs_Q_DEPTH16_ADDR_W16_AGE_LIMIT128_AGING_ENABLE1)
                                                                          0.000000   1.049714 f
  frfcfs.scheduler_i/N620 (net)                       0.014604            0.000000   1.049714 f
  frfcfs.scheduler_i/U409/A (INVX1)                             0.005414  0.000000   1.049714 f
  frfcfs.scheduler_i/U409/Y (INVX1)                             0.000000  0.003666   1.053380 r
  frfcfs.scheduler_i/n1660 (net)                2     0.003579            0.000000   1.053380 r
  frfcfs.scheduler_i/U703/B (NAND2X1)                           0.000000  0.000000   1.053380 r
  frfcfs.scheduler_i/U703/Y (NAND2X1)                           0.025539  0.014380   1.067760 f
  frfcfs.scheduler_i/n527 (net)                 2     0.002952            0.000000   1.067760 f
  frfcfs.scheduler_i/U236/A (INVX1)                             0.025539  0.000000   1.067760 f
  frfcfs.scheduler_i/U236/Y (INVX1)                             0.000000  0.018081   1.085841 r
  frfcfs.scheduler_i/n1594 (net)                3     0.005826            0.000000   1.085841 r
  frfcfs.scheduler_i/U671/A (INVX1)                             0.000000  0.000000   1.085841 r
  frfcfs.scheduler_i/U671/Y (INVX1)                             0.021389  0.019198   1.105039 f
  frfcfs.scheduler_i/n499 (net)                 2     0.005205            0.000000   1.105039 f
  frfcfs.scheduler_i/U1848/A (OAI21X1)                          0.021389  0.000000   1.105039 f
  frfcfs.scheduler_i/U1848/Y (OAI21X1)                          0.042276  0.045027   1.150065 r
  frfcfs.scheduler_i/n1613 (net)                1     0.002386            0.000000   1.150065 r
  frfcfs.scheduler_i/U1849/C (AOI21X1)                          0.042276  0.000000   1.150065 r
  frfcfs.scheduler_i/U1849/Y (AOI21X1)                          0.018121  0.022318   1.172383 f
  frfcfs.scheduler_i/n1615 (net)                1     0.002826            0.000000   1.172383 f
  frfcfs.scheduler_i/U1851/D (AOI22X1)                          0.018121  0.000000   1.172383 f
  frfcfs.scheduler_i/U1851/Y (AOI22X1)                          0.053365  0.034043   1.206427 r
  frfcfs.scheduler_i/n1618 (net)                2     0.003980            0.000000   1.206427 r
  frfcfs.scheduler_i/U648/B (AND2X2)                            0.053365  0.000000   1.206427 r
  frfcfs.scheduler_i/U648/Y (AND2X2)                            0.025908  0.044207   1.250633 r
  frfcfs.scheduler_i/n480 (net)                 4     0.008879            0.000000   1.250633 r
  frfcfs.scheduler_i/U1856/A (NAND2X1)                          0.025908  0.000000   1.250633 r
  frfcfs.scheduler_i/U1856/Y (NAND2X1)                          0.026345  0.018075   1.268708 f
  frfcfs.scheduler_i/n1634 (net)                2     0.003526            0.000000   1.268708 f
  frfcfs.scheduler_i/U1084/A (AND2X2)                           0.026345  0.000000   1.268708 f
  frfcfs.scheduler_i/U1084/Y (AND2X2)                           0.007342  0.042122   1.310829 f
  frfcfs.scheduler_i/n737 (net)                 3     0.006908            0.000000   1.310829 f
  frfcfs.scheduler_i/U1921/C (NAND3X1)                          0.007342  0.000000   1.310829 f
  frfcfs.scheduler_i/U1921/Y (NAND3X1)                          0.036109  0.028593   1.339422 r
  frfcfs.scheduler_i/n1710 (net)                1     0.002027            0.000000   1.339422 r
  frfcfs.scheduler_i/U1923/B (NAND2X1)                          0.036109  0.000000   1.339422 r
  frfcfs.scheduler_i/U1923/Y (NAND2X1)                          0.024589  0.024264   1.363686 f
  frfcfs.scheduler_i/n1859 (net)                2     0.004077            0.000000   1.363686 f
  frfcfs.scheduler_i/U1925/A (OAI21X1)                          0.024589  0.000000   1.363686 f
  frfcfs.scheduler_i/U1925/Y (OAI21X1)                          0.040283  0.044589   1.408275 r
  frfcfs.scheduler_i/n1722 (net)                1     0.002027            0.000000   1.408275 r
  frfcfs.scheduler_i/U727/B (NAND2X1)                           0.040283  0.000000   1.408275 r
  frfcfs.scheduler_i/U727/Y (NAND2X1)                           0.017812  0.020657   1.428932 f
  frfcfs.scheduler_i/n541 (net)                 1     0.001476            0.000000   1.428932 f
  frfcfs.scheduler_i/U729/A (INVX1)                             0.017812  0.000000   1.428932 f
  frfcfs.scheduler_i/U729/Y (INVX1)                             0.000000  0.003304   1.432237 r
  frfcfs.scheduler_i/n542 (net)                 1     0.002111            0.000000   1.432237 r
  frfcfs.scheduler_i/U728/A (NAND2X1)                           0.000000  0.000000   1.432237 r
  frfcfs.scheduler_i/U728/Y (NAND2X1)                           0.023997  0.010369   1.442605 f
  frfcfs.scheduler_i/n616 (net)                 1     0.002312            0.000000   1.442605 f
  frfcfs.scheduler_i/U1932/C (AOI21X1)                          0.023997  0.000000   1.442605 f
  frfcfs.scheduler_i/U1932/Y (AOI21X1)                          0.025875  0.021513   1.464118 r
  frfcfs.scheduler_i/n1725 (net)                1     0.002027            0.000000   1.464118 r
  frfcfs.scheduler_i/U1933/B (NAND2X1)                          0.025875  0.000000   1.464118 r
  frfcfs.scheduler_i/U1933/Y (NAND2X1)                          0.021299  0.018924   1.483042 f
  frfcfs.scheduler_i/n1727 (net)                1     0.002297            0.000000   1.483042 f
  frfcfs.scheduler_i/U1934/B (NOR2X1)                           0.021299  0.000000   1.483042 f
  frfcfs.scheduler_i/U1934/Y (NOR2X1)                           0.032869  0.035230   1.518272 r
  frfcfs.scheduler_i/n1827 (net)                2     0.003596            0.000000   1.518272 r
  frfcfs.scheduler_i/U1337/A (AND2X2)                           0.032869  0.000000   1.518272 r
  frfcfs.scheduler_i/U1337/Y (AND2X2)                           0.017215  0.039842   1.558115 r
  frfcfs.scheduler_i/n915 (net)                 4     0.006204            0.000000   1.558115 r
  frfcfs.scheduler_i/U1335/A (INVX1)                            0.017215  0.000000   1.558115 r
  frfcfs.scheduler_i/U1335/Y (INVX1)                            0.021528  0.024765   1.582880 f
  frfcfs.scheduler_i/n913 (net)                 3     0.005651            0.000000   1.582880 f
  frfcfs.scheduler_i/U822/A (AND2X2)                            0.021528  0.000000   1.582880 f
  frfcfs.scheduler_i/U822/Y (AND2X2)                            0.000699  0.036380   1.619260 f
  frfcfs.scheduler_i/n1878 (net)                1     0.002673            0.000000   1.619260 f
  frfcfs.scheduler_i/U113/A (INVX2)                             0.000699  0.000000   1.619260 f
  frfcfs.scheduler_i/U113/Y (INVX2)                             0.005893  0.020645   1.639905 r
  frfcfs.scheduler_i/n592 (net)                 5     0.008989            0.000000   1.639905 r
  frfcfs.scheduler_i/U682/A (AND2X2)                            0.005893  0.000000   1.639905 r
  frfcfs.scheduler_i/U682/Y (AND2X2)                            0.023118  0.042390   1.682296 r
  frfcfs.scheduler_i/n506 (net)                 3     0.008520            0.000000   1.682296 r
  frfcfs.scheduler_i/U2099/B (AOI22X1)                          0.023118  0.000000   1.682296 r
  frfcfs.scheduler_i/U2099/Y (AOI22X1)                          0.036899  0.031412   1.713708 f
  frfcfs.scheduler_i/n1964 (net)                1     0.002832            0.000000   1.713708 f
  frfcfs.scheduler_i/U2100/C (NAND3X1)                          0.036899  0.000000   1.713708 f
  frfcfs.scheduler_i/U2100/Y (NAND3X1)                          0.036405  0.036795   1.750503 r
  frfcfs.scheduler_i/n1967 (net)                1     0.002242            0.000000   1.750503 r
  frfcfs.scheduler_i/U2101/A (NOR2X1)                           0.036405  0.000000   1.750503 r
  frfcfs.scheduler_i/U2101/Y (NOR2X1)                           0.000611  0.020530   1.771033 f
  frfcfs.scheduler_i/n1978 (net)                1     0.001884            0.000000   1.771033 f
  frfcfs.scheduler_i/U2110/A (NAND2X1)                          0.000611  0.000000   1.771033 f
  frfcfs.scheduler_i/U2110/Y (NAND2X1)                          0.042337  0.027693   1.798726 r
  frfcfs.scheduler_i/n2163 (net)                2     0.003662            0.000000   1.798726 r
  frfcfs.scheduler_i/U631/A (INVX1)                             0.042337  0.000000   1.798726 r
  frfcfs.scheduler_i/U631/Y (INVX1)                             0.011698  0.026027   1.824753 f
  frfcfs.scheduler_i/n465 (net)                 2     0.002952            0.000000   1.824753 f
  frfcfs.scheduler_i/U303/A (INVX1)                             0.011698  0.000000   1.824753 f
  frfcfs.scheduler_i/U303/Y (INVX1)                             0.000000  0.000352   1.825105 r
  frfcfs.scheduler_i/n205 (net)                 1     0.001869            0.000000   1.825105 r
  frfcfs.scheduler_i/U385/B (AND2X2)                            0.000000  0.000000   1.825105 r
  frfcfs.scheduler_i/U385/Y (AND2X2)                            0.011102  0.033529   1.858634 r
  frfcfs.scheduler_i/n277 (net)                 2     0.003579            0.000000   1.858634 r
  frfcfs.scheduler_i/U2125/B (NAND2X1)                          0.011102  0.000000   1.858634 r
  frfcfs.scheduler_i/U2125/Y (NAND2X1)                          0.024112  0.016609   1.875243 f
  frfcfs.scheduler_i/n1994 (net)                1     0.002832            0.000000   1.875243 f
  frfcfs.scheduler_i/U2126/C (NAND3X1)                          0.024112  0.000000   1.875243 f
  frfcfs.scheduler_i/U2126/Y (NAND3X1)                          0.034622  0.032164   1.907407 r
  frfcfs.scheduler_i/n2059 (net)                1     0.001798            0.000000   1.907407 r
  frfcfs.scheduler_i/U1134/A (AND2X2)                           0.034622  0.000000   1.907407 r
  frfcfs.scheduler_i/U1134/Y (AND2X2)                           0.016670  0.038184   1.945590 r
  frfcfs.scheduler_i/n776 (net)                 1     0.005080            0.000000   1.945590 r
  frfcfs.scheduler_i/U507/A (INVX4)                             0.016670  0.000000   1.945590 r
  frfcfs.scheduler_i/U507/Y (INVX4)                             0.012789  0.027581   1.973171 f
  frfcfs.scheduler_i/select_slot[2] (net)       5     0.016416            0.000000   1.973171 f
  frfcfs.scheduler_i/select_slot[2] (mc_scheduler_frfcfs_Q_DEPTH16_ADDR_W16_AGE_LIMIT128_AGING_ENABLE1)
                                                                          0.000000   1.973171 f
  select_slot[2] (net)                                0.016416            0.000000   1.973171 f
  U713/A (NAND2X1)                                              0.012789  0.000000   1.973171 f
  U713/Y (NAND2X1)                                              0.032478  0.024983   1.998155 r
  n444 (net)                                    1     0.001551            0.000000   1.998155 r
  U714/A (INVX1)                                                0.032478  0.000000   1.998155 r
  U714/Y (INVX1)                                                0.012388  0.023359   2.021514 f
  n2106 (net)                                   2     0.002952            0.000000   2.021514 f
  U1064/A (INVX1)                                               0.012388  0.000000   2.021514 f
  U1064/Y (INVX1)                                               0.000000  0.004594   2.026108 r
  n773 (net)                                    2     0.003102            0.000000   2.026108 r
  U1267/A (INVX1)                                               0.000000  0.000000   2.026108 r
  U1267/Y (INVX1)                                               0.014663  0.014573   2.040680 f
  n934 (net)                                    2     0.002952            0.000000   2.040680 f
  U1275/A (INVX1)                                               0.014663  0.000000   2.040680 f
  U1275/Y (INVX1)                                               0.000000  0.005400   2.046081 r
  n933 (net)                                    2     0.003102            0.000000   2.046081 r
  U1039/A (INVX1)                                               0.000000  0.000000   2.046081 r
  U1039/Y (INVX1)                                               0.022599  0.020030   2.066111 f
  n751 (net)                                    3     0.005611            0.000000   2.066111 f
  U1019/A (INVX1)                                               0.022599  0.000000   2.066111 f
  U1019/Y (INVX1)                                               0.001652  0.020379   2.086490 r
  n731 (net)                                    3     0.006857            0.000000   2.086490 r
  U1136/B (OR2X2)                                               0.001652  0.000000   2.086490 r
  U1136/Y (OR2X2)                                               0.006864  0.041260   2.127750 r
  n1861 (net)                                   1     0.001551            0.000000   2.127750 r
  U1137/A (INVX1)                                               0.006864  0.000000   2.127750 r
  U1137/Y (INVX1)                                               0.014999  0.016991   2.144740 f
  n809 (net)                                    1     0.003226            0.000000   2.144740 f
  U2074/C (NOR3X1)                                              0.014999  0.000000   2.144740 f
  U2074/Y (NOR3X1)                                              0.048573  0.023448   2.168188 r
  n1863 (net)                                   1     0.001798            0.000000   2.168188 r
  U462/A (AND2X2)                                               0.048573  0.000000   2.168188 r
  U462/Y (AND2X2)                                               0.010236  0.034105   2.202293 r
  n869 (net)                                    1     0.002027            0.000000   2.202293 r
  U556/B (NAND2X1)                                              0.010236  0.000000   2.202293 r
  U556/Y (NAND2X1)                                              0.021615  0.014567   2.216860 f
  n336 (net)                                    1     0.001763            0.000000   2.216860 f
  U212/A (AND2X2)                                               0.021615  0.000000   2.216860 f
  U212/Y (AND2X2)                                               0.000000  0.036402   2.253263 f
  n457 (net)                                    1     0.002673            0.000000   2.253263 f
  U213/A (INVX2)                                                0.000000  0.000000   2.253263 f
  U213/Y (INVX2)                                                0.008157  0.021772   2.275034 r
  cmd_wdata[18] (net)                           1     0.010000            0.000000   2.275034 r
  cmd_wdata[18] (out)                                           0.008157  0.000000   2.275034 r
  data arrival time                                                                  2.275034

  clock core_clk (rise edge)                                              3.000000   3.000000
  clock network delay (ideal)                                             0.000000   3.000000
  clock uncertainty                                                       -0.100000  2.900000
  output external delay                                                   -1.000000  1.900000
  data required time                                                                 1.900000
  ----------------------------------------------------------------------------------------------
  data required time                                                                 1.900000
  data arrival time                                                                  -2.275034
  ----------------------------------------------------------------------------------------------
  slack (VIOLATED)                                                                   -0.375034


  Startpoint: table_i/addresses_reg[160]
              (rising edge-triggered flip-flop clocked by core_clk)
  Endpoint: cmd_wdata[25]
            (output port clocked by core_clk)
  Path Group: core_clk
  Path Type: max

  Point                                       Fanout       Cap     Trans      Incr       Path
  ----------------------------------------------------------------------------------------------
  clock core_clk (rise edge)                                              0.000000   0.000000
  clock network delay (ideal)                                             0.000000   0.000000
  table_i/addresses_reg[160]/CLK (DFFPOSX1)                     0.000000  0.000000 # 0.000000 r
  table_i/addresses_reg[160]/Q (DFFPOSX1)                       0.037631  0.116303   0.116303 f
  table_i/addresses[160] (net)                  5     0.015864            0.000000   0.116303 f
  table_i/addresses[160] (mc_transaction_table_Q_DEPTH16_ADDR_W16_DATA_W32_TAG_W8_READ_LATENCY3_AGE_LIMIT128)
                                                                          0.000000   0.116303 f
  addresses[160] (net)                                0.015864            0.000000   0.116303 f
  candidates_i/addresses[160] (mc_candidates_Q_DEPTH16_ROW_W8_COL_W6)     0.000000   0.116303 f
  candidates_i/N1296 (net)                            0.015864            0.000000   0.116303 f
  candidates_i/U872/A (INVX2)                                   0.037631  0.000000   0.116303 f
  candidates_i/U872/Y (INVX2)                                   0.041488  0.042467   0.158771 r
  candidates_i/n4763 (net)                      5     0.017119            0.000000   0.158771 r
  candidates_i/U6027/B (AND2X2)                                 0.041488  0.000000   0.158771 r
  candidates_i/U6027/Y (AND2X2)                                 0.012212  0.034799   0.193570 r
  candidates_i/n10102 (net)                     2     0.003102            0.000000   0.193570 r
  candidates_i/U2138/A (INVX1)                                  0.012212  0.000000   0.193570 r
  candidates_i/U2138/Y (INVX1)                                  0.020202  0.022266   0.215836 f
  candidates_i/n3870 (net)                      1     0.005092            0.000000   0.215836 f
  candidates_i/U2022/A (INVX4)                                  0.020202  0.000000   0.215836 f
  candidates_i/U2022/Y (INVX4)                                  0.039600  0.038792   0.254628 r
  candidates_i/n11124 (net)                    13     0.036012            0.000000   0.254628 r
  candidates_i/U8651/B (AOI22X1)                                0.039600  0.000000   0.254628 r
  candidates_i/U8651/Y (AOI22X1)                                0.034268  0.033727   0.288355 f
  candidates_i/n7133 (net)                      1     0.001763            0.000000   0.288355 f
  candidates_i/U5105/A (AND2X2)                                 0.034268  0.000000   0.288355 f
  candidates_i/U5105/Y (AND2X2)                                 0.007355  0.041654   0.330009 f
  candidates_i/n7134 (net)                      1     0.004616            0.000000   0.330009 f
  candidates_i/U526/A (XNOR2X1)                                 0.007355  0.000000   0.330009 f
  candidates_i/U526/Y (XNOR2X1)                                 0.036394  0.032896   0.362905 r
  candidates_i/n453 (net)                       1     0.001798            0.000000   0.362905 r
  candidates_i/U840/A (AND2X2)                                  0.036394  0.000000   0.362905 r
  candidates_i/U840/Y (AND2X2)                                  0.020759  0.040988   0.403894 r
  candidates_i/n10384 (net)                     3     0.006858            0.000000   0.403894 r
  candidates_i/U8659/B (NAND2X1)                                0.020759  0.000000   0.403894 r
  candidates_i/U8659/Y (NAND2X1)                                0.023416  0.018938   0.422832 f
  candidates_i/n10101 (net)                     2     0.002952            0.000000   0.422832 f
  candidates_i/U4406/A (INVX1)                                  0.023416  0.000000   0.422832 f
  candidates_i/U4406/Y (INVX1)                                  0.000000  0.012764   0.435596 r
  candidates_i/n9277 (net)                      2     0.004417            0.000000   0.435596 r
  candidates_i/U8676/A (NAND3X1)                                0.000000  0.000000   0.435596 r
  candidates_i/U8676/Y (NAND3X1)                                0.017076  0.017132   0.452729 f
  candidates_i/n7428 (net)                      1     0.002573            0.000000   0.452729 f
  candidates_i/U8834/A (OAI21X1)                                0.017076  0.000000   0.452729 f
  candidates_i/U8834/Y (OAI21X1)                                0.042216  0.043726   0.496455 r
  candidates_i/n7429 (net)                      1     0.002283            0.000000   0.496455 r
  candidates_i/U8835/B (OR2X2)                                  0.042216  0.000000   0.496455 r
  candidates_i/U8835/Y (OR2X2)                                  0.014133  0.048633   0.545088 r
  candidates_i/n9294 (net)                      2     0.003102            0.000000   0.545088 r
  candidates_i/U4334/A (INVX1)                                  0.014133  0.000000   0.545088 r
  candidates_i/U4334/Y (INVX1)                                  0.012619  0.017673   0.562761 f
  candidates_i/n2737 (net)                      1     0.002600            0.000000   0.562761 f
  candidates_i/U9859/B (NAND3X1)                                0.012619  0.000000   0.562761 f
  candidates_i/U9859/Y (NAND3X1)                                0.033851  0.030869   0.593630 r
  candidates_i/n9312 (net)                      1     0.001539            0.000000   0.593630 r
  candidates_i/U1127/A (BUFX2)                                  0.033851  0.000000   0.593630 r
  candidates_i/U1127/Y (BUFX2)                                  0.038011  0.053836   0.647466 r
  candidates_i/n614 (net)                       8     0.014583            0.000000   0.647466 r
  candidates_i/U4846/A (BUFX2)                                  0.038011  0.000000   0.647466 r
  candidates_i/U4846/Y (BUFX2)                                  0.028117  0.047302   0.694767 r
  candidates_i/n3939 (net)                      5     0.010137            0.000000   0.694767 r
  candidates_i/U3980/B (NAND2X1)                                0.028117  0.000000   0.694767 r
  candidates_i/U3980/Y (NAND2X1)                                0.024058  0.021549   0.716316 f
  candidates_i/n2513 (net)                      2     0.003526            0.000000   0.716316 f
  candidates_i/U6195/A (AND2X2)                                 0.024058  0.000000   0.716316 f
  candidates_i/U6195/Y (AND2X2)                                 0.004774  0.040203   0.756519 f
  candidates_i/n3976 (net)                      2     0.005651            0.000000   0.756519 f
  candidates_i/U10112/D (AOI22X1)                               0.004774  0.000000   0.756519 f
  candidates_i/U10112/Y (AOI22X1)                               0.044401  0.024442   0.780962 r
  candidates_i/n9606 (net)                      1     0.001869            0.000000   0.780962 r
  candidates_i/U10114/B (AND2X2)                                0.044401  0.000000   0.780962 r
  candidates_i/U10114/Y (AND2X2)                                0.012047  0.034724   0.815686 r
  candidates_i/n9607 (net)                      1     0.002961            0.000000   0.815686 r
  candidates_i/U10115/C (NAND3X1)                               0.012047  0.000000   0.815686 r
  candidates_i/U10115/Y (NAND3X1)                               0.018338  0.012033   0.827719 f
  candidates_i/n9618 (net)                      1     0.003067            0.000000   0.827719 f
  candidates_i/U10122/B (NOR3X1)                                0.018338  0.000000   0.827719 f
  candidates_i/U10122/Y (NOR3X1)                                0.052169  0.041033   0.868752 r
  candidates_i/n9628 (net)                      1     0.002655            0.000000   0.868752 r
  candidates_i/U4864/A (INVX2)                                  0.052169  0.000000   0.868752 r
  candidates_i/U4864/Y (INVX2)                                  0.021646  0.023755   0.892507 f
  candidates_i/n9629 (net)                      3     0.005344            0.000000   0.892507 f
  candidates_i/U2707/B (NAND2X1)                                0.021646  0.000000   0.892507 f
  candidates_i/U2707/Y (NAND2X1)                                0.031014  0.014148   0.906655 r
  candidates_i/n9650 (net)                      1     0.001551            0.000000   0.906655 r
  candidates_i/U2712/A (INVX1)                                  0.031014  0.000000   0.906655 r
  candidates_i/U2712/Y (INVX1)                                  0.016549  0.025741   0.932396 f
  candidates_i/n9663 (net)                      2     0.004308            0.000000   0.932396 f
  candidates_i/U10126/C (NAND3X1)                               0.016549  0.000000   0.932396 f
  candidates_i/U10126/Y (NAND3X1)                               0.042012  0.034816   0.967211 r
  candidates_i/n9648 (net)                      1     0.003288            0.000000   0.967211 r
  candidates_i/U10135/C (NOR3X1)                                0.042012  0.000000   0.967211 r
  candidates_i/U10135/Y (NOR3X1)                                0.024704  0.027896   0.995108 f
  candidates_i/n9653 (net)                      1     0.002209            0.000000   0.995108 f
  candidates_i/U4992/A (NOR2X1)                                 0.024704  0.000000   0.995108 f
  candidates_i/U4992/Y (NOR2X1)                                 0.035939  0.038022   1.033129 r
  candidates_i/n11238 (net)                     1     0.003979            0.000000   1.033129 r
  candidates_i/U6969/A (BUFX4)                                  0.035939  0.000000   1.033129 r
  candidates_i/U6969/Y (BUFX4)                                  0.017227  0.025955   1.059084 r
  candidates_i/candidate_slots[1] (net)         6     0.010047            0.000000   1.059084 r
  candidates_i/candidate_slots[1] (mc_candidates_Q_DEPTH16_ROW_W8_COL_W6) 0.000000   1.059084 r
  candidate_slots[1] (net)                            0.010047            0.000000   1.059084 r
  frfcfs.scheduler_i/candidate_slots[1] (mc_scheduler_frfcfs_Q_DEPTH16_ADDR_W16_AGE_LIMIT128_AGING_ENABLE1)
                                                                          0.000000   1.059084 r
  frfcfs.scheduler_i/N609 (net)                       0.010047            0.000000   1.059084 r
  frfcfs.scheduler_i/U924/A (AND2X2)                            0.017227  0.000000   1.059084 r
  frfcfs.scheduler_i/U924/Y (AND2X2)                            0.014410  0.036802   1.095886 r
  frfcfs.scheduler_i/n1571 (net)                3     0.004653            0.000000   1.095886 r
  frfcfs.scheduler_i/U485/A (INVX1)                             0.014410  0.000000   1.095886 r
  frfcfs.scheduler_i/U485/Y (INVX1)                             0.017110  0.020843   1.116730 f
  frfcfs.scheduler_i/n355 (net)                 2     0.004109            0.000000   1.116730 f
  frfcfs.scheduler_i/U406/A (INVX1)                             0.017110  0.000000   1.116730 f
  frfcfs.scheduler_i/U406/Y (INVX1)                             0.000000  0.002786   1.119516 r
  frfcfs.scheduler_i/n295 (net)                 1     0.002027            0.000000   1.119516 r
  frfcfs.scheduler_i/U404/B (NAND2X1)                           0.000000  0.000000   1.119516 r
  frfcfs.scheduler_i/U404/Y (NAND2X1)                           0.023110  0.012636   1.132152 f
  frfcfs.scheduler_i/n296 (net)                 1     0.001944            0.000000   1.132152 f
  frfcfs.scheduler_i/U405/B (NAND2X1)                           0.023110  0.000000   1.132152 f
  frfcfs.scheduler_i/U405/Y (NAND2X1)                           0.034872  0.017244   1.149396 r
  frfcfs.scheduler_i/n1559 (net)                1     0.002386            0.000000   1.149396 r
  frfcfs.scheduler_i/U1804/C (AOI21X1)                          0.034872  0.000000   1.149396 r
  frfcfs.scheduler_i/U1804/Y (AOI21X1)                          0.017945  0.019914   1.169310 f
  frfcfs.scheduler_i/n1566 (net)                1     0.002726            0.000000   1.169310 f
  frfcfs.scheduler_i/U1809/B (AOI22X1)                          0.017945  0.000000   1.169310 f
  frfcfs.scheduler_i/U1809/Y (AOI22X1)                          0.052525  0.046432   1.215742 r
  frfcfs.scheduler_i/n1578 (net)                2     0.003980            0.000000   1.215742 r
  frfcfs.scheduler_i/U321/B (AND2X2)                            0.052525  0.000000   1.215742 r
  frfcfs.scheduler_i/U321/Y (AND2X2)                            0.019499  0.039860   1.255602 r
  frfcfs.scheduler_i/n221 (net)                 3     0.006063            0.000000   1.255602 r
  frfcfs.scheduler_i/U379/A (INVX1)                             0.019499  0.000000   1.255602 r
  frfcfs.scheduler_i/U379/Y (INVX1)                             0.010103  0.017658   1.273260 f
  frfcfs.scheduler_i/n271 (net)                 1     0.001884            0.000000   1.273260 f
  frfcfs.scheduler_i/U1862/A (NAND2X1)                          0.010103  0.000000   1.273260 f
  frfcfs.scheduler_i/U1862/Y (NAND2X1)                          0.041240  0.030482   1.303742 r
  frfcfs.scheduler_i/n1673 (net)                2     0.003596            0.000000   1.303742 r
  frfcfs.scheduler_i/U473/A (AND2X2)                            0.041240  0.000000   1.303742 r
  frfcfs.scheduler_i/U473/Y (AND2X2)                            0.019561  0.041291   1.345033 r
  frfcfs.scheduler_i/n344 (net)                 3     0.006931            0.000000   1.345033 r
  frfcfs.scheduler_i/U1939/A (NAND3X1)                          0.019561  0.000000   1.345033 r
  frfcfs.scheduler_i/U1939/Y (NAND3X1)                          0.015860  0.018439   1.363471 f
  frfcfs.scheduler_i/n1731 (net)                1     0.001820            0.000000   1.363471 f
  frfcfs.scheduler_i/U1940/B (AND2X2)                           0.015860  0.000000   1.363471 f
  frfcfs.scheduler_i/U1940/Y (AND2X2)                           0.000000  0.039853   1.403325 f
  frfcfs.scheduler_i/n1863 (net)                2     0.003388            0.000000   1.403325 f
  frfcfs.scheduler_i/U1945/A (NAND2X1)                          0.000000  0.000000   1.403325 f
  frfcfs.scheduler_i/U1945/Y (NAND2X1)                          0.037094  0.024715   1.428040 r
  frfcfs.scheduler_i/n1754 (net)                1     0.002764            0.000000   1.428040 r
  frfcfs.scheduler_i/U1954/B (AOI22X1)                          0.037094  0.000000   1.428040 r
  frfcfs.scheduler_i/U1954/Y (AOI22X1)                          0.035341  0.033870   1.461910 f
  frfcfs.scheduler_i/n1811 (net)                1     0.002209            0.000000   1.461910 f
  frfcfs.scheduler_i/U2009/A (NAND3X1)                          0.035341  0.000000   1.461910 f
  frfcfs.scheduler_i/U2009/Y (NAND3X1)                          0.033157  0.042046   1.503956 r
  frfcfs.scheduler_i/n1812 (net)                1     0.001551            0.000000   1.503956 r
  frfcfs.scheduler_i/U1346/A (INVX1)                            0.033157  0.000000   1.503956 r
  frfcfs.scheduler_i/U1346/Y (INVX1)                            0.014401  0.024953   1.528908 f
  frfcfs.scheduler_i/n1826 (net)                2     0.003640            0.000000   1.528908 f
  frfcfs.scheduler_i/U1338/B (AND2X2)                           0.014401  0.000000   1.528908 f
  frfcfs.scheduler_i/U1338/Y (AND2X2)                           0.001129  0.040556   1.569464 f
  frfcfs.scheduler_i/n916 (net)                 3     0.004428            0.000000   1.569464 f
  frfcfs.scheduler_i/U1340/A (INVX1)                            0.001129  0.000000   1.569464 f
  frfcfs.scheduler_i/U1340/Y (INVX1)                            0.000000  0.002202   1.571667 r
  frfcfs.scheduler_i/n918 (net)                 2     0.003596            0.000000   1.571667 r
  frfcfs.scheduler_i/U982/A (AND2X2)                            0.000000  0.000000   1.571667 r
  frfcfs.scheduler_i/U982/Y (AND2X2)                            0.014269  0.034810   1.606477 r
  frfcfs.scheduler_i/n1880 (net)                2     0.003843            0.000000   1.606477 r
  frfcfs.scheduler_i/U627/A (OR2X2)                             0.014269  0.000000   1.606477 r
  frfcfs.scheduler_i/U627/Y (OR2X2)                             0.017225  0.043484   1.649961 r
  frfcfs.scheduler_i/n460 (net)                 4     0.006204            0.000000   1.649961 r
  frfcfs.scheduler_i/U99/A (INVX1)                              0.017225  0.000000   1.649961 r
  frfcfs.scheduler_i/U99/Y (INVX1)                              0.020932  0.024360   1.674321 f
  frfcfs.scheduler_i/n418 (net)                 2     0.005452            0.000000   1.674321 f
  frfcfs.scheduler_i/U2236/B (AOI22X1)                          0.020932  0.000000   1.674321 f
  frfcfs.scheduler_i/U2236/Y (AOI22X1)                          0.046084  0.043116   1.717437 r
  frfcfs.scheduler_i/n2129 (net)                1     0.002548            0.000000   1.717437 r
  frfcfs.scheduler_i/U2239/A (NAND3X1)                          0.046084  0.000000   1.717437 r
  frfcfs.scheduler_i/U2239/Y (NAND3X1)                          0.015878  0.022705   1.740142 f
  frfcfs.scheduler_i/n2130 (net)                1     0.002297            0.000000   1.740142 f
  frfcfs.scheduler_i/U2240/B (NOR2X1)                           0.015878  0.000000   1.740142 f
  frfcfs.scheduler_i/U2240/Y (NOR2X1)                           0.025123  0.028515   1.768657 r
  frfcfs.scheduler_i/n2140 (net)                1     0.001869            0.000000   1.768657 r
  frfcfs.scheduler_i/U177/B (AND2X2)                            0.025123  0.000000   1.768657 r
  frfcfs.scheduler_i/U177/Y (AND2X2)                            0.011336  0.034009   1.802666 r
  frfcfs.scheduler_i/n2191 (net)                2     0.003102            0.000000   1.802666 r
  frfcfs.scheduler_i/U179/A (INVX1)                             0.011336  0.000000   1.802666 r
  frfcfs.scheduler_i/U179/Y (INVX1)                             0.015351  0.018657   1.821323 f
  frfcfs.scheduler_i/n118 (net)                 2     0.003448            0.000000   1.821323 f
  frfcfs.scheduler_i/U2277/B (NAND2X1)                          0.015351  0.000000   1.821323 f
  frfcfs.scheduler_i/U2277/Y (NAND2X1)                          0.038121  0.016529   1.837852 r
  frfcfs.scheduler_i/n2194 (net)                1     0.002961            0.000000   1.837852 r
  frfcfs.scheduler_i/U2278/C (NAND3X1)                          0.038121  0.000000   1.837852 r
  frfcfs.scheduler_i/U2278/Y (NAND3X1)                          0.018856  0.017727   1.855580 f
  frfcfs.scheduler_i/n2196 (net)                1     0.002832            0.000000   1.855580 f
  frfcfs.scheduler_i/U2279/C (NAND3X1)                          0.018856  0.000000   1.855580 f
  frfcfs.scheduler_i/U2279/Y (NAND3X1)                          0.033488  0.030065   1.885645 r
  frfcfs.scheduler_i/n2307 (net)                1     0.001551            0.000000   1.885645 r
  frfcfs.scheduler_i/U1345/A (INVX1)                            0.033488  0.000000   1.885645 r
  frfcfs.scheduler_i/U1345/Y (INVX1)                            0.014776  0.025315   1.910960 f
  frfcfs.scheduler_i/n2308 (net)                2     0.003773            0.000000   1.910960 f
  frfcfs.scheduler_i/U2332/B (NOR2X1)                           0.014776  0.000000   1.910960 f
  frfcfs.scheduler_i/U2332/Y (NOR2X1)                           0.035508  0.035084   1.946044 r
  frfcfs.scheduler_i/select_slot[1] (net)       1     0.003979            0.000000   1.946044 r
  frfcfs.scheduler_i/select_slot[1] (mc_scheduler_frfcfs_Q_DEPTH16_ADDR_W16_AGE_LIMIT128_AGING_ENABLE1)
                                                                          0.000000   1.946044 r
  select_slot[1] (net)                                0.003979            0.000000   1.946044 r
  U1062/A (BUFX4)                                               0.035508  0.000000   1.946044 r
  U1062/Y (BUFX4)                                               0.014240  0.024028   1.970072 r
  n875 (net)                                    4     0.007532            0.000000   1.970072 r
  U1308/B (AND2X2)                                              0.014240  0.000000   1.970072 r
  U1308/Y (AND2X2)                                              0.012591  0.034705   2.004777 r
  n865 (net)                                    2     0.003897            0.000000   2.004777 r
  U713/B (NAND2X1)                                              0.012591  0.000000   2.004777 r
  U713/Y (NAND2X1)                                              0.020679  0.014587   2.019364 f
  n444 (net)                                    1     0.001476            0.000000   2.019364 f
  U714/A (INVX1)                                                0.020679  0.000000   2.019364 f
  U714/Y (INVX1)                                                0.000000  0.007534   2.026898 r
  n2106 (net)                                   2     0.003102            0.000000   2.026898 r
  U679/A (INVX1)                                                0.000000  0.000000   2.026898 r
  U679/Y (INVX1)                                                0.019070  0.017603   2.044501 f
  n417 (net)                                    3     0.004428            0.000000   2.044501 f
  U1065/A (INVX1)                                               0.019070  0.000000   2.044501 f
  U1065/Y (INVX1)                                               0.000000  0.006964   2.051465 r
  n774 (net)                                    2     0.003102            0.000000   2.051465 r
  U1184/A (INVX1)                                               0.000000  0.000000   2.051465 r
  U1184/Y (INVX1)                                               0.014663  0.014573   2.066038 f
  n929 (net)                                    2     0.002952            0.000000   2.066038 f
  U1070/A (INVX1)                                               0.014663  0.000000   2.066038 f
  U1070/Y (INVX1)                                               0.000000  0.005400   2.071438 r
  n779 (net)                                    2     0.003102            0.000000   2.071438 r
  U553/A (INVX1)                                                0.000000  0.000000   2.071438 r
  U553/Y (INVX1)                                                0.017248  0.016351   2.087789 f
  n728 (net)                                    2     0.003818            0.000000   2.087789 f
  U1021/A (INVX1)                                               0.017248  0.000000   2.087789 f
  U1021/Y (INVX1)                                               0.000000  0.007862   2.095650 r
  n733 (net)                                    2     0.003579            0.000000   2.095650 r
  U543/B (NAND2X1)                                              0.000000  0.000000   2.095650 r
  U543/Y (NAND2X1)                                              0.023061  0.012601   2.108252 f
  n1999 (net)                                   1     0.001924            0.000000   2.108252 f
  U2141/C (OAI21X1)                                             0.023061  0.000000   2.108252 f
  U2141/Y (OAI21X1)                                             0.041703  0.023010   2.131261 r
  n2001 (net)                                   1     0.002292            0.000000   2.131261 r
  U1241/A (OR2X2)                                               0.041703  0.000000   2.131261 r
  U1241/Y (OR2X2)                                               0.012414  0.040629   2.171891 r
  n879 (net)                                    1     0.002365            0.000000   2.171891 r
  U724/B (NOR2X1)                                               0.012414  0.000000   2.171891 r
  U724/Y (NOR2X1)                                               0.003781  0.013843   2.185734 f
  n448 (net)                                    1     0.002832            0.000000   2.185734 f
  U2143/C (NAND3X1)                                             0.003781  0.000000   2.185734 f
  U2143/Y (NAND3X1)                                             0.035361  0.027200   2.212934 r
  n2005 (net)                                   1     0.001869            0.000000   2.212934 r
  U199/B (AND2X2)                                               0.035361  0.000000   2.212934 r
  U199/Y (AND2X2)                                               0.010864  0.033819   2.246753 r
  n435 (net)                                    1     0.002655            0.000000   2.246753 r
  U200/A (INVX2)                                                0.010864  0.000000   2.246753 r
  U200/Y (INVX2)                                                0.010658  0.027770   2.274523 f
  cmd_wdata[25] (net)                           1     0.010000            0.000000   2.274523 f
  cmd_wdata[25] (out)                                           0.010658  0.000000   2.274523 f
  data arrival time                                                                  2.274523

  clock core_clk (rise edge)                                              3.000000   3.000000
  clock network delay (ideal)                                             0.000000   3.000000
  clock uncertainty                                                       -0.100000  2.900000
  output external delay                                                   -1.000000  1.900000
  data required time                                                                 1.900000
  ----------------------------------------------------------------------------------------------
  data required time                                                                 1.900000
  data arrival time                                                                  -2.274523
  ----------------------------------------------------------------------------------------------
  slack (VIOLATED)                                                                   -0.374523


  Startpoint: table_i/addresses_reg[160]
              (rising edge-triggered flip-flop clocked by core_clk)
  Endpoint: cmd_row[6] (output port clocked by core_clk)
  Path Group: core_clk
  Path Type: max

  Point                                       Fanout       Cap     Trans      Incr       Path
  ----------------------------------------------------------------------------------------------
  clock core_clk (rise edge)                                              0.000000   0.000000
  clock network delay (ideal)                                             0.000000   0.000000
  table_i/addresses_reg[160]/CLK (DFFPOSX1)                     0.000000  0.000000 # 0.000000 r
  table_i/addresses_reg[160]/Q (DFFPOSX1)                       0.037631  0.116303   0.116303 f
  table_i/addresses[160] (net)                  5     0.015864            0.000000   0.116303 f
  table_i/addresses[160] (mc_transaction_table_Q_DEPTH16_ADDR_W16_DATA_W32_TAG_W8_READ_LATENCY3_AGE_LIMIT128)
                                                                          0.000000   0.116303 f
  addresses[160] (net)                                0.015864            0.000000   0.116303 f
  candidates_i/addresses[160] (mc_candidates_Q_DEPTH16_ROW_W8_COL_W6)     0.000000   0.116303 f
  candidates_i/N1296 (net)                            0.015864            0.000000   0.116303 f
  candidates_i/U872/A (INVX2)                                   0.037631  0.000000   0.116303 f
  candidates_i/U872/Y (INVX2)                                   0.041488  0.042467   0.158771 r
  candidates_i/n4763 (net)                      5     0.017119            0.000000   0.158771 r
  candidates_i/U6027/B (AND2X2)                                 0.041488  0.000000   0.158771 r
  candidates_i/U6027/Y (AND2X2)                                 0.012212  0.034799   0.193570 r
  candidates_i/n10102 (net)                     2     0.003102            0.000000   0.193570 r
  candidates_i/U2138/A (INVX1)                                  0.012212  0.000000   0.193570 r
  candidates_i/U2138/Y (INVX1)                                  0.020202  0.022266   0.215836 f
  candidates_i/n3870 (net)                      1     0.005092            0.000000   0.215836 f
  candidates_i/U2022/A (INVX4)                                  0.020202  0.000000   0.215836 f
  candidates_i/U2022/Y (INVX4)                                  0.039600  0.038792   0.254628 r
  candidates_i/n11124 (net)                    13     0.036012            0.000000   0.254628 r
  candidates_i/U8651/B (AOI22X1)                                0.039600  0.000000   0.254628 r
  candidates_i/U8651/Y (AOI22X1)                                0.034268  0.033727   0.288355 f
  candidates_i/n7133 (net)                      1     0.001763            0.000000   0.288355 f
  candidates_i/U5105/A (AND2X2)                                 0.034268  0.000000   0.288355 f
  candidates_i/U5105/Y (AND2X2)                                 0.007355  0.041654   0.330009 f
  candidates_i/n7134 (net)                      1     0.004616            0.000000   0.330009 f
  candidates_i/U526/A (XNOR2X1)                                 0.007355  0.000000   0.330009 f
  candidates_i/U526/Y (XNOR2X1)                                 0.036394  0.032896   0.362905 r
  candidates_i/n453 (net)                       1     0.001798            0.000000   0.362905 r
  candidates_i/U840/A (AND2X2)                                  0.036394  0.000000   0.362905 r
  candidates_i/U840/Y (AND2X2)                                  0.020759  0.040988   0.403894 r
  candidates_i/n10384 (net)                     3     0.006858            0.000000   0.403894 r
  candidates_i/U8659/B (NAND2X1)                                0.020759  0.000000   0.403894 r
  candidates_i/U8659/Y (NAND2X1)                                0.023416  0.018938   0.422832 f
  candidates_i/n10101 (net)                     2     0.002952            0.000000   0.422832 f
  candidates_i/U4406/A (INVX1)                                  0.023416  0.000000   0.422832 f
  candidates_i/U4406/Y (INVX1)                                  0.000000  0.012764   0.435596 r
  candidates_i/n9277 (net)                      2     0.004417            0.000000   0.435596 r
  candidates_i/U8676/A (NAND3X1)                                0.000000  0.000000   0.435596 r
  candidates_i/U8676/Y (NAND3X1)                                0.017076  0.017132   0.452729 f
  candidates_i/n7428 (net)                      1     0.002573            0.000000   0.452729 f
  candidates_i/U8834/A (OAI21X1)                                0.017076  0.000000   0.452729 f
  candidates_i/U8834/Y (OAI21X1)                                0.042216  0.043726   0.496455 r
  candidates_i/n7429 (net)                      1     0.002283            0.000000   0.496455 r
  candidates_i/U8835/B (OR2X2)                                  0.042216  0.000000   0.496455 r
  candidates_i/U8835/Y (OR2X2)                                  0.014133  0.048633   0.545088 r
  candidates_i/n9294 (net)                      2     0.003102            0.000000   0.545088 r
  candidates_i/U4334/A (INVX1)                                  0.014133  0.000000   0.545088 r
  candidates_i/U4334/Y (INVX1)                                  0.012619  0.017673   0.562761 f
  candidates_i/n2737 (net)                      1     0.002600            0.000000   0.562761 f
  candidates_i/U9859/B (NAND3X1)                                0.012619  0.000000   0.562761 f
  candidates_i/U9859/Y (NAND3X1)                                0.033851  0.030869   0.593630 r
  candidates_i/n9312 (net)                      1     0.001539            0.000000   0.593630 r
  candidates_i/U1127/A (BUFX2)                                  0.033851  0.000000   0.593630 r
  candidates_i/U1127/Y (BUFX2)                                  0.038011  0.053836   0.647466 r
  candidates_i/n614 (net)                       8     0.014583            0.000000   0.647466 r
  candidates_i/U4846/A (BUFX2)                                  0.038011  0.000000   0.647466 r
  candidates_i/U4846/Y (BUFX2)                                  0.028117  0.047302   0.694767 r
  candidates_i/n3939 (net)                      5     0.010137            0.000000   0.694767 r
  candidates_i/U3980/B (NAND2X1)                                0.028117  0.000000   0.694767 r
  candidates_i/U3980/Y (NAND2X1)                                0.024058  0.021549   0.716316 f
  candidates_i/n2513 (net)                      2     0.003526            0.000000   0.716316 f
  candidates_i/U6195/A (AND2X2)                                 0.024058  0.000000   0.716316 f
  candidates_i/U6195/Y (AND2X2)                                 0.004774  0.040203   0.756519 f
  candidates_i/n3976 (net)                      2     0.005651            0.000000   0.756519 f
  candidates_i/U10112/D (AOI22X1)                               0.004774  0.000000   0.756519 f
  candidates_i/U10112/Y (AOI22X1)                               0.044401  0.024442   0.780962 r
  candidates_i/n9606 (net)                      1     0.001869            0.000000   0.780962 r
  candidates_i/U10114/B (AND2X2)                                0.044401  0.000000   0.780962 r
  candidates_i/U10114/Y (AND2X2)                                0.012047  0.034724   0.815686 r
  candidates_i/n9607 (net)                      1     0.002961            0.000000   0.815686 r
  candidates_i/U10115/C (NAND3X1)                               0.012047  0.000000   0.815686 r
  candidates_i/U10115/Y (NAND3X1)                               0.018338  0.012033   0.827719 f
  candidates_i/n9618 (net)                      1     0.003067            0.000000   0.827719 f
  candidates_i/U10122/B (NOR3X1)                                0.018338  0.000000   0.827719 f
  candidates_i/U10122/Y (NOR3X1)                                0.052169  0.041033   0.868752 r
  candidates_i/n9628 (net)                      1     0.002655            0.000000   0.868752 r
  candidates_i/U4864/A (INVX2)                                  0.052169  0.000000   0.868752 r
  candidates_i/U4864/Y (INVX2)                                  0.021646  0.023755   0.892507 f
  candidates_i/n9629 (net)                      3     0.005344            0.000000   0.892507 f
  candidates_i/U2707/B (NAND2X1)                                0.021646  0.000000   0.892507 f
  candidates_i/U2707/Y (NAND2X1)                                0.031014  0.014148   0.906655 r
  candidates_i/n9650 (net)                      1     0.001551            0.000000   0.906655 r
  candidates_i/U2712/A (INVX1)                                  0.031014  0.000000   0.906655 r
  candidates_i/U2712/Y (INVX1)                                  0.016549  0.025741   0.932396 f
  candidates_i/n9663 (net)                      2     0.004308            0.000000   0.932396 f
  candidates_i/U10126/C (NAND3X1)                               0.016549  0.000000   0.932396 f
  candidates_i/U10126/Y (NAND3X1)                               0.042012  0.034816   0.967211 r
  candidates_i/n9648 (net)                      1     0.003288            0.000000   0.967211 r
  candidates_i/U10135/C (NOR3X1)                                0.042012  0.000000   0.967211 r
  candidates_i/U10135/Y (NOR3X1)                                0.024704  0.027896   0.995108 f
  candidates_i/n9653 (net)                      1     0.002209            0.000000   0.995108 f
  candidates_i/U4992/A (NOR2X1)                                 0.024704  0.000000   0.995108 f
  candidates_i/U4992/Y (NOR2X1)                                 0.035939  0.038022   1.033129 r
  candidates_i/n11238 (net)                     1     0.003979            0.000000   1.033129 r
  candidates_i/U6969/A (BUFX4)                                  0.035939  0.000000   1.033129 r
  candidates_i/U6969/Y (BUFX4)                                  0.017227  0.025955   1.059084 r
  candidates_i/candidate_slots[1] (net)         6     0.010047            0.000000   1.059084 r
  candidates_i/candidate_slots[1] (mc_candidates_Q_DEPTH16_ROW_W8_COL_W6) 0.000000   1.059084 r
  candidate_slots[1] (net)                            0.010047            0.000000   1.059084 r
  frfcfs.scheduler_i/candidate_slots[1] (mc_scheduler_frfcfs_Q_DEPTH16_ADDR_W16_AGE_LIMIT128_AGING_ENABLE1)
                                                                          0.000000   1.059084 r
  frfcfs.scheduler_i/N609 (net)                       0.010047            0.000000   1.059084 r
  frfcfs.scheduler_i/U924/A (AND2X2)                            0.017227  0.000000   1.059084 r
  frfcfs.scheduler_i/U924/Y (AND2X2)                            0.014410  0.036802   1.095886 r
  frfcfs.scheduler_i/n1571 (net)                3     0.004653            0.000000   1.095886 r
  frfcfs.scheduler_i/U485/A (INVX1)                             0.014410  0.000000   1.095886 r
  frfcfs.scheduler_i/U485/Y (INVX1)                             0.017110  0.020843   1.116730 f
  frfcfs.scheduler_i/n355 (net)                 2     0.004109            0.000000   1.116730 f
  frfcfs.scheduler_i/U406/A (INVX1)                             0.017110  0.000000   1.116730 f
  frfcfs.scheduler_i/U406/Y (INVX1)                             0.000000  0.002786   1.119516 r
  frfcfs.scheduler_i/n295 (net)                 1     0.002027            0.000000   1.119516 r
  frfcfs.scheduler_i/U404/B (NAND2X1)                           0.000000  0.000000   1.119516 r
  frfcfs.scheduler_i/U404/Y (NAND2X1)                           0.023110  0.012636   1.132152 f
  frfcfs.scheduler_i/n296 (net)                 1     0.001944            0.000000   1.132152 f
  frfcfs.scheduler_i/U405/B (NAND2X1)                           0.023110  0.000000   1.132152 f
  frfcfs.scheduler_i/U405/Y (NAND2X1)                           0.034872  0.017244   1.149396 r
  frfcfs.scheduler_i/n1559 (net)                1     0.002386            0.000000   1.149396 r
  frfcfs.scheduler_i/U1804/C (AOI21X1)                          0.034872  0.000000   1.149396 r
  frfcfs.scheduler_i/U1804/Y (AOI21X1)                          0.017945  0.019914   1.169310 f
  frfcfs.scheduler_i/n1566 (net)                1     0.002726            0.000000   1.169310 f
  frfcfs.scheduler_i/U1809/B (AOI22X1)                          0.017945  0.000000   1.169310 f
  frfcfs.scheduler_i/U1809/Y (AOI22X1)                          0.052525  0.046432   1.215742 r
  frfcfs.scheduler_i/n1578 (net)                2     0.003980            0.000000   1.215742 r
  frfcfs.scheduler_i/U321/B (AND2X2)                            0.052525  0.000000   1.215742 r
  frfcfs.scheduler_i/U321/Y (AND2X2)                            0.019499  0.039860   1.255602 r
  frfcfs.scheduler_i/n221 (net)                 3     0.006063            0.000000   1.255602 r
  frfcfs.scheduler_i/U379/A (INVX1)                             0.019499  0.000000   1.255602 r
  frfcfs.scheduler_i/U379/Y (INVX1)                             0.010103  0.017658   1.273260 f
  frfcfs.scheduler_i/n271 (net)                 1     0.001884            0.000000   1.273260 f
  frfcfs.scheduler_i/U1862/A (NAND2X1)                          0.010103  0.000000   1.273260 f
  frfcfs.scheduler_i/U1862/Y (NAND2X1)                          0.041240  0.030482   1.303742 r
  frfcfs.scheduler_i/n1673 (net)                2     0.003596            0.000000   1.303742 r
  frfcfs.scheduler_i/U473/A (AND2X2)                            0.041240  0.000000   1.303742 r
  frfcfs.scheduler_i/U473/Y (AND2X2)                            0.019561  0.041291   1.345033 r
  frfcfs.scheduler_i/n344 (net)                 3     0.006931            0.000000   1.345033 r
  frfcfs.scheduler_i/U1939/A (NAND3X1)                          0.019561  0.000000   1.345033 r
  frfcfs.scheduler_i/U1939/Y (NAND3X1)                          0.015860  0.018439   1.363471 f
  frfcfs.scheduler_i/n1731 (net)                1     0.001820            0.000000   1.363471 f
  frfcfs.scheduler_i/U1940/B (AND2X2)                           0.015860  0.000000   1.363471 f
  frfcfs.scheduler_i/U1940/Y (AND2X2)                           0.000000  0.039853   1.403325 f
  frfcfs.scheduler_i/n1863 (net)                2     0.003388            0.000000   1.403325 f
  frfcfs.scheduler_i/U1945/A (NAND2X1)                          0.000000  0.000000   1.403325 f
  frfcfs.scheduler_i/U1945/Y (NAND2X1)                          0.037094  0.024715   1.428040 r
  frfcfs.scheduler_i/n1754 (net)                1     0.002764            0.000000   1.428040 r
  frfcfs.scheduler_i/U1954/B (AOI22X1)                          0.037094  0.000000   1.428040 r
  frfcfs.scheduler_i/U1954/Y (AOI22X1)                          0.035341  0.033870   1.461910 f
  frfcfs.scheduler_i/n1811 (net)                1     0.002209            0.000000   1.461910 f
  frfcfs.scheduler_i/U2009/A (NAND3X1)                          0.035341  0.000000   1.461910 f
  frfcfs.scheduler_i/U2009/Y (NAND3X1)                          0.033157  0.042046   1.503956 r
  frfcfs.scheduler_i/n1812 (net)                1     0.001551            0.000000   1.503956 r
  frfcfs.scheduler_i/U1346/A (INVX1)                            0.033157  0.000000   1.503956 r
  frfcfs.scheduler_i/U1346/Y (INVX1)                            0.014401  0.024953   1.528908 f
  frfcfs.scheduler_i/n1826 (net)                2     0.003640            0.000000   1.528908 f
  frfcfs.scheduler_i/U1338/B (AND2X2)                           0.014401  0.000000   1.528908 f
  frfcfs.scheduler_i/U1338/Y (AND2X2)                           0.001129  0.040556   1.569464 f
  frfcfs.scheduler_i/n916 (net)                 3     0.004428            0.000000   1.569464 f
  frfcfs.scheduler_i/U1340/A (INVX1)                            0.001129  0.000000   1.569464 f
  frfcfs.scheduler_i/U1340/Y (INVX1)                            0.000000  0.002202   1.571667 r
  frfcfs.scheduler_i/n918 (net)                 2     0.003596            0.000000   1.571667 r
  frfcfs.scheduler_i/U982/A (AND2X2)                            0.000000  0.000000   1.571667 r
  frfcfs.scheduler_i/U982/Y (AND2X2)                            0.014269  0.034810   1.606477 r
  frfcfs.scheduler_i/n1880 (net)                2     0.003843            0.000000   1.606477 r
  frfcfs.scheduler_i/U627/A (OR2X2)                             0.014269  0.000000   1.606477 r
  frfcfs.scheduler_i/U627/Y (OR2X2)                             0.017225  0.043484   1.649961 r
  frfcfs.scheduler_i/n460 (net)                 4     0.006204            0.000000   1.649961 r
  frfcfs.scheduler_i/U99/A (INVX1)                              0.017225  0.000000   1.649961 r
  frfcfs.scheduler_i/U99/Y (INVX1)                              0.020932  0.024360   1.674321 f
  frfcfs.scheduler_i/n418 (net)                 2     0.005452            0.000000   1.674321 f
  frfcfs.scheduler_i/U2236/B (AOI22X1)                          0.020932  0.000000   1.674321 f
  frfcfs.scheduler_i/U2236/Y (AOI22X1)                          0.046084  0.043116   1.717437 r
  frfcfs.scheduler_i/n2129 (net)                1     0.002548            0.000000   1.717437 r
  frfcfs.scheduler_i/U2239/A (NAND3X1)                          0.046084  0.000000   1.717437 r
  frfcfs.scheduler_i/U2239/Y (NAND3X1)                          0.015878  0.022705   1.740142 f
  frfcfs.scheduler_i/n2130 (net)                1     0.002297            0.000000   1.740142 f
  frfcfs.scheduler_i/U2240/B (NOR2X1)                           0.015878  0.000000   1.740142 f
  frfcfs.scheduler_i/U2240/Y (NOR2X1)                           0.025123  0.028515   1.768657 r
  frfcfs.scheduler_i/n2140 (net)                1     0.001869            0.000000   1.768657 r
  frfcfs.scheduler_i/U177/B (AND2X2)                            0.025123  0.000000   1.768657 r
  frfcfs.scheduler_i/U177/Y (AND2X2)                            0.011336  0.034009   1.802666 r
  frfcfs.scheduler_i/n2191 (net)                2     0.003102            0.000000   1.802666 r
  frfcfs.scheduler_i/U179/A (INVX1)                             0.011336  0.000000   1.802666 r
  frfcfs.scheduler_i/U179/Y (INVX1)                             0.015351  0.018657   1.821323 f
  frfcfs.scheduler_i/n118 (net)                 2     0.003448            0.000000   1.821323 f
  frfcfs.scheduler_i/U2277/B (NAND2X1)                          0.015351  0.000000   1.821323 f
  frfcfs.scheduler_i/U2277/Y (NAND2X1)                          0.038121  0.016529   1.837852 r
  frfcfs.scheduler_i/n2194 (net)                1     0.002961            0.000000   1.837852 r
  frfcfs.scheduler_i/U2278/C (NAND3X1)                          0.038121  0.000000   1.837852 r
  frfcfs.scheduler_i/U2278/Y (NAND3X1)                          0.018856  0.017727   1.855580 f
  frfcfs.scheduler_i/n2196 (net)                1     0.002832            0.000000   1.855580 f
  frfcfs.scheduler_i/U2279/C (NAND3X1)                          0.018856  0.000000   1.855580 f
  frfcfs.scheduler_i/U2279/Y (NAND3X1)                          0.033488  0.030065   1.885645 r
  frfcfs.scheduler_i/n2307 (net)                1     0.001551            0.000000   1.885645 r
  frfcfs.scheduler_i/U1345/A (INVX1)                            0.033488  0.000000   1.885645 r
  frfcfs.scheduler_i/U1345/Y (INVX1)                            0.014776  0.025315   1.910960 f
  frfcfs.scheduler_i/n2308 (net)                2     0.003773            0.000000   1.910960 f
  frfcfs.scheduler_i/U2332/B (NOR2X1)                           0.014776  0.000000   1.910960 f
  frfcfs.scheduler_i/U2332/Y (NOR2X1)                           0.035508  0.035084   1.946044 r
  frfcfs.scheduler_i/select_slot[1] (net)       1     0.003979            0.000000   1.946044 r
  frfcfs.scheduler_i/select_slot[1] (mc_scheduler_frfcfs_Q_DEPTH16_ADDR_W16_AGE_LIMIT128_AGING_ENABLE1)
                                                                          0.000000   1.946044 r
  select_slot[1] (net)                                0.003979            0.000000   1.946044 r
  U1062/A (BUFX4)                                               0.035508  0.000000   1.946044 r
  U1062/Y (BUFX4)                                               0.014240  0.024028   1.970072 r
  n875 (net)                                    4     0.007532            0.000000   1.970072 r
  U1308/B (AND2X2)                                              0.014240  0.000000   1.970072 r
  U1308/Y (AND2X2)                                              0.012591  0.034705   2.004777 r
  n865 (net)                                    2     0.003897            0.000000   2.004777 r
  U1309/B (AND2X2)                                              0.012591  0.000000   2.004777 r
  U1309/Y (AND2X2)                                              0.024967  0.042907   2.047684 r
  n866 (net)                                    3     0.009287            0.000000   2.047684 r
  U645/A (INVX4)                                                0.024967  0.000000   2.047684 r
  U645/Y (INVX4)                                                0.022730  0.032757   2.080441 f
  n940 (net)                                    6     0.029501            0.000000   2.080441 f
  U719/A (INVX8)                                                0.022730  0.000000   2.080441 f
  U719/Y (INVX8)                                                0.024498  0.030101   2.110542 r
  n939 (net)                                   16     0.045275            0.000000   2.110542 r
  U1798/C (AOI22X1)                                             0.024498  0.000000   2.110542 r
  U1798/Y (AOI22X1)                                             0.037029  0.021447   2.131989 f
  n1390 (net)                                   1     0.002832            0.000000   2.131989 f
  U1799/C (NAND3X1)                                             0.037029  0.000000   2.131989 f
  U1799/Y (NAND3X1)                                             0.036368  0.036828   2.168817 r
  n1395 (net)                                   1     0.002242            0.000000   2.168817 r
  U1802/A (NOR2X1)                                              0.036368  0.000000   2.168817 r
  U1802/Y (NOR2X1)                                              0.001706  0.020519   2.189336 f
  n1398 (net)                                   1     0.001884            0.000000   2.189336 f
  U1804/A (NAND2X1)                                             0.001706  0.000000   2.189336 f
  U1804/Y (NAND2X1)                                             0.031626  0.022475   2.211811 r
  n2229 (net)                                   1     0.001869            0.000000   2.211811 r
  U226/B (AND2X2)                                               0.031626  0.000000   2.211811 r
  U226/Y (AND2X2)                                               0.010662  0.033638   2.245449 r
  n2247 (net)                                   1     0.002655            0.000000   2.245449 r
  U82/A (INVX2)                                                 0.010662  0.000000   2.245449 r
  U82/Y (INVX2)                                                 0.012072  0.028806   2.274255 f
  cmd_row[6] (net)                              2     0.011476            0.000000   2.274255 f
  cmd_row[6] (out)                                              0.012072  0.000000   2.274255 f
  data arrival time                                                                  2.274255

  clock core_clk (rise edge)                                              3.000000   3.000000
  clock network delay (ideal)                                             0.000000   3.000000
  clock uncertainty                                                       -0.100000  2.900000
  output external delay                                                   -1.000000  1.900000
  data required time                                                                 1.900000
  ----------------------------------------------------------------------------------------------
  data required time                                                                 1.900000
  data arrival time                                                                  -2.274255
  ----------------------------------------------------------------------------------------------
  slack (VIOLATED)                                                                   -0.374254


  Startpoint: table_i/addresses_reg[160]
              (rising edge-triggered flip-flop clocked by core_clk)
  Endpoint: cmd_wdata[19]
            (output port clocked by core_clk)
  Path Group: core_clk
  Path Type: max

  Point                                       Fanout       Cap     Trans      Incr       Path
  ----------------------------------------------------------------------------------------------
  clock core_clk (rise edge)                                              0.000000   0.000000
  clock network delay (ideal)                                             0.000000   0.000000
  table_i/addresses_reg[160]/CLK (DFFPOSX1)                     0.000000  0.000000 # 0.000000 r
  table_i/addresses_reg[160]/Q (DFFPOSX1)                       0.037631  0.116303   0.116303 f
  table_i/addresses[160] (net)                  5     0.015864            0.000000   0.116303 f
  table_i/addresses[160] (mc_transaction_table_Q_DEPTH16_ADDR_W16_DATA_W32_TAG_W8_READ_LATENCY3_AGE_LIMIT128)
                                                                          0.000000   0.116303 f
  addresses[160] (net)                                0.015864            0.000000   0.116303 f
  candidates_i/addresses[160] (mc_candidates_Q_DEPTH16_ROW_W8_COL_W6)     0.000000   0.116303 f
  candidates_i/N1296 (net)                            0.015864            0.000000   0.116303 f
  candidates_i/U872/A (INVX2)                                   0.037631  0.000000   0.116303 f
  candidates_i/U872/Y (INVX2)                                   0.041488  0.042467   0.158771 r
  candidates_i/n4763 (net)                      5     0.017119            0.000000   0.158771 r
  candidates_i/U6027/B (AND2X2)                                 0.041488  0.000000   0.158771 r
  candidates_i/U6027/Y (AND2X2)                                 0.012212  0.034799   0.193570 r
  candidates_i/n10102 (net)                     2     0.003102            0.000000   0.193570 r
  candidates_i/U2138/A (INVX1)                                  0.012212  0.000000   0.193570 r
  candidates_i/U2138/Y (INVX1)                                  0.020202  0.022266   0.215836 f
  candidates_i/n3870 (net)                      1     0.005092            0.000000   0.215836 f
  candidates_i/U2022/A (INVX4)                                  0.020202  0.000000   0.215836 f
  candidates_i/U2022/Y (INVX4)                                  0.039600  0.038792   0.254628 r
  candidates_i/n11124 (net)                    13     0.036012            0.000000   0.254628 r
  candidates_i/U8651/B (AOI22X1)                                0.039600  0.000000   0.254628 r
  candidates_i/U8651/Y (AOI22X1)                                0.034268  0.033727   0.288355 f
  candidates_i/n7133 (net)                      1     0.001763            0.000000   0.288355 f
  candidates_i/U5105/A (AND2X2)                                 0.034268  0.000000   0.288355 f
  candidates_i/U5105/Y (AND2X2)                                 0.007355  0.041654   0.330009 f
  candidates_i/n7134 (net)                      1     0.004616            0.000000   0.330009 f
  candidates_i/U526/A (XNOR2X1)                                 0.007355  0.000000   0.330009 f
  candidates_i/U526/Y (XNOR2X1)                                 0.036394  0.032896   0.362905 r
  candidates_i/n453 (net)                       1     0.001798            0.000000   0.362905 r
  candidates_i/U840/A (AND2X2)                                  0.036394  0.000000   0.362905 r
  candidates_i/U840/Y (AND2X2)                                  0.020759  0.040988   0.403894 r
  candidates_i/n10384 (net)                     3     0.006858            0.000000   0.403894 r
  candidates_i/U8659/B (NAND2X1)                                0.020759  0.000000   0.403894 r
  candidates_i/U8659/Y (NAND2X1)                                0.023416  0.018938   0.422832 f
  candidates_i/n10101 (net)                     2     0.002952            0.000000   0.422832 f
  candidates_i/U4406/A (INVX1)                                  0.023416  0.000000   0.422832 f
  candidates_i/U4406/Y (INVX1)                                  0.000000  0.012764   0.435596 r
  candidates_i/n9277 (net)                      2     0.004417            0.000000   0.435596 r
  candidates_i/U8676/A (NAND3X1)                                0.000000  0.000000   0.435596 r
  candidates_i/U8676/Y (NAND3X1)                                0.017076  0.017132   0.452729 f
  candidates_i/n7428 (net)                      1     0.002573            0.000000   0.452729 f
  candidates_i/U8834/A (OAI21X1)                                0.017076  0.000000   0.452729 f
  candidates_i/U8834/Y (OAI21X1)                                0.042216  0.043726   0.496455 r
  candidates_i/n7429 (net)                      1     0.002283            0.000000   0.496455 r
  candidates_i/U8835/B (OR2X2)                                  0.042216  0.000000   0.496455 r
  candidates_i/U8835/Y (OR2X2)                                  0.014133  0.048633   0.545088 r
  candidates_i/n9294 (net)                      2     0.003102            0.000000   0.545088 r
  candidates_i/U4334/A (INVX1)                                  0.014133  0.000000   0.545088 r
  candidates_i/U4334/Y (INVX1)                                  0.012619  0.017673   0.562761 f
  candidates_i/n2737 (net)                      1     0.002600            0.000000   0.562761 f
  candidates_i/U9859/B (NAND3X1)                                0.012619  0.000000   0.562761 f
  candidates_i/U9859/Y (NAND3X1)                                0.033851  0.030869   0.593630 r
  candidates_i/n9312 (net)                      1     0.001539            0.000000   0.593630 r
  candidates_i/U1127/A (BUFX2)                                  0.033851  0.000000   0.593630 r
  candidates_i/U1127/Y (BUFX2)                                  0.038011  0.053836   0.647466 r
  candidates_i/n614 (net)                       8     0.014583            0.000000   0.647466 r
  candidates_i/U4846/A (BUFX2)                                  0.038011  0.000000   0.647466 r
  candidates_i/U4846/Y (BUFX2)                                  0.028117  0.047302   0.694767 r
  candidates_i/n3939 (net)                      5     0.010137            0.000000   0.694767 r
  candidates_i/U3980/B (NAND2X1)                                0.028117  0.000000   0.694767 r
  candidates_i/U3980/Y (NAND2X1)                                0.024058  0.021549   0.716316 f
  candidates_i/n2513 (net)                      2     0.003526            0.000000   0.716316 f
  candidates_i/U6195/A (AND2X2)                                 0.024058  0.000000   0.716316 f
  candidates_i/U6195/Y (AND2X2)                                 0.004774  0.040203   0.756519 f
  candidates_i/n3976 (net)                      2     0.005651            0.000000   0.756519 f
  candidates_i/U10112/D (AOI22X1)                               0.004774  0.000000   0.756519 f
  candidates_i/U10112/Y (AOI22X1)                               0.044401  0.024442   0.780962 r
  candidates_i/n9606 (net)                      1     0.001869            0.000000   0.780962 r
  candidates_i/U10114/B (AND2X2)                                0.044401  0.000000   0.780962 r
  candidates_i/U10114/Y (AND2X2)                                0.012047  0.034724   0.815686 r
  candidates_i/n9607 (net)                      1     0.002961            0.000000   0.815686 r
  candidates_i/U10115/C (NAND3X1)                               0.012047  0.000000   0.815686 r
  candidates_i/U10115/Y (NAND3X1)                               0.018338  0.012033   0.827719 f
  candidates_i/n9618 (net)                      1     0.003067            0.000000   0.827719 f
  candidates_i/U10122/B (NOR3X1)                                0.018338  0.000000   0.827719 f
  candidates_i/U10122/Y (NOR3X1)                                0.052169  0.041033   0.868752 r
  candidates_i/n9628 (net)                      1     0.002655            0.000000   0.868752 r
  candidates_i/U4864/A (INVX2)                                  0.052169  0.000000   0.868752 r
  candidates_i/U4864/Y (INVX2)                                  0.021646  0.023755   0.892507 f
  candidates_i/n9629 (net)                      3     0.005344            0.000000   0.892507 f
  candidates_i/U2707/B (NAND2X1)                                0.021646  0.000000   0.892507 f
  candidates_i/U2707/Y (NAND2X1)                                0.031014  0.014148   0.906655 r
  candidates_i/n9650 (net)                      1     0.001551            0.000000   0.906655 r
  candidates_i/U2712/A (INVX1)                                  0.031014  0.000000   0.906655 r
  candidates_i/U2712/Y (INVX1)                                  0.016549  0.025741   0.932396 f
  candidates_i/n9663 (net)                      2     0.004308            0.000000   0.932396 f
  candidates_i/U10126/C (NAND3X1)                               0.016549  0.000000   0.932396 f
  candidates_i/U10126/Y (NAND3X1)                               0.042012  0.034816   0.967211 r
  candidates_i/n9648 (net)                      1     0.003288            0.000000   0.967211 r
  candidates_i/U10135/C (NOR3X1)                                0.042012  0.000000   0.967211 r
  candidates_i/U10135/Y (NOR3X1)                                0.024704  0.027896   0.995108 f
  candidates_i/n9653 (net)                      1     0.002209            0.000000   0.995108 f
  candidates_i/U4992/A (NOR2X1)                                 0.024704  0.000000   0.995108 f
  candidates_i/U4992/Y (NOR2X1)                                 0.035939  0.038022   1.033129 r
  candidates_i/n11238 (net)                     1     0.003979            0.000000   1.033129 r
  candidates_i/U6969/A (BUFX4)                                  0.035939  0.000000   1.033129 r
  candidates_i/U6969/Y (BUFX4)                                  0.017227  0.025955   1.059084 r
  candidates_i/candidate_slots[1] (net)         6     0.010047            0.000000   1.059084 r
  candidates_i/candidate_slots[1] (mc_candidates_Q_DEPTH16_ROW_W8_COL_W6) 0.000000   1.059084 r
  candidate_slots[1] (net)                            0.010047            0.000000   1.059084 r
  frfcfs.scheduler_i/candidate_slots[1] (mc_scheduler_frfcfs_Q_DEPTH16_ADDR_W16_AGE_LIMIT128_AGING_ENABLE1)
                                                                          0.000000   1.059084 r
  frfcfs.scheduler_i/N609 (net)                       0.010047            0.000000   1.059084 r
  frfcfs.scheduler_i/U924/A (AND2X2)                            0.017227  0.000000   1.059084 r
  frfcfs.scheduler_i/U924/Y (AND2X2)                            0.014410  0.036802   1.095886 r
  frfcfs.scheduler_i/n1571 (net)                3     0.004653            0.000000   1.095886 r
  frfcfs.scheduler_i/U485/A (INVX1)                             0.014410  0.000000   1.095886 r
  frfcfs.scheduler_i/U485/Y (INVX1)                             0.017110  0.020843   1.116730 f
  frfcfs.scheduler_i/n355 (net)                 2     0.004109            0.000000   1.116730 f
  frfcfs.scheduler_i/U406/A (INVX1)                             0.017110  0.000000   1.116730 f
  frfcfs.scheduler_i/U406/Y (INVX1)                             0.000000  0.002786   1.119516 r
  frfcfs.scheduler_i/n295 (net)                 1     0.002027            0.000000   1.119516 r
  frfcfs.scheduler_i/U404/B (NAND2X1)                           0.000000  0.000000   1.119516 r
  frfcfs.scheduler_i/U404/Y (NAND2X1)                           0.023110  0.012636   1.132152 f
  frfcfs.scheduler_i/n296 (net)                 1     0.001944            0.000000   1.132152 f
  frfcfs.scheduler_i/U405/B (NAND2X1)                           0.023110  0.000000   1.132152 f
  frfcfs.scheduler_i/U405/Y (NAND2X1)                           0.034872  0.017244   1.149396 r
  frfcfs.scheduler_i/n1559 (net)                1     0.002386            0.000000   1.149396 r
  frfcfs.scheduler_i/U1804/C (AOI21X1)                          0.034872  0.000000   1.149396 r
  frfcfs.scheduler_i/U1804/Y (AOI21X1)                          0.017945  0.019914   1.169310 f
  frfcfs.scheduler_i/n1566 (net)                1     0.002726            0.000000   1.169310 f
  frfcfs.scheduler_i/U1809/B (AOI22X1)                          0.017945  0.000000   1.169310 f
  frfcfs.scheduler_i/U1809/Y (AOI22X1)                          0.052525  0.046432   1.215742 r
  frfcfs.scheduler_i/n1578 (net)                2     0.003980            0.000000   1.215742 r
  frfcfs.scheduler_i/U321/B (AND2X2)                            0.052525  0.000000   1.215742 r
  frfcfs.scheduler_i/U321/Y (AND2X2)                            0.019499  0.039860   1.255602 r
  frfcfs.scheduler_i/n221 (net)                 3     0.006063            0.000000   1.255602 r
  frfcfs.scheduler_i/U379/A (INVX1)                             0.019499  0.000000   1.255602 r
  frfcfs.scheduler_i/U379/Y (INVX1)                             0.010103  0.017658   1.273260 f
  frfcfs.scheduler_i/n271 (net)                 1     0.001884            0.000000   1.273260 f
  frfcfs.scheduler_i/U1862/A (NAND2X1)                          0.010103  0.000000   1.273260 f
  frfcfs.scheduler_i/U1862/Y (NAND2X1)                          0.041240  0.030482   1.303742 r
  frfcfs.scheduler_i/n1673 (net)                2     0.003596            0.000000   1.303742 r
  frfcfs.scheduler_i/U473/A (AND2X2)                            0.041240  0.000000   1.303742 r
  frfcfs.scheduler_i/U473/Y (AND2X2)                            0.019561  0.041291   1.345033 r
  frfcfs.scheduler_i/n344 (net)                 3     0.006931            0.000000   1.345033 r
  frfcfs.scheduler_i/U1939/A (NAND3X1)                          0.019561  0.000000   1.345033 r
  frfcfs.scheduler_i/U1939/Y (NAND3X1)                          0.015860  0.018439   1.363471 f
  frfcfs.scheduler_i/n1731 (net)                1     0.001820            0.000000   1.363471 f
  frfcfs.scheduler_i/U1940/B (AND2X2)                           0.015860  0.000000   1.363471 f
  frfcfs.scheduler_i/U1940/Y (AND2X2)                           0.000000  0.039853   1.403325 f
  frfcfs.scheduler_i/n1863 (net)                2     0.003388            0.000000   1.403325 f
  frfcfs.scheduler_i/U1945/A (NAND2X1)                          0.000000  0.000000   1.403325 f
  frfcfs.scheduler_i/U1945/Y (NAND2X1)                          0.037094  0.024715   1.428040 r
  frfcfs.scheduler_i/n1754 (net)                1     0.002764            0.000000   1.428040 r
  frfcfs.scheduler_i/U1954/B (AOI22X1)                          0.037094  0.000000   1.428040 r
  frfcfs.scheduler_i/U1954/Y (AOI22X1)                          0.035341  0.033870   1.461910 f
  frfcfs.scheduler_i/n1811 (net)                1     0.002209            0.000000   1.461910 f
  frfcfs.scheduler_i/U2009/A (NAND3X1)                          0.035341  0.000000   1.461910 f
  frfcfs.scheduler_i/U2009/Y (NAND3X1)                          0.033157  0.042046   1.503956 r
  frfcfs.scheduler_i/n1812 (net)                1     0.001551            0.000000   1.503956 r
  frfcfs.scheduler_i/U1346/A (INVX1)                            0.033157  0.000000   1.503956 r
  frfcfs.scheduler_i/U1346/Y (INVX1)                            0.014401  0.024953   1.528908 f
  frfcfs.scheduler_i/n1826 (net)                2     0.003640            0.000000   1.528908 f
  frfcfs.scheduler_i/U1338/B (AND2X2)                           0.014401  0.000000   1.528908 f
  frfcfs.scheduler_i/U1338/Y (AND2X2)                           0.001129  0.040556   1.569464 f
  frfcfs.scheduler_i/n916 (net)                 3     0.004428            0.000000   1.569464 f
  frfcfs.scheduler_i/U1340/A (INVX1)                            0.001129  0.000000   1.569464 f
  frfcfs.scheduler_i/U1340/Y (INVX1)                            0.000000  0.002202   1.571667 r
  frfcfs.scheduler_i/n918 (net)                 2     0.003596            0.000000   1.571667 r
  frfcfs.scheduler_i/U982/A (AND2X2)                            0.000000  0.000000   1.571667 r
  frfcfs.scheduler_i/U982/Y (AND2X2)                            0.014269  0.034810   1.606477 r
  frfcfs.scheduler_i/n1880 (net)                2     0.003843            0.000000   1.606477 r
  frfcfs.scheduler_i/U627/A (OR2X2)                             0.014269  0.000000   1.606477 r
  frfcfs.scheduler_i/U627/Y (OR2X2)                             0.017225  0.043484   1.649961 r
  frfcfs.scheduler_i/n460 (net)                 4     0.006204            0.000000   1.649961 r
  frfcfs.scheduler_i/U99/A (INVX1)                              0.017225  0.000000   1.649961 r
  frfcfs.scheduler_i/U99/Y (INVX1)                              0.020932  0.024360   1.674321 f
  frfcfs.scheduler_i/n418 (net)                 2     0.005452            0.000000   1.674321 f
  frfcfs.scheduler_i/U2236/B (AOI22X1)                          0.020932  0.000000   1.674321 f
  frfcfs.scheduler_i/U2236/Y (AOI22X1)                          0.046084  0.043116   1.717437 r
  frfcfs.scheduler_i/n2129 (net)                1     0.002548            0.000000   1.717437 r
  frfcfs.scheduler_i/U2239/A (NAND3X1)                          0.046084  0.000000   1.717437 r
  frfcfs.scheduler_i/U2239/Y (NAND3X1)                          0.015878  0.022705   1.740142 f
  frfcfs.scheduler_i/n2130 (net)                1     0.002297            0.000000   1.740142 f
  frfcfs.scheduler_i/U2240/B (NOR2X1)                           0.015878  0.000000   1.740142 f
  frfcfs.scheduler_i/U2240/Y (NOR2X1)                           0.025123  0.028515   1.768657 r
  frfcfs.scheduler_i/n2140 (net)                1     0.001869            0.000000   1.768657 r
  frfcfs.scheduler_i/U177/B (AND2X2)                            0.025123  0.000000   1.768657 r
  frfcfs.scheduler_i/U177/Y (AND2X2)                            0.011336  0.034009   1.802666 r
  frfcfs.scheduler_i/n2191 (net)                2     0.003102            0.000000   1.802666 r
  frfcfs.scheduler_i/U179/A (INVX1)                             0.011336  0.000000   1.802666 r
  frfcfs.scheduler_i/U179/Y (INVX1)                             0.015351  0.018657   1.821323 f
  frfcfs.scheduler_i/n118 (net)                 2     0.003448            0.000000   1.821323 f
  frfcfs.scheduler_i/U2277/B (NAND2X1)                          0.015351  0.000000   1.821323 f
  frfcfs.scheduler_i/U2277/Y (NAND2X1)                          0.038121  0.016529   1.837852 r
  frfcfs.scheduler_i/n2194 (net)                1     0.002961            0.000000   1.837852 r
  frfcfs.scheduler_i/U2278/C (NAND3X1)                          0.038121  0.000000   1.837852 r
  frfcfs.scheduler_i/U2278/Y (NAND3X1)                          0.018856  0.017727   1.855580 f
  frfcfs.scheduler_i/n2196 (net)                1     0.002832            0.000000   1.855580 f
  frfcfs.scheduler_i/U2279/C (NAND3X1)                          0.018856  0.000000   1.855580 f
  frfcfs.scheduler_i/U2279/Y (NAND3X1)                          0.033488  0.030065   1.885645 r
  frfcfs.scheduler_i/n2307 (net)                1     0.001551            0.000000   1.885645 r
  frfcfs.scheduler_i/U1345/A (INVX1)                            0.033488  0.000000   1.885645 r
  frfcfs.scheduler_i/U1345/Y (INVX1)                            0.014776  0.025315   1.910960 f
  frfcfs.scheduler_i/n2308 (net)                2     0.003773            0.000000   1.910960 f
  frfcfs.scheduler_i/U2332/B (NOR2X1)                           0.014776  0.000000   1.910960 f
  frfcfs.scheduler_i/U2332/Y (NOR2X1)                           0.035508  0.035084   1.946044 r
  frfcfs.scheduler_i/select_slot[1] (net)       1     0.003979            0.000000   1.946044 r
  frfcfs.scheduler_i/select_slot[1] (mc_scheduler_frfcfs_Q_DEPTH16_ADDR_W16_AGE_LIMIT128_AGING_ENABLE1)
                                                                          0.000000   1.946044 r
  select_slot[1] (net)                                0.003979            0.000000   1.946044 r
  U1062/A (BUFX4)                                               0.035508  0.000000   1.946044 r
  U1062/Y (BUFX4)                                               0.014240  0.024028   1.970072 r
  n875 (net)                                    4     0.007532            0.000000   1.970072 r
  U1308/B (AND2X2)                                              0.014240  0.000000   1.970072 r
  U1308/Y (AND2X2)                                              0.012591  0.034705   2.004777 r
  n865 (net)                                    2     0.003897            0.000000   2.004777 r
  U1309/B (AND2X2)                                              0.012591  0.000000   2.004777 r
  U1309/Y (AND2X2)                                              0.024967  0.042907   2.047684 r
  n866 (net)                                    3     0.009287            0.000000   2.047684 r
  U627/A (INVX2)                                                0.024967  0.000000   2.047684 r
  U627/Y (INVX2)                                                0.015456  0.027506   2.075190 f
  n935 (net)                                    5     0.009402            0.000000   2.075190 f
  U34/A (INVX1)                                                 0.015456  0.000000   2.075190 f
  U34/Y (INVX1)                                                 0.000000  0.000654   2.075844 r
  n27 (net)                                     1     0.001551            0.000000   2.075844 r
  U35/A (INVX1)                                                 0.000000  0.000000   2.075844 r
  U35/Y (INVX1)                                                 0.013708  0.013916   2.089760 f
  n28 (net)                                     1     0.002632            0.000000   2.089760 f
  U2086/B (OAI21X1)                                             0.013708  0.000000   2.089760 f
  U2086/Y (OAI21X1)                                             0.041735  0.040782   2.130543 r
  n1885 (net)                                   1     0.002292            0.000000   2.130543 r
  U674/A (OR2X2)                                                0.041735  0.000000   2.130543 r
  U674/Y (OR2X2)                                                0.012418  0.040633   2.171176 r
  n888 (net)                                    1     0.002365            0.000000   2.171176 r
  U602/B (NOR2X1)                                               0.012418  0.000000   2.171176 r
  U602/Y (NOR2X1)                                               0.003781  0.013845   2.185020 f
  n363 (net)                                    1     0.002832            0.000000   2.185020 f
  U2088/C (NAND3X1)                                             0.003781  0.000000   2.185020 f
  U2088/Y (NAND3X1)                                             0.035361  0.027200   2.212221 r
  n1889 (net)                                   1     0.001869            0.000000   2.212221 r
  U210/B (AND2X2)                                               0.035361  0.000000   2.212221 r
  U210/Y (AND2X2)                                               0.010864  0.033819   2.246039 r
  n456 (net)                                    1     0.002655            0.000000   2.246039 r
  U211/A (INVX2)                                                0.010864  0.000000   2.246039 r
  U211/Y (INVX2)                                                0.010658  0.027770   2.273809 f
  cmd_wdata[19] (net)                           1     0.010000            0.000000   2.273809 f
  cmd_wdata[19] (out)                                           0.010658  0.000000   2.273809 f
  data arrival time                                                                  2.273809

  clock core_clk (rise edge)                                              3.000000   3.000000
  clock network delay (ideal)                                             0.000000   3.000000
  clock uncertainty                                                       -0.100000  2.900000
  output external delay                                                   -1.000000  1.900000
  data required time                                                                 1.900000
  ----------------------------------------------------------------------------------------------
  data required time                                                                 1.900000
  data arrival time                                                                  -2.273809
  ----------------------------------------------------------------------------------------------
  slack (VIOLATED)                                                                   -0.373809


  Startpoint: table_i/addresses_reg[160]
              (rising edge-triggered flip-flop clocked by core_clk)
  Endpoint: cmd_op[1] (output port clocked by core_clk)
  Path Group: core_clk
  Path Type: max

  Point                                       Fanout       Cap     Trans      Incr       Path
  ----------------------------------------------------------------------------------------------
  clock core_clk (rise edge)                                              0.000000   0.000000
  clock network delay (ideal)                                             0.000000   0.000000
  table_i/addresses_reg[160]/CLK (DFFPOSX1)                     0.000000  0.000000 # 0.000000 r
  table_i/addresses_reg[160]/Q (DFFPOSX1)                       0.037631  0.116303   0.116303 f
  table_i/addresses[160] (net)                  5     0.015864            0.000000   0.116303 f
  table_i/addresses[160] (mc_transaction_table_Q_DEPTH16_ADDR_W16_DATA_W32_TAG_W8_READ_LATENCY3_AGE_LIMIT128)
                                                                          0.000000   0.116303 f
  addresses[160] (net)                                0.015864            0.000000   0.116303 f
  candidates_i/addresses[160] (mc_candidates_Q_DEPTH16_ROW_W8_COL_W6)     0.000000   0.116303 f
  candidates_i/N1296 (net)                            0.015864            0.000000   0.116303 f
  candidates_i/U872/A (INVX2)                                   0.037631  0.000000   0.116303 f
  candidates_i/U872/Y (INVX2)                                   0.041488  0.042467   0.158771 r
  candidates_i/n4763 (net)                      5     0.017119            0.000000   0.158771 r
  candidates_i/U6027/B (AND2X2)                                 0.041488  0.000000   0.158771 r
  candidates_i/U6027/Y (AND2X2)                                 0.012212  0.034799   0.193570 r
  candidates_i/n10102 (net)                     2     0.003102            0.000000   0.193570 r
  candidates_i/U2138/A (INVX1)                                  0.012212  0.000000   0.193570 r
  candidates_i/U2138/Y (INVX1)                                  0.020202  0.022266   0.215836 f
  candidates_i/n3870 (net)                      1     0.005092            0.000000   0.215836 f
  candidates_i/U2022/A (INVX4)                                  0.020202  0.000000   0.215836 f
  candidates_i/U2022/Y (INVX4)                                  0.039600  0.038792   0.254628 r
  candidates_i/n11124 (net)                    13     0.036012            0.000000   0.254628 r
  candidates_i/U8651/B (AOI22X1)                                0.039600  0.000000   0.254628 r
  candidates_i/U8651/Y (AOI22X1)                                0.034268  0.033727   0.288355 f
  candidates_i/n7133 (net)                      1     0.001763            0.000000   0.288355 f
  candidates_i/U5105/A (AND2X2)                                 0.034268  0.000000   0.288355 f
  candidates_i/U5105/Y (AND2X2)                                 0.007355  0.041654   0.330009 f
  candidates_i/n7134 (net)                      1     0.004616            0.000000   0.330009 f
  candidates_i/U526/A (XNOR2X1)                                 0.007355  0.000000   0.330009 f
  candidates_i/U526/Y (XNOR2X1)                                 0.036394  0.032896   0.362905 r
  candidates_i/n453 (net)                       1     0.001798            0.000000   0.362905 r
  candidates_i/U840/A (AND2X2)                                  0.036394  0.000000   0.362905 r
  candidates_i/U840/Y (AND2X2)                                  0.020759  0.040988   0.403894 r
  candidates_i/n10384 (net)                     3     0.006858            0.000000   0.403894 r
  candidates_i/U8659/B (NAND2X1)                                0.020759  0.000000   0.403894 r
  candidates_i/U8659/Y (NAND2X1)                                0.023416  0.018938   0.422832 f
  candidates_i/n10101 (net)                     2     0.002952            0.000000   0.422832 f
  candidates_i/U4406/A (INVX1)                                  0.023416  0.000000   0.422832 f
  candidates_i/U4406/Y (INVX1)                                  0.000000  0.012764   0.435596 r
  candidates_i/n9277 (net)                      2     0.004417            0.000000   0.435596 r
  candidates_i/U8676/A (NAND3X1)                                0.000000  0.000000   0.435596 r
  candidates_i/U8676/Y (NAND3X1)                                0.017076  0.017132   0.452729 f
  candidates_i/n7428 (net)                      1     0.002573            0.000000   0.452729 f
  candidates_i/U8834/A (OAI21X1)                                0.017076  0.000000   0.452729 f
  candidates_i/U8834/Y (OAI21X1)                                0.042216  0.043726   0.496455 r
  candidates_i/n7429 (net)                      1     0.002283            0.000000   0.496455 r
  candidates_i/U8835/B (OR2X2)                                  0.042216  0.000000   0.496455 r
  candidates_i/U8835/Y (OR2X2)                                  0.014133  0.048633   0.545088 r
  candidates_i/n9294 (net)                      2     0.003102            0.000000   0.545088 r
  candidates_i/U4334/A (INVX1)                                  0.014133  0.000000   0.545088 r
  candidates_i/U4334/Y (INVX1)                                  0.012619  0.017673   0.562761 f
  candidates_i/n2737 (net)                      1     0.002600            0.000000   0.562761 f
  candidates_i/U9859/B (NAND3X1)                                0.012619  0.000000   0.562761 f
  candidates_i/U9859/Y (NAND3X1)                                0.033851  0.030869   0.593630 r
  candidates_i/n9312 (net)                      1     0.001539            0.000000   0.593630 r
  candidates_i/U1127/A (BUFX2)                                  0.033851  0.000000   0.593630 r
  candidates_i/U1127/Y (BUFX2)                                  0.038011  0.053836   0.647466 r
  candidates_i/n614 (net)                       8     0.014583            0.000000   0.647466 r
  candidates_i/U4846/A (BUFX2)                                  0.038011  0.000000   0.647466 r
  candidates_i/U4846/Y (BUFX2)                                  0.028117  0.047302   0.694767 r
  candidates_i/n3939 (net)                      5     0.010137            0.000000   0.694767 r
  candidates_i/U3980/B (NAND2X1)                                0.028117  0.000000   0.694767 r
  candidates_i/U3980/Y (NAND2X1)                                0.024058  0.021549   0.716316 f
  candidates_i/n2513 (net)                      2     0.003526            0.000000   0.716316 f
  candidates_i/U6195/A (AND2X2)                                 0.024058  0.000000   0.716316 f
  candidates_i/U6195/Y (AND2X2)                                 0.004774  0.040203   0.756519 f
  candidates_i/n3976 (net)                      2     0.005651            0.000000   0.756519 f
  candidates_i/U10112/D (AOI22X1)                               0.004774  0.000000   0.756519 f
  candidates_i/U10112/Y (AOI22X1)                               0.044401  0.024442   0.780962 r
  candidates_i/n9606 (net)                      1     0.001869            0.000000   0.780962 r
  candidates_i/U10114/B (AND2X2)                                0.044401  0.000000   0.780962 r
  candidates_i/U10114/Y (AND2X2)                                0.012047  0.034724   0.815686 r
  candidates_i/n9607 (net)                      1     0.002961            0.000000   0.815686 r
  candidates_i/U10115/C (NAND3X1)                               0.012047  0.000000   0.815686 r
  candidates_i/U10115/Y (NAND3X1)                               0.018338  0.012033   0.827719 f
  candidates_i/n9618 (net)                      1     0.003067            0.000000   0.827719 f
  candidates_i/U10122/B (NOR3X1)                                0.018338  0.000000   0.827719 f
  candidates_i/U10122/Y (NOR3X1)                                0.052169  0.041033   0.868752 r
  candidates_i/n9628 (net)                      1     0.002655            0.000000   0.868752 r
  candidates_i/U4864/A (INVX2)                                  0.052169  0.000000   0.868752 r
  candidates_i/U4864/Y (INVX2)                                  0.021646  0.023755   0.892507 f
  candidates_i/n9629 (net)                      3     0.005344            0.000000   0.892507 f
  candidates_i/U2707/B (NAND2X1)                                0.021646  0.000000   0.892507 f
  candidates_i/U2707/Y (NAND2X1)                                0.031014  0.014148   0.906655 r
  candidates_i/n9650 (net)                      1     0.001551            0.000000   0.906655 r
  candidates_i/U2712/A (INVX1)                                  0.031014  0.000000   0.906655 r
  candidates_i/U2712/Y (INVX1)                                  0.016549  0.025741   0.932396 f
  candidates_i/n9663 (net)                      2     0.004308            0.000000   0.932396 f
  candidates_i/U10126/C (NAND3X1)                               0.016549  0.000000   0.932396 f
  candidates_i/U10126/Y (NAND3X1)                               0.042012  0.034816   0.967211 r
  candidates_i/n9648 (net)                      1     0.003288            0.000000   0.967211 r
  candidates_i/U10135/C (NOR3X1)                                0.042012  0.000000   0.967211 r
  candidates_i/U10135/Y (NOR3X1)                                0.024704  0.027896   0.995108 f
  candidates_i/n9653 (net)                      1     0.002209            0.000000   0.995108 f
  candidates_i/U4992/A (NOR2X1)                                 0.024704  0.000000   0.995108 f
  candidates_i/U4992/Y (NOR2X1)                                 0.035939  0.038022   1.033129 r
  candidates_i/n11238 (net)                     1     0.003979            0.000000   1.033129 r
  candidates_i/U6969/A (BUFX4)                                  0.035939  0.000000   1.033129 r
  candidates_i/U6969/Y (BUFX4)                                  0.017227  0.025955   1.059084 r
  candidates_i/candidate_slots[1] (net)         6     0.010047            0.000000   1.059084 r
  candidates_i/candidate_slots[1] (mc_candidates_Q_DEPTH16_ROW_W8_COL_W6) 0.000000   1.059084 r
  candidate_slots[1] (net)                            0.010047            0.000000   1.059084 r
  frfcfs.scheduler_i/candidate_slots[1] (mc_scheduler_frfcfs_Q_DEPTH16_ADDR_W16_AGE_LIMIT128_AGING_ENABLE1)
                                                                          0.000000   1.059084 r
  frfcfs.scheduler_i/N609 (net)                       0.010047            0.000000   1.059084 r
  frfcfs.scheduler_i/U924/A (AND2X2)                            0.017227  0.000000   1.059084 r
  frfcfs.scheduler_i/U924/Y (AND2X2)                            0.014410  0.036802   1.095886 r
  frfcfs.scheduler_i/n1571 (net)                3     0.004653            0.000000   1.095886 r
  frfcfs.scheduler_i/U485/A (INVX1)                             0.014410  0.000000   1.095886 r
  frfcfs.scheduler_i/U485/Y (INVX1)                             0.017110  0.020843   1.116730 f
  frfcfs.scheduler_i/n355 (net)                 2     0.004109            0.000000   1.116730 f
  frfcfs.scheduler_i/U406/A (INVX1)                             0.017110  0.000000   1.116730 f
  frfcfs.scheduler_i/U406/Y (INVX1)                             0.000000  0.002786   1.119516 r
  frfcfs.scheduler_i/n295 (net)                 1     0.002027            0.000000   1.119516 r
  frfcfs.scheduler_i/U404/B (NAND2X1)                           0.000000  0.000000   1.119516 r
  frfcfs.scheduler_i/U404/Y (NAND2X1)                           0.023110  0.012636   1.132152 f
  frfcfs.scheduler_i/n296 (net)                 1     0.001944            0.000000   1.132152 f
  frfcfs.scheduler_i/U405/B (NAND2X1)                           0.023110  0.000000   1.132152 f
  frfcfs.scheduler_i/U405/Y (NAND2X1)                           0.034872  0.017244   1.149396 r
  frfcfs.scheduler_i/n1559 (net)                1     0.002386            0.000000   1.149396 r
  frfcfs.scheduler_i/U1804/C (AOI21X1)                          0.034872  0.000000   1.149396 r
  frfcfs.scheduler_i/U1804/Y (AOI21X1)                          0.017945  0.019914   1.169310 f
  frfcfs.scheduler_i/n1566 (net)                1     0.002726            0.000000   1.169310 f
  frfcfs.scheduler_i/U1809/B (AOI22X1)                          0.017945  0.000000   1.169310 f
  frfcfs.scheduler_i/U1809/Y (AOI22X1)                          0.052525  0.046432   1.215742 r
  frfcfs.scheduler_i/n1578 (net)                2     0.003980            0.000000   1.215742 r
  frfcfs.scheduler_i/U321/B (AND2X2)                            0.052525  0.000000   1.215742 r
  frfcfs.scheduler_i/U321/Y (AND2X2)                            0.019499  0.039860   1.255602 r
  frfcfs.scheduler_i/n221 (net)                 3     0.006063            0.000000   1.255602 r
  frfcfs.scheduler_i/U379/A (INVX1)                             0.019499  0.000000   1.255602 r
  frfcfs.scheduler_i/U379/Y (INVX1)                             0.010103  0.017658   1.273260 f
  frfcfs.scheduler_i/n271 (net)                 1     0.001884            0.000000   1.273260 f
  frfcfs.scheduler_i/U1862/A (NAND2X1)                          0.010103  0.000000   1.273260 f
  frfcfs.scheduler_i/U1862/Y (NAND2X1)                          0.041240  0.030482   1.303742 r
  frfcfs.scheduler_i/n1673 (net)                2     0.003596            0.000000   1.303742 r
  frfcfs.scheduler_i/U473/A (AND2X2)                            0.041240  0.000000   1.303742 r
  frfcfs.scheduler_i/U473/Y (AND2X2)                            0.019561  0.041291   1.345033 r
  frfcfs.scheduler_i/n344 (net)                 3     0.006931            0.000000   1.345033 r
  frfcfs.scheduler_i/U1939/A (NAND3X1)                          0.019561  0.000000   1.345033 r
  frfcfs.scheduler_i/U1939/Y (NAND3X1)                          0.015860  0.018439   1.363471 f
  frfcfs.scheduler_i/n1731 (net)                1     0.001820            0.000000   1.363471 f
  frfcfs.scheduler_i/U1940/B (AND2X2)                           0.015860  0.000000   1.363471 f
  frfcfs.scheduler_i/U1940/Y (AND2X2)                           0.000000  0.039853   1.403325 f
  frfcfs.scheduler_i/n1863 (net)                2     0.003388            0.000000   1.403325 f
  frfcfs.scheduler_i/U1945/A (NAND2X1)                          0.000000  0.000000   1.403325 f
  frfcfs.scheduler_i/U1945/Y (NAND2X1)                          0.037094  0.024715   1.428040 r
  frfcfs.scheduler_i/n1754 (net)                1     0.002764            0.000000   1.428040 r
  frfcfs.scheduler_i/U1954/B (AOI22X1)                          0.037094  0.000000   1.428040 r
  frfcfs.scheduler_i/U1954/Y (AOI22X1)                          0.035341  0.033870   1.461910 f
  frfcfs.scheduler_i/n1811 (net)                1     0.002209            0.000000   1.461910 f
  frfcfs.scheduler_i/U2009/A (NAND3X1)                          0.035341  0.000000   1.461910 f
  frfcfs.scheduler_i/U2009/Y (NAND3X1)                          0.033157  0.042046   1.503956 r
  frfcfs.scheduler_i/n1812 (net)                1     0.001551            0.000000   1.503956 r
  frfcfs.scheduler_i/U1346/A (INVX1)                            0.033157  0.000000   1.503956 r
  frfcfs.scheduler_i/U1346/Y (INVX1)                            0.014401  0.024953   1.528908 f
  frfcfs.scheduler_i/n1826 (net)                2     0.003640            0.000000   1.528908 f
  frfcfs.scheduler_i/U1338/B (AND2X2)                           0.014401  0.000000   1.528908 f
  frfcfs.scheduler_i/U1338/Y (AND2X2)                           0.001129  0.040556   1.569464 f
  frfcfs.scheduler_i/n916 (net)                 3     0.004428            0.000000   1.569464 f
  frfcfs.scheduler_i/U1340/A (INVX1)                            0.001129  0.000000   1.569464 f
  frfcfs.scheduler_i/U1340/Y (INVX1)                            0.000000  0.002202   1.571667 r
  frfcfs.scheduler_i/n918 (net)                 2     0.003596            0.000000   1.571667 r
  frfcfs.scheduler_i/U982/A (AND2X2)                            0.000000  0.000000   1.571667 r
  frfcfs.scheduler_i/U982/Y (AND2X2)                            0.014269  0.034810   1.606477 r
  frfcfs.scheduler_i/n1880 (net)                2     0.003843            0.000000   1.606477 r
  frfcfs.scheduler_i/U627/A (OR2X2)                             0.014269  0.000000   1.606477 r
  frfcfs.scheduler_i/U627/Y (OR2X2)                             0.017225  0.043484   1.649961 r
  frfcfs.scheduler_i/n460 (net)                 4     0.006204            0.000000   1.649961 r
  frfcfs.scheduler_i/U99/A (INVX1)                              0.017225  0.000000   1.649961 r
  frfcfs.scheduler_i/U99/Y (INVX1)                              0.020932  0.024360   1.674321 f
  frfcfs.scheduler_i/n418 (net)                 2     0.005452            0.000000   1.674321 f
  frfcfs.scheduler_i/U2236/B (AOI22X1)                          0.020932  0.000000   1.674321 f
  frfcfs.scheduler_i/U2236/Y (AOI22X1)                          0.046084  0.043116   1.717437 r
  frfcfs.scheduler_i/n2129 (net)                1     0.002548            0.000000   1.717437 r
  frfcfs.scheduler_i/U2239/A (NAND3X1)                          0.046084  0.000000   1.717437 r
  frfcfs.scheduler_i/U2239/Y (NAND3X1)                          0.015878  0.022705   1.740142 f
  frfcfs.scheduler_i/n2130 (net)                1     0.002297            0.000000   1.740142 f
  frfcfs.scheduler_i/U2240/B (NOR2X1)                           0.015878  0.000000   1.740142 f
  frfcfs.scheduler_i/U2240/Y (NOR2X1)                           0.025123  0.028515   1.768657 r
  frfcfs.scheduler_i/n2140 (net)                1     0.001869            0.000000   1.768657 r
  frfcfs.scheduler_i/U177/B (AND2X2)                            0.025123  0.000000   1.768657 r
  frfcfs.scheduler_i/U177/Y (AND2X2)                            0.011336  0.034009   1.802666 r
  frfcfs.scheduler_i/n2191 (net)                2     0.003102            0.000000   1.802666 r
  frfcfs.scheduler_i/U179/A (INVX1)                             0.011336  0.000000   1.802666 r
  frfcfs.scheduler_i/U179/Y (INVX1)                             0.015351  0.018657   1.821323 f
  frfcfs.scheduler_i/n118 (net)                 2     0.003448            0.000000   1.821323 f
  frfcfs.scheduler_i/U2277/B (NAND2X1)                          0.015351  0.000000   1.821323 f
  frfcfs.scheduler_i/U2277/Y (NAND2X1)                          0.038121  0.016529   1.837852 r
  frfcfs.scheduler_i/n2194 (net)                1     0.002961            0.000000   1.837852 r
  frfcfs.scheduler_i/U2278/C (NAND3X1)                          0.038121  0.000000   1.837852 r
  frfcfs.scheduler_i/U2278/Y (NAND3X1)                          0.018856  0.017727   1.855580 f
  frfcfs.scheduler_i/n2196 (net)                1     0.002832            0.000000   1.855580 f
  frfcfs.scheduler_i/U2279/C (NAND3X1)                          0.018856  0.000000   1.855580 f
  frfcfs.scheduler_i/U2279/Y (NAND3X1)                          0.033488  0.030065   1.885645 r
  frfcfs.scheduler_i/n2307 (net)                1     0.001551            0.000000   1.885645 r
  frfcfs.scheduler_i/U1345/A (INVX1)                            0.033488  0.000000   1.885645 r
  frfcfs.scheduler_i/U1345/Y (INVX1)                            0.014776  0.025315   1.910960 f
  frfcfs.scheduler_i/n2308 (net)                2     0.003773            0.000000   1.910960 f
  frfcfs.scheduler_i/U2332/B (NOR2X1)                           0.014776  0.000000   1.910960 f
  frfcfs.scheduler_i/U2332/Y (NOR2X1)                           0.035508  0.035084   1.946044 r
  frfcfs.scheduler_i/select_slot[1] (net)       1     0.003979            0.000000   1.946044 r
  frfcfs.scheduler_i/select_slot[1] (mc_scheduler_frfcfs_Q_DEPTH16_ADDR_W16_AGE_LIMIT128_AGING_ENABLE1)
                                                                          0.000000   1.946044 r
  select_slot[1] (net)                                0.003979            0.000000   1.946044 r
  U1062/A (BUFX4)                                               0.035508  0.000000   1.946044 r
  U1062/Y (BUFX4)                                               0.014240  0.024028   1.970072 r
  n875 (net)                                    4     0.007532            0.000000   1.970072 r
  U1308/B (AND2X2)                                              0.014240  0.000000   1.970072 r
  U1308/Y (AND2X2)                                              0.012591  0.034705   2.004777 r
  n865 (net)                                    2     0.003897            0.000000   2.004777 r
  U713/B (NAND2X1)                                              0.012591  0.000000   2.004777 r
  U713/Y (NAND2X1)                                              0.020679  0.014587   2.019364 f
  n444 (net)                                    1     0.001476            0.000000   2.019364 f
  U714/A (INVX1)                                                0.020679  0.000000   2.019364 f
  U714/Y (INVX1)                                                0.000000  0.007534   2.026898 r
  n2106 (net)                                   2     0.003102            0.000000   2.026898 r
  U679/A (INVX1)                                                0.000000  0.000000   2.026898 r
  U679/Y (INVX1)                                                0.019070  0.017603   2.044501 f
  n417 (net)                                    3     0.004428            0.000000   2.044501 f
  U1018/A (INVX1)                                               0.019070  0.000000   2.044501 f
  U1018/Y (INVX1)                                               0.000000  0.011990   2.056491 r
  n730 (net)                                    3     0.004653            0.000000   2.056491 r
  U1290/A (INVX1)                                               0.000000  0.000000   2.056491 r
  U1290/Y (INVX1)                                               0.014663  0.014573   2.071064 f
  n930 (net)                                    2     0.002952            0.000000   2.071064 f
  U1029/A (INVX1)                                               0.014663  0.000000   2.071064 f
  U1029/Y (INVX1)                                               0.000000  0.009334   2.080397 r
  n741 (net)                                    2     0.004315            0.000000   2.080397 r
  U1875/B (AOI22X1)                                             0.000000  0.000000   2.080397 r
  U1875/Y (AOI22X1)                                             0.034495  0.023672   2.104070 f
  n1488 (net)                                   1     0.001763            0.000000   2.104070 f
  U284/A (AND2X2)                                               0.034495  0.000000   2.104070 f
  U284/Y (AND2X2)                                               0.005654  0.038712   2.142781 f
  n272 (net)                                    1     0.001820            0.000000   2.142781 f
  U465/B (AND2X2)                                               0.005654  0.000000   2.142781 f
  U465/Y (AND2X2)                                               0.003968  0.036464   2.179245 f
  n1490 (net)                                   1     0.002832            0.000000   2.179245 f
  U1876/C (NAND3X1)                                             0.003968  0.000000   2.179245 f
  U1876/Y (NAND3X1)                                             0.041533  0.031748   2.210993 r
  n2240 (net)                                   2     0.003337            0.000000   2.210993 r
  U217/A (AND2X2)                                               0.041533  0.000000   2.210993 r
  U217/Y (AND2X2)                                               0.010766  0.034755   2.245748 r
  n2284 (net)                                   1     0.002655            0.000000   2.245748 r
  U218/A (INVX2)                                                0.010766  0.000000   2.245748 r
  U218/Y (INVX2)                                                0.010620  0.027768   2.273516 f
  cmd_op[1] (net)                               1     0.010000            0.000000   2.273516 f
  cmd_op[1] (out)                                               0.010620  0.000000   2.273516 f
  data arrival time                                                                  2.273516

  clock core_clk (rise edge)                                              3.000000   3.000000
  clock network delay (ideal)                                             0.000000   3.000000
  clock uncertainty                                                       -0.100000  2.900000
  output external delay                                                   -1.000000  1.900000
  data required time                                                                 1.900000
  ----------------------------------------------------------------------------------------------
  data required time                                                                 1.900000
  data arrival time                                                                  -2.273516
  ----------------------------------------------------------------------------------------------
  slack (VIOLATED)                                                                   -0.373516


  Startpoint: table_i/addresses_reg[21]
              (rising edge-triggered flip-flop clocked by core_clk)
  Endpoint: cmd_wdata[2]
            (output port clocked by core_clk)
  Path Group: core_clk
  Path Type: max

  Point                                       Fanout       Cap     Trans      Incr       Path
  ----------------------------------------------------------------------------------------------
  clock core_clk (rise edge)                                              0.000000   0.000000
  clock network delay (ideal)                                             0.000000   0.000000
  table_i/addresses_reg[21]/CLK (DFFPOSX1)                      0.000000  0.000000 # 0.000000 r
  table_i/addresses_reg[21]/Q (DFFPOSX1)                        0.042719  0.120129   0.120129 f
  table_i/addresses[21] (net)                   5     0.019680            0.000000   0.120129 f
  table_i/addresses[21] (mc_transaction_table_Q_DEPTH16_ADDR_W16_DATA_W32_TAG_W8_READ_LATENCY3_AGE_LIMIT128)
                                                                          0.000000   0.120129 f
  addresses[21] (net)                                 0.019680            0.000000   0.120129 f
  candidates_i/addresses[21] (mc_candidates_Q_DEPTH16_ROW_W8_COL_W6)      0.000000   0.120129 f
  candidates_i/addresses[21] (net)                    0.019680            0.000000   0.120129 f
  candidates_i/U63/A (INVX8)                                    0.042719  0.000000   0.120129 f
  candidates_i/U63/Y (INVX8)                                    0.019470  0.027027   0.147156 r
  candidates_i/n4472 (net)                      3     0.021261            0.000000   0.147156 r
  candidates_i/U5038/A (INVX8)                                  0.019470  0.000000   0.147156 r
  candidates_i/U5038/Y (INVX8)                                  0.012665  0.026720   0.173876 f
  candidates_i/n4471 (net)                      7     0.028138            0.000000   0.173876 f
  candidates_i/U8149/B (XOR2X1)                                 0.012665  0.000000   0.173876 f
  candidates_i/U8149/Y (XOR2X1)                                 0.043204  0.049454   0.223331 r
  candidates_i/n6371 (net)                      1     0.002292            0.000000   0.223331 r
  candidates_i/U201/A (OR2X2)                                   0.043204  0.000000   0.223331 r
  candidates_i/U201/Y (OR2X2)                                   0.010828  0.039556   0.262886 r
  candidates_i/n6373 (net)                      1     0.001551            0.000000   0.262886 r
  candidates_i/U5611/A (INVX1)                                  0.010828  0.000000   0.262886 r
  candidates_i/U5611/Y (INVX1)                                  0.016702  0.019423   0.282309 f
  candidates_i/n3593 (net)                      2     0.003888            0.000000   0.282309 f
  candidates_i/U3808/B (NAND2X1)                                0.016702  0.000000   0.282309 f
  candidates_i/U3808/Y (NAND2X1)                                0.039580  0.017994   0.300303 r
  candidates_i/n8493 (net)                      1     0.003288            0.000000   0.300303 r
  candidates_i/U9470/C (NOR3X1)                                 0.039580  0.000000   0.300303 r
  candidates_i/U9470/Y (NOR3X1)                                 0.028263  0.028317   0.328620 f
  candidates_i/n8504 (net)                      1     0.002726            0.000000   0.328620 f
  candidates_i/U9474/B (AOI22X1)                                0.028263  0.000000   0.328620 f
  candidates_i/U9474/Y (AOI22X1)                                0.045006  0.043231   0.371852 r
  candidates_i/n8549 (net)                      1     0.001869            0.000000   0.371852 r
  candidates_i/U9505/B (AND2X2)                                 0.045006  0.000000   0.371852 r
  candidates_i/U9505/Y (AND2X2)                                 0.012080  0.034754   0.406605 r
  candidates_i/n8550 (net)                      1     0.002961            0.000000   0.406605 r
  candidates_i/U9506/C (NAND3X1)                                0.012080  0.000000   0.406605 r
  candidates_i/U9506/Y (NAND3X1)                                0.019478  0.013345   0.419950 f
  candidates_i/n8647 (net)                      2     0.003846            0.000000   0.419950 f
  candidates_i/U9546/B (OR2X2)                                  0.019478  0.000000   0.419950 f
  candidates_i/U9546/Y (OR2X2)                                  0.011702  0.051740   0.471689 f
  candidates_i/n10069 (net)                     2     0.005740            0.000000   0.471689 f
  candidates_i/U69/A (INVX2)                                    0.011702  0.000000   0.471689 f
  candidates_i/U69/Y (INVX2)                                    0.013351  0.024976   0.496666 r
  candidates_i/eligible[1] (net)                5     0.009956            0.000000   0.496666 r
  candidates_i/U10717/B (AOI22X1)                               0.013351  0.000000   0.496666 r
  candidates_i/U10717/Y (AOI22X1)                               0.036404  0.028527   0.525193 f
  candidates_i/n10420 (net)                     1     0.002600            0.000000   0.525193 f
  candidates_i/U10726/B (NAND3X1)                               0.036404  0.000000   0.525193 f
  candidates_i/U10726/Y (NAND3X1)                               0.040430  0.043293   0.568487 r
  candidates_i/n10421 (net)                     2     0.003102            0.000000   0.568487 r
  candidates_i/U1055/A (INVX1)                                  0.040430  0.000000   0.568487 r
  candidates_i/U1055/Y (INVX1)                                  0.016601  0.028771   0.597257 f
  candidates_i/n3106 (net)                      2     0.004544            0.000000   0.597257 f
  candidates_i/U10728/B (NAND2X1)                               0.016601  0.000000   0.597257 f
  candidates_i/U10728/Y (NAND2X1)                               0.038704  0.017377   0.614635 r
  candidates_i/n10442 (net)                     2     0.003102            0.000000   0.614635 r
  candidates_i/U6964/A (INVX1)                                  0.038704  0.000000   0.614635 r
  candidates_i/U6964/Y (INVX1)                                  0.011952  0.025044   0.639678 f
  candidates_i/n4320 (net)                      2     0.002952            0.000000   0.639678 f
  candidates_i/U4799/A (INVX1)                                  0.011952  0.000000   0.639678 f
  candidates_i/U4799/Y (INVX1)                                  0.000000  0.007054   0.646732 r
  candidates_i/n4321 (net)                      2     0.003908            0.000000   0.646732 r
  candidates_i/U10733/A (NAND2X1)                               0.000000  0.000000   0.646732 r
  candidates_i/U10733/Y (NAND2X1)                               0.026667  0.012340   0.659071 f
  candidates_i/n10648 (net)                     2     0.003420            0.000000   0.659071 f
  candidates_i/U10734/B (NAND2X1)                               0.026667  0.000000   0.659071 f
  candidates_i/U10734/Y (NAND2X1)                               0.038026  0.020647   0.679718 r
  candidates_i/n10572 (net)                     2     0.003102            0.000000   0.679718 r
  candidates_i/U2633/A (INVX1)                                  0.038026  0.000000   0.679718 r
  candidates_i/U2633/Y (INVX1)                                  0.012000  0.024860   0.704578 f
  candidates_i/n10924 (net)                     2     0.002952            0.000000   0.704578 f
  candidates_i/U2279/A (INVX1)                                  0.012000  0.000000   0.704578 f
  candidates_i/U2279/Y (INVX1)                                  0.000000  0.004456   0.709034 r
  candidates_i/n1347 (net)                      2     0.003102            0.000000   0.709034 r
  candidates_i/U639/A (INVX1)                                   0.000000  0.000000   0.709034 r
  candidates_i/U639/Y (INVX1)                                   0.013785  0.013969   0.723003 f
  candidates_i/n346 (net)                       1     0.002658            0.000000   0.723003 f
  candidates_i/U10855/A (AOI22X1)                               0.013785  0.000000   0.723003 f
  candidates_i/U10855/Y (AOI22X1)                               0.044762  0.046903   0.769906 r
  candidates_i/n10554 (net)                     1     0.001869            0.000000   0.769906 r
  candidates_i/U10858/B (AND2X2)                                0.044762  0.000000   0.769906 r
  candidates_i/U10858/Y (AND2X2)                                0.008863  0.032583   0.802490 r
  candidates_i/n10555 (net)                     1     0.001551            0.000000   0.802490 r
  candidates_i/U1525/A (INVX1)                                  0.008863  0.000000   0.802490 r
  candidates_i/U1525/Y (INVX1)                                  0.012096  0.015634   0.818124 f
  candidates_i/n842 (net)                       1     0.002301            0.000000   0.818124 f
  candidates_i/U1505/A (OR2X2)                                  0.012096  0.000000   0.818124 f
  candidates_i/U1505/Y (OR2X2)                                  0.008679  0.040583   0.858707 f
  candidates_i/n832 (net)                       2     0.004602            0.000000   0.858707 f
  candidates_i/U1476/A (OR2X2)                                  0.008679  0.000000   0.858707 f
  candidates_i/U1476/Y (OR2X2)                                  0.010068  0.040373   0.899081 f
  candidates_i/n816 (net)                       2     0.004934            0.000000   0.899081 f
  candidates_i/U3294/B (OAI21X1)                                0.010068  0.000000   0.899081 f
  candidates_i/U3294/Y (OAI21X1)                                0.042618  0.040208   0.939289 r
  candidates_i/n2028 (net)                      1     0.002365            0.000000   0.939289 r
  candidates_i/U1200/B (NOR2X1)                                 0.042618  0.000000   0.939289 r
  candidates_i/U1200/Y (NOR2X1)                                 0.004774  0.022214   0.961503 f
  candidates_i/n10667 (net)                     1     0.002832            0.000000   0.961503 f
  candidates_i/U10927/C (NAND3X1)                               0.004774  0.000000   0.961503 f
  candidates_i/U10927/Y (NAND3X1)                               0.039908  0.030406   0.991909 r
  candidates_i/n10742 (net)                     1     0.002832            0.000000   0.991909 r
  candidates_i/U10973/B (NAND3X1)                               0.039908  0.000000   0.991909 r
  candidates_i/U10973/Y (NAND3X1)                               0.014316  0.019140   1.011050 f
  candidates_i/n11234 (net)                     1     0.001476            0.000000   1.011050 f
  candidates_i/U1510/A (INVX1)                                  0.014316  0.000000   1.011050 f
  candidates_i/U1510/Y (INVX1)                                  0.000000  0.011691   1.022740 r
  candidates_i/n4389 (net)                      1     0.005080            0.000000   1.022740 r
  candidates_i/U1512/A (INVX4)                                  0.000000  0.000000   1.022740 r
  candidates_i/U1512/Y (INVX4)                                  0.005414  0.026974   1.049714 f
  candidates_i/candidate_slots[12] (net)        9     0.014604            0.000000   1.049714 f
  candidates_i/candidate_slots[12] (mc_candidates_Q_DEPTH16_ROW_W8_COL_W6)
                                                                          0.000000   1.049714 f
  candidate_slots[12] (net)                           0.014604            0.000000   1.049714 f
  frfcfs.scheduler_i/candidate_slots[12] (mc_scheduler_frfcfs_Q_DEPTH16_ADDR_W16_AGE_LIMIT128_AGING_ENABLE1)
                                                                          0.000000   1.049714 f
  frfcfs.scheduler_i/N620 (net)                       0.014604            0.000000   1.049714 f
  frfcfs.scheduler_i/U409/A (INVX1)                             0.005414  0.000000   1.049714 f
  frfcfs.scheduler_i/U409/Y (INVX1)                             0.000000  0.003666   1.053380 r
  frfcfs.scheduler_i/n1660 (net)                2     0.003579            0.000000   1.053380 r
  frfcfs.scheduler_i/U703/B (NAND2X1)                           0.000000  0.000000   1.053380 r
  frfcfs.scheduler_i/U703/Y (NAND2X1)                           0.025539  0.014380   1.067760 f
  frfcfs.scheduler_i/n527 (net)                 2     0.002952            0.000000   1.067760 f
  frfcfs.scheduler_i/U236/A (INVX1)                             0.025539  0.000000   1.067760 f
  frfcfs.scheduler_i/U236/Y (INVX1)                             0.000000  0.018081   1.085841 r
  frfcfs.scheduler_i/n1594 (net)                3     0.005826            0.000000   1.085841 r
  frfcfs.scheduler_i/U671/A (INVX1)                             0.000000  0.000000   1.085841 r
  frfcfs.scheduler_i/U671/Y (INVX1)                             0.021389  0.019198   1.105039 f
  frfcfs.scheduler_i/n499 (net)                 2     0.005205            0.000000   1.105039 f
  frfcfs.scheduler_i/U1848/A (OAI21X1)                          0.021389  0.000000   1.105039 f
  frfcfs.scheduler_i/U1848/Y (OAI21X1)                          0.042276  0.045027   1.150065 r
  frfcfs.scheduler_i/n1613 (net)                1     0.002386            0.000000   1.150065 r
  frfcfs.scheduler_i/U1849/C (AOI21X1)                          0.042276  0.000000   1.150065 r
  frfcfs.scheduler_i/U1849/Y (AOI21X1)                          0.018121  0.022318   1.172383 f
  frfcfs.scheduler_i/n1615 (net)                1     0.002826            0.000000   1.172383 f
  frfcfs.scheduler_i/U1851/D (AOI22X1)                          0.018121  0.000000   1.172383 f
  frfcfs.scheduler_i/U1851/Y (AOI22X1)                          0.053365  0.034043   1.206427 r
  frfcfs.scheduler_i/n1618 (net)                2     0.003980            0.000000   1.206427 r
  frfcfs.scheduler_i/U648/B (AND2X2)                            0.053365  0.000000   1.206427 r
  frfcfs.scheduler_i/U648/Y (AND2X2)                            0.025908  0.044207   1.250633 r
  frfcfs.scheduler_i/n480 (net)                 4     0.008879            0.000000   1.250633 r
  frfcfs.scheduler_i/U1856/A (NAND2X1)                          0.025908  0.000000   1.250633 r
  frfcfs.scheduler_i/U1856/Y (NAND2X1)                          0.026345  0.018075   1.268708 f
  frfcfs.scheduler_i/n1634 (net)                2     0.003526            0.000000   1.268708 f
  frfcfs.scheduler_i/U1084/A (AND2X2)                           0.026345  0.000000   1.268708 f
  frfcfs.scheduler_i/U1084/Y (AND2X2)                           0.007342  0.042122   1.310829 f
  frfcfs.scheduler_i/n737 (net)                 3     0.006908            0.000000   1.310829 f
  frfcfs.scheduler_i/U1921/C (NAND3X1)                          0.007342  0.000000   1.310829 f
  frfcfs.scheduler_i/U1921/Y (NAND3X1)                          0.036109  0.028593   1.339422 r
  frfcfs.scheduler_i/n1710 (net)                1     0.002027            0.000000   1.339422 r
  frfcfs.scheduler_i/U1923/B (NAND2X1)                          0.036109  0.000000   1.339422 r
  frfcfs.scheduler_i/U1923/Y (NAND2X1)                          0.024589  0.024264   1.363686 f
  frfcfs.scheduler_i/n1859 (net)                2     0.004077            0.000000   1.363686 f
  frfcfs.scheduler_i/U1925/A (OAI21X1)                          0.024589  0.000000   1.363686 f
  frfcfs.scheduler_i/U1925/Y (OAI21X1)                          0.040283  0.044589   1.408275 r
  frfcfs.scheduler_i/n1722 (net)                1     0.002027            0.000000   1.408275 r
  frfcfs.scheduler_i/U727/B (NAND2X1)                           0.040283  0.000000   1.408275 r
  frfcfs.scheduler_i/U727/Y (NAND2X1)                           0.017812  0.020657   1.428932 f
  frfcfs.scheduler_i/n541 (net)                 1     0.001476            0.000000   1.428932 f
  frfcfs.scheduler_i/U729/A (INVX1)                             0.017812  0.000000   1.428932 f
  frfcfs.scheduler_i/U729/Y (INVX1)                             0.000000  0.003304   1.432237 r
  frfcfs.scheduler_i/n542 (net)                 1     0.002111            0.000000   1.432237 r
  frfcfs.scheduler_i/U728/A (NAND2X1)                           0.000000  0.000000   1.432237 r
  frfcfs.scheduler_i/U728/Y (NAND2X1)                           0.023997  0.010369   1.442605 f
  frfcfs.scheduler_i/n616 (net)                 1     0.002312            0.000000   1.442605 f
  frfcfs.scheduler_i/U1932/C (AOI21X1)                          0.023997  0.000000   1.442605 f
  frfcfs.scheduler_i/U1932/Y (AOI21X1)                          0.025875  0.021513   1.464118 r
  frfcfs.scheduler_i/n1725 (net)                1     0.002027            0.000000   1.464118 r
  frfcfs.scheduler_i/U1933/B (NAND2X1)                          0.025875  0.000000   1.464118 r
  frfcfs.scheduler_i/U1933/Y (NAND2X1)                          0.021299  0.018924   1.483042 f
  frfcfs.scheduler_i/n1727 (net)                1     0.002297            0.000000   1.483042 f
  frfcfs.scheduler_i/U1934/B (NOR2X1)                           0.021299  0.000000   1.483042 f
  frfcfs.scheduler_i/U1934/Y (NOR2X1)                           0.032869  0.035230   1.518272 r
  frfcfs.scheduler_i/n1827 (net)                2     0.003596            0.000000   1.518272 r
  frfcfs.scheduler_i/U1337/A (AND2X2)                           0.032869  0.000000   1.518272 r
  frfcfs.scheduler_i/U1337/Y (AND2X2)                           0.017215  0.039842   1.558115 r
  frfcfs.scheduler_i/n915 (net)                 4     0.006204            0.000000   1.558115 r
  frfcfs.scheduler_i/U1335/A (INVX1)                            0.017215  0.000000   1.558115 r
  frfcfs.scheduler_i/U1335/Y (INVX1)                            0.021528  0.024765   1.582880 f
  frfcfs.scheduler_i/n913 (net)                 3     0.005651            0.000000   1.582880 f
  frfcfs.scheduler_i/U822/A (AND2X2)                            0.021528  0.000000   1.582880 f
  frfcfs.scheduler_i/U822/Y (AND2X2)                            0.000699  0.036380   1.619260 f
  frfcfs.scheduler_i/n1878 (net)                1     0.002673            0.000000   1.619260 f
  frfcfs.scheduler_i/U113/A (INVX2)                             0.000699  0.000000   1.619260 f
  frfcfs.scheduler_i/U113/Y (INVX2)                             0.005893  0.020645   1.639905 r
  frfcfs.scheduler_i/n592 (net)                 5     0.008989            0.000000   1.639905 r
  frfcfs.scheduler_i/U682/A (AND2X2)                            0.005893  0.000000   1.639905 r
  frfcfs.scheduler_i/U682/Y (AND2X2)                            0.023118  0.042390   1.682296 r
  frfcfs.scheduler_i/n506 (net)                 3     0.008520            0.000000   1.682296 r
  frfcfs.scheduler_i/U2099/B (AOI22X1)                          0.023118  0.000000   1.682296 r
  frfcfs.scheduler_i/U2099/Y (AOI22X1)                          0.036899  0.031412   1.713708 f
  frfcfs.scheduler_i/n1964 (net)                1     0.002832            0.000000   1.713708 f
  frfcfs.scheduler_i/U2100/C (NAND3X1)                          0.036899  0.000000   1.713708 f
  frfcfs.scheduler_i/U2100/Y (NAND3X1)                          0.036405  0.036795   1.750503 r
  frfcfs.scheduler_i/n1967 (net)                1     0.002242            0.000000   1.750503 r
  frfcfs.scheduler_i/U2101/A (NOR2X1)                           0.036405  0.000000   1.750503 r
  frfcfs.scheduler_i/U2101/Y (NOR2X1)                           0.000611  0.020530   1.771033 f
  frfcfs.scheduler_i/n1978 (net)                1     0.001884            0.000000   1.771033 f
  frfcfs.scheduler_i/U2110/A (NAND2X1)                          0.000611  0.000000   1.771033 f
  frfcfs.scheduler_i/U2110/Y (NAND2X1)                          0.042337  0.027693   1.798726 r
  frfcfs.scheduler_i/n2163 (net)                2     0.003662            0.000000   1.798726 r
  frfcfs.scheduler_i/U631/A (INVX1)                             0.042337  0.000000   1.798726 r
  frfcfs.scheduler_i/U631/Y (INVX1)                             0.011698  0.026027   1.824753 f
  frfcfs.scheduler_i/n465 (net)                 2     0.002952            0.000000   1.824753 f
  frfcfs.scheduler_i/U303/A (INVX1)                             0.011698  0.000000   1.824753 f
  frfcfs.scheduler_i/U303/Y (INVX1)                             0.000000  0.000352   1.825105 r
  frfcfs.scheduler_i/n205 (net)                 1     0.001869            0.000000   1.825105 r
  frfcfs.scheduler_i/U385/B (AND2X2)                            0.000000  0.000000   1.825105 r
  frfcfs.scheduler_i/U385/Y (AND2X2)                            0.011102  0.033529   1.858634 r
  frfcfs.scheduler_i/n277 (net)                 2     0.003579            0.000000   1.858634 r
  frfcfs.scheduler_i/U2125/B (NAND2X1)                          0.011102  0.000000   1.858634 r
  frfcfs.scheduler_i/U2125/Y (NAND2X1)                          0.024112  0.016609   1.875243 f
  frfcfs.scheduler_i/n1994 (net)                1     0.002832            0.000000   1.875243 f
  frfcfs.scheduler_i/U2126/C (NAND3X1)                          0.024112  0.000000   1.875243 f
  frfcfs.scheduler_i/U2126/Y (NAND3X1)                          0.034622  0.032164   1.907407 r
  frfcfs.scheduler_i/n2059 (net)                1     0.001798            0.000000   1.907407 r
  frfcfs.scheduler_i/U1134/A (AND2X2)                           0.034622  0.000000   1.907407 r
  frfcfs.scheduler_i/U1134/Y (AND2X2)                           0.016670  0.038184   1.945590 r
  frfcfs.scheduler_i/n776 (net)                 1     0.005080            0.000000   1.945590 r
  frfcfs.scheduler_i/U507/A (INVX4)                             0.016670  0.000000   1.945590 r
  frfcfs.scheduler_i/U507/Y (INVX4)                             0.012789  0.027581   1.973171 f
  frfcfs.scheduler_i/select_slot[2] (net)       5     0.016416            0.000000   1.973171 f
  frfcfs.scheduler_i/select_slot[2] (mc_scheduler_frfcfs_Q_DEPTH16_ADDR_W16_AGE_LIMIT128_AGING_ENABLE1)
                                                                          0.000000   1.973171 f
  select_slot[2] (net)                                0.016416            0.000000   1.973171 f
  U713/A (NAND2X1)                                              0.012789  0.000000   1.973171 f
  U713/Y (NAND2X1)                                              0.032478  0.024983   1.998155 r
  n444 (net)                                    1     0.001551            0.000000   1.998155 r
  U714/A (INVX1)                                                0.032478  0.000000   1.998155 r
  U714/Y (INVX1)                                                0.012388  0.023359   2.021514 f
  n2106 (net)                                   2     0.002952            0.000000   2.021514 f
  U1064/A (INVX1)                                               0.012388  0.000000   2.021514 f
  U1064/Y (INVX1)                                               0.000000  0.004594   2.026108 r
  n773 (net)                                    2     0.003102            0.000000   2.026108 r
  U1267/A (INVX1)                                               0.000000  0.000000   2.026108 r
  U1267/Y (INVX1)                                               0.014663  0.014573   2.040680 f
  n934 (net)                                    2     0.002952            0.000000   2.040680 f
  U1085/A (INVX1)                                               0.014663  0.000000   2.040680 f
  U1085/Y (INVX1)                                               0.000000  0.005400   2.046081 r
  n794 (net)                                    2     0.003102            0.000000   2.046081 r
  U1023/A (INVX1)                                               0.000000  0.000000   2.046081 r
  U1023/Y (INVX1)                                               0.014663  0.014573   2.060653 f
  n735 (net)                                    2     0.002952            0.000000   2.060653 f
  U552/A (INVX1)                                                0.014663  0.000000   2.060653 f
  U552/Y (INVX1)                                                0.000000  0.010143   2.070796 r
  n334 (net)                                    2     0.004565            0.000000   2.070796 r
  U1061/B (OR2X2)                                               0.000000  0.000000   2.070796 r
  U1061/Y (OR2X2)                                               0.007980  0.041753   2.112549 r
  n1544 (net)                                   1     0.002010            0.000000   2.112549 r
  U1906/C (OAI21X1)                                             0.007980  0.000000   2.112549 r
  U1906/Y (OAI21X1)                                             0.005282  0.013060   2.125609 f
  n1546 (net)                                   1     0.002297            0.000000   2.125609 f
  U612/B (NOR2X1)                                               0.005282  0.000000   2.125609 f
  U612/Y (NOR2X1)                                               0.024846  0.025247   2.150856 r
  n372 (net)                                    1     0.001551            0.000000   2.150856 r
  U1677/A (INVX1)                                               0.024846  0.000000   2.150856 r
  U1677/Y (INVX1)                                               0.010697  0.019770   2.170625 f
  n885 (net)                                    1     0.002209            0.000000   2.170625 f
  U734/A (NOR2X1)                                               0.010697  0.000000   2.170625 f
  U734/Y (NOR2X1)                                               0.031689  0.031436   2.202061 r
  n455 (net)                                    1     0.002961            0.000000   2.202061 r
  U1908/C (NAND3X1)                                             0.031689  0.000000   2.202061 r
  U1908/Y (NAND3X1)                                             0.015525  0.014436   2.216498 f
  n1550 (net)                                   1     0.001763            0.000000   2.216498 f
  U203/A (AND2X2)                                               0.015525  0.000000   2.216498 f
  U203/Y (AND2X2)                                               0.000667  0.034878   2.251375 f
  n443 (net)                                    1     0.002673            0.000000   2.251375 f
  U204/A (INVX2)                                                0.000667  0.000000   2.251375 f
  U204/Y (INVX2)                                                0.008459  0.021958   2.273333 r
  cmd_wdata[2] (net)                            1     0.010000            0.000000   2.273333 r
  cmd_wdata[2] (out)                                            0.008459  0.000000   2.273333 r
  data arrival time                                                                  2.273333

  clock core_clk (rise edge)                                              3.000000   3.000000
  clock network delay (ideal)                                             0.000000   3.000000
  clock uncertainty                                                       -0.100000  2.900000
  output external delay                                                   -1.000000  1.900000
  data required time                                                                 1.900000
  ----------------------------------------------------------------------------------------------
  data required time                                                                 1.900000
  data arrival time                                                                  -2.273333
  ----------------------------------------------------------------------------------------------
  slack (VIOLATED)                                                                   -0.373333


  Startpoint: table_i/addresses_reg[160]
              (rising edge-triggered flip-flop clocked by core_clk)
  Endpoint: cmd_wdata[22]
            (output port clocked by core_clk)
  Path Group: core_clk
  Path Type: max

  Point                                       Fanout       Cap     Trans      Incr       Path
  ----------------------------------------------------------------------------------------------
  clock core_clk (rise edge)                                              0.000000   0.000000
  clock network delay (ideal)                                             0.000000   0.000000
  table_i/addresses_reg[160]/CLK (DFFPOSX1)                     0.000000  0.000000 # 0.000000 r
  table_i/addresses_reg[160]/Q (DFFPOSX1)                       0.037631  0.116303   0.116303 f
  table_i/addresses[160] (net)                  5     0.015864            0.000000   0.116303 f
  table_i/addresses[160] (mc_transaction_table_Q_DEPTH16_ADDR_W16_DATA_W32_TAG_W8_READ_LATENCY3_AGE_LIMIT128)
                                                                          0.000000   0.116303 f
  addresses[160] (net)                                0.015864            0.000000   0.116303 f
  candidates_i/addresses[160] (mc_candidates_Q_DEPTH16_ROW_W8_COL_W6)     0.000000   0.116303 f
  candidates_i/N1296 (net)                            0.015864            0.000000   0.116303 f
  candidates_i/U872/A (INVX2)                                   0.037631  0.000000   0.116303 f
  candidates_i/U872/Y (INVX2)                                   0.041488  0.042467   0.158771 r
  candidates_i/n4763 (net)                      5     0.017119            0.000000   0.158771 r
  candidates_i/U6027/B (AND2X2)                                 0.041488  0.000000   0.158771 r
  candidates_i/U6027/Y (AND2X2)                                 0.012212  0.034799   0.193570 r
  candidates_i/n10102 (net)                     2     0.003102            0.000000   0.193570 r
  candidates_i/U2138/A (INVX1)                                  0.012212  0.000000   0.193570 r
  candidates_i/U2138/Y (INVX1)                                  0.020202  0.022266   0.215836 f
  candidates_i/n3870 (net)                      1     0.005092            0.000000   0.215836 f
  candidates_i/U2022/A (INVX4)                                  0.020202  0.000000   0.215836 f
  candidates_i/U2022/Y (INVX4)                                  0.039600  0.038792   0.254628 r
  candidates_i/n11124 (net)                    13     0.036012            0.000000   0.254628 r
  candidates_i/U8651/B (AOI22X1)                                0.039600  0.000000   0.254628 r
  candidates_i/U8651/Y (AOI22X1)                                0.034268  0.033727   0.288355 f
  candidates_i/n7133 (net)                      1     0.001763            0.000000   0.288355 f
  candidates_i/U5105/A (AND2X2)                                 0.034268  0.000000   0.288355 f
  candidates_i/U5105/Y (AND2X2)                                 0.007355  0.041654   0.330009 f
  candidates_i/n7134 (net)                      1     0.004616            0.000000   0.330009 f
  candidates_i/U526/A (XNOR2X1)                                 0.007355  0.000000   0.330009 f
  candidates_i/U526/Y (XNOR2X1)                                 0.036394  0.032896   0.362905 r
  candidates_i/n453 (net)                       1     0.001798            0.000000   0.362905 r
  candidates_i/U840/A (AND2X2)                                  0.036394  0.000000   0.362905 r
  candidates_i/U840/Y (AND2X2)                                  0.020759  0.040988   0.403894 r
  candidates_i/n10384 (net)                     3     0.006858            0.000000   0.403894 r
  candidates_i/U8659/B (NAND2X1)                                0.020759  0.000000   0.403894 r
  candidates_i/U8659/Y (NAND2X1)                                0.023416  0.018938   0.422832 f
  candidates_i/n10101 (net)                     2     0.002952            0.000000   0.422832 f
  candidates_i/U4406/A (INVX1)                                  0.023416  0.000000   0.422832 f
  candidates_i/U4406/Y (INVX1)                                  0.000000  0.012764   0.435596 r
  candidates_i/n9277 (net)                      2     0.004417            0.000000   0.435596 r
  candidates_i/U8676/A (NAND3X1)                                0.000000  0.000000   0.435596 r
  candidates_i/U8676/Y (NAND3X1)                                0.017076  0.017132   0.452729 f
  candidates_i/n7428 (net)                      1     0.002573            0.000000   0.452729 f
  candidates_i/U8834/A (OAI21X1)                                0.017076  0.000000   0.452729 f
  candidates_i/U8834/Y (OAI21X1)                                0.042216  0.043726   0.496455 r
  candidates_i/n7429 (net)                      1     0.002283            0.000000   0.496455 r
  candidates_i/U8835/B (OR2X2)                                  0.042216  0.000000   0.496455 r
  candidates_i/U8835/Y (OR2X2)                                  0.014133  0.048633   0.545088 r
  candidates_i/n9294 (net)                      2     0.003102            0.000000   0.545088 r
  candidates_i/U4334/A (INVX1)                                  0.014133  0.000000   0.545088 r
  candidates_i/U4334/Y (INVX1)                                  0.012619  0.017673   0.562761 f
  candidates_i/n2737 (net)                      1     0.002600            0.000000   0.562761 f
  candidates_i/U9859/B (NAND3X1)                                0.012619  0.000000   0.562761 f
  candidates_i/U9859/Y (NAND3X1)                                0.033851  0.030869   0.593630 r
  candidates_i/n9312 (net)                      1     0.001539            0.000000   0.593630 r
  candidates_i/U1127/A (BUFX2)                                  0.033851  0.000000   0.593630 r
  candidates_i/U1127/Y (BUFX2)                                  0.038011  0.053836   0.647466 r
  candidates_i/n614 (net)                       8     0.014583            0.000000   0.647466 r
  candidates_i/U4846/A (BUFX2)                                  0.038011  0.000000   0.647466 r
  candidates_i/U4846/Y (BUFX2)                                  0.028117  0.047302   0.694767 r
  candidates_i/n3939 (net)                      5     0.010137            0.000000   0.694767 r
  candidates_i/U3980/B (NAND2X1)                                0.028117  0.000000   0.694767 r
  candidates_i/U3980/Y (NAND2X1)                                0.024058  0.021549   0.716316 f
  candidates_i/n2513 (net)                      2     0.003526            0.000000   0.716316 f
  candidates_i/U6195/A (AND2X2)                                 0.024058  0.000000   0.716316 f
  candidates_i/U6195/Y (AND2X2)                                 0.004774  0.040203   0.756519 f
  candidates_i/n3976 (net)                      2     0.005651            0.000000   0.756519 f
  candidates_i/U10112/D (AOI22X1)                               0.004774  0.000000   0.756519 f
  candidates_i/U10112/Y (AOI22X1)                               0.044401  0.024442   0.780962 r
  candidates_i/n9606 (net)                      1     0.001869            0.000000   0.780962 r
  candidates_i/U10114/B (AND2X2)                                0.044401  0.000000   0.780962 r
  candidates_i/U10114/Y (AND2X2)                                0.012047  0.034724   0.815686 r
  candidates_i/n9607 (net)                      1     0.002961            0.000000   0.815686 r
  candidates_i/U10115/C (NAND3X1)                               0.012047  0.000000   0.815686 r
  candidates_i/U10115/Y (NAND3X1)                               0.018338  0.012033   0.827719 f
  candidates_i/n9618 (net)                      1     0.003067            0.000000   0.827719 f
  candidates_i/U10122/B (NOR3X1)                                0.018338  0.000000   0.827719 f
  candidates_i/U10122/Y (NOR3X1)                                0.052169  0.041033   0.868752 r
  candidates_i/n9628 (net)                      1     0.002655            0.000000   0.868752 r
  candidates_i/U4864/A (INVX2)                                  0.052169  0.000000   0.868752 r
  candidates_i/U4864/Y (INVX2)                                  0.021646  0.023755   0.892507 f
  candidates_i/n9629 (net)                      3     0.005344            0.000000   0.892507 f
  candidates_i/U2707/B (NAND2X1)                                0.021646  0.000000   0.892507 f
  candidates_i/U2707/Y (NAND2X1)                                0.031014  0.014148   0.906655 r
  candidates_i/n9650 (net)                      1     0.001551            0.000000   0.906655 r
  candidates_i/U2712/A (INVX1)                                  0.031014  0.000000   0.906655 r
  candidates_i/U2712/Y (INVX1)                                  0.016549  0.025741   0.932396 f
  candidates_i/n9663 (net)                      2     0.004308            0.000000   0.932396 f
  candidates_i/U10126/C (NAND3X1)                               0.016549  0.000000   0.932396 f
  candidates_i/U10126/Y (NAND3X1)                               0.042012  0.034816   0.967211 r
  candidates_i/n9648 (net)                      1     0.003288            0.000000   0.967211 r
  candidates_i/U10135/C (NOR3X1)                                0.042012  0.000000   0.967211 r
  candidates_i/U10135/Y (NOR3X1)                                0.024704  0.027896   0.995108 f
  candidates_i/n9653 (net)                      1     0.002209            0.000000   0.995108 f
  candidates_i/U4992/A (NOR2X1)                                 0.024704  0.000000   0.995108 f
  candidates_i/U4992/Y (NOR2X1)                                 0.035939  0.038022   1.033129 r
  candidates_i/n11238 (net)                     1     0.003979            0.000000   1.033129 r
  candidates_i/U6969/A (BUFX4)                                  0.035939  0.000000   1.033129 r
  candidates_i/U6969/Y (BUFX4)                                  0.017227  0.025955   1.059084 r
  candidates_i/candidate_slots[1] (net)         6     0.010047            0.000000   1.059084 r
  candidates_i/candidate_slots[1] (mc_candidates_Q_DEPTH16_ROW_W8_COL_W6) 0.000000   1.059084 r
  candidate_slots[1] (net)                            0.010047            0.000000   1.059084 r
  frfcfs.scheduler_i/candidate_slots[1] (mc_scheduler_frfcfs_Q_DEPTH16_ADDR_W16_AGE_LIMIT128_AGING_ENABLE1)
                                                                          0.000000   1.059084 r
  frfcfs.scheduler_i/N609 (net)                       0.010047            0.000000   1.059084 r
  frfcfs.scheduler_i/U924/A (AND2X2)                            0.017227  0.000000   1.059084 r
  frfcfs.scheduler_i/U924/Y (AND2X2)                            0.014410  0.036802   1.095886 r
  frfcfs.scheduler_i/n1571 (net)                3     0.004653            0.000000   1.095886 r
  frfcfs.scheduler_i/U485/A (INVX1)                             0.014410  0.000000   1.095886 r
  frfcfs.scheduler_i/U485/Y (INVX1)                             0.017110  0.020843   1.116730 f
  frfcfs.scheduler_i/n355 (net)                 2     0.004109            0.000000   1.116730 f
  frfcfs.scheduler_i/U406/A (INVX1)                             0.017110  0.000000   1.116730 f
  frfcfs.scheduler_i/U406/Y (INVX1)                             0.000000  0.002786   1.119516 r
  frfcfs.scheduler_i/n295 (net)                 1     0.002027            0.000000   1.119516 r
  frfcfs.scheduler_i/U404/B (NAND2X1)                           0.000000  0.000000   1.119516 r
  frfcfs.scheduler_i/U404/Y (NAND2X1)                           0.023110  0.012636   1.132152 f
  frfcfs.scheduler_i/n296 (net)                 1     0.001944            0.000000   1.132152 f
  frfcfs.scheduler_i/U405/B (NAND2X1)                           0.023110  0.000000   1.132152 f
  frfcfs.scheduler_i/U405/Y (NAND2X1)                           0.034872  0.017244   1.149396 r
  frfcfs.scheduler_i/n1559 (net)                1     0.002386            0.000000   1.149396 r
  frfcfs.scheduler_i/U1804/C (AOI21X1)                          0.034872  0.000000   1.149396 r
  frfcfs.scheduler_i/U1804/Y (AOI21X1)                          0.017945  0.019914   1.169310 f
  frfcfs.scheduler_i/n1566 (net)                1     0.002726            0.000000   1.169310 f
  frfcfs.scheduler_i/U1809/B (AOI22X1)                          0.017945  0.000000   1.169310 f
  frfcfs.scheduler_i/U1809/Y (AOI22X1)                          0.052525  0.046432   1.215742 r
  frfcfs.scheduler_i/n1578 (net)                2     0.003980            0.000000   1.215742 r
  frfcfs.scheduler_i/U321/B (AND2X2)                            0.052525  0.000000   1.215742 r
  frfcfs.scheduler_i/U321/Y (AND2X2)                            0.019499  0.039860   1.255602 r
  frfcfs.scheduler_i/n221 (net)                 3     0.006063            0.000000   1.255602 r
  frfcfs.scheduler_i/U379/A (INVX1)                             0.019499  0.000000   1.255602 r
  frfcfs.scheduler_i/U379/Y (INVX1)                             0.010103  0.017658   1.273260 f
  frfcfs.scheduler_i/n271 (net)                 1     0.001884            0.000000   1.273260 f
  frfcfs.scheduler_i/U1862/A (NAND2X1)                          0.010103  0.000000   1.273260 f
  frfcfs.scheduler_i/U1862/Y (NAND2X1)                          0.041240  0.030482   1.303742 r
  frfcfs.scheduler_i/n1673 (net)                2     0.003596            0.000000   1.303742 r
  frfcfs.scheduler_i/U473/A (AND2X2)                            0.041240  0.000000   1.303742 r
  frfcfs.scheduler_i/U473/Y (AND2X2)                            0.019561  0.041291   1.345033 r
  frfcfs.scheduler_i/n344 (net)                 3     0.006931            0.000000   1.345033 r
  frfcfs.scheduler_i/U1939/A (NAND3X1)                          0.019561  0.000000   1.345033 r
  frfcfs.scheduler_i/U1939/Y (NAND3X1)                          0.015860  0.018439   1.363471 f
  frfcfs.scheduler_i/n1731 (net)                1     0.001820            0.000000   1.363471 f
  frfcfs.scheduler_i/U1940/B (AND2X2)                           0.015860  0.000000   1.363471 f
  frfcfs.scheduler_i/U1940/Y (AND2X2)                           0.000000  0.039853   1.403325 f
  frfcfs.scheduler_i/n1863 (net)                2     0.003388            0.000000   1.403325 f
  frfcfs.scheduler_i/U1945/A (NAND2X1)                          0.000000  0.000000   1.403325 f
  frfcfs.scheduler_i/U1945/Y (NAND2X1)                          0.037094  0.024715   1.428040 r
  frfcfs.scheduler_i/n1754 (net)                1     0.002764            0.000000   1.428040 r
  frfcfs.scheduler_i/U1954/B (AOI22X1)                          0.037094  0.000000   1.428040 r
  frfcfs.scheduler_i/U1954/Y (AOI22X1)                          0.035341  0.033870   1.461910 f
  frfcfs.scheduler_i/n1811 (net)                1     0.002209            0.000000   1.461910 f
  frfcfs.scheduler_i/U2009/A (NAND3X1)                          0.035341  0.000000   1.461910 f
  frfcfs.scheduler_i/U2009/Y (NAND3X1)                          0.033157  0.042046   1.503956 r
  frfcfs.scheduler_i/n1812 (net)                1     0.001551            0.000000   1.503956 r
  frfcfs.scheduler_i/U1346/A (INVX1)                            0.033157  0.000000   1.503956 r
  frfcfs.scheduler_i/U1346/Y (INVX1)                            0.014401  0.024953   1.528908 f
  frfcfs.scheduler_i/n1826 (net)                2     0.003640            0.000000   1.528908 f
  frfcfs.scheduler_i/U1338/B (AND2X2)                           0.014401  0.000000   1.528908 f
  frfcfs.scheduler_i/U1338/Y (AND2X2)                           0.001129  0.040556   1.569464 f
  frfcfs.scheduler_i/n916 (net)                 3     0.004428            0.000000   1.569464 f
  frfcfs.scheduler_i/U1340/A (INVX1)                            0.001129  0.000000   1.569464 f
  frfcfs.scheduler_i/U1340/Y (INVX1)                            0.000000  0.002202   1.571667 r
  frfcfs.scheduler_i/n918 (net)                 2     0.003596            0.000000   1.571667 r
  frfcfs.scheduler_i/U982/A (AND2X2)                            0.000000  0.000000   1.571667 r
  frfcfs.scheduler_i/U982/Y (AND2X2)                            0.014269  0.034810   1.606477 r
  frfcfs.scheduler_i/n1880 (net)                2     0.003843            0.000000   1.606477 r
  frfcfs.scheduler_i/U627/A (OR2X2)                             0.014269  0.000000   1.606477 r
  frfcfs.scheduler_i/U627/Y (OR2X2)                             0.017225  0.043484   1.649961 r
  frfcfs.scheduler_i/n460 (net)                 4     0.006204            0.000000   1.649961 r
  frfcfs.scheduler_i/U99/A (INVX1)                              0.017225  0.000000   1.649961 r
  frfcfs.scheduler_i/U99/Y (INVX1)                              0.020932  0.024360   1.674321 f
  frfcfs.scheduler_i/n418 (net)                 2     0.005452            0.000000   1.674321 f
  frfcfs.scheduler_i/U2236/B (AOI22X1)                          0.020932  0.000000   1.674321 f
  frfcfs.scheduler_i/U2236/Y (AOI22X1)                          0.046084  0.043116   1.717437 r
  frfcfs.scheduler_i/n2129 (net)                1     0.002548            0.000000   1.717437 r
  frfcfs.scheduler_i/U2239/A (NAND3X1)                          0.046084  0.000000   1.717437 r
  frfcfs.scheduler_i/U2239/Y (NAND3X1)                          0.015878  0.022705   1.740142 f
  frfcfs.scheduler_i/n2130 (net)                1     0.002297            0.000000   1.740142 f
  frfcfs.scheduler_i/U2240/B (NOR2X1)                           0.015878  0.000000   1.740142 f
  frfcfs.scheduler_i/U2240/Y (NOR2X1)                           0.025123  0.028515   1.768657 r
  frfcfs.scheduler_i/n2140 (net)                1     0.001869            0.000000   1.768657 r
  frfcfs.scheduler_i/U177/B (AND2X2)                            0.025123  0.000000   1.768657 r
  frfcfs.scheduler_i/U177/Y (AND2X2)                            0.011336  0.034009   1.802666 r
  frfcfs.scheduler_i/n2191 (net)                2     0.003102            0.000000   1.802666 r
  frfcfs.scheduler_i/U179/A (INVX1)                             0.011336  0.000000   1.802666 r
  frfcfs.scheduler_i/U179/Y (INVX1)                             0.015351  0.018657   1.821323 f
  frfcfs.scheduler_i/n118 (net)                 2     0.003448            0.000000   1.821323 f
  frfcfs.scheduler_i/U2277/B (NAND2X1)                          0.015351  0.000000   1.821323 f
  frfcfs.scheduler_i/U2277/Y (NAND2X1)                          0.038121  0.016529   1.837852 r
  frfcfs.scheduler_i/n2194 (net)                1     0.002961            0.000000   1.837852 r
  frfcfs.scheduler_i/U2278/C (NAND3X1)                          0.038121  0.000000   1.837852 r
  frfcfs.scheduler_i/U2278/Y (NAND3X1)                          0.018856  0.017727   1.855580 f
  frfcfs.scheduler_i/n2196 (net)                1     0.002832            0.000000   1.855580 f
  frfcfs.scheduler_i/U2279/C (NAND3X1)                          0.018856  0.000000   1.855580 f
  frfcfs.scheduler_i/U2279/Y (NAND3X1)                          0.033488  0.030065   1.885645 r
  frfcfs.scheduler_i/n2307 (net)                1     0.001551            0.000000   1.885645 r
  frfcfs.scheduler_i/U1345/A (INVX1)                            0.033488  0.000000   1.885645 r
  frfcfs.scheduler_i/U1345/Y (INVX1)                            0.014776  0.025315   1.910960 f
  frfcfs.scheduler_i/n2308 (net)                2     0.003773            0.000000   1.910960 f
  frfcfs.scheduler_i/U2332/B (NOR2X1)                           0.014776  0.000000   1.910960 f
  frfcfs.scheduler_i/U2332/Y (NOR2X1)                           0.035508  0.035084   1.946044 r
  frfcfs.scheduler_i/select_slot[1] (net)       1     0.003979            0.000000   1.946044 r
  frfcfs.scheduler_i/select_slot[1] (mc_scheduler_frfcfs_Q_DEPTH16_ADDR_W16_AGE_LIMIT128_AGING_ENABLE1)
                                                                          0.000000   1.946044 r
  select_slot[1] (net)                                0.003979            0.000000   1.946044 r
  U1062/A (BUFX4)                                               0.035508  0.000000   1.946044 r
  U1062/Y (BUFX4)                                               0.014240  0.024028   1.970072 r
  n875 (net)                                    4     0.007532            0.000000   1.970072 r
  U1308/B (AND2X2)                                              0.014240  0.000000   1.970072 r
  U1308/Y (AND2X2)                                              0.012591  0.034705   2.004777 r
  n865 (net)                                    2     0.003897            0.000000   2.004777 r
  U1309/B (AND2X2)                                              0.012591  0.000000   2.004777 r
  U1309/Y (AND2X2)                                              0.024967  0.042907   2.047684 r
  n866 (net)                                    3     0.009287            0.000000   2.047684 r
  U1303/A (INVX1)                                               0.024967  0.000000   2.047684 r
  U1303/Y (INVX1)                                               0.017331  0.024354   2.072037 f
  n941 (net)                                    3     0.004428            0.000000   2.072037 f
  U488/A (INVX1)                                                0.017331  0.000000   2.072037 f
  U488/Y (INVX1)                                                0.000000  0.011374   2.083411 r
  n937 (net)                                    3     0.004653            0.000000   2.083411 r
  U144/A (INVX1)                                                0.000000  0.000000   2.083411 r
  U144/Y (INVX1)                                                0.027449  0.023365   2.106776 f
  n89 (net)                                     3     0.007235            0.000000   2.106776 f
  U2114/B (OAI21X1)                                             0.027449  0.000000   2.106776 f
  U2114/Y (OAI21X1)                                             0.041735  0.043835   2.150612 r
  n1942 (net)                                   1     0.002292            0.000000   2.150612 r
  U587/A (OR2X2)                                                0.041735  0.000000   2.150612 r
  U587/Y (OR2X2)                                                0.012418  0.040633   2.191245 r
  n890 (net)                                    1     0.002365            0.000000   2.191245 r
  U717/B (NOR2X1)                                               0.012418  0.000000   2.191245 r
  U717/Y (NOR2X1)                                               0.001194  0.012014   2.203259 f
  n445 (net)                                    1     0.001944            0.000000   2.203259 f
  U490/B (NAND2X1)                                              0.001194  0.000000   2.203259 f
  U490/Y (NAND2X1)                                              0.033905  0.008509   2.211769 r
  n1946 (net)                                   1     0.001869            0.000000   2.211769 r
  U207/B (AND2X2)                                               0.033905  0.000000   2.211769 r
  U207/Y (AND2X2)                                               0.010785  0.033748   2.245517 r
  n454 (net)                                    1     0.002655            0.000000   2.245517 r
  U138/A (INVX2)                                                0.010785  0.000000   2.245517 r
  U138/Y (INVX2)                                                0.010628  0.027769   2.273286 f
  cmd_wdata[22] (net)                           1     0.010000            0.000000   2.273286 f
  cmd_wdata[22] (out)                                           0.010628  0.000000   2.273286 f
  data arrival time                                                                  2.273286

  clock core_clk (rise edge)                                              3.000000   3.000000
  clock network delay (ideal)                                             0.000000   3.000000
  clock uncertainty                                                       -0.100000  2.900000
  output external delay                                                   -1.000000  1.900000
  data required time                                                                 1.900000
  ----------------------------------------------------------------------------------------------
  data required time                                                                 1.900000
  data arrival time                                                                  -2.273286
  ----------------------------------------------------------------------------------------------
  slack (VIOLATED)                                                                   -0.373286


  Startpoint: table_i/addresses_reg[160]
              (rising edge-triggered flip-flop clocked by core_clk)
  Endpoint: cmd_row[2] (output port clocked by core_clk)
  Path Group: core_clk
  Path Type: max

  Point                                       Fanout       Cap     Trans      Incr       Path
  ----------------------------------------------------------------------------------------------
  clock core_clk (rise edge)                                              0.000000   0.000000
  clock network delay (ideal)                                             0.000000   0.000000
  table_i/addresses_reg[160]/CLK (DFFPOSX1)                     0.000000  0.000000 # 0.000000 r
  table_i/addresses_reg[160]/Q (DFFPOSX1)                       0.037631  0.116303   0.116303 f
  table_i/addresses[160] (net)                  5     0.015864            0.000000   0.116303 f
  table_i/addresses[160] (mc_transaction_table_Q_DEPTH16_ADDR_W16_DATA_W32_TAG_W8_READ_LATENCY3_AGE_LIMIT128)
                                                                          0.000000   0.116303 f
  addresses[160] (net)                                0.015864            0.000000   0.116303 f
  candidates_i/addresses[160] (mc_candidates_Q_DEPTH16_ROW_W8_COL_W6)     0.000000   0.116303 f
  candidates_i/N1296 (net)                            0.015864            0.000000   0.116303 f
  candidates_i/U872/A (INVX2)                                   0.037631  0.000000   0.116303 f
  candidates_i/U872/Y (INVX2)                                   0.041488  0.042467   0.158771 r
  candidates_i/n4763 (net)                      5     0.017119            0.000000   0.158771 r
  candidates_i/U6027/B (AND2X2)                                 0.041488  0.000000   0.158771 r
  candidates_i/U6027/Y (AND2X2)                                 0.012212  0.034799   0.193570 r
  candidates_i/n10102 (net)                     2     0.003102            0.000000   0.193570 r
  candidates_i/U2138/A (INVX1)                                  0.012212  0.000000   0.193570 r
  candidates_i/U2138/Y (INVX1)                                  0.020202  0.022266   0.215836 f
  candidates_i/n3870 (net)                      1     0.005092            0.000000   0.215836 f
  candidates_i/U2022/A (INVX4)                                  0.020202  0.000000   0.215836 f
  candidates_i/U2022/Y (INVX4)                                  0.039600  0.038792   0.254628 r
  candidates_i/n11124 (net)                    13     0.036012            0.000000   0.254628 r
  candidates_i/U8651/B (AOI22X1)                                0.039600  0.000000   0.254628 r
  candidates_i/U8651/Y (AOI22X1)                                0.034268  0.033727   0.288355 f
  candidates_i/n7133 (net)                      1     0.001763            0.000000   0.288355 f
  candidates_i/U5105/A (AND2X2)                                 0.034268  0.000000   0.288355 f
  candidates_i/U5105/Y (AND2X2)                                 0.007355  0.041654   0.330009 f
  candidates_i/n7134 (net)                      1     0.004616            0.000000   0.330009 f
  candidates_i/U526/A (XNOR2X1)                                 0.007355  0.000000   0.330009 f
  candidates_i/U526/Y (XNOR2X1)                                 0.036394  0.032896   0.362905 r
  candidates_i/n453 (net)                       1     0.001798            0.000000   0.362905 r
  candidates_i/U840/A (AND2X2)                                  0.036394  0.000000   0.362905 r
  candidates_i/U840/Y (AND2X2)                                  0.020759  0.040988   0.403894 r
  candidates_i/n10384 (net)                     3     0.006858            0.000000   0.403894 r
  candidates_i/U8659/B (NAND2X1)                                0.020759  0.000000   0.403894 r
  candidates_i/U8659/Y (NAND2X1)                                0.023416  0.018938   0.422832 f
  candidates_i/n10101 (net)                     2     0.002952            0.000000   0.422832 f
  candidates_i/U4406/A (INVX1)                                  0.023416  0.000000   0.422832 f
  candidates_i/U4406/Y (INVX1)                                  0.000000  0.012764   0.435596 r
  candidates_i/n9277 (net)                      2     0.004417            0.000000   0.435596 r
  candidates_i/U8676/A (NAND3X1)                                0.000000  0.000000   0.435596 r
  candidates_i/U8676/Y (NAND3X1)                                0.017076  0.017132   0.452729 f
  candidates_i/n7428 (net)                      1     0.002573            0.000000   0.452729 f
  candidates_i/U8834/A (OAI21X1)                                0.017076  0.000000   0.452729 f
  candidates_i/U8834/Y (OAI21X1)                                0.042216  0.043726   0.496455 r
  candidates_i/n7429 (net)                      1     0.002283            0.000000   0.496455 r
  candidates_i/U8835/B (OR2X2)                                  0.042216  0.000000   0.496455 r
  candidates_i/U8835/Y (OR2X2)                                  0.014133  0.048633   0.545088 r
  candidates_i/n9294 (net)                      2     0.003102            0.000000   0.545088 r
  candidates_i/U4334/A (INVX1)                                  0.014133  0.000000   0.545088 r
  candidates_i/U4334/Y (INVX1)                                  0.012619  0.017673   0.562761 f
  candidates_i/n2737 (net)                      1     0.002600            0.000000   0.562761 f
  candidates_i/U9859/B (NAND3X1)                                0.012619  0.000000   0.562761 f
  candidates_i/U9859/Y (NAND3X1)                                0.033851  0.030869   0.593630 r
  candidates_i/n9312 (net)                      1     0.001539            0.000000   0.593630 r
  candidates_i/U1127/A (BUFX2)                                  0.033851  0.000000   0.593630 r
  candidates_i/U1127/Y (BUFX2)                                  0.038011  0.053836   0.647466 r
  candidates_i/n614 (net)                       8     0.014583            0.000000   0.647466 r
  candidates_i/U4846/A (BUFX2)                                  0.038011  0.000000   0.647466 r
  candidates_i/U4846/Y (BUFX2)                                  0.028117  0.047302   0.694767 r
  candidates_i/n3939 (net)                      5     0.010137            0.000000   0.694767 r
  candidates_i/U3980/B (NAND2X1)                                0.028117  0.000000   0.694767 r
  candidates_i/U3980/Y (NAND2X1)                                0.024058  0.021549   0.716316 f
  candidates_i/n2513 (net)                      2     0.003526            0.000000   0.716316 f
  candidates_i/U6195/A (AND2X2)                                 0.024058  0.000000   0.716316 f
  candidates_i/U6195/Y (AND2X2)                                 0.004774  0.040203   0.756519 f
  candidates_i/n3976 (net)                      2     0.005651            0.000000   0.756519 f
  candidates_i/U10112/D (AOI22X1)                               0.004774  0.000000   0.756519 f
  candidates_i/U10112/Y (AOI22X1)                               0.044401  0.024442   0.780962 r
  candidates_i/n9606 (net)                      1     0.001869            0.000000   0.780962 r
  candidates_i/U10114/B (AND2X2)                                0.044401  0.000000   0.780962 r
  candidates_i/U10114/Y (AND2X2)                                0.012047  0.034724   0.815686 r
  candidates_i/n9607 (net)                      1     0.002961            0.000000   0.815686 r
  candidates_i/U10115/C (NAND3X1)                               0.012047  0.000000   0.815686 r
  candidates_i/U10115/Y (NAND3X1)                               0.018338  0.012033   0.827719 f
  candidates_i/n9618 (net)                      1     0.003067            0.000000   0.827719 f
  candidates_i/U10122/B (NOR3X1)                                0.018338  0.000000   0.827719 f
  candidates_i/U10122/Y (NOR3X1)                                0.052169  0.041033   0.868752 r
  candidates_i/n9628 (net)                      1     0.002655            0.000000   0.868752 r
  candidates_i/U4864/A (INVX2)                                  0.052169  0.000000   0.868752 r
  candidates_i/U4864/Y (INVX2)                                  0.021646  0.023755   0.892507 f
  candidates_i/n9629 (net)                      3     0.005344            0.000000   0.892507 f
  candidates_i/U2707/B (NAND2X1)                                0.021646  0.000000   0.892507 f
  candidates_i/U2707/Y (NAND2X1)                                0.031014  0.014148   0.906655 r
  candidates_i/n9650 (net)                      1     0.001551            0.000000   0.906655 r
  candidates_i/U2712/A (INVX1)                                  0.031014  0.000000   0.906655 r
  candidates_i/U2712/Y (INVX1)                                  0.016549  0.025741   0.932396 f
  candidates_i/n9663 (net)                      2     0.004308            0.000000   0.932396 f
  candidates_i/U10126/C (NAND3X1)                               0.016549  0.000000   0.932396 f
  candidates_i/U10126/Y (NAND3X1)                               0.042012  0.034816   0.967211 r
  candidates_i/n9648 (net)                      1     0.003288            0.000000   0.967211 r
  candidates_i/U10135/C (NOR3X1)                                0.042012  0.000000   0.967211 r
  candidates_i/U10135/Y (NOR3X1)                                0.024704  0.027896   0.995108 f
  candidates_i/n9653 (net)                      1     0.002209            0.000000   0.995108 f
  candidates_i/U4992/A (NOR2X1)                                 0.024704  0.000000   0.995108 f
  candidates_i/U4992/Y (NOR2X1)                                 0.035939  0.038022   1.033129 r
  candidates_i/n11238 (net)                     1     0.003979            0.000000   1.033129 r
  candidates_i/U6969/A (BUFX4)                                  0.035939  0.000000   1.033129 r
  candidates_i/U6969/Y (BUFX4)                                  0.017227  0.025955   1.059084 r
  candidates_i/candidate_slots[1] (net)         6     0.010047            0.000000   1.059084 r
  candidates_i/candidate_slots[1] (mc_candidates_Q_DEPTH16_ROW_W8_COL_W6) 0.000000   1.059084 r
  candidate_slots[1] (net)                            0.010047            0.000000   1.059084 r
  frfcfs.scheduler_i/candidate_slots[1] (mc_scheduler_frfcfs_Q_DEPTH16_ADDR_W16_AGE_LIMIT128_AGING_ENABLE1)
                                                                          0.000000   1.059084 r
  frfcfs.scheduler_i/N609 (net)                       0.010047            0.000000   1.059084 r
  frfcfs.scheduler_i/U924/A (AND2X2)                            0.017227  0.000000   1.059084 r
  frfcfs.scheduler_i/U924/Y (AND2X2)                            0.014410  0.036802   1.095886 r
  frfcfs.scheduler_i/n1571 (net)                3     0.004653            0.000000   1.095886 r
  frfcfs.scheduler_i/U485/A (INVX1)                             0.014410  0.000000   1.095886 r
  frfcfs.scheduler_i/U485/Y (INVX1)                             0.017110  0.020843   1.116730 f
  frfcfs.scheduler_i/n355 (net)                 2     0.004109            0.000000   1.116730 f
  frfcfs.scheduler_i/U406/A (INVX1)                             0.017110  0.000000   1.116730 f
  frfcfs.scheduler_i/U406/Y (INVX1)                             0.000000  0.002786   1.119516 r
  frfcfs.scheduler_i/n295 (net)                 1     0.002027            0.000000   1.119516 r
  frfcfs.scheduler_i/U404/B (NAND2X1)                           0.000000  0.000000   1.119516 r
  frfcfs.scheduler_i/U404/Y (NAND2X1)                           0.023110  0.012636   1.132152 f
  frfcfs.scheduler_i/n296 (net)                 1     0.001944            0.000000   1.132152 f
  frfcfs.scheduler_i/U405/B (NAND2X1)                           0.023110  0.000000   1.132152 f
  frfcfs.scheduler_i/U405/Y (NAND2X1)                           0.034872  0.017244   1.149396 r
  frfcfs.scheduler_i/n1559 (net)                1     0.002386            0.000000   1.149396 r
  frfcfs.scheduler_i/U1804/C (AOI21X1)                          0.034872  0.000000   1.149396 r
  frfcfs.scheduler_i/U1804/Y (AOI21X1)                          0.017945  0.019914   1.169310 f
  frfcfs.scheduler_i/n1566 (net)                1     0.002726            0.000000   1.169310 f
  frfcfs.scheduler_i/U1809/B (AOI22X1)                          0.017945  0.000000   1.169310 f
  frfcfs.scheduler_i/U1809/Y (AOI22X1)                          0.052525  0.046432   1.215742 r
  frfcfs.scheduler_i/n1578 (net)                2     0.003980            0.000000   1.215742 r
  frfcfs.scheduler_i/U321/B (AND2X2)                            0.052525  0.000000   1.215742 r
  frfcfs.scheduler_i/U321/Y (AND2X2)                            0.019499  0.039860   1.255602 r
  frfcfs.scheduler_i/n221 (net)                 3     0.006063            0.000000   1.255602 r
  frfcfs.scheduler_i/U379/A (INVX1)                             0.019499  0.000000   1.255602 r
  frfcfs.scheduler_i/U379/Y (INVX1)                             0.010103  0.017658   1.273260 f
  frfcfs.scheduler_i/n271 (net)                 1     0.001884            0.000000   1.273260 f
  frfcfs.scheduler_i/U1862/A (NAND2X1)                          0.010103  0.000000   1.273260 f
  frfcfs.scheduler_i/U1862/Y (NAND2X1)                          0.041240  0.030482   1.303742 r
  frfcfs.scheduler_i/n1673 (net)                2     0.003596            0.000000   1.303742 r
  frfcfs.scheduler_i/U473/A (AND2X2)                            0.041240  0.000000   1.303742 r
  frfcfs.scheduler_i/U473/Y (AND2X2)                            0.019561  0.041291   1.345033 r
  frfcfs.scheduler_i/n344 (net)                 3     0.006931            0.000000   1.345033 r
  frfcfs.scheduler_i/U1939/A (NAND3X1)                          0.019561  0.000000   1.345033 r
  frfcfs.scheduler_i/U1939/Y (NAND3X1)                          0.015860  0.018439   1.363471 f
  frfcfs.scheduler_i/n1731 (net)                1     0.001820            0.000000   1.363471 f
  frfcfs.scheduler_i/U1940/B (AND2X2)                           0.015860  0.000000   1.363471 f
  frfcfs.scheduler_i/U1940/Y (AND2X2)                           0.000000  0.039853   1.403325 f
  frfcfs.scheduler_i/n1863 (net)                2     0.003388            0.000000   1.403325 f
  frfcfs.scheduler_i/U1945/A (NAND2X1)                          0.000000  0.000000   1.403325 f
  frfcfs.scheduler_i/U1945/Y (NAND2X1)                          0.037094  0.024715   1.428040 r
  frfcfs.scheduler_i/n1754 (net)                1     0.002764            0.000000   1.428040 r
  frfcfs.scheduler_i/U1954/B (AOI22X1)                          0.037094  0.000000   1.428040 r
  frfcfs.scheduler_i/U1954/Y (AOI22X1)                          0.035341  0.033870   1.461910 f
  frfcfs.scheduler_i/n1811 (net)                1     0.002209            0.000000   1.461910 f
  frfcfs.scheduler_i/U2009/A (NAND3X1)                          0.035341  0.000000   1.461910 f
  frfcfs.scheduler_i/U2009/Y (NAND3X1)                          0.033157  0.042046   1.503956 r
  frfcfs.scheduler_i/n1812 (net)                1     0.001551            0.000000   1.503956 r
  frfcfs.scheduler_i/U1346/A (INVX1)                            0.033157  0.000000   1.503956 r
  frfcfs.scheduler_i/U1346/Y (INVX1)                            0.014401  0.024953   1.528908 f
  frfcfs.scheduler_i/n1826 (net)                2     0.003640            0.000000   1.528908 f
  frfcfs.scheduler_i/U1338/B (AND2X2)                           0.014401  0.000000   1.528908 f
  frfcfs.scheduler_i/U1338/Y (AND2X2)                           0.001129  0.040556   1.569464 f
  frfcfs.scheduler_i/n916 (net)                 3     0.004428            0.000000   1.569464 f
  frfcfs.scheduler_i/U1340/A (INVX1)                            0.001129  0.000000   1.569464 f
  frfcfs.scheduler_i/U1340/Y (INVX1)                            0.000000  0.002202   1.571667 r
  frfcfs.scheduler_i/n918 (net)                 2     0.003596            0.000000   1.571667 r
  frfcfs.scheduler_i/U982/A (AND2X2)                            0.000000  0.000000   1.571667 r
  frfcfs.scheduler_i/U982/Y (AND2X2)                            0.014269  0.034810   1.606477 r
  frfcfs.scheduler_i/n1880 (net)                2     0.003843            0.000000   1.606477 r
  frfcfs.scheduler_i/U627/A (OR2X2)                             0.014269  0.000000   1.606477 r
  frfcfs.scheduler_i/U627/Y (OR2X2)                             0.017225  0.043484   1.649961 r
  frfcfs.scheduler_i/n460 (net)                 4     0.006204            0.000000   1.649961 r
  frfcfs.scheduler_i/U99/A (INVX1)                              0.017225  0.000000   1.649961 r
  frfcfs.scheduler_i/U99/Y (INVX1)                              0.020932  0.024360   1.674321 f
  frfcfs.scheduler_i/n418 (net)                 2     0.005452            0.000000   1.674321 f
  frfcfs.scheduler_i/U2236/B (AOI22X1)                          0.020932  0.000000   1.674321 f
  frfcfs.scheduler_i/U2236/Y (AOI22X1)                          0.046084  0.043116   1.717437 r
  frfcfs.scheduler_i/n2129 (net)                1     0.002548            0.000000   1.717437 r
  frfcfs.scheduler_i/U2239/A (NAND3X1)                          0.046084  0.000000   1.717437 r
  frfcfs.scheduler_i/U2239/Y (NAND3X1)                          0.015878  0.022705   1.740142 f
  frfcfs.scheduler_i/n2130 (net)                1     0.002297            0.000000   1.740142 f
  frfcfs.scheduler_i/U2240/B (NOR2X1)                           0.015878  0.000000   1.740142 f
  frfcfs.scheduler_i/U2240/Y (NOR2X1)                           0.025123  0.028515   1.768657 r
  frfcfs.scheduler_i/n2140 (net)                1     0.001869            0.000000   1.768657 r
  frfcfs.scheduler_i/U177/B (AND2X2)                            0.025123  0.000000   1.768657 r
  frfcfs.scheduler_i/U177/Y (AND2X2)                            0.011336  0.034009   1.802666 r
  frfcfs.scheduler_i/n2191 (net)                2     0.003102            0.000000   1.802666 r
  frfcfs.scheduler_i/U179/A (INVX1)                             0.011336  0.000000   1.802666 r
  frfcfs.scheduler_i/U179/Y (INVX1)                             0.015351  0.018657   1.821323 f
  frfcfs.scheduler_i/n118 (net)                 2     0.003448            0.000000   1.821323 f
  frfcfs.scheduler_i/U2277/B (NAND2X1)                          0.015351  0.000000   1.821323 f
  frfcfs.scheduler_i/U2277/Y (NAND2X1)                          0.038121  0.016529   1.837852 r
  frfcfs.scheduler_i/n2194 (net)                1     0.002961            0.000000   1.837852 r
  frfcfs.scheduler_i/U2278/C (NAND3X1)                          0.038121  0.000000   1.837852 r
  frfcfs.scheduler_i/U2278/Y (NAND3X1)                          0.018856  0.017727   1.855580 f
  frfcfs.scheduler_i/n2196 (net)                1     0.002832            0.000000   1.855580 f
  frfcfs.scheduler_i/U2279/C (NAND3X1)                          0.018856  0.000000   1.855580 f
  frfcfs.scheduler_i/U2279/Y (NAND3X1)                          0.033488  0.030065   1.885645 r
  frfcfs.scheduler_i/n2307 (net)                1     0.001551            0.000000   1.885645 r
  frfcfs.scheduler_i/U1345/A (INVX1)                            0.033488  0.000000   1.885645 r
  frfcfs.scheduler_i/U1345/Y (INVX1)                            0.014776  0.025315   1.910960 f
  frfcfs.scheduler_i/n2308 (net)                2     0.003773            0.000000   1.910960 f
  frfcfs.scheduler_i/U2332/B (NOR2X1)                           0.014776  0.000000   1.910960 f
  frfcfs.scheduler_i/U2332/Y (NOR2X1)                           0.035508  0.035084   1.946044 r
  frfcfs.scheduler_i/select_slot[1] (net)       1     0.003979            0.000000   1.946044 r
  frfcfs.scheduler_i/select_slot[1] (mc_scheduler_frfcfs_Q_DEPTH16_ADDR_W16_AGE_LIMIT128_AGING_ENABLE1)
                                                                          0.000000   1.946044 r
  select_slot[1] (net)                                0.003979            0.000000   1.946044 r
  U1062/A (BUFX4)                                               0.035508  0.000000   1.946044 r
  U1062/Y (BUFX4)                                               0.014240  0.024028   1.970072 r
  n875 (net)                                    4     0.007532            0.000000   1.970072 r
  U1308/B (AND2X2)                                              0.014240  0.000000   1.970072 r
  U1308/Y (AND2X2)                                              0.012591  0.034705   2.004777 r
  n865 (net)                                    2     0.003897            0.000000   2.004777 r
  U1309/B (AND2X2)                                              0.012591  0.000000   2.004777 r
  U1309/Y (AND2X2)                                              0.024967  0.042907   2.047684 r
  n866 (net)                                    3     0.009287            0.000000   2.047684 r
  U645/A (INVX4)                                                0.024967  0.000000   2.047684 r
  U645/Y (INVX4)                                                0.022730  0.032757   2.080441 f
  n940 (net)                                    6     0.029501            0.000000   2.080441 f
  U719/A (INVX8)                                                0.022730  0.000000   2.080441 f
  U719/Y (INVX8)                                                0.024498  0.030101   2.110542 r
  n939 (net)                                   16     0.045275            0.000000   2.110542 r
  U1731/C (AOI22X1)                                             0.024498  0.000000   2.110542 r
  U1731/Y (AOI22X1)                                             0.037029  0.021447   2.131989 f
  n1321 (net)                                   1     0.002832            0.000000   2.131989 f
  U1732/C (NAND3X1)                                             0.037029  0.000000   2.131989 f
  U1732/Y (NAND3X1)                                             0.037342  0.037206   2.169195 r
  n1325 (net)                                   1     0.002365            0.000000   2.169195 r
  U1735/B (NOR2X1)                                              0.037342  0.000000   2.169195 r
  U1735/Y (NOR2X1)                                              0.001839  0.018796   2.187991 f
  n1328 (net)                                   1     0.001884            0.000000   2.187991 f
  U1737/A (NAND2X1)                                             0.001839  0.000000   2.187991 f
  U1737/Y (NAND2X1)                                             0.031626  0.022517   2.210508 r
  n2222 (net)                                   1     0.001869            0.000000   2.210508 r
  U221/B (AND2X2)                                               0.031626  0.000000   2.210508 r
  U221/Y (AND2X2)                                               0.010662  0.033638   2.244146 r
  n2243 (net)                                   1     0.002655            0.000000   2.244146 r
  U80/A (INVX2)                                                 0.010662  0.000000   2.244146 r
  U80/Y (INVX2)                                                 0.012072  0.028806   2.272952 f
  cmd_row[2] (net)                              2     0.011476            0.000000   2.272952 f
  cmd_row[2] (out)                                              0.012072  0.000000   2.272952 f
  data arrival time                                                                  2.272952

  clock core_clk (rise edge)                                              3.000000   3.000000
  clock network delay (ideal)                                             0.000000   3.000000
  clock uncertainty                                                       -0.100000  2.900000
  output external delay                                                   -1.000000  1.900000
  data required time                                                                 1.900000
  ----------------------------------------------------------------------------------------------
  data required time                                                                 1.900000
  data arrival time                                                                  -2.272952
  ----------------------------------------------------------------------------------------------
  slack (VIOLATED)                                                                   -0.372952


1
