
****************************************
Report : timing
        -path full
        -delay max
        -input_pins
        -nets
        -max_paths 10
        -transition_time
        -capacitance
Design : mc_top_Q_DEPTH16_SCHED_POLICY1_AGING_ENABLE1
Version: R-2020.09-SP4
Date   : Wed Sep 30 19:59:32 2026
****************************************

 # A fanout number of 1000 was used for high fanout net computations.

Operating Conditions: typical   Library: gscl45nm
Wire Load Model Mode: top

  Startpoint: table_i/addresses_reg[93]
              (rising edge-triggered flip-flop clocked by core_clk)
  Endpoint: cmd_row[3] (output port clocked by core_clk)
  Path Group: core_clk
  Path Type: max

  Point                                       Fanout       Cap     Trans      Incr       Path
  ----------------------------------------------------------------------------------------------
  clock core_clk (rise edge)                                              0.000000   0.000000
  clock network delay (ideal)                                             0.000000   0.000000
  table_i/addresses_reg[93]/CLK (DFFPOSX1)                      0.000000  0.000000 # 0.000000 r
  table_i/addresses_reg[93]/Q (DFFPOSX1)                        0.023267  0.105501   0.105501 f
  table_i/n6738 (net)                           1     0.005092            0.000000   0.105501 f
  table_i/U839/A (INVX4)                                        0.023267  0.000000   0.105501 f
  table_i/U839/Y (INVX4)                                        0.009539  0.021286   0.126787 r
  table_i/n135 (net)                            1     0.010083            0.000000   0.126787 r
  table_i/U841/A (INVX8)                                        0.009539  0.000000   0.126787 r
  table_i/U841/Y (INVX8)                                        0.011562  0.028573   0.155360 f
  table_i/addresses[93] (net)                  13     0.038792            0.000000   0.155360 f
  table_i/addresses[93] (mc_transaction_table_Q_DEPTH16_ADDR_W16_DATA_W32_TAG_W8_READ_LATENCY3_AGE_LIMIT128)
                                                                          0.000000   0.155360 f
  addresses[93] (net)                                 0.038792            0.000000   0.155360 f
  U3006/A (XNOR2X1)                                             0.011562  0.000000   0.155360 f
  U3006/Y (XNOR2X1)                                             0.017943  0.027315   0.182675 f
  n5757 (net)                                   1     0.002600            0.000000   0.182675 f
  U6384/B (NAND3X1)                                             0.017943  0.000000   0.182675 f
  U6384/Y (NAND3X1)                                             0.033682  0.032565   0.215240 r
  n5758 (net)                                   1     0.001539            0.000000   0.215240 r
  U4369/A (BUFX2)                                               0.033682  0.000000   0.215240 r
  U4369/Y (BUFX2)                                               0.009294  0.034852   0.250092 r
  n3071 (net)                                   1     0.002292            0.000000   0.250092 r
  U4368/A (OR2X2)                                               0.009294  0.000000   0.250092 r
  U4368/Y (OR2X2)                                               0.011402  0.038099   0.288192 r
  n5760 (net)                                   2     0.003102            0.000000   0.288192 r
  U1577/A (INVX1)                                               0.011402  0.000000   0.288192 r
  U1577/Y (INVX1)                                               0.012811  0.016934   0.305126 f
  n1134 (net)                                   1     0.002600            0.000000   0.305126 f
  U3029/B (NAND3X1)                                             0.012811  0.000000   0.305126 f
  U3029/Y (NAND3X1)                                             0.037717  0.033491   0.338617 r
  n2025 (net)                                   1     0.002365            0.000000   0.338617 r
  U6386/B (NOR2X1)                                              0.037717  0.000000   0.338617 r
  U6386/Y (NOR2X1)                                              0.004613  0.020856   0.359473 f
  n7560 (net)                                   1     0.002832            0.000000   0.359473 f
  candidates_i/same_address[197] (mc_candidates_Q_DEPTH16_ROW_W8_COL_W6)  0.000000   0.359473 f
  candidates_i/same_address[197] (net)                0.002832            0.000000   0.359473 f
  candidates_i/U2378/C (NAND3X1)                                0.004613  0.000000   0.359473 f
  candidates_i/U2378/Y (NAND3X1)                                0.033834  0.027193   0.386666 r
  candidates_i/n1670 (net)                      1     0.001798            0.000000   0.386666 r
  candidates_i/U593/A (AND2X2)                                  0.033834  0.000000   0.386666 r
  candidates_i/U593/Y (AND2X2)                                  0.008908  0.033209   0.419875 r
  candidates_i/n425 (net)                       1     0.001869            0.000000   0.419875 r
  candidates_i/U512/B (AND2X2)                                  0.008908  0.000000   0.419875 r
  candidates_i/U512/Y (AND2X2)                                  0.011573  0.033958   0.453833 r
  candidates_i/n364 (net)                       2     0.003579            0.000000   0.453833 r
  candidates_i/U623/A (INVX1)                                   0.011573  0.000000   0.453833 r
  candidates_i/U623/Y (INVX1)                                   0.012029  0.016452   0.470285 f
  candidates_i/n447 (net)                       1     0.002342            0.000000   0.470285 f
  candidates_i/U603/B (OR2X2)                                   0.012029  0.000000   0.470285 f
  candidates_i/U603/Y (OR2X2)                                   0.008797  0.049165   0.519450 f
  candidates_i/n433 (net)                       2     0.004602            0.000000   0.519450 f
  candidates_i/U584/A (OR2X2)                                   0.008797  0.000000   0.519450 f
  candidates_i/U584/Y (OR2X2)                                   0.006197  0.037525   0.556974 f
  candidates_i/n417 (net)                       1     0.002301            0.000000   0.556974 f
  candidates_i/U572/A (OR2X2)                                   0.006197  0.000000   0.556974 f
  candidates_i/U572/Y (OR2X2)                                   0.005344  0.037670   0.594644 f
  candidates_i/n409 (net)                       1     0.002832            0.000000   0.594644 f
  candidates_i/U570/C (NAND3X1)                                 0.005344  0.000000   0.594644 f
  candidates_i/U570/Y (NAND3X1)                                 0.041065  0.031261   0.625905 r
  candidates_i/n406 (net)                       1     0.003063            0.000000   0.625905 r
  candidates_i/U619/B (NOR3X1)                                  0.041065  0.000000   0.625905 r
  candidates_i/U619/Y (NOR3X1)                                  0.035096  0.039315   0.665220 f
  candidates_i/n444 (net)                       1     0.005092            0.000000   0.665220 f
  candidates_i/U620/A (INVX4)                                   0.035096  0.000000   0.665220 f
  candidates_i/U620/Y (INVX4)                                   0.044265  0.042777   0.707997 r
  candidates_i/n3168 (net)                     15     0.035116            0.000000   0.707997 r
  candidates_i/U3514/A (NAND2X1)                                0.044265  0.000000   0.707997 r
  candidates_i/U3514/Y (NAND2X1)                                0.027213  0.022984   0.730981 f
  candidates_i/n3164 (net)                      2     0.004076            0.000000   0.730981 f
  candidates_i/U839/B (NAND3X1)                                 0.027213  0.000000   0.730981 f
  candidates_i/U839/Y (NAND3X1)                                 0.033388  0.035520   0.766500 r
  candidates_i/n593 (net)                       1     0.001539            0.000000   0.766500 r
  candidates_i/U379/A (BUFX2)                                   0.033388  0.000000   0.766500 r
  candidates_i/U379/Y (BUFX2)                                   0.016669  0.039728   0.806229 r
  candidates_i/n255 (net)                       3     0.005467            0.000000   0.806229 r
  candidates_i/U542/B (NOR2X1)                                  0.016669  0.000000   0.806229 r
  candidates_i/U542/Y (NOR2X1)                                  0.000805  0.012818   0.819047 f
  candidates_i/n387 (net)                       1     0.001763            0.000000   0.819047 f
  candidates_i/U541/A (AND2X2)                                  0.000805  0.000000   0.819047 f
  candidates_i/U541/Y (AND2X2)                                  0.000000  0.031363   0.850409 f
  candidates_i/n3211 (net)                      1     0.002832            0.000000   0.850409 f
  candidates_i/U3563/C (NAND3X1)                                0.000000  0.000000   0.850409 f
  candidates_i/U3563/Y (NAND3X1)                                0.037641  0.027530   0.877939 r
  candidates_i/n3212 (net)                      1     0.002292            0.000000   0.877939 r
  candidates_i/U3564/A (OR2X2)                                  0.037641  0.000000   0.877939 r
  candidates_i/U3564/Y (OR2X2)                                  0.016328  0.043263   0.921203 r
  candidates_i/n4159 (net)                      2     0.004383            0.000000   0.921203 r
  candidates_i/U1133/B (NAND3X1)                                0.016328  0.000000   0.921203 r
  candidates_i/U1133/Y (NAND3X1)                                0.020534  0.017583   0.938785 f
  candidates_i/n867 (net)                       2     0.003816            0.000000   0.938785 f
  candidates_i/U3578/C (AOI21X1)                                0.020534  0.000000   0.938785 f
  candidates_i/U3578/Y (AOI21X1)                                0.034536  0.025642   0.964427 r
  candidates_i/n4118 (net)                      2     0.003825            0.000000   0.964427 r
  candidates_i/U1208/B (NAND2X1)                                0.034536  0.000000   0.964427 r
  candidates_i/U1208/Y (NAND2X1)                                0.018407  0.019397   0.983825 f
  candidates_i/n4069 (net)                      1     0.001476            0.000000   0.983825 f
  candidates_i/U1210/A (INVX1)                                  0.018407  0.000000   0.983825 f
  candidates_i/U1210/Y (INVX1)                                  0.000000  0.008272   0.992097 r
  candidates_i/n1104 (net)                      2     0.003579            0.000000   0.992097 r
  candidates_i/U1205/B (NAND2X1)                                0.000000  0.000000   0.992097 r
  candidates_i/U1205/Y (NAND2X1)                                0.023747  0.013094   1.005191 f
  candidates_i/n4030 (net)                      1     0.002209            0.000000   1.005191 f
  candidates_i/U1217/A (NOR2X1)                                 0.023747  0.000000   1.005191 f
  candidates_i/U1217/Y (NOR2X1)                                 0.030746  0.033837   1.039027 r
  candidates_i/n983 (net)                       1     0.002764            0.000000   1.039027 r
  candidates_i/U4242/B (AOI22X1)                                0.030746  0.000000   1.039027 r
  candidates_i/U4242/Y (AOI22X1)                                0.034750  0.031796   1.070824 f
  candidates_i/n4028 (net)                      1     0.001944            0.000000   1.070824 f
  candidates_i/U1566/B (NAND2X1)                                0.034750  0.000000   1.070824 f
  candidates_i/U1566/Y (NAND2X1)                                0.031298  0.019175   1.089999 r
  candidates_i/candidate_mask[5] (net)          1     0.001798            0.000000   1.089999 r
  candidates_i/candidate_mask[5] (mc_candidates_Q_DEPTH16_ROW_W8_COL_W6)  0.000000   1.089999 r
  candidate_mask[5] (net)                             0.001798            0.000000   1.089999 r
  frfcfs.scheduler_i/candidate_mask[5] (mc_scheduler_frfcfs_Q_DEPTH16_ADDR_W16_AGE_LIMIT128_AGING_ENABLE1)
                                                                          0.000000   1.089999 r
  frfcfs.scheduler_i/candidate_mask[5] (net)          0.001798            0.000000   1.089999 r
  frfcfs.scheduler_i/U956/A (AND2X2)                            0.031298  0.000000   1.089999 r
  frfcfs.scheduler_i/U956/Y (AND2X2)                            0.012789  0.036849   1.126848 r
  frfcfs.scheduler_i/n1201 (net)                2     0.004303            0.000000   1.126848 r
  frfcfs.scheduler_i/U1278/B (AOI22X1)                          0.012789  0.000000   1.126848 r
  frfcfs.scheduler_i/U1278/Y (AOI22X1)                          0.036957  0.028791   1.155638 f
  frfcfs.scheduler_i/n986 (net)                 1     0.002832            0.000000   1.155638 f
  frfcfs.scheduler_i/U1279/C (NAND3X1)                          0.036957  0.000000   1.155638 f
  frfcfs.scheduler_i/U1279/Y (NAND3X1)                          0.040817  0.039341   1.194979 r
  frfcfs.scheduler_i/n1019 (net)                1     0.003063            0.000000   1.194979 r
  frfcfs.scheduler_i/U1307/B (NOR3X1)                           0.040817  0.000000   1.194979 r
  frfcfs.scheduler_i/U1307/Y (NOR3X1)                           0.028485  0.034516   1.229495 f
  frfcfs.scheduler_i/n1054 (net)                1     0.002832            0.000000   1.229495 f
  frfcfs.scheduler_i/U1326/C (NAND3X1)                          0.028485  0.000000   1.229495 f
  frfcfs.scheduler_i/U1326/Y (NAND3X1)                          0.037441  0.035090   1.264585 r
  frfcfs.scheduler_i/n1055 (net)                1     0.002386            0.000000   1.264585 r
  frfcfs.scheduler_i/U214/C (AOI21X1)                           0.037441  0.000000   1.264585 r
  frfcfs.scheduler_i/U214/Y (AOI21X1)                           0.021181  0.022985   1.287571 f
  frfcfs.scheduler_i/n1056 (net)                2     0.003848            0.000000   1.287571 f
  frfcfs.scheduler_i/U217/C (OAI21X1)                           0.021181  0.000000   1.287571 f
  frfcfs.scheduler_i/U217/Y (OAI21X1)                           0.055257  0.031834   1.319404 r
  frfcfs.scheduler_i/n1178 (net)                2     0.005310            0.000000   1.319404 r
  frfcfs.scheduler_i/U224/A (INVX2)                             0.055257  0.000000   1.319404 r
  frfcfs.scheduler_i/U224/Y (INVX2)                             0.030734  0.031440   1.350844 f
  frfcfs.scheduler_i/n1202 (net)                5     0.012923            0.000000   1.350844 f
  frfcfs.scheduler_i/U1359/B (OAI21X1)                          0.030734  0.000000   1.350844 f
  frfcfs.scheduler_i/U1359/Y (OAI21X1)                          0.051136  0.050699   1.401543 r
  frfcfs.scheduler_i/n1163 (net)                2     0.004206            0.000000   1.401543 r
  frfcfs.scheduler_i/U163/A (INVX2)                             0.051136  0.000000   1.401543 r
  frfcfs.scheduler_i/U163/Y (INVX2)                             0.021602  0.024105   1.425648 f
  frfcfs.scheduler_i/n252 (net)                 3     0.005678            0.000000   1.425648 f
  frfcfs.scheduler_i/U1518/B (AOI22X1)                          0.021602  0.000000   1.425648 f
  frfcfs.scheduler_i/U1518/Y (AOI22X1)                          0.045955  0.043307   1.468954 r
  frfcfs.scheduler_i/n1407 (net)                1     0.002548            0.000000   1.468954 r
  frfcfs.scheduler_i/U1519/A (NAND3X1)                          0.045955  0.000000   1.468954 r
  frfcfs.scheduler_i/U1519/Y (NAND3X1)                          0.016332  0.022688   1.491643 f
  frfcfs.scheduler_i/n1410 (net)                1     0.002297            0.000000   1.491643 f
  frfcfs.scheduler_i/U391/B (NOR2X1)                            0.016332  0.000000   1.491643 f
  frfcfs.scheduler_i/U391/Y (NOR2X1)                            0.024721  0.028380   1.520023 r
  frfcfs.scheduler_i/n269 (net)                 1     0.001798            0.000000   1.520023 r
  frfcfs.scheduler_i/U390/A (AND2X2)                            0.024721  0.000000   1.520023 r
  frfcfs.scheduler_i/U390/Y (AND2X2)                            0.014842  0.036445   1.556468 r
  frfcfs.scheduler_i/n1416 (net)                2     0.004221            0.000000   1.556468 r
  frfcfs.scheduler_i/U1524/A (NAND2X1)                          0.014842  0.000000   1.556468 r
  frfcfs.scheduler_i/U1524/Y (NAND2X1)                          0.021654  0.012786   1.569254 f
  frfcfs.scheduler_i/n1593 (net)                1     0.001884            0.000000   1.569254 f
  frfcfs.scheduler_i/U1563/A (NAND2X1)                          0.021654  0.000000   1.569254 f
  frfcfs.scheduler_i/U1563/Y (NAND2X1)                          0.045376  0.037249   1.606503 r
  frfcfs.scheduler_i/n1590 (net)                2     0.004602            0.000000   1.606503 r
  frfcfs.scheduler_i/U1564/B (NOR3X1)                           0.045376  0.000000   1.606503 r
  frfcfs.scheduler_i/U1564/Y (NOR3X1)                           0.029436  0.037406   1.643909 f
  frfcfs.scheduler_i/n1461 (net)                2     0.003583            0.000000   1.643909 f
  frfcfs.scheduler_i/U1565/A (AND2X2)                           0.029436  0.000000   1.643909 f
  frfcfs.scheduler_i/U1565/Y (AND2X2)                           0.010699  0.044675   1.688583 f
  frfcfs.scheduler_i/n1569 (net)                4     0.008566            0.000000   1.688583 f
  frfcfs.scheduler_i/U388/A (AND2X2)                            0.010699  0.000000   1.688583 f
  frfcfs.scheduler_i/U388/Y (AND2X2)                            0.000000  0.034468   1.723052 f
  frfcfs.scheduler_i/n267 (net)                 2     0.003420            0.000000   1.723052 f
  frfcfs.scheduler_i/U1630/B (NAND2X1)                          0.000000  0.000000   1.723052 f
  frfcfs.scheduler_i/U1630/Y (NAND2X1)                          0.033985  0.008122   1.731174 r
  frfcfs.scheduler_i/n1554 (net)                1     0.001869            0.000000   1.731174 r
  frfcfs.scheduler_i/U295/B (AND2X2)                            0.033985  0.000000   1.731174 r
  frfcfs.scheduler_i/U295/Y (AND2X2)                            0.027763  0.045136   1.776310 r
  frfcfs.scheduler_i/n189 (net)                 1     0.010083            0.000000   1.776310 r
  frfcfs.scheduler_i/U961/A (INVX8)                             0.027763  0.000000   1.776310 r
  frfcfs.scheduler_i/U961/Y (INVX8)                             0.043542  0.048306   1.824616 f
  frfcfs.scheduler_i/select_mask[3] (net)      48     0.135611            0.000000   1.824616 f
  frfcfs.scheduler_i/select_mask[3] (mc_scheduler_frfcfs_Q_DEPTH16_ADDR_W16_AGE_LIMIT128_AGING_ENABLE1)
                                                                          0.000000   1.824616 f
  select_mask[3] (net)                                0.135611            0.000000   1.824616 f
  U7121/B (AOI22X1)                                             0.043542  0.000000   1.824616 f
  U7121/Y (AOI22X1)                                             0.043108  0.046657   1.871273 r
  n6949 (net)                                   1     0.001551            0.000000   1.871273 r
  U1995/A (INVX1)                                               0.043108  0.000000   1.871273 r
  U1995/Y (INVX1)                                               0.014117  0.027925   1.899198 f
  n1359 (net)                                   2     0.003777            0.000000   1.899198 f
  U1483/A (OR2X2)                                               0.014117  0.000000   1.899198 f
  U1483/Y (OR2X2)                                               0.005741  0.038405   1.937602 f
  n1089 (net)                                   1     0.002297            0.000000   1.937602 f
  U1996/B (NOR2X1)                                              0.005741  0.000000   1.937602 f
  U1996/Y (NOR2X1)                                              0.024791  0.025344   1.962946 r
  n1356 (net)                                   1     0.001551            0.000000   1.962946 r
  U1992/A (INVX1)                                               0.024791  0.000000   1.962946 r
  U1992/Y (INVX1)                                               0.034015  0.035728   1.998675 f
  cmd_row[3] (net)                              1     0.010000            0.000000   1.998675 f
  cmd_row[3] (out)                                              0.034015  0.000000   1.998675 f
  data arrival time                                                                  1.998675

  clock core_clk (rise edge)                                              3.000000   3.000000
  clock network delay (ideal)                                             0.000000   3.000000
  clock uncertainty                                                       -0.100000  2.900000
  output external delay                                                   -1.000000  1.900000
  data required time                                                                 1.900000
  ----------------------------------------------------------------------------------------------
  data required time                                                                 1.900000
  data arrival time                                                                  -1.998675
  ----------------------------------------------------------------------------------------------
  slack (VIOLATED)                                                                   -0.098674


  Startpoint: table_i/addresses_reg[93]
              (rising edge-triggered flip-flop clocked by core_clk)
  Endpoint: cmd_row[1] (output port clocked by core_clk)
  Path Group: core_clk
  Path Type: max

  Point                                       Fanout       Cap     Trans      Incr       Path
  ----------------------------------------------------------------------------------------------
  clock core_clk (rise edge)                                              0.000000   0.000000
  clock network delay (ideal)                                             0.000000   0.000000
  table_i/addresses_reg[93]/CLK (DFFPOSX1)                      0.000000  0.000000 # 0.000000 r
  table_i/addresses_reg[93]/Q (DFFPOSX1)                        0.023267  0.105501   0.105501 f
  table_i/n6738 (net)                           1     0.005092            0.000000   0.105501 f
  table_i/U839/A (INVX4)                                        0.023267  0.000000   0.105501 f
  table_i/U839/Y (INVX4)                                        0.009539  0.021286   0.126787 r
  table_i/n135 (net)                            1     0.010083            0.000000   0.126787 r
  table_i/U841/A (INVX8)                                        0.009539  0.000000   0.126787 r
  table_i/U841/Y (INVX8)                                        0.011562  0.028573   0.155360 f
  table_i/addresses[93] (net)                  13     0.038792            0.000000   0.155360 f
  table_i/addresses[93] (mc_transaction_table_Q_DEPTH16_ADDR_W16_DATA_W32_TAG_W8_READ_LATENCY3_AGE_LIMIT128)
                                                                          0.000000   0.155360 f
  addresses[93] (net)                                 0.038792            0.000000   0.155360 f
  U3006/A (XNOR2X1)                                             0.011562  0.000000   0.155360 f
  U3006/Y (XNOR2X1)                                             0.017943  0.027315   0.182675 f
  n5757 (net)                                   1     0.002600            0.000000   0.182675 f
  U6384/B (NAND3X1)                                             0.017943  0.000000   0.182675 f
  U6384/Y (NAND3X1)                                             0.033682  0.032565   0.215240 r
  n5758 (net)                                   1     0.001539            0.000000   0.215240 r
  U4369/A (BUFX2)                                               0.033682  0.000000   0.215240 r
  U4369/Y (BUFX2)                                               0.009294  0.034852   0.250092 r
  n3071 (net)                                   1     0.002292            0.000000   0.250092 r
  U4368/A (OR2X2)                                               0.009294  0.000000   0.250092 r
  U4368/Y (OR2X2)                                               0.011402  0.038099   0.288192 r
  n5760 (net)                                   2     0.003102            0.000000   0.288192 r
  U1577/A (INVX1)                                               0.011402  0.000000   0.288192 r
  U1577/Y (INVX1)                                               0.012811  0.016934   0.305126 f
  n1134 (net)                                   1     0.002600            0.000000   0.305126 f
  U3029/B (NAND3X1)                                             0.012811  0.000000   0.305126 f
  U3029/Y (NAND3X1)                                             0.037717  0.033491   0.338617 r
  n2025 (net)                                   1     0.002365            0.000000   0.338617 r
  U6386/B (NOR2X1)                                              0.037717  0.000000   0.338617 r
  U6386/Y (NOR2X1)                                              0.004613  0.020856   0.359473 f
  n7560 (net)                                   1     0.002832            0.000000   0.359473 f
  candidates_i/same_address[197] (mc_candidates_Q_DEPTH16_ROW_W8_COL_W6)  0.000000   0.359473 f
  candidates_i/same_address[197] (net)                0.002832            0.000000   0.359473 f
  candidates_i/U2378/C (NAND3X1)                                0.004613  0.000000   0.359473 f
  candidates_i/U2378/Y (NAND3X1)                                0.033834  0.027193   0.386666 r
  candidates_i/n1670 (net)                      1     0.001798            0.000000   0.386666 r
  candidates_i/U593/A (AND2X2)                                  0.033834  0.000000   0.386666 r
  candidates_i/U593/Y (AND2X2)                                  0.008908  0.033209   0.419875 r
  candidates_i/n425 (net)                       1     0.001869            0.000000   0.419875 r
  candidates_i/U512/B (AND2X2)                                  0.008908  0.000000   0.419875 r
  candidates_i/U512/Y (AND2X2)                                  0.011573  0.033958   0.453833 r
  candidates_i/n364 (net)                       2     0.003579            0.000000   0.453833 r
  candidates_i/U623/A (INVX1)                                   0.011573  0.000000   0.453833 r
  candidates_i/U623/Y (INVX1)                                   0.012029  0.016452   0.470285 f
  candidates_i/n447 (net)                       1     0.002342            0.000000   0.470285 f
  candidates_i/U603/B (OR2X2)                                   0.012029  0.000000   0.470285 f
  candidates_i/U603/Y (OR2X2)                                   0.008797  0.049165   0.519450 f
  candidates_i/n433 (net)                       2     0.004602            0.000000   0.519450 f
  candidates_i/U584/A (OR2X2)                                   0.008797  0.000000   0.519450 f
  candidates_i/U584/Y (OR2X2)                                   0.006197  0.037525   0.556974 f
  candidates_i/n417 (net)                       1     0.002301            0.000000   0.556974 f
  candidates_i/U572/A (OR2X2)                                   0.006197  0.000000   0.556974 f
  candidates_i/U572/Y (OR2X2)                                   0.005344  0.037670   0.594644 f
  candidates_i/n409 (net)                       1     0.002832            0.000000   0.594644 f
  candidates_i/U570/C (NAND3X1)                                 0.005344  0.000000   0.594644 f
  candidates_i/U570/Y (NAND3X1)                                 0.041065  0.031261   0.625905 r
  candidates_i/n406 (net)                       1     0.003063            0.000000   0.625905 r
  candidates_i/U619/B (NOR3X1)                                  0.041065  0.000000   0.625905 r
  candidates_i/U619/Y (NOR3X1)                                  0.035096  0.039315   0.665220 f
  candidates_i/n444 (net)                       1     0.005092            0.000000   0.665220 f
  candidates_i/U620/A (INVX4)                                   0.035096  0.000000   0.665220 f
  candidates_i/U620/Y (INVX4)                                   0.044265  0.042777   0.707997 r
  candidates_i/n3168 (net)                     15     0.035116            0.000000   0.707997 r
  candidates_i/U3514/A (NAND2X1)                                0.044265  0.000000   0.707997 r
  candidates_i/U3514/Y (NAND2X1)                                0.027213  0.022984   0.730981 f
  candidates_i/n3164 (net)                      2     0.004076            0.000000   0.730981 f
  candidates_i/U839/B (NAND3X1)                                 0.027213  0.000000   0.730981 f
  candidates_i/U839/Y (NAND3X1)                                 0.033388  0.035520   0.766500 r
  candidates_i/n593 (net)                       1     0.001539            0.000000   0.766500 r
  candidates_i/U379/A (BUFX2)                                   0.033388  0.000000   0.766500 r
  candidates_i/U379/Y (BUFX2)                                   0.016669  0.039728   0.806229 r
  candidates_i/n255 (net)                       3     0.005467            0.000000   0.806229 r
  candidates_i/U542/B (NOR2X1)                                  0.016669  0.000000   0.806229 r
  candidates_i/U542/Y (NOR2X1)                                  0.000805  0.012818   0.819047 f
  candidates_i/n387 (net)                       1     0.001763            0.000000   0.819047 f
  candidates_i/U541/A (AND2X2)                                  0.000805  0.000000   0.819047 f
  candidates_i/U541/Y (AND2X2)                                  0.000000  0.031363   0.850409 f
  candidates_i/n3211 (net)                      1     0.002832            0.000000   0.850409 f
  candidates_i/U3563/C (NAND3X1)                                0.000000  0.000000   0.850409 f
  candidates_i/U3563/Y (NAND3X1)                                0.037641  0.027530   0.877939 r
  candidates_i/n3212 (net)                      1     0.002292            0.000000   0.877939 r
  candidates_i/U3564/A (OR2X2)                                  0.037641  0.000000   0.877939 r
  candidates_i/U3564/Y (OR2X2)                                  0.016328  0.043263   0.921203 r
  candidates_i/n4159 (net)                      2     0.004383            0.000000   0.921203 r
  candidates_i/U1133/B (NAND3X1)                                0.016328  0.000000   0.921203 r
  candidates_i/U1133/Y (NAND3X1)                                0.020534  0.017583   0.938785 f
  candidates_i/n867 (net)                       2     0.003816            0.000000   0.938785 f
  candidates_i/U3578/C (AOI21X1)                                0.020534  0.000000   0.938785 f
  candidates_i/U3578/Y (AOI21X1)                                0.034536  0.025642   0.964427 r
  candidates_i/n4118 (net)                      2     0.003825            0.000000   0.964427 r
  candidates_i/U1208/B (NAND2X1)                                0.034536  0.000000   0.964427 r
  candidates_i/U1208/Y (NAND2X1)                                0.018407  0.019397   0.983825 f
  candidates_i/n4069 (net)                      1     0.001476            0.000000   0.983825 f
  candidates_i/U1210/A (INVX1)                                  0.018407  0.000000   0.983825 f
  candidates_i/U1210/Y (INVX1)                                  0.000000  0.008272   0.992097 r
  candidates_i/n1104 (net)                      2     0.003579            0.000000   0.992097 r
  candidates_i/U1205/B (NAND2X1)                                0.000000  0.000000   0.992097 r
  candidates_i/U1205/Y (NAND2X1)                                0.023747  0.013094   1.005191 f
  candidates_i/n4030 (net)                      1     0.002209            0.000000   1.005191 f
  candidates_i/U1217/A (NOR2X1)                                 0.023747  0.000000   1.005191 f
  candidates_i/U1217/Y (NOR2X1)                                 0.030746  0.033837   1.039027 r
  candidates_i/n983 (net)                       1     0.002764            0.000000   1.039027 r
  candidates_i/U4242/B (AOI22X1)                                0.030746  0.000000   1.039027 r
  candidates_i/U4242/Y (AOI22X1)                                0.034750  0.031796   1.070824 f
  candidates_i/n4028 (net)                      1     0.001944            0.000000   1.070824 f
  candidates_i/U1566/B (NAND2X1)                                0.034750  0.000000   1.070824 f
  candidates_i/U1566/Y (NAND2X1)                                0.031298  0.019175   1.089999 r
  candidates_i/candidate_mask[5] (net)          1     0.001798            0.000000   1.089999 r
  candidates_i/candidate_mask[5] (mc_candidates_Q_DEPTH16_ROW_W8_COL_W6)  0.000000   1.089999 r
  candidate_mask[5] (net)                             0.001798            0.000000   1.089999 r
  frfcfs.scheduler_i/candidate_mask[5] (mc_scheduler_frfcfs_Q_DEPTH16_ADDR_W16_AGE_LIMIT128_AGING_ENABLE1)
                                                                          0.000000   1.089999 r
  frfcfs.scheduler_i/candidate_mask[5] (net)          0.001798            0.000000   1.089999 r
  frfcfs.scheduler_i/U956/A (AND2X2)                            0.031298  0.000000   1.089999 r
  frfcfs.scheduler_i/U956/Y (AND2X2)                            0.012789  0.036849   1.126848 r
  frfcfs.scheduler_i/n1201 (net)                2     0.004303            0.000000   1.126848 r
  frfcfs.scheduler_i/U1278/B (AOI22X1)                          0.012789  0.000000   1.126848 r
  frfcfs.scheduler_i/U1278/Y (AOI22X1)                          0.036957  0.028791   1.155638 f
  frfcfs.scheduler_i/n986 (net)                 1     0.002832            0.000000   1.155638 f
  frfcfs.scheduler_i/U1279/C (NAND3X1)                          0.036957  0.000000   1.155638 f
  frfcfs.scheduler_i/U1279/Y (NAND3X1)                          0.040817  0.039341   1.194979 r
  frfcfs.scheduler_i/n1019 (net)                1     0.003063            0.000000   1.194979 r
  frfcfs.scheduler_i/U1307/B (NOR3X1)                           0.040817  0.000000   1.194979 r
  frfcfs.scheduler_i/U1307/Y (NOR3X1)                           0.028485  0.034516   1.229495 f
  frfcfs.scheduler_i/n1054 (net)                1     0.002832            0.000000   1.229495 f
  frfcfs.scheduler_i/U1326/C (NAND3X1)                          0.028485  0.000000   1.229495 f
  frfcfs.scheduler_i/U1326/Y (NAND3X1)                          0.037441  0.035090   1.264585 r
  frfcfs.scheduler_i/n1055 (net)                1     0.002386            0.000000   1.264585 r
  frfcfs.scheduler_i/U214/C (AOI21X1)                           0.037441  0.000000   1.264585 r
  frfcfs.scheduler_i/U214/Y (AOI21X1)                           0.021181  0.022985   1.287571 f
  frfcfs.scheduler_i/n1056 (net)                2     0.003848            0.000000   1.287571 f
  frfcfs.scheduler_i/U217/C (OAI21X1)                           0.021181  0.000000   1.287571 f
  frfcfs.scheduler_i/U217/Y (OAI21X1)                           0.055257  0.031834   1.319404 r
  frfcfs.scheduler_i/n1178 (net)                2     0.005310            0.000000   1.319404 r
  frfcfs.scheduler_i/U224/A (INVX2)                             0.055257  0.000000   1.319404 r
  frfcfs.scheduler_i/U224/Y (INVX2)                             0.030734  0.031440   1.350844 f
  frfcfs.scheduler_i/n1202 (net)                5     0.012923            0.000000   1.350844 f
  frfcfs.scheduler_i/U1359/B (OAI21X1)                          0.030734  0.000000   1.350844 f
  frfcfs.scheduler_i/U1359/Y (OAI21X1)                          0.051136  0.050699   1.401543 r
  frfcfs.scheduler_i/n1163 (net)                2     0.004206            0.000000   1.401543 r
  frfcfs.scheduler_i/U163/A (INVX2)                             0.051136  0.000000   1.401543 r
  frfcfs.scheduler_i/U163/Y (INVX2)                             0.021602  0.024105   1.425648 f
  frfcfs.scheduler_i/n252 (net)                 3     0.005678            0.000000   1.425648 f
  frfcfs.scheduler_i/U1518/B (AOI22X1)                          0.021602  0.000000   1.425648 f
  frfcfs.scheduler_i/U1518/Y (AOI22X1)                          0.045955  0.043307   1.468954 r
  frfcfs.scheduler_i/n1407 (net)                1     0.002548            0.000000   1.468954 r
  frfcfs.scheduler_i/U1519/A (NAND3X1)                          0.045955  0.000000   1.468954 r
  frfcfs.scheduler_i/U1519/Y (NAND3X1)                          0.016332  0.022688   1.491643 f
  frfcfs.scheduler_i/n1410 (net)                1     0.002297            0.000000   1.491643 f
  frfcfs.scheduler_i/U391/B (NOR2X1)                            0.016332  0.000000   1.491643 f
  frfcfs.scheduler_i/U391/Y (NOR2X1)                            0.024721  0.028380   1.520023 r
  frfcfs.scheduler_i/n269 (net)                 1     0.001798            0.000000   1.520023 r
  frfcfs.scheduler_i/U390/A (AND2X2)                            0.024721  0.000000   1.520023 r
  frfcfs.scheduler_i/U390/Y (AND2X2)                            0.014842  0.036445   1.556468 r
  frfcfs.scheduler_i/n1416 (net)                2     0.004221            0.000000   1.556468 r
  frfcfs.scheduler_i/U1524/A (NAND2X1)                          0.014842  0.000000   1.556468 r
  frfcfs.scheduler_i/U1524/Y (NAND2X1)                          0.021654  0.012786   1.569254 f
  frfcfs.scheduler_i/n1593 (net)                1     0.001884            0.000000   1.569254 f
  frfcfs.scheduler_i/U1563/A (NAND2X1)                          0.021654  0.000000   1.569254 f
  frfcfs.scheduler_i/U1563/Y (NAND2X1)                          0.045376  0.037249   1.606503 r
  frfcfs.scheduler_i/n1590 (net)                2     0.004602            0.000000   1.606503 r
  frfcfs.scheduler_i/U1564/B (NOR3X1)                           0.045376  0.000000   1.606503 r
  frfcfs.scheduler_i/U1564/Y (NOR3X1)                           0.029436  0.037406   1.643909 f
  frfcfs.scheduler_i/n1461 (net)                2     0.003583            0.000000   1.643909 f
  frfcfs.scheduler_i/U1565/A (AND2X2)                           0.029436  0.000000   1.643909 f
  frfcfs.scheduler_i/U1565/Y (AND2X2)                           0.010699  0.044675   1.688583 f
  frfcfs.scheduler_i/n1569 (net)                4     0.008566            0.000000   1.688583 f
  frfcfs.scheduler_i/U388/A (AND2X2)                            0.010699  0.000000   1.688583 f
  frfcfs.scheduler_i/U388/Y (AND2X2)                            0.000000  0.034468   1.723052 f
  frfcfs.scheduler_i/n267 (net)                 2     0.003420            0.000000   1.723052 f
  frfcfs.scheduler_i/U1630/B (NAND2X1)                          0.000000  0.000000   1.723052 f
  frfcfs.scheduler_i/U1630/Y (NAND2X1)                          0.033985  0.008122   1.731174 r
  frfcfs.scheduler_i/n1554 (net)                1     0.001869            0.000000   1.731174 r
  frfcfs.scheduler_i/U295/B (AND2X2)                            0.033985  0.000000   1.731174 r
  frfcfs.scheduler_i/U295/Y (AND2X2)                            0.027763  0.045136   1.776310 r
  frfcfs.scheduler_i/n189 (net)                 1     0.010083            0.000000   1.776310 r
  frfcfs.scheduler_i/U961/A (INVX8)                             0.027763  0.000000   1.776310 r
  frfcfs.scheduler_i/U961/Y (INVX8)                             0.043542  0.048306   1.824616 f
  frfcfs.scheduler_i/select_mask[3] (net)      48     0.135611            0.000000   1.824616 f
  frfcfs.scheduler_i/select_mask[3] (mc_scheduler_frfcfs_Q_DEPTH16_ADDR_W16_AGE_LIMIT128_AGING_ENABLE1)
                                                                          0.000000   1.824616 f
  select_mask[3] (net)                                0.135611            0.000000   1.824616 f
  U7096/B (AOI22X1)                                             0.043542  0.000000   1.824616 f
  U7096/Y (AOI22X1)                                             0.043322  0.046657   1.871273 r
  n6920 (net)                                   1     0.001551            0.000000   1.871273 r
  U1990/A (INVX1)                                               0.043322  0.000000   1.871273 r
  U1990/Y (INVX1)                                               0.014102  0.027982   1.899256 f
  n1355 (net)                                   2     0.003777            0.000000   1.899256 f
  U1953/A (OR2X2)                                               0.014102  0.000000   1.899256 f
  U1953/Y (OR2X2)                                               0.005306  0.038402   1.937658 f
  n1327 (net)                                   1     0.002297            0.000000   1.937658 f
  U1991/B (NOR2X1)                                              0.005306  0.000000   1.937658 f
  U1991/Y (NOR2X1)                                              0.024843  0.025252   1.962910 r
  n1352 (net)                                   1     0.001551            0.000000   1.962910 r
  U1987/A (INVX1)                                               0.024843  0.000000   1.962910 r
  U1987/Y (INVX1)                                               0.034012  0.035742   1.998652 f
  cmd_row[1] (net)                              1     0.010000            0.000000   1.998652 f
  cmd_row[1] (out)                                              0.034012  0.000000   1.998652 f
  data arrival time                                                                  1.998652

  clock core_clk (rise edge)                                              3.000000   3.000000
  clock network delay (ideal)                                             0.000000   3.000000
  clock uncertainty                                                       -0.100000  2.900000
  output external delay                                                   -1.000000  1.900000
  data required time                                                                 1.900000
  ----------------------------------------------------------------------------------------------
  data required time                                                                 1.900000
  data arrival time                                                                  -1.998652
  ----------------------------------------------------------------------------------------------
  slack (VIOLATED)                                                                   -0.098652


  Startpoint: table_i/addresses_reg[93]
              (rising edge-triggered flip-flop clocked by core_clk)
  Endpoint: cmd_wdata[11]
            (output port clocked by core_clk)
  Path Group: core_clk
  Path Type: max

  Point                                       Fanout       Cap     Trans      Incr       Path
  ----------------------------------------------------------------------------------------------
  clock core_clk (rise edge)                                              0.000000   0.000000
  clock network delay (ideal)                                             0.000000   0.000000
  table_i/addresses_reg[93]/CLK (DFFPOSX1)                      0.000000  0.000000 # 0.000000 r
  table_i/addresses_reg[93]/Q (DFFPOSX1)                        0.023267  0.105501   0.105501 f
  table_i/n6738 (net)                           1     0.005092            0.000000   0.105501 f
  table_i/U839/A (INVX4)                                        0.023267  0.000000   0.105501 f
  table_i/U839/Y (INVX4)                                        0.009539  0.021286   0.126787 r
  table_i/n135 (net)                            1     0.010083            0.000000   0.126787 r
  table_i/U841/A (INVX8)                                        0.009539  0.000000   0.126787 r
  table_i/U841/Y (INVX8)                                        0.011562  0.028573   0.155360 f
  table_i/addresses[93] (net)                  13     0.038792            0.000000   0.155360 f
  table_i/addresses[93] (mc_transaction_table_Q_DEPTH16_ADDR_W16_DATA_W32_TAG_W8_READ_LATENCY3_AGE_LIMIT128)
                                                                          0.000000   0.155360 f
  addresses[93] (net)                                 0.038792            0.000000   0.155360 f
  U3006/A (XNOR2X1)                                             0.011562  0.000000   0.155360 f
  U3006/Y (XNOR2X1)                                             0.017943  0.027315   0.182675 f
  n5757 (net)                                   1     0.002600            0.000000   0.182675 f
  U6384/B (NAND3X1)                                             0.017943  0.000000   0.182675 f
  U6384/Y (NAND3X1)                                             0.033682  0.032565   0.215240 r
  n5758 (net)                                   1     0.001539            0.000000   0.215240 r
  U4369/A (BUFX2)                                               0.033682  0.000000   0.215240 r
  U4369/Y (BUFX2)                                               0.009294  0.034852   0.250092 r
  n3071 (net)                                   1     0.002292            0.000000   0.250092 r
  U4368/A (OR2X2)                                               0.009294  0.000000   0.250092 r
  U4368/Y (OR2X2)                                               0.011402  0.038099   0.288192 r
  n5760 (net)                                   2     0.003102            0.000000   0.288192 r
  U1577/A (INVX1)                                               0.011402  0.000000   0.288192 r
  U1577/Y (INVX1)                                               0.012811  0.016934   0.305126 f
  n1134 (net)                                   1     0.002600            0.000000   0.305126 f
  U3029/B (NAND3X1)                                             0.012811  0.000000   0.305126 f
  U3029/Y (NAND3X1)                                             0.037717  0.033491   0.338617 r
  n2025 (net)                                   1     0.002365            0.000000   0.338617 r
  U6386/B (NOR2X1)                                              0.037717  0.000000   0.338617 r
  U6386/Y (NOR2X1)                                              0.004613  0.020856   0.359473 f
  n7560 (net)                                   1     0.002832            0.000000   0.359473 f
  candidates_i/same_address[197] (mc_candidates_Q_DEPTH16_ROW_W8_COL_W6)  0.000000   0.359473 f
  candidates_i/same_address[197] (net)                0.002832            0.000000   0.359473 f
  candidates_i/U2378/C (NAND3X1)                                0.004613  0.000000   0.359473 f
  candidates_i/U2378/Y (NAND3X1)                                0.033834  0.027193   0.386666 r
  candidates_i/n1670 (net)                      1     0.001798            0.000000   0.386666 r
  candidates_i/U593/A (AND2X2)                                  0.033834  0.000000   0.386666 r
  candidates_i/U593/Y (AND2X2)                                  0.008908  0.033209   0.419875 r
  candidates_i/n425 (net)                       1     0.001869            0.000000   0.419875 r
  candidates_i/U512/B (AND2X2)                                  0.008908  0.000000   0.419875 r
  candidates_i/U512/Y (AND2X2)                                  0.011573  0.033958   0.453833 r
  candidates_i/n364 (net)                       2     0.003579            0.000000   0.453833 r
  candidates_i/U623/A (INVX1)                                   0.011573  0.000000   0.453833 r
  candidates_i/U623/Y (INVX1)                                   0.012029  0.016452   0.470285 f
  candidates_i/n447 (net)                       1     0.002342            0.000000   0.470285 f
  candidates_i/U603/B (OR2X2)                                   0.012029  0.000000   0.470285 f
  candidates_i/U603/Y (OR2X2)                                   0.008797  0.049165   0.519450 f
  candidates_i/n433 (net)                       2     0.004602            0.000000   0.519450 f
  candidates_i/U584/A (OR2X2)                                   0.008797  0.000000   0.519450 f
  candidates_i/U584/Y (OR2X2)                                   0.006197  0.037525   0.556974 f
  candidates_i/n417 (net)                       1     0.002301            0.000000   0.556974 f
  candidates_i/U572/A (OR2X2)                                   0.006197  0.000000   0.556974 f
  candidates_i/U572/Y (OR2X2)                                   0.005344  0.037670   0.594644 f
  candidates_i/n409 (net)                       1     0.002832            0.000000   0.594644 f
  candidates_i/U570/C (NAND3X1)                                 0.005344  0.000000   0.594644 f
  candidates_i/U570/Y (NAND3X1)                                 0.041065  0.031261   0.625905 r
  candidates_i/n406 (net)                       1     0.003063            0.000000   0.625905 r
  candidates_i/U619/B (NOR3X1)                                  0.041065  0.000000   0.625905 r
  candidates_i/U619/Y (NOR3X1)                                  0.035096  0.039315   0.665220 f
  candidates_i/n444 (net)                       1     0.005092            0.000000   0.665220 f
  candidates_i/U620/A (INVX4)                                   0.035096  0.000000   0.665220 f
  candidates_i/U620/Y (INVX4)                                   0.044265  0.042777   0.707997 r
  candidates_i/n3168 (net)                     15     0.035116            0.000000   0.707997 r
  candidates_i/U3514/A (NAND2X1)                                0.044265  0.000000   0.707997 r
  candidates_i/U3514/Y (NAND2X1)                                0.027213  0.022984   0.730981 f
  candidates_i/n3164 (net)                      2     0.004076            0.000000   0.730981 f
  candidates_i/U839/B (NAND3X1)                                 0.027213  0.000000   0.730981 f
  candidates_i/U839/Y (NAND3X1)                                 0.033388  0.035520   0.766500 r
  candidates_i/n593 (net)                       1     0.001539            0.000000   0.766500 r
  candidates_i/U379/A (BUFX2)                                   0.033388  0.000000   0.766500 r
  candidates_i/U379/Y (BUFX2)                                   0.016669  0.039728   0.806229 r
  candidates_i/n255 (net)                       3     0.005467            0.000000   0.806229 r
  candidates_i/U273/A (INVX1)                                   0.016669  0.000000   0.806229 r
  candidates_i/U273/Y (INVX1)                                   0.018160  0.022282   0.828511 f
  candidates_i/n612 (net)                       3     0.004512            0.000000   0.828511 f
  candidates_i/U270/A (BUFX2)                                   0.018160  0.000000   0.828511 f
  candidates_i/U270/Y (BUFX2)                                   0.004248  0.035111   0.863622 f
  candidates_i/n173 (net)                       1     0.002826            0.000000   0.863622 f
  candidates_i/U3603/D (AOI22X1)                                0.004248  0.000000   0.863622 f
  candidates_i/U3603/Y (AOI22X1)                                0.043229  0.024299   0.887921 r
  candidates_i/n3249 (net)                      1     0.001869            0.000000   0.887921 r
  candidates_i/U3604/B (AND2X2)                                 0.043229  0.000000   0.887921 r
  candidates_i/U3604/Y (AND2X2)                                 0.011984  0.034668   0.922588 r
  candidates_i/n3251 (net)                      1     0.002961            0.000000   0.922588 r
  candidates_i/U3605/C (NAND3X1)                                0.011984  0.000000   0.922588 r
  candidates_i/U3605/Y (NAND3X1)                                0.016576  0.010737   0.933325 f
  candidates_i/n3254 (net)                      1     0.002301            0.000000   0.933325 f
  candidates_i/U3606/A (OR2X2)                                  0.016576  0.000000   0.933325 f
  candidates_i/U3606/Y (OR2X2)                                  0.007513  0.039975   0.973300 f
  candidates_i/n4101 (net)                      2     0.003361            0.000000   0.973300 f
  candidates_i/U1207/A (NAND2X1)                                0.007513  0.000000   0.973300 f
  candidates_i/U1207/Y (NAND2X1)                                0.031687  0.023319   0.996619 r
  candidates_i/n929 (net)                       1     0.001551            0.000000   0.996619 r
  candidates_i/U1209/A (INVX1)                                  0.031687  0.000000   0.996619 r
  candidates_i/U1209/Y (INVX1)                                  0.014696  0.024687   1.021305 f
  candidates_i/n930 (net)                       2     0.003704            0.000000   1.021305 f
  candidates_i/U1208/A (NAND2X1)                                0.014696  0.000000   1.021305 f
  candidates_i/U1208/Y (NAND2X1)                                0.031077  0.025585   1.046890 r
  candidates_i/n4069 (net)                      1     0.001551            0.000000   1.046890 r
  candidates_i/U1210/A (INVX1)                                  0.031077  0.000000   1.046890 r
  candidates_i/U1210/Y (INVX1)                                  0.013888  0.023940   1.070830 f
  candidates_i/n1104 (net)                      2     0.003420            0.000000   1.070830 f
  candidates_i/U1163/A (INVX1)                                  0.013888  0.000000   1.070830 f
  candidates_i/U1163/Y (INVX1)                                  0.000000  0.012999   1.083829 r
  candidates_i/n898 (net)                       2     0.005531            0.000000   1.083829 r
  candidates_i/U4256/C (NOR3X1)                                 0.000000  0.000000   1.083829 r
  candidates_i/U4256/Y (NOR3X1)                                 0.026519  0.018062   1.101891 f
  candidates_i/n4072 (net)                      1     0.002832            0.000000   1.101891 f
  candidates_i/U4257/C (NAND3X1)                                0.026519  0.000000   1.101891 f
  candidates_i/U4257/Y (NAND3X1)                                0.040560  0.036358   1.138249 r
  candidates_i/n4088 (net)                      1     0.002961            0.000000   1.138249 r
  candidates_i/U4264/C (NAND3X1)                                0.040560  0.000000   1.138249 r
  candidates_i/U4264/Y (NAND3X1)                                0.015664  0.016711   1.154960 f
  candidates_i/candidate_mask[8] (net)          1     0.001884            0.000000   1.154960 f
  candidates_i/candidate_mask[8] (mc_candidates_Q_DEPTH16_ROW_W8_COL_W6)  0.000000   1.154960 f
  candidate_mask[8] (net)                             0.001884            0.000000   1.154960 f
  frfcfs.scheduler_i/candidate_mask[8] (mc_scheduler_frfcfs_Q_DEPTH16_ADDR_W16_AGE_LIMIT128_AGING_ENABLE1)
                                                                          0.000000   1.154960 f
  frfcfs.scheduler_i/candidate_mask[8] (net)          0.001884            0.000000   1.154960 f
  frfcfs.scheduler_i/U1265/A (NAND2X1)                          0.015664  0.000000   1.154960 f
  frfcfs.scheduler_i/U1265/Y (NAND2X1)                          0.032449  0.025891   1.180851 r
  frfcfs.scheduler_i/n969 (net)                 1     0.001551            0.000000   1.180851 r
  frfcfs.scheduler_i/U860/A (INVX1)                             0.032449  0.000000   1.180851 r
  frfcfs.scheduler_i/U860/Y (INVX1)                             0.016533  0.026186   1.207038 f
  frfcfs.scheduler_i/n1182 (net)                2     0.004336            0.000000   1.207038 f
  frfcfs.scheduler_i/U1266/C (NAND3X1)                          0.016533  0.000000   1.207038 f
  frfcfs.scheduler_i/U1266/Y (NAND3X1)                          0.039632  0.033410   1.240448 r
  frfcfs.scheduler_i/n988 (net)                 1     0.002832            0.000000   1.240448 r
  frfcfs.scheduler_i/U1279/B (NAND3X1)                          0.039632  0.000000   1.240448 r
  frfcfs.scheduler_i/U1279/Y (NAND3X1)                          0.017986  0.021698   1.262146 f
  frfcfs.scheduler_i/n1019 (net)                1     0.003067            0.000000   1.262146 f
  frfcfs.scheduler_i/U1307/B (NOR3X1)                           0.017986  0.000000   1.262146 f
  frfcfs.scheduler_i/U1307/Y (NOR3X1)                           0.053329  0.041974   1.304120 r
  frfcfs.scheduler_i/n1054 (net)                1     0.002961            0.000000   1.304120 r
  frfcfs.scheduler_i/U1326/C (NAND3X1)                          0.053329  0.000000   1.304120 r
  frfcfs.scheduler_i/U1326/Y (NAND3X1)                          0.016327  0.020409   1.324529 f
  frfcfs.scheduler_i/n1055 (net)                1     0.002312            0.000000   1.324529 f
  frfcfs.scheduler_i/U214/C (AOI21X1)                           0.016327  0.000000   1.324529 f
  frfcfs.scheduler_i/U214/Y (AOI21X1)                           0.035277  0.025052   1.349581 r
  frfcfs.scheduler_i/n1056 (net)                2     0.004020            0.000000   1.349581 r
  frfcfs.scheduler_i/U313/C (OAI21X1)                           0.035277  0.000000   1.349581 r
  frfcfs.scheduler_i/U313/Y (OAI21X1)                           0.012483  0.023324   1.372906 f
  frfcfs.scheduler_i/n206 (net)                 2     0.004149            0.000000   1.372906 f
  frfcfs.scheduler_i/U144/A (INVX1)                             0.012483  0.000000   1.372906 f
  frfcfs.scheduler_i/U144/Y (INVX1)                             0.000000  -0.000401  1.372504 r
  frfcfs.scheduler_i/n78 (net)                  1     0.001551            0.000000   1.372504 r
  frfcfs.scheduler_i/U145/A (INVX1)                             0.000000  0.000000   1.372504 r
  frfcfs.scheduler_i/U145/Y (INVX1)                             0.016060  0.015534   1.388038 f
  frfcfs.scheduler_i/n79 (net)                  2     0.003420            0.000000   1.388038 f
  frfcfs.scheduler_i/U1366/B (NAND2X1)                          0.016060  0.000000   1.388038 f
  frfcfs.scheduler_i/U1366/Y (NAND2X1)                          0.037462  0.016355   1.404393 r
  frfcfs.scheduler_i/n1180 (net)                1     0.002832            0.000000   1.404393 r
  frfcfs.scheduler_i/U1367/B (NAND3X1)                          0.037462  0.000000   1.404393 r
  frfcfs.scheduler_i/U1367/Y (NAND3X1)                          0.020551  0.022982   1.427375 f
  frfcfs.scheduler_i/n1328 (net)                2     0.004149            0.000000   1.427375 f
  frfcfs.scheduler_i/U283/A (INVX1)                             0.020551  0.000000   1.427375 f
  frfcfs.scheduler_i/U283/Y (INVX1)                             0.018982  0.030844   1.458219 r
  frfcfs.scheduler_i/n1293 (net)                5     0.010310            0.000000   1.458219 r
  frfcfs.scheduler_i/U1502/B (NAND2X1)                          0.018982  0.000000   1.458219 r
  frfcfs.scheduler_i/U1502/Y (NAND2X1)                          0.021007  0.016696   1.474914 f
  frfcfs.scheduler_i/n1389 (net)                1     0.001884            0.000000   1.474914 f
  frfcfs.scheduler_i/U1503/A (NAND2X1)                          0.021007  0.000000   1.474914 f
  frfcfs.scheduler_i/U1503/Y (NAND2X1)                          0.037882  0.032138   1.507053 r
  frfcfs.scheduler_i/n1396 (net)                1     0.003021            0.000000   1.507053 r
  frfcfs.scheduler_i/U1508/A (NOR3X1)                           0.037882  0.000000   1.507053 r
  frfcfs.scheduler_i/U1508/Y (NOR3X1)                           0.025312  0.040084   1.547137 f
  frfcfs.scheduler_i/n1405 (net)                1     0.001763            0.000000   1.547137 f
  frfcfs.scheduler_i/U373/A (AND2X2)                            0.025312  0.000000   1.547137 f
  frfcfs.scheduler_i/U373/Y (AND2X2)                            0.001147  0.037627   1.584764 f
  frfcfs.scheduler_i/n260 (net)                 2     0.002952            0.000000   1.584764 f
  frfcfs.scheduler_i/U158/A (INVX1)                             0.001147  0.000000   1.584764 f
  frfcfs.scheduler_i/U158/Y (INVX1)                             0.000000  0.001640   1.586404 r
  frfcfs.scheduler_i/n87 (net)                  2     0.003420            0.000000   1.586404 r
  frfcfs.scheduler_i/U79/B (AND2X2)                             0.000000  0.000000   1.586404 r
  frfcfs.scheduler_i/U79/Y (AND2X2)                             0.009992  0.032796   1.619200 r
  frfcfs.scheduler_i/n29 (net)                  2     0.003102            0.000000   1.619200 r
  frfcfs.scheduler_i/U80/A (INVX1)                              0.009992  0.000000   1.619200 r
  frfcfs.scheduler_i/U80/Y (INVX1)                              0.012005  0.015932   1.635131 f
  frfcfs.scheduler_i/n282 (net)                 1     0.002297            0.000000   1.635131 f
  frfcfs.scheduler_i/U418/B (NOR2X1)                            0.012005  0.000000   1.635131 f
  frfcfs.scheduler_i/U418/Y (NOR2X1)                            0.025586  0.027695   1.662827 r
  frfcfs.scheduler_i/n1460 (net)                1     0.001869            0.000000   1.662827 r
  frfcfs.scheduler_i/U1565/B (AND2X2)                           0.025586  0.000000   1.662827 r
  frfcfs.scheduler_i/U1565/Y (AND2X2)                           0.026834  0.043240   1.706067 r
  frfcfs.scheduler_i/n1569 (net)                4     0.009104            0.000000   1.706067 r
  frfcfs.scheduler_i/U385/A (NAND3X1)                           0.026834  0.000000   1.706067 r
  frfcfs.scheduler_i/U385/Y (NAND3X1)                           0.017484  0.020744   1.726811 f
  frfcfs.scheduler_i/n265 (net)                 1     0.002632            0.000000   1.726811 f
  frfcfs.scheduler_i/U1634/B (OAI21X1)                          0.017484  0.000000   1.726811 f
  frfcfs.scheduler_i/U1634/Y (OAI21X1)                          0.057287  0.051984   1.778795 r
  frfcfs.scheduler_i/select_mask[4] (net)       2     0.005531            0.000000   1.778795 r
  frfcfs.scheduler_i/select_mask[4] (mc_scheduler_frfcfs_Q_DEPTH16_ADDR_W16_AGE_LIMIT128_AGING_ENABLE1)
                                                                          0.000000   1.778795 r
  select_mask[4] (net)                                0.005531            0.000000   1.778795 r
  U3110/A (BUFX4)                                               0.057287  0.000000   1.778795 r
  U3110/Y (BUFX4)                                               0.031761  0.033645   1.812440 r
  n2095 (net)                                   6     0.021449            0.000000   1.812440 r
  U1203/A (BUFX4)                                               0.031761  0.000000   1.812440 r
  U1203/Y (BUFX4)                                               0.024693  0.031235   1.843675 r
  n957 (net)                                    6     0.016587            0.000000   1.843675 r
  U7379/B (AOI22X1)                                             0.024693  0.000000   1.843675 r
  U7379/Y (AOI22X1)                                             0.034490  0.030043   1.873718 f
  n7202 (net)                                   1     0.001820            0.000000   1.873718 f
  U7381/B (AND2X2)                                              0.034490  0.000000   1.873718 f
  U7381/Y (AND2X2)                                              0.004763  0.044370   1.918087 f
  n7203 (net)                                   1     0.002832            0.000000   1.918087 f
  U7382/C (NAND3X1)                                             0.004763  0.000000   1.918087 f
  U7382/Y (NAND3X1)                                             0.036633  0.028746   1.946833 r
  n7206 (net)                                   1     0.002292            0.000000   1.946833 r
  U7383/A (OR2X2)                                               0.036633  0.000000   1.946833 r
  U7383/Y (OR2X2)                                               0.028759  0.051770   1.998603 r
  cmd_wdata[11] (net)                           1     0.010000            0.000000   1.998603 r
  cmd_wdata[11] (out)                                           0.028759  0.000000   1.998603 r
  data arrival time                                                                  1.998603

  clock core_clk (rise edge)                                              3.000000   3.000000
  clock network delay (ideal)                                             0.000000   3.000000
  clock uncertainty                                                       -0.100000  2.900000
  output external delay                                                   -1.000000  1.900000
  data required time                                                                 1.900000
  ----------------------------------------------------------------------------------------------
  data required time                                                                 1.900000
  data arrival time                                                                  -1.998603
  ----------------------------------------------------------------------------------------------
  slack (VIOLATED)                                                                   -0.098603


  Startpoint: table_i/addresses_reg[93]
              (rising edge-triggered flip-flop clocked by core_clk)
  Endpoint: cmd_wdata[13]
            (output port clocked by core_clk)
  Path Group: core_clk
  Path Type: max

  Point                                       Fanout       Cap     Trans      Incr       Path
  ----------------------------------------------------------------------------------------------
  clock core_clk (rise edge)                                              0.000000   0.000000
  clock network delay (ideal)                                             0.000000   0.000000
  table_i/addresses_reg[93]/CLK (DFFPOSX1)                      0.000000  0.000000 # 0.000000 r
  table_i/addresses_reg[93]/Q (DFFPOSX1)                        0.023267  0.105501   0.105501 f
  table_i/n6738 (net)                           1     0.005092            0.000000   0.105501 f
  table_i/U839/A (INVX4)                                        0.023267  0.000000   0.105501 f
  table_i/U839/Y (INVX4)                                        0.009539  0.021286   0.126787 r
  table_i/n135 (net)                            1     0.010083            0.000000   0.126787 r
  table_i/U841/A (INVX8)                                        0.009539  0.000000   0.126787 r
  table_i/U841/Y (INVX8)                                        0.011562  0.028573   0.155360 f
  table_i/addresses[93] (net)                  13     0.038792            0.000000   0.155360 f
  table_i/addresses[93] (mc_transaction_table_Q_DEPTH16_ADDR_W16_DATA_W32_TAG_W8_READ_LATENCY3_AGE_LIMIT128)
                                                                          0.000000   0.155360 f
  addresses[93] (net)                                 0.038792            0.000000   0.155360 f
  U3006/A (XNOR2X1)                                             0.011562  0.000000   0.155360 f
  U3006/Y (XNOR2X1)                                             0.017943  0.027315   0.182675 f
  n5757 (net)                                   1     0.002600            0.000000   0.182675 f
  U6384/B (NAND3X1)                                             0.017943  0.000000   0.182675 f
  U6384/Y (NAND3X1)                                             0.033682  0.032565   0.215240 r
  n5758 (net)                                   1     0.001539            0.000000   0.215240 r
  U4369/A (BUFX2)                                               0.033682  0.000000   0.215240 r
  U4369/Y (BUFX2)                                               0.009294  0.034852   0.250092 r
  n3071 (net)                                   1     0.002292            0.000000   0.250092 r
  U4368/A (OR2X2)                                               0.009294  0.000000   0.250092 r
  U4368/Y (OR2X2)                                               0.011402  0.038099   0.288192 r
  n5760 (net)                                   2     0.003102            0.000000   0.288192 r
  U1577/A (INVX1)                                               0.011402  0.000000   0.288192 r
  U1577/Y (INVX1)                                               0.012811  0.016934   0.305126 f
  n1134 (net)                                   1     0.002600            0.000000   0.305126 f
  U3029/B (NAND3X1)                                             0.012811  0.000000   0.305126 f
  U3029/Y (NAND3X1)                                             0.037717  0.033491   0.338617 r
  n2025 (net)                                   1     0.002365            0.000000   0.338617 r
  U6386/B (NOR2X1)                                              0.037717  0.000000   0.338617 r
  U6386/Y (NOR2X1)                                              0.004613  0.020856   0.359473 f
  n7560 (net)                                   1     0.002832            0.000000   0.359473 f
  candidates_i/same_address[197] (mc_candidates_Q_DEPTH16_ROW_W8_COL_W6)  0.000000   0.359473 f
  candidates_i/same_address[197] (net)                0.002832            0.000000   0.359473 f
  candidates_i/U2378/C (NAND3X1)                                0.004613  0.000000   0.359473 f
  candidates_i/U2378/Y (NAND3X1)                                0.033834  0.027193   0.386666 r
  candidates_i/n1670 (net)                      1     0.001798            0.000000   0.386666 r
  candidates_i/U593/A (AND2X2)                                  0.033834  0.000000   0.386666 r
  candidates_i/U593/Y (AND2X2)                                  0.008908  0.033209   0.419875 r
  candidates_i/n425 (net)                       1     0.001869            0.000000   0.419875 r
  candidates_i/U512/B (AND2X2)                                  0.008908  0.000000   0.419875 r
  candidates_i/U512/Y (AND2X2)                                  0.011573  0.033958   0.453833 r
  candidates_i/n364 (net)                       2     0.003579            0.000000   0.453833 r
  candidates_i/U623/A (INVX1)                                   0.011573  0.000000   0.453833 r
  candidates_i/U623/Y (INVX1)                                   0.012029  0.016452   0.470285 f
  candidates_i/n447 (net)                       1     0.002342            0.000000   0.470285 f
  candidates_i/U603/B (OR2X2)                                   0.012029  0.000000   0.470285 f
  candidates_i/U603/Y (OR2X2)                                   0.008797  0.049165   0.519450 f
  candidates_i/n433 (net)                       2     0.004602            0.000000   0.519450 f
  candidates_i/U584/A (OR2X2)                                   0.008797  0.000000   0.519450 f
  candidates_i/U584/Y (OR2X2)                                   0.006197  0.037525   0.556974 f
  candidates_i/n417 (net)                       1     0.002301            0.000000   0.556974 f
  candidates_i/U572/A (OR2X2)                                   0.006197  0.000000   0.556974 f
  candidates_i/U572/Y (OR2X2)                                   0.005344  0.037670   0.594644 f
  candidates_i/n409 (net)                       1     0.002832            0.000000   0.594644 f
  candidates_i/U570/C (NAND3X1)                                 0.005344  0.000000   0.594644 f
  candidates_i/U570/Y (NAND3X1)                                 0.041065  0.031261   0.625905 r
  candidates_i/n406 (net)                       1     0.003063            0.000000   0.625905 r
  candidates_i/U619/B (NOR3X1)                                  0.041065  0.000000   0.625905 r
  candidates_i/U619/Y (NOR3X1)                                  0.035096  0.039315   0.665220 f
  candidates_i/n444 (net)                       1     0.005092            0.000000   0.665220 f
  candidates_i/U620/A (INVX4)                                   0.035096  0.000000   0.665220 f
  candidates_i/U620/Y (INVX4)                                   0.044265  0.042777   0.707997 r
  candidates_i/n3168 (net)                     15     0.035116            0.000000   0.707997 r
  candidates_i/U3514/A (NAND2X1)                                0.044265  0.000000   0.707997 r
  candidates_i/U3514/Y (NAND2X1)                                0.027213  0.022984   0.730981 f
  candidates_i/n3164 (net)                      2     0.004076            0.000000   0.730981 f
  candidates_i/U839/B (NAND3X1)                                 0.027213  0.000000   0.730981 f
  candidates_i/U839/Y (NAND3X1)                                 0.033388  0.035520   0.766500 r
  candidates_i/n593 (net)                       1     0.001539            0.000000   0.766500 r
  candidates_i/U379/A (BUFX2)                                   0.033388  0.000000   0.766500 r
  candidates_i/U379/Y (BUFX2)                                   0.016669  0.039728   0.806229 r
  candidates_i/n255 (net)                       3     0.005467            0.000000   0.806229 r
  candidates_i/U273/A (INVX1)                                   0.016669  0.000000   0.806229 r
  candidates_i/U273/Y (INVX1)                                   0.018160  0.022282   0.828511 f
  candidates_i/n612 (net)                       3     0.004512            0.000000   0.828511 f
  candidates_i/U270/A (BUFX2)                                   0.018160  0.000000   0.828511 f
  candidates_i/U270/Y (BUFX2)                                   0.004248  0.035111   0.863622 f
  candidates_i/n173 (net)                       1     0.002826            0.000000   0.863622 f
  candidates_i/U3603/D (AOI22X1)                                0.004248  0.000000   0.863622 f
  candidates_i/U3603/Y (AOI22X1)                                0.043229  0.024299   0.887921 r
  candidates_i/n3249 (net)                      1     0.001869            0.000000   0.887921 r
  candidates_i/U3604/B (AND2X2)                                 0.043229  0.000000   0.887921 r
  candidates_i/U3604/Y (AND2X2)                                 0.011984  0.034668   0.922588 r
  candidates_i/n3251 (net)                      1     0.002961            0.000000   0.922588 r
  candidates_i/U3605/C (NAND3X1)                                0.011984  0.000000   0.922588 r
  candidates_i/U3605/Y (NAND3X1)                                0.016576  0.010737   0.933325 f
  candidates_i/n3254 (net)                      1     0.002301            0.000000   0.933325 f
  candidates_i/U3606/A (OR2X2)                                  0.016576  0.000000   0.933325 f
  candidates_i/U3606/Y (OR2X2)                                  0.007513  0.039975   0.973300 f
  candidates_i/n4101 (net)                      2     0.003361            0.000000   0.973300 f
  candidates_i/U1207/A (NAND2X1)                                0.007513  0.000000   0.973300 f
  candidates_i/U1207/Y (NAND2X1)                                0.031687  0.023319   0.996619 r
  candidates_i/n929 (net)                       1     0.001551            0.000000   0.996619 r
  candidates_i/U1209/A (INVX1)                                  0.031687  0.000000   0.996619 r
  candidates_i/U1209/Y (INVX1)                                  0.014696  0.024687   1.021305 f
  candidates_i/n930 (net)                       2     0.003704            0.000000   1.021305 f
  candidates_i/U1208/A (NAND2X1)                                0.014696  0.000000   1.021305 f
  candidates_i/U1208/Y (NAND2X1)                                0.031077  0.025585   1.046890 r
  candidates_i/n4069 (net)                      1     0.001551            0.000000   1.046890 r
  candidates_i/U1210/A (INVX1)                                  0.031077  0.000000   1.046890 r
  candidates_i/U1210/Y (INVX1)                                  0.013888  0.023940   1.070830 f
  candidates_i/n1104 (net)                      2     0.003420            0.000000   1.070830 f
  candidates_i/U1163/A (INVX1)                                  0.013888  0.000000   1.070830 f
  candidates_i/U1163/Y (INVX1)                                  0.000000  0.012999   1.083829 r
  candidates_i/n898 (net)                       2     0.005531            0.000000   1.083829 r
  candidates_i/U4256/C (NOR3X1)                                 0.000000  0.000000   1.083829 r
  candidates_i/U4256/Y (NOR3X1)                                 0.026519  0.018062   1.101891 f
  candidates_i/n4072 (net)                      1     0.002832            0.000000   1.101891 f
  candidates_i/U4257/C (NAND3X1)                                0.026519  0.000000   1.101891 f
  candidates_i/U4257/Y (NAND3X1)                                0.040560  0.036358   1.138249 r
  candidates_i/n4088 (net)                      1     0.002961            0.000000   1.138249 r
  candidates_i/U4264/C (NAND3X1)                                0.040560  0.000000   1.138249 r
  candidates_i/U4264/Y (NAND3X1)                                0.015664  0.016711   1.154960 f
  candidates_i/candidate_mask[8] (net)          1     0.001884            0.000000   1.154960 f
  candidates_i/candidate_mask[8] (mc_candidates_Q_DEPTH16_ROW_W8_COL_W6)  0.000000   1.154960 f
  candidate_mask[8] (net)                             0.001884            0.000000   1.154960 f
  frfcfs.scheduler_i/candidate_mask[8] (mc_scheduler_frfcfs_Q_DEPTH16_ADDR_W16_AGE_LIMIT128_AGING_ENABLE1)
                                                                          0.000000   1.154960 f
  frfcfs.scheduler_i/candidate_mask[8] (net)          0.001884            0.000000   1.154960 f
  frfcfs.scheduler_i/U1265/A (NAND2X1)                          0.015664  0.000000   1.154960 f
  frfcfs.scheduler_i/U1265/Y (NAND2X1)                          0.032449  0.025891   1.180851 r
  frfcfs.scheduler_i/n969 (net)                 1     0.001551            0.000000   1.180851 r
  frfcfs.scheduler_i/U860/A (INVX1)                             0.032449  0.000000   1.180851 r
  frfcfs.scheduler_i/U860/Y (INVX1)                             0.016533  0.026186   1.207038 f
  frfcfs.scheduler_i/n1182 (net)                2     0.004336            0.000000   1.207038 f
  frfcfs.scheduler_i/U1266/C (NAND3X1)                          0.016533  0.000000   1.207038 f
  frfcfs.scheduler_i/U1266/Y (NAND3X1)                          0.039632  0.033410   1.240448 r
  frfcfs.scheduler_i/n988 (net)                 1     0.002832            0.000000   1.240448 r
  frfcfs.scheduler_i/U1279/B (NAND3X1)                          0.039632  0.000000   1.240448 r
  frfcfs.scheduler_i/U1279/Y (NAND3X1)                          0.017986  0.021698   1.262146 f
  frfcfs.scheduler_i/n1019 (net)                1     0.003067            0.000000   1.262146 f
  frfcfs.scheduler_i/U1307/B (NOR3X1)                           0.017986  0.000000   1.262146 f
  frfcfs.scheduler_i/U1307/Y (NOR3X1)                           0.053329  0.041974   1.304120 r
  frfcfs.scheduler_i/n1054 (net)                1     0.002961            0.000000   1.304120 r
  frfcfs.scheduler_i/U1326/C (NAND3X1)                          0.053329  0.000000   1.304120 r
  frfcfs.scheduler_i/U1326/Y (NAND3X1)                          0.016327  0.020409   1.324529 f
  frfcfs.scheduler_i/n1055 (net)                1     0.002312            0.000000   1.324529 f
  frfcfs.scheduler_i/U214/C (AOI21X1)                           0.016327  0.000000   1.324529 f
  frfcfs.scheduler_i/U214/Y (AOI21X1)                           0.035277  0.025052   1.349581 r
  frfcfs.scheduler_i/n1056 (net)                2     0.004020            0.000000   1.349581 r
  frfcfs.scheduler_i/U313/C (OAI21X1)                           0.035277  0.000000   1.349581 r
  frfcfs.scheduler_i/U313/Y (OAI21X1)                           0.012483  0.023324   1.372906 f
  frfcfs.scheduler_i/n206 (net)                 2     0.004149            0.000000   1.372906 f
  frfcfs.scheduler_i/U144/A (INVX1)                             0.012483  0.000000   1.372906 f
  frfcfs.scheduler_i/U144/Y (INVX1)                             0.000000  -0.000401  1.372504 r
  frfcfs.scheduler_i/n78 (net)                  1     0.001551            0.000000   1.372504 r
  frfcfs.scheduler_i/U145/A (INVX1)                             0.000000  0.000000   1.372504 r
  frfcfs.scheduler_i/U145/Y (INVX1)                             0.016060  0.015534   1.388038 f
  frfcfs.scheduler_i/n79 (net)                  2     0.003420            0.000000   1.388038 f
  frfcfs.scheduler_i/U1366/B (NAND2X1)                          0.016060  0.000000   1.388038 f
  frfcfs.scheduler_i/U1366/Y (NAND2X1)                          0.037462  0.016355   1.404393 r
  frfcfs.scheduler_i/n1180 (net)                1     0.002832            0.000000   1.404393 r
  frfcfs.scheduler_i/U1367/B (NAND3X1)                          0.037462  0.000000   1.404393 r
  frfcfs.scheduler_i/U1367/Y (NAND3X1)                          0.020551  0.022982   1.427375 f
  frfcfs.scheduler_i/n1328 (net)                2     0.004149            0.000000   1.427375 f
  frfcfs.scheduler_i/U283/A (INVX1)                             0.020551  0.000000   1.427375 f
  frfcfs.scheduler_i/U283/Y (INVX1)                             0.018982  0.030844   1.458219 r
  frfcfs.scheduler_i/n1293 (net)                5     0.010310            0.000000   1.458219 r
  frfcfs.scheduler_i/U1502/B (NAND2X1)                          0.018982  0.000000   1.458219 r
  frfcfs.scheduler_i/U1502/Y (NAND2X1)                          0.021007  0.016696   1.474914 f
  frfcfs.scheduler_i/n1389 (net)                1     0.001884            0.000000   1.474914 f
  frfcfs.scheduler_i/U1503/A (NAND2X1)                          0.021007  0.000000   1.474914 f
  frfcfs.scheduler_i/U1503/Y (NAND2X1)                          0.037882  0.032138   1.507053 r
  frfcfs.scheduler_i/n1396 (net)                1     0.003021            0.000000   1.507053 r
  frfcfs.scheduler_i/U1508/A (NOR3X1)                           0.037882  0.000000   1.507053 r
  frfcfs.scheduler_i/U1508/Y (NOR3X1)                           0.025312  0.040084   1.547137 f
  frfcfs.scheduler_i/n1405 (net)                1     0.001763            0.000000   1.547137 f
  frfcfs.scheduler_i/U373/A (AND2X2)                            0.025312  0.000000   1.547137 f
  frfcfs.scheduler_i/U373/Y (AND2X2)                            0.001147  0.037627   1.584764 f
  frfcfs.scheduler_i/n260 (net)                 2     0.002952            0.000000   1.584764 f
  frfcfs.scheduler_i/U158/A (INVX1)                             0.001147  0.000000   1.584764 f
  frfcfs.scheduler_i/U158/Y (INVX1)                             0.000000  0.001640   1.586404 r
  frfcfs.scheduler_i/n87 (net)                  2     0.003420            0.000000   1.586404 r
  frfcfs.scheduler_i/U79/B (AND2X2)                             0.000000  0.000000   1.586404 r
  frfcfs.scheduler_i/U79/Y (AND2X2)                             0.009992  0.032796   1.619200 r
  frfcfs.scheduler_i/n29 (net)                  2     0.003102            0.000000   1.619200 r
  frfcfs.scheduler_i/U80/A (INVX1)                              0.009992  0.000000   1.619200 r
  frfcfs.scheduler_i/U80/Y (INVX1)                              0.012005  0.015932   1.635131 f
  frfcfs.scheduler_i/n282 (net)                 1     0.002297            0.000000   1.635131 f
  frfcfs.scheduler_i/U418/B (NOR2X1)                            0.012005  0.000000   1.635131 f
  frfcfs.scheduler_i/U418/Y (NOR2X1)                            0.025586  0.027695   1.662827 r
  frfcfs.scheduler_i/n1460 (net)                1     0.001869            0.000000   1.662827 r
  frfcfs.scheduler_i/U1565/B (AND2X2)                           0.025586  0.000000   1.662827 r
  frfcfs.scheduler_i/U1565/Y (AND2X2)                           0.026834  0.043240   1.706067 r
  frfcfs.scheduler_i/n1569 (net)                4     0.009104            0.000000   1.706067 r
  frfcfs.scheduler_i/U385/A (NAND3X1)                           0.026834  0.000000   1.706067 r
  frfcfs.scheduler_i/U385/Y (NAND3X1)                           0.017484  0.020744   1.726811 f
  frfcfs.scheduler_i/n265 (net)                 1     0.002632            0.000000   1.726811 f
  frfcfs.scheduler_i/U1634/B (OAI21X1)                          0.017484  0.000000   1.726811 f
  frfcfs.scheduler_i/U1634/Y (OAI21X1)                          0.057287  0.051984   1.778795 r
  frfcfs.scheduler_i/select_mask[4] (net)       2     0.005531            0.000000   1.778795 r
  frfcfs.scheduler_i/select_mask[4] (mc_scheduler_frfcfs_Q_DEPTH16_ADDR_W16_AGE_LIMIT128_AGING_ENABLE1)
                                                                          0.000000   1.778795 r
  select_mask[4] (net)                                0.005531            0.000000   1.778795 r
  U3110/A (BUFX4)                                               0.057287  0.000000   1.778795 r
  U3110/Y (BUFX4)                                               0.031761  0.033645   1.812440 r
  n2095 (net)                                   6     0.021449            0.000000   1.812440 r
  U1205/A (BUFX4)                                               0.031761  0.000000   1.812440 r
  U1205/Y (BUFX4)                                               0.024693  0.031235   1.843675 r
  n959 (net)                                    6     0.016587            0.000000   1.843675 r
  U7405/B (AOI22X1)                                             0.024693  0.000000   1.843675 r
  U7405/Y (AOI22X1)                                             0.034490  0.030043   1.873718 f
  n7226 (net)                                   1     0.001820            0.000000   1.873718 f
  U7407/B (AND2X2)                                              0.034490  0.000000   1.873718 f
  U7407/Y (AND2X2)                                              0.004763  0.044370   1.918087 f
  n7227 (net)                                   1     0.002832            0.000000   1.918087 f
  U7408/C (NAND3X1)                                             0.004763  0.000000   1.918087 f
  U7408/Y (NAND3X1)                                             0.036628  0.028746   1.946833 r
  n7230 (net)                                   1     0.002292            0.000000   1.946833 r
  U7409/A (OR2X2)                                               0.036628  0.000000   1.946833 r
  U7409/Y (OR2X2)                                               0.028758  0.051769   1.998603 r
  cmd_wdata[13] (net)                           1     0.010000            0.000000   1.998603 r
  cmd_wdata[13] (out)                                           0.028758  0.000000   1.998603 r
  data arrival time                                                                  1.998603

  clock core_clk (rise edge)                                              3.000000   3.000000
  clock network delay (ideal)                                             0.000000   3.000000
  clock uncertainty                                                       -0.100000  2.900000
  output external delay                                                   -1.000000  1.900000
  data required time                                                                 1.900000
  ----------------------------------------------------------------------------------------------
  data required time                                                                 1.900000
  data arrival time                                                                  -1.998603
  ----------------------------------------------------------------------------------------------
  slack (VIOLATED)                                                                   -0.098603


  Startpoint: table_i/addresses_reg[93]
              (rising edge-triggered flip-flop clocked by core_clk)
  Endpoint: cmd_row[7] (output port clocked by core_clk)
  Path Group: core_clk
  Path Type: max

  Point                                       Fanout       Cap     Trans      Incr       Path
  ----------------------------------------------------------------------------------------------
  clock core_clk (rise edge)                                              0.000000   0.000000
  clock network delay (ideal)                                             0.000000   0.000000
  table_i/addresses_reg[93]/CLK (DFFPOSX1)                      0.000000  0.000000 # 0.000000 r
  table_i/addresses_reg[93]/Q (DFFPOSX1)                        0.023267  0.105501   0.105501 f
  table_i/n6738 (net)                           1     0.005092            0.000000   0.105501 f
  table_i/U839/A (INVX4)                                        0.023267  0.000000   0.105501 f
  table_i/U839/Y (INVX4)                                        0.009539  0.021286   0.126787 r
  table_i/n135 (net)                            1     0.010083            0.000000   0.126787 r
  table_i/U841/A (INVX8)                                        0.009539  0.000000   0.126787 r
  table_i/U841/Y (INVX8)                                        0.011562  0.028573   0.155360 f
  table_i/addresses[93] (net)                  13     0.038792            0.000000   0.155360 f
  table_i/addresses[93] (mc_transaction_table_Q_DEPTH16_ADDR_W16_DATA_W32_TAG_W8_READ_LATENCY3_AGE_LIMIT128)
                                                                          0.000000   0.155360 f
  addresses[93] (net)                                 0.038792            0.000000   0.155360 f
  U3006/A (XNOR2X1)                                             0.011562  0.000000   0.155360 f
  U3006/Y (XNOR2X1)                                             0.017943  0.027315   0.182675 f
  n5757 (net)                                   1     0.002600            0.000000   0.182675 f
  U6384/B (NAND3X1)                                             0.017943  0.000000   0.182675 f
  U6384/Y (NAND3X1)                                             0.033682  0.032565   0.215240 r
  n5758 (net)                                   1     0.001539            0.000000   0.215240 r
  U4369/A (BUFX2)                                               0.033682  0.000000   0.215240 r
  U4369/Y (BUFX2)                                               0.009294  0.034852   0.250092 r
  n3071 (net)                                   1     0.002292            0.000000   0.250092 r
  U4368/A (OR2X2)                                               0.009294  0.000000   0.250092 r
  U4368/Y (OR2X2)                                               0.011402  0.038099   0.288192 r
  n5760 (net)                                   2     0.003102            0.000000   0.288192 r
  U1577/A (INVX1)                                               0.011402  0.000000   0.288192 r
  U1577/Y (INVX1)                                               0.012811  0.016934   0.305126 f
  n1134 (net)                                   1     0.002600            0.000000   0.305126 f
  U3029/B (NAND3X1)                                             0.012811  0.000000   0.305126 f
  U3029/Y (NAND3X1)                                             0.037717  0.033491   0.338617 r
  n2025 (net)                                   1     0.002365            0.000000   0.338617 r
  U6386/B (NOR2X1)                                              0.037717  0.000000   0.338617 r
  U6386/Y (NOR2X1)                                              0.004613  0.020856   0.359473 f
  n7560 (net)                                   1     0.002832            0.000000   0.359473 f
  candidates_i/same_address[197] (mc_candidates_Q_DEPTH16_ROW_W8_COL_W6)  0.000000   0.359473 f
  candidates_i/same_address[197] (net)                0.002832            0.000000   0.359473 f
  candidates_i/U2378/C (NAND3X1)                                0.004613  0.000000   0.359473 f
  candidates_i/U2378/Y (NAND3X1)                                0.033834  0.027193   0.386666 r
  candidates_i/n1670 (net)                      1     0.001798            0.000000   0.386666 r
  candidates_i/U593/A (AND2X2)                                  0.033834  0.000000   0.386666 r
  candidates_i/U593/Y (AND2X2)                                  0.008908  0.033209   0.419875 r
  candidates_i/n425 (net)                       1     0.001869            0.000000   0.419875 r
  candidates_i/U512/B (AND2X2)                                  0.008908  0.000000   0.419875 r
  candidates_i/U512/Y (AND2X2)                                  0.011573  0.033958   0.453833 r
  candidates_i/n364 (net)                       2     0.003579            0.000000   0.453833 r
  candidates_i/U623/A (INVX1)                                   0.011573  0.000000   0.453833 r
  candidates_i/U623/Y (INVX1)                                   0.012029  0.016452   0.470285 f
  candidates_i/n447 (net)                       1     0.002342            0.000000   0.470285 f
  candidates_i/U603/B (OR2X2)                                   0.012029  0.000000   0.470285 f
  candidates_i/U603/Y (OR2X2)                                   0.008797  0.049165   0.519450 f
  candidates_i/n433 (net)                       2     0.004602            0.000000   0.519450 f
  candidates_i/U584/A (OR2X2)                                   0.008797  0.000000   0.519450 f
  candidates_i/U584/Y (OR2X2)                                   0.006197  0.037525   0.556974 f
  candidates_i/n417 (net)                       1     0.002301            0.000000   0.556974 f
  candidates_i/U572/A (OR2X2)                                   0.006197  0.000000   0.556974 f
  candidates_i/U572/Y (OR2X2)                                   0.005344  0.037670   0.594644 f
  candidates_i/n409 (net)                       1     0.002832            0.000000   0.594644 f
  candidates_i/U570/C (NAND3X1)                                 0.005344  0.000000   0.594644 f
  candidates_i/U570/Y (NAND3X1)                                 0.041065  0.031261   0.625905 r
  candidates_i/n406 (net)                       1     0.003063            0.000000   0.625905 r
  candidates_i/U619/B (NOR3X1)                                  0.041065  0.000000   0.625905 r
  candidates_i/U619/Y (NOR3X1)                                  0.035096  0.039315   0.665220 f
  candidates_i/n444 (net)                       1     0.005092            0.000000   0.665220 f
  candidates_i/U620/A (INVX4)                                   0.035096  0.000000   0.665220 f
  candidates_i/U620/Y (INVX4)                                   0.044265  0.042777   0.707997 r
  candidates_i/n3168 (net)                     15     0.035116            0.000000   0.707997 r
  candidates_i/U3514/A (NAND2X1)                                0.044265  0.000000   0.707997 r
  candidates_i/U3514/Y (NAND2X1)                                0.027213  0.022984   0.730981 f
  candidates_i/n3164 (net)                      2     0.004076            0.000000   0.730981 f
  candidates_i/U839/B (NAND3X1)                                 0.027213  0.000000   0.730981 f
  candidates_i/U839/Y (NAND3X1)                                 0.033388  0.035520   0.766500 r
  candidates_i/n593 (net)                       1     0.001539            0.000000   0.766500 r
  candidates_i/U379/A (BUFX2)                                   0.033388  0.000000   0.766500 r
  candidates_i/U379/Y (BUFX2)                                   0.016669  0.039728   0.806229 r
  candidates_i/n255 (net)                       3     0.005467            0.000000   0.806229 r
  candidates_i/U273/A (INVX1)                                   0.016669  0.000000   0.806229 r
  candidates_i/U273/Y (INVX1)                                   0.018160  0.022282   0.828511 f
  candidates_i/n612 (net)                       3     0.004512            0.000000   0.828511 f
  candidates_i/U270/A (BUFX2)                                   0.018160  0.000000   0.828511 f
  candidates_i/U270/Y (BUFX2)                                   0.004248  0.035111   0.863622 f
  candidates_i/n173 (net)                       1     0.002826            0.000000   0.863622 f
  candidates_i/U3603/D (AOI22X1)                                0.004248  0.000000   0.863622 f
  candidates_i/U3603/Y (AOI22X1)                                0.043229  0.024299   0.887921 r
  candidates_i/n3249 (net)                      1     0.001869            0.000000   0.887921 r
  candidates_i/U3604/B (AND2X2)                                 0.043229  0.000000   0.887921 r
  candidates_i/U3604/Y (AND2X2)                                 0.011984  0.034668   0.922588 r
  candidates_i/n3251 (net)                      1     0.002961            0.000000   0.922588 r
  candidates_i/U3605/C (NAND3X1)                                0.011984  0.000000   0.922588 r
  candidates_i/U3605/Y (NAND3X1)                                0.016576  0.010737   0.933325 f
  candidates_i/n3254 (net)                      1     0.002301            0.000000   0.933325 f
  candidates_i/U3606/A (OR2X2)                                  0.016576  0.000000   0.933325 f
  candidates_i/U3606/Y (OR2X2)                                  0.007513  0.039975   0.973300 f
  candidates_i/n4101 (net)                      2     0.003361            0.000000   0.973300 f
  candidates_i/U1207/A (NAND2X1)                                0.007513  0.000000   0.973300 f
  candidates_i/U1207/Y (NAND2X1)                                0.031687  0.023319   0.996619 r
  candidates_i/n929 (net)                       1     0.001551            0.000000   0.996619 r
  candidates_i/U1209/A (INVX1)                                  0.031687  0.000000   0.996619 r
  candidates_i/U1209/Y (INVX1)                                  0.014696  0.024687   1.021305 f
  candidates_i/n930 (net)                       2     0.003704            0.000000   1.021305 f
  candidates_i/U1208/A (NAND2X1)                                0.014696  0.000000   1.021305 f
  candidates_i/U1208/Y (NAND2X1)                                0.031077  0.025585   1.046890 r
  candidates_i/n4069 (net)                      1     0.001551            0.000000   1.046890 r
  candidates_i/U1210/A (INVX1)                                  0.031077  0.000000   1.046890 r
  candidates_i/U1210/Y (INVX1)                                  0.013888  0.023940   1.070830 f
  candidates_i/n1104 (net)                      2     0.003420            0.000000   1.070830 f
  candidates_i/U1163/A (INVX1)                                  0.013888  0.000000   1.070830 f
  candidates_i/U1163/Y (INVX1)                                  0.000000  0.012999   1.083829 r
  candidates_i/n898 (net)                       2     0.005531            0.000000   1.083829 r
  candidates_i/U4256/C (NOR3X1)                                 0.000000  0.000000   1.083829 r
  candidates_i/U4256/Y (NOR3X1)                                 0.026519  0.018062   1.101891 f
  candidates_i/n4072 (net)                      1     0.002832            0.000000   1.101891 f
  candidates_i/U4257/C (NAND3X1)                                0.026519  0.000000   1.101891 f
  candidates_i/U4257/Y (NAND3X1)                                0.040560  0.036358   1.138249 r
  candidates_i/n4088 (net)                      1     0.002961            0.000000   1.138249 r
  candidates_i/U4264/C (NAND3X1)                                0.040560  0.000000   1.138249 r
  candidates_i/U4264/Y (NAND3X1)                                0.015664  0.016711   1.154960 f
  candidates_i/candidate_mask[8] (net)          1     0.001884            0.000000   1.154960 f
  candidates_i/candidate_mask[8] (mc_candidates_Q_DEPTH16_ROW_W8_COL_W6)  0.000000   1.154960 f
  candidate_mask[8] (net)                             0.001884            0.000000   1.154960 f
  frfcfs.scheduler_i/candidate_mask[8] (mc_scheduler_frfcfs_Q_DEPTH16_ADDR_W16_AGE_LIMIT128_AGING_ENABLE1)
                                                                          0.000000   1.154960 f
  frfcfs.scheduler_i/candidate_mask[8] (net)          0.001884            0.000000   1.154960 f
  frfcfs.scheduler_i/U1265/A (NAND2X1)                          0.015664  0.000000   1.154960 f
  frfcfs.scheduler_i/U1265/Y (NAND2X1)                          0.032449  0.025891   1.180851 r
  frfcfs.scheduler_i/n969 (net)                 1     0.001551            0.000000   1.180851 r
  frfcfs.scheduler_i/U860/A (INVX1)                             0.032449  0.000000   1.180851 r
  frfcfs.scheduler_i/U860/Y (INVX1)                             0.016533  0.026186   1.207038 f
  frfcfs.scheduler_i/n1182 (net)                2     0.004336            0.000000   1.207038 f
  frfcfs.scheduler_i/U1266/C (NAND3X1)                          0.016533  0.000000   1.207038 f
  frfcfs.scheduler_i/U1266/Y (NAND3X1)                          0.039632  0.033410   1.240448 r
  frfcfs.scheduler_i/n988 (net)                 1     0.002832            0.000000   1.240448 r
  frfcfs.scheduler_i/U1279/B (NAND3X1)                          0.039632  0.000000   1.240448 r
  frfcfs.scheduler_i/U1279/Y (NAND3X1)                          0.017986  0.021698   1.262146 f
  frfcfs.scheduler_i/n1019 (net)                1     0.003067            0.000000   1.262146 f
  frfcfs.scheduler_i/U1307/B (NOR3X1)                           0.017986  0.000000   1.262146 f
  frfcfs.scheduler_i/U1307/Y (NOR3X1)                           0.053329  0.041974   1.304120 r
  frfcfs.scheduler_i/n1054 (net)                1     0.002961            0.000000   1.304120 r
  frfcfs.scheduler_i/U1326/C (NAND3X1)                          0.053329  0.000000   1.304120 r
  frfcfs.scheduler_i/U1326/Y (NAND3X1)                          0.016327  0.020409   1.324529 f
  frfcfs.scheduler_i/n1055 (net)                1     0.002312            0.000000   1.324529 f
  frfcfs.scheduler_i/U214/C (AOI21X1)                           0.016327  0.000000   1.324529 f
  frfcfs.scheduler_i/U214/Y (AOI21X1)                           0.035277  0.025052   1.349581 r
  frfcfs.scheduler_i/n1056 (net)                2     0.004020            0.000000   1.349581 r
  frfcfs.scheduler_i/U313/C (OAI21X1)                           0.035277  0.000000   1.349581 r
  frfcfs.scheduler_i/U313/Y (OAI21X1)                           0.012483  0.023324   1.372906 f
  frfcfs.scheduler_i/n206 (net)                 2     0.004149            0.000000   1.372906 f
  frfcfs.scheduler_i/U144/A (INVX1)                             0.012483  0.000000   1.372906 f
  frfcfs.scheduler_i/U144/Y (INVX1)                             0.000000  -0.000401  1.372504 r
  frfcfs.scheduler_i/n78 (net)                  1     0.001551            0.000000   1.372504 r
  frfcfs.scheduler_i/U145/A (INVX1)                             0.000000  0.000000   1.372504 r
  frfcfs.scheduler_i/U145/Y (INVX1)                             0.016060  0.015534   1.388038 f
  frfcfs.scheduler_i/n79 (net)                  2     0.003420            0.000000   1.388038 f
  frfcfs.scheduler_i/U1366/B (NAND2X1)                          0.016060  0.000000   1.388038 f
  frfcfs.scheduler_i/U1366/Y (NAND2X1)                          0.037462  0.016355   1.404393 r
  frfcfs.scheduler_i/n1180 (net)                1     0.002832            0.000000   1.404393 r
  frfcfs.scheduler_i/U1367/B (NAND3X1)                          0.037462  0.000000   1.404393 r
  frfcfs.scheduler_i/U1367/Y (NAND3X1)                          0.020551  0.022982   1.427375 f
  frfcfs.scheduler_i/n1328 (net)                2     0.004149            0.000000   1.427375 f
  frfcfs.scheduler_i/U283/A (INVX1)                             0.020551  0.000000   1.427375 f
  frfcfs.scheduler_i/U283/Y (INVX1)                             0.018982  0.030844   1.458219 r
  frfcfs.scheduler_i/n1293 (net)                5     0.010310            0.000000   1.458219 r
  frfcfs.scheduler_i/U1502/B (NAND2X1)                          0.018982  0.000000   1.458219 r
  frfcfs.scheduler_i/U1502/Y (NAND2X1)                          0.021007  0.016696   1.474914 f
  frfcfs.scheduler_i/n1389 (net)                1     0.001884            0.000000   1.474914 f
  frfcfs.scheduler_i/U1503/A (NAND2X1)                          0.021007  0.000000   1.474914 f
  frfcfs.scheduler_i/U1503/Y (NAND2X1)                          0.037882  0.032138   1.507053 r
  frfcfs.scheduler_i/n1396 (net)                1     0.003021            0.000000   1.507053 r
  frfcfs.scheduler_i/U1508/A (NOR3X1)                           0.037882  0.000000   1.507053 r
  frfcfs.scheduler_i/U1508/Y (NOR3X1)                           0.025312  0.040084   1.547137 f
  frfcfs.scheduler_i/n1405 (net)                1     0.001763            0.000000   1.547137 f
  frfcfs.scheduler_i/U373/A (AND2X2)                            0.025312  0.000000   1.547137 f
  frfcfs.scheduler_i/U373/Y (AND2X2)                            0.001147  0.037627   1.584764 f
  frfcfs.scheduler_i/n260 (net)                 2     0.002952            0.000000   1.584764 f
  frfcfs.scheduler_i/U158/A (INVX1)                             0.001147  0.000000   1.584764 f
  frfcfs.scheduler_i/U158/Y (INVX1)                             0.000000  0.001640   1.586404 r
  frfcfs.scheduler_i/n87 (net)                  2     0.003420            0.000000   1.586404 r
  frfcfs.scheduler_i/U79/B (AND2X2)                             0.000000  0.000000   1.586404 r
  frfcfs.scheduler_i/U79/Y (AND2X2)                             0.009992  0.032796   1.619200 r
  frfcfs.scheduler_i/n29 (net)                  2     0.003102            0.000000   1.619200 r
  frfcfs.scheduler_i/U80/A (INVX1)                              0.009992  0.000000   1.619200 r
  frfcfs.scheduler_i/U80/Y (INVX1)                              0.012005  0.015932   1.635131 f
  frfcfs.scheduler_i/n282 (net)                 1     0.002297            0.000000   1.635131 f
  frfcfs.scheduler_i/U418/B (NOR2X1)                            0.012005  0.000000   1.635131 f
  frfcfs.scheduler_i/U418/Y (NOR2X1)                            0.025586  0.027695   1.662827 r
  frfcfs.scheduler_i/n1460 (net)                1     0.001869            0.000000   1.662827 r
  frfcfs.scheduler_i/U1565/B (AND2X2)                           0.025586  0.000000   1.662827 r
  frfcfs.scheduler_i/U1565/Y (AND2X2)                           0.026834  0.043240   1.706067 r
  frfcfs.scheduler_i/n1569 (net)                4     0.009104            0.000000   1.706067 r
  frfcfs.scheduler_i/U1631/C (NAND3X1)                          0.026834  0.000000   1.706067 r
  frfcfs.scheduler_i/U1631/Y (NAND3X1)                          0.021579  0.017229   1.723296 f
  frfcfs.scheduler_i/n1567 (net)                2     0.004109            0.000000   1.723296 f
  frfcfs.scheduler_i/U1637/B (OAI21X1)                          0.021579  0.000000   1.723296 f
  frfcfs.scheduler_i/U1637/Y (OAI21X1)                          0.050323  0.048659   1.771955 r
  frfcfs.scheduler_i/select_mask[6] (net)       2     0.004206            0.000000   1.771955 r
  frfcfs.scheduler_i/select_mask[6] (mc_scheduler_frfcfs_Q_DEPTH16_ADDR_W16_AGE_LIMIT128_AGING_ENABLE1)
                                                                          0.000000   1.771955 r
  select_mask[6] (net)                                0.004206            0.000000   1.771955 r
  U1964/A (INVX2)                                               0.050323  0.000000   1.771955 r
  U1964/Y (INVX2)                                               0.023064  0.025796   1.797751 f
  n4042 (net)                                   5     0.007381            0.000000   1.797751 f
  U5036/A (INVX1)                                               0.023064  0.000000   1.797751 f
  U5036/Y (INVX1)                                               0.000000  0.008380   1.806131 r
  n4040 (net)                                   2     0.003102            0.000000   1.806131 r
  U1212/A (INVX1)                                               0.000000  0.000000   1.806131 r
  U1212/Y (INVX1)                                               0.013708  0.013916   1.820047 f
  n963 (net)                                    1     0.002632            0.000000   1.820047 f
  U7175/B (OAI21X1)                                             0.013708  0.000000   1.820047 f
  U7175/Y (OAI21X1)                                             0.042501  0.041017   1.861064 r
  n7001 (net)                                   1     0.002365            0.000000   1.861064 r
  U1751/B (NOR2X1)                                              0.042501  0.000000   1.861064 r
  U1751/Y (NOR2X1)                                              0.001654  0.019975   1.881039 f
  n7002 (net)                                   1     0.001763            0.000000   1.881039 f
  U3092/A (AND2X2)                                              0.001654  0.000000   1.881039 f
  U3092/Y (AND2X2)                                              0.003524  0.030629   1.911668 f
  n2078 (net)                                   1     0.001944            0.000000   1.911668 f
  U3091/B (NAND2X1)                                             0.003524  0.000000   1.911668 f
  U3091/Y (NAND2X1)                                             0.032239  0.008267   1.919935 r
  n3436 (net)                                   1     0.001551            0.000000   1.919935 r
  U4588/A (INVX1)                                               0.032239  0.000000   1.919935 r
  U4588/Y (INVX1)                                               0.009015  0.020975   1.940910 f
  n3213 (net)                                   1     0.001820            0.000000   1.940910 f
  U2021/B (AND2X2)                                              0.009015  0.000000   1.940910 f
  U2021/Y (AND2X2)                                              0.007170  0.039775   1.980685 f
  n3435 (net)                                   1     0.005092            0.000000   1.980685 f
  U1950/A (INVX4)                                               0.007170  0.000000   1.980685 f
  U1950/Y (INVX4)                                               0.003712  0.017905   1.998590 r
  cmd_row[7] (net)                              2     0.011539            0.000000   1.998590 r
  cmd_row[7] (out)                                              0.003712  0.000000   1.998590 r
  data arrival time                                                                  1.998590

  clock core_clk (rise edge)                                              3.000000   3.000000
  clock network delay (ideal)                                             0.000000   3.000000
  clock uncertainty                                                       -0.100000  2.900000
  output external delay                                                   -1.000000  1.900000
  data required time                                                                 1.900000
  ----------------------------------------------------------------------------------------------
  data required time                                                                 1.900000
  data arrival time                                                                  -1.998590
  ----------------------------------------------------------------------------------------------
  slack (VIOLATED)                                                                   -0.098590


  Startpoint: table_i/addresses_reg[93]
              (rising edge-triggered flip-flop clocked by core_clk)
  Endpoint: cmd_row[6] (output port clocked by core_clk)
  Path Group: core_clk
  Path Type: max

  Point                                       Fanout       Cap     Trans      Incr       Path
  ----------------------------------------------------------------------------------------------
  clock core_clk (rise edge)                                              0.000000   0.000000
  clock network delay (ideal)                                             0.000000   0.000000
  table_i/addresses_reg[93]/CLK (DFFPOSX1)                      0.000000  0.000000 # 0.000000 r
  table_i/addresses_reg[93]/Q (DFFPOSX1)                        0.023267  0.105501   0.105501 f
  table_i/n6738 (net)                           1     0.005092            0.000000   0.105501 f
  table_i/U839/A (INVX4)                                        0.023267  0.000000   0.105501 f
  table_i/U839/Y (INVX4)                                        0.009539  0.021286   0.126787 r
  table_i/n135 (net)                            1     0.010083            0.000000   0.126787 r
  table_i/U841/A (INVX8)                                        0.009539  0.000000   0.126787 r
  table_i/U841/Y (INVX8)                                        0.011562  0.028573   0.155360 f
  table_i/addresses[93] (net)                  13     0.038792            0.000000   0.155360 f
  table_i/addresses[93] (mc_transaction_table_Q_DEPTH16_ADDR_W16_DATA_W32_TAG_W8_READ_LATENCY3_AGE_LIMIT128)
                                                                          0.000000   0.155360 f
  addresses[93] (net)                                 0.038792            0.000000   0.155360 f
  U3006/A (XNOR2X1)                                             0.011562  0.000000   0.155360 f
  U3006/Y (XNOR2X1)                                             0.017943  0.027315   0.182675 f
  n5757 (net)                                   1     0.002600            0.000000   0.182675 f
  U6384/B (NAND3X1)                                             0.017943  0.000000   0.182675 f
  U6384/Y (NAND3X1)                                             0.033682  0.032565   0.215240 r
  n5758 (net)                                   1     0.001539            0.000000   0.215240 r
  U4369/A (BUFX2)                                               0.033682  0.000000   0.215240 r
  U4369/Y (BUFX2)                                               0.009294  0.034852   0.250092 r
  n3071 (net)                                   1     0.002292            0.000000   0.250092 r
  U4368/A (OR2X2)                                               0.009294  0.000000   0.250092 r
  U4368/Y (OR2X2)                                               0.011402  0.038099   0.288192 r
  n5760 (net)                                   2     0.003102            0.000000   0.288192 r
  U1577/A (INVX1)                                               0.011402  0.000000   0.288192 r
  U1577/Y (INVX1)                                               0.012811  0.016934   0.305126 f
  n1134 (net)                                   1     0.002600            0.000000   0.305126 f
  U3029/B (NAND3X1)                                             0.012811  0.000000   0.305126 f
  U3029/Y (NAND3X1)                                             0.037717  0.033491   0.338617 r
  n2025 (net)                                   1     0.002365            0.000000   0.338617 r
  U6386/B (NOR2X1)                                              0.037717  0.000000   0.338617 r
  U6386/Y (NOR2X1)                                              0.004613  0.020856   0.359473 f
  n7560 (net)                                   1     0.002832            0.000000   0.359473 f
  candidates_i/same_address[197] (mc_candidates_Q_DEPTH16_ROW_W8_COL_W6)  0.000000   0.359473 f
  candidates_i/same_address[197] (net)                0.002832            0.000000   0.359473 f
  candidates_i/U2378/C (NAND3X1)                                0.004613  0.000000   0.359473 f
  candidates_i/U2378/Y (NAND3X1)                                0.033834  0.027193   0.386666 r
  candidates_i/n1670 (net)                      1     0.001798            0.000000   0.386666 r
  candidates_i/U593/A (AND2X2)                                  0.033834  0.000000   0.386666 r
  candidates_i/U593/Y (AND2X2)                                  0.008908  0.033209   0.419875 r
  candidates_i/n425 (net)                       1     0.001869            0.000000   0.419875 r
  candidates_i/U512/B (AND2X2)                                  0.008908  0.000000   0.419875 r
  candidates_i/U512/Y (AND2X2)                                  0.011573  0.033958   0.453833 r
  candidates_i/n364 (net)                       2     0.003579            0.000000   0.453833 r
  candidates_i/U623/A (INVX1)                                   0.011573  0.000000   0.453833 r
  candidates_i/U623/Y (INVX1)                                   0.012029  0.016452   0.470285 f
  candidates_i/n447 (net)                       1     0.002342            0.000000   0.470285 f
  candidates_i/U603/B (OR2X2)                                   0.012029  0.000000   0.470285 f
  candidates_i/U603/Y (OR2X2)                                   0.008797  0.049165   0.519450 f
  candidates_i/n433 (net)                       2     0.004602            0.000000   0.519450 f
  candidates_i/U584/A (OR2X2)                                   0.008797  0.000000   0.519450 f
  candidates_i/U584/Y (OR2X2)                                   0.006197  0.037525   0.556974 f
  candidates_i/n417 (net)                       1     0.002301            0.000000   0.556974 f
  candidates_i/U572/A (OR2X2)                                   0.006197  0.000000   0.556974 f
  candidates_i/U572/Y (OR2X2)                                   0.005344  0.037670   0.594644 f
  candidates_i/n409 (net)                       1     0.002832            0.000000   0.594644 f
  candidates_i/U570/C (NAND3X1)                                 0.005344  0.000000   0.594644 f
  candidates_i/U570/Y (NAND3X1)                                 0.041065  0.031261   0.625905 r
  candidates_i/n406 (net)                       1     0.003063            0.000000   0.625905 r
  candidates_i/U619/B (NOR3X1)                                  0.041065  0.000000   0.625905 r
  candidates_i/U619/Y (NOR3X1)                                  0.035096  0.039315   0.665220 f
  candidates_i/n444 (net)                       1     0.005092            0.000000   0.665220 f
  candidates_i/U620/A (INVX4)                                   0.035096  0.000000   0.665220 f
  candidates_i/U620/Y (INVX4)                                   0.044265  0.042777   0.707997 r
  candidates_i/n3168 (net)                     15     0.035116            0.000000   0.707997 r
  candidates_i/U3514/A (NAND2X1)                                0.044265  0.000000   0.707997 r
  candidates_i/U3514/Y (NAND2X1)                                0.027213  0.022984   0.730981 f
  candidates_i/n3164 (net)                      2     0.004076            0.000000   0.730981 f
  candidates_i/U839/B (NAND3X1)                                 0.027213  0.000000   0.730981 f
  candidates_i/U839/Y (NAND3X1)                                 0.033388  0.035520   0.766500 r
  candidates_i/n593 (net)                       1     0.001539            0.000000   0.766500 r
  candidates_i/U379/A (BUFX2)                                   0.033388  0.000000   0.766500 r
  candidates_i/U379/Y (BUFX2)                                   0.016669  0.039728   0.806229 r
  candidates_i/n255 (net)                       3     0.005467            0.000000   0.806229 r
  candidates_i/U542/B (NOR2X1)                                  0.016669  0.000000   0.806229 r
  candidates_i/U542/Y (NOR2X1)                                  0.000805  0.012818   0.819047 f
  candidates_i/n387 (net)                       1     0.001763            0.000000   0.819047 f
  candidates_i/U541/A (AND2X2)                                  0.000805  0.000000   0.819047 f
  candidates_i/U541/Y (AND2X2)                                  0.000000  0.031363   0.850409 f
  candidates_i/n3211 (net)                      1     0.002832            0.000000   0.850409 f
  candidates_i/U3563/C (NAND3X1)                                0.000000  0.000000   0.850409 f
  candidates_i/U3563/Y (NAND3X1)                                0.037641  0.027530   0.877939 r
  candidates_i/n3212 (net)                      1     0.002292            0.000000   0.877939 r
  candidates_i/U3564/A (OR2X2)                                  0.037641  0.000000   0.877939 r
  candidates_i/U3564/Y (OR2X2)                                  0.016328  0.043263   0.921203 r
  candidates_i/n4159 (net)                      2     0.004383            0.000000   0.921203 r
  candidates_i/U1133/B (NAND3X1)                                0.016328  0.000000   0.921203 r
  candidates_i/U1133/Y (NAND3X1)                                0.020534  0.017583   0.938785 f
  candidates_i/n867 (net)                       2     0.003816            0.000000   0.938785 f
  candidates_i/U3578/C (AOI21X1)                                0.020534  0.000000   0.938785 f
  candidates_i/U3578/Y (AOI21X1)                                0.034536  0.025642   0.964427 r
  candidates_i/n4118 (net)                      2     0.003825            0.000000   0.964427 r
  candidates_i/U1208/B (NAND2X1)                                0.034536  0.000000   0.964427 r
  candidates_i/U1208/Y (NAND2X1)                                0.018407  0.019397   0.983825 f
  candidates_i/n4069 (net)                      1     0.001476            0.000000   0.983825 f
  candidates_i/U1210/A (INVX1)                                  0.018407  0.000000   0.983825 f
  candidates_i/U1210/Y (INVX1)                                  0.000000  0.008272   0.992097 r
  candidates_i/n1104 (net)                      2     0.003579            0.000000   0.992097 r
  candidates_i/U1205/B (NAND2X1)                                0.000000  0.000000   0.992097 r
  candidates_i/U1205/Y (NAND2X1)                                0.023747  0.013094   1.005191 f
  candidates_i/n4030 (net)                      1     0.002209            0.000000   1.005191 f
  candidates_i/U1217/A (NOR2X1)                                 0.023747  0.000000   1.005191 f
  candidates_i/U1217/Y (NOR2X1)                                 0.030746  0.033837   1.039027 r
  candidates_i/n983 (net)                       1     0.002764            0.000000   1.039027 r
  candidates_i/U4242/B (AOI22X1)                                0.030746  0.000000   1.039027 r
  candidates_i/U4242/Y (AOI22X1)                                0.034750  0.031796   1.070824 f
  candidates_i/n4028 (net)                      1     0.001944            0.000000   1.070824 f
  candidates_i/U1566/B (NAND2X1)                                0.034750  0.000000   1.070824 f
  candidates_i/U1566/Y (NAND2X1)                                0.031298  0.019175   1.089999 r
  candidates_i/candidate_mask[5] (net)          1     0.001798            0.000000   1.089999 r
  candidates_i/candidate_mask[5] (mc_candidates_Q_DEPTH16_ROW_W8_COL_W6)  0.000000   1.089999 r
  candidate_mask[5] (net)                             0.001798            0.000000   1.089999 r
  frfcfs.scheduler_i/candidate_mask[5] (mc_scheduler_frfcfs_Q_DEPTH16_ADDR_W16_AGE_LIMIT128_AGING_ENABLE1)
                                                                          0.000000   1.089999 r
  frfcfs.scheduler_i/candidate_mask[5] (net)          0.001798            0.000000   1.089999 r
  frfcfs.scheduler_i/U956/A (AND2X2)                            0.031298  0.000000   1.089999 r
  frfcfs.scheduler_i/U956/Y (AND2X2)                            0.012789  0.036849   1.126848 r
  frfcfs.scheduler_i/n1201 (net)                2     0.004303            0.000000   1.126848 r
  frfcfs.scheduler_i/U1278/B (AOI22X1)                          0.012789  0.000000   1.126848 r
  frfcfs.scheduler_i/U1278/Y (AOI22X1)                          0.036957  0.028791   1.155638 f
  frfcfs.scheduler_i/n986 (net)                 1     0.002832            0.000000   1.155638 f
  frfcfs.scheduler_i/U1279/C (NAND3X1)                          0.036957  0.000000   1.155638 f
  frfcfs.scheduler_i/U1279/Y (NAND3X1)                          0.040817  0.039341   1.194979 r
  frfcfs.scheduler_i/n1019 (net)                1     0.003063            0.000000   1.194979 r
  frfcfs.scheduler_i/U1307/B (NOR3X1)                           0.040817  0.000000   1.194979 r
  frfcfs.scheduler_i/U1307/Y (NOR3X1)                           0.028485  0.034516   1.229495 f
  frfcfs.scheduler_i/n1054 (net)                1     0.002832            0.000000   1.229495 f
  frfcfs.scheduler_i/U1326/C (NAND3X1)                          0.028485  0.000000   1.229495 f
  frfcfs.scheduler_i/U1326/Y (NAND3X1)                          0.037441  0.035090   1.264585 r
  frfcfs.scheduler_i/n1055 (net)                1     0.002386            0.000000   1.264585 r
  frfcfs.scheduler_i/U214/C (AOI21X1)                           0.037441  0.000000   1.264585 r
  frfcfs.scheduler_i/U214/Y (AOI21X1)                           0.021181  0.022985   1.287571 f
  frfcfs.scheduler_i/n1056 (net)                2     0.003848            0.000000   1.287571 f
  frfcfs.scheduler_i/U217/C (OAI21X1)                           0.021181  0.000000   1.287571 f
  frfcfs.scheduler_i/U217/Y (OAI21X1)                           0.055257  0.031834   1.319404 r
  frfcfs.scheduler_i/n1178 (net)                2     0.005310            0.000000   1.319404 r
  frfcfs.scheduler_i/U224/A (INVX2)                             0.055257  0.000000   1.319404 r
  frfcfs.scheduler_i/U224/Y (INVX2)                             0.030734  0.031440   1.350844 f
  frfcfs.scheduler_i/n1202 (net)                5     0.012923            0.000000   1.350844 f
  frfcfs.scheduler_i/U1359/B (OAI21X1)                          0.030734  0.000000   1.350844 f
  frfcfs.scheduler_i/U1359/Y (OAI21X1)                          0.051136  0.050699   1.401543 r
  frfcfs.scheduler_i/n1163 (net)                2     0.004206            0.000000   1.401543 r
  frfcfs.scheduler_i/U163/A (INVX2)                             0.051136  0.000000   1.401543 r
  frfcfs.scheduler_i/U163/Y (INVX2)                             0.021602  0.024105   1.425648 f
  frfcfs.scheduler_i/n252 (net)                 3     0.005678            0.000000   1.425648 f
  frfcfs.scheduler_i/U91/A (INVX1)                              0.021602  0.000000   1.425648 f
  frfcfs.scheduler_i/U91/Y (INVX1)                              0.000000  0.007862   1.433509 r
  frfcfs.scheduler_i/n34 (net)                  2     0.003102            0.000000   1.433509 r
  frfcfs.scheduler_i/U76/A (INVX1)                              0.000000  0.000000   1.433509 r
  frfcfs.scheduler_i/U76/Y (INVX1)                              0.011653  0.012503   1.446012 f
  frfcfs.scheduler_i/n28 (net)                  1     0.001944            0.000000   1.446012 f
  frfcfs.scheduler_i/U397/B (NAND2X1)                           0.011653  0.000000   1.446012 f
  frfcfs.scheduler_i/U397/Y (NAND2X1)                           0.033198  0.011904   1.457916 r
  frfcfs.scheduler_i/n273 (net)                 1     0.001869            0.000000   1.457916 r
  frfcfs.scheduler_i/U662/B (AND2X2)                            0.033198  0.000000   1.457916 r
  frfcfs.scheduler_i/U662/Y (AND2X2)                            0.008222  0.032022   1.489938 r
  frfcfs.scheduler_i/n1394 (net)                1     0.001551            0.000000   1.489938 r
  frfcfs.scheduler_i/U663/A (INVX1)                             0.008222  0.000000   1.489938 r
  frfcfs.scheduler_i/U663/Y (INVX1)                             0.014904  0.017358   1.507296 f
  frfcfs.scheduler_i/n414 (net)                 1     0.003226            0.000000   1.507296 f
  frfcfs.scheduler_i/U1508/C (NOR3X1)                           0.014904  0.000000   1.507296 f
  frfcfs.scheduler_i/U1508/Y (NOR3X1)                           0.047902  0.023428   1.530724 r
  frfcfs.scheduler_i/n1405 (net)                1     0.001798            0.000000   1.530724 r
  frfcfs.scheduler_i/U373/A (AND2X2)                            0.047902  0.000000   1.530724 r
  frfcfs.scheduler_i/U373/Y (AND2X2)                            0.011633  0.035714   1.566439 r
  frfcfs.scheduler_i/n260 (net)                 2     0.003102            0.000000   1.566439 r
  frfcfs.scheduler_i/U374/A (INVX1)                             0.011633  0.000000   1.566439 r
  frfcfs.scheduler_i/U374/Y (INVX1)                             0.010293  0.015279   1.581718 f
  frfcfs.scheduler_i/n1513 (net)                1     0.001763            0.000000   1.581718 f
  frfcfs.scheduler_i/U401/A (AND2X2)                            0.010293  0.000000   1.581718 f
  frfcfs.scheduler_i/U401/Y (AND2X2)                            0.004093  0.035315   1.617032 f
  frfcfs.scheduler_i/n277 (net)                 2     0.004308            0.000000   1.617032 f
  frfcfs.scheduler_i/U1549/C (NAND3X1)                          0.004093  0.000000   1.617032 f
  frfcfs.scheduler_i/U1549/Y (NAND3X1)                          0.038982  0.029690   1.646722 r
  frfcfs.scheduler_i/n1448 (net)                1     0.002655            0.000000   1.646722 r
  frfcfs.scheduler_i/U273/A (INVX2)                             0.038982  0.000000   1.646722 r
  frfcfs.scheduler_i/U273/Y (INVX2)                             0.020449  0.027334   1.674056 f
  frfcfs.scheduler_i/n1575 (net)                5     0.009040            0.000000   1.674056 f
  frfcfs.scheduler_i/U294/B (NAND2X1)                           0.020449  0.000000   1.674056 f
  frfcfs.scheduler_i/U294/Y (NAND2X1)                           0.034952  0.016314   1.690370 r
  frfcfs.scheduler_i/n188 (net)                 1     0.002365            0.000000   1.690370 r
  frfcfs.scheduler_i/U1642/B (NOR2X1)                           0.034952  0.000000   1.690370 r
  frfcfs.scheduler_i/U1642/Y (NOR2X1)                           0.004076  0.019774   1.710145 f
  frfcfs.scheduler_i/n1581 (net)                1     0.002679            0.000000   1.710145 f
  frfcfs.scheduler_i/U1644/B (AOI21X1)                          0.004076  0.000000   1.710145 f
  frfcfs.scheduler_i/U1644/Y (AOI21X1)                          0.023848  0.026162   1.736307 r
  frfcfs.scheduler_i/n1582 (net)                1     0.001551            0.000000   1.736307 r
  frfcfs.scheduler_i/U406/A (INVX1)                             0.023848  0.000000   1.736307 r
  frfcfs.scheduler_i/U406/Y (INVX1)                             0.012993  0.021025   1.757331 f
  frfcfs.scheduler_i/select_mask[9] (net)       2     0.002952            0.000000   1.757331 f
  frfcfs.scheduler_i/select_mask[9] (mc_scheduler_frfcfs_Q_DEPTH16_ADDR_W16_AGE_LIMIT128_AGING_ENABLE1)
                                                                          0.000000   1.757331 f
  select_mask[9] (net)                                0.002952            0.000000   1.757331 f
  U1982/A (INVX1)                                               0.012993  0.000000   1.757331 f
  U1982/Y (INVX1)                                               0.000000  0.004808   1.762139 r
  n1349 (net)                                   2     0.003102            0.000000   1.762139 r
  U1942/A (INVX1)                                               0.000000  0.000000   1.762139 r
  U1942/Y (INVX1)                                               0.020089  0.018304   1.780444 f
  n1321 (net)                                   2     0.004770            0.000000   1.780444 f
  U4042/B (NAND2X1)                                             0.020089  0.000000   1.780444 f
  U4042/Y (NAND2X1)                                             0.032628  0.014642   1.795086 r
  n2723 (net)                                   1     0.001869            0.000000   1.795086 r
  U4043/B (AND2X2)                                              0.032628  0.000000   1.795086 r
  U4043/Y (AND2X2)                                              0.009240  0.032697   1.827783 r
  n6979 (net)                                   1     0.002010            0.000000   1.827783 r
  U7161/C (OAI21X1)                                             0.009240  0.000000   1.827783 r
  U7161/Y (OAI21X1)                                             0.004453  0.013425   1.841208 f
  n6981 (net)                                   1     0.002312            0.000000   1.841208 f
  U7162/C (AOI21X1)                                             0.004453  0.000000   1.841208 f
  U7162/Y (AOI21X1)                                             0.025185  0.015792   1.857000 r
  n6990 (net)                                   1     0.001869            0.000000   1.857000 r
  U3878/B (AND2X2)                                              0.025185  0.000000   1.857000 r
  U3878/Y (AND2X2)                                              0.007778  0.031632   1.888633 r
  n2648 (net)                                   1     0.001551            0.000000   1.888633 r
  U2022/A (INVX1)                                               0.007778  0.000000   1.888633 r
  U2022/Y (INVX1)                                               0.012161  0.015332   1.903965 f
  n1382 (net)                                   1     0.002297            0.000000   1.903965 f
  U2025/B (NOR2X1)                                              0.012161  0.000000   1.903965 f
  U2025/Y (NOR2X1)                                              0.024021  0.026702   1.930667 r
  n1386 (net)                                   1     0.001551            0.000000   1.930667 r
  U2026/A (INVX1)                                               0.024021  0.000000   1.930667 r
  U2026/Y (INVX1)                                               0.011032  0.019736   1.950403 f
  n1385 (net)                                   1     0.002301            0.000000   1.950403 f
  U1975/A (OR2X2)                                               0.011032  0.000000   1.950403 f
  U1975/Y (OR2X2)                                               0.018575  0.047901   1.998304 f
  cmd_row[6] (net)                              2     0.011476            0.000000   1.998304 f
  cmd_row[6] (out)                                              0.018575  0.000000   1.998304 f
  data arrival time                                                                  1.998304

  clock core_clk (rise edge)                                              3.000000   3.000000
  clock network delay (ideal)                                             0.000000   3.000000
  clock uncertainty                                                       -0.100000  2.900000
  output external delay                                                   -1.000000  1.900000
  data required time                                                                 1.900000
  ----------------------------------------------------------------------------------------------
  data required time                                                                 1.900000
  data arrival time                                                                  -1.998304
  ----------------------------------------------------------------------------------------------
  slack (VIOLATED)                                                                   -0.098304


  Startpoint: table_i/addresses_reg[93]
              (rising edge-triggered flip-flop clocked by core_clk)
  Endpoint: cmd_op[0] (output port clocked by core_clk)
  Path Group: core_clk
  Path Type: max

  Point                                       Fanout       Cap     Trans      Incr       Path
  ----------------------------------------------------------------------------------------------
  clock core_clk (rise edge)                                              0.000000   0.000000
  clock network delay (ideal)                                             0.000000   0.000000
  table_i/addresses_reg[93]/CLK (DFFPOSX1)                      0.000000  0.000000 # 0.000000 r
  table_i/addresses_reg[93]/Q (DFFPOSX1)                        0.023267  0.105501   0.105501 f
  table_i/n6738 (net)                           1     0.005092            0.000000   0.105501 f
  table_i/U839/A (INVX4)                                        0.023267  0.000000   0.105501 f
  table_i/U839/Y (INVX4)                                        0.009539  0.021286   0.126787 r
  table_i/n135 (net)                            1     0.010083            0.000000   0.126787 r
  table_i/U841/A (INVX8)                                        0.009539  0.000000   0.126787 r
  table_i/U841/Y (INVX8)                                        0.011562  0.028573   0.155360 f
  table_i/addresses[93] (net)                  13     0.038792            0.000000   0.155360 f
  table_i/addresses[93] (mc_transaction_table_Q_DEPTH16_ADDR_W16_DATA_W32_TAG_W8_READ_LATENCY3_AGE_LIMIT128)
                                                                          0.000000   0.155360 f
  addresses[93] (net)                                 0.038792            0.000000   0.155360 f
  U3006/A (XNOR2X1)                                             0.011562  0.000000   0.155360 f
  U3006/Y (XNOR2X1)                                             0.017943  0.027315   0.182675 f
  n5757 (net)                                   1     0.002600            0.000000   0.182675 f
  U6384/B (NAND3X1)                                             0.017943  0.000000   0.182675 f
  U6384/Y (NAND3X1)                                             0.033682  0.032565   0.215240 r
  n5758 (net)                                   1     0.001539            0.000000   0.215240 r
  U4369/A (BUFX2)                                               0.033682  0.000000   0.215240 r
  U4369/Y (BUFX2)                                               0.009294  0.034852   0.250092 r
  n3071 (net)                                   1     0.002292            0.000000   0.250092 r
  U4368/A (OR2X2)                                               0.009294  0.000000   0.250092 r
  U4368/Y (OR2X2)                                               0.011402  0.038099   0.288192 r
  n5760 (net)                                   2     0.003102            0.000000   0.288192 r
  U1577/A (INVX1)                                               0.011402  0.000000   0.288192 r
  U1577/Y (INVX1)                                               0.012811  0.016934   0.305126 f
  n1134 (net)                                   1     0.002600            0.000000   0.305126 f
  U3029/B (NAND3X1)                                             0.012811  0.000000   0.305126 f
  U3029/Y (NAND3X1)                                             0.037717  0.033491   0.338617 r
  n2025 (net)                                   1     0.002365            0.000000   0.338617 r
  U6386/B (NOR2X1)                                              0.037717  0.000000   0.338617 r
  U6386/Y (NOR2X1)                                              0.004613  0.020856   0.359473 f
  n7560 (net)                                   1     0.002832            0.000000   0.359473 f
  candidates_i/same_address[197] (mc_candidates_Q_DEPTH16_ROW_W8_COL_W6)  0.000000   0.359473 f
  candidates_i/same_address[197] (net)                0.002832            0.000000   0.359473 f
  candidates_i/U2378/C (NAND3X1)                                0.004613  0.000000   0.359473 f
  candidates_i/U2378/Y (NAND3X1)                                0.033834  0.027193   0.386666 r
  candidates_i/n1670 (net)                      1     0.001798            0.000000   0.386666 r
  candidates_i/U593/A (AND2X2)                                  0.033834  0.000000   0.386666 r
  candidates_i/U593/Y (AND2X2)                                  0.008908  0.033209   0.419875 r
  candidates_i/n425 (net)                       1     0.001869            0.000000   0.419875 r
  candidates_i/U512/B (AND2X2)                                  0.008908  0.000000   0.419875 r
  candidates_i/U512/Y (AND2X2)                                  0.011573  0.033958   0.453833 r
  candidates_i/n364 (net)                       2     0.003579            0.000000   0.453833 r
  candidates_i/U623/A (INVX1)                                   0.011573  0.000000   0.453833 r
  candidates_i/U623/Y (INVX1)                                   0.012029  0.016452   0.470285 f
  candidates_i/n447 (net)                       1     0.002342            0.000000   0.470285 f
  candidates_i/U603/B (OR2X2)                                   0.012029  0.000000   0.470285 f
  candidates_i/U603/Y (OR2X2)                                   0.008797  0.049165   0.519450 f
  candidates_i/n433 (net)                       2     0.004602            0.000000   0.519450 f
  candidates_i/U584/A (OR2X2)                                   0.008797  0.000000   0.519450 f
  candidates_i/U584/Y (OR2X2)                                   0.006197  0.037525   0.556974 f
  candidates_i/n417 (net)                       1     0.002301            0.000000   0.556974 f
  candidates_i/U572/A (OR2X2)                                   0.006197  0.000000   0.556974 f
  candidates_i/U572/Y (OR2X2)                                   0.005344  0.037670   0.594644 f
  candidates_i/n409 (net)                       1     0.002832            0.000000   0.594644 f
  candidates_i/U570/C (NAND3X1)                                 0.005344  0.000000   0.594644 f
  candidates_i/U570/Y (NAND3X1)                                 0.041065  0.031261   0.625905 r
  candidates_i/n406 (net)                       1     0.003063            0.000000   0.625905 r
  candidates_i/U619/B (NOR3X1)                                  0.041065  0.000000   0.625905 r
  candidates_i/U619/Y (NOR3X1)                                  0.035096  0.039315   0.665220 f
  candidates_i/n444 (net)                       1     0.005092            0.000000   0.665220 f
  candidates_i/U620/A (INVX4)                                   0.035096  0.000000   0.665220 f
  candidates_i/U620/Y (INVX4)                                   0.044265  0.042777   0.707997 r
  candidates_i/n3168 (net)                     15     0.035116            0.000000   0.707997 r
  candidates_i/U3514/A (NAND2X1)                                0.044265  0.000000   0.707997 r
  candidates_i/U3514/Y (NAND2X1)                                0.027213  0.022984   0.730981 f
  candidates_i/n3164 (net)                      2     0.004076            0.000000   0.730981 f
  candidates_i/U839/B (NAND3X1)                                 0.027213  0.000000   0.730981 f
  candidates_i/U839/Y (NAND3X1)                                 0.033388  0.035520   0.766500 r
  candidates_i/n593 (net)                       1     0.001539            0.000000   0.766500 r
  candidates_i/U379/A (BUFX2)                                   0.033388  0.000000   0.766500 r
  candidates_i/U379/Y (BUFX2)                                   0.016669  0.039728   0.806229 r
  candidates_i/n255 (net)                       3     0.005467            0.000000   0.806229 r
  candidates_i/U542/B (NOR2X1)                                  0.016669  0.000000   0.806229 r
  candidates_i/U542/Y (NOR2X1)                                  0.000805  0.012818   0.819047 f
  candidates_i/n387 (net)                       1     0.001763            0.000000   0.819047 f
  candidates_i/U541/A (AND2X2)                                  0.000805  0.000000   0.819047 f
  candidates_i/U541/Y (AND2X2)                                  0.000000  0.031363   0.850409 f
  candidates_i/n3211 (net)                      1     0.002832            0.000000   0.850409 f
  candidates_i/U3563/C (NAND3X1)                                0.000000  0.000000   0.850409 f
  candidates_i/U3563/Y (NAND3X1)                                0.037641  0.027530   0.877939 r
  candidates_i/n3212 (net)                      1     0.002292            0.000000   0.877939 r
  candidates_i/U3564/A (OR2X2)                                  0.037641  0.000000   0.877939 r
  candidates_i/U3564/Y (OR2X2)                                  0.016328  0.043263   0.921203 r
  candidates_i/n4159 (net)                      2     0.004383            0.000000   0.921203 r
  candidates_i/U1133/B (NAND3X1)                                0.016328  0.000000   0.921203 r
  candidates_i/U1133/Y (NAND3X1)                                0.020534  0.017583   0.938785 f
  candidates_i/n867 (net)                       2     0.003816            0.000000   0.938785 f
  candidates_i/U3578/C (AOI21X1)                                0.020534  0.000000   0.938785 f
  candidates_i/U3578/Y (AOI21X1)                                0.034536  0.025642   0.964427 r
  candidates_i/n4118 (net)                      2     0.003825            0.000000   0.964427 r
  candidates_i/U1208/B (NAND2X1)                                0.034536  0.000000   0.964427 r
  candidates_i/U1208/Y (NAND2X1)                                0.018407  0.019397   0.983825 f
  candidates_i/n4069 (net)                      1     0.001476            0.000000   0.983825 f
  candidates_i/U1210/A (INVX1)                                  0.018407  0.000000   0.983825 f
  candidates_i/U1210/Y (INVX1)                                  0.000000  0.008272   0.992097 r
  candidates_i/n1104 (net)                      2     0.003579            0.000000   0.992097 r
  candidates_i/U1205/B (NAND2X1)                                0.000000  0.000000   0.992097 r
  candidates_i/U1205/Y (NAND2X1)                                0.023747  0.013094   1.005191 f
  candidates_i/n4030 (net)                      1     0.002209            0.000000   1.005191 f
  candidates_i/U1217/A (NOR2X1)                                 0.023747  0.000000   1.005191 f
  candidates_i/U1217/Y (NOR2X1)                                 0.030746  0.033837   1.039027 r
  candidates_i/n983 (net)                       1     0.002764            0.000000   1.039027 r
  candidates_i/U4242/B (AOI22X1)                                0.030746  0.000000   1.039027 r
  candidates_i/U4242/Y (AOI22X1)                                0.034750  0.031796   1.070824 f
  candidates_i/n4028 (net)                      1     0.001944            0.000000   1.070824 f
  candidates_i/U1566/B (NAND2X1)                                0.034750  0.000000   1.070824 f
  candidates_i/U1566/Y (NAND2X1)                                0.031298  0.019175   1.089999 r
  candidates_i/candidate_mask[5] (net)          1     0.001798            0.000000   1.089999 r
  candidates_i/candidate_mask[5] (mc_candidates_Q_DEPTH16_ROW_W8_COL_W6)  0.000000   1.089999 r
  candidate_mask[5] (net)                             0.001798            0.000000   1.089999 r
  frfcfs.scheduler_i/candidate_mask[5] (mc_scheduler_frfcfs_Q_DEPTH16_ADDR_W16_AGE_LIMIT128_AGING_ENABLE1)
                                                                          0.000000   1.089999 r
  frfcfs.scheduler_i/candidate_mask[5] (net)          0.001798            0.000000   1.089999 r
  frfcfs.scheduler_i/U956/A (AND2X2)                            0.031298  0.000000   1.089999 r
  frfcfs.scheduler_i/U956/Y (AND2X2)                            0.012789  0.036849   1.126848 r
  frfcfs.scheduler_i/n1201 (net)                2     0.004303            0.000000   1.126848 r
  frfcfs.scheduler_i/U1278/B (AOI22X1)                          0.012789  0.000000   1.126848 r
  frfcfs.scheduler_i/U1278/Y (AOI22X1)                          0.036957  0.028791   1.155638 f
  frfcfs.scheduler_i/n986 (net)                 1     0.002832            0.000000   1.155638 f
  frfcfs.scheduler_i/U1279/C (NAND3X1)                          0.036957  0.000000   1.155638 f
  frfcfs.scheduler_i/U1279/Y (NAND3X1)                          0.040817  0.039341   1.194979 r
  frfcfs.scheduler_i/n1019 (net)                1     0.003063            0.000000   1.194979 r
  frfcfs.scheduler_i/U1307/B (NOR3X1)                           0.040817  0.000000   1.194979 r
  frfcfs.scheduler_i/U1307/Y (NOR3X1)                           0.028485  0.034516   1.229495 f
  frfcfs.scheduler_i/n1054 (net)                1     0.002832            0.000000   1.229495 f
  frfcfs.scheduler_i/U1326/C (NAND3X1)                          0.028485  0.000000   1.229495 f
  frfcfs.scheduler_i/U1326/Y (NAND3X1)                          0.037441  0.035090   1.264585 r
  frfcfs.scheduler_i/n1055 (net)                1     0.002386            0.000000   1.264585 r
  frfcfs.scheduler_i/U214/C (AOI21X1)                           0.037441  0.000000   1.264585 r
  frfcfs.scheduler_i/U214/Y (AOI21X1)                           0.021181  0.022985   1.287571 f
  frfcfs.scheduler_i/n1056 (net)                2     0.003848            0.000000   1.287571 f
  frfcfs.scheduler_i/U217/C (OAI21X1)                           0.021181  0.000000   1.287571 f
  frfcfs.scheduler_i/U217/Y (OAI21X1)                           0.055257  0.031834   1.319404 r
  frfcfs.scheduler_i/n1178 (net)                2     0.005310            0.000000   1.319404 r
  frfcfs.scheduler_i/U224/A (INVX2)                             0.055257  0.000000   1.319404 r
  frfcfs.scheduler_i/U224/Y (INVX2)                             0.030734  0.031440   1.350844 f
  frfcfs.scheduler_i/n1202 (net)                5     0.012923            0.000000   1.350844 f
  frfcfs.scheduler_i/U1359/B (OAI21X1)                          0.030734  0.000000   1.350844 f
  frfcfs.scheduler_i/U1359/Y (OAI21X1)                          0.051136  0.050699   1.401543 r
  frfcfs.scheduler_i/n1163 (net)                2     0.004206            0.000000   1.401543 r
  frfcfs.scheduler_i/U163/A (INVX2)                             0.051136  0.000000   1.401543 r
  frfcfs.scheduler_i/U163/Y (INVX2)                             0.021602  0.024105   1.425648 f
  frfcfs.scheduler_i/n252 (net)                 3     0.005678            0.000000   1.425648 f
  frfcfs.scheduler_i/U1518/B (AOI22X1)                          0.021602  0.000000   1.425648 f
  frfcfs.scheduler_i/U1518/Y (AOI22X1)                          0.045955  0.043307   1.468954 r
  frfcfs.scheduler_i/n1407 (net)                1     0.002548            0.000000   1.468954 r
  frfcfs.scheduler_i/U1519/A (NAND3X1)                          0.045955  0.000000   1.468954 r
  frfcfs.scheduler_i/U1519/Y (NAND3X1)                          0.016332  0.022688   1.491643 f
  frfcfs.scheduler_i/n1410 (net)                1     0.002297            0.000000   1.491643 f
  frfcfs.scheduler_i/U391/B (NOR2X1)                            0.016332  0.000000   1.491643 f
  frfcfs.scheduler_i/U391/Y (NOR2X1)                            0.024721  0.028380   1.520023 r
  frfcfs.scheduler_i/n269 (net)                 1     0.001798            0.000000   1.520023 r
  frfcfs.scheduler_i/U390/A (AND2X2)                            0.024721  0.000000   1.520023 r
  frfcfs.scheduler_i/U390/Y (AND2X2)                            0.014842  0.036445   1.556468 r
  frfcfs.scheduler_i/n1416 (net)                2     0.004221            0.000000   1.556468 r
  frfcfs.scheduler_i/U1524/A (NAND2X1)                          0.014842  0.000000   1.556468 r
  frfcfs.scheduler_i/U1524/Y (NAND2X1)                          0.021654  0.012786   1.569254 f
  frfcfs.scheduler_i/n1593 (net)                1     0.001884            0.000000   1.569254 f
  frfcfs.scheduler_i/U1563/A (NAND2X1)                          0.021654  0.000000   1.569254 f
  frfcfs.scheduler_i/U1563/Y (NAND2X1)                          0.045376  0.037249   1.606503 r
  frfcfs.scheduler_i/n1590 (net)                2     0.004602            0.000000   1.606503 r
  frfcfs.scheduler_i/U1564/B (NOR3X1)                           0.045376  0.000000   1.606503 r
  frfcfs.scheduler_i/U1564/Y (NOR3X1)                           0.029436  0.037406   1.643909 f
  frfcfs.scheduler_i/n1461 (net)                2     0.003583            0.000000   1.643909 f
  frfcfs.scheduler_i/U1565/A (AND2X2)                           0.029436  0.000000   1.643909 f
  frfcfs.scheduler_i/U1565/Y (AND2X2)                           0.010699  0.044675   1.688583 f
  frfcfs.scheduler_i/n1569 (net)                4     0.008566            0.000000   1.688583 f
  frfcfs.scheduler_i/U1631/C (NAND3X1)                          0.010699  0.000000   1.688583 f
  frfcfs.scheduler_i/U1631/Y (NAND3X1)                          0.046788  0.036682   1.725265 r
  frfcfs.scheduler_i/n1567 (net)                2     0.004383            0.000000   1.725265 r
  frfcfs.scheduler_i/U387/A (INVX1)                             0.046788  0.000000   1.725265 r
  frfcfs.scheduler_i/U387/Y (INVX1)                             0.008364  0.025167   1.750432 f
  frfcfs.scheduler_i/n1561 (net)                1     0.001944            0.000000   1.750432 f
  frfcfs.scheduler_i/U384/B (NAND2X1)                           0.008364  0.000000   1.750432 f
  frfcfs.scheduler_i/U384/Y (NAND2X1)                           0.034086  0.011277   1.761709 r
  frfcfs.scheduler_i/n1563 (net)                1     0.002010            0.000000   1.761709 r
  frfcfs.scheduler_i/U1635/C (OAI21X1)                          0.034086  0.000000   1.761709 r
  frfcfs.scheduler_i/U1635/Y (OAI21X1)                          0.009958  0.023433   1.785141 f
  frfcfs.scheduler_i/select_mask[5] (net)       3     0.004428            0.000000   1.785141 f
  frfcfs.scheduler_i/select_mask[5] (mc_scheduler_frfcfs_Q_DEPTH16_ADDR_W16_AGE_LIMIT128_AGING_ENABLE1)
                                                                          0.000000   1.785141 f
  select_mask[5] (net)                                0.004428            0.000000   1.785141 f
  U1952/A (INVX1)                                               0.009958  0.000000   1.785141 f
  U1952/Y (INVX1)                                               0.000000  0.008762   1.793903 r
  n1326 (net)                                   3     0.004653            0.000000   1.793903 r
  U1958/A (INVX1)                                               0.000000  0.000000   1.793903 r
  U1958/Y (INVX1)                                               0.021985  0.019608   1.813511 f
  n1606 (net)                                   2     0.005405            0.000000   1.813511 f
  U7209/B (AOI22X1)                                             0.021985  0.000000   1.813511 f
  U7209/Y (AOI22X1)                                             0.044483  0.041235   1.854746 r
  n7045 (net)                                   1     0.001798            0.000000   1.854746 r
  U7211/A (AND2X2)                                              0.044483  0.000000   1.854746 r
  U7211/Y (AND2X2)                                              0.008864  0.033196   1.887942 r
  n7046 (net)                                   1     0.001551            0.000000   1.887942 r
  U2011/A (INVX1)                                               0.008864  0.000000   1.887942 r
  U2011/Y (INVX1)                                               0.012084  0.015626   1.903569 f
  n1371 (net)                                   1     0.002297            0.000000   1.903569 f
  U2014/B (NOR2X1)                                              0.012084  0.000000   1.903569 f
  U2014/Y (NOR2X1)                                              0.024030  0.026686   1.930254 r
  n1375 (net)                                   1     0.001551            0.000000   1.930254 r
  U2015/A (INVX1)                                               0.024030  0.000000   1.930254 r
  U2015/Y (INVX1)                                               0.011032  0.019739   1.949993 f
  n1374 (net)                                   1     0.002301            0.000000   1.949993 f
  U1959/A (OR2X2)                                               0.011032  0.000000   1.949993 f
  U1959/Y (OR2X2)                                               0.018615  0.047931   1.997924 f
  cmd_op[0] (net)                               2     0.011504            0.000000   1.997924 f
  cmd_op[0] (out)                                               0.018615  0.000000   1.997924 f
  data arrival time                                                                  1.997924

  clock core_clk (rise edge)                                              3.000000   3.000000
  clock network delay (ideal)                                             0.000000   3.000000
  clock uncertainty                                                       -0.100000  2.900000
  output external delay                                                   -1.000000  1.900000
  data required time                                                                 1.900000
  ----------------------------------------------------------------------------------------------
  data required time                                                                 1.900000
  data arrival time                                                                  -1.997924
  ----------------------------------------------------------------------------------------------
  slack (VIOLATED)                                                                   -0.097924


  Startpoint: table_i/addresses_reg[93]
              (rising edge-triggered flip-flop clocked by core_clk)
  Endpoint: cmd_row[0] (output port clocked by core_clk)
  Path Group: core_clk
  Path Type: max

  Point                                       Fanout       Cap     Trans      Incr       Path
  ----------------------------------------------------------------------------------------------
  clock core_clk (rise edge)                                              0.000000   0.000000
  clock network delay (ideal)                                             0.000000   0.000000
  table_i/addresses_reg[93]/CLK (DFFPOSX1)                      0.000000  0.000000 # 0.000000 r
  table_i/addresses_reg[93]/Q (DFFPOSX1)                        0.023267  0.105501   0.105501 f
  table_i/n6738 (net)                           1     0.005092            0.000000   0.105501 f
  table_i/U839/A (INVX4)                                        0.023267  0.000000   0.105501 f
  table_i/U839/Y (INVX4)                                        0.009539  0.021286   0.126787 r
  table_i/n135 (net)                            1     0.010083            0.000000   0.126787 r
  table_i/U841/A (INVX8)                                        0.009539  0.000000   0.126787 r
  table_i/U841/Y (INVX8)                                        0.011562  0.028573   0.155360 f
  table_i/addresses[93] (net)                  13     0.038792            0.000000   0.155360 f
  table_i/addresses[93] (mc_transaction_table_Q_DEPTH16_ADDR_W16_DATA_W32_TAG_W8_READ_LATENCY3_AGE_LIMIT128)
                                                                          0.000000   0.155360 f
  addresses[93] (net)                                 0.038792            0.000000   0.155360 f
  U3006/A (XNOR2X1)                                             0.011562  0.000000   0.155360 f
  U3006/Y (XNOR2X1)                                             0.017943  0.027315   0.182675 f
  n5757 (net)                                   1     0.002600            0.000000   0.182675 f
  U6384/B (NAND3X1)                                             0.017943  0.000000   0.182675 f
  U6384/Y (NAND3X1)                                             0.033682  0.032565   0.215240 r
  n5758 (net)                                   1     0.001539            0.000000   0.215240 r
  U4369/A (BUFX2)                                               0.033682  0.000000   0.215240 r
  U4369/Y (BUFX2)                                               0.009294  0.034852   0.250092 r
  n3071 (net)                                   1     0.002292            0.000000   0.250092 r
  U4368/A (OR2X2)                                               0.009294  0.000000   0.250092 r
  U4368/Y (OR2X2)                                               0.011402  0.038099   0.288192 r
  n5760 (net)                                   2     0.003102            0.000000   0.288192 r
  U1577/A (INVX1)                                               0.011402  0.000000   0.288192 r
  U1577/Y (INVX1)                                               0.012811  0.016934   0.305126 f
  n1134 (net)                                   1     0.002600            0.000000   0.305126 f
  U3029/B (NAND3X1)                                             0.012811  0.000000   0.305126 f
  U3029/Y (NAND3X1)                                             0.037717  0.033491   0.338617 r
  n2025 (net)                                   1     0.002365            0.000000   0.338617 r
  U6386/B (NOR2X1)                                              0.037717  0.000000   0.338617 r
  U6386/Y (NOR2X1)                                              0.004613  0.020856   0.359473 f
  n7560 (net)                                   1     0.002832            0.000000   0.359473 f
  candidates_i/same_address[197] (mc_candidates_Q_DEPTH16_ROW_W8_COL_W6)  0.000000   0.359473 f
  candidates_i/same_address[197] (net)                0.002832            0.000000   0.359473 f
  candidates_i/U2378/C (NAND3X1)                                0.004613  0.000000   0.359473 f
  candidates_i/U2378/Y (NAND3X1)                                0.033834  0.027193   0.386666 r
  candidates_i/n1670 (net)                      1     0.001798            0.000000   0.386666 r
  candidates_i/U593/A (AND2X2)                                  0.033834  0.000000   0.386666 r
  candidates_i/U593/Y (AND2X2)                                  0.008908  0.033209   0.419875 r
  candidates_i/n425 (net)                       1     0.001869            0.000000   0.419875 r
  candidates_i/U512/B (AND2X2)                                  0.008908  0.000000   0.419875 r
  candidates_i/U512/Y (AND2X2)                                  0.011573  0.033958   0.453833 r
  candidates_i/n364 (net)                       2     0.003579            0.000000   0.453833 r
  candidates_i/U623/A (INVX1)                                   0.011573  0.000000   0.453833 r
  candidates_i/U623/Y (INVX1)                                   0.012029  0.016452   0.470285 f
  candidates_i/n447 (net)                       1     0.002342            0.000000   0.470285 f
  candidates_i/U603/B (OR2X2)                                   0.012029  0.000000   0.470285 f
  candidates_i/U603/Y (OR2X2)                                   0.008797  0.049165   0.519450 f
  candidates_i/n433 (net)                       2     0.004602            0.000000   0.519450 f
  candidates_i/U584/A (OR2X2)                                   0.008797  0.000000   0.519450 f
  candidates_i/U584/Y (OR2X2)                                   0.006197  0.037525   0.556974 f
  candidates_i/n417 (net)                       1     0.002301            0.000000   0.556974 f
  candidates_i/U572/A (OR2X2)                                   0.006197  0.000000   0.556974 f
  candidates_i/U572/Y (OR2X2)                                   0.005344  0.037670   0.594644 f
  candidates_i/n409 (net)                       1     0.002832            0.000000   0.594644 f
  candidates_i/U570/C (NAND3X1)                                 0.005344  0.000000   0.594644 f
  candidates_i/U570/Y (NAND3X1)                                 0.041065  0.031261   0.625905 r
  candidates_i/n406 (net)                       1     0.003063            0.000000   0.625905 r
  candidates_i/U619/B (NOR3X1)                                  0.041065  0.000000   0.625905 r
  candidates_i/U619/Y (NOR3X1)                                  0.035096  0.039315   0.665220 f
  candidates_i/n444 (net)                       1     0.005092            0.000000   0.665220 f
  candidates_i/U620/A (INVX4)                                   0.035096  0.000000   0.665220 f
  candidates_i/U620/Y (INVX4)                                   0.044265  0.042777   0.707997 r
  candidates_i/n3168 (net)                     15     0.035116            0.000000   0.707997 r
  candidates_i/U3514/A (NAND2X1)                                0.044265  0.000000   0.707997 r
  candidates_i/U3514/Y (NAND2X1)                                0.027213  0.022984   0.730981 f
  candidates_i/n3164 (net)                      2     0.004076            0.000000   0.730981 f
  candidates_i/U839/B (NAND3X1)                                 0.027213  0.000000   0.730981 f
  candidates_i/U839/Y (NAND3X1)                                 0.033388  0.035520   0.766500 r
  candidates_i/n593 (net)                       1     0.001539            0.000000   0.766500 r
  candidates_i/U379/A (BUFX2)                                   0.033388  0.000000   0.766500 r
  candidates_i/U379/Y (BUFX2)                                   0.016669  0.039728   0.806229 r
  candidates_i/n255 (net)                       3     0.005467            0.000000   0.806229 r
  candidates_i/U542/B (NOR2X1)                                  0.016669  0.000000   0.806229 r
  candidates_i/U542/Y (NOR2X1)                                  0.000805  0.012818   0.819047 f
  candidates_i/n387 (net)                       1     0.001763            0.000000   0.819047 f
  candidates_i/U541/A (AND2X2)                                  0.000805  0.000000   0.819047 f
  candidates_i/U541/Y (AND2X2)                                  0.000000  0.031363   0.850409 f
  candidates_i/n3211 (net)                      1     0.002832            0.000000   0.850409 f
  candidates_i/U3563/C (NAND3X1)                                0.000000  0.000000   0.850409 f
  candidates_i/U3563/Y (NAND3X1)                                0.037641  0.027530   0.877939 r
  candidates_i/n3212 (net)                      1     0.002292            0.000000   0.877939 r
  candidates_i/U3564/A (OR2X2)                                  0.037641  0.000000   0.877939 r
  candidates_i/U3564/Y (OR2X2)                                  0.016328  0.043263   0.921203 r
  candidates_i/n4159 (net)                      2     0.004383            0.000000   0.921203 r
  candidates_i/U1133/B (NAND3X1)                                0.016328  0.000000   0.921203 r
  candidates_i/U1133/Y (NAND3X1)                                0.020534  0.017583   0.938785 f
  candidates_i/n867 (net)                       2     0.003816            0.000000   0.938785 f
  candidates_i/U3578/C (AOI21X1)                                0.020534  0.000000   0.938785 f
  candidates_i/U3578/Y (AOI21X1)                                0.034536  0.025642   0.964427 r
  candidates_i/n4118 (net)                      2     0.003825            0.000000   0.964427 r
  candidates_i/U1208/B (NAND2X1)                                0.034536  0.000000   0.964427 r
  candidates_i/U1208/Y (NAND2X1)                                0.018407  0.019397   0.983825 f
  candidates_i/n4069 (net)                      1     0.001476            0.000000   0.983825 f
  candidates_i/U1210/A (INVX1)                                  0.018407  0.000000   0.983825 f
  candidates_i/U1210/Y (INVX1)                                  0.000000  0.008272   0.992097 r
  candidates_i/n1104 (net)                      2     0.003579            0.000000   0.992097 r
  candidates_i/U1205/B (NAND2X1)                                0.000000  0.000000   0.992097 r
  candidates_i/U1205/Y (NAND2X1)                                0.023747  0.013094   1.005191 f
  candidates_i/n4030 (net)                      1     0.002209            0.000000   1.005191 f
  candidates_i/U1217/A (NOR2X1)                                 0.023747  0.000000   1.005191 f
  candidates_i/U1217/Y (NOR2X1)                                 0.030746  0.033837   1.039027 r
  candidates_i/n983 (net)                       1     0.002764            0.000000   1.039027 r
  candidates_i/U4242/B (AOI22X1)                                0.030746  0.000000   1.039027 r
  candidates_i/U4242/Y (AOI22X1)                                0.034750  0.031796   1.070824 f
  candidates_i/n4028 (net)                      1     0.001944            0.000000   1.070824 f
  candidates_i/U1566/B (NAND2X1)                                0.034750  0.000000   1.070824 f
  candidates_i/U1566/Y (NAND2X1)                                0.031298  0.019175   1.089999 r
  candidates_i/candidate_mask[5] (net)          1     0.001798            0.000000   1.089999 r
  candidates_i/candidate_mask[5] (mc_candidates_Q_DEPTH16_ROW_W8_COL_W6)  0.000000   1.089999 r
  candidate_mask[5] (net)                             0.001798            0.000000   1.089999 r
  frfcfs.scheduler_i/candidate_mask[5] (mc_scheduler_frfcfs_Q_DEPTH16_ADDR_W16_AGE_LIMIT128_AGING_ENABLE1)
                                                                          0.000000   1.089999 r
  frfcfs.scheduler_i/candidate_mask[5] (net)          0.001798            0.000000   1.089999 r
  frfcfs.scheduler_i/U956/A (AND2X2)                            0.031298  0.000000   1.089999 r
  frfcfs.scheduler_i/U956/Y (AND2X2)                            0.012789  0.036849   1.126848 r
  frfcfs.scheduler_i/n1201 (net)                2     0.004303            0.000000   1.126848 r
  frfcfs.scheduler_i/U1278/B (AOI22X1)                          0.012789  0.000000   1.126848 r
  frfcfs.scheduler_i/U1278/Y (AOI22X1)                          0.036957  0.028791   1.155638 f
  frfcfs.scheduler_i/n986 (net)                 1     0.002832            0.000000   1.155638 f
  frfcfs.scheduler_i/U1279/C (NAND3X1)                          0.036957  0.000000   1.155638 f
  frfcfs.scheduler_i/U1279/Y (NAND3X1)                          0.040817  0.039341   1.194979 r
  frfcfs.scheduler_i/n1019 (net)                1     0.003063            0.000000   1.194979 r
  frfcfs.scheduler_i/U1307/B (NOR3X1)                           0.040817  0.000000   1.194979 r
  frfcfs.scheduler_i/U1307/Y (NOR3X1)                           0.028485  0.034516   1.229495 f
  frfcfs.scheduler_i/n1054 (net)                1     0.002832            0.000000   1.229495 f
  frfcfs.scheduler_i/U1326/C (NAND3X1)                          0.028485  0.000000   1.229495 f
  frfcfs.scheduler_i/U1326/Y (NAND3X1)                          0.037441  0.035090   1.264585 r
  frfcfs.scheduler_i/n1055 (net)                1     0.002386            0.000000   1.264585 r
  frfcfs.scheduler_i/U214/C (AOI21X1)                           0.037441  0.000000   1.264585 r
  frfcfs.scheduler_i/U214/Y (AOI21X1)                           0.021181  0.022985   1.287571 f
  frfcfs.scheduler_i/n1056 (net)                2     0.003848            0.000000   1.287571 f
  frfcfs.scheduler_i/U217/C (OAI21X1)                           0.021181  0.000000   1.287571 f
  frfcfs.scheduler_i/U217/Y (OAI21X1)                           0.055257  0.031834   1.319404 r
  frfcfs.scheduler_i/n1178 (net)                2     0.005310            0.000000   1.319404 r
  frfcfs.scheduler_i/U224/A (INVX2)                             0.055257  0.000000   1.319404 r
  frfcfs.scheduler_i/U224/Y (INVX2)                             0.030734  0.031440   1.350844 f
  frfcfs.scheduler_i/n1202 (net)                5     0.012923            0.000000   1.350844 f
  frfcfs.scheduler_i/U1359/B (OAI21X1)                          0.030734  0.000000   1.350844 f
  frfcfs.scheduler_i/U1359/Y (OAI21X1)                          0.051136  0.050699   1.401543 r
  frfcfs.scheduler_i/n1163 (net)                2     0.004206            0.000000   1.401543 r
  frfcfs.scheduler_i/U163/A (INVX2)                             0.051136  0.000000   1.401543 r
  frfcfs.scheduler_i/U163/Y (INVX2)                             0.021602  0.024105   1.425648 f
  frfcfs.scheduler_i/n252 (net)                 3     0.005678            0.000000   1.425648 f
  frfcfs.scheduler_i/U91/A (INVX1)                              0.021602  0.000000   1.425648 f
  frfcfs.scheduler_i/U91/Y (INVX1)                              0.000000  0.007862   1.433509 r
  frfcfs.scheduler_i/n34 (net)                  2     0.003102            0.000000   1.433509 r
  frfcfs.scheduler_i/U76/A (INVX1)                              0.000000  0.000000   1.433509 r
  frfcfs.scheduler_i/U76/Y (INVX1)                              0.011653  0.012503   1.446012 f
  frfcfs.scheduler_i/n28 (net)                  1     0.001944            0.000000   1.446012 f
  frfcfs.scheduler_i/U397/B (NAND2X1)                           0.011653  0.000000   1.446012 f
  frfcfs.scheduler_i/U397/Y (NAND2X1)                           0.033198  0.011904   1.457916 r
  frfcfs.scheduler_i/n273 (net)                 1     0.001869            0.000000   1.457916 r
  frfcfs.scheduler_i/U662/B (AND2X2)                            0.033198  0.000000   1.457916 r
  frfcfs.scheduler_i/U662/Y (AND2X2)                            0.008222  0.032022   1.489938 r
  frfcfs.scheduler_i/n1394 (net)                1     0.001551            0.000000   1.489938 r
  frfcfs.scheduler_i/U663/A (INVX1)                             0.008222  0.000000   1.489938 r
  frfcfs.scheduler_i/U663/Y (INVX1)                             0.014904  0.017358   1.507296 f
  frfcfs.scheduler_i/n414 (net)                 1     0.003226            0.000000   1.507296 f
  frfcfs.scheduler_i/U1508/C (NOR3X1)                           0.014904  0.000000   1.507296 f
  frfcfs.scheduler_i/U1508/Y (NOR3X1)                           0.047902  0.023428   1.530724 r
  frfcfs.scheduler_i/n1405 (net)                1     0.001798            0.000000   1.530724 r
  frfcfs.scheduler_i/U373/A (AND2X2)                            0.047902  0.000000   1.530724 r
  frfcfs.scheduler_i/U373/Y (AND2X2)                            0.011633  0.035714   1.566439 r
  frfcfs.scheduler_i/n260 (net)                 2     0.003102            0.000000   1.566439 r
  frfcfs.scheduler_i/U374/A (INVX1)                             0.011633  0.000000   1.566439 r
  frfcfs.scheduler_i/U374/Y (INVX1)                             0.010293  0.015279   1.581718 f
  frfcfs.scheduler_i/n1513 (net)                1     0.001763            0.000000   1.581718 f
  frfcfs.scheduler_i/U401/A (AND2X2)                            0.010293  0.000000   1.581718 f
  frfcfs.scheduler_i/U401/Y (AND2X2)                            0.004093  0.035315   1.617032 f
  frfcfs.scheduler_i/n277 (net)                 2     0.004308            0.000000   1.617032 f
  frfcfs.scheduler_i/U1549/C (NAND3X1)                          0.004093  0.000000   1.617032 f
  frfcfs.scheduler_i/U1549/Y (NAND3X1)                          0.038982  0.029690   1.646722 r
  frfcfs.scheduler_i/n1448 (net)                1     0.002655            0.000000   1.646722 r
  frfcfs.scheduler_i/U273/A (INVX2)                             0.038982  0.000000   1.646722 r
  frfcfs.scheduler_i/U273/Y (INVX2)                             0.020449  0.027334   1.674056 f
  frfcfs.scheduler_i/n1575 (net)                5     0.009040            0.000000   1.674056 f
  frfcfs.scheduler_i/U1640/B (NAND2X1)                          0.020449  0.000000   1.674056 f
  frfcfs.scheduler_i/U1640/Y (NAND2X1)                          0.036740  0.017498   1.691554 r
  frfcfs.scheduler_i/n1587 (net)                1     0.002742            0.000000   1.691554 r
  frfcfs.scheduler_i/U1647/A (OAI21X1)                          0.036740  0.000000   1.691554 r
  frfcfs.scheduler_i/U1647/Y (OAI21X1)                          0.014263  0.027310   1.718864 f
  frfcfs.scheduler_i/select_mask[11] (net)      2     0.005330            0.000000   1.718864 f
  frfcfs.scheduler_i/select_mask[11] (mc_scheduler_frfcfs_Q_DEPTH16_ADDR_W16_AGE_LIMIT128_AGING_ENABLE1)
                                                                          0.000000   1.718864 f
  select_mask[11] (net)                               0.005330            0.000000   1.718864 f
  U4942/A (BUFX4)                                               0.014263  0.000000   1.718864 f
  U4942/Y (BUFX4)                                               0.000000  0.045006   1.763870 f
  n3444 (net)                                   5     0.008785            0.000000   1.763870 f
  U7090/B (NAND2X1)                                             0.000000  0.000000   1.763870 f
  U7090/Y (NAND2X1)                                             0.038544  0.011139   1.775010 r
  n6894 (net)                                   1     0.002832            0.000000   1.775010 r
  U7091/B (NAND3X1)                                             0.038544  0.000000   1.775010 r
  U7091/Y (NAND3X1)                                             0.016288  0.020205   1.795215 f
  n6897 (net)                                   1     0.002312            0.000000   1.795215 f
  U7092/C (AOI21X1)                                             0.016288  0.000000   1.795215 f
  U7092/Y (AOI21X1)                                             0.025959  0.019383   1.814597 r
  n6898 (net)                                   1     0.002010            0.000000   1.814597 r
  U7093/C (OAI21X1)                                             0.025959  0.000000   1.814597 r
  U7093/Y (OAI21X1)                                             0.003959  0.017962   1.832559 f
  n6900 (net)                                   1     0.002312            0.000000   1.832559 f
  U7094/C (AOI21X1)                                             0.003959  0.000000   1.832559 f
  U7094/Y (AOI21X1)                                             0.024904  0.015457   1.848017 r
  n6901 (net)                                   1     0.001798            0.000000   1.848017 r
  U7095/A (AND2X2)                                              0.024904  0.000000   1.848017 r
  U7095/Y (AND2X2)                                              0.007778  0.032319   1.880336 r
  n6903 (net)                                   1     0.001551            0.000000   1.880336 r
  U2002/A (INVX1)                                               0.007778  0.000000   1.880336 r
  U2002/Y (INVX1)                                               0.012173  0.015341   1.895676 f
  n1364 (net)                                   1     0.002301            0.000000   1.895676 f
  U1976/A (OR2X2)                                               0.012173  0.000000   1.895676 f
  U1976/Y (OR2X2)                                               0.005138  0.038081   1.933758 f
  n1344 (net)                                   1     0.002297            0.000000   1.933758 f
  U2005/B (NOR2X1)                                              0.005138  0.000000   1.933758 f
  U2005/Y (NOR2X1)                                              0.024863  0.025217   1.958974 r
  n1363 (net)                                   1     0.001551            0.000000   1.958974 r
  U2001/A (INVX1)                                               0.024863  0.000000   1.958974 r
  U2001/Y (INVX1)                                               0.038427  0.038774   1.997748 f
  cmd_row[0] (net)                              2     0.011476            0.000000   1.997748 f
  cmd_row[0] (out)                                              0.038427  0.000000   1.997748 f
  data arrival time                                                                  1.997748

  clock core_clk (rise edge)                                              3.000000   3.000000
  clock network delay (ideal)                                             0.000000   3.000000
  clock uncertainty                                                       -0.100000  2.900000
  output external delay                                                   -1.000000  1.900000
  data required time                                                                 1.900000
  ----------------------------------------------------------------------------------------------
  data required time                                                                 1.900000
  data arrival time                                                                  -1.997748
  ----------------------------------------------------------------------------------------------
  slack (VIOLATED)                                                                   -0.097748


  Startpoint: table_i/addresses_reg[93]
              (rising edge-triggered flip-flop clocked by core_clk)
  Endpoint: cmd_bank[0]
            (output port clocked by core_clk)
  Path Group: core_clk
  Path Type: max

  Point                                       Fanout       Cap     Trans      Incr       Path
  ----------------------------------------------------------------------------------------------
  clock core_clk (rise edge)                                              0.000000   0.000000
  clock network delay (ideal)                                             0.000000   0.000000
  table_i/addresses_reg[93]/CLK (DFFPOSX1)                      0.000000  0.000000 # 0.000000 r
  table_i/addresses_reg[93]/Q (DFFPOSX1)                        0.023267  0.105501   0.105501 f
  table_i/n6738 (net)                           1     0.005092            0.000000   0.105501 f
  table_i/U839/A (INVX4)                                        0.023267  0.000000   0.105501 f
  table_i/U839/Y (INVX4)                                        0.009539  0.021286   0.126787 r
  table_i/n135 (net)                            1     0.010083            0.000000   0.126787 r
  table_i/U841/A (INVX8)                                        0.009539  0.000000   0.126787 r
  table_i/U841/Y (INVX8)                                        0.011562  0.028573   0.155360 f
  table_i/addresses[93] (net)                  13     0.038792            0.000000   0.155360 f
  table_i/addresses[93] (mc_transaction_table_Q_DEPTH16_ADDR_W16_DATA_W32_TAG_W8_READ_LATENCY3_AGE_LIMIT128)
                                                                          0.000000   0.155360 f
  addresses[93] (net)                                 0.038792            0.000000   0.155360 f
  U3006/A (XNOR2X1)                                             0.011562  0.000000   0.155360 f
  U3006/Y (XNOR2X1)                                             0.017943  0.027315   0.182675 f
  n5757 (net)                                   1     0.002600            0.000000   0.182675 f
  U6384/B (NAND3X1)                                             0.017943  0.000000   0.182675 f
  U6384/Y (NAND3X1)                                             0.033682  0.032565   0.215240 r
  n5758 (net)                                   1     0.001539            0.000000   0.215240 r
  U4369/A (BUFX2)                                               0.033682  0.000000   0.215240 r
  U4369/Y (BUFX2)                                               0.009294  0.034852   0.250092 r
  n3071 (net)                                   1     0.002292            0.000000   0.250092 r
  U4368/A (OR2X2)                                               0.009294  0.000000   0.250092 r
  U4368/Y (OR2X2)                                               0.011402  0.038099   0.288192 r
  n5760 (net)                                   2     0.003102            0.000000   0.288192 r
  U1577/A (INVX1)                                               0.011402  0.000000   0.288192 r
  U1577/Y (INVX1)                                               0.012811  0.016934   0.305126 f
  n1134 (net)                                   1     0.002600            0.000000   0.305126 f
  U3029/B (NAND3X1)                                             0.012811  0.000000   0.305126 f
  U3029/Y (NAND3X1)                                             0.037717  0.033491   0.338617 r
  n2025 (net)                                   1     0.002365            0.000000   0.338617 r
  U6386/B (NOR2X1)                                              0.037717  0.000000   0.338617 r
  U6386/Y (NOR2X1)                                              0.004613  0.020856   0.359473 f
  n7560 (net)                                   1     0.002832            0.000000   0.359473 f
  candidates_i/same_address[197] (mc_candidates_Q_DEPTH16_ROW_W8_COL_W6)  0.000000   0.359473 f
  candidates_i/same_address[197] (net)                0.002832            0.000000   0.359473 f
  candidates_i/U2378/C (NAND3X1)                                0.004613  0.000000   0.359473 f
  candidates_i/U2378/Y (NAND3X1)                                0.033834  0.027193   0.386666 r
  candidates_i/n1670 (net)                      1     0.001798            0.000000   0.386666 r
  candidates_i/U593/A (AND2X2)                                  0.033834  0.000000   0.386666 r
  candidates_i/U593/Y (AND2X2)                                  0.008908  0.033209   0.419875 r
  candidates_i/n425 (net)                       1     0.001869            0.000000   0.419875 r
  candidates_i/U512/B (AND2X2)                                  0.008908  0.000000   0.419875 r
  candidates_i/U512/Y (AND2X2)                                  0.011573  0.033958   0.453833 r
  candidates_i/n364 (net)                       2     0.003579            0.000000   0.453833 r
  candidates_i/U623/A (INVX1)                                   0.011573  0.000000   0.453833 r
  candidates_i/U623/Y (INVX1)                                   0.012029  0.016452   0.470285 f
  candidates_i/n447 (net)                       1     0.002342            0.000000   0.470285 f
  candidates_i/U603/B (OR2X2)                                   0.012029  0.000000   0.470285 f
  candidates_i/U603/Y (OR2X2)                                   0.008797  0.049165   0.519450 f
  candidates_i/n433 (net)                       2     0.004602            0.000000   0.519450 f
  candidates_i/U584/A (OR2X2)                                   0.008797  0.000000   0.519450 f
  candidates_i/U584/Y (OR2X2)                                   0.006197  0.037525   0.556974 f
  candidates_i/n417 (net)                       1     0.002301            0.000000   0.556974 f
  candidates_i/U572/A (OR2X2)                                   0.006197  0.000000   0.556974 f
  candidates_i/U572/Y (OR2X2)                                   0.005344  0.037670   0.594644 f
  candidates_i/n409 (net)                       1     0.002832            0.000000   0.594644 f
  candidates_i/U570/C (NAND3X1)                                 0.005344  0.000000   0.594644 f
  candidates_i/U570/Y (NAND3X1)                                 0.041065  0.031261   0.625905 r
  candidates_i/n406 (net)                       1     0.003063            0.000000   0.625905 r
  candidates_i/U619/B (NOR3X1)                                  0.041065  0.000000   0.625905 r
  candidates_i/U619/Y (NOR3X1)                                  0.035096  0.039315   0.665220 f
  candidates_i/n444 (net)                       1     0.005092            0.000000   0.665220 f
  candidates_i/U620/A (INVX4)                                   0.035096  0.000000   0.665220 f
  candidates_i/U620/Y (INVX4)                                   0.044265  0.042777   0.707997 r
  candidates_i/n3168 (net)                     15     0.035116            0.000000   0.707997 r
  candidates_i/U3514/A (NAND2X1)                                0.044265  0.000000   0.707997 r
  candidates_i/U3514/Y (NAND2X1)                                0.027213  0.022984   0.730981 f
  candidates_i/n3164 (net)                      2     0.004076            0.000000   0.730981 f
  candidates_i/U839/B (NAND3X1)                                 0.027213  0.000000   0.730981 f
  candidates_i/U839/Y (NAND3X1)                                 0.033388  0.035520   0.766500 r
  candidates_i/n593 (net)                       1     0.001539            0.000000   0.766500 r
  candidates_i/U379/A (BUFX2)                                   0.033388  0.000000   0.766500 r
  candidates_i/U379/Y (BUFX2)                                   0.016669  0.039728   0.806229 r
  candidates_i/n255 (net)                       3     0.005467            0.000000   0.806229 r
  candidates_i/U542/B (NOR2X1)                                  0.016669  0.000000   0.806229 r
  candidates_i/U542/Y (NOR2X1)                                  0.000805  0.012818   0.819047 f
  candidates_i/n387 (net)                       1     0.001763            0.000000   0.819047 f
  candidates_i/U541/A (AND2X2)                                  0.000805  0.000000   0.819047 f
  candidates_i/U541/Y (AND2X2)                                  0.000000  0.031363   0.850409 f
  candidates_i/n3211 (net)                      1     0.002832            0.000000   0.850409 f
  candidates_i/U3563/C (NAND3X1)                                0.000000  0.000000   0.850409 f
  candidates_i/U3563/Y (NAND3X1)                                0.037641  0.027530   0.877939 r
  candidates_i/n3212 (net)                      1     0.002292            0.000000   0.877939 r
  candidates_i/U3564/A (OR2X2)                                  0.037641  0.000000   0.877939 r
  candidates_i/U3564/Y (OR2X2)                                  0.016328  0.043263   0.921203 r
  candidates_i/n4159 (net)                      2     0.004383            0.000000   0.921203 r
  candidates_i/U1133/B (NAND3X1)                                0.016328  0.000000   0.921203 r
  candidates_i/U1133/Y (NAND3X1)                                0.020534  0.017583   0.938785 f
  candidates_i/n867 (net)                       2     0.003816            0.000000   0.938785 f
  candidates_i/U3578/C (AOI21X1)                                0.020534  0.000000   0.938785 f
  candidates_i/U3578/Y (AOI21X1)                                0.034536  0.025642   0.964427 r
  candidates_i/n4118 (net)                      2     0.003825            0.000000   0.964427 r
  candidates_i/U1208/B (NAND2X1)                                0.034536  0.000000   0.964427 r
  candidates_i/U1208/Y (NAND2X1)                                0.018407  0.019397   0.983825 f
  candidates_i/n4069 (net)                      1     0.001476            0.000000   0.983825 f
  candidates_i/U1210/A (INVX1)                                  0.018407  0.000000   0.983825 f
  candidates_i/U1210/Y (INVX1)                                  0.000000  0.008272   0.992097 r
  candidates_i/n1104 (net)                      2     0.003579            0.000000   0.992097 r
  candidates_i/U1205/B (NAND2X1)                                0.000000  0.000000   0.992097 r
  candidates_i/U1205/Y (NAND2X1)                                0.023747  0.013094   1.005191 f
  candidates_i/n4030 (net)                      1     0.002209            0.000000   1.005191 f
  candidates_i/U1217/A (NOR2X1)                                 0.023747  0.000000   1.005191 f
  candidates_i/U1217/Y (NOR2X1)                                 0.030746  0.033837   1.039027 r
  candidates_i/n983 (net)                       1     0.002764            0.000000   1.039027 r
  candidates_i/U4242/B (AOI22X1)                                0.030746  0.000000   1.039027 r
  candidates_i/U4242/Y (AOI22X1)                                0.034750  0.031796   1.070824 f
  candidates_i/n4028 (net)                      1     0.001944            0.000000   1.070824 f
  candidates_i/U1566/B (NAND2X1)                                0.034750  0.000000   1.070824 f
  candidates_i/U1566/Y (NAND2X1)                                0.031298  0.019175   1.089999 r
  candidates_i/candidate_mask[5] (net)          1     0.001798            0.000000   1.089999 r
  candidates_i/candidate_mask[5] (mc_candidates_Q_DEPTH16_ROW_W8_COL_W6)  0.000000   1.089999 r
  candidate_mask[5] (net)                             0.001798            0.000000   1.089999 r
  frfcfs.scheduler_i/candidate_mask[5] (mc_scheduler_frfcfs_Q_DEPTH16_ADDR_W16_AGE_LIMIT128_AGING_ENABLE1)
                                                                          0.000000   1.089999 r
  frfcfs.scheduler_i/candidate_mask[5] (net)          0.001798            0.000000   1.089999 r
  frfcfs.scheduler_i/U956/A (AND2X2)                            0.031298  0.000000   1.089999 r
  frfcfs.scheduler_i/U956/Y (AND2X2)                            0.012789  0.036849   1.126848 r
  frfcfs.scheduler_i/n1201 (net)                2     0.004303            0.000000   1.126848 r
  frfcfs.scheduler_i/U1278/B (AOI22X1)                          0.012789  0.000000   1.126848 r
  frfcfs.scheduler_i/U1278/Y (AOI22X1)                          0.036957  0.028791   1.155638 f
  frfcfs.scheduler_i/n986 (net)                 1     0.002832            0.000000   1.155638 f
  frfcfs.scheduler_i/U1279/C (NAND3X1)                          0.036957  0.000000   1.155638 f
  frfcfs.scheduler_i/U1279/Y (NAND3X1)                          0.040817  0.039341   1.194979 r
  frfcfs.scheduler_i/n1019 (net)                1     0.003063            0.000000   1.194979 r
  frfcfs.scheduler_i/U1307/B (NOR3X1)                           0.040817  0.000000   1.194979 r
  frfcfs.scheduler_i/U1307/Y (NOR3X1)                           0.028485  0.034516   1.229495 f
  frfcfs.scheduler_i/n1054 (net)                1     0.002832            0.000000   1.229495 f
  frfcfs.scheduler_i/U1326/C (NAND3X1)                          0.028485  0.000000   1.229495 f
  frfcfs.scheduler_i/U1326/Y (NAND3X1)                          0.037441  0.035090   1.264585 r
  frfcfs.scheduler_i/n1055 (net)                1     0.002386            0.000000   1.264585 r
  frfcfs.scheduler_i/U214/C (AOI21X1)                           0.037441  0.000000   1.264585 r
  frfcfs.scheduler_i/U214/Y (AOI21X1)                           0.021181  0.022985   1.287571 f
  frfcfs.scheduler_i/n1056 (net)                2     0.003848            0.000000   1.287571 f
  frfcfs.scheduler_i/U217/C (OAI21X1)                           0.021181  0.000000   1.287571 f
  frfcfs.scheduler_i/U217/Y (OAI21X1)                           0.055257  0.031834   1.319404 r
  frfcfs.scheduler_i/n1178 (net)                2     0.005310            0.000000   1.319404 r
  frfcfs.scheduler_i/U224/A (INVX2)                             0.055257  0.000000   1.319404 r
  frfcfs.scheduler_i/U224/Y (INVX2)                             0.030734  0.031440   1.350844 f
  frfcfs.scheduler_i/n1202 (net)                5     0.012923            0.000000   1.350844 f
  frfcfs.scheduler_i/U1359/B (OAI21X1)                          0.030734  0.000000   1.350844 f
  frfcfs.scheduler_i/U1359/Y (OAI21X1)                          0.051136  0.050699   1.401543 r
  frfcfs.scheduler_i/n1163 (net)                2     0.004206            0.000000   1.401543 r
  frfcfs.scheduler_i/U163/A (INVX2)                             0.051136  0.000000   1.401543 r
  frfcfs.scheduler_i/U163/Y (INVX2)                             0.021602  0.024105   1.425648 f
  frfcfs.scheduler_i/n252 (net)                 3     0.005678            0.000000   1.425648 f
  frfcfs.scheduler_i/U1518/B (AOI22X1)                          0.021602  0.000000   1.425648 f
  frfcfs.scheduler_i/U1518/Y (AOI22X1)                          0.045955  0.043307   1.468954 r
  frfcfs.scheduler_i/n1407 (net)                1     0.002548            0.000000   1.468954 r
  frfcfs.scheduler_i/U1519/A (NAND3X1)                          0.045955  0.000000   1.468954 r
  frfcfs.scheduler_i/U1519/Y (NAND3X1)                          0.016332  0.022688   1.491643 f
  frfcfs.scheduler_i/n1410 (net)                1     0.002297            0.000000   1.491643 f
  frfcfs.scheduler_i/U391/B (NOR2X1)                            0.016332  0.000000   1.491643 f
  frfcfs.scheduler_i/U391/Y (NOR2X1)                            0.024721  0.028380   1.520023 r
  frfcfs.scheduler_i/n269 (net)                 1     0.001798            0.000000   1.520023 r
  frfcfs.scheduler_i/U390/A (AND2X2)                            0.024721  0.000000   1.520023 r
  frfcfs.scheduler_i/U390/Y (AND2X2)                            0.014842  0.036445   1.556468 r
  frfcfs.scheduler_i/n1416 (net)                2     0.004221            0.000000   1.556468 r
  frfcfs.scheduler_i/U1524/A (NAND2X1)                          0.014842  0.000000   1.556468 r
  frfcfs.scheduler_i/U1524/Y (NAND2X1)                          0.021654  0.012786   1.569254 f
  frfcfs.scheduler_i/n1593 (net)                1     0.001884            0.000000   1.569254 f
  frfcfs.scheduler_i/U1563/A (NAND2X1)                          0.021654  0.000000   1.569254 f
  frfcfs.scheduler_i/U1563/Y (NAND2X1)                          0.045376  0.037249   1.606503 r
  frfcfs.scheduler_i/n1590 (net)                2     0.004602            0.000000   1.606503 r
  frfcfs.scheduler_i/U1564/B (NOR3X1)                           0.045376  0.000000   1.606503 r
  frfcfs.scheduler_i/U1564/Y (NOR3X1)                           0.029436  0.037406   1.643909 f
  frfcfs.scheduler_i/n1461 (net)                2     0.003583            0.000000   1.643909 f
  frfcfs.scheduler_i/U1565/A (AND2X2)                           0.029436  0.000000   1.643909 f
  frfcfs.scheduler_i/U1565/Y (AND2X2)                           0.010699  0.044675   1.688583 f
  frfcfs.scheduler_i/n1569 (net)                4     0.008566            0.000000   1.688583 f
  frfcfs.scheduler_i/U388/A (AND2X2)                            0.010699  0.000000   1.688583 f
  frfcfs.scheduler_i/U388/Y (AND2X2)                            0.000000  0.034468   1.723052 f
  frfcfs.scheduler_i/n267 (net)                 2     0.003420            0.000000   1.723052 f
  frfcfs.scheduler_i/U1630/B (NAND2X1)                          0.000000  0.000000   1.723052 f
  frfcfs.scheduler_i/U1630/Y (NAND2X1)                          0.033985  0.008122   1.731174 r
  frfcfs.scheduler_i/n1554 (net)                1     0.001869            0.000000   1.731174 r
  frfcfs.scheduler_i/U295/B (AND2X2)                            0.033985  0.000000   1.731174 r
  frfcfs.scheduler_i/U295/Y (AND2X2)                            0.027763  0.045136   1.776310 r
  frfcfs.scheduler_i/n189 (net)                 1     0.010083            0.000000   1.776310 r
  frfcfs.scheduler_i/U961/A (INVX8)                             0.027763  0.000000   1.776310 r
  frfcfs.scheduler_i/U961/Y (INVX8)                             0.043542  0.048306   1.824616 f
  frfcfs.scheduler_i/select_mask[3] (net)      48     0.135611            0.000000   1.824616 f
  frfcfs.scheduler_i/select_mask[3] (mc_scheduler_frfcfs_Q_DEPTH16_ADDR_W16_AGE_LIMIT128_AGING_ENABLE1)
                                                                          0.000000   1.824616 f
  select_mask[3] (net)                                0.135611            0.000000   1.824616 f
  U7176/B (AOI22X1)                                             0.043542  0.000000   1.824616 f
  U7176/Y (AOI22X1)                                             0.042498  0.046657   1.871273 r
  n7020 (net)                                   1     0.001551            0.000000   1.871273 r
  U2009/A (INVX1)                                               0.042498  0.000000   1.871273 r
  U2009/Y (INVX1)                                               0.009735  0.024737   1.896010 f
  n1370 (net)                                   1     0.002301            0.000000   1.896010 f
  U1500/A (OR2X2)                                               0.009735  0.000000   1.896010 f
  U1500/Y (OR2X2)                                               0.005137  0.037676   1.933686 f
  n1097 (net)                                   1     0.002297            0.000000   1.933686 f
  U2010/B (NOR2X1)                                              0.005137  0.000000   1.933686 f
  U2010/Y (NOR2X1)                                              0.024863  0.025216   1.958902 r
  n1367 (net)                                   1     0.001551            0.000000   1.958902 r
  U2006/A (INVX1)                                               0.024863  0.000000   1.958902 r
  U2006/Y (INVX1)                                               0.038511  0.038831   1.997733 f
  cmd_bank[0] (net)                             2     0.011504            0.000000   1.997733 f
  cmd_bank[0] (out)                                             0.038511  0.000000   1.997733 f
  data arrival time                                                                  1.997733

  clock core_clk (rise edge)                                              3.000000   3.000000
  clock network delay (ideal)                                             0.000000   3.000000
  clock uncertainty                                                       -0.100000  2.900000
  output external delay                                                   -1.000000  1.900000
  data required time                                                                 1.900000
  ----------------------------------------------------------------------------------------------
  data required time                                                                 1.900000
  data arrival time                                                                  -1.997733
  ----------------------------------------------------------------------------------------------
  slack (VIOLATED)                                                                   -0.097733


  Startpoint: table_i/addresses_reg[93]
              (rising edge-triggered flip-flop clocked by core_clk)
  Endpoint: cmd_bank[1]
            (output port clocked by core_clk)
  Path Group: core_clk
  Path Type: max

  Point                                       Fanout       Cap     Trans      Incr       Path
  ----------------------------------------------------------------------------------------------
  clock core_clk (rise edge)                                              0.000000   0.000000
  clock network delay (ideal)                                             0.000000   0.000000
  table_i/addresses_reg[93]/CLK (DFFPOSX1)                      0.000000  0.000000 # 0.000000 r
  table_i/addresses_reg[93]/Q (DFFPOSX1)                        0.023267  0.105501   0.105501 f
  table_i/n6738 (net)                           1     0.005092            0.000000   0.105501 f
  table_i/U839/A (INVX4)                                        0.023267  0.000000   0.105501 f
  table_i/U839/Y (INVX4)                                        0.009539  0.021286   0.126787 r
  table_i/n135 (net)                            1     0.010083            0.000000   0.126787 r
  table_i/U841/A (INVX8)                                        0.009539  0.000000   0.126787 r
  table_i/U841/Y (INVX8)                                        0.011562  0.028573   0.155360 f
  table_i/addresses[93] (net)                  13     0.038792            0.000000   0.155360 f
  table_i/addresses[93] (mc_transaction_table_Q_DEPTH16_ADDR_W16_DATA_W32_TAG_W8_READ_LATENCY3_AGE_LIMIT128)
                                                                          0.000000   0.155360 f
  addresses[93] (net)                                 0.038792            0.000000   0.155360 f
  U3006/A (XNOR2X1)                                             0.011562  0.000000   0.155360 f
  U3006/Y (XNOR2X1)                                             0.017943  0.027315   0.182675 f
  n5757 (net)                                   1     0.002600            0.000000   0.182675 f
  U6384/B (NAND3X1)                                             0.017943  0.000000   0.182675 f
  U6384/Y (NAND3X1)                                             0.033682  0.032565   0.215240 r
  n5758 (net)                                   1     0.001539            0.000000   0.215240 r
  U4369/A (BUFX2)                                               0.033682  0.000000   0.215240 r
  U4369/Y (BUFX2)                                               0.009294  0.034852   0.250092 r
  n3071 (net)                                   1     0.002292            0.000000   0.250092 r
  U4368/A (OR2X2)                                               0.009294  0.000000   0.250092 r
  U4368/Y (OR2X2)                                               0.011402  0.038099   0.288192 r
  n5760 (net)                                   2     0.003102            0.000000   0.288192 r
  U1577/A (INVX1)                                               0.011402  0.000000   0.288192 r
  U1577/Y (INVX1)                                               0.012811  0.016934   0.305126 f
  n1134 (net)                                   1     0.002600            0.000000   0.305126 f
  U3029/B (NAND3X1)                                             0.012811  0.000000   0.305126 f
  U3029/Y (NAND3X1)                                             0.037717  0.033491   0.338617 r
  n2025 (net)                                   1     0.002365            0.000000   0.338617 r
  U6386/B (NOR2X1)                                              0.037717  0.000000   0.338617 r
  U6386/Y (NOR2X1)                                              0.004613  0.020856   0.359473 f
  n7560 (net)                                   1     0.002832            0.000000   0.359473 f
  candidates_i/same_address[197] (mc_candidates_Q_DEPTH16_ROW_W8_COL_W6)  0.000000   0.359473 f
  candidates_i/same_address[197] (net)                0.002832            0.000000   0.359473 f
  candidates_i/U2378/C (NAND3X1)                                0.004613  0.000000   0.359473 f
  candidates_i/U2378/Y (NAND3X1)                                0.033834  0.027193   0.386666 r
  candidates_i/n1670 (net)                      1     0.001798            0.000000   0.386666 r
  candidates_i/U593/A (AND2X2)                                  0.033834  0.000000   0.386666 r
  candidates_i/U593/Y (AND2X2)                                  0.008908  0.033209   0.419875 r
  candidates_i/n425 (net)                       1     0.001869            0.000000   0.419875 r
  candidates_i/U512/B (AND2X2)                                  0.008908  0.000000   0.419875 r
  candidates_i/U512/Y (AND2X2)                                  0.011573  0.033958   0.453833 r
  candidates_i/n364 (net)                       2     0.003579            0.000000   0.453833 r
  candidates_i/U623/A (INVX1)                                   0.011573  0.000000   0.453833 r
  candidates_i/U623/Y (INVX1)                                   0.012029  0.016452   0.470285 f
  candidates_i/n447 (net)                       1     0.002342            0.000000   0.470285 f
  candidates_i/U603/B (OR2X2)                                   0.012029  0.000000   0.470285 f
  candidates_i/U603/Y (OR2X2)                                   0.008797  0.049165   0.519450 f
  candidates_i/n433 (net)                       2     0.004602            0.000000   0.519450 f
  candidates_i/U584/A (OR2X2)                                   0.008797  0.000000   0.519450 f
  candidates_i/U584/Y (OR2X2)                                   0.006197  0.037525   0.556974 f
  candidates_i/n417 (net)                       1     0.002301            0.000000   0.556974 f
  candidates_i/U572/A (OR2X2)                                   0.006197  0.000000   0.556974 f
  candidates_i/U572/Y (OR2X2)                                   0.005344  0.037670   0.594644 f
  candidates_i/n409 (net)                       1     0.002832            0.000000   0.594644 f
  candidates_i/U570/C (NAND3X1)                                 0.005344  0.000000   0.594644 f
  candidates_i/U570/Y (NAND3X1)                                 0.041065  0.031261   0.625905 r
  candidates_i/n406 (net)                       1     0.003063            0.000000   0.625905 r
  candidates_i/U619/B (NOR3X1)                                  0.041065  0.000000   0.625905 r
  candidates_i/U619/Y (NOR3X1)                                  0.035096  0.039315   0.665220 f
  candidates_i/n444 (net)                       1     0.005092            0.000000   0.665220 f
  candidates_i/U620/A (INVX4)                                   0.035096  0.000000   0.665220 f
  candidates_i/U620/Y (INVX4)                                   0.044265  0.042777   0.707997 r
  candidates_i/n3168 (net)                     15     0.035116            0.000000   0.707997 r
  candidates_i/U3514/A (NAND2X1)                                0.044265  0.000000   0.707997 r
  candidates_i/U3514/Y (NAND2X1)                                0.027213  0.022984   0.730981 f
  candidates_i/n3164 (net)                      2     0.004076            0.000000   0.730981 f
  candidates_i/U839/B (NAND3X1)                                 0.027213  0.000000   0.730981 f
  candidates_i/U839/Y (NAND3X1)                                 0.033388  0.035520   0.766500 r
  candidates_i/n593 (net)                       1     0.001539            0.000000   0.766500 r
  candidates_i/U379/A (BUFX2)                                   0.033388  0.000000   0.766500 r
  candidates_i/U379/Y (BUFX2)                                   0.016669  0.039728   0.806229 r
  candidates_i/n255 (net)                       3     0.005467            0.000000   0.806229 r
  candidates_i/U542/B (NOR2X1)                                  0.016669  0.000000   0.806229 r
  candidates_i/U542/Y (NOR2X1)                                  0.000805  0.012818   0.819047 f
  candidates_i/n387 (net)                       1     0.001763            0.000000   0.819047 f
  candidates_i/U541/A (AND2X2)                                  0.000805  0.000000   0.819047 f
  candidates_i/U541/Y (AND2X2)                                  0.000000  0.031363   0.850409 f
  candidates_i/n3211 (net)                      1     0.002832            0.000000   0.850409 f
  candidates_i/U3563/C (NAND3X1)                                0.000000  0.000000   0.850409 f
  candidates_i/U3563/Y (NAND3X1)                                0.037641  0.027530   0.877939 r
  candidates_i/n3212 (net)                      1     0.002292            0.000000   0.877939 r
  candidates_i/U3564/A (OR2X2)                                  0.037641  0.000000   0.877939 r
  candidates_i/U3564/Y (OR2X2)                                  0.016328  0.043263   0.921203 r
  candidates_i/n4159 (net)                      2     0.004383            0.000000   0.921203 r
  candidates_i/U1133/B (NAND3X1)                                0.016328  0.000000   0.921203 r
  candidates_i/U1133/Y (NAND3X1)                                0.020534  0.017583   0.938785 f
  candidates_i/n867 (net)                       2     0.003816            0.000000   0.938785 f
  candidates_i/U3578/C (AOI21X1)                                0.020534  0.000000   0.938785 f
  candidates_i/U3578/Y (AOI21X1)                                0.034536  0.025642   0.964427 r
  candidates_i/n4118 (net)                      2     0.003825            0.000000   0.964427 r
  candidates_i/U1208/B (NAND2X1)                                0.034536  0.000000   0.964427 r
  candidates_i/U1208/Y (NAND2X1)                                0.018407  0.019397   0.983825 f
  candidates_i/n4069 (net)                      1     0.001476            0.000000   0.983825 f
  candidates_i/U1210/A (INVX1)                                  0.018407  0.000000   0.983825 f
  candidates_i/U1210/Y (INVX1)                                  0.000000  0.008272   0.992097 r
  candidates_i/n1104 (net)                      2     0.003579            0.000000   0.992097 r
  candidates_i/U1205/B (NAND2X1)                                0.000000  0.000000   0.992097 r
  candidates_i/U1205/Y (NAND2X1)                                0.023747  0.013094   1.005191 f
  candidates_i/n4030 (net)                      1     0.002209            0.000000   1.005191 f
  candidates_i/U1217/A (NOR2X1)                                 0.023747  0.000000   1.005191 f
  candidates_i/U1217/Y (NOR2X1)                                 0.030746  0.033837   1.039027 r
  candidates_i/n983 (net)                       1     0.002764            0.000000   1.039027 r
  candidates_i/U4242/B (AOI22X1)                                0.030746  0.000000   1.039027 r
  candidates_i/U4242/Y (AOI22X1)                                0.034750  0.031796   1.070824 f
  candidates_i/n4028 (net)                      1     0.001944            0.000000   1.070824 f
  candidates_i/U1566/B (NAND2X1)                                0.034750  0.000000   1.070824 f
  candidates_i/U1566/Y (NAND2X1)                                0.031298  0.019175   1.089999 r
  candidates_i/candidate_mask[5] (net)          1     0.001798            0.000000   1.089999 r
  candidates_i/candidate_mask[5] (mc_candidates_Q_DEPTH16_ROW_W8_COL_W6)  0.000000   1.089999 r
  candidate_mask[5] (net)                             0.001798            0.000000   1.089999 r
  frfcfs.scheduler_i/candidate_mask[5] (mc_scheduler_frfcfs_Q_DEPTH16_ADDR_W16_AGE_LIMIT128_AGING_ENABLE1)
                                                                          0.000000   1.089999 r
  frfcfs.scheduler_i/candidate_mask[5] (net)          0.001798            0.000000   1.089999 r
  frfcfs.scheduler_i/U956/A (AND2X2)                            0.031298  0.000000   1.089999 r
  frfcfs.scheduler_i/U956/Y (AND2X2)                            0.012789  0.036849   1.126848 r
  frfcfs.scheduler_i/n1201 (net)                2     0.004303            0.000000   1.126848 r
  frfcfs.scheduler_i/U1278/B (AOI22X1)                          0.012789  0.000000   1.126848 r
  frfcfs.scheduler_i/U1278/Y (AOI22X1)                          0.036957  0.028791   1.155638 f
  frfcfs.scheduler_i/n986 (net)                 1     0.002832            0.000000   1.155638 f
  frfcfs.scheduler_i/U1279/C (NAND3X1)                          0.036957  0.000000   1.155638 f
  frfcfs.scheduler_i/U1279/Y (NAND3X1)                          0.040817  0.039341   1.194979 r
  frfcfs.scheduler_i/n1019 (net)                1     0.003063            0.000000   1.194979 r
  frfcfs.scheduler_i/U1307/B (NOR3X1)                           0.040817  0.000000   1.194979 r
  frfcfs.scheduler_i/U1307/Y (NOR3X1)                           0.028485  0.034516   1.229495 f
  frfcfs.scheduler_i/n1054 (net)                1     0.002832            0.000000   1.229495 f
  frfcfs.scheduler_i/U1326/C (NAND3X1)                          0.028485  0.000000   1.229495 f
  frfcfs.scheduler_i/U1326/Y (NAND3X1)                          0.037441  0.035090   1.264585 r
  frfcfs.scheduler_i/n1055 (net)                1     0.002386            0.000000   1.264585 r
  frfcfs.scheduler_i/U214/C (AOI21X1)                           0.037441  0.000000   1.264585 r
  frfcfs.scheduler_i/U214/Y (AOI21X1)                           0.021181  0.022985   1.287571 f
  frfcfs.scheduler_i/n1056 (net)                2     0.003848            0.000000   1.287571 f
  frfcfs.scheduler_i/U217/C (OAI21X1)                           0.021181  0.000000   1.287571 f
  frfcfs.scheduler_i/U217/Y (OAI21X1)                           0.055257  0.031834   1.319404 r
  frfcfs.scheduler_i/n1178 (net)                2     0.005310            0.000000   1.319404 r
  frfcfs.scheduler_i/U224/A (INVX2)                             0.055257  0.000000   1.319404 r
  frfcfs.scheduler_i/U224/Y (INVX2)                             0.030734  0.031440   1.350844 f
  frfcfs.scheduler_i/n1202 (net)                5     0.012923            0.000000   1.350844 f
  frfcfs.scheduler_i/U1359/B (OAI21X1)                          0.030734  0.000000   1.350844 f
  frfcfs.scheduler_i/U1359/Y (OAI21X1)                          0.051136  0.050699   1.401543 r
  frfcfs.scheduler_i/n1163 (net)                2     0.004206            0.000000   1.401543 r
  frfcfs.scheduler_i/U163/A (INVX2)                             0.051136  0.000000   1.401543 r
  frfcfs.scheduler_i/U163/Y (INVX2)                             0.021602  0.024105   1.425648 f
  frfcfs.scheduler_i/n252 (net)                 3     0.005678            0.000000   1.425648 f
  frfcfs.scheduler_i/U91/A (INVX1)                              0.021602  0.000000   1.425648 f
  frfcfs.scheduler_i/U91/Y (INVX1)                              0.000000  0.007862   1.433509 r
  frfcfs.scheduler_i/n34 (net)                  2     0.003102            0.000000   1.433509 r
  frfcfs.scheduler_i/U76/A (INVX1)                              0.000000  0.000000   1.433509 r
  frfcfs.scheduler_i/U76/Y (INVX1)                              0.011653  0.012503   1.446012 f
  frfcfs.scheduler_i/n28 (net)                  1     0.001944            0.000000   1.446012 f
  frfcfs.scheduler_i/U397/B (NAND2X1)                           0.011653  0.000000   1.446012 f
  frfcfs.scheduler_i/U397/Y (NAND2X1)                           0.033198  0.011904   1.457916 r
  frfcfs.scheduler_i/n273 (net)                 1     0.001869            0.000000   1.457916 r
  frfcfs.scheduler_i/U662/B (AND2X2)                            0.033198  0.000000   1.457916 r
  frfcfs.scheduler_i/U662/Y (AND2X2)                            0.008222  0.032022   1.489938 r
  frfcfs.scheduler_i/n1394 (net)                1     0.001551            0.000000   1.489938 r
  frfcfs.scheduler_i/U663/A (INVX1)                             0.008222  0.000000   1.489938 r
  frfcfs.scheduler_i/U663/Y (INVX1)                             0.014904  0.017358   1.507296 f
  frfcfs.scheduler_i/n414 (net)                 1     0.003226            0.000000   1.507296 f
  frfcfs.scheduler_i/U1508/C (NOR3X1)                           0.014904  0.000000   1.507296 f
  frfcfs.scheduler_i/U1508/Y (NOR3X1)                           0.047902  0.023428   1.530724 r
  frfcfs.scheduler_i/n1405 (net)                1     0.001798            0.000000   1.530724 r
  frfcfs.scheduler_i/U373/A (AND2X2)                            0.047902  0.000000   1.530724 r
  frfcfs.scheduler_i/U373/Y (AND2X2)                            0.011633  0.035714   1.566439 r
  frfcfs.scheduler_i/n260 (net)                 2     0.003102            0.000000   1.566439 r
  frfcfs.scheduler_i/U374/A (INVX1)                             0.011633  0.000000   1.566439 r
  frfcfs.scheduler_i/U374/Y (INVX1)                             0.010293  0.015279   1.581718 f
  frfcfs.scheduler_i/n1513 (net)                1     0.001763            0.000000   1.581718 f
  frfcfs.scheduler_i/U401/A (AND2X2)                            0.010293  0.000000   1.581718 f
  frfcfs.scheduler_i/U401/Y (AND2X2)                            0.004093  0.035315   1.617032 f
  frfcfs.scheduler_i/n277 (net)                 2     0.004308            0.000000   1.617032 f
  frfcfs.scheduler_i/U1549/C (NAND3X1)                          0.004093  0.000000   1.617032 f
  frfcfs.scheduler_i/U1549/Y (NAND3X1)                          0.038982  0.029690   1.646722 r
  frfcfs.scheduler_i/n1448 (net)                1     0.002655            0.000000   1.646722 r
  frfcfs.scheduler_i/U273/A (INVX2)                             0.038982  0.000000   1.646722 r
  frfcfs.scheduler_i/U273/Y (INVX2)                             0.020449  0.027334   1.674056 f
  frfcfs.scheduler_i/n1575 (net)                5     0.009040            0.000000   1.674056 f
  frfcfs.scheduler_i/U1640/B (NAND2X1)                          0.020449  0.000000   1.674056 f
  frfcfs.scheduler_i/U1640/Y (NAND2X1)                          0.036740  0.017498   1.691554 r
  frfcfs.scheduler_i/n1587 (net)                1     0.002742            0.000000   1.691554 r
  frfcfs.scheduler_i/U1647/A (OAI21X1)                          0.036740  0.000000   1.691554 r
  frfcfs.scheduler_i/U1647/Y (OAI21X1)                          0.014263  0.027310   1.718864 f
  frfcfs.scheduler_i/select_mask[11] (net)      2     0.005330            0.000000   1.718864 f
  frfcfs.scheduler_i/select_mask[11] (mc_scheduler_frfcfs_Q_DEPTH16_ADDR_W16_AGE_LIMIT128_AGING_ENABLE1)
                                                                          0.000000   1.718864 f
  select_mask[11] (net)                               0.005330            0.000000   1.718864 f
  U4942/A (BUFX4)                                               0.014263  0.000000   1.718864 f
  U4942/Y (BUFX4)                                               0.000000  0.045006   1.763870 f
  n3444 (net)                                   5     0.008785            0.000000   1.763870 f
  U7194/B (NAND2X1)                                             0.000000  0.000000   1.763870 f
  U7194/Y (NAND2X1)                                             0.038544  0.011139   1.775010 r
  n7024 (net)                                   1     0.002832            0.000000   1.775010 r
  U7195/B (NAND3X1)                                             0.038544  0.000000   1.775010 r
  U7195/Y (NAND3X1)                                             0.016288  0.020205   1.795215 f
  n7027 (net)                                   1     0.002312            0.000000   1.795215 f
  U7196/C (AOI21X1)                                             0.016288  0.000000   1.795215 f
  U7196/Y (AOI21X1)                                             0.026026  0.019383   1.814597 r
  n7028 (net)                                   1     0.002010            0.000000   1.814597 r
  U7197/C (OAI21X1)                                             0.026026  0.000000   1.814597 r
  U7197/Y (OAI21X1)                                             0.003959  0.017980   1.832578 f
  n7030 (net)                                   1     0.002312            0.000000   1.832578 f
  U7198/C (AOI21X1)                                             0.003959  0.000000   1.832578 f
  U7198/Y (AOI21X1)                                             0.025404  0.015658   1.848236 r
  n7031 (net)                                   1     0.001869            0.000000   1.848236 r
  U7199/B (AND2X2)                                              0.025404  0.000000   1.848236 r
  U7199/Y (AND2X2)                                              0.011324  0.034004   1.882240 r
  n7033 (net)                                   2     0.003090            0.000000   1.882240 r
  U1978/A (INVX1)                                               0.011324  0.000000   1.882240 r
  U1978/Y (INVX1)                                               0.011924  0.016300   1.898540 f
  n1347 (net)                                   1     0.002301            0.000000   1.898540 f
  U1977/A (OR2X2)                                               0.011924  0.000000   1.898540 f
  U1977/Y (OR2X2)                                               0.005743  0.038040   1.936580 f
  n1345 (net)                                   1     0.002297            0.000000   1.936580 f
  U2000/B (NOR2X1)                                              0.005743  0.000000   1.936580 f
  U2000/Y (NOR2X1)                                              0.024790  0.025344   1.961925 r
  n1360 (net)                                   1     0.001551            0.000000   1.961925 r
  U1997/A (INVX1)                                               0.024790  0.000000   1.961925 r
  U1997/Y (INVX1)                                               0.034015  0.035728   1.997653 f
  cmd_bank[1] (net)                             1     0.010000            0.000000   1.997653 f
  cmd_bank[1] (out)                                             0.034015  0.000000   1.997653 f
  data arrival time                                                                  1.997653

  clock core_clk (rise edge)                                              3.000000   3.000000
  clock network delay (ideal)                                             0.000000   3.000000
  clock uncertainty                                                       -0.100000  2.900000
  output external delay                                                   -1.000000  1.900000
  data required time                                                                 1.900000
  ----------------------------------------------------------------------------------------------
  data required time                                                                 1.900000
  data arrival time                                                                  -1.997653
  ----------------------------------------------------------------------------------------------
  slack (VIOLATED)                                                                   -0.097653


1
