
****************************************
Report : constraint
        -all_violators
Design : mc_top_Q_DEPTH16_SCHED_POLICY1_AGING_ENABLE1
Version: R-2020.09-SP4
Date   : Sat Oct  3 14:57:49 2026
****************************************


   max_capacitance

                             Required        Actual
   Net                      Capacitance    Capacitance       Slack
   -----------------------------------------------------------------
   candidates_i/n2238       0.000000       0.005059       -0.005059 (VIOLATED)
   candidates_i/n1777       0.000000       0.004974       -0.004974 (VIOLATED)
   n1490                    0.000000       0.004138       -0.004138 (VIOLATED)
   n1519                    0.000000       0.004138       -0.004138 (VIOLATED)
   n1546                    0.000000       0.004138       -0.004138 (VIOLATED)
   n1573                    0.000000       0.004138       -0.004138 (VIOLATED)
   n1627                    0.000000       0.004138       -0.004138 (VIOLATED)
   n1654                    0.000000       0.004138       -0.004138 (VIOLATED)
   n1683                    0.000000       0.004138       -0.004138 (VIOLATED)
   n1712                    0.000000       0.004138       -0.004138 (VIOLATED)
   n1741                    0.000000       0.004138       -0.004138 (VIOLATED)
   n1768                    0.000000       0.004138       -0.004138 (VIOLATED)
   n1795                    0.000000       0.004138       -0.004138 (VIOLATED)
   n1822                    0.000000       0.004138       -0.004138 (VIOLATED)
   n1849                    0.000000       0.004138       -0.004138 (VIOLATED)
   n1876                    0.000000       0.004138       -0.004138 (VIOLATED)
   n1903                    0.000000       0.004138       -0.004138 (VIOLATED)
   n1930                    0.000000       0.004138       -0.004138 (VIOLATED)
   n1957                    0.000000       0.004138       -0.004138 (VIOLATED)
   n1984                    0.000000       0.004138       -0.004138 (VIOLATED)
   n2011                    0.000000       0.004138       -0.004138 (VIOLATED)
   n2038                    0.000000       0.004138       -0.004138 (VIOLATED)
   n2065                    0.000000       0.004138       -0.004138 (VIOLATED)
   n2092                    0.000000       0.004138       -0.004138 (VIOLATED)
   n2119                    0.000000       0.004138       -0.004138 (VIOLATED)
   n2146                    0.000000       0.004138       -0.004138 (VIOLATED)
   n2173                    0.000000       0.004138       -0.004138 (VIOLATED)
   n2200                    0.000000       0.004138       -0.004138 (VIOLATED)
   n2227                    0.000000       0.004138       -0.004138 (VIOLATED)
   n2254                    0.000000       0.004138       -0.004138 (VIOLATED)
   n2281                    0.000000       0.004138       -0.004138 (VIOLATED)
   n2308                    0.000000       0.004138       -0.004138 (VIOLATED)
   n2335                    0.000000       0.004138       -0.004138 (VIOLATED)
   n2362                    0.000000       0.004138       -0.004138 (VIOLATED)
   n2389                    0.000000       0.004138       -0.004138 (VIOLATED)
   n2416                    0.000000       0.004138       -0.004138 (VIOLATED)
   n2443                    0.000000       0.004138       -0.004138 (VIOLATED)
   n2470                    0.000000       0.004138       -0.004138 (VIOLATED)
   n2497                    0.000000       0.004138       -0.004138 (VIOLATED)
   n2524                    0.000000       0.004138       -0.004138 (VIOLATED)
   n2551                    0.000000       0.004138       -0.004138 (VIOLATED)
   n2605                    0.000000       0.004138       -0.004138 (VIOLATED)
   n2632                    0.000000       0.004138       -0.004138 (VIOLATED)
   n2659                    0.000000       0.004138       -0.004138 (VIOLATED)
   n2686                    0.000000       0.004138       -0.004138 (VIOLATED)
   n2713                    0.000000       0.004138       -0.004138 (VIOLATED)
   n2740                    0.000000       0.004138       -0.004138 (VIOLATED)
   n2767                    0.000000       0.004138       -0.004138 (VIOLATED)
   n2794                    0.000000       0.004138       -0.004138 (VIOLATED)
   n2821                    0.000000       0.004138       -0.004138 (VIOLATED)
   n2848                    0.000000       0.004138       -0.004138 (VIOLATED)
   n2875                    0.000000       0.004138       -0.004138 (VIOLATED)
   n2902                    0.000000       0.004138       -0.004138 (VIOLATED)
   n2929                    0.000000       0.004138       -0.004138 (VIOLATED)
   frfcfs_scheduler_i/n1167 0.000000       0.004076       -0.004076 (VIOLATED)
   frfcfs_scheduler_i/n1169 0.000000       0.004076       -0.004076 (VIOLATED)
   frfcfs_scheduler_i/n1177 0.000000       0.004076       -0.004076 (VIOLATED)
   frfcfs_scheduler_i/n1184 0.000000       0.004076       -0.004076 (VIOLATED)
   candidates_i/n1169       0.000000       0.003937       -0.003937 (VIOLATED)
   candidates_i/n1171       0.000000       0.003937       -0.003937 (VIOLATED)
   candidates_i/n1349       0.000000       0.003937       -0.003937 (VIOLATED)
   candidates_i/n1427       0.000000       0.003937       -0.003937 (VIOLATED)
   candidates_i/n1527       0.000000       0.003937       -0.003937 (VIOLATED)
   candidates_i/n1609       0.000000       0.003937       -0.003937 (VIOLATED)
   candidates_i/n1635       0.000000       0.003937       -0.003937 (VIOLATED)
   candidates_i/n1687       0.000000       0.003937       -0.003937 (VIOLATED)
   candidates_i/n1713       0.000000       0.003937       -0.003937 (VIOLATED)
   candidates_i/n1817       0.000000       0.003937       -0.003937 (VIOLATED)
   candidates_i/n1925       0.000000       0.003937       -0.003937 (VIOLATED)
   candidates_i/n2005       0.000000       0.003937       -0.003937 (VIOLATED)
   candidates_i/n2103       0.000000       0.003937       -0.003937 (VIOLATED)
   candidates_i/n2185       0.000000       0.003937       -0.003937 (VIOLATED)
   candidates_i/n2211       0.000000       0.003937       -0.003937 (VIOLATED)
   candidates_i/n2264       0.000000       0.003937       -0.003937 (VIOLATED)
   candidates_i/n2291       0.000000       0.003937       -0.003937 (VIOLATED)
   frfcfs_scheduler_i/n1297 0.000000       0.003937       -0.003937 (VIOLATED)
   candidates_i/n1216       0.000000       0.003916       -0.003916 (VIOLATED)
   candidates_i/n1220       0.000000       0.003916       -0.003916 (VIOLATED)
   n124                     0.000000       0.003916       -0.003916 (VIOLATED)
   candidates_i/n2218       0.000000       0.003893       -0.003893 (VIOLATED)
   candidates_i/n2271       0.000000       0.003893       -0.003893 (VIOLATED)
   candidates_i/n1765       0.000000       0.003852       -0.003852 (VIOLATED)
   candidates_i/n1766       0.000000       0.003852       -0.003852 (VIOLATED)
   candidates_i/n1769       0.000000       0.003852       -0.003852 (VIOLATED)
   candidates_i/n1770       0.000000       0.003852       -0.003852 (VIOLATED)
   candidates_i/n1776       0.000000       0.003852       -0.003852 (VIOLATED)
   candidates_i/n1778       0.000000       0.003852       -0.003852 (VIOLATED)
   candidates_i/n1784       0.000000       0.003852       -0.003852 (VIOLATED)
   candidates_i/n1785       0.000000       0.003852       -0.003852 (VIOLATED)
   candidates_i/n1788       0.000000       0.003852       -0.003852 (VIOLATED)
   candidates_i/n1789       0.000000       0.003852       -0.003852 (VIOLATED)
   candidates_i/n1795       0.000000       0.003852       -0.003852 (VIOLATED)
   candidates_i/n1796       0.000000       0.003852       -0.003852 (VIOLATED)
   candidates_i/n1797       0.000000       0.003852       -0.003852 (VIOLATED)
   candidates_i/n1798       0.000000       0.003852       -0.003852 (VIOLATED)
   candidates_i/n1799       0.000000       0.003852       -0.003852 (VIOLATED)
   frfcfs_scheduler_i/n1134 0.000000       0.003852       -0.003852 (VIOLATED)
   frfcfs_scheduler_i/n1145 0.000000       0.003852       -0.003852 (VIOLATED)
   frfcfs_scheduler_i/n1147 0.000000       0.003852       -0.003852 (VIOLATED)
   frfcfs_scheduler_i/n1162 0.000000       0.003852       -0.003852 (VIOLATED)
   frfcfs_scheduler_i/n1164 0.000000       0.003852       -0.003852 (VIOLATED)
   frfcfs_scheduler_i/n1171 0.000000       0.003852       -0.003852 (VIOLATED)
   candidates_i/n1191       0.000000       0.003794       -0.003794 (VIOLATED)
   candidates_i/n1194       0.000000       0.003794       -0.003794 (VIOLATED)
   frfcfs_scheduler_i/n338  0.000000       0.003667       -0.003667 (VIOLATED)
   frfcfs_scheduler_i/n1266 0.000000       0.003662       -0.003662 (VIOLATED)
   frfcfs_scheduler_i/n615  0.000000       0.003596       -0.003596 (VIOLATED)
   response_i/n1070         0.000000       0.003596       -0.003596 (VIOLATED)
   frfcfs_scheduler_i/n672  0.000000       0.003420       -0.003420 (VIOLATED)
   table_i/n2811            0.000000       0.003420       -0.003420 (VIOLATED)
   frfcfs_scheduler_i/n623  0.000000       0.003337       -0.003337 (VIOLATED)
   candidates_i/n1492       0.000000       0.003288       -0.003288 (VIOLATED)
   candidates_i/n1504       0.000000       0.003288       -0.003288 (VIOLATED)
   candidates_i/n1762       0.000000       0.003288       -0.003288 (VIOLATED)
   candidates_i/n1781       0.000000       0.003288       -0.003288 (VIOLATED)
   candidates_i/n2068       0.000000       0.003288       -0.003288 (VIOLATED)
   candidates_i/n2080       0.000000       0.003288       -0.003288 (VIOLATED)
   candidates_i/n2338       0.000000       0.003288       -0.003288 (VIOLATED)
   candidates_i/n2345       0.000000       0.003288       -0.003288 (VIOLATED)
   candidates_i/n2357       0.000000       0.003288       -0.003288 (VIOLATED)
   candidates_i/n2372       0.000000       0.003288       -0.003288 (VIOLATED)
   candidates_i/n2384       0.000000       0.003288       -0.003288 (VIOLATED)
   candidates_i/n2401       0.000000       0.003288       -0.003288 (VIOLATED)
   candidates_i/n2414       0.000000       0.003288       -0.003288 (VIOLATED)
   candidates_i/n2429       0.000000       0.003288       -0.003288 (VIOLATED)
   candidates_i/n2442       0.000000       0.003288       -0.003288 (VIOLATED)
   candidates_i/n2463       0.000000       0.003288       -0.003288 (VIOLATED)
   candidates_i/n2476       0.000000       0.003288       -0.003288 (VIOLATED)
   candidates_i/n2491       0.000000       0.003288       -0.003288 (VIOLATED)
   candidates_i/n2504       0.000000       0.003288       -0.003288 (VIOLATED)
   candidates_i/n2519       0.000000       0.003288       -0.003288 (VIOLATED)
   candidates_i/n2532       0.000000       0.003288       -0.003288 (VIOLATED)
   candidates_i/n2547       0.000000       0.003288       -0.003288 (VIOLATED)
   candidates_i/n2560       0.000000       0.003288       -0.003288 (VIOLATED)
   candidates_i/n2573       0.000000       0.003288       -0.003288 (VIOLATED)
   candidates_i/n2580       0.000000       0.003288       -0.003288 (VIOLATED)
   candidates_i/n2593       0.000000       0.003288       -0.003288 (VIOLATED)
   candidates_i/n2608       0.000000       0.003288       -0.003288 (VIOLATED)
   candidates_i/n2621       0.000000       0.003288       -0.003288 (VIOLATED)
   candidates_i/n2638       0.000000       0.003288       -0.003288 (VIOLATED)
   candidates_i/n2650       0.000000       0.003288       -0.003288 (VIOLATED)
   candidates_i/n2665       0.000000       0.003288       -0.003288 (VIOLATED)
   candidates_i/n2678       0.000000       0.003288       -0.003288 (VIOLATED)
   candidates_i/n2698       0.000000       0.003288       -0.003288 (VIOLATED)
   candidates_i/n2710       0.000000       0.003288       -0.003288 (VIOLATED)
   candidates_i/n2725       0.000000       0.003288       -0.003288 (VIOLATED)
   candidates_i/n2737       0.000000       0.003288       -0.003288 (VIOLATED)
   candidates_i/n2752       0.000000       0.003288       -0.003288 (VIOLATED)
   candidates_i/n2765       0.000000       0.003288       -0.003288 (VIOLATED)
   candidates_i/n2780       0.000000       0.003288       -0.003288 (VIOLATED)
   candidates_i/n2793       0.000000       0.003288       -0.003288 (VIOLATED)
   candidates_i/n2949       0.000000       0.003288       -0.003288 (VIOLATED)
   candidates_i/n3129       0.000000       0.003288       -0.003288 (VIOLATED)
   frfcfs_scheduler_i/n524  0.000000       0.003288       -0.003288 (VIOLATED)
   frfcfs_scheduler_i/n546  0.000000       0.003288       -0.003288 (VIOLATED)
   frfcfs_scheduler_i/n574  0.000000       0.003288       -0.003288 (VIOLATED)
   frfcfs_scheduler_i/n578  0.000000       0.003288       -0.003288 (VIOLATED)
   frfcfs_scheduler_i/n639  0.000000       0.003288       -0.003288 (VIOLATED)
   frfcfs_scheduler_i/n678  0.000000       0.003288       -0.003288 (VIOLATED)
   frfcfs_scheduler_i/n705  0.000000       0.003288       -0.003288 (VIOLATED)
   frfcfs_scheduler_i/n721  0.000000       0.003288       -0.003288 (VIOLATED)
   frfcfs_scheduler_i/n734  0.000000       0.003288       -0.003288 (VIOLATED)
   frfcfs_scheduler_i/n749  0.000000       0.003288       -0.003288 (VIOLATED)
   frfcfs_scheduler_i/n762  0.000000       0.003288       -0.003288 (VIOLATED)
   frfcfs_scheduler_i/n777  0.000000       0.003288       -0.003288 (VIOLATED)
   frfcfs_scheduler_i/n790  0.000000       0.003288       -0.003288 (VIOLATED)
   frfcfs_scheduler_i/n806  0.000000       0.003288       -0.003288 (VIOLATED)
   frfcfs_scheduler_i/n819  0.000000       0.003288       -0.003288 (VIOLATED)
   frfcfs_scheduler_i/n834  0.000000       0.003288       -0.003288 (VIOLATED)
   frfcfs_scheduler_i/n847  0.000000       0.003288       -0.003288 (VIOLATED)
   frfcfs_scheduler_i/n862  0.000000       0.003288       -0.003288 (VIOLATED)
   frfcfs_scheduler_i/n875  0.000000       0.003288       -0.003288 (VIOLATED)
   frfcfs_scheduler_i/n890  0.000000       0.003288       -0.003288 (VIOLATED)
   frfcfs_scheduler_i/n903  0.000000       0.003288       -0.003288 (VIOLATED)
   frfcfs_scheduler_i/n919  0.000000       0.003288       -0.003288 (VIOLATED)
   frfcfs_scheduler_i/n932  0.000000       0.003288       -0.003288 (VIOLATED)
   frfcfs_scheduler_i/n948  0.000000       0.003288       -0.003288 (VIOLATED)
   frfcfs_scheduler_i/n961  0.000000       0.003288       -0.003288 (VIOLATED)
   frfcfs_scheduler_i/n976  0.000000       0.003288       -0.003288 (VIOLATED)
   frfcfs_scheduler_i/n989  0.000000       0.003288       -0.003288 (VIOLATED)
   frfcfs_scheduler_i/n1004 0.000000       0.003288       -0.003288 (VIOLATED)
   frfcfs_scheduler_i/n1017 0.000000       0.003288       -0.003288 (VIOLATED)
   frfcfs_scheduler_i/n1032 0.000000       0.003288       -0.003288 (VIOLATED)
   frfcfs_scheduler_i/n1045 0.000000       0.003288       -0.003288 (VIOLATED)
   frfcfs_scheduler_i/n1060 0.000000       0.003288       -0.003288 (VIOLATED)
   frfcfs_scheduler_i/n1073 0.000000       0.003288       -0.003288 (VIOLATED)
   frfcfs_scheduler_i/n1088 0.000000       0.003288       -0.003288 (VIOLATED)
   frfcfs_scheduler_i/n1101 0.000000       0.003288       -0.003288 (VIOLATED)
   frfcfs_scheduler_i/n1116 0.000000       0.003288       -0.003288 (VIOLATED)
   frfcfs_scheduler_i/n1131 0.000000       0.003288       -0.003288 (VIOLATED)
   frfcfs_scheduler_i/n1133 0.000000       0.003288       -0.003288 (VIOLATED)
   frfcfs_scheduler_i/n1153 0.000000       0.003288       -0.003288 (VIOLATED)
   frfcfs_scheduler_i/n1511 0.000000       0.003288       -0.003288 (VIOLATED)
   n1503                    0.000000       0.003288       -0.003288 (VIOLATED)
   n1530                    0.000000       0.003288       -0.003288 (VIOLATED)
   n1557                    0.000000       0.003288       -0.003288 (VIOLATED)
   n1584                    0.000000       0.003288       -0.003288 (VIOLATED)
   n1611                    0.000000       0.003288       -0.003288 (VIOLATED)
   n1638                    0.000000       0.003288       -0.003288 (VIOLATED)
   n1667                    0.000000       0.003288       -0.003288 (VIOLATED)
   n1696                    0.000000       0.003288       -0.003288 (VIOLATED)
   n1725                    0.000000       0.003288       -0.003288 (VIOLATED)
   n1752                    0.000000       0.003288       -0.003288 (VIOLATED)
   n1779                    0.000000       0.003288       -0.003288 (VIOLATED)
   n1806                    0.000000       0.003288       -0.003288 (VIOLATED)
   n1833                    0.000000       0.003288       -0.003288 (VIOLATED)
   n1860                    0.000000       0.003288       -0.003288 (VIOLATED)
   n1887                    0.000000       0.003288       -0.003288 (VIOLATED)
   n1914                    0.000000       0.003288       -0.003288 (VIOLATED)
   n1941                    0.000000       0.003288       -0.003288 (VIOLATED)
   n1968                    0.000000       0.003288       -0.003288 (VIOLATED)
   n1995                    0.000000       0.003288       -0.003288 (VIOLATED)
   n2022                    0.000000       0.003288       -0.003288 (VIOLATED)
   n2049                    0.000000       0.003288       -0.003288 (VIOLATED)
   n2076                    0.000000       0.003288       -0.003288 (VIOLATED)
   n2103                    0.000000       0.003288       -0.003288 (VIOLATED)
   n2130                    0.000000       0.003288       -0.003288 (VIOLATED)
   n2157                    0.000000       0.003288       -0.003288 (VIOLATED)
   n2184                    0.000000       0.003288       -0.003288 (VIOLATED)
   n2211                    0.000000       0.003288       -0.003288 (VIOLATED)
   n2238                    0.000000       0.003288       -0.003288 (VIOLATED)
   n2265                    0.000000       0.003288       -0.003288 (VIOLATED)
   n2292                    0.000000       0.003288       -0.003288 (VIOLATED)
   n2319                    0.000000       0.003288       -0.003288 (VIOLATED)
   n2346                    0.000000       0.003288       -0.003288 (VIOLATED)
   n2373                    0.000000       0.003288       -0.003288 (VIOLATED)
   n2400                    0.000000       0.003288       -0.003288 (VIOLATED)
   n2427                    0.000000       0.003288       -0.003288 (VIOLATED)
   n2454                    0.000000       0.003288       -0.003288 (VIOLATED)
   n2481                    0.000000       0.003288       -0.003288 (VIOLATED)
   n2508                    0.000000       0.003288       -0.003288 (VIOLATED)
   n2535                    0.000000       0.003288       -0.003288 (VIOLATED)
   n2562                    0.000000       0.003288       -0.003288 (VIOLATED)
   n2589                    0.000000       0.003288       -0.003288 (VIOLATED)
   n2616                    0.000000       0.003288       -0.003288 (VIOLATED)
   n2643                    0.000000       0.003288       -0.003288 (VIOLATED)
   n2670                    0.000000       0.003288       -0.003288 (VIOLATED)
   n2697                    0.000000       0.003288       -0.003288 (VIOLATED)
   n2724                    0.000000       0.003288       -0.003288 (VIOLATED)
   n2751                    0.000000       0.003288       -0.003288 (VIOLATED)
   n2778                    0.000000       0.003288       -0.003288 (VIOLATED)
   n2805                    0.000000       0.003288       -0.003288 (VIOLATED)
   n2832                    0.000000       0.003288       -0.003288 (VIOLATED)
   n2859                    0.000000       0.003288       -0.003288 (VIOLATED)
   n2886                    0.000000       0.003288       -0.003288 (VIOLATED)
   n2913                    0.000000       0.003288       -0.003288 (VIOLATED)
   n2940                    0.000000       0.003288       -0.003288 (VIOLATED)
   n2967                    0.000000       0.003288       -0.003288 (VIOLATED)
   n2994                    0.000000       0.003288       -0.003288 (VIOLATED)
   n3021                    0.000000       0.003288       -0.003288 (VIOLATED)
   n3048                    0.000000       0.003288       -0.003288 (VIOLATED)
   n3075                    0.000000       0.003288       -0.003288 (VIOLATED)
   n3102                    0.000000       0.003288       -0.003288 (VIOLATED)
   n3129                    0.000000       0.003288       -0.003288 (VIOLATED)
   n3156                    0.000000       0.003288       -0.003288 (VIOLATED)
   n3185                    0.000000       0.003288       -0.003288 (VIOLATED)
   n3212                    0.000000       0.003288       -0.003288 (VIOLATED)
   n3239                    0.000000       0.003288       -0.003288 (VIOLATED)
   n3266                    0.000000       0.003288       -0.003288 (VIOLATED)
   n3293                    0.000000       0.003288       -0.003288 (VIOLATED)
   n3320                    0.000000       0.003288       -0.003288 (VIOLATED)
   n3347                    0.000000       0.003288       -0.003288 (VIOLATED)
   n3374                    0.000000       0.003288       -0.003288 (VIOLATED)
   n3403                    0.000000       0.003288       -0.003288 (VIOLATED)
   n3432                    0.000000       0.003288       -0.003288 (VIOLATED)
   n3459                    0.000000       0.003288       -0.003288 (VIOLATED)
   n3486                    0.000000       0.003288       -0.003288 (VIOLATED)
   n3513                    0.000000       0.003288       -0.003288 (VIOLATED)
   n3540                    0.000000       0.003288       -0.003288 (VIOLATED)
   n3567                    0.000000       0.003288       -0.003288 (VIOLATED)
   n3594                    0.000000       0.003288       -0.003288 (VIOLATED)
   n3621                    0.000000       0.003288       -0.003288 (VIOLATED)
   n3650                    0.000000       0.003288       -0.003288 (VIOLATED)
   n3679                    0.000000       0.003288       -0.003288 (VIOLATED)
   n3706                    0.000000       0.003288       -0.003288 (VIOLATED)
   n3733                    0.000000       0.003288       -0.003288 (VIOLATED)
   n3760                    0.000000       0.003288       -0.003288 (VIOLATED)
   n3787                    0.000000       0.003288       -0.003288 (VIOLATED)
   n3814                    0.000000       0.003288       -0.003288 (VIOLATED)
   n3841                    0.000000       0.003288       -0.003288 (VIOLATED)
   n3868                    0.000000       0.003288       -0.003288 (VIOLATED)
   n3895                    0.000000       0.003288       -0.003288 (VIOLATED)
   n3922                    0.000000       0.003288       -0.003288 (VIOLATED)
   n3949                    0.000000       0.003288       -0.003288 (VIOLATED)
   n3976                    0.000000       0.003288       -0.003288 (VIOLATED)
   n4003                    0.000000       0.003288       -0.003288 (VIOLATED)
   n4030                    0.000000       0.003288       -0.003288 (VIOLATED)
   n4057                    0.000000       0.003288       -0.003288 (VIOLATED)
   n4084                    0.000000       0.003288       -0.003288 (VIOLATED)
   n4111                    0.000000       0.003288       -0.003288 (VIOLATED)
   n4138                    0.000000       0.003288       -0.003288 (VIOLATED)
   n4165                    0.000000       0.003288       -0.003288 (VIOLATED)
   n4192                    0.000000       0.003288       -0.003288 (VIOLATED)
   n4219                    0.000000       0.003288       -0.003288 (VIOLATED)
   n4246                    0.000000       0.003288       -0.003288 (VIOLATED)
   n4273                    0.000000       0.003288       -0.003288 (VIOLATED)
   n4300                    0.000000       0.003288       -0.003288 (VIOLATED)
   n4327                    0.000000       0.003288       -0.003288 (VIOLATED)
   n4354                    0.000000       0.003288       -0.003288 (VIOLATED)
   n4381                    0.000000       0.003288       -0.003288 (VIOLATED)
   n4408                    0.000000       0.003288       -0.003288 (VIOLATED)
   n4437                    0.000000       0.003288       -0.003288 (VIOLATED)
   n4466                    0.000000       0.003288       -0.003288 (VIOLATED)
   n4493                    0.000000       0.003288       -0.003288 (VIOLATED)
   n4520                    0.000000       0.003288       -0.003288 (VIOLATED)
   n4547                    0.000000       0.003288       -0.003288 (VIOLATED)
   n4574                    0.000000       0.003288       -0.003288 (VIOLATED)
   n4601                    0.000000       0.003288       -0.003288 (VIOLATED)
   n4628                    0.000000       0.003288       -0.003288 (VIOLATED)
   n4655                    0.000000       0.003288       -0.003288 (VIOLATED)
   n4682                    0.000000       0.003288       -0.003288 (VIOLATED)
   n4711                    0.000000       0.003288       -0.003288 (VIOLATED)
   n4738                    0.000000       0.003288       -0.003288 (VIOLATED)
   response_i/n887          0.000000       0.003288       -0.003288 (VIOLATED)
   response_i/n905          0.000000       0.003288       -0.003288 (VIOLATED)
   response_i/n917          0.000000       0.003288       -0.003288 (VIOLATED)
   response_i/n939          0.000000       0.003288       -0.003288 (VIOLATED)
   response_i/n952          0.000000       0.003288       -0.003288 (VIOLATED)
   response_i/n966          0.000000       0.003288       -0.003288 (VIOLATED)
   response_i/n979          0.000000       0.003288       -0.003288 (VIOLATED)
   response_i/n993          0.000000       0.003288       -0.003288 (VIOLATED)
   response_i/n1006         0.000000       0.003288       -0.003288 (VIOLATED)
   response_i/n1021         0.000000       0.003288       -0.003288 (VIOLATED)
   response_i/n1034         0.000000       0.003288       -0.003288 (VIOLATED)
   response_i/n1048         0.000000       0.003288       -0.003288 (VIOLATED)
   response_i/n1061         0.000000       0.003288       -0.003288 (VIOLATED)
   response_i/n1075         0.000000       0.003288       -0.003288 (VIOLATED)
   response_i/n1088         0.000000       0.003288       -0.003288 (VIOLATED)
   response_i/n1102         0.000000       0.003288       -0.003288 (VIOLATED)
   response_i/n1115         0.000000       0.003288       -0.003288 (VIOLATED)
   response_i/n1128         0.000000       0.003288       -0.003288 (VIOLATED)
   response_i/n1140         0.000000       0.003288       -0.003288 (VIOLATED)
   response_i/n1159         0.000000       0.003288       -0.003288 (VIOLATED)
   response_i/n1172         0.000000       0.003288       -0.003288 (VIOLATED)
   response_i/n1185         0.000000       0.003288       -0.003288 (VIOLATED)
   response_i/n1198         0.000000       0.003288       -0.003288 (VIOLATED)
   response_i/n1211         0.000000       0.003288       -0.003288 (VIOLATED)
   response_i/n1224         0.000000       0.003288       -0.003288 (VIOLATED)
   response_i/n1236         0.000000       0.003288       -0.003288 (VIOLATED)
   response_i/n1249         0.000000       0.003288       -0.003288 (VIOLATED)
   response_i/n1262         0.000000       0.003288       -0.003288 (VIOLATED)
   response_i/n1274         0.000000       0.003288       -0.003288 (VIOLATED)
   response_i/n1287         0.000000       0.003288       -0.003288 (VIOLATED)
   response_i/n1300         0.000000       0.003288       -0.003288 (VIOLATED)
   response_i/n1314         0.000000       0.003288       -0.003288 (VIOLATED)
   response_i/n1326         0.000000       0.003288       -0.003288 (VIOLATED)
   frfcfs_scheduler_i/n495  0.000000       0.003078       -0.003078 (VIOLATED)
   frfcfs_scheduler_i/n498  0.000000       0.003078       -0.003078 (VIOLATED)
   frfcfs_scheduler_i/n503  0.000000       0.003078       -0.003078 (VIOLATED)
   frfcfs_scheduler_i/n506  0.000000       0.003078       -0.003078 (VIOLATED)
   frfcfs_scheduler_i/n716  0.000000       0.003078       -0.003078 (VIOLATED)
   frfcfs_scheduler_i/n1533 0.000000       0.003078       -0.003078 (VIOLATED)
   issue_column             0.000000       0.003078       -0.003078 (VIOLATED)
   table_i/n930             0.000000       0.003078       -0.003078 (VIOLATED)
   table_i/n944             0.000000       0.003078       -0.003078 (VIOLATED)
   banks_i/n46              0.000000       0.003067       -0.003067 (VIOLATED)
   banks_i/n55              0.000000       0.003067       -0.003067 (VIOLATED)
   banks_i/n64              0.000000       0.003067       -0.003067 (VIOLATED)
   banks_i/n73              0.000000       0.003067       -0.003067 (VIOLATED)
   candidates_i/n1229       0.000000       0.003067       -0.003067 (VIOLATED)
   candidates_i/n1491       0.000000       0.003067       -0.003067 (VIOLATED)
   candidates_i/n1503       0.000000       0.003067       -0.003067 (VIOLATED)
   candidates_i/n1515       0.000000       0.003067       -0.003067 (VIOLATED)
   candidates_i/n1761       0.000000       0.003067       -0.003067 (VIOLATED)
   candidates_i/n1780       0.000000       0.003067       -0.003067 (VIOLATED)
   candidates_i/n1805       0.000000       0.003067       -0.003067 (VIOLATED)
   candidates_i/n2067       0.000000       0.003067       -0.003067 (VIOLATED)
   candidates_i/n2079       0.000000       0.003067       -0.003067 (VIOLATED)
   candidates_i/n2091       0.000000       0.003067       -0.003067 (VIOLATED)
   candidates_i/n2337       0.000000       0.003067       -0.003067 (VIOLATED)
   candidates_i/n2344       0.000000       0.003067       -0.003067 (VIOLATED)
   candidates_i/n2356       0.000000       0.003067       -0.003067 (VIOLATED)
   candidates_i/n2371       0.000000       0.003067       -0.003067 (VIOLATED)
   candidates_i/n2383       0.000000       0.003067       -0.003067 (VIOLATED)
   candidates_i/n2400       0.000000       0.003067       -0.003067 (VIOLATED)
   candidates_i/n2413       0.000000       0.003067       -0.003067 (VIOLATED)
   candidates_i/n2428       0.000000       0.003067       -0.003067 (VIOLATED)
   candidates_i/n2441       0.000000       0.003067       -0.003067 (VIOLATED)
   candidates_i/n2462       0.000000       0.003067       -0.003067 (VIOLATED)
   candidates_i/n2475       0.000000       0.003067       -0.003067 (VIOLATED)
   candidates_i/n2490       0.000000       0.003067       -0.003067 (VIOLATED)
   candidates_i/n2503       0.000000       0.003067       -0.003067 (VIOLATED)
   candidates_i/n2518       0.000000       0.003067       -0.003067 (VIOLATED)
   candidates_i/n2531       0.000000       0.003067       -0.003067 (VIOLATED)
   candidates_i/n2546       0.000000       0.003067       -0.003067 (VIOLATED)
   candidates_i/n2559       0.000000       0.003067       -0.003067 (VIOLATED)
   candidates_i/n2572       0.000000       0.003067       -0.003067 (VIOLATED)
   candidates_i/n2579       0.000000       0.003067       -0.003067 (VIOLATED)
   candidates_i/n2592       0.000000       0.003067       -0.003067 (VIOLATED)
   candidates_i/n2607       0.000000       0.003067       -0.003067 (VIOLATED)
   candidates_i/n2620       0.000000       0.003067       -0.003067 (VIOLATED)
   candidates_i/n2637       0.000000       0.003067       -0.003067 (VIOLATED)
   candidates_i/n2649       0.000000       0.003067       -0.003067 (VIOLATED)
   candidates_i/n2664       0.000000       0.003067       -0.003067 (VIOLATED)
   candidates_i/n2677       0.000000       0.003067       -0.003067 (VIOLATED)
   candidates_i/n2697       0.000000       0.003067       -0.003067 (VIOLATED)
   candidates_i/n2709       0.000000       0.003067       -0.003067 (VIOLATED)
   candidates_i/n2724       0.000000       0.003067       -0.003067 (VIOLATED)
   candidates_i/n2736       0.000000       0.003067       -0.003067 (VIOLATED)
   candidates_i/n2751       0.000000       0.003067       -0.003067 (VIOLATED)
   candidates_i/n2764       0.000000       0.003067       -0.003067 (VIOLATED)
   candidates_i/n2779       0.000000       0.003067       -0.003067 (VIOLATED)
   candidates_i/n2792       0.000000       0.003067       -0.003067 (VIOLATED)
   candidates_i/n2950       0.000000       0.003067       -0.003067 (VIOLATED)
   candidates_i/n3130       0.000000       0.003067       -0.003067 (VIOLATED)
   frfcfs_scheduler_i/n677  0.000000       0.003067       -0.003067 (VIOLATED)
   frfcfs_scheduler_i/n704  0.000000       0.003067       -0.003067 (VIOLATED)
   frfcfs_scheduler_i/n733  0.000000       0.003067       -0.003067 (VIOLATED)
   frfcfs_scheduler_i/n748  0.000000       0.003067       -0.003067 (VIOLATED)
   frfcfs_scheduler_i/n761  0.000000       0.003067       -0.003067 (VIOLATED)
   frfcfs_scheduler_i/n789  0.000000       0.003067       -0.003067 (VIOLATED)
   frfcfs_scheduler_i/n805  0.000000       0.003067       -0.003067 (VIOLATED)
   frfcfs_scheduler_i/n818  0.000000       0.003067       -0.003067 (VIOLATED)
   frfcfs_scheduler_i/n846  0.000000       0.003067       -0.003067 (VIOLATED)
   frfcfs_scheduler_i/n861  0.000000       0.003067       -0.003067 (VIOLATED)
   frfcfs_scheduler_i/n874  0.000000       0.003067       -0.003067 (VIOLATED)
   frfcfs_scheduler_i/n902  0.000000       0.003067       -0.003067 (VIOLATED)
   frfcfs_scheduler_i/n918  0.000000       0.003067       -0.003067 (VIOLATED)
   frfcfs_scheduler_i/n931  0.000000       0.003067       -0.003067 (VIOLATED)
   frfcfs_scheduler_i/n947  0.000000       0.003067       -0.003067 (VIOLATED)
   frfcfs_scheduler_i/n960  0.000000       0.003067       -0.003067 (VIOLATED)
   frfcfs_scheduler_i/n975  0.000000       0.003067       -0.003067 (VIOLATED)
   frfcfs_scheduler_i/n988  0.000000       0.003067       -0.003067 (VIOLATED)
   frfcfs_scheduler_i/n1003 0.000000       0.003067       -0.003067 (VIOLATED)
   frfcfs_scheduler_i/n1016 0.000000       0.003067       -0.003067 (VIOLATED)
   frfcfs_scheduler_i/n1031 0.000000       0.003067       -0.003067 (VIOLATED)
   frfcfs_scheduler_i/n1044 0.000000       0.003067       -0.003067 (VIOLATED)
   frfcfs_scheduler_i/n1059 0.000000       0.003067       -0.003067 (VIOLATED)
   frfcfs_scheduler_i/n1072 0.000000       0.003067       -0.003067 (VIOLATED)
   frfcfs_scheduler_i/n1087 0.000000       0.003067       -0.003067 (VIOLATED)
   frfcfs_scheduler_i/n1100 0.000000       0.003067       -0.003067 (VIOLATED)
   frfcfs_scheduler_i/n1115 0.000000       0.003067       -0.003067 (VIOLATED)
   frfcfs_scheduler_i/n1130 0.000000       0.003067       -0.003067 (VIOLATED)
   n1504                    0.000000       0.003067       -0.003067 (VIOLATED)
   n1531                    0.000000       0.003067       -0.003067 (VIOLATED)
   n1558                    0.000000       0.003067       -0.003067 (VIOLATED)
   n1585                    0.000000       0.003067       -0.003067 (VIOLATED)
   n1612                    0.000000       0.003067       -0.003067 (VIOLATED)
   n1639                    0.000000       0.003067       -0.003067 (VIOLATED)
   n1668                    0.000000       0.003067       -0.003067 (VIOLATED)
   n1697                    0.000000       0.003067       -0.003067 (VIOLATED)
   n1726                    0.000000       0.003067       -0.003067 (VIOLATED)
   n1753                    0.000000       0.003067       -0.003067 (VIOLATED)
   n1780                    0.000000       0.003067       -0.003067 (VIOLATED)
   n1807                    0.000000       0.003067       -0.003067 (VIOLATED)
   n1834                    0.000000       0.003067       -0.003067 (VIOLATED)
   n1861                    0.000000       0.003067       -0.003067 (VIOLATED)
   n1888                    0.000000       0.003067       -0.003067 (VIOLATED)
   n1915                    0.000000       0.003067       -0.003067 (VIOLATED)
   n1942                    0.000000       0.003067       -0.003067 (VIOLATED)
   n1969                    0.000000       0.003067       -0.003067 (VIOLATED)
   n1996                    0.000000       0.003067       -0.003067 (VIOLATED)
   n2023                    0.000000       0.003067       -0.003067 (VIOLATED)
   n2050                    0.000000       0.003067       -0.003067 (VIOLATED)
   n2077                    0.000000       0.003067       -0.003067 (VIOLATED)
   n2104                    0.000000       0.003067       -0.003067 (VIOLATED)
   n2131                    0.000000       0.003067       -0.003067 (VIOLATED)
   n2158                    0.000000       0.003067       -0.003067 (VIOLATED)
   n2185                    0.000000       0.003067       -0.003067 (VIOLATED)
   n2212                    0.000000       0.003067       -0.003067 (VIOLATED)
   n2239                    0.000000       0.003067       -0.003067 (VIOLATED)
   n2266                    0.000000       0.003067       -0.003067 (VIOLATED)
   n2293                    0.000000       0.003067       -0.003067 (VIOLATED)
   n2320                    0.000000       0.003067       -0.003067 (VIOLATED)
   n2347                    0.000000       0.003067       -0.003067 (VIOLATED)
   n2374                    0.000000       0.003067       -0.003067 (VIOLATED)
   n2401                    0.000000       0.003067       -0.003067 (VIOLATED)
   n2428                    0.000000       0.003067       -0.003067 (VIOLATED)
   n2455                    0.000000       0.003067       -0.003067 (VIOLATED)
   n2482                    0.000000       0.003067       -0.003067 (VIOLATED)
   n2509                    0.000000       0.003067       -0.003067 (VIOLATED)
   n2536                    0.000000       0.003067       -0.003067 (VIOLATED)
   n2563                    0.000000       0.003067       -0.003067 (VIOLATED)
   n2590                    0.000000       0.003067       -0.003067 (VIOLATED)
   n2617                    0.000000       0.003067       -0.003067 (VIOLATED)
   n2644                    0.000000       0.003067       -0.003067 (VIOLATED)
   n2671                    0.000000       0.003067       -0.003067 (VIOLATED)
   n2698                    0.000000       0.003067       -0.003067 (VIOLATED)
   n2725                    0.000000       0.003067       -0.003067 (VIOLATED)
   n2752                    0.000000       0.003067       -0.003067 (VIOLATED)
   n2779                    0.000000       0.003067       -0.003067 (VIOLATED)
   n2806                    0.000000       0.003067       -0.003067 (VIOLATED)
   n2833                    0.000000       0.003067       -0.003067 (VIOLATED)
   n2860                    0.000000       0.003067       -0.003067 (VIOLATED)
   n2887                    0.000000       0.003067       -0.003067 (VIOLATED)
   n2914                    0.000000       0.003067       -0.003067 (VIOLATED)
   n2941                    0.000000       0.003067       -0.003067 (VIOLATED)
   n2968                    0.000000       0.003067       -0.003067 (VIOLATED)
   n2995                    0.000000       0.003067       -0.003067 (VIOLATED)
   n3022                    0.000000       0.003067       -0.003067 (VIOLATED)
   n3049                    0.000000       0.003067       -0.003067 (VIOLATED)
   n3076                    0.000000       0.003067       -0.003067 (VIOLATED)
   n3103                    0.000000       0.003067       -0.003067 (VIOLATED)
   n3130                    0.000000       0.003067       -0.003067 (VIOLATED)
   n3157                    0.000000       0.003067       -0.003067 (VIOLATED)
   n3186                    0.000000       0.003067       -0.003067 (VIOLATED)
   n3213                    0.000000       0.003067       -0.003067 (VIOLATED)
   n3240                    0.000000       0.003067       -0.003067 (VIOLATED)
   n3267                    0.000000       0.003067       -0.003067 (VIOLATED)
   n3294                    0.000000       0.003067       -0.003067 (VIOLATED)
   n3321                    0.000000       0.003067       -0.003067 (VIOLATED)
   n3348                    0.000000       0.003067       -0.003067 (VIOLATED)
   n3375                    0.000000       0.003067       -0.003067 (VIOLATED)
   n3404                    0.000000       0.003067       -0.003067 (VIOLATED)
   n3433                    0.000000       0.003067       -0.003067 (VIOLATED)
   n3460                    0.000000       0.003067       -0.003067 (VIOLATED)
   n3487                    0.000000       0.003067       -0.003067 (VIOLATED)
   n3514                    0.000000       0.003067       -0.003067 (VIOLATED)
   n3541                    0.000000       0.003067       -0.003067 (VIOLATED)
   n3568                    0.000000       0.003067       -0.003067 (VIOLATED)
   n3595                    0.000000       0.003067       -0.003067 (VIOLATED)
   n3622                    0.000000       0.003067       -0.003067 (VIOLATED)
   n3651                    0.000000       0.003067       -0.003067 (VIOLATED)
   n3680                    0.000000       0.003067       -0.003067 (VIOLATED)
   n3707                    0.000000       0.003067       -0.003067 (VIOLATED)
   n3734                    0.000000       0.003067       -0.003067 (VIOLATED)
   n3761                    0.000000       0.003067       -0.003067 (VIOLATED)
   n3788                    0.000000       0.003067       -0.003067 (VIOLATED)
   n3815                    0.000000       0.003067       -0.003067 (VIOLATED)
   n3842                    0.000000       0.003067       -0.003067 (VIOLATED)
   n3869                    0.000000       0.003067       -0.003067 (VIOLATED)
   n3896                    0.000000       0.003067       -0.003067 (VIOLATED)
   n3923                    0.000000       0.003067       -0.003067 (VIOLATED)
   n3950                    0.000000       0.003067       -0.003067 (VIOLATED)
   n3977                    0.000000       0.003067       -0.003067 (VIOLATED)
   n4004                    0.000000       0.003067       -0.003067 (VIOLATED)
   n4031                    0.000000       0.003067       -0.003067 (VIOLATED)
   n4058                    0.000000       0.003067       -0.003067 (VIOLATED)
   n4085                    0.000000       0.003067       -0.003067 (VIOLATED)
   n4112                    0.000000       0.003067       -0.003067 (VIOLATED)
   n4139                    0.000000       0.003067       -0.003067 (VIOLATED)
   n4166                    0.000000       0.003067       -0.003067 (VIOLATED)
   n4193                    0.000000       0.003067       -0.003067 (VIOLATED)
   n4220                    0.000000       0.003067       -0.003067 (VIOLATED)
   n4247                    0.000000       0.003067       -0.003067 (VIOLATED)
   n4274                    0.000000       0.003067       -0.003067 (VIOLATED)
   n4301                    0.000000       0.003067       -0.003067 (VIOLATED)
   n4328                    0.000000       0.003067       -0.003067 (VIOLATED)
   n4355                    0.000000       0.003067       -0.003067 (VIOLATED)
   n4382                    0.000000       0.003067       -0.003067 (VIOLATED)
   n4409                    0.000000       0.003067       -0.003067 (VIOLATED)
   n4438                    0.000000       0.003067       -0.003067 (VIOLATED)
   n4467                    0.000000       0.003067       -0.003067 (VIOLATED)
   n4494                    0.000000       0.003067       -0.003067 (VIOLATED)
   n4521                    0.000000       0.003067       -0.003067 (VIOLATED)
   n4548                    0.000000       0.003067       -0.003067 (VIOLATED)
   n4575                    0.000000       0.003067       -0.003067 (VIOLATED)
   n4602                    0.000000       0.003067       -0.003067 (VIOLATED)
   n4629                    0.000000       0.003067       -0.003067 (VIOLATED)
   n4656                    0.000000       0.003067       -0.003067 (VIOLATED)
   n4683                    0.000000       0.003067       -0.003067 (VIOLATED)
   n4712                    0.000000       0.003067       -0.003067 (VIOLATED)
   n4739                    0.000000       0.003067       -0.003067 (VIOLATED)
   response_i/n886          0.000000       0.003067       -0.003067 (VIOLATED)
   response_i/n904          0.000000       0.003067       -0.003067 (VIOLATED)
   response_i/n916          0.000000       0.003067       -0.003067 (VIOLATED)
   response_i/n938          0.000000       0.003067       -0.003067 (VIOLATED)
   response_i/n951          0.000000       0.003067       -0.003067 (VIOLATED)
   response_i/n965          0.000000       0.003067       -0.003067 (VIOLATED)
   response_i/n978          0.000000       0.003067       -0.003067 (VIOLATED)
   response_i/n992          0.000000       0.003067       -0.003067 (VIOLATED)
   response_i/n1005         0.000000       0.003067       -0.003067 (VIOLATED)
   response_i/n1020         0.000000       0.003067       -0.003067 (VIOLATED)
   response_i/n1033         0.000000       0.003067       -0.003067 (VIOLATED)
   response_i/n1047         0.000000       0.003067       -0.003067 (VIOLATED)
   response_i/n1060         0.000000       0.003067       -0.003067 (VIOLATED)
   response_i/n1074         0.000000       0.003067       -0.003067 (VIOLATED)
   response_i/n1087         0.000000       0.003067       -0.003067 (VIOLATED)
   response_i/n1101         0.000000       0.003067       -0.003067 (VIOLATED)
   response_i/n1114         0.000000       0.003067       -0.003067 (VIOLATED)
   response_i/n1127         0.000000       0.003067       -0.003067 (VIOLATED)
   response_i/n1139         0.000000       0.003067       -0.003067 (VIOLATED)
   response_i/n1158         0.000000       0.003067       -0.003067 (VIOLATED)
   response_i/n1171         0.000000       0.003067       -0.003067 (VIOLATED)
   response_i/n1184         0.000000       0.003067       -0.003067 (VIOLATED)
   response_i/n1197         0.000000       0.003067       -0.003067 (VIOLATED)
   response_i/n1210         0.000000       0.003067       -0.003067 (VIOLATED)
   response_i/n1223         0.000000       0.003067       -0.003067 (VIOLATED)
   response_i/n1235         0.000000       0.003067       -0.003067 (VIOLATED)
   response_i/n1248         0.000000       0.003067       -0.003067 (VIOLATED)
   response_i/n1261         0.000000       0.003067       -0.003067 (VIOLATED)
   response_i/n1273         0.000000       0.003067       -0.003067 (VIOLATED)
   response_i/n1286         0.000000       0.003067       -0.003067 (VIOLATED)
   response_i/n1299         0.000000       0.003067       -0.003067 (VIOLATED)
   response_i/n1313         0.000000       0.003067       -0.003067 (VIOLATED)
   response_i/n1325         0.000000       0.003067       -0.003067 (VIOLATED)
   table_i/n6147            0.000000       0.003067       -0.003067 (VIOLATED)
   banks_i/n82              0.000000       0.003021       -0.003021 (VIOLATED)
   banks_i/n89              0.000000       0.003021       -0.003021 (VIOLATED)
   banks_i/n93              0.000000       0.003021       -0.003021 (VIOLATED)
   banks_i/n99              0.000000       0.003021       -0.003021 (VIOLATED)
   candidates_i/n1085       0.000000       0.003021       -0.003021 (VIOLATED)
   candidates_i/n1088       0.000000       0.003021       -0.003021 (VIOLATED)
   candidates_i/n1125       0.000000       0.003021       -0.003021 (VIOLATED)
   candidates_i/n1128       0.000000       0.003021       -0.003021 (VIOLATED)
   candidates_i/n1228       0.000000       0.003021       -0.003021 (VIOLATED)
   candidates_i/n1490       0.000000       0.003021       -0.003021 (VIOLATED)
   candidates_i/n1502       0.000000       0.003021       -0.003021 (VIOLATED)
   candidates_i/n1514       0.000000       0.003021       -0.003021 (VIOLATED)
   candidates_i/n1760       0.000000       0.003021       -0.003021 (VIOLATED)
   candidates_i/n1779       0.000000       0.003021       -0.003021 (VIOLATED)
   candidates_i/n1804       0.000000       0.003021       -0.003021 (VIOLATED)
   candidates_i/n2066       0.000000       0.003021       -0.003021 (VIOLATED)
   candidates_i/n2078       0.000000       0.003021       -0.003021 (VIOLATED)
   candidates_i/n2090       0.000000       0.003021       -0.003021 (VIOLATED)
   candidates_i/n2336       0.000000       0.003021       -0.003021 (VIOLATED)
   candidates_i/n2343       0.000000       0.003021       -0.003021 (VIOLATED)
   candidates_i/n2355       0.000000       0.003021       -0.003021 (VIOLATED)
   candidates_i/n2370       0.000000       0.003021       -0.003021 (VIOLATED)
   candidates_i/n2382       0.000000       0.003021       -0.003021 (VIOLATED)
   candidates_i/n2399       0.000000       0.003021       -0.003021 (VIOLATED)
   candidates_i/n2412       0.000000       0.003021       -0.003021 (VIOLATED)
   candidates_i/n2427       0.000000       0.003021       -0.003021 (VIOLATED)
   candidates_i/n2440       0.000000       0.003021       -0.003021 (VIOLATED)
   candidates_i/n2461       0.000000       0.003021       -0.003021 (VIOLATED)
   candidates_i/n2474       0.000000       0.003021       -0.003021 (VIOLATED)
   candidates_i/n2489       0.000000       0.003021       -0.003021 (VIOLATED)
   candidates_i/n2502       0.000000       0.003021       -0.003021 (VIOLATED)
   candidates_i/n2517       0.000000       0.003021       -0.003021 (VIOLATED)
   candidates_i/n2530       0.000000       0.003021       -0.003021 (VIOLATED)
   candidates_i/n2545       0.000000       0.003021       -0.003021 (VIOLATED)
   candidates_i/n2558       0.000000       0.003021       -0.003021 (VIOLATED)
   candidates_i/n2571       0.000000       0.003021       -0.003021 (VIOLATED)
   candidates_i/n2578       0.000000       0.003021       -0.003021 (VIOLATED)
   candidates_i/n2591       0.000000       0.003021       -0.003021 (VIOLATED)
   candidates_i/n2606       0.000000       0.003021       -0.003021 (VIOLATED)
   candidates_i/n2619       0.000000       0.003021       -0.003021 (VIOLATED)
   candidates_i/n2636       0.000000       0.003021       -0.003021 (VIOLATED)
   candidates_i/n2648       0.000000       0.003021       -0.003021 (VIOLATED)
   candidates_i/n2663       0.000000       0.003021       -0.003021 (VIOLATED)
   candidates_i/n2676       0.000000       0.003021       -0.003021 (VIOLATED)
   candidates_i/n2696       0.000000       0.003021       -0.003021 (VIOLATED)
   candidates_i/n2708       0.000000       0.003021       -0.003021 (VIOLATED)
   candidates_i/n2723       0.000000       0.003021       -0.003021 (VIOLATED)
   candidates_i/n2735       0.000000       0.003021       -0.003021 (VIOLATED)
   candidates_i/n2750       0.000000       0.003021       -0.003021 (VIOLATED)
   candidates_i/n2763       0.000000       0.003021       -0.003021 (VIOLATED)
   candidates_i/n2778       0.000000       0.003021       -0.003021 (VIOLATED)
   candidates_i/n2791       0.000000       0.003021       -0.003021 (VIOLATED)
   candidates_i/n2915       0.000000       0.003021       -0.003021 (VIOLATED)
   candidates_i/n2933       0.000000       0.003021       -0.003021 (VIOLATED)
   candidates_i/n2951       0.000000       0.003021       -0.003021 (VIOLATED)
   candidates_i/n2969       0.000000       0.003021       -0.003021 (VIOLATED)
   candidates_i/n2987       0.000000       0.003021       -0.003021 (VIOLATED)
   candidates_i/n3005       0.000000       0.003021       -0.003021 (VIOLATED)
   candidates_i/n3023       0.000000       0.003021       -0.003021 (VIOLATED)
   candidates_i/n3041       0.000000       0.003021       -0.003021 (VIOLATED)
   candidates_i/n3059       0.000000       0.003021       -0.003021 (VIOLATED)
   candidates_i/n3077       0.000000       0.003021       -0.003021 (VIOLATED)
   candidates_i/n3095       0.000000       0.003021       -0.003021 (VIOLATED)
   candidates_i/n3113       0.000000       0.003021       -0.003021 (VIOLATED)
   candidates_i/n3131       0.000000       0.003021       -0.003021 (VIOLATED)
   candidates_i/n3149       0.000000       0.003021       -0.003021 (VIOLATED)
   candidates_i/n3167       0.000000       0.003021       -0.003021 (VIOLATED)
   candidates_i/n3185       0.000000       0.003021       -0.003021 (VIOLATED)
   frfcfs_scheduler_i/n648  0.000000       0.003021       -0.003021 (VIOLATED)
   frfcfs_scheduler_i/n676  0.000000       0.003021       -0.003021 (VIOLATED)
   frfcfs_scheduler_i/n703  0.000000       0.003021       -0.003021 (VIOLATED)
   frfcfs_scheduler_i/n719  0.000000       0.003021       -0.003021 (VIOLATED)
   frfcfs_scheduler_i/n732  0.000000       0.003021       -0.003021 (VIOLATED)
   frfcfs_scheduler_i/n747  0.000000       0.003021       -0.003021 (VIOLATED)
   frfcfs_scheduler_i/n760  0.000000       0.003021       -0.003021 (VIOLATED)
   frfcfs_scheduler_i/n775  0.000000       0.003021       -0.003021 (VIOLATED)
   frfcfs_scheduler_i/n788  0.000000       0.003021       -0.003021 (VIOLATED)
   frfcfs_scheduler_i/n804  0.000000       0.003021       -0.003021 (VIOLATED)
   frfcfs_scheduler_i/n817  0.000000       0.003021       -0.003021 (VIOLATED)
   frfcfs_scheduler_i/n832  0.000000       0.003021       -0.003021 (VIOLATED)
   frfcfs_scheduler_i/n845  0.000000       0.003021       -0.003021 (VIOLATED)
   frfcfs_scheduler_i/n860  0.000000       0.003021       -0.003021 (VIOLATED)
   frfcfs_scheduler_i/n873  0.000000       0.003021       -0.003021 (VIOLATED)
   frfcfs_scheduler_i/n888  0.000000       0.003021       -0.003021 (VIOLATED)
   frfcfs_scheduler_i/n901  0.000000       0.003021       -0.003021 (VIOLATED)
   frfcfs_scheduler_i/n917  0.000000       0.003021       -0.003021 (VIOLATED)
   frfcfs_scheduler_i/n930  0.000000       0.003021       -0.003021 (VIOLATED)
   frfcfs_scheduler_i/n946  0.000000       0.003021       -0.003021 (VIOLATED)
   frfcfs_scheduler_i/n959  0.000000       0.003021       -0.003021 (VIOLATED)
   frfcfs_scheduler_i/n974  0.000000       0.003021       -0.003021 (VIOLATED)
   frfcfs_scheduler_i/n987  0.000000       0.003021       -0.003021 (VIOLATED)
   frfcfs_scheduler_i/n1002 0.000000       0.003021       -0.003021 (VIOLATED)
   frfcfs_scheduler_i/n1015 0.000000       0.003021       -0.003021 (VIOLATED)
   frfcfs_scheduler_i/n1030 0.000000       0.003021       -0.003021 (VIOLATED)
   frfcfs_scheduler_i/n1043 0.000000       0.003021       -0.003021 (VIOLATED)
   frfcfs_scheduler_i/n1058 0.000000       0.003021       -0.003021 (VIOLATED)
   frfcfs_scheduler_i/n1071 0.000000       0.003021       -0.003021 (VIOLATED)
   frfcfs_scheduler_i/n1086 0.000000       0.003021       -0.003021 (VIOLATED)
   frfcfs_scheduler_i/n1099 0.000000       0.003021       -0.003021 (VIOLATED)
   frfcfs_scheduler_i/n1114 0.000000       0.003021       -0.003021 (VIOLATED)
   frfcfs_scheduler_i/n1129 0.000000       0.003021       -0.003021 (VIOLATED)
   frfcfs_scheduler_i/n1140 0.000000       0.003021       -0.003021 (VIOLATED)
   n1505                    0.000000       0.003021       -0.003021 (VIOLATED)
   n1532                    0.000000       0.003021       -0.003021 (VIOLATED)
   n1559                    0.000000       0.003021       -0.003021 (VIOLATED)
   n1586                    0.000000       0.003021       -0.003021 (VIOLATED)
   n1613                    0.000000       0.003021       -0.003021 (VIOLATED)
   n1640                    0.000000       0.003021       -0.003021 (VIOLATED)
   n1669                    0.000000       0.003021       -0.003021 (VIOLATED)
   n1698                    0.000000       0.003021       -0.003021 (VIOLATED)
   n1727                    0.000000       0.003021       -0.003021 (VIOLATED)
   n1754                    0.000000       0.003021       -0.003021 (VIOLATED)
   n1781                    0.000000       0.003021       -0.003021 (VIOLATED)
   n1808                    0.000000       0.003021       -0.003021 (VIOLATED)
   n1835                    0.000000       0.003021       -0.003021 (VIOLATED)
   n1862                    0.000000       0.003021       -0.003021 (VIOLATED)
   n1889                    0.000000       0.003021       -0.003021 (VIOLATED)
   n1916                    0.000000       0.003021       -0.003021 (VIOLATED)
   n1943                    0.000000       0.003021       -0.003021 (VIOLATED)
   n1970                    0.000000       0.003021       -0.003021 (VIOLATED)
   n1997                    0.000000       0.003021       -0.003021 (VIOLATED)
   n2024                    0.000000       0.003021       -0.003021 (VIOLATED)
   n2051                    0.000000       0.003021       -0.003021 (VIOLATED)
   n2078                    0.000000       0.003021       -0.003021 (VIOLATED)
   n2105                    0.000000       0.003021       -0.003021 (VIOLATED)
   n2132                    0.000000       0.003021       -0.003021 (VIOLATED)
   n2159                    0.000000       0.003021       -0.003021 (VIOLATED)
   n2186                    0.000000       0.003021       -0.003021 (VIOLATED)
   n2213                    0.000000       0.003021       -0.003021 (VIOLATED)
   n2240                    0.000000       0.003021       -0.003021 (VIOLATED)
   n2267                    0.000000       0.003021       -0.003021 (VIOLATED)
   n2294                    0.000000       0.003021       -0.003021 (VIOLATED)
   n2321                    0.000000       0.003021       -0.003021 (VIOLATED)
   n2348                    0.000000       0.003021       -0.003021 (VIOLATED)
   n2375                    0.000000       0.003021       -0.003021 (VIOLATED)
   n2402                    0.000000       0.003021       -0.003021 (VIOLATED)
   n2429                    0.000000       0.003021       -0.003021 (VIOLATED)
   n2456                    0.000000       0.003021       -0.003021 (VIOLATED)
   n2483                    0.000000       0.003021       -0.003021 (VIOLATED)
   n2510                    0.000000       0.003021       -0.003021 (VIOLATED)
   n2537                    0.000000       0.003021       -0.003021 (VIOLATED)
   n2564                    0.000000       0.003021       -0.003021 (VIOLATED)
   n2591                    0.000000       0.003021       -0.003021 (VIOLATED)
   n2618                    0.000000       0.003021       -0.003021 (VIOLATED)
   n2645                    0.000000       0.003021       -0.003021 (VIOLATED)
   n2672                    0.000000       0.003021       -0.003021 (VIOLATED)
   n2699                    0.000000       0.003021       -0.003021 (VIOLATED)
   n2726                    0.000000       0.003021       -0.003021 (VIOLATED)
   n2753                    0.000000       0.003021       -0.003021 (VIOLATED)
   n2780                    0.000000       0.003021       -0.003021 (VIOLATED)
   n2807                    0.000000       0.003021       -0.003021 (VIOLATED)
   n2834                    0.000000       0.003021       -0.003021 (VIOLATED)
   n2861                    0.000000       0.003021       -0.003021 (VIOLATED)
   n2888                    0.000000       0.003021       -0.003021 (VIOLATED)
   n2915                    0.000000       0.003021       -0.003021 (VIOLATED)
   n2942                    0.000000       0.003021       -0.003021 (VIOLATED)
   n2969                    0.000000       0.003021       -0.003021 (VIOLATED)
   n2996                    0.000000       0.003021       -0.003021 (VIOLATED)
   n3023                    0.000000       0.003021       -0.003021 (VIOLATED)
   n3050                    0.000000       0.003021       -0.003021 (VIOLATED)
   n3077                    0.000000       0.003021       -0.003021 (VIOLATED)
   n3104                    0.000000       0.003021       -0.003021 (VIOLATED)
   n3131                    0.000000       0.003021       -0.003021 (VIOLATED)
   n3158                    0.000000       0.003021       -0.003021 (VIOLATED)
   n3187                    0.000000       0.003021       -0.003021 (VIOLATED)
   n3214                    0.000000       0.003021       -0.003021 (VIOLATED)
   n3241                    0.000000       0.003021       -0.003021 (VIOLATED)
   n3268                    0.000000       0.003021       -0.003021 (VIOLATED)
   n3295                    0.000000       0.003021       -0.003021 (VIOLATED)
   n3322                    0.000000       0.003021       -0.003021 (VIOLATED)
   n3349                    0.000000       0.003021       -0.003021 (VIOLATED)
   n3376                    0.000000       0.003021       -0.003021 (VIOLATED)
   n3405                    0.000000       0.003021       -0.003021 (VIOLATED)
   n3434                    0.000000       0.003021       -0.003021 (VIOLATED)
   n3461                    0.000000       0.003021       -0.003021 (VIOLATED)
   n3488                    0.000000       0.003021       -0.003021 (VIOLATED)
   n3515                    0.000000       0.003021       -0.003021 (VIOLATED)
   n3542                    0.000000       0.003021       -0.003021 (VIOLATED)
   n3569                    0.000000       0.003021       -0.003021 (VIOLATED)
   n3596                    0.000000       0.003021       -0.003021 (VIOLATED)
   n3623                    0.000000       0.003021       -0.003021 (VIOLATED)
   n3652                    0.000000       0.003021       -0.003021 (VIOLATED)
   n3681                    0.000000       0.003021       -0.003021 (VIOLATED)
   n3708                    0.000000       0.003021       -0.003021 (VIOLATED)
   n3735                    0.000000       0.003021       -0.003021 (VIOLATED)
   n3762                    0.000000       0.003021       -0.003021 (VIOLATED)
   n3789                    0.000000       0.003021       -0.003021 (VIOLATED)
   n3816                    0.000000       0.003021       -0.003021 (VIOLATED)
   n3843                    0.000000       0.003021       -0.003021 (VIOLATED)
   n3870                    0.000000       0.003021       -0.003021 (VIOLATED)
   n3897                    0.000000       0.003021       -0.003021 (VIOLATED)
   n3924                    0.000000       0.003021       -0.003021 (VIOLATED)
   n3951                    0.000000       0.003021       -0.003021 (VIOLATED)
   n3978                    0.000000       0.003021       -0.003021 (VIOLATED)
   n4005                    0.000000       0.003021       -0.003021 (VIOLATED)
   n4032                    0.000000       0.003021       -0.003021 (VIOLATED)
   n4059                    0.000000       0.003021       -0.003021 (VIOLATED)
   n4086                    0.000000       0.003021       -0.003021 (VIOLATED)
   n4113                    0.000000       0.003021       -0.003021 (VIOLATED)
   n4140                    0.000000       0.003021       -0.003021 (VIOLATED)
   n4167                    0.000000       0.003021       -0.003021 (VIOLATED)
   n4194                    0.000000       0.003021       -0.003021 (VIOLATED)
   n4221                    0.000000       0.003021       -0.003021 (VIOLATED)
   n4248                    0.000000       0.003021       -0.003021 (VIOLATED)
   n4275                    0.000000       0.003021       -0.003021 (VIOLATED)
   n4302                    0.000000       0.003021       -0.003021 (VIOLATED)
   n4329                    0.000000       0.003021       -0.003021 (VIOLATED)
   n4356                    0.000000       0.003021       -0.003021 (VIOLATED)
   n4383                    0.000000       0.003021       -0.003021 (VIOLATED)
   n4410                    0.000000       0.003021       -0.003021 (VIOLATED)
   n4439                    0.000000       0.003021       -0.003021 (VIOLATED)
   n4468                    0.000000       0.003021       -0.003021 (VIOLATED)
   n4495                    0.000000       0.003021       -0.003021 (VIOLATED)
   n4522                    0.000000       0.003021       -0.003021 (VIOLATED)
   n4549                    0.000000       0.003021       -0.003021 (VIOLATED)
   n4576                    0.000000       0.003021       -0.003021 (VIOLATED)
   n4603                    0.000000       0.003021       -0.003021 (VIOLATED)
   n4630                    0.000000       0.003021       -0.003021 (VIOLATED)
   n4657                    0.000000       0.003021       -0.003021 (VIOLATED)
   n4684                    0.000000       0.003021       -0.003021 (VIOLATED)
   n4713                    0.000000       0.003021       -0.003021 (VIOLATED)
   n4740                    0.000000       0.003021       -0.003021 (VIOLATED)
   response_i/n692          0.000000       0.003021       -0.003021 (VIOLATED)
   response_i/n885          0.000000       0.003021       -0.003021 (VIOLATED)
   response_i/n903          0.000000       0.003021       -0.003021 (VIOLATED)
   response_i/n915          0.000000       0.003021       -0.003021 (VIOLATED)
   response_i/n937          0.000000       0.003021       -0.003021 (VIOLATED)
   response_i/n950          0.000000       0.003021       -0.003021 (VIOLATED)
   response_i/n964          0.000000       0.003021       -0.003021 (VIOLATED)
   response_i/n977          0.000000       0.003021       -0.003021 (VIOLATED)
   response_i/n991          0.000000       0.003021       -0.003021 (VIOLATED)
   response_i/n1004         0.000000       0.003021       -0.003021 (VIOLATED)
   response_i/n1019         0.000000       0.003021       -0.003021 (VIOLATED)
   response_i/n1032         0.000000       0.003021       -0.003021 (VIOLATED)
   response_i/n1046         0.000000       0.003021       -0.003021 (VIOLATED)
   response_i/n1059         0.000000       0.003021       -0.003021 (VIOLATED)
   response_i/n1073         0.000000       0.003021       -0.003021 (VIOLATED)
   response_i/n1086         0.000000       0.003021       -0.003021 (VIOLATED)
   response_i/n1100         0.000000       0.003021       -0.003021 (VIOLATED)
   response_i/n1113         0.000000       0.003021       -0.003021 (VIOLATED)
   response_i/n1126         0.000000       0.003021       -0.003021 (VIOLATED)
   response_i/n1138         0.000000       0.003021       -0.003021 (VIOLATED)
   response_i/n1157         0.000000       0.003021       -0.003021 (VIOLATED)
   response_i/n1170         0.000000       0.003021       -0.003021 (VIOLATED)
   response_i/n1183         0.000000       0.003021       -0.003021 (VIOLATED)
   response_i/n1196         0.000000       0.003021       -0.003021 (VIOLATED)
   response_i/n1209         0.000000       0.003021       -0.003021 (VIOLATED)
   response_i/n1222         0.000000       0.003021       -0.003021 (VIOLATED)
   response_i/n1234         0.000000       0.003021       -0.003021 (VIOLATED)
   response_i/n1247         0.000000       0.003021       -0.003021 (VIOLATED)
   response_i/n1260         0.000000       0.003021       -0.003021 (VIOLATED)
   response_i/n1272         0.000000       0.003021       -0.003021 (VIOLATED)
   response_i/n1285         0.000000       0.003021       -0.003021 (VIOLATED)
   response_i/n1298         0.000000       0.003021       -0.003021 (VIOLATED)
   response_i/n1312         0.000000       0.003021       -0.003021 (VIOLATED)
   response_i/n1324         0.000000       0.003021       -0.003021 (VIOLATED)
   candidates_i/n1082       0.000000       0.002961       -0.002961 (VIOLATED)
   candidates_i/n1122       0.000000       0.002961       -0.002961 (VIOLATED)
   candidates_i/n1215       0.000000       0.002961       -0.002961 (VIOLATED)
   candidates_i/n1219       0.000000       0.002961       -0.002961 (VIOLATED)
   candidates_i/n1233       0.000000       0.002961       -0.002961 (VIOLATED)
   candidates_i/n1251       0.000000       0.002961       -0.002961 (VIOLATED)
   candidates_i/n1254       0.000000       0.002961       -0.002961 (VIOLATED)
   candidates_i/n1475       0.000000       0.002961       -0.002961 (VIOLATED)
   candidates_i/n1519       0.000000       0.002961       -0.002961 (VIOLATED)
   candidates_i/n1537       0.000000       0.002961       -0.002961 (VIOLATED)
   candidates_i/n1540       0.000000       0.002961       -0.002961 (VIOLATED)
   candidates_i/n1750       0.000000       0.002961       -0.002961 (VIOLATED)
   candidates_i/n1809       0.000000       0.002961       -0.002961 (VIOLATED)
   candidates_i/n1827       0.000000       0.002961       -0.002961 (VIOLATED)
   candidates_i/n1830       0.000000       0.002961       -0.002961 (VIOLATED)
   candidates_i/n2052       0.000000       0.002961       -0.002961 (VIOLATED)
   candidates_i/n2095       0.000000       0.002961       -0.002961 (VIOLATED)
   candidates_i/n2113       0.000000       0.002961       -0.002961 (VIOLATED)
   candidates_i/n2116       0.000000       0.002961       -0.002961 (VIOLATED)
   candidates_i/n2327       0.000000       0.002961       -0.002961 (VIOLATED)
   candidates_i/n2350       0.000000       0.002961       -0.002961 (VIOLATED)
   candidates_i/n2353       0.000000       0.002961       -0.002961 (VIOLATED)
   candidates_i/n2362       0.000000       0.002961       -0.002961 (VIOLATED)
   candidates_i/n2365       0.000000       0.002961       -0.002961 (VIOLATED)
   candidates_i/n2367       0.000000       0.002961       -0.002961 (VIOLATED)
   candidates_i/n2377       0.000000       0.002961       -0.002961 (VIOLATED)
   candidates_i/n2380       0.000000       0.002961       -0.002961 (VIOLATED)
   candidates_i/n2389       0.000000       0.002961       -0.002961 (VIOLATED)
   candidates_i/n2392       0.000000       0.002961       -0.002961 (VIOLATED)
   candidates_i/n2406       0.000000       0.002961       -0.002961 (VIOLATED)
   candidates_i/n2419       0.000000       0.002961       -0.002961 (VIOLATED)
   candidates_i/n2422       0.000000       0.002961       -0.002961 (VIOLATED)
   candidates_i/n2424       0.000000       0.002961       -0.002961 (VIOLATED)
   candidates_i/n2434       0.000000       0.002961       -0.002961 (VIOLATED)
   candidates_i/n2447       0.000000       0.002961       -0.002961 (VIOLATED)
   candidates_i/n2450       0.000000       0.002961       -0.002961 (VIOLATED)
   candidates_i/n2468       0.000000       0.002961       -0.002961 (VIOLATED)
   candidates_i/n2481       0.000000       0.002961       -0.002961 (VIOLATED)
   candidates_i/n2484       0.000000       0.002961       -0.002961 (VIOLATED)
   candidates_i/n2486       0.000000       0.002961       -0.002961 (VIOLATED)
   candidates_i/n2496       0.000000       0.002961       -0.002961 (VIOLATED)
   candidates_i/n2509       0.000000       0.002961       -0.002961 (VIOLATED)
   candidates_i/n2512       0.000000       0.002961       -0.002961 (VIOLATED)
   candidates_i/n2514       0.000000       0.002961       -0.002961 (VIOLATED)
   candidates_i/n2524       0.000000       0.002961       -0.002961 (VIOLATED)
   candidates_i/n2537       0.000000       0.002961       -0.002961 (VIOLATED)
   candidates_i/n2540       0.000000       0.002961       -0.002961 (VIOLATED)
   candidates_i/n2552       0.000000       0.002961       -0.002961 (VIOLATED)
   candidates_i/n2565       0.000000       0.002961       -0.002961 (VIOLATED)
   candidates_i/n2568       0.000000       0.002961       -0.002961 (VIOLATED)
   candidates_i/n2570       0.000000       0.002961       -0.002961 (VIOLATED)
   candidates_i/n2585       0.000000       0.002961       -0.002961 (VIOLATED)
   candidates_i/n2598       0.000000       0.002961       -0.002961 (VIOLATED)
   candidates_i/n2601       0.000000       0.002961       -0.002961 (VIOLATED)
   candidates_i/n2603       0.000000       0.002961       -0.002961 (VIOLATED)
   candidates_i/n2613       0.000000       0.002961       -0.002961 (VIOLATED)
   candidates_i/n2626       0.000000       0.002961       -0.002961 (VIOLATED)
   candidates_i/n2629       0.000000       0.002961       -0.002961 (VIOLATED)
   candidates_i/n2631       0.000000       0.002961       -0.002961 (VIOLATED)
   candidates_i/n2643       0.000000       0.002961       -0.002961 (VIOLATED)
   candidates_i/n2646       0.000000       0.002961       -0.002961 (VIOLATED)
   candidates_i/n2655       0.000000       0.002961       -0.002961 (VIOLATED)
   candidates_i/n2658       0.000000       0.002961       -0.002961 (VIOLATED)
   candidates_i/n2660       0.000000       0.002961       -0.002961 (VIOLATED)
   candidates_i/n2670       0.000000       0.002961       -0.002961 (VIOLATED)
   candidates_i/n2683       0.000000       0.002961       -0.002961 (VIOLATED)
   candidates_i/n2686       0.000000       0.002961       -0.002961 (VIOLATED)
   candidates_i/n2688       0.000000       0.002961       -0.002961 (VIOLATED)
   candidates_i/n2703       0.000000       0.002961       -0.002961 (VIOLATED)
   candidates_i/n2706       0.000000       0.002961       -0.002961 (VIOLATED)
   candidates_i/n2715       0.000000       0.002961       -0.002961 (VIOLATED)
   candidates_i/n2718       0.000000       0.002961       -0.002961 (VIOLATED)
   candidates_i/n2720       0.000000       0.002961       -0.002961 (VIOLATED)
   candidates_i/n2730       0.000000       0.002961       -0.002961 (VIOLATED)
   candidates_i/n2733       0.000000       0.002961       -0.002961 (VIOLATED)
   candidates_i/n2742       0.000000       0.002961       -0.002961 (VIOLATED)
   candidates_i/n2745       0.000000       0.002961       -0.002961 (VIOLATED)
   candidates_i/n2757       0.000000       0.002961       -0.002961 (VIOLATED)
   candidates_i/n2770       0.000000       0.002961       -0.002961 (VIOLATED)
   candidates_i/n2773       0.000000       0.002961       -0.002961 (VIOLATED)
   candidates_i/n2785       0.000000       0.002961       -0.002961 (VIOLATED)
   candidates_i/n2798       0.000000       0.002961       -0.002961 (VIOLATED)
   candidates_i/n2801       0.000000       0.002961       -0.002961 (VIOLATED)
   candidates_i/n2906       0.000000       0.002961       -0.002961 (VIOLATED)
   candidates_i/n2924       0.000000       0.002961       -0.002961 (VIOLATED)
   candidates_i/n2942       0.000000       0.002961       -0.002961 (VIOLATED)
   candidates_i/n2960       0.000000       0.002961       -0.002961 (VIOLATED)
   candidates_i/n2978       0.000000       0.002961       -0.002961 (VIOLATED)
   candidates_i/n2996       0.000000       0.002961       -0.002961 (VIOLATED)
   candidates_i/n3014       0.000000       0.002961       -0.002961 (VIOLATED)
   candidates_i/n3032       0.000000       0.002961       -0.002961 (VIOLATED)
   candidates_i/n3050       0.000000       0.002961       -0.002961 (VIOLATED)
   candidates_i/n3068       0.000000       0.002961       -0.002961 (VIOLATED)
   candidates_i/n3086       0.000000       0.002961       -0.002961 (VIOLATED)
   candidates_i/n3104       0.000000       0.002961       -0.002961 (VIOLATED)
   candidates_i/n3122       0.000000       0.002961       -0.002961 (VIOLATED)
   candidates_i/n3140       0.000000       0.002961       -0.002961 (VIOLATED)
   candidates_i/n3158       0.000000       0.002961       -0.002961 (VIOLATED)
   candidates_i/n3176       0.000000       0.002961       -0.002961 (VIOLATED)
   frfcfs_scheduler_i/n606  0.000000       0.002961       -0.002961 (VIOLATED)
   frfcfs_scheduler_i/n681  0.000000       0.002961       -0.002961 (VIOLATED)
   frfcfs_scheduler_i/n706  0.000000       0.002961       -0.002961 (VIOLATED)
   frfcfs_scheduler_i/n709  0.000000       0.002961       -0.002961 (VIOLATED)
   frfcfs_scheduler_i/n723  0.000000       0.002961       -0.002961 (VIOLATED)
   frfcfs_scheduler_i/n735  0.000000       0.002961       -0.002961 (VIOLATED)
   frfcfs_scheduler_i/n738  0.000000       0.002961       -0.002961 (VIOLATED)
   frfcfs_scheduler_i/n751  0.000000       0.002961       -0.002961 (VIOLATED)
   frfcfs_scheduler_i/n763  0.000000       0.002961       -0.002961 (VIOLATED)
   frfcfs_scheduler_i/n766  0.000000       0.002961       -0.002961 (VIOLATED)
   frfcfs_scheduler_i/n779  0.000000       0.002961       -0.002961 (VIOLATED)
   frfcfs_scheduler_i/n791  0.000000       0.002961       -0.002961 (VIOLATED)
   frfcfs_scheduler_i/n794  0.000000       0.002961       -0.002961 (VIOLATED)
   frfcfs_scheduler_i/n808  0.000000       0.002961       -0.002961 (VIOLATED)
   frfcfs_scheduler_i/n820  0.000000       0.002961       -0.002961 (VIOLATED)
   frfcfs_scheduler_i/n823  0.000000       0.002961       -0.002961 (VIOLATED)
   frfcfs_scheduler_i/n836  0.000000       0.002961       -0.002961 (VIOLATED)
   frfcfs_scheduler_i/n848  0.000000       0.002961       -0.002961 (VIOLATED)
   frfcfs_scheduler_i/n851  0.000000       0.002961       -0.002961 (VIOLATED)
   frfcfs_scheduler_i/n864  0.000000       0.002961       -0.002961 (VIOLATED)
   frfcfs_scheduler_i/n876  0.000000       0.002961       -0.002961 (VIOLATED)
   frfcfs_scheduler_i/n879  0.000000       0.002961       -0.002961 (VIOLATED)
   frfcfs_scheduler_i/n892  0.000000       0.002961       -0.002961 (VIOLATED)
   frfcfs_scheduler_i/n904  0.000000       0.002961       -0.002961 (VIOLATED)
   frfcfs_scheduler_i/n907  0.000000       0.002961       -0.002961 (VIOLATED)
   frfcfs_scheduler_i/n921  0.000000       0.002961       -0.002961 (VIOLATED)
   frfcfs_scheduler_i/n933  0.000000       0.002961       -0.002961 (VIOLATED)
   frfcfs_scheduler_i/n936  0.000000       0.002961       -0.002961 (VIOLATED)
   frfcfs_scheduler_i/n950  0.000000       0.002961       -0.002961 (VIOLATED)
   frfcfs_scheduler_i/n962  0.000000       0.002961       -0.002961 (VIOLATED)
   frfcfs_scheduler_i/n965  0.000000       0.002961       -0.002961 (VIOLATED)
   frfcfs_scheduler_i/n978  0.000000       0.002961       -0.002961 (VIOLATED)
   frfcfs_scheduler_i/n990  0.000000       0.002961       -0.002961 (VIOLATED)
   frfcfs_scheduler_i/n993  0.000000       0.002961       -0.002961 (VIOLATED)
   frfcfs_scheduler_i/n1006 0.000000       0.002961       -0.002961 (VIOLATED)
   frfcfs_scheduler_i/n1018 0.000000       0.002961       -0.002961 (VIOLATED)
   frfcfs_scheduler_i/n1021 0.000000       0.002961       -0.002961 (VIOLATED)
   frfcfs_scheduler_i/n1034 0.000000       0.002961       -0.002961 (VIOLATED)
   frfcfs_scheduler_i/n1046 0.000000       0.002961       -0.002961 (VIOLATED)
   frfcfs_scheduler_i/n1049 0.000000       0.002961       -0.002961 (VIOLATED)
   frfcfs_scheduler_i/n1062 0.000000       0.002961       -0.002961 (VIOLATED)
   frfcfs_scheduler_i/n1074 0.000000       0.002961       -0.002961 (VIOLATED)
   frfcfs_scheduler_i/n1077 0.000000       0.002961       -0.002961 (VIOLATED)
   frfcfs_scheduler_i/n1090 0.000000       0.002961       -0.002961 (VIOLATED)
   frfcfs_scheduler_i/n1102 0.000000       0.002961       -0.002961 (VIOLATED)
   frfcfs_scheduler_i/n1105 0.000000       0.002961       -0.002961 (VIOLATED)
   frfcfs_scheduler_i/n1118 0.000000       0.002961       -0.002961 (VIOLATED)
   frfcfs_scheduler_i/n1132 0.000000       0.002961       -0.002961 (VIOLATED)
   frfcfs_scheduler_i/n1151 0.000000       0.002961       -0.002961 (VIOLATED)
   frfcfs_scheduler_i/n1188 0.000000       0.002961       -0.002961 (VIOLATED)
   frfcfs_scheduler_i/n1249 0.000000       0.002961       -0.002961 (VIOLATED)
   frfcfs_scheduler_i/n1285 0.000000       0.002961       -0.002961 (VIOLATED)
   frfcfs_scheduler_i/n1286 0.000000       0.002961       -0.002961 (VIOLATED)
   frfcfs_scheduler_i/n1287 0.000000       0.002961       -0.002961 (VIOLATED)
   frfcfs_scheduler_i/n1288 0.000000       0.002961       -0.002961 (VIOLATED)
   n1495                    0.000000       0.002961       -0.002961 (VIOLATED)
   n1524                    0.000000       0.002961       -0.002961 (VIOLATED)
   n1551                    0.000000       0.002961       -0.002961 (VIOLATED)
   n1578                    0.000000       0.002961       -0.002961 (VIOLATED)
   n1605                    0.000000       0.002961       -0.002961 (VIOLATED)
   n1632                    0.000000       0.002961       -0.002961 (VIOLATED)
   n1659                    0.000000       0.002961       -0.002961 (VIOLATED)
   n1688                    0.000000       0.002961       -0.002961 (VIOLATED)
   n1717                    0.000000       0.002961       -0.002961 (VIOLATED)
   n1746                    0.000000       0.002961       -0.002961 (VIOLATED)
   n1773                    0.000000       0.002961       -0.002961 (VIOLATED)
   n1800                    0.000000       0.002961       -0.002961 (VIOLATED)
   n1827                    0.000000       0.002961       -0.002961 (VIOLATED)
   n1854                    0.000000       0.002961       -0.002961 (VIOLATED)
   n1881                    0.000000       0.002961       -0.002961 (VIOLATED)
   n1908                    0.000000       0.002961       -0.002961 (VIOLATED)
   n1935                    0.000000       0.002961       -0.002961 (VIOLATED)
   n1962                    0.000000       0.002961       -0.002961 (VIOLATED)
   n1989                    0.000000       0.002961       -0.002961 (VIOLATED)
   n2016                    0.000000       0.002961       -0.002961 (VIOLATED)
   n2043                    0.000000       0.002961       -0.002961 (VIOLATED)
   n2070                    0.000000       0.002961       -0.002961 (VIOLATED)
   n2097                    0.000000       0.002961       -0.002961 (VIOLATED)
   n2124                    0.000000       0.002961       -0.002961 (VIOLATED)
   n2151                    0.000000       0.002961       -0.002961 (VIOLATED)
   n2178                    0.000000       0.002961       -0.002961 (VIOLATED)
   n2205                    0.000000       0.002961       -0.002961 (VIOLATED)
   n2232                    0.000000       0.002961       -0.002961 (VIOLATED)
   n2259                    0.000000       0.002961       -0.002961 (VIOLATED)
   n2286                    0.000000       0.002961       -0.002961 (VIOLATED)
   n2313                    0.000000       0.002961       -0.002961 (VIOLATED)
   n2340                    0.000000       0.002961       -0.002961 (VIOLATED)
   n2367                    0.000000       0.002961       -0.002961 (VIOLATED)
   n2394                    0.000000       0.002961       -0.002961 (VIOLATED)
   n2421                    0.000000       0.002961       -0.002961 (VIOLATED)
   n2448                    0.000000       0.002961       -0.002961 (VIOLATED)
   n2475                    0.000000       0.002961       -0.002961 (VIOLATED)
   n2502                    0.000000       0.002961       -0.002961 (VIOLATED)
   n2529                    0.000000       0.002961       -0.002961 (VIOLATED)
   n2556                    0.000000       0.002961       -0.002961 (VIOLATED)
   n2583                    0.000000       0.002961       -0.002961 (VIOLATED)
   n2610                    0.000000       0.002961       -0.002961 (VIOLATED)
   n2637                    0.000000       0.002961       -0.002961 (VIOLATED)
   n2664                    0.000000       0.002961       -0.002961 (VIOLATED)
   n2691                    0.000000       0.002961       -0.002961 (VIOLATED)
   n2718                    0.000000       0.002961       -0.002961 (VIOLATED)
   n2745                    0.000000       0.002961       -0.002961 (VIOLATED)
   n2772                    0.000000       0.002961       -0.002961 (VIOLATED)
   n2799                    0.000000       0.002961       -0.002961 (VIOLATED)
   n2826                    0.000000       0.002961       -0.002961 (VIOLATED)
   n2853                    0.000000       0.002961       -0.002961 (VIOLATED)
   n2880                    0.000000       0.002961       -0.002961 (VIOLATED)
   n2907                    0.000000       0.002961       -0.002961 (VIOLATED)
   n2934                    0.000000       0.002961       -0.002961 (VIOLATED)
   n2961                    0.000000       0.002961       -0.002961 (VIOLATED)
   n2988                    0.000000       0.002961       -0.002961 (VIOLATED)
   n3015                    0.000000       0.002961       -0.002961 (VIOLATED)
   n3042                    0.000000       0.002961       -0.002961 (VIOLATED)
   n3069                    0.000000       0.002961       -0.002961 (VIOLATED)
   n3096                    0.000000       0.002961       -0.002961 (VIOLATED)
   n3123                    0.000000       0.002961       -0.002961 (VIOLATED)
   n3150                    0.000000       0.002961       -0.002961 (VIOLATED)
   n3177                    0.000000       0.002961       -0.002961 (VIOLATED)
   n3206                    0.000000       0.002961       -0.002961 (VIOLATED)
   n3233                    0.000000       0.002961       -0.002961 (VIOLATED)
   n3260                    0.000000       0.002961       -0.002961 (VIOLATED)
   n3287                    0.000000       0.002961       -0.002961 (VIOLATED)
   n3314                    0.000000       0.002961       -0.002961 (VIOLATED)
   n3341                    0.000000       0.002961       -0.002961 (VIOLATED)
   n3368                    0.000000       0.002961       -0.002961 (VIOLATED)
   n3395                    0.000000       0.002961       -0.002961 (VIOLATED)
   n3424                    0.000000       0.002961       -0.002961 (VIOLATED)
   n3453                    0.000000       0.002961       -0.002961 (VIOLATED)
   n3480                    0.000000       0.002961       -0.002961 (VIOLATED)
   n3507                    0.000000       0.002961       -0.002961 (VIOLATED)
   n3534                    0.000000       0.002961       -0.002961 (VIOLATED)
   n3561                    0.000000       0.002961       -0.002961 (VIOLATED)
   n3588                    0.000000       0.002961       -0.002961 (VIOLATED)
   n3615                    0.000000       0.002961       -0.002961 (VIOLATED)
   n3642                    0.000000       0.002961       -0.002961 (VIOLATED)
   n3671                    0.000000       0.002961       -0.002961 (VIOLATED)
   n3700                    0.000000       0.002961       -0.002961 (VIOLATED)
   n3727                    0.000000       0.002961       -0.002961 (VIOLATED)
   n3754                    0.000000       0.002961       -0.002961 (VIOLATED)
   n3781                    0.000000       0.002961       -0.002961 (VIOLATED)
   n3808                    0.000000       0.002961       -0.002961 (VIOLATED)
   n3835                    0.000000       0.002961       -0.002961 (VIOLATED)
   n3862                    0.000000       0.002961       -0.002961 (VIOLATED)
   n3889                    0.000000       0.002961       -0.002961 (VIOLATED)
   n3916                    0.000000       0.002961       -0.002961 (VIOLATED)
   n3943                    0.000000       0.002961       -0.002961 (VIOLATED)
   n3970                    0.000000       0.002961       -0.002961 (VIOLATED)
   n3997                    0.000000       0.002961       -0.002961 (VIOLATED)
   n4024                    0.000000       0.002961       -0.002961 (VIOLATED)
   n4051                    0.000000       0.002961       -0.002961 (VIOLATED)
   n4078                    0.000000       0.002961       -0.002961 (VIOLATED)
   n4105                    0.000000       0.002961       -0.002961 (VIOLATED)
   n4132                    0.000000       0.002961       -0.002961 (VIOLATED)
   n4159                    0.000000       0.002961       -0.002961 (VIOLATED)
   n4186                    0.000000       0.002961       -0.002961 (VIOLATED)
   n4213                    0.000000       0.002961       -0.002961 (VIOLATED)
   n4240                    0.000000       0.002961       -0.002961 (VIOLATED)
   n4267                    0.000000       0.002961       -0.002961 (VIOLATED)
   n4294                    0.000000       0.002961       -0.002961 (VIOLATED)
   n4321                    0.000000       0.002961       -0.002961 (VIOLATED)
   n4348                    0.000000       0.002961       -0.002961 (VIOLATED)
   n4375                    0.000000       0.002961       -0.002961 (VIOLATED)
   n4402                    0.000000       0.002961       -0.002961 (VIOLATED)
   n4429                    0.000000       0.002961       -0.002961 (VIOLATED)
   n4458                    0.000000       0.002961       -0.002961 (VIOLATED)
   n4487                    0.000000       0.002961       -0.002961 (VIOLATED)
   n4514                    0.000000       0.002961       -0.002961 (VIOLATED)
   n4541                    0.000000       0.002961       -0.002961 (VIOLATED)
   n4568                    0.000000       0.002961       -0.002961 (VIOLATED)
   n4595                    0.000000       0.002961       -0.002961 (VIOLATED)
   n4622                    0.000000       0.002961       -0.002961 (VIOLATED)
   n4649                    0.000000       0.002961       -0.002961 (VIOLATED)
   n4676                    0.000000       0.002961       -0.002961 (VIOLATED)
   n4703                    0.000000       0.002961       -0.002961 (VIOLATED)
   n4732                    0.000000       0.002961       -0.002961 (VIOLATED)
   response_i/n659          0.000000       0.002961       -0.002961 (VIOLATED)
   response_i/n662          0.000000       0.002961       -0.002961 (VIOLATED)
   response_i/n665          0.000000       0.002961       -0.002961 (VIOLATED)
   response_i/n668          0.000000       0.002961       -0.002961 (VIOLATED)
   response_i/n910          0.000000       0.002961       -0.002961 (VIOLATED)
   response_i/n913          0.000000       0.002961       -0.002961 (VIOLATED)
   response_i/n922          0.000000       0.002961       -0.002961 (VIOLATED)
   response_i/n944          0.000000       0.002961       -0.002961 (VIOLATED)
   response_i/n957          0.000000       0.002961       -0.002961 (VIOLATED)
   response_i/n971          0.000000       0.002961       -0.002961 (VIOLATED)
   response_i/n984          0.000000       0.002961       -0.002961 (VIOLATED)
   response_i/n985          0.000000       0.002961       -0.002961 (VIOLATED)
   response_i/n998          0.000000       0.002961       -0.002961 (VIOLATED)
   response_i/n1011         0.000000       0.002961       -0.002961 (VIOLATED)
   response_i/n1026         0.000000       0.002961       -0.002961 (VIOLATED)
   response_i/n1039         0.000000       0.002961       -0.002961 (VIOLATED)
   response_i/n1053         0.000000       0.002961       -0.002961 (VIOLATED)
   response_i/n1066         0.000000       0.002961       -0.002961 (VIOLATED)
   response_i/n1080         0.000000       0.002961       -0.002961 (VIOLATED)
   response_i/n1093         0.000000       0.002961       -0.002961 (VIOLATED)
   response_i/n1107         0.000000       0.002961       -0.002961 (VIOLATED)
   response_i/n1120         0.000000       0.002961       -0.002961 (VIOLATED)
   response_i/n1133         0.000000       0.002961       -0.002961 (VIOLATED)
   response_i/n1136         0.000000       0.002961       -0.002961 (VIOLATED)
   response_i/n1145         0.000000       0.002961       -0.002961 (VIOLATED)
   response_i/n1164         0.000000       0.002961       -0.002961 (VIOLATED)
   response_i/n1177         0.000000       0.002961       -0.002961 (VIOLATED)
   response_i/n1190         0.000000       0.002961       -0.002961 (VIOLATED)
   response_i/n1203         0.000000       0.002961       -0.002961 (VIOLATED)
   response_i/n1216         0.000000       0.002961       -0.002961 (VIOLATED)
   response_i/n1229         0.000000       0.002961       -0.002961 (VIOLATED)
   response_i/n1230         0.000000       0.002961       -0.002961 (VIOLATED)
   response_i/n1241         0.000000       0.002961       -0.002961 (VIOLATED)
   response_i/n1254         0.000000       0.002961       -0.002961 (VIOLATED)
   response_i/n1267         0.000000       0.002961       -0.002961 (VIOLATED)
   response_i/n1270         0.000000       0.002961       -0.002961 (VIOLATED)
   response_i/n1279         0.000000       0.002961       -0.002961 (VIOLATED)
   response_i/n1292         0.000000       0.002961       -0.002961 (VIOLATED)
   response_i/n1305         0.000000       0.002961       -0.002961 (VIOLATED)
   response_i/n1319         0.000000       0.002961       -0.002961 (VIOLATED)
   response_i/n1322         0.000000       0.002961       -0.002961 (VIOLATED)
   response_i/n1331         0.000000       0.002961       -0.002961 (VIOLATED)
   table_i/n1242            0.000000       0.002961       -0.002961 (VIOLATED)
   table_i/n1281            0.000000       0.002961       -0.002961 (VIOLATED)
   table_i/n1352            0.000000       0.002961       -0.002961 (VIOLATED)
   table_i/n1379            0.000000       0.002961       -0.002961 (VIOLATED)
   table_i/n1411            0.000000       0.002961       -0.002961 (VIOLATED)
   table_i/n1520            0.000000       0.002961       -0.002961 (VIOLATED)
   table_i/n1537            0.000000       0.002961       -0.002961 (VIOLATED)
   table_i/n1564            0.000000       0.002961       -0.002961 (VIOLATED)
   table_i/n1581            0.000000       0.002961       -0.002961 (VIOLATED)
   table_i/n1607            0.000000       0.002961       -0.002961 (VIOLATED)
   table_i/n1618            0.000000       0.002961       -0.002961 (VIOLATED)
   table_i/n1656            0.000000       0.002961       -0.002961 (VIOLATED)
   table_i/n1667            0.000000       0.002961       -0.002961 (VIOLATED)
   table_i/n1675            0.000000       0.002961       -0.002961 (VIOLATED)
   table_i/n1711            0.000000       0.002961       -0.002961 (VIOLATED)
   table_i/n1757            0.000000       0.002961       -0.002961 (VIOLATED)
   candidates_i/n2902       0.000000       0.002907       -0.002907 (VIOLATED)
   candidates_i/n2920       0.000000       0.002907       -0.002907 (VIOLATED)
   candidates_i/n2938       0.000000       0.002907       -0.002907 (VIOLATED)
   candidates_i/n2956       0.000000       0.002907       -0.002907 (VIOLATED)
   candidates_i/n2974       0.000000       0.002907       -0.002907 (VIOLATED)
   candidates_i/n2992       0.000000       0.002907       -0.002907 (VIOLATED)
   candidates_i/n3010       0.000000       0.002907       -0.002907 (VIOLATED)
   candidates_i/n3028       0.000000       0.002907       -0.002907 (VIOLATED)
   candidates_i/n3046       0.000000       0.002907       -0.002907 (VIOLATED)
   candidates_i/n3064       0.000000       0.002907       -0.002907 (VIOLATED)
   candidates_i/n3082       0.000000       0.002907       -0.002907 (VIOLATED)
   candidates_i/n3100       0.000000       0.002907       -0.002907 (VIOLATED)
   candidates_i/n3118       0.000000       0.002907       -0.002907 (VIOLATED)
   candidates_i/n3136       0.000000       0.002907       -0.002907 (VIOLATED)
   candidates_i/n3154       0.000000       0.002907       -0.002907 (VIOLATED)
   candidates_i/n3172       0.000000       0.002907       -0.002907 (VIOLATED)
   n1491                    0.000000       0.002907       -0.002907 (VIOLATED)
   n1520                    0.000000       0.002907       -0.002907 (VIOLATED)
   n1547                    0.000000       0.002907       -0.002907 (VIOLATED)
   n1574                    0.000000       0.002907       -0.002907 (VIOLATED)
   n1601                    0.000000       0.002907       -0.002907 (VIOLATED)
   n1628                    0.000000       0.002907       -0.002907 (VIOLATED)
   n1655                    0.000000       0.002907       -0.002907 (VIOLATED)
   n1684                    0.000000       0.002907       -0.002907 (VIOLATED)
   n1713                    0.000000       0.002907       -0.002907 (VIOLATED)
   n1742                    0.000000       0.002907       -0.002907 (VIOLATED)
   n1769                    0.000000       0.002907       -0.002907 (VIOLATED)
   n1796                    0.000000       0.002907       -0.002907 (VIOLATED)
   n1823                    0.000000       0.002907       -0.002907 (VIOLATED)
   n1850                    0.000000       0.002907       -0.002907 (VIOLATED)
   n1877                    0.000000       0.002907       -0.002907 (VIOLATED)
   n1904                    0.000000       0.002907       -0.002907 (VIOLATED)
   n1931                    0.000000       0.002907       -0.002907 (VIOLATED)
   n1958                    0.000000       0.002907       -0.002907 (VIOLATED)
   n1985                    0.000000       0.002907       -0.002907 (VIOLATED)
   n2012                    0.000000       0.002907       -0.002907 (VIOLATED)
   n2039                    0.000000       0.002907       -0.002907 (VIOLATED)
   n2066                    0.000000       0.002907       -0.002907 (VIOLATED)
   n2093                    0.000000       0.002907       -0.002907 (VIOLATED)
   n2120                    0.000000       0.002907       -0.002907 (VIOLATED)
   n2147                    0.000000       0.002907       -0.002907 (VIOLATED)
   n2174                    0.000000       0.002907       -0.002907 (VIOLATED)
   n2201                    0.000000       0.002907       -0.002907 (VIOLATED)
   n2228                    0.000000       0.002907       -0.002907 (VIOLATED)
   n2255                    0.000000       0.002907       -0.002907 (VIOLATED)
   n2282                    0.000000       0.002907       -0.002907 (VIOLATED)
   n2309                    0.000000       0.002907       -0.002907 (VIOLATED)
   n2336                    0.000000       0.002907       -0.002907 (VIOLATED)
   n2363                    0.000000       0.002907       -0.002907 (VIOLATED)
   n2390                    0.000000       0.002907       -0.002907 (VIOLATED)
   n2417                    0.000000       0.002907       -0.002907 (VIOLATED)
   n2444                    0.000000       0.002907       -0.002907 (VIOLATED)
   n2471                    0.000000       0.002907       -0.002907 (VIOLATED)
   n2498                    0.000000       0.002907       -0.002907 (VIOLATED)
   n2525                    0.000000       0.002907       -0.002907 (VIOLATED)
   n2552                    0.000000       0.002907       -0.002907 (VIOLATED)
   n2579                    0.000000       0.002907       -0.002907 (VIOLATED)
   n2606                    0.000000       0.002907       -0.002907 (VIOLATED)
   n2633                    0.000000       0.002907       -0.002907 (VIOLATED)
   n2660                    0.000000       0.002907       -0.002907 (VIOLATED)
   n2687                    0.000000       0.002907       -0.002907 (VIOLATED)
   n2714                    0.000000       0.002907       -0.002907 (VIOLATED)
   n2741                    0.000000       0.002907       -0.002907 (VIOLATED)
   n2768                    0.000000       0.002907       -0.002907 (VIOLATED)
   n2795                    0.000000       0.002907       -0.002907 (VIOLATED)
   n2822                    0.000000       0.002907       -0.002907 (VIOLATED)
   n2849                    0.000000       0.002907       -0.002907 (VIOLATED)
   n2876                    0.000000       0.002907       -0.002907 (VIOLATED)
   n2903                    0.000000       0.002907       -0.002907 (VIOLATED)
   n2930                    0.000000       0.002907       -0.002907 (VIOLATED)
   n2957                    0.000000       0.002907       -0.002907 (VIOLATED)
   n2984                    0.000000       0.002907       -0.002907 (VIOLATED)
   n3011                    0.000000       0.002907       -0.002907 (VIOLATED)
   n3038                    0.000000       0.002907       -0.002907 (VIOLATED)
   n3065                    0.000000       0.002907       -0.002907 (VIOLATED)
   n3092                    0.000000       0.002907       -0.002907 (VIOLATED)
   n3119                    0.000000       0.002907       -0.002907 (VIOLATED)
   n3146                    0.000000       0.002907       -0.002907 (VIOLATED)
   n3173                    0.000000       0.002907       -0.002907 (VIOLATED)
   n3202                    0.000000       0.002907       -0.002907 (VIOLATED)
   n3229                    0.000000       0.002907       -0.002907 (VIOLATED)
   n3256                    0.000000       0.002907       -0.002907 (VIOLATED)
   n3283                    0.000000       0.002907       -0.002907 (VIOLATED)
   n3310                    0.000000       0.002907       -0.002907 (VIOLATED)
   n3337                    0.000000       0.002907       -0.002907 (VIOLATED)
   n3364                    0.000000       0.002907       -0.002907 (VIOLATED)
   n3391                    0.000000       0.002907       -0.002907 (VIOLATED)
   n3420                    0.000000       0.002907       -0.002907 (VIOLATED)
   n3449                    0.000000       0.002907       -0.002907 (VIOLATED)
   n3476                    0.000000       0.002907       -0.002907 (VIOLATED)
   n3503                    0.000000       0.002907       -0.002907 (VIOLATED)
   n3530                    0.000000       0.002907       -0.002907 (VIOLATED)
   n3557                    0.000000       0.002907       -0.002907 (VIOLATED)
   n3584                    0.000000       0.002907       -0.002907 (VIOLATED)
   n3611                    0.000000       0.002907       -0.002907 (VIOLATED)
   n3638                    0.000000       0.002907       -0.002907 (VIOLATED)
   n3667                    0.000000       0.002907       -0.002907 (VIOLATED)
   n3696                    0.000000       0.002907       -0.002907 (VIOLATED)
   n3723                    0.000000       0.002907       -0.002907 (VIOLATED)
   n3750                    0.000000       0.002907       -0.002907 (VIOLATED)
   n3777                    0.000000       0.002907       -0.002907 (VIOLATED)
   n3804                    0.000000       0.002907       -0.002907 (VIOLATED)
   n3831                    0.000000       0.002907       -0.002907 (VIOLATED)
   n3858                    0.000000       0.002907       -0.002907 (VIOLATED)
   n3885                    0.000000       0.002907       -0.002907 (VIOLATED)
   n3912                    0.000000       0.002907       -0.002907 (VIOLATED)
   n3939                    0.000000       0.002907       -0.002907 (VIOLATED)
   n3966                    0.000000       0.002907       -0.002907 (VIOLATED)
   n3993                    0.000000       0.002907       -0.002907 (VIOLATED)
   n4020                    0.000000       0.002907       -0.002907 (VIOLATED)
   n4047                    0.000000       0.002907       -0.002907 (VIOLATED)
   n4074                    0.000000       0.002907       -0.002907 (VIOLATED)
   n4101                    0.000000       0.002907       -0.002907 (VIOLATED)
   n4128                    0.000000       0.002907       -0.002907 (VIOLATED)
   n4155                    0.000000       0.002907       -0.002907 (VIOLATED)
   n4182                    0.000000       0.002907       -0.002907 (VIOLATED)
   n4209                    0.000000       0.002907       -0.002907 (VIOLATED)
   n4236                    0.000000       0.002907       -0.002907 (VIOLATED)
   n4263                    0.000000       0.002907       -0.002907 (VIOLATED)
   n4290                    0.000000       0.002907       -0.002907 (VIOLATED)
   n4317                    0.000000       0.002907       -0.002907 (VIOLATED)
   n4344                    0.000000       0.002907       -0.002907 (VIOLATED)
   n4371                    0.000000       0.002907       -0.002907 (VIOLATED)
   n4398                    0.000000       0.002907       -0.002907 (VIOLATED)
   n4425                    0.000000       0.002907       -0.002907 (VIOLATED)
   n4454                    0.000000       0.002907       -0.002907 (VIOLATED)
   n4483                    0.000000       0.002907       -0.002907 (VIOLATED)
   n4510                    0.000000       0.002907       -0.002907 (VIOLATED)
   n4537                    0.000000       0.002907       -0.002907 (VIOLATED)
   n4564                    0.000000       0.002907       -0.002907 (VIOLATED)
   n4591                    0.000000       0.002907       -0.002907 (VIOLATED)
   n4618                    0.000000       0.002907       -0.002907 (VIOLATED)
   n4645                    0.000000       0.002907       -0.002907 (VIOLATED)
   n4672                    0.000000       0.002907       -0.002907 (VIOLATED)
   n4699                    0.000000       0.002907       -0.002907 (VIOLATED)
   n4728                    0.000000       0.002907       -0.002907 (VIOLATED)
   candidates_i/N1319       0.000000       0.002878       -0.002878 (VIOLATED)
   candidates_i/N1392       0.000000       0.002878       -0.002878 (VIOLATED)
   candidates_i/N1465       0.000000       0.002878       -0.002878 (VIOLATED)
   candidates_i/N1538       0.000000       0.002878       -0.002878 (VIOLATED)
   candidates_i/N1611       0.000000       0.002878       -0.002878 (VIOLATED)
   candidates_i/N1684       0.000000       0.002878       -0.002878 (VIOLATED)
   candidates_i/N1757       0.000000       0.002878       -0.002878 (VIOLATED)
   candidates_i/N1830       0.000000       0.002878       -0.002878 (VIOLATED)
   candidates_i/N1903       0.000000       0.002878       -0.002878 (VIOLATED)
   candidates_i/N1976       0.000000       0.002878       -0.002878 (VIOLATED)
   candidates_i/N2049       0.000000       0.002878       -0.002878 (VIOLATED)
   candidates_i/N2122       0.000000       0.002878       -0.002878 (VIOLATED)
   candidates_i/N2195       0.000000       0.002878       -0.002878 (VIOLATED)
   candidates_i/N2268       0.000000       0.002878       -0.002878 (VIOLATED)
   candidates_i/N2341       0.000000       0.002878       -0.002878 (VIOLATED)
   candidates_i/N2414       0.000000       0.002878       -0.002878 (VIOLATED)
   candidates_i/n1226       0.000000       0.002878       -0.002878 (VIOLATED)
   candidates_i/n1802       0.000000       0.002878       -0.002878 (VIOLATED)
   candidates_i/n2903       0.000000       0.002878       -0.002878 (VIOLATED)
   candidates_i/n2921       0.000000       0.002878       -0.002878 (VIOLATED)
   candidates_i/n2939       0.000000       0.002878       -0.002878 (VIOLATED)
   candidates_i/n2957       0.000000       0.002878       -0.002878 (VIOLATED)
   candidates_i/n2975       0.000000       0.002878       -0.002878 (VIOLATED)
   candidates_i/n2993       0.000000       0.002878       -0.002878 (VIOLATED)
   candidates_i/n3011       0.000000       0.002878       -0.002878 (VIOLATED)
   candidates_i/n3029       0.000000       0.002878       -0.002878 (VIOLATED)
   candidates_i/n3047       0.000000       0.002878       -0.002878 (VIOLATED)
   candidates_i/n3065       0.000000       0.002878       -0.002878 (VIOLATED)
   candidates_i/n3083       0.000000       0.002878       -0.002878 (VIOLATED)
   candidates_i/n3101       0.000000       0.002878       -0.002878 (VIOLATED)
   candidates_i/n3119       0.000000       0.002878       -0.002878 (VIOLATED)
   candidates_i/n3137       0.000000       0.002878       -0.002878 (VIOLATED)
   candidates_i/n3155       0.000000       0.002878       -0.002878 (VIOLATED)
   candidates_i/n3173       0.000000       0.002878       -0.002878 (VIOLATED)
   n1492                    0.000000       0.002878       -0.002878 (VIOLATED)
   n1521                    0.000000       0.002878       -0.002878 (VIOLATED)
   n1548                    0.000000       0.002878       -0.002878 (VIOLATED)
   n1575                    0.000000       0.002878       -0.002878 (VIOLATED)
   n1602                    0.000000       0.002878       -0.002878 (VIOLATED)
   n1629                    0.000000       0.002878       -0.002878 (VIOLATED)
   n1656                    0.000000       0.002878       -0.002878 (VIOLATED)
   n1685                    0.000000       0.002878       -0.002878 (VIOLATED)
   n1714                    0.000000       0.002878       -0.002878 (VIOLATED)
   n1743                    0.000000       0.002878       -0.002878 (VIOLATED)
   n1770                    0.000000       0.002878       -0.002878 (VIOLATED)
   n1797                    0.000000       0.002878       -0.002878 (VIOLATED)
   n1824                    0.000000       0.002878       -0.002878 (VIOLATED)
   n1851                    0.000000       0.002878       -0.002878 (VIOLATED)
   n1878                    0.000000       0.002878       -0.002878 (VIOLATED)
   n1905                    0.000000       0.002878       -0.002878 (VIOLATED)
   n1932                    0.000000       0.002878       -0.002878 (VIOLATED)
   n1959                    0.000000       0.002878       -0.002878 (VIOLATED)
   n1986                    0.000000       0.002878       -0.002878 (VIOLATED)
   n2013                    0.000000       0.002878       -0.002878 (VIOLATED)
   n2040                    0.000000       0.002878       -0.002878 (VIOLATED)
   n2067                    0.000000       0.002878       -0.002878 (VIOLATED)
   n2094                    0.000000       0.002878       -0.002878 (VIOLATED)
   n2121                    0.000000       0.002878       -0.002878 (VIOLATED)
   n2148                    0.000000       0.002878       -0.002878 (VIOLATED)
   n2175                    0.000000       0.002878       -0.002878 (VIOLATED)
   n2202                    0.000000       0.002878       -0.002878 (VIOLATED)
   n2229                    0.000000       0.002878       -0.002878 (VIOLATED)
   n2256                    0.000000       0.002878       -0.002878 (VIOLATED)
   n2283                    0.000000       0.002878       -0.002878 (VIOLATED)
   n2310                    0.000000       0.002878       -0.002878 (VIOLATED)
   n2337                    0.000000       0.002878       -0.002878 (VIOLATED)
   n2364                    0.000000       0.002878       -0.002878 (VIOLATED)
   n2391                    0.000000       0.002878       -0.002878 (VIOLATED)
   n2418                    0.000000       0.002878       -0.002878 (VIOLATED)
   n2445                    0.000000       0.002878       -0.002878 (VIOLATED)
   n2472                    0.000000       0.002878       -0.002878 (VIOLATED)
   n2499                    0.000000       0.002878       -0.002878 (VIOLATED)
   n2526                    0.000000       0.002878       -0.002878 (VIOLATED)
   n2553                    0.000000       0.002878       -0.002878 (VIOLATED)
   n2580                    0.000000       0.002878       -0.002878 (VIOLATED)
   n2607                    0.000000       0.002878       -0.002878 (VIOLATED)
   n2634                    0.000000       0.002878       -0.002878 (VIOLATED)
   n2661                    0.000000       0.002878       -0.002878 (VIOLATED)
   n2688                    0.000000       0.002878       -0.002878 (VIOLATED)
   n2715                    0.000000       0.002878       -0.002878 (VIOLATED)
   n2742                    0.000000       0.002878       -0.002878 (VIOLATED)
   n2769                    0.000000       0.002878       -0.002878 (VIOLATED)
   n2796                    0.000000       0.002878       -0.002878 (VIOLATED)
   n2823                    0.000000       0.002878       -0.002878 (VIOLATED)
   n2850                    0.000000       0.002878       -0.002878 (VIOLATED)
   n2877                    0.000000       0.002878       -0.002878 (VIOLATED)
   n2904                    0.000000       0.002878       -0.002878 (VIOLATED)
   n2931                    0.000000       0.002878       -0.002878 (VIOLATED)
   n2958                    0.000000       0.002878       -0.002878 (VIOLATED)
   n2985                    0.000000       0.002878       -0.002878 (VIOLATED)
   n3012                    0.000000       0.002878       -0.002878 (VIOLATED)
   n3039                    0.000000       0.002878       -0.002878 (VIOLATED)
   n3066                    0.000000       0.002878       -0.002878 (VIOLATED)
   n3093                    0.000000       0.002878       -0.002878 (VIOLATED)
   n3120                    0.000000       0.002878       -0.002878 (VIOLATED)
   n3147                    0.000000       0.002878       -0.002878 (VIOLATED)
   n3174                    0.000000       0.002878       -0.002878 (VIOLATED)
   n3203                    0.000000       0.002878       -0.002878 (VIOLATED)
   n3230                    0.000000       0.002878       -0.002878 (VIOLATED)
   n3257                    0.000000       0.002878       -0.002878 (VIOLATED)
   n3284                    0.000000       0.002878       -0.002878 (VIOLATED)
   n3311                    0.000000       0.002878       -0.002878 (VIOLATED)
   n3338                    0.000000       0.002878       -0.002878 (VIOLATED)
   n3365                    0.000000       0.002878       -0.002878 (VIOLATED)
   n3392                    0.000000       0.002878       -0.002878 (VIOLATED)
   n3421                    0.000000       0.002878       -0.002878 (VIOLATED)
   n3450                    0.000000       0.002878       -0.002878 (VIOLATED)
   n3477                    0.000000       0.002878       -0.002878 (VIOLATED)
   n3504                    0.000000       0.002878       -0.002878 (VIOLATED)
   n3531                    0.000000       0.002878       -0.002878 (VIOLATED)
   n3558                    0.000000       0.002878       -0.002878 (VIOLATED)
   n3585                    0.000000       0.002878       -0.002878 (VIOLATED)
   n3612                    0.000000       0.002878       -0.002878 (VIOLATED)
   n3639                    0.000000       0.002878       -0.002878 (VIOLATED)
   n3668                    0.000000       0.002878       -0.002878 (VIOLATED)
   n3697                    0.000000       0.002878       -0.002878 (VIOLATED)
   n3724                    0.000000       0.002878       -0.002878 (VIOLATED)
   n3751                    0.000000       0.002878       -0.002878 (VIOLATED)
   n3778                    0.000000       0.002878       -0.002878 (VIOLATED)
   n3805                    0.000000       0.002878       -0.002878 (VIOLATED)
   n3832                    0.000000       0.002878       -0.002878 (VIOLATED)
   n3859                    0.000000       0.002878       -0.002878 (VIOLATED)
   n3886                    0.000000       0.002878       -0.002878 (VIOLATED)
   n3913                    0.000000       0.002878       -0.002878 (VIOLATED)
   n3940                    0.000000       0.002878       -0.002878 (VIOLATED)
   n3967                    0.000000       0.002878       -0.002878 (VIOLATED)
   n3994                    0.000000       0.002878       -0.002878 (VIOLATED)
   n4021                    0.000000       0.002878       -0.002878 (VIOLATED)
   n4048                    0.000000       0.002878       -0.002878 (VIOLATED)
   n4075                    0.000000       0.002878       -0.002878 (VIOLATED)
   n4102                    0.000000       0.002878       -0.002878 (VIOLATED)
   n4129                    0.000000       0.002878       -0.002878 (VIOLATED)
   n4156                    0.000000       0.002878       -0.002878 (VIOLATED)
   n4183                    0.000000       0.002878       -0.002878 (VIOLATED)
   n4210                    0.000000       0.002878       -0.002878 (VIOLATED)
   n4237                    0.000000       0.002878       -0.002878 (VIOLATED)
   n4264                    0.000000       0.002878       -0.002878 (VIOLATED)
   n4291                    0.000000       0.002878       -0.002878 (VIOLATED)
   n4318                    0.000000       0.002878       -0.002878 (VIOLATED)
   n4345                    0.000000       0.002878       -0.002878 (VIOLATED)
   n4372                    0.000000       0.002878       -0.002878 (VIOLATED)
   n4399                    0.000000       0.002878       -0.002878 (VIOLATED)
   n4426                    0.000000       0.002878       -0.002878 (VIOLATED)
   n4455                    0.000000       0.002878       -0.002878 (VIOLATED)
   n4484                    0.000000       0.002878       -0.002878 (VIOLATED)
   n4511                    0.000000       0.002878       -0.002878 (VIOLATED)
   n4538                    0.000000       0.002878       -0.002878 (VIOLATED)
   n4565                    0.000000       0.002878       -0.002878 (VIOLATED)
   n4592                    0.000000       0.002878       -0.002878 (VIOLATED)
   n4619                    0.000000       0.002878       -0.002878 (VIOLATED)
   n4646                    0.000000       0.002878       -0.002878 (VIOLATED)
   n4673                    0.000000       0.002878       -0.002878 (VIOLATED)
   n4700                    0.000000       0.002878       -0.002878 (VIOLATED)
   n4729                    0.000000       0.002878       -0.002878 (VIOLATED)
   frfcfs_scheduler_i/n235  0.000000       0.002832       -0.002832 (VIOLATED)
   frfcfs_scheduler_i/n1253 0.000000       0.002832       -0.002832 (VIOLATED)
   frfcfs_scheduler_i/n1273 0.000000       0.002832       -0.002832 (VIOLATED)
   frfcfs_scheduler_i/n1357 0.000000       0.002832       -0.002832 (VIOLATED)
   response_i/n677          0.000000       0.002832       -0.002832 (VIOLATED)
   response_i/n679          0.000000       0.002832       -0.002832 (VIOLATED)
   candidates_i/N1514       0.000000       0.002832       -0.002832 (VIOLATED)
   candidates_i/N1660       0.000000       0.002832       -0.002832 (VIOLATED)
   candidates_i/N1734       0.000000       0.002832       -0.002832 (VIOLATED)
   candidates_i/N1952       0.000000       0.002832       -0.002832 (VIOLATED)
   candidates_i/N2026       0.000000       0.002832       -0.002832 (VIOLATED)
   candidates_i/N2173       0.000000       0.002832       -0.002832 (VIOLATED)
   candidates_i/N2392       0.000000       0.002832       -0.002832 (VIOLATED)
   candidates_i/n1081       0.000000       0.002832       -0.002832 (VIOLATED)
   candidates_i/n1102       0.000000       0.002832       -0.002832 (VIOLATED)
   candidates_i/n1121       0.000000       0.002832       -0.002832 (VIOLATED)
   candidates_i/n1142       0.000000       0.002832       -0.002832 (VIOLATED)
   candidates_i/n1164       0.000000       0.002832       -0.002832 (VIOLATED)
   candidates_i/n1185       0.000000       0.002832       -0.002832 (VIOLATED)
   candidates_i/n1206       0.000000       0.002832       -0.002832 (VIOLATED)
   candidates_i/n1237       0.000000       0.002832       -0.002832 (VIOLATED)
   candidates_i/n1243       0.000000       0.002832       -0.002832 (VIOLATED)
   candidates_i/n1250       0.000000       0.002832       -0.002832 (VIOLATED)
   candidates_i/n1268       0.000000       0.002832       -0.002832 (VIOLATED)
   candidates_i/n1273       0.000000       0.002832       -0.002832 (VIOLATED)
   candidates_i/n1282       0.000000       0.002832       -0.002832 (VIOLATED)
   candidates_i/n1287       0.000000       0.002832       -0.002832 (VIOLATED)
   candidates_i/n1294       0.000000       0.002832       -0.002832 (VIOLATED)
   candidates_i/n1299       0.000000       0.002832       -0.002832 (VIOLATED)
   candidates_i/n1307       0.000000       0.002832       -0.002832 (VIOLATED)
   candidates_i/n1312       0.000000       0.002832       -0.002832 (VIOLATED)
   candidates_i/n1319       0.000000       0.002832       -0.002832 (VIOLATED)
   candidates_i/n1325       0.000000       0.002832       -0.002832 (VIOLATED)
   candidates_i/n1333       0.000000       0.002832       -0.002832 (VIOLATED)
   candidates_i/n1338       0.000000       0.002832       -0.002832 (VIOLATED)
   candidates_i/n1345       0.000000       0.002832       -0.002832 (VIOLATED)
   candidates_i/n1351       0.000000       0.002832       -0.002832 (VIOLATED)
   candidates_i/n1359       0.000000       0.002832       -0.002832 (VIOLATED)
   candidates_i/n1364       0.000000       0.002832       -0.002832 (VIOLATED)
   candidates_i/n1371       0.000000       0.002832       -0.002832 (VIOLATED)
   candidates_i/n1377       0.000000       0.002832       -0.002832 (VIOLATED)
   candidates_i/n1385       0.000000       0.002832       -0.002832 (VIOLATED)
   candidates_i/n1390       0.000000       0.002832       -0.002832 (VIOLATED)
   candidates_i/n1397       0.000000       0.002832       -0.002832 (VIOLATED)
   candidates_i/n1403       0.000000       0.002832       -0.002832 (VIOLATED)
   candidates_i/n1411       0.000000       0.002832       -0.002832 (VIOLATED)
   candidates_i/n1416       0.000000       0.002832       -0.002832 (VIOLATED)
   candidates_i/n1423       0.000000       0.002832       -0.002832 (VIOLATED)
   candidates_i/n1429       0.000000       0.002832       -0.002832 (VIOLATED)
   candidates_i/n1441       0.000000       0.002832       -0.002832 (VIOLATED)
   candidates_i/n1454       0.000000       0.002832       -0.002832 (VIOLATED)
   candidates_i/n1474       0.000000       0.002832       -0.002832 (VIOLATED)
   candidates_i/n1498       0.000000       0.002832       -0.002832 (VIOLATED)
   candidates_i/n1510       0.000000       0.002832       -0.002832 (VIOLATED)
   candidates_i/n1523       0.000000       0.002832       -0.002832 (VIOLATED)
   candidates_i/n1529       0.000000       0.002832       -0.002832 (VIOLATED)
   candidates_i/n1536       0.000000       0.002832       -0.002832 (VIOLATED)
   candidates_i/n1554       0.000000       0.002832       -0.002832 (VIOLATED)
   candidates_i/n1559       0.000000       0.002832       -0.002832 (VIOLATED)
   candidates_i/n1568       0.000000       0.002832       -0.002832 (VIOLATED)
   candidates_i/n1573       0.000000       0.002832       -0.002832 (VIOLATED)
   candidates_i/n1580       0.000000       0.002832       -0.002832 (VIOLATED)
   candidates_i/n1585       0.000000       0.002832       -0.002832 (VIOLATED)
   candidates_i/n1593       0.000000       0.002832       -0.002832 (VIOLATED)
   candidates_i/n1598       0.000000       0.002832       -0.002832 (VIOLATED)
   candidates_i/n1605       0.000000       0.002832       -0.002832 (VIOLATED)
   candidates_i/n1611       0.000000       0.002832       -0.002832 (VIOLATED)
   candidates_i/n1619       0.000000       0.002832       -0.002832 (VIOLATED)
   candidates_i/n1624       0.000000       0.002832       -0.002832 (VIOLATED)
   candidates_i/n1631       0.000000       0.002832       -0.002832 (VIOLATED)
   candidates_i/n1637       0.000000       0.002832       -0.002832 (VIOLATED)
   candidates_i/n1645       0.000000       0.002832       -0.002832 (VIOLATED)
   candidates_i/n1650       0.000000       0.002832       -0.002832 (VIOLATED)
   candidates_i/n1657       0.000000       0.002832       -0.002832 (VIOLATED)
   candidates_i/n1663       0.000000       0.002832       -0.002832 (VIOLATED)
   candidates_i/n1671       0.000000       0.002832       -0.002832 (VIOLATED)
   candidates_i/n1676       0.000000       0.002832       -0.002832 (VIOLATED)
   candidates_i/n1683       0.000000       0.002832       -0.002832 (VIOLATED)
   candidates_i/n1689       0.000000       0.002832       -0.002832 (VIOLATED)
   candidates_i/n1697       0.000000       0.002832       -0.002832 (VIOLATED)
   candidates_i/n1702       0.000000       0.002832       -0.002832 (VIOLATED)
   candidates_i/n1709       0.000000       0.002832       -0.002832 (VIOLATED)
   candidates_i/n1715       0.000000       0.002832       -0.002832 (VIOLATED)
   candidates_i/n1721       0.000000       0.002832       -0.002832 (VIOLATED)
   candidates_i/n1726       0.000000       0.002832       -0.002832 (VIOLATED)
   candidates_i/n1731       0.000000       0.002832       -0.002832 (VIOLATED)
   candidates_i/n1733       0.000000       0.002832       -0.002832 (VIOLATED)
   candidates_i/n1734       0.000000       0.002832       -0.002832 (VIOLATED)
   candidates_i/n1736       0.000000       0.002832       -0.002832 (VIOLATED)
   candidates_i/n1743       0.000000       0.002832       -0.002832 (VIOLATED)
   candidates_i/n1745       0.000000       0.002832       -0.002832 (VIOLATED)
   candidates_i/n1746       0.000000       0.002832       -0.002832 (VIOLATED)
   candidates_i/n1747       0.000000       0.002832       -0.002832 (VIOLATED)
   candidates_i/n1749       0.000000       0.002832       -0.002832 (VIOLATED)
   candidates_i/n1751       0.000000       0.002832       -0.002832 (VIOLATED)
   candidates_i/n1753       0.000000       0.002832       -0.002832 (VIOLATED)
   candidates_i/n1754       0.000000       0.002832       -0.002832 (VIOLATED)
   candidates_i/n1756       0.000000       0.002832       -0.002832 (VIOLATED)
   candidates_i/n1772       0.000000       0.002832       -0.002832 (VIOLATED)
   candidates_i/n1791       0.000000       0.002832       -0.002832 (VIOLATED)
   candidates_i/n1813       0.000000       0.002832       -0.002832 (VIOLATED)
   candidates_i/n1819       0.000000       0.002832       -0.002832 (VIOLATED)
   candidates_i/n1826       0.000000       0.002832       -0.002832 (VIOLATED)
   candidates_i/n1844       0.000000       0.002832       -0.002832 (VIOLATED)
   candidates_i/n1849       0.000000       0.002832       -0.002832 (VIOLATED)
   candidates_i/n1858       0.000000       0.002832       -0.002832 (VIOLATED)
   candidates_i/n1863       0.000000       0.002832       -0.002832 (VIOLATED)
   candidates_i/n1870       0.000000       0.002832       -0.002832 (VIOLATED)
   candidates_i/n1875       0.000000       0.002832       -0.002832 (VIOLATED)
   candidates_i/n1883       0.000000       0.002832       -0.002832 (VIOLATED)
   candidates_i/n1888       0.000000       0.002832       -0.002832 (VIOLATED)
   candidates_i/n1895       0.000000       0.002832       -0.002832 (VIOLATED)
   candidates_i/n1901       0.000000       0.002832       -0.002832 (VIOLATED)
   candidates_i/n1909       0.000000       0.002832       -0.002832 (VIOLATED)
   candidates_i/n1914       0.000000       0.002832       -0.002832 (VIOLATED)
   candidates_i/n1921       0.000000       0.002832       -0.002832 (VIOLATED)
   candidates_i/n1927       0.000000       0.002832       -0.002832 (VIOLATED)
   candidates_i/n1936       0.000000       0.002832       -0.002832 (VIOLATED)
   candidates_i/n1941       0.000000       0.002832       -0.002832 (VIOLATED)
   candidates_i/n1948       0.000000       0.002832       -0.002832 (VIOLATED)
   candidates_i/n1954       0.000000       0.002832       -0.002832 (VIOLATED)
   candidates_i/n1962       0.000000       0.002832       -0.002832 (VIOLATED)
   candidates_i/n1967       0.000000       0.002832       -0.002832 (VIOLATED)
   candidates_i/n1974       0.000000       0.002832       -0.002832 (VIOLATED)
   candidates_i/n1980       0.000000       0.002832       -0.002832 (VIOLATED)
   candidates_i/n1989       0.000000       0.002832       -0.002832 (VIOLATED)
   candidates_i/n1994       0.000000       0.002832       -0.002832 (VIOLATED)
   candidates_i/n2001       0.000000       0.002832       -0.002832 (VIOLATED)
   candidates_i/n2007       0.000000       0.002832       -0.002832 (VIOLATED)
   candidates_i/n2019       0.000000       0.002832       -0.002832 (VIOLATED)
   candidates_i/n2031       0.000000       0.002832       -0.002832 (VIOLATED)
   candidates_i/n2051       0.000000       0.002832       -0.002832 (VIOLATED)
   candidates_i/n2074       0.000000       0.002832       -0.002832 (VIOLATED)
   candidates_i/n2086       0.000000       0.002832       -0.002832 (VIOLATED)
   candidates_i/n2099       0.000000       0.002832       -0.002832 (VIOLATED)
   candidates_i/n2105       0.000000       0.002832       -0.002832 (VIOLATED)
   candidates_i/n2112       0.000000       0.002832       -0.002832 (VIOLATED)
   candidates_i/n2130       0.000000       0.002832       -0.002832 (VIOLATED)
   candidates_i/n2135       0.000000       0.002832       -0.002832 (VIOLATED)
   candidates_i/n2144       0.000000       0.002832       -0.002832 (VIOLATED)
   candidates_i/n2149       0.000000       0.002832       -0.002832 (VIOLATED)
   candidates_i/n2156       0.000000       0.002832       -0.002832 (VIOLATED)
   candidates_i/n2161       0.000000       0.002832       -0.002832 (VIOLATED)
   candidates_i/n2169       0.000000       0.002832       -0.002832 (VIOLATED)
   candidates_i/n2174       0.000000       0.002832       -0.002832 (VIOLATED)
   candidates_i/n2181       0.000000       0.002832       -0.002832 (VIOLATED)
   candidates_i/n2187       0.000000       0.002832       -0.002832 (VIOLATED)
   candidates_i/n2195       0.000000       0.002832       -0.002832 (VIOLATED)
   candidates_i/n2200       0.000000       0.002832       -0.002832 (VIOLATED)
   candidates_i/n2207       0.000000       0.002832       -0.002832 (VIOLATED)
   candidates_i/n2213       0.000000       0.002832       -0.002832 (VIOLATED)
   candidates_i/n2222       0.000000       0.002832       -0.002832 (VIOLATED)
   candidates_i/n2227       0.000000       0.002832       -0.002832 (VIOLATED)
   candidates_i/n2234       0.000000       0.002832       -0.002832 (VIOLATED)
   candidates_i/n2240       0.000000       0.002832       -0.002832 (VIOLATED)
   candidates_i/n2248       0.000000       0.002832       -0.002832 (VIOLATED)
   candidates_i/n2253       0.000000       0.002832       -0.002832 (VIOLATED)
   candidates_i/n2260       0.000000       0.002832       -0.002832 (VIOLATED)
   candidates_i/n2266       0.000000       0.002832       -0.002832 (VIOLATED)
   candidates_i/n2275       0.000000       0.002832       -0.002832 (VIOLATED)
   candidates_i/n2280       0.000000       0.002832       -0.002832 (VIOLATED)
   candidates_i/n2287       0.000000       0.002832       -0.002832 (VIOLATED)
   candidates_i/n2293       0.000000       0.002832       -0.002832 (VIOLATED)
   candidates_i/n2299       0.000000       0.002832       -0.002832 (VIOLATED)
   candidates_i/n2304       0.000000       0.002832       -0.002832 (VIOLATED)
   candidates_i/n2308       0.000000       0.002832       -0.002832 (VIOLATED)
   candidates_i/n2310       0.000000       0.002832       -0.002832 (VIOLATED)
   candidates_i/n2311       0.000000       0.002832       -0.002832 (VIOLATED)
   candidates_i/n2313       0.000000       0.002832       -0.002832 (VIOLATED)
   candidates_i/n2317       0.000000       0.002832       -0.002832 (VIOLATED)
   candidates_i/n2320       0.000000       0.002832       -0.002832 (VIOLATED)
   candidates_i/n2321       0.000000       0.002832       -0.002832 (VIOLATED)
   candidates_i/n2322       0.000000       0.002832       -0.002832 (VIOLATED)
   candidates_i/n2324       0.000000       0.002832       -0.002832 (VIOLATED)
   candidates_i/n2326       0.000000       0.002832       -0.002832 (VIOLATED)
   candidates_i/n2328       0.000000       0.002832       -0.002832 (VIOLATED)
   candidates_i/n2329       0.000000       0.002832       -0.002832 (VIOLATED)
   candidates_i/n2330       0.000000       0.002832       -0.002832 (VIOLATED)
   candidates_i/n2332       0.000000       0.002832       -0.002832 (VIOLATED)
   candidates_i/n2333       0.000000       0.002832       -0.002832 (VIOLATED)
   candidates_i/n2349       0.000000       0.002832       -0.002832 (VIOLATED)
   candidates_i/n2352       0.000000       0.002832       -0.002832 (VIOLATED)
   candidates_i/n2361       0.000000       0.002832       -0.002832 (VIOLATED)
   candidates_i/n2364       0.000000       0.002832       -0.002832 (VIOLATED)
   candidates_i/n2376       0.000000       0.002832       -0.002832 (VIOLATED)
   candidates_i/n2379       0.000000       0.002832       -0.002832 (VIOLATED)
   candidates_i/n2388       0.000000       0.002832       -0.002832 (VIOLATED)
   candidates_i/n2391       0.000000       0.002832       -0.002832 (VIOLATED)
   candidates_i/n2405       0.000000       0.002832       -0.002832 (VIOLATED)
   candidates_i/n2408       0.000000       0.002832       -0.002832 (VIOLATED)
   candidates_i/n2418       0.000000       0.002832       -0.002832 (VIOLATED)
   candidates_i/n2421       0.000000       0.002832       -0.002832 (VIOLATED)
   candidates_i/n2433       0.000000       0.002832       -0.002832 (VIOLATED)
   candidates_i/n2436       0.000000       0.002832       -0.002832 (VIOLATED)
   candidates_i/n2446       0.000000       0.002832       -0.002832 (VIOLATED)
   candidates_i/n2449       0.000000       0.002832       -0.002832 (VIOLATED)
   candidates_i/n2455       0.000000       0.002832       -0.002832 (VIOLATED)
   candidates_i/n2467       0.000000       0.002832       -0.002832 (VIOLATED)
   candidates_i/n2470       0.000000       0.002832       -0.002832 (VIOLATED)
   candidates_i/n2480       0.000000       0.002832       -0.002832 (VIOLATED)
   candidates_i/n2483       0.000000       0.002832       -0.002832 (VIOLATED)
   candidates_i/n2495       0.000000       0.002832       -0.002832 (VIOLATED)
   candidates_i/n2498       0.000000       0.002832       -0.002832 (VIOLATED)
   candidates_i/n2508       0.000000       0.002832       -0.002832 (VIOLATED)
   candidates_i/n2511       0.000000       0.002832       -0.002832 (VIOLATED)
   candidates_i/n2523       0.000000       0.002832       -0.002832 (VIOLATED)
   candidates_i/n2526       0.000000       0.002832       -0.002832 (VIOLATED)
   candidates_i/n2536       0.000000       0.002832       -0.002832 (VIOLATED)
   candidates_i/n2539       0.000000       0.002832       -0.002832 (VIOLATED)
   candidates_i/n2551       0.000000       0.002832       -0.002832 (VIOLATED)
   candidates_i/n2554       0.000000       0.002832       -0.002832 (VIOLATED)
   candidates_i/n2564       0.000000       0.002832       -0.002832 (VIOLATED)
   candidates_i/n2567       0.000000       0.002832       -0.002832 (VIOLATED)
   candidates_i/n2584       0.000000       0.002832       -0.002832 (VIOLATED)
   candidates_i/n2587       0.000000       0.002832       -0.002832 (VIOLATED)
   candidates_i/n2597       0.000000       0.002832       -0.002832 (VIOLATED)
   candidates_i/n2600       0.000000       0.002832       -0.002832 (VIOLATED)
   candidates_i/n2612       0.000000       0.002832       -0.002832 (VIOLATED)
   candidates_i/n2615       0.000000       0.002832       -0.002832 (VIOLATED)
   candidates_i/n2625       0.000000       0.002832       -0.002832 (VIOLATED)
   candidates_i/n2628       0.000000       0.002832       -0.002832 (VIOLATED)
   candidates_i/n2642       0.000000       0.002832       -0.002832 (VIOLATED)
   candidates_i/n2645       0.000000       0.002832       -0.002832 (VIOLATED)
   candidates_i/n2654       0.000000       0.002832       -0.002832 (VIOLATED)
   candidates_i/n2657       0.000000       0.002832       -0.002832 (VIOLATED)
   candidates_i/n2669       0.000000       0.002832       -0.002832 (VIOLATED)
   candidates_i/n2672       0.000000       0.002832       -0.002832 (VIOLATED)
   candidates_i/n2682       0.000000       0.002832       -0.002832 (VIOLATED)
   candidates_i/n2685       0.000000       0.002832       -0.002832 (VIOLATED)
   candidates_i/n2690       0.000000       0.002832       -0.002832 (VIOLATED)
   candidates_i/n2702       0.000000       0.002832       -0.002832 (VIOLATED)
   candidates_i/n2705       0.000000       0.002832       -0.002832 (VIOLATED)
   candidates_i/n2714       0.000000       0.002832       -0.002832 (VIOLATED)
   candidates_i/n2717       0.000000       0.002832       -0.002832 (VIOLATED)
   candidates_i/n2729       0.000000       0.002832       -0.002832 (VIOLATED)
   candidates_i/n2732       0.000000       0.002832       -0.002832 (VIOLATED)
   candidates_i/n2741       0.000000       0.002832       -0.002832 (VIOLATED)
   candidates_i/n2744       0.000000       0.002832       -0.002832 (VIOLATED)
   candidates_i/n2756       0.000000       0.002832       -0.002832 (VIOLATED)
   candidates_i/n2759       0.000000       0.002832       -0.002832 (VIOLATED)
   candidates_i/n2769       0.000000       0.002832       -0.002832 (VIOLATED)
   candidates_i/n2772       0.000000       0.002832       -0.002832 (VIOLATED)
   candidates_i/n2784       0.000000       0.002832       -0.002832 (VIOLATED)
   candidates_i/n2787       0.000000       0.002832       -0.002832 (VIOLATED)
   candidates_i/n2797       0.000000       0.002832       -0.002832 (VIOLATED)
   candidates_i/n2800       0.000000       0.002832       -0.002832 (VIOLATED)
   frfcfs_scheduler_i/n655  0.000000       0.002832       -0.002832 (VIOLATED)
   frfcfs_scheduler_i/n656  0.000000       0.002832       -0.002832 (VIOLATED)
   frfcfs_scheduler_i/n657  0.000000       0.002832       -0.002832 (VIOLATED)
   frfcfs_scheduler_i/n658  0.000000       0.002832       -0.002832 (VIOLATED)
   frfcfs_scheduler_i/n659  0.000000       0.002832       -0.002832 (VIOLATED)
   frfcfs_scheduler_i/n680  0.000000       0.002832       -0.002832 (VIOLATED)
   frfcfs_scheduler_i/n690  0.000000       0.002832       -0.002832 (VIOLATED)
   frfcfs_scheduler_i/n708  0.000000       0.002832       -0.002832 (VIOLATED)
   frfcfs_scheduler_i/n711  0.000000       0.002832       -0.002832 (VIOLATED)
   frfcfs_scheduler_i/n722  0.000000       0.002832       -0.002832 (VIOLATED)
   frfcfs_scheduler_i/n727  0.000000       0.002832       -0.002832 (VIOLATED)
   frfcfs_scheduler_i/n737  0.000000       0.002832       -0.002832 (VIOLATED)
   frfcfs_scheduler_i/n740  0.000000       0.002832       -0.002832 (VIOLATED)
   frfcfs_scheduler_i/n750  0.000000       0.002832       -0.002832 (VIOLATED)
   frfcfs_scheduler_i/n755  0.000000       0.002832       -0.002832 (VIOLATED)
   frfcfs_scheduler_i/n765  0.000000       0.002832       -0.002832 (VIOLATED)
   frfcfs_scheduler_i/n768  0.000000       0.002832       -0.002832 (VIOLATED)
   frfcfs_scheduler_i/n778  0.000000       0.002832       -0.002832 (VIOLATED)
   frfcfs_scheduler_i/n783  0.000000       0.002832       -0.002832 (VIOLATED)
   frfcfs_scheduler_i/n793  0.000000       0.002832       -0.002832 (VIOLATED)
   frfcfs_scheduler_i/n796  0.000000       0.002832       -0.002832 (VIOLATED)
   frfcfs_scheduler_i/n807  0.000000       0.002832       -0.002832 (VIOLATED)
   frfcfs_scheduler_i/n812  0.000000       0.002832       -0.002832 (VIOLATED)
   frfcfs_scheduler_i/n822  0.000000       0.002832       -0.002832 (VIOLATED)
   frfcfs_scheduler_i/n825  0.000000       0.002832       -0.002832 (VIOLATED)
   frfcfs_scheduler_i/n835  0.000000       0.002832       -0.002832 (VIOLATED)
   frfcfs_scheduler_i/n840  0.000000       0.002832       -0.002832 (VIOLATED)
   frfcfs_scheduler_i/n850  0.000000       0.002832       -0.002832 (VIOLATED)
   frfcfs_scheduler_i/n853  0.000000       0.002832       -0.002832 (VIOLATED)
   frfcfs_scheduler_i/n863  0.000000       0.002832       -0.002832 (VIOLATED)
   frfcfs_scheduler_i/n868  0.000000       0.002832       -0.002832 (VIOLATED)
   frfcfs_scheduler_i/n878  0.000000       0.002832       -0.002832 (VIOLATED)
   frfcfs_scheduler_i/n881  0.000000       0.002832       -0.002832 (VIOLATED)
   frfcfs_scheduler_i/n891  0.000000       0.002832       -0.002832 (VIOLATED)
   frfcfs_scheduler_i/n896  0.000000       0.002832       -0.002832 (VIOLATED)
   frfcfs_scheduler_i/n906  0.000000       0.002832       -0.002832 (VIOLATED)
   frfcfs_scheduler_i/n909  0.000000       0.002832       -0.002832 (VIOLATED)
   frfcfs_scheduler_i/n920  0.000000       0.002832       -0.002832 (VIOLATED)
   frfcfs_scheduler_i/n925  0.000000       0.002832       -0.002832 (VIOLATED)
   frfcfs_scheduler_i/n935  0.000000       0.002832       -0.002832 (VIOLATED)
   frfcfs_scheduler_i/n938  0.000000       0.002832       -0.002832 (VIOLATED)
   frfcfs_scheduler_i/n949  0.000000       0.002832       -0.002832 (VIOLATED)
   frfcfs_scheduler_i/n954  0.000000       0.002832       -0.002832 (VIOLATED)
   frfcfs_scheduler_i/n964  0.000000       0.002832       -0.002832 (VIOLATED)
   frfcfs_scheduler_i/n967  0.000000       0.002832       -0.002832 (VIOLATED)
   frfcfs_scheduler_i/n977  0.000000       0.002832       -0.002832 (VIOLATED)
   frfcfs_scheduler_i/n982  0.000000       0.002832       -0.002832 (VIOLATED)
   frfcfs_scheduler_i/n992  0.000000       0.002832       -0.002832 (VIOLATED)
   frfcfs_scheduler_i/n995  0.000000       0.002832       -0.002832 (VIOLATED)
   frfcfs_scheduler_i/n1005 0.000000       0.002832       -0.002832 (VIOLATED)
   frfcfs_scheduler_i/n1010 0.000000       0.002832       -0.002832 (VIOLATED)
   frfcfs_scheduler_i/n1020 0.000000       0.002832       -0.002832 (VIOLATED)
   frfcfs_scheduler_i/n1023 0.000000       0.002832       -0.002832 (VIOLATED)
   frfcfs_scheduler_i/n1033 0.000000       0.002832       -0.002832 (VIOLATED)
   frfcfs_scheduler_i/n1038 0.000000       0.002832       -0.002832 (VIOLATED)
   frfcfs_scheduler_i/n1048 0.000000       0.002832       -0.002832 (VIOLATED)
   frfcfs_scheduler_i/n1051 0.000000       0.002832       -0.002832 (VIOLATED)
   frfcfs_scheduler_i/n1061 0.000000       0.002832       -0.002832 (VIOLATED)
   frfcfs_scheduler_i/n1066 0.000000       0.002832       -0.002832 (VIOLATED)
   frfcfs_scheduler_i/n1076 0.000000       0.002832       -0.002832 (VIOLATED)
   frfcfs_scheduler_i/n1079 0.000000       0.002832       -0.002832 (VIOLATED)
   frfcfs_scheduler_i/n1089 0.000000       0.002832       -0.002832 (VIOLATED)
   frfcfs_scheduler_i/n1094 0.000000       0.002832       -0.002832 (VIOLATED)
   frfcfs_scheduler_i/n1104 0.000000       0.002832       -0.002832 (VIOLATED)
   frfcfs_scheduler_i/n1107 0.000000       0.002832       -0.002832 (VIOLATED)
   frfcfs_scheduler_i/n1117 0.000000       0.002832       -0.002832 (VIOLATED)
   frfcfs_scheduler_i/n1124 0.000000       0.002832       -0.002832 (VIOLATED)
   frfcfs_scheduler_i/n1158 0.000000       0.002832       -0.002832 (VIOLATED)
   frfcfs_scheduler_i/n1187 0.000000       0.002832       -0.002832 (VIOLATED)
   frfcfs_scheduler_i/n1189 0.000000       0.002832       -0.002832 (VIOLATED)
   frfcfs_scheduler_i/n1193 0.000000       0.002832       -0.002832 (VIOLATED)
   frfcfs_scheduler_i/n1197 0.000000       0.002832       -0.002832 (VIOLATED)
   frfcfs_scheduler_i/n1210 0.000000       0.002832       -0.002832 (VIOLATED)
   frfcfs_scheduler_i/n1218 0.000000       0.002832       -0.002832 (VIOLATED)
   frfcfs_scheduler_i/n1222 0.000000       0.002832       -0.002832 (VIOLATED)
   frfcfs_scheduler_i/n1226 0.000000       0.002832       -0.002832 (VIOLATED)
   frfcfs_scheduler_i/n1231 0.000000       0.002832       -0.002832 (VIOLATED)
   frfcfs_scheduler_i/n1235 0.000000       0.002832       -0.002832 (VIOLATED)
   frfcfs_scheduler_i/n1239 0.000000       0.002832       -0.002832 (VIOLATED)
   frfcfs_scheduler_i/n1243 0.000000       0.002832       -0.002832 (VIOLATED)
   frfcfs_scheduler_i/n1255 0.000000       0.002832       -0.002832 (VIOLATED)
   frfcfs_scheduler_i/n1260 0.000000       0.002832       -0.002832 (VIOLATED)
   frfcfs_scheduler_i/n1306 0.000000       0.002832       -0.002832 (VIOLATED)
   frfcfs_scheduler_i/n1311 0.000000       0.002832       -0.002832 (VIOLATED)
   frfcfs_scheduler_i/n1319 0.000000       0.002832       -0.002832 (VIOLATED)
   frfcfs_scheduler_i/n1324 0.000000       0.002832       -0.002832 (VIOLATED)
   frfcfs_scheduler_i/n1333 0.000000       0.002832       -0.002832 (VIOLATED)
   frfcfs_scheduler_i/n1338 0.000000       0.002832       -0.002832 (VIOLATED)
   frfcfs_scheduler_i/n1347 0.000000       0.002832       -0.002832 (VIOLATED)
   frfcfs_scheduler_i/n1352 0.000000       0.002832       -0.002832 (VIOLATED)
   frfcfs_scheduler_i/n1361 0.000000       0.002832       -0.002832 (VIOLATED)
   frfcfs_scheduler_i/n1366 0.000000       0.002832       -0.002832 (VIOLATED)
   frfcfs_scheduler_i/n1377 0.000000       0.002832       -0.002832 (VIOLATED)
   frfcfs_scheduler_i/n1382 0.000000       0.002832       -0.002832 (VIOLATED)
   frfcfs_scheduler_i/n1389 0.000000       0.002832       -0.002832 (VIOLATED)
   frfcfs_scheduler_i/n1394 0.000000       0.002832       -0.002832 (VIOLATED)
   frfcfs_scheduler_i/n1403 0.000000       0.002832       -0.002832 (VIOLATED)
   frfcfs_scheduler_i/n1408 0.000000       0.002832       -0.002832 (VIOLATED)
   frfcfs_scheduler_i/n1415 0.000000       0.002832       -0.002832 (VIOLATED)
   frfcfs_scheduler_i/n1420 0.000000       0.002832       -0.002832 (VIOLATED)
   frfcfs_scheduler_i/n1428 0.000000       0.002832       -0.002832 (VIOLATED)
   frfcfs_scheduler_i/n1433 0.000000       0.002832       -0.002832 (VIOLATED)
   frfcfs_scheduler_i/n1440 0.000000       0.002832       -0.002832 (VIOLATED)
   frfcfs_scheduler_i/n1445 0.000000       0.002832       -0.002832 (VIOLATED)
   frfcfs_scheduler_i/n1452 0.000000       0.002832       -0.002832 (VIOLATED)
   frfcfs_scheduler_i/n1457 0.000000       0.002832       -0.002832 (VIOLATED)
   frfcfs_scheduler_i/n1464 0.000000       0.002832       -0.002832 (VIOLATED)
   frfcfs_scheduler_i/n1469 0.000000       0.002832       -0.002832 (VIOLATED)
   frfcfs_scheduler_i/n1477 0.000000       0.002832       -0.002832 (VIOLATED)
   frfcfs_scheduler_i/n1482 0.000000       0.002832       -0.002832 (VIOLATED)
   frfcfs_scheduler_i/n1490 0.000000       0.002832       -0.002832 (VIOLATED)
   frfcfs_scheduler_i/n1495 0.000000       0.002832       -0.002832 (VIOLATED)
   n128                     0.000000       0.002832       -0.002832 (VIOLATED)
   n133                     0.000000       0.002832       -0.002832 (VIOLATED)
   n140                     0.000000       0.002832       -0.002832 (VIOLATED)
   n145                     0.000000       0.002832       -0.002832 (VIOLATED)
   n152                     0.000000       0.002832       -0.002832 (VIOLATED)
   n157                     0.000000       0.002832       -0.002832 (VIOLATED)
   n164                     0.000000       0.002832       -0.002832 (VIOLATED)
   n169                     0.000000       0.002832       -0.002832 (VIOLATED)
   n176                     0.000000       0.002832       -0.002832 (VIOLATED)
   n181                     0.000000       0.002832       -0.002832 (VIOLATED)
   n188                     0.000000       0.002832       -0.002832 (VIOLATED)
   n193                     0.000000       0.002832       -0.002832 (VIOLATED)
   n200                     0.000000       0.002832       -0.002832 (VIOLATED)
   n205                     0.000000       0.002832       -0.002832 (VIOLATED)
   n212                     0.000000       0.002832       -0.002832 (VIOLATED)
   n217                     0.000000       0.002832       -0.002832 (VIOLATED)
   n224                     0.000000       0.002832       -0.002832 (VIOLATED)
   n229                     0.000000       0.002832       -0.002832 (VIOLATED)
   n236                     0.000000       0.002832       -0.002832 (VIOLATED)
   n241                     0.000000       0.002832       -0.002832 (VIOLATED)
   n248                     0.000000       0.002832       -0.002832 (VIOLATED)
   n253                     0.000000       0.002832       -0.002832 (VIOLATED)
   n260                     0.000000       0.002832       -0.002832 (VIOLATED)
   n265                     0.000000       0.002832       -0.002832 (VIOLATED)
   n272                     0.000000       0.002832       -0.002832 (VIOLATED)
   n277                     0.000000       0.002832       -0.002832 (VIOLATED)
   n284                     0.000000       0.002832       -0.002832 (VIOLATED)
   n289                     0.000000       0.002832       -0.002832 (VIOLATED)
   n296                     0.000000       0.002832       -0.002832 (VIOLATED)
   n301                     0.000000       0.002832       -0.002832 (VIOLATED)
   n308                     0.000000       0.002832       -0.002832 (VIOLATED)
   n313                     0.000000       0.002832       -0.002832 (VIOLATED)
   n320                     0.000000       0.002832       -0.002832 (VIOLATED)
   n325                     0.000000       0.002832       -0.002832 (VIOLATED)
   n332                     0.000000       0.002832       -0.002832 (VIOLATED)
   n337                     0.000000       0.002832       -0.002832 (VIOLATED)
   n344                     0.000000       0.002832       -0.002832 (VIOLATED)
   n349                     0.000000       0.002832       -0.002832 (VIOLATED)
   n356                     0.000000       0.002832       -0.002832 (VIOLATED)
   n361                     0.000000       0.002832       -0.002832 (VIOLATED)
   n368                     0.000000       0.002832       -0.002832 (VIOLATED)
   n373                     0.000000       0.002832       -0.002832 (VIOLATED)
   n380                     0.000000       0.002832       -0.002832 (VIOLATED)
   n385                     0.000000       0.002832       -0.002832 (VIOLATED)
   n392                     0.000000       0.002832       -0.002832 (VIOLATED)
   n397                     0.000000       0.002832       -0.002832 (VIOLATED)
   n404                     0.000000       0.002832       -0.002832 (VIOLATED)
   n409                     0.000000       0.002832       -0.002832 (VIOLATED)
   n416                     0.000000       0.002832       -0.002832 (VIOLATED)
   n421                     0.000000       0.002832       -0.002832 (VIOLATED)
   n428                     0.000000       0.002832       -0.002832 (VIOLATED)
   n433                     0.000000       0.002832       -0.002832 (VIOLATED)
   n440                     0.000000       0.002832       -0.002832 (VIOLATED)
   n445                     0.000000       0.002832       -0.002832 (VIOLATED)
   n452                     0.000000       0.002832       -0.002832 (VIOLATED)
   n457                     0.000000       0.002832       -0.002832 (VIOLATED)
   n464                     0.000000       0.002832       -0.002832 (VIOLATED)
   n469                     0.000000       0.002832       -0.002832 (VIOLATED)
   n476                     0.000000       0.002832       -0.002832 (VIOLATED)
   n481                     0.000000       0.002832       -0.002832 (VIOLATED)
   n488                     0.000000       0.002832       -0.002832 (VIOLATED)
   n493                     0.000000       0.002832       -0.002832 (VIOLATED)
   n500                     0.000000       0.002832       -0.002832 (VIOLATED)
   n505                     0.000000       0.002832       -0.002832 (VIOLATED)
   n512                     0.000000       0.002832       -0.002832 (VIOLATED)
   n517                     0.000000       0.002832       -0.002832 (VIOLATED)
   n524                     0.000000       0.002832       -0.002832 (VIOLATED)
   n529                     0.000000       0.002832       -0.002832 (VIOLATED)
   n536                     0.000000       0.002832       -0.002832 (VIOLATED)
   n541                     0.000000       0.002832       -0.002832 (VIOLATED)
   n548                     0.000000       0.002832       -0.002832 (VIOLATED)
   n553                     0.000000       0.002832       -0.002832 (VIOLATED)
   n560                     0.000000       0.002832       -0.002832 (VIOLATED)
   n565                     0.000000       0.002832       -0.002832 (VIOLATED)
   n572                     0.000000       0.002832       -0.002832 (VIOLATED)
   n577                     0.000000       0.002832       -0.002832 (VIOLATED)
   n584                     0.000000       0.002832       -0.002832 (VIOLATED)
   n589                     0.000000       0.002832       -0.002832 (VIOLATED)
   n596                     0.000000       0.002832       -0.002832 (VIOLATED)
   n601                     0.000000       0.002832       -0.002832 (VIOLATED)
   n608                     0.000000       0.002832       -0.002832 (VIOLATED)
   n613                     0.000000       0.002832       -0.002832 (VIOLATED)
   n620                     0.000000       0.002832       -0.002832 (VIOLATED)
   n625                     0.000000       0.002832       -0.002832 (VIOLATED)
   n632                     0.000000       0.002832       -0.002832 (VIOLATED)
   n637                     0.000000       0.002832       -0.002832 (VIOLATED)
   n644                     0.000000       0.002832       -0.002832 (VIOLATED)
   n649                     0.000000       0.002832       -0.002832 (VIOLATED)
   n656                     0.000000       0.002832       -0.002832 (VIOLATED)
   n661                     0.000000       0.002832       -0.002832 (VIOLATED)
   n668                     0.000000       0.002832       -0.002832 (VIOLATED)
   n673                     0.000000       0.002832       -0.002832 (VIOLATED)
   n680                     0.000000       0.002832       -0.002832 (VIOLATED)
   n685                     0.000000       0.002832       -0.002832 (VIOLATED)
   n692                     0.000000       0.002832       -0.002832 (VIOLATED)
   n697                     0.000000       0.002832       -0.002832 (VIOLATED)
   n704                     0.000000       0.002832       -0.002832 (VIOLATED)
   n709                     0.000000       0.002832       -0.002832 (VIOLATED)
   n716                     0.000000       0.002832       -0.002832 (VIOLATED)
   n721                     0.000000       0.002832       -0.002832 (VIOLATED)
   response_i/n696          0.000000       0.002832       -0.002832 (VIOLATED)
   response_i/n702          0.000000       0.002832       -0.002832 (VIOLATED)
   response_i/n710          0.000000       0.002832       -0.002832 (VIOLATED)
   response_i/n716          0.000000       0.002832       -0.002832 (VIOLATED)
   response_i/n724          0.000000       0.002832       -0.002832 (VIOLATED)
   response_i/n730          0.000000       0.002832       -0.002832 (VIOLATED)
   response_i/n738          0.000000       0.002832       -0.002832 (VIOLATED)
   response_i/n744          0.000000       0.002832       -0.002832 (VIOLATED)
   response_i/n753          0.000000       0.002832       -0.002832 (VIOLATED)
   response_i/n759          0.000000       0.002832       -0.002832 (VIOLATED)
   response_i/n767          0.000000       0.002832       -0.002832 (VIOLATED)
   response_i/n773          0.000000       0.002832       -0.002832 (VIOLATED)
   response_i/n781          0.000000       0.002832       -0.002832 (VIOLATED)
   response_i/n787          0.000000       0.002832       -0.002832 (VIOLATED)
   response_i/n795          0.000000       0.002832       -0.002832 (VIOLATED)
   response_i/n801          0.000000       0.002832       -0.002832 (VIOLATED)
   response_i/n810          0.000000       0.002832       -0.002832 (VIOLATED)
   response_i/n815          0.000000       0.002832       -0.002832 (VIOLATED)
   response_i/n822          0.000000       0.002832       -0.002832 (VIOLATED)
   response_i/n827          0.000000       0.002832       -0.002832 (VIOLATED)
   response_i/n834          0.000000       0.002832       -0.002832 (VIOLATED)
   response_i/n840          0.000000       0.002832       -0.002832 (VIOLATED)
   response_i/n848          0.000000       0.002832       -0.002832 (VIOLATED)
   response_i/n853          0.000000       0.002832       -0.002832 (VIOLATED)
   response_i/n861          0.000000       0.002832       -0.002832 (VIOLATED)
   response_i/n867          0.000000       0.002832       -0.002832 (VIOLATED)
   response_i/n875          0.000000       0.002832       -0.002832 (VIOLATED)
   response_i/n880          0.000000       0.002832       -0.002832 (VIOLATED)
   response_i/n893          0.000000       0.002832       -0.002832 (VIOLATED)
   response_i/n909          0.000000       0.002832       -0.002832 (VIOLATED)
   response_i/n912          0.000000       0.002832       -0.002832 (VIOLATED)
   response_i/n921          0.000000       0.002832       -0.002832 (VIOLATED)
   response_i/n924          0.000000       0.002832       -0.002832 (VIOLATED)
   response_i/n929          0.000000       0.002832       -0.002832 (VIOLATED)
   response_i/n943          0.000000       0.002832       -0.002832 (VIOLATED)
   response_i/n946          0.000000       0.002832       -0.002832 (VIOLATED)
   response_i/n956          0.000000       0.002832       -0.002832 (VIOLATED)
   response_i/n959          0.000000       0.002832       -0.002832 (VIOLATED)
   response_i/n970          0.000000       0.002832       -0.002832 (VIOLATED)
   response_i/n973          0.000000       0.002832       -0.002832 (VIOLATED)
   response_i/n983          0.000000       0.002832       -0.002832 (VIOLATED)
   response_i/n997          0.000000       0.002832       -0.002832 (VIOLATED)
   response_i/n1000         0.000000       0.002832       -0.002832 (VIOLATED)
   response_i/n1010         0.000000       0.002832       -0.002832 (VIOLATED)
   response_i/n1013         0.000000       0.002832       -0.002832 (VIOLATED)
   response_i/n1025         0.000000       0.002832       -0.002832 (VIOLATED)
   response_i/n1028         0.000000       0.002832       -0.002832 (VIOLATED)
   response_i/n1038         0.000000       0.002832       -0.002832 (VIOLATED)
   response_i/n1041         0.000000       0.002832       -0.002832 (VIOLATED)
   response_i/n1052         0.000000       0.002832       -0.002832 (VIOLATED)
   response_i/n1055         0.000000       0.002832       -0.002832 (VIOLATED)
   response_i/n1065         0.000000       0.002832       -0.002832 (VIOLATED)
   response_i/n1068         0.000000       0.002832       -0.002832 (VIOLATED)
   response_i/n1079         0.000000       0.002832       -0.002832 (VIOLATED)
   response_i/n1082         0.000000       0.002832       -0.002832 (VIOLATED)
   response_i/n1092         0.000000       0.002832       -0.002832 (VIOLATED)
   response_i/n1095         0.000000       0.002832       -0.002832 (VIOLATED)
   response_i/n1106         0.000000       0.002832       -0.002832 (VIOLATED)
   response_i/n1109         0.000000       0.002832       -0.002832 (VIOLATED)
   response_i/n1119         0.000000       0.002832       -0.002832 (VIOLATED)
   response_i/n1122         0.000000       0.002832       -0.002832 (VIOLATED)
   response_i/n1132         0.000000       0.002832       -0.002832 (VIOLATED)
   response_i/n1135         0.000000       0.002832       -0.002832 (VIOLATED)
   response_i/n1144         0.000000       0.002832       -0.002832 (VIOLATED)
   response_i/n1147         0.000000       0.002832       -0.002832 (VIOLATED)
   response_i/n1150         0.000000       0.002832       -0.002832 (VIOLATED)
   response_i/n1163         0.000000       0.002832       -0.002832 (VIOLATED)
   response_i/n1166         0.000000       0.002832       -0.002832 (VIOLATED)
   response_i/n1176         0.000000       0.002832       -0.002832 (VIOLATED)
   response_i/n1179         0.000000       0.002832       -0.002832 (VIOLATED)
   response_i/n1189         0.000000       0.002832       -0.002832 (VIOLATED)
   response_i/n1192         0.000000       0.002832       -0.002832 (VIOLATED)
   response_i/n1202         0.000000       0.002832       -0.002832 (VIOLATED)
   response_i/n1205         0.000000       0.002832       -0.002832 (VIOLATED)
   response_i/n1215         0.000000       0.002832       -0.002832 (VIOLATED)
   response_i/n1218         0.000000       0.002832       -0.002832 (VIOLATED)
   response_i/n1228         0.000000       0.002832       -0.002832 (VIOLATED)
   response_i/n1240         0.000000       0.002832       -0.002832 (VIOLATED)
   response_i/n1243         0.000000       0.002832       -0.002832 (VIOLATED)
   response_i/n1253         0.000000       0.002832       -0.002832 (VIOLATED)
   response_i/n1256         0.000000       0.002832       -0.002832 (VIOLATED)
   response_i/n1266         0.000000       0.002832       -0.002832 (VIOLATED)
   response_i/n1269         0.000000       0.002832       -0.002832 (VIOLATED)
   response_i/n1278         0.000000       0.002832       -0.002832 (VIOLATED)
   response_i/n1281         0.000000       0.002832       -0.002832 (VIOLATED)
   response_i/n1291         0.000000       0.002832       -0.002832 (VIOLATED)
   response_i/n1294         0.000000       0.002832       -0.002832 (VIOLATED)
   response_i/n1304         0.000000       0.002832       -0.002832 (VIOLATED)
   response_i/n1307         0.000000       0.002832       -0.002832 (VIOLATED)
   response_i/n1318         0.000000       0.002832       -0.002832 (VIOLATED)
   response_i/n1321         0.000000       0.002832       -0.002832 (VIOLATED)
   response_i/n1330         0.000000       0.002832       -0.002832 (VIOLATED)
   response_i/n1333         0.000000       0.002832       -0.002832 (VIOLATED)
   candidates_i/N1316       0.000000       0.002817       -0.002817 (VIOLATED)
   candidates_i/N1389       0.000000       0.002817       -0.002817 (VIOLATED)
   candidates_i/N1462       0.000000       0.002817       -0.002817 (VIOLATED)
   candidates_i/N1535       0.000000       0.002817       -0.002817 (VIOLATED)
   candidates_i/N1608       0.000000       0.002817       -0.002817 (VIOLATED)
   candidates_i/N1681       0.000000       0.002817       -0.002817 (VIOLATED)
   candidates_i/N1754       0.000000       0.002817       -0.002817 (VIOLATED)
   candidates_i/N1827       0.000000       0.002817       -0.002817 (VIOLATED)
   candidates_i/N1900       0.000000       0.002817       -0.002817 (VIOLATED)
   candidates_i/N1973       0.000000       0.002817       -0.002817 (VIOLATED)
   candidates_i/N2046       0.000000       0.002817       -0.002817 (VIOLATED)
   candidates_i/N2119       0.000000       0.002817       -0.002817 (VIOLATED)
   candidates_i/N2192       0.000000       0.002817       -0.002817 (VIOLATED)
   candidates_i/N2265       0.000000       0.002817       -0.002817 (VIOLATED)
   candidates_i/N2338       0.000000       0.002817       -0.002817 (VIOLATED)
   candidates_i/N2411       0.000000       0.002817       -0.002817 (VIOLATED)
   candidates_i/n1224       0.000000       0.002817       -0.002817 (VIOLATED)
   candidates_i/n1800       0.000000       0.002817       -0.002817 (VIOLATED)
   candidates_i/n2905       0.000000       0.002817       -0.002817 (VIOLATED)
   candidates_i/n2923       0.000000       0.002817       -0.002817 (VIOLATED)
   candidates_i/n2941       0.000000       0.002817       -0.002817 (VIOLATED)
   candidates_i/n2959       0.000000       0.002817       -0.002817 (VIOLATED)
   candidates_i/n2977       0.000000       0.002817       -0.002817 (VIOLATED)
   candidates_i/n2995       0.000000       0.002817       -0.002817 (VIOLATED)
   candidates_i/n3013       0.000000       0.002817       -0.002817 (VIOLATED)
   candidates_i/n3031       0.000000       0.002817       -0.002817 (VIOLATED)
   candidates_i/n3049       0.000000       0.002817       -0.002817 (VIOLATED)
   candidates_i/n3067       0.000000       0.002817       -0.002817 (VIOLATED)
   candidates_i/n3085       0.000000       0.002817       -0.002817 (VIOLATED)
   candidates_i/n3103       0.000000       0.002817       -0.002817 (VIOLATED)
   candidates_i/n3121       0.000000       0.002817       -0.002817 (VIOLATED)
   candidates_i/n3139       0.000000       0.002817       -0.002817 (VIOLATED)
   candidates_i/n3157       0.000000       0.002817       -0.002817 (VIOLATED)
   candidates_i/n3175       0.000000       0.002817       -0.002817 (VIOLATED)
   n1494                    0.000000       0.002817       -0.002817 (VIOLATED)
   n1523                    0.000000       0.002817       -0.002817 (VIOLATED)
   n1550                    0.000000       0.002817       -0.002817 (VIOLATED)
   n1577                    0.000000       0.002817       -0.002817 (VIOLATED)
   n1604                    0.000000       0.002817       -0.002817 (VIOLATED)
   n1631                    0.000000       0.002817       -0.002817 (VIOLATED)
   n1658                    0.000000       0.002817       -0.002817 (VIOLATED)
   n1687                    0.000000       0.002817       -0.002817 (VIOLATED)
   n1716                    0.000000       0.002817       -0.002817 (VIOLATED)
   n1745                    0.000000       0.002817       -0.002817 (VIOLATED)
   n1772                    0.000000       0.002817       -0.002817 (VIOLATED)
   n1799                    0.000000       0.002817       -0.002817 (VIOLATED)
   n1826                    0.000000       0.002817       -0.002817 (VIOLATED)
   n1853                    0.000000       0.002817       -0.002817 (VIOLATED)
   n1880                    0.000000       0.002817       -0.002817 (VIOLATED)
   n1907                    0.000000       0.002817       -0.002817 (VIOLATED)
   n1934                    0.000000       0.002817       -0.002817 (VIOLATED)
   n1961                    0.000000       0.002817       -0.002817 (VIOLATED)
   n1988                    0.000000       0.002817       -0.002817 (VIOLATED)
   n2015                    0.000000       0.002817       -0.002817 (VIOLATED)
   n2042                    0.000000       0.002817       -0.002817 (VIOLATED)
   n2069                    0.000000       0.002817       -0.002817 (VIOLATED)
   n2096                    0.000000       0.002817       -0.002817 (VIOLATED)
   n2123                    0.000000       0.002817       -0.002817 (VIOLATED)
   n2150                    0.000000       0.002817       -0.002817 (VIOLATED)
   n2177                    0.000000       0.002817       -0.002817 (VIOLATED)
   n2204                    0.000000       0.002817       -0.002817 (VIOLATED)
   n2231                    0.000000       0.002817       -0.002817 (VIOLATED)
   n2258                    0.000000       0.002817       -0.002817 (VIOLATED)
   n2285                    0.000000       0.002817       -0.002817 (VIOLATED)
   n2312                    0.000000       0.002817       -0.002817 (VIOLATED)
   n2339                    0.000000       0.002817       -0.002817 (VIOLATED)
   n2366                    0.000000       0.002817       -0.002817 (VIOLATED)
   n2393                    0.000000       0.002817       -0.002817 (VIOLATED)
   n2420                    0.000000       0.002817       -0.002817 (VIOLATED)
   n2447                    0.000000       0.002817       -0.002817 (VIOLATED)
   n2474                    0.000000       0.002817       -0.002817 (VIOLATED)
   n2501                    0.000000       0.002817       -0.002817 (VIOLATED)
   n2528                    0.000000       0.002817       -0.002817 (VIOLATED)
   n2555                    0.000000       0.002817       -0.002817 (VIOLATED)
   n2582                    0.000000       0.002817       -0.002817 (VIOLATED)
   n2609                    0.000000       0.002817       -0.002817 (VIOLATED)
   n2636                    0.000000       0.002817       -0.002817 (VIOLATED)
   n2663                    0.000000       0.002817       -0.002817 (VIOLATED)
   n2690                    0.000000       0.002817       -0.002817 (VIOLATED)
   n2717                    0.000000       0.002817       -0.002817 (VIOLATED)
   n2744                    0.000000       0.002817       -0.002817 (VIOLATED)
   n2771                    0.000000       0.002817       -0.002817 (VIOLATED)
   n2798                    0.000000       0.002817       -0.002817 (VIOLATED)
   n2825                    0.000000       0.002817       -0.002817 (VIOLATED)
   n2852                    0.000000       0.002817       -0.002817 (VIOLATED)
   n2879                    0.000000       0.002817       -0.002817 (VIOLATED)
   n2906                    0.000000       0.002817       -0.002817 (VIOLATED)
   n2933                    0.000000       0.002817       -0.002817 (VIOLATED)
   n2960                    0.000000       0.002817       -0.002817 (VIOLATED)
   n2987                    0.000000       0.002817       -0.002817 (VIOLATED)
   n3014                    0.000000       0.002817       -0.002817 (VIOLATED)
   n3041                    0.000000       0.002817       -0.002817 (VIOLATED)
   n3068                    0.000000       0.002817       -0.002817 (VIOLATED)
   n3095                    0.000000       0.002817       -0.002817 (VIOLATED)
   n3122                    0.000000       0.002817       -0.002817 (VIOLATED)
   n3149                    0.000000       0.002817       -0.002817 (VIOLATED)
   n3176                    0.000000       0.002817       -0.002817 (VIOLATED)
   n3205                    0.000000       0.002817       -0.002817 (VIOLATED)
   n3232                    0.000000       0.002817       -0.002817 (VIOLATED)
   n3259                    0.000000       0.002817       -0.002817 (VIOLATED)
   n3286                    0.000000       0.002817       -0.002817 (VIOLATED)
   n3313                    0.000000       0.002817       -0.002817 (VIOLATED)
   n3340                    0.000000       0.002817       -0.002817 (VIOLATED)
   n3367                    0.000000       0.002817       -0.002817 (VIOLATED)
   n3394                    0.000000       0.002817       -0.002817 (VIOLATED)
   n3423                    0.000000       0.002817       -0.002817 (VIOLATED)
   n3452                    0.000000       0.002817       -0.002817 (VIOLATED)
   n3479                    0.000000       0.002817       -0.002817 (VIOLATED)
   n3506                    0.000000       0.002817       -0.002817 (VIOLATED)
   n3533                    0.000000       0.002817       -0.002817 (VIOLATED)
   n3560                    0.000000       0.002817       -0.002817 (VIOLATED)
   n3587                    0.000000       0.002817       -0.002817 (VIOLATED)
   n3614                    0.000000       0.002817       -0.002817 (VIOLATED)
   n3641                    0.000000       0.002817       -0.002817 (VIOLATED)
   n3670                    0.000000       0.002817       -0.002817 (VIOLATED)
   n3699                    0.000000       0.002817       -0.002817 (VIOLATED)
   n3726                    0.000000       0.002817       -0.002817 (VIOLATED)
   n3753                    0.000000       0.002817       -0.002817 (VIOLATED)
   n3780                    0.000000       0.002817       -0.002817 (VIOLATED)
   n3807                    0.000000       0.002817       -0.002817 (VIOLATED)
   n3834                    0.000000       0.002817       -0.002817 (VIOLATED)
   n3861                    0.000000       0.002817       -0.002817 (VIOLATED)
   n3888                    0.000000       0.002817       -0.002817 (VIOLATED)
   n3915                    0.000000       0.002817       -0.002817 (VIOLATED)
   n3942                    0.000000       0.002817       -0.002817 (VIOLATED)
   n3969                    0.000000       0.002817       -0.002817 (VIOLATED)
   n3996                    0.000000       0.002817       -0.002817 (VIOLATED)
   n4023                    0.000000       0.002817       -0.002817 (VIOLATED)
   n4050                    0.000000       0.002817       -0.002817 (VIOLATED)
   n4077                    0.000000       0.002817       -0.002817 (VIOLATED)
   n4104                    0.000000       0.002817       -0.002817 (VIOLATED)
   n4131                    0.000000       0.002817       -0.002817 (VIOLATED)
   n4158                    0.000000       0.002817       -0.002817 (VIOLATED)
   n4185                    0.000000       0.002817       -0.002817 (VIOLATED)
   n4212                    0.000000       0.002817       -0.002817 (VIOLATED)
   n4239                    0.000000       0.002817       -0.002817 (VIOLATED)
   n4266                    0.000000       0.002817       -0.002817 (VIOLATED)
   n4293                    0.000000       0.002817       -0.002817 (VIOLATED)
   n4320                    0.000000       0.002817       -0.002817 (VIOLATED)
   n4347                    0.000000       0.002817       -0.002817 (VIOLATED)
   n4374                    0.000000       0.002817       -0.002817 (VIOLATED)
   n4401                    0.000000       0.002817       -0.002817 (VIOLATED)
   n4428                    0.000000       0.002817       -0.002817 (VIOLATED)
   n4457                    0.000000       0.002817       -0.002817 (VIOLATED)
   n4486                    0.000000       0.002817       -0.002817 (VIOLATED)
   n4513                    0.000000       0.002817       -0.002817 (VIOLATED)
   n4540                    0.000000       0.002817       -0.002817 (VIOLATED)
   n4567                    0.000000       0.002817       -0.002817 (VIOLATED)
   n4594                    0.000000       0.002817       -0.002817 (VIOLATED)
   n4621                    0.000000       0.002817       -0.002817 (VIOLATED)
   n4648                    0.000000       0.002817       -0.002817 (VIOLATED)
   n4675                    0.000000       0.002817       -0.002817 (VIOLATED)
   n4702                    0.000000       0.002817       -0.002817 (VIOLATED)
   n4731                    0.000000       0.002817       -0.002817 (VIOLATED)
   candidates_i/n2904       0.000000       0.002764       -0.002764 (VIOLATED)
   candidates_i/n2922       0.000000       0.002764       -0.002764 (VIOLATED)
   candidates_i/n2940       0.000000       0.002764       -0.002764 (VIOLATED)
   candidates_i/n2958       0.000000       0.002764       -0.002764 (VIOLATED)
   candidates_i/n2976       0.000000       0.002764       -0.002764 (VIOLATED)
   candidates_i/n2994       0.000000       0.002764       -0.002764 (VIOLATED)
   candidates_i/n3012       0.000000       0.002764       -0.002764 (VIOLATED)
   candidates_i/n3030       0.000000       0.002764       -0.002764 (VIOLATED)
   candidates_i/n3048       0.000000       0.002764       -0.002764 (VIOLATED)
   candidates_i/n3066       0.000000       0.002764       -0.002764 (VIOLATED)
   candidates_i/n3084       0.000000       0.002764       -0.002764 (VIOLATED)
   candidates_i/n3102       0.000000       0.002764       -0.002764 (VIOLATED)
   candidates_i/n3120       0.000000       0.002764       -0.002764 (VIOLATED)
   candidates_i/n3138       0.000000       0.002764       -0.002764 (VIOLATED)
   candidates_i/n3156       0.000000       0.002764       -0.002764 (VIOLATED)
   candidates_i/n3174       0.000000       0.002764       -0.002764 (VIOLATED)
   n1493                    0.000000       0.002764       -0.002764 (VIOLATED)
   n1522                    0.000000       0.002764       -0.002764 (VIOLATED)
   n1549                    0.000000       0.002764       -0.002764 (VIOLATED)
   n1576                    0.000000       0.002764       -0.002764 (VIOLATED)
   n1603                    0.000000       0.002764       -0.002764 (VIOLATED)
   n1630                    0.000000       0.002764       -0.002764 (VIOLATED)
   n1657                    0.000000       0.002764       -0.002764 (VIOLATED)
   n1686                    0.000000       0.002764       -0.002764 (VIOLATED)
   n1715                    0.000000       0.002764       -0.002764 (VIOLATED)
   n1744                    0.000000       0.002764       -0.002764 (VIOLATED)
   n1771                    0.000000       0.002764       -0.002764 (VIOLATED)
   n1798                    0.000000       0.002764       -0.002764 (VIOLATED)
   n1825                    0.000000       0.002764       -0.002764 (VIOLATED)
   n1852                    0.000000       0.002764       -0.002764 (VIOLATED)
   n1879                    0.000000       0.002764       -0.002764 (VIOLATED)
   n1906                    0.000000       0.002764       -0.002764 (VIOLATED)
   n1933                    0.000000       0.002764       -0.002764 (VIOLATED)
   n1960                    0.000000       0.002764       -0.002764 (VIOLATED)
   n1987                    0.000000       0.002764       -0.002764 (VIOLATED)
   n2014                    0.000000       0.002764       -0.002764 (VIOLATED)
   n2041                    0.000000       0.002764       -0.002764 (VIOLATED)
   n2068                    0.000000       0.002764       -0.002764 (VIOLATED)
   n2095                    0.000000       0.002764       -0.002764 (VIOLATED)
   n2122                    0.000000       0.002764       -0.002764 (VIOLATED)
   n2149                    0.000000       0.002764       -0.002764 (VIOLATED)
   n2176                    0.000000       0.002764       -0.002764 (VIOLATED)
   n2203                    0.000000       0.002764       -0.002764 (VIOLATED)
   n2230                    0.000000       0.002764       -0.002764 (VIOLATED)
   n2257                    0.000000       0.002764       -0.002764 (VIOLATED)
   n2284                    0.000000       0.002764       -0.002764 (VIOLATED)
   n2311                    0.000000       0.002764       -0.002764 (VIOLATED)
   n2338                    0.000000       0.002764       -0.002764 (VIOLATED)
   n2365                    0.000000       0.002764       -0.002764 (VIOLATED)
   n2392                    0.000000       0.002764       -0.002764 (VIOLATED)
   n2419                    0.000000       0.002764       -0.002764 (VIOLATED)
   n2446                    0.000000       0.002764       -0.002764 (VIOLATED)
   n2473                    0.000000       0.002764       -0.002764 (VIOLATED)
   n2500                    0.000000       0.002764       -0.002764 (VIOLATED)
   n2527                    0.000000       0.002764       -0.002764 (VIOLATED)
   n2554                    0.000000       0.002764       -0.002764 (VIOLATED)
   n2581                    0.000000       0.002764       -0.002764 (VIOLATED)
   n2608                    0.000000       0.002764       -0.002764 (VIOLATED)
   n2635                    0.000000       0.002764       -0.002764 (VIOLATED)
   n2662                    0.000000       0.002764       -0.002764 (VIOLATED)
   n2689                    0.000000       0.002764       -0.002764 (VIOLATED)
   n2716                    0.000000       0.002764       -0.002764 (VIOLATED)
   n2743                    0.000000       0.002764       -0.002764 (VIOLATED)
   n2770                    0.000000       0.002764       -0.002764 (VIOLATED)
   n2797                    0.000000       0.002764       -0.002764 (VIOLATED)
   n2824                    0.000000       0.002764       -0.002764 (VIOLATED)
   n2851                    0.000000       0.002764       -0.002764 (VIOLATED)
   n2878                    0.000000       0.002764       -0.002764 (VIOLATED)
   n2905                    0.000000       0.002764       -0.002764 (VIOLATED)
   n2932                    0.000000       0.002764       -0.002764 (VIOLATED)
   n2959                    0.000000       0.002764       -0.002764 (VIOLATED)
   n2986                    0.000000       0.002764       -0.002764 (VIOLATED)
   n3013                    0.000000       0.002764       -0.002764 (VIOLATED)
   n3040                    0.000000       0.002764       -0.002764 (VIOLATED)
   n3067                    0.000000       0.002764       -0.002764 (VIOLATED)
   n3094                    0.000000       0.002764       -0.002764 (VIOLATED)
   n3121                    0.000000       0.002764       -0.002764 (VIOLATED)
   n3148                    0.000000       0.002764       -0.002764 (VIOLATED)
   n3175                    0.000000       0.002764       -0.002764 (VIOLATED)
   n3204                    0.000000       0.002764       -0.002764 (VIOLATED)
   n3231                    0.000000       0.002764       -0.002764 (VIOLATED)
   n3258                    0.000000       0.002764       -0.002764 (VIOLATED)
   n3285                    0.000000       0.002764       -0.002764 (VIOLATED)
   n3312                    0.000000       0.002764       -0.002764 (VIOLATED)
   n3339                    0.000000       0.002764       -0.002764 (VIOLATED)
   n3366                    0.000000       0.002764       -0.002764 (VIOLATED)
   n3393                    0.000000       0.002764       -0.002764 (VIOLATED)
   n3422                    0.000000       0.002764       -0.002764 (VIOLATED)
   n3451                    0.000000       0.002764       -0.002764 (VIOLATED)
   n3478                    0.000000       0.002764       -0.002764 (VIOLATED)
   n3505                    0.000000       0.002764       -0.002764 (VIOLATED)
   n3532                    0.000000       0.002764       -0.002764 (VIOLATED)
   n3559                    0.000000       0.002764       -0.002764 (VIOLATED)
   n3586                    0.000000       0.002764       -0.002764 (VIOLATED)
   n3613                    0.000000       0.002764       -0.002764 (VIOLATED)
   n3640                    0.000000       0.002764       -0.002764 (VIOLATED)
   n3669                    0.000000       0.002764       -0.002764 (VIOLATED)
   n3698                    0.000000       0.002764       -0.002764 (VIOLATED)
   n3725                    0.000000       0.002764       -0.002764 (VIOLATED)
   n3752                    0.000000       0.002764       -0.002764 (VIOLATED)
   n3779                    0.000000       0.002764       -0.002764 (VIOLATED)
   n3806                    0.000000       0.002764       -0.002764 (VIOLATED)
   n3833                    0.000000       0.002764       -0.002764 (VIOLATED)
   n3860                    0.000000       0.002764       -0.002764 (VIOLATED)
   n3887                    0.000000       0.002764       -0.002764 (VIOLATED)
   n3914                    0.000000       0.002764       -0.002764 (VIOLATED)
   n3941                    0.000000       0.002764       -0.002764 (VIOLATED)
   n3968                    0.000000       0.002764       -0.002764 (VIOLATED)
   n3995                    0.000000       0.002764       -0.002764 (VIOLATED)
   n4022                    0.000000       0.002764       -0.002764 (VIOLATED)
   n4049                    0.000000       0.002764       -0.002764 (VIOLATED)
   n4076                    0.000000       0.002764       -0.002764 (VIOLATED)
   n4103                    0.000000       0.002764       -0.002764 (VIOLATED)
   n4130                    0.000000       0.002764       -0.002764 (VIOLATED)
   n4157                    0.000000       0.002764       -0.002764 (VIOLATED)
   n4184                    0.000000       0.002764       -0.002764 (VIOLATED)
   n4211                    0.000000       0.002764       -0.002764 (VIOLATED)
   n4238                    0.000000       0.002764       -0.002764 (VIOLATED)
   n4265                    0.000000       0.002764       -0.002764 (VIOLATED)
   n4292                    0.000000       0.002764       -0.002764 (VIOLATED)
   n4319                    0.000000       0.002764       -0.002764 (VIOLATED)
   n4346                    0.000000       0.002764       -0.002764 (VIOLATED)
   n4373                    0.000000       0.002764       -0.002764 (VIOLATED)
   n4400                    0.000000       0.002764       -0.002764 (VIOLATED)
   n4427                    0.000000       0.002764       -0.002764 (VIOLATED)
   n4456                    0.000000       0.002764       -0.002764 (VIOLATED)
   n4485                    0.000000       0.002764       -0.002764 (VIOLATED)
   n4512                    0.000000       0.002764       -0.002764 (VIOLATED)
   n4539                    0.000000       0.002764       -0.002764 (VIOLATED)
   n4566                    0.000000       0.002764       -0.002764 (VIOLATED)
   n4593                    0.000000       0.002764       -0.002764 (VIOLATED)
   n4620                    0.000000       0.002764       -0.002764 (VIOLATED)
   n4647                    0.000000       0.002764       -0.002764 (VIOLATED)
   n4674                    0.000000       0.002764       -0.002764 (VIOLATED)
   n4701                    0.000000       0.002764       -0.002764 (VIOLATED)
   n4730                    0.000000       0.002764       -0.002764 (VIOLATED)
   candidates_i/n1025       0.000000       0.002742       -0.002742 (VIOLATED)
   candidates_i/n1028       0.000000       0.002742       -0.002742 (VIOLATED)
   candidates_i/n1031       0.000000       0.002742       -0.002742 (VIOLATED)
   candidates_i/n1034       0.000000       0.002742       -0.002742 (VIOLATED)
   candidates_i/n1037       0.000000       0.002742       -0.002742 (VIOLATED)
   candidates_i/n1040       0.000000       0.002742       -0.002742 (VIOLATED)
   candidates_i/n1043       0.000000       0.002742       -0.002742 (VIOLATED)
   candidates_i/n1046       0.000000       0.002742       -0.002742 (VIOLATED)
   candidates_i/n1049       0.000000       0.002742       -0.002742 (VIOLATED)
   candidates_i/n1052       0.000000       0.002742       -0.002742 (VIOLATED)
   candidates_i/n1055       0.000000       0.002742       -0.002742 (VIOLATED)
   candidates_i/n1058       0.000000       0.002742       -0.002742 (VIOLATED)
   candidates_i/n1061       0.000000       0.002742       -0.002742 (VIOLATED)
   candidates_i/n1064       0.000000       0.002742       -0.002742 (VIOLATED)
   candidates_i/n1067       0.000000       0.002742       -0.002742 (VIOLATED)
   candidates_i/n1070       0.000000       0.002742       -0.002742 (VIOLATED)
   frfcfs_scheduler_i/n665  0.000000       0.002742       -0.002742 (VIOLATED)
   frfcfs_scheduler_i/n667  0.000000       0.002742       -0.002742 (VIOLATED)
   frfcfs_scheduler_i/n670  0.000000       0.002742       -0.002742 (VIOLATED)
   frfcfs_scheduler_i/n1252 0.000000       0.002742       -0.002742 (VIOLATED)
   response_i/n674          0.000000       0.002742       -0.002742 (VIOLATED)
   candidates_i/N2389       0.000000       0.002741       -0.002741 (VIOLATED)
   candidates_i/n2366       0.000000       0.002724       -0.002724 (VIOLATED)
   candidates_i/n2393       0.000000       0.002724       -0.002724 (VIOLATED)
   candidates_i/n2423       0.000000       0.002724       -0.002724 (VIOLATED)
   candidates_i/n2451       0.000000       0.002724       -0.002724 (VIOLATED)
   candidates_i/n2485       0.000000       0.002724       -0.002724 (VIOLATED)
   candidates_i/n2513       0.000000       0.002724       -0.002724 (VIOLATED)
   candidates_i/n2541       0.000000       0.002724       -0.002724 (VIOLATED)
   candidates_i/n2569       0.000000       0.002724       -0.002724 (VIOLATED)
   candidates_i/n2602       0.000000       0.002724       -0.002724 (VIOLATED)
   candidates_i/n2630       0.000000       0.002724       -0.002724 (VIOLATED)
   candidates_i/n2659       0.000000       0.002724       -0.002724 (VIOLATED)
   candidates_i/n2687       0.000000       0.002724       -0.002724 (VIOLATED)
   candidates_i/n2719       0.000000       0.002724       -0.002724 (VIOLATED)
   candidates_i/n2746       0.000000       0.002724       -0.002724 (VIOLATED)
   candidates_i/n2774       0.000000       0.002724       -0.002724 (VIOLATED)
   candidates_i/n2802       0.000000       0.002724       -0.002724 (VIOLATED)
   frfcfs_scheduler_i/n668  0.000000       0.002724       -0.002724 (VIOLATED)
   candidates_i/n1126       0.000000       0.002673       -0.002673 (VIOLATED)
   candidates_i/n1831       0.000000       0.002673       -0.002673 (VIOLATED)
   table_i/n2827            0.000000       0.002673       -0.002673 (VIOLATED)
   candidate_mask[0]        0.000000       0.002548       -0.002548 (VIOLATED)
   candidate_mask[1]        0.000000       0.002548       -0.002548 (VIOLATED)
   candidate_mask[2]        0.000000       0.002548       -0.002548 (VIOLATED)
   candidate_mask[3]        0.000000       0.002548       -0.002548 (VIOLATED)
   candidate_mask[6]        0.000000       0.002548       -0.002548 (VIOLATED)
   candidate_mask[7]        0.000000       0.002548       -0.002548 (VIOLATED)
   candidate_mask[9]        0.000000       0.002548       -0.002548 (VIOLATED)
   candidate_mask[10]       0.000000       0.002548       -0.002548 (VIOLATED)
   candidate_mask[12]       0.000000       0.002548       -0.002548 (VIOLATED)
   candidate_mask[13]       0.000000       0.002548       -0.002548 (VIOLATED)
   candidate_mask[14]       0.000000       0.002548       -0.002548 (VIOLATED)
   candidates_i/N1368       0.000000       0.002548       -0.002548 (VIOLATED)
   candidates_i/N1442       0.000000       0.002548       -0.002548 (VIOLATED)
   candidates_i/N1515       0.000000       0.002548       -0.002548 (VIOLATED)
   candidates_i/N1589       0.000000       0.002548       -0.002548 (VIOLATED)
   candidates_i/N1662       0.000000       0.002548       -0.002548 (VIOLATED)
   candidates_i/N1735       0.000000       0.002548       -0.002548 (VIOLATED)
   candidates_i/N1806       0.000000       0.002548       -0.002548 (VIOLATED)
   candidates_i/N1882       0.000000       0.002548       -0.002548 (VIOLATED)
   candidates_i/N1955       0.000000       0.002548       -0.002548 (VIOLATED)
   candidates_i/N2028       0.000000       0.002548       -0.002548 (VIOLATED)
   candidates_i/N2098       0.000000       0.002548       -0.002548 (VIOLATED)
   candidates_i/N2174       0.000000       0.002548       -0.002548 (VIOLATED)
   candidates_i/N2244       0.000000       0.002548       -0.002548 (VIOLATED)
   candidates_i/N2318       0.000000       0.002548       -0.002548 (VIOLATED)
   candidates_i/N2393       0.000000       0.002548       -0.002548 (VIOLATED)
   candidates_i/n1080       0.000000       0.002548       -0.002548 (VIOLATED)
   candidates_i/n1101       0.000000       0.002548       -0.002548 (VIOLATED)
   candidates_i/n1120       0.000000       0.002548       -0.002548 (VIOLATED)
   candidates_i/n1141       0.000000       0.002548       -0.002548 (VIOLATED)
   candidates_i/n1163       0.000000       0.002548       -0.002548 (VIOLATED)
   candidates_i/n1184       0.000000       0.002548       -0.002548 (VIOLATED)
   candidates_i/n1189       0.000000       0.002548       -0.002548 (VIOLATED)
   candidates_i/n1192       0.000000       0.002548       -0.002548 (VIOLATED)
   candidates_i/n1205       0.000000       0.002548       -0.002548 (VIOLATED)
   candidates_i/n1236       0.000000       0.002548       -0.002548 (VIOLATED)
   candidates_i/n1242       0.000000       0.002548       -0.002548 (VIOLATED)
   candidates_i/n1249       0.000000       0.002548       -0.002548 (VIOLATED)
   candidates_i/n1256       0.000000       0.002548       -0.002548 (VIOLATED)
   candidates_i/n1258       0.000000       0.002548       -0.002548 (VIOLATED)
   candidates_i/n1260       0.000000       0.002548       -0.002548 (VIOLATED)
   candidates_i/n1262       0.000000       0.002548       -0.002548 (VIOLATED)
   candidates_i/n1264       0.000000       0.002548       -0.002548 (VIOLATED)
   candidates_i/n1267       0.000000       0.002548       -0.002548 (VIOLATED)
   candidates_i/n1272       0.000000       0.002548       -0.002548 (VIOLATED)
   candidates_i/n1281       0.000000       0.002548       -0.002548 (VIOLATED)
   candidates_i/n1286       0.000000       0.002548       -0.002548 (VIOLATED)
   candidates_i/n1293       0.000000       0.002548       -0.002548 (VIOLATED)
   candidates_i/n1298       0.000000       0.002548       -0.002548 (VIOLATED)
   candidates_i/n1306       0.000000       0.002548       -0.002548 (VIOLATED)
   candidates_i/n1311       0.000000       0.002548       -0.002548 (VIOLATED)
   candidates_i/n1318       0.000000       0.002548       -0.002548 (VIOLATED)
   candidates_i/n1324       0.000000       0.002548       -0.002548 (VIOLATED)
   candidates_i/n1332       0.000000       0.002548       -0.002548 (VIOLATED)
   candidates_i/n1337       0.000000       0.002548       -0.002548 (VIOLATED)
   candidates_i/n1344       0.000000       0.002548       -0.002548 (VIOLATED)
   candidates_i/n1350       0.000000       0.002548       -0.002548 (VIOLATED)
   candidates_i/n1358       0.000000       0.002548       -0.002548 (VIOLATED)
   candidates_i/n1363       0.000000       0.002548       -0.002548 (VIOLATED)
   candidates_i/n1370       0.000000       0.002548       -0.002548 (VIOLATED)
   candidates_i/n1376       0.000000       0.002548       -0.002548 (VIOLATED)
   candidates_i/n1384       0.000000       0.002548       -0.002548 (VIOLATED)
   candidates_i/n1389       0.000000       0.002548       -0.002548 (VIOLATED)
   candidates_i/n1396       0.000000       0.002548       -0.002548 (VIOLATED)
   candidates_i/n1402       0.000000       0.002548       -0.002548 (VIOLATED)
   candidates_i/n1410       0.000000       0.002548       -0.002548 (VIOLATED)
   candidates_i/n1415       0.000000       0.002548       -0.002548 (VIOLATED)
   candidates_i/n1422       0.000000       0.002548       -0.002548 (VIOLATED)
   candidates_i/n1428       0.000000       0.002548       -0.002548 (VIOLATED)
   candidates_i/n1435       0.000000       0.002548       -0.002548 (VIOLATED)
   candidates_i/n1440       0.000000       0.002548       -0.002548 (VIOLATED)
   candidates_i/n1446       0.000000       0.002548       -0.002548 (VIOLATED)
   candidates_i/n1449       0.000000       0.002548       -0.002548 (VIOLATED)
   candidates_i/n1453       0.000000       0.002548       -0.002548 (VIOLATED)
   candidates_i/n1467       0.000000       0.002548       -0.002548 (VIOLATED)
   candidates_i/n1469       0.000000       0.002548       -0.002548 (VIOLATED)
   candidates_i/n1471       0.000000       0.002548       -0.002548 (VIOLATED)
   candidates_i/n1473       0.000000       0.002548       -0.002548 (VIOLATED)
   candidates_i/n1476       0.000000       0.002548       -0.002548 (VIOLATED)
   candidates_i/n1479       0.000000       0.002548       -0.002548 (VIOLATED)
   candidates_i/n1484       0.000000       0.002548       -0.002548 (VIOLATED)
   candidates_i/n1497       0.000000       0.002548       -0.002548 (VIOLATED)
   candidates_i/n1509       0.000000       0.002548       -0.002548 (VIOLATED)
   candidates_i/n1522       0.000000       0.002548       -0.002548 (VIOLATED)
   candidates_i/n1528       0.000000       0.002548       -0.002548 (VIOLATED)
   candidates_i/n1535       0.000000       0.002548       -0.002548 (VIOLATED)
   candidates_i/n1542       0.000000       0.002548       -0.002548 (VIOLATED)
   candidates_i/n1544       0.000000       0.002548       -0.002548 (VIOLATED)
   candidates_i/n1546       0.000000       0.002548       -0.002548 (VIOLATED)
   candidates_i/n1548       0.000000       0.002548       -0.002548 (VIOLATED)
   candidates_i/n1550       0.000000       0.002548       -0.002548 (VIOLATED)
   candidates_i/n1553       0.000000       0.002548       -0.002548 (VIOLATED)
   candidates_i/n1558       0.000000       0.002548       -0.002548 (VIOLATED)
   candidates_i/n1567       0.000000       0.002548       -0.002548 (VIOLATED)
   candidates_i/n1572       0.000000       0.002548       -0.002548 (VIOLATED)
   candidates_i/n1579       0.000000       0.002548       -0.002548 (VIOLATED)
   candidates_i/n1584       0.000000       0.002548       -0.002548 (VIOLATED)
   candidates_i/n1592       0.000000       0.002548       -0.002548 (VIOLATED)
   candidates_i/n1597       0.000000       0.002548       -0.002548 (VIOLATED)
   candidates_i/n1604       0.000000       0.002548       -0.002548 (VIOLATED)
   candidates_i/n1610       0.000000       0.002548       -0.002548 (VIOLATED)
   candidates_i/n1618       0.000000       0.002548       -0.002548 (VIOLATED)
   candidates_i/n1623       0.000000       0.002548       -0.002548 (VIOLATED)
   candidates_i/n1630       0.000000       0.002548       -0.002548 (VIOLATED)
   candidates_i/n1636       0.000000       0.002548       -0.002548 (VIOLATED)
   candidates_i/n1644       0.000000       0.002548       -0.002548 (VIOLATED)
   candidates_i/n1649       0.000000       0.002548       -0.002548 (VIOLATED)
   candidates_i/n1656       0.000000       0.002548       -0.002548 (VIOLATED)
   candidates_i/n1662       0.000000       0.002548       -0.002548 (VIOLATED)
   candidates_i/n1670       0.000000       0.002548       -0.002548 (VIOLATED)
   candidates_i/n1675       0.000000       0.002548       -0.002548 (VIOLATED)
   candidates_i/n1682       0.000000       0.002548       -0.002548 (VIOLATED)
   candidates_i/n1688       0.000000       0.002548       -0.002548 (VIOLATED)
   candidates_i/n1696       0.000000       0.002548       -0.002548 (VIOLATED)
   candidates_i/n1701       0.000000       0.002548       -0.002548 (VIOLATED)
   candidates_i/n1708       0.000000       0.002548       -0.002548 (VIOLATED)
   candidates_i/n1714       0.000000       0.002548       -0.002548 (VIOLATED)
   candidates_i/n1725       0.000000       0.002548       -0.002548 (VIOLATED)
   candidates_i/n1735       0.000000       0.002548       -0.002548 (VIOLATED)
   candidates_i/n1748       0.000000       0.002548       -0.002548 (VIOLATED)
   candidates_i/n1771       0.000000       0.002548       -0.002548 (VIOLATED)
   candidates_i/n1790       0.000000       0.002548       -0.002548 (VIOLATED)
   candidates_i/n1812       0.000000       0.002548       -0.002548 (VIOLATED)
   candidates_i/n1818       0.000000       0.002548       -0.002548 (VIOLATED)
   candidates_i/n1825       0.000000       0.002548       -0.002548 (VIOLATED)
   candidates_i/n1832       0.000000       0.002548       -0.002548 (VIOLATED)
   candidates_i/n1835       0.000000       0.002548       -0.002548 (VIOLATED)
   candidates_i/n1838       0.000000       0.002548       -0.002548 (VIOLATED)
   candidates_i/n1840       0.000000       0.002548       -0.002548 (VIOLATED)
   candidates_i/n1843       0.000000       0.002548       -0.002548 (VIOLATED)
   candidates_i/n1848       0.000000       0.002548       -0.002548 (VIOLATED)
   candidates_i/n1857       0.000000       0.002548       -0.002548 (VIOLATED)
   candidates_i/n1862       0.000000       0.002548       -0.002548 (VIOLATED)
   candidates_i/n1869       0.000000       0.002548       -0.002548 (VIOLATED)
   candidates_i/n1874       0.000000       0.002548       -0.002548 (VIOLATED)
   candidates_i/n1882       0.000000       0.002548       -0.002548 (VIOLATED)
   candidates_i/n1887       0.000000       0.002548       -0.002548 (VIOLATED)
   candidates_i/n1894       0.000000       0.002548       -0.002548 (VIOLATED)
   candidates_i/n1900       0.000000       0.002548       -0.002548 (VIOLATED)
   candidates_i/n1908       0.000000       0.002548       -0.002548 (VIOLATED)
   candidates_i/n1913       0.000000       0.002548       -0.002548 (VIOLATED)
   candidates_i/n1920       0.000000       0.002548       -0.002548 (VIOLATED)
   candidates_i/n1926       0.000000       0.002548       -0.002548 (VIOLATED)
   candidates_i/n1935       0.000000       0.002548       -0.002548 (VIOLATED)
   candidates_i/n1940       0.000000       0.002548       -0.002548 (VIOLATED)
   candidates_i/n1947       0.000000       0.002548       -0.002548 (VIOLATED)
   candidates_i/n1953       0.000000       0.002548       -0.002548 (VIOLATED)
   candidates_i/n1961       0.000000       0.002548       -0.002548 (VIOLATED)
   candidates_i/n1966       0.000000       0.002548       -0.002548 (VIOLATED)
   candidates_i/n1973       0.000000       0.002548       -0.002548 (VIOLATED)
   candidates_i/n1979       0.000000       0.002548       -0.002548 (VIOLATED)
   candidates_i/n1988       0.000000       0.002548       -0.002548 (VIOLATED)
   candidates_i/n1993       0.000000       0.002548       -0.002548 (VIOLATED)
   candidates_i/n2000       0.000000       0.002548       -0.002548 (VIOLATED)
   candidates_i/n2006       0.000000       0.002548       -0.002548 (VIOLATED)
   candidates_i/n2013       0.000000       0.002548       -0.002548 (VIOLATED)
   candidates_i/n2018       0.000000       0.002548       -0.002548 (VIOLATED)
   candidates_i/n2026       0.000000       0.002548       -0.002548 (VIOLATED)
   candidates_i/n2028       0.000000       0.002548       -0.002548 (VIOLATED)
   candidates_i/n2030       0.000000       0.002548       -0.002548 (VIOLATED)
   candidates_i/n2043       0.000000       0.002548       -0.002548 (VIOLATED)
   candidates_i/n2045       0.000000       0.002548       -0.002548 (VIOLATED)
   candidates_i/n2048       0.000000       0.002548       -0.002548 (VIOLATED)
   candidates_i/n2050       0.000000       0.002548       -0.002548 (VIOLATED)
   candidates_i/n2053       0.000000       0.002548       -0.002548 (VIOLATED)
   candidates_i/n2060       0.000000       0.002548       -0.002548 (VIOLATED)
   candidates_i/n2073       0.000000       0.002548       -0.002548 (VIOLATED)
   candidates_i/n2085       0.000000       0.002548       -0.002548 (VIOLATED)
   candidates_i/n2098       0.000000       0.002548       -0.002548 (VIOLATED)
   candidates_i/n2104       0.000000       0.002548       -0.002548 (VIOLATED)
   candidates_i/n2111       0.000000       0.002548       -0.002548 (VIOLATED)
   candidates_i/n2118       0.000000       0.002548       -0.002548 (VIOLATED)
   candidates_i/n2121       0.000000       0.002548       -0.002548 (VIOLATED)
   candidates_i/n2124       0.000000       0.002548       -0.002548 (VIOLATED)
   candidates_i/n2126       0.000000       0.002548       -0.002548 (VIOLATED)
   candidates_i/n2129       0.000000       0.002548       -0.002548 (VIOLATED)
   candidates_i/n2134       0.000000       0.002548       -0.002548 (VIOLATED)
   candidates_i/n2143       0.000000       0.002548       -0.002548 (VIOLATED)
   candidates_i/n2148       0.000000       0.002548       -0.002548 (VIOLATED)
   candidates_i/n2155       0.000000       0.002548       -0.002548 (VIOLATED)
   candidates_i/n2160       0.000000       0.002548       -0.002548 (VIOLATED)
   candidates_i/n2168       0.000000       0.002548       -0.002548 (VIOLATED)
   candidates_i/n2173       0.000000       0.002548       -0.002548 (VIOLATED)
   candidates_i/n2180       0.000000       0.002548       -0.002548 (VIOLATED)
   candidates_i/n2186       0.000000       0.002548       -0.002548 (VIOLATED)
   candidates_i/n2194       0.000000       0.002548       -0.002548 (VIOLATED)
   candidates_i/n2199       0.000000       0.002548       -0.002548 (VIOLATED)
   candidates_i/n2206       0.000000       0.002548       -0.002548 (VIOLATED)
   candidates_i/n2212       0.000000       0.002548       -0.002548 (VIOLATED)
   candidates_i/n2221       0.000000       0.002548       -0.002548 (VIOLATED)
   candidates_i/n2226       0.000000       0.002548       -0.002548 (VIOLATED)
   candidates_i/n2233       0.000000       0.002548       -0.002548 (VIOLATED)
   candidates_i/n2239       0.000000       0.002548       -0.002548 (VIOLATED)
   candidates_i/n2247       0.000000       0.002548       -0.002548 (VIOLATED)
   candidates_i/n2252       0.000000       0.002548       -0.002548 (VIOLATED)
   candidates_i/n2259       0.000000       0.002548       -0.002548 (VIOLATED)
   candidates_i/n2265       0.000000       0.002548       -0.002548 (VIOLATED)
   candidates_i/n2274       0.000000       0.002548       -0.002548 (VIOLATED)
   candidates_i/n2279       0.000000       0.002548       -0.002548 (VIOLATED)
   candidates_i/n2286       0.000000       0.002548       -0.002548 (VIOLATED)
   candidates_i/n2292       0.000000       0.002548       -0.002548 (VIOLATED)
   candidates_i/n2303       0.000000       0.002548       -0.002548 (VIOLATED)
   candidates_i/n2312       0.000000       0.002548       -0.002548 (VIOLATED)
   candidates_i/n2325       0.000000       0.002548       -0.002548 (VIOLATED)
   candidates_i/n2348       0.000000       0.002548       -0.002548 (VIOLATED)
   candidates_i/n2351       0.000000       0.002548       -0.002548 (VIOLATED)
   candidates_i/n2360       0.000000       0.002548       -0.002548 (VIOLATED)
   candidates_i/n2363       0.000000       0.002548       -0.002548 (VIOLATED)
   candidates_i/n2375       0.000000       0.002548       -0.002548 (VIOLATED)
   candidates_i/n2378       0.000000       0.002548       -0.002548 (VIOLATED)
   candidates_i/n2387       0.000000       0.002548       -0.002548 (VIOLATED)
   candidates_i/n2390       0.000000       0.002548       -0.002548 (VIOLATED)
   candidates_i/n2404       0.000000       0.002548       -0.002548 (VIOLATED)
   candidates_i/n2407       0.000000       0.002548       -0.002548 (VIOLATED)
   candidates_i/n2417       0.000000       0.002548       -0.002548 (VIOLATED)
   candidates_i/n2420       0.000000       0.002548       -0.002548 (VIOLATED)
   candidates_i/n2432       0.000000       0.002548       -0.002548 (VIOLATED)
   candidates_i/n2435       0.000000       0.002548       -0.002548 (VIOLATED)
   candidates_i/n2445       0.000000       0.002548       -0.002548 (VIOLATED)
   candidates_i/n2448       0.000000       0.002548       -0.002548 (VIOLATED)
   candidates_i/n2454       0.000000       0.002548       -0.002548 (VIOLATED)
   candidates_i/n2466       0.000000       0.002548       -0.002548 (VIOLATED)
   candidates_i/n2469       0.000000       0.002548       -0.002548 (VIOLATED)
   candidates_i/n2479       0.000000       0.002548       -0.002548 (VIOLATED)
   candidates_i/n2482       0.000000       0.002548       -0.002548 (VIOLATED)
   candidates_i/n2494       0.000000       0.002548       -0.002548 (VIOLATED)
   candidates_i/n2497       0.000000       0.002548       -0.002548 (VIOLATED)
   candidates_i/n2507       0.000000       0.002548       -0.002548 (VIOLATED)
   candidates_i/n2510       0.000000       0.002548       -0.002548 (VIOLATED)
   candidates_i/n2522       0.000000       0.002548       -0.002548 (VIOLATED)
   candidates_i/n2525       0.000000       0.002548       -0.002548 (VIOLATED)
   candidates_i/n2535       0.000000       0.002548       -0.002548 (VIOLATED)
   candidates_i/n2538       0.000000       0.002548       -0.002548 (VIOLATED)
   candidates_i/n2550       0.000000       0.002548       -0.002548 (VIOLATED)
   candidates_i/n2553       0.000000       0.002548       -0.002548 (VIOLATED)
   candidates_i/n2563       0.000000       0.002548       -0.002548 (VIOLATED)
   candidates_i/n2566       0.000000       0.002548       -0.002548 (VIOLATED)
   candidates_i/n2583       0.000000       0.002548       -0.002548 (VIOLATED)
   candidates_i/n2586       0.000000       0.002548       -0.002548 (VIOLATED)
   candidates_i/n2596       0.000000       0.002548       -0.002548 (VIOLATED)
   candidates_i/n2599       0.000000       0.002548       -0.002548 (VIOLATED)
   candidates_i/n2611       0.000000       0.002548       -0.002548 (VIOLATED)
   candidates_i/n2614       0.000000       0.002548       -0.002548 (VIOLATED)
   candidates_i/n2624       0.000000       0.002548       -0.002548 (VIOLATED)
   candidates_i/n2627       0.000000       0.002548       -0.002548 (VIOLATED)
   candidates_i/n2641       0.000000       0.002548       -0.002548 (VIOLATED)
   candidates_i/n2644       0.000000       0.002548       -0.002548 (VIOLATED)
   candidates_i/n2653       0.000000       0.002548       -0.002548 (VIOLATED)
   candidates_i/n2656       0.000000       0.002548       -0.002548 (VIOLATED)
   candidates_i/n2668       0.000000       0.002548       -0.002548 (VIOLATED)
   candidates_i/n2671       0.000000       0.002548       -0.002548 (VIOLATED)
   candidates_i/n2681       0.000000       0.002548       -0.002548 (VIOLATED)
   candidates_i/n2684       0.000000       0.002548       -0.002548 (VIOLATED)
   candidates_i/n2689       0.000000       0.002548       -0.002548 (VIOLATED)
   candidates_i/n2701       0.000000       0.002548       -0.002548 (VIOLATED)
   candidates_i/n2704       0.000000       0.002548       -0.002548 (VIOLATED)
   candidates_i/n2713       0.000000       0.002548       -0.002548 (VIOLATED)
   candidates_i/n2716       0.000000       0.002548       -0.002548 (VIOLATED)
   candidates_i/n2728       0.000000       0.002548       -0.002548 (VIOLATED)
   candidates_i/n2731       0.000000       0.002548       -0.002548 (VIOLATED)
   candidates_i/n2740       0.000000       0.002548       -0.002548 (VIOLATED)
   candidates_i/n2743       0.000000       0.002548       -0.002548 (VIOLATED)
   candidates_i/n2755       0.000000       0.002548       -0.002548 (VIOLATED)
   candidates_i/n2758       0.000000       0.002548       -0.002548 (VIOLATED)
   candidates_i/n2768       0.000000       0.002548       -0.002548 (VIOLATED)
   candidates_i/n2771       0.000000       0.002548       -0.002548 (VIOLATED)
   candidates_i/n2783       0.000000       0.002548       -0.002548 (VIOLATED)
   candidates_i/n2786       0.000000       0.002548       -0.002548 (VIOLATED)
   candidates_i/n2796       0.000000       0.002548       -0.002548 (VIOLATED)
   candidates_i/n2799       0.000000       0.002548       -0.002548 (VIOLATED)
   frfcfs_scheduler_i/n689  0.000000       0.002548       -0.002548 (VIOLATED)
   frfcfs_scheduler_i/n707  0.000000       0.002548       -0.002548 (VIOLATED)
   frfcfs_scheduler_i/n710  0.000000       0.002548       -0.002548 (VIOLATED)
   frfcfs_scheduler_i/n726  0.000000       0.002548       -0.002548 (VIOLATED)
   frfcfs_scheduler_i/n736  0.000000       0.002548       -0.002548 (VIOLATED)
   frfcfs_scheduler_i/n739  0.000000       0.002548       -0.002548 (VIOLATED)
   frfcfs_scheduler_i/n754  0.000000       0.002548       -0.002548 (VIOLATED)
   frfcfs_scheduler_i/n764  0.000000       0.002548       -0.002548 (VIOLATED)
   frfcfs_scheduler_i/n767  0.000000       0.002548       -0.002548 (VIOLATED)
   frfcfs_scheduler_i/n782  0.000000       0.002548       -0.002548 (VIOLATED)
   frfcfs_scheduler_i/n792  0.000000       0.002548       -0.002548 (VIOLATED)
   frfcfs_scheduler_i/n795  0.000000       0.002548       -0.002548 (VIOLATED)
   frfcfs_scheduler_i/n811  0.000000       0.002548       -0.002548 (VIOLATED)
   frfcfs_scheduler_i/n821  0.000000       0.002548       -0.002548 (VIOLATED)
   frfcfs_scheduler_i/n824  0.000000       0.002548       -0.002548 (VIOLATED)
   frfcfs_scheduler_i/n839  0.000000       0.002548       -0.002548 (VIOLATED)
   frfcfs_scheduler_i/n849  0.000000       0.002548       -0.002548 (VIOLATED)
   frfcfs_scheduler_i/n852  0.000000       0.002548       -0.002548 (VIOLATED)
   frfcfs_scheduler_i/n867  0.000000       0.002548       -0.002548 (VIOLATED)
   frfcfs_scheduler_i/n877  0.000000       0.002548       -0.002548 (VIOLATED)
   frfcfs_scheduler_i/n880  0.000000       0.002548       -0.002548 (VIOLATED)
   frfcfs_scheduler_i/n895  0.000000       0.002548       -0.002548 (VIOLATED)
   frfcfs_scheduler_i/n905  0.000000       0.002548       -0.002548 (VIOLATED)
   frfcfs_scheduler_i/n908  0.000000       0.002548       -0.002548 (VIOLATED)
   frfcfs_scheduler_i/n924  0.000000       0.002548       -0.002548 (VIOLATED)
   frfcfs_scheduler_i/n934  0.000000       0.002548       -0.002548 (VIOLATED)
   frfcfs_scheduler_i/n937  0.000000       0.002548       -0.002548 (VIOLATED)
   frfcfs_scheduler_i/n953  0.000000       0.002548       -0.002548 (VIOLATED)
   frfcfs_scheduler_i/n963  0.000000       0.002548       -0.002548 (VIOLATED)
   frfcfs_scheduler_i/n966  0.000000       0.002548       -0.002548 (VIOLATED)
   frfcfs_scheduler_i/n981  0.000000       0.002548       -0.002548 (VIOLATED)
   frfcfs_scheduler_i/n991  0.000000       0.002548       -0.002548 (VIOLATED)
   frfcfs_scheduler_i/n994  0.000000       0.002548       -0.002548 (VIOLATED)
   frfcfs_scheduler_i/n1009 0.000000       0.002548       -0.002548 (VIOLATED)
   frfcfs_scheduler_i/n1019 0.000000       0.002548       -0.002548 (VIOLATED)
   frfcfs_scheduler_i/n1022 0.000000       0.002548       -0.002548 (VIOLATED)
   frfcfs_scheduler_i/n1037 0.000000       0.002548       -0.002548 (VIOLATED)
   frfcfs_scheduler_i/n1047 0.000000       0.002548       -0.002548 (VIOLATED)
   frfcfs_scheduler_i/n1050 0.000000       0.002548       -0.002548 (VIOLATED)
   frfcfs_scheduler_i/n1065 0.000000       0.002548       -0.002548 (VIOLATED)
   frfcfs_scheduler_i/n1075 0.000000       0.002548       -0.002548 (VIOLATED)
   frfcfs_scheduler_i/n1078 0.000000       0.002548       -0.002548 (VIOLATED)
   frfcfs_scheduler_i/n1093 0.000000       0.002548       -0.002548 (VIOLATED)
   frfcfs_scheduler_i/n1103 0.000000       0.002548       -0.002548 (VIOLATED)
   frfcfs_scheduler_i/n1106 0.000000       0.002548       -0.002548 (VIOLATED)
   frfcfs_scheduler_i/n1123 0.000000       0.002548       -0.002548 (VIOLATED)
   frfcfs_scheduler_i/n1186 0.000000       0.002548       -0.002548 (VIOLATED)
   frfcfs_scheduler_i/n1209 0.000000       0.002548       -0.002548 (VIOLATED)
   frfcfs_scheduler_i/n1254 0.000000       0.002548       -0.002548 (VIOLATED)
   frfcfs_scheduler_i/n1259 0.000000       0.002548       -0.002548 (VIOLATED)
   frfcfs_scheduler_i/n1305 0.000000       0.002548       -0.002548 (VIOLATED)
   frfcfs_scheduler_i/n1310 0.000000       0.002548       -0.002548 (VIOLATED)
   frfcfs_scheduler_i/n1318 0.000000       0.002548       -0.002548 (VIOLATED)
   frfcfs_scheduler_i/n1323 0.000000       0.002548       -0.002548 (VIOLATED)
   frfcfs_scheduler_i/n1332 0.000000       0.002548       -0.002548 (VIOLATED)
   frfcfs_scheduler_i/n1337 0.000000       0.002548       -0.002548 (VIOLATED)
   frfcfs_scheduler_i/n1346 0.000000       0.002548       -0.002548 (VIOLATED)
   frfcfs_scheduler_i/n1351 0.000000       0.002548       -0.002548 (VIOLATED)
   frfcfs_scheduler_i/n1360 0.000000       0.002548       -0.002548 (VIOLATED)
   frfcfs_scheduler_i/n1365 0.000000       0.002548       -0.002548 (VIOLATED)
   frfcfs_scheduler_i/n1376 0.000000       0.002548       -0.002548 (VIOLATED)
   frfcfs_scheduler_i/n1381 0.000000       0.002548       -0.002548 (VIOLATED)
   frfcfs_scheduler_i/n1388 0.000000       0.002548       -0.002548 (VIOLATED)
   frfcfs_scheduler_i/n1393 0.000000       0.002548       -0.002548 (VIOLATED)
   frfcfs_scheduler_i/n1402 0.000000       0.002548       -0.002548 (VIOLATED)
   frfcfs_scheduler_i/n1407 0.000000       0.002548       -0.002548 (VIOLATED)
   frfcfs_scheduler_i/n1414 0.000000       0.002548       -0.002548 (VIOLATED)
   frfcfs_scheduler_i/n1419 0.000000       0.002548       -0.002548 (VIOLATED)
   frfcfs_scheduler_i/n1427 0.000000       0.002548       -0.002548 (VIOLATED)
   frfcfs_scheduler_i/n1432 0.000000       0.002548       -0.002548 (VIOLATED)
   frfcfs_scheduler_i/n1439 0.000000       0.002548       -0.002548 (VIOLATED)
   frfcfs_scheduler_i/n1444 0.000000       0.002548       -0.002548 (VIOLATED)
   frfcfs_scheduler_i/n1451 0.000000       0.002548       -0.002548 (VIOLATED)
   frfcfs_scheduler_i/n1456 0.000000       0.002548       -0.002548 (VIOLATED)
   frfcfs_scheduler_i/n1463 0.000000       0.002548       -0.002548 (VIOLATED)
   frfcfs_scheduler_i/n1468 0.000000       0.002548       -0.002548 (VIOLATED)
   frfcfs_scheduler_i/n1476 0.000000       0.002548       -0.002548 (VIOLATED)
   frfcfs_scheduler_i/n1481 0.000000       0.002548       -0.002548 (VIOLATED)
   frfcfs_scheduler_i/n1489 0.000000       0.002548       -0.002548 (VIOLATED)
   frfcfs_scheduler_i/n1494 0.000000       0.002548       -0.002548 (VIOLATED)
   n127                     0.000000       0.002548       -0.002548 (VIOLATED)
   n132                     0.000000       0.002548       -0.002548 (VIOLATED)
   n139                     0.000000       0.002548       -0.002548 (VIOLATED)
   n144                     0.000000       0.002548       -0.002548 (VIOLATED)
   n151                     0.000000       0.002548       -0.002548 (VIOLATED)
   n156                     0.000000       0.002548       -0.002548 (VIOLATED)
   n163                     0.000000       0.002548       -0.002548 (VIOLATED)
   n168                     0.000000       0.002548       -0.002548 (VIOLATED)
   n175                     0.000000       0.002548       -0.002548 (VIOLATED)
   n180                     0.000000       0.002548       -0.002548 (VIOLATED)
   n187                     0.000000       0.002548       -0.002548 (VIOLATED)
   n192                     0.000000       0.002548       -0.002548 (VIOLATED)
   n199                     0.000000       0.002548       -0.002548 (VIOLATED)
   n204                     0.000000       0.002548       -0.002548 (VIOLATED)
   n211                     0.000000       0.002548       -0.002548 (VIOLATED)
   n216                     0.000000       0.002548       -0.002548 (VIOLATED)
   n223                     0.000000       0.002548       -0.002548 (VIOLATED)
   n228                     0.000000       0.002548       -0.002548 (VIOLATED)
   n235                     0.000000       0.002548       -0.002548 (VIOLATED)
   n240                     0.000000       0.002548       -0.002548 (VIOLATED)
   n247                     0.000000       0.002548       -0.002548 (VIOLATED)
   n252                     0.000000       0.002548       -0.002548 (VIOLATED)
   n259                     0.000000       0.002548       -0.002548 (VIOLATED)
   n264                     0.000000       0.002548       -0.002548 (VIOLATED)
   n271                     0.000000       0.002548       -0.002548 (VIOLATED)
   n276                     0.000000       0.002548       -0.002548 (VIOLATED)
   n283                     0.000000       0.002548       -0.002548 (VIOLATED)
   n288                     0.000000       0.002548       -0.002548 (VIOLATED)
   n295                     0.000000       0.002548       -0.002548 (VIOLATED)
   n300                     0.000000       0.002548       -0.002548 (VIOLATED)
   n307                     0.000000       0.002548       -0.002548 (VIOLATED)
   n312                     0.000000       0.002548       -0.002548 (VIOLATED)
   n319                     0.000000       0.002548       -0.002548 (VIOLATED)
   n324                     0.000000       0.002548       -0.002548 (VIOLATED)
   n331                     0.000000       0.002548       -0.002548 (VIOLATED)
   n336                     0.000000       0.002548       -0.002548 (VIOLATED)
   n343                     0.000000       0.002548       -0.002548 (VIOLATED)
   n348                     0.000000       0.002548       -0.002548 (VIOLATED)
   n355                     0.000000       0.002548       -0.002548 (VIOLATED)
   n360                     0.000000       0.002548       -0.002548 (VIOLATED)
   n367                     0.000000       0.002548       -0.002548 (VIOLATED)
   n372                     0.000000       0.002548       -0.002548 (VIOLATED)
   n379                     0.000000       0.002548       -0.002548 (VIOLATED)
   n384                     0.000000       0.002548       -0.002548 (VIOLATED)
   n391                     0.000000       0.002548       -0.002548 (VIOLATED)
   n396                     0.000000       0.002548       -0.002548 (VIOLATED)
   n403                     0.000000       0.002548       -0.002548 (VIOLATED)
   n408                     0.000000       0.002548       -0.002548 (VIOLATED)
   n415                     0.000000       0.002548       -0.002548 (VIOLATED)
   n420                     0.000000       0.002548       -0.002548 (VIOLATED)
   n427                     0.000000       0.002548       -0.002548 (VIOLATED)
   n432                     0.000000       0.002548       -0.002548 (VIOLATED)
   n439                     0.000000       0.002548       -0.002548 (VIOLATED)
   n444                     0.000000       0.002548       -0.002548 (VIOLATED)
   n451                     0.000000       0.002548       -0.002548 (VIOLATED)
   n456                     0.000000       0.002548       -0.002548 (VIOLATED)
   n463                     0.000000       0.002548       -0.002548 (VIOLATED)
   n468                     0.000000       0.002548       -0.002548 (VIOLATED)
   n475                     0.000000       0.002548       -0.002548 (VIOLATED)
   n480                     0.000000       0.002548       -0.002548 (VIOLATED)
   n487                     0.000000       0.002548       -0.002548 (VIOLATED)
   n492                     0.000000       0.002548       -0.002548 (VIOLATED)
   n499                     0.000000       0.002548       -0.002548 (VIOLATED)
   n504                     0.000000       0.002548       -0.002548 (VIOLATED)
   n511                     0.000000       0.002548       -0.002548 (VIOLATED)
   n516                     0.000000       0.002548       -0.002548 (VIOLATED)
   n523                     0.000000       0.002548       -0.002548 (VIOLATED)
   n528                     0.000000       0.002548       -0.002548 (VIOLATED)
   n535                     0.000000       0.002548       -0.002548 (VIOLATED)
   n540                     0.000000       0.002548       -0.002548 (VIOLATED)
   n547                     0.000000       0.002548       -0.002548 (VIOLATED)
   n552                     0.000000       0.002548       -0.002548 (VIOLATED)
   n559                     0.000000       0.002548       -0.002548 (VIOLATED)
   n564                     0.000000       0.002548       -0.002548 (VIOLATED)
   n571                     0.000000       0.002548       -0.002548 (VIOLATED)
   n576                     0.000000       0.002548       -0.002548 (VIOLATED)
   n583                     0.000000       0.002548       -0.002548 (VIOLATED)
   n588                     0.000000       0.002548       -0.002548 (VIOLATED)
   n595                     0.000000       0.002548       -0.002548 (VIOLATED)
   n600                     0.000000       0.002548       -0.002548 (VIOLATED)
   n607                     0.000000       0.002548       -0.002548 (VIOLATED)
   n612                     0.000000       0.002548       -0.002548 (VIOLATED)
   n619                     0.000000       0.002548       -0.002548 (VIOLATED)
   n624                     0.000000       0.002548       -0.002548 (VIOLATED)
   n631                     0.000000       0.002548       -0.002548 (VIOLATED)
   n636                     0.000000       0.002548       -0.002548 (VIOLATED)
   n643                     0.000000       0.002548       -0.002548 (VIOLATED)
   n648                     0.000000       0.002548       -0.002548 (VIOLATED)
   n655                     0.000000       0.002548       -0.002548 (VIOLATED)
   n660                     0.000000       0.002548       -0.002548 (VIOLATED)
   n667                     0.000000       0.002548       -0.002548 (VIOLATED)
   n672                     0.000000       0.002548       -0.002548 (VIOLATED)
   n679                     0.000000       0.002548       -0.002548 (VIOLATED)
   n684                     0.000000       0.002548       -0.002548 (VIOLATED)
   n691                     0.000000       0.002548       -0.002548 (VIOLATED)
   n696                     0.000000       0.002548       -0.002548 (VIOLATED)
   n703                     0.000000       0.002548       -0.002548 (VIOLATED)
   n708                     0.000000       0.002548       -0.002548 (VIOLATED)
   n715                     0.000000       0.002548       -0.002548 (VIOLATED)
   n720                     0.000000       0.002548       -0.002548 (VIOLATED)
   response_i/n695          0.000000       0.002548       -0.002548 (VIOLATED)
   response_i/n701          0.000000       0.002548       -0.002548 (VIOLATED)
   response_i/n709          0.000000       0.002548       -0.002548 (VIOLATED)
   response_i/n715          0.000000       0.002548       -0.002548 (VIOLATED)
   response_i/n723          0.000000       0.002548       -0.002548 (VIOLATED)
   response_i/n729          0.000000       0.002548       -0.002548 (VIOLATED)
   response_i/n737          0.000000       0.002548       -0.002548 (VIOLATED)
   response_i/n743          0.000000       0.002548       -0.002548 (VIOLATED)
   response_i/n752          0.000000       0.002548       -0.002548 (VIOLATED)
   response_i/n758          0.000000       0.002548       -0.002548 (VIOLATED)
   response_i/n766          0.000000       0.002548       -0.002548 (VIOLATED)
   response_i/n772          0.000000       0.002548       -0.002548 (VIOLATED)
   response_i/n780          0.000000       0.002548       -0.002548 (VIOLATED)
   response_i/n786          0.000000       0.002548       -0.002548 (VIOLATED)
   response_i/n794          0.000000       0.002548       -0.002548 (VIOLATED)
   response_i/n800          0.000000       0.002548       -0.002548 (VIOLATED)
   response_i/n809          0.000000       0.002548       -0.002548 (VIOLATED)
   response_i/n814          0.000000       0.002548       -0.002548 (VIOLATED)
   response_i/n821          0.000000       0.002548       -0.002548 (VIOLATED)
   response_i/n826          0.000000       0.002548       -0.002548 (VIOLATED)
   response_i/n833          0.000000       0.002548       -0.002548 (VIOLATED)
   response_i/n839          0.000000       0.002548       -0.002548 (VIOLATED)
   response_i/n847          0.000000       0.002548       -0.002548 (VIOLATED)
   response_i/n852          0.000000       0.002548       -0.002548 (VIOLATED)
   response_i/n860          0.000000       0.002548       -0.002548 (VIOLATED)
   response_i/n866          0.000000       0.002548       -0.002548 (VIOLATED)
   response_i/n874          0.000000       0.002548       -0.002548 (VIOLATED)
   response_i/n879          0.000000       0.002548       -0.002548 (VIOLATED)
   response_i/n892          0.000000       0.002548       -0.002548 (VIOLATED)
   response_i/n908          0.000000       0.002548       -0.002548 (VIOLATED)
   response_i/n911          0.000000       0.002548       -0.002548 (VIOLATED)
   response_i/n920          0.000000       0.002548       -0.002548 (VIOLATED)
   response_i/n923          0.000000       0.002548       -0.002548 (VIOLATED)
   response_i/n928          0.000000       0.002548       -0.002548 (VIOLATED)
   response_i/n942          0.000000       0.002548       -0.002548 (VIOLATED)
   response_i/n945          0.000000       0.002548       -0.002548 (VIOLATED)
   response_i/n955          0.000000       0.002548       -0.002548 (VIOLATED)
   response_i/n958          0.000000       0.002548       -0.002548 (VIOLATED)
   response_i/n969          0.000000       0.002548       -0.002548 (VIOLATED)
   response_i/n972          0.000000       0.002548       -0.002548 (VIOLATED)
   response_i/n982          0.000000       0.002548       -0.002548 (VIOLATED)
   response_i/n996          0.000000       0.002548       -0.002548 (VIOLATED)
   response_i/n999          0.000000       0.002548       -0.002548 (VIOLATED)
   response_i/n1009         0.000000       0.002548       -0.002548 (VIOLATED)
   response_i/n1012         0.000000       0.002548       -0.002548 (VIOLATED)
   response_i/n1024         0.000000       0.002548       -0.002548 (VIOLATED)
   response_i/n1027         0.000000       0.002548       -0.002548 (VIOLATED)
   response_i/n1037         0.000000       0.002548       -0.002548 (VIOLATED)
   response_i/n1040         0.000000       0.002548       -0.002548 (VIOLATED)
   response_i/n1051         0.000000       0.002548       -0.002548 (VIOLATED)
   response_i/n1054         0.000000       0.002548       -0.002548 (VIOLATED)
   response_i/n1064         0.000000       0.002548       -0.002548 (VIOLATED)
   response_i/n1067         0.000000       0.002548       -0.002548 (VIOLATED)
   response_i/n1078         0.000000       0.002548       -0.002548 (VIOLATED)
   response_i/n1081         0.000000       0.002548       -0.002548 (VIOLATED)
   response_i/n1091         0.000000       0.002548       -0.002548 (VIOLATED)
   response_i/n1094         0.000000       0.002548       -0.002548 (VIOLATED)
   response_i/n1105         0.000000       0.002548       -0.002548 (VIOLATED)
   response_i/n1108         0.000000       0.002548       -0.002548 (VIOLATED)
   response_i/n1118         0.000000       0.002548       -0.002548 (VIOLATED)
   response_i/n1121         0.000000       0.002548       -0.002548 (VIOLATED)
   response_i/n1131         0.000000       0.002548       -0.002548 (VIOLATED)
   response_i/n1134         0.000000       0.002548       -0.002548 (VIOLATED)
   response_i/n1143         0.000000       0.002548       -0.002548 (VIOLATED)
   response_i/n1146         0.000000       0.002548       -0.002548 (VIOLATED)
   response_i/n1149         0.000000       0.002548       -0.002548 (VIOLATED)
   response_i/n1162         0.000000       0.002548       -0.002548 (VIOLATED)
   response_i/n1165         0.000000       0.002548       -0.002548 (VIOLATED)
   response_i/n1175         0.000000       0.002548       -0.002548 (VIOLATED)
   response_i/n1178         0.000000       0.002548       -0.002548 (VIOLATED)
   response_i/n1188         0.000000       0.002548       -0.002548 (VIOLATED)
   response_i/n1191         0.000000       0.002548       -0.002548 (VIOLATED)
   response_i/n1201         0.000000       0.002548       -0.002548 (VIOLATED)
   response_i/n1204         0.000000       0.002548       -0.002548 (VIOLATED)
   response_i/n1214         0.000000       0.002548       -0.002548 (VIOLATED)
   response_i/n1217         0.000000       0.002548       -0.002548 (VIOLATED)
   response_i/n1227         0.000000       0.002548       -0.002548 (VIOLATED)
   response_i/n1239         0.000000       0.002548       -0.002548 (VIOLATED)
   response_i/n1242         0.000000       0.002548       -0.002548 (VIOLATED)
   response_i/n1252         0.000000       0.002548       -0.002548 (VIOLATED)
   response_i/n1255         0.000000       0.002548       -0.002548 (VIOLATED)
   response_i/n1265         0.000000       0.002548       -0.002548 (VIOLATED)
   response_i/n1268         0.000000       0.002548       -0.002548 (VIOLATED)
   response_i/n1277         0.000000       0.002548       -0.002548 (VIOLATED)
   response_i/n1280         0.000000       0.002548       -0.002548 (VIOLATED)
   response_i/n1290         0.000000       0.002548       -0.002548 (VIOLATED)
   response_i/n1293         0.000000       0.002548       -0.002548 (VIOLATED)
   response_i/n1303         0.000000       0.002548       -0.002548 (VIOLATED)
   response_i/n1306         0.000000       0.002548       -0.002548 (VIOLATED)
   response_i/n1317         0.000000       0.002548       -0.002548 (VIOLATED)
   response_i/n1320         0.000000       0.002548       -0.002548 (VIOLATED)
   response_i/n1329         0.000000       0.002548       -0.002548 (VIOLATED)
   response_i/n1332         0.000000       0.002548       -0.002548 (VIOLATED)
   frfcfs_scheduler_i/n1272 0.000000       0.002386       -0.002386 (VIOLATED)
   frfcfs_scheduler_i/n1371 0.000000       0.002386       -0.002386 (VIOLATED)
   frfcfs_scheduler_i/n1372 0.000000       0.002386       -0.002386 (VIOLATED)
   response_i/n681          0.000000       0.002386       -0.002386 (VIOLATED)
   response_i/n683          0.000000       0.002386       -0.002386 (VIOLATED)
   candidates_i/N1295       0.000000       0.002365       -0.002365 (VIOLATED)
   candidates_i/n1253       0.000000       0.002365       -0.002365 (VIOLATED)
   candidates_i/n1280       0.000000       0.002365       -0.002365 (VIOLATED)
   candidates_i/n1539       0.000000       0.002365       -0.002365 (VIOLATED)
   candidates_i/n1829       0.000000       0.002365       -0.002365 (VIOLATED)
   candidates_i/n1842       0.000000       0.002365       -0.002365 (VIOLATED)
   candidates_i/n1856       0.000000       0.002365       -0.002365 (VIOLATED)
   candidates_i/n2115       0.000000       0.002365       -0.002365 (VIOLATED)
   candidates_i/n2128       0.000000       0.002365       -0.002365 (VIOLATED)
   frfcfs_scheduler_i/n641  0.000000       0.002365       -0.002365 (VIOLATED)
   frfcfs_scheduler_i/n1331 0.000000       0.002365       -0.002365 (VIOLATED)
   candidates_i/n1235       0.000000       0.002342       -0.002342 (VIOLATED)
   candidates_i/n1266       0.000000       0.002342       -0.002342 (VIOLATED)
   candidates_i/n1292       0.000000       0.002342       -0.002342 (VIOLATED)
   candidates_i/n1305       0.000000       0.002342       -0.002342 (VIOLATED)
   candidates_i/n1317       0.000000       0.002342       -0.002342 (VIOLATED)
   candidates_i/n1331       0.000000       0.002342       -0.002342 (VIOLATED)
   candidates_i/n1343       0.000000       0.002342       -0.002342 (VIOLATED)
   candidates_i/n1357       0.000000       0.002342       -0.002342 (VIOLATED)
   candidates_i/n1369       0.000000       0.002342       -0.002342 (VIOLATED)
   candidates_i/n1383       0.000000       0.002342       -0.002342 (VIOLATED)
   candidates_i/n1395       0.000000       0.002342       -0.002342 (VIOLATED)
   candidates_i/n1409       0.000000       0.002342       -0.002342 (VIOLATED)
   candidates_i/n1421       0.000000       0.002342       -0.002342 (VIOLATED)
   candidates_i/n1439       0.000000       0.002342       -0.002342 (VIOLATED)
   candidates_i/n1521       0.000000       0.002342       -0.002342 (VIOLATED)
   candidates_i/n1552       0.000000       0.002342       -0.002342 (VIOLATED)
   candidates_i/n1566       0.000000       0.002342       -0.002342 (VIOLATED)
   candidates_i/n1578       0.000000       0.002342       -0.002342 (VIOLATED)
   candidates_i/n1591       0.000000       0.002342       -0.002342 (VIOLATED)
   candidates_i/n1603       0.000000       0.002342       -0.002342 (VIOLATED)
   candidates_i/n1617       0.000000       0.002342       -0.002342 (VIOLATED)
   candidates_i/n1629       0.000000       0.002342       -0.002342 (VIOLATED)
   candidates_i/n1643       0.000000       0.002342       -0.002342 (VIOLATED)
   candidates_i/n1655       0.000000       0.002342       -0.002342 (VIOLATED)
   candidates_i/n1669       0.000000       0.002342       -0.002342 (VIOLATED)
   candidates_i/n1681       0.000000       0.002342       -0.002342 (VIOLATED)
   candidates_i/n1695       0.000000       0.002342       -0.002342 (VIOLATED)
   candidates_i/n1707       0.000000       0.002342       -0.002342 (VIOLATED)
   candidates_i/n1724       0.000000       0.002342       -0.002342 (VIOLATED)
   candidates_i/n1811       0.000000       0.002342       -0.002342 (VIOLATED)
   candidates_i/n1868       0.000000       0.002342       -0.002342 (VIOLATED)
   candidates_i/n1881       0.000000       0.002342       -0.002342 (VIOLATED)
   candidates_i/n1893       0.000000       0.002342       -0.002342 (VIOLATED)
   candidates_i/n1907       0.000000       0.002342       -0.002342 (VIOLATED)
   candidates_i/n1919       0.000000       0.002342       -0.002342 (VIOLATED)
   candidates_i/n1934       0.000000       0.002342       -0.002342 (VIOLATED)
   candidates_i/n1946       0.000000       0.002342       -0.002342 (VIOLATED)
   candidates_i/n1960       0.000000       0.002342       -0.002342 (VIOLATED)
   candidates_i/n1972       0.000000       0.002342       -0.002342 (VIOLATED)
   candidates_i/n1987       0.000000       0.002342       -0.002342 (VIOLATED)
   candidates_i/n1999       0.000000       0.002342       -0.002342 (VIOLATED)
   candidates_i/n2017       0.000000       0.002342       -0.002342 (VIOLATED)
   candidates_i/n2097       0.000000       0.002342       -0.002342 (VIOLATED)
   candidates_i/n2142       0.000000       0.002342       -0.002342 (VIOLATED)
   candidates_i/n2154       0.000000       0.002342       -0.002342 (VIOLATED)
   candidates_i/n2167       0.000000       0.002342       -0.002342 (VIOLATED)
   candidates_i/n2179       0.000000       0.002342       -0.002342 (VIOLATED)
   candidates_i/n2193       0.000000       0.002342       -0.002342 (VIOLATED)
   candidates_i/n2205       0.000000       0.002342       -0.002342 (VIOLATED)
   candidates_i/n2220       0.000000       0.002342       -0.002342 (VIOLATED)
   candidates_i/n2232       0.000000       0.002342       -0.002342 (VIOLATED)
   candidates_i/n2246       0.000000       0.002342       -0.002342 (VIOLATED)
   candidates_i/n2258       0.000000       0.002342       -0.002342 (VIOLATED)
   candidates_i/n2273       0.000000       0.002342       -0.002342 (VIOLATED)
   candidates_i/n2285       0.000000       0.002342       -0.002342 (VIOLATED)
   candidates_i/n2302       0.000000       0.002342       -0.002342 (VIOLATED)
   frfcfs_scheduler_i/n1304 0.000000       0.002342       -0.002342 (VIOLATED)
   frfcfs_scheduler_i/n1317 0.000000       0.002342       -0.002342 (VIOLATED)
   frfcfs_scheduler_i/n1345 0.000000       0.002342       -0.002342 (VIOLATED)
   frfcfs_scheduler_i/n1359 0.000000       0.002342       -0.002342 (VIOLATED)
   frfcfs_scheduler_i/n1375 0.000000       0.002342       -0.002342 (VIOLATED)
   frfcfs_scheduler_i/n1387 0.000000       0.002342       -0.002342 (VIOLATED)
   frfcfs_scheduler_i/n1401 0.000000       0.002342       -0.002342 (VIOLATED)
   frfcfs_scheduler_i/n1413 0.000000       0.002342       -0.002342 (VIOLATED)
   frfcfs_scheduler_i/n1426 0.000000       0.002342       -0.002342 (VIOLATED)
   frfcfs_scheduler_i/n1438 0.000000       0.002342       -0.002342 (VIOLATED)
   frfcfs_scheduler_i/n1450 0.000000       0.002342       -0.002342 (VIOLATED)
   frfcfs_scheduler_i/n1462 0.000000       0.002342       -0.002342 (VIOLATED)
   frfcfs_scheduler_i/n1475 0.000000       0.002342       -0.002342 (VIOLATED)
   frfcfs_scheduler_i/n1488 0.000000       0.002342       -0.002342 (VIOLATED)
   n126                     0.000000       0.002342       -0.002342 (VIOLATED)
   n138                     0.000000       0.002342       -0.002342 (VIOLATED)
   n150                     0.000000       0.002342       -0.002342 (VIOLATED)
   n162                     0.000000       0.002342       -0.002342 (VIOLATED)
   n174                     0.000000       0.002342       -0.002342 (VIOLATED)
   n186                     0.000000       0.002342       -0.002342 (VIOLATED)
   n198                     0.000000       0.002342       -0.002342 (VIOLATED)
   n210                     0.000000       0.002342       -0.002342 (VIOLATED)
   n222                     0.000000       0.002342       -0.002342 (VIOLATED)
   n234                     0.000000       0.002342       -0.002342 (VIOLATED)
   n246                     0.000000       0.002342       -0.002342 (VIOLATED)
   n258                     0.000000       0.002342       -0.002342 (VIOLATED)
   n270                     0.000000       0.002342       -0.002342 (VIOLATED)
   n282                     0.000000       0.002342       -0.002342 (VIOLATED)
   n294                     0.000000       0.002342       -0.002342 (VIOLATED)
   n306                     0.000000       0.002342       -0.002342 (VIOLATED)
   n318                     0.000000       0.002342       -0.002342 (VIOLATED)
   n330                     0.000000       0.002342       -0.002342 (VIOLATED)
   n342                     0.000000       0.002342       -0.002342 (VIOLATED)
   n354                     0.000000       0.002342       -0.002342 (VIOLATED)
   n366                     0.000000       0.002342       -0.002342 (VIOLATED)
   n378                     0.000000       0.002342       -0.002342 (VIOLATED)
   n390                     0.000000       0.002342       -0.002342 (VIOLATED)
   n402                     0.000000       0.002342       -0.002342 (VIOLATED)
   n414                     0.000000       0.002342       -0.002342 (VIOLATED)
   n426                     0.000000       0.002342       -0.002342 (VIOLATED)
   n438                     0.000000       0.002342       -0.002342 (VIOLATED)
   n450                     0.000000       0.002342       -0.002342 (VIOLATED)
   n462                     0.000000       0.002342       -0.002342 (VIOLATED)
   n474                     0.000000       0.002342       -0.002342 (VIOLATED)
   n486                     0.000000       0.002342       -0.002342 (VIOLATED)
   n498                     0.000000       0.002342       -0.002342 (VIOLATED)
   n510                     0.000000       0.002342       -0.002342 (VIOLATED)
   n522                     0.000000       0.002342       -0.002342 (VIOLATED)
   n534                     0.000000       0.002342       -0.002342 (VIOLATED)
   n546                     0.000000       0.002342       -0.002342 (VIOLATED)
   n558                     0.000000       0.002342       -0.002342 (VIOLATED)
   n570                     0.000000       0.002342       -0.002342 (VIOLATED)
   n582                     0.000000       0.002342       -0.002342 (VIOLATED)
   n594                     0.000000       0.002342       -0.002342 (VIOLATED)
   n606                     0.000000       0.002342       -0.002342 (VIOLATED)
   n618                     0.000000       0.002342       -0.002342 (VIOLATED)
   n630                     0.000000       0.002342       -0.002342 (VIOLATED)
   n642                     0.000000       0.002342       -0.002342 (VIOLATED)
   n654                     0.000000       0.002342       -0.002342 (VIOLATED)
   n666                     0.000000       0.002342       -0.002342 (VIOLATED)
   n678                     0.000000       0.002342       -0.002342 (VIOLATED)
   n690                     0.000000       0.002342       -0.002342 (VIOLATED)
   n702                     0.000000       0.002342       -0.002342 (VIOLATED)
   n714                     0.000000       0.002342       -0.002342 (VIOLATED)
   response_i/n694          0.000000       0.002342       -0.002342 (VIOLATED)
   response_i/n708          0.000000       0.002342       -0.002342 (VIOLATED)
   response_i/n722          0.000000       0.002342       -0.002342 (VIOLATED)
   response_i/n736          0.000000       0.002342       -0.002342 (VIOLATED)
   response_i/n751          0.000000       0.002342       -0.002342 (VIOLATED)
   response_i/n765          0.000000       0.002342       -0.002342 (VIOLATED)
   response_i/n779          0.000000       0.002342       -0.002342 (VIOLATED)
   response_i/n793          0.000000       0.002342       -0.002342 (VIOLATED)
   response_i/n808          0.000000       0.002342       -0.002342 (VIOLATED)
   response_i/n820          0.000000       0.002342       -0.002342 (VIOLATED)
   response_i/n832          0.000000       0.002342       -0.002342 (VIOLATED)
   response_i/n846          0.000000       0.002342       -0.002342 (VIOLATED)
   response_i/n859          0.000000       0.002342       -0.002342 (VIOLATED)
   response_i/n873          0.000000       0.002342       -0.002342 (VIOLATED)
   response_i/n927          0.000000       0.002342       -0.002342 (VIOLATED)
   candidates_i/n1234       0.000000       0.002301       -0.002301 (VIOLATED)
   candidates_i/n1265       0.000000       0.002301       -0.002301 (VIOLATED)
   candidates_i/n1291       0.000000       0.002301       -0.002301 (VIOLATED)
   candidates_i/n1304       0.000000       0.002301       -0.002301 (VIOLATED)
   candidates_i/n1316       0.000000       0.002301       -0.002301 (VIOLATED)
   candidates_i/n1330       0.000000       0.002301       -0.002301 (VIOLATED)
   candidates_i/n1342       0.000000       0.002301       -0.002301 (VIOLATED)
   candidates_i/n1356       0.000000       0.002301       -0.002301 (VIOLATED)
   candidates_i/n1368       0.000000       0.002301       -0.002301 (VIOLATED)
   candidates_i/n1382       0.000000       0.002301       -0.002301 (VIOLATED)
   candidates_i/n1394       0.000000       0.002301       -0.002301 (VIOLATED)
   candidates_i/n1408       0.000000       0.002301       -0.002301 (VIOLATED)
   candidates_i/n1420       0.000000       0.002301       -0.002301 (VIOLATED)
   candidates_i/n1438       0.000000       0.002301       -0.002301 (VIOLATED)
   candidates_i/n1520       0.000000       0.002301       -0.002301 (VIOLATED)
   candidates_i/n1551       0.000000       0.002301       -0.002301 (VIOLATED)
   candidates_i/n1565       0.000000       0.002301       -0.002301 (VIOLATED)
   candidates_i/n1577       0.000000       0.002301       -0.002301 (VIOLATED)
   candidates_i/n1590       0.000000       0.002301       -0.002301 (VIOLATED)
   candidates_i/n1602       0.000000       0.002301       -0.002301 (VIOLATED)
   candidates_i/n1616       0.000000       0.002301       -0.002301 (VIOLATED)
   candidates_i/n1628       0.000000       0.002301       -0.002301 (VIOLATED)
   candidates_i/n1642       0.000000       0.002301       -0.002301 (VIOLATED)
   candidates_i/n1654       0.000000       0.002301       -0.002301 (VIOLATED)
   candidates_i/n1668       0.000000       0.002301       -0.002301 (VIOLATED)
   candidates_i/n1680       0.000000       0.002301       -0.002301 (VIOLATED)
   candidates_i/n1694       0.000000       0.002301       -0.002301 (VIOLATED)
   candidates_i/n1706       0.000000       0.002301       -0.002301 (VIOLATED)
   candidates_i/n1723       0.000000       0.002301       -0.002301 (VIOLATED)
   candidates_i/n1810       0.000000       0.002301       -0.002301 (VIOLATED)
   candidates_i/n1867       0.000000       0.002301       -0.002301 (VIOLATED)
   candidates_i/n1880       0.000000       0.002301       -0.002301 (VIOLATED)
   candidates_i/n1892       0.000000       0.002301       -0.002301 (VIOLATED)
   candidates_i/n1906       0.000000       0.002301       -0.002301 (VIOLATED)
   candidates_i/n1918       0.000000       0.002301       -0.002301 (VIOLATED)
   candidates_i/n1933       0.000000       0.002301       -0.002301 (VIOLATED)
   candidates_i/n1945       0.000000       0.002301       -0.002301 (VIOLATED)
   candidates_i/n1959       0.000000       0.002301       -0.002301 (VIOLATED)
   candidates_i/n1971       0.000000       0.002301       -0.002301 (VIOLATED)
   candidates_i/n1986       0.000000       0.002301       -0.002301 (VIOLATED)
   candidates_i/n1998       0.000000       0.002301       -0.002301 (VIOLATED)
   candidates_i/n2016       0.000000       0.002301       -0.002301 (VIOLATED)
   candidates_i/n2096       0.000000       0.002301       -0.002301 (VIOLATED)
   candidates_i/n2141       0.000000       0.002301       -0.002301 (VIOLATED)
   candidates_i/n2153       0.000000       0.002301       -0.002301 (VIOLATED)
   candidates_i/n2166       0.000000       0.002301       -0.002301 (VIOLATED)
   candidates_i/n2178       0.000000       0.002301       -0.002301 (VIOLATED)
   candidates_i/n2192       0.000000       0.002301       -0.002301 (VIOLATED)
   candidates_i/n2204       0.000000       0.002301       -0.002301 (VIOLATED)
   candidates_i/n2219       0.000000       0.002301       -0.002301 (VIOLATED)
   candidates_i/n2231       0.000000       0.002301       -0.002301 (VIOLATED)
   candidates_i/n2245       0.000000       0.002301       -0.002301 (VIOLATED)
   candidates_i/n2257       0.000000       0.002301       -0.002301 (VIOLATED)
   candidates_i/n2272       0.000000       0.002301       -0.002301 (VIOLATED)
   candidates_i/n2284       0.000000       0.002301       -0.002301 (VIOLATED)
   candidates_i/n2301       0.000000       0.002301       -0.002301 (VIOLATED)
   frfcfs_scheduler_i/n1303 0.000000       0.002301       -0.002301 (VIOLATED)
   frfcfs_scheduler_i/n1316 0.000000       0.002301       -0.002301 (VIOLATED)
   frfcfs_scheduler_i/n1344 0.000000       0.002301       -0.002301 (VIOLATED)
   frfcfs_scheduler_i/n1358 0.000000       0.002301       -0.002301 (VIOLATED)
   frfcfs_scheduler_i/n1374 0.000000       0.002301       -0.002301 (VIOLATED)
   frfcfs_scheduler_i/n1386 0.000000       0.002301       -0.002301 (VIOLATED)
   frfcfs_scheduler_i/n1400 0.000000       0.002301       -0.002301 (VIOLATED)
   frfcfs_scheduler_i/n1412 0.000000       0.002301       -0.002301 (VIOLATED)
   frfcfs_scheduler_i/n1425 0.000000       0.002301       -0.002301 (VIOLATED)
   frfcfs_scheduler_i/n1437 0.000000       0.002301       -0.002301 (VIOLATED)
   frfcfs_scheduler_i/n1449 0.000000       0.002301       -0.002301 (VIOLATED)
   frfcfs_scheduler_i/n1461 0.000000       0.002301       -0.002301 (VIOLATED)
   frfcfs_scheduler_i/n1474 0.000000       0.002301       -0.002301 (VIOLATED)
   frfcfs_scheduler_i/n1487 0.000000       0.002301       -0.002301 (VIOLATED)
   n125                     0.000000       0.002301       -0.002301 (VIOLATED)
   n137                     0.000000       0.002301       -0.002301 (VIOLATED)
   n149                     0.000000       0.002301       -0.002301 (VIOLATED)
   n161                     0.000000       0.002301       -0.002301 (VIOLATED)
   n173                     0.000000       0.002301       -0.002301 (VIOLATED)
   n185                     0.000000       0.002301       -0.002301 (VIOLATED)
   n197                     0.000000       0.002301       -0.002301 (VIOLATED)
   n209                     0.000000       0.002301       -0.002301 (VIOLATED)
   n221                     0.000000       0.002301       -0.002301 (VIOLATED)
   n233                     0.000000       0.002301       -0.002301 (VIOLATED)
   n245                     0.000000       0.002301       -0.002301 (VIOLATED)
   n257                     0.000000       0.002301       -0.002301 (VIOLATED)
   n269                     0.000000       0.002301       -0.002301 (VIOLATED)
   n281                     0.000000       0.002301       -0.002301 (VIOLATED)
   n293                     0.000000       0.002301       -0.002301 (VIOLATED)
   n305                     0.000000       0.002301       -0.002301 (VIOLATED)
   n317                     0.000000       0.002301       -0.002301 (VIOLATED)
   n329                     0.000000       0.002301       -0.002301 (VIOLATED)
   n341                     0.000000       0.002301       -0.002301 (VIOLATED)
   n353                     0.000000       0.002301       -0.002301 (VIOLATED)
   n365                     0.000000       0.002301       -0.002301 (VIOLATED)
   n377                     0.000000       0.002301       -0.002301 (VIOLATED)
   n389                     0.000000       0.002301       -0.002301 (VIOLATED)
   n401                     0.000000       0.002301       -0.002301 (VIOLATED)
   n413                     0.000000       0.002301       -0.002301 (VIOLATED)
   n425                     0.000000       0.002301       -0.002301 (VIOLATED)
   n437                     0.000000       0.002301       -0.002301 (VIOLATED)
   n449                     0.000000       0.002301       -0.002301 (VIOLATED)
   n461                     0.000000       0.002301       -0.002301 (VIOLATED)
   n473                     0.000000       0.002301       -0.002301 (VIOLATED)
   n485                     0.000000       0.002301       -0.002301 (VIOLATED)
   n497                     0.000000       0.002301       -0.002301 (VIOLATED)
   n509                     0.000000       0.002301       -0.002301 (VIOLATED)
   n521                     0.000000       0.002301       -0.002301 (VIOLATED)
   n533                     0.000000       0.002301       -0.002301 (VIOLATED)
   n545                     0.000000       0.002301       -0.002301 (VIOLATED)
   n557                     0.000000       0.002301       -0.002301 (VIOLATED)
   n569                     0.000000       0.002301       -0.002301 (VIOLATED)
   n581                     0.000000       0.002301       -0.002301 (VIOLATED)
   n593                     0.000000       0.002301       -0.002301 (VIOLATED)
   n605                     0.000000       0.002301       -0.002301 (VIOLATED)
   n617                     0.000000       0.002301       -0.002301 (VIOLATED)
   n629                     0.000000       0.002301       -0.002301 (VIOLATED)
   n641                     0.000000       0.002301       -0.002301 (VIOLATED)
   n653                     0.000000       0.002301       -0.002301 (VIOLATED)
   n665                     0.000000       0.002301       -0.002301 (VIOLATED)
   n677                     0.000000       0.002301       -0.002301 (VIOLATED)
   n689                     0.000000       0.002301       -0.002301 (VIOLATED)
   n701                     0.000000       0.002301       -0.002301 (VIOLATED)
   n713                     0.000000       0.002301       -0.002301 (VIOLATED)
   response_i/n693          0.000000       0.002301       -0.002301 (VIOLATED)
   response_i/n707          0.000000       0.002301       -0.002301 (VIOLATED)
   response_i/n721          0.000000       0.002301       -0.002301 (VIOLATED)
   response_i/n735          0.000000       0.002301       -0.002301 (VIOLATED)
   response_i/n750          0.000000       0.002301       -0.002301 (VIOLATED)
   response_i/n764          0.000000       0.002301       -0.002301 (VIOLATED)
   response_i/n778          0.000000       0.002301       -0.002301 (VIOLATED)
   response_i/n792          0.000000       0.002301       -0.002301 (VIOLATED)
   response_i/n807          0.000000       0.002301       -0.002301 (VIOLATED)
   response_i/n819          0.000000       0.002301       -0.002301 (VIOLATED)
   response_i/n831          0.000000       0.002301       -0.002301 (VIOLATED)
   response_i/n845          0.000000       0.002301       -0.002301 (VIOLATED)
   response_i/n858          0.000000       0.002301       -0.002301 (VIOLATED)
   response_i/n872          0.000000       0.002301       -0.002301 (VIOLATED)
   response_i/n926          0.000000       0.002301       -0.002301 (VIOLATED)
   candidates_i/n1252       0.000000       0.002242       -0.002242 (VIOLATED)
   candidates_i/n1279       0.000000       0.002242       -0.002242 (VIOLATED)
   candidates_i/n1538       0.000000       0.002242       -0.002242 (VIOLATED)
   candidates_i/n1828       0.000000       0.002242       -0.002242 (VIOLATED)
   candidates_i/n1841       0.000000       0.002242       -0.002242 (VIOLATED)
   candidates_i/n1855       0.000000       0.002242       -0.002242 (VIOLATED)
   candidates_i/n2114       0.000000       0.002242       -0.002242 (VIOLATED)
   candidates_i/n2127       0.000000       0.002242       -0.002242 (VIOLATED)
   frfcfs_scheduler_i/n640  0.000000       0.002242       -0.002242 (VIOLATED)
   frfcfs_scheduler_i/n1330 0.000000       0.002242       -0.002242 (VIOLATED)
   candidates_i/N1314       0.000000       0.002111       -0.002111 (VIOLATED)
   candidates_i/N1387       0.000000       0.002111       -0.002111 (VIOLATED)
   candidates_i/N1460       0.000000       0.002111       -0.002111 (VIOLATED)
   candidates_i/N1533       0.000000       0.002111       -0.002111 (VIOLATED)
   candidates_i/N1606       0.000000       0.002111       -0.002111 (VIOLATED)
   candidates_i/N1679       0.000000       0.002111       -0.002111 (VIOLATED)
   candidates_i/N1752       0.000000       0.002111       -0.002111 (VIOLATED)
   candidates_i/N1825       0.000000       0.002111       -0.002111 (VIOLATED)
   candidates_i/N1898       0.000000       0.002111       -0.002111 (VIOLATED)
   candidates_i/N1971       0.000000       0.002111       -0.002111 (VIOLATED)
   candidates_i/N2044       0.000000       0.002111       -0.002111 (VIOLATED)
   candidates_i/N2190       0.000000       0.002111       -0.002111 (VIOLATED)
   candidates_i/N2263       0.000000       0.002111       -0.002111 (VIOLATED)
   candidates_i/N2336       0.000000       0.002111       -0.002111 (VIOLATED)
   candidates_i/N2409       0.000000       0.002111       -0.002111 (VIOLATED)
   candidates_i/n896        0.000000       0.002111       -0.002111 (VIOLATED)
   candidates_i/n898        0.000000       0.002111       -0.002111 (VIOLATED)
   candidates_i/n900        0.000000       0.002111       -0.002111 (VIOLATED)
   candidates_i/n908        0.000000       0.002111       -0.002111 (VIOLATED)
   candidates_i/n910        0.000000       0.002111       -0.002111 (VIOLATED)
   candidates_i/n912        0.000000       0.002111       -0.002111 (VIOLATED)
   candidates_i/n920        0.000000       0.002111       -0.002111 (VIOLATED)
   candidates_i/n922        0.000000       0.002111       -0.002111 (VIOLATED)
   candidates_i/n924        0.000000       0.002111       -0.002111 (VIOLATED)
   candidates_i/n932        0.000000       0.002111       -0.002111 (VIOLATED)
   candidates_i/n934        0.000000       0.002111       -0.002111 (VIOLATED)
   candidates_i/n936        0.000000       0.002111       -0.002111 (VIOLATED)
   candidates_i/n944        0.000000       0.002111       -0.002111 (VIOLATED)
   candidates_i/n946        0.000000       0.002111       -0.002111 (VIOLATED)
   candidates_i/n948        0.000000       0.002111       -0.002111 (VIOLATED)
   candidates_i/n956        0.000000       0.002111       -0.002111 (VIOLATED)
   candidates_i/n958        0.000000       0.002111       -0.002111 (VIOLATED)
   candidates_i/n960        0.000000       0.002111       -0.002111 (VIOLATED)
   candidates_i/n968        0.000000       0.002111       -0.002111 (VIOLATED)
   candidates_i/n970        0.000000       0.002111       -0.002111 (VIOLATED)
   candidates_i/n972        0.000000       0.002111       -0.002111 (VIOLATED)
   candidates_i/n980        0.000000       0.002111       -0.002111 (VIOLATED)
   candidates_i/n982        0.000000       0.002111       -0.002111 (VIOLATED)
   candidates_i/n984        0.000000       0.002111       -0.002111 (VIOLATED)
   candidates_i/n1072       0.000000       0.002111       -0.002111 (VIOLATED)
   candidates_i/n1095       0.000000       0.002111       -0.002111 (VIOLATED)
   candidates_i/n1114       0.000000       0.002111       -0.002111 (VIOLATED)
   candidates_i/n1135       0.000000       0.002111       -0.002111 (VIOLATED)
   candidates_i/n1154       0.000000       0.002111       -0.002111 (VIOLATED)
   candidates_i/n1174       0.000000       0.002111       -0.002111 (VIOLATED)
   candidates_i/n1182       0.000000       0.002111       -0.002111 (VIOLATED)
   candidates_i/n1199       0.000000       0.002111       -0.002111 (VIOLATED)
   candidates_i/n1222       0.000000       0.002111       -0.002111 (VIOLATED)
   candidates_i/n1493       0.000000       0.002111       -0.002111 (VIOLATED)
   candidates_i/n1495       0.000000       0.002111       -0.002111 (VIOLATED)
   candidates_i/n1505       0.000000       0.002111       -0.002111 (VIOLATED)
   candidates_i/n1507       0.000000       0.002111       -0.002111 (VIOLATED)
   candidates_i/n1763       0.000000       0.002111       -0.002111 (VIOLATED)
   candidates_i/n1767       0.000000       0.002111       -0.002111 (VIOLATED)
   candidates_i/n1782       0.000000       0.002111       -0.002111 (VIOLATED)
   candidates_i/n1786       0.000000       0.002111       -0.002111 (VIOLATED)
   candidates_i/n2069       0.000000       0.002111       -0.002111 (VIOLATED)
   candidates_i/n2071       0.000000       0.002111       -0.002111 (VIOLATED)
   candidates_i/n2081       0.000000       0.002111       -0.002111 (VIOLATED)
   candidates_i/n2083       0.000000       0.002111       -0.002111 (VIOLATED)
   candidates_i/n2339       0.000000       0.002111       -0.002111 (VIOLATED)
   candidates_i/n2346       0.000000       0.002111       -0.002111 (VIOLATED)
   candidates_i/n2358       0.000000       0.002111       -0.002111 (VIOLATED)
   candidates_i/n2373       0.000000       0.002111       -0.002111 (VIOLATED)
   candidates_i/n2385       0.000000       0.002111       -0.002111 (VIOLATED)
   candidates_i/n2395       0.000000       0.002111       -0.002111 (VIOLATED)
   candidates_i/n2402       0.000000       0.002111       -0.002111 (VIOLATED)
   candidates_i/n2415       0.000000       0.002111       -0.002111 (VIOLATED)
   candidates_i/n2430       0.000000       0.002111       -0.002111 (VIOLATED)
   candidates_i/n2443       0.000000       0.002111       -0.002111 (VIOLATED)
   candidates_i/n2452       0.000000       0.002111       -0.002111 (VIOLATED)
   candidates_i/n2464       0.000000       0.002111       -0.002111 (VIOLATED)
   candidates_i/n2477       0.000000       0.002111       -0.002111 (VIOLATED)
   candidates_i/n2492       0.000000       0.002111       -0.002111 (VIOLATED)
   candidates_i/n2505       0.000000       0.002111       -0.002111 (VIOLATED)
   candidates_i/n2520       0.000000       0.002111       -0.002111 (VIOLATED)
   candidates_i/n2533       0.000000       0.002111       -0.002111 (VIOLATED)
   candidates_i/n2548       0.000000       0.002111       -0.002111 (VIOLATED)
   candidates_i/n2561       0.000000       0.002111       -0.002111 (VIOLATED)
   candidates_i/n2574       0.000000       0.002111       -0.002111 (VIOLATED)
   candidates_i/n2581       0.000000       0.002111       -0.002111 (VIOLATED)
   candidates_i/n2594       0.000000       0.002111       -0.002111 (VIOLATED)
   candidates_i/n2609       0.000000       0.002111       -0.002111 (VIOLATED)
   candidates_i/n2622       0.000000       0.002111       -0.002111 (VIOLATED)
   candidates_i/n2632       0.000000       0.002111       -0.002111 (VIOLATED)
   candidates_i/n2639       0.000000       0.002111       -0.002111 (VIOLATED)
   candidates_i/n2651       0.000000       0.002111       -0.002111 (VIOLATED)
   candidates_i/n2666       0.000000       0.002111       -0.002111 (VIOLATED)
   candidates_i/n2679       0.000000       0.002111       -0.002111 (VIOLATED)
   candidates_i/n2699       0.000000       0.002111       -0.002111 (VIOLATED)
   candidates_i/n2711       0.000000       0.002111       -0.002111 (VIOLATED)
   candidates_i/n2726       0.000000       0.002111       -0.002111 (VIOLATED)
   candidates_i/n2738       0.000000       0.002111       -0.002111 (VIOLATED)
   candidates_i/n2753       0.000000       0.002111       -0.002111 (VIOLATED)
   candidates_i/n2766       0.000000       0.002111       -0.002111 (VIOLATED)
   candidates_i/n2781       0.000000       0.002111       -0.002111 (VIOLATED)
   candidates_i/n2794       0.000000       0.002111       -0.002111 (VIOLATED)
   candidates_i/n2804       0.000000       0.002111       -0.002111 (VIOLATED)
   candidates_i/n2806       0.000000       0.002111       -0.002111 (VIOLATED)
   candidates_i/n2814       0.000000       0.002111       -0.002111 (VIOLATED)
   candidates_i/n2816       0.000000       0.002111       -0.002111 (VIOLATED)
   candidates_i/n2818       0.000000       0.002111       -0.002111 (VIOLATED)
   candidates_i/n2826       0.000000       0.002111       -0.002111 (VIOLATED)
   candidates_i/n2828       0.000000       0.002111       -0.002111 (VIOLATED)
   candidates_i/n2830       0.000000       0.002111       -0.002111 (VIOLATED)
   candidates_i/n2839       0.000000       0.002111       -0.002111 (VIOLATED)
   candidates_i/n2841       0.000000       0.002111       -0.002111 (VIOLATED)
   candidates_i/n2851       0.000000       0.002111       -0.002111 (VIOLATED)
   candidates_i/n2853       0.000000       0.002111       -0.002111 (VIOLATED)
   candidates_i/n2855       0.000000       0.002111       -0.002111 (VIOLATED)
   candidates_i/n2863       0.000000       0.002111       -0.002111 (VIOLATED)
   candidates_i/n2865       0.000000       0.002111       -0.002111 (VIOLATED)
   candidates_i/n2867       0.000000       0.002111       -0.002111 (VIOLATED)
   candidates_i/n2876       0.000000       0.002111       -0.002111 (VIOLATED)
   candidates_i/n2878       0.000000       0.002111       -0.002111 (VIOLATED)
   candidates_i/n2880       0.000000       0.002111       -0.002111 (VIOLATED)
   candidates_i/n2889       0.000000       0.002111       -0.002111 (VIOLATED)
   candidates_i/n2891       0.000000       0.002111       -0.002111 (VIOLATED)
   candidates_i/n2893       0.000000       0.002111       -0.002111 (VIOLATED)
   candidates_i/n2899       0.000000       0.002111       -0.002111 (VIOLATED)
   candidates_i/n3328       0.000000       0.002111       -0.002111 (VIOLATED)
   candidates_i/n3358       0.000000       0.002111       -0.002111 (VIOLATED)
   candidates_i/n3390       0.000000       0.002111       -0.002111 (VIOLATED)
   candidates_i/n3418       0.000000       0.002111       -0.002111 (VIOLATED)
   candidates_i/n3420       0.000000       0.002111       -0.002111 (VIOLATED)
   candidates_i/n3452       0.000000       0.002111       -0.002111 (VIOLATED)
   candidates_i/n3478       0.000000       0.002111       -0.002111 (VIOLATED)
   candidates_i/n3482       0.000000       0.002111       -0.002111 (VIOLATED)
   candidates_i/n3510       0.000000       0.002111       -0.002111 (VIOLATED)
   candidates_i/n3512       0.000000       0.002111       -0.002111 (VIOLATED)
   candidates_i/n3538       0.000000       0.002111       -0.002111 (VIOLATED)
   candidates_i/n3577       0.000000       0.002111       -0.002111 (VIOLATED)
   candidates_i/n3598       0.000000       0.002111       -0.002111 (VIOLATED)
   candidates_i/n3606       0.000000       0.002111       -0.002111 (VIOLATED)
   candidates_i/n3630       0.000000       0.002111       -0.002111 (VIOLATED)
   candidates_i/n3636       0.000000       0.002111       -0.002111 (VIOLATED)
   candidates_i/n3657       0.000000       0.002111       -0.002111 (VIOLATED)
   candidates_i/n3691       0.000000       0.002111       -0.002111 (VIOLATED)
   candidates_i/n3695       0.000000       0.002111       -0.002111 (VIOLATED)
   candidates_i/n3717       0.000000       0.002111       -0.002111 (VIOLATED)
   candidates_i/n3748       0.000000       0.002111       -0.002111 (VIOLATED)
   candidates_i/n3779       0.000000       0.002111       -0.002111 (VIOLATED)
   candidates_i/n3783       0.000000       0.002111       -0.002111 (VIOLATED)
   frfcfs_scheduler_i/N1600 0.000000       0.002111       -0.002111 (VIOLATED)
   frfcfs_scheduler_i/N1601 0.000000       0.002111       -0.002111 (VIOLATED)
   frfcfs_scheduler_i/N1602 0.000000       0.002111       -0.002111 (VIOLATED)
   frfcfs_scheduler_i/N1603 0.000000       0.002111       -0.002111 (VIOLATED)
   frfcfs_scheduler_i/n562  0.000000       0.002111       -0.002111 (VIOLATED)
   frfcfs_scheduler_i/n564  0.000000       0.002111       -0.002111 (VIOLATED)
   frfcfs_scheduler_i/n566  0.000000       0.002111       -0.002111 (VIOLATED)
   frfcfs_scheduler_i/n572  0.000000       0.002111       -0.002111 (VIOLATED)
   frfcfs_scheduler_i/n654  0.000000       0.002111       -0.002111 (VIOLATED)
   frfcfs_scheduler_i/n683  0.000000       0.002111       -0.002111 (VIOLATED)
   frfcfs_scheduler_i/n752  0.000000       0.002111       -0.002111 (VIOLATED)
   frfcfs_scheduler_i/n809  0.000000       0.002111       -0.002111 (VIOLATED)
   frfcfs_scheduler_i/n865  0.000000       0.002111       -0.002111 (VIOLATED)
   frfcfs_scheduler_i/n922  0.000000       0.002111       -0.002111 (VIOLATED)
   frfcfs_scheduler_i/n951  0.000000       0.002111       -0.002111 (VIOLATED)
   frfcfs_scheduler_i/n979  0.000000       0.002111       -0.002111 (VIOLATED)
   frfcfs_scheduler_i/n1007 0.000000       0.002111       -0.002111 (VIOLATED)
   frfcfs_scheduler_i/n1035 0.000000       0.002111       -0.002111 (VIOLATED)
   frfcfs_scheduler_i/n1063 0.000000       0.002111       -0.002111 (VIOLATED)
   frfcfs_scheduler_i/n1091 0.000000       0.002111       -0.002111 (VIOLATED)
   frfcfs_scheduler_i/n1120 0.000000       0.002111       -0.002111 (VIOLATED)
   response_i/n857          0.000000       0.002111       -0.002111 (VIOLATED)
   response_i/n890          0.000000       0.002111       -0.002111 (VIOLATED)
   response_i/n906          0.000000       0.002111       -0.002111 (VIOLATED)
   response_i/n918          0.000000       0.002111       -0.002111 (VIOLATED)
   response_i/n940          0.000000       0.002111       -0.002111 (VIOLATED)
   response_i/n953          0.000000       0.002111       -0.002111 (VIOLATED)
   response_i/n967          0.000000       0.002111       -0.002111 (VIOLATED)
   response_i/n980          0.000000       0.002111       -0.002111 (VIOLATED)
   response_i/n994          0.000000       0.002111       -0.002111 (VIOLATED)
   response_i/n1007         0.000000       0.002111       -0.002111 (VIOLATED)
   response_i/n1022         0.000000       0.002111       -0.002111 (VIOLATED)
   response_i/n1035         0.000000       0.002111       -0.002111 (VIOLATED)
   response_i/n1049         0.000000       0.002111       -0.002111 (VIOLATED)
   response_i/n1062         0.000000       0.002111       -0.002111 (VIOLATED)
   response_i/n1076         0.000000       0.002111       -0.002111 (VIOLATED)
   response_i/n1089         0.000000       0.002111       -0.002111 (VIOLATED)
   response_i/n1103         0.000000       0.002111       -0.002111 (VIOLATED)
   response_i/n1116         0.000000       0.002111       -0.002111 (VIOLATED)
   response_i/n1129         0.000000       0.002111       -0.002111 (VIOLATED)
   response_i/n1141         0.000000       0.002111       -0.002111 (VIOLATED)
   response_i/n1160         0.000000       0.002111       -0.002111 (VIOLATED)
   response_i/n1173         0.000000       0.002111       -0.002111 (VIOLATED)
   response_i/n1186         0.000000       0.002111       -0.002111 (VIOLATED)
   response_i/n1199         0.000000       0.002111       -0.002111 (VIOLATED)
   response_i/n1212         0.000000       0.002111       -0.002111 (VIOLATED)
   response_i/n1225         0.000000       0.002111       -0.002111 (VIOLATED)
   response_i/n1237         0.000000       0.002111       -0.002111 (VIOLATED)
   response_i/n1250         0.000000       0.002111       -0.002111 (VIOLATED)
   response_i/n1263         0.000000       0.002111       -0.002111 (VIOLATED)
   response_i/n1275         0.000000       0.002111       -0.002111 (VIOLATED)
   response_i/n1288         0.000000       0.002111       -0.002111 (VIOLATED)
   response_i/n1301         0.000000       0.002111       -0.002111 (VIOLATED)
   response_i/n1315         0.000000       0.002111       -0.002111 (VIOLATED)
   response_i/n1327         0.000000       0.002111       -0.002111 (VIOLATED)
   banks_i/n59              0.000000       0.002027       -0.002027 (VIOLATED)
   banks_i/n105             0.000000       0.002027       -0.002027 (VIOLATED)
   candidates_i/n895        0.000000       0.002027       -0.002027 (VIOLATED)
   candidates_i/n897        0.000000       0.002027       -0.002027 (VIOLATED)
   candidates_i/n899        0.000000       0.002027       -0.002027 (VIOLATED)
   candidates_i/n907        0.000000       0.002027       -0.002027 (VIOLATED)
   candidates_i/n909        0.000000       0.002027       -0.002027 (VIOLATED)
   candidates_i/n911        0.000000       0.002027       -0.002027 (VIOLATED)
   candidates_i/n919        0.000000       0.002027       -0.002027 (VIOLATED)
   candidates_i/n921        0.000000       0.002027       -0.002027 (VIOLATED)
   candidates_i/n923        0.000000       0.002027       -0.002027 (VIOLATED)
   candidates_i/n931        0.000000       0.002027       -0.002027 (VIOLATED)
   candidates_i/n933        0.000000       0.002027       -0.002027 (VIOLATED)
   candidates_i/n935        0.000000       0.002027       -0.002027 (VIOLATED)
   candidates_i/n943        0.000000       0.002027       -0.002027 (VIOLATED)
   candidates_i/n945        0.000000       0.002027       -0.002027 (VIOLATED)
   candidates_i/n947        0.000000       0.002027       -0.002027 (VIOLATED)
   candidates_i/n955        0.000000       0.002027       -0.002027 (VIOLATED)
   candidates_i/n957        0.000000       0.002027       -0.002027 (VIOLATED)
   candidates_i/n959        0.000000       0.002027       -0.002027 (VIOLATED)
   candidates_i/n967        0.000000       0.002027       -0.002027 (VIOLATED)
   candidates_i/n969        0.000000       0.002027       -0.002027 (VIOLATED)
   candidates_i/n971        0.000000       0.002027       -0.002027 (VIOLATED)
   candidates_i/n979        0.000000       0.002027       -0.002027 (VIOLATED)
   candidates_i/n981        0.000000       0.002027       -0.002027 (VIOLATED)
   candidates_i/n983        0.000000       0.002027       -0.002027 (VIOLATED)
   candidates_i/n991        0.000000       0.002027       -0.002027 (VIOLATED)
   candidates_i/n1073       0.000000       0.002027       -0.002027 (VIOLATED)
   candidates_i/n1096       0.000000       0.002027       -0.002027 (VIOLATED)
   candidates_i/n1115       0.000000       0.002027       -0.002027 (VIOLATED)
   candidates_i/n1136       0.000000       0.002027       -0.002027 (VIOLATED)
   candidates_i/n1155       0.000000       0.002027       -0.002027 (VIOLATED)
   candidates_i/n1175       0.000000       0.002027       -0.002027 (VIOLATED)
   candidates_i/n1200       0.000000       0.002027       -0.002027 (VIOLATED)
   candidates_i/n1223       0.000000       0.002027       -0.002027 (VIOLATED)
   candidates_i/n1494       0.000000       0.002027       -0.002027 (VIOLATED)
   candidates_i/n1496       0.000000       0.002027       -0.002027 (VIOLATED)
   candidates_i/n1506       0.000000       0.002027       -0.002027 (VIOLATED)
   candidates_i/n1508       0.000000       0.002027       -0.002027 (VIOLATED)
   candidates_i/n1764       0.000000       0.002027       -0.002027 (VIOLATED)
   candidates_i/n1768       0.000000       0.002027       -0.002027 (VIOLATED)
   candidates_i/n1783       0.000000       0.002027       -0.002027 (VIOLATED)
   candidates_i/n1787       0.000000       0.002027       -0.002027 (VIOLATED)
   candidates_i/n2035       0.000000       0.002027       -0.002027 (VIOLATED)
   candidates_i/n2070       0.000000       0.002027       -0.002027 (VIOLATED)
   candidates_i/n2072       0.000000       0.002027       -0.002027 (VIOLATED)
   candidates_i/n2082       0.000000       0.002027       -0.002027 (VIOLATED)
   candidates_i/n2084       0.000000       0.002027       -0.002027 (VIOLATED)
   candidates_i/n2340       0.000000       0.002027       -0.002027 (VIOLATED)
   candidates_i/n2347       0.000000       0.002027       -0.002027 (VIOLATED)
   candidates_i/n2359       0.000000       0.002027       -0.002027 (VIOLATED)
   candidates_i/n2374       0.000000       0.002027       -0.002027 (VIOLATED)
   candidates_i/n2386       0.000000       0.002027       -0.002027 (VIOLATED)
   candidates_i/n2396       0.000000       0.002027       -0.002027 (VIOLATED)
   candidates_i/n2403       0.000000       0.002027       -0.002027 (VIOLATED)
   candidates_i/n2416       0.000000       0.002027       -0.002027 (VIOLATED)
   candidates_i/n2431       0.000000       0.002027       -0.002027 (VIOLATED)
   candidates_i/n2444       0.000000       0.002027       -0.002027 (VIOLATED)
   candidates_i/n2453       0.000000       0.002027       -0.002027 (VIOLATED)
   candidates_i/n2465       0.000000       0.002027       -0.002027 (VIOLATED)
   candidates_i/n2478       0.000000       0.002027       -0.002027 (VIOLATED)
   candidates_i/n2493       0.000000       0.002027       -0.002027 (VIOLATED)
   candidates_i/n2506       0.000000       0.002027       -0.002027 (VIOLATED)
   candidates_i/n2521       0.000000       0.002027       -0.002027 (VIOLATED)
   candidates_i/n2534       0.000000       0.002027       -0.002027 (VIOLATED)
   candidates_i/n2549       0.000000       0.002027       -0.002027 (VIOLATED)
   candidates_i/n2562       0.000000       0.002027       -0.002027 (VIOLATED)
   candidates_i/n2575       0.000000       0.002027       -0.002027 (VIOLATED)
   candidates_i/n2582       0.000000       0.002027       -0.002027 (VIOLATED)
   candidates_i/n2595       0.000000       0.002027       -0.002027 (VIOLATED)
   candidates_i/n2610       0.000000       0.002027       -0.002027 (VIOLATED)
   candidates_i/n2623       0.000000       0.002027       -0.002027 (VIOLATED)
   candidates_i/n2633       0.000000       0.002027       -0.002027 (VIOLATED)
   candidates_i/n2640       0.000000       0.002027       -0.002027 (VIOLATED)
   candidates_i/n2652       0.000000       0.002027       -0.002027 (VIOLATED)
   candidates_i/n2667       0.000000       0.002027       -0.002027 (VIOLATED)
   candidates_i/n2680       0.000000       0.002027       -0.002027 (VIOLATED)
   candidates_i/n2700       0.000000       0.002027       -0.002027 (VIOLATED)
   candidates_i/n2712       0.000000       0.002027       -0.002027 (VIOLATED)
   candidates_i/n2727       0.000000       0.002027       -0.002027 (VIOLATED)
   candidates_i/n2739       0.000000       0.002027       -0.002027 (VIOLATED)
   candidates_i/n2754       0.000000       0.002027       -0.002027 (VIOLATED)
   candidates_i/n2767       0.000000       0.002027       -0.002027 (VIOLATED)
   candidates_i/n2782       0.000000       0.002027       -0.002027 (VIOLATED)
   candidates_i/n2795       0.000000       0.002027       -0.002027 (VIOLATED)
   candidates_i/n2805       0.000000       0.002027       -0.002027 (VIOLATED)
   candidates_i/n2813       0.000000       0.002027       -0.002027 (VIOLATED)
   candidates_i/n2815       0.000000       0.002027       -0.002027 (VIOLATED)
   candidates_i/n2817       0.000000       0.002027       -0.002027 (VIOLATED)
   candidates_i/n2825       0.000000       0.002027       -0.002027 (VIOLATED)
   candidates_i/n2827       0.000000       0.002027       -0.002027 (VIOLATED)
   candidates_i/n2829       0.000000       0.002027       -0.002027 (VIOLATED)
   candidates_i/n2838       0.000000       0.002027       -0.002027 (VIOLATED)
   candidates_i/n2840       0.000000       0.002027       -0.002027 (VIOLATED)
   candidates_i/n2850       0.000000       0.002027       -0.002027 (VIOLATED)
   candidates_i/n2852       0.000000       0.002027       -0.002027 (VIOLATED)
   candidates_i/n2854       0.000000       0.002027       -0.002027 (VIOLATED)
   candidates_i/n2862       0.000000       0.002027       -0.002027 (VIOLATED)
   candidates_i/n2864       0.000000       0.002027       -0.002027 (VIOLATED)
   candidates_i/n2866       0.000000       0.002027       -0.002027 (VIOLATED)
   candidates_i/n2875       0.000000       0.002027       -0.002027 (VIOLATED)
   candidates_i/n2877       0.000000       0.002027       -0.002027 (VIOLATED)
   candidates_i/n2879       0.000000       0.002027       -0.002027 (VIOLATED)
   candidates_i/n2888       0.000000       0.002027       -0.002027 (VIOLATED)
   candidates_i/n2890       0.000000       0.002027       -0.002027 (VIOLATED)
   candidates_i/n2892       0.000000       0.002027       -0.002027 (VIOLATED)
   candidates_i/n2898       0.000000       0.002027       -0.002027 (VIOLATED)
   candidates_i/n3327       0.000000       0.002027       -0.002027 (VIOLATED)
   candidates_i/n3357       0.000000       0.002027       -0.002027 (VIOLATED)
   candidates_i/n3389       0.000000       0.002027       -0.002027 (VIOLATED)
   candidates_i/n3417       0.000000       0.002027       -0.002027 (VIOLATED)
   candidates_i/n3419       0.000000       0.002027       -0.002027 (VIOLATED)
   candidates_i/n3451       0.000000       0.002027       -0.002027 (VIOLATED)
   candidates_i/n3477       0.000000       0.002027       -0.002027 (VIOLATED)
   candidates_i/n3481       0.000000       0.002027       -0.002027 (VIOLATED)
   candidates_i/n3509       0.000000       0.002027       -0.002027 (VIOLATED)
   candidates_i/n3511       0.000000       0.002027       -0.002027 (VIOLATED)
   candidates_i/n3537       0.000000       0.002027       -0.002027 (VIOLATED)
   candidates_i/n3576       0.000000       0.002027       -0.002027 (VIOLATED)
   candidates_i/n3597       0.000000       0.002027       -0.002027 (VIOLATED)
   candidates_i/n3605       0.000000       0.002027       -0.002027 (VIOLATED)
   candidates_i/n3635       0.000000       0.002027       -0.002027 (VIOLATED)
   candidates_i/n3656       0.000000       0.002027       -0.002027 (VIOLATED)
   candidates_i/n3690       0.000000       0.002027       -0.002027 (VIOLATED)
   candidates_i/n3694       0.000000       0.002027       -0.002027 (VIOLATED)
   candidates_i/n3716       0.000000       0.002027       -0.002027 (VIOLATED)
   candidates_i/n3747       0.000000       0.002027       -0.002027 (VIOLATED)
   candidates_i/n3778       0.000000       0.002027       -0.002027 (VIOLATED)
   candidates_i/n3782       0.000000       0.002027       -0.002027 (VIOLATED)
   frfcfs_scheduler_i/n561  0.000000       0.002027       -0.002027 (VIOLATED)
   frfcfs_scheduler_i/n563  0.000000       0.002027       -0.002027 (VIOLATED)
   frfcfs_scheduler_i/n565  0.000000       0.002027       -0.002027 (VIOLATED)
   frfcfs_scheduler_i/n571  0.000000       0.002027       -0.002027 (VIOLATED)
   frfcfs_scheduler_i/n684  0.000000       0.002027       -0.002027 (VIOLATED)
   frfcfs_scheduler_i/n753  0.000000       0.002027       -0.002027 (VIOLATED)
   frfcfs_scheduler_i/n810  0.000000       0.002027       -0.002027 (VIOLATED)
   frfcfs_scheduler_i/n866  0.000000       0.002027       -0.002027 (VIOLATED)
   frfcfs_scheduler_i/n923  0.000000       0.002027       -0.002027 (VIOLATED)
   frfcfs_scheduler_i/n952  0.000000       0.002027       -0.002027 (VIOLATED)
   frfcfs_scheduler_i/n980  0.000000       0.002027       -0.002027 (VIOLATED)
   frfcfs_scheduler_i/n1008 0.000000       0.002027       -0.002027 (VIOLATED)
   frfcfs_scheduler_i/n1036 0.000000       0.002027       -0.002027 (VIOLATED)
   frfcfs_scheduler_i/n1064 0.000000       0.002027       -0.002027 (VIOLATED)
   frfcfs_scheduler_i/n1092 0.000000       0.002027       -0.002027 (VIOLATED)
   frfcfs_scheduler_i/n1121 0.000000       0.002027       -0.002027 (VIOLATED)
   frfcfs_scheduler_i/n1247 0.000000       0.002027       -0.002027 (VIOLATED)
   frfcfs_scheduler_i/n1248 0.000000       0.002027       -0.002027 (VIOLATED)
   frfcfs_scheduler_i/n1289 0.000000       0.002027       -0.002027 (VIOLATED)
   response_i/n656          0.000000       0.002027       -0.002027 (VIOLATED)
   response_i/n670          0.000000       0.002027       -0.002027 (VIOLATED)
   response_i/n891          0.000000       0.002027       -0.002027 (VIOLATED)
   response_i/n907          0.000000       0.002027       -0.002027 (VIOLATED)
   response_i/n919          0.000000       0.002027       -0.002027 (VIOLATED)
   response_i/n941          0.000000       0.002027       -0.002027 (VIOLATED)
   response_i/n954          0.000000       0.002027       -0.002027 (VIOLATED)
   response_i/n968          0.000000       0.002027       -0.002027 (VIOLATED)
   response_i/n981          0.000000       0.002027       -0.002027 (VIOLATED)
   response_i/n995          0.000000       0.002027       -0.002027 (VIOLATED)
   response_i/n1008         0.000000       0.002027       -0.002027 (VIOLATED)
   response_i/n1023         0.000000       0.002027       -0.002027 (VIOLATED)
   response_i/n1036         0.000000       0.002027       -0.002027 (VIOLATED)
   response_i/n1050         0.000000       0.002027       -0.002027 (VIOLATED)
   response_i/n1063         0.000000       0.002027       -0.002027 (VIOLATED)
   response_i/n1077         0.000000       0.002027       -0.002027 (VIOLATED)
   response_i/n1090         0.000000       0.002027       -0.002027 (VIOLATED)
   response_i/n1104         0.000000       0.002027       -0.002027 (VIOLATED)
   response_i/n1117         0.000000       0.002027       -0.002027 (VIOLATED)
   response_i/n1130         0.000000       0.002027       -0.002027 (VIOLATED)
   response_i/n1142         0.000000       0.002027       -0.002027 (VIOLATED)
   response_i/n1161         0.000000       0.002027       -0.002027 (VIOLATED)
   response_i/n1174         0.000000       0.002027       -0.002027 (VIOLATED)
   response_i/n1187         0.000000       0.002027       -0.002027 (VIOLATED)
   response_i/n1200         0.000000       0.002027       -0.002027 (VIOLATED)
   response_i/n1213         0.000000       0.002027       -0.002027 (VIOLATED)
   response_i/n1226         0.000000       0.002027       -0.002027 (VIOLATED)
   response_i/n1238         0.000000       0.002027       -0.002027 (VIOLATED)
   response_i/n1251         0.000000       0.002027       -0.002027 (VIOLATED)
   response_i/n1264         0.000000       0.002027       -0.002027 (VIOLATED)
   response_i/n1276         0.000000       0.002027       -0.002027 (VIOLATED)
   response_i/n1289         0.000000       0.002027       -0.002027 (VIOLATED)
   response_i/n1302         0.000000       0.002027       -0.002027 (VIOLATED)
   response_i/n1316         0.000000       0.002027       -0.002027 (VIOLATED)
   response_i/n1328         0.000000       0.002027       -0.002027 (VIOLATED)
   banks_i/n136             0.000000       0.002010       -0.002010 (VIOLATED)
   banks_i/n138             0.000000       0.002010       -0.002010 (VIOLATED)
   banks_i/n140             0.000000       0.002010       -0.002010 (VIOLATED)
   banks_i/n142             0.000000       0.002010       -0.002010 (VIOLATED)
   banks_i/n144             0.000000       0.002010       -0.002010 (VIOLATED)
   banks_i/n145             0.000000       0.002010       -0.002010 (VIOLATED)
   banks_i/n146             0.000000       0.002010       -0.002010 (VIOLATED)
   banks_i/n147             0.000000       0.002010       -0.002010 (VIOLATED)
   banks_i/n149             0.000000       0.002010       -0.002010 (VIOLATED)
   banks_i/n150             0.000000       0.002010       -0.002010 (VIOLATED)
   banks_i/n151             0.000000       0.002010       -0.002010 (VIOLATED)
   banks_i/n152             0.000000       0.002010       -0.002010 (VIOLATED)
   banks_i/n154             0.000000       0.002010       -0.002010 (VIOLATED)
   banks_i/n155             0.000000       0.002010       -0.002010 (VIOLATED)
   banks_i/n156             0.000000       0.002010       -0.002010 (VIOLATED)
   banks_i/n157             0.000000       0.002010       -0.002010 (VIOLATED)
   banks_i/n159             0.000000       0.002010       -0.002010 (VIOLATED)
   banks_i/n160             0.000000       0.002010       -0.002010 (VIOLATED)
   banks_i/n161             0.000000       0.002010       -0.002010 (VIOLATED)
   banks_i/n162             0.000000       0.002010       -0.002010 (VIOLATED)
   banks_i/n165             0.000000       0.002010       -0.002010 (VIOLATED)
   banks_i/n166             0.000000       0.002010       -0.002010 (VIOLATED)
   banks_i/n167             0.000000       0.002010       -0.002010 (VIOLATED)
   banks_i/n168             0.000000       0.002010       -0.002010 (VIOLATED)
   banks_i/n169             0.000000       0.002010       -0.002010 (VIOLATED)
   banks_i/n170             0.000000       0.002010       -0.002010 (VIOLATED)
   banks_i/n171             0.000000       0.002010       -0.002010 (VIOLATED)
   banks_i/n172             0.000000       0.002010       -0.002010 (VIOLATED)
   banks_i/n188             0.000000       0.002010       -0.002010 (VIOLATED)
   banks_i/n190             0.000000       0.002010       -0.002010 (VIOLATED)
   banks_i/n193             0.000000       0.002010       -0.002010 (VIOLATED)
   banks_i/n194             0.000000       0.002010       -0.002010 (VIOLATED)
   banks_i/n195             0.000000       0.002010       -0.002010 (VIOLATED)
   banks_i/n196             0.000000       0.002010       -0.002010 (VIOLATED)
   banks_i/n197             0.000000       0.002010       -0.002010 (VIOLATED)
   banks_i/n198             0.000000       0.002010       -0.002010 (VIOLATED)
   banks_i/n199             0.000000       0.002010       -0.002010 (VIOLATED)
   banks_i/n204             0.000000       0.002010       -0.002010 (VIOLATED)
   candidates_i/n1026       0.000000       0.002010       -0.002010 (VIOLATED)
   candidates_i/n1029       0.000000       0.002010       -0.002010 (VIOLATED)
   candidates_i/n1032       0.000000       0.002010       -0.002010 (VIOLATED)
   candidates_i/n1035       0.000000       0.002010       -0.002010 (VIOLATED)
   candidates_i/n1038       0.000000       0.002010       -0.002010 (VIOLATED)
   candidates_i/n1041       0.000000       0.002010       -0.002010 (VIOLATED)
   candidates_i/n1044       0.000000       0.002010       -0.002010 (VIOLATED)
   candidates_i/n1047       0.000000       0.002010       -0.002010 (VIOLATED)
   candidates_i/n1050       0.000000       0.002010       -0.002010 (VIOLATED)
   candidates_i/n1053       0.000000       0.002010       -0.002010 (VIOLATED)
   candidates_i/n1056       0.000000       0.002010       -0.002010 (VIOLATED)
   candidates_i/n1059       0.000000       0.002010       -0.002010 (VIOLATED)
   candidates_i/n1062       0.000000       0.002010       -0.002010 (VIOLATED)
   candidates_i/n1065       0.000000       0.002010       -0.002010 (VIOLATED)
   candidates_i/n1068       0.000000       0.002010       -0.002010 (VIOLATED)
   candidates_i/n1071       0.000000       0.002010       -0.002010 (VIOLATED)
   candidates_i/n1232       0.000000       0.002010       -0.002010 (VIOLATED)
   candidates_i/n1518       0.000000       0.002010       -0.002010 (VIOLATED)
   candidates_i/n1808       0.000000       0.002010       -0.002010 (VIOLATED)
   candidates_i/n2094       0.000000       0.002010       -0.002010 (VIOLATED)
   frfcfs_scheduler_i/n234  0.000000       0.002010       -0.002010 (VIOLATED)
   frfcfs_scheduler_i/n587  0.000000       0.002010       -0.002010 (VIOLATED)
   frfcfs_scheduler_i/n590  0.000000       0.002010       -0.002010 (VIOLATED)
   frfcfs_scheduler_i/n596  0.000000       0.002010       -0.002010 (VIOLATED)
   frfcfs_scheduler_i/n604  0.000000       0.002010       -0.002010 (VIOLATED)
   frfcfs_scheduler_i/n605  0.000000       0.002010       -0.002010 (VIOLATED)
   frfcfs_scheduler_i/n612  0.000000       0.002010       -0.002010 (VIOLATED)
   frfcfs_scheduler_i/n613  0.000000       0.002010       -0.002010 (VIOLATED)
   frfcfs_scheduler_i/n621  0.000000       0.002010       -0.002010 (VIOLATED)
   frfcfs_scheduler_i/n626  0.000000       0.002010       -0.002010 (VIOLATED)
   frfcfs_scheduler_i/n631  0.000000       0.002010       -0.002010 (VIOLATED)
   frfcfs_scheduler_i/n638  0.000000       0.002010       -0.002010 (VIOLATED)
   frfcfs_scheduler_i/n653  0.000000       0.002010       -0.002010 (VIOLATED)
   frfcfs_scheduler_i/n1267 0.000000       0.002010       -0.002010 (VIOLATED)
   frfcfs_scheduler_i/n1271 0.000000       0.002010       -0.002010 (VIOLATED)
   frfcfs_scheduler_i/n1283 0.000000       0.002010       -0.002010 (VIOLATED)
   frfcfs_scheduler_i/n1284 0.000000       0.002010       -0.002010 (VIOLATED)
   frfcfs_scheduler_i/n1299 0.000000       0.002010       -0.002010 (VIOLATED)
   frfcfs_scheduler_i/n1399 0.000000       0.002010       -0.002010 (VIOLATED)
   response_i/n648          0.000000       0.002010       -0.002010 (VIOLATED)
   response_i/n655          0.000000       0.002010       -0.002010 (VIOLATED)
   response_i/n675          0.000000       0.002010       -0.002010 (VIOLATED)
   response_i/n688          0.000000       0.002010       -0.002010 (VIOLATED)
   table_i/n392             0.000000       0.002010       -0.002010 (VIOLATED)
   table_i/n396             0.000000       0.002010       -0.002010 (VIOLATED)
   table_i/n462             0.000000       0.002010       -0.002010 (VIOLATED)
   table_i/n466             0.000000       0.002010       -0.002010 (VIOLATED)
   table_i/n919             0.000000       0.002010       -0.002010 (VIOLATED)
   table_i/n924             0.000000       0.002010       -0.002010 (VIOLATED)
   table_i/n929             0.000000       0.002010       -0.002010 (VIOLATED)
   table_i/n933             0.000000       0.002010       -0.002010 (VIOLATED)
   table_i/n936             0.000000       0.002010       -0.002010 (VIOLATED)
   table_i/n940             0.000000       0.002010       -0.002010 (VIOLATED)
   table_i/n943             0.000000       0.002010       -0.002010 (VIOLATED)
   table_i/n948             0.000000       0.002010       -0.002010 (VIOLATED)
   table_i/n957             0.000000       0.002010       -0.002010 (VIOLATED)
   table_i/n958             0.000000       0.002010       -0.002010 (VIOLATED)
   table_i/n1157            0.000000       0.002010       -0.002010 (VIOLATED)
   table_i/n1162            0.000000       0.002010       -0.002010 (VIOLATED)
   table_i/n1166            0.000000       0.002010       -0.002010 (VIOLATED)
   table_i/n1170            0.000000       0.002010       -0.002010 (VIOLATED)
   table_i/n1174            0.000000       0.002010       -0.002010 (VIOLATED)
   table_i/n1178            0.000000       0.002010       -0.002010 (VIOLATED)
   table_i/n1186            0.000000       0.002010       -0.002010 (VIOLATED)
   table_i/n1211            0.000000       0.002010       -0.002010 (VIOLATED)
   table_i/n1215            0.000000       0.002010       -0.002010 (VIOLATED)
   table_i/n1218            0.000000       0.002010       -0.002010 (VIOLATED)
   table_i/n1221            0.000000       0.002010       -0.002010 (VIOLATED)
   table_i/n1224            0.000000       0.002010       -0.002010 (VIOLATED)
   table_i/n1230            0.000000       0.002010       -0.002010 (VIOLATED)
   table_i/n1241            0.000000       0.002010       -0.002010 (VIOLATED)
   table_i/n1250            0.000000       0.002010       -0.002010 (VIOLATED)
   table_i/n1253            0.000000       0.002010       -0.002010 (VIOLATED)
   table_i/n1256            0.000000       0.002010       -0.002010 (VIOLATED)
   table_i/n1259            0.000000       0.002010       -0.002010 (VIOLATED)
   table_i/n1265            0.000000       0.002010       -0.002010 (VIOLATED)
   table_i/n1280            0.000000       0.002010       -0.002010 (VIOLATED)
   table_i/n1287            0.000000       0.002010       -0.002010 (VIOLATED)
   table_i/n1290            0.000000       0.002010       -0.002010 (VIOLATED)
   table_i/n1293            0.000000       0.002010       -0.002010 (VIOLATED)
   table_i/n1299            0.000000       0.002010       -0.002010 (VIOLATED)
   table_i/n1321            0.000000       0.002010       -0.002010 (VIOLATED)
   table_i/n1330            0.000000       0.002010       -0.002010 (VIOLATED)
   table_i/n1351            0.000000       0.002010       -0.002010 (VIOLATED)
   table_i/n1361            0.000000       0.002010       -0.002010 (VIOLATED)
   table_i/n1378            0.000000       0.002010       -0.002010 (VIOLATED)
   table_i/n1410            0.000000       0.002010       -0.002010 (VIOLATED)
   table_i/n1519            0.000000       0.002010       -0.002010 (VIOLATED)
   table_i/n1536            0.000000       0.002010       -0.002010 (VIOLATED)
   table_i/n1563            0.000000       0.002010       -0.002010 (VIOLATED)
   table_i/n1580            0.000000       0.002010       -0.002010 (VIOLATED)
   table_i/n1606            0.000000       0.002010       -0.002010 (VIOLATED)
   table_i/n1617            0.000000       0.002010       -0.002010 (VIOLATED)
   table_i/n1655            0.000000       0.002010       -0.002010 (VIOLATED)
   table_i/n1666            0.000000       0.002010       -0.002010 (VIOLATED)
   table_i/n1674            0.000000       0.002010       -0.002010 (VIOLATED)
   table_i/n1710            0.000000       0.002010       -0.002010 (VIOLATED)
   table_i/n1756            0.000000       0.002010       -0.002010 (VIOLATED)
   table_i/n2734            0.000000       0.002010       -0.002010 (VIOLATED)
   table_i/n2739            0.000000       0.002010       -0.002010 (VIOLATED)
   table_i/n2743            0.000000       0.002010       -0.002010 (VIOLATED)
   table_i/n2747            0.000000       0.002010       -0.002010 (VIOLATED)
   table_i/n2751            0.000000       0.002010       -0.002010 (VIOLATED)
   table_i/n2755            0.000000       0.002010       -0.002010 (VIOLATED)
   table_i/n2758            0.000000       0.002010       -0.002010 (VIOLATED)
   table_i/n2761            0.000000       0.002010       -0.002010 (VIOLATED)
   table_i/n2764            0.000000       0.002010       -0.002010 (VIOLATED)
   table_i/n2768            0.000000       0.002010       -0.002010 (VIOLATED)
   table_i/n2771            0.000000       0.002010       -0.002010 (VIOLATED)
   table_i/n2774            0.000000       0.002010       -0.002010 (VIOLATED)
   table_i/n2777            0.000000       0.002010       -0.002010 (VIOLATED)
   table_i/n2781            0.000000       0.002010       -0.002010 (VIOLATED)
   table_i/n2784            0.000000       0.002010       -0.002010 (VIOLATED)
   table_i/n2787            0.000000       0.002010       -0.002010 (VIOLATED)
   candidates_i/n1105       0.000000       0.001869       -0.001869 (VIOLATED)
   candidates_i/n1145       0.000000       0.001869       -0.001869 (VIOLATED)
   candidates_i/n1167       0.000000       0.001869       -0.001869 (VIOLATED)
   candidates_i/n1188       0.000000       0.001869       -0.001869 (VIOLATED)
   candidates_i/n1209       0.000000       0.001869       -0.001869 (VIOLATED)
   candidates_i/n1240       0.000000       0.001869       -0.001869 (VIOLATED)
   candidates_i/n1246       0.000000       0.001869       -0.001869 (VIOLATED)
   candidates_i/n1271       0.000000       0.001869       -0.001869 (VIOLATED)
   candidates_i/n1276       0.000000       0.001869       -0.001869 (VIOLATED)
   candidates_i/n1285       0.000000       0.001869       -0.001869 (VIOLATED)
   candidates_i/n1290       0.000000       0.001869       -0.001869 (VIOLATED)
   candidates_i/n1297       0.000000       0.001869       -0.001869 (VIOLATED)
   candidates_i/n1302       0.000000       0.001869       -0.001869 (VIOLATED)
   candidates_i/n1310       0.000000       0.001869       -0.001869 (VIOLATED)
   candidates_i/n1315       0.000000       0.001869       -0.001869 (VIOLATED)
   candidates_i/n1322       0.000000       0.001869       -0.001869 (VIOLATED)
   candidates_i/n1328       0.000000       0.001869       -0.001869 (VIOLATED)
   candidates_i/n1336       0.000000       0.001869       -0.001869 (VIOLATED)
   candidates_i/n1341       0.000000       0.001869       -0.001869 (VIOLATED)
   candidates_i/n1348       0.000000       0.001869       -0.001869 (VIOLATED)
   candidates_i/n1354       0.000000       0.001869       -0.001869 (VIOLATED)
   candidates_i/n1362       0.000000       0.001869       -0.001869 (VIOLATED)
   candidates_i/n1367       0.000000       0.001869       -0.001869 (VIOLATED)
   candidates_i/n1374       0.000000       0.001869       -0.001869 (VIOLATED)
   candidates_i/n1380       0.000000       0.001869       -0.001869 (VIOLATED)
   candidates_i/n1388       0.000000       0.001869       -0.001869 (VIOLATED)
   candidates_i/n1393       0.000000       0.001869       -0.001869 (VIOLATED)
   candidates_i/n1400       0.000000       0.001869       -0.001869 (VIOLATED)
   candidates_i/n1406       0.000000       0.001869       -0.001869 (VIOLATED)
   candidates_i/n1414       0.000000       0.001869       -0.001869 (VIOLATED)
   candidates_i/n1419       0.000000       0.001869       -0.001869 (VIOLATED)
   candidates_i/n1426       0.000000       0.001869       -0.001869 (VIOLATED)
   candidates_i/n1432       0.000000       0.001869       -0.001869 (VIOLATED)
   candidates_i/n1444       0.000000       0.001869       -0.001869 (VIOLATED)
   candidates_i/n1457       0.000000       0.001869       -0.001869 (VIOLATED)
   candidates_i/n1501       0.000000       0.001869       -0.001869 (VIOLATED)
   candidates_i/n1513       0.000000       0.001869       -0.001869 (VIOLATED)
   candidates_i/n1526       0.000000       0.001869       -0.001869 (VIOLATED)
   candidates_i/n1532       0.000000       0.001869       -0.001869 (VIOLATED)
   candidates_i/n1557       0.000000       0.001869       -0.001869 (VIOLATED)
   candidates_i/n1562       0.000000       0.001869       -0.001869 (VIOLATED)
   candidates_i/n1571       0.000000       0.001869       -0.001869 (VIOLATED)
   candidates_i/n1576       0.000000       0.001869       -0.001869 (VIOLATED)
   candidates_i/n1583       0.000000       0.001869       -0.001869 (VIOLATED)
   candidates_i/n1588       0.000000       0.001869       -0.001869 (VIOLATED)
   candidates_i/n1596       0.000000       0.001869       -0.001869 (VIOLATED)
   candidates_i/n1601       0.000000       0.001869       -0.001869 (VIOLATED)
   candidates_i/n1608       0.000000       0.001869       -0.001869 (VIOLATED)
   candidates_i/n1614       0.000000       0.001869       -0.001869 (VIOLATED)
   candidates_i/n1622       0.000000       0.001869       -0.001869 (VIOLATED)
   candidates_i/n1627       0.000000       0.001869       -0.001869 (VIOLATED)
   candidates_i/n1634       0.000000       0.001869       -0.001869 (VIOLATED)
   candidates_i/n1640       0.000000       0.001869       -0.001869 (VIOLATED)
   candidates_i/n1648       0.000000       0.001869       -0.001869 (VIOLATED)
   candidates_i/n1653       0.000000       0.001869       -0.001869 (VIOLATED)
   candidates_i/n1660       0.000000       0.001869       -0.001869 (VIOLATED)
   candidates_i/n1666       0.000000       0.001869       -0.001869 (VIOLATED)
   candidates_i/n1674       0.000000       0.001869       -0.001869 (VIOLATED)
   candidates_i/n1679       0.000000       0.001869       -0.001869 (VIOLATED)
   candidates_i/n1686       0.000000       0.001869       -0.001869 (VIOLATED)
   candidates_i/n1692       0.000000       0.001869       -0.001869 (VIOLATED)
   candidates_i/n1700       0.000000       0.001869       -0.001869 (VIOLATED)
   candidates_i/n1705       0.000000       0.001869       -0.001869 (VIOLATED)
   candidates_i/n1712       0.000000       0.001869       -0.001869 (VIOLATED)
   candidates_i/n1718       0.000000       0.001869       -0.001869 (VIOLATED)
   candidates_i/n1729       0.000000       0.001869       -0.001869 (VIOLATED)
   candidates_i/n1739       0.000000       0.001869       -0.001869 (VIOLATED)
   candidates_i/n1775       0.000000       0.001869       -0.001869 (VIOLATED)
   candidates_i/n1794       0.000000       0.001869       -0.001869 (VIOLATED)
   candidates_i/n1816       0.000000       0.001869       -0.001869 (VIOLATED)
   candidates_i/n1822       0.000000       0.001869       -0.001869 (VIOLATED)
   candidates_i/n1847       0.000000       0.001869       -0.001869 (VIOLATED)
   candidates_i/n1852       0.000000       0.001869       -0.001869 (VIOLATED)
   candidates_i/n1861       0.000000       0.001869       -0.001869 (VIOLATED)
   candidates_i/n1866       0.000000       0.001869       -0.001869 (VIOLATED)
   candidates_i/n1873       0.000000       0.001869       -0.001869 (VIOLATED)
   candidates_i/n1878       0.000000       0.001869       -0.001869 (VIOLATED)
   candidates_i/n1886       0.000000       0.001869       -0.001869 (VIOLATED)
   candidates_i/n1891       0.000000       0.001869       -0.001869 (VIOLATED)
   candidates_i/n1898       0.000000       0.001869       -0.001869 (VIOLATED)
   candidates_i/n1904       0.000000       0.001869       -0.001869 (VIOLATED)
   candidates_i/n1912       0.000000       0.001869       -0.001869 (VIOLATED)
   candidates_i/n1917       0.000000       0.001869       -0.001869 (VIOLATED)
   candidates_i/n1924       0.000000       0.001869       -0.001869 (VIOLATED)
   candidates_i/n1930       0.000000       0.001869       -0.001869 (VIOLATED)
   candidates_i/n1939       0.000000       0.001869       -0.001869 (VIOLATED)
   candidates_i/n1944       0.000000       0.001869       -0.001869 (VIOLATED)
   candidates_i/n1951       0.000000       0.001869       -0.001869 (VIOLATED)
   candidates_i/n1957       0.000000       0.001869       -0.001869 (VIOLATED)
   candidates_i/n1965       0.000000       0.001869       -0.001869 (VIOLATED)
   candidates_i/n1970       0.000000       0.001869       -0.001869 (VIOLATED)
   candidates_i/n1977       0.000000       0.001869       -0.001869 (VIOLATED)
   candidates_i/n1983       0.000000       0.001869       -0.001869 (VIOLATED)
   candidates_i/n1992       0.000000       0.001869       -0.001869 (VIOLATED)
   candidates_i/n1997       0.000000       0.001869       -0.001869 (VIOLATED)
   candidates_i/n2004       0.000000       0.001869       -0.001869 (VIOLATED)
   candidates_i/n2010       0.000000       0.001869       -0.001869 (VIOLATED)
   candidates_i/n2022       0.000000       0.001869       -0.001869 (VIOLATED)
   candidates_i/n2034       0.000000       0.001869       -0.001869 (VIOLATED)
   candidates_i/n2077       0.000000       0.001869       -0.001869 (VIOLATED)
   candidates_i/n2089       0.000000       0.001869       -0.001869 (VIOLATED)
   candidates_i/n2102       0.000000       0.001869       -0.001869 (VIOLATED)
   candidates_i/n2108       0.000000       0.001869       -0.001869 (VIOLATED)
   candidates_i/n2133       0.000000       0.001869       -0.001869 (VIOLATED)
   candidates_i/n2138       0.000000       0.001869       -0.001869 (VIOLATED)
   candidates_i/n2147       0.000000       0.001869       -0.001869 (VIOLATED)
   candidates_i/n2152       0.000000       0.001869       -0.001869 (VIOLATED)
   candidates_i/n2159       0.000000       0.001869       -0.001869 (VIOLATED)
   candidates_i/n2164       0.000000       0.001869       -0.001869 (VIOLATED)
   candidates_i/n2172       0.000000       0.001869       -0.001869 (VIOLATED)
   candidates_i/n2177       0.000000       0.001869       -0.001869 (VIOLATED)
   candidates_i/n2184       0.000000       0.001869       -0.001869 (VIOLATED)
   candidates_i/n2190       0.000000       0.001869       -0.001869 (VIOLATED)
   candidates_i/n2198       0.000000       0.001869       -0.001869 (VIOLATED)
   candidates_i/n2203       0.000000       0.001869       -0.001869 (VIOLATED)
   candidates_i/n2210       0.000000       0.001869       -0.001869 (VIOLATED)
   candidates_i/n2216       0.000000       0.001869       -0.001869 (VIOLATED)
   candidates_i/n2225       0.000000       0.001869       -0.001869 (VIOLATED)
   candidates_i/n2230       0.000000       0.001869       -0.001869 (VIOLATED)
   candidates_i/n2237       0.000000       0.001869       -0.001869 (VIOLATED)
   candidates_i/n2243       0.000000       0.001869       -0.001869 (VIOLATED)
   candidates_i/n2251       0.000000       0.001869       -0.001869 (VIOLATED)
   candidates_i/n2256       0.000000       0.001869       -0.001869 (VIOLATED)
   candidates_i/n2263       0.000000       0.001869       -0.001869 (VIOLATED)
   candidates_i/n2269       0.000000       0.001869       -0.001869 (VIOLATED)
   candidates_i/n2278       0.000000       0.001869       -0.001869 (VIOLATED)
   candidates_i/n2283       0.000000       0.001869       -0.001869 (VIOLATED)
   candidates_i/n2290       0.000000       0.001869       -0.001869 (VIOLATED)
   candidates_i/n2296       0.000000       0.001869       -0.001869 (VIOLATED)
   candidates_i/n2307       0.000000       0.001869       -0.001869 (VIOLATED)
   candidates_i/n2316       0.000000       0.001869       -0.001869 (VIOLATED)
   candidates_i/n2411       0.000000       0.001869       -0.001869 (VIOLATED)
   candidates_i/n2439       0.000000       0.001869       -0.001869 (VIOLATED)
   candidates_i/n2458       0.000000       0.001869       -0.001869 (VIOLATED)
   candidates_i/n2473       0.000000       0.001869       -0.001869 (VIOLATED)
   candidates_i/n2501       0.000000       0.001869       -0.001869 (VIOLATED)
   candidates_i/n2529       0.000000       0.001869       -0.001869 (VIOLATED)
   candidates_i/n2557       0.000000       0.001869       -0.001869 (VIOLATED)
   candidates_i/n2590       0.000000       0.001869       -0.001869 (VIOLATED)
   candidates_i/n2618       0.000000       0.001869       -0.001869 (VIOLATED)
   candidates_i/n2675       0.000000       0.001869       -0.001869 (VIOLATED)
   candidates_i/n2693       0.000000       0.001869       -0.001869 (VIOLATED)
   candidates_i/n2762       0.000000       0.001869       -0.001869 (VIOLATED)
   candidates_i/n2790       0.000000       0.001869       -0.001869 (VIOLATED)
   candidates_i/n3347       0.000000       0.001869       -0.001869 (VIOLATED)
   candidates_i/n3349       0.000000       0.001869       -0.001869 (VIOLATED)
   candidates_i/n3523       0.000000       0.001869       -0.001869 (VIOLATED)
   candidates_i/n3529       0.000000       0.001869       -0.001869 (VIOLATED)
   frfcfs_scheduler_i/n693  0.000000       0.001869       -0.001869 (VIOLATED)
   frfcfs_scheduler_i/n714  0.000000       0.001869       -0.001869 (VIOLATED)
   frfcfs_scheduler_i/n730  0.000000       0.001869       -0.001869 (VIOLATED)
   frfcfs_scheduler_i/n743  0.000000       0.001869       -0.001869 (VIOLATED)
   frfcfs_scheduler_i/n758  0.000000       0.001869       -0.001869 (VIOLATED)
   frfcfs_scheduler_i/n771  0.000000       0.001869       -0.001869 (VIOLATED)
   frfcfs_scheduler_i/n786  0.000000       0.001869       -0.001869 (VIOLATED)
   frfcfs_scheduler_i/n799  0.000000       0.001869       -0.001869 (VIOLATED)
   frfcfs_scheduler_i/n815  0.000000       0.001869       -0.001869 (VIOLATED)
   frfcfs_scheduler_i/n828  0.000000       0.001869       -0.001869 (VIOLATED)
   frfcfs_scheduler_i/n843  0.000000       0.001869       -0.001869 (VIOLATED)
   frfcfs_scheduler_i/n856  0.000000       0.001869       -0.001869 (VIOLATED)
   frfcfs_scheduler_i/n871  0.000000       0.001869       -0.001869 (VIOLATED)
   frfcfs_scheduler_i/n884  0.000000       0.001869       -0.001869 (VIOLATED)
   frfcfs_scheduler_i/n899  0.000000       0.001869       -0.001869 (VIOLATED)
   frfcfs_scheduler_i/n912  0.000000       0.001869       -0.001869 (VIOLATED)
   frfcfs_scheduler_i/n928  0.000000       0.001869       -0.001869 (VIOLATED)
   frfcfs_scheduler_i/n941  0.000000       0.001869       -0.001869 (VIOLATED)
   frfcfs_scheduler_i/n957  0.000000       0.001869       -0.001869 (VIOLATED)
   frfcfs_scheduler_i/n970  0.000000       0.001869       -0.001869 (VIOLATED)
   frfcfs_scheduler_i/n985  0.000000       0.001869       -0.001869 (VIOLATED)
   frfcfs_scheduler_i/n998  0.000000       0.001869       -0.001869 (VIOLATED)
   frfcfs_scheduler_i/n1013 0.000000       0.001869       -0.001869 (VIOLATED)
   frfcfs_scheduler_i/n1026 0.000000       0.001869       -0.001869 (VIOLATED)
   frfcfs_scheduler_i/n1041 0.000000       0.001869       -0.001869 (VIOLATED)
   frfcfs_scheduler_i/n1054 0.000000       0.001869       -0.001869 (VIOLATED)
   frfcfs_scheduler_i/n1069 0.000000       0.001869       -0.001869 (VIOLATED)
   frfcfs_scheduler_i/n1082 0.000000       0.001869       -0.001869 (VIOLATED)
   frfcfs_scheduler_i/n1097 0.000000       0.001869       -0.001869 (VIOLATED)
   frfcfs_scheduler_i/n1110 0.000000       0.001869       -0.001869 (VIOLATED)
   frfcfs_scheduler_i/n1127 0.000000       0.001869       -0.001869 (VIOLATED)
   frfcfs_scheduler_i/n1213 0.000000       0.001869       -0.001869 (VIOLATED)
   frfcfs_scheduler_i/n1258 0.000000       0.001869       -0.001869 (VIOLATED)
   frfcfs_scheduler_i/n1263 0.000000       0.001869       -0.001869 (VIOLATED)
   frfcfs_scheduler_i/n1309 0.000000       0.001869       -0.001869 (VIOLATED)
   frfcfs_scheduler_i/n1314 0.000000       0.001869       -0.001869 (VIOLATED)
   frfcfs_scheduler_i/n1322 0.000000       0.001869       -0.001869 (VIOLATED)
   frfcfs_scheduler_i/n1327 0.000000       0.001869       -0.001869 (VIOLATED)
   frfcfs_scheduler_i/n1336 0.000000       0.001869       -0.001869 (VIOLATED)
   frfcfs_scheduler_i/n1341 0.000000       0.001869       -0.001869 (VIOLATED)
   frfcfs_scheduler_i/n1350 0.000000       0.001869       -0.001869 (VIOLATED)
   frfcfs_scheduler_i/n1355 0.000000       0.001869       -0.001869 (VIOLATED)
   frfcfs_scheduler_i/n1364 0.000000       0.001869       -0.001869 (VIOLATED)
   frfcfs_scheduler_i/n1369 0.000000       0.001869       -0.001869 (VIOLATED)
   frfcfs_scheduler_i/n1380 0.000000       0.001869       -0.001869 (VIOLATED)
   frfcfs_scheduler_i/n1385 0.000000       0.001869       -0.001869 (VIOLATED)
   frfcfs_scheduler_i/n1392 0.000000       0.001869       -0.001869 (VIOLATED)
   frfcfs_scheduler_i/n1397 0.000000       0.001869       -0.001869 (VIOLATED)
   frfcfs_scheduler_i/n1406 0.000000       0.001869       -0.001869 (VIOLATED)
   frfcfs_scheduler_i/n1411 0.000000       0.001869       -0.001869 (VIOLATED)
   frfcfs_scheduler_i/n1418 0.000000       0.001869       -0.001869 (VIOLATED)
   frfcfs_scheduler_i/n1423 0.000000       0.001869       -0.001869 (VIOLATED)
   frfcfs_scheduler_i/n1431 0.000000       0.001869       -0.001869 (VIOLATED)
   frfcfs_scheduler_i/n1436 0.000000       0.001869       -0.001869 (VIOLATED)
   frfcfs_scheduler_i/n1443 0.000000       0.001869       -0.001869 (VIOLATED)
   frfcfs_scheduler_i/n1448 0.000000       0.001869       -0.001869 (VIOLATED)
   frfcfs_scheduler_i/n1455 0.000000       0.001869       -0.001869 (VIOLATED)
   frfcfs_scheduler_i/n1460 0.000000       0.001869       -0.001869 (VIOLATED)
   frfcfs_scheduler_i/n1467 0.000000       0.001869       -0.001869 (VIOLATED)
   frfcfs_scheduler_i/n1472 0.000000       0.001869       -0.001869 (VIOLATED)
   frfcfs_scheduler_i/n1480 0.000000       0.001869       -0.001869 (VIOLATED)
   frfcfs_scheduler_i/n1485 0.000000       0.001869       -0.001869 (VIOLATED)
   frfcfs_scheduler_i/n1493 0.000000       0.001869       -0.001869 (VIOLATED)
   frfcfs_scheduler_i/n1498 0.000000       0.001869       -0.001869 (VIOLATED)
   n131                     0.000000       0.001869       -0.001869 (VIOLATED)
   n136                     0.000000       0.001869       -0.001869 (VIOLATED)
   n143                     0.000000       0.001869       -0.001869 (VIOLATED)
   n148                     0.000000       0.001869       -0.001869 (VIOLATED)
   n155                     0.000000       0.001869       -0.001869 (VIOLATED)
   n160                     0.000000       0.001869       -0.001869 (VIOLATED)
   n167                     0.000000       0.001869       -0.001869 (VIOLATED)
   n172                     0.000000       0.001869       -0.001869 (VIOLATED)
   n179                     0.000000       0.001869       -0.001869 (VIOLATED)
   n184                     0.000000       0.001869       -0.001869 (VIOLATED)
   n191                     0.000000       0.001869       -0.001869 (VIOLATED)
   n196                     0.000000       0.001869       -0.001869 (VIOLATED)
   n203                     0.000000       0.001869       -0.001869 (VIOLATED)
   n208                     0.000000       0.001869       -0.001869 (VIOLATED)
   n215                     0.000000       0.001869       -0.001869 (VIOLATED)
   n220                     0.000000       0.001869       -0.001869 (VIOLATED)
   n227                     0.000000       0.001869       -0.001869 (VIOLATED)
   n232                     0.000000       0.001869       -0.001869 (VIOLATED)
   n239                     0.000000       0.001869       -0.001869 (VIOLATED)
   n244                     0.000000       0.001869       -0.001869 (VIOLATED)
   n251                     0.000000       0.001869       -0.001869 (VIOLATED)
   n256                     0.000000       0.001869       -0.001869 (VIOLATED)
   n263                     0.000000       0.001869       -0.001869 (VIOLATED)
   n268                     0.000000       0.001869       -0.001869 (VIOLATED)
   n275                     0.000000       0.001869       -0.001869 (VIOLATED)
   n280                     0.000000       0.001869       -0.001869 (VIOLATED)
   n287                     0.000000       0.001869       -0.001869 (VIOLATED)
   n292                     0.000000       0.001869       -0.001869 (VIOLATED)
   n299                     0.000000       0.001869       -0.001869 (VIOLATED)
   n304                     0.000000       0.001869       -0.001869 (VIOLATED)
   n311                     0.000000       0.001869       -0.001869 (VIOLATED)
   n316                     0.000000       0.001869       -0.001869 (VIOLATED)
   n323                     0.000000       0.001869       -0.001869 (VIOLATED)
   n328                     0.000000       0.001869       -0.001869 (VIOLATED)
   n335                     0.000000       0.001869       -0.001869 (VIOLATED)
   n340                     0.000000       0.001869       -0.001869 (VIOLATED)
   n347                     0.000000       0.001869       -0.001869 (VIOLATED)
   n352                     0.000000       0.001869       -0.001869 (VIOLATED)
   n359                     0.000000       0.001869       -0.001869 (VIOLATED)
   n364                     0.000000       0.001869       -0.001869 (VIOLATED)
   n371                     0.000000       0.001869       -0.001869 (VIOLATED)
   n376                     0.000000       0.001869       -0.001869 (VIOLATED)
   n383                     0.000000       0.001869       -0.001869 (VIOLATED)
   n388                     0.000000       0.001869       -0.001869 (VIOLATED)
   n395                     0.000000       0.001869       -0.001869 (VIOLATED)
   n400                     0.000000       0.001869       -0.001869 (VIOLATED)
   n407                     0.000000       0.001869       -0.001869 (VIOLATED)
   n412                     0.000000       0.001869       -0.001869 (VIOLATED)
   n419                     0.000000       0.001869       -0.001869 (VIOLATED)
   n424                     0.000000       0.001869       -0.001869 (VIOLATED)
   n431                     0.000000       0.001869       -0.001869 (VIOLATED)
   n436                     0.000000       0.001869       -0.001869 (VIOLATED)
   n443                     0.000000       0.001869       -0.001869 (VIOLATED)
   n448                     0.000000       0.001869       -0.001869 (VIOLATED)
   n455                     0.000000       0.001869       -0.001869 (VIOLATED)
   n460                     0.000000       0.001869       -0.001869 (VIOLATED)
   n467                     0.000000       0.001869       -0.001869 (VIOLATED)
   n472                     0.000000       0.001869       -0.001869 (VIOLATED)
   n479                     0.000000       0.001869       -0.001869 (VIOLATED)
   n484                     0.000000       0.001869       -0.001869 (VIOLATED)
   n491                     0.000000       0.001869       -0.001869 (VIOLATED)
   n496                     0.000000       0.001869       -0.001869 (VIOLATED)
   n503                     0.000000       0.001869       -0.001869 (VIOLATED)
   n508                     0.000000       0.001869       -0.001869 (VIOLATED)
   n515                     0.000000       0.001869       -0.001869 (VIOLATED)
   n520                     0.000000       0.001869       -0.001869 (VIOLATED)
   n527                     0.000000       0.001869       -0.001869 (VIOLATED)
   n532                     0.000000       0.001869       -0.001869 (VIOLATED)
   n539                     0.000000       0.001869       -0.001869 (VIOLATED)
   n544                     0.000000       0.001869       -0.001869 (VIOLATED)
   n551                     0.000000       0.001869       -0.001869 (VIOLATED)
   n556                     0.000000       0.001869       -0.001869 (VIOLATED)
   n563                     0.000000       0.001869       -0.001869 (VIOLATED)
   n568                     0.000000       0.001869       -0.001869 (VIOLATED)
   n575                     0.000000       0.001869       -0.001869 (VIOLATED)
   n580                     0.000000       0.001869       -0.001869 (VIOLATED)
   n587                     0.000000       0.001869       -0.001869 (VIOLATED)
   n592                     0.000000       0.001869       -0.001869 (VIOLATED)
   n599                     0.000000       0.001869       -0.001869 (VIOLATED)
   n604                     0.000000       0.001869       -0.001869 (VIOLATED)
   n611                     0.000000       0.001869       -0.001869 (VIOLATED)
   n616                     0.000000       0.001869       -0.001869 (VIOLATED)
   n623                     0.000000       0.001869       -0.001869 (VIOLATED)
   n628                     0.000000       0.001869       -0.001869 (VIOLATED)
   n635                     0.000000       0.001869       -0.001869 (VIOLATED)
   n640                     0.000000       0.001869       -0.001869 (VIOLATED)
   n647                     0.000000       0.001869       -0.001869 (VIOLATED)
   n652                     0.000000       0.001869       -0.001869 (VIOLATED)
   n659                     0.000000       0.001869       -0.001869 (VIOLATED)
   n664                     0.000000       0.001869       -0.001869 (VIOLATED)
   n671                     0.000000       0.001869       -0.001869 (VIOLATED)
   n676                     0.000000       0.001869       -0.001869 (VIOLATED)
   n683                     0.000000       0.001869       -0.001869 (VIOLATED)
   n688                     0.000000       0.001869       -0.001869 (VIOLATED)
   n695                     0.000000       0.001869       -0.001869 (VIOLATED)
   n700                     0.000000       0.001869       -0.001869 (VIOLATED)
   n707                     0.000000       0.001869       -0.001869 (VIOLATED)
   n712                     0.000000       0.001869       -0.001869 (VIOLATED)
   n719                     0.000000       0.001869       -0.001869 (VIOLATED)
   n724                     0.000000       0.001869       -0.001869 (VIOLATED)
   response_i/n699          0.000000       0.001869       -0.001869 (VIOLATED)
   response_i/n705          0.000000       0.001869       -0.001869 (VIOLATED)
   response_i/n713          0.000000       0.001869       -0.001869 (VIOLATED)
   response_i/n719          0.000000       0.001869       -0.001869 (VIOLATED)
   response_i/n727          0.000000       0.001869       -0.001869 (VIOLATED)
   response_i/n733          0.000000       0.001869       -0.001869 (VIOLATED)
   response_i/n741          0.000000       0.001869       -0.001869 (VIOLATED)
   response_i/n747          0.000000       0.001869       -0.001869 (VIOLATED)
   response_i/n756          0.000000       0.001869       -0.001869 (VIOLATED)
   response_i/n762          0.000000       0.001869       -0.001869 (VIOLATED)
   response_i/n770          0.000000       0.001869       -0.001869 (VIOLATED)
   response_i/n776          0.000000       0.001869       -0.001869 (VIOLATED)
   response_i/n784          0.000000       0.001869       -0.001869 (VIOLATED)
   response_i/n790          0.000000       0.001869       -0.001869 (VIOLATED)
   response_i/n798          0.000000       0.001869       -0.001869 (VIOLATED)
   response_i/n804          0.000000       0.001869       -0.001869 (VIOLATED)
   response_i/n813          0.000000       0.001869       -0.001869 (VIOLATED)
   response_i/n818          0.000000       0.001869       -0.001869 (VIOLATED)
   response_i/n825          0.000000       0.001869       -0.001869 (VIOLATED)
   response_i/n830          0.000000       0.001869       -0.001869 (VIOLATED)
   response_i/n837          0.000000       0.001869       -0.001869 (VIOLATED)
   response_i/n843          0.000000       0.001869       -0.001869 (VIOLATED)
   response_i/n851          0.000000       0.001869       -0.001869 (VIOLATED)
   response_i/n856          0.000000       0.001869       -0.001869 (VIOLATED)
   response_i/n864          0.000000       0.001869       -0.001869 (VIOLATED)
   response_i/n870          0.000000       0.001869       -0.001869 (VIOLATED)
   response_i/n878          0.000000       0.001869       -0.001869 (VIOLATED)
   response_i/n883          0.000000       0.001869       -0.001869 (VIOLATED)
   response_i/n896          0.000000       0.001869       -0.001869 (VIOLATED)
   response_i/n932          0.000000       0.001869       -0.001869 (VIOLATED)
   response_i/n949          0.000000       0.001869       -0.001869 (VIOLATED)
   response_i/n976          0.000000       0.001869       -0.001869 (VIOLATED)
   response_i/n1003         0.000000       0.001869       -0.001869 (VIOLATED)
   response_i/n1031         0.000000       0.001869       -0.001869 (VIOLATED)
   response_i/n1058         0.000000       0.001869       -0.001869 (VIOLATED)
   response_i/n1085         0.000000       0.001869       -0.001869 (VIOLATED)
   response_i/n1112         0.000000       0.001869       -0.001869 (VIOLATED)
   response_i/n1153         0.000000       0.001869       -0.001869 (VIOLATED)
   response_i/n1169         0.000000       0.001869       -0.001869 (VIOLATED)
   response_i/n1195         0.000000       0.001869       -0.001869 (VIOLATED)
   response_i/n1221         0.000000       0.001869       -0.001869 (VIOLATED)
   response_i/n1246         0.000000       0.001869       -0.001869 (VIOLATED)
   response_i/n1297         0.000000       0.001869       -0.001869 (VIOLATED)
   banks_i/n206             0.000000       0.001816       -0.001816 (VIOLATED)
   banks_i/n209             0.000000       0.001816       -0.001816 (VIOLATED)
   banks_i/n212             0.000000       0.001816       -0.001816 (VIOLATED)
   banks_i/n216             0.000000       0.001816       -0.001816 (VIOLATED)
   banks_i/n241             0.000000       0.001816       -0.001816 (VIOLATED)
   candidates_i/n1104       0.000000       0.001798       -0.001798 (VIOLATED)
   candidates_i/n1144       0.000000       0.001798       -0.001798 (VIOLATED)
   candidates_i/n1166       0.000000       0.001798       -0.001798 (VIOLATED)
   candidates_i/n1187       0.000000       0.001798       -0.001798 (VIOLATED)
   candidates_i/n1208       0.000000       0.001798       -0.001798 (VIOLATED)
   candidates_i/n1239       0.000000       0.001798       -0.001798 (VIOLATED)
   candidates_i/n1245       0.000000       0.001798       -0.001798 (VIOLATED)
   candidates_i/n1270       0.000000       0.001798       -0.001798 (VIOLATED)
   candidates_i/n1275       0.000000       0.001798       -0.001798 (VIOLATED)
   candidates_i/n1284       0.000000       0.001798       -0.001798 (VIOLATED)
   candidates_i/n1289       0.000000       0.001798       -0.001798 (VIOLATED)
   candidates_i/n1296       0.000000       0.001798       -0.001798 (VIOLATED)
   candidates_i/n1301       0.000000       0.001798       -0.001798 (VIOLATED)
   candidates_i/n1309       0.000000       0.001798       -0.001798 (VIOLATED)
   candidates_i/n1314       0.000000       0.001798       -0.001798 (VIOLATED)
   candidates_i/n1321       0.000000       0.001798       -0.001798 (VIOLATED)
   candidates_i/n1327       0.000000       0.001798       -0.001798 (VIOLATED)
   candidates_i/n1335       0.000000       0.001798       -0.001798 (VIOLATED)
   candidates_i/n1340       0.000000       0.001798       -0.001798 (VIOLATED)
   candidates_i/n1347       0.000000       0.001798       -0.001798 (VIOLATED)
   candidates_i/n1353       0.000000       0.001798       -0.001798 (VIOLATED)
   candidates_i/n1361       0.000000       0.001798       -0.001798 (VIOLATED)
   candidates_i/n1366       0.000000       0.001798       -0.001798 (VIOLATED)
   candidates_i/n1373       0.000000       0.001798       -0.001798 (VIOLATED)
   candidates_i/n1379       0.000000       0.001798       -0.001798 (VIOLATED)
   candidates_i/n1387       0.000000       0.001798       -0.001798 (VIOLATED)
   candidates_i/n1392       0.000000       0.001798       -0.001798 (VIOLATED)
   candidates_i/n1399       0.000000       0.001798       -0.001798 (VIOLATED)
   candidates_i/n1405       0.000000       0.001798       -0.001798 (VIOLATED)
   candidates_i/n1413       0.000000       0.001798       -0.001798 (VIOLATED)
   candidates_i/n1418       0.000000       0.001798       -0.001798 (VIOLATED)
   candidates_i/n1425       0.000000       0.001798       -0.001798 (VIOLATED)
   candidates_i/n1431       0.000000       0.001798       -0.001798 (VIOLATED)
   candidates_i/n1443       0.000000       0.001798       -0.001798 (VIOLATED)
   candidates_i/n1456       0.000000       0.001798       -0.001798 (VIOLATED)
   candidates_i/n1500       0.000000       0.001798       -0.001798 (VIOLATED)
   candidates_i/n1512       0.000000       0.001798       -0.001798 (VIOLATED)
   candidates_i/n1525       0.000000       0.001798       -0.001798 (VIOLATED)
   candidates_i/n1531       0.000000       0.001798       -0.001798 (VIOLATED)
   candidates_i/n1556       0.000000       0.001798       -0.001798 (VIOLATED)
   candidates_i/n1561       0.000000       0.001798       -0.001798 (VIOLATED)
   candidates_i/n1570       0.000000       0.001798       -0.001798 (VIOLATED)
   candidates_i/n1575       0.000000       0.001798       -0.001798 (VIOLATED)
   candidates_i/n1582       0.000000       0.001798       -0.001798 (VIOLATED)
   candidates_i/n1587       0.000000       0.001798       -0.001798 (VIOLATED)
   candidates_i/n1595       0.000000       0.001798       -0.001798 (VIOLATED)
   candidates_i/n1600       0.000000       0.001798       -0.001798 (VIOLATED)
   candidates_i/n1607       0.000000       0.001798       -0.001798 (VIOLATED)
   candidates_i/n1613       0.000000       0.001798       -0.001798 (VIOLATED)
   candidates_i/n1621       0.000000       0.001798       -0.001798 (VIOLATED)
   candidates_i/n1626       0.000000       0.001798       -0.001798 (VIOLATED)
   candidates_i/n1633       0.000000       0.001798       -0.001798 (VIOLATED)
   candidates_i/n1639       0.000000       0.001798       -0.001798 (VIOLATED)
   candidates_i/n1647       0.000000       0.001798       -0.001798 (VIOLATED)
   candidates_i/n1652       0.000000       0.001798       -0.001798 (VIOLATED)
   candidates_i/n1659       0.000000       0.001798       -0.001798 (VIOLATED)
   candidates_i/n1665       0.000000       0.001798       -0.001798 (VIOLATED)
   candidates_i/n1673       0.000000       0.001798       -0.001798 (VIOLATED)
   candidates_i/n1678       0.000000       0.001798       -0.001798 (VIOLATED)
   candidates_i/n1685       0.000000       0.001798       -0.001798 (VIOLATED)
   candidates_i/n1691       0.000000       0.001798       -0.001798 (VIOLATED)
   candidates_i/n1699       0.000000       0.001798       -0.001798 (VIOLATED)
   candidates_i/n1704       0.000000       0.001798       -0.001798 (VIOLATED)
   candidates_i/n1711       0.000000       0.001798       -0.001798 (VIOLATED)
   candidates_i/n1717       0.000000       0.001798       -0.001798 (VIOLATED)
   candidates_i/n1728       0.000000       0.001798       -0.001798 (VIOLATED)
   candidates_i/n1738       0.000000       0.001798       -0.001798 (VIOLATED)
   candidates_i/n1774       0.000000       0.001798       -0.001798 (VIOLATED)
   candidates_i/n1793       0.000000       0.001798       -0.001798 (VIOLATED)
   candidates_i/n1815       0.000000       0.001798       -0.001798 (VIOLATED)
   candidates_i/n1821       0.000000       0.001798       -0.001798 (VIOLATED)
   candidates_i/n1846       0.000000       0.001798       -0.001798 (VIOLATED)
   candidates_i/n1851       0.000000       0.001798       -0.001798 (VIOLATED)
   candidates_i/n1860       0.000000       0.001798       -0.001798 (VIOLATED)
   candidates_i/n1865       0.000000       0.001798       -0.001798 (VIOLATED)
   candidates_i/n1872       0.000000       0.001798       -0.001798 (VIOLATED)
   candidates_i/n1877       0.000000       0.001798       -0.001798 (VIOLATED)
   candidates_i/n1885       0.000000       0.001798       -0.001798 (VIOLATED)
   candidates_i/n1890       0.000000       0.001798       -0.001798 (VIOLATED)
   candidates_i/n1897       0.000000       0.001798       -0.001798 (VIOLATED)
   candidates_i/n1903       0.000000       0.001798       -0.001798 (VIOLATED)
   candidates_i/n1911       0.000000       0.001798       -0.001798 (VIOLATED)
   candidates_i/n1916       0.000000       0.001798       -0.001798 (VIOLATED)
   candidates_i/n1923       0.000000       0.001798       -0.001798 (VIOLATED)
   candidates_i/n1929       0.000000       0.001798       -0.001798 (VIOLATED)
   candidates_i/n1938       0.000000       0.001798       -0.001798 (VIOLATED)
   candidates_i/n1943       0.000000       0.001798       -0.001798 (VIOLATED)
   candidates_i/n1950       0.000000       0.001798       -0.001798 (VIOLATED)
   candidates_i/n1956       0.000000       0.001798       -0.001798 (VIOLATED)
   candidates_i/n1964       0.000000       0.001798       -0.001798 (VIOLATED)
   candidates_i/n1969       0.000000       0.001798       -0.001798 (VIOLATED)
   candidates_i/n1976       0.000000       0.001798       -0.001798 (VIOLATED)
   candidates_i/n1982       0.000000       0.001798       -0.001798 (VIOLATED)
   candidates_i/n1991       0.000000       0.001798       -0.001798 (VIOLATED)
   candidates_i/n1996       0.000000       0.001798       -0.001798 (VIOLATED)
   candidates_i/n2003       0.000000       0.001798       -0.001798 (VIOLATED)
   candidates_i/n2009       0.000000       0.001798       -0.001798 (VIOLATED)
   candidates_i/n2021       0.000000       0.001798       -0.001798 (VIOLATED)
   candidates_i/n2033       0.000000       0.001798       -0.001798 (VIOLATED)
   candidates_i/n2076       0.000000       0.001798       -0.001798 (VIOLATED)
   candidates_i/n2088       0.000000       0.001798       -0.001798 (VIOLATED)
   candidates_i/n2101       0.000000       0.001798       -0.001798 (VIOLATED)
   candidates_i/n2107       0.000000       0.001798       -0.001798 (VIOLATED)
   candidates_i/n2132       0.000000       0.001798       -0.001798 (VIOLATED)
   candidates_i/n2137       0.000000       0.001798       -0.001798 (VIOLATED)
   candidates_i/n2146       0.000000       0.001798       -0.001798 (VIOLATED)
   candidates_i/n2151       0.000000       0.001798       -0.001798 (VIOLATED)
   candidates_i/n2158       0.000000       0.001798       -0.001798 (VIOLATED)
   candidates_i/n2163       0.000000       0.001798       -0.001798 (VIOLATED)
   candidates_i/n2171       0.000000       0.001798       -0.001798 (VIOLATED)
   candidates_i/n2176       0.000000       0.001798       -0.001798 (VIOLATED)
   candidates_i/n2183       0.000000       0.001798       -0.001798 (VIOLATED)
   candidates_i/n2189       0.000000       0.001798       -0.001798 (VIOLATED)
   candidates_i/n2197       0.000000       0.001798       -0.001798 (VIOLATED)
   candidates_i/n2202       0.000000       0.001798       -0.001798 (VIOLATED)
   candidates_i/n2209       0.000000       0.001798       -0.001798 (VIOLATED)
   candidates_i/n2215       0.000000       0.001798       -0.001798 (VIOLATED)
   candidates_i/n2224       0.000000       0.001798       -0.001798 (VIOLATED)
   candidates_i/n2229       0.000000       0.001798       -0.001798 (VIOLATED)
   candidates_i/n2236       0.000000       0.001798       -0.001798 (VIOLATED)
   candidates_i/n2242       0.000000       0.001798       -0.001798 (VIOLATED)
   candidates_i/n2250       0.000000       0.001798       -0.001798 (VIOLATED)
   candidates_i/n2255       0.000000       0.001798       -0.001798 (VIOLATED)
   candidates_i/n2262       0.000000       0.001798       -0.001798 (VIOLATED)
   candidates_i/n2268       0.000000       0.001798       -0.001798 (VIOLATED)
   candidates_i/n2277       0.000000       0.001798       -0.001798 (VIOLATED)
   candidates_i/n2282       0.000000       0.001798       -0.001798 (VIOLATED)
   candidates_i/n2289       0.000000       0.001798       -0.001798 (VIOLATED)
   candidates_i/n2295       0.000000       0.001798       -0.001798 (VIOLATED)
   candidates_i/n2306       0.000000       0.001798       -0.001798 (VIOLATED)
   candidates_i/n2315       0.000000       0.001798       -0.001798 (VIOLATED)
   candidates_i/n2410       0.000000       0.001798       -0.001798 (VIOLATED)
   candidates_i/n2438       0.000000       0.001798       -0.001798 (VIOLATED)
   candidates_i/n2457       0.000000       0.001798       -0.001798 (VIOLATED)
   candidates_i/n2472       0.000000       0.001798       -0.001798 (VIOLATED)
   candidates_i/n2500       0.000000       0.001798       -0.001798 (VIOLATED)
   candidates_i/n2528       0.000000       0.001798       -0.001798 (VIOLATED)
   candidates_i/n2556       0.000000       0.001798       -0.001798 (VIOLATED)
   candidates_i/n2589       0.000000       0.001798       -0.001798 (VIOLATED)
   candidates_i/n2617       0.000000       0.001798       -0.001798 (VIOLATED)
   candidates_i/n2674       0.000000       0.001798       -0.001798 (VIOLATED)
   candidates_i/n2692       0.000000       0.001798       -0.001798 (VIOLATED)
   candidates_i/n2761       0.000000       0.001798       -0.001798 (VIOLATED)
   candidates_i/n2789       0.000000       0.001798       -0.001798 (VIOLATED)
   candidates_i/n3348       0.000000       0.001798       -0.001798 (VIOLATED)
   candidates_i/n3350       0.000000       0.001798       -0.001798 (VIOLATED)
   candidates_i/n3524       0.000000       0.001798       -0.001798 (VIOLATED)
   candidates_i/n3530       0.000000       0.001798       -0.001798 (VIOLATED)
   frfcfs_scheduler_i/n692  0.000000       0.001798       -0.001798 (VIOLATED)
   frfcfs_scheduler_i/n713  0.000000       0.001798       -0.001798 (VIOLATED)
   frfcfs_scheduler_i/n729  0.000000       0.001798       -0.001798 (VIOLATED)
   frfcfs_scheduler_i/n742  0.000000       0.001798       -0.001798 (VIOLATED)
   frfcfs_scheduler_i/n757  0.000000       0.001798       -0.001798 (VIOLATED)
   frfcfs_scheduler_i/n770  0.000000       0.001798       -0.001798 (VIOLATED)
   frfcfs_scheduler_i/n785  0.000000       0.001798       -0.001798 (VIOLATED)
   frfcfs_scheduler_i/n798  0.000000       0.001798       -0.001798 (VIOLATED)
   frfcfs_scheduler_i/n814  0.000000       0.001798       -0.001798 (VIOLATED)
   frfcfs_scheduler_i/n827  0.000000       0.001798       -0.001798 (VIOLATED)
   frfcfs_scheduler_i/n842  0.000000       0.001798       -0.001798 (VIOLATED)
   frfcfs_scheduler_i/n855  0.000000       0.001798       -0.001798 (VIOLATED)
   frfcfs_scheduler_i/n870  0.000000       0.001798       -0.001798 (VIOLATED)
   frfcfs_scheduler_i/n883  0.000000       0.001798       -0.001798 (VIOLATED)
   frfcfs_scheduler_i/n898  0.000000       0.001798       -0.001798 (VIOLATED)
   frfcfs_scheduler_i/n911  0.000000       0.001798       -0.001798 (VIOLATED)
   frfcfs_scheduler_i/n927  0.000000       0.001798       -0.001798 (VIOLATED)
   frfcfs_scheduler_i/n940  0.000000       0.001798       -0.001798 (VIOLATED)
   frfcfs_scheduler_i/n956  0.000000       0.001798       -0.001798 (VIOLATED)
   frfcfs_scheduler_i/n969  0.000000       0.001798       -0.001798 (VIOLATED)
   frfcfs_scheduler_i/n984  0.000000       0.001798       -0.001798 (VIOLATED)
   frfcfs_scheduler_i/n997  0.000000       0.001798       -0.001798 (VIOLATED)
   frfcfs_scheduler_i/n1012 0.000000       0.001798       -0.001798 (VIOLATED)
   frfcfs_scheduler_i/n1025 0.000000       0.001798       -0.001798 (VIOLATED)
   frfcfs_scheduler_i/n1040 0.000000       0.001798       -0.001798 (VIOLATED)
   frfcfs_scheduler_i/n1053 0.000000       0.001798       -0.001798 (VIOLATED)
   frfcfs_scheduler_i/n1068 0.000000       0.001798       -0.001798 (VIOLATED)
   frfcfs_scheduler_i/n1081 0.000000       0.001798       -0.001798 (VIOLATED)
   frfcfs_scheduler_i/n1096 0.000000       0.001798       -0.001798 (VIOLATED)
   frfcfs_scheduler_i/n1109 0.000000       0.001798       -0.001798 (VIOLATED)
   frfcfs_scheduler_i/n1126 0.000000       0.001798       -0.001798 (VIOLATED)
   frfcfs_scheduler_i/n1212 0.000000       0.001798       -0.001798 (VIOLATED)
   frfcfs_scheduler_i/n1257 0.000000       0.001798       -0.001798 (VIOLATED)
   frfcfs_scheduler_i/n1262 0.000000       0.001798       -0.001798 (VIOLATED)
   frfcfs_scheduler_i/n1308 0.000000       0.001798       -0.001798 (VIOLATED)
   frfcfs_scheduler_i/n1313 0.000000       0.001798       -0.001798 (VIOLATED)
   frfcfs_scheduler_i/n1321 0.000000       0.001798       -0.001798 (VIOLATED)
   frfcfs_scheduler_i/n1326 0.000000       0.001798       -0.001798 (VIOLATED)
   frfcfs_scheduler_i/n1335 0.000000       0.001798       -0.001798 (VIOLATED)
   frfcfs_scheduler_i/n1340 0.000000       0.001798       -0.001798 (VIOLATED)
   frfcfs_scheduler_i/n1349 0.000000       0.001798       -0.001798 (VIOLATED)
   frfcfs_scheduler_i/n1354 0.000000       0.001798       -0.001798 (VIOLATED)
   frfcfs_scheduler_i/n1363 0.000000       0.001798       -0.001798 (VIOLATED)
   frfcfs_scheduler_i/n1368 0.000000       0.001798       -0.001798 (VIOLATED)
   frfcfs_scheduler_i/n1379 0.000000       0.001798       -0.001798 (VIOLATED)
   frfcfs_scheduler_i/n1384 0.000000       0.001798       -0.001798 (VIOLATED)
   frfcfs_scheduler_i/n1391 0.000000       0.001798       -0.001798 (VIOLATED)
   frfcfs_scheduler_i/n1396 0.000000       0.001798       -0.001798 (VIOLATED)
   frfcfs_scheduler_i/n1405 0.000000       0.001798       -0.001798 (VIOLATED)
   frfcfs_scheduler_i/n1410 0.000000       0.001798       -0.001798 (VIOLATED)
   frfcfs_scheduler_i/n1417 0.000000       0.001798       -0.001798 (VIOLATED)
   frfcfs_scheduler_i/n1422 0.000000       0.001798       -0.001798 (VIOLATED)
   frfcfs_scheduler_i/n1430 0.000000       0.001798       -0.001798 (VIOLATED)
   frfcfs_scheduler_i/n1435 0.000000       0.001798       -0.001798 (VIOLATED)
   frfcfs_scheduler_i/n1442 0.000000       0.001798       -0.001798 (VIOLATED)
   frfcfs_scheduler_i/n1447 0.000000       0.001798       -0.001798 (VIOLATED)
   frfcfs_scheduler_i/n1454 0.000000       0.001798       -0.001798 (VIOLATED)
   frfcfs_scheduler_i/n1459 0.000000       0.001798       -0.001798 (VIOLATED)
   frfcfs_scheduler_i/n1466 0.000000       0.001798       -0.001798 (VIOLATED)
   frfcfs_scheduler_i/n1471 0.000000       0.001798       -0.001798 (VIOLATED)
   frfcfs_scheduler_i/n1479 0.000000       0.001798       -0.001798 (VIOLATED)
   frfcfs_scheduler_i/n1484 0.000000       0.001798       -0.001798 (VIOLATED)
   frfcfs_scheduler_i/n1492 0.000000       0.001798       -0.001798 (VIOLATED)
   frfcfs_scheduler_i/n1497 0.000000       0.001798       -0.001798 (VIOLATED)
   n130                     0.000000       0.001798       -0.001798 (VIOLATED)
   n135                     0.000000       0.001798       -0.001798 (VIOLATED)
   n142                     0.000000       0.001798       -0.001798 (VIOLATED)
   n147                     0.000000       0.001798       -0.001798 (VIOLATED)
   n154                     0.000000       0.001798       -0.001798 (VIOLATED)
   n159                     0.000000       0.001798       -0.001798 (VIOLATED)
   n166                     0.000000       0.001798       -0.001798 (VIOLATED)
   n171                     0.000000       0.001798       -0.001798 (VIOLATED)
   n178                     0.000000       0.001798       -0.001798 (VIOLATED)
   n183                     0.000000       0.001798       -0.001798 (VIOLATED)
   n190                     0.000000       0.001798       -0.001798 (VIOLATED)
   n195                     0.000000       0.001798       -0.001798 (VIOLATED)
   n202                     0.000000       0.001798       -0.001798 (VIOLATED)
   n207                     0.000000       0.001798       -0.001798 (VIOLATED)
   n214                     0.000000       0.001798       -0.001798 (VIOLATED)
   n219                     0.000000       0.001798       -0.001798 (VIOLATED)
   n226                     0.000000       0.001798       -0.001798 (VIOLATED)
   n231                     0.000000       0.001798       -0.001798 (VIOLATED)
   n238                     0.000000       0.001798       -0.001798 (VIOLATED)
   n243                     0.000000       0.001798       -0.001798 (VIOLATED)
   n250                     0.000000       0.001798       -0.001798 (VIOLATED)
   n255                     0.000000       0.001798       -0.001798 (VIOLATED)
   n262                     0.000000       0.001798       -0.001798 (VIOLATED)
   n267                     0.000000       0.001798       -0.001798 (VIOLATED)
   n274                     0.000000       0.001798       -0.001798 (VIOLATED)
   n279                     0.000000       0.001798       -0.001798 (VIOLATED)
   n286                     0.000000       0.001798       -0.001798 (VIOLATED)
   n291                     0.000000       0.001798       -0.001798 (VIOLATED)
   n298                     0.000000       0.001798       -0.001798 (VIOLATED)
   n303                     0.000000       0.001798       -0.001798 (VIOLATED)
   n310                     0.000000       0.001798       -0.001798 (VIOLATED)
   n315                     0.000000       0.001798       -0.001798 (VIOLATED)
   n322                     0.000000       0.001798       -0.001798 (VIOLATED)
   n327                     0.000000       0.001798       -0.001798 (VIOLATED)
   n334                     0.000000       0.001798       -0.001798 (VIOLATED)
   n339                     0.000000       0.001798       -0.001798 (VIOLATED)
   n346                     0.000000       0.001798       -0.001798 (VIOLATED)
   n351                     0.000000       0.001798       -0.001798 (VIOLATED)
   n358                     0.000000       0.001798       -0.001798 (VIOLATED)
   n363                     0.000000       0.001798       -0.001798 (VIOLATED)
   n370                     0.000000       0.001798       -0.001798 (VIOLATED)
   n375                     0.000000       0.001798       -0.001798 (VIOLATED)
   n382                     0.000000       0.001798       -0.001798 (VIOLATED)
   n387                     0.000000       0.001798       -0.001798 (VIOLATED)
   n394                     0.000000       0.001798       -0.001798 (VIOLATED)
   n399                     0.000000       0.001798       -0.001798 (VIOLATED)
   n406                     0.000000       0.001798       -0.001798 (VIOLATED)
   n411                     0.000000       0.001798       -0.001798 (VIOLATED)
   n418                     0.000000       0.001798       -0.001798 (VIOLATED)
   n423                     0.000000       0.001798       -0.001798 (VIOLATED)
   n430                     0.000000       0.001798       -0.001798 (VIOLATED)
   n435                     0.000000       0.001798       -0.001798 (VIOLATED)
   n442                     0.000000       0.001798       -0.001798 (VIOLATED)
   n447                     0.000000       0.001798       -0.001798 (VIOLATED)
   n454                     0.000000       0.001798       -0.001798 (VIOLATED)
   n459                     0.000000       0.001798       -0.001798 (VIOLATED)
   n466                     0.000000       0.001798       -0.001798 (VIOLATED)
   n471                     0.000000       0.001798       -0.001798 (VIOLATED)
   n478                     0.000000       0.001798       -0.001798 (VIOLATED)
   n483                     0.000000       0.001798       -0.001798 (VIOLATED)
   n490                     0.000000       0.001798       -0.001798 (VIOLATED)
   n495                     0.000000       0.001798       -0.001798 (VIOLATED)
   n502                     0.000000       0.001798       -0.001798 (VIOLATED)
   n507                     0.000000       0.001798       -0.001798 (VIOLATED)
   n514                     0.000000       0.001798       -0.001798 (VIOLATED)
   n519                     0.000000       0.001798       -0.001798 (VIOLATED)
   n526                     0.000000       0.001798       -0.001798 (VIOLATED)
   n531                     0.000000       0.001798       -0.001798 (VIOLATED)
   n538                     0.000000       0.001798       -0.001798 (VIOLATED)
   n543                     0.000000       0.001798       -0.001798 (VIOLATED)
   n550                     0.000000       0.001798       -0.001798 (VIOLATED)
   n555                     0.000000       0.001798       -0.001798 (VIOLATED)
   n562                     0.000000       0.001798       -0.001798 (VIOLATED)
   n567                     0.000000       0.001798       -0.001798 (VIOLATED)
   n574                     0.000000       0.001798       -0.001798 (VIOLATED)
   n579                     0.000000       0.001798       -0.001798 (VIOLATED)
   n586                     0.000000       0.001798       -0.001798 (VIOLATED)
   n591                     0.000000       0.001798       -0.001798 (VIOLATED)
   n598                     0.000000       0.001798       -0.001798 (VIOLATED)
   n603                     0.000000       0.001798       -0.001798 (VIOLATED)
   n610                     0.000000       0.001798       -0.001798 (VIOLATED)
   n615                     0.000000       0.001798       -0.001798 (VIOLATED)
   n622                     0.000000       0.001798       -0.001798 (VIOLATED)
   n627                     0.000000       0.001798       -0.001798 (VIOLATED)
   n634                     0.000000       0.001798       -0.001798 (VIOLATED)
   n639                     0.000000       0.001798       -0.001798 (VIOLATED)
   n646                     0.000000       0.001798       -0.001798 (VIOLATED)
   n651                     0.000000       0.001798       -0.001798 (VIOLATED)
   n658                     0.000000       0.001798       -0.001798 (VIOLATED)
   n663                     0.000000       0.001798       -0.001798 (VIOLATED)
   n670                     0.000000       0.001798       -0.001798 (VIOLATED)
   n675                     0.000000       0.001798       -0.001798 (VIOLATED)
   n682                     0.000000       0.001798       -0.001798 (VIOLATED)
   n687                     0.000000       0.001798       -0.001798 (VIOLATED)
   n694                     0.000000       0.001798       -0.001798 (VIOLATED)
   n699                     0.000000       0.001798       -0.001798 (VIOLATED)
   n706                     0.000000       0.001798       -0.001798 (VIOLATED)
   n711                     0.000000       0.001798       -0.001798 (VIOLATED)
   n718                     0.000000       0.001798       -0.001798 (VIOLATED)
   n723                     0.000000       0.001798       -0.001798 (VIOLATED)
   response_i/n698          0.000000       0.001798       -0.001798 (VIOLATED)
   response_i/n704          0.000000       0.001798       -0.001798 (VIOLATED)
   response_i/n712          0.000000       0.001798       -0.001798 (VIOLATED)
   response_i/n718          0.000000       0.001798       -0.001798 (VIOLATED)
   response_i/n726          0.000000       0.001798       -0.001798 (VIOLATED)
   response_i/n732          0.000000       0.001798       -0.001798 (VIOLATED)
   response_i/n740          0.000000       0.001798       -0.001798 (VIOLATED)
   response_i/n746          0.000000       0.001798       -0.001798 (VIOLATED)
   response_i/n755          0.000000       0.001798       -0.001798 (VIOLATED)
   response_i/n761          0.000000       0.001798       -0.001798 (VIOLATED)
   response_i/n769          0.000000       0.001798       -0.001798 (VIOLATED)
   response_i/n775          0.000000       0.001798       -0.001798 (VIOLATED)
   response_i/n783          0.000000       0.001798       -0.001798 (VIOLATED)
   response_i/n789          0.000000       0.001798       -0.001798 (VIOLATED)
   response_i/n797          0.000000       0.001798       -0.001798 (VIOLATED)
   response_i/n803          0.000000       0.001798       -0.001798 (VIOLATED)
   response_i/n812          0.000000       0.001798       -0.001798 (VIOLATED)
   response_i/n817          0.000000       0.001798       -0.001798 (VIOLATED)
   response_i/n824          0.000000       0.001798       -0.001798 (VIOLATED)
   response_i/n829          0.000000       0.001798       -0.001798 (VIOLATED)
   response_i/n836          0.000000       0.001798       -0.001798 (VIOLATED)
   response_i/n842          0.000000       0.001798       -0.001798 (VIOLATED)
   response_i/n850          0.000000       0.001798       -0.001798 (VIOLATED)
   response_i/n855          0.000000       0.001798       -0.001798 (VIOLATED)
   response_i/n863          0.000000       0.001798       -0.001798 (VIOLATED)
   response_i/n869          0.000000       0.001798       -0.001798 (VIOLATED)
   response_i/n877          0.000000       0.001798       -0.001798 (VIOLATED)
   response_i/n882          0.000000       0.001798       -0.001798 (VIOLATED)
   response_i/n895          0.000000       0.001798       -0.001798 (VIOLATED)
   response_i/n931          0.000000       0.001798       -0.001798 (VIOLATED)
   response_i/n948          0.000000       0.001798       -0.001798 (VIOLATED)
   response_i/n975          0.000000       0.001798       -0.001798 (VIOLATED)
   response_i/n1002         0.000000       0.001798       -0.001798 (VIOLATED)
   response_i/n1030         0.000000       0.001798       -0.001798 (VIOLATED)
   response_i/n1057         0.000000       0.001798       -0.001798 (VIOLATED)
   response_i/n1084         0.000000       0.001798       -0.001798 (VIOLATED)
   response_i/n1111         0.000000       0.001798       -0.001798 (VIOLATED)
   response_i/n1152         0.000000       0.001798       -0.001798 (VIOLATED)
   response_i/n1168         0.000000       0.001798       -0.001798 (VIOLATED)
   response_i/n1194         0.000000       0.001798       -0.001798 (VIOLATED)
   response_i/n1220         0.000000       0.001798       -0.001798 (VIOLATED)
   response_i/n1245         0.000000       0.001798       -0.001798 (VIOLATED)
   response_i/n1296         0.000000       0.001798       -0.001798 (VIOLATED)
   candidate_mask[4]        0.000000       0.001551       -0.001551 (VIOLATED)
   candidate_mask[5]        0.000000       0.001551       -0.001551 (VIOLATED)
   candidate_mask[8]        0.000000       0.001551       -0.001551 (VIOLATED)
   candidate_mask[11]       0.000000       0.001551       -0.001551 (VIOLATED)
   candidate_mask[15]       0.000000       0.001551       -0.001551 (VIOLATED)
   candidates_i/n1086       0.000000       0.001551       -0.001551 (VIOLATED)
   candidates_i/n1089       0.000000       0.001551       -0.001551 (VIOLATED)
   candidates_i/n1129       0.000000       0.001551       -0.001551 (VIOLATED)
   candidates_i/n1170       0.000000       0.001551       -0.001551 (VIOLATED)
   candidates_i/n1173       0.000000       0.001551       -0.001551 (VIOLATED)
   candidates_i/n1183       0.000000       0.001551       -0.001551 (VIOLATED)
   candidates_i/n1221       0.000000       0.001551       -0.001551 (VIOLATED)
   candidates_i/n1255       0.000000       0.001551       -0.001551 (VIOLATED)
   candidates_i/n1257       0.000000       0.001551       -0.001551 (VIOLATED)
   candidates_i/n1259       0.000000       0.001551       -0.001551 (VIOLATED)
   candidates_i/n1261       0.000000       0.001551       -0.001551 (VIOLATED)
   candidates_i/n1434       0.000000       0.001551       -0.001551 (VIOLATED)
   candidates_i/n1445       0.000000       0.001551       -0.001551 (VIOLATED)
   candidates_i/n1448       0.000000       0.001551       -0.001551 (VIOLATED)
   candidates_i/n1466       0.000000       0.001551       -0.001551 (VIOLATED)
   candidates_i/n1478       0.000000       0.001551       -0.001551 (VIOLATED)
   candidates_i/n1483       0.000000       0.001551       -0.001551 (VIOLATED)
   candidates_i/n1541       0.000000       0.001551       -0.001551 (VIOLATED)
   candidates_i/n1543       0.000000       0.001551       -0.001551 (VIOLATED)
   candidates_i/n1545       0.000000       0.001551       -0.001551 (VIOLATED)
   candidates_i/n1547       0.000000       0.001551       -0.001551 (VIOLATED)
   candidates_i/n1720       0.000000       0.001551       -0.001551 (VIOLATED)
   candidates_i/n1730       0.000000       0.001551       -0.001551 (VIOLATED)
   candidates_i/n1732       0.000000       0.001551       -0.001551 (VIOLATED)
   candidates_i/n1744       0.000000       0.001551       -0.001551 (VIOLATED)
   candidates_i/n1752       0.000000       0.001551       -0.001551 (VIOLATED)
   candidates_i/n1755       0.000000       0.001551       -0.001551 (VIOLATED)
   candidates_i/n1833       0.000000       0.001551       -0.001551 (VIOLATED)
   candidates_i/n1836       0.000000       0.001551       -0.001551 (VIOLATED)
   candidates_i/n1839       0.000000       0.001551       -0.001551 (VIOLATED)
   candidates_i/n2012       0.000000       0.001551       -0.001551 (VIOLATED)
   candidates_i/n2025       0.000000       0.001551       -0.001551 (VIOLATED)
   candidates_i/n2047       0.000000       0.001551       -0.001551 (VIOLATED)
   candidates_i/n2059       0.000000       0.001551       -0.001551 (VIOLATED)
   candidates_i/n2117       0.000000       0.001551       -0.001551 (VIOLATED)
   candidates_i/n2119       0.000000       0.001551       -0.001551 (VIOLATED)
   candidates_i/n2122       0.000000       0.001551       -0.001551 (VIOLATED)
   candidates_i/n2125       0.000000       0.001551       -0.001551 (VIOLATED)
   candidates_i/n2298       0.000000       0.001551       -0.001551 (VIOLATED)
   candidates_i/n2309       0.000000       0.001551       -0.001551 (VIOLATED)
   candidates_i/n2323       0.000000       0.001551       -0.001551 (VIOLATED)
   candidates_i/n2331       0.000000       0.001551       -0.001551 (VIOLATED)
   frfcfs_scheduler_i/n233  0.000000       0.001551       -0.001551 (VIOLATED)
   frfcfs_scheduler_i/n597  0.000000       0.001551       -0.001551 (VIOLATED)
   frfcfs_scheduler_i/n616  0.000000       0.001551       -0.001551 (VIOLATED)
   frfcfs_scheduler_i/n618  0.000000       0.001551       -0.001551 (VIOLATED)
   frfcfs_scheduler_i/n622  0.000000       0.001551       -0.001551 (VIOLATED)
   frfcfs_scheduler_i/n624  0.000000       0.001551       -0.001551 (VIOLATED)
   frfcfs_scheduler_i/n647  0.000000       0.001551       -0.001551 (VIOLATED)
   frfcfs_scheduler_i/n652  0.000000       0.001551       -0.001551 (VIOLATED)
   frfcfs_scheduler_i/n1014 0.000000       0.001551       -0.001551 (VIOLATED)
   frfcfs_scheduler_i/n1027 0.000000       0.001551       -0.001551 (VIOLATED)
   frfcfs_scheduler_i/n1136 0.000000       0.001551       -0.001551 (VIOLATED)
   frfcfs_scheduler_i/n1264 0.000000       0.001551       -0.001551 (VIOLATED)
   frfcfs_scheduler_i/n1274 0.000000       0.001551       -0.001551 (VIOLATED)
   frfcfs_scheduler_i/n1315 0.000000       0.001551       -0.001551 (VIOLATED)
   frfcfs_scheduler_i/n1328 0.000000       0.001551       -0.001551 (VIOLATED)
   frfcfs_scheduler_i/n1342 0.000000       0.001551       -0.001551 (VIOLATED)
   frfcfs_scheduler_i/n1356 0.000000       0.001551       -0.001551 (VIOLATED)
   frfcfs_scheduler_i/n1370 0.000000       0.001551       -0.001551 (VIOLATED)
   frfcfs_scheduler_i/n1398 0.000000       0.001551       -0.001551 (VIOLATED)
   frfcfs_scheduler_i/n1424 0.000000       0.001551       -0.001551 (VIOLATED)
   frfcfs_scheduler_i/n1473 0.000000       0.001551       -0.001551 (VIOLATED)
   frfcfs_scheduler_i/n1486 0.000000       0.001551       -0.001551 (VIOLATED)
   frfcfs_scheduler_i/n1499 0.000000       0.001551       -0.001551 (VIOLATED)
   response_i/n706          0.000000       0.001551       -0.001551 (VIOLATED)
   response_i/n720          0.000000       0.001551       -0.001551 (VIOLATED)
   response_i/n734          0.000000       0.001551       -0.001551 (VIOLATED)
   response_i/n748          0.000000       0.001551       -0.001551 (VIOLATED)
   response_i/n763          0.000000       0.001551       -0.001551 (VIOLATED)
   response_i/n777          0.000000       0.001551       -0.001551 (VIOLATED)
   response_i/n791          0.000000       0.001551       -0.001551 (VIOLATED)
   response_i/n805          0.000000       0.001551       -0.001551 (VIOLATED)
   response_i/n844          0.000000       0.001551       -0.001551 (VIOLATED)
   response_i/n871          0.000000       0.001551       -0.001551 (VIOLATED)
   response_i/n897          0.000000       0.001551       -0.001551 (VIOLATED)
   table_i/n920             0.000000       0.001551       -0.001551 (VIOLATED)
   table_i/n926             0.000000       0.001551       -0.001551 (VIOLATED)
   table_i/n962             0.000000       0.001551       -0.001551 (VIOLATED)
   table_i/n965             0.000000       0.001551       -0.001551 (VIOLATED)
   table_i/n966             0.000000       0.001551       -0.001551 (VIOLATED)
   table_i/n967             0.000000       0.001551       -0.001551 (VIOLATED)
   table_i/n968             0.000000       0.001551       -0.001551 (VIOLATED)
   table_i/n969             0.000000       0.001551       -0.001551 (VIOLATED)
   table_i/n970             0.000000       0.001551       -0.001551 (VIOLATED)
   table_i/n971             0.000000       0.001551       -0.001551 (VIOLATED)
   table_i/n973             0.000000       0.001551       -0.001551 (VIOLATED)
   table_i/n974             0.000000       0.001551       -0.001551 (VIOLATED)
   table_i/n975             0.000000       0.001551       -0.001551 (VIOLATED)
   table_i/n976             0.000000       0.001551       -0.001551 (VIOLATED)
   table_i/n977             0.000000       0.001551       -0.001551 (VIOLATED)
   table_i/n978             0.000000       0.001551       -0.001551 (VIOLATED)
   table_i/n983             0.000000       0.001551       -0.001551 (VIOLATED)
   table_i/n986             0.000000       0.001551       -0.001551 (VIOLATED)
   table_i/n987             0.000000       0.001551       -0.001551 (VIOLATED)
   table_i/n988             0.000000       0.001551       -0.001551 (VIOLATED)
   table_i/n989             0.000000       0.001551       -0.001551 (VIOLATED)
   table_i/n990             0.000000       0.001551       -0.001551 (VIOLATED)
   table_i/n991             0.000000       0.001551       -0.001551 (VIOLATED)
   table_i/n995             0.000000       0.001551       -0.001551 (VIOLATED)
   table_i/n998             0.000000       0.001551       -0.001551 (VIOLATED)
   table_i/n999             0.000000       0.001551       -0.001551 (VIOLATED)
   table_i/n1000            0.000000       0.001551       -0.001551 (VIOLATED)
   table_i/n1001            0.000000       0.001551       -0.001551 (VIOLATED)
   table_i/n1002            0.000000       0.001551       -0.001551 (VIOLATED)
   table_i/n1003            0.000000       0.001551       -0.001551 (VIOLATED)
   table_i/n1007            0.000000       0.001551       -0.001551 (VIOLATED)
   table_i/n1010            0.000000       0.001551       -0.001551 (VIOLATED)
   table_i/n1011            0.000000       0.001551       -0.001551 (VIOLATED)
   table_i/n1012            0.000000       0.001551       -0.001551 (VIOLATED)
   table_i/n1013            0.000000       0.001551       -0.001551 (VIOLATED)
   table_i/n1014            0.000000       0.001551       -0.001551 (VIOLATED)
   table_i/n1015            0.000000       0.001551       -0.001551 (VIOLATED)
   table_i/n1019            0.000000       0.001551       -0.001551 (VIOLATED)
   table_i/n1022            0.000000       0.001551       -0.001551 (VIOLATED)
   table_i/n1023            0.000000       0.001551       -0.001551 (VIOLATED)
   table_i/n1024            0.000000       0.001551       -0.001551 (VIOLATED)
   table_i/n1025            0.000000       0.001551       -0.001551 (VIOLATED)
   table_i/n1026            0.000000       0.001551       -0.001551 (VIOLATED)
   table_i/n1027            0.000000       0.001551       -0.001551 (VIOLATED)
   table_i/n1031            0.000000       0.001551       -0.001551 (VIOLATED)
   table_i/n1034            0.000000       0.001551       -0.001551 (VIOLATED)
   table_i/n1035            0.000000       0.001551       -0.001551 (VIOLATED)
   table_i/n1036            0.000000       0.001551       -0.001551 (VIOLATED)
   table_i/n1037            0.000000       0.001551       -0.001551 (VIOLATED)
   table_i/n1038            0.000000       0.001551       -0.001551 (VIOLATED)
   table_i/n1039            0.000000       0.001551       -0.001551 (VIOLATED)
   table_i/n1043            0.000000       0.001551       -0.001551 (VIOLATED)
   table_i/n1046            0.000000       0.001551       -0.001551 (VIOLATED)
   table_i/n1047            0.000000       0.001551       -0.001551 (VIOLATED)
   table_i/n1048            0.000000       0.001551       -0.001551 (VIOLATED)
   table_i/n1049            0.000000       0.001551       -0.001551 (VIOLATED)
   table_i/n1050            0.000000       0.001551       -0.001551 (VIOLATED)
   table_i/n1051            0.000000       0.001551       -0.001551 (VIOLATED)
   table_i/n1055            0.000000       0.001551       -0.001551 (VIOLATED)
   table_i/n1058            0.000000       0.001551       -0.001551 (VIOLATED)
   table_i/n1059            0.000000       0.001551       -0.001551 (VIOLATED)
   table_i/n1060            0.000000       0.001551       -0.001551 (VIOLATED)
   table_i/n1061            0.000000       0.001551       -0.001551 (VIOLATED)
   table_i/n1062            0.000000       0.001551       -0.001551 (VIOLATED)
   table_i/n1063            0.000000       0.001551       -0.001551 (VIOLATED)
   table_i/n1067            0.000000       0.001551       -0.001551 (VIOLATED)
   table_i/n1070            0.000000       0.001551       -0.001551 (VIOLATED)
   table_i/n1071            0.000000       0.001551       -0.001551 (VIOLATED)
   table_i/n1072            0.000000       0.001551       -0.001551 (VIOLATED)
   table_i/n1073            0.000000       0.001551       -0.001551 (VIOLATED)
   table_i/n1074            0.000000       0.001551       -0.001551 (VIOLATED)
   table_i/n1075            0.000000       0.001551       -0.001551 (VIOLATED)
   table_i/n1079            0.000000       0.001551       -0.001551 (VIOLATED)
   table_i/n1082            0.000000       0.001551       -0.001551 (VIOLATED)
   table_i/n1083            0.000000       0.001551       -0.001551 (VIOLATED)
   table_i/n1084            0.000000       0.001551       -0.001551 (VIOLATED)
   table_i/n1085            0.000000       0.001551       -0.001551 (VIOLATED)
   table_i/n1086            0.000000       0.001551       -0.001551 (VIOLATED)
   table_i/n1087            0.000000       0.001551       -0.001551 (VIOLATED)
   table_i/n1091            0.000000       0.001551       -0.001551 (VIOLATED)
   table_i/n1094            0.000000       0.001551       -0.001551 (VIOLATED)
   table_i/n1095            0.000000       0.001551       -0.001551 (VIOLATED)
   table_i/n1096            0.000000       0.001551       -0.001551 (VIOLATED)
   table_i/n1097            0.000000       0.001551       -0.001551 (VIOLATED)
   table_i/n1098            0.000000       0.001551       -0.001551 (VIOLATED)
   table_i/n1099            0.000000       0.001551       -0.001551 (VIOLATED)
   table_i/n1103            0.000000       0.001551       -0.001551 (VIOLATED)
   table_i/n1106            0.000000       0.001551       -0.001551 (VIOLATED)
   table_i/n1107            0.000000       0.001551       -0.001551 (VIOLATED)
   table_i/n1108            0.000000       0.001551       -0.001551 (VIOLATED)
   table_i/n1109            0.000000       0.001551       -0.001551 (VIOLATED)
   table_i/n1110            0.000000       0.001551       -0.001551 (VIOLATED)
   table_i/n1111            0.000000       0.001551       -0.001551 (VIOLATED)
   table_i/n1115            0.000000       0.001551       -0.001551 (VIOLATED)
   table_i/n1118            0.000000       0.001551       -0.001551 (VIOLATED)
   table_i/n1119            0.000000       0.001551       -0.001551 (VIOLATED)
   table_i/n1120            0.000000       0.001551       -0.001551 (VIOLATED)
   table_i/n1121            0.000000       0.001551       -0.001551 (VIOLATED)
   table_i/n1122            0.000000       0.001551       -0.001551 (VIOLATED)
   table_i/n1123            0.000000       0.001551       -0.001551 (VIOLATED)
   table_i/n1127            0.000000       0.001551       -0.001551 (VIOLATED)
   table_i/n1130            0.000000       0.001551       -0.001551 (VIOLATED)
   table_i/n1131            0.000000       0.001551       -0.001551 (VIOLATED)
   table_i/n1132            0.000000       0.001551       -0.001551 (VIOLATED)
   table_i/n1133            0.000000       0.001551       -0.001551 (VIOLATED)
   table_i/n1134            0.000000       0.001551       -0.001551 (VIOLATED)
   table_i/n1135            0.000000       0.001551       -0.001551 (VIOLATED)
   table_i/n1139            0.000000       0.001551       -0.001551 (VIOLATED)
   table_i/n1142            0.000000       0.001551       -0.001551 (VIOLATED)
   table_i/n1143            0.000000       0.001551       -0.001551 (VIOLATED)
   table_i/n1144            0.000000       0.001551       -0.001551 (VIOLATED)
   table_i/n1145            0.000000       0.001551       -0.001551 (VIOLATED)
   table_i/n1146            0.000000       0.001551       -0.001551 (VIOLATED)
   table_i/n1150            0.000000       0.001551       -0.001551 (VIOLATED)
   table_i/n1437            0.000000       0.001551       -0.001551 (VIOLATED)
   table_i/n1440            0.000000       0.001551       -0.001551 (VIOLATED)
   table_i/n1443            0.000000       0.001551       -0.001551 (VIOLATED)
   table_i/n1446            0.000000       0.001551       -0.001551 (VIOLATED)
   table_i/n1449            0.000000       0.001551       -0.001551 (VIOLATED)
   table_i/n1452            0.000000       0.001551       -0.001551 (VIOLATED)
   table_i/n1455            0.000000       0.001551       -0.001551 (VIOLATED)
   table_i/n1474            0.000000       0.001551       -0.001551 (VIOLATED)
   table_i/n1480            0.000000       0.001551       -0.001551 (VIOLATED)
   table_i/n1483            0.000000       0.001551       -0.001551 (VIOLATED)
   table_i/n1486            0.000000       0.001551       -0.001551 (VIOLATED)
   table_i/n1489            0.000000       0.001551       -0.001551 (VIOLATED)
   table_i/n1492            0.000000       0.001551       -0.001551 (VIOLATED)
   table_i/n1495            0.000000       0.001551       -0.001551 (VIOLATED)
   table_i/n1514            0.000000       0.001551       -0.001551 (VIOLATED)
   table_i/n1517            0.000000       0.001551       -0.001551 (VIOLATED)
   table_i/n1522            0.000000       0.001551       -0.001551 (VIOLATED)
   table_i/n1525            0.000000       0.001551       -0.001551 (VIOLATED)
   table_i/n1528            0.000000       0.001551       -0.001551 (VIOLATED)
   table_i/n1531            0.000000       0.001551       -0.001551 (VIOLATED)
   table_i/n1534            0.000000       0.001551       -0.001551 (VIOLATED)
   table_i/n1540            0.000000       0.001551       -0.001551 (VIOLATED)
   table_i/n1555            0.000000       0.001551       -0.001551 (VIOLATED)
   table_i/n1558            0.000000       0.001551       -0.001551 (VIOLATED)
   table_i/n1561            0.000000       0.001551       -0.001551 (VIOLATED)
   table_i/n1566            0.000000       0.001551       -0.001551 (VIOLATED)
   table_i/n1569            0.000000       0.001551       -0.001551 (VIOLATED)
   table_i/n1572            0.000000       0.001551       -0.001551 (VIOLATED)
   table_i/n1575            0.000000       0.001551       -0.001551 (VIOLATED)
   table_i/n1578            0.000000       0.001551       -0.001551 (VIOLATED)
   table_i/n1595            0.000000       0.001551       -0.001551 (VIOLATED)
   table_i/n1598            0.000000       0.001551       -0.001551 (VIOLATED)
   table_i/n1601            0.000000       0.001551       -0.001551 (VIOLATED)
   table_i/n1604            0.000000       0.001551       -0.001551 (VIOLATED)
   table_i/n1609            0.000000       0.001551       -0.001551 (VIOLATED)
   table_i/n1612            0.000000       0.001551       -0.001551 (VIOLATED)
   table_i/n1615            0.000000       0.001551       -0.001551 (VIOLATED)
   table_i/n1620            0.000000       0.001551       -0.001551 (VIOLATED)
   table_i/n1623            0.000000       0.001551       -0.001551 (VIOLATED)
   table_i/n1626            0.000000       0.001551       -0.001551 (VIOLATED)
   table_i/n1641            0.000000       0.001551       -0.001551 (VIOLATED)
   table_i/n1644            0.000000       0.001551       -0.001551 (VIOLATED)
   table_i/n1647            0.000000       0.001551       -0.001551 (VIOLATED)
   table_i/n1650            0.000000       0.001551       -0.001551 (VIOLATED)
   table_i/n1653            0.000000       0.001551       -0.001551 (VIOLATED)
   table_i/n1658            0.000000       0.001551       -0.001551 (VIOLATED)
   table_i/n1661            0.000000       0.001551       -0.001551 (VIOLATED)
   table_i/n1664            0.000000       0.001551       -0.001551 (VIOLATED)
   table_i/n1669            0.000000       0.001551       -0.001551 (VIOLATED)
   table_i/n1672            0.000000       0.001551       -0.001551 (VIOLATED)
   table_i/n1682            0.000000       0.001551       -0.001551 (VIOLATED)
   table_i/n1685            0.000000       0.001551       -0.001551 (VIOLATED)
   table_i/n1688            0.000000       0.001551       -0.001551 (VIOLATED)
   table_i/n1691            0.000000       0.001551       -0.001551 (VIOLATED)
   table_i/n1694            0.000000       0.001551       -0.001551 (VIOLATED)
   table_i/n1697            0.000000       0.001551       -0.001551 (VIOLATED)
   table_i/n1702            0.000000       0.001551       -0.001551 (VIOLATED)
   table_i/n1705            0.000000       0.001551       -0.001551 (VIOLATED)
   table_i/n1708            0.000000       0.001551       -0.001551 (VIOLATED)
   table_i/n1713            0.000000       0.001551       -0.001551 (VIOLATED)
   table_i/n1718            0.000000       0.001551       -0.001551 (VIOLATED)
   table_i/n1725            0.000000       0.001551       -0.001551 (VIOLATED)
   table_i/n1728            0.000000       0.001551       -0.001551 (VIOLATED)
   table_i/n1731            0.000000       0.001551       -0.001551 (VIOLATED)
   table_i/n1734            0.000000       0.001551       -0.001551 (VIOLATED)
   table_i/n1737            0.000000       0.001551       -0.001551 (VIOLATED)
   table_i/n1740            0.000000       0.001551       -0.001551 (VIOLATED)
   table_i/n1743            0.000000       0.001551       -0.001551 (VIOLATED)
   table_i/n1748            0.000000       0.001551       -0.001551 (VIOLATED)
   table_i/n1751            0.000000       0.001551       -0.001551 (VIOLATED)
   table_i/n1754            0.000000       0.001551       -0.001551 (VIOLATED)
   table_i/n1759            0.000000       0.001551       -0.001551 (VIOLATED)
   table_i/n2816            0.000000       0.001551       -0.001551 (VIOLATED)
   table_i/n2835            0.000000       0.001551       -0.001551 (VIOLATED)
   banks_i/n45              0.000000       0.001539       -0.001539 (VIOLATED)
   banks_i/n54              0.000000       0.001539       -0.001539 (VIOLATED)
   banks_i/n63              0.000000       0.001539       -0.001539 (VIOLATED)
   banks_i/n68              0.000000       0.001539       -0.001539 (VIOLATED)
   banks_i/n72              0.000000       0.001539       -0.001539 (VIOLATED)
   banks_i/n77              0.000000       0.001539       -0.001539 (VIOLATED)
   banks_i/n78              0.000000       0.001539       -0.001539 (VIOLATED)
   banks_i/n88              0.000000       0.001539       -0.001539 (VIOLATED)
   banks_i/n92              0.000000       0.001539       -0.001539 (VIOLATED)
   banks_i/n96              0.000000       0.001539       -0.001539 (VIOLATED)
   banks_i/n97              0.000000       0.001539       -0.001539 (VIOLATED)
   banks_i/n108             0.000000       0.001539       -0.001539 (VIOLATED)
   banks_i/n110             0.000000       0.001539       -0.001539 (VIOLATED)
   banks_i/n111             0.000000       0.001539       -0.001539 (VIOLATED)
   banks_i/n118             0.000000       0.001539       -0.001539 (VIOLATED)
   banks_i/n122             0.000000       0.001539       -0.001539 (VIOLATED)
   banks_i/n126             0.000000       0.001539       -0.001539 (VIOLATED)
   banks_i/n127             0.000000       0.001539       -0.001539 (VIOLATED)
   banks_i/n208             0.000000       0.001539       -0.001539 (VIOLATED)
   banks_i/n226             0.000000       0.001539       -0.001539 (VIOLATED)
   candidates_i/n901        0.000000       0.001539       -0.001539 (VIOLATED)
   candidates_i/n902        0.000000       0.001539       -0.001539 (VIOLATED)
   candidates_i/n905        0.000000       0.001539       -0.001539 (VIOLATED)
   candidates_i/n906        0.000000       0.001539       -0.001539 (VIOLATED)
   candidates_i/n913        0.000000       0.001539       -0.001539 (VIOLATED)
   candidates_i/n914        0.000000       0.001539       -0.001539 (VIOLATED)
   candidates_i/n917        0.000000       0.001539       -0.001539 (VIOLATED)
   candidates_i/n918        0.000000       0.001539       -0.001539 (VIOLATED)
   candidates_i/n925        0.000000       0.001539       -0.001539 (VIOLATED)
   candidates_i/n926        0.000000       0.001539       -0.001539 (VIOLATED)
   candidates_i/n929        0.000000       0.001539       -0.001539 (VIOLATED)
   candidates_i/n930        0.000000       0.001539       -0.001539 (VIOLATED)
   candidates_i/n937        0.000000       0.001539       -0.001539 (VIOLATED)
   candidates_i/n938        0.000000       0.001539       -0.001539 (VIOLATED)
   candidates_i/n941        0.000000       0.001539       -0.001539 (VIOLATED)
   candidates_i/n942        0.000000       0.001539       -0.001539 (VIOLATED)
   candidates_i/n949        0.000000       0.001539       -0.001539 (VIOLATED)
   candidates_i/n950        0.000000       0.001539       -0.001539 (VIOLATED)
   candidates_i/n953        0.000000       0.001539       -0.001539 (VIOLATED)
   candidates_i/n954        0.000000       0.001539       -0.001539 (VIOLATED)
   candidates_i/n961        0.000000       0.001539       -0.001539 (VIOLATED)
   candidates_i/n962        0.000000       0.001539       -0.001539 (VIOLATED)
   candidates_i/n965        0.000000       0.001539       -0.001539 (VIOLATED)
   candidates_i/n966        0.000000       0.001539       -0.001539 (VIOLATED)
   candidates_i/n973        0.000000       0.001539       -0.001539 (VIOLATED)
   candidates_i/n974        0.000000       0.001539       -0.001539 (VIOLATED)
   candidates_i/n977        0.000000       0.001539       -0.001539 (VIOLATED)
   candidates_i/n978        0.000000       0.001539       -0.001539 (VIOLATED)
   candidates_i/n985        0.000000       0.001539       -0.001539 (VIOLATED)
   candidates_i/n986        0.000000       0.001539       -0.001539 (VIOLATED)
   candidates_i/n989        0.000000       0.001539       -0.001539 (VIOLATED)
   candidates_i/n990        0.000000       0.001539       -0.001539 (VIOLATED)
   candidates_i/n1177       0.000000       0.001539       -0.001539 (VIOLATED)
   candidates_i/n1179       0.000000       0.001539       -0.001539 (VIOLATED)
   candidates_i/n1181       0.000000       0.001539       -0.001539 (VIOLATED)
   candidates_i/n1217       0.000000       0.001539       -0.001539 (VIOLATED)
   candidates_i/n1231       0.000000       0.001539       -0.001539 (VIOLATED)
   candidates_i/n1241       0.000000       0.001539       -0.001539 (VIOLATED)
   candidates_i/n1248       0.000000       0.001539       -0.001539 (VIOLATED)
   candidates_i/n1278       0.000000       0.001539       -0.001539 (VIOLATED)
   candidates_i/n1323       0.000000       0.001539       -0.001539 (VIOLATED)
   candidates_i/n1375       0.000000       0.001539       -0.001539 (VIOLATED)
   candidates_i/n1401       0.000000       0.001539       -0.001539 (VIOLATED)
   candidates_i/n1517       0.000000       0.001539       -0.001539 (VIOLATED)
   candidates_i/n1534       0.000000       0.001539       -0.001539 (VIOLATED)
   candidates_i/n1564       0.000000       0.001539       -0.001539 (VIOLATED)
   candidates_i/n1661       0.000000       0.001539       -0.001539 (VIOLATED)
   candidates_i/n1807       0.000000       0.001539       -0.001539 (VIOLATED)
   candidates_i/n1854       0.000000       0.001539       -0.001539 (VIOLATED)
   candidates_i/n1899       0.000000       0.001539       -0.001539 (VIOLATED)
   candidates_i/n1932       0.000000       0.001539       -0.001539 (VIOLATED)
   candidates_i/n1952       0.000000       0.001539       -0.001539 (VIOLATED)
   candidates_i/n1978       0.000000       0.001539       -0.001539 (VIOLATED)
   candidates_i/n1985       0.000000       0.001539       -0.001539 (VIOLATED)
   candidates_i/n2093       0.000000       0.001539       -0.001539 (VIOLATED)
   candidates_i/n2110       0.000000       0.001539       -0.001539 (VIOLATED)
   candidates_i/n2140       0.000000       0.001539       -0.001539 (VIOLATED)
   candidates_i/n2807       0.000000       0.001539       -0.001539 (VIOLATED)
   candidates_i/n2808       0.000000       0.001539       -0.001539 (VIOLATED)
   candidates_i/n2811       0.000000       0.001539       -0.001539 (VIOLATED)
   candidates_i/n2812       0.000000       0.001539       -0.001539 (VIOLATED)
   candidates_i/n2819       0.000000       0.001539       -0.001539 (VIOLATED)
   candidates_i/n2820       0.000000       0.001539       -0.001539 (VIOLATED)
   candidates_i/n2823       0.000000       0.001539       -0.001539 (VIOLATED)
   candidates_i/n2824       0.000000       0.001539       -0.001539 (VIOLATED)
   candidates_i/n2831       0.000000       0.001539       -0.001539 (VIOLATED)
   candidates_i/n2832       0.000000       0.001539       -0.001539 (VIOLATED)
   candidates_i/n2836       0.000000       0.001539       -0.001539 (VIOLATED)
   candidates_i/n2837       0.000000       0.001539       -0.001539 (VIOLATED)
   candidates_i/n2842       0.000000       0.001539       -0.001539 (VIOLATED)
   candidates_i/n2843       0.000000       0.001539       -0.001539 (VIOLATED)
   candidates_i/n2844       0.000000       0.001539       -0.001539 (VIOLATED)
   candidates_i/n2845       0.000000       0.001539       -0.001539 (VIOLATED)
   candidates_i/n2848       0.000000       0.001539       -0.001539 (VIOLATED)
   candidates_i/n2849       0.000000       0.001539       -0.001539 (VIOLATED)
   candidates_i/n2856       0.000000       0.001539       -0.001539 (VIOLATED)
   candidates_i/n2857       0.000000       0.001539       -0.001539 (VIOLATED)
   candidates_i/n2860       0.000000       0.001539       -0.001539 (VIOLATED)
   candidates_i/n2861       0.000000       0.001539       -0.001539 (VIOLATED)
   candidates_i/n2868       0.000000       0.001539       -0.001539 (VIOLATED)
   candidates_i/n2869       0.000000       0.001539       -0.001539 (VIOLATED)
   candidates_i/n2873       0.000000       0.001539       -0.001539 (VIOLATED)
   candidates_i/n2874       0.000000       0.001539       -0.001539 (VIOLATED)
   candidates_i/n2881       0.000000       0.001539       -0.001539 (VIOLATED)
   candidates_i/n2882       0.000000       0.001539       -0.001539 (VIOLATED)
   candidates_i/n2886       0.000000       0.001539       -0.001539 (VIOLATED)
   candidates_i/n2887       0.000000       0.001539       -0.001539 (VIOLATED)
   candidates_i/n2894       0.000000       0.001539       -0.001539 (VIOLATED)
   candidates_i/n2895       0.000000       0.001539       -0.001539 (VIOLATED)
   candidates_i/n3329       0.000000       0.001539       -0.001539 (VIOLATED)
   candidates_i/n3330       0.000000       0.001539       -0.001539 (VIOLATED)
   candidates_i/n3331       0.000000       0.001539       -0.001539 (VIOLATED)
   candidates_i/n3332       0.000000       0.001539       -0.001539 (VIOLATED)
   candidates_i/n3335       0.000000       0.001539       -0.001539 (VIOLATED)
   candidates_i/n3336       0.000000       0.001539       -0.001539 (VIOLATED)
   candidates_i/n3337       0.000000       0.001539       -0.001539 (VIOLATED)
   candidates_i/n3338       0.000000       0.001539       -0.001539 (VIOLATED)
   candidates_i/n3339       0.000000       0.001539       -0.001539 (VIOLATED)
   candidates_i/n3340       0.000000       0.001539       -0.001539 (VIOLATED)
   candidates_i/n3341       0.000000       0.001539       -0.001539 (VIOLATED)
   candidates_i/n3342       0.000000       0.001539       -0.001539 (VIOLATED)
   candidates_i/n3343       0.000000       0.001539       -0.001539 (VIOLATED)
   candidates_i/n3344       0.000000       0.001539       -0.001539 (VIOLATED)
   candidates_i/n3345       0.000000       0.001539       -0.001539 (VIOLATED)
   candidates_i/n3346       0.000000       0.001539       -0.001539 (VIOLATED)
   candidates_i/n3355       0.000000       0.001539       -0.001539 (VIOLATED)
   candidates_i/n3356       0.000000       0.001539       -0.001539 (VIOLATED)
   candidates_i/n3359       0.000000       0.001539       -0.001539 (VIOLATED)
   candidates_i/n3360       0.000000       0.001539       -0.001539 (VIOLATED)
   candidates_i/n3361       0.000000       0.001539       -0.001539 (VIOLATED)
   candidates_i/n3362       0.000000       0.001539       -0.001539 (VIOLATED)
   candidates_i/n3365       0.000000       0.001539       -0.001539 (VIOLATED)
   candidates_i/n3366       0.000000       0.001539       -0.001539 (VIOLATED)
   candidates_i/n3367       0.000000       0.001539       -0.001539 (VIOLATED)
   candidates_i/n3368       0.000000       0.001539       -0.001539 (VIOLATED)
   candidates_i/n3369       0.000000       0.001539       -0.001539 (VIOLATED)
   candidates_i/n3370       0.000000       0.001539       -0.001539 (VIOLATED)
   candidates_i/n3371       0.000000       0.001539       -0.001539 (VIOLATED)
   candidates_i/n3372       0.000000       0.001539       -0.001539 (VIOLATED)
   candidates_i/n3373       0.000000       0.001539       -0.001539 (VIOLATED)
   candidates_i/n3374       0.000000       0.001539       -0.001539 (VIOLATED)
   candidates_i/n3375       0.000000       0.001539       -0.001539 (VIOLATED)
   candidates_i/n3376       0.000000       0.001539       -0.001539 (VIOLATED)
   candidates_i/n3377       0.000000       0.001539       -0.001539 (VIOLATED)
   candidates_i/n3378       0.000000       0.001539       -0.001539 (VIOLATED)
   candidates_i/n3379       0.000000       0.001539       -0.001539 (VIOLATED)
   candidates_i/n3380       0.000000       0.001539       -0.001539 (VIOLATED)
   candidates_i/n3385       0.000000       0.001539       -0.001539 (VIOLATED)
   candidates_i/n3386       0.000000       0.001539       -0.001539 (VIOLATED)
   candidates_i/n3387       0.000000       0.001539       -0.001539 (VIOLATED)
   candidates_i/n3388       0.000000       0.001539       -0.001539 (VIOLATED)
   candidates_i/n3391       0.000000       0.001539       -0.001539 (VIOLATED)
   candidates_i/n3392       0.000000       0.001539       -0.001539 (VIOLATED)
   candidates_i/n3395       0.000000       0.001539       -0.001539 (VIOLATED)
   candidates_i/n3396       0.000000       0.001539       -0.001539 (VIOLATED)
   candidates_i/n3397       0.000000       0.001539       -0.001539 (VIOLATED)
   candidates_i/n3398       0.000000       0.001539       -0.001539 (VIOLATED)
   candidates_i/n3399       0.000000       0.001539       -0.001539 (VIOLATED)
   candidates_i/n3400       0.000000       0.001539       -0.001539 (VIOLATED)
   candidates_i/n3401       0.000000       0.001539       -0.001539 (VIOLATED)
   candidates_i/n3402       0.000000       0.001539       -0.001539 (VIOLATED)
   candidates_i/n3403       0.000000       0.001539       -0.001539 (VIOLATED)
   candidates_i/n3404       0.000000       0.001539       -0.001539 (VIOLATED)
   candidates_i/n3405       0.000000       0.001539       -0.001539 (VIOLATED)
   candidates_i/n3406       0.000000       0.001539       -0.001539 (VIOLATED)
   candidates_i/n3407       0.000000       0.001539       -0.001539 (VIOLATED)
   candidates_i/n3408       0.000000       0.001539       -0.001539 (VIOLATED)
   candidates_i/n3409       0.000000       0.001539       -0.001539 (VIOLATED)
   candidates_i/n3410       0.000000       0.001539       -0.001539 (VIOLATED)
   candidates_i/n3415       0.000000       0.001539       -0.001539 (VIOLATED)
   candidates_i/n3416       0.000000       0.001539       -0.001539 (VIOLATED)
   candidates_i/n3421       0.000000       0.001539       -0.001539 (VIOLATED)
   candidates_i/n3422       0.000000       0.001539       -0.001539 (VIOLATED)
   candidates_i/n3425       0.000000       0.001539       -0.001539 (VIOLATED)
   candidates_i/n3426       0.000000       0.001539       -0.001539 (VIOLATED)
   candidates_i/n3427       0.000000       0.001539       -0.001539 (VIOLATED)
   candidates_i/n3428       0.000000       0.001539       -0.001539 (VIOLATED)
   candidates_i/n3429       0.000000       0.001539       -0.001539 (VIOLATED)
   candidates_i/n3430       0.000000       0.001539       -0.001539 (VIOLATED)
   candidates_i/n3431       0.000000       0.001539       -0.001539 (VIOLATED)
   candidates_i/n3432       0.000000       0.001539       -0.001539 (VIOLATED)
   candidates_i/n3433       0.000000       0.001539       -0.001539 (VIOLATED)
   candidates_i/n3434       0.000000       0.001539       -0.001539 (VIOLATED)
   candidates_i/n3435       0.000000       0.001539       -0.001539 (VIOLATED)
   candidates_i/n3436       0.000000       0.001539       -0.001539 (VIOLATED)
   candidates_i/n3437       0.000000       0.001539       -0.001539 (VIOLATED)
   candidates_i/n3438       0.000000       0.001539       -0.001539 (VIOLATED)
   candidates_i/n3439       0.000000       0.001539       -0.001539 (VIOLATED)
   candidates_i/n3440       0.000000       0.001539       -0.001539 (VIOLATED)
   candidates_i/n3445       0.000000       0.001539       -0.001539 (VIOLATED)
   candidates_i/n3446       0.000000       0.001539       -0.001539 (VIOLATED)
   candidates_i/n3447       0.000000       0.001539       -0.001539 (VIOLATED)
   candidates_i/n3448       0.000000       0.001539       -0.001539 (VIOLATED)
   candidates_i/n3449       0.000000       0.001539       -0.001539 (VIOLATED)
   candidates_i/n3450       0.000000       0.001539       -0.001539 (VIOLATED)
   candidates_i/n3455       0.000000       0.001539       -0.001539 (VIOLATED)
   candidates_i/n3456       0.000000       0.001539       -0.001539 (VIOLATED)
   candidates_i/n3457       0.000000       0.001539       -0.001539 (VIOLATED)
   candidates_i/n3458       0.000000       0.001539       -0.001539 (VIOLATED)
   candidates_i/n3459       0.000000       0.001539       -0.001539 (VIOLATED)
   candidates_i/n3460       0.000000       0.001539       -0.001539 (VIOLATED)
   candidates_i/n3461       0.000000       0.001539       -0.001539 (VIOLATED)
   candidates_i/n3462       0.000000       0.001539       -0.001539 (VIOLATED)
   candidates_i/n3463       0.000000       0.001539       -0.001539 (VIOLATED)
   candidates_i/n3464       0.000000       0.001539       -0.001539 (VIOLATED)
   candidates_i/n3465       0.000000       0.001539       -0.001539 (VIOLATED)
   candidates_i/n3466       0.000000       0.001539       -0.001539 (VIOLATED)
   candidates_i/n3467       0.000000       0.001539       -0.001539 (VIOLATED)
   candidates_i/n3468       0.000000       0.001539       -0.001539 (VIOLATED)
   candidates_i/n3469       0.000000       0.001539       -0.001539 (VIOLATED)
   candidates_i/n3470       0.000000       0.001539       -0.001539 (VIOLATED)
   candidates_i/n3475       0.000000       0.001539       -0.001539 (VIOLATED)
   candidates_i/n3476       0.000000       0.001539       -0.001539 (VIOLATED)
   candidates_i/n3479       0.000000       0.001539       -0.001539 (VIOLATED)
   candidates_i/n3480       0.000000       0.001539       -0.001539 (VIOLATED)
   candidates_i/n3485       0.000000       0.001539       -0.001539 (VIOLATED)
   candidates_i/n3486       0.000000       0.001539       -0.001539 (VIOLATED)
   candidates_i/n3487       0.000000       0.001539       -0.001539 (VIOLATED)
   candidates_i/n3488       0.000000       0.001539       -0.001539 (VIOLATED)
   candidates_i/n3489       0.000000       0.001539       -0.001539 (VIOLATED)
   candidates_i/n3490       0.000000       0.001539       -0.001539 (VIOLATED)
   candidates_i/n3491       0.000000       0.001539       -0.001539 (VIOLATED)
   candidates_i/n3492       0.000000       0.001539       -0.001539 (VIOLATED)
   candidates_i/n3493       0.000000       0.001539       -0.001539 (VIOLATED)
   candidates_i/n3494       0.000000       0.001539       -0.001539 (VIOLATED)
   candidates_i/n3495       0.000000       0.001539       -0.001539 (VIOLATED)
   candidates_i/n3496       0.000000       0.001539       -0.001539 (VIOLATED)
   candidates_i/n3497       0.000000       0.001539       -0.001539 (VIOLATED)
   candidates_i/n3498       0.000000       0.001539       -0.001539 (VIOLATED)
   candidates_i/n3499       0.000000       0.001539       -0.001539 (VIOLATED)
   candidates_i/n3500       0.000000       0.001539       -0.001539 (VIOLATED)
   candidates_i/n3505       0.000000       0.001539       -0.001539 (VIOLATED)
   candidates_i/n3506       0.000000       0.001539       -0.001539 (VIOLATED)
   candidates_i/n3507       0.000000       0.001539       -0.001539 (VIOLATED)
   candidates_i/n3508       0.000000       0.001539       -0.001539 (VIOLATED)
   candidates_i/n3515       0.000000       0.001539       -0.001539 (VIOLATED)
   candidates_i/n3516       0.000000       0.001539       -0.001539 (VIOLATED)
   candidates_i/n3517       0.000000       0.001539       -0.001539 (VIOLATED)
   candidates_i/n3518       0.000000       0.001539       -0.001539 (VIOLATED)
   candidates_i/n3519       0.000000       0.001539       -0.001539 (VIOLATED)
   candidates_i/n3520       0.000000       0.001539       -0.001539 (VIOLATED)
   candidates_i/n3521       0.000000       0.001539       -0.001539 (VIOLATED)
   candidates_i/n3522       0.000000       0.001539       -0.001539 (VIOLATED)
   candidates_i/n3525       0.000000       0.001539       -0.001539 (VIOLATED)
   candidates_i/n3526       0.000000       0.001539       -0.001539 (VIOLATED)
   candidates_i/n3527       0.000000       0.001539       -0.001539 (VIOLATED)
   candidates_i/n3528       0.000000       0.001539       -0.001539 (VIOLATED)
   candidates_i/n3535       0.000000       0.001539       -0.001539 (VIOLATED)
   candidates_i/n3536       0.000000       0.001539       -0.001539 (VIOLATED)
   candidates_i/n3539       0.000000       0.001539       -0.001539 (VIOLATED)
   candidates_i/n3540       0.000000       0.001539       -0.001539 (VIOLATED)
   candidates_i/n3541       0.000000       0.001539       -0.001539 (VIOLATED)
   candidates_i/n3542       0.000000       0.001539       -0.001539 (VIOLATED)
   candidates_i/n3545       0.000000       0.001539       -0.001539 (VIOLATED)
   candidates_i/n3546       0.000000       0.001539       -0.001539 (VIOLATED)
   candidates_i/n3547       0.000000       0.001539       -0.001539 (VIOLATED)
   candidates_i/n3548       0.000000       0.001539       -0.001539 (VIOLATED)
   candidates_i/n3549       0.000000       0.001539       -0.001539 (VIOLATED)
   candidates_i/n3550       0.000000       0.001539       -0.001539 (VIOLATED)
   candidates_i/n3551       0.000000       0.001539       -0.001539 (VIOLATED)
   candidates_i/n3552       0.000000       0.001539       -0.001539 (VIOLATED)
   candidates_i/n3553       0.000000       0.001539       -0.001539 (VIOLATED)
   candidates_i/n3554       0.000000       0.001539       -0.001539 (VIOLATED)
   candidates_i/n3555       0.000000       0.001539       -0.001539 (VIOLATED)
   candidates_i/n3556       0.000000       0.001539       -0.001539 (VIOLATED)
   candidates_i/n3557       0.000000       0.001539       -0.001539 (VIOLATED)
   candidates_i/n3558       0.000000       0.001539       -0.001539 (VIOLATED)
   candidates_i/n3559       0.000000       0.001539       -0.001539 (VIOLATED)
   candidates_i/n3560       0.000000       0.001539       -0.001539 (VIOLATED)
   candidates_i/n3565       0.000000       0.001539       -0.001539 (VIOLATED)
   candidates_i/n3566       0.000000       0.001539       -0.001539 (VIOLATED)
   candidates_i/n3567       0.000000       0.001539       -0.001539 (VIOLATED)
   candidates_i/n3568       0.000000       0.001539       -0.001539 (VIOLATED)
   candidates_i/n3569       0.000000       0.001539       -0.001539 (VIOLATED)
   candidates_i/n3570       0.000000       0.001539       -0.001539 (VIOLATED)
   candidates_i/n3571       0.000000       0.001539       -0.001539 (VIOLATED)
   candidates_i/n3572       0.000000       0.001539       -0.001539 (VIOLATED)
   candidates_i/n3578       0.000000       0.001539       -0.001539 (VIOLATED)
   candidates_i/n3579       0.000000       0.001539       -0.001539 (VIOLATED)
   candidates_i/n3580       0.000000       0.001539       -0.001539 (VIOLATED)
   candidates_i/n3581       0.000000       0.001539       -0.001539 (VIOLATED)
   candidates_i/n3582       0.000000       0.001539       -0.001539 (VIOLATED)
   candidates_i/n3583       0.000000       0.001539       -0.001539 (VIOLATED)
   candidates_i/n3584       0.000000       0.001539       -0.001539 (VIOLATED)
   candidates_i/n3585       0.000000       0.001539       -0.001539 (VIOLATED)
   candidates_i/n3586       0.000000       0.001539       -0.001539 (VIOLATED)
   candidates_i/n3587       0.000000       0.001539       -0.001539 (VIOLATED)
   candidates_i/n3588       0.000000       0.001539       -0.001539 (VIOLATED)
   candidates_i/n3589       0.000000       0.001539       -0.001539 (VIOLATED)
   candidates_i/n3590       0.000000       0.001539       -0.001539 (VIOLATED)
   candidates_i/n3591       0.000000       0.001539       -0.001539 (VIOLATED)
   candidates_i/n3595       0.000000       0.001539       -0.001539 (VIOLATED)
   candidates_i/n3596       0.000000       0.001539       -0.001539 (VIOLATED)
   candidates_i/n3599       0.000000       0.001539       -0.001539 (VIOLATED)
   candidates_i/n3600       0.000000       0.001539       -0.001539 (VIOLATED)
   candidates_i/n3601       0.000000       0.001539       -0.001539 (VIOLATED)
   candidates_i/n3602       0.000000       0.001539       -0.001539 (VIOLATED)
   candidates_i/n3607       0.000000       0.001539       -0.001539 (VIOLATED)
   candidates_i/n3608       0.000000       0.001539       -0.001539 (VIOLATED)
   candidates_i/n3609       0.000000       0.001539       -0.001539 (VIOLATED)
   candidates_i/n3610       0.000000       0.001539       -0.001539 (VIOLATED)
   candidates_i/n3611       0.000000       0.001539       -0.001539 (VIOLATED)
   candidates_i/n3612       0.000000       0.001539       -0.001539 (VIOLATED)
   candidates_i/n3613       0.000000       0.001539       -0.001539 (VIOLATED)
   candidates_i/n3614       0.000000       0.001539       -0.001539 (VIOLATED)
   candidates_i/n3615       0.000000       0.001539       -0.001539 (VIOLATED)
   candidates_i/n3616       0.000000       0.001539       -0.001539 (VIOLATED)
   candidates_i/n3617       0.000000       0.001539       -0.001539 (VIOLATED)
   candidates_i/n3618       0.000000       0.001539       -0.001539 (VIOLATED)
   candidates_i/n3619       0.000000       0.001539       -0.001539 (VIOLATED)
   candidates_i/n3620       0.000000       0.001539       -0.001539 (VIOLATED)
   candidates_i/n3625       0.000000       0.001539       -0.001539 (VIOLATED)
   candidates_i/n3626       0.000000       0.001539       -0.001539 (VIOLATED)
   candidates_i/n3627       0.000000       0.001539       -0.001539 (VIOLATED)
   candidates_i/n3628       0.000000       0.001539       -0.001539 (VIOLATED)
   candidates_i/n3629       0.000000       0.001539       -0.001539 (VIOLATED)
   candidates_i/n3631       0.000000       0.001539       -0.001539 (VIOLATED)
   candidates_i/n3632       0.000000       0.001539       -0.001539 (VIOLATED)
   candidates_i/n3637       0.000000       0.001539       -0.001539 (VIOLATED)
   candidates_i/n3638       0.000000       0.001539       -0.001539 (VIOLATED)
   candidates_i/n3639       0.000000       0.001539       -0.001539 (VIOLATED)
   candidates_i/n3640       0.000000       0.001539       -0.001539 (VIOLATED)
   candidates_i/n3641       0.000000       0.001539       -0.001539 (VIOLATED)
   candidates_i/n3642       0.000000       0.001539       -0.001539 (VIOLATED)
   candidates_i/n3643       0.000000       0.001539       -0.001539 (VIOLATED)
   candidates_i/n3644       0.000000       0.001539       -0.001539 (VIOLATED)
   candidates_i/n3645       0.000000       0.001539       -0.001539 (VIOLATED)
   candidates_i/n3646       0.000000       0.001539       -0.001539 (VIOLATED)
   candidates_i/n3647       0.000000       0.001539       -0.001539 (VIOLATED)
   candidates_i/n3648       0.000000       0.001539       -0.001539 (VIOLATED)
   candidates_i/n3649       0.000000       0.001539       -0.001539 (VIOLATED)
   candidates_i/n3650       0.000000       0.001539       -0.001539 (VIOLATED)
   candidates_i/n3654       0.000000       0.001539       -0.001539 (VIOLATED)
   candidates_i/n3655       0.000000       0.001539       -0.001539 (VIOLATED)
   candidates_i/n3658       0.000000       0.001539       -0.001539 (VIOLATED)
   candidates_i/n3659       0.000000       0.001539       -0.001539 (VIOLATED)
   candidates_i/n3660       0.000000       0.001539       -0.001539 (VIOLATED)
   candidates_i/n3661       0.000000       0.001539       -0.001539 (VIOLATED)
   candidates_i/n3664       0.000000       0.001539       -0.001539 (VIOLATED)
   candidates_i/n3665       0.000000       0.001539       -0.001539 (VIOLATED)
   candidates_i/n3666       0.000000       0.001539       -0.001539 (VIOLATED)
   candidates_i/n3667       0.000000       0.001539       -0.001539 (VIOLATED)
   candidates_i/n3668       0.000000       0.001539       -0.001539 (VIOLATED)
   candidates_i/n3669       0.000000       0.001539       -0.001539 (VIOLATED)
   candidates_i/n3670       0.000000       0.001539       -0.001539 (VIOLATED)
   candidates_i/n3671       0.000000       0.001539       -0.001539 (VIOLATED)
   candidates_i/n3672       0.000000       0.001539       -0.001539 (VIOLATED)
   candidates_i/n3673       0.000000       0.001539       -0.001539 (VIOLATED)
   candidates_i/n3674       0.000000       0.001539       -0.001539 (VIOLATED)
   candidates_i/n3675       0.000000       0.001539       -0.001539 (VIOLATED)
   candidates_i/n3676       0.000000       0.001539       -0.001539 (VIOLATED)
   candidates_i/n3677       0.000000       0.001539       -0.001539 (VIOLATED)
   candidates_i/n3678       0.000000       0.001539       -0.001539 (VIOLATED)
   candidates_i/n3679       0.000000       0.001539       -0.001539 (VIOLATED)
   candidates_i/n3684       0.000000       0.001539       -0.001539 (VIOLATED)
   candidates_i/n3685       0.000000       0.001539       -0.001539 (VIOLATED)
   candidates_i/n3686       0.000000       0.001539       -0.001539 (VIOLATED)
   candidates_i/n3687       0.000000       0.001539       -0.001539 (VIOLATED)
   candidates_i/n3688       0.000000       0.001539       -0.001539 (VIOLATED)
   candidates_i/n3689       0.000000       0.001539       -0.001539 (VIOLATED)
   candidates_i/n3696       0.000000       0.001539       -0.001539 (VIOLATED)
   candidates_i/n3697       0.000000       0.001539       -0.001539 (VIOLATED)
   candidates_i/n3698       0.000000       0.001539       -0.001539 (VIOLATED)
   candidates_i/n3699       0.000000       0.001539       -0.001539 (VIOLATED)
   candidates_i/n3700       0.000000       0.001539       -0.001539 (VIOLATED)
   candidates_i/n3701       0.000000       0.001539       -0.001539 (VIOLATED)
   candidates_i/n3702       0.000000       0.001539       -0.001539 (VIOLATED)
   candidates_i/n3703       0.000000       0.001539       -0.001539 (VIOLATED)
   candidates_i/n3704       0.000000       0.001539       -0.001539 (VIOLATED)
   candidates_i/n3705       0.000000       0.001539       -0.001539 (VIOLATED)
   candidates_i/n3706       0.000000       0.001539       -0.001539 (VIOLATED)
   candidates_i/n3707       0.000000       0.001539       -0.001539 (VIOLATED)
   candidates_i/n3708       0.000000       0.001539       -0.001539 (VIOLATED)
   candidates_i/n3709       0.000000       0.001539       -0.001539 (VIOLATED)
   candidates_i/n3714       0.000000       0.001539       -0.001539 (VIOLATED)
   candidates_i/n3715       0.000000       0.001539       -0.001539 (VIOLATED)
   candidates_i/n3718       0.000000       0.001539       -0.001539 (VIOLATED)
   candidates_i/n3719       0.000000       0.001539       -0.001539 (VIOLATED)
   candidates_i/n3720       0.000000       0.001539       -0.001539 (VIOLATED)
   candidates_i/n3721       0.000000       0.001539       -0.001539 (VIOLATED)
   candidates_i/n3724       0.000000       0.001539       -0.001539 (VIOLATED)
   candidates_i/n3725       0.000000       0.001539       -0.001539 (VIOLATED)
   candidates_i/n3726       0.000000       0.001539       -0.001539 (VIOLATED)
   candidates_i/n3727       0.000000       0.001539       -0.001539 (VIOLATED)
   candidates_i/n3728       0.000000       0.001539       -0.001539 (VIOLATED)
   candidates_i/n3729       0.000000       0.001539       -0.001539 (VIOLATED)
   candidates_i/n3730       0.000000       0.001539       -0.001539 (VIOLATED)
   candidates_i/n3731       0.000000       0.001539       -0.001539 (VIOLATED)
   candidates_i/n3732       0.000000       0.001539       -0.001539 (VIOLATED)
   candidates_i/n3733       0.000000       0.001539       -0.001539 (VIOLATED)
   candidates_i/n3734       0.000000       0.001539       -0.001539 (VIOLATED)
   candidates_i/n3735       0.000000       0.001539       -0.001539 (VIOLATED)
   candidates_i/n3736       0.000000       0.001539       -0.001539 (VIOLATED)
   candidates_i/n3737       0.000000       0.001539       -0.001539 (VIOLATED)
   candidates_i/n3738       0.000000       0.001539       -0.001539 (VIOLATED)
   candidates_i/n3739       0.000000       0.001539       -0.001539 (VIOLATED)
   candidates_i/n3743       0.000000       0.001539       -0.001539 (VIOLATED)
   candidates_i/n3744       0.000000       0.001539       -0.001539 (VIOLATED)
   candidates_i/n3745       0.000000       0.001539       -0.001539 (VIOLATED)
   candidates_i/n3746       0.000000       0.001539       -0.001539 (VIOLATED)
   candidates_i/n3749       0.000000       0.001539       -0.001539 (VIOLATED)
   candidates_i/n3750       0.000000       0.001539       -0.001539 (VIOLATED)
   candidates_i/n3753       0.000000       0.001539       -0.001539 (VIOLATED)
   candidates_i/n3754       0.000000       0.001539       -0.001539 (VIOLATED)
   candidates_i/n3755       0.000000       0.001539       -0.001539 (VIOLATED)
   candidates_i/n3756       0.000000       0.001539       -0.001539 (VIOLATED)
   candidates_i/n3757       0.000000       0.001539       -0.001539 (VIOLATED)
   candidates_i/n3758       0.000000       0.001539       -0.001539 (VIOLATED)
   candidates_i/n3759       0.000000       0.001539       -0.001539 (VIOLATED)
   candidates_i/n3760       0.000000       0.001539       -0.001539 (VIOLATED)
   candidates_i/n3761       0.000000       0.001539       -0.001539 (VIOLATED)
   candidates_i/n3762       0.000000       0.001539       -0.001539 (VIOLATED)
   candidates_i/n3763       0.000000       0.001539       -0.001539 (VIOLATED)
   candidates_i/n3764       0.000000       0.001539       -0.001539 (VIOLATED)
   candidates_i/n3765       0.000000       0.001539       -0.001539 (VIOLATED)
   candidates_i/n3766       0.000000       0.001539       -0.001539 (VIOLATED)
   candidates_i/n3767       0.000000       0.001539       -0.001539 (VIOLATED)
   candidates_i/n3768       0.000000       0.001539       -0.001539 (VIOLATED)
   candidates_i/n3772       0.000000       0.001539       -0.001539 (VIOLATED)
   candidates_i/n3773       0.000000       0.001539       -0.001539 (VIOLATED)
   candidates_i/n3774       0.000000       0.001539       -0.001539 (VIOLATED)
   candidates_i/n3775       0.000000       0.001539       -0.001539 (VIOLATED)
   candidates_i/n3776       0.000000       0.001539       -0.001539 (VIOLATED)
   candidates_i/n3777       0.000000       0.001539       -0.001539 (VIOLATED)
   candidates_i/n3784       0.000000       0.001539       -0.001539 (VIOLATED)
   candidates_i/n3785       0.000000       0.001539       -0.001539 (VIOLATED)
   candidates_i/n3786       0.000000       0.001539       -0.001539 (VIOLATED)
   candidates_i/n3787       0.000000       0.001539       -0.001539 (VIOLATED)
   candidates_i/n3788       0.000000       0.001539       -0.001539 (VIOLATED)
   candidates_i/n3789       0.000000       0.001539       -0.001539 (VIOLATED)
   candidates_i/n3790       0.000000       0.001539       -0.001539 (VIOLATED)
   candidates_i/n3791       0.000000       0.001539       -0.001539 (VIOLATED)
   candidates_i/n3792       0.000000       0.001539       -0.001539 (VIOLATED)
   candidates_i/n3793       0.000000       0.001539       -0.001539 (VIOLATED)
   candidates_i/n3794       0.000000       0.001539       -0.001539 (VIOLATED)
   candidates_i/n3795       0.000000       0.001539       -0.001539 (VIOLATED)
   candidates_i/n3796       0.000000       0.001539       -0.001539 (VIOLATED)
   candidates_i/n3797       0.000000       0.001539       -0.001539 (VIOLATED)
   candidates_i/n3802       0.000000       0.001539       -0.001539 (VIOLATED)
   candidates_i/n3803       0.000000       0.001539       -0.001539 (VIOLATED)
   candidates_i/n3804       0.000000       0.001539       -0.001539 (VIOLATED)
   candidates_i/n3805       0.000000       0.001539       -0.001539 (VIOLATED)
   candidates_i/n3806       0.000000       0.001539       -0.001539 (VIOLATED)
   candidates_i/n3807       0.000000       0.001539       -0.001539 (VIOLATED)
   candidates_i/n3808       0.000000       0.001539       -0.001539 (VIOLATED)
   candidates_i/n3809       0.000000       0.001539       -0.001539 (VIOLATED)
   candidates_i/n3810       0.000000       0.001539       -0.001539 (VIOLATED)
   candidates_i/n3811       0.000000       0.001539       -0.001539 (VIOLATED)
   candidates_i/n3812       0.000000       0.001539       -0.001539 (VIOLATED)
   candidates_i/n3813       0.000000       0.001539       -0.001539 (VIOLATED)
   candidates_i/n3814       0.000000       0.001539       -0.001539 (VIOLATED)
   candidates_i/n3815       0.000000       0.001539       -0.001539 (VIOLATED)
   candidates_i/n3816       0.000000       0.001539       -0.001539 (VIOLATED)
   candidates_i/n3817       0.000000       0.001539       -0.001539 (VIOLATED)
   candidates_i/n3818       0.000000       0.001539       -0.001539 (VIOLATED)
   candidates_i/n3819       0.000000       0.001539       -0.001539 (VIOLATED)
   frfcfs_scheduler_i/n240  0.000000       0.001539       -0.001539 (VIOLATED)
   frfcfs_scheduler_i/n584  0.000000       0.001539       -0.001539 (VIOLATED)
   frfcfs_scheduler_i/n593  0.000000       0.001539       -0.001539 (VIOLATED)
   frfcfs_scheduler_i/n650  0.000000       0.001539       -0.001539 (VIOLATED)
   frfcfs_scheduler_i/n651  0.000000       0.001539       -0.001539 (VIOLATED)
   frfcfs_scheduler_i/n663  0.000000       0.001539       -0.001539 (VIOLATED)
   frfcfs_scheduler_i/n724  0.000000       0.001539       -0.001539 (VIOLATED)
   frfcfs_scheduler_i/n725  0.000000       0.001539       -0.001539 (VIOLATED)
   frfcfs_scheduler_i/n780  0.000000       0.001539       -0.001539 (VIOLATED)
   frfcfs_scheduler_i/n781  0.000000       0.001539       -0.001539 (VIOLATED)
   frfcfs_scheduler_i/n837  0.000000       0.001539       -0.001539 (VIOLATED)
   frfcfs_scheduler_i/n838  0.000000       0.001539       -0.001539 (VIOLATED)
   frfcfs_scheduler_i/n893  0.000000       0.001539       -0.001539 (VIOLATED)
   frfcfs_scheduler_i/n894  0.000000       0.001539       -0.001539 (VIOLATED)
   frfcfs_scheduler_i/n1270 0.000000       0.001539       -0.001539 (VIOLATED)
   frfcfs_scheduler_i/n1280 0.000000       0.001539       -0.001539 (VIOLATED)
   frfcfs_scheduler_i/n1302 0.000000       0.001539       -0.001539 (VIOLATED)
   frfcfs_scheduler_i/n1532 0.000000       0.001539       -0.001539 (VIOLATED)
   frfcfs_scheduler_i/oldest_slot[1]
                            0.000000       0.001539       -0.001539 (VIOLATED)
   frfcfs_scheduler_i/oldest_slot[3]
                            0.000000       0.001539       -0.001539 (VIOLATED)
   response_i/n652          0.000000       0.001539       -0.001539 (VIOLATED)
   response_i/n653          0.000000       0.001539       -0.001539 (VIOLATED)
   response_i/n654          0.000000       0.001539       -0.001539 (VIOLATED)
   response_i/n669          0.000000       0.001539       -0.001539 (VIOLATED)
   response_i/n889          0.000000       0.001539       -0.001539 (VIOLATED)
   table_i/n664             0.000000       0.001539       -0.001539 (VIOLATED)
   table_i/n700             0.000000       0.001539       -0.001539 (VIOLATED)
   table_i/n736             0.000000       0.001539       -0.001539 (VIOLATED)
   table_i/n772             0.000000       0.001539       -0.001539 (VIOLATED)
   table_i/n808             0.000000       0.001539       -0.001539 (VIOLATED)
   table_i/n844             0.000000       0.001539       -0.001539 (VIOLATED)
   table_i/n880             0.000000       0.001539       -0.001539 (VIOLATED)
   table_i/n916             0.000000       0.001539       -0.001539 (VIOLATED)
   table_i/n918             0.000000       0.001539       -0.001539 (VIOLATED)
   table_i/n923             0.000000       0.001539       -0.001539 (VIOLATED)
   table_i/n925             0.000000       0.001539       -0.001539 (VIOLATED)
   table_i/n928             0.000000       0.001539       -0.001539 (VIOLATED)
   table_i/n932             0.000000       0.001539       -0.001539 (VIOLATED)
   table_i/n934             0.000000       0.001539       -0.001539 (VIOLATED)
   table_i/n935             0.000000       0.001539       -0.001539 (VIOLATED)
   table_i/n937             0.000000       0.001539       -0.001539 (VIOLATED)
   table_i/n939             0.000000       0.001539       -0.001539 (VIOLATED)
   table_i/n941             0.000000       0.001539       -0.001539 (VIOLATED)
   table_i/n942             0.000000       0.001539       -0.001539 (VIOLATED)
   table_i/n947             0.000000       0.001539       -0.001539 (VIOLATED)
   table_i/n949             0.000000       0.001539       -0.001539 (VIOLATED)
   table_i/n964             0.000000       0.001539       -0.001539 (VIOLATED)
   table_i/n985             0.000000       0.001539       -0.001539 (VIOLATED)
   table_i/n997             0.000000       0.001539       -0.001539 (VIOLATED)
   table_i/n1009            0.000000       0.001539       -0.001539 (VIOLATED)
   table_i/n1021            0.000000       0.001539       -0.001539 (VIOLATED)
   table_i/n1033            0.000000       0.001539       -0.001539 (VIOLATED)
   table_i/n1045            0.000000       0.001539       -0.001539 (VIOLATED)
   table_i/n1057            0.000000       0.001539       -0.001539 (VIOLATED)
   table_i/n1069            0.000000       0.001539       -0.001539 (VIOLATED)
   table_i/n1081            0.000000       0.001539       -0.001539 (VIOLATED)
   table_i/n1093            0.000000       0.001539       -0.001539 (VIOLATED)
   table_i/n1105            0.000000       0.001539       -0.001539 (VIOLATED)
   table_i/n1117            0.000000       0.001539       -0.001539 (VIOLATED)
   table_i/n1129            0.000000       0.001539       -0.001539 (VIOLATED)
   table_i/n1141            0.000000       0.001539       -0.001539 (VIOLATED)
   table_i/n1182            0.000000       0.001539       -0.001539 (VIOLATED)
   table_i/n1203            0.000000       0.001539       -0.001539 (VIOLATED)
   table_i/n1205            0.000000       0.001539       -0.001539 (VIOLATED)
   table_i/n1206            0.000000       0.001539       -0.001539 (VIOLATED)
   table_i/n1209            0.000000       0.001539       -0.001539 (VIOLATED)
   table_i/n1227            0.000000       0.001539       -0.001539 (VIOLATED)
   table_i/n1231            0.000000       0.001539       -0.001539 (VIOLATED)
   table_i/n1245            0.000000       0.001539       -0.001539 (VIOLATED)
   table_i/n1246            0.000000       0.001539       -0.001539 (VIOLATED)
   table_i/n1262            0.000000       0.001539       -0.001539 (VIOLATED)
   table_i/n1267            0.000000       0.001539       -0.001539 (VIOLATED)
   table_i/n1276            0.000000       0.001539       -0.001539 (VIOLATED)
   table_i/n1279            0.000000       0.001539       -0.001539 (VIOLATED)
   table_i/n1283            0.000000       0.001539       -0.001539 (VIOLATED)
   table_i/n1284            0.000000       0.001539       -0.001539 (VIOLATED)
   table_i/n1296            0.000000       0.001539       -0.001539 (VIOLATED)
   table_i/n1302            0.000000       0.001539       -0.001539 (VIOLATED)
   table_i/n1310            0.000000       0.001539       -0.001539 (VIOLATED)
   table_i/n1311            0.000000       0.001539       -0.001539 (VIOLATED)
   table_i/n1312            0.000000       0.001539       -0.001539 (VIOLATED)
   table_i/n1313            0.000000       0.001539       -0.001539 (VIOLATED)
   table_i/n1316            0.000000       0.001539       -0.001539 (VIOLATED)
   table_i/n1318            0.000000       0.001539       -0.001539 (VIOLATED)
   table_i/n1324            0.000000       0.001539       -0.001539 (VIOLATED)
   table_i/n1327            0.000000       0.001539       -0.001539 (VIOLATED)
   table_i/n1334            0.000000       0.001539       -0.001539 (VIOLATED)
   table_i/n1341            0.000000       0.001539       -0.001539 (VIOLATED)
   table_i/n1344            0.000000       0.001539       -0.001539 (VIOLATED)
   table_i/n1345            0.000000       0.001539       -0.001539 (VIOLATED)
   table_i/n1346            0.000000       0.001539       -0.001539 (VIOLATED)
   table_i/n1347            0.000000       0.001539       -0.001539 (VIOLATED)
   table_i/n1349            0.000000       0.001539       -0.001539 (VIOLATED)
   table_i/n1355            0.000000       0.001539       -0.001539 (VIOLATED)
   table_i/n1358            0.000000       0.001539       -0.001539 (VIOLATED)
   table_i/n1366            0.000000       0.001539       -0.001539 (VIOLATED)
   table_i/n1372            0.000000       0.001539       -0.001539 (VIOLATED)
   table_i/n1375            0.000000       0.001539       -0.001539 (VIOLATED)
   table_i/n1376            0.000000       0.001539       -0.001539 (VIOLATED)
   table_i/n1380            0.000000       0.001539       -0.001539 (VIOLATED)
   table_i/n1381            0.000000       0.001539       -0.001539 (VIOLATED)
   table_i/n1383            0.000000       0.001539       -0.001539 (VIOLATED)
   table_i/n1384            0.000000       0.001539       -0.001539 (VIOLATED)
   table_i/n1385            0.000000       0.001539       -0.001539 (VIOLATED)
   table_i/n1388            0.000000       0.001539       -0.001539 (VIOLATED)
   table_i/n1397            0.000000       0.001539       -0.001539 (VIOLATED)
   table_i/n1402            0.000000       0.001539       -0.001539 (VIOLATED)
   table_i/n1405            0.000000       0.001539       -0.001539 (VIOLATED)
   table_i/n1406            0.000000       0.001539       -0.001539 (VIOLATED)
   table_i/n1408            0.000000       0.001539       -0.001539 (VIOLATED)
   table_i/n1412            0.000000       0.001539       -0.001539 (VIOLATED)
   table_i/n1414            0.000000       0.001539       -0.001539 (VIOLATED)
   table_i/n1415            0.000000       0.001539       -0.001539 (VIOLATED)
   table_i/n1416            0.000000       0.001539       -0.001539 (VIOLATED)
   table_i/n1417            0.000000       0.001539       -0.001539 (VIOLATED)
   table_i/n1418            0.000000       0.001539       -0.001539 (VIOLATED)
   table_i/n1429            0.000000       0.001539       -0.001539 (VIOLATED)
   table_i/n1433            0.000000       0.001539       -0.001539 (VIOLATED)
   table_i/n1434            0.000000       0.001539       -0.001539 (VIOLATED)
   table_i/n1458            0.000000       0.001539       -0.001539 (VIOLATED)
   table_i/n1462            0.000000       0.001539       -0.001539 (VIOLATED)
   table_i/n1466            0.000000       0.001539       -0.001539 (VIOLATED)
   table_i/n1476            0.000000       0.001539       -0.001539 (VIOLATED)
   table_i/n1477            0.000000       0.001539       -0.001539 (VIOLATED)
   table_i/n1497            0.000000       0.001539       -0.001539 (VIOLATED)
   table_i/n1498            0.000000       0.001539       -0.001539 (VIOLATED)
   table_i/n1502            0.000000       0.001539       -0.001539 (VIOLATED)
   table_i/n1507            0.000000       0.001539       -0.001539 (VIOLATED)
   table_i/n1543            0.000000       0.001539       -0.001539 (VIOLATED)
   table_i/n1549            0.000000       0.001539       -0.001539 (VIOLATED)
   table_i/n1583            0.000000       0.001539       -0.001539 (VIOLATED)
   table_i/n1584            0.000000       0.001539       -0.001539 (VIOLATED)
   table_i/n1589            0.000000       0.001539       -0.001539 (VIOLATED)
   table_i/n1629            0.000000       0.001539       -0.001539 (VIOLATED)
   table_i/n1634            0.000000       0.001539       -0.001539 (VIOLATED)
   table_i/n1677            0.000000       0.001539       -0.001539 (VIOLATED)
   table_i/n1699            0.000000       0.001539       -0.001539 (VIOLATED)
   table_i/n1700            0.000000       0.001539       -0.001539 (VIOLATED)
   table_i/n1715            0.000000       0.001539       -0.001539 (VIOLATED)
   table_i/n1716            0.000000       0.001539       -0.001539 (VIOLATED)
   table_i/n1720            0.000000       0.001539       -0.001539 (VIOLATED)
   table_i/n1722            0.000000       0.001539       -0.001539 (VIOLATED)
   table_i/n1745            0.000000       0.001539       -0.001539 (VIOLATED)
   table_i/n1746            0.000000       0.001539       -0.001539 (VIOLATED)
   table_i/n1761            0.000000       0.001539       -0.001539 (VIOLATED)
   table_i/n1762            0.000000       0.001539       -0.001539 (VIOLATED)
   table_i/n1763            0.000000       0.001539       -0.001539 (VIOLATED)
   table_i/n1764            0.000000       0.001539       -0.001539 (VIOLATED)
   table_i/n2735            0.000000       0.001539       -0.001539 (VIOLATED)
   table_i/n2740            0.000000       0.001539       -0.001539 (VIOLATED)
   table_i/n2744            0.000000       0.001539       -0.001539 (VIOLATED)
   table_i/n2748            0.000000       0.001539       -0.001539 (VIOLATED)
   table_i/n2752            0.000000       0.001539       -0.001539 (VIOLATED)
   table_i/n2756            0.000000       0.001539       -0.001539 (VIOLATED)
   table_i/n2759            0.000000       0.001539       -0.001539 (VIOLATED)
   table_i/n2762            0.000000       0.001539       -0.001539 (VIOLATED)
   table_i/n2765            0.000000       0.001539       -0.001539 (VIOLATED)
   table_i/n2769            0.000000       0.001539       -0.001539 (VIOLATED)
   table_i/n2772            0.000000       0.001539       -0.001539 (VIOLATED)
   table_i/n2775            0.000000       0.001539       -0.001539 (VIOLATED)
   table_i/n2778            0.000000       0.001539       -0.001539 (VIOLATED)
   table_i/n2782            0.000000       0.001539       -0.001539 (VIOLATED)
   table_i/n2785            0.000000       0.001539       -0.001539 (VIOLATED)
   table_i/n2788            0.000000       0.001539       -0.001539 (VIOLATED)
   table_i/n2809            0.000000       0.001539       -0.001539 (VIOLATED)
   table_i/n2810            0.000000       0.001539       -0.001539 (VIOLATED)
   table_i/n2812            0.000000       0.001539       -0.001539 (VIOLATED)
   table_i/n2814            0.000000       0.001539       -0.001539 (VIOLATED)
   table_i/n2818            0.000000       0.001539       -0.001539 (VIOLATED)
   table_i/n2820            0.000000       0.001539       -0.001539 (VIOLATED)
   table_i/n2826            0.000000       0.001539       -0.001539 (VIOLATED)
   table_i/n2829            0.000000       0.001539       -0.001539 (VIOLATED)
   table_i/n2833            0.000000       0.001539       -0.001539 (VIOLATED)
   table_i/n6700            0.000000       0.001539       -0.001539 (VIOLATED)

   -----------------------------------------------------------------
   Total                      5334            -12.899672

1
