
****************************************
Report : timing
        -path full
        -delay max
        -input_pins
        -nets
        -max_paths 10
        -transition_time
        -capacitance
Design : mc_top_Q_DEPTH16_SCHED_POLICY1_AGING_ENABLE1
Version: R-2020.09-SP4
Date   : Wed Sep 30 19:17:12 2026
****************************************

 # A fanout number of 1000 was used for high fanout net computations.

Operating Conditions: typical   Library: gscl45nm
Wire Load Model Mode: top

  Startpoint: table_i/addresses_reg[84]
              (rising edge-triggered flip-flop clocked by core_clk)
  Endpoint: cmd_op[0] (output port clocked by core_clk)
  Path Group: core_clk
  Path Type: max

  Point                                       Fanout       Cap     Trans      Incr       Path
  ----------------------------------------------------------------------------------------------
  clock core_clk (rise edge)                                              0.000000   0.000000
  clock network delay (ideal)                                             0.000000   0.000000
  table_i/addresses_reg[84]/CLK (DFFPOSX1)                      0.000000  0.000000 # 0.000000 r
  table_i/addresses_reg[84]/Q (DFFPOSX1)                        0.058021  0.131637   0.131637 f
  table_i/addresses[84] (net)                   8     0.031155            0.000000   0.131637 f
  table_i/addresses[84] (mc_transaction_table_Q_DEPTH16_ADDR_W16_DATA_W32_TAG_W8_READ_LATENCY3_AGE_LIMIT128)
                                                                          0.000000   0.131637 f
  addresses[84] (net)                                 0.031155            0.000000   0.131637 f
  U2450/A (INVX1)                                               0.058021  0.000000   0.131637 f
  U2450/Y (INVX1)                                               0.000000  0.015769   0.147407 r
  n1090 (net)                                   1     0.001551            0.000000   0.147407 r
  U1924/A (INVX1)                                               0.000000  0.000000   0.147407 r
  U1924/Y (INVX1)                                               0.017355  0.016424   0.163831 f
  n1091 (net)                                   1     0.003854            0.000000   0.163831 f
  U1161/A (BUFX4)                                               0.017355  0.000000   0.163831 f
  U1161/Y (BUFX4)                                               0.030826  0.063272   0.227103 f
  n448 (net)                                   10     0.050554            0.000000   0.227103 f
  U4453/B (XOR2X1)                                              0.030826  0.000000   0.227103 f
  U4453/Y (XOR2X1)                                              0.042323  0.051153   0.278256 r
  n3602 (net)                                   1     0.002283            0.000000   0.278256 r
  U1350/B (OR2X2)                                               0.042323  0.000000   0.278256 r
  U1350/Y (OR2X2)                                               0.010575  0.046293   0.324549 r
  n3604 (net)                                   1     0.001551            0.000000   0.324549 r
  U1351/A (INVX1)                                               0.010575  0.000000   0.324549 r
  U1351/Y (INVX1)                                               0.013561  0.017186   0.341735 f
  n631 (net)                                    1     0.002832            0.000000   0.341735 f
  U4454/C (NAND3X1)                                             0.013561  0.000000   0.341735 f
  U4454/Y (NAND3X1)                                             0.041697  0.034052   0.375787 r
  n3607 (net)                                   1     0.003288            0.000000   0.375787 r
  U4455/C (NOR3X1)                                              0.041697  0.000000   0.375787 r
  U4455/Y (NOR3X1)                                              0.053000  0.046559   0.422346 f
  same_address_91 (net)                         4     0.011326            0.000000   0.422346 f
  candidates_i/same_address[181] (mc_candidates_Q_DEPTH16_ROW_W8_COL_W6)  0.000000   0.422346 f
  candidates_i/same_address[181] (net)                0.011326            0.000000   0.422346 f
  candidates_i/U1793/C (NAND3X1)                                0.053000  0.000000   0.422346 f
  candidates_i/U1793/Y (NAND3X1)                                0.031489  0.039529   0.461875 r
  candidates_i/n2473 (net)                      1     0.001798            0.000000   0.461875 r
  candidates_i/U250/A (AND2X2)                                  0.031489  0.000000   0.461875 r
  candidates_i/U250/Y (AND2X2)                                  0.011373  0.034788   0.496663 r
  candidates_i/n2471 (net)                      1     0.002961            0.000000   0.496663 r
  candidates_i/U1792/C (NAND3X1)                                0.011373  0.000000   0.496663 r
  candidates_i/U1792/Y (NAND3X1)                                0.017970  0.011781   0.508444 f
  candidates_i/n2461 (net)                      1     0.003011            0.000000   0.508444 f
  candidates_i/U1784/A (NOR3X1)                                 0.017970  0.000000   0.508444 f
  candidates_i/U1784/Y (NOR3X1)                                 0.049388  0.048627   0.557072 r
  candidates_i/n2460 (net)                      1     0.002027            0.000000   0.557072 r
  candidates_i/U1783/B (NAND2X1)                                0.049388  0.000000   0.557072 r
  candidates_i/U1783/Y (NAND2X1)                                0.022283  0.026500   0.583572 f
  candidates_i/n1776 (net)                      2     0.003685            0.000000   0.583572 f
  candidates_i/U3210/A (INVX1)                                  0.022283  0.000000   0.583572 f
  candidates_i/U3210/Y (INVX1)                                  0.000000  0.011533   0.595105 r
  candidates_i/eligible[5] (net)                2     0.004161            0.000000   0.595105 r
  candidates_i/U3149/B (AND2X2)                                 0.000000  0.000000   0.595105 r
  candidates_i/U3149/Y (AND2X2)                                 0.028421  0.044977   0.640082 r
  candidates_i/n1482 (net)                      4     0.011017            0.000000   0.640082 r
  candidates_i/U1152/A (NAND3X1)                                0.028421  0.000000   0.640082 r
  candidates_i/U1152/Y (NAND3X1)                                0.014881  0.019599   0.659681 f
  candidates_i/n1775 (net)                      1     0.001820            0.000000   0.659681 f
  candidates_i/U160/B (AND2X2)                                  0.014881  0.000000   0.659681 f
  candidates_i/U160/Y (AND2X2)                                  0.000000  0.038994   0.698674 f
  candidates_i/n1773 (net)                      1     0.002832            0.000000   0.698674 f
  candidates_i/U1151/C (NAND3X1)                                0.000000  0.000000   0.698674 f
  candidates_i/U1151/Y (NAND3X1)                                0.040671  0.029765   0.728440 r
  candidates_i/n1760 (net)                      1     0.003021            0.000000   0.728440 r
  candidates_i/U1144/A (NOR3X1)                                 0.040671  0.000000   0.728440 r
  candidates_i/U1144/Y (NOR3X1)                                 0.025619  0.040992   0.769432 f
  candidates_i/n1759 (net)                      1     0.001820            0.000000   0.769432 f
  candidates_i/U3157/B (AND2X2)                                 0.025619  0.000000   0.769432 f
  candidates_i/U3157/Y (AND2X2)                                 0.012811  0.049702   0.819134 f
  candidates_i/n903 (net)                       1     0.010104            0.000000   0.819134 f
  candidates_i/U3148/A (INVX8)                                  0.012811  0.000000   0.819134 f
  candidates_i/U3148/Y (INVX8)                                  0.012845  0.023070   0.842203 r
  candidates_i/n1722 (net)                     16     0.033385            0.000000   0.842203 r
  candidates_i/U331/B (AND2X1)                                  0.012845  0.000000   0.842203 r
  candidates_i/U331/Y (AND2X1)                                  0.029640  0.040397   0.882600 r
  candidates_i/n1741 (net)                      1     0.001551            0.000000   0.882600 r
  candidates_i/U3013/A (INVX1)                                  0.029640  0.000000   0.882600 r
  candidates_i/U3013/Y (INVX1)                                  0.011532  0.021869   0.904469 f
  candidates_i/n783 (net)                       1     0.002600            0.000000   0.904469 f
  candidates_i/U1115/B (NAND3X1)                                0.011532  0.000000   0.904469 f
  candidates_i/U1115/Y (NAND3X1)                                0.033886  0.030522   0.934991 r
  candidates_i/n1517 (net)                      1     0.001539            0.000000   0.934991 r
  candidates_i/U330/A (BUFX2)                                   0.033886  0.000000   0.934991 r
  candidates_i/U330/Y (BUFX2)                                   0.039690  0.054946   0.989937 r
  candidates_i/n782 (net)                       3     0.015301            0.000000   0.989937 r
  candidates_i/U44/A (INVX8)                                    0.039690  0.000000   0.989937 r
  candidates_i/U44/Y (INVX8)                                    0.022802  0.028622   1.018559 f
  candidates_i/n3303 (net)                     14     0.037191            0.000000   1.018559 f
  candidates_i/U961/A (AOI22X1)                                 0.022802  0.000000   1.018559 f
  candidates_i/U961/Y (AOI22X1)                                 0.044054  0.049140   1.067700 r
  candidates_i/n1575 (net)                      1     0.001798            0.000000   1.067700 r
  candidates_i/U130/A (AND2X2)                                  0.044054  0.000000   1.067700 r
  candidates_i/U130/Y (AND2X2)                                  0.011031  0.035332   1.103032 r
  candidates_i/n1574 (net)                      1     0.002961            0.000000   1.103032 r
  candidates_i/U959/C (NAND3X1)                                 0.011031  0.000000   1.103032 r
  candidates_i/U959/Y (NAND3X1)                                 0.015945  0.010514   1.113546 f
  candidates_i/n1565 (net)                      1     0.002301            0.000000   1.113546 f
  candidates_i/U2233/A (OR2X2)                                  0.015945  0.000000   1.113546 f
  candidates_i/U2233/Y (OR2X2)                                  0.006920  0.039424   1.152970 f
  candidates_i/n1172 (net)                      2     0.002952            0.000000   1.152970 f
  candidates_i/U2235/A (INVX1)                                  0.006920  0.000000   1.152970 f
  candidates_i/U2235/Y (INVX1)                                  0.000000  0.001484   1.154454 r
  candidates_i/n112 (net)                       1     0.002741            0.000000   1.154454 r
  candidates_i/U941/A (AOI21X1)                                 0.000000  0.000000   1.154454 r
  candidates_i/U941/Y (AOI21X1)                                 0.013866  0.011884   1.166339 f
  candidates_i/n1177 (net)                      1     0.001476            0.000000   1.166339 f
  candidates_i/U2274/A (INVX1)                                  0.013866  0.000000   1.166339 f
  candidates_i/U2274/Y (INVX1)                                  0.000000  0.003669   1.170008 r
  candidates_i/n140 (net)                       1     0.002655            0.000000   1.170008 r
  candidates_i/U10/A (INVX2)                                    0.000000  0.000000   1.170008 r
  candidates_i/U10/Y (INVX2)                                    0.004253  0.026199   1.196207 f
  candidates_i/n141 (net)                       3     0.007766            0.000000   1.196207 f
  candidates_i/U940/C (NAND3X1)                                 0.004253  0.000000   1.196207 f
  candidates_i/U940/Y (NAND3X1)                                 0.033894  0.026307   1.222514 r
  candidates_i/n1217 (net)                      1     0.001539            0.000000   1.222514 r
  candidates_i/U2154/A (BUFX2)                                  0.033894  0.000000   1.222514 r
  candidates_i/U2154/Y (BUFX2)                                  0.015270  0.038802   1.261316 r
  candidates_i/n60 (net)                        2     0.004839            0.000000   1.261316 r
  candidates_i/U939/C (NOR3X1)                                  0.015270  0.000000   1.261316 r
  candidates_i/U939/Y (NOR3X1)                                  0.043138  0.032887   1.294203 f
  candidates_i/n1074 (net)                      3     0.008090            0.000000   1.294203 f
  candidates_i/U938/C (NAND3X1)                                 0.043138  0.000000   1.294203 f
  candidates_i/U938/Y (NAND3X1)                                 0.033951  0.036253   1.330456 r
  candidates_i/n1547 (net)                      1     0.001551            0.000000   1.330456 r
  candidates_i/U3285/A (INVX1)                                  0.033951  0.000000   1.330456 r
  candidates_i/U3285/Y (INVX1)                                  0.027670  0.034284   1.364740 f
  candidates_i/n3290 (net)                      3     0.008090            0.000000   1.364740 f
  candidates_i/U937/C (NAND3X1)                                 0.027670  0.000000   1.364740 f
  candidates_i/U937/Y (NAND3X1)                                 0.033951  0.032311   1.397051 r
  candidates_i/n1545 (net)                      1     0.001551            0.000000   1.397051 r
  candidates_i/U3284/A (INVX1)                                  0.033951  0.000000   1.397051 r
  candidates_i/U3284/Y (INVX1)                                  0.027670  0.034284   1.431335 f
  candidates_i/n3289 (net)                      3     0.008090            0.000000   1.431335 f
  candidates_i/U936/C (NAND3X1)                                 0.027670  0.000000   1.431335 f
  candidates_i/U936/Y (NAND3X1)                                 0.033951  0.032311   1.463647 r
  candidates_i/n1543 (net)                      1     0.001551            0.000000   1.463647 r
  candidates_i/U3283/A (INVX1)                                  0.033951  0.000000   1.463647 r
  candidates_i/U3283/Y (INVX1)                                  0.027670  0.034284   1.497931 f
  candidates_i/n3288 (net)                      3     0.008090            0.000000   1.497931 f
  candidates_i/U935/C (NAND3X1)                                 0.027670  0.000000   1.497931 f
  candidates_i/U935/Y (NAND3X1)                                 0.033951  0.032311   1.530242 r
  candidates_i/n1541 (net)                      1     0.001551            0.000000   1.530242 r
  candidates_i/U3286/A (INVX1)                                  0.033951  0.000000   1.530242 r
  candidates_i/U3286/Y (INVX1)                                  0.018018  0.027680   1.557923 f
  candidates_i/n3287 (net)                      2     0.004867            0.000000   1.557923 f
  candidates_i/U933/A (NAND3X1)                                 0.018018  0.000000   1.557923 f
  candidates_i/U933/Y (NAND3X1)                                 0.034058  0.039145   1.597068 r
  candidates_i/n1539 (net)                      1     0.002365            0.000000   1.597068 r
  candidates_i/U932/B (NOR2X1)                                  0.034058  0.000000   1.597068 r
  candidates_i/U932/Y (NOR2X1)                                  0.003987  0.019484   1.616552 f
  candidates_i/n1224 (net)                      1     0.002658            0.000000   1.616552 f
  candidates_i/U653/A (AOI22X1)                                 0.003987  0.000000   1.616552 f
  candidates_i/U653/Y (AOI22X1)                                 0.045864  0.044703   1.661255 r
  candidates_i/n1223 (net)                      1     0.002027            0.000000   1.661255 r
  candidates_i/U652/B (NAND2X1)                                 0.045864  0.000000   1.661255 r
  candidates_i/U652/Y (NAND2X1)                                 0.019027  0.023156   1.684411 f
  candidates_i/candidate_mask[0] (net)          1     0.002209            0.000000   1.684411 f
  candidates_i/candidate_mask[0] (mc_candidates_Q_DEPTH16_ROW_W8_COL_W6)  0.000000   1.684411 f
  candidate_mask[0] (net)                             0.002209            0.000000   1.684411 f
  frfcfs.scheduler_i/candidate_mask[0] (mc_scheduler_frfcfs_Q_DEPTH16_ADDR_W16_AGE_LIMIT128_AGING_ENABLE1)
                                                                          0.000000   1.684411 f
  frfcfs.scheduler_i/candidate_mask[0] (net)          0.002209            0.000000   1.684411 f
  frfcfs.scheduler_i/U514/A (NAND3X1)                           0.019027  0.000000   1.684411 f
  frfcfs.scheduler_i/U514/Y (NAND3X1)                           0.044845  0.044318   1.728729 r
  frfcfs.scheduler_i/n882 (net)                 2     0.003937            0.000000   1.728729 r
  frfcfs.scheduler_i/U1126/A (INVX1)                            0.044845  0.000000   1.728729 r
  frfcfs.scheduler_i/U1126/Y (INVX1)                            0.010641  0.026103   1.754832 f
  frfcfs.scheduler_i/n264 (net)                 1     0.002658            0.000000   1.754832 f
  frfcfs.scheduler_i/U507/A (AOI22X1)                           0.010641  0.000000   1.754832 f
  frfcfs.scheduler_i/U507/Y (AOI22X1)                           0.044905  0.046052   1.800884 r
  frfcfs.scheduler_i/n932 (net)                 1     0.001869            0.000000   1.800884 r
  frfcfs.scheduler_i/U58/B (AND2X2)                             0.044905  0.000000   1.800884 r
  frfcfs.scheduler_i/U58/Y (AND2X2)                             0.012074  0.034749   1.835632 r
  frfcfs.scheduler_i/n930 (net)                 1     0.002961            0.000000   1.835632 r
  frfcfs.scheduler_i/U506/C (NAND3X1)                           0.012074  0.000000   1.835632 r
  frfcfs.scheduler_i/U506/Y (NAND3X1)                           0.015893  0.010758   1.846390 f
  frfcfs.scheduler_i/n889 (net)                 1     0.002301            0.000000   1.846390 f
  frfcfs.scheduler_i/U56/A (OR2X2)                              0.015893  0.000000   1.846390 f
  frfcfs.scheduler_i/U56/Y (OR2X2)                              0.013803  0.044609   1.890999 f
  frfcfs.scheduler_i/n850 (net)                 2     0.007708            0.000000   1.890999 f
  frfcfs.scheduler_i/U9/A (BUFX4)                               0.013803  0.000000   1.890999 f
  frfcfs.scheduler_i/U9/Y (BUFX4)                               0.006548  0.049802   1.940801 f
  frfcfs.scheduler_i/n207 (net)                 8     0.020525            0.000000   1.940801 f
  frfcfs.scheduler_i/U452/A (AOI21X1)                           0.006548  0.000000   1.940801 f
  frfcfs.scheduler_i/U452/Y (AOI21X1)                           0.023522  0.032801   1.973603 r
  frfcfs.scheduler_i/n616 (net)                 1     0.001551            0.000000   1.973603 r
  frfcfs.scheduler_i/U142/A (INVX1)                             0.023522  0.000000   1.973603 r
  frfcfs.scheduler_i/U142/Y (INVX1)                             0.008599  0.017910   1.991512 f
  frfcfs.scheduler_i/n171 (net)                 1     0.001476            0.000000   1.991512 f
  frfcfs.scheduler_i/U26/A (INVX1)                              0.008599  0.000000   1.991512 f
  frfcfs.scheduler_i/U26/Y (INVX1)                              0.000000  0.001800   1.993313 r
  frfcfs.scheduler_i/n1 (net)                   1     0.002655            0.000000   1.993313 r
  frfcfs.scheduler_i/U27/A (INVX2)                              0.000000  0.000000   1.993313 r
  frfcfs.scheduler_i/U27/Y (INVX2)                              0.008913  0.029120   2.022433 f
  frfcfs.scheduler_i/n2 (net)                   2     0.012416            0.000000   2.022433 f
  frfcfs.scheduler_i/U218/A (INVX8)                             0.008913  0.000000   2.022433 f
  frfcfs.scheduler_i/U218/Y (INVX8)                             0.016758  0.025086   2.047519 r
  frfcfs.scheduler_i/n172 (net)                15     0.042418            0.000000   2.047519 r
  frfcfs.scheduler_i/U258/A (AOI22X1)                           0.016758  0.000000   2.047519 r
  frfcfs.scheduler_i/U258/Y (AOI22X1)                           0.034094  0.033363   2.080882 f
  frfcfs.scheduler_i/n651 (net)                 1     0.001763            0.000000   2.080882 f
  frfcfs.scheduler_i/U10/A (AND2X2)                             0.034094  0.000000   2.080882 f
  frfcfs.scheduler_i/U10/Y (AND2X2)                             0.003837  0.039696   2.120578 f
  frfcfs.scheduler_i/n650 (net)                 1     0.002832            0.000000   2.120578 f
  frfcfs.scheduler_i/U256/C (NAND3X1)                           0.003837  0.000000   2.120578 f
  frfcfs.scheduler_i/U256/Y (NAND3X1)                           0.036639  0.028510   2.149087 r
  frfcfs.scheduler_i/n641 (net)                 1     0.002292            0.000000   2.149087 r
  frfcfs.scheduler_i/U178/A (OR2X2)                             0.036639  0.000000   2.149087 r
  frfcfs.scheduler_i/U178/Y (OR2X2)                             0.009847  0.038805   2.187893 r
  frfcfs.scheduler_i/n592 (net)                 1     0.001551            0.000000   2.187893 r
  frfcfs.scheduler_i/U179/A (INVX1)                             0.009847  0.000000   2.187893 r
  frfcfs.scheduler_i/U179/Y (INVX1)                             0.019417  0.020975   2.208868 f
  frfcfs.scheduler_i/n13 (net)                  2     0.004774            0.000000   2.208868 f
  frfcfs.scheduler_i/U249/A (NAND3X1)                           0.019417  0.000000   2.208868 f
  frfcfs.scheduler_i/U249/Y (NAND3X1)                           0.035958  0.038486   2.247353 r
  frfcfs.scheduler_i/n639 (net)                 1     0.002010            0.000000   2.247353 r
  frfcfs.scheduler_i/U248/C (OAI21X1)                           0.035958  0.000000   2.247353 r
  frfcfs.scheduler_i/U248/Y (OAI21X1)                           0.008197  0.021209   2.268562 f
  frfcfs.scheduler_i/n635 (net)                 1     0.002658            0.000000   2.268562 f
  frfcfs.scheduler_i/U247/A (AOI22X1)                           0.008197  0.000000   2.268562 f
  frfcfs.scheduler_i/U247/Y (AOI22X1)                           0.047164  0.046874   2.315436 r
  frfcfs.scheduler_i/n634 (net)                 1     0.002386            0.000000   2.315436 r
  frfcfs.scheduler_i/U246/C (AOI21X1)                           0.047164  0.000000   2.315436 r
  frfcfs.scheduler_i/U246/Y (AOI21X1)                           0.016946  0.022713   2.338149 f
  frfcfs.scheduler_i/n632 (net)                 1     0.002312            0.000000   2.338149 f
  frfcfs.scheduler_i/U245/C (AOI21X1)                           0.016946  0.000000   2.338149 f
  frfcfs.scheduler_i/U245/Y (AOI21X1)                           0.029891  0.021876   2.360025 r
  frfcfs.scheduler_i/n629 (net)                 1     0.002832            0.000000   2.360025 r
  frfcfs.scheduler_i/U244/B (OAI21X1)                           0.029891  0.000000   2.360025 r
  frfcfs.scheduler_i/U244/Y (OAI21X1)                           0.004597  0.020433   2.380458 f
  frfcfs.scheduler_i/n627 (net)                 1     0.002566            0.000000   2.380458 f
  frfcfs.scheduler_i/U243/A (AOI21X1)                           0.004597  0.000000   2.380458 f
  frfcfs.scheduler_i/U243/Y (AOI21X1)                           0.029645  0.036445   2.416903 r
  frfcfs.scheduler_i/n625 (net)                 1     0.002832            0.000000   2.416903 r
  frfcfs.scheduler_i/U242/B (OAI21X1)                           0.029645  0.000000   2.416903 r
  frfcfs.scheduler_i/U242/Y (OAI21X1)                           0.004597  0.020379   2.437282 f
  frfcfs.scheduler_i/n622 (net)                 1     0.002566            0.000000   2.437282 f
  frfcfs.scheduler_i/U241/A (AOI21X1)                           0.004597  0.000000   2.437282 f
  frfcfs.scheduler_i/U241/Y (AOI21X1)                           0.029645  0.036445   2.473727 r
  frfcfs.scheduler_i/n620 (net)                 1     0.002832            0.000000   2.473727 r
  frfcfs.scheduler_i/U239/B (OAI21X1)                           0.029645  0.000000   2.473727 r
  frfcfs.scheduler_i/U239/Y (OAI21X1)                           0.014750  0.022643   2.496369 f
  frfcfs.scheduler_i/n1257 (net)                1     0.003854            0.000000   2.496369 f
  frfcfs.scheduler_i/U177/A (BUFX4)                             0.014750  0.000000   2.496369 f
  frfcfs.scheduler_i/U177/Y (BUFX4)                             0.007397  0.050256   2.546625 f
  frfcfs.scheduler_i/select_slot[0] (net)       8     0.021115            0.000000   2.546625 f
  frfcfs.scheduler_i/select_slot[0] (mc_scheduler_frfcfs_Q_DEPTH16_ADDR_W16_AGE_LIMIT128_AGING_ENABLE1)
                                                                          0.000000   2.546625 f
  select_slot[0] (net)                                0.021115            0.000000   2.546625 f
  U2565/A (BUFX4)                                               0.007397  0.000000   2.546625 f
  U2565/Y (BUFX4)                                               0.001464  0.047172   2.593796 f
  n916 (net)                                    5     0.017481            0.000000   2.593796 f
  U2563/A (INVX8)                                               0.001464  0.000000   2.593796 f
  U2563/Y (INVX8)                                               0.000000  0.015011   2.608807 r
  n5080 (net)                                  10     0.019096            0.000000   2.608807 r
  U1634/B (AND2X2)                                              0.000000  0.000000   2.608807 r
  U1634/Y (AND2X2)                                              0.013604  0.035183   2.643990 r
  n5458 (net)                                   3     0.004653            0.000000   2.643990 r
  U1636/A (INVX1)                                               0.013604  0.000000   2.643990 r
  U1636/Y (INVX1)                                               0.028492  0.028398   2.672388 f
  n903 (net)                                    3     0.007897            0.000000   2.672388 f
  U5899/B (OAI21X1)                                             0.028492  0.000000   2.672388 f
  U5899/Y (OAI21X1)                                             0.046014  0.046403   2.718791 r
  n5433 (net)                                   1     0.003021            0.000000   2.718791 r
  U5901/A (NOR3X1)                                              0.046014  0.000000   2.718791 r
  U5901/Y (NOR3X1)                                              0.028054  0.044053   2.762844 f
  n5439 (net)                                   1     0.002569            0.000000   2.762844 f
  U5906/B (MUX2X1)                                              0.028054  0.000000   2.762844 f
  U5906/Y (MUX2X1)                                              0.043316  0.051902   2.814746 r
  n5440 (net)                                   1     0.002798            0.000000   2.814746 r
  U5907/A (MUX2X1)                                              0.043316  0.000000   2.814746 r
  U5907/Y (MUX2X1)                                              0.037908  0.034093   2.848839 f
  n6152 (net)                                   1     0.005092            0.000000   2.848839 f
  U286/A (INVX4)                                                0.037908  0.000000   2.848839 f
  U286/Y (INVX4)                                                0.016510  0.025272   2.874111 r
  n255 (net)                                    1     0.010083            0.000000   2.874111 r
  U287/A (INVX8)                                                0.016510  0.000000   2.874111 r
  U287/Y (INVX8)                                                0.009591  0.025372   2.899482 f
  cmd_op[0] (net)                               5     0.020601            0.000000   2.899482 f
  cmd_op[0] (out)                                               0.009591  0.000000   2.899482 f
  data arrival time                                                                  2.899482

  clock core_clk (rise edge)                                              4.000000   4.000000
  clock network delay (ideal)                                             0.000000   4.000000
  clock uncertainty                                                       -0.100000  3.900000
  output external delay                                                   -1.000000  2.900000
  data required time                                                                 2.900000
  ----------------------------------------------------------------------------------------------
  data required time                                                                 2.900000
  data arrival time                                                                  -2.899482
  ----------------------------------------------------------------------------------------------
  slack (MET)                                                                        0.000518


  Startpoint: table_i/addresses_reg[84]
              (rising edge-triggered flip-flop clocked by core_clk)
  Endpoint: cmd_op[1] (output port clocked by core_clk)
  Path Group: core_clk
  Path Type: max

  Point                                       Fanout       Cap     Trans      Incr       Path
  ----------------------------------------------------------------------------------------------
  clock core_clk (rise edge)                                              0.000000   0.000000
  clock network delay (ideal)                                             0.000000   0.000000
  table_i/addresses_reg[84]/CLK (DFFPOSX1)                      0.000000  0.000000 # 0.000000 r
  table_i/addresses_reg[84]/Q (DFFPOSX1)                        0.058021  0.131637   0.131637 f
  table_i/addresses[84] (net)                   8     0.031155            0.000000   0.131637 f
  table_i/addresses[84] (mc_transaction_table_Q_DEPTH16_ADDR_W16_DATA_W32_TAG_W8_READ_LATENCY3_AGE_LIMIT128)
                                                                          0.000000   0.131637 f
  addresses[84] (net)                                 0.031155            0.000000   0.131637 f
  U2450/A (INVX1)                                               0.058021  0.000000   0.131637 f
  U2450/Y (INVX1)                                               0.000000  0.015769   0.147407 r
  n1090 (net)                                   1     0.001551            0.000000   0.147407 r
  U1924/A (INVX1)                                               0.000000  0.000000   0.147407 r
  U1924/Y (INVX1)                                               0.017355  0.016424   0.163831 f
  n1091 (net)                                   1     0.003854            0.000000   0.163831 f
  U1161/A (BUFX4)                                               0.017355  0.000000   0.163831 f
  U1161/Y (BUFX4)                                               0.030826  0.063272   0.227103 f
  n448 (net)                                   10     0.050554            0.000000   0.227103 f
  U4453/B (XOR2X1)                                              0.030826  0.000000   0.227103 f
  U4453/Y (XOR2X1)                                              0.042323  0.051153   0.278256 r
  n3602 (net)                                   1     0.002283            0.000000   0.278256 r
  U1350/B (OR2X2)                                               0.042323  0.000000   0.278256 r
  U1350/Y (OR2X2)                                               0.010575  0.046293   0.324549 r
  n3604 (net)                                   1     0.001551            0.000000   0.324549 r
  U1351/A (INVX1)                                               0.010575  0.000000   0.324549 r
  U1351/Y (INVX1)                                               0.013561  0.017186   0.341735 f
  n631 (net)                                    1     0.002832            0.000000   0.341735 f
  U4454/C (NAND3X1)                                             0.013561  0.000000   0.341735 f
  U4454/Y (NAND3X1)                                             0.041697  0.034052   0.375787 r
  n3607 (net)                                   1     0.003288            0.000000   0.375787 r
  U4455/C (NOR3X1)                                              0.041697  0.000000   0.375787 r
  U4455/Y (NOR3X1)                                              0.053000  0.046559   0.422346 f
  same_address_91 (net)                         4     0.011326            0.000000   0.422346 f
  candidates_i/same_address[181] (mc_candidates_Q_DEPTH16_ROW_W8_COL_W6)  0.000000   0.422346 f
  candidates_i/same_address[181] (net)                0.011326            0.000000   0.422346 f
  candidates_i/U1793/C (NAND3X1)                                0.053000  0.000000   0.422346 f
  candidates_i/U1793/Y (NAND3X1)                                0.031489  0.039529   0.461875 r
  candidates_i/n2473 (net)                      1     0.001798            0.000000   0.461875 r
  candidates_i/U250/A (AND2X2)                                  0.031489  0.000000   0.461875 r
  candidates_i/U250/Y (AND2X2)                                  0.011373  0.034788   0.496663 r
  candidates_i/n2471 (net)                      1     0.002961            0.000000   0.496663 r
  candidates_i/U1792/C (NAND3X1)                                0.011373  0.000000   0.496663 r
  candidates_i/U1792/Y (NAND3X1)                                0.017970  0.011781   0.508444 f
  candidates_i/n2461 (net)                      1     0.003011            0.000000   0.508444 f
  candidates_i/U1784/A (NOR3X1)                                 0.017970  0.000000   0.508444 f
  candidates_i/U1784/Y (NOR3X1)                                 0.049388  0.048627   0.557072 r
  candidates_i/n2460 (net)                      1     0.002027            0.000000   0.557072 r
  candidates_i/U1783/B (NAND2X1)                                0.049388  0.000000   0.557072 r
  candidates_i/U1783/Y (NAND2X1)                                0.022283  0.026500   0.583572 f
  candidates_i/n1776 (net)                      2     0.003685            0.000000   0.583572 f
  candidates_i/U3210/A (INVX1)                                  0.022283  0.000000   0.583572 f
  candidates_i/U3210/Y (INVX1)                                  0.000000  0.011533   0.595105 r
  candidates_i/eligible[5] (net)                2     0.004161            0.000000   0.595105 r
  candidates_i/U3149/B (AND2X2)                                 0.000000  0.000000   0.595105 r
  candidates_i/U3149/Y (AND2X2)                                 0.028421  0.044977   0.640082 r
  candidates_i/n1482 (net)                      4     0.011017            0.000000   0.640082 r
  candidates_i/U1152/A (NAND3X1)                                0.028421  0.000000   0.640082 r
  candidates_i/U1152/Y (NAND3X1)                                0.014881  0.019599   0.659681 f
  candidates_i/n1775 (net)                      1     0.001820            0.000000   0.659681 f
  candidates_i/U160/B (AND2X2)                                  0.014881  0.000000   0.659681 f
  candidates_i/U160/Y (AND2X2)                                  0.000000  0.038994   0.698674 f
  candidates_i/n1773 (net)                      1     0.002832            0.000000   0.698674 f
  candidates_i/U1151/C (NAND3X1)                                0.000000  0.000000   0.698674 f
  candidates_i/U1151/Y (NAND3X1)                                0.040671  0.029765   0.728440 r
  candidates_i/n1760 (net)                      1     0.003021            0.000000   0.728440 r
  candidates_i/U1144/A (NOR3X1)                                 0.040671  0.000000   0.728440 r
  candidates_i/U1144/Y (NOR3X1)                                 0.025619  0.040992   0.769432 f
  candidates_i/n1759 (net)                      1     0.001820            0.000000   0.769432 f
  candidates_i/U3157/B (AND2X2)                                 0.025619  0.000000   0.769432 f
  candidates_i/U3157/Y (AND2X2)                                 0.012811  0.049702   0.819134 f
  candidates_i/n903 (net)                       1     0.010104            0.000000   0.819134 f
  candidates_i/U3148/A (INVX8)                                  0.012811  0.000000   0.819134 f
  candidates_i/U3148/Y (INVX8)                                  0.012845  0.023070   0.842203 r
  candidates_i/n1722 (net)                     16     0.033385            0.000000   0.842203 r
  candidates_i/U331/B (AND2X1)                                  0.012845  0.000000   0.842203 r
  candidates_i/U331/Y (AND2X1)                                  0.029640  0.040397   0.882600 r
  candidates_i/n1741 (net)                      1     0.001551            0.000000   0.882600 r
  candidates_i/U3013/A (INVX1)                                  0.029640  0.000000   0.882600 r
  candidates_i/U3013/Y (INVX1)                                  0.011532  0.021869   0.904469 f
  candidates_i/n783 (net)                       1     0.002600            0.000000   0.904469 f
  candidates_i/U1115/B (NAND3X1)                                0.011532  0.000000   0.904469 f
  candidates_i/U1115/Y (NAND3X1)                                0.033886  0.030522   0.934991 r
  candidates_i/n1517 (net)                      1     0.001539            0.000000   0.934991 r
  candidates_i/U330/A (BUFX2)                                   0.033886  0.000000   0.934991 r
  candidates_i/U330/Y (BUFX2)                                   0.039690  0.054946   0.989937 r
  candidates_i/n782 (net)                       3     0.015301            0.000000   0.989937 r
  candidates_i/U44/A (INVX8)                                    0.039690  0.000000   0.989937 r
  candidates_i/U44/Y (INVX8)                                    0.022802  0.028622   1.018559 f
  candidates_i/n3303 (net)                     14     0.037191            0.000000   1.018559 f
  candidates_i/U961/A (AOI22X1)                                 0.022802  0.000000   1.018559 f
  candidates_i/U961/Y (AOI22X1)                                 0.044054  0.049140   1.067700 r
  candidates_i/n1575 (net)                      1     0.001798            0.000000   1.067700 r
  candidates_i/U130/A (AND2X2)                                  0.044054  0.000000   1.067700 r
  candidates_i/U130/Y (AND2X2)                                  0.011031  0.035332   1.103032 r
  candidates_i/n1574 (net)                      1     0.002961            0.000000   1.103032 r
  candidates_i/U959/C (NAND3X1)                                 0.011031  0.000000   1.103032 r
  candidates_i/U959/Y (NAND3X1)                                 0.015945  0.010514   1.113546 f
  candidates_i/n1565 (net)                      1     0.002301            0.000000   1.113546 f
  candidates_i/U2233/A (OR2X2)                                  0.015945  0.000000   1.113546 f
  candidates_i/U2233/Y (OR2X2)                                  0.006920  0.039424   1.152970 f
  candidates_i/n1172 (net)                      2     0.002952            0.000000   1.152970 f
  candidates_i/U2235/A (INVX1)                                  0.006920  0.000000   1.152970 f
  candidates_i/U2235/Y (INVX1)                                  0.000000  0.001484   1.154454 r
  candidates_i/n112 (net)                       1     0.002741            0.000000   1.154454 r
  candidates_i/U941/A (AOI21X1)                                 0.000000  0.000000   1.154454 r
  candidates_i/U941/Y (AOI21X1)                                 0.013866  0.011884   1.166339 f
  candidates_i/n1177 (net)                      1     0.001476            0.000000   1.166339 f
  candidates_i/U2274/A (INVX1)                                  0.013866  0.000000   1.166339 f
  candidates_i/U2274/Y (INVX1)                                  0.000000  0.003669   1.170008 r
  candidates_i/n140 (net)                       1     0.002655            0.000000   1.170008 r
  candidates_i/U10/A (INVX2)                                    0.000000  0.000000   1.170008 r
  candidates_i/U10/Y (INVX2)                                    0.004253  0.026199   1.196207 f
  candidates_i/n141 (net)                       3     0.007766            0.000000   1.196207 f
  candidates_i/U940/C (NAND3X1)                                 0.004253  0.000000   1.196207 f
  candidates_i/U940/Y (NAND3X1)                                 0.033894  0.026307   1.222514 r
  candidates_i/n1217 (net)                      1     0.001539            0.000000   1.222514 r
  candidates_i/U2154/A (BUFX2)                                  0.033894  0.000000   1.222514 r
  candidates_i/U2154/Y (BUFX2)                                  0.015270  0.038802   1.261316 r
  candidates_i/n60 (net)                        2     0.004839            0.000000   1.261316 r
  candidates_i/U939/C (NOR3X1)                                  0.015270  0.000000   1.261316 r
  candidates_i/U939/Y (NOR3X1)                                  0.043138  0.032887   1.294203 f
  candidates_i/n1074 (net)                      3     0.008090            0.000000   1.294203 f
  candidates_i/U938/C (NAND3X1)                                 0.043138  0.000000   1.294203 f
  candidates_i/U938/Y (NAND3X1)                                 0.033951  0.036253   1.330456 r
  candidates_i/n1547 (net)                      1     0.001551            0.000000   1.330456 r
  candidates_i/U3285/A (INVX1)                                  0.033951  0.000000   1.330456 r
  candidates_i/U3285/Y (INVX1)                                  0.027670  0.034284   1.364740 f
  candidates_i/n3290 (net)                      3     0.008090            0.000000   1.364740 f
  candidates_i/U937/C (NAND3X1)                                 0.027670  0.000000   1.364740 f
  candidates_i/U937/Y (NAND3X1)                                 0.033951  0.032311   1.397051 r
  candidates_i/n1545 (net)                      1     0.001551            0.000000   1.397051 r
  candidates_i/U3284/A (INVX1)                                  0.033951  0.000000   1.397051 r
  candidates_i/U3284/Y (INVX1)                                  0.027670  0.034284   1.431335 f
  candidates_i/n3289 (net)                      3     0.008090            0.000000   1.431335 f
  candidates_i/U936/C (NAND3X1)                                 0.027670  0.000000   1.431335 f
  candidates_i/U936/Y (NAND3X1)                                 0.033951  0.032311   1.463647 r
  candidates_i/n1543 (net)                      1     0.001551            0.000000   1.463647 r
  candidates_i/U3283/A (INVX1)                                  0.033951  0.000000   1.463647 r
  candidates_i/U3283/Y (INVX1)                                  0.027670  0.034284   1.497931 f
  candidates_i/n3288 (net)                      3     0.008090            0.000000   1.497931 f
  candidates_i/U935/C (NAND3X1)                                 0.027670  0.000000   1.497931 f
  candidates_i/U935/Y (NAND3X1)                                 0.033951  0.032311   1.530242 r
  candidates_i/n1541 (net)                      1     0.001551            0.000000   1.530242 r
  candidates_i/U3286/A (INVX1)                                  0.033951  0.000000   1.530242 r
  candidates_i/U3286/Y (INVX1)                                  0.018018  0.027680   1.557923 f
  candidates_i/n3287 (net)                      2     0.004867            0.000000   1.557923 f
  candidates_i/U933/A (NAND3X1)                                 0.018018  0.000000   1.557923 f
  candidates_i/U933/Y (NAND3X1)                                 0.034058  0.039145   1.597068 r
  candidates_i/n1539 (net)                      1     0.002365            0.000000   1.597068 r
  candidates_i/U932/B (NOR2X1)                                  0.034058  0.000000   1.597068 r
  candidates_i/U932/Y (NOR2X1)                                  0.003987  0.019484   1.616552 f
  candidates_i/n1224 (net)                      1     0.002658            0.000000   1.616552 f
  candidates_i/U653/A (AOI22X1)                                 0.003987  0.000000   1.616552 f
  candidates_i/U653/Y (AOI22X1)                                 0.045864  0.044703   1.661255 r
  candidates_i/n1223 (net)                      1     0.002027            0.000000   1.661255 r
  candidates_i/U652/B (NAND2X1)                                 0.045864  0.000000   1.661255 r
  candidates_i/U652/Y (NAND2X1)                                 0.019027  0.023156   1.684411 f
  candidates_i/candidate_mask[0] (net)          1     0.002209            0.000000   1.684411 f
  candidates_i/candidate_mask[0] (mc_candidates_Q_DEPTH16_ROW_W8_COL_W6)  0.000000   1.684411 f
  candidate_mask[0] (net)                             0.002209            0.000000   1.684411 f
  frfcfs.scheduler_i/candidate_mask[0] (mc_scheduler_frfcfs_Q_DEPTH16_ADDR_W16_AGE_LIMIT128_AGING_ENABLE1)
                                                                          0.000000   1.684411 f
  frfcfs.scheduler_i/candidate_mask[0] (net)          0.002209            0.000000   1.684411 f
  frfcfs.scheduler_i/U514/A (NAND3X1)                           0.019027  0.000000   1.684411 f
  frfcfs.scheduler_i/U514/Y (NAND3X1)                           0.044845  0.044318   1.728729 r
  frfcfs.scheduler_i/n882 (net)                 2     0.003937            0.000000   1.728729 r
  frfcfs.scheduler_i/U1126/A (INVX1)                            0.044845  0.000000   1.728729 r
  frfcfs.scheduler_i/U1126/Y (INVX1)                            0.010641  0.026103   1.754832 f
  frfcfs.scheduler_i/n264 (net)                 1     0.002658            0.000000   1.754832 f
  frfcfs.scheduler_i/U507/A (AOI22X1)                           0.010641  0.000000   1.754832 f
  frfcfs.scheduler_i/U507/Y (AOI22X1)                           0.044905  0.046052   1.800884 r
  frfcfs.scheduler_i/n932 (net)                 1     0.001869            0.000000   1.800884 r
  frfcfs.scheduler_i/U58/B (AND2X2)                             0.044905  0.000000   1.800884 r
  frfcfs.scheduler_i/U58/Y (AND2X2)                             0.012074  0.034749   1.835632 r
  frfcfs.scheduler_i/n930 (net)                 1     0.002961            0.000000   1.835632 r
  frfcfs.scheduler_i/U506/C (NAND3X1)                           0.012074  0.000000   1.835632 r
  frfcfs.scheduler_i/U506/Y (NAND3X1)                           0.015893  0.010758   1.846390 f
  frfcfs.scheduler_i/n889 (net)                 1     0.002301            0.000000   1.846390 f
  frfcfs.scheduler_i/U56/A (OR2X2)                              0.015893  0.000000   1.846390 f
  frfcfs.scheduler_i/U56/Y (OR2X2)                              0.013803  0.044609   1.890999 f
  frfcfs.scheduler_i/n850 (net)                 2     0.007708            0.000000   1.890999 f
  frfcfs.scheduler_i/U9/A (BUFX4)                               0.013803  0.000000   1.890999 f
  frfcfs.scheduler_i/U9/Y (BUFX4)                               0.006548  0.049802   1.940801 f
  frfcfs.scheduler_i/n207 (net)                 8     0.020525            0.000000   1.940801 f
  frfcfs.scheduler_i/U452/A (AOI21X1)                           0.006548  0.000000   1.940801 f
  frfcfs.scheduler_i/U452/Y (AOI21X1)                           0.023522  0.032801   1.973603 r
  frfcfs.scheduler_i/n616 (net)                 1     0.001551            0.000000   1.973603 r
  frfcfs.scheduler_i/U142/A (INVX1)                             0.023522  0.000000   1.973603 r
  frfcfs.scheduler_i/U142/Y (INVX1)                             0.008599  0.017910   1.991512 f
  frfcfs.scheduler_i/n171 (net)                 1     0.001476            0.000000   1.991512 f
  frfcfs.scheduler_i/U26/A (INVX1)                              0.008599  0.000000   1.991512 f
  frfcfs.scheduler_i/U26/Y (INVX1)                              0.000000  0.001800   1.993313 r
  frfcfs.scheduler_i/n1 (net)                   1     0.002655            0.000000   1.993313 r
  frfcfs.scheduler_i/U27/A (INVX2)                              0.000000  0.000000   1.993313 r
  frfcfs.scheduler_i/U27/Y (INVX2)                              0.008913  0.029120   2.022433 f
  frfcfs.scheduler_i/n2 (net)                   2     0.012416            0.000000   2.022433 f
  frfcfs.scheduler_i/U218/A (INVX8)                             0.008913  0.000000   2.022433 f
  frfcfs.scheduler_i/U218/Y (INVX8)                             0.016758  0.025086   2.047519 r
  frfcfs.scheduler_i/n172 (net)                15     0.042418            0.000000   2.047519 r
  frfcfs.scheduler_i/U258/A (AOI22X1)                           0.016758  0.000000   2.047519 r
  frfcfs.scheduler_i/U258/Y (AOI22X1)                           0.034094  0.033363   2.080882 f
  frfcfs.scheduler_i/n651 (net)                 1     0.001763            0.000000   2.080882 f
  frfcfs.scheduler_i/U10/A (AND2X2)                             0.034094  0.000000   2.080882 f
  frfcfs.scheduler_i/U10/Y (AND2X2)                             0.003837  0.039696   2.120578 f
  frfcfs.scheduler_i/n650 (net)                 1     0.002832            0.000000   2.120578 f
  frfcfs.scheduler_i/U256/C (NAND3X1)                           0.003837  0.000000   2.120578 f
  frfcfs.scheduler_i/U256/Y (NAND3X1)                           0.036639  0.028510   2.149087 r
  frfcfs.scheduler_i/n641 (net)                 1     0.002292            0.000000   2.149087 r
  frfcfs.scheduler_i/U178/A (OR2X2)                             0.036639  0.000000   2.149087 r
  frfcfs.scheduler_i/U178/Y (OR2X2)                             0.009847  0.038805   2.187893 r
  frfcfs.scheduler_i/n592 (net)                 1     0.001551            0.000000   2.187893 r
  frfcfs.scheduler_i/U179/A (INVX1)                             0.009847  0.000000   2.187893 r
  frfcfs.scheduler_i/U179/Y (INVX1)                             0.019417  0.020975   2.208868 f
  frfcfs.scheduler_i/n13 (net)                  2     0.004774            0.000000   2.208868 f
  frfcfs.scheduler_i/U249/A (NAND3X1)                           0.019417  0.000000   2.208868 f
  frfcfs.scheduler_i/U249/Y (NAND3X1)                           0.035958  0.038486   2.247353 r
  frfcfs.scheduler_i/n639 (net)                 1     0.002010            0.000000   2.247353 r
  frfcfs.scheduler_i/U248/C (OAI21X1)                           0.035958  0.000000   2.247353 r
  frfcfs.scheduler_i/U248/Y (OAI21X1)                           0.008197  0.021209   2.268562 f
  frfcfs.scheduler_i/n635 (net)                 1     0.002658            0.000000   2.268562 f
  frfcfs.scheduler_i/U247/A (AOI22X1)                           0.008197  0.000000   2.268562 f
  frfcfs.scheduler_i/U247/Y (AOI22X1)                           0.047164  0.046874   2.315436 r
  frfcfs.scheduler_i/n634 (net)                 1     0.002386            0.000000   2.315436 r
  frfcfs.scheduler_i/U246/C (AOI21X1)                           0.047164  0.000000   2.315436 r
  frfcfs.scheduler_i/U246/Y (AOI21X1)                           0.016946  0.022713   2.338149 f
  frfcfs.scheduler_i/n632 (net)                 1     0.002312            0.000000   2.338149 f
  frfcfs.scheduler_i/U245/C (AOI21X1)                           0.016946  0.000000   2.338149 f
  frfcfs.scheduler_i/U245/Y (AOI21X1)                           0.029891  0.021876   2.360025 r
  frfcfs.scheduler_i/n629 (net)                 1     0.002832            0.000000   2.360025 r
  frfcfs.scheduler_i/U244/B (OAI21X1)                           0.029891  0.000000   2.360025 r
  frfcfs.scheduler_i/U244/Y (OAI21X1)                           0.004597  0.020433   2.380458 f
  frfcfs.scheduler_i/n627 (net)                 1     0.002566            0.000000   2.380458 f
  frfcfs.scheduler_i/U243/A (AOI21X1)                           0.004597  0.000000   2.380458 f
  frfcfs.scheduler_i/U243/Y (AOI21X1)                           0.029645  0.036445   2.416903 r
  frfcfs.scheduler_i/n625 (net)                 1     0.002832            0.000000   2.416903 r
  frfcfs.scheduler_i/U242/B (OAI21X1)                           0.029645  0.000000   2.416903 r
  frfcfs.scheduler_i/U242/Y (OAI21X1)                           0.004597  0.020379   2.437282 f
  frfcfs.scheduler_i/n622 (net)                 1     0.002566            0.000000   2.437282 f
  frfcfs.scheduler_i/U241/A (AOI21X1)                           0.004597  0.000000   2.437282 f
  frfcfs.scheduler_i/U241/Y (AOI21X1)                           0.029645  0.036445   2.473727 r
  frfcfs.scheduler_i/n620 (net)                 1     0.002832            0.000000   2.473727 r
  frfcfs.scheduler_i/U239/B (OAI21X1)                           0.029645  0.000000   2.473727 r
  frfcfs.scheduler_i/U239/Y (OAI21X1)                           0.014750  0.022643   2.496369 f
  frfcfs.scheduler_i/n1257 (net)                1     0.003854            0.000000   2.496369 f
  frfcfs.scheduler_i/U177/A (BUFX4)                             0.014750  0.000000   2.496369 f
  frfcfs.scheduler_i/U177/Y (BUFX4)                             0.007397  0.050256   2.546625 f
  frfcfs.scheduler_i/select_slot[0] (net)       8     0.021115            0.000000   2.546625 f
  frfcfs.scheduler_i/select_slot[0] (mc_scheduler_frfcfs_Q_DEPTH16_ADDR_W16_AGE_LIMIT128_AGING_ENABLE1)
                                                                          0.000000   2.546625 f
  select_slot[0] (net)                                0.021115            0.000000   2.546625 f
  U2565/A (BUFX4)                                               0.007397  0.000000   2.546625 f
  U2565/Y (BUFX4)                                               0.001464  0.047172   2.593796 f
  n916 (net)                                    5     0.017481            0.000000   2.593796 f
  U2563/A (INVX8)                                               0.001464  0.000000   2.593796 f
  U2563/Y (INVX8)                                               0.000000  0.015011   2.608807 r
  n5080 (net)                                  10     0.019096            0.000000   2.608807 r
  U1634/B (AND2X2)                                              0.000000  0.000000   2.608807 r
  U1634/Y (AND2X2)                                              0.013604  0.035183   2.643990 r
  n5458 (net)                                   3     0.004653            0.000000   2.643990 r
  U1637/A (INVX1)                                               0.013604  0.000000   2.643990 r
  U1637/Y (INVX1)                                               0.028492  0.028398   2.672388 f
  n904 (net)                                    3     0.007897            0.000000   2.672388 f
  U5917/B (OAI21X1)                                             0.028492  0.000000   2.672388 f
  U5917/Y (OAI21X1)                                             0.044163  0.046403   2.718791 r
  n5455 (net)                                   1     0.003021            0.000000   2.718791 r
  U5919/A (NOR3X1)                                              0.044163  0.000000   2.718791 r
  U5919/Y (NOR3X1)                                              0.027961  0.043529   2.762320 f
  n5465 (net)                                   1     0.002569            0.000000   2.762320 f
  U5924/B (MUX2X1)                                              0.027961  0.000000   2.762320 f
  U5924/Y (MUX2X1)                                              0.043317  0.051881   2.814201 r
  n5466 (net)                                   1     0.002798            0.000000   2.814201 r
  U5925/A (MUX2X1)                                              0.043317  0.000000   2.814201 r
  U5925/Y (MUX2X1)                                              0.037908  0.034093   2.848294 f
  n6151 (net)                                   1     0.005092            0.000000   2.848294 f
  U264/A (INVX4)                                                0.037908  0.000000   2.848294 f
  U264/Y (INVX4)                                                0.016510  0.025272   2.873567 r
  n274 (net)                                    1     0.010083            0.000000   2.873567 r
  U807/A (INVX8)                                                0.016510  0.000000   2.873567 r
  U807/Y (INVX8)                                                0.010220  0.025816   2.899383 f
  cmd_op[1] (net)                               6     0.023056            0.000000   2.899383 f
  cmd_op[1] (out)                                               0.010220  0.000000   2.899383 f
  data arrival time                                                                  2.899383

  clock core_clk (rise edge)                                              4.000000   4.000000
  clock network delay (ideal)                                             0.000000   4.000000
  clock uncertainty                                                       -0.100000  3.900000
  output external delay                                                   -1.000000  2.900000
  data required time                                                                 2.900000
  ----------------------------------------------------------------------------------------------
  data required time                                                                 2.900000
  data arrival time                                                                  -2.899383
  ----------------------------------------------------------------------------------------------
  slack (MET)                                                                        0.000617


  Startpoint: table_i/addresses_reg[84]
              (rising edge-triggered flip-flop clocked by core_clk)
  Endpoint: cmd_wdata[8]
            (output port clocked by core_clk)
  Path Group: core_clk
  Path Type: max

  Point                                       Fanout       Cap     Trans      Incr       Path
  ----------------------------------------------------------------------------------------------
  clock core_clk (rise edge)                                              0.000000   0.000000
  clock network delay (ideal)                                             0.000000   0.000000
  table_i/addresses_reg[84]/CLK (DFFPOSX1)                      0.000000  0.000000 # 0.000000 r
  table_i/addresses_reg[84]/Q (DFFPOSX1)                        0.058021  0.131637   0.131637 f
  table_i/addresses[84] (net)                   8     0.031155            0.000000   0.131637 f
  table_i/addresses[84] (mc_transaction_table_Q_DEPTH16_ADDR_W16_DATA_W32_TAG_W8_READ_LATENCY3_AGE_LIMIT128)
                                                                          0.000000   0.131637 f
  addresses[84] (net)                                 0.031155            0.000000   0.131637 f
  U2450/A (INVX1)                                               0.058021  0.000000   0.131637 f
  U2450/Y (INVX1)                                               0.000000  0.015769   0.147407 r
  n1090 (net)                                   1     0.001551            0.000000   0.147407 r
  U1924/A (INVX1)                                               0.000000  0.000000   0.147407 r
  U1924/Y (INVX1)                                               0.017355  0.016424   0.163831 f
  n1091 (net)                                   1     0.003854            0.000000   0.163831 f
  U1161/A (BUFX4)                                               0.017355  0.000000   0.163831 f
  U1161/Y (BUFX4)                                               0.030826  0.063272   0.227103 f
  n448 (net)                                   10     0.050554            0.000000   0.227103 f
  U4453/B (XOR2X1)                                              0.030826  0.000000   0.227103 f
  U4453/Y (XOR2X1)                                              0.042323  0.051153   0.278256 r
  n3602 (net)                                   1     0.002283            0.000000   0.278256 r
  U1350/B (OR2X2)                                               0.042323  0.000000   0.278256 r
  U1350/Y (OR2X2)                                               0.010575  0.046293   0.324549 r
  n3604 (net)                                   1     0.001551            0.000000   0.324549 r
  U1351/A (INVX1)                                               0.010575  0.000000   0.324549 r
  U1351/Y (INVX1)                                               0.013561  0.017186   0.341735 f
  n631 (net)                                    1     0.002832            0.000000   0.341735 f
  U4454/C (NAND3X1)                                             0.013561  0.000000   0.341735 f
  U4454/Y (NAND3X1)                                             0.041697  0.034052   0.375787 r
  n3607 (net)                                   1     0.003288            0.000000   0.375787 r
  U4455/C (NOR3X1)                                              0.041697  0.000000   0.375787 r
  U4455/Y (NOR3X1)                                              0.053000  0.046559   0.422346 f
  same_address_91 (net)                         4     0.011326            0.000000   0.422346 f
  candidates_i/same_address[181] (mc_candidates_Q_DEPTH16_ROW_W8_COL_W6)  0.000000   0.422346 f
  candidates_i/same_address[181] (net)                0.011326            0.000000   0.422346 f
  candidates_i/U1793/C (NAND3X1)                                0.053000  0.000000   0.422346 f
  candidates_i/U1793/Y (NAND3X1)                                0.031489  0.039529   0.461875 r
  candidates_i/n2473 (net)                      1     0.001798            0.000000   0.461875 r
  candidates_i/U250/A (AND2X2)                                  0.031489  0.000000   0.461875 r
  candidates_i/U250/Y (AND2X2)                                  0.011373  0.034788   0.496663 r
  candidates_i/n2471 (net)                      1     0.002961            0.000000   0.496663 r
  candidates_i/U1792/C (NAND3X1)                                0.011373  0.000000   0.496663 r
  candidates_i/U1792/Y (NAND3X1)                                0.017970  0.011781   0.508444 f
  candidates_i/n2461 (net)                      1     0.003011            0.000000   0.508444 f
  candidates_i/U1784/A (NOR3X1)                                 0.017970  0.000000   0.508444 f
  candidates_i/U1784/Y (NOR3X1)                                 0.049388  0.048627   0.557072 r
  candidates_i/n2460 (net)                      1     0.002027            0.000000   0.557072 r
  candidates_i/U1783/B (NAND2X1)                                0.049388  0.000000   0.557072 r
  candidates_i/U1783/Y (NAND2X1)                                0.022283  0.026500   0.583572 f
  candidates_i/n1776 (net)                      2     0.003685            0.000000   0.583572 f
  candidates_i/U3210/A (INVX1)                                  0.022283  0.000000   0.583572 f
  candidates_i/U3210/Y (INVX1)                                  0.000000  0.011533   0.595105 r
  candidates_i/eligible[5] (net)                2     0.004161            0.000000   0.595105 r
  candidates_i/U3149/B (AND2X2)                                 0.000000  0.000000   0.595105 r
  candidates_i/U3149/Y (AND2X2)                                 0.028421  0.044977   0.640082 r
  candidates_i/n1482 (net)                      4     0.011017            0.000000   0.640082 r
  candidates_i/U1152/A (NAND3X1)                                0.028421  0.000000   0.640082 r
  candidates_i/U1152/Y (NAND3X1)                                0.014881  0.019599   0.659681 f
  candidates_i/n1775 (net)                      1     0.001820            0.000000   0.659681 f
  candidates_i/U160/B (AND2X2)                                  0.014881  0.000000   0.659681 f
  candidates_i/U160/Y (AND2X2)                                  0.000000  0.038994   0.698674 f
  candidates_i/n1773 (net)                      1     0.002832            0.000000   0.698674 f
  candidates_i/U1151/C (NAND3X1)                                0.000000  0.000000   0.698674 f
  candidates_i/U1151/Y (NAND3X1)                                0.040671  0.029765   0.728440 r
  candidates_i/n1760 (net)                      1     0.003021            0.000000   0.728440 r
  candidates_i/U1144/A (NOR3X1)                                 0.040671  0.000000   0.728440 r
  candidates_i/U1144/Y (NOR3X1)                                 0.025619  0.040992   0.769432 f
  candidates_i/n1759 (net)                      1     0.001820            0.000000   0.769432 f
  candidates_i/U3157/B (AND2X2)                                 0.025619  0.000000   0.769432 f
  candidates_i/U3157/Y (AND2X2)                                 0.012811  0.049702   0.819134 f
  candidates_i/n903 (net)                       1     0.010104            0.000000   0.819134 f
  candidates_i/U3148/A (INVX8)                                  0.012811  0.000000   0.819134 f
  candidates_i/U3148/Y (INVX8)                                  0.012845  0.023070   0.842203 r
  candidates_i/n1722 (net)                     16     0.033385            0.000000   0.842203 r
  candidates_i/U331/B (AND2X1)                                  0.012845  0.000000   0.842203 r
  candidates_i/U331/Y (AND2X1)                                  0.029640  0.040397   0.882600 r
  candidates_i/n1741 (net)                      1     0.001551            0.000000   0.882600 r
  candidates_i/U3013/A (INVX1)                                  0.029640  0.000000   0.882600 r
  candidates_i/U3013/Y (INVX1)                                  0.011532  0.021869   0.904469 f
  candidates_i/n783 (net)                       1     0.002600            0.000000   0.904469 f
  candidates_i/U1115/B (NAND3X1)                                0.011532  0.000000   0.904469 f
  candidates_i/U1115/Y (NAND3X1)                                0.033886  0.030522   0.934991 r
  candidates_i/n1517 (net)                      1     0.001539            0.000000   0.934991 r
  candidates_i/U330/A (BUFX2)                                   0.033886  0.000000   0.934991 r
  candidates_i/U330/Y (BUFX2)                                   0.039690  0.054946   0.989937 r
  candidates_i/n782 (net)                       3     0.015301            0.000000   0.989937 r
  candidates_i/U44/A (INVX8)                                    0.039690  0.000000   0.989937 r
  candidates_i/U44/Y (INVX8)                                    0.022802  0.028622   1.018559 f
  candidates_i/n3303 (net)                     14     0.037191            0.000000   1.018559 f
  candidates_i/U961/A (AOI22X1)                                 0.022802  0.000000   1.018559 f
  candidates_i/U961/Y (AOI22X1)                                 0.044054  0.049140   1.067700 r
  candidates_i/n1575 (net)                      1     0.001798            0.000000   1.067700 r
  candidates_i/U130/A (AND2X2)                                  0.044054  0.000000   1.067700 r
  candidates_i/U130/Y (AND2X2)                                  0.011031  0.035332   1.103032 r
  candidates_i/n1574 (net)                      1     0.002961            0.000000   1.103032 r
  candidates_i/U959/C (NAND3X1)                                 0.011031  0.000000   1.103032 r
  candidates_i/U959/Y (NAND3X1)                                 0.015945  0.010514   1.113546 f
  candidates_i/n1565 (net)                      1     0.002301            0.000000   1.113546 f
  candidates_i/U2233/A (OR2X2)                                  0.015945  0.000000   1.113546 f
  candidates_i/U2233/Y (OR2X2)                                  0.006920  0.039424   1.152970 f
  candidates_i/n1172 (net)                      2     0.002952            0.000000   1.152970 f
  candidates_i/U2235/A (INVX1)                                  0.006920  0.000000   1.152970 f
  candidates_i/U2235/Y (INVX1)                                  0.000000  0.001484   1.154454 r
  candidates_i/n112 (net)                       1     0.002741            0.000000   1.154454 r
  candidates_i/U941/A (AOI21X1)                                 0.000000  0.000000   1.154454 r
  candidates_i/U941/Y (AOI21X1)                                 0.013866  0.011884   1.166339 f
  candidates_i/n1177 (net)                      1     0.001476            0.000000   1.166339 f
  candidates_i/U2274/A (INVX1)                                  0.013866  0.000000   1.166339 f
  candidates_i/U2274/Y (INVX1)                                  0.000000  0.003669   1.170008 r
  candidates_i/n140 (net)                       1     0.002655            0.000000   1.170008 r
  candidates_i/U10/A (INVX2)                                    0.000000  0.000000   1.170008 r
  candidates_i/U10/Y (INVX2)                                    0.004253  0.026199   1.196207 f
  candidates_i/n141 (net)                       3     0.007766            0.000000   1.196207 f
  candidates_i/U940/C (NAND3X1)                                 0.004253  0.000000   1.196207 f
  candidates_i/U940/Y (NAND3X1)                                 0.033894  0.026307   1.222514 r
  candidates_i/n1217 (net)                      1     0.001539            0.000000   1.222514 r
  candidates_i/U2154/A (BUFX2)                                  0.033894  0.000000   1.222514 r
  candidates_i/U2154/Y (BUFX2)                                  0.015270  0.038802   1.261316 r
  candidates_i/n60 (net)                        2     0.004839            0.000000   1.261316 r
  candidates_i/U939/C (NOR3X1)                                  0.015270  0.000000   1.261316 r
  candidates_i/U939/Y (NOR3X1)                                  0.043138  0.032887   1.294203 f
  candidates_i/n1074 (net)                      3     0.008090            0.000000   1.294203 f
  candidates_i/U938/C (NAND3X1)                                 0.043138  0.000000   1.294203 f
  candidates_i/U938/Y (NAND3X1)                                 0.033951  0.036253   1.330456 r
  candidates_i/n1547 (net)                      1     0.001551            0.000000   1.330456 r
  candidates_i/U3285/A (INVX1)                                  0.033951  0.000000   1.330456 r
  candidates_i/U3285/Y (INVX1)                                  0.027670  0.034284   1.364740 f
  candidates_i/n3290 (net)                      3     0.008090            0.000000   1.364740 f
  candidates_i/U937/C (NAND3X1)                                 0.027670  0.000000   1.364740 f
  candidates_i/U937/Y (NAND3X1)                                 0.033951  0.032311   1.397051 r
  candidates_i/n1545 (net)                      1     0.001551            0.000000   1.397051 r
  candidates_i/U3284/A (INVX1)                                  0.033951  0.000000   1.397051 r
  candidates_i/U3284/Y (INVX1)                                  0.027670  0.034284   1.431335 f
  candidates_i/n3289 (net)                      3     0.008090            0.000000   1.431335 f
  candidates_i/U936/C (NAND3X1)                                 0.027670  0.000000   1.431335 f
  candidates_i/U936/Y (NAND3X1)                                 0.033951  0.032311   1.463647 r
  candidates_i/n1543 (net)                      1     0.001551            0.000000   1.463647 r
  candidates_i/U3283/A (INVX1)                                  0.033951  0.000000   1.463647 r
  candidates_i/U3283/Y (INVX1)                                  0.027670  0.034284   1.497931 f
  candidates_i/n3288 (net)                      3     0.008090            0.000000   1.497931 f
  candidates_i/U935/C (NAND3X1)                                 0.027670  0.000000   1.497931 f
  candidates_i/U935/Y (NAND3X1)                                 0.033951  0.032311   1.530242 r
  candidates_i/n1541 (net)                      1     0.001551            0.000000   1.530242 r
  candidates_i/U3286/A (INVX1)                                  0.033951  0.000000   1.530242 r
  candidates_i/U3286/Y (INVX1)                                  0.018018  0.027680   1.557923 f
  candidates_i/n3287 (net)                      2     0.004867            0.000000   1.557923 f
  candidates_i/U933/A (NAND3X1)                                 0.018018  0.000000   1.557923 f
  candidates_i/U933/Y (NAND3X1)                                 0.034058  0.039145   1.597068 r
  candidates_i/n1539 (net)                      1     0.002365            0.000000   1.597068 r
  candidates_i/U932/B (NOR2X1)                                  0.034058  0.000000   1.597068 r
  candidates_i/U932/Y (NOR2X1)                                  0.003987  0.019484   1.616552 f
  candidates_i/n1224 (net)                      1     0.002658            0.000000   1.616552 f
  candidates_i/U653/A (AOI22X1)                                 0.003987  0.000000   1.616552 f
  candidates_i/U653/Y (AOI22X1)                                 0.045864  0.044703   1.661255 r
  candidates_i/n1223 (net)                      1     0.002027            0.000000   1.661255 r
  candidates_i/U652/B (NAND2X1)                                 0.045864  0.000000   1.661255 r
  candidates_i/U652/Y (NAND2X1)                                 0.019027  0.023156   1.684411 f
  candidates_i/candidate_mask[0] (net)          1     0.002209            0.000000   1.684411 f
  candidates_i/candidate_mask[0] (mc_candidates_Q_DEPTH16_ROW_W8_COL_W6)  0.000000   1.684411 f
  candidate_mask[0] (net)                             0.002209            0.000000   1.684411 f
  frfcfs.scheduler_i/candidate_mask[0] (mc_scheduler_frfcfs_Q_DEPTH16_ADDR_W16_AGE_LIMIT128_AGING_ENABLE1)
                                                                          0.000000   1.684411 f
  frfcfs.scheduler_i/candidate_mask[0] (net)          0.002209            0.000000   1.684411 f
  frfcfs.scheduler_i/U514/A (NAND3X1)                           0.019027  0.000000   1.684411 f
  frfcfs.scheduler_i/U514/Y (NAND3X1)                           0.044845  0.044318   1.728729 r
  frfcfs.scheduler_i/n882 (net)                 2     0.003937            0.000000   1.728729 r
  frfcfs.scheduler_i/U1126/A (INVX1)                            0.044845  0.000000   1.728729 r
  frfcfs.scheduler_i/U1126/Y (INVX1)                            0.010641  0.026103   1.754832 f
  frfcfs.scheduler_i/n264 (net)                 1     0.002658            0.000000   1.754832 f
  frfcfs.scheduler_i/U507/A (AOI22X1)                           0.010641  0.000000   1.754832 f
  frfcfs.scheduler_i/U507/Y (AOI22X1)                           0.044905  0.046052   1.800884 r
  frfcfs.scheduler_i/n932 (net)                 1     0.001869            0.000000   1.800884 r
  frfcfs.scheduler_i/U58/B (AND2X2)                             0.044905  0.000000   1.800884 r
  frfcfs.scheduler_i/U58/Y (AND2X2)                             0.012074  0.034749   1.835632 r
  frfcfs.scheduler_i/n930 (net)                 1     0.002961            0.000000   1.835632 r
  frfcfs.scheduler_i/U506/C (NAND3X1)                           0.012074  0.000000   1.835632 r
  frfcfs.scheduler_i/U506/Y (NAND3X1)                           0.015893  0.010758   1.846390 f
  frfcfs.scheduler_i/n889 (net)                 1     0.002301            0.000000   1.846390 f
  frfcfs.scheduler_i/U56/A (OR2X2)                              0.015893  0.000000   1.846390 f
  frfcfs.scheduler_i/U56/Y (OR2X2)                              0.013803  0.044609   1.890999 f
  frfcfs.scheduler_i/n850 (net)                 2     0.007708            0.000000   1.890999 f
  frfcfs.scheduler_i/U9/A (BUFX4)                               0.013803  0.000000   1.890999 f
  frfcfs.scheduler_i/U9/Y (BUFX4)                               0.006548  0.049802   1.940801 f
  frfcfs.scheduler_i/n207 (net)                 8     0.020525            0.000000   1.940801 f
  frfcfs.scheduler_i/U452/A (AOI21X1)                           0.006548  0.000000   1.940801 f
  frfcfs.scheduler_i/U452/Y (AOI21X1)                           0.023522  0.032801   1.973603 r
  frfcfs.scheduler_i/n616 (net)                 1     0.001551            0.000000   1.973603 r
  frfcfs.scheduler_i/U142/A (INVX1)                             0.023522  0.000000   1.973603 r
  frfcfs.scheduler_i/U142/Y (INVX1)                             0.008599  0.017910   1.991512 f
  frfcfs.scheduler_i/n171 (net)                 1     0.001476            0.000000   1.991512 f
  frfcfs.scheduler_i/U26/A (INVX1)                              0.008599  0.000000   1.991512 f
  frfcfs.scheduler_i/U26/Y (INVX1)                              0.000000  0.001800   1.993313 r
  frfcfs.scheduler_i/n1 (net)                   1     0.002655            0.000000   1.993313 r
  frfcfs.scheduler_i/U27/A (INVX2)                              0.000000  0.000000   1.993313 r
  frfcfs.scheduler_i/U27/Y (INVX2)                              0.008913  0.029120   2.022433 f
  frfcfs.scheduler_i/n2 (net)                   2     0.012416            0.000000   2.022433 f
  frfcfs.scheduler_i/U218/A (INVX8)                             0.008913  0.000000   2.022433 f
  frfcfs.scheduler_i/U218/Y (INVX8)                             0.016758  0.025086   2.047519 r
  frfcfs.scheduler_i/n172 (net)                15     0.042418            0.000000   2.047519 r
  frfcfs.scheduler_i/U258/A (AOI22X1)                           0.016758  0.000000   2.047519 r
  frfcfs.scheduler_i/U258/Y (AOI22X1)                           0.034094  0.033363   2.080882 f
  frfcfs.scheduler_i/n651 (net)                 1     0.001763            0.000000   2.080882 f
  frfcfs.scheduler_i/U10/A (AND2X2)                             0.034094  0.000000   2.080882 f
  frfcfs.scheduler_i/U10/Y (AND2X2)                             0.003837  0.039696   2.120578 f
  frfcfs.scheduler_i/n650 (net)                 1     0.002832            0.000000   2.120578 f
  frfcfs.scheduler_i/U256/C (NAND3X1)                           0.003837  0.000000   2.120578 f
  frfcfs.scheduler_i/U256/Y (NAND3X1)                           0.036639  0.028510   2.149087 r
  frfcfs.scheduler_i/n641 (net)                 1     0.002292            0.000000   2.149087 r
  frfcfs.scheduler_i/U178/A (OR2X2)                             0.036639  0.000000   2.149087 r
  frfcfs.scheduler_i/U178/Y (OR2X2)                             0.009847  0.038805   2.187893 r
  frfcfs.scheduler_i/n592 (net)                 1     0.001551            0.000000   2.187893 r
  frfcfs.scheduler_i/U179/A (INVX1)                             0.009847  0.000000   2.187893 r
  frfcfs.scheduler_i/U179/Y (INVX1)                             0.019417  0.020975   2.208868 f
  frfcfs.scheduler_i/n13 (net)                  2     0.004774            0.000000   2.208868 f
  frfcfs.scheduler_i/U249/A (NAND3X1)                           0.019417  0.000000   2.208868 f
  frfcfs.scheduler_i/U249/Y (NAND3X1)                           0.035958  0.038486   2.247353 r
  frfcfs.scheduler_i/n639 (net)                 1     0.002010            0.000000   2.247353 r
  frfcfs.scheduler_i/U248/C (OAI21X1)                           0.035958  0.000000   2.247353 r
  frfcfs.scheduler_i/U248/Y (OAI21X1)                           0.008197  0.021209   2.268562 f
  frfcfs.scheduler_i/n635 (net)                 1     0.002658            0.000000   2.268562 f
  frfcfs.scheduler_i/U247/A (AOI22X1)                           0.008197  0.000000   2.268562 f
  frfcfs.scheduler_i/U247/Y (AOI22X1)                           0.047164  0.046874   2.315436 r
  frfcfs.scheduler_i/n634 (net)                 1     0.002386            0.000000   2.315436 r
  frfcfs.scheduler_i/U246/C (AOI21X1)                           0.047164  0.000000   2.315436 r
  frfcfs.scheduler_i/U246/Y (AOI21X1)                           0.016946  0.022713   2.338149 f
  frfcfs.scheduler_i/n632 (net)                 1     0.002312            0.000000   2.338149 f
  frfcfs.scheduler_i/U245/C (AOI21X1)                           0.016946  0.000000   2.338149 f
  frfcfs.scheduler_i/U245/Y (AOI21X1)                           0.029891  0.021876   2.360025 r
  frfcfs.scheduler_i/n629 (net)                 1     0.002832            0.000000   2.360025 r
  frfcfs.scheduler_i/U244/B (OAI21X1)                           0.029891  0.000000   2.360025 r
  frfcfs.scheduler_i/U244/Y (OAI21X1)                           0.004597  0.020433   2.380458 f
  frfcfs.scheduler_i/n627 (net)                 1     0.002566            0.000000   2.380458 f
  frfcfs.scheduler_i/U243/A (AOI21X1)                           0.004597  0.000000   2.380458 f
  frfcfs.scheduler_i/U243/Y (AOI21X1)                           0.029645  0.036445   2.416903 r
  frfcfs.scheduler_i/n625 (net)                 1     0.002832            0.000000   2.416903 r
  frfcfs.scheduler_i/U242/B (OAI21X1)                           0.029645  0.000000   2.416903 r
  frfcfs.scheduler_i/U242/Y (OAI21X1)                           0.004597  0.020379   2.437282 f
  frfcfs.scheduler_i/n622 (net)                 1     0.002566            0.000000   2.437282 f
  frfcfs.scheduler_i/U241/A (AOI21X1)                           0.004597  0.000000   2.437282 f
  frfcfs.scheduler_i/U241/Y (AOI21X1)                           0.029645  0.036445   2.473727 r
  frfcfs.scheduler_i/n620 (net)                 1     0.002832            0.000000   2.473727 r
  frfcfs.scheduler_i/U239/B (OAI21X1)                           0.029645  0.000000   2.473727 r
  frfcfs.scheduler_i/U239/Y (OAI21X1)                           0.014750  0.022643   2.496369 f
  frfcfs.scheduler_i/n1257 (net)                1     0.003854            0.000000   2.496369 f
  frfcfs.scheduler_i/U177/A (BUFX4)                             0.014750  0.000000   2.496369 f
  frfcfs.scheduler_i/U177/Y (BUFX4)                             0.007397  0.050256   2.546625 f
  frfcfs.scheduler_i/select_slot[0] (net)       8     0.021115            0.000000   2.546625 f
  frfcfs.scheduler_i/select_slot[0] (mc_scheduler_frfcfs_Q_DEPTH16_ADDR_W16_AGE_LIMIT128_AGING_ENABLE1)
                                                                          0.000000   2.546625 f
  select_slot[0] (net)                                0.021115            0.000000   2.546625 f
  U2565/A (BUFX4)                                               0.007397  0.000000   2.546625 f
  U2565/Y (BUFX4)                                               0.001464  0.047172   2.593796 f
  n916 (net)                                    5     0.017481            0.000000   2.593796 f
  U2563/A (INVX8)                                               0.001464  0.000000   2.593796 f
  U2563/Y (INVX8)                                               0.000000  0.015011   2.608807 r
  n5080 (net)                                  10     0.019096            0.000000   2.608807 r
  U1480/B (AND2X2)                                              0.000000  0.000000   2.608807 r
  U1480/Y (AND2X2)                                              0.038074  0.051357   2.660164 r
  n6139 (net)                                   2     0.015163            0.000000   2.660164 r
  U1167/A (INVX8)                                               0.038074  0.000000   2.660164 r
  U1167/Y (INVX8)                                               0.031733  0.036728   2.696892 f
  n755 (net)                                   33     0.074158            0.000000   2.696892 f
  U2276/B (OR2X1)                                               0.031733  0.000000   2.696892 f
  U2276/Y (OR2X1)                                               0.010731  0.050229   2.747121 f
  n6105 (net)                                   1     0.001924            0.000000   2.747121 f
  U6258/C (OAI21X1)                                             0.010731  0.000000   2.747121 f
  U6258/Y (OAI21X1)                                             0.045148  0.021174   2.768295 r
  n6108 (net)                                   1     0.003021            0.000000   2.768295 r
  U6260/A (NOR3X1)                                              0.045148  0.000000   2.768295 r
  U6260/Y (NOR3X1)                                              0.028011  0.043808   2.812102 f
  n6120 (net)                                   1     0.002569            0.000000   2.812102 f
  U6266/B (MUX2X1)                                              0.028011  0.000000   2.812102 f
  U6266/Y (MUX2X1)                                              0.037404  0.047879   2.859981 r
  n6121 (net)                                   1     0.001551            0.000000   2.859981 r
  U799/A (INVX1)                                                0.037404  0.000000   2.859981 r
  U799/Y (INVX1)                                                0.033156  0.039130   2.899111 f
  cmd_wdata[8] (net)                            1     0.010000            0.000000   2.899111 f
  cmd_wdata[8] (out)                                            0.033156  0.000000   2.899111 f
  data arrival time                                                                  2.899111

  clock core_clk (rise edge)                                              4.000000   4.000000
  clock network delay (ideal)                                             0.000000   4.000000
  clock uncertainty                                                       -0.100000  3.900000
  output external delay                                                   -1.000000  2.900000
  data required time                                                                 2.900000
  ----------------------------------------------------------------------------------------------
  data required time                                                                 2.900000
  data arrival time                                                                  -2.899111
  ----------------------------------------------------------------------------------------------
  slack (MET)                                                                        0.000889


  Startpoint: table_i/addresses_reg[84]
              (rising edge-triggered flip-flop clocked by core_clk)
  Endpoint: cmd_wdata[7]
            (output port clocked by core_clk)
  Path Group: core_clk
  Path Type: max

  Point                                       Fanout       Cap     Trans      Incr       Path
  ----------------------------------------------------------------------------------------------
  clock core_clk (rise edge)                                              0.000000   0.000000
  clock network delay (ideal)                                             0.000000   0.000000
  table_i/addresses_reg[84]/CLK (DFFPOSX1)                      0.000000  0.000000 # 0.000000 r
  table_i/addresses_reg[84]/Q (DFFPOSX1)                        0.058021  0.131637   0.131637 f
  table_i/addresses[84] (net)                   8     0.031155            0.000000   0.131637 f
  table_i/addresses[84] (mc_transaction_table_Q_DEPTH16_ADDR_W16_DATA_W32_TAG_W8_READ_LATENCY3_AGE_LIMIT128)
                                                                          0.000000   0.131637 f
  addresses[84] (net)                                 0.031155            0.000000   0.131637 f
  U2450/A (INVX1)                                               0.058021  0.000000   0.131637 f
  U2450/Y (INVX1)                                               0.000000  0.015769   0.147407 r
  n1090 (net)                                   1     0.001551            0.000000   0.147407 r
  U1924/A (INVX1)                                               0.000000  0.000000   0.147407 r
  U1924/Y (INVX1)                                               0.017355  0.016424   0.163831 f
  n1091 (net)                                   1     0.003854            0.000000   0.163831 f
  U1161/A (BUFX4)                                               0.017355  0.000000   0.163831 f
  U1161/Y (BUFX4)                                               0.030826  0.063272   0.227103 f
  n448 (net)                                   10     0.050554            0.000000   0.227103 f
  U4453/B (XOR2X1)                                              0.030826  0.000000   0.227103 f
  U4453/Y (XOR2X1)                                              0.042323  0.051153   0.278256 r
  n3602 (net)                                   1     0.002283            0.000000   0.278256 r
  U1350/B (OR2X2)                                               0.042323  0.000000   0.278256 r
  U1350/Y (OR2X2)                                               0.010575  0.046293   0.324549 r
  n3604 (net)                                   1     0.001551            0.000000   0.324549 r
  U1351/A (INVX1)                                               0.010575  0.000000   0.324549 r
  U1351/Y (INVX1)                                               0.013561  0.017186   0.341735 f
  n631 (net)                                    1     0.002832            0.000000   0.341735 f
  U4454/C (NAND3X1)                                             0.013561  0.000000   0.341735 f
  U4454/Y (NAND3X1)                                             0.041697  0.034052   0.375787 r
  n3607 (net)                                   1     0.003288            0.000000   0.375787 r
  U4455/C (NOR3X1)                                              0.041697  0.000000   0.375787 r
  U4455/Y (NOR3X1)                                              0.053000  0.046559   0.422346 f
  same_address_91 (net)                         4     0.011326            0.000000   0.422346 f
  candidates_i/same_address[181] (mc_candidates_Q_DEPTH16_ROW_W8_COL_W6)  0.000000   0.422346 f
  candidates_i/same_address[181] (net)                0.011326            0.000000   0.422346 f
  candidates_i/U1793/C (NAND3X1)                                0.053000  0.000000   0.422346 f
  candidates_i/U1793/Y (NAND3X1)                                0.031489  0.039529   0.461875 r
  candidates_i/n2473 (net)                      1     0.001798            0.000000   0.461875 r
  candidates_i/U250/A (AND2X2)                                  0.031489  0.000000   0.461875 r
  candidates_i/U250/Y (AND2X2)                                  0.011373  0.034788   0.496663 r
  candidates_i/n2471 (net)                      1     0.002961            0.000000   0.496663 r
  candidates_i/U1792/C (NAND3X1)                                0.011373  0.000000   0.496663 r
  candidates_i/U1792/Y (NAND3X1)                                0.017970  0.011781   0.508444 f
  candidates_i/n2461 (net)                      1     0.003011            0.000000   0.508444 f
  candidates_i/U1784/A (NOR3X1)                                 0.017970  0.000000   0.508444 f
  candidates_i/U1784/Y (NOR3X1)                                 0.049388  0.048627   0.557072 r
  candidates_i/n2460 (net)                      1     0.002027            0.000000   0.557072 r
  candidates_i/U1783/B (NAND2X1)                                0.049388  0.000000   0.557072 r
  candidates_i/U1783/Y (NAND2X1)                                0.022283  0.026500   0.583572 f
  candidates_i/n1776 (net)                      2     0.003685            0.000000   0.583572 f
  candidates_i/U3210/A (INVX1)                                  0.022283  0.000000   0.583572 f
  candidates_i/U3210/Y (INVX1)                                  0.000000  0.011533   0.595105 r
  candidates_i/eligible[5] (net)                2     0.004161            0.000000   0.595105 r
  candidates_i/U3149/B (AND2X2)                                 0.000000  0.000000   0.595105 r
  candidates_i/U3149/Y (AND2X2)                                 0.028421  0.044977   0.640082 r
  candidates_i/n1482 (net)                      4     0.011017            0.000000   0.640082 r
  candidates_i/U1152/A (NAND3X1)                                0.028421  0.000000   0.640082 r
  candidates_i/U1152/Y (NAND3X1)                                0.014881  0.019599   0.659681 f
  candidates_i/n1775 (net)                      1     0.001820            0.000000   0.659681 f
  candidates_i/U160/B (AND2X2)                                  0.014881  0.000000   0.659681 f
  candidates_i/U160/Y (AND2X2)                                  0.000000  0.038994   0.698674 f
  candidates_i/n1773 (net)                      1     0.002832            0.000000   0.698674 f
  candidates_i/U1151/C (NAND3X1)                                0.000000  0.000000   0.698674 f
  candidates_i/U1151/Y (NAND3X1)                                0.040671  0.029765   0.728440 r
  candidates_i/n1760 (net)                      1     0.003021            0.000000   0.728440 r
  candidates_i/U1144/A (NOR3X1)                                 0.040671  0.000000   0.728440 r
  candidates_i/U1144/Y (NOR3X1)                                 0.025619  0.040992   0.769432 f
  candidates_i/n1759 (net)                      1     0.001820            0.000000   0.769432 f
  candidates_i/U3157/B (AND2X2)                                 0.025619  0.000000   0.769432 f
  candidates_i/U3157/Y (AND2X2)                                 0.012811  0.049702   0.819134 f
  candidates_i/n903 (net)                       1     0.010104            0.000000   0.819134 f
  candidates_i/U3148/A (INVX8)                                  0.012811  0.000000   0.819134 f
  candidates_i/U3148/Y (INVX8)                                  0.012845  0.023070   0.842203 r
  candidates_i/n1722 (net)                     16     0.033385            0.000000   0.842203 r
  candidates_i/U331/B (AND2X1)                                  0.012845  0.000000   0.842203 r
  candidates_i/U331/Y (AND2X1)                                  0.029640  0.040397   0.882600 r
  candidates_i/n1741 (net)                      1     0.001551            0.000000   0.882600 r
  candidates_i/U3013/A (INVX1)                                  0.029640  0.000000   0.882600 r
  candidates_i/U3013/Y (INVX1)                                  0.011532  0.021869   0.904469 f
  candidates_i/n783 (net)                       1     0.002600            0.000000   0.904469 f
  candidates_i/U1115/B (NAND3X1)                                0.011532  0.000000   0.904469 f
  candidates_i/U1115/Y (NAND3X1)                                0.033886  0.030522   0.934991 r
  candidates_i/n1517 (net)                      1     0.001539            0.000000   0.934991 r
  candidates_i/U330/A (BUFX2)                                   0.033886  0.000000   0.934991 r
  candidates_i/U330/Y (BUFX2)                                   0.039690  0.054946   0.989937 r
  candidates_i/n782 (net)                       3     0.015301            0.000000   0.989937 r
  candidates_i/U44/A (INVX8)                                    0.039690  0.000000   0.989937 r
  candidates_i/U44/Y (INVX8)                                    0.022802  0.028622   1.018559 f
  candidates_i/n3303 (net)                     14     0.037191            0.000000   1.018559 f
  candidates_i/U961/A (AOI22X1)                                 0.022802  0.000000   1.018559 f
  candidates_i/U961/Y (AOI22X1)                                 0.044054  0.049140   1.067700 r
  candidates_i/n1575 (net)                      1     0.001798            0.000000   1.067700 r
  candidates_i/U130/A (AND2X2)                                  0.044054  0.000000   1.067700 r
  candidates_i/U130/Y (AND2X2)                                  0.011031  0.035332   1.103032 r
  candidates_i/n1574 (net)                      1     0.002961            0.000000   1.103032 r
  candidates_i/U959/C (NAND3X1)                                 0.011031  0.000000   1.103032 r
  candidates_i/U959/Y (NAND3X1)                                 0.015945  0.010514   1.113546 f
  candidates_i/n1565 (net)                      1     0.002301            0.000000   1.113546 f
  candidates_i/U2233/A (OR2X2)                                  0.015945  0.000000   1.113546 f
  candidates_i/U2233/Y (OR2X2)                                  0.006920  0.039424   1.152970 f
  candidates_i/n1172 (net)                      2     0.002952            0.000000   1.152970 f
  candidates_i/U2235/A (INVX1)                                  0.006920  0.000000   1.152970 f
  candidates_i/U2235/Y (INVX1)                                  0.000000  0.001484   1.154454 r
  candidates_i/n112 (net)                       1     0.002741            0.000000   1.154454 r
  candidates_i/U941/A (AOI21X1)                                 0.000000  0.000000   1.154454 r
  candidates_i/U941/Y (AOI21X1)                                 0.013866  0.011884   1.166339 f
  candidates_i/n1177 (net)                      1     0.001476            0.000000   1.166339 f
  candidates_i/U2274/A (INVX1)                                  0.013866  0.000000   1.166339 f
  candidates_i/U2274/Y (INVX1)                                  0.000000  0.003669   1.170008 r
  candidates_i/n140 (net)                       1     0.002655            0.000000   1.170008 r
  candidates_i/U10/A (INVX2)                                    0.000000  0.000000   1.170008 r
  candidates_i/U10/Y (INVX2)                                    0.004253  0.026199   1.196207 f
  candidates_i/n141 (net)                       3     0.007766            0.000000   1.196207 f
  candidates_i/U940/C (NAND3X1)                                 0.004253  0.000000   1.196207 f
  candidates_i/U940/Y (NAND3X1)                                 0.033894  0.026307   1.222514 r
  candidates_i/n1217 (net)                      1     0.001539            0.000000   1.222514 r
  candidates_i/U2154/A (BUFX2)                                  0.033894  0.000000   1.222514 r
  candidates_i/U2154/Y (BUFX2)                                  0.015270  0.038802   1.261316 r
  candidates_i/n60 (net)                        2     0.004839            0.000000   1.261316 r
  candidates_i/U939/C (NOR3X1)                                  0.015270  0.000000   1.261316 r
  candidates_i/U939/Y (NOR3X1)                                  0.043138  0.032887   1.294203 f
  candidates_i/n1074 (net)                      3     0.008090            0.000000   1.294203 f
  candidates_i/U938/C (NAND3X1)                                 0.043138  0.000000   1.294203 f
  candidates_i/U938/Y (NAND3X1)                                 0.033951  0.036253   1.330456 r
  candidates_i/n1547 (net)                      1     0.001551            0.000000   1.330456 r
  candidates_i/U3285/A (INVX1)                                  0.033951  0.000000   1.330456 r
  candidates_i/U3285/Y (INVX1)                                  0.027670  0.034284   1.364740 f
  candidates_i/n3290 (net)                      3     0.008090            0.000000   1.364740 f
  candidates_i/U937/C (NAND3X1)                                 0.027670  0.000000   1.364740 f
  candidates_i/U937/Y (NAND3X1)                                 0.033951  0.032311   1.397051 r
  candidates_i/n1545 (net)                      1     0.001551            0.000000   1.397051 r
  candidates_i/U3284/A (INVX1)                                  0.033951  0.000000   1.397051 r
  candidates_i/U3284/Y (INVX1)                                  0.027670  0.034284   1.431335 f
  candidates_i/n3289 (net)                      3     0.008090            0.000000   1.431335 f
  candidates_i/U936/C (NAND3X1)                                 0.027670  0.000000   1.431335 f
  candidates_i/U936/Y (NAND3X1)                                 0.033951  0.032311   1.463647 r
  candidates_i/n1543 (net)                      1     0.001551            0.000000   1.463647 r
  candidates_i/U3283/A (INVX1)                                  0.033951  0.000000   1.463647 r
  candidates_i/U3283/Y (INVX1)                                  0.027670  0.034284   1.497931 f
  candidates_i/n3288 (net)                      3     0.008090            0.000000   1.497931 f
  candidates_i/U935/C (NAND3X1)                                 0.027670  0.000000   1.497931 f
  candidates_i/U935/Y (NAND3X1)                                 0.033951  0.032311   1.530242 r
  candidates_i/n1541 (net)                      1     0.001551            0.000000   1.530242 r
  candidates_i/U3286/A (INVX1)                                  0.033951  0.000000   1.530242 r
  candidates_i/U3286/Y (INVX1)                                  0.018018  0.027680   1.557923 f
  candidates_i/n3287 (net)                      2     0.004867            0.000000   1.557923 f
  candidates_i/U933/A (NAND3X1)                                 0.018018  0.000000   1.557923 f
  candidates_i/U933/Y (NAND3X1)                                 0.034058  0.039145   1.597068 r
  candidates_i/n1539 (net)                      1     0.002365            0.000000   1.597068 r
  candidates_i/U932/B (NOR2X1)                                  0.034058  0.000000   1.597068 r
  candidates_i/U932/Y (NOR2X1)                                  0.003987  0.019484   1.616552 f
  candidates_i/n1224 (net)                      1     0.002658            0.000000   1.616552 f
  candidates_i/U653/A (AOI22X1)                                 0.003987  0.000000   1.616552 f
  candidates_i/U653/Y (AOI22X1)                                 0.045864  0.044703   1.661255 r
  candidates_i/n1223 (net)                      1     0.002027            0.000000   1.661255 r
  candidates_i/U652/B (NAND2X1)                                 0.045864  0.000000   1.661255 r
  candidates_i/U652/Y (NAND2X1)                                 0.019027  0.023156   1.684411 f
  candidates_i/candidate_mask[0] (net)          1     0.002209            0.000000   1.684411 f
  candidates_i/candidate_mask[0] (mc_candidates_Q_DEPTH16_ROW_W8_COL_W6)  0.000000   1.684411 f
  candidate_mask[0] (net)                             0.002209            0.000000   1.684411 f
  frfcfs.scheduler_i/candidate_mask[0] (mc_scheduler_frfcfs_Q_DEPTH16_ADDR_W16_AGE_LIMIT128_AGING_ENABLE1)
                                                                          0.000000   1.684411 f
  frfcfs.scheduler_i/candidate_mask[0] (net)          0.002209            0.000000   1.684411 f
  frfcfs.scheduler_i/U514/A (NAND3X1)                           0.019027  0.000000   1.684411 f
  frfcfs.scheduler_i/U514/Y (NAND3X1)                           0.044845  0.044318   1.728729 r
  frfcfs.scheduler_i/n882 (net)                 2     0.003937            0.000000   1.728729 r
  frfcfs.scheduler_i/U1126/A (INVX1)                            0.044845  0.000000   1.728729 r
  frfcfs.scheduler_i/U1126/Y (INVX1)                            0.010641  0.026103   1.754832 f
  frfcfs.scheduler_i/n264 (net)                 1     0.002658            0.000000   1.754832 f
  frfcfs.scheduler_i/U507/A (AOI22X1)                           0.010641  0.000000   1.754832 f
  frfcfs.scheduler_i/U507/Y (AOI22X1)                           0.044905  0.046052   1.800884 r
  frfcfs.scheduler_i/n932 (net)                 1     0.001869            0.000000   1.800884 r
  frfcfs.scheduler_i/U58/B (AND2X2)                             0.044905  0.000000   1.800884 r
  frfcfs.scheduler_i/U58/Y (AND2X2)                             0.012074  0.034749   1.835632 r
  frfcfs.scheduler_i/n930 (net)                 1     0.002961            0.000000   1.835632 r
  frfcfs.scheduler_i/U506/C (NAND3X1)                           0.012074  0.000000   1.835632 r
  frfcfs.scheduler_i/U506/Y (NAND3X1)                           0.015893  0.010758   1.846390 f
  frfcfs.scheduler_i/n889 (net)                 1     0.002301            0.000000   1.846390 f
  frfcfs.scheduler_i/U56/A (OR2X2)                              0.015893  0.000000   1.846390 f
  frfcfs.scheduler_i/U56/Y (OR2X2)                              0.013803  0.044609   1.890999 f
  frfcfs.scheduler_i/n850 (net)                 2     0.007708            0.000000   1.890999 f
  frfcfs.scheduler_i/U9/A (BUFX4)                               0.013803  0.000000   1.890999 f
  frfcfs.scheduler_i/U9/Y (BUFX4)                               0.006548  0.049802   1.940801 f
  frfcfs.scheduler_i/n207 (net)                 8     0.020525            0.000000   1.940801 f
  frfcfs.scheduler_i/U452/A (AOI21X1)                           0.006548  0.000000   1.940801 f
  frfcfs.scheduler_i/U452/Y (AOI21X1)                           0.023522  0.032801   1.973603 r
  frfcfs.scheduler_i/n616 (net)                 1     0.001551            0.000000   1.973603 r
  frfcfs.scheduler_i/U142/A (INVX1)                             0.023522  0.000000   1.973603 r
  frfcfs.scheduler_i/U142/Y (INVX1)                             0.008599  0.017910   1.991512 f
  frfcfs.scheduler_i/n171 (net)                 1     0.001476            0.000000   1.991512 f
  frfcfs.scheduler_i/U26/A (INVX1)                              0.008599  0.000000   1.991512 f
  frfcfs.scheduler_i/U26/Y (INVX1)                              0.000000  0.001800   1.993313 r
  frfcfs.scheduler_i/n1 (net)                   1     0.002655            0.000000   1.993313 r
  frfcfs.scheduler_i/U27/A (INVX2)                              0.000000  0.000000   1.993313 r
  frfcfs.scheduler_i/U27/Y (INVX2)                              0.008913  0.029120   2.022433 f
  frfcfs.scheduler_i/n2 (net)                   2     0.012416            0.000000   2.022433 f
  frfcfs.scheduler_i/U218/A (INVX8)                             0.008913  0.000000   2.022433 f
  frfcfs.scheduler_i/U218/Y (INVX8)                             0.016758  0.025086   2.047519 r
  frfcfs.scheduler_i/n172 (net)                15     0.042418            0.000000   2.047519 r
  frfcfs.scheduler_i/U258/A (AOI22X1)                           0.016758  0.000000   2.047519 r
  frfcfs.scheduler_i/U258/Y (AOI22X1)                           0.034094  0.033363   2.080882 f
  frfcfs.scheduler_i/n651 (net)                 1     0.001763            0.000000   2.080882 f
  frfcfs.scheduler_i/U10/A (AND2X2)                             0.034094  0.000000   2.080882 f
  frfcfs.scheduler_i/U10/Y (AND2X2)                             0.003837  0.039696   2.120578 f
  frfcfs.scheduler_i/n650 (net)                 1     0.002832            0.000000   2.120578 f
  frfcfs.scheduler_i/U256/C (NAND3X1)                           0.003837  0.000000   2.120578 f
  frfcfs.scheduler_i/U256/Y (NAND3X1)                           0.036639  0.028510   2.149087 r
  frfcfs.scheduler_i/n641 (net)                 1     0.002292            0.000000   2.149087 r
  frfcfs.scheduler_i/U178/A (OR2X2)                             0.036639  0.000000   2.149087 r
  frfcfs.scheduler_i/U178/Y (OR2X2)                             0.009847  0.038805   2.187893 r
  frfcfs.scheduler_i/n592 (net)                 1     0.001551            0.000000   2.187893 r
  frfcfs.scheduler_i/U179/A (INVX1)                             0.009847  0.000000   2.187893 r
  frfcfs.scheduler_i/U179/Y (INVX1)                             0.019417  0.020975   2.208868 f
  frfcfs.scheduler_i/n13 (net)                  2     0.004774            0.000000   2.208868 f
  frfcfs.scheduler_i/U249/A (NAND3X1)                           0.019417  0.000000   2.208868 f
  frfcfs.scheduler_i/U249/Y (NAND3X1)                           0.035958  0.038486   2.247353 r
  frfcfs.scheduler_i/n639 (net)                 1     0.002010            0.000000   2.247353 r
  frfcfs.scheduler_i/U248/C (OAI21X1)                           0.035958  0.000000   2.247353 r
  frfcfs.scheduler_i/U248/Y (OAI21X1)                           0.008197  0.021209   2.268562 f
  frfcfs.scheduler_i/n635 (net)                 1     0.002658            0.000000   2.268562 f
  frfcfs.scheduler_i/U247/A (AOI22X1)                           0.008197  0.000000   2.268562 f
  frfcfs.scheduler_i/U247/Y (AOI22X1)                           0.047164  0.046874   2.315436 r
  frfcfs.scheduler_i/n634 (net)                 1     0.002386            0.000000   2.315436 r
  frfcfs.scheduler_i/U246/C (AOI21X1)                           0.047164  0.000000   2.315436 r
  frfcfs.scheduler_i/U246/Y (AOI21X1)                           0.016946  0.022713   2.338149 f
  frfcfs.scheduler_i/n632 (net)                 1     0.002312            0.000000   2.338149 f
  frfcfs.scheduler_i/U245/C (AOI21X1)                           0.016946  0.000000   2.338149 f
  frfcfs.scheduler_i/U245/Y (AOI21X1)                           0.029891  0.021876   2.360025 r
  frfcfs.scheduler_i/n629 (net)                 1     0.002832            0.000000   2.360025 r
  frfcfs.scheduler_i/U244/B (OAI21X1)                           0.029891  0.000000   2.360025 r
  frfcfs.scheduler_i/U244/Y (OAI21X1)                           0.004597  0.020433   2.380458 f
  frfcfs.scheduler_i/n627 (net)                 1     0.002566            0.000000   2.380458 f
  frfcfs.scheduler_i/U243/A (AOI21X1)                           0.004597  0.000000   2.380458 f
  frfcfs.scheduler_i/U243/Y (AOI21X1)                           0.029645  0.036445   2.416903 r
  frfcfs.scheduler_i/n625 (net)                 1     0.002832            0.000000   2.416903 r
  frfcfs.scheduler_i/U242/B (OAI21X1)                           0.029645  0.000000   2.416903 r
  frfcfs.scheduler_i/U242/Y (OAI21X1)                           0.004597  0.020379   2.437282 f
  frfcfs.scheduler_i/n622 (net)                 1     0.002566            0.000000   2.437282 f
  frfcfs.scheduler_i/U241/A (AOI21X1)                           0.004597  0.000000   2.437282 f
  frfcfs.scheduler_i/U241/Y (AOI21X1)                           0.029645  0.036445   2.473727 r
  frfcfs.scheduler_i/n620 (net)                 1     0.002832            0.000000   2.473727 r
  frfcfs.scheduler_i/U239/B (OAI21X1)                           0.029645  0.000000   2.473727 r
  frfcfs.scheduler_i/U239/Y (OAI21X1)                           0.014750  0.022643   2.496369 f
  frfcfs.scheduler_i/n1257 (net)                1     0.003854            0.000000   2.496369 f
  frfcfs.scheduler_i/U177/A (BUFX4)                             0.014750  0.000000   2.496369 f
  frfcfs.scheduler_i/U177/Y (BUFX4)                             0.007397  0.050256   2.546625 f
  frfcfs.scheduler_i/select_slot[0] (net)       8     0.021115            0.000000   2.546625 f
  frfcfs.scheduler_i/select_slot[0] (mc_scheduler_frfcfs_Q_DEPTH16_ADDR_W16_AGE_LIMIT128_AGING_ENABLE1)
                                                                          0.000000   2.546625 f
  select_slot[0] (net)                                0.021115            0.000000   2.546625 f
  U2565/A (BUFX4)                                               0.007397  0.000000   2.546625 f
  U2565/Y (BUFX4)                                               0.001464  0.047172   2.593796 f
  n916 (net)                                    5     0.017481            0.000000   2.593796 f
  U2563/A (INVX8)                                               0.001464  0.000000   2.593796 f
  U2563/Y (INVX8)                                               0.000000  0.015011   2.608807 r
  n5080 (net)                                  10     0.019096            0.000000   2.608807 r
  U1480/B (AND2X2)                                              0.000000  0.000000   2.608807 r
  U1480/Y (AND2X2)                                              0.038074  0.051357   2.660164 r
  n6139 (net)                                   2     0.015163            0.000000   2.660164 r
  U1167/A (INVX8)                                               0.038074  0.000000   2.660164 r
  U1167/Y (INVX8)                                               0.031733  0.036728   2.696892 f
  n755 (net)                                   33     0.074158            0.000000   2.696892 f
  U2275/B (OR2X1)                                               0.031733  0.000000   2.696892 f
  U2275/Y (OR2X1)                                               0.010731  0.050229   2.747121 f
  n6084 (net)                                   1     0.001924            0.000000   2.747121 f
  U6247/C (OAI21X1)                                             0.010731  0.000000   2.747121 f
  U6247/Y (OAI21X1)                                             0.045148  0.021174   2.768295 r
  n6087 (net)                                   1     0.003021            0.000000   2.768295 r
  U6249/A (NOR3X1)                                              0.045148  0.000000   2.768295 r
  U6249/Y (NOR3X1)                                              0.028011  0.043808   2.812102 f
  n6099 (net)                                   1     0.002569            0.000000   2.812102 f
  U6255/B (MUX2X1)                                              0.028011  0.000000   2.812102 f
  U6255/Y (MUX2X1)                                              0.037404  0.047879   2.859981 r
  n6100 (net)                                   1     0.001551            0.000000   2.859981 r
  U798/A (INVX1)                                                0.037404  0.000000   2.859981 r
  U798/Y (INVX1)                                                0.033156  0.039130   2.899111 f
  cmd_wdata[7] (net)                            1     0.010000            0.000000   2.899111 f
  cmd_wdata[7] (out)                                            0.033156  0.000000   2.899111 f
  data arrival time                                                                  2.899111

  clock core_clk (rise edge)                                              4.000000   4.000000
  clock network delay (ideal)                                             0.000000   4.000000
  clock uncertainty                                                       -0.100000  3.900000
  output external delay                                                   -1.000000  2.900000
  data required time                                                                 2.900000
  ----------------------------------------------------------------------------------------------
  data required time                                                                 2.900000
  data arrival time                                                                  -2.899111
  ----------------------------------------------------------------------------------------------
  slack (MET)                                                                        0.000889


  Startpoint: table_i/addresses_reg[84]
              (rising edge-triggered flip-flop clocked by core_clk)
  Endpoint: cmd_wdata[5]
            (output port clocked by core_clk)
  Path Group: core_clk
  Path Type: max

  Point                                       Fanout       Cap     Trans      Incr       Path
  ----------------------------------------------------------------------------------------------
  clock core_clk (rise edge)                                              0.000000   0.000000
  clock network delay (ideal)                                             0.000000   0.000000
  table_i/addresses_reg[84]/CLK (DFFPOSX1)                      0.000000  0.000000 # 0.000000 r
  table_i/addresses_reg[84]/Q (DFFPOSX1)                        0.058021  0.131637   0.131637 f
  table_i/addresses[84] (net)                   8     0.031155            0.000000   0.131637 f
  table_i/addresses[84] (mc_transaction_table_Q_DEPTH16_ADDR_W16_DATA_W32_TAG_W8_READ_LATENCY3_AGE_LIMIT128)
                                                                          0.000000   0.131637 f
  addresses[84] (net)                                 0.031155            0.000000   0.131637 f
  U2450/A (INVX1)                                               0.058021  0.000000   0.131637 f
  U2450/Y (INVX1)                                               0.000000  0.015769   0.147407 r
  n1090 (net)                                   1     0.001551            0.000000   0.147407 r
  U1924/A (INVX1)                                               0.000000  0.000000   0.147407 r
  U1924/Y (INVX1)                                               0.017355  0.016424   0.163831 f
  n1091 (net)                                   1     0.003854            0.000000   0.163831 f
  U1161/A (BUFX4)                                               0.017355  0.000000   0.163831 f
  U1161/Y (BUFX4)                                               0.030826  0.063272   0.227103 f
  n448 (net)                                   10     0.050554            0.000000   0.227103 f
  U4453/B (XOR2X1)                                              0.030826  0.000000   0.227103 f
  U4453/Y (XOR2X1)                                              0.042323  0.051153   0.278256 r
  n3602 (net)                                   1     0.002283            0.000000   0.278256 r
  U1350/B (OR2X2)                                               0.042323  0.000000   0.278256 r
  U1350/Y (OR2X2)                                               0.010575  0.046293   0.324549 r
  n3604 (net)                                   1     0.001551            0.000000   0.324549 r
  U1351/A (INVX1)                                               0.010575  0.000000   0.324549 r
  U1351/Y (INVX1)                                               0.013561  0.017186   0.341735 f
  n631 (net)                                    1     0.002832            0.000000   0.341735 f
  U4454/C (NAND3X1)                                             0.013561  0.000000   0.341735 f
  U4454/Y (NAND3X1)                                             0.041697  0.034052   0.375787 r
  n3607 (net)                                   1     0.003288            0.000000   0.375787 r
  U4455/C (NOR3X1)                                              0.041697  0.000000   0.375787 r
  U4455/Y (NOR3X1)                                              0.053000  0.046559   0.422346 f
  same_address_91 (net)                         4     0.011326            0.000000   0.422346 f
  candidates_i/same_address[181] (mc_candidates_Q_DEPTH16_ROW_W8_COL_W6)  0.000000   0.422346 f
  candidates_i/same_address[181] (net)                0.011326            0.000000   0.422346 f
  candidates_i/U1793/C (NAND3X1)                                0.053000  0.000000   0.422346 f
  candidates_i/U1793/Y (NAND3X1)                                0.031489  0.039529   0.461875 r
  candidates_i/n2473 (net)                      1     0.001798            0.000000   0.461875 r
  candidates_i/U250/A (AND2X2)                                  0.031489  0.000000   0.461875 r
  candidates_i/U250/Y (AND2X2)                                  0.011373  0.034788   0.496663 r
  candidates_i/n2471 (net)                      1     0.002961            0.000000   0.496663 r
  candidates_i/U1792/C (NAND3X1)                                0.011373  0.000000   0.496663 r
  candidates_i/U1792/Y (NAND3X1)                                0.017970  0.011781   0.508444 f
  candidates_i/n2461 (net)                      1     0.003011            0.000000   0.508444 f
  candidates_i/U1784/A (NOR3X1)                                 0.017970  0.000000   0.508444 f
  candidates_i/U1784/Y (NOR3X1)                                 0.049388  0.048627   0.557072 r
  candidates_i/n2460 (net)                      1     0.002027            0.000000   0.557072 r
  candidates_i/U1783/B (NAND2X1)                                0.049388  0.000000   0.557072 r
  candidates_i/U1783/Y (NAND2X1)                                0.022283  0.026500   0.583572 f
  candidates_i/n1776 (net)                      2     0.003685            0.000000   0.583572 f
  candidates_i/U3210/A (INVX1)                                  0.022283  0.000000   0.583572 f
  candidates_i/U3210/Y (INVX1)                                  0.000000  0.011533   0.595105 r
  candidates_i/eligible[5] (net)                2     0.004161            0.000000   0.595105 r
  candidates_i/U3149/B (AND2X2)                                 0.000000  0.000000   0.595105 r
  candidates_i/U3149/Y (AND2X2)                                 0.028421  0.044977   0.640082 r
  candidates_i/n1482 (net)                      4     0.011017            0.000000   0.640082 r
  candidates_i/U1152/A (NAND3X1)                                0.028421  0.000000   0.640082 r
  candidates_i/U1152/Y (NAND3X1)                                0.014881  0.019599   0.659681 f
  candidates_i/n1775 (net)                      1     0.001820            0.000000   0.659681 f
  candidates_i/U160/B (AND2X2)                                  0.014881  0.000000   0.659681 f
  candidates_i/U160/Y (AND2X2)                                  0.000000  0.038994   0.698674 f
  candidates_i/n1773 (net)                      1     0.002832            0.000000   0.698674 f
  candidates_i/U1151/C (NAND3X1)                                0.000000  0.000000   0.698674 f
  candidates_i/U1151/Y (NAND3X1)                                0.040671  0.029765   0.728440 r
  candidates_i/n1760 (net)                      1     0.003021            0.000000   0.728440 r
  candidates_i/U1144/A (NOR3X1)                                 0.040671  0.000000   0.728440 r
  candidates_i/U1144/Y (NOR3X1)                                 0.025619  0.040992   0.769432 f
  candidates_i/n1759 (net)                      1     0.001820            0.000000   0.769432 f
  candidates_i/U3157/B (AND2X2)                                 0.025619  0.000000   0.769432 f
  candidates_i/U3157/Y (AND2X2)                                 0.012811  0.049702   0.819134 f
  candidates_i/n903 (net)                       1     0.010104            0.000000   0.819134 f
  candidates_i/U3148/A (INVX8)                                  0.012811  0.000000   0.819134 f
  candidates_i/U3148/Y (INVX8)                                  0.012845  0.023070   0.842203 r
  candidates_i/n1722 (net)                     16     0.033385            0.000000   0.842203 r
  candidates_i/U331/B (AND2X1)                                  0.012845  0.000000   0.842203 r
  candidates_i/U331/Y (AND2X1)                                  0.029640  0.040397   0.882600 r
  candidates_i/n1741 (net)                      1     0.001551            0.000000   0.882600 r
  candidates_i/U3013/A (INVX1)                                  0.029640  0.000000   0.882600 r
  candidates_i/U3013/Y (INVX1)                                  0.011532  0.021869   0.904469 f
  candidates_i/n783 (net)                       1     0.002600            0.000000   0.904469 f
  candidates_i/U1115/B (NAND3X1)                                0.011532  0.000000   0.904469 f
  candidates_i/U1115/Y (NAND3X1)                                0.033886  0.030522   0.934991 r
  candidates_i/n1517 (net)                      1     0.001539            0.000000   0.934991 r
  candidates_i/U330/A (BUFX2)                                   0.033886  0.000000   0.934991 r
  candidates_i/U330/Y (BUFX2)                                   0.039690  0.054946   0.989937 r
  candidates_i/n782 (net)                       3     0.015301            0.000000   0.989937 r
  candidates_i/U44/A (INVX8)                                    0.039690  0.000000   0.989937 r
  candidates_i/U44/Y (INVX8)                                    0.022802  0.028622   1.018559 f
  candidates_i/n3303 (net)                     14     0.037191            0.000000   1.018559 f
  candidates_i/U961/A (AOI22X1)                                 0.022802  0.000000   1.018559 f
  candidates_i/U961/Y (AOI22X1)                                 0.044054  0.049140   1.067700 r
  candidates_i/n1575 (net)                      1     0.001798            0.000000   1.067700 r
  candidates_i/U130/A (AND2X2)                                  0.044054  0.000000   1.067700 r
  candidates_i/U130/Y (AND2X2)                                  0.011031  0.035332   1.103032 r
  candidates_i/n1574 (net)                      1     0.002961            0.000000   1.103032 r
  candidates_i/U959/C (NAND3X1)                                 0.011031  0.000000   1.103032 r
  candidates_i/U959/Y (NAND3X1)                                 0.015945  0.010514   1.113546 f
  candidates_i/n1565 (net)                      1     0.002301            0.000000   1.113546 f
  candidates_i/U2233/A (OR2X2)                                  0.015945  0.000000   1.113546 f
  candidates_i/U2233/Y (OR2X2)                                  0.006920  0.039424   1.152970 f
  candidates_i/n1172 (net)                      2     0.002952            0.000000   1.152970 f
  candidates_i/U2235/A (INVX1)                                  0.006920  0.000000   1.152970 f
  candidates_i/U2235/Y (INVX1)                                  0.000000  0.001484   1.154454 r
  candidates_i/n112 (net)                       1     0.002741            0.000000   1.154454 r
  candidates_i/U941/A (AOI21X1)                                 0.000000  0.000000   1.154454 r
  candidates_i/U941/Y (AOI21X1)                                 0.013866  0.011884   1.166339 f
  candidates_i/n1177 (net)                      1     0.001476            0.000000   1.166339 f
  candidates_i/U2274/A (INVX1)                                  0.013866  0.000000   1.166339 f
  candidates_i/U2274/Y (INVX1)                                  0.000000  0.003669   1.170008 r
  candidates_i/n140 (net)                       1     0.002655            0.000000   1.170008 r
  candidates_i/U10/A (INVX2)                                    0.000000  0.000000   1.170008 r
  candidates_i/U10/Y (INVX2)                                    0.004253  0.026199   1.196207 f
  candidates_i/n141 (net)                       3     0.007766            0.000000   1.196207 f
  candidates_i/U940/C (NAND3X1)                                 0.004253  0.000000   1.196207 f
  candidates_i/U940/Y (NAND3X1)                                 0.033894  0.026307   1.222514 r
  candidates_i/n1217 (net)                      1     0.001539            0.000000   1.222514 r
  candidates_i/U2154/A (BUFX2)                                  0.033894  0.000000   1.222514 r
  candidates_i/U2154/Y (BUFX2)                                  0.015270  0.038802   1.261316 r
  candidates_i/n60 (net)                        2     0.004839            0.000000   1.261316 r
  candidates_i/U939/C (NOR3X1)                                  0.015270  0.000000   1.261316 r
  candidates_i/U939/Y (NOR3X1)                                  0.043138  0.032887   1.294203 f
  candidates_i/n1074 (net)                      3     0.008090            0.000000   1.294203 f
  candidates_i/U938/C (NAND3X1)                                 0.043138  0.000000   1.294203 f
  candidates_i/U938/Y (NAND3X1)                                 0.033951  0.036253   1.330456 r
  candidates_i/n1547 (net)                      1     0.001551            0.000000   1.330456 r
  candidates_i/U3285/A (INVX1)                                  0.033951  0.000000   1.330456 r
  candidates_i/U3285/Y (INVX1)                                  0.027670  0.034284   1.364740 f
  candidates_i/n3290 (net)                      3     0.008090            0.000000   1.364740 f
  candidates_i/U937/C (NAND3X1)                                 0.027670  0.000000   1.364740 f
  candidates_i/U937/Y (NAND3X1)                                 0.033951  0.032311   1.397051 r
  candidates_i/n1545 (net)                      1     0.001551            0.000000   1.397051 r
  candidates_i/U3284/A (INVX1)                                  0.033951  0.000000   1.397051 r
  candidates_i/U3284/Y (INVX1)                                  0.027670  0.034284   1.431335 f
  candidates_i/n3289 (net)                      3     0.008090            0.000000   1.431335 f
  candidates_i/U936/C (NAND3X1)                                 0.027670  0.000000   1.431335 f
  candidates_i/U936/Y (NAND3X1)                                 0.033951  0.032311   1.463647 r
  candidates_i/n1543 (net)                      1     0.001551            0.000000   1.463647 r
  candidates_i/U3283/A (INVX1)                                  0.033951  0.000000   1.463647 r
  candidates_i/U3283/Y (INVX1)                                  0.027670  0.034284   1.497931 f
  candidates_i/n3288 (net)                      3     0.008090            0.000000   1.497931 f
  candidates_i/U935/C (NAND3X1)                                 0.027670  0.000000   1.497931 f
  candidates_i/U935/Y (NAND3X1)                                 0.033951  0.032311   1.530242 r
  candidates_i/n1541 (net)                      1     0.001551            0.000000   1.530242 r
  candidates_i/U3286/A (INVX1)                                  0.033951  0.000000   1.530242 r
  candidates_i/U3286/Y (INVX1)                                  0.018018  0.027680   1.557923 f
  candidates_i/n3287 (net)                      2     0.004867            0.000000   1.557923 f
  candidates_i/U933/A (NAND3X1)                                 0.018018  0.000000   1.557923 f
  candidates_i/U933/Y (NAND3X1)                                 0.034058  0.039145   1.597068 r
  candidates_i/n1539 (net)                      1     0.002365            0.000000   1.597068 r
  candidates_i/U932/B (NOR2X1)                                  0.034058  0.000000   1.597068 r
  candidates_i/U932/Y (NOR2X1)                                  0.003987  0.019484   1.616552 f
  candidates_i/n1224 (net)                      1     0.002658            0.000000   1.616552 f
  candidates_i/U653/A (AOI22X1)                                 0.003987  0.000000   1.616552 f
  candidates_i/U653/Y (AOI22X1)                                 0.045864  0.044703   1.661255 r
  candidates_i/n1223 (net)                      1     0.002027            0.000000   1.661255 r
  candidates_i/U652/B (NAND2X1)                                 0.045864  0.000000   1.661255 r
  candidates_i/U652/Y (NAND2X1)                                 0.019027  0.023156   1.684411 f
  candidates_i/candidate_mask[0] (net)          1     0.002209            0.000000   1.684411 f
  candidates_i/candidate_mask[0] (mc_candidates_Q_DEPTH16_ROW_W8_COL_W6)  0.000000   1.684411 f
  candidate_mask[0] (net)                             0.002209            0.000000   1.684411 f
  frfcfs.scheduler_i/candidate_mask[0] (mc_scheduler_frfcfs_Q_DEPTH16_ADDR_W16_AGE_LIMIT128_AGING_ENABLE1)
                                                                          0.000000   1.684411 f
  frfcfs.scheduler_i/candidate_mask[0] (net)          0.002209            0.000000   1.684411 f
  frfcfs.scheduler_i/U514/A (NAND3X1)                           0.019027  0.000000   1.684411 f
  frfcfs.scheduler_i/U514/Y (NAND3X1)                           0.044845  0.044318   1.728729 r
  frfcfs.scheduler_i/n882 (net)                 2     0.003937            0.000000   1.728729 r
  frfcfs.scheduler_i/U1126/A (INVX1)                            0.044845  0.000000   1.728729 r
  frfcfs.scheduler_i/U1126/Y (INVX1)                            0.010641  0.026103   1.754832 f
  frfcfs.scheduler_i/n264 (net)                 1     0.002658            0.000000   1.754832 f
  frfcfs.scheduler_i/U507/A (AOI22X1)                           0.010641  0.000000   1.754832 f
  frfcfs.scheduler_i/U507/Y (AOI22X1)                           0.044905  0.046052   1.800884 r
  frfcfs.scheduler_i/n932 (net)                 1     0.001869            0.000000   1.800884 r
  frfcfs.scheduler_i/U58/B (AND2X2)                             0.044905  0.000000   1.800884 r
  frfcfs.scheduler_i/U58/Y (AND2X2)                             0.012074  0.034749   1.835632 r
  frfcfs.scheduler_i/n930 (net)                 1     0.002961            0.000000   1.835632 r
  frfcfs.scheduler_i/U506/C (NAND3X1)                           0.012074  0.000000   1.835632 r
  frfcfs.scheduler_i/U506/Y (NAND3X1)                           0.015893  0.010758   1.846390 f
  frfcfs.scheduler_i/n889 (net)                 1     0.002301            0.000000   1.846390 f
  frfcfs.scheduler_i/U56/A (OR2X2)                              0.015893  0.000000   1.846390 f
  frfcfs.scheduler_i/U56/Y (OR2X2)                              0.013803  0.044609   1.890999 f
  frfcfs.scheduler_i/n850 (net)                 2     0.007708            0.000000   1.890999 f
  frfcfs.scheduler_i/U9/A (BUFX4)                               0.013803  0.000000   1.890999 f
  frfcfs.scheduler_i/U9/Y (BUFX4)                               0.006548  0.049802   1.940801 f
  frfcfs.scheduler_i/n207 (net)                 8     0.020525            0.000000   1.940801 f
  frfcfs.scheduler_i/U452/A (AOI21X1)                           0.006548  0.000000   1.940801 f
  frfcfs.scheduler_i/U452/Y (AOI21X1)                           0.023522  0.032801   1.973603 r
  frfcfs.scheduler_i/n616 (net)                 1     0.001551            0.000000   1.973603 r
  frfcfs.scheduler_i/U142/A (INVX1)                             0.023522  0.000000   1.973603 r
  frfcfs.scheduler_i/U142/Y (INVX1)                             0.008599  0.017910   1.991512 f
  frfcfs.scheduler_i/n171 (net)                 1     0.001476            0.000000   1.991512 f
  frfcfs.scheduler_i/U26/A (INVX1)                              0.008599  0.000000   1.991512 f
  frfcfs.scheduler_i/U26/Y (INVX1)                              0.000000  0.001800   1.993313 r
  frfcfs.scheduler_i/n1 (net)                   1     0.002655            0.000000   1.993313 r
  frfcfs.scheduler_i/U27/A (INVX2)                              0.000000  0.000000   1.993313 r
  frfcfs.scheduler_i/U27/Y (INVX2)                              0.008913  0.029120   2.022433 f
  frfcfs.scheduler_i/n2 (net)                   2     0.012416            0.000000   2.022433 f
  frfcfs.scheduler_i/U218/A (INVX8)                             0.008913  0.000000   2.022433 f
  frfcfs.scheduler_i/U218/Y (INVX8)                             0.016758  0.025086   2.047519 r
  frfcfs.scheduler_i/n172 (net)                15     0.042418            0.000000   2.047519 r
  frfcfs.scheduler_i/U258/A (AOI22X1)                           0.016758  0.000000   2.047519 r
  frfcfs.scheduler_i/U258/Y (AOI22X1)                           0.034094  0.033363   2.080882 f
  frfcfs.scheduler_i/n651 (net)                 1     0.001763            0.000000   2.080882 f
  frfcfs.scheduler_i/U10/A (AND2X2)                             0.034094  0.000000   2.080882 f
  frfcfs.scheduler_i/U10/Y (AND2X2)                             0.003837  0.039696   2.120578 f
  frfcfs.scheduler_i/n650 (net)                 1     0.002832            0.000000   2.120578 f
  frfcfs.scheduler_i/U256/C (NAND3X1)                           0.003837  0.000000   2.120578 f
  frfcfs.scheduler_i/U256/Y (NAND3X1)                           0.036639  0.028510   2.149087 r
  frfcfs.scheduler_i/n641 (net)                 1     0.002292            0.000000   2.149087 r
  frfcfs.scheduler_i/U178/A (OR2X2)                             0.036639  0.000000   2.149087 r
  frfcfs.scheduler_i/U178/Y (OR2X2)                             0.009847  0.038805   2.187893 r
  frfcfs.scheduler_i/n592 (net)                 1     0.001551            0.000000   2.187893 r
  frfcfs.scheduler_i/U179/A (INVX1)                             0.009847  0.000000   2.187893 r
  frfcfs.scheduler_i/U179/Y (INVX1)                             0.019417  0.020975   2.208868 f
  frfcfs.scheduler_i/n13 (net)                  2     0.004774            0.000000   2.208868 f
  frfcfs.scheduler_i/U249/A (NAND3X1)                           0.019417  0.000000   2.208868 f
  frfcfs.scheduler_i/U249/Y (NAND3X1)                           0.035958  0.038486   2.247353 r
  frfcfs.scheduler_i/n639 (net)                 1     0.002010            0.000000   2.247353 r
  frfcfs.scheduler_i/U248/C (OAI21X1)                           0.035958  0.000000   2.247353 r
  frfcfs.scheduler_i/U248/Y (OAI21X1)                           0.008197  0.021209   2.268562 f
  frfcfs.scheduler_i/n635 (net)                 1     0.002658            0.000000   2.268562 f
  frfcfs.scheduler_i/U247/A (AOI22X1)                           0.008197  0.000000   2.268562 f
  frfcfs.scheduler_i/U247/Y (AOI22X1)                           0.047164  0.046874   2.315436 r
  frfcfs.scheduler_i/n634 (net)                 1     0.002386            0.000000   2.315436 r
  frfcfs.scheduler_i/U246/C (AOI21X1)                           0.047164  0.000000   2.315436 r
  frfcfs.scheduler_i/U246/Y (AOI21X1)                           0.016946  0.022713   2.338149 f
  frfcfs.scheduler_i/n632 (net)                 1     0.002312            0.000000   2.338149 f
  frfcfs.scheduler_i/U245/C (AOI21X1)                           0.016946  0.000000   2.338149 f
  frfcfs.scheduler_i/U245/Y (AOI21X1)                           0.029891  0.021876   2.360025 r
  frfcfs.scheduler_i/n629 (net)                 1     0.002832            0.000000   2.360025 r
  frfcfs.scheduler_i/U244/B (OAI21X1)                           0.029891  0.000000   2.360025 r
  frfcfs.scheduler_i/U244/Y (OAI21X1)                           0.004597  0.020433   2.380458 f
  frfcfs.scheduler_i/n627 (net)                 1     0.002566            0.000000   2.380458 f
  frfcfs.scheduler_i/U243/A (AOI21X1)                           0.004597  0.000000   2.380458 f
  frfcfs.scheduler_i/U243/Y (AOI21X1)                           0.029645  0.036445   2.416903 r
  frfcfs.scheduler_i/n625 (net)                 1     0.002832            0.000000   2.416903 r
  frfcfs.scheduler_i/U242/B (OAI21X1)                           0.029645  0.000000   2.416903 r
  frfcfs.scheduler_i/U242/Y (OAI21X1)                           0.004597  0.020379   2.437282 f
  frfcfs.scheduler_i/n622 (net)                 1     0.002566            0.000000   2.437282 f
  frfcfs.scheduler_i/U241/A (AOI21X1)                           0.004597  0.000000   2.437282 f
  frfcfs.scheduler_i/U241/Y (AOI21X1)                           0.029645  0.036445   2.473727 r
  frfcfs.scheduler_i/n620 (net)                 1     0.002832            0.000000   2.473727 r
  frfcfs.scheduler_i/U239/B (OAI21X1)                           0.029645  0.000000   2.473727 r
  frfcfs.scheduler_i/U239/Y (OAI21X1)                           0.014750  0.022643   2.496369 f
  frfcfs.scheduler_i/n1257 (net)                1     0.003854            0.000000   2.496369 f
  frfcfs.scheduler_i/U177/A (BUFX4)                             0.014750  0.000000   2.496369 f
  frfcfs.scheduler_i/U177/Y (BUFX4)                             0.007397  0.050256   2.546625 f
  frfcfs.scheduler_i/select_slot[0] (net)       8     0.021115            0.000000   2.546625 f
  frfcfs.scheduler_i/select_slot[0] (mc_scheduler_frfcfs_Q_DEPTH16_ADDR_W16_AGE_LIMIT128_AGING_ENABLE1)
                                                                          0.000000   2.546625 f
  select_slot[0] (net)                                0.021115            0.000000   2.546625 f
  U2565/A (BUFX4)                                               0.007397  0.000000   2.546625 f
  U2565/Y (BUFX4)                                               0.001464  0.047172   2.593796 f
  n916 (net)                                    5     0.017481            0.000000   2.593796 f
  U2563/A (INVX8)                                               0.001464  0.000000   2.593796 f
  U2563/Y (INVX8)                                               0.000000  0.015011   2.608807 r
  n5080 (net)                                  10     0.019096            0.000000   2.608807 r
  U1480/B (AND2X2)                                              0.000000  0.000000   2.608807 r
  U1480/Y (AND2X2)                                              0.038074  0.051357   2.660164 r
  n6139 (net)                                   2     0.015163            0.000000   2.660164 r
  U1167/A (INVX8)                                               0.038074  0.000000   2.660164 r
  U1167/Y (INVX8)                                               0.031733  0.036728   2.696892 f
  n755 (net)                                   33     0.074158            0.000000   2.696892 f
  U2273/B (OR2X1)                                               0.031733  0.000000   2.696892 f
  U2273/Y (OR2X1)                                               0.010731  0.050229   2.747121 f
  n6042 (net)                                   1     0.001924            0.000000   2.747121 f
  U6225/C (OAI21X1)                                             0.010731  0.000000   2.747121 f
  U6225/Y (OAI21X1)                                             0.045148  0.021174   2.768295 r
  n6045 (net)                                   1     0.003021            0.000000   2.768295 r
  U6227/A (NOR3X1)                                              0.045148  0.000000   2.768295 r
  U6227/Y (NOR3X1)                                              0.028011  0.043808   2.812102 f
  n6057 (net)                                   1     0.002569            0.000000   2.812102 f
  U6233/B (MUX2X1)                                              0.028011  0.000000   2.812102 f
  U6233/Y (MUX2X1)                                              0.037404  0.047879   2.859981 r
  n6058 (net)                                   1     0.001551            0.000000   2.859981 r
  U797/A (INVX1)                                                0.037404  0.000000   2.859981 r
  U797/Y (INVX1)                                                0.033156  0.039130   2.899111 f
  cmd_wdata[5] (net)                            1     0.010000            0.000000   2.899111 f
  cmd_wdata[5] (out)                                            0.033156  0.000000   2.899111 f
  data arrival time                                                                  2.899111

  clock core_clk (rise edge)                                              4.000000   4.000000
  clock network delay (ideal)                                             0.000000   4.000000
  clock uncertainty                                                       -0.100000  3.900000
  output external delay                                                   -1.000000  2.900000
  data required time                                                                 2.900000
  ----------------------------------------------------------------------------------------------
  data required time                                                                 2.900000
  data arrival time                                                                  -2.899111
  ----------------------------------------------------------------------------------------------
  slack (MET)                                                                        0.000889


  Startpoint: table_i/addresses_reg[84]
              (rising edge-triggered flip-flop clocked by core_clk)
  Endpoint: cmd_wdata[4]
            (output port clocked by core_clk)
  Path Group: core_clk
  Path Type: max

  Point                                       Fanout       Cap     Trans      Incr       Path
  ----------------------------------------------------------------------------------------------
  clock core_clk (rise edge)                                              0.000000   0.000000
  clock network delay (ideal)                                             0.000000   0.000000
  table_i/addresses_reg[84]/CLK (DFFPOSX1)                      0.000000  0.000000 # 0.000000 r
  table_i/addresses_reg[84]/Q (DFFPOSX1)                        0.058021  0.131637   0.131637 f
  table_i/addresses[84] (net)                   8     0.031155            0.000000   0.131637 f
  table_i/addresses[84] (mc_transaction_table_Q_DEPTH16_ADDR_W16_DATA_W32_TAG_W8_READ_LATENCY3_AGE_LIMIT128)
                                                                          0.000000   0.131637 f
  addresses[84] (net)                                 0.031155            0.000000   0.131637 f
  U2450/A (INVX1)                                               0.058021  0.000000   0.131637 f
  U2450/Y (INVX1)                                               0.000000  0.015769   0.147407 r
  n1090 (net)                                   1     0.001551            0.000000   0.147407 r
  U1924/A (INVX1)                                               0.000000  0.000000   0.147407 r
  U1924/Y (INVX1)                                               0.017355  0.016424   0.163831 f
  n1091 (net)                                   1     0.003854            0.000000   0.163831 f
  U1161/A (BUFX4)                                               0.017355  0.000000   0.163831 f
  U1161/Y (BUFX4)                                               0.030826  0.063272   0.227103 f
  n448 (net)                                   10     0.050554            0.000000   0.227103 f
  U4453/B (XOR2X1)                                              0.030826  0.000000   0.227103 f
  U4453/Y (XOR2X1)                                              0.042323  0.051153   0.278256 r
  n3602 (net)                                   1     0.002283            0.000000   0.278256 r
  U1350/B (OR2X2)                                               0.042323  0.000000   0.278256 r
  U1350/Y (OR2X2)                                               0.010575  0.046293   0.324549 r
  n3604 (net)                                   1     0.001551            0.000000   0.324549 r
  U1351/A (INVX1)                                               0.010575  0.000000   0.324549 r
  U1351/Y (INVX1)                                               0.013561  0.017186   0.341735 f
  n631 (net)                                    1     0.002832            0.000000   0.341735 f
  U4454/C (NAND3X1)                                             0.013561  0.000000   0.341735 f
  U4454/Y (NAND3X1)                                             0.041697  0.034052   0.375787 r
  n3607 (net)                                   1     0.003288            0.000000   0.375787 r
  U4455/C (NOR3X1)                                              0.041697  0.000000   0.375787 r
  U4455/Y (NOR3X1)                                              0.053000  0.046559   0.422346 f
  same_address_91 (net)                         4     0.011326            0.000000   0.422346 f
  candidates_i/same_address[181] (mc_candidates_Q_DEPTH16_ROW_W8_COL_W6)  0.000000   0.422346 f
  candidates_i/same_address[181] (net)                0.011326            0.000000   0.422346 f
  candidates_i/U1793/C (NAND3X1)                                0.053000  0.000000   0.422346 f
  candidates_i/U1793/Y (NAND3X1)                                0.031489  0.039529   0.461875 r
  candidates_i/n2473 (net)                      1     0.001798            0.000000   0.461875 r
  candidates_i/U250/A (AND2X2)                                  0.031489  0.000000   0.461875 r
  candidates_i/U250/Y (AND2X2)                                  0.011373  0.034788   0.496663 r
  candidates_i/n2471 (net)                      1     0.002961            0.000000   0.496663 r
  candidates_i/U1792/C (NAND3X1)                                0.011373  0.000000   0.496663 r
  candidates_i/U1792/Y (NAND3X1)                                0.017970  0.011781   0.508444 f
  candidates_i/n2461 (net)                      1     0.003011            0.000000   0.508444 f
  candidates_i/U1784/A (NOR3X1)                                 0.017970  0.000000   0.508444 f
  candidates_i/U1784/Y (NOR3X1)                                 0.049388  0.048627   0.557072 r
  candidates_i/n2460 (net)                      1     0.002027            0.000000   0.557072 r
  candidates_i/U1783/B (NAND2X1)                                0.049388  0.000000   0.557072 r
  candidates_i/U1783/Y (NAND2X1)                                0.022283  0.026500   0.583572 f
  candidates_i/n1776 (net)                      2     0.003685            0.000000   0.583572 f
  candidates_i/U3210/A (INVX1)                                  0.022283  0.000000   0.583572 f
  candidates_i/U3210/Y (INVX1)                                  0.000000  0.011533   0.595105 r
  candidates_i/eligible[5] (net)                2     0.004161            0.000000   0.595105 r
  candidates_i/U3149/B (AND2X2)                                 0.000000  0.000000   0.595105 r
  candidates_i/U3149/Y (AND2X2)                                 0.028421  0.044977   0.640082 r
  candidates_i/n1482 (net)                      4     0.011017            0.000000   0.640082 r
  candidates_i/U1152/A (NAND3X1)                                0.028421  0.000000   0.640082 r
  candidates_i/U1152/Y (NAND3X1)                                0.014881  0.019599   0.659681 f
  candidates_i/n1775 (net)                      1     0.001820            0.000000   0.659681 f
  candidates_i/U160/B (AND2X2)                                  0.014881  0.000000   0.659681 f
  candidates_i/U160/Y (AND2X2)                                  0.000000  0.038994   0.698674 f
  candidates_i/n1773 (net)                      1     0.002832            0.000000   0.698674 f
  candidates_i/U1151/C (NAND3X1)                                0.000000  0.000000   0.698674 f
  candidates_i/U1151/Y (NAND3X1)                                0.040671  0.029765   0.728440 r
  candidates_i/n1760 (net)                      1     0.003021            0.000000   0.728440 r
  candidates_i/U1144/A (NOR3X1)                                 0.040671  0.000000   0.728440 r
  candidates_i/U1144/Y (NOR3X1)                                 0.025619  0.040992   0.769432 f
  candidates_i/n1759 (net)                      1     0.001820            0.000000   0.769432 f
  candidates_i/U3157/B (AND2X2)                                 0.025619  0.000000   0.769432 f
  candidates_i/U3157/Y (AND2X2)                                 0.012811  0.049702   0.819134 f
  candidates_i/n903 (net)                       1     0.010104            0.000000   0.819134 f
  candidates_i/U3148/A (INVX8)                                  0.012811  0.000000   0.819134 f
  candidates_i/U3148/Y (INVX8)                                  0.012845  0.023070   0.842203 r
  candidates_i/n1722 (net)                     16     0.033385            0.000000   0.842203 r
  candidates_i/U331/B (AND2X1)                                  0.012845  0.000000   0.842203 r
  candidates_i/U331/Y (AND2X1)                                  0.029640  0.040397   0.882600 r
  candidates_i/n1741 (net)                      1     0.001551            0.000000   0.882600 r
  candidates_i/U3013/A (INVX1)                                  0.029640  0.000000   0.882600 r
  candidates_i/U3013/Y (INVX1)                                  0.011532  0.021869   0.904469 f
  candidates_i/n783 (net)                       1     0.002600            0.000000   0.904469 f
  candidates_i/U1115/B (NAND3X1)                                0.011532  0.000000   0.904469 f
  candidates_i/U1115/Y (NAND3X1)                                0.033886  0.030522   0.934991 r
  candidates_i/n1517 (net)                      1     0.001539            0.000000   0.934991 r
  candidates_i/U330/A (BUFX2)                                   0.033886  0.000000   0.934991 r
  candidates_i/U330/Y (BUFX2)                                   0.039690  0.054946   0.989937 r
  candidates_i/n782 (net)                       3     0.015301            0.000000   0.989937 r
  candidates_i/U44/A (INVX8)                                    0.039690  0.000000   0.989937 r
  candidates_i/U44/Y (INVX8)                                    0.022802  0.028622   1.018559 f
  candidates_i/n3303 (net)                     14     0.037191            0.000000   1.018559 f
  candidates_i/U961/A (AOI22X1)                                 0.022802  0.000000   1.018559 f
  candidates_i/U961/Y (AOI22X1)                                 0.044054  0.049140   1.067700 r
  candidates_i/n1575 (net)                      1     0.001798            0.000000   1.067700 r
  candidates_i/U130/A (AND2X2)                                  0.044054  0.000000   1.067700 r
  candidates_i/U130/Y (AND2X2)                                  0.011031  0.035332   1.103032 r
  candidates_i/n1574 (net)                      1     0.002961            0.000000   1.103032 r
  candidates_i/U959/C (NAND3X1)                                 0.011031  0.000000   1.103032 r
  candidates_i/U959/Y (NAND3X1)                                 0.015945  0.010514   1.113546 f
  candidates_i/n1565 (net)                      1     0.002301            0.000000   1.113546 f
  candidates_i/U2233/A (OR2X2)                                  0.015945  0.000000   1.113546 f
  candidates_i/U2233/Y (OR2X2)                                  0.006920  0.039424   1.152970 f
  candidates_i/n1172 (net)                      2     0.002952            0.000000   1.152970 f
  candidates_i/U2235/A (INVX1)                                  0.006920  0.000000   1.152970 f
  candidates_i/U2235/Y (INVX1)                                  0.000000  0.001484   1.154454 r
  candidates_i/n112 (net)                       1     0.002741            0.000000   1.154454 r
  candidates_i/U941/A (AOI21X1)                                 0.000000  0.000000   1.154454 r
  candidates_i/U941/Y (AOI21X1)                                 0.013866  0.011884   1.166339 f
  candidates_i/n1177 (net)                      1     0.001476            0.000000   1.166339 f
  candidates_i/U2274/A (INVX1)                                  0.013866  0.000000   1.166339 f
  candidates_i/U2274/Y (INVX1)                                  0.000000  0.003669   1.170008 r
  candidates_i/n140 (net)                       1     0.002655            0.000000   1.170008 r
  candidates_i/U10/A (INVX2)                                    0.000000  0.000000   1.170008 r
  candidates_i/U10/Y (INVX2)                                    0.004253  0.026199   1.196207 f
  candidates_i/n141 (net)                       3     0.007766            0.000000   1.196207 f
  candidates_i/U940/C (NAND3X1)                                 0.004253  0.000000   1.196207 f
  candidates_i/U940/Y (NAND3X1)                                 0.033894  0.026307   1.222514 r
  candidates_i/n1217 (net)                      1     0.001539            0.000000   1.222514 r
  candidates_i/U2154/A (BUFX2)                                  0.033894  0.000000   1.222514 r
  candidates_i/U2154/Y (BUFX2)                                  0.015270  0.038802   1.261316 r
  candidates_i/n60 (net)                        2     0.004839            0.000000   1.261316 r
  candidates_i/U939/C (NOR3X1)                                  0.015270  0.000000   1.261316 r
  candidates_i/U939/Y (NOR3X1)                                  0.043138  0.032887   1.294203 f
  candidates_i/n1074 (net)                      3     0.008090            0.000000   1.294203 f
  candidates_i/U938/C (NAND3X1)                                 0.043138  0.000000   1.294203 f
  candidates_i/U938/Y (NAND3X1)                                 0.033951  0.036253   1.330456 r
  candidates_i/n1547 (net)                      1     0.001551            0.000000   1.330456 r
  candidates_i/U3285/A (INVX1)                                  0.033951  0.000000   1.330456 r
  candidates_i/U3285/Y (INVX1)                                  0.027670  0.034284   1.364740 f
  candidates_i/n3290 (net)                      3     0.008090            0.000000   1.364740 f
  candidates_i/U937/C (NAND3X1)                                 0.027670  0.000000   1.364740 f
  candidates_i/U937/Y (NAND3X1)                                 0.033951  0.032311   1.397051 r
  candidates_i/n1545 (net)                      1     0.001551            0.000000   1.397051 r
  candidates_i/U3284/A (INVX1)                                  0.033951  0.000000   1.397051 r
  candidates_i/U3284/Y (INVX1)                                  0.027670  0.034284   1.431335 f
  candidates_i/n3289 (net)                      3     0.008090            0.000000   1.431335 f
  candidates_i/U936/C (NAND3X1)                                 0.027670  0.000000   1.431335 f
  candidates_i/U936/Y (NAND3X1)                                 0.033951  0.032311   1.463647 r
  candidates_i/n1543 (net)                      1     0.001551            0.000000   1.463647 r
  candidates_i/U3283/A (INVX1)                                  0.033951  0.000000   1.463647 r
  candidates_i/U3283/Y (INVX1)                                  0.027670  0.034284   1.497931 f
  candidates_i/n3288 (net)                      3     0.008090            0.000000   1.497931 f
  candidates_i/U935/C (NAND3X1)                                 0.027670  0.000000   1.497931 f
  candidates_i/U935/Y (NAND3X1)                                 0.033951  0.032311   1.530242 r
  candidates_i/n1541 (net)                      1     0.001551            0.000000   1.530242 r
  candidates_i/U3286/A (INVX1)                                  0.033951  0.000000   1.530242 r
  candidates_i/U3286/Y (INVX1)                                  0.018018  0.027680   1.557923 f
  candidates_i/n3287 (net)                      2     0.004867            0.000000   1.557923 f
  candidates_i/U933/A (NAND3X1)                                 0.018018  0.000000   1.557923 f
  candidates_i/U933/Y (NAND3X1)                                 0.034058  0.039145   1.597068 r
  candidates_i/n1539 (net)                      1     0.002365            0.000000   1.597068 r
  candidates_i/U932/B (NOR2X1)                                  0.034058  0.000000   1.597068 r
  candidates_i/U932/Y (NOR2X1)                                  0.003987  0.019484   1.616552 f
  candidates_i/n1224 (net)                      1     0.002658            0.000000   1.616552 f
  candidates_i/U653/A (AOI22X1)                                 0.003987  0.000000   1.616552 f
  candidates_i/U653/Y (AOI22X1)                                 0.045864  0.044703   1.661255 r
  candidates_i/n1223 (net)                      1     0.002027            0.000000   1.661255 r
  candidates_i/U652/B (NAND2X1)                                 0.045864  0.000000   1.661255 r
  candidates_i/U652/Y (NAND2X1)                                 0.019027  0.023156   1.684411 f
  candidates_i/candidate_mask[0] (net)          1     0.002209            0.000000   1.684411 f
  candidates_i/candidate_mask[0] (mc_candidates_Q_DEPTH16_ROW_W8_COL_W6)  0.000000   1.684411 f
  candidate_mask[0] (net)                             0.002209            0.000000   1.684411 f
  frfcfs.scheduler_i/candidate_mask[0] (mc_scheduler_frfcfs_Q_DEPTH16_ADDR_W16_AGE_LIMIT128_AGING_ENABLE1)
                                                                          0.000000   1.684411 f
  frfcfs.scheduler_i/candidate_mask[0] (net)          0.002209            0.000000   1.684411 f
  frfcfs.scheduler_i/U514/A (NAND3X1)                           0.019027  0.000000   1.684411 f
  frfcfs.scheduler_i/U514/Y (NAND3X1)                           0.044845  0.044318   1.728729 r
  frfcfs.scheduler_i/n882 (net)                 2     0.003937            0.000000   1.728729 r
  frfcfs.scheduler_i/U1126/A (INVX1)                            0.044845  0.000000   1.728729 r
  frfcfs.scheduler_i/U1126/Y (INVX1)                            0.010641  0.026103   1.754832 f
  frfcfs.scheduler_i/n264 (net)                 1     0.002658            0.000000   1.754832 f
  frfcfs.scheduler_i/U507/A (AOI22X1)                           0.010641  0.000000   1.754832 f
  frfcfs.scheduler_i/U507/Y (AOI22X1)                           0.044905  0.046052   1.800884 r
  frfcfs.scheduler_i/n932 (net)                 1     0.001869            0.000000   1.800884 r
  frfcfs.scheduler_i/U58/B (AND2X2)                             0.044905  0.000000   1.800884 r
  frfcfs.scheduler_i/U58/Y (AND2X2)                             0.012074  0.034749   1.835632 r
  frfcfs.scheduler_i/n930 (net)                 1     0.002961            0.000000   1.835632 r
  frfcfs.scheduler_i/U506/C (NAND3X1)                           0.012074  0.000000   1.835632 r
  frfcfs.scheduler_i/U506/Y (NAND3X1)                           0.015893  0.010758   1.846390 f
  frfcfs.scheduler_i/n889 (net)                 1     0.002301            0.000000   1.846390 f
  frfcfs.scheduler_i/U56/A (OR2X2)                              0.015893  0.000000   1.846390 f
  frfcfs.scheduler_i/U56/Y (OR2X2)                              0.013803  0.044609   1.890999 f
  frfcfs.scheduler_i/n850 (net)                 2     0.007708            0.000000   1.890999 f
  frfcfs.scheduler_i/U9/A (BUFX4)                               0.013803  0.000000   1.890999 f
  frfcfs.scheduler_i/U9/Y (BUFX4)                               0.006548  0.049802   1.940801 f
  frfcfs.scheduler_i/n207 (net)                 8     0.020525            0.000000   1.940801 f
  frfcfs.scheduler_i/U452/A (AOI21X1)                           0.006548  0.000000   1.940801 f
  frfcfs.scheduler_i/U452/Y (AOI21X1)                           0.023522  0.032801   1.973603 r
  frfcfs.scheduler_i/n616 (net)                 1     0.001551            0.000000   1.973603 r
  frfcfs.scheduler_i/U142/A (INVX1)                             0.023522  0.000000   1.973603 r
  frfcfs.scheduler_i/U142/Y (INVX1)                             0.008599  0.017910   1.991512 f
  frfcfs.scheduler_i/n171 (net)                 1     0.001476            0.000000   1.991512 f
  frfcfs.scheduler_i/U26/A (INVX1)                              0.008599  0.000000   1.991512 f
  frfcfs.scheduler_i/U26/Y (INVX1)                              0.000000  0.001800   1.993313 r
  frfcfs.scheduler_i/n1 (net)                   1     0.002655            0.000000   1.993313 r
  frfcfs.scheduler_i/U27/A (INVX2)                              0.000000  0.000000   1.993313 r
  frfcfs.scheduler_i/U27/Y (INVX2)                              0.008913  0.029120   2.022433 f
  frfcfs.scheduler_i/n2 (net)                   2     0.012416            0.000000   2.022433 f
  frfcfs.scheduler_i/U218/A (INVX8)                             0.008913  0.000000   2.022433 f
  frfcfs.scheduler_i/U218/Y (INVX8)                             0.016758  0.025086   2.047519 r
  frfcfs.scheduler_i/n172 (net)                15     0.042418            0.000000   2.047519 r
  frfcfs.scheduler_i/U258/A (AOI22X1)                           0.016758  0.000000   2.047519 r
  frfcfs.scheduler_i/U258/Y (AOI22X1)                           0.034094  0.033363   2.080882 f
  frfcfs.scheduler_i/n651 (net)                 1     0.001763            0.000000   2.080882 f
  frfcfs.scheduler_i/U10/A (AND2X2)                             0.034094  0.000000   2.080882 f
  frfcfs.scheduler_i/U10/Y (AND2X2)                             0.003837  0.039696   2.120578 f
  frfcfs.scheduler_i/n650 (net)                 1     0.002832            0.000000   2.120578 f
  frfcfs.scheduler_i/U256/C (NAND3X1)                           0.003837  0.000000   2.120578 f
  frfcfs.scheduler_i/U256/Y (NAND3X1)                           0.036639  0.028510   2.149087 r
  frfcfs.scheduler_i/n641 (net)                 1     0.002292            0.000000   2.149087 r
  frfcfs.scheduler_i/U178/A (OR2X2)                             0.036639  0.000000   2.149087 r
  frfcfs.scheduler_i/U178/Y (OR2X2)                             0.009847  0.038805   2.187893 r
  frfcfs.scheduler_i/n592 (net)                 1     0.001551            0.000000   2.187893 r
  frfcfs.scheduler_i/U179/A (INVX1)                             0.009847  0.000000   2.187893 r
  frfcfs.scheduler_i/U179/Y (INVX1)                             0.019417  0.020975   2.208868 f
  frfcfs.scheduler_i/n13 (net)                  2     0.004774            0.000000   2.208868 f
  frfcfs.scheduler_i/U249/A (NAND3X1)                           0.019417  0.000000   2.208868 f
  frfcfs.scheduler_i/U249/Y (NAND3X1)                           0.035958  0.038486   2.247353 r
  frfcfs.scheduler_i/n639 (net)                 1     0.002010            0.000000   2.247353 r
  frfcfs.scheduler_i/U248/C (OAI21X1)                           0.035958  0.000000   2.247353 r
  frfcfs.scheduler_i/U248/Y (OAI21X1)                           0.008197  0.021209   2.268562 f
  frfcfs.scheduler_i/n635 (net)                 1     0.002658            0.000000   2.268562 f
  frfcfs.scheduler_i/U247/A (AOI22X1)                           0.008197  0.000000   2.268562 f
  frfcfs.scheduler_i/U247/Y (AOI22X1)                           0.047164  0.046874   2.315436 r
  frfcfs.scheduler_i/n634 (net)                 1     0.002386            0.000000   2.315436 r
  frfcfs.scheduler_i/U246/C (AOI21X1)                           0.047164  0.000000   2.315436 r
  frfcfs.scheduler_i/U246/Y (AOI21X1)                           0.016946  0.022713   2.338149 f
  frfcfs.scheduler_i/n632 (net)                 1     0.002312            0.000000   2.338149 f
  frfcfs.scheduler_i/U245/C (AOI21X1)                           0.016946  0.000000   2.338149 f
  frfcfs.scheduler_i/U245/Y (AOI21X1)                           0.029891  0.021876   2.360025 r
  frfcfs.scheduler_i/n629 (net)                 1     0.002832            0.000000   2.360025 r
  frfcfs.scheduler_i/U244/B (OAI21X1)                           0.029891  0.000000   2.360025 r
  frfcfs.scheduler_i/U244/Y (OAI21X1)                           0.004597  0.020433   2.380458 f
  frfcfs.scheduler_i/n627 (net)                 1     0.002566            0.000000   2.380458 f
  frfcfs.scheduler_i/U243/A (AOI21X1)                           0.004597  0.000000   2.380458 f
  frfcfs.scheduler_i/U243/Y (AOI21X1)                           0.029645  0.036445   2.416903 r
  frfcfs.scheduler_i/n625 (net)                 1     0.002832            0.000000   2.416903 r
  frfcfs.scheduler_i/U242/B (OAI21X1)                           0.029645  0.000000   2.416903 r
  frfcfs.scheduler_i/U242/Y (OAI21X1)                           0.004597  0.020379   2.437282 f
  frfcfs.scheduler_i/n622 (net)                 1     0.002566            0.000000   2.437282 f
  frfcfs.scheduler_i/U241/A (AOI21X1)                           0.004597  0.000000   2.437282 f
  frfcfs.scheduler_i/U241/Y (AOI21X1)                           0.029645  0.036445   2.473727 r
  frfcfs.scheduler_i/n620 (net)                 1     0.002832            0.000000   2.473727 r
  frfcfs.scheduler_i/U239/B (OAI21X1)                           0.029645  0.000000   2.473727 r
  frfcfs.scheduler_i/U239/Y (OAI21X1)                           0.014750  0.022643   2.496369 f
  frfcfs.scheduler_i/n1257 (net)                1     0.003854            0.000000   2.496369 f
  frfcfs.scheduler_i/U177/A (BUFX4)                             0.014750  0.000000   2.496369 f
  frfcfs.scheduler_i/U177/Y (BUFX4)                             0.007397  0.050256   2.546625 f
  frfcfs.scheduler_i/select_slot[0] (net)       8     0.021115            0.000000   2.546625 f
  frfcfs.scheduler_i/select_slot[0] (mc_scheduler_frfcfs_Q_DEPTH16_ADDR_W16_AGE_LIMIT128_AGING_ENABLE1)
                                                                          0.000000   2.546625 f
  select_slot[0] (net)                                0.021115            0.000000   2.546625 f
  U2565/A (BUFX4)                                               0.007397  0.000000   2.546625 f
  U2565/Y (BUFX4)                                               0.001464  0.047172   2.593796 f
  n916 (net)                                    5     0.017481            0.000000   2.593796 f
  U2563/A (INVX8)                                               0.001464  0.000000   2.593796 f
  U2563/Y (INVX8)                                               0.000000  0.015011   2.608807 r
  n5080 (net)                                  10     0.019096            0.000000   2.608807 r
  U1480/B (AND2X2)                                              0.000000  0.000000   2.608807 r
  U1480/Y (AND2X2)                                              0.038074  0.051357   2.660164 r
  n6139 (net)                                   2     0.015163            0.000000   2.660164 r
  U1167/A (INVX8)                                               0.038074  0.000000   2.660164 r
  U1167/Y (INVX8)                                               0.031733  0.036728   2.696892 f
  n755 (net)                                   33     0.074158            0.000000   2.696892 f
  U2272/B (OR2X1)                                               0.031733  0.000000   2.696892 f
  U2272/Y (OR2X1)                                               0.010731  0.050229   2.747121 f
  n6021 (net)                                   1     0.001924            0.000000   2.747121 f
  U6214/C (OAI21X1)                                             0.010731  0.000000   2.747121 f
  U6214/Y (OAI21X1)                                             0.045148  0.021174   2.768295 r
  n6024 (net)                                   1     0.003021            0.000000   2.768295 r
  U6216/A (NOR3X1)                                              0.045148  0.000000   2.768295 r
  U6216/Y (NOR3X1)                                              0.028011  0.043808   2.812102 f
  n6036 (net)                                   1     0.002569            0.000000   2.812102 f
  U6222/B (MUX2X1)                                              0.028011  0.000000   2.812102 f
  U6222/Y (MUX2X1)                                              0.037404  0.047879   2.859981 r
  n6037 (net)                                   1     0.001551            0.000000   2.859981 r
  U796/A (INVX1)                                                0.037404  0.000000   2.859981 r
  U796/Y (INVX1)                                                0.033156  0.039130   2.899111 f
  cmd_wdata[4] (net)                            1     0.010000            0.000000   2.899111 f
  cmd_wdata[4] (out)                                            0.033156  0.000000   2.899111 f
  data arrival time                                                                  2.899111

  clock core_clk (rise edge)                                              4.000000   4.000000
  clock network delay (ideal)                                             0.000000   4.000000
  clock uncertainty                                                       -0.100000  3.900000
  output external delay                                                   -1.000000  2.900000
  data required time                                                                 2.900000
  ----------------------------------------------------------------------------------------------
  data required time                                                                 2.900000
  data arrival time                                                                  -2.899111
  ----------------------------------------------------------------------------------------------
  slack (MET)                                                                        0.000889


  Startpoint: table_i/addresses_reg[84]
              (rising edge-triggered flip-flop clocked by core_clk)
  Endpoint: cmd_wdata[3]
            (output port clocked by core_clk)
  Path Group: core_clk
  Path Type: max

  Point                                       Fanout       Cap     Trans      Incr       Path
  ----------------------------------------------------------------------------------------------
  clock core_clk (rise edge)                                              0.000000   0.000000
  clock network delay (ideal)                                             0.000000   0.000000
  table_i/addresses_reg[84]/CLK (DFFPOSX1)                      0.000000  0.000000 # 0.000000 r
  table_i/addresses_reg[84]/Q (DFFPOSX1)                        0.058021  0.131637   0.131637 f
  table_i/addresses[84] (net)                   8     0.031155            0.000000   0.131637 f
  table_i/addresses[84] (mc_transaction_table_Q_DEPTH16_ADDR_W16_DATA_W32_TAG_W8_READ_LATENCY3_AGE_LIMIT128)
                                                                          0.000000   0.131637 f
  addresses[84] (net)                                 0.031155            0.000000   0.131637 f
  U2450/A (INVX1)                                               0.058021  0.000000   0.131637 f
  U2450/Y (INVX1)                                               0.000000  0.015769   0.147407 r
  n1090 (net)                                   1     0.001551            0.000000   0.147407 r
  U1924/A (INVX1)                                               0.000000  0.000000   0.147407 r
  U1924/Y (INVX1)                                               0.017355  0.016424   0.163831 f
  n1091 (net)                                   1     0.003854            0.000000   0.163831 f
  U1161/A (BUFX4)                                               0.017355  0.000000   0.163831 f
  U1161/Y (BUFX4)                                               0.030826  0.063272   0.227103 f
  n448 (net)                                   10     0.050554            0.000000   0.227103 f
  U4453/B (XOR2X1)                                              0.030826  0.000000   0.227103 f
  U4453/Y (XOR2X1)                                              0.042323  0.051153   0.278256 r
  n3602 (net)                                   1     0.002283            0.000000   0.278256 r
  U1350/B (OR2X2)                                               0.042323  0.000000   0.278256 r
  U1350/Y (OR2X2)                                               0.010575  0.046293   0.324549 r
  n3604 (net)                                   1     0.001551            0.000000   0.324549 r
  U1351/A (INVX1)                                               0.010575  0.000000   0.324549 r
  U1351/Y (INVX1)                                               0.013561  0.017186   0.341735 f
  n631 (net)                                    1     0.002832            0.000000   0.341735 f
  U4454/C (NAND3X1)                                             0.013561  0.000000   0.341735 f
  U4454/Y (NAND3X1)                                             0.041697  0.034052   0.375787 r
  n3607 (net)                                   1     0.003288            0.000000   0.375787 r
  U4455/C (NOR3X1)                                              0.041697  0.000000   0.375787 r
  U4455/Y (NOR3X1)                                              0.053000  0.046559   0.422346 f
  same_address_91 (net)                         4     0.011326            0.000000   0.422346 f
  candidates_i/same_address[181] (mc_candidates_Q_DEPTH16_ROW_W8_COL_W6)  0.000000   0.422346 f
  candidates_i/same_address[181] (net)                0.011326            0.000000   0.422346 f
  candidates_i/U1793/C (NAND3X1)                                0.053000  0.000000   0.422346 f
  candidates_i/U1793/Y (NAND3X1)                                0.031489  0.039529   0.461875 r
  candidates_i/n2473 (net)                      1     0.001798            0.000000   0.461875 r
  candidates_i/U250/A (AND2X2)                                  0.031489  0.000000   0.461875 r
  candidates_i/U250/Y (AND2X2)                                  0.011373  0.034788   0.496663 r
  candidates_i/n2471 (net)                      1     0.002961            0.000000   0.496663 r
  candidates_i/U1792/C (NAND3X1)                                0.011373  0.000000   0.496663 r
  candidates_i/U1792/Y (NAND3X1)                                0.017970  0.011781   0.508444 f
  candidates_i/n2461 (net)                      1     0.003011            0.000000   0.508444 f
  candidates_i/U1784/A (NOR3X1)                                 0.017970  0.000000   0.508444 f
  candidates_i/U1784/Y (NOR3X1)                                 0.049388  0.048627   0.557072 r
  candidates_i/n2460 (net)                      1     0.002027            0.000000   0.557072 r
  candidates_i/U1783/B (NAND2X1)                                0.049388  0.000000   0.557072 r
  candidates_i/U1783/Y (NAND2X1)                                0.022283  0.026500   0.583572 f
  candidates_i/n1776 (net)                      2     0.003685            0.000000   0.583572 f
  candidates_i/U3210/A (INVX1)                                  0.022283  0.000000   0.583572 f
  candidates_i/U3210/Y (INVX1)                                  0.000000  0.011533   0.595105 r
  candidates_i/eligible[5] (net)                2     0.004161            0.000000   0.595105 r
  candidates_i/U3149/B (AND2X2)                                 0.000000  0.000000   0.595105 r
  candidates_i/U3149/Y (AND2X2)                                 0.028421  0.044977   0.640082 r
  candidates_i/n1482 (net)                      4     0.011017            0.000000   0.640082 r
  candidates_i/U1152/A (NAND3X1)                                0.028421  0.000000   0.640082 r
  candidates_i/U1152/Y (NAND3X1)                                0.014881  0.019599   0.659681 f
  candidates_i/n1775 (net)                      1     0.001820            0.000000   0.659681 f
  candidates_i/U160/B (AND2X2)                                  0.014881  0.000000   0.659681 f
  candidates_i/U160/Y (AND2X2)                                  0.000000  0.038994   0.698674 f
  candidates_i/n1773 (net)                      1     0.002832            0.000000   0.698674 f
  candidates_i/U1151/C (NAND3X1)                                0.000000  0.000000   0.698674 f
  candidates_i/U1151/Y (NAND3X1)                                0.040671  0.029765   0.728440 r
  candidates_i/n1760 (net)                      1     0.003021            0.000000   0.728440 r
  candidates_i/U1144/A (NOR3X1)                                 0.040671  0.000000   0.728440 r
  candidates_i/U1144/Y (NOR3X1)                                 0.025619  0.040992   0.769432 f
  candidates_i/n1759 (net)                      1     0.001820            0.000000   0.769432 f
  candidates_i/U3157/B (AND2X2)                                 0.025619  0.000000   0.769432 f
  candidates_i/U3157/Y (AND2X2)                                 0.012811  0.049702   0.819134 f
  candidates_i/n903 (net)                       1     0.010104            0.000000   0.819134 f
  candidates_i/U3148/A (INVX8)                                  0.012811  0.000000   0.819134 f
  candidates_i/U3148/Y (INVX8)                                  0.012845  0.023070   0.842203 r
  candidates_i/n1722 (net)                     16     0.033385            0.000000   0.842203 r
  candidates_i/U331/B (AND2X1)                                  0.012845  0.000000   0.842203 r
  candidates_i/U331/Y (AND2X1)                                  0.029640  0.040397   0.882600 r
  candidates_i/n1741 (net)                      1     0.001551            0.000000   0.882600 r
  candidates_i/U3013/A (INVX1)                                  0.029640  0.000000   0.882600 r
  candidates_i/U3013/Y (INVX1)                                  0.011532  0.021869   0.904469 f
  candidates_i/n783 (net)                       1     0.002600            0.000000   0.904469 f
  candidates_i/U1115/B (NAND3X1)                                0.011532  0.000000   0.904469 f
  candidates_i/U1115/Y (NAND3X1)                                0.033886  0.030522   0.934991 r
  candidates_i/n1517 (net)                      1     0.001539            0.000000   0.934991 r
  candidates_i/U330/A (BUFX2)                                   0.033886  0.000000   0.934991 r
  candidates_i/U330/Y (BUFX2)                                   0.039690  0.054946   0.989937 r
  candidates_i/n782 (net)                       3     0.015301            0.000000   0.989937 r
  candidates_i/U44/A (INVX8)                                    0.039690  0.000000   0.989937 r
  candidates_i/U44/Y (INVX8)                                    0.022802  0.028622   1.018559 f
  candidates_i/n3303 (net)                     14     0.037191            0.000000   1.018559 f
  candidates_i/U961/A (AOI22X1)                                 0.022802  0.000000   1.018559 f
  candidates_i/U961/Y (AOI22X1)                                 0.044054  0.049140   1.067700 r
  candidates_i/n1575 (net)                      1     0.001798            0.000000   1.067700 r
  candidates_i/U130/A (AND2X2)                                  0.044054  0.000000   1.067700 r
  candidates_i/U130/Y (AND2X2)                                  0.011031  0.035332   1.103032 r
  candidates_i/n1574 (net)                      1     0.002961            0.000000   1.103032 r
  candidates_i/U959/C (NAND3X1)                                 0.011031  0.000000   1.103032 r
  candidates_i/U959/Y (NAND3X1)                                 0.015945  0.010514   1.113546 f
  candidates_i/n1565 (net)                      1     0.002301            0.000000   1.113546 f
  candidates_i/U2233/A (OR2X2)                                  0.015945  0.000000   1.113546 f
  candidates_i/U2233/Y (OR2X2)                                  0.006920  0.039424   1.152970 f
  candidates_i/n1172 (net)                      2     0.002952            0.000000   1.152970 f
  candidates_i/U2235/A (INVX1)                                  0.006920  0.000000   1.152970 f
  candidates_i/U2235/Y (INVX1)                                  0.000000  0.001484   1.154454 r
  candidates_i/n112 (net)                       1     0.002741            0.000000   1.154454 r
  candidates_i/U941/A (AOI21X1)                                 0.000000  0.000000   1.154454 r
  candidates_i/U941/Y (AOI21X1)                                 0.013866  0.011884   1.166339 f
  candidates_i/n1177 (net)                      1     0.001476            0.000000   1.166339 f
  candidates_i/U2274/A (INVX1)                                  0.013866  0.000000   1.166339 f
  candidates_i/U2274/Y (INVX1)                                  0.000000  0.003669   1.170008 r
  candidates_i/n140 (net)                       1     0.002655            0.000000   1.170008 r
  candidates_i/U10/A (INVX2)                                    0.000000  0.000000   1.170008 r
  candidates_i/U10/Y (INVX2)                                    0.004253  0.026199   1.196207 f
  candidates_i/n141 (net)                       3     0.007766            0.000000   1.196207 f
  candidates_i/U940/C (NAND3X1)                                 0.004253  0.000000   1.196207 f
  candidates_i/U940/Y (NAND3X1)                                 0.033894  0.026307   1.222514 r
  candidates_i/n1217 (net)                      1     0.001539            0.000000   1.222514 r
  candidates_i/U2154/A (BUFX2)                                  0.033894  0.000000   1.222514 r
  candidates_i/U2154/Y (BUFX2)                                  0.015270  0.038802   1.261316 r
  candidates_i/n60 (net)                        2     0.004839            0.000000   1.261316 r
  candidates_i/U939/C (NOR3X1)                                  0.015270  0.000000   1.261316 r
  candidates_i/U939/Y (NOR3X1)                                  0.043138  0.032887   1.294203 f
  candidates_i/n1074 (net)                      3     0.008090            0.000000   1.294203 f
  candidates_i/U938/C (NAND3X1)                                 0.043138  0.000000   1.294203 f
  candidates_i/U938/Y (NAND3X1)                                 0.033951  0.036253   1.330456 r
  candidates_i/n1547 (net)                      1     0.001551            0.000000   1.330456 r
  candidates_i/U3285/A (INVX1)                                  0.033951  0.000000   1.330456 r
  candidates_i/U3285/Y (INVX1)                                  0.027670  0.034284   1.364740 f
  candidates_i/n3290 (net)                      3     0.008090            0.000000   1.364740 f
  candidates_i/U937/C (NAND3X1)                                 0.027670  0.000000   1.364740 f
  candidates_i/U937/Y (NAND3X1)                                 0.033951  0.032311   1.397051 r
  candidates_i/n1545 (net)                      1     0.001551            0.000000   1.397051 r
  candidates_i/U3284/A (INVX1)                                  0.033951  0.000000   1.397051 r
  candidates_i/U3284/Y (INVX1)                                  0.027670  0.034284   1.431335 f
  candidates_i/n3289 (net)                      3     0.008090            0.000000   1.431335 f
  candidates_i/U936/C (NAND3X1)                                 0.027670  0.000000   1.431335 f
  candidates_i/U936/Y (NAND3X1)                                 0.033951  0.032311   1.463647 r
  candidates_i/n1543 (net)                      1     0.001551            0.000000   1.463647 r
  candidates_i/U3283/A (INVX1)                                  0.033951  0.000000   1.463647 r
  candidates_i/U3283/Y (INVX1)                                  0.027670  0.034284   1.497931 f
  candidates_i/n3288 (net)                      3     0.008090            0.000000   1.497931 f
  candidates_i/U935/C (NAND3X1)                                 0.027670  0.000000   1.497931 f
  candidates_i/U935/Y (NAND3X1)                                 0.033951  0.032311   1.530242 r
  candidates_i/n1541 (net)                      1     0.001551            0.000000   1.530242 r
  candidates_i/U3286/A (INVX1)                                  0.033951  0.000000   1.530242 r
  candidates_i/U3286/Y (INVX1)                                  0.018018  0.027680   1.557923 f
  candidates_i/n3287 (net)                      2     0.004867            0.000000   1.557923 f
  candidates_i/U933/A (NAND3X1)                                 0.018018  0.000000   1.557923 f
  candidates_i/U933/Y (NAND3X1)                                 0.034058  0.039145   1.597068 r
  candidates_i/n1539 (net)                      1     0.002365            0.000000   1.597068 r
  candidates_i/U932/B (NOR2X1)                                  0.034058  0.000000   1.597068 r
  candidates_i/U932/Y (NOR2X1)                                  0.003987  0.019484   1.616552 f
  candidates_i/n1224 (net)                      1     0.002658            0.000000   1.616552 f
  candidates_i/U653/A (AOI22X1)                                 0.003987  0.000000   1.616552 f
  candidates_i/U653/Y (AOI22X1)                                 0.045864  0.044703   1.661255 r
  candidates_i/n1223 (net)                      1     0.002027            0.000000   1.661255 r
  candidates_i/U652/B (NAND2X1)                                 0.045864  0.000000   1.661255 r
  candidates_i/U652/Y (NAND2X1)                                 0.019027  0.023156   1.684411 f
  candidates_i/candidate_mask[0] (net)          1     0.002209            0.000000   1.684411 f
  candidates_i/candidate_mask[0] (mc_candidates_Q_DEPTH16_ROW_W8_COL_W6)  0.000000   1.684411 f
  candidate_mask[0] (net)                             0.002209            0.000000   1.684411 f
  frfcfs.scheduler_i/candidate_mask[0] (mc_scheduler_frfcfs_Q_DEPTH16_ADDR_W16_AGE_LIMIT128_AGING_ENABLE1)
                                                                          0.000000   1.684411 f
  frfcfs.scheduler_i/candidate_mask[0] (net)          0.002209            0.000000   1.684411 f
  frfcfs.scheduler_i/U514/A (NAND3X1)                           0.019027  0.000000   1.684411 f
  frfcfs.scheduler_i/U514/Y (NAND3X1)                           0.044845  0.044318   1.728729 r
  frfcfs.scheduler_i/n882 (net)                 2     0.003937            0.000000   1.728729 r
  frfcfs.scheduler_i/U1126/A (INVX1)                            0.044845  0.000000   1.728729 r
  frfcfs.scheduler_i/U1126/Y (INVX1)                            0.010641  0.026103   1.754832 f
  frfcfs.scheduler_i/n264 (net)                 1     0.002658            0.000000   1.754832 f
  frfcfs.scheduler_i/U507/A (AOI22X1)                           0.010641  0.000000   1.754832 f
  frfcfs.scheduler_i/U507/Y (AOI22X1)                           0.044905  0.046052   1.800884 r
  frfcfs.scheduler_i/n932 (net)                 1     0.001869            0.000000   1.800884 r
  frfcfs.scheduler_i/U58/B (AND2X2)                             0.044905  0.000000   1.800884 r
  frfcfs.scheduler_i/U58/Y (AND2X2)                             0.012074  0.034749   1.835632 r
  frfcfs.scheduler_i/n930 (net)                 1     0.002961            0.000000   1.835632 r
  frfcfs.scheduler_i/U506/C (NAND3X1)                           0.012074  0.000000   1.835632 r
  frfcfs.scheduler_i/U506/Y (NAND3X1)                           0.015893  0.010758   1.846390 f
  frfcfs.scheduler_i/n889 (net)                 1     0.002301            0.000000   1.846390 f
  frfcfs.scheduler_i/U56/A (OR2X2)                              0.015893  0.000000   1.846390 f
  frfcfs.scheduler_i/U56/Y (OR2X2)                              0.013803  0.044609   1.890999 f
  frfcfs.scheduler_i/n850 (net)                 2     0.007708            0.000000   1.890999 f
  frfcfs.scheduler_i/U9/A (BUFX4)                               0.013803  0.000000   1.890999 f
  frfcfs.scheduler_i/U9/Y (BUFX4)                               0.006548  0.049802   1.940801 f
  frfcfs.scheduler_i/n207 (net)                 8     0.020525            0.000000   1.940801 f
  frfcfs.scheduler_i/U452/A (AOI21X1)                           0.006548  0.000000   1.940801 f
  frfcfs.scheduler_i/U452/Y (AOI21X1)                           0.023522  0.032801   1.973603 r
  frfcfs.scheduler_i/n616 (net)                 1     0.001551            0.000000   1.973603 r
  frfcfs.scheduler_i/U142/A (INVX1)                             0.023522  0.000000   1.973603 r
  frfcfs.scheduler_i/U142/Y (INVX1)                             0.008599  0.017910   1.991512 f
  frfcfs.scheduler_i/n171 (net)                 1     0.001476            0.000000   1.991512 f
  frfcfs.scheduler_i/U26/A (INVX1)                              0.008599  0.000000   1.991512 f
  frfcfs.scheduler_i/U26/Y (INVX1)                              0.000000  0.001800   1.993313 r
  frfcfs.scheduler_i/n1 (net)                   1     0.002655            0.000000   1.993313 r
  frfcfs.scheduler_i/U27/A (INVX2)                              0.000000  0.000000   1.993313 r
  frfcfs.scheduler_i/U27/Y (INVX2)                              0.008913  0.029120   2.022433 f
  frfcfs.scheduler_i/n2 (net)                   2     0.012416            0.000000   2.022433 f
  frfcfs.scheduler_i/U218/A (INVX8)                             0.008913  0.000000   2.022433 f
  frfcfs.scheduler_i/U218/Y (INVX8)                             0.016758  0.025086   2.047519 r
  frfcfs.scheduler_i/n172 (net)                15     0.042418            0.000000   2.047519 r
  frfcfs.scheduler_i/U258/A (AOI22X1)                           0.016758  0.000000   2.047519 r
  frfcfs.scheduler_i/U258/Y (AOI22X1)                           0.034094  0.033363   2.080882 f
  frfcfs.scheduler_i/n651 (net)                 1     0.001763            0.000000   2.080882 f
  frfcfs.scheduler_i/U10/A (AND2X2)                             0.034094  0.000000   2.080882 f
  frfcfs.scheduler_i/U10/Y (AND2X2)                             0.003837  0.039696   2.120578 f
  frfcfs.scheduler_i/n650 (net)                 1     0.002832            0.000000   2.120578 f
  frfcfs.scheduler_i/U256/C (NAND3X1)                           0.003837  0.000000   2.120578 f
  frfcfs.scheduler_i/U256/Y (NAND3X1)                           0.036639  0.028510   2.149087 r
  frfcfs.scheduler_i/n641 (net)                 1     0.002292            0.000000   2.149087 r
  frfcfs.scheduler_i/U178/A (OR2X2)                             0.036639  0.000000   2.149087 r
  frfcfs.scheduler_i/U178/Y (OR2X2)                             0.009847  0.038805   2.187893 r
  frfcfs.scheduler_i/n592 (net)                 1     0.001551            0.000000   2.187893 r
  frfcfs.scheduler_i/U179/A (INVX1)                             0.009847  0.000000   2.187893 r
  frfcfs.scheduler_i/U179/Y (INVX1)                             0.019417  0.020975   2.208868 f
  frfcfs.scheduler_i/n13 (net)                  2     0.004774            0.000000   2.208868 f
  frfcfs.scheduler_i/U249/A (NAND3X1)                           0.019417  0.000000   2.208868 f
  frfcfs.scheduler_i/U249/Y (NAND3X1)                           0.035958  0.038486   2.247353 r
  frfcfs.scheduler_i/n639 (net)                 1     0.002010            0.000000   2.247353 r
  frfcfs.scheduler_i/U248/C (OAI21X1)                           0.035958  0.000000   2.247353 r
  frfcfs.scheduler_i/U248/Y (OAI21X1)                           0.008197  0.021209   2.268562 f
  frfcfs.scheduler_i/n635 (net)                 1     0.002658            0.000000   2.268562 f
  frfcfs.scheduler_i/U247/A (AOI22X1)                           0.008197  0.000000   2.268562 f
  frfcfs.scheduler_i/U247/Y (AOI22X1)                           0.047164  0.046874   2.315436 r
  frfcfs.scheduler_i/n634 (net)                 1     0.002386            0.000000   2.315436 r
  frfcfs.scheduler_i/U246/C (AOI21X1)                           0.047164  0.000000   2.315436 r
  frfcfs.scheduler_i/U246/Y (AOI21X1)                           0.016946  0.022713   2.338149 f
  frfcfs.scheduler_i/n632 (net)                 1     0.002312            0.000000   2.338149 f
  frfcfs.scheduler_i/U245/C (AOI21X1)                           0.016946  0.000000   2.338149 f
  frfcfs.scheduler_i/U245/Y (AOI21X1)                           0.029891  0.021876   2.360025 r
  frfcfs.scheduler_i/n629 (net)                 1     0.002832            0.000000   2.360025 r
  frfcfs.scheduler_i/U244/B (OAI21X1)                           0.029891  0.000000   2.360025 r
  frfcfs.scheduler_i/U244/Y (OAI21X1)                           0.004597  0.020433   2.380458 f
  frfcfs.scheduler_i/n627 (net)                 1     0.002566            0.000000   2.380458 f
  frfcfs.scheduler_i/U243/A (AOI21X1)                           0.004597  0.000000   2.380458 f
  frfcfs.scheduler_i/U243/Y (AOI21X1)                           0.029645  0.036445   2.416903 r
  frfcfs.scheduler_i/n625 (net)                 1     0.002832            0.000000   2.416903 r
  frfcfs.scheduler_i/U242/B (OAI21X1)                           0.029645  0.000000   2.416903 r
  frfcfs.scheduler_i/U242/Y (OAI21X1)                           0.004597  0.020379   2.437282 f
  frfcfs.scheduler_i/n622 (net)                 1     0.002566            0.000000   2.437282 f
  frfcfs.scheduler_i/U241/A (AOI21X1)                           0.004597  0.000000   2.437282 f
  frfcfs.scheduler_i/U241/Y (AOI21X1)                           0.029645  0.036445   2.473727 r
  frfcfs.scheduler_i/n620 (net)                 1     0.002832            0.000000   2.473727 r
  frfcfs.scheduler_i/U239/B (OAI21X1)                           0.029645  0.000000   2.473727 r
  frfcfs.scheduler_i/U239/Y (OAI21X1)                           0.014750  0.022643   2.496369 f
  frfcfs.scheduler_i/n1257 (net)                1     0.003854            0.000000   2.496369 f
  frfcfs.scheduler_i/U177/A (BUFX4)                             0.014750  0.000000   2.496369 f
  frfcfs.scheduler_i/U177/Y (BUFX4)                             0.007397  0.050256   2.546625 f
  frfcfs.scheduler_i/select_slot[0] (net)       8     0.021115            0.000000   2.546625 f
  frfcfs.scheduler_i/select_slot[0] (mc_scheduler_frfcfs_Q_DEPTH16_ADDR_W16_AGE_LIMIT128_AGING_ENABLE1)
                                                                          0.000000   2.546625 f
  select_slot[0] (net)                                0.021115            0.000000   2.546625 f
  U2565/A (BUFX4)                                               0.007397  0.000000   2.546625 f
  U2565/Y (BUFX4)                                               0.001464  0.047172   2.593796 f
  n916 (net)                                    5     0.017481            0.000000   2.593796 f
  U2563/A (INVX8)                                               0.001464  0.000000   2.593796 f
  U2563/Y (INVX8)                                               0.000000  0.015011   2.608807 r
  n5080 (net)                                  10     0.019096            0.000000   2.608807 r
  U1480/B (AND2X2)                                              0.000000  0.000000   2.608807 r
  U1480/Y (AND2X2)                                              0.038074  0.051357   2.660164 r
  n6139 (net)                                   2     0.015163            0.000000   2.660164 r
  U1167/A (INVX8)                                               0.038074  0.000000   2.660164 r
  U1167/Y (INVX8)                                               0.031733  0.036728   2.696892 f
  n755 (net)                                   33     0.074158            0.000000   2.696892 f
  U2271/B (OR2X1)                                               0.031733  0.000000   2.696892 f
  U2271/Y (OR2X1)                                               0.010731  0.050229   2.747121 f
  n6000 (net)                                   1     0.001924            0.000000   2.747121 f
  U6203/C (OAI21X1)                                             0.010731  0.000000   2.747121 f
  U6203/Y (OAI21X1)                                             0.045148  0.021174   2.768295 r
  n6003 (net)                                   1     0.003021            0.000000   2.768295 r
  U6205/A (NOR3X1)                                              0.045148  0.000000   2.768295 r
  U6205/Y (NOR3X1)                                              0.028011  0.043808   2.812102 f
  n6015 (net)                                   1     0.002569            0.000000   2.812102 f
  U6211/B (MUX2X1)                                              0.028011  0.000000   2.812102 f
  U6211/Y (MUX2X1)                                              0.037404  0.047879   2.859981 r
  n6016 (net)                                   1     0.001551            0.000000   2.859981 r
  U795/A (INVX1)                                                0.037404  0.000000   2.859981 r
  U795/Y (INVX1)                                                0.033156  0.039130   2.899111 f
  cmd_wdata[3] (net)                            1     0.010000            0.000000   2.899111 f
  cmd_wdata[3] (out)                                            0.033156  0.000000   2.899111 f
  data arrival time                                                                  2.899111

  clock core_clk (rise edge)                                              4.000000   4.000000
  clock network delay (ideal)                                             0.000000   4.000000
  clock uncertainty                                                       -0.100000  3.900000
  output external delay                                                   -1.000000  2.900000
  data required time                                                                 2.900000
  ----------------------------------------------------------------------------------------------
  data required time                                                                 2.900000
  data arrival time                                                                  -2.899111
  ----------------------------------------------------------------------------------------------
  slack (MET)                                                                        0.000889


  Startpoint: table_i/addresses_reg[84]
              (rising edge-triggered flip-flop clocked by core_clk)
  Endpoint: cmd_bank[0]
            (output port clocked by core_clk)
  Path Group: core_clk
  Path Type: max

  Point                                       Fanout       Cap     Trans      Incr       Path
  ----------------------------------------------------------------------------------------------
  clock core_clk (rise edge)                                              0.000000   0.000000
  clock network delay (ideal)                                             0.000000   0.000000
  table_i/addresses_reg[84]/CLK (DFFPOSX1)                      0.000000  0.000000 # 0.000000 r
  table_i/addresses_reg[84]/Q (DFFPOSX1)                        0.058021  0.131637   0.131637 f
  table_i/addresses[84] (net)                   8     0.031155            0.000000   0.131637 f
  table_i/addresses[84] (mc_transaction_table_Q_DEPTH16_ADDR_W16_DATA_W32_TAG_W8_READ_LATENCY3_AGE_LIMIT128)
                                                                          0.000000   0.131637 f
  addresses[84] (net)                                 0.031155            0.000000   0.131637 f
  U2450/A (INVX1)                                               0.058021  0.000000   0.131637 f
  U2450/Y (INVX1)                                               0.000000  0.015769   0.147407 r
  n1090 (net)                                   1     0.001551            0.000000   0.147407 r
  U1924/A (INVX1)                                               0.000000  0.000000   0.147407 r
  U1924/Y (INVX1)                                               0.017355  0.016424   0.163831 f
  n1091 (net)                                   1     0.003854            0.000000   0.163831 f
  U1161/A (BUFX4)                                               0.017355  0.000000   0.163831 f
  U1161/Y (BUFX4)                                               0.030826  0.063272   0.227103 f
  n448 (net)                                   10     0.050554            0.000000   0.227103 f
  U4453/B (XOR2X1)                                              0.030826  0.000000   0.227103 f
  U4453/Y (XOR2X1)                                              0.042323  0.051153   0.278256 r
  n3602 (net)                                   1     0.002283            0.000000   0.278256 r
  U1350/B (OR2X2)                                               0.042323  0.000000   0.278256 r
  U1350/Y (OR2X2)                                               0.010575  0.046293   0.324549 r
  n3604 (net)                                   1     0.001551            0.000000   0.324549 r
  U1351/A (INVX1)                                               0.010575  0.000000   0.324549 r
  U1351/Y (INVX1)                                               0.013561  0.017186   0.341735 f
  n631 (net)                                    1     0.002832            0.000000   0.341735 f
  U4454/C (NAND3X1)                                             0.013561  0.000000   0.341735 f
  U4454/Y (NAND3X1)                                             0.041697  0.034052   0.375787 r
  n3607 (net)                                   1     0.003288            0.000000   0.375787 r
  U4455/C (NOR3X1)                                              0.041697  0.000000   0.375787 r
  U4455/Y (NOR3X1)                                              0.053000  0.046559   0.422346 f
  same_address_91 (net)                         4     0.011326            0.000000   0.422346 f
  candidates_i/same_address[181] (mc_candidates_Q_DEPTH16_ROW_W8_COL_W6)  0.000000   0.422346 f
  candidates_i/same_address[181] (net)                0.011326            0.000000   0.422346 f
  candidates_i/U1793/C (NAND3X1)                                0.053000  0.000000   0.422346 f
  candidates_i/U1793/Y (NAND3X1)                                0.031489  0.039529   0.461875 r
  candidates_i/n2473 (net)                      1     0.001798            0.000000   0.461875 r
  candidates_i/U250/A (AND2X2)                                  0.031489  0.000000   0.461875 r
  candidates_i/U250/Y (AND2X2)                                  0.011373  0.034788   0.496663 r
  candidates_i/n2471 (net)                      1     0.002961            0.000000   0.496663 r
  candidates_i/U1792/C (NAND3X1)                                0.011373  0.000000   0.496663 r
  candidates_i/U1792/Y (NAND3X1)                                0.017970  0.011781   0.508444 f
  candidates_i/n2461 (net)                      1     0.003011            0.000000   0.508444 f
  candidates_i/U1784/A (NOR3X1)                                 0.017970  0.000000   0.508444 f
  candidates_i/U1784/Y (NOR3X1)                                 0.049388  0.048627   0.557072 r
  candidates_i/n2460 (net)                      1     0.002027            0.000000   0.557072 r
  candidates_i/U1783/B (NAND2X1)                                0.049388  0.000000   0.557072 r
  candidates_i/U1783/Y (NAND2X1)                                0.022283  0.026500   0.583572 f
  candidates_i/n1776 (net)                      2     0.003685            0.000000   0.583572 f
  candidates_i/U3210/A (INVX1)                                  0.022283  0.000000   0.583572 f
  candidates_i/U3210/Y (INVX1)                                  0.000000  0.011533   0.595105 r
  candidates_i/eligible[5] (net)                2     0.004161            0.000000   0.595105 r
  candidates_i/U3149/B (AND2X2)                                 0.000000  0.000000   0.595105 r
  candidates_i/U3149/Y (AND2X2)                                 0.028421  0.044977   0.640082 r
  candidates_i/n1482 (net)                      4     0.011017            0.000000   0.640082 r
  candidates_i/U1152/A (NAND3X1)                                0.028421  0.000000   0.640082 r
  candidates_i/U1152/Y (NAND3X1)                                0.014881  0.019599   0.659681 f
  candidates_i/n1775 (net)                      1     0.001820            0.000000   0.659681 f
  candidates_i/U160/B (AND2X2)                                  0.014881  0.000000   0.659681 f
  candidates_i/U160/Y (AND2X2)                                  0.000000  0.038994   0.698674 f
  candidates_i/n1773 (net)                      1     0.002832            0.000000   0.698674 f
  candidates_i/U1151/C (NAND3X1)                                0.000000  0.000000   0.698674 f
  candidates_i/U1151/Y (NAND3X1)                                0.040671  0.029765   0.728440 r
  candidates_i/n1760 (net)                      1     0.003021            0.000000   0.728440 r
  candidates_i/U1144/A (NOR3X1)                                 0.040671  0.000000   0.728440 r
  candidates_i/U1144/Y (NOR3X1)                                 0.025619  0.040992   0.769432 f
  candidates_i/n1759 (net)                      1     0.001820            0.000000   0.769432 f
  candidates_i/U3157/B (AND2X2)                                 0.025619  0.000000   0.769432 f
  candidates_i/U3157/Y (AND2X2)                                 0.012811  0.049702   0.819134 f
  candidates_i/n903 (net)                       1     0.010104            0.000000   0.819134 f
  candidates_i/U3148/A (INVX8)                                  0.012811  0.000000   0.819134 f
  candidates_i/U3148/Y (INVX8)                                  0.012845  0.023070   0.842203 r
  candidates_i/n1722 (net)                     16     0.033385            0.000000   0.842203 r
  candidates_i/U331/B (AND2X1)                                  0.012845  0.000000   0.842203 r
  candidates_i/U331/Y (AND2X1)                                  0.029640  0.040397   0.882600 r
  candidates_i/n1741 (net)                      1     0.001551            0.000000   0.882600 r
  candidates_i/U3013/A (INVX1)                                  0.029640  0.000000   0.882600 r
  candidates_i/U3013/Y (INVX1)                                  0.011532  0.021869   0.904469 f
  candidates_i/n783 (net)                       1     0.002600            0.000000   0.904469 f
  candidates_i/U1115/B (NAND3X1)                                0.011532  0.000000   0.904469 f
  candidates_i/U1115/Y (NAND3X1)                                0.033886  0.030522   0.934991 r
  candidates_i/n1517 (net)                      1     0.001539            0.000000   0.934991 r
  candidates_i/U330/A (BUFX2)                                   0.033886  0.000000   0.934991 r
  candidates_i/U330/Y (BUFX2)                                   0.039690  0.054946   0.989937 r
  candidates_i/n782 (net)                       3     0.015301            0.000000   0.989937 r
  candidates_i/U44/A (INVX8)                                    0.039690  0.000000   0.989937 r
  candidates_i/U44/Y (INVX8)                                    0.022802  0.028622   1.018559 f
  candidates_i/n3303 (net)                     14     0.037191            0.000000   1.018559 f
  candidates_i/U961/A (AOI22X1)                                 0.022802  0.000000   1.018559 f
  candidates_i/U961/Y (AOI22X1)                                 0.044054  0.049140   1.067700 r
  candidates_i/n1575 (net)                      1     0.001798            0.000000   1.067700 r
  candidates_i/U130/A (AND2X2)                                  0.044054  0.000000   1.067700 r
  candidates_i/U130/Y (AND2X2)                                  0.011031  0.035332   1.103032 r
  candidates_i/n1574 (net)                      1     0.002961            0.000000   1.103032 r
  candidates_i/U959/C (NAND3X1)                                 0.011031  0.000000   1.103032 r
  candidates_i/U959/Y (NAND3X1)                                 0.015945  0.010514   1.113546 f
  candidates_i/n1565 (net)                      1     0.002301            0.000000   1.113546 f
  candidates_i/U2233/A (OR2X2)                                  0.015945  0.000000   1.113546 f
  candidates_i/U2233/Y (OR2X2)                                  0.006920  0.039424   1.152970 f
  candidates_i/n1172 (net)                      2     0.002952            0.000000   1.152970 f
  candidates_i/U2235/A (INVX1)                                  0.006920  0.000000   1.152970 f
  candidates_i/U2235/Y (INVX1)                                  0.000000  0.001484   1.154454 r
  candidates_i/n112 (net)                       1     0.002741            0.000000   1.154454 r
  candidates_i/U941/A (AOI21X1)                                 0.000000  0.000000   1.154454 r
  candidates_i/U941/Y (AOI21X1)                                 0.013866  0.011884   1.166339 f
  candidates_i/n1177 (net)                      1     0.001476            0.000000   1.166339 f
  candidates_i/U2274/A (INVX1)                                  0.013866  0.000000   1.166339 f
  candidates_i/U2274/Y (INVX1)                                  0.000000  0.003669   1.170008 r
  candidates_i/n140 (net)                       1     0.002655            0.000000   1.170008 r
  candidates_i/U10/A (INVX2)                                    0.000000  0.000000   1.170008 r
  candidates_i/U10/Y (INVX2)                                    0.004253  0.026199   1.196207 f
  candidates_i/n141 (net)                       3     0.007766            0.000000   1.196207 f
  candidates_i/U940/C (NAND3X1)                                 0.004253  0.000000   1.196207 f
  candidates_i/U940/Y (NAND3X1)                                 0.033894  0.026307   1.222514 r
  candidates_i/n1217 (net)                      1     0.001539            0.000000   1.222514 r
  candidates_i/U2154/A (BUFX2)                                  0.033894  0.000000   1.222514 r
  candidates_i/U2154/Y (BUFX2)                                  0.015270  0.038802   1.261316 r
  candidates_i/n60 (net)                        2     0.004839            0.000000   1.261316 r
  candidates_i/U939/C (NOR3X1)                                  0.015270  0.000000   1.261316 r
  candidates_i/U939/Y (NOR3X1)                                  0.043138  0.032887   1.294203 f
  candidates_i/n1074 (net)                      3     0.008090            0.000000   1.294203 f
  candidates_i/U938/C (NAND3X1)                                 0.043138  0.000000   1.294203 f
  candidates_i/U938/Y (NAND3X1)                                 0.033951  0.036253   1.330456 r
  candidates_i/n1547 (net)                      1     0.001551            0.000000   1.330456 r
  candidates_i/U3285/A (INVX1)                                  0.033951  0.000000   1.330456 r
  candidates_i/U3285/Y (INVX1)                                  0.027670  0.034284   1.364740 f
  candidates_i/n3290 (net)                      3     0.008090            0.000000   1.364740 f
  candidates_i/U937/C (NAND3X1)                                 0.027670  0.000000   1.364740 f
  candidates_i/U937/Y (NAND3X1)                                 0.033951  0.032311   1.397051 r
  candidates_i/n1545 (net)                      1     0.001551            0.000000   1.397051 r
  candidates_i/U3284/A (INVX1)                                  0.033951  0.000000   1.397051 r
  candidates_i/U3284/Y (INVX1)                                  0.027670  0.034284   1.431335 f
  candidates_i/n3289 (net)                      3     0.008090            0.000000   1.431335 f
  candidates_i/U936/C (NAND3X1)                                 0.027670  0.000000   1.431335 f
  candidates_i/U936/Y (NAND3X1)                                 0.033951  0.032311   1.463647 r
  candidates_i/n1543 (net)                      1     0.001551            0.000000   1.463647 r
  candidates_i/U3283/A (INVX1)                                  0.033951  0.000000   1.463647 r
  candidates_i/U3283/Y (INVX1)                                  0.027670  0.034284   1.497931 f
  candidates_i/n3288 (net)                      3     0.008090            0.000000   1.497931 f
  candidates_i/U935/C (NAND3X1)                                 0.027670  0.000000   1.497931 f
  candidates_i/U935/Y (NAND3X1)                                 0.033951  0.032311   1.530242 r
  candidates_i/n1541 (net)                      1     0.001551            0.000000   1.530242 r
  candidates_i/U3286/A (INVX1)                                  0.033951  0.000000   1.530242 r
  candidates_i/U3286/Y (INVX1)                                  0.018018  0.027680   1.557923 f
  candidates_i/n3287 (net)                      2     0.004867            0.000000   1.557923 f
  candidates_i/U933/A (NAND3X1)                                 0.018018  0.000000   1.557923 f
  candidates_i/U933/Y (NAND3X1)                                 0.034058  0.039145   1.597068 r
  candidates_i/n1539 (net)                      1     0.002365            0.000000   1.597068 r
  candidates_i/U932/B (NOR2X1)                                  0.034058  0.000000   1.597068 r
  candidates_i/U932/Y (NOR2X1)                                  0.003987  0.019484   1.616552 f
  candidates_i/n1224 (net)                      1     0.002658            0.000000   1.616552 f
  candidates_i/U653/A (AOI22X1)                                 0.003987  0.000000   1.616552 f
  candidates_i/U653/Y (AOI22X1)                                 0.045864  0.044703   1.661255 r
  candidates_i/n1223 (net)                      1     0.002027            0.000000   1.661255 r
  candidates_i/U652/B (NAND2X1)                                 0.045864  0.000000   1.661255 r
  candidates_i/U652/Y (NAND2X1)                                 0.019027  0.023156   1.684411 f
  candidates_i/candidate_mask[0] (net)          1     0.002209            0.000000   1.684411 f
  candidates_i/candidate_mask[0] (mc_candidates_Q_DEPTH16_ROW_W8_COL_W6)  0.000000   1.684411 f
  candidate_mask[0] (net)                             0.002209            0.000000   1.684411 f
  frfcfs.scheduler_i/candidate_mask[0] (mc_scheduler_frfcfs_Q_DEPTH16_ADDR_W16_AGE_LIMIT128_AGING_ENABLE1)
                                                                          0.000000   1.684411 f
  frfcfs.scheduler_i/candidate_mask[0] (net)          0.002209            0.000000   1.684411 f
  frfcfs.scheduler_i/U514/A (NAND3X1)                           0.019027  0.000000   1.684411 f
  frfcfs.scheduler_i/U514/Y (NAND3X1)                           0.044845  0.044318   1.728729 r
  frfcfs.scheduler_i/n882 (net)                 2     0.003937            0.000000   1.728729 r
  frfcfs.scheduler_i/U1126/A (INVX1)                            0.044845  0.000000   1.728729 r
  frfcfs.scheduler_i/U1126/Y (INVX1)                            0.010641  0.026103   1.754832 f
  frfcfs.scheduler_i/n264 (net)                 1     0.002658            0.000000   1.754832 f
  frfcfs.scheduler_i/U507/A (AOI22X1)                           0.010641  0.000000   1.754832 f
  frfcfs.scheduler_i/U507/Y (AOI22X1)                           0.044905  0.046052   1.800884 r
  frfcfs.scheduler_i/n932 (net)                 1     0.001869            0.000000   1.800884 r
  frfcfs.scheduler_i/U58/B (AND2X2)                             0.044905  0.000000   1.800884 r
  frfcfs.scheduler_i/U58/Y (AND2X2)                             0.012074  0.034749   1.835632 r
  frfcfs.scheduler_i/n930 (net)                 1     0.002961            0.000000   1.835632 r
  frfcfs.scheduler_i/U506/C (NAND3X1)                           0.012074  0.000000   1.835632 r
  frfcfs.scheduler_i/U506/Y (NAND3X1)                           0.015893  0.010758   1.846390 f
  frfcfs.scheduler_i/n889 (net)                 1     0.002301            0.000000   1.846390 f
  frfcfs.scheduler_i/U56/A (OR2X2)                              0.015893  0.000000   1.846390 f
  frfcfs.scheduler_i/U56/Y (OR2X2)                              0.013803  0.044609   1.890999 f
  frfcfs.scheduler_i/n850 (net)                 2     0.007708            0.000000   1.890999 f
  frfcfs.scheduler_i/U176/A (BUFX4)                             0.013803  0.000000   1.890999 f
  frfcfs.scheduler_i/U176/Y (BUFX4)                             0.006548  0.049802   1.940801 f
  frfcfs.scheduler_i/n208 (net)                 8     0.020525            0.000000   1.940801 f
  frfcfs.scheduler_i/U428/A (AOI21X1)                           0.006548  0.000000   1.940801 f
  frfcfs.scheduler_i/U428/Y (AOI21X1)                           0.023522  0.032801   1.973603 r
  frfcfs.scheduler_i/n599 (net)                 1     0.001551            0.000000   1.973603 r
  frfcfs.scheduler_i/U173/A (INVX1)                             0.023522  0.000000   1.973603 r
  frfcfs.scheduler_i/U173/Y (INVX1)                             0.027930  0.031157   2.004759 f
  frfcfs.scheduler_i/n205 (net)                 4     0.007937            0.000000   2.004759 f
  frfcfs.scheduler_i/U3/A (INVX2)                               0.027930  0.000000   2.004759 f
  frfcfs.scheduler_i/U3/Y (INVX2)                               0.024230  0.031591   2.036350 r
  frfcfs.scheduler_i/n115 (net)                 4     0.011449            0.000000   2.036350 r
  frfcfs.scheduler_i/U306/A (AOI22X1)                           0.024230  0.000000   2.036350 r
  frfcfs.scheduler_i/U306/Y (AOI22X1)                           0.034231  0.034947   2.071298 f
  frfcfs.scheduler_i/n708 (net)                 1     0.001820            0.000000   2.071298 f
  frfcfs.scheduler_i/U19/B (AND2X2)                             0.034231  0.000000   2.071298 f
  frfcfs.scheduler_i/U19/Y (AND2X2)                             0.004684  0.044299   2.115597 f
  frfcfs.scheduler_i/n706 (net)                 1     0.002832            0.000000   2.115597 f
  frfcfs.scheduler_i/U305/C (NAND3X1)                           0.004684  0.000000   2.115597 f
  frfcfs.scheduler_i/U305/Y (NAND3X1)                           0.036595  0.028697   2.144294 r
  frfcfs.scheduler_i/n703 (net)                 1     0.002283            0.000000   2.144294 r
  frfcfs.scheduler_i/U18/B (OR2X2)                              0.036595  0.000000   2.144294 r
  frfcfs.scheduler_i/U18/Y (OR2X2)                              0.016560  0.050077   2.194372 r
  frfcfs.scheduler_i/n640 (net)                 2     0.004512            0.000000   2.194372 r
  frfcfs.scheduler_i/U249/C (NAND3X1)                           0.016560  0.000000   2.194372 r
  frfcfs.scheduler_i/U249/Y (NAND3X1)                           0.015683  0.011173   2.205545 f
  frfcfs.scheduler_i/n639 (net)                 1     0.001924            0.000000   2.205545 f
  frfcfs.scheduler_i/U248/C (OAI21X1)                           0.015683  0.000000   2.205545 f
  frfcfs.scheduler_i/U248/Y (OAI21X1)                           0.041507  0.022187   2.227733 r
  frfcfs.scheduler_i/n635 (net)                 1     0.002817            0.000000   2.227733 r
  frfcfs.scheduler_i/U247/A (AOI22X1)                           0.041507  0.000000   2.227733 r
  frfcfs.scheduler_i/U247/Y (AOI22X1)                           0.035654  0.039231   2.266963 f
  frfcfs.scheduler_i/n634 (net)                 1     0.002312            0.000000   2.266963 f
  frfcfs.scheduler_i/U246/C (AOI21X1)                           0.035654  0.000000   2.266963 f
  frfcfs.scheduler_i/U246/Y (AOI21X1)                           0.027492  0.025672   2.292635 r
  frfcfs.scheduler_i/n632 (net)                 1     0.002386            0.000000   2.292635 r
  frfcfs.scheduler_i/U245/C (AOI21X1)                           0.027492  0.000000   2.292635 r
  frfcfs.scheduler_i/U245/Y (AOI21X1)                           0.017736  0.017529   2.310163 f
  frfcfs.scheduler_i/n629 (net)                 1     0.002632            0.000000   2.310163 f
  frfcfs.scheduler_i/U244/B (OAI21X1)                           0.017736  0.000000   2.310163 f
  frfcfs.scheduler_i/U244/Y (OAI21X1)                           0.044864  0.043116   2.353279 r
  frfcfs.scheduler_i/n627 (net)                 1     0.002741            0.000000   2.353279 r
  frfcfs.scheduler_i/U243/A (AOI21X1)                           0.044864  0.000000   2.353279 r
  frfcfs.scheduler_i/U243/Y (AOI21X1)                           0.017818  0.024719   2.377998 f
  frfcfs.scheduler_i/n625 (net)                 1     0.002632            0.000000   2.377998 f
  frfcfs.scheduler_i/U242/B (OAI21X1)                           0.017818  0.000000   2.377998 f
  frfcfs.scheduler_i/U242/Y (OAI21X1)                           0.044857  0.043134   2.421132 r
  frfcfs.scheduler_i/n622 (net)                 1     0.002741            0.000000   2.421132 r
  frfcfs.scheduler_i/U241/A (AOI21X1)                           0.044857  0.000000   2.421132 r
  frfcfs.scheduler_i/U241/Y (AOI21X1)                           0.017822  0.024717   2.445849 f
  frfcfs.scheduler_i/n620 (net)                 1     0.002632            0.000000   2.445849 f
  frfcfs.scheduler_i/U239/B (OAI21X1)                           0.017822  0.000000   2.445849 f
  frfcfs.scheduler_i/U239/Y (OAI21X1)                           0.046851  0.047097   2.492946 r
  frfcfs.scheduler_i/n1257 (net)                1     0.003979            0.000000   2.492946 r
  frfcfs.scheduler_i/U177/A (BUFX4)                             0.046851  0.000000   2.492946 r
  frfcfs.scheduler_i/U177/Y (BUFX4)                             0.032073  0.034766   2.527712 r
  frfcfs.scheduler_i/select_slot[0] (net)       8     0.022180            0.000000   2.527712 r
  frfcfs.scheduler_i/select_slot[0] (mc_scheduler_frfcfs_Q_DEPTH16_ADDR_W16_AGE_LIMIT128_AGING_ENABLE1)
                                                                          0.000000   2.527712 r
  select_slot[0] (net)                                0.022180            0.000000   2.527712 r
  U836/A (BUFX4)                                                0.032073  0.000000   2.527712 r
  U836/Y (BUFX4)                                                0.018447  0.027099   2.554811 r
  n277 (net)                                    6     0.011281            0.000000   2.554811 r
  U1582/A (AND2X2)                                              0.018447  0.000000   2.554811 r
  U1582/Y (AND2X2)                                              0.013630  0.036815   2.591627 r
  n6133 (net)                                   3     0.004629            0.000000   2.591627 r
  U1193/A (BUFX2)                                               0.013630  0.000000   2.591627 r
  U1193/Y (BUFX2)                                               0.034442  0.051376   2.643003 r
  n478 (net)                                    9     0.013959            0.000000   2.643003 r
  U1198/A (INVX1)                                               0.034442  0.000000   2.643003 r
  U1198/Y (INVX1)                                               0.010139  0.022446   2.665449 f
  n483 (net)                                    1     0.002247            0.000000   2.665449 f
  U1672/B (OR2X1)                                               0.010139  0.000000   2.665449 f
  U1672/Y (OR2X1)                                               0.012146  0.047825   2.713274 f
  n5081 (net)                                   1     0.001924            0.000000   2.713274 f
  U5714/C (OAI21X1)                                             0.012146  0.000000   2.713274 f
  U5714/Y (OAI21X1)                                             0.039701  0.020093   2.733367 r
  n5084 (net)                                   1     0.002525            0.000000   2.733367 r
  U1671/A (OR2X1)                                               0.039701  0.000000   2.733367 r
  U1671/Y (OR2X1)                                               0.023883  0.041393   2.774760 r
  n5092 (net)                                   1     0.003021            0.000000   2.774760 r
  U5718/A (NOR3X1)                                              0.023883  0.000000   2.774760 r
  U5718/Y (NOR3X1)                                              0.026948  0.037790   2.812550 f
  n5103 (net)                                   1     0.002569            0.000000   2.812550 f
  U5724/B (MUX2X1)                                              0.026948  0.000000   2.812550 f
  U5724/Y (MUX2X1)                                              0.054161  0.058998   2.871548 r
  n5104 (net)                                   1     0.005080            0.000000   2.871548 r
  U292/A (INVX4)                                                0.054161  0.000000   2.871548 r
  U292/Y (INVX4)                                                0.026647  0.027090   2.898638 f
  cmd_bank[0] (net)                             4     0.015174            0.000000   2.898638 f
  cmd_bank[0] (out)                                             0.026647  0.000000   2.898638 f
  data arrival time                                                                  2.898638

  clock core_clk (rise edge)                                              4.000000   4.000000
  clock network delay (ideal)                                             0.000000   4.000000
  clock uncertainty                                                       -0.100000  3.900000
  output external delay                                                   -1.000000  2.900000
  data required time                                                                 2.900000
  ----------------------------------------------------------------------------------------------
  data required time                                                                 2.900000
  data arrival time                                                                  -2.898638
  ----------------------------------------------------------------------------------------------
  slack (MET)                                                                        0.001363


  Startpoint: table_i/addresses_reg[84]
              (rising edge-triggered flip-flop clocked by core_clk)
  Endpoint: cmd_bank[1]
            (output port clocked by core_clk)
  Path Group: core_clk
  Path Type: max

  Point                                       Fanout       Cap     Trans      Incr       Path
  ----------------------------------------------------------------------------------------------
  clock core_clk (rise edge)                                              0.000000   0.000000
  clock network delay (ideal)                                             0.000000   0.000000
  table_i/addresses_reg[84]/CLK (DFFPOSX1)                      0.000000  0.000000 # 0.000000 r
  table_i/addresses_reg[84]/Q (DFFPOSX1)                        0.058021  0.131637   0.131637 f
  table_i/addresses[84] (net)                   8     0.031155            0.000000   0.131637 f
  table_i/addresses[84] (mc_transaction_table_Q_DEPTH16_ADDR_W16_DATA_W32_TAG_W8_READ_LATENCY3_AGE_LIMIT128)
                                                                          0.000000   0.131637 f
  addresses[84] (net)                                 0.031155            0.000000   0.131637 f
  U2450/A (INVX1)                                               0.058021  0.000000   0.131637 f
  U2450/Y (INVX1)                                               0.000000  0.015769   0.147407 r
  n1090 (net)                                   1     0.001551            0.000000   0.147407 r
  U1924/A (INVX1)                                               0.000000  0.000000   0.147407 r
  U1924/Y (INVX1)                                               0.017355  0.016424   0.163831 f
  n1091 (net)                                   1     0.003854            0.000000   0.163831 f
  U1161/A (BUFX4)                                               0.017355  0.000000   0.163831 f
  U1161/Y (BUFX4)                                               0.030826  0.063272   0.227103 f
  n448 (net)                                   10     0.050554            0.000000   0.227103 f
  U4453/B (XOR2X1)                                              0.030826  0.000000   0.227103 f
  U4453/Y (XOR2X1)                                              0.042323  0.051153   0.278256 r
  n3602 (net)                                   1     0.002283            0.000000   0.278256 r
  U1350/B (OR2X2)                                               0.042323  0.000000   0.278256 r
  U1350/Y (OR2X2)                                               0.010575  0.046293   0.324549 r
  n3604 (net)                                   1     0.001551            0.000000   0.324549 r
  U1351/A (INVX1)                                               0.010575  0.000000   0.324549 r
  U1351/Y (INVX1)                                               0.013561  0.017186   0.341735 f
  n631 (net)                                    1     0.002832            0.000000   0.341735 f
  U4454/C (NAND3X1)                                             0.013561  0.000000   0.341735 f
  U4454/Y (NAND3X1)                                             0.041697  0.034052   0.375787 r
  n3607 (net)                                   1     0.003288            0.000000   0.375787 r
  U4455/C (NOR3X1)                                              0.041697  0.000000   0.375787 r
  U4455/Y (NOR3X1)                                              0.053000  0.046559   0.422346 f
  same_address_91 (net)                         4     0.011326            0.000000   0.422346 f
  candidates_i/same_address[181] (mc_candidates_Q_DEPTH16_ROW_W8_COL_W6)  0.000000   0.422346 f
  candidates_i/same_address[181] (net)                0.011326            0.000000   0.422346 f
  candidates_i/U1793/C (NAND3X1)                                0.053000  0.000000   0.422346 f
  candidates_i/U1793/Y (NAND3X1)                                0.031489  0.039529   0.461875 r
  candidates_i/n2473 (net)                      1     0.001798            0.000000   0.461875 r
  candidates_i/U250/A (AND2X2)                                  0.031489  0.000000   0.461875 r
  candidates_i/U250/Y (AND2X2)                                  0.011373  0.034788   0.496663 r
  candidates_i/n2471 (net)                      1     0.002961            0.000000   0.496663 r
  candidates_i/U1792/C (NAND3X1)                                0.011373  0.000000   0.496663 r
  candidates_i/U1792/Y (NAND3X1)                                0.017970  0.011781   0.508444 f
  candidates_i/n2461 (net)                      1     0.003011            0.000000   0.508444 f
  candidates_i/U1784/A (NOR3X1)                                 0.017970  0.000000   0.508444 f
  candidates_i/U1784/Y (NOR3X1)                                 0.049388  0.048627   0.557072 r
  candidates_i/n2460 (net)                      1     0.002027            0.000000   0.557072 r
  candidates_i/U1783/B (NAND2X1)                                0.049388  0.000000   0.557072 r
  candidates_i/U1783/Y (NAND2X1)                                0.022283  0.026500   0.583572 f
  candidates_i/n1776 (net)                      2     0.003685            0.000000   0.583572 f
  candidates_i/U3210/A (INVX1)                                  0.022283  0.000000   0.583572 f
  candidates_i/U3210/Y (INVX1)                                  0.000000  0.011533   0.595105 r
  candidates_i/eligible[5] (net)                2     0.004161            0.000000   0.595105 r
  candidates_i/U3149/B (AND2X2)                                 0.000000  0.000000   0.595105 r
  candidates_i/U3149/Y (AND2X2)                                 0.028421  0.044977   0.640082 r
  candidates_i/n1482 (net)                      4     0.011017            0.000000   0.640082 r
  candidates_i/U1152/A (NAND3X1)                                0.028421  0.000000   0.640082 r
  candidates_i/U1152/Y (NAND3X1)                                0.014881  0.019599   0.659681 f
  candidates_i/n1775 (net)                      1     0.001820            0.000000   0.659681 f
  candidates_i/U160/B (AND2X2)                                  0.014881  0.000000   0.659681 f
  candidates_i/U160/Y (AND2X2)                                  0.000000  0.038994   0.698674 f
  candidates_i/n1773 (net)                      1     0.002832            0.000000   0.698674 f
  candidates_i/U1151/C (NAND3X1)                                0.000000  0.000000   0.698674 f
  candidates_i/U1151/Y (NAND3X1)                                0.040671  0.029765   0.728440 r
  candidates_i/n1760 (net)                      1     0.003021            0.000000   0.728440 r
  candidates_i/U1144/A (NOR3X1)                                 0.040671  0.000000   0.728440 r
  candidates_i/U1144/Y (NOR3X1)                                 0.025619  0.040992   0.769432 f
  candidates_i/n1759 (net)                      1     0.001820            0.000000   0.769432 f
  candidates_i/U3157/B (AND2X2)                                 0.025619  0.000000   0.769432 f
  candidates_i/U3157/Y (AND2X2)                                 0.012811  0.049702   0.819134 f
  candidates_i/n903 (net)                       1     0.010104            0.000000   0.819134 f
  candidates_i/U3148/A (INVX8)                                  0.012811  0.000000   0.819134 f
  candidates_i/U3148/Y (INVX8)                                  0.012845  0.023070   0.842203 r
  candidates_i/n1722 (net)                     16     0.033385            0.000000   0.842203 r
  candidates_i/U331/B (AND2X1)                                  0.012845  0.000000   0.842203 r
  candidates_i/U331/Y (AND2X1)                                  0.029640  0.040397   0.882600 r
  candidates_i/n1741 (net)                      1     0.001551            0.000000   0.882600 r
  candidates_i/U3013/A (INVX1)                                  0.029640  0.000000   0.882600 r
  candidates_i/U3013/Y (INVX1)                                  0.011532  0.021869   0.904469 f
  candidates_i/n783 (net)                       1     0.002600            0.000000   0.904469 f
  candidates_i/U1115/B (NAND3X1)                                0.011532  0.000000   0.904469 f
  candidates_i/U1115/Y (NAND3X1)                                0.033886  0.030522   0.934991 r
  candidates_i/n1517 (net)                      1     0.001539            0.000000   0.934991 r
  candidates_i/U330/A (BUFX2)                                   0.033886  0.000000   0.934991 r
  candidates_i/U330/Y (BUFX2)                                   0.039690  0.054946   0.989937 r
  candidates_i/n782 (net)                       3     0.015301            0.000000   0.989937 r
  candidates_i/U44/A (INVX8)                                    0.039690  0.000000   0.989937 r
  candidates_i/U44/Y (INVX8)                                    0.022802  0.028622   1.018559 f
  candidates_i/n3303 (net)                     14     0.037191            0.000000   1.018559 f
  candidates_i/U961/A (AOI22X1)                                 0.022802  0.000000   1.018559 f
  candidates_i/U961/Y (AOI22X1)                                 0.044054  0.049140   1.067700 r
  candidates_i/n1575 (net)                      1     0.001798            0.000000   1.067700 r
  candidates_i/U130/A (AND2X2)                                  0.044054  0.000000   1.067700 r
  candidates_i/U130/Y (AND2X2)                                  0.011031  0.035332   1.103032 r
  candidates_i/n1574 (net)                      1     0.002961            0.000000   1.103032 r
  candidates_i/U959/C (NAND3X1)                                 0.011031  0.000000   1.103032 r
  candidates_i/U959/Y (NAND3X1)                                 0.015945  0.010514   1.113546 f
  candidates_i/n1565 (net)                      1     0.002301            0.000000   1.113546 f
  candidates_i/U2233/A (OR2X2)                                  0.015945  0.000000   1.113546 f
  candidates_i/U2233/Y (OR2X2)                                  0.006920  0.039424   1.152970 f
  candidates_i/n1172 (net)                      2     0.002952            0.000000   1.152970 f
  candidates_i/U2235/A (INVX1)                                  0.006920  0.000000   1.152970 f
  candidates_i/U2235/Y (INVX1)                                  0.000000  0.001484   1.154454 r
  candidates_i/n112 (net)                       1     0.002741            0.000000   1.154454 r
  candidates_i/U941/A (AOI21X1)                                 0.000000  0.000000   1.154454 r
  candidates_i/U941/Y (AOI21X1)                                 0.013866  0.011884   1.166339 f
  candidates_i/n1177 (net)                      1     0.001476            0.000000   1.166339 f
  candidates_i/U2274/A (INVX1)                                  0.013866  0.000000   1.166339 f
  candidates_i/U2274/Y (INVX1)                                  0.000000  0.003669   1.170008 r
  candidates_i/n140 (net)                       1     0.002655            0.000000   1.170008 r
  candidates_i/U10/A (INVX2)                                    0.000000  0.000000   1.170008 r
  candidates_i/U10/Y (INVX2)                                    0.004253  0.026199   1.196207 f
  candidates_i/n141 (net)                       3     0.007766            0.000000   1.196207 f
  candidates_i/U940/C (NAND3X1)                                 0.004253  0.000000   1.196207 f
  candidates_i/U940/Y (NAND3X1)                                 0.033894  0.026307   1.222514 r
  candidates_i/n1217 (net)                      1     0.001539            0.000000   1.222514 r
  candidates_i/U2154/A (BUFX2)                                  0.033894  0.000000   1.222514 r
  candidates_i/U2154/Y (BUFX2)                                  0.015270  0.038802   1.261316 r
  candidates_i/n60 (net)                        2     0.004839            0.000000   1.261316 r
  candidates_i/U939/C (NOR3X1)                                  0.015270  0.000000   1.261316 r
  candidates_i/U939/Y (NOR3X1)                                  0.043138  0.032887   1.294203 f
  candidates_i/n1074 (net)                      3     0.008090            0.000000   1.294203 f
  candidates_i/U938/C (NAND3X1)                                 0.043138  0.000000   1.294203 f
  candidates_i/U938/Y (NAND3X1)                                 0.033951  0.036253   1.330456 r
  candidates_i/n1547 (net)                      1     0.001551            0.000000   1.330456 r
  candidates_i/U3285/A (INVX1)                                  0.033951  0.000000   1.330456 r
  candidates_i/U3285/Y (INVX1)                                  0.027670  0.034284   1.364740 f
  candidates_i/n3290 (net)                      3     0.008090            0.000000   1.364740 f
  candidates_i/U937/C (NAND3X1)                                 0.027670  0.000000   1.364740 f
  candidates_i/U937/Y (NAND3X1)                                 0.033951  0.032311   1.397051 r
  candidates_i/n1545 (net)                      1     0.001551            0.000000   1.397051 r
  candidates_i/U3284/A (INVX1)                                  0.033951  0.000000   1.397051 r
  candidates_i/U3284/Y (INVX1)                                  0.027670  0.034284   1.431335 f
  candidates_i/n3289 (net)                      3     0.008090            0.000000   1.431335 f
  candidates_i/U936/C (NAND3X1)                                 0.027670  0.000000   1.431335 f
  candidates_i/U936/Y (NAND3X1)                                 0.033951  0.032311   1.463647 r
  candidates_i/n1543 (net)                      1     0.001551            0.000000   1.463647 r
  candidates_i/U3283/A (INVX1)                                  0.033951  0.000000   1.463647 r
  candidates_i/U3283/Y (INVX1)                                  0.027670  0.034284   1.497931 f
  candidates_i/n3288 (net)                      3     0.008090            0.000000   1.497931 f
  candidates_i/U935/C (NAND3X1)                                 0.027670  0.000000   1.497931 f
  candidates_i/U935/Y (NAND3X1)                                 0.033951  0.032311   1.530242 r
  candidates_i/n1541 (net)                      1     0.001551            0.000000   1.530242 r
  candidates_i/U3286/A (INVX1)                                  0.033951  0.000000   1.530242 r
  candidates_i/U3286/Y (INVX1)                                  0.018018  0.027680   1.557923 f
  candidates_i/n3287 (net)                      2     0.004867            0.000000   1.557923 f
  candidates_i/U933/A (NAND3X1)                                 0.018018  0.000000   1.557923 f
  candidates_i/U933/Y (NAND3X1)                                 0.034058  0.039145   1.597068 r
  candidates_i/n1539 (net)                      1     0.002365            0.000000   1.597068 r
  candidates_i/U932/B (NOR2X1)                                  0.034058  0.000000   1.597068 r
  candidates_i/U932/Y (NOR2X1)                                  0.003987  0.019484   1.616552 f
  candidates_i/n1224 (net)                      1     0.002658            0.000000   1.616552 f
  candidates_i/U653/A (AOI22X1)                                 0.003987  0.000000   1.616552 f
  candidates_i/U653/Y (AOI22X1)                                 0.045864  0.044703   1.661255 r
  candidates_i/n1223 (net)                      1     0.002027            0.000000   1.661255 r
  candidates_i/U652/B (NAND2X1)                                 0.045864  0.000000   1.661255 r
  candidates_i/U652/Y (NAND2X1)                                 0.019027  0.023156   1.684411 f
  candidates_i/candidate_mask[0] (net)          1     0.002209            0.000000   1.684411 f
  candidates_i/candidate_mask[0] (mc_candidates_Q_DEPTH16_ROW_W8_COL_W6)  0.000000   1.684411 f
  candidate_mask[0] (net)                             0.002209            0.000000   1.684411 f
  frfcfs.scheduler_i/candidate_mask[0] (mc_scheduler_frfcfs_Q_DEPTH16_ADDR_W16_AGE_LIMIT128_AGING_ENABLE1)
                                                                          0.000000   1.684411 f
  frfcfs.scheduler_i/candidate_mask[0] (net)          0.002209            0.000000   1.684411 f
  frfcfs.scheduler_i/U514/A (NAND3X1)                           0.019027  0.000000   1.684411 f
  frfcfs.scheduler_i/U514/Y (NAND3X1)                           0.044845  0.044318   1.728729 r
  frfcfs.scheduler_i/n882 (net)                 2     0.003937            0.000000   1.728729 r
  frfcfs.scheduler_i/U1126/A (INVX1)                            0.044845  0.000000   1.728729 r
  frfcfs.scheduler_i/U1126/Y (INVX1)                            0.010641  0.026103   1.754832 f
  frfcfs.scheduler_i/n264 (net)                 1     0.002658            0.000000   1.754832 f
  frfcfs.scheduler_i/U507/A (AOI22X1)                           0.010641  0.000000   1.754832 f
  frfcfs.scheduler_i/U507/Y (AOI22X1)                           0.044905  0.046052   1.800884 r
  frfcfs.scheduler_i/n932 (net)                 1     0.001869            0.000000   1.800884 r
  frfcfs.scheduler_i/U58/B (AND2X2)                             0.044905  0.000000   1.800884 r
  frfcfs.scheduler_i/U58/Y (AND2X2)                             0.012074  0.034749   1.835632 r
  frfcfs.scheduler_i/n930 (net)                 1     0.002961            0.000000   1.835632 r
  frfcfs.scheduler_i/U506/C (NAND3X1)                           0.012074  0.000000   1.835632 r
  frfcfs.scheduler_i/U506/Y (NAND3X1)                           0.015893  0.010758   1.846390 f
  frfcfs.scheduler_i/n889 (net)                 1     0.002301            0.000000   1.846390 f
  frfcfs.scheduler_i/U56/A (OR2X2)                              0.015893  0.000000   1.846390 f
  frfcfs.scheduler_i/U56/Y (OR2X2)                              0.013803  0.044609   1.890999 f
  frfcfs.scheduler_i/n850 (net)                 2     0.007708            0.000000   1.890999 f
  frfcfs.scheduler_i/U176/A (BUFX4)                             0.013803  0.000000   1.890999 f
  frfcfs.scheduler_i/U176/Y (BUFX4)                             0.006548  0.049802   1.940801 f
  frfcfs.scheduler_i/n208 (net)                 8     0.020525            0.000000   1.940801 f
  frfcfs.scheduler_i/U428/A (AOI21X1)                           0.006548  0.000000   1.940801 f
  frfcfs.scheduler_i/U428/Y (AOI21X1)                           0.023522  0.032801   1.973603 r
  frfcfs.scheduler_i/n599 (net)                 1     0.001551            0.000000   1.973603 r
  frfcfs.scheduler_i/U173/A (INVX1)                             0.023522  0.000000   1.973603 r
  frfcfs.scheduler_i/U173/Y (INVX1)                             0.027930  0.031157   2.004759 f
  frfcfs.scheduler_i/n205 (net)                 4     0.007937            0.000000   2.004759 f
  frfcfs.scheduler_i/U3/A (INVX2)                               0.027930  0.000000   2.004759 f
  frfcfs.scheduler_i/U3/Y (INVX2)                               0.024230  0.031591   2.036350 r
  frfcfs.scheduler_i/n115 (net)                 4     0.011449            0.000000   2.036350 r
  frfcfs.scheduler_i/U306/A (AOI22X1)                           0.024230  0.000000   2.036350 r
  frfcfs.scheduler_i/U306/Y (AOI22X1)                           0.034231  0.034947   2.071298 f
  frfcfs.scheduler_i/n708 (net)                 1     0.001820            0.000000   2.071298 f
  frfcfs.scheduler_i/U19/B (AND2X2)                             0.034231  0.000000   2.071298 f
  frfcfs.scheduler_i/U19/Y (AND2X2)                             0.004684  0.044299   2.115597 f
  frfcfs.scheduler_i/n706 (net)                 1     0.002832            0.000000   2.115597 f
  frfcfs.scheduler_i/U305/C (NAND3X1)                           0.004684  0.000000   2.115597 f
  frfcfs.scheduler_i/U305/Y (NAND3X1)                           0.036595  0.028697   2.144294 r
  frfcfs.scheduler_i/n703 (net)                 1     0.002283            0.000000   2.144294 r
  frfcfs.scheduler_i/U18/B (OR2X2)                              0.036595  0.000000   2.144294 r
  frfcfs.scheduler_i/U18/Y (OR2X2)                              0.016560  0.050077   2.194372 r
  frfcfs.scheduler_i/n640 (net)                 2     0.004512            0.000000   2.194372 r
  frfcfs.scheduler_i/U249/C (NAND3X1)                           0.016560  0.000000   2.194372 r
  frfcfs.scheduler_i/U249/Y (NAND3X1)                           0.015683  0.011173   2.205545 f
  frfcfs.scheduler_i/n639 (net)                 1     0.001924            0.000000   2.205545 f
  frfcfs.scheduler_i/U248/C (OAI21X1)                           0.015683  0.000000   2.205545 f
  frfcfs.scheduler_i/U248/Y (OAI21X1)                           0.041507  0.022187   2.227733 r
  frfcfs.scheduler_i/n635 (net)                 1     0.002817            0.000000   2.227733 r
  frfcfs.scheduler_i/U247/A (AOI22X1)                           0.041507  0.000000   2.227733 r
  frfcfs.scheduler_i/U247/Y (AOI22X1)                           0.035654  0.039231   2.266963 f
  frfcfs.scheduler_i/n634 (net)                 1     0.002312            0.000000   2.266963 f
  frfcfs.scheduler_i/U246/C (AOI21X1)                           0.035654  0.000000   2.266963 f
  frfcfs.scheduler_i/U246/Y (AOI21X1)                           0.027492  0.025672   2.292635 r
  frfcfs.scheduler_i/n632 (net)                 1     0.002386            0.000000   2.292635 r
  frfcfs.scheduler_i/U245/C (AOI21X1)                           0.027492  0.000000   2.292635 r
  frfcfs.scheduler_i/U245/Y (AOI21X1)                           0.017736  0.017529   2.310163 f
  frfcfs.scheduler_i/n629 (net)                 1     0.002632            0.000000   2.310163 f
  frfcfs.scheduler_i/U244/B (OAI21X1)                           0.017736  0.000000   2.310163 f
  frfcfs.scheduler_i/U244/Y (OAI21X1)                           0.044864  0.043116   2.353279 r
  frfcfs.scheduler_i/n627 (net)                 1     0.002741            0.000000   2.353279 r
  frfcfs.scheduler_i/U243/A (AOI21X1)                           0.044864  0.000000   2.353279 r
  frfcfs.scheduler_i/U243/Y (AOI21X1)                           0.017818  0.024719   2.377998 f
  frfcfs.scheduler_i/n625 (net)                 1     0.002632            0.000000   2.377998 f
  frfcfs.scheduler_i/U242/B (OAI21X1)                           0.017818  0.000000   2.377998 f
  frfcfs.scheduler_i/U242/Y (OAI21X1)                           0.044857  0.043134   2.421132 r
  frfcfs.scheduler_i/n622 (net)                 1     0.002741            0.000000   2.421132 r
  frfcfs.scheduler_i/U241/A (AOI21X1)                           0.044857  0.000000   2.421132 r
  frfcfs.scheduler_i/U241/Y (AOI21X1)                           0.017822  0.024717   2.445849 f
  frfcfs.scheduler_i/n620 (net)                 1     0.002632            0.000000   2.445849 f
  frfcfs.scheduler_i/U239/B (OAI21X1)                           0.017822  0.000000   2.445849 f
  frfcfs.scheduler_i/U239/Y (OAI21X1)                           0.046851  0.047097   2.492946 r
  frfcfs.scheduler_i/n1257 (net)                1     0.003979            0.000000   2.492946 r
  frfcfs.scheduler_i/U177/A (BUFX4)                             0.046851  0.000000   2.492946 r
  frfcfs.scheduler_i/U177/Y (BUFX4)                             0.032073  0.034766   2.527712 r
  frfcfs.scheduler_i/select_slot[0] (net)       8     0.022180            0.000000   2.527712 r
  frfcfs.scheduler_i/select_slot[0] (mc_scheduler_frfcfs_Q_DEPTH16_ADDR_W16_AGE_LIMIT128_AGING_ENABLE1)
                                                                          0.000000   2.527712 r
  select_slot[0] (net)                                0.022180            0.000000   2.527712 r
  U836/A (BUFX4)                                                0.032073  0.000000   2.527712 r
  U836/Y (BUFX4)                                                0.018447  0.027099   2.554811 r
  n277 (net)                                    6     0.011281            0.000000   2.554811 r
  U1582/A (AND2X2)                                              0.018447  0.000000   2.554811 r
  U1582/Y (AND2X2)                                              0.013630  0.036815   2.591627 r
  n6133 (net)                                   3     0.004629            0.000000   2.591627 r
  U1193/A (BUFX2)                                               0.013630  0.000000   2.591627 r
  U1193/Y (BUFX2)                                               0.034442  0.051376   2.643003 r
  n478 (net)                                    9     0.013959            0.000000   2.643003 r
  U1199/A (INVX1)                                               0.034442  0.000000   2.643003 r
  U1199/Y (INVX1)                                               0.010139  0.022446   2.665449 f
  n484 (net)                                    1     0.002247            0.000000   2.665449 f
  U1670/B (OR2X1)                                               0.010139  0.000000   2.665449 f
  U1670/Y (OR2X1)                                               0.012146  0.047825   2.713274 f
  n5231 (net)                                   1     0.001924            0.000000   2.713274 f
  U5791/C (OAI21X1)                                             0.012146  0.000000   2.713274 f
  U5791/Y (OAI21X1)                                             0.043333  0.020093   2.733367 r
  n5234 (net)                                   1     0.002525            0.000000   2.733367 r
  U1669/A (OR2X1)                                               0.043333  0.000000   2.733367 r
  U1669/Y (OR2X1)                                               0.023621  0.041438   2.774805 r
  n5239 (net)                                   1     0.003021            0.000000   2.774805 r
  U5795/A (NOR3X1)                                              0.023621  0.000000   2.774805 r
  U5795/Y (NOR3X1)                                              0.026935  0.037716   2.812521 f
  n5250 (net)                                   1     0.002569            0.000000   2.812521 f
  U5801/B (MUX2X1)                                              0.026935  0.000000   2.812521 f
  U5801/Y (MUX2X1)                                              0.054153  0.058995   2.871516 r
  n5251 (net)                                   1     0.005080            0.000000   2.871516 r
  U290/A (INVX4)                                                0.054153  0.000000   2.871516 r
  U290/Y (INVX4)                                                0.026667  0.027112   2.898628 f
  cmd_bank[1] (net)                             4     0.015219            0.000000   2.898628 f
  cmd_bank[1] (out)                                             0.026667  0.000000   2.898628 f
  data arrival time                                                                  2.898628

  clock core_clk (rise edge)                                              4.000000   4.000000
  clock network delay (ideal)                                             0.000000   4.000000
  clock uncertainty                                                       -0.100000  3.900000
  output external delay                                                   -1.000000  2.900000
  data required time                                                                 2.900000
  ----------------------------------------------------------------------------------------------
  data required time                                                                 2.900000
  data arrival time                                                                  -2.898628
  ----------------------------------------------------------------------------------------------
  slack (MET)                                                                        0.001372


  Startpoint: table_i/addresses_reg[84]
              (rising edge-triggered flip-flop clocked by core_clk)
  Endpoint: cmd_col[5] (output port clocked by core_clk)
  Path Group: core_clk
  Path Type: max

  Point                                       Fanout       Cap     Trans      Incr       Path
  ----------------------------------------------------------------------------------------------
  clock core_clk (rise edge)                                              0.000000   0.000000
  clock network delay (ideal)                                             0.000000   0.000000
  table_i/addresses_reg[84]/CLK (DFFPOSX1)                      0.000000  0.000000 # 0.000000 r
  table_i/addresses_reg[84]/Q (DFFPOSX1)                        0.058021  0.131637   0.131637 f
  table_i/addresses[84] (net)                   8     0.031155            0.000000   0.131637 f
  table_i/addresses[84] (mc_transaction_table_Q_DEPTH16_ADDR_W16_DATA_W32_TAG_W8_READ_LATENCY3_AGE_LIMIT128)
                                                                          0.000000   0.131637 f
  addresses[84] (net)                                 0.031155            0.000000   0.131637 f
  U2450/A (INVX1)                                               0.058021  0.000000   0.131637 f
  U2450/Y (INVX1)                                               0.000000  0.015769   0.147407 r
  n1090 (net)                                   1     0.001551            0.000000   0.147407 r
  U1924/A (INVX1)                                               0.000000  0.000000   0.147407 r
  U1924/Y (INVX1)                                               0.017355  0.016424   0.163831 f
  n1091 (net)                                   1     0.003854            0.000000   0.163831 f
  U1161/A (BUFX4)                                               0.017355  0.000000   0.163831 f
  U1161/Y (BUFX4)                                               0.030826  0.063272   0.227103 f
  n448 (net)                                   10     0.050554            0.000000   0.227103 f
  U4453/B (XOR2X1)                                              0.030826  0.000000   0.227103 f
  U4453/Y (XOR2X1)                                              0.042323  0.051153   0.278256 r
  n3602 (net)                                   1     0.002283            0.000000   0.278256 r
  U1350/B (OR2X2)                                               0.042323  0.000000   0.278256 r
  U1350/Y (OR2X2)                                               0.010575  0.046293   0.324549 r
  n3604 (net)                                   1     0.001551            0.000000   0.324549 r
  U1351/A (INVX1)                                               0.010575  0.000000   0.324549 r
  U1351/Y (INVX1)                                               0.013561  0.017186   0.341735 f
  n631 (net)                                    1     0.002832            0.000000   0.341735 f
  U4454/C (NAND3X1)                                             0.013561  0.000000   0.341735 f
  U4454/Y (NAND3X1)                                             0.041697  0.034052   0.375787 r
  n3607 (net)                                   1     0.003288            0.000000   0.375787 r
  U4455/C (NOR3X1)                                              0.041697  0.000000   0.375787 r
  U4455/Y (NOR3X1)                                              0.053000  0.046559   0.422346 f
  same_address_91 (net)                         4     0.011326            0.000000   0.422346 f
  candidates_i/same_address[181] (mc_candidates_Q_DEPTH16_ROW_W8_COL_W6)  0.000000   0.422346 f
  candidates_i/same_address[181] (net)                0.011326            0.000000   0.422346 f
  candidates_i/U1793/C (NAND3X1)                                0.053000  0.000000   0.422346 f
  candidates_i/U1793/Y (NAND3X1)                                0.031489  0.039529   0.461875 r
  candidates_i/n2473 (net)                      1     0.001798            0.000000   0.461875 r
  candidates_i/U250/A (AND2X2)                                  0.031489  0.000000   0.461875 r
  candidates_i/U250/Y (AND2X2)                                  0.011373  0.034788   0.496663 r
  candidates_i/n2471 (net)                      1     0.002961            0.000000   0.496663 r
  candidates_i/U1792/C (NAND3X1)                                0.011373  0.000000   0.496663 r
  candidates_i/U1792/Y (NAND3X1)                                0.017970  0.011781   0.508444 f
  candidates_i/n2461 (net)                      1     0.003011            0.000000   0.508444 f
  candidates_i/U1784/A (NOR3X1)                                 0.017970  0.000000   0.508444 f
  candidates_i/U1784/Y (NOR3X1)                                 0.049388  0.048627   0.557072 r
  candidates_i/n2460 (net)                      1     0.002027            0.000000   0.557072 r
  candidates_i/U1783/B (NAND2X1)                                0.049388  0.000000   0.557072 r
  candidates_i/U1783/Y (NAND2X1)                                0.022283  0.026500   0.583572 f
  candidates_i/n1776 (net)                      2     0.003685            0.000000   0.583572 f
  candidates_i/U3210/A (INVX1)                                  0.022283  0.000000   0.583572 f
  candidates_i/U3210/Y (INVX1)                                  0.000000  0.011533   0.595105 r
  candidates_i/eligible[5] (net)                2     0.004161            0.000000   0.595105 r
  candidates_i/U3149/B (AND2X2)                                 0.000000  0.000000   0.595105 r
  candidates_i/U3149/Y (AND2X2)                                 0.028421  0.044977   0.640082 r
  candidates_i/n1482 (net)                      4     0.011017            0.000000   0.640082 r
  candidates_i/U1152/A (NAND3X1)                                0.028421  0.000000   0.640082 r
  candidates_i/U1152/Y (NAND3X1)                                0.014881  0.019599   0.659681 f
  candidates_i/n1775 (net)                      1     0.001820            0.000000   0.659681 f
  candidates_i/U160/B (AND2X2)                                  0.014881  0.000000   0.659681 f
  candidates_i/U160/Y (AND2X2)                                  0.000000  0.038994   0.698674 f
  candidates_i/n1773 (net)                      1     0.002832            0.000000   0.698674 f
  candidates_i/U1151/C (NAND3X1)                                0.000000  0.000000   0.698674 f
  candidates_i/U1151/Y (NAND3X1)                                0.040671  0.029765   0.728440 r
  candidates_i/n1760 (net)                      1     0.003021            0.000000   0.728440 r
  candidates_i/U1144/A (NOR3X1)                                 0.040671  0.000000   0.728440 r
  candidates_i/U1144/Y (NOR3X1)                                 0.025619  0.040992   0.769432 f
  candidates_i/n1759 (net)                      1     0.001820            0.000000   0.769432 f
  candidates_i/U3157/B (AND2X2)                                 0.025619  0.000000   0.769432 f
  candidates_i/U3157/Y (AND2X2)                                 0.012811  0.049702   0.819134 f
  candidates_i/n903 (net)                       1     0.010104            0.000000   0.819134 f
  candidates_i/U3148/A (INVX8)                                  0.012811  0.000000   0.819134 f
  candidates_i/U3148/Y (INVX8)                                  0.012845  0.023070   0.842203 r
  candidates_i/n1722 (net)                     16     0.033385            0.000000   0.842203 r
  candidates_i/U331/B (AND2X1)                                  0.012845  0.000000   0.842203 r
  candidates_i/U331/Y (AND2X1)                                  0.029640  0.040397   0.882600 r
  candidates_i/n1741 (net)                      1     0.001551            0.000000   0.882600 r
  candidates_i/U3013/A (INVX1)                                  0.029640  0.000000   0.882600 r
  candidates_i/U3013/Y (INVX1)                                  0.011532  0.021869   0.904469 f
  candidates_i/n783 (net)                       1     0.002600            0.000000   0.904469 f
  candidates_i/U1115/B (NAND3X1)                                0.011532  0.000000   0.904469 f
  candidates_i/U1115/Y (NAND3X1)                                0.033886  0.030522   0.934991 r
  candidates_i/n1517 (net)                      1     0.001539            0.000000   0.934991 r
  candidates_i/U330/A (BUFX2)                                   0.033886  0.000000   0.934991 r
  candidates_i/U330/Y (BUFX2)                                   0.039690  0.054946   0.989937 r
  candidates_i/n782 (net)                       3     0.015301            0.000000   0.989937 r
  candidates_i/U44/A (INVX8)                                    0.039690  0.000000   0.989937 r
  candidates_i/U44/Y (INVX8)                                    0.022802  0.028622   1.018559 f
  candidates_i/n3303 (net)                     14     0.037191            0.000000   1.018559 f
  candidates_i/U961/A (AOI22X1)                                 0.022802  0.000000   1.018559 f
  candidates_i/U961/Y (AOI22X1)                                 0.044054  0.049140   1.067700 r
  candidates_i/n1575 (net)                      1     0.001798            0.000000   1.067700 r
  candidates_i/U130/A (AND2X2)                                  0.044054  0.000000   1.067700 r
  candidates_i/U130/Y (AND2X2)                                  0.011031  0.035332   1.103032 r
  candidates_i/n1574 (net)                      1     0.002961            0.000000   1.103032 r
  candidates_i/U959/C (NAND3X1)                                 0.011031  0.000000   1.103032 r
  candidates_i/U959/Y (NAND3X1)                                 0.015945  0.010514   1.113546 f
  candidates_i/n1565 (net)                      1     0.002301            0.000000   1.113546 f
  candidates_i/U2233/A (OR2X2)                                  0.015945  0.000000   1.113546 f
  candidates_i/U2233/Y (OR2X2)                                  0.006920  0.039424   1.152970 f
  candidates_i/n1172 (net)                      2     0.002952            0.000000   1.152970 f
  candidates_i/U2235/A (INVX1)                                  0.006920  0.000000   1.152970 f
  candidates_i/U2235/Y (INVX1)                                  0.000000  0.001484   1.154454 r
  candidates_i/n112 (net)                       1     0.002741            0.000000   1.154454 r
  candidates_i/U941/A (AOI21X1)                                 0.000000  0.000000   1.154454 r
  candidates_i/U941/Y (AOI21X1)                                 0.013866  0.011884   1.166339 f
  candidates_i/n1177 (net)                      1     0.001476            0.000000   1.166339 f
  candidates_i/U2274/A (INVX1)                                  0.013866  0.000000   1.166339 f
  candidates_i/U2274/Y (INVX1)                                  0.000000  0.003669   1.170008 r
  candidates_i/n140 (net)                       1     0.002655            0.000000   1.170008 r
  candidates_i/U10/A (INVX2)                                    0.000000  0.000000   1.170008 r
  candidates_i/U10/Y (INVX2)                                    0.004253  0.026199   1.196207 f
  candidates_i/n141 (net)                       3     0.007766            0.000000   1.196207 f
  candidates_i/U940/C (NAND3X1)                                 0.004253  0.000000   1.196207 f
  candidates_i/U940/Y (NAND3X1)                                 0.033894  0.026307   1.222514 r
  candidates_i/n1217 (net)                      1     0.001539            0.000000   1.222514 r
  candidates_i/U2154/A (BUFX2)                                  0.033894  0.000000   1.222514 r
  candidates_i/U2154/Y (BUFX2)                                  0.015270  0.038802   1.261316 r
  candidates_i/n60 (net)                        2     0.004839            0.000000   1.261316 r
  candidates_i/U939/C (NOR3X1)                                  0.015270  0.000000   1.261316 r
  candidates_i/U939/Y (NOR3X1)                                  0.043138  0.032887   1.294203 f
  candidates_i/n1074 (net)                      3     0.008090            0.000000   1.294203 f
  candidates_i/U938/C (NAND3X1)                                 0.043138  0.000000   1.294203 f
  candidates_i/U938/Y (NAND3X1)                                 0.033951  0.036253   1.330456 r
  candidates_i/n1547 (net)                      1     0.001551            0.000000   1.330456 r
  candidates_i/U3285/A (INVX1)                                  0.033951  0.000000   1.330456 r
  candidates_i/U3285/Y (INVX1)                                  0.027670  0.034284   1.364740 f
  candidates_i/n3290 (net)                      3     0.008090            0.000000   1.364740 f
  candidates_i/U937/C (NAND3X1)                                 0.027670  0.000000   1.364740 f
  candidates_i/U937/Y (NAND3X1)                                 0.033951  0.032311   1.397051 r
  candidates_i/n1545 (net)                      1     0.001551            0.000000   1.397051 r
  candidates_i/U3284/A (INVX1)                                  0.033951  0.000000   1.397051 r
  candidates_i/U3284/Y (INVX1)                                  0.027670  0.034284   1.431335 f
  candidates_i/n3289 (net)                      3     0.008090            0.000000   1.431335 f
  candidates_i/U936/C (NAND3X1)                                 0.027670  0.000000   1.431335 f
  candidates_i/U936/Y (NAND3X1)                                 0.033951  0.032311   1.463647 r
  candidates_i/n1543 (net)                      1     0.001551            0.000000   1.463647 r
  candidates_i/U3283/A (INVX1)                                  0.033951  0.000000   1.463647 r
  candidates_i/U3283/Y (INVX1)                                  0.027670  0.034284   1.497931 f
  candidates_i/n3288 (net)                      3     0.008090            0.000000   1.497931 f
  candidates_i/U935/C (NAND3X1)                                 0.027670  0.000000   1.497931 f
  candidates_i/U935/Y (NAND3X1)                                 0.033951  0.032311   1.530242 r
  candidates_i/n1541 (net)                      1     0.001551            0.000000   1.530242 r
  candidates_i/U3286/A (INVX1)                                  0.033951  0.000000   1.530242 r
  candidates_i/U3286/Y (INVX1)                                  0.018018  0.027680   1.557923 f
  candidates_i/n3287 (net)                      2     0.004867            0.000000   1.557923 f
  candidates_i/U933/A (NAND3X1)                                 0.018018  0.000000   1.557923 f
  candidates_i/U933/Y (NAND3X1)                                 0.034058  0.039145   1.597068 r
  candidates_i/n1539 (net)                      1     0.002365            0.000000   1.597068 r
  candidates_i/U932/B (NOR2X1)                                  0.034058  0.000000   1.597068 r
  candidates_i/U932/Y (NOR2X1)                                  0.003987  0.019484   1.616552 f
  candidates_i/n1224 (net)                      1     0.002658            0.000000   1.616552 f
  candidates_i/U653/A (AOI22X1)                                 0.003987  0.000000   1.616552 f
  candidates_i/U653/Y (AOI22X1)                                 0.045864  0.044703   1.661255 r
  candidates_i/n1223 (net)                      1     0.002027            0.000000   1.661255 r
  candidates_i/U652/B (NAND2X1)                                 0.045864  0.000000   1.661255 r
  candidates_i/U652/Y (NAND2X1)                                 0.019027  0.023156   1.684411 f
  candidates_i/candidate_mask[0] (net)          1     0.002209            0.000000   1.684411 f
  candidates_i/candidate_mask[0] (mc_candidates_Q_DEPTH16_ROW_W8_COL_W6)  0.000000   1.684411 f
  candidate_mask[0] (net)                             0.002209            0.000000   1.684411 f
  frfcfs.scheduler_i/candidate_mask[0] (mc_scheduler_frfcfs_Q_DEPTH16_ADDR_W16_AGE_LIMIT128_AGING_ENABLE1)
                                                                          0.000000   1.684411 f
  frfcfs.scheduler_i/candidate_mask[0] (net)          0.002209            0.000000   1.684411 f
  frfcfs.scheduler_i/U514/A (NAND3X1)                           0.019027  0.000000   1.684411 f
  frfcfs.scheduler_i/U514/Y (NAND3X1)                           0.044845  0.044318   1.728729 r
  frfcfs.scheduler_i/n882 (net)                 2     0.003937            0.000000   1.728729 r
  frfcfs.scheduler_i/U1126/A (INVX1)                            0.044845  0.000000   1.728729 r
  frfcfs.scheduler_i/U1126/Y (INVX1)                            0.010641  0.026103   1.754832 f
  frfcfs.scheduler_i/n264 (net)                 1     0.002658            0.000000   1.754832 f
  frfcfs.scheduler_i/U507/A (AOI22X1)                           0.010641  0.000000   1.754832 f
  frfcfs.scheduler_i/U507/Y (AOI22X1)                           0.044905  0.046052   1.800884 r
  frfcfs.scheduler_i/n932 (net)                 1     0.001869            0.000000   1.800884 r
  frfcfs.scheduler_i/U58/B (AND2X2)                             0.044905  0.000000   1.800884 r
  frfcfs.scheduler_i/U58/Y (AND2X2)                             0.012074  0.034749   1.835632 r
  frfcfs.scheduler_i/n930 (net)                 1     0.002961            0.000000   1.835632 r
  frfcfs.scheduler_i/U506/C (NAND3X1)                           0.012074  0.000000   1.835632 r
  frfcfs.scheduler_i/U506/Y (NAND3X1)                           0.015893  0.010758   1.846390 f
  frfcfs.scheduler_i/n889 (net)                 1     0.002301            0.000000   1.846390 f
  frfcfs.scheduler_i/U56/A (OR2X2)                              0.015893  0.000000   1.846390 f
  frfcfs.scheduler_i/U56/Y (OR2X2)                              0.013803  0.044609   1.890999 f
  frfcfs.scheduler_i/n850 (net)                 2     0.007708            0.000000   1.890999 f
  frfcfs.scheduler_i/U9/A (BUFX4)                               0.013803  0.000000   1.890999 f
  frfcfs.scheduler_i/U9/Y (BUFX4)                               0.006548  0.049802   1.940801 f
  frfcfs.scheduler_i/n207 (net)                 8     0.020525            0.000000   1.940801 f
  frfcfs.scheduler_i/U452/A (AOI21X1)                           0.006548  0.000000   1.940801 f
  frfcfs.scheduler_i/U452/Y (AOI21X1)                           0.023522  0.032801   1.973603 r
  frfcfs.scheduler_i/n616 (net)                 1     0.001551            0.000000   1.973603 r
  frfcfs.scheduler_i/U142/A (INVX1)                             0.023522  0.000000   1.973603 r
  frfcfs.scheduler_i/U142/Y (INVX1)                             0.008599  0.017910   1.991512 f
  frfcfs.scheduler_i/n171 (net)                 1     0.001476            0.000000   1.991512 f
  frfcfs.scheduler_i/U26/A (INVX1)                              0.008599  0.000000   1.991512 f
  frfcfs.scheduler_i/U26/Y (INVX1)                              0.000000  0.001800   1.993313 r
  frfcfs.scheduler_i/n1 (net)                   1     0.002655            0.000000   1.993313 r
  frfcfs.scheduler_i/U27/A (INVX2)                              0.000000  0.000000   1.993313 r
  frfcfs.scheduler_i/U27/Y (INVX2)                              0.008913  0.029120   2.022433 f
  frfcfs.scheduler_i/n2 (net)                   2     0.012416            0.000000   2.022433 f
  frfcfs.scheduler_i/U218/A (INVX8)                             0.008913  0.000000   2.022433 f
  frfcfs.scheduler_i/U218/Y (INVX8)                             0.016758  0.025086   2.047519 r
  frfcfs.scheduler_i/n172 (net)                15     0.042418            0.000000   2.047519 r
  frfcfs.scheduler_i/U258/A (AOI22X1)                           0.016758  0.000000   2.047519 r
  frfcfs.scheduler_i/U258/Y (AOI22X1)                           0.034094  0.033363   2.080882 f
  frfcfs.scheduler_i/n651 (net)                 1     0.001763            0.000000   2.080882 f
  frfcfs.scheduler_i/U10/A (AND2X2)                             0.034094  0.000000   2.080882 f
  frfcfs.scheduler_i/U10/Y (AND2X2)                             0.003837  0.039696   2.120578 f
  frfcfs.scheduler_i/n650 (net)                 1     0.002832            0.000000   2.120578 f
  frfcfs.scheduler_i/U256/C (NAND3X1)                           0.003837  0.000000   2.120578 f
  frfcfs.scheduler_i/U256/Y (NAND3X1)                           0.036639  0.028510   2.149087 r
  frfcfs.scheduler_i/n641 (net)                 1     0.002292            0.000000   2.149087 r
  frfcfs.scheduler_i/U178/A (OR2X2)                             0.036639  0.000000   2.149087 r
  frfcfs.scheduler_i/U178/Y (OR2X2)                             0.009847  0.038805   2.187893 r
  frfcfs.scheduler_i/n592 (net)                 1     0.001551            0.000000   2.187893 r
  frfcfs.scheduler_i/U179/A (INVX1)                             0.009847  0.000000   2.187893 r
  frfcfs.scheduler_i/U179/Y (INVX1)                             0.019417  0.020975   2.208868 f
  frfcfs.scheduler_i/n13 (net)                  2     0.004774            0.000000   2.208868 f
  frfcfs.scheduler_i/U249/A (NAND3X1)                           0.019417  0.000000   2.208868 f
  frfcfs.scheduler_i/U249/Y (NAND3X1)                           0.035958  0.038486   2.247353 r
  frfcfs.scheduler_i/n639 (net)                 1     0.002010            0.000000   2.247353 r
  frfcfs.scheduler_i/U248/C (OAI21X1)                           0.035958  0.000000   2.247353 r
  frfcfs.scheduler_i/U248/Y (OAI21X1)                           0.008197  0.021209   2.268562 f
  frfcfs.scheduler_i/n635 (net)                 1     0.002658            0.000000   2.268562 f
  frfcfs.scheduler_i/U247/A (AOI22X1)                           0.008197  0.000000   2.268562 f
  frfcfs.scheduler_i/U247/Y (AOI22X1)                           0.047164  0.046874   2.315436 r
  frfcfs.scheduler_i/n634 (net)                 1     0.002386            0.000000   2.315436 r
  frfcfs.scheduler_i/U246/C (AOI21X1)                           0.047164  0.000000   2.315436 r
  frfcfs.scheduler_i/U246/Y (AOI21X1)                           0.016946  0.022713   2.338149 f
  frfcfs.scheduler_i/n632 (net)                 1     0.002312            0.000000   2.338149 f
  frfcfs.scheduler_i/U245/C (AOI21X1)                           0.016946  0.000000   2.338149 f
  frfcfs.scheduler_i/U245/Y (AOI21X1)                           0.029891  0.021876   2.360025 r
  frfcfs.scheduler_i/n629 (net)                 1     0.002832            0.000000   2.360025 r
  frfcfs.scheduler_i/U244/B (OAI21X1)                           0.029891  0.000000   2.360025 r
  frfcfs.scheduler_i/U244/Y (OAI21X1)                           0.004597  0.020433   2.380458 f
  frfcfs.scheduler_i/n627 (net)                 1     0.002566            0.000000   2.380458 f
  frfcfs.scheduler_i/U243/A (AOI21X1)                           0.004597  0.000000   2.380458 f
  frfcfs.scheduler_i/U243/Y (AOI21X1)                           0.029645  0.036445   2.416903 r
  frfcfs.scheduler_i/n625 (net)                 1     0.002832            0.000000   2.416903 r
  frfcfs.scheduler_i/U242/B (OAI21X1)                           0.029645  0.000000   2.416903 r
  frfcfs.scheduler_i/U242/Y (OAI21X1)                           0.004597  0.020379   2.437282 f
  frfcfs.scheduler_i/n622 (net)                 1     0.002566            0.000000   2.437282 f
  frfcfs.scheduler_i/U241/A (AOI21X1)                           0.004597  0.000000   2.437282 f
  frfcfs.scheduler_i/U241/Y (AOI21X1)                           0.029645  0.036445   2.473727 r
  frfcfs.scheduler_i/n620 (net)                 1     0.002832            0.000000   2.473727 r
  frfcfs.scheduler_i/U239/B (OAI21X1)                           0.029645  0.000000   2.473727 r
  frfcfs.scheduler_i/U239/Y (OAI21X1)                           0.014750  0.022643   2.496369 f
  frfcfs.scheduler_i/n1257 (net)                1     0.003854            0.000000   2.496369 f
  frfcfs.scheduler_i/U177/A (BUFX4)                             0.014750  0.000000   2.496369 f
  frfcfs.scheduler_i/U177/Y (BUFX4)                             0.007397  0.050256   2.546625 f
  frfcfs.scheduler_i/select_slot[0] (net)       8     0.021115            0.000000   2.546625 f
  frfcfs.scheduler_i/select_slot[0] (mc_scheduler_frfcfs_Q_DEPTH16_ADDR_W16_AGE_LIMIT128_AGING_ENABLE1)
                                                                          0.000000   2.546625 f
  select_slot[0] (net)                                0.021115            0.000000   2.546625 f
  U2565/A (BUFX4)                                               0.007397  0.000000   2.546625 f
  U2565/Y (BUFX4)                                               0.001464  0.047172   2.593796 f
  n916 (net)                                    5     0.017481            0.000000   2.593796 f
  U2563/A (INVX8)                                               0.001464  0.000000   2.593796 f
  U2563/Y (INVX8)                                               0.000000  0.015011   2.608807 r
  n5080 (net)                                  10     0.019096            0.000000   2.608807 r
  U1309/B (AND2X2)                                              0.000000  0.000000   2.608807 r
  U1309/Y (AND2X2)                                              0.020686  0.039864   2.648671 r
  n908 (net)                                    5     0.007695            0.000000   2.648671 r
  U1114/A (BUFX2)                                               0.020686  0.000000   2.648671 r
  U1114/Y (BUFX2)                                               0.020441  0.042227   2.690898 r
  n400 (net)                                    5     0.007755            0.000000   2.690898 r
  U1130/A (INVX1)                                               0.020441  0.000000   2.690898 r
  U1130/Y (INVX1)                                               0.011122  0.018657   2.709555 f
  n416 (net)                                    1     0.002247            0.000000   2.709555 f
  U1777/B (OR2X1)                                               0.011122  0.000000   2.709555 f
  U1777/Y (OR2X1)                                               0.012081  0.047935   2.757489 f
  n5361 (net)                                   1     0.001924            0.000000   2.757489 f
  U5859/C (OAI21X1)                                             0.012081  0.000000   2.757489 f
  U5859/Y (OAI21X1)                                             0.036106  0.021757   2.779246 r
  n5364 (net)                                   1     0.003063            0.000000   2.779246 r
  U5861/B (NOR3X1)                                              0.036106  0.000000   2.779246 r
  U5861/Y (NOR3X1)                                              0.026970  0.032604   2.811850 f
  n5376 (net)                                   1     0.002569            0.000000   2.811850 f
  U5867/B (MUX2X1)                                              0.026970  0.000000   2.811850 f
  U5867/Y (MUX2X1)                                              0.037419  0.047644   2.859494 r
  n5377 (net)                                   1     0.001551            0.000000   2.859494 r
  U801/A (INVX1)                                                0.037419  0.000000   2.859494 r
  U801/Y (INVX1)                                                0.033155  0.039134   2.898628 f
  cmd_col[5] (net)                              1     0.010000            0.000000   2.898628 f
  cmd_col[5] (out)                                              0.033155  0.000000   2.898628 f
  data arrival time                                                                  2.898628

  clock core_clk (rise edge)                                              4.000000   4.000000
  clock network delay (ideal)                                             0.000000   4.000000
  clock uncertainty                                                       -0.100000  3.900000
  output external delay                                                   -1.000000  2.900000
  data required time                                                                 2.900000
  ----------------------------------------------------------------------------------------------
  data required time                                                                 2.900000
  data arrival time                                                                  -2.898628
  ----------------------------------------------------------------------------------------------
  slack (MET)                                                                        0.001372


1
