Warning: There are infeasible paths detected in your design that were ignored during optimization. Please run 'report_timing -attributes' and/or 'create_qor_snapshot/query_qor_snapshot -infeasible_paths' to identify these paths.  (OPT-1721)
 
****************************************
Report : timing
        -path full
        -delay max
        -input_pins
        -nets
        -max_paths 10
        -transition_time
        -capacitance
Design : mc_top_Q_DEPTH16_SCHED_POLICY1_AGING_ENABLE1
Version: R-2020.09-SP4
Date   : Tue Sep 22 18:31:52 2026
****************************************

 # A fanout number of 1000 was used for high fanout net computations.

Operating Conditions: typical   Library: gscl45nm
Wire Load Model Mode: top

  Startpoint: table_i/addresses_reg[173]
              (rising edge-triggered flip-flop clocked by core_clk)
  Endpoint: cmd_wdata[11]
            (output port clocked by core_clk)
  Path Group: core_clk
  Path Type: max

  Point                                       Fanout       Cap     Trans      Incr       Path
  ----------------------------------------------------------------------------------------------
  clock core_clk (rise edge)                                              0.000000   0.000000
  clock network delay (ideal)                                             0.000000   0.000000
  table_i/addresses_reg[173]/CLK (DFFPOSX1)                     0.000000  0.000000 # 0.000000 r
  table_i/addresses_reg[173]/Q (DFFPOSX1)                       0.024425  0.106372   0.106372 f
  table_i/addresses[173] (net)                  4     0.005961            0.000000   0.106372 f
  table_i/addresses[173] (mc_transaction_table_Q_DEPTH16_ADDR_W16_DATA_W32_TAG_W8_READ_LATENCY3_AGE_LIMIT128)
                                                                          0.000000   0.106372 f
  addresses[173] (net)                                0.005961            0.000000   0.106372 f
  candidates_i/addresses[173] (mc_candidates_Q_DEPTH16_ROW_W8_COL_W6)     0.000000   0.106372 f
  candidates_i/addresses[173] (net)                   0.005961            0.000000   0.106372 f
  candidates_i/U738/A (INVX1)                                   0.024425  0.000000   0.106372 f
  candidates_i/U738/Y (INVX1)                                   0.007557  0.024595   0.130967 r
  candidates_i/n1109 (net)                      2     0.007959            0.000000   0.130967 r
  candidates_i/U736/A (BUFX4)                                   0.007557  0.000000   0.130967 r
  candidates_i/U736/Y (BUFX4)                                   0.024247  0.033070   0.164037 r
  candidates_i/n428 (net)                       4     0.017344            0.000000   0.164037 r
  candidates_i/U2216/A (XNOR2X1)                                0.024247  0.000000   0.164037 r
  candidates_i/U2216/Y (XNOR2X1)                                0.019100  0.030133   0.194170 f
  candidates_i/n7127 (net)                      2     0.002952            0.000000   0.194170 f
  candidates_i/U1042/A (INVX1)                                  0.019100  0.000000   0.194170 f
  candidates_i/U1042/Y (INVX1)                                  0.000000  0.006712   0.200882 r
  candidates_i/n651 (net)                       1     0.003021            0.000000   0.200882 r
  candidates_i/U1179/A (NOR3X1)                                 0.000000  0.000000   0.200882 r
  candidates_i/U1179/Y (NOR3X1)                                 0.022571  0.028768   0.229650 f
  candidates_i/n650 (net)                       1     0.001476            0.000000   0.229650 f
  candidates_i/U1180/A (INVX1)                                  0.022571  0.000000   0.229650 f
  candidates_i/U1180/Y (INVX1)                                  0.000000  0.005550   0.235200 r
  candidates_i/n6501 (net)                      1     0.002283            0.000000   0.235200 r
  candidates_i/U4377/B (OR2X2)                                  0.000000  0.000000   0.235200 r
  candidates_i/U4377/Y (OR2X2)                                  0.004372  0.041056   0.276256 r
  candidates_i/n6505 (net)                      1     0.001551            0.000000   0.276256 r
  candidates_i/U4378/A (INVX1)                                  0.004372  0.000000   0.276256 r
  candidates_i/U4378/Y (INVX1)                                  0.012135  0.014229   0.290485 f
  candidates_i/n2564 (net)                      1     0.002209            0.000000   0.290485 f
  candidates_i/U8755/A (NAND3X1)                                0.012135  0.000000   0.290485 f
  candidates_i/U8755/Y (NAND3X1)                                0.036962  0.037079   0.327564 r
  candidates_i/n6507 (net)                      1     0.002292            0.000000   0.327564 r
  candidates_i/U4269/A (OR2X2)                                  0.036962  0.000000   0.327564 r
  candidates_i/U4269/Y (OR2X2)                                  0.013339  0.041203   0.368767 r
  candidates_i/n6509 (net)                      2     0.003090            0.000000   0.368767 r
  candidates_i/U281/A (INVX1)                                   0.013339  0.000000   0.368767 r
  candidates_i/U281/Y (INVX1)                                   0.014546  0.018742   0.387510 f
  candidates_i/n188 (net)                       1     0.003226            0.000000   0.387510 f
  candidates_i/U1879/C (NOR3X1)                                 0.014546  0.000000   0.387510 f
  candidates_i/U1879/Y (NOR3X1)                                 0.045740  0.022534   0.410043 r
  candidates_i/n1041 (net)                      1     0.001551            0.000000   0.410043 r
  candidates_i/U1231/A (INVX1)                                  0.045740  0.000000   0.410043 r
  candidates_i/U1231/Y (INVX1)                                  0.009507  0.025614   0.435657 f
  candidates_i/n681 (net)                       1     0.002301            0.000000   0.435657 f
  candidates_i/U1183/A (OR2X2)                                  0.009507  0.000000   0.435657 f
  candidates_i/U1183/Y (OR2X2)                                  0.007660  0.040151   0.475808 f
  candidates_i/n654 (net)                       2     0.004602            0.000000   0.475808 f
  candidates_i/U945/A (OR2X2)                                   0.007660  0.000000   0.475808 f
  candidates_i/U945/Y (OR2X2)                                   0.007226  0.038108   0.513916 f
  candidates_i/n539 (net)                       1     0.003011            0.000000   0.513916 f
  candidates_i/U8881/A (NOR3X1)                                 0.007226  0.000000   0.513916 f
  candidates_i/U8881/Y (NOR3X1)                                 0.053783  0.049536   0.563453 r
  candidates_i/n7972 (net)                      1     0.002741            0.000000   0.563453 r
  candidates_i/U9497/A (AOI21X1)                                0.053783  0.000000   0.563453 r
  candidates_i/U9497/Y (AOI21X1)                                0.020210  0.028779   0.592232 f
  candidates_i/n9498 (net)                      2     0.003707            0.000000   0.592232 f
  candidates_i/U10118/B (NAND2X1)                               0.020210  0.000000   0.592232 f
  candidates_i/U10118/Y (NAND2X1)                               0.031111  0.013682   0.605914 r
  candidates_i/n9524 (net)                      1     0.001551            0.000000   0.605914 r
  candidates_i/U6603/A (INVX1)                                  0.031111  0.000000   0.605914 r
  candidates_i/U6603/Y (INVX1)                                  0.012123  0.022742   0.628656 f
  candidates_i/n9500 (net)                      1     0.002832            0.000000   0.628656 f
  candidates_i/U10115/C (NAND3X1)                               0.012123  0.000000   0.628656 f
  candidates_i/U10115/Y (NAND3X1)                               0.034082  0.028350   0.657005 r
  candidates_i/n9543 (net)                      1     0.001551            0.000000   0.657005 r
  candidates_i/U6531/A (INVX1)                                  0.034082  0.000000   0.657005 r
  candidates_i/U6531/Y (INVX1)                                  0.016697  0.026818   0.683823 f
  candidates_i/n3565 (net)                      3     0.004428            0.000000   0.683823 f
  candidates_i/U6534/A (INVX1)                                  0.016697  0.000000   0.683823 f
  candidates_i/U6534/Y (INVX1)                                  0.000000  0.015576   0.699399 r
  candidates_i/n3568 (net)                      3     0.006019            0.000000   0.699399 r
  candidates_i/U10154/A (NAND2X1)                               0.000000  0.000000   0.699399 r
  candidates_i/U10154/Y (NAND2X1)                               0.030982  0.015525   0.714924 f
  candidates_i/n9652 (net)                      3     0.005211            0.000000   0.714924 f
  candidates_i/U5341/A (AND2X2)                                 0.030982  0.000000   0.714924 f
  candidates_i/U5341/Y (AND2X2)                                 0.018994  0.050776   0.765699 f
  candidates_i/n3103 (net)                      6     0.013895            0.000000   0.765699 f
  candidates_i/U241/A (AND2X2)                                  0.018994  0.000000   0.765699 f
  candidates_i/U241/Y (AND2X2)                                  0.008817  0.035344   0.801043 f
  candidates_i/n167 (net)                       1     0.002297            0.000000   0.801043 f
  candidates_i/U243/B (NOR2X1)                                  0.008817  0.000000   0.801043 f
  candidates_i/U243/Y (NOR2X1)                                  0.025968  0.027021   0.828064 r
  candidates_i/n9653 (net)                      1     0.001869            0.000000   0.828064 r
  candidates_i/U10244/B (AND2X2)                                0.025968  0.000000   0.828064 r
  candidates_i/U10244/Y (AND2X2)                                0.011058  0.033834   0.861898 r
  candidates_i/n9655 (net)                      1     0.002961            0.000000   0.861898 r
  candidates_i/U10245/C (NAND3X1)                               0.011058  0.000000   0.861898 r
  candidates_i/U10245/Y (NAND3X1)                               0.020031  0.013037   0.874935 f
  candidates_i/n9691 (net)                      2     0.003805            0.000000   0.874935 f
  candidates_i/U6039/A (OR2X2)                                  0.020031  0.000000   0.874935 f
  candidates_i/U6039/Y (OR2X2)                                  0.007959  0.040551   0.915486 f
  candidates_i/n9829 (net)                      2     0.003361            0.000000   0.915486 f
  candidates_i/U10377/A (NAND2X1)                               0.007959  0.000000   0.915486 f
  candidates_i/U10377/Y (NAND2X1)                               0.037854  0.027436   0.942922 r
  candidates_i/n9842 (net)                      1     0.002832            0.000000   0.942922 r
  candidates_i/U10378/B (NAND3X1)                               0.037854  0.000000   0.942922 r
  candidates_i/U10378/Y (NAND3X1)                               0.016912  0.020476   0.963398 f
  candidates_i/n9836 (net)                      1     0.002573            0.000000   0.963398 f
  candidates_i/U10381/A (OAI21X1)                               0.016912  0.000000   0.963398 f
  candidates_i/U10381/Y (OAI21X1)                               0.042716  0.044023   1.007421 r
  candidates_i/n9838 (net)                      1     0.002386            0.000000   1.007421 r
  candidates_i/U10382/C (AOI21X1)                               0.042716  0.000000   1.007421 r
  candidates_i/U10382/Y (AOI21X1)                               0.020759  0.024565   1.031986 f
  candidates_i/n11540 (net)                     1     0.003854            0.000000   1.031986 f
  candidates_i/U6540/A (BUFX4)                                  0.020759  0.000000   1.031986 f
  candidates_i/U6540/Y (BUFX4)                                  0.003868  0.048118   1.080103 f
  candidates_i/candidate_slots[1] (net)         3     0.013056            0.000000   1.080103 f
  candidates_i/candidate_slots[1] (mc_candidates_Q_DEPTH16_ROW_W8_COL_W6) 0.000000   1.080103 f
  candidate_slots[1] (net)                            0.013056            0.000000   1.080103 f
  frfcfs.scheduler_i/candidate_slots[1] (mc_scheduler_frfcfs_Q_DEPTH16_ADDR_W16_AGE_LIMIT128_AGING_ENABLE1)
                                                                          0.000000   1.080103 f
  frfcfs.scheduler_i/N609 (net)                       0.013056            0.000000   1.080103 f
  frfcfs.scheduler_i/U193/A (INVX8)                             0.003868  0.000000   1.080103 f
  frfcfs.scheduler_i/U193/Y (INVX8)                             0.000000  0.013874   1.093977 r
  frfcfs.scheduler_i/n1835 (net)                7     0.013853            0.000000   1.093977 r
  frfcfs.scheduler_i/U1101/B (AND2X2)                           0.000000  0.000000   1.093977 r
  frfcfs.scheduler_i/U1101/Y (AND2X2)                           0.009992  0.032796   1.126773 r
  frfcfs.scheduler_i/n859 (net)                 2     0.003102            0.000000   1.126773 r
  frfcfs.scheduler_i/U1103/A (INVX1)                            0.009992  0.000000   1.126773 r
  frfcfs.scheduler_i/U1103/Y (INVX1)                            0.013007  0.016620   1.143393 f
  frfcfs.scheduler_i/n778 (net)                 1     0.002632            0.000000   1.143393 f
  frfcfs.scheduler_i/U1358/B (OAI21X1)                          0.013007  0.000000   1.143393 f
  frfcfs.scheduler_i/U1358/Y (OAI21X1)                          0.039797  0.040928   1.184321 r
  frfcfs.scheduler_i/n867 (net)                 1     0.002386            0.000000   1.184321 r
  frfcfs.scheduler_i/U1357/C (AOI21X1)                          0.039797  0.000000   1.184321 r
  frfcfs.scheduler_i/U1357/Y (AOI21X1)                          0.017824  0.021165   1.205486 f
  frfcfs.scheduler_i/n865 (net)                 1     0.002623            0.000000   1.205486 f
  frfcfs.scheduler_i/U1356/A (MUX2X1)                           0.017824  0.000000   1.205486 f
  frfcfs.scheduler_i/U1356/Y (MUX2X1)                           0.044620  0.040957   1.246443 r
  frfcfs.scheduler_i/n849 (net)                 1     0.002744            0.000000   1.246443 r
  frfcfs.scheduler_i/U1349/B (MUX2X1)                           0.044620  0.000000   1.246443 r
  frfcfs.scheduler_i/U1349/Y (MUX2X1)                           0.014165  0.027976   1.274419 f
  frfcfs.scheduler_i/N1466 (net)                1     0.002832            0.000000   1.274419 f
  frfcfs.scheduler_i/U1975/C (NAND3X1)                          0.014165  0.000000   1.274419 f
  frfcfs.scheduler_i/U1975/Y (NAND3X1)                          0.040897  0.033634   1.308054 r
  frfcfs.scheduler_i/n1748 (net)                2     0.003102            0.000000   1.308054 r
  frfcfs.scheduler_i/U484/A (INVX1)                             0.040897  0.000000   1.308054 r
  frfcfs.scheduler_i/U484/Y (INVX1)                             0.008778  0.023572   1.331626 f
  frfcfs.scheduler_i/n362 (net)                 1     0.001944            0.000000   1.331626 f
  frfcfs.scheduler_i/U747/B (NAND2X1)                           0.008778  0.000000   1.331626 f
  frfcfs.scheduler_i/U747/Y (NAND2X1)                           0.039231  0.014836   1.346462 r
  frfcfs.scheduler_i/n1787 (net)                2     0.003102            0.000000   1.346462 r
  frfcfs.scheduler_i/U473/A (INVX1)                             0.039231  0.000000   1.346462 r
  frfcfs.scheduler_i/U473/Y (INVX1)                             0.015976  0.027963   1.374425 f
  frfcfs.scheduler_i/n1912 (net)                2     0.004308            0.000000   1.374425 f
  frfcfs.scheduler_i/U2042/C (NAND3X1)                          0.015976  0.000000   1.374425 f
  frfcfs.scheduler_i/U2042/Y (NAND3X1)                          0.035534  0.030310   1.404735 r
  frfcfs.scheduler_i/n1837 (net)                1     0.001869            0.000000   1.404735 r
  frfcfs.scheduler_i/U2044/B (AND2X2)                           0.035534  0.000000   1.404735 r
  frfcfs.scheduler_i/U2044/Y (AND2X2)                           0.009079  0.032623   1.437358 r
  frfcfs.scheduler_i/n1983 (net)                1     0.001869            0.000000   1.437358 r
  frfcfs.scheduler_i/U1090/B (AND2X2)                           0.009079  0.000000   1.437358 r
  frfcfs.scheduler_i/U1090/Y (AND2X2)                           0.010450  0.033216   1.470574 r
  frfcfs.scheduler_i/n2180 (net)                2     0.003090            0.000000   1.470574 r
  frfcfs.scheduler_i/U905/A (INVX1)                             0.010450  0.000000   1.470574 r
  frfcfs.scheduler_i/U905/Y (INVX1)                             0.010918  0.015331   1.485905 f
  frfcfs.scheduler_i/n676 (net)                 1     0.001944            0.000000   1.485905 f
  frfcfs.scheduler_i/U712/B (NAND2X1)                           0.010918  0.000000   1.485905 f
  frfcfs.scheduler_i/U712/Y (NAND2X1)                           0.034390  0.012422   1.498327 r
  frfcfs.scheduler_i/n559 (net)                 1     0.002111            0.000000   1.498327 r
  frfcfs.scheduler_i/U593/A (NAND2X1)                           0.034390  0.000000   1.498327 r
  frfcfs.scheduler_i/U593/Y (NAND2X1)                           0.020539  0.017707   1.516034 f
  frfcfs.scheduler_i/n466 (net)                 1     0.002297            0.000000   1.516034 f
  frfcfs.scheduler_i/U591/B (NOR2X1)                            0.020539  0.000000   1.516034 f
  frfcfs.scheduler_i/U591/Y (NOR2X1)                            0.024565  0.029501   1.545534 r
  frfcfs.scheduler_i/n464 (net)                 1     0.001869            0.000000   1.545534 r
  frfcfs.scheduler_i/U640/B (AND2X2)                            0.024565  0.000000   1.545534 r
  frfcfs.scheduler_i/U640/Y (AND2X2)                            0.026042  0.043825   1.589359 r
  frfcfs.scheduler_i/n497 (net)                 5     0.009517            0.000000   1.589359 r
  frfcfs.scheduler_i/U394/B (AND2X2)                            0.026042  0.000000   1.589359 r
  frfcfs.scheduler_i/U394/Y (AND2X2)                            0.014946  0.036433   1.625792 r
  frfcfs.scheduler_i/n1998 (net)                3     0.004653            0.000000   1.625792 r
  frfcfs.scheduler_i/U333/A (INVX1)                             0.014946  0.000000   1.625792 r
  frfcfs.scheduler_i/U333/Y (INVX1)                             0.015015  0.019576   1.645368 f
  frfcfs.scheduler_i/n266 (net)                 2     0.003420            0.000000   1.645368 f
  frfcfs.scheduler_i/U707/B (NAND2X1)                           0.015015  0.000000   1.645368 f
  frfcfs.scheduler_i/U707/Y (NAND2X1)                           0.032632  0.012771   1.658139 r
  frfcfs.scheduler_i/n558 (net)                 1     0.001798            0.000000   1.658139 r
  frfcfs.scheduler_i/U1175/A (AND2X2)                           0.032632  0.000000   1.658139 r
  frfcfs.scheduler_i/U1175/Y (AND2X2)                           0.022083  0.043054   1.701192 r
  frfcfs.scheduler_i/n804 (net)                 3     0.008295            0.000000   1.701192 r
  frfcfs.scheduler_i/U375/A (BUFX4)                             0.022083  0.000000   1.701192 r
  frfcfs.scheduler_i/U375/Y (BUFX4)                             0.022126  0.030399   1.731592 r
  frfcfs.scheduler_i/n296 (net)                 6     0.014883            0.000000   1.731592 r
  frfcfs.scheduler_i/U2188/B (AOI22X1)                          0.022126  0.000000   1.731592 r
  frfcfs.scheduler_i/U2188/Y (AOI22X1)                          0.034368  0.029290   1.760882 f
  frfcfs.scheduler_i/n2069 (net)                1     0.001763            0.000000   1.760882 f
  frfcfs.scheduler_i/U2189/A (AND2X2)                           0.034368  0.000000   1.760882 f
  frfcfs.scheduler_i/U2189/Y (AND2X2)                           0.004770  0.039765   1.800647 f
  frfcfs.scheduler_i/n2071 (net)                1     0.002832            0.000000   1.800647 f
  frfcfs.scheduler_i/U2190/C (NAND3X1)                          0.004770  0.000000   1.800647 f
  frfcfs.scheduler_i/U2190/Y (NAND3X1)                          0.033163  0.026476   1.827122 r
  frfcfs.scheduler_i/n2285 (net)                1     0.001551            0.000000   1.827122 r
  frfcfs.scheduler_i/U750/A (INVX1)                             0.033163  0.000000   1.827122 r
  frfcfs.scheduler_i/U750/Y (INVX1)                             0.013742  0.024504   1.851626 f
  frfcfs.scheduler_i/n586 (net)                 2     0.003420            0.000000   1.851626 f
  frfcfs.scheduler_i/U264/B (NAND2X1)                           0.013742  0.000000   1.851626 f
  frfcfs.scheduler_i/U264/Y (NAND2X1)                           0.034199  0.013338   1.864964 r
  frfcfs.scheduler_i/n212 (net)                 1     0.002111            0.000000   1.864964 r
  frfcfs.scheduler_i/U687/A (NAND2X1)                           0.034199  0.000000   1.864964 r
  frfcfs.scheduler_i/U687/Y (NAND2X1)                           0.024768  0.018262   1.883227 f
  frfcfs.scheduler_i/n544 (net)                 1     0.002632            0.000000   1.883227 f
  frfcfs.scheduler_i/U650/B (OAI21X1)                           0.024768  0.000000   1.883227 f
  frfcfs.scheduler_i/U650/Y (OAI21X1)                           0.045642  0.044970   1.928197 r
  frfcfs.scheduler_i/n509 (net)                 1     0.002832            0.000000   1.928197 r
  frfcfs.scheduler_i/U2483/B (OAI21X1)                          0.045642  0.000000   1.928197 r
  frfcfs.scheduler_i/U2483/Y (OAI21X1)                          0.003951  0.022648   1.950845 f
  frfcfs.scheduler_i/n2464 (net)                1     0.001884            0.000000   1.950845 f
  frfcfs.scheduler_i/U2485/A (NAND2X1)                          0.003951  0.000000   1.950845 f
  frfcfs.scheduler_i/U2485/Y (NAND2X1)                          0.038581  0.026935   1.977779 r
  frfcfs.scheduler_i/select_slot[0] (net)       2     0.003078            0.000000   1.977779 r
  frfcfs.scheduler_i/select_slot[0] (mc_scheduler_frfcfs_Q_DEPTH16_ADDR_W16_AGE_LIMIT128_AGING_ENABLE1)
                                                                          0.000000   1.977779 r
  select_slot[0] (net)                                0.003078            0.000000   1.977779 r
  U207/A (BUFX2)                                                0.038581  0.000000   1.977779 r
  U207/Y (BUFX2)                                                0.019059  0.041298   2.019078 r
  n592 (net)                                    4     0.006204            0.000000   2.019078 r
  U449/A (INVX1)                                                0.019059  0.000000   2.019078 r
  U449/Y (INVX1)                                                0.012967  0.019481   2.038559 f
  n203 (net)                                    1     0.002832            0.000000   2.038559 f
  U1348/C (NAND3X1)                                             0.012967  0.000000   2.038559 f
  U1348/Y (NAND3X1)                                             0.034115  0.028565   2.067124 r
  n1765 (net)                                   1     0.001551            0.000000   2.067124 r
  U198/A (INVX1)                                                0.034115  0.000000   2.067124 r
  U198/Y (INVX1)                                                0.020278  0.029279   2.096402 f
  n212 (net)                                    3     0.005625            0.000000   2.096402 f
  U183/A (INVX1)                                                0.020278  0.000000   2.096402 f
  U183/Y (INVX1)                                                0.000000  0.007392   2.103794 r
  n89 (net)                                     2     0.003102            0.000000   2.103794 r
  U95/A (INVX1)                                                 0.000000  0.000000   2.103794 r
  U95/Y (INVX1)                                                 0.019070  0.017603   2.121397 f
  n46 (net)                                     3     0.004428            0.000000   2.121397 f
  U554/A (INVX1)                                                0.019070  0.000000   2.121397 f
  U554/Y (INVX1)                                                0.001062  0.019101   2.140498 r
  n257 (net)                                    3     0.006848            0.000000   2.140498 r
  U652/B (OR2X2)                                                0.001062  0.000000   2.140498 r
  U652/Y (OR2X2)                                                0.006926  0.041187   2.181685 r
  n1341 (net)                                   1     0.001551            0.000000   2.181685 r
  U653/A (INVX1)                                                0.006926  0.000000   2.181685 r
  U653/Y (INVX1)                                                0.014352  0.016567   2.198252 f
  n337 (net)                                    1     0.003011            0.000000   2.198252 f
  U1656/A (NOR3X1)                                              0.014352  0.000000   2.198252 f
  U1656/Y (NOR3X1)                                              0.053276  0.050621   2.248873 r
  n1354 (net)                                   1     0.002764            0.000000   2.248873 r
  U1662/B (AOI22X1)                                             0.053276  0.000000   2.248873 r
  U1662/Y (AOI22X1)                                             0.036352  0.038788   2.287661 f
  n1356 (net)                                   1     0.002673            0.000000   2.287661 f
  U287/A (INVX2)                                                0.036352  0.000000   2.287661 f
  U287/Y (INVX2)                                                0.024632  0.031911   2.319572 r
  cmd_wdata[11] (net)                           1     0.010000            0.000000   2.319572 r
  cmd_wdata[11] (out)                                           0.024632  0.000000   2.319572 r
  data arrival time                                                                  2.319572

  clock core_clk (rise edge)                                              2.000000   2.000000
  clock network delay (ideal)                                             0.000000   2.000000
  clock uncertainty                                                       -0.100000  1.900000
  output external delay                                                   -1.000000  0.900000
  data required time                                                                 0.900000
  ----------------------------------------------------------------------------------------------
  data required time                                                                 0.900000
  data arrival time                                                                  -2.319572
  ----------------------------------------------------------------------------------------------
  slack (VIOLATED)                                                                   -1.419572


  Startpoint: table_i/addresses_reg[173]
              (rising edge-triggered flip-flop clocked by core_clk)
  Endpoint: cmd_wdata[6]
            (output port clocked by core_clk)
  Path Group: core_clk
  Path Type: max

  Point                                       Fanout       Cap     Trans      Incr       Path
  ----------------------------------------------------------------------------------------------
  clock core_clk (rise edge)                                              0.000000   0.000000
  clock network delay (ideal)                                             0.000000   0.000000
  table_i/addresses_reg[173]/CLK (DFFPOSX1)                     0.000000  0.000000 # 0.000000 r
  table_i/addresses_reg[173]/Q (DFFPOSX1)                       0.024425  0.106372   0.106372 f
  table_i/addresses[173] (net)                  4     0.005961            0.000000   0.106372 f
  table_i/addresses[173] (mc_transaction_table_Q_DEPTH16_ADDR_W16_DATA_W32_TAG_W8_READ_LATENCY3_AGE_LIMIT128)
                                                                          0.000000   0.106372 f
  addresses[173] (net)                                0.005961            0.000000   0.106372 f
  candidates_i/addresses[173] (mc_candidates_Q_DEPTH16_ROW_W8_COL_W6)     0.000000   0.106372 f
  candidates_i/addresses[173] (net)                   0.005961            0.000000   0.106372 f
  candidates_i/U738/A (INVX1)                                   0.024425  0.000000   0.106372 f
  candidates_i/U738/Y (INVX1)                                   0.007557  0.024595   0.130967 r
  candidates_i/n1109 (net)                      2     0.007959            0.000000   0.130967 r
  candidates_i/U736/A (BUFX4)                                   0.007557  0.000000   0.130967 r
  candidates_i/U736/Y (BUFX4)                                   0.024247  0.033070   0.164037 r
  candidates_i/n428 (net)                       4     0.017344            0.000000   0.164037 r
  candidates_i/U2216/A (XNOR2X1)                                0.024247  0.000000   0.164037 r
  candidates_i/U2216/Y (XNOR2X1)                                0.019100  0.030133   0.194170 f
  candidates_i/n7127 (net)                      2     0.002952            0.000000   0.194170 f
  candidates_i/U1042/A (INVX1)                                  0.019100  0.000000   0.194170 f
  candidates_i/U1042/Y (INVX1)                                  0.000000  0.006712   0.200882 r
  candidates_i/n651 (net)                       1     0.003021            0.000000   0.200882 r
  candidates_i/U1179/A (NOR3X1)                                 0.000000  0.000000   0.200882 r
  candidates_i/U1179/Y (NOR3X1)                                 0.022571  0.028768   0.229650 f
  candidates_i/n650 (net)                       1     0.001476            0.000000   0.229650 f
  candidates_i/U1180/A (INVX1)                                  0.022571  0.000000   0.229650 f
  candidates_i/U1180/Y (INVX1)                                  0.000000  0.005550   0.235200 r
  candidates_i/n6501 (net)                      1     0.002283            0.000000   0.235200 r
  candidates_i/U4377/B (OR2X2)                                  0.000000  0.000000   0.235200 r
  candidates_i/U4377/Y (OR2X2)                                  0.004372  0.041056   0.276256 r
  candidates_i/n6505 (net)                      1     0.001551            0.000000   0.276256 r
  candidates_i/U4378/A (INVX1)                                  0.004372  0.000000   0.276256 r
  candidates_i/U4378/Y (INVX1)                                  0.012135  0.014229   0.290485 f
  candidates_i/n2564 (net)                      1     0.002209            0.000000   0.290485 f
  candidates_i/U8755/A (NAND3X1)                                0.012135  0.000000   0.290485 f
  candidates_i/U8755/Y (NAND3X1)                                0.036962  0.037079   0.327564 r
  candidates_i/n6507 (net)                      1     0.002292            0.000000   0.327564 r
  candidates_i/U4269/A (OR2X2)                                  0.036962  0.000000   0.327564 r
  candidates_i/U4269/Y (OR2X2)                                  0.013339  0.041203   0.368767 r
  candidates_i/n6509 (net)                      2     0.003090            0.000000   0.368767 r
  candidates_i/U281/A (INVX1)                                   0.013339  0.000000   0.368767 r
  candidates_i/U281/Y (INVX1)                                   0.014546  0.018742   0.387510 f
  candidates_i/n188 (net)                       1     0.003226            0.000000   0.387510 f
  candidates_i/U1879/C (NOR3X1)                                 0.014546  0.000000   0.387510 f
  candidates_i/U1879/Y (NOR3X1)                                 0.045740  0.022534   0.410043 r
  candidates_i/n1041 (net)                      1     0.001551            0.000000   0.410043 r
  candidates_i/U1231/A (INVX1)                                  0.045740  0.000000   0.410043 r
  candidates_i/U1231/Y (INVX1)                                  0.009507  0.025614   0.435657 f
  candidates_i/n681 (net)                       1     0.002301            0.000000   0.435657 f
  candidates_i/U1183/A (OR2X2)                                  0.009507  0.000000   0.435657 f
  candidates_i/U1183/Y (OR2X2)                                  0.007660  0.040151   0.475808 f
  candidates_i/n654 (net)                       2     0.004602            0.000000   0.475808 f
  candidates_i/U945/A (OR2X2)                                   0.007660  0.000000   0.475808 f
  candidates_i/U945/Y (OR2X2)                                   0.007226  0.038108   0.513916 f
  candidates_i/n539 (net)                       1     0.003011            0.000000   0.513916 f
  candidates_i/U8881/A (NOR3X1)                                 0.007226  0.000000   0.513916 f
  candidates_i/U8881/Y (NOR3X1)                                 0.053783  0.049536   0.563453 r
  candidates_i/n7972 (net)                      1     0.002741            0.000000   0.563453 r
  candidates_i/U9497/A (AOI21X1)                                0.053783  0.000000   0.563453 r
  candidates_i/U9497/Y (AOI21X1)                                0.020210  0.028779   0.592232 f
  candidates_i/n9498 (net)                      2     0.003707            0.000000   0.592232 f
  candidates_i/U10118/B (NAND2X1)                               0.020210  0.000000   0.592232 f
  candidates_i/U10118/Y (NAND2X1)                               0.031111  0.013682   0.605914 r
  candidates_i/n9524 (net)                      1     0.001551            0.000000   0.605914 r
  candidates_i/U6603/A (INVX1)                                  0.031111  0.000000   0.605914 r
  candidates_i/U6603/Y (INVX1)                                  0.012123  0.022742   0.628656 f
  candidates_i/n9500 (net)                      1     0.002832            0.000000   0.628656 f
  candidates_i/U10115/C (NAND3X1)                               0.012123  0.000000   0.628656 f
  candidates_i/U10115/Y (NAND3X1)                               0.034082  0.028350   0.657005 r
  candidates_i/n9543 (net)                      1     0.001551            0.000000   0.657005 r
  candidates_i/U6531/A (INVX1)                                  0.034082  0.000000   0.657005 r
  candidates_i/U6531/Y (INVX1)                                  0.016697  0.026818   0.683823 f
  candidates_i/n3565 (net)                      3     0.004428            0.000000   0.683823 f
  candidates_i/U6534/A (INVX1)                                  0.016697  0.000000   0.683823 f
  candidates_i/U6534/Y (INVX1)                                  0.000000  0.015576   0.699399 r
  candidates_i/n3568 (net)                      3     0.006019            0.000000   0.699399 r
  candidates_i/U10154/A (NAND2X1)                               0.000000  0.000000   0.699399 r
  candidates_i/U10154/Y (NAND2X1)                               0.030982  0.015525   0.714924 f
  candidates_i/n9652 (net)                      3     0.005211            0.000000   0.714924 f
  candidates_i/U5341/A (AND2X2)                                 0.030982  0.000000   0.714924 f
  candidates_i/U5341/Y (AND2X2)                                 0.018994  0.050776   0.765699 f
  candidates_i/n3103 (net)                      6     0.013895            0.000000   0.765699 f
  candidates_i/U241/A (AND2X2)                                  0.018994  0.000000   0.765699 f
  candidates_i/U241/Y (AND2X2)                                  0.008817  0.035344   0.801043 f
  candidates_i/n167 (net)                       1     0.002297            0.000000   0.801043 f
  candidates_i/U243/B (NOR2X1)                                  0.008817  0.000000   0.801043 f
  candidates_i/U243/Y (NOR2X1)                                  0.025968  0.027021   0.828064 r
  candidates_i/n9653 (net)                      1     0.001869            0.000000   0.828064 r
  candidates_i/U10244/B (AND2X2)                                0.025968  0.000000   0.828064 r
  candidates_i/U10244/Y (AND2X2)                                0.011058  0.033834   0.861898 r
  candidates_i/n9655 (net)                      1     0.002961            0.000000   0.861898 r
  candidates_i/U10245/C (NAND3X1)                               0.011058  0.000000   0.861898 r
  candidates_i/U10245/Y (NAND3X1)                               0.020031  0.013037   0.874935 f
  candidates_i/n9691 (net)                      2     0.003805            0.000000   0.874935 f
  candidates_i/U6039/A (OR2X2)                                  0.020031  0.000000   0.874935 f
  candidates_i/U6039/Y (OR2X2)                                  0.007959  0.040551   0.915486 f
  candidates_i/n9829 (net)                      2     0.003361            0.000000   0.915486 f
  candidates_i/U10377/A (NAND2X1)                               0.007959  0.000000   0.915486 f
  candidates_i/U10377/Y (NAND2X1)                               0.037854  0.027436   0.942922 r
  candidates_i/n9842 (net)                      1     0.002832            0.000000   0.942922 r
  candidates_i/U10378/B (NAND3X1)                               0.037854  0.000000   0.942922 r
  candidates_i/U10378/Y (NAND3X1)                               0.016912  0.020476   0.963398 f
  candidates_i/n9836 (net)                      1     0.002573            0.000000   0.963398 f
  candidates_i/U10381/A (OAI21X1)                               0.016912  0.000000   0.963398 f
  candidates_i/U10381/Y (OAI21X1)                               0.042716  0.044023   1.007421 r
  candidates_i/n9838 (net)                      1     0.002386            0.000000   1.007421 r
  candidates_i/U10382/C (AOI21X1)                               0.042716  0.000000   1.007421 r
  candidates_i/U10382/Y (AOI21X1)                               0.020759  0.024565   1.031986 f
  candidates_i/n11540 (net)                     1     0.003854            0.000000   1.031986 f
  candidates_i/U6540/A (BUFX4)                                  0.020759  0.000000   1.031986 f
  candidates_i/U6540/Y (BUFX4)                                  0.003868  0.048118   1.080103 f
  candidates_i/candidate_slots[1] (net)         3     0.013056            0.000000   1.080103 f
  candidates_i/candidate_slots[1] (mc_candidates_Q_DEPTH16_ROW_W8_COL_W6) 0.000000   1.080103 f
  candidate_slots[1] (net)                            0.013056            0.000000   1.080103 f
  frfcfs.scheduler_i/candidate_slots[1] (mc_scheduler_frfcfs_Q_DEPTH16_ADDR_W16_AGE_LIMIT128_AGING_ENABLE1)
                                                                          0.000000   1.080103 f
  frfcfs.scheduler_i/N609 (net)                       0.013056            0.000000   1.080103 f
  frfcfs.scheduler_i/U193/A (INVX8)                             0.003868  0.000000   1.080103 f
  frfcfs.scheduler_i/U193/Y (INVX8)                             0.000000  0.013874   1.093977 r
  frfcfs.scheduler_i/n1835 (net)                7     0.013853            0.000000   1.093977 r
  frfcfs.scheduler_i/U1101/B (AND2X2)                           0.000000  0.000000   1.093977 r
  frfcfs.scheduler_i/U1101/Y (AND2X2)                           0.009992  0.032796   1.126773 r
  frfcfs.scheduler_i/n859 (net)                 2     0.003102            0.000000   1.126773 r
  frfcfs.scheduler_i/U1103/A (INVX1)                            0.009992  0.000000   1.126773 r
  frfcfs.scheduler_i/U1103/Y (INVX1)                            0.013007  0.016620   1.143393 f
  frfcfs.scheduler_i/n778 (net)                 1     0.002632            0.000000   1.143393 f
  frfcfs.scheduler_i/U1358/B (OAI21X1)                          0.013007  0.000000   1.143393 f
  frfcfs.scheduler_i/U1358/Y (OAI21X1)                          0.039797  0.040928   1.184321 r
  frfcfs.scheduler_i/n867 (net)                 1     0.002386            0.000000   1.184321 r
  frfcfs.scheduler_i/U1357/C (AOI21X1)                          0.039797  0.000000   1.184321 r
  frfcfs.scheduler_i/U1357/Y (AOI21X1)                          0.017824  0.021165   1.205486 f
  frfcfs.scheduler_i/n865 (net)                 1     0.002623            0.000000   1.205486 f
  frfcfs.scheduler_i/U1356/A (MUX2X1)                           0.017824  0.000000   1.205486 f
  frfcfs.scheduler_i/U1356/Y (MUX2X1)                           0.044620  0.040957   1.246443 r
  frfcfs.scheduler_i/n849 (net)                 1     0.002744            0.000000   1.246443 r
  frfcfs.scheduler_i/U1349/B (MUX2X1)                           0.044620  0.000000   1.246443 r
  frfcfs.scheduler_i/U1349/Y (MUX2X1)                           0.014165  0.027976   1.274419 f
  frfcfs.scheduler_i/N1466 (net)                1     0.002832            0.000000   1.274419 f
  frfcfs.scheduler_i/U1975/C (NAND3X1)                          0.014165  0.000000   1.274419 f
  frfcfs.scheduler_i/U1975/Y (NAND3X1)                          0.040897  0.033634   1.308054 r
  frfcfs.scheduler_i/n1748 (net)                2     0.003102            0.000000   1.308054 r
  frfcfs.scheduler_i/U484/A (INVX1)                             0.040897  0.000000   1.308054 r
  frfcfs.scheduler_i/U484/Y (INVX1)                             0.008778  0.023572   1.331626 f
  frfcfs.scheduler_i/n362 (net)                 1     0.001944            0.000000   1.331626 f
  frfcfs.scheduler_i/U747/B (NAND2X1)                           0.008778  0.000000   1.331626 f
  frfcfs.scheduler_i/U747/Y (NAND2X1)                           0.039231  0.014836   1.346462 r
  frfcfs.scheduler_i/n1787 (net)                2     0.003102            0.000000   1.346462 r
  frfcfs.scheduler_i/U473/A (INVX1)                             0.039231  0.000000   1.346462 r
  frfcfs.scheduler_i/U473/Y (INVX1)                             0.015976  0.027963   1.374425 f
  frfcfs.scheduler_i/n1912 (net)                2     0.004308            0.000000   1.374425 f
  frfcfs.scheduler_i/U2042/C (NAND3X1)                          0.015976  0.000000   1.374425 f
  frfcfs.scheduler_i/U2042/Y (NAND3X1)                          0.035534  0.030310   1.404735 r
  frfcfs.scheduler_i/n1837 (net)                1     0.001869            0.000000   1.404735 r
  frfcfs.scheduler_i/U2044/B (AND2X2)                           0.035534  0.000000   1.404735 r
  frfcfs.scheduler_i/U2044/Y (AND2X2)                           0.009079  0.032623   1.437358 r
  frfcfs.scheduler_i/n1983 (net)                1     0.001869            0.000000   1.437358 r
  frfcfs.scheduler_i/U1090/B (AND2X2)                           0.009079  0.000000   1.437358 r
  frfcfs.scheduler_i/U1090/Y (AND2X2)                           0.010450  0.033216   1.470574 r
  frfcfs.scheduler_i/n2180 (net)                2     0.003090            0.000000   1.470574 r
  frfcfs.scheduler_i/U905/A (INVX1)                             0.010450  0.000000   1.470574 r
  frfcfs.scheduler_i/U905/Y (INVX1)                             0.010918  0.015331   1.485905 f
  frfcfs.scheduler_i/n676 (net)                 1     0.001944            0.000000   1.485905 f
  frfcfs.scheduler_i/U712/B (NAND2X1)                           0.010918  0.000000   1.485905 f
  frfcfs.scheduler_i/U712/Y (NAND2X1)                           0.034390  0.012422   1.498327 r
  frfcfs.scheduler_i/n559 (net)                 1     0.002111            0.000000   1.498327 r
  frfcfs.scheduler_i/U593/A (NAND2X1)                           0.034390  0.000000   1.498327 r
  frfcfs.scheduler_i/U593/Y (NAND2X1)                           0.020539  0.017707   1.516034 f
  frfcfs.scheduler_i/n466 (net)                 1     0.002297            0.000000   1.516034 f
  frfcfs.scheduler_i/U591/B (NOR2X1)                            0.020539  0.000000   1.516034 f
  frfcfs.scheduler_i/U591/Y (NOR2X1)                            0.024565  0.029501   1.545534 r
  frfcfs.scheduler_i/n464 (net)                 1     0.001869            0.000000   1.545534 r
  frfcfs.scheduler_i/U640/B (AND2X2)                            0.024565  0.000000   1.545534 r
  frfcfs.scheduler_i/U640/Y (AND2X2)                            0.026042  0.043825   1.589359 r
  frfcfs.scheduler_i/n497 (net)                 5     0.009517            0.000000   1.589359 r
  frfcfs.scheduler_i/U394/B (AND2X2)                            0.026042  0.000000   1.589359 r
  frfcfs.scheduler_i/U394/Y (AND2X2)                            0.014946  0.036433   1.625792 r
  frfcfs.scheduler_i/n1998 (net)                3     0.004653            0.000000   1.625792 r
  frfcfs.scheduler_i/U333/A (INVX1)                             0.014946  0.000000   1.625792 r
  frfcfs.scheduler_i/U333/Y (INVX1)                             0.015015  0.019576   1.645368 f
  frfcfs.scheduler_i/n266 (net)                 2     0.003420            0.000000   1.645368 f
  frfcfs.scheduler_i/U707/B (NAND2X1)                           0.015015  0.000000   1.645368 f
  frfcfs.scheduler_i/U707/Y (NAND2X1)                           0.032632  0.012771   1.658139 r
  frfcfs.scheduler_i/n558 (net)                 1     0.001798            0.000000   1.658139 r
  frfcfs.scheduler_i/U1175/A (AND2X2)                           0.032632  0.000000   1.658139 r
  frfcfs.scheduler_i/U1175/Y (AND2X2)                           0.022083  0.043054   1.701192 r
  frfcfs.scheduler_i/n804 (net)                 3     0.008295            0.000000   1.701192 r
  frfcfs.scheduler_i/U375/A (BUFX4)                             0.022083  0.000000   1.701192 r
  frfcfs.scheduler_i/U375/Y (BUFX4)                             0.022126  0.030399   1.731592 r
  frfcfs.scheduler_i/n296 (net)                 6     0.014883            0.000000   1.731592 r
  frfcfs.scheduler_i/U1081/A (AND2X2)                           0.022126  0.000000   1.731592 r
  frfcfs.scheduler_i/U1081/Y (AND2X2)                           0.020010  0.039304   1.770895 r
  frfcfs.scheduler_i/n2341 (net)                3     0.006135            0.000000   1.770895 r
  frfcfs.scheduler_i/U529/A (OR2X2)                             0.020010  0.000000   1.770895 r
  frfcfs.scheduler_i/U529/Y (OR2X2)                             0.010821  0.039249   1.810144 r
  frfcfs.scheduler_i/n2310 (net)                1     0.003063            0.000000   1.810144 r
  frfcfs.scheduler_i/U2412/B (NOR3X1)                           0.010821  0.000000   1.810144 r
  frfcfs.scheduler_i/U2412/Y (NOR3X1)                           0.026519  0.025836   1.835980 f
  frfcfs.scheduler_i/n2313 (net)                1     0.002832            0.000000   1.835980 f
  frfcfs.scheduler_i/U2413/C (NAND3X1)                          0.026519  0.000000   1.835980 f
  frfcfs.scheduler_i/U2413/Y (NAND3X1)                          0.039435  0.035961   1.871941 r
  frfcfs.scheduler_i/n2321 (net)                1     0.002832            0.000000   1.871941 r
  frfcfs.scheduler_i/U2415/B (NAND3X1)                          0.039435  0.000000   1.871941 r
  frfcfs.scheduler_i/U2415/Y (NAND3X1)                          0.020911  0.023743   1.895685 f
  frfcfs.scheduler_i/n2323 (net)                2     0.004336            0.000000   1.895685 f
  frfcfs.scheduler_i/U457/C (NAND3X1)                           0.020911  0.000000   1.895685 f
  frfcfs.scheduler_i/U457/Y (NAND3X1)                           0.033779  0.030589   1.926274 r
  frfcfs.scheduler_i/n2459 (net)                1     0.001551            0.000000   1.926274 r
  frfcfs.scheduler_i/U683/A (INVX1)                             0.033779  0.000000   1.926274 r
  frfcfs.scheduler_i/U683/Y (INVX1)                             0.011936  0.023464   1.949738 f
  frfcfs.scheduler_i/n2460 (net)                1     0.002832            0.000000   1.949738 f
  frfcfs.scheduler_i/U2484/C (NAND3X1)                          0.011936  0.000000   1.949738 f
  frfcfs.scheduler_i/U2484/Y (NAND3X1)                          0.035933  0.029765   1.979503 r
  frfcfs.scheduler_i/n2463 (net)                1     0.002027            0.000000   1.979503 r
  frfcfs.scheduler_i/U2485/B (NAND2X1)                          0.035933  0.000000   1.979503 r
  frfcfs.scheduler_i/U2485/Y (NAND2X1)                          0.022000  0.022367   2.001870 f
  frfcfs.scheduler_i/select_slot[0] (net)       2     0.003008            0.000000   2.001870 f
  frfcfs.scheduler_i/select_slot[0] (mc_scheduler_frfcfs_Q_DEPTH16_ADDR_W16_AGE_LIMIT128_AGING_ENABLE1)
                                                                          0.000000   2.001870 f
  select_slot[0] (net)                                0.003008            0.000000   2.001870 f
  U289/A (BUFX2)                                                0.022000  0.000000   2.001870 f
  U289/Y (BUFX2)                                                0.019908  0.047275   2.049145 f
  n124 (net)                                    6     0.013710            0.000000   2.049145 f
  U1353/B (NAND3X1)                                             0.019908  0.000000   2.049145 f
  U1353/Y (NAND3X1)                                             0.033676  0.033229   2.082374 r
  n1758 (net)                                   1     0.001551            0.000000   2.082374 r
  U234/A (INVX1)                                                0.033676  0.000000   2.082374 r
  U234/Y (INVX1)                                                0.016809  0.026766   2.109139 f
  n594 (net)                                    3     0.004456            0.000000   2.109139 f
  U419/A (INVX1)                                                0.016809  0.000000   2.109139 f
  U419/Y (INVX1)                                                0.000000  0.013319   2.122458 r
  n595 (net)                                    2     0.005310            0.000000   2.122458 r
  U102/A (INVX2)                                                0.000000  0.000000   2.122458 r
  U102/Y (INVX2)                                                0.008484  0.028851   2.151309 f
  n50 (net)                                     2     0.011988            0.000000   2.151309 f
  U378/A (INVX8)                                                0.008484  0.000000   2.151309 f
  U378/Y (INVX8)                                                0.010620  0.021698   2.173008 r
  n597 (net)                                   14     0.032954            0.000000   2.173008 r
  U918/B (OR2X2)                                                0.010620  0.000000   2.173008 r
  U918/Y (OR2X2)                                                0.006926  0.042370   2.215378 r
  n1243 (net)                                   1     0.001551            0.000000   2.215378 r
  U919/A (INVX1)                                                0.006926  0.000000   2.215378 r
  U919/Y (INVX1)                                                0.014995  0.017008   2.232385 f
  n471 (net)                                    1     0.003226            0.000000   2.232385 f
  U1604/C (NOR3X1)                                              0.014995  0.000000   2.232385 f
  U1604/Y (NOR3X1)                                              0.054598  0.027130   2.259516 r
  n1250 (net)                                   1     0.002907            0.000000   2.259516 r
  U1607/D (AOI22X1)                                             0.054598  0.000000   2.259516 r
  U1607/Y (AOI22X1)                                             0.033515  0.025615   2.285131 f
  n1253 (net)                                   1     0.001476            0.000000   2.285131 f
  U189/A (INVX1)                                                0.033515  0.000000   2.285131 f
  U189/Y (INVX1)                                                0.019325  0.034412   2.319543 r
  cmd_wdata[6] (net)                            1     0.010000            0.000000   2.319543 r
  cmd_wdata[6] (out)                                            0.019325  0.000000   2.319543 r
  data arrival time                                                                  2.319543

  clock core_clk (rise edge)                                              2.000000   2.000000
  clock network delay (ideal)                                             0.000000   2.000000
  clock uncertainty                                                       -0.100000  1.900000
  output external delay                                                   -1.000000  0.900000
  data required time                                                                 0.900000
  ----------------------------------------------------------------------------------------------
  data required time                                                                 0.900000
  data arrival time                                                                  -2.319543
  ----------------------------------------------------------------------------------------------
  slack (VIOLATED)                                                                   -1.419543


  Startpoint: table_i/addresses_reg[173]
              (rising edge-triggered flip-flop clocked by core_clk)
  Endpoint: cmd_wdata[12]
            (output port clocked by core_clk)
  Path Group: core_clk
  Path Type: max

  Point                                       Fanout       Cap     Trans      Incr       Path
  ----------------------------------------------------------------------------------------------
  clock core_clk (rise edge)                                              0.000000   0.000000
  clock network delay (ideal)                                             0.000000   0.000000
  table_i/addresses_reg[173]/CLK (DFFPOSX1)                     0.000000  0.000000 # 0.000000 r
  table_i/addresses_reg[173]/Q (DFFPOSX1)                       0.024425  0.106372   0.106372 f
  table_i/addresses[173] (net)                  4     0.005961            0.000000   0.106372 f
  table_i/addresses[173] (mc_transaction_table_Q_DEPTH16_ADDR_W16_DATA_W32_TAG_W8_READ_LATENCY3_AGE_LIMIT128)
                                                                          0.000000   0.106372 f
  addresses[173] (net)                                0.005961            0.000000   0.106372 f
  candidates_i/addresses[173] (mc_candidates_Q_DEPTH16_ROW_W8_COL_W6)     0.000000   0.106372 f
  candidates_i/addresses[173] (net)                   0.005961            0.000000   0.106372 f
  candidates_i/U738/A (INVX1)                                   0.024425  0.000000   0.106372 f
  candidates_i/U738/Y (INVX1)                                   0.007557  0.024595   0.130967 r
  candidates_i/n1109 (net)                      2     0.007959            0.000000   0.130967 r
  candidates_i/U736/A (BUFX4)                                   0.007557  0.000000   0.130967 r
  candidates_i/U736/Y (BUFX4)                                   0.024247  0.033070   0.164037 r
  candidates_i/n428 (net)                       4     0.017344            0.000000   0.164037 r
  candidates_i/U2216/A (XNOR2X1)                                0.024247  0.000000   0.164037 r
  candidates_i/U2216/Y (XNOR2X1)                                0.019100  0.030133   0.194170 f
  candidates_i/n7127 (net)                      2     0.002952            0.000000   0.194170 f
  candidates_i/U1042/A (INVX1)                                  0.019100  0.000000   0.194170 f
  candidates_i/U1042/Y (INVX1)                                  0.000000  0.006712   0.200882 r
  candidates_i/n651 (net)                       1     0.003021            0.000000   0.200882 r
  candidates_i/U1179/A (NOR3X1)                                 0.000000  0.000000   0.200882 r
  candidates_i/U1179/Y (NOR3X1)                                 0.022571  0.028768   0.229650 f
  candidates_i/n650 (net)                       1     0.001476            0.000000   0.229650 f
  candidates_i/U1180/A (INVX1)                                  0.022571  0.000000   0.229650 f
  candidates_i/U1180/Y (INVX1)                                  0.000000  0.005550   0.235200 r
  candidates_i/n6501 (net)                      1     0.002283            0.000000   0.235200 r
  candidates_i/U4377/B (OR2X2)                                  0.000000  0.000000   0.235200 r
  candidates_i/U4377/Y (OR2X2)                                  0.004372  0.041056   0.276256 r
  candidates_i/n6505 (net)                      1     0.001551            0.000000   0.276256 r
  candidates_i/U4378/A (INVX1)                                  0.004372  0.000000   0.276256 r
  candidates_i/U4378/Y (INVX1)                                  0.012135  0.014229   0.290485 f
  candidates_i/n2564 (net)                      1     0.002209            0.000000   0.290485 f
  candidates_i/U8755/A (NAND3X1)                                0.012135  0.000000   0.290485 f
  candidates_i/U8755/Y (NAND3X1)                                0.036962  0.037079   0.327564 r
  candidates_i/n6507 (net)                      1     0.002292            0.000000   0.327564 r
  candidates_i/U4269/A (OR2X2)                                  0.036962  0.000000   0.327564 r
  candidates_i/U4269/Y (OR2X2)                                  0.013339  0.041203   0.368767 r
  candidates_i/n6509 (net)                      2     0.003090            0.000000   0.368767 r
  candidates_i/U281/A (INVX1)                                   0.013339  0.000000   0.368767 r
  candidates_i/U281/Y (INVX1)                                   0.014546  0.018742   0.387510 f
  candidates_i/n188 (net)                       1     0.003226            0.000000   0.387510 f
  candidates_i/U1879/C (NOR3X1)                                 0.014546  0.000000   0.387510 f
  candidates_i/U1879/Y (NOR3X1)                                 0.045740  0.022534   0.410043 r
  candidates_i/n1041 (net)                      1     0.001551            0.000000   0.410043 r
  candidates_i/U1231/A (INVX1)                                  0.045740  0.000000   0.410043 r
  candidates_i/U1231/Y (INVX1)                                  0.009507  0.025614   0.435657 f
  candidates_i/n681 (net)                       1     0.002301            0.000000   0.435657 f
  candidates_i/U1183/A (OR2X2)                                  0.009507  0.000000   0.435657 f
  candidates_i/U1183/Y (OR2X2)                                  0.007660  0.040151   0.475808 f
  candidates_i/n654 (net)                       2     0.004602            0.000000   0.475808 f
  candidates_i/U945/A (OR2X2)                                   0.007660  0.000000   0.475808 f
  candidates_i/U945/Y (OR2X2)                                   0.007226  0.038108   0.513916 f
  candidates_i/n539 (net)                       1     0.003011            0.000000   0.513916 f
  candidates_i/U8881/A (NOR3X1)                                 0.007226  0.000000   0.513916 f
  candidates_i/U8881/Y (NOR3X1)                                 0.053783  0.049536   0.563453 r
  candidates_i/n7972 (net)                      1     0.002741            0.000000   0.563453 r
  candidates_i/U9497/A (AOI21X1)                                0.053783  0.000000   0.563453 r
  candidates_i/U9497/Y (AOI21X1)                                0.020210  0.028779   0.592232 f
  candidates_i/n9498 (net)                      2     0.003707            0.000000   0.592232 f
  candidates_i/U10118/B (NAND2X1)                               0.020210  0.000000   0.592232 f
  candidates_i/U10118/Y (NAND2X1)                               0.031111  0.013682   0.605914 r
  candidates_i/n9524 (net)                      1     0.001551            0.000000   0.605914 r
  candidates_i/U6603/A (INVX1)                                  0.031111  0.000000   0.605914 r
  candidates_i/U6603/Y (INVX1)                                  0.012123  0.022742   0.628656 f
  candidates_i/n9500 (net)                      1     0.002832            0.000000   0.628656 f
  candidates_i/U10115/C (NAND3X1)                               0.012123  0.000000   0.628656 f
  candidates_i/U10115/Y (NAND3X1)                               0.034082  0.028350   0.657005 r
  candidates_i/n9543 (net)                      1     0.001551            0.000000   0.657005 r
  candidates_i/U6531/A (INVX1)                                  0.034082  0.000000   0.657005 r
  candidates_i/U6531/Y (INVX1)                                  0.016697  0.026818   0.683823 f
  candidates_i/n3565 (net)                      3     0.004428            0.000000   0.683823 f
  candidates_i/U6534/A (INVX1)                                  0.016697  0.000000   0.683823 f
  candidates_i/U6534/Y (INVX1)                                  0.000000  0.015576   0.699399 r
  candidates_i/n3568 (net)                      3     0.006019            0.000000   0.699399 r
  candidates_i/U10154/A (NAND2X1)                               0.000000  0.000000   0.699399 r
  candidates_i/U10154/Y (NAND2X1)                               0.030982  0.015525   0.714924 f
  candidates_i/n9652 (net)                      3     0.005211            0.000000   0.714924 f
  candidates_i/U5341/A (AND2X2)                                 0.030982  0.000000   0.714924 f
  candidates_i/U5341/Y (AND2X2)                                 0.018994  0.050776   0.765699 f
  candidates_i/n3103 (net)                      6     0.013895            0.000000   0.765699 f
  candidates_i/U241/A (AND2X2)                                  0.018994  0.000000   0.765699 f
  candidates_i/U241/Y (AND2X2)                                  0.008817  0.035344   0.801043 f
  candidates_i/n167 (net)                       1     0.002297            0.000000   0.801043 f
  candidates_i/U243/B (NOR2X1)                                  0.008817  0.000000   0.801043 f
  candidates_i/U243/Y (NOR2X1)                                  0.025968  0.027021   0.828064 r
  candidates_i/n9653 (net)                      1     0.001869            0.000000   0.828064 r
  candidates_i/U10244/B (AND2X2)                                0.025968  0.000000   0.828064 r
  candidates_i/U10244/Y (AND2X2)                                0.011058  0.033834   0.861898 r
  candidates_i/n9655 (net)                      1     0.002961            0.000000   0.861898 r
  candidates_i/U10245/C (NAND3X1)                               0.011058  0.000000   0.861898 r
  candidates_i/U10245/Y (NAND3X1)                               0.020031  0.013037   0.874935 f
  candidates_i/n9691 (net)                      2     0.003805            0.000000   0.874935 f
  candidates_i/U6039/A (OR2X2)                                  0.020031  0.000000   0.874935 f
  candidates_i/U6039/Y (OR2X2)                                  0.007959  0.040551   0.915486 f
  candidates_i/n9829 (net)                      2     0.003361            0.000000   0.915486 f
  candidates_i/U10377/A (NAND2X1)                               0.007959  0.000000   0.915486 f
  candidates_i/U10377/Y (NAND2X1)                               0.037854  0.027436   0.942922 r
  candidates_i/n9842 (net)                      1     0.002832            0.000000   0.942922 r
  candidates_i/U10378/B (NAND3X1)                               0.037854  0.000000   0.942922 r
  candidates_i/U10378/Y (NAND3X1)                               0.016912  0.020476   0.963398 f
  candidates_i/n9836 (net)                      1     0.002573            0.000000   0.963398 f
  candidates_i/U10381/A (OAI21X1)                               0.016912  0.000000   0.963398 f
  candidates_i/U10381/Y (OAI21X1)                               0.042716  0.044023   1.007421 r
  candidates_i/n9838 (net)                      1     0.002386            0.000000   1.007421 r
  candidates_i/U10382/C (AOI21X1)                               0.042716  0.000000   1.007421 r
  candidates_i/U10382/Y (AOI21X1)                               0.020759  0.024565   1.031986 f
  candidates_i/n11540 (net)                     1     0.003854            0.000000   1.031986 f
  candidates_i/U6540/A (BUFX4)                                  0.020759  0.000000   1.031986 f
  candidates_i/U6540/Y (BUFX4)                                  0.003868  0.048118   1.080103 f
  candidates_i/candidate_slots[1] (net)         3     0.013056            0.000000   1.080103 f
  candidates_i/candidate_slots[1] (mc_candidates_Q_DEPTH16_ROW_W8_COL_W6) 0.000000   1.080103 f
  candidate_slots[1] (net)                            0.013056            0.000000   1.080103 f
  frfcfs.scheduler_i/candidate_slots[1] (mc_scheduler_frfcfs_Q_DEPTH16_ADDR_W16_AGE_LIMIT128_AGING_ENABLE1)
                                                                          0.000000   1.080103 f
  frfcfs.scheduler_i/N609 (net)                       0.013056            0.000000   1.080103 f
  frfcfs.scheduler_i/U193/A (INVX8)                             0.003868  0.000000   1.080103 f
  frfcfs.scheduler_i/U193/Y (INVX8)                             0.000000  0.013874   1.093977 r
  frfcfs.scheduler_i/n1835 (net)                7     0.013853            0.000000   1.093977 r
  frfcfs.scheduler_i/U1101/B (AND2X2)                           0.000000  0.000000   1.093977 r
  frfcfs.scheduler_i/U1101/Y (AND2X2)                           0.009992  0.032796   1.126773 r
  frfcfs.scheduler_i/n859 (net)                 2     0.003102            0.000000   1.126773 r
  frfcfs.scheduler_i/U1103/A (INVX1)                            0.009992  0.000000   1.126773 r
  frfcfs.scheduler_i/U1103/Y (INVX1)                            0.013007  0.016620   1.143393 f
  frfcfs.scheduler_i/n778 (net)                 1     0.002632            0.000000   1.143393 f
  frfcfs.scheduler_i/U1358/B (OAI21X1)                          0.013007  0.000000   1.143393 f
  frfcfs.scheduler_i/U1358/Y (OAI21X1)                          0.039797  0.040928   1.184321 r
  frfcfs.scheduler_i/n867 (net)                 1     0.002386            0.000000   1.184321 r
  frfcfs.scheduler_i/U1357/C (AOI21X1)                          0.039797  0.000000   1.184321 r
  frfcfs.scheduler_i/U1357/Y (AOI21X1)                          0.017824  0.021165   1.205486 f
  frfcfs.scheduler_i/n865 (net)                 1     0.002623            0.000000   1.205486 f
  frfcfs.scheduler_i/U1356/A (MUX2X1)                           0.017824  0.000000   1.205486 f
  frfcfs.scheduler_i/U1356/Y (MUX2X1)                           0.044620  0.040957   1.246443 r
  frfcfs.scheduler_i/n849 (net)                 1     0.002744            0.000000   1.246443 r
  frfcfs.scheduler_i/U1349/B (MUX2X1)                           0.044620  0.000000   1.246443 r
  frfcfs.scheduler_i/U1349/Y (MUX2X1)                           0.014165  0.027976   1.274419 f
  frfcfs.scheduler_i/N1466 (net)                1     0.002832            0.000000   1.274419 f
  frfcfs.scheduler_i/U1975/C (NAND3X1)                          0.014165  0.000000   1.274419 f
  frfcfs.scheduler_i/U1975/Y (NAND3X1)                          0.040897  0.033634   1.308054 r
  frfcfs.scheduler_i/n1748 (net)                2     0.003102            0.000000   1.308054 r
  frfcfs.scheduler_i/U484/A (INVX1)                             0.040897  0.000000   1.308054 r
  frfcfs.scheduler_i/U484/Y (INVX1)                             0.008778  0.023572   1.331626 f
  frfcfs.scheduler_i/n362 (net)                 1     0.001944            0.000000   1.331626 f
  frfcfs.scheduler_i/U747/B (NAND2X1)                           0.008778  0.000000   1.331626 f
  frfcfs.scheduler_i/U747/Y (NAND2X1)                           0.039231  0.014836   1.346462 r
  frfcfs.scheduler_i/n1787 (net)                2     0.003102            0.000000   1.346462 r
  frfcfs.scheduler_i/U473/A (INVX1)                             0.039231  0.000000   1.346462 r
  frfcfs.scheduler_i/U473/Y (INVX1)                             0.015976  0.027963   1.374425 f
  frfcfs.scheduler_i/n1912 (net)                2     0.004308            0.000000   1.374425 f
  frfcfs.scheduler_i/U2042/C (NAND3X1)                          0.015976  0.000000   1.374425 f
  frfcfs.scheduler_i/U2042/Y (NAND3X1)                          0.035534  0.030310   1.404735 r
  frfcfs.scheduler_i/n1837 (net)                1     0.001869            0.000000   1.404735 r
  frfcfs.scheduler_i/U2044/B (AND2X2)                           0.035534  0.000000   1.404735 r
  frfcfs.scheduler_i/U2044/Y (AND2X2)                           0.009079  0.032623   1.437358 r
  frfcfs.scheduler_i/n1983 (net)                1     0.001869            0.000000   1.437358 r
  frfcfs.scheduler_i/U1090/B (AND2X2)                           0.009079  0.000000   1.437358 r
  frfcfs.scheduler_i/U1090/Y (AND2X2)                           0.010450  0.033216   1.470574 r
  frfcfs.scheduler_i/n2180 (net)                2     0.003090            0.000000   1.470574 r
  frfcfs.scheduler_i/U905/A (INVX1)                             0.010450  0.000000   1.470574 r
  frfcfs.scheduler_i/U905/Y (INVX1)                             0.010918  0.015331   1.485905 f
  frfcfs.scheduler_i/n676 (net)                 1     0.001944            0.000000   1.485905 f
  frfcfs.scheduler_i/U712/B (NAND2X1)                           0.010918  0.000000   1.485905 f
  frfcfs.scheduler_i/U712/Y (NAND2X1)                           0.034390  0.012422   1.498327 r
  frfcfs.scheduler_i/n559 (net)                 1     0.002111            0.000000   1.498327 r
  frfcfs.scheduler_i/U593/A (NAND2X1)                           0.034390  0.000000   1.498327 r
  frfcfs.scheduler_i/U593/Y (NAND2X1)                           0.020539  0.017707   1.516034 f
  frfcfs.scheduler_i/n466 (net)                 1     0.002297            0.000000   1.516034 f
  frfcfs.scheduler_i/U591/B (NOR2X1)                            0.020539  0.000000   1.516034 f
  frfcfs.scheduler_i/U591/Y (NOR2X1)                            0.024565  0.029501   1.545534 r
  frfcfs.scheduler_i/n464 (net)                 1     0.001869            0.000000   1.545534 r
  frfcfs.scheduler_i/U640/B (AND2X2)                            0.024565  0.000000   1.545534 r
  frfcfs.scheduler_i/U640/Y (AND2X2)                            0.026042  0.043825   1.589359 r
  frfcfs.scheduler_i/n497 (net)                 5     0.009517            0.000000   1.589359 r
  frfcfs.scheduler_i/U394/B (AND2X2)                            0.026042  0.000000   1.589359 r
  frfcfs.scheduler_i/U394/Y (AND2X2)                            0.014946  0.036433   1.625792 r
  frfcfs.scheduler_i/n1998 (net)                3     0.004653            0.000000   1.625792 r
  frfcfs.scheduler_i/U333/A (INVX1)                             0.014946  0.000000   1.625792 r
  frfcfs.scheduler_i/U333/Y (INVX1)                             0.015015  0.019576   1.645368 f
  frfcfs.scheduler_i/n266 (net)                 2     0.003420            0.000000   1.645368 f
  frfcfs.scheduler_i/U707/B (NAND2X1)                           0.015015  0.000000   1.645368 f
  frfcfs.scheduler_i/U707/Y (NAND2X1)                           0.032632  0.012771   1.658139 r
  frfcfs.scheduler_i/n558 (net)                 1     0.001798            0.000000   1.658139 r
  frfcfs.scheduler_i/U1175/A (AND2X2)                           0.032632  0.000000   1.658139 r
  frfcfs.scheduler_i/U1175/Y (AND2X2)                           0.022083  0.043054   1.701192 r
  frfcfs.scheduler_i/n804 (net)                 3     0.008295            0.000000   1.701192 r
  frfcfs.scheduler_i/U375/A (BUFX4)                             0.022083  0.000000   1.701192 r
  frfcfs.scheduler_i/U375/Y (BUFX4)                             0.022126  0.030399   1.731592 r
  frfcfs.scheduler_i/n296 (net)                 6     0.014883            0.000000   1.731592 r
  frfcfs.scheduler_i/U1081/A (AND2X2)                           0.022126  0.000000   1.731592 r
  frfcfs.scheduler_i/U1081/Y (AND2X2)                           0.020010  0.039304   1.770895 r
  frfcfs.scheduler_i/n2341 (net)                3     0.006135            0.000000   1.770895 r
  frfcfs.scheduler_i/U529/A (OR2X2)                             0.020010  0.000000   1.770895 r
  frfcfs.scheduler_i/U529/Y (OR2X2)                             0.010821  0.039249   1.810144 r
  frfcfs.scheduler_i/n2310 (net)                1     0.003063            0.000000   1.810144 r
  frfcfs.scheduler_i/U2412/B (NOR3X1)                           0.010821  0.000000   1.810144 r
  frfcfs.scheduler_i/U2412/Y (NOR3X1)                           0.026519  0.025836   1.835980 f
  frfcfs.scheduler_i/n2313 (net)                1     0.002832            0.000000   1.835980 f
  frfcfs.scheduler_i/U2413/C (NAND3X1)                          0.026519  0.000000   1.835980 f
  frfcfs.scheduler_i/U2413/Y (NAND3X1)                          0.039435  0.035961   1.871941 r
  frfcfs.scheduler_i/n2321 (net)                1     0.002832            0.000000   1.871941 r
  frfcfs.scheduler_i/U2415/B (NAND3X1)                          0.039435  0.000000   1.871941 r
  frfcfs.scheduler_i/U2415/Y (NAND3X1)                          0.020911  0.023743   1.895685 f
  frfcfs.scheduler_i/n2323 (net)                2     0.004336            0.000000   1.895685 f
  frfcfs.scheduler_i/U457/C (NAND3X1)                           0.020911  0.000000   1.895685 f
  frfcfs.scheduler_i/U457/Y (NAND3X1)                           0.033779  0.030589   1.926274 r
  frfcfs.scheduler_i/n2459 (net)                1     0.001551            0.000000   1.926274 r
  frfcfs.scheduler_i/U683/A (INVX1)                             0.033779  0.000000   1.926274 r
  frfcfs.scheduler_i/U683/Y (INVX1)                             0.011936  0.023464   1.949738 f
  frfcfs.scheduler_i/n2460 (net)                1     0.002832            0.000000   1.949738 f
  frfcfs.scheduler_i/U2484/C (NAND3X1)                          0.011936  0.000000   1.949738 f
  frfcfs.scheduler_i/U2484/Y (NAND3X1)                          0.035933  0.029765   1.979503 r
  frfcfs.scheduler_i/n2463 (net)                1     0.002027            0.000000   1.979503 r
  frfcfs.scheduler_i/U2485/B (NAND2X1)                          0.035933  0.000000   1.979503 r
  frfcfs.scheduler_i/U2485/Y (NAND2X1)                          0.022000  0.022367   2.001870 f
  frfcfs.scheduler_i/select_slot[0] (net)       2     0.003008            0.000000   2.001870 f
  frfcfs.scheduler_i/select_slot[0] (mc_scheduler_frfcfs_Q_DEPTH16_ADDR_W16_AGE_LIMIT128_AGING_ENABLE1)
                                                                          0.000000   2.001870 f
  select_slot[0] (net)                                0.003008            0.000000   2.001870 f
  U289/A (BUFX2)                                                0.022000  0.000000   2.001870 f
  U289/Y (BUFX2)                                                0.019908  0.047275   2.049145 f
  n124 (net)                                    6     0.013710            0.000000   2.049145 f
  U1355/C (NAND3X1)                                             0.019908  0.000000   2.049145 f
  U1355/Y (NAND3X1)                                             0.046083  0.038497   2.087642 r
  n1755 (net)                                   2     0.004206            0.000000   2.087642 r
  U510/A (INVX2)                                                0.046083  0.000000   2.087642 r
  U510/Y (INVX2)                                                0.030635  0.034276   2.121918 f
  n278 (net)                                   11     0.016238            0.000000   2.121918 f
  U585/A (INVX1)                                                0.030635  0.000000   2.121918 f
  U585/Y (INVX1)                                                0.014465  0.030580   2.152498 r
  n289 (net)                                    4     0.009130            0.000000   2.152498 r
  U242/B (OR2X2)                                                0.014465  0.000000   2.152498 r
  U242/Y (OR2X2)                                                0.007980  0.043542   2.196040 r
  n1357 (net)                                   1     0.002010            0.000000   2.196040 r
  U1663/C (OAI21X1)                                             0.007980  0.000000   2.196040 r
  U1663/Y (OAI21X1)                                             0.007214  0.014250   2.210289 f
  n1360 (net)                                   1     0.003067            0.000000   2.210289 f
  U1665/B (NOR3X1)                                              0.007214  0.000000   2.210289 f
  U1665/Y (NOR3X1)                                              0.053251  0.038558   2.248847 r
  n1376 (net)                                   1     0.002764            0.000000   2.248847 r
  U1673/B (AOI22X1)                                             0.053251  0.000000   2.248847 r
  U1673/Y (AOI22X1)                                             0.036352  0.038782   2.287629 f
  n1377 (net)                                   1     0.002673            0.000000   2.287629 f
  U312/A (INVX2)                                                0.036352  0.000000   2.287629 f
  U312/Y (INVX2)                                                0.024632  0.031911   2.319540 r
  cmd_wdata[12] (net)                           1     0.010000            0.000000   2.319540 r
  cmd_wdata[12] (out)                                           0.024632  0.000000   2.319540 r
  data arrival time                                                                  2.319540

  clock core_clk (rise edge)                                              2.000000   2.000000
  clock network delay (ideal)                                             0.000000   2.000000
  clock uncertainty                                                       -0.100000  1.900000
  output external delay                                                   -1.000000  0.900000
  data required time                                                                 0.900000
  ----------------------------------------------------------------------------------------------
  data required time                                                                 0.900000
  data arrival time                                                                  -2.319540
  ----------------------------------------------------------------------------------------------
  slack (VIOLATED)                                                                   -1.419540


  Startpoint: table_i/addresses_reg[173]
              (rising edge-triggered flip-flop clocked by core_clk)
  Endpoint: cmd_wdata[27]
            (output port clocked by core_clk)
  Path Group: core_clk
  Path Type: max

  Point                                       Fanout       Cap     Trans      Incr       Path
  ----------------------------------------------------------------------------------------------
  clock core_clk (rise edge)                                              0.000000   0.000000
  clock network delay (ideal)                                             0.000000   0.000000
  table_i/addresses_reg[173]/CLK (DFFPOSX1)                     0.000000  0.000000 # 0.000000 r
  table_i/addresses_reg[173]/Q (DFFPOSX1)                       0.024425  0.106372   0.106372 f
  table_i/addresses[173] (net)                  4     0.005961            0.000000   0.106372 f
  table_i/addresses[173] (mc_transaction_table_Q_DEPTH16_ADDR_W16_DATA_W32_TAG_W8_READ_LATENCY3_AGE_LIMIT128)
                                                                          0.000000   0.106372 f
  addresses[173] (net)                                0.005961            0.000000   0.106372 f
  candidates_i/addresses[173] (mc_candidates_Q_DEPTH16_ROW_W8_COL_W6)     0.000000   0.106372 f
  candidates_i/addresses[173] (net)                   0.005961            0.000000   0.106372 f
  candidates_i/U738/A (INVX1)                                   0.024425  0.000000   0.106372 f
  candidates_i/U738/Y (INVX1)                                   0.007557  0.024595   0.130967 r
  candidates_i/n1109 (net)                      2     0.007959            0.000000   0.130967 r
  candidates_i/U736/A (BUFX4)                                   0.007557  0.000000   0.130967 r
  candidates_i/U736/Y (BUFX4)                                   0.024247  0.033070   0.164037 r
  candidates_i/n428 (net)                       4     0.017344            0.000000   0.164037 r
  candidates_i/U2216/A (XNOR2X1)                                0.024247  0.000000   0.164037 r
  candidates_i/U2216/Y (XNOR2X1)                                0.019100  0.030133   0.194170 f
  candidates_i/n7127 (net)                      2     0.002952            0.000000   0.194170 f
  candidates_i/U1042/A (INVX1)                                  0.019100  0.000000   0.194170 f
  candidates_i/U1042/Y (INVX1)                                  0.000000  0.006712   0.200882 r
  candidates_i/n651 (net)                       1     0.003021            0.000000   0.200882 r
  candidates_i/U1179/A (NOR3X1)                                 0.000000  0.000000   0.200882 r
  candidates_i/U1179/Y (NOR3X1)                                 0.022571  0.028768   0.229650 f
  candidates_i/n650 (net)                       1     0.001476            0.000000   0.229650 f
  candidates_i/U1180/A (INVX1)                                  0.022571  0.000000   0.229650 f
  candidates_i/U1180/Y (INVX1)                                  0.000000  0.005550   0.235200 r
  candidates_i/n6501 (net)                      1     0.002283            0.000000   0.235200 r
  candidates_i/U4377/B (OR2X2)                                  0.000000  0.000000   0.235200 r
  candidates_i/U4377/Y (OR2X2)                                  0.004372  0.041056   0.276256 r
  candidates_i/n6505 (net)                      1     0.001551            0.000000   0.276256 r
  candidates_i/U4378/A (INVX1)                                  0.004372  0.000000   0.276256 r
  candidates_i/U4378/Y (INVX1)                                  0.012135  0.014229   0.290485 f
  candidates_i/n2564 (net)                      1     0.002209            0.000000   0.290485 f
  candidates_i/U8755/A (NAND3X1)                                0.012135  0.000000   0.290485 f
  candidates_i/U8755/Y (NAND3X1)                                0.036962  0.037079   0.327564 r
  candidates_i/n6507 (net)                      1     0.002292            0.000000   0.327564 r
  candidates_i/U4269/A (OR2X2)                                  0.036962  0.000000   0.327564 r
  candidates_i/U4269/Y (OR2X2)                                  0.013339  0.041203   0.368767 r
  candidates_i/n6509 (net)                      2     0.003090            0.000000   0.368767 r
  candidates_i/U281/A (INVX1)                                   0.013339  0.000000   0.368767 r
  candidates_i/U281/Y (INVX1)                                   0.014546  0.018742   0.387510 f
  candidates_i/n188 (net)                       1     0.003226            0.000000   0.387510 f
  candidates_i/U1879/C (NOR3X1)                                 0.014546  0.000000   0.387510 f
  candidates_i/U1879/Y (NOR3X1)                                 0.045740  0.022534   0.410043 r
  candidates_i/n1041 (net)                      1     0.001551            0.000000   0.410043 r
  candidates_i/U1231/A (INVX1)                                  0.045740  0.000000   0.410043 r
  candidates_i/U1231/Y (INVX1)                                  0.009507  0.025614   0.435657 f
  candidates_i/n681 (net)                       1     0.002301            0.000000   0.435657 f
  candidates_i/U1183/A (OR2X2)                                  0.009507  0.000000   0.435657 f
  candidates_i/U1183/Y (OR2X2)                                  0.007660  0.040151   0.475808 f
  candidates_i/n654 (net)                       2     0.004602            0.000000   0.475808 f
  candidates_i/U945/A (OR2X2)                                   0.007660  0.000000   0.475808 f
  candidates_i/U945/Y (OR2X2)                                   0.007226  0.038108   0.513916 f
  candidates_i/n539 (net)                       1     0.003011            0.000000   0.513916 f
  candidates_i/U8881/A (NOR3X1)                                 0.007226  0.000000   0.513916 f
  candidates_i/U8881/Y (NOR3X1)                                 0.053783  0.049536   0.563453 r
  candidates_i/n7972 (net)                      1     0.002741            0.000000   0.563453 r
  candidates_i/U9497/A (AOI21X1)                                0.053783  0.000000   0.563453 r
  candidates_i/U9497/Y (AOI21X1)                                0.020210  0.028779   0.592232 f
  candidates_i/n9498 (net)                      2     0.003707            0.000000   0.592232 f
  candidates_i/U10118/B (NAND2X1)                               0.020210  0.000000   0.592232 f
  candidates_i/U10118/Y (NAND2X1)                               0.031111  0.013682   0.605914 r
  candidates_i/n9524 (net)                      1     0.001551            0.000000   0.605914 r
  candidates_i/U6603/A (INVX1)                                  0.031111  0.000000   0.605914 r
  candidates_i/U6603/Y (INVX1)                                  0.012123  0.022742   0.628656 f
  candidates_i/n9500 (net)                      1     0.002832            0.000000   0.628656 f
  candidates_i/U10115/C (NAND3X1)                               0.012123  0.000000   0.628656 f
  candidates_i/U10115/Y (NAND3X1)                               0.034082  0.028350   0.657005 r
  candidates_i/n9543 (net)                      1     0.001551            0.000000   0.657005 r
  candidates_i/U6531/A (INVX1)                                  0.034082  0.000000   0.657005 r
  candidates_i/U6531/Y (INVX1)                                  0.016697  0.026818   0.683823 f
  candidates_i/n3565 (net)                      3     0.004428            0.000000   0.683823 f
  candidates_i/U6534/A (INVX1)                                  0.016697  0.000000   0.683823 f
  candidates_i/U6534/Y (INVX1)                                  0.000000  0.015576   0.699399 r
  candidates_i/n3568 (net)                      3     0.006019            0.000000   0.699399 r
  candidates_i/U10154/A (NAND2X1)                               0.000000  0.000000   0.699399 r
  candidates_i/U10154/Y (NAND2X1)                               0.030982  0.015525   0.714924 f
  candidates_i/n9652 (net)                      3     0.005211            0.000000   0.714924 f
  candidates_i/U5341/A (AND2X2)                                 0.030982  0.000000   0.714924 f
  candidates_i/U5341/Y (AND2X2)                                 0.018994  0.050776   0.765699 f
  candidates_i/n3103 (net)                      6     0.013895            0.000000   0.765699 f
  candidates_i/U241/A (AND2X2)                                  0.018994  0.000000   0.765699 f
  candidates_i/U241/Y (AND2X2)                                  0.008817  0.035344   0.801043 f
  candidates_i/n167 (net)                       1     0.002297            0.000000   0.801043 f
  candidates_i/U243/B (NOR2X1)                                  0.008817  0.000000   0.801043 f
  candidates_i/U243/Y (NOR2X1)                                  0.025968  0.027021   0.828064 r
  candidates_i/n9653 (net)                      1     0.001869            0.000000   0.828064 r
  candidates_i/U10244/B (AND2X2)                                0.025968  0.000000   0.828064 r
  candidates_i/U10244/Y (AND2X2)                                0.011058  0.033834   0.861898 r
  candidates_i/n9655 (net)                      1     0.002961            0.000000   0.861898 r
  candidates_i/U10245/C (NAND3X1)                               0.011058  0.000000   0.861898 r
  candidates_i/U10245/Y (NAND3X1)                               0.020031  0.013037   0.874935 f
  candidates_i/n9691 (net)                      2     0.003805            0.000000   0.874935 f
  candidates_i/U6039/A (OR2X2)                                  0.020031  0.000000   0.874935 f
  candidates_i/U6039/Y (OR2X2)                                  0.007959  0.040551   0.915486 f
  candidates_i/n9829 (net)                      2     0.003361            0.000000   0.915486 f
  candidates_i/U10377/A (NAND2X1)                               0.007959  0.000000   0.915486 f
  candidates_i/U10377/Y (NAND2X1)                               0.037854  0.027436   0.942922 r
  candidates_i/n9842 (net)                      1     0.002832            0.000000   0.942922 r
  candidates_i/U10378/B (NAND3X1)                               0.037854  0.000000   0.942922 r
  candidates_i/U10378/Y (NAND3X1)                               0.016912  0.020476   0.963398 f
  candidates_i/n9836 (net)                      1     0.002573            0.000000   0.963398 f
  candidates_i/U10381/A (OAI21X1)                               0.016912  0.000000   0.963398 f
  candidates_i/U10381/Y (OAI21X1)                               0.042716  0.044023   1.007421 r
  candidates_i/n9838 (net)                      1     0.002386            0.000000   1.007421 r
  candidates_i/U10382/C (AOI21X1)                               0.042716  0.000000   1.007421 r
  candidates_i/U10382/Y (AOI21X1)                               0.020759  0.024565   1.031986 f
  candidates_i/n11540 (net)                     1     0.003854            0.000000   1.031986 f
  candidates_i/U6540/A (BUFX4)                                  0.020759  0.000000   1.031986 f
  candidates_i/U6540/Y (BUFX4)                                  0.003868  0.048118   1.080103 f
  candidates_i/candidate_slots[1] (net)         3     0.013056            0.000000   1.080103 f
  candidates_i/candidate_slots[1] (mc_candidates_Q_DEPTH16_ROW_W8_COL_W6) 0.000000   1.080103 f
  candidate_slots[1] (net)                            0.013056            0.000000   1.080103 f
  frfcfs.scheduler_i/candidate_slots[1] (mc_scheduler_frfcfs_Q_DEPTH16_ADDR_W16_AGE_LIMIT128_AGING_ENABLE1)
                                                                          0.000000   1.080103 f
  frfcfs.scheduler_i/N609 (net)                       0.013056            0.000000   1.080103 f
  frfcfs.scheduler_i/U193/A (INVX8)                             0.003868  0.000000   1.080103 f
  frfcfs.scheduler_i/U193/Y (INVX8)                             0.000000  0.013874   1.093977 r
  frfcfs.scheduler_i/n1835 (net)                7     0.013853            0.000000   1.093977 r
  frfcfs.scheduler_i/U1101/B (AND2X2)                           0.000000  0.000000   1.093977 r
  frfcfs.scheduler_i/U1101/Y (AND2X2)                           0.009992  0.032796   1.126773 r
  frfcfs.scheduler_i/n859 (net)                 2     0.003102            0.000000   1.126773 r
  frfcfs.scheduler_i/U1103/A (INVX1)                            0.009992  0.000000   1.126773 r
  frfcfs.scheduler_i/U1103/Y (INVX1)                            0.013007  0.016620   1.143393 f
  frfcfs.scheduler_i/n778 (net)                 1     0.002632            0.000000   1.143393 f
  frfcfs.scheduler_i/U1358/B (OAI21X1)                          0.013007  0.000000   1.143393 f
  frfcfs.scheduler_i/U1358/Y (OAI21X1)                          0.039797  0.040928   1.184321 r
  frfcfs.scheduler_i/n867 (net)                 1     0.002386            0.000000   1.184321 r
  frfcfs.scheduler_i/U1357/C (AOI21X1)                          0.039797  0.000000   1.184321 r
  frfcfs.scheduler_i/U1357/Y (AOI21X1)                          0.017824  0.021165   1.205486 f
  frfcfs.scheduler_i/n865 (net)                 1     0.002623            0.000000   1.205486 f
  frfcfs.scheduler_i/U1356/A (MUX2X1)                           0.017824  0.000000   1.205486 f
  frfcfs.scheduler_i/U1356/Y (MUX2X1)                           0.044620  0.040957   1.246443 r
  frfcfs.scheduler_i/n849 (net)                 1     0.002744            0.000000   1.246443 r
  frfcfs.scheduler_i/U1349/B (MUX2X1)                           0.044620  0.000000   1.246443 r
  frfcfs.scheduler_i/U1349/Y (MUX2X1)                           0.014165  0.027976   1.274419 f
  frfcfs.scheduler_i/N1466 (net)                1     0.002832            0.000000   1.274419 f
  frfcfs.scheduler_i/U1975/C (NAND3X1)                          0.014165  0.000000   1.274419 f
  frfcfs.scheduler_i/U1975/Y (NAND3X1)                          0.040897  0.033634   1.308054 r
  frfcfs.scheduler_i/n1748 (net)                2     0.003102            0.000000   1.308054 r
  frfcfs.scheduler_i/U484/A (INVX1)                             0.040897  0.000000   1.308054 r
  frfcfs.scheduler_i/U484/Y (INVX1)                             0.008778  0.023572   1.331626 f
  frfcfs.scheduler_i/n362 (net)                 1     0.001944            0.000000   1.331626 f
  frfcfs.scheduler_i/U747/B (NAND2X1)                           0.008778  0.000000   1.331626 f
  frfcfs.scheduler_i/U747/Y (NAND2X1)                           0.039231  0.014836   1.346462 r
  frfcfs.scheduler_i/n1787 (net)                2     0.003102            0.000000   1.346462 r
  frfcfs.scheduler_i/U473/A (INVX1)                             0.039231  0.000000   1.346462 r
  frfcfs.scheduler_i/U473/Y (INVX1)                             0.015976  0.027963   1.374425 f
  frfcfs.scheduler_i/n1912 (net)                2     0.004308            0.000000   1.374425 f
  frfcfs.scheduler_i/U2042/C (NAND3X1)                          0.015976  0.000000   1.374425 f
  frfcfs.scheduler_i/U2042/Y (NAND3X1)                          0.035534  0.030310   1.404735 r
  frfcfs.scheduler_i/n1837 (net)                1     0.001869            0.000000   1.404735 r
  frfcfs.scheduler_i/U2044/B (AND2X2)                           0.035534  0.000000   1.404735 r
  frfcfs.scheduler_i/U2044/Y (AND2X2)                           0.009079  0.032623   1.437358 r
  frfcfs.scheduler_i/n1983 (net)                1     0.001869            0.000000   1.437358 r
  frfcfs.scheduler_i/U1090/B (AND2X2)                           0.009079  0.000000   1.437358 r
  frfcfs.scheduler_i/U1090/Y (AND2X2)                           0.010450  0.033216   1.470574 r
  frfcfs.scheduler_i/n2180 (net)                2     0.003090            0.000000   1.470574 r
  frfcfs.scheduler_i/U905/A (INVX1)                             0.010450  0.000000   1.470574 r
  frfcfs.scheduler_i/U905/Y (INVX1)                             0.010918  0.015331   1.485905 f
  frfcfs.scheduler_i/n676 (net)                 1     0.001944            0.000000   1.485905 f
  frfcfs.scheduler_i/U712/B (NAND2X1)                           0.010918  0.000000   1.485905 f
  frfcfs.scheduler_i/U712/Y (NAND2X1)                           0.034390  0.012422   1.498327 r
  frfcfs.scheduler_i/n559 (net)                 1     0.002111            0.000000   1.498327 r
  frfcfs.scheduler_i/U593/A (NAND2X1)                           0.034390  0.000000   1.498327 r
  frfcfs.scheduler_i/U593/Y (NAND2X1)                           0.020539  0.017707   1.516034 f
  frfcfs.scheduler_i/n466 (net)                 1     0.002297            0.000000   1.516034 f
  frfcfs.scheduler_i/U591/B (NOR2X1)                            0.020539  0.000000   1.516034 f
  frfcfs.scheduler_i/U591/Y (NOR2X1)                            0.024565  0.029501   1.545534 r
  frfcfs.scheduler_i/n464 (net)                 1     0.001869            0.000000   1.545534 r
  frfcfs.scheduler_i/U640/B (AND2X2)                            0.024565  0.000000   1.545534 r
  frfcfs.scheduler_i/U640/Y (AND2X2)                            0.026042  0.043825   1.589359 r
  frfcfs.scheduler_i/n497 (net)                 5     0.009517            0.000000   1.589359 r
  frfcfs.scheduler_i/U394/B (AND2X2)                            0.026042  0.000000   1.589359 r
  frfcfs.scheduler_i/U394/Y (AND2X2)                            0.014946  0.036433   1.625792 r
  frfcfs.scheduler_i/n1998 (net)                3     0.004653            0.000000   1.625792 r
  frfcfs.scheduler_i/U333/A (INVX1)                             0.014946  0.000000   1.625792 r
  frfcfs.scheduler_i/U333/Y (INVX1)                             0.015015  0.019576   1.645368 f
  frfcfs.scheduler_i/n266 (net)                 2     0.003420            0.000000   1.645368 f
  frfcfs.scheduler_i/U707/B (NAND2X1)                           0.015015  0.000000   1.645368 f
  frfcfs.scheduler_i/U707/Y (NAND2X1)                           0.032632  0.012771   1.658139 r
  frfcfs.scheduler_i/n558 (net)                 1     0.001798            0.000000   1.658139 r
  frfcfs.scheduler_i/U1175/A (AND2X2)                           0.032632  0.000000   1.658139 r
  frfcfs.scheduler_i/U1175/Y (AND2X2)                           0.022083  0.043054   1.701192 r
  frfcfs.scheduler_i/n804 (net)                 3     0.008295            0.000000   1.701192 r
  frfcfs.scheduler_i/U375/A (BUFX4)                             0.022083  0.000000   1.701192 r
  frfcfs.scheduler_i/U375/Y (BUFX4)                             0.022126  0.030399   1.731592 r
  frfcfs.scheduler_i/n296 (net)                 6     0.014883            0.000000   1.731592 r
  frfcfs.scheduler_i/U1081/A (AND2X2)                           0.022126  0.000000   1.731592 r
  frfcfs.scheduler_i/U1081/Y (AND2X2)                           0.020010  0.039304   1.770895 r
  frfcfs.scheduler_i/n2341 (net)                3     0.006135            0.000000   1.770895 r
  frfcfs.scheduler_i/U529/A (OR2X2)                             0.020010  0.000000   1.770895 r
  frfcfs.scheduler_i/U529/Y (OR2X2)                             0.010821  0.039249   1.810144 r
  frfcfs.scheduler_i/n2310 (net)                1     0.003063            0.000000   1.810144 r
  frfcfs.scheduler_i/U2412/B (NOR3X1)                           0.010821  0.000000   1.810144 r
  frfcfs.scheduler_i/U2412/Y (NOR3X1)                           0.026519  0.025836   1.835980 f
  frfcfs.scheduler_i/n2313 (net)                1     0.002832            0.000000   1.835980 f
  frfcfs.scheduler_i/U2413/C (NAND3X1)                          0.026519  0.000000   1.835980 f
  frfcfs.scheduler_i/U2413/Y (NAND3X1)                          0.039435  0.035961   1.871941 r
  frfcfs.scheduler_i/n2321 (net)                1     0.002832            0.000000   1.871941 r
  frfcfs.scheduler_i/U2415/B (NAND3X1)                          0.039435  0.000000   1.871941 r
  frfcfs.scheduler_i/U2415/Y (NAND3X1)                          0.020911  0.023743   1.895685 f
  frfcfs.scheduler_i/n2323 (net)                2     0.004336            0.000000   1.895685 f
  frfcfs.scheduler_i/U457/C (NAND3X1)                           0.020911  0.000000   1.895685 f
  frfcfs.scheduler_i/U457/Y (NAND3X1)                           0.033779  0.030589   1.926274 r
  frfcfs.scheduler_i/n2459 (net)                1     0.001551            0.000000   1.926274 r
  frfcfs.scheduler_i/U683/A (INVX1)                             0.033779  0.000000   1.926274 r
  frfcfs.scheduler_i/U683/Y (INVX1)                             0.011936  0.023464   1.949738 f
  frfcfs.scheduler_i/n2460 (net)                1     0.002832            0.000000   1.949738 f
  frfcfs.scheduler_i/U2484/C (NAND3X1)                          0.011936  0.000000   1.949738 f
  frfcfs.scheduler_i/U2484/Y (NAND3X1)                          0.035933  0.029765   1.979503 r
  frfcfs.scheduler_i/n2463 (net)                1     0.002027            0.000000   1.979503 r
  frfcfs.scheduler_i/U2485/B (NAND2X1)                          0.035933  0.000000   1.979503 r
  frfcfs.scheduler_i/U2485/Y (NAND2X1)                          0.022000  0.022367   2.001870 f
  frfcfs.scheduler_i/select_slot[0] (net)       2     0.003008            0.000000   2.001870 f
  frfcfs.scheduler_i/select_slot[0] (mc_scheduler_frfcfs_Q_DEPTH16_ADDR_W16_AGE_LIMIT128_AGING_ENABLE1)
                                                                          0.000000   2.001870 f
  select_slot[0] (net)                                0.003008            0.000000   2.001870 f
  U289/A (BUFX2)                                                0.022000  0.000000   2.001870 f
  U289/Y (BUFX2)                                                0.019908  0.047275   2.049145 f
  n124 (net)                                    6     0.013710            0.000000   2.049145 f
  U1355/C (NAND3X1)                                             0.019908  0.000000   2.049145 f
  U1355/Y (NAND3X1)                                             0.046083  0.038497   2.087642 r
  n1755 (net)                                   2     0.004206            0.000000   2.087642 r
  U510/A (INVX2)                                                0.046083  0.000000   2.087642 r
  U510/Y (INVX2)                                                0.030635  0.034276   2.121918 f
  n278 (net)                                   11     0.016238            0.000000   2.121918 f
  U577/A (INVX1)                                                0.030635  0.000000   2.121918 f
  U577/Y (INVX1)                                                0.015904  0.031494   2.153412 r
  n280 (net)                                    4     0.009413            0.000000   2.153412 r
  U1157/B (OR2X1)                                               0.015904  0.000000   2.153412 r
  U1157/Y (OR2X1)                                               0.020753  0.048911   2.202323 r
  n1664 (net)                                   1     0.002010            0.000000   2.202323 r
  U1841/C (OAI21X1)                                             0.020753  0.000000   2.202323 r
  U1841/Y (OAI21X1)                                             0.007613  0.017960   2.220283 f
  n1667 (net)                                   1     0.003226            0.000000   2.220283 f
  U1843/C (NOR3X1)                                              0.007613  0.000000   2.220283 f
  U1843/Y (NOR3X1)                                              0.052567  0.025287   2.245570 r
  n1684 (net)                                   1     0.002817            0.000000   2.245570 r
  U1851/A (AOI22X1)                                             0.052567  0.000000   2.245570 r
  U1851/Y (AOI22X1)                                             0.036352  0.042052   2.287622 f
  n1685 (net)                                   1     0.002673            0.000000   2.287622 f
  U294/A (INVX2)                                                0.036352  0.000000   2.287622 f
  U294/Y (INVX2)                                                0.024632  0.031911   2.319533 r
  cmd_wdata[27] (net)                           1     0.010000            0.000000   2.319533 r
  cmd_wdata[27] (out)                                           0.024632  0.000000   2.319533 r
  data arrival time                                                                  2.319533

  clock core_clk (rise edge)                                              2.000000   2.000000
  clock network delay (ideal)                                             0.000000   2.000000
  clock uncertainty                                                       -0.100000  1.900000
  output external delay                                                   -1.000000  0.900000
  data required time                                                                 0.900000
  ----------------------------------------------------------------------------------------------
  data required time                                                                 0.900000
  data arrival time                                                                  -2.319533
  ----------------------------------------------------------------------------------------------
  slack (VIOLATED)                                                                   -1.419533


  Startpoint: table_i/addresses_reg[153]
              (rising edge-triggered flip-flop clocked by core_clk)
  Endpoint: cmd_wdata[22]
            (output port clocked by core_clk)
  Path Group: core_clk
  Path Type: max

  Point                                       Fanout       Cap     Trans      Incr       Path
  ----------------------------------------------------------------------------------------------
  clock core_clk (rise edge)                                              0.000000   0.000000
  clock network delay (ideal)                                             0.000000   0.000000
  table_i/addresses_reg[153]/CLK (DFFPOSX1)                     0.000000  0.000000 # 0.000000 r
  table_i/addresses_reg[153]/Q (DFFPOSX1)                       0.040713  0.118621   0.118621 f
  table_i/addresses[153] (net)                  4     0.018175            0.000000   0.118621 f
  table_i/addresses[153] (mc_transaction_table_Q_DEPTH16_ADDR_W16_DATA_W32_TAG_W8_READ_LATENCY3_AGE_LIMIT128)
                                                                          0.000000   0.118621 f
  addresses[153] (net)                                0.018175            0.000000   0.118621 f
  candidates_i/addresses[153] (mc_candidates_Q_DEPTH16_ROW_W8_COL_W6)     0.000000   0.118621 f
  candidates_i/addresses[153] (net)                   0.018175            0.000000   0.118621 f
  candidates_i/U990/A (INVX8)                                   0.040713  0.000000   0.118621 f
  candidates_i/U990/Y (INVX8)                                   0.018565  0.026506   0.145128 r
  candidates_i/n3947 (net)                      3     0.021338            0.000000   0.145128 r
  candidates_i/U991/A (INVX8)                                   0.018565  0.000000   0.145128 r
  candidates_i/U991/Y (INVX8)                                   0.016733  0.029905   0.175032 f
  candidates_i/n3945 (net)                      9     0.045341            0.000000   0.175032 f
  candidates_i/U6552/B (XNOR2X1)                                0.016733  0.000000   0.175032 f
  candidates_i/U6552/Y (XNOR2X1)                                0.050032  0.057190   0.232222 r
  candidates_i/n3579 (net)                      2     0.004614            0.000000   0.232222 r
  candidates_i/U8863/B (NOR3X1)                                 0.050032  0.000000   0.232222 r
  candidates_i/U8863/Y (NOR3X1)                                 0.026519  0.037182   0.269405 f
  candidates_i/n6739 (net)                      1     0.002832            0.000000   0.269405 f
  candidates_i/U8864/C (NAND3X1)                                0.026519  0.000000   0.269405 f
  candidates_i/U8864/Y (NAND3X1)                                0.033414  0.031981   0.301386 r
  candidates_i/n6746 (net)                      1     0.001539            0.000000   0.301386 r
  candidates_i/U4609/A (BUFX2)                                  0.033414  0.000000   0.301386 r
  candidates_i/U4609/Y (BUFX2)                                  0.010960  0.035954   0.337340 r
  candidates_i/n2701 (net)                      1     0.003021            0.000000   0.337340 r
  candidates_i/U8865/A (NOR3X1)                                 0.010960  0.000000   0.337340 r
  candidates_i/U8865/Y (NOR3X1)                                 0.027065  0.034677   0.372017 f
  candidates_i/n6747 (net)                      1     0.002832            0.000000   0.372017 f
  candidates_i/U8866/C (NAND3X1)                                0.027065  0.000000   0.372017 f
  candidates_i/U8866/Y (NAND3X1)                                0.038162  0.035225   0.407242 r
  candidates_i/n6784 (net)                      1     0.002548            0.000000   0.407242 r
  candidates_i/U8880/A (NAND3X1)                                0.038162  0.000000   0.407242 r
  candidates_i/U8880/Y (NAND3X1)                                0.014331  0.020302   0.427544 f
  candidates_i/n6786 (net)                      1     0.001476            0.000000   0.427544 f
  candidates_i/U6003/A (INVX1)                                  0.014331  0.000000   0.427544 f
  candidates_i/U6003/Y (INVX1)                                  0.000000  0.001287   0.428831 r
  candidates_i/n9496 (net)                      1     0.001869            0.000000   0.428831 r
  candidates_i/U1233/B (AND2X2)                                 0.000000  0.000000   0.428831 r
  candidates_i/U1233/Y (AND2X2)                                 0.017215  0.037570   0.466400 r
  candidates_i/n10698 (net)                     4     0.006204            0.000000   0.466400 r
  candidates_i/U823/A (INVX1)                                   0.017215  0.000000   0.466400 r
  candidates_i/U823/Y (INVX1)                                   0.013800  0.019465   0.485866 f
  candidates_i/n9981 (net)                      1     0.003067            0.000000   0.485866 f
  candidates_i/U10985/B (NOR3X1)                                0.013800  0.000000   0.485866 f
  candidates_i/U10985/Y (NOR3X1)                                0.048963  0.038036   0.523902 r
  candidates_i/n10699 (net)                     1     0.002111            0.000000   0.523902 r
  candidates_i/U10986/A (NAND2X1)                               0.048963  0.000000   0.523902 r
  candidates_i/U10986/Y (NAND2X1)                               0.020388  0.021366   0.545267 f
  candidates_i/n10712 (net)                     1     0.002600            0.000000   0.545267 f
  candidates_i/U10991/B (NAND3X1)                               0.020388  0.000000   0.545267 f
  candidates_i/U10991/Y (NAND3X1)                               0.033661  0.033382   0.578649 r
  candidates_i/n10713 (net)                     1     0.001551            0.000000   0.578649 r
  candidates_i/U5658/A (INVX1)                                  0.033661  0.000000   0.578649 r
  candidates_i/U5658/Y (INVX1)                                  0.019665  0.028715   0.607364 f
  candidates_i/n10730 (net)                     3     0.005410            0.000000   0.607364 f
  candidates_i/U5261/A (AND2X2)                                 0.019665  0.000000   0.607364 f
  candidates_i/U5261/Y (AND2X2)                                 0.000000  0.036084   0.643448 f
  candidates_i/n3212 (net)                      1     0.002832            0.000000   0.643448 f
  candidates_i/U11000/C (NAND3X1)                               0.000000  0.000000   0.643448 f
  candidates_i/U11000/Y (NAND3X1)                               0.033781  0.025260   0.668709 r
  candidates_i/n10744 (net)                     1     0.001551            0.000000   0.668709 r
  candidates_i/U3258/A (INVX1)                                  0.033781  0.000000   0.668709 r
  candidates_i/U3258/Y (INVX1)                                  0.016718  0.026736   0.695445 f
  candidates_i/n1860 (net)                      3     0.004428            0.000000   0.695445 f
  candidates_i/U3259/A (INVX1)                                  0.016718  0.000000   0.695445 f
  candidates_i/U3259/Y (INVX1)                                  0.000000  0.016058   0.711503 r
  candidates_i/n1861 (net)                      3     0.006166            0.000000   0.711503 r
  candidates_i/U11025/B (NAND2X1)                               0.000000  0.000000   0.711503 r
  candidates_i/U11025/Y (NAND2X1)                               0.021982  0.011827   0.723330 f
  candidates_i/n10840 (net)                     1     0.001476            0.000000   0.723330 f
  candidates_i/U1536/A (INVX1)                                  0.021982  0.000000   0.723330 f
  candidates_i/U1536/Y (INVX1)                                  0.000000  0.007996   0.731327 r
  candidates_i/n854 (net)                       2     0.003102            0.000000   0.731327 r
  candidates_i/U751/A (INVX1)                                   0.000000  0.000000   0.731327 r
  candidates_i/U751/Y (INVX1)                                   0.021494  0.019271   0.750597 f
  candidates_i/n435 (net)                       3     0.005240            0.000000   0.750597 f
  candidates_i/U11110/B (NAND2X1)                               0.021494  0.000000   0.750597 f
  candidates_i/U11110/Y (NAND2X1)                               0.031024  0.014099   0.764696 r
  candidates_i/n10858 (net)                     1     0.001551            0.000000   0.764696 r
  candidates_i/U5312/A (INVX1)                                  0.031024  0.000000   0.764696 r
  candidates_i/U5312/Y (INVX1)                                  0.019602  0.027834   0.792530 f
  candidates_i/n10916 (net)                     2     0.005328            0.000000   0.792530 f
  candidates_i/U11123/A (AOI22X1)                               0.019602  0.000000   0.792530 f
  candidates_i/U11123/Y (AOI22X1)                               0.044497  0.048479   0.841009 r
  candidates_i/n10860 (net)                     1     0.001869            0.000000   0.841009 r
  candidates_i/U11125/B (AND2X2)                                0.044497  0.000000   0.841009 r
  candidates_i/U11125/Y (AND2X2)                                0.012052  0.034729   0.875738 r
  candidates_i/n10861 (net)                     1     0.002961            0.000000   0.875738 r
  candidates_i/U11126/C (NAND3X1)                               0.012052  0.000000   0.875738 r
  candidates_i/U11126/Y (NAND3X1)                               0.015898  0.010752   0.886491 f
  candidates_i/n10879 (net)                     1     0.002301            0.000000   0.886491 f
  candidates_i/U11135/A (OR2X2)                                 0.015898  0.000000   0.886491 f
  candidates_i/U11135/Y (OR2X2)                                 0.011440  0.042829   0.929319 f
  candidates_i/n11034 (net)                     3     0.006077            0.000000   0.929319 f
  candidates_i/U926/C (AOI21X1)                                 0.011440  0.000000   0.929319 f
  candidates_i/U926/Y (AOI21X1)                                 0.038110  0.025285   0.954605 r
  candidates_i/n532 (net)                       2     0.004572            0.000000   0.954605 r
  candidates_i/U1802/A (NOR3X1)                                 0.038110  0.000000   0.954605 r
  candidates_i/U1802/Y (NOR3X1)                                 0.025676  0.040400   0.995005 f
  candidates_i/n10993 (net)                     1     0.001884            0.000000   0.995005 f
  candidates_i/U11242/A (NAND2X1)                               0.025676  0.000000   0.995005 f
  candidates_i/U11242/Y (NAND2X1)                               0.038133  0.033425   1.028429 r
  candidates_i/n10994 (net)                     1     0.002961            0.000000   1.028429 r
  candidates_i/U11243/C (NAND3X1)                               0.038133  0.000000   1.028429 r
  candidates_i/U11243/Y (NAND3X1)                               0.018183  0.017979   1.046408 f
  candidates_i/candidate_slots[12] (net)        2     0.002980            0.000000   1.046408 f
  candidates_i/candidate_slots[12] (mc_candidates_Q_DEPTH16_ROW_W8_COL_W6)
                                                                          0.000000   1.046408 f
  candidate_slots[12] (net)                           0.002980            0.000000   1.046408 f
  frfcfs.scheduler_i/candidate_slots[12] (mc_scheduler_frfcfs_Q_DEPTH16_ADDR_W16_AGE_LIMIT128_AGING_ENABLE1)
                                                                          0.000000   1.046408 f
  frfcfs.scheduler_i/N620 (net)                       0.002980            0.000000   1.046408 f
  frfcfs.scheduler_i/U481/A (BUFX2)                             0.018183  0.000000   1.046408 f
  frfcfs.scheduler_i/U481/Y (BUFX2)                             0.005296  0.035906   1.082314 f
  frfcfs.scheduler_i/n981 (net)                 2     0.003583            0.000000   1.082314 f
  frfcfs.scheduler_i/U754/B (AND2X2)                            0.005296  0.000000   1.082314 f
  frfcfs.scheduler_i/U754/Y (AND2X2)                            0.027856  0.056244   1.138558 f
  frfcfs.scheduler_i/n819 (net)                 8     0.021670            0.000000   1.138558 f
  frfcfs.scheduler_i/U464/D (AOI22X1)                           0.027856  0.000000   1.138558 f
  frfcfs.scheduler_i/U464/Y (AOI22X1)                           0.045060  0.031137   1.169695 r
  frfcfs.scheduler_i/n1524 (net)                1     0.002010            0.000000   1.169695 r
  frfcfs.scheduler_i/U1775/C (OAI21X1)                          0.045060  0.000000   1.169695 r
  frfcfs.scheduler_i/U1775/Y (OAI21X1)                          0.006319  0.023639   1.193334 f
  frfcfs.scheduler_i/n1529 (net)                1     0.002632            0.000000   1.193334 f
  frfcfs.scheduler_i/U1781/B (OAI21X1)                          0.006319  0.000000   1.193334 f
  frfcfs.scheduler_i/U1781/Y (OAI21X1)                          0.039703  0.036774   1.230108 r
  frfcfs.scheduler_i/n1531 (net)                1     0.001551            0.000000   1.230108 r
  frfcfs.scheduler_i/U213/A (INVX1)                             0.039703  0.000000   1.230108 r
  frfcfs.scheduler_i/U213/Y (INVX1)                             0.016108  0.028203   1.258310 f
  frfcfs.scheduler_i/n1763 (net)                2     0.004363            0.000000   1.258310 f
  frfcfs.scheduler_i/U1987/B (NAND3X1)                          0.016108  0.000000   1.258310 f
  frfcfs.scheduler_i/U1987/Y (NAND3X1)                          0.038974  0.035441   1.293751 r
  frfcfs.scheduler_i/n1764 (net)                1     0.002655            0.000000   1.293751 r
  frfcfs.scheduler_i/U709/A (INVX2)                             0.038974  0.000000   1.293751 r
  frfcfs.scheduler_i/U709/Y (INVX2)                             0.019839  0.026802   1.320553 f
  frfcfs.scheduler_i/n1796 (net)                4     0.008452            0.000000   1.320553 f
  frfcfs.scheduler_i/U2007/A (NAND2X1)                          0.019839  0.000000   1.320553 f
  frfcfs.scheduler_i/U2007/Y (NAND2X1)                          0.038370  0.031584   1.352137 r
  frfcfs.scheduler_i/n1797 (net)                1     0.002961            0.000000   1.352137 r
  frfcfs.scheduler_i/U2008/C (NAND3X1)                          0.038370  0.000000   1.352137 r
  frfcfs.scheduler_i/U2008/Y (NAND3X1)                          0.015749  0.015517   1.367653 f
  frfcfs.scheduler_i/n1798 (net)                1     0.001476            0.000000   1.367653 f
  frfcfs.scheduler_i/U87/A (INVX1)                              0.015749  0.000000   1.367653 f
  frfcfs.scheduler_i/U87/Y (INVX1)                              0.012557  0.025531   1.393185 r
  frfcfs.scheduler_i/n1914 (net)                4     0.009194            0.000000   1.393185 r
  frfcfs.scheduler_i/U2110/A (NAND3X1)                          0.012557  0.000000   1.393185 r
  frfcfs.scheduler_i/U2110/Y (NAND3X1)                          0.015274  0.017426   1.410611 f
  frfcfs.scheduler_i/n1915 (net)                1     0.001763            0.000000   1.410611 f
  frfcfs.scheduler_i/U635/A (AND2X2)                            0.015274  0.000000   1.410611 f
  frfcfs.scheduler_i/U635/Y (AND2X2)                            0.000000  0.035614   1.446225 f
  frfcfs.scheduler_i/n1936 (net)                2     0.003420            0.000000   1.446225 f
  frfcfs.scheduler_i/U594/B (NAND2X1)                           0.000000  0.000000   1.446225 f
  frfcfs.scheduler_i/U594/Y (NAND2X1)                           0.038224  0.010927   1.457152 r
  frfcfs.scheduler_i/n467 (net)                 1     0.002764            0.000000   1.457152 r
  frfcfs.scheduler_i/U2118/B (AOI22X1)                          0.038224  0.000000   1.457152 r
  frfcfs.scheduler_i/U2118/Y (AOI22X1)                          0.036814  0.035246   1.492398 f
  frfcfs.scheduler_i/n1931 (net)                1     0.002832            0.000000   1.492398 f
  frfcfs.scheduler_i/U2119/C (NAND3X1)                          0.036814  0.000000   1.492398 f
  frfcfs.scheduler_i/U2119/Y (NAND3X1)                          0.034044  0.034642   1.527039 r
  frfcfs.scheduler_i/n1934 (net)                1     0.001551            0.000000   1.527039 r
  frfcfs.scheduler_i/U1181/A (INVX1)                            0.034044  0.000000   1.527039 r
  frfcfs.scheduler_i/U1181/Y (INVX1)                            0.013995  0.024958   1.551997 f
  frfcfs.scheduler_i/n1940 (net)                2     0.003526            0.000000   1.551997 f
  frfcfs.scheduler_i/U1125/A (AND2X2)                           0.013995  0.000000   1.551997 f
  frfcfs.scheduler_i/U1125/Y (AND2X2)                           0.000000  0.035406   1.587403 f
  frfcfs.scheduler_i/n787 (net)                 2     0.003526            0.000000   1.587403 f
  frfcfs.scheduler_i/U397/A (AND2X2)                            0.000000  0.000000   1.587403 f
  frfcfs.scheduler_i/U397/Y (AND2X2)                            0.000000  0.032864   1.620267 f
  frfcfs.scheduler_i/n1985 (net)                3     0.004428            0.000000   1.620267 f
  frfcfs.scheduler_i/U399/A (INVX1)                             0.000000  0.000000   1.620267 f
  frfcfs.scheduler_i/U399/Y (INVX1)                             0.000000  -0.003801  1.616466 r
  frfcfs.scheduler_i/n312 (net)                 1     0.001869            0.000000   1.616466 r
  frfcfs.scheduler_i/U385/B (AND2X2)                            0.000000  0.000000   1.616466 r
  frfcfs.scheduler_i/U385/Y (AND2X2)                            0.011680  0.032796   1.649262 r
  frfcfs.scheduler_i/n2061 (net)                2     0.003102            0.000000   1.649262 r
  frfcfs.scheduler_i/U325/A (INVX1)                             0.011680  0.000000   1.649262 r
  frfcfs.scheduler_i/U325/Y (INVX1)                             0.010290  0.015292   1.664554 f
  frfcfs.scheduler_i/n258 (net)                 1     0.001763            0.000000   1.664554 f
  frfcfs.scheduler_i/U692/A (AND2X2)                            0.010290  0.000000   1.664554 f
  frfcfs.scheduler_i/U692/Y (AND2X2)                            0.005127  0.035307   1.699862 f
  frfcfs.scheduler_i/n549 (net)                 2     0.004302            0.000000   1.699862 f
  frfcfs.scheduler_i/U2312/D (AOI22X1)                          0.005127  0.000000   1.699862 f
  frfcfs.scheduler_i/U2312/Y (AOI22X1)                          0.043716  0.023640   1.723502 r
  frfcfs.scheduler_i/n2211 (net)                1     0.001551            0.000000   1.723502 r
  frfcfs.scheduler_i/U339/A (INVX1)                             0.043716  0.000000   1.723502 r
  frfcfs.scheduler_i/U339/Y (INVX1)                             0.009772  0.025150   1.748652 f
  frfcfs.scheduler_i/n272 (net)                 1     0.002342            0.000000   1.748652 f
  frfcfs.scheduler_i/U334/B (OR2X2)                             0.009772  0.000000   1.748652 f
  frfcfs.scheduler_i/U334/Y (OR2X2)                             0.008626  0.048852   1.797504 f
  frfcfs.scheduler_i/n267 (net)                 2     0.004684            0.000000   1.797504 f
  frfcfs.scheduler_i/U211/B (OR2X2)                             0.008626  0.000000   1.797504 f
  frfcfs.scheduler_i/U211/Y (OR2X2)                             0.004981  0.046034   1.843537 f
  frfcfs.scheduler_i/n168 (net)                 1     0.002301            0.000000   1.843537 f
  frfcfs.scheduler_i/U346/A (OR2X2)                             0.004981  0.000000   1.843537 f
  frfcfs.scheduler_i/U346/Y (OR2X2)                             0.006864  0.037599   1.881136 f
  frfcfs.scheduler_i/n504 (net)                 2     0.002952            0.000000   1.881136 f
  frfcfs.scheduler_i/U347/A (INVX1)                             0.006864  0.000000   1.881136 f
  frfcfs.scheduler_i/U347/Y (INVX1)                             0.000000  0.003238   1.884374 r
  frfcfs.scheduler_i/n277 (net)                 1     0.003288            0.000000   1.884374 r
  frfcfs.scheduler_i/U2327/C (NOR3X1)                           0.000000  0.000000   1.884374 r
  frfcfs.scheduler_i/U2327/Y (NOR3X1)                           0.027368  0.018062   1.902436 f
  frfcfs.scheduler_i/n2220 (net)                1     0.002832            0.000000   1.902436 f
  frfcfs.scheduler_i/U2328/C (NAND3X1)                          0.027368  0.000000   1.902436 f
  frfcfs.scheduler_i/U2328/Y (NAND3X1)                          0.035384  0.033647   1.936083 r
  frfcfs.scheduler_i/n2221 (net)                1     0.002010            0.000000   1.936083 r
  frfcfs.scheduler_i/U2329/C (OAI21X1)                          0.035384  0.000000   1.936083 r
  frfcfs.scheduler_i/U2329/Y (OAI21X1)                          0.008048  0.022272   1.958356 f
  frfcfs.scheduler_i/n2222 (net)                2     0.003448            0.000000   1.958356 f
  frfcfs.scheduler_i/U2330/B (NAND2X1)                          0.008048  0.000000   1.958356 f
  frfcfs.scheduler_i/U2330/Y (NAND2X1)                          0.039166  0.014524   1.972880 r
  frfcfs.scheduler_i/select_slot[2] (net)       2     0.003078            0.000000   1.972880 r
  frfcfs.scheduler_i/select_slot[2] (mc_scheduler_frfcfs_Q_DEPTH16_ADDR_W16_AGE_LIMIT128_AGING_ENABLE1)
                                                                          0.000000   1.972880 r
  select_slot[2] (net)                                0.003078            0.000000   1.972880 r
  U314/A (BUFX2)                                                0.039166  0.000000   1.972880 r
  U314/Y (BUFX2)                                                0.043895  0.057766   2.030645 r
  n130 (net)                                    7     0.016887            0.000000   2.030645 r
  U1353/A (NAND3X1)                                             0.043895  0.000000   2.030645 r
  U1353/Y (NAND3X1)                                             0.014361  0.021052   2.051698 f
  n1758 (net)                                   1     0.001476            0.000000   2.051698 f
  U234/A (INVX1)                                                0.014361  0.000000   2.051698 f
  U234/Y (INVX1)                                                0.000000  0.010283   2.061980 r
  n594 (net)                                    3     0.004641            0.000000   2.061980 r
  U419/A (INVX1)                                                0.000000  0.000000   2.061980 r
  U419/Y (INVX1)                                                0.021807  0.019486   2.081466 f
  n595 (net)                                    2     0.005345            0.000000   2.081466 f
  U103/A (INVX2)                                                0.021807  0.000000   2.081466 f
  U103/Y (INVX2)                                                0.030434  0.034975   2.116441 r
  n97 (net)                                     2     0.015163            0.000000   2.116441 r
  U446/A (INVX8)                                                0.030434  0.000000   2.116441 r
  U446/Y (INVX8)                                                0.023211  0.031710   2.148150 f
  n596 (net)                                   20     0.052650            0.000000   2.148150 f
  U1782/B (OAI21X1)                                             0.023211  0.000000   2.148150 f
  U1782/Y (OAI21X1)                                             0.045346  0.045364   2.193514 r
  n1564 (net)                                   1     0.003063            0.000000   2.193514 r
  U1783/B (NOR3X1)                                              0.045346  0.000000   2.193514 r
  U1783/Y (NOR3X1)                                              0.028125  0.035464   2.228978 f
  n1580 (net)                                   1     0.002658            0.000000   2.228978 f
  U1791/A (AOI22X1)                                             0.028125  0.000000   2.228978 f
  U1791/Y (AOI22X1)                                             0.042784  0.049872   2.278851 r
  n1581 (net)                                   1     0.001551            0.000000   2.278851 r
  U169/A (INVX1)                                                0.042784  0.000000   2.278851 r
  U169/Y (INVX1)                                                0.032789  0.040581   2.319431 f
  cmd_wdata[22] (net)                           1     0.010000            0.000000   2.319431 f
  cmd_wdata[22] (out)                                           0.032789  0.000000   2.319431 f
  data arrival time                                                                  2.319431

  clock core_clk (rise edge)                                              2.000000   2.000000
  clock network delay (ideal)                                             0.000000   2.000000
  clock uncertainty                                                       -0.100000  1.900000
  output external delay                                                   -1.000000  0.900000
  data required time                                                                 0.900000
  ----------------------------------------------------------------------------------------------
  data required time                                                                 0.900000
  data arrival time                                                                  -2.319431
  ----------------------------------------------------------------------------------------------
  slack (VIOLATED)                                                                   -1.419431


  Startpoint: table_i/addresses_reg[173]
              (rising edge-triggered flip-flop clocked by core_clk)
  Endpoint: cmd_row[5] (output port clocked by core_clk)
  Path Group: core_clk
  Path Type: max

  Point                                       Fanout       Cap     Trans      Incr       Path
  ----------------------------------------------------------------------------------------------
  clock core_clk (rise edge)                                              0.000000   0.000000
  clock network delay (ideal)                                             0.000000   0.000000
  table_i/addresses_reg[173]/CLK (DFFPOSX1)                     0.000000  0.000000 # 0.000000 r
  table_i/addresses_reg[173]/Q (DFFPOSX1)                       0.024425  0.106372   0.106372 f
  table_i/addresses[173] (net)                  4     0.005961            0.000000   0.106372 f
  table_i/addresses[173] (mc_transaction_table_Q_DEPTH16_ADDR_W16_DATA_W32_TAG_W8_READ_LATENCY3_AGE_LIMIT128)
                                                                          0.000000   0.106372 f
  addresses[173] (net)                                0.005961            0.000000   0.106372 f
  candidates_i/addresses[173] (mc_candidates_Q_DEPTH16_ROW_W8_COL_W6)     0.000000   0.106372 f
  candidates_i/addresses[173] (net)                   0.005961            0.000000   0.106372 f
  candidates_i/U738/A (INVX1)                                   0.024425  0.000000   0.106372 f
  candidates_i/U738/Y (INVX1)                                   0.007557  0.024595   0.130967 r
  candidates_i/n1109 (net)                      2     0.007959            0.000000   0.130967 r
  candidates_i/U736/A (BUFX4)                                   0.007557  0.000000   0.130967 r
  candidates_i/U736/Y (BUFX4)                                   0.024247  0.033070   0.164037 r
  candidates_i/n428 (net)                       4     0.017344            0.000000   0.164037 r
  candidates_i/U2216/A (XNOR2X1)                                0.024247  0.000000   0.164037 r
  candidates_i/U2216/Y (XNOR2X1)                                0.019100  0.030133   0.194170 f
  candidates_i/n7127 (net)                      2     0.002952            0.000000   0.194170 f
  candidates_i/U1042/A (INVX1)                                  0.019100  0.000000   0.194170 f
  candidates_i/U1042/Y (INVX1)                                  0.000000  0.006712   0.200882 r
  candidates_i/n651 (net)                       1     0.003021            0.000000   0.200882 r
  candidates_i/U1179/A (NOR3X1)                                 0.000000  0.000000   0.200882 r
  candidates_i/U1179/Y (NOR3X1)                                 0.022571  0.028768   0.229650 f
  candidates_i/n650 (net)                       1     0.001476            0.000000   0.229650 f
  candidates_i/U1180/A (INVX1)                                  0.022571  0.000000   0.229650 f
  candidates_i/U1180/Y (INVX1)                                  0.000000  0.005550   0.235200 r
  candidates_i/n6501 (net)                      1     0.002283            0.000000   0.235200 r
  candidates_i/U4377/B (OR2X2)                                  0.000000  0.000000   0.235200 r
  candidates_i/U4377/Y (OR2X2)                                  0.004372  0.041056   0.276256 r
  candidates_i/n6505 (net)                      1     0.001551            0.000000   0.276256 r
  candidates_i/U4378/A (INVX1)                                  0.004372  0.000000   0.276256 r
  candidates_i/U4378/Y (INVX1)                                  0.012135  0.014229   0.290485 f
  candidates_i/n2564 (net)                      1     0.002209            0.000000   0.290485 f
  candidates_i/U8755/A (NAND3X1)                                0.012135  0.000000   0.290485 f
  candidates_i/U8755/Y (NAND3X1)                                0.036962  0.037079   0.327564 r
  candidates_i/n6507 (net)                      1     0.002292            0.000000   0.327564 r
  candidates_i/U4269/A (OR2X2)                                  0.036962  0.000000   0.327564 r
  candidates_i/U4269/Y (OR2X2)                                  0.013339  0.041203   0.368767 r
  candidates_i/n6509 (net)                      2     0.003090            0.000000   0.368767 r
  candidates_i/U281/A (INVX1)                                   0.013339  0.000000   0.368767 r
  candidates_i/U281/Y (INVX1)                                   0.014546  0.018742   0.387510 f
  candidates_i/n188 (net)                       1     0.003226            0.000000   0.387510 f
  candidates_i/U1879/C (NOR3X1)                                 0.014546  0.000000   0.387510 f
  candidates_i/U1879/Y (NOR3X1)                                 0.045740  0.022534   0.410043 r
  candidates_i/n1041 (net)                      1     0.001551            0.000000   0.410043 r
  candidates_i/U1231/A (INVX1)                                  0.045740  0.000000   0.410043 r
  candidates_i/U1231/Y (INVX1)                                  0.009507  0.025614   0.435657 f
  candidates_i/n681 (net)                       1     0.002301            0.000000   0.435657 f
  candidates_i/U1183/A (OR2X2)                                  0.009507  0.000000   0.435657 f
  candidates_i/U1183/Y (OR2X2)                                  0.007660  0.040151   0.475808 f
  candidates_i/n654 (net)                       2     0.004602            0.000000   0.475808 f
  candidates_i/U945/A (OR2X2)                                   0.007660  0.000000   0.475808 f
  candidates_i/U945/Y (OR2X2)                                   0.007226  0.038108   0.513916 f
  candidates_i/n539 (net)                       1     0.003011            0.000000   0.513916 f
  candidates_i/U8881/A (NOR3X1)                                 0.007226  0.000000   0.513916 f
  candidates_i/U8881/Y (NOR3X1)                                 0.053783  0.049536   0.563453 r
  candidates_i/n7972 (net)                      1     0.002741            0.000000   0.563453 r
  candidates_i/U9497/A (AOI21X1)                                0.053783  0.000000   0.563453 r
  candidates_i/U9497/Y (AOI21X1)                                0.020210  0.028779   0.592232 f
  candidates_i/n9498 (net)                      2     0.003707            0.000000   0.592232 f
  candidates_i/U10118/B (NAND2X1)                               0.020210  0.000000   0.592232 f
  candidates_i/U10118/Y (NAND2X1)                               0.031111  0.013682   0.605914 r
  candidates_i/n9524 (net)                      1     0.001551            0.000000   0.605914 r
  candidates_i/U6603/A (INVX1)                                  0.031111  0.000000   0.605914 r
  candidates_i/U6603/Y (INVX1)                                  0.012123  0.022742   0.628656 f
  candidates_i/n9500 (net)                      1     0.002832            0.000000   0.628656 f
  candidates_i/U10115/C (NAND3X1)                               0.012123  0.000000   0.628656 f
  candidates_i/U10115/Y (NAND3X1)                               0.034082  0.028350   0.657005 r
  candidates_i/n9543 (net)                      1     0.001551            0.000000   0.657005 r
  candidates_i/U6531/A (INVX1)                                  0.034082  0.000000   0.657005 r
  candidates_i/U6531/Y (INVX1)                                  0.016697  0.026818   0.683823 f
  candidates_i/n3565 (net)                      3     0.004428            0.000000   0.683823 f
  candidates_i/U6534/A (INVX1)                                  0.016697  0.000000   0.683823 f
  candidates_i/U6534/Y (INVX1)                                  0.000000  0.015576   0.699399 r
  candidates_i/n3568 (net)                      3     0.006019            0.000000   0.699399 r
  candidates_i/U10154/A (NAND2X1)                               0.000000  0.000000   0.699399 r
  candidates_i/U10154/Y (NAND2X1)                               0.030982  0.015525   0.714924 f
  candidates_i/n9652 (net)                      3     0.005211            0.000000   0.714924 f
  candidates_i/U5341/A (AND2X2)                                 0.030982  0.000000   0.714924 f
  candidates_i/U5341/Y (AND2X2)                                 0.018994  0.050776   0.765699 f
  candidates_i/n3103 (net)                      6     0.013895            0.000000   0.765699 f
  candidates_i/U241/A (AND2X2)                                  0.018994  0.000000   0.765699 f
  candidates_i/U241/Y (AND2X2)                                  0.008817  0.035344   0.801043 f
  candidates_i/n167 (net)                       1     0.002297            0.000000   0.801043 f
  candidates_i/U243/B (NOR2X1)                                  0.008817  0.000000   0.801043 f
  candidates_i/U243/Y (NOR2X1)                                  0.025968  0.027021   0.828064 r
  candidates_i/n9653 (net)                      1     0.001869            0.000000   0.828064 r
  candidates_i/U10244/B (AND2X2)                                0.025968  0.000000   0.828064 r
  candidates_i/U10244/Y (AND2X2)                                0.011058  0.033834   0.861898 r
  candidates_i/n9655 (net)                      1     0.002961            0.000000   0.861898 r
  candidates_i/U10245/C (NAND3X1)                               0.011058  0.000000   0.861898 r
  candidates_i/U10245/Y (NAND3X1)                               0.020031  0.013037   0.874935 f
  candidates_i/n9691 (net)                      2     0.003805            0.000000   0.874935 f
  candidates_i/U6039/A (OR2X2)                                  0.020031  0.000000   0.874935 f
  candidates_i/U6039/Y (OR2X2)                                  0.007959  0.040551   0.915486 f
  candidates_i/n9829 (net)                      2     0.003361            0.000000   0.915486 f
  candidates_i/U10377/A (NAND2X1)                               0.007959  0.000000   0.915486 f
  candidates_i/U10377/Y (NAND2X1)                               0.037854  0.027436   0.942922 r
  candidates_i/n9842 (net)                      1     0.002832            0.000000   0.942922 r
  candidates_i/U10378/B (NAND3X1)                               0.037854  0.000000   0.942922 r
  candidates_i/U10378/Y (NAND3X1)                               0.016912  0.020476   0.963398 f
  candidates_i/n9836 (net)                      1     0.002573            0.000000   0.963398 f
  candidates_i/U10381/A (OAI21X1)                               0.016912  0.000000   0.963398 f
  candidates_i/U10381/Y (OAI21X1)                               0.042716  0.044023   1.007421 r
  candidates_i/n9838 (net)                      1     0.002386            0.000000   1.007421 r
  candidates_i/U10382/C (AOI21X1)                               0.042716  0.000000   1.007421 r
  candidates_i/U10382/Y (AOI21X1)                               0.020759  0.024565   1.031986 f
  candidates_i/n11540 (net)                     1     0.003854            0.000000   1.031986 f
  candidates_i/U6540/A (BUFX4)                                  0.020759  0.000000   1.031986 f
  candidates_i/U6540/Y (BUFX4)                                  0.003868  0.048118   1.080103 f
  candidates_i/candidate_slots[1] (net)         3     0.013056            0.000000   1.080103 f
  candidates_i/candidate_slots[1] (mc_candidates_Q_DEPTH16_ROW_W8_COL_W6) 0.000000   1.080103 f
  candidate_slots[1] (net)                            0.013056            0.000000   1.080103 f
  frfcfs.scheduler_i/candidate_slots[1] (mc_scheduler_frfcfs_Q_DEPTH16_ADDR_W16_AGE_LIMIT128_AGING_ENABLE1)
                                                                          0.000000   1.080103 f
  frfcfs.scheduler_i/N609 (net)                       0.013056            0.000000   1.080103 f
  frfcfs.scheduler_i/U193/A (INVX8)                             0.003868  0.000000   1.080103 f
  frfcfs.scheduler_i/U193/Y (INVX8)                             0.000000  0.013874   1.093977 r
  frfcfs.scheduler_i/n1835 (net)                7     0.013853            0.000000   1.093977 r
  frfcfs.scheduler_i/U1101/B (AND2X2)                           0.000000  0.000000   1.093977 r
  frfcfs.scheduler_i/U1101/Y (AND2X2)                           0.009992  0.032796   1.126773 r
  frfcfs.scheduler_i/n859 (net)                 2     0.003102            0.000000   1.126773 r
  frfcfs.scheduler_i/U1103/A (INVX1)                            0.009992  0.000000   1.126773 r
  frfcfs.scheduler_i/U1103/Y (INVX1)                            0.013007  0.016620   1.143393 f
  frfcfs.scheduler_i/n778 (net)                 1     0.002632            0.000000   1.143393 f
  frfcfs.scheduler_i/U1358/B (OAI21X1)                          0.013007  0.000000   1.143393 f
  frfcfs.scheduler_i/U1358/Y (OAI21X1)                          0.039797  0.040928   1.184321 r
  frfcfs.scheduler_i/n867 (net)                 1     0.002386            0.000000   1.184321 r
  frfcfs.scheduler_i/U1357/C (AOI21X1)                          0.039797  0.000000   1.184321 r
  frfcfs.scheduler_i/U1357/Y (AOI21X1)                          0.017824  0.021165   1.205486 f
  frfcfs.scheduler_i/n865 (net)                 1     0.002623            0.000000   1.205486 f
  frfcfs.scheduler_i/U1356/A (MUX2X1)                           0.017824  0.000000   1.205486 f
  frfcfs.scheduler_i/U1356/Y (MUX2X1)                           0.044620  0.040957   1.246443 r
  frfcfs.scheduler_i/n849 (net)                 1     0.002744            0.000000   1.246443 r
  frfcfs.scheduler_i/U1349/B (MUX2X1)                           0.044620  0.000000   1.246443 r
  frfcfs.scheduler_i/U1349/Y (MUX2X1)                           0.014165  0.027976   1.274419 f
  frfcfs.scheduler_i/N1466 (net)                1     0.002832            0.000000   1.274419 f
  frfcfs.scheduler_i/U1975/C (NAND3X1)                          0.014165  0.000000   1.274419 f
  frfcfs.scheduler_i/U1975/Y (NAND3X1)                          0.040897  0.033634   1.308054 r
  frfcfs.scheduler_i/n1748 (net)                2     0.003102            0.000000   1.308054 r
  frfcfs.scheduler_i/U484/A (INVX1)                             0.040897  0.000000   1.308054 r
  frfcfs.scheduler_i/U484/Y (INVX1)                             0.008778  0.023572   1.331626 f
  frfcfs.scheduler_i/n362 (net)                 1     0.001944            0.000000   1.331626 f
  frfcfs.scheduler_i/U747/B (NAND2X1)                           0.008778  0.000000   1.331626 f
  frfcfs.scheduler_i/U747/Y (NAND2X1)                           0.039231  0.014836   1.346462 r
  frfcfs.scheduler_i/n1787 (net)                2     0.003102            0.000000   1.346462 r
  frfcfs.scheduler_i/U473/A (INVX1)                             0.039231  0.000000   1.346462 r
  frfcfs.scheduler_i/U473/Y (INVX1)                             0.015976  0.027963   1.374425 f
  frfcfs.scheduler_i/n1912 (net)                2     0.004308            0.000000   1.374425 f
  frfcfs.scheduler_i/U2042/C (NAND3X1)                          0.015976  0.000000   1.374425 f
  frfcfs.scheduler_i/U2042/Y (NAND3X1)                          0.035534  0.030310   1.404735 r
  frfcfs.scheduler_i/n1837 (net)                1     0.001869            0.000000   1.404735 r
  frfcfs.scheduler_i/U2044/B (AND2X2)                           0.035534  0.000000   1.404735 r
  frfcfs.scheduler_i/U2044/Y (AND2X2)                           0.009079  0.032623   1.437358 r
  frfcfs.scheduler_i/n1983 (net)                1     0.001869            0.000000   1.437358 r
  frfcfs.scheduler_i/U1090/B (AND2X2)                           0.009079  0.000000   1.437358 r
  frfcfs.scheduler_i/U1090/Y (AND2X2)                           0.010450  0.033216   1.470574 r
  frfcfs.scheduler_i/n2180 (net)                2     0.003090            0.000000   1.470574 r
  frfcfs.scheduler_i/U905/A (INVX1)                             0.010450  0.000000   1.470574 r
  frfcfs.scheduler_i/U905/Y (INVX1)                             0.010918  0.015331   1.485905 f
  frfcfs.scheduler_i/n676 (net)                 1     0.001944            0.000000   1.485905 f
  frfcfs.scheduler_i/U712/B (NAND2X1)                           0.010918  0.000000   1.485905 f
  frfcfs.scheduler_i/U712/Y (NAND2X1)                           0.034390  0.012422   1.498327 r
  frfcfs.scheduler_i/n559 (net)                 1     0.002111            0.000000   1.498327 r
  frfcfs.scheduler_i/U593/A (NAND2X1)                           0.034390  0.000000   1.498327 r
  frfcfs.scheduler_i/U593/Y (NAND2X1)                           0.020539  0.017707   1.516034 f
  frfcfs.scheduler_i/n466 (net)                 1     0.002297            0.000000   1.516034 f
  frfcfs.scheduler_i/U591/B (NOR2X1)                            0.020539  0.000000   1.516034 f
  frfcfs.scheduler_i/U591/Y (NOR2X1)                            0.024565  0.029501   1.545534 r
  frfcfs.scheduler_i/n464 (net)                 1     0.001869            0.000000   1.545534 r
  frfcfs.scheduler_i/U640/B (AND2X2)                            0.024565  0.000000   1.545534 r
  frfcfs.scheduler_i/U640/Y (AND2X2)                            0.026042  0.043825   1.589359 r
  frfcfs.scheduler_i/n497 (net)                 5     0.009517            0.000000   1.589359 r
  frfcfs.scheduler_i/U394/B (AND2X2)                            0.026042  0.000000   1.589359 r
  frfcfs.scheduler_i/U394/Y (AND2X2)                            0.014946  0.036433   1.625792 r
  frfcfs.scheduler_i/n1998 (net)                3     0.004653            0.000000   1.625792 r
  frfcfs.scheduler_i/U333/A (INVX1)                             0.014946  0.000000   1.625792 r
  frfcfs.scheduler_i/U333/Y (INVX1)                             0.015015  0.019576   1.645368 f
  frfcfs.scheduler_i/n266 (net)                 2     0.003420            0.000000   1.645368 f
  frfcfs.scheduler_i/U707/B (NAND2X1)                           0.015015  0.000000   1.645368 f
  frfcfs.scheduler_i/U707/Y (NAND2X1)                           0.032632  0.012771   1.658139 r
  frfcfs.scheduler_i/n558 (net)                 1     0.001798            0.000000   1.658139 r
  frfcfs.scheduler_i/U1175/A (AND2X2)                           0.032632  0.000000   1.658139 r
  frfcfs.scheduler_i/U1175/Y (AND2X2)                           0.022083  0.043054   1.701192 r
  frfcfs.scheduler_i/n804 (net)                 3     0.008295            0.000000   1.701192 r
  frfcfs.scheduler_i/U375/A (BUFX4)                             0.022083  0.000000   1.701192 r
  frfcfs.scheduler_i/U375/Y (BUFX4)                             0.022126  0.030399   1.731592 r
  frfcfs.scheduler_i/n296 (net)                 6     0.014883            0.000000   1.731592 r
  frfcfs.scheduler_i/U1081/A (AND2X2)                           0.022126  0.000000   1.731592 r
  frfcfs.scheduler_i/U1081/Y (AND2X2)                           0.020010  0.039304   1.770895 r
  frfcfs.scheduler_i/n2341 (net)                3     0.006135            0.000000   1.770895 r
  frfcfs.scheduler_i/U529/A (OR2X2)                             0.020010  0.000000   1.770895 r
  frfcfs.scheduler_i/U529/Y (OR2X2)                             0.010821  0.039249   1.810144 r
  frfcfs.scheduler_i/n2310 (net)                1     0.003063            0.000000   1.810144 r
  frfcfs.scheduler_i/U2412/B (NOR3X1)                           0.010821  0.000000   1.810144 r
  frfcfs.scheduler_i/U2412/Y (NOR3X1)                           0.026519  0.025836   1.835980 f
  frfcfs.scheduler_i/n2313 (net)                1     0.002832            0.000000   1.835980 f
  frfcfs.scheduler_i/U2413/C (NAND3X1)                          0.026519  0.000000   1.835980 f
  frfcfs.scheduler_i/U2413/Y (NAND3X1)                          0.039435  0.035961   1.871941 r
  frfcfs.scheduler_i/n2321 (net)                1     0.002832            0.000000   1.871941 r
  frfcfs.scheduler_i/U2415/B (NAND3X1)                          0.039435  0.000000   1.871941 r
  frfcfs.scheduler_i/U2415/Y (NAND3X1)                          0.020911  0.023743   1.895685 f
  frfcfs.scheduler_i/n2323 (net)                2     0.004336            0.000000   1.895685 f
  frfcfs.scheduler_i/U457/C (NAND3X1)                           0.020911  0.000000   1.895685 f
  frfcfs.scheduler_i/U457/Y (NAND3X1)                           0.033779  0.030589   1.926274 r
  frfcfs.scheduler_i/n2459 (net)                1     0.001551            0.000000   1.926274 r
  frfcfs.scheduler_i/U683/A (INVX1)                             0.033779  0.000000   1.926274 r
  frfcfs.scheduler_i/U683/Y (INVX1)                             0.011936  0.023464   1.949738 f
  frfcfs.scheduler_i/n2460 (net)                1     0.002832            0.000000   1.949738 f
  frfcfs.scheduler_i/U2484/C (NAND3X1)                          0.011936  0.000000   1.949738 f
  frfcfs.scheduler_i/U2484/Y (NAND3X1)                          0.035933  0.029765   1.979503 r
  frfcfs.scheduler_i/n2463 (net)                1     0.002027            0.000000   1.979503 r
  frfcfs.scheduler_i/U2485/B (NAND2X1)                          0.035933  0.000000   1.979503 r
  frfcfs.scheduler_i/U2485/Y (NAND2X1)                          0.022000  0.022367   2.001870 f
  frfcfs.scheduler_i/select_slot[0] (net)       2     0.003008            0.000000   2.001870 f
  frfcfs.scheduler_i/select_slot[0] (mc_scheduler_frfcfs_Q_DEPTH16_ADDR_W16_AGE_LIMIT128_AGING_ENABLE1)
                                                                          0.000000   2.001870 f
  select_slot[0] (net)                                0.003008            0.000000   2.001870 f
  U289/A (BUFX2)                                                0.022000  0.000000   2.001870 f
  U289/Y (BUFX2)                                                0.019908  0.047275   2.049145 f
  n124 (net)                                    6     0.013710            0.000000   2.049145 f
  U1355/C (NAND3X1)                                             0.019908  0.000000   2.049145 f
  U1355/Y (NAND3X1)                                             0.046083  0.038497   2.087642 r
  n1755 (net)                                   2     0.004206            0.000000   2.087642 r
  U575/A (INVX1)                                                0.046083  0.000000   2.087642 r
  U575/Y (INVX1)                                                0.020287  0.033085   2.120727 f
  n277 (net)                                    4     0.005905            0.000000   2.120727 f
  U1310/A (INVX1)                                               0.020287  0.000000   2.120727 f
  U1310/Y (INVX1)                                               0.000000  0.012421   2.133147 r
  n603 (net)                                    3     0.004653            0.000000   2.133147 r
  U623/A (INVX1)                                                0.000000  0.000000   2.133147 r
  U623/Y (INVX1)                                                0.014663  0.014573   2.147720 f
  n602 (net)                                    2     0.002952            0.000000   2.147720 f
  U613/A (INVX1)                                                0.014663  0.000000   2.147720 f
  U613/Y (INVX1)                                                0.000000  0.008230   2.155950 r
  n317 (net)                                    2     0.003975            0.000000   2.155950 r
  U617/A (INVX1)                                                0.000000  0.000000   2.155950 r
  U617/Y (INVX1)                                                0.021924  0.019566   2.175516 f
  n321 (net)                                    2     0.005384            0.000000   2.175516 f
  U1424/A (AOI22X1)                                             0.021924  0.000000   2.175516 f
  U1424/Y (AOI22X1)                                             0.048936  0.052246   2.227762 r
  n978 (net)                                    1     0.002961            0.000000   2.227762 r
  U1425/C (NAND3X1)                                             0.048936  0.000000   2.227762 r
  U1425/Y (NAND3X1)                                             0.020377  0.022337   2.250099 f
  n1899 (net)                                   2     0.004077            0.000000   2.250099 f
  U1984/A (OAI21X1)                                             0.020377  0.000000   2.250099 f
  U1984/Y (OAI21X1)                                             0.077992  0.069314   2.319413 r
  cmd_row[5] (net)                              1     0.010000            0.000000   2.319413 r
  cmd_row[5] (out)                                              0.077992  0.000000   2.319413 r
  data arrival time                                                                  2.319413

  clock core_clk (rise edge)                                              2.000000   2.000000
  clock network delay (ideal)                                             0.000000   2.000000
  clock uncertainty                                                       -0.100000  1.900000
  output external delay                                                   -1.000000  0.900000
  data required time                                                                 0.900000
  ----------------------------------------------------------------------------------------------
  data required time                                                                 0.900000
  data arrival time                                                                  -2.319413
  ----------------------------------------------------------------------------------------------
  slack (VIOLATED)                                                                   -1.419413


  Startpoint: table_i/addresses_reg[173]
              (rising edge-triggered flip-flop clocked by core_clk)
  Endpoint: cmd_wdata[23]
            (output port clocked by core_clk)
  Path Group: core_clk
  Path Type: max

  Point                                       Fanout       Cap     Trans      Incr       Path
  ----------------------------------------------------------------------------------------------
  clock core_clk (rise edge)                                              0.000000   0.000000
  clock network delay (ideal)                                             0.000000   0.000000
  table_i/addresses_reg[173]/CLK (DFFPOSX1)                     0.000000  0.000000 # 0.000000 r
  table_i/addresses_reg[173]/Q (DFFPOSX1)                       0.024425  0.106372   0.106372 f
  table_i/addresses[173] (net)                  4     0.005961            0.000000   0.106372 f
  table_i/addresses[173] (mc_transaction_table_Q_DEPTH16_ADDR_W16_DATA_W32_TAG_W8_READ_LATENCY3_AGE_LIMIT128)
                                                                          0.000000   0.106372 f
  addresses[173] (net)                                0.005961            0.000000   0.106372 f
  candidates_i/addresses[173] (mc_candidates_Q_DEPTH16_ROW_W8_COL_W6)     0.000000   0.106372 f
  candidates_i/addresses[173] (net)                   0.005961            0.000000   0.106372 f
  candidates_i/U738/A (INVX1)                                   0.024425  0.000000   0.106372 f
  candidates_i/U738/Y (INVX1)                                   0.007557  0.024595   0.130967 r
  candidates_i/n1109 (net)                      2     0.007959            0.000000   0.130967 r
  candidates_i/U736/A (BUFX4)                                   0.007557  0.000000   0.130967 r
  candidates_i/U736/Y (BUFX4)                                   0.024247  0.033070   0.164037 r
  candidates_i/n428 (net)                       4     0.017344            0.000000   0.164037 r
  candidates_i/U2216/A (XNOR2X1)                                0.024247  0.000000   0.164037 r
  candidates_i/U2216/Y (XNOR2X1)                                0.019100  0.030133   0.194170 f
  candidates_i/n7127 (net)                      2     0.002952            0.000000   0.194170 f
  candidates_i/U1042/A (INVX1)                                  0.019100  0.000000   0.194170 f
  candidates_i/U1042/Y (INVX1)                                  0.000000  0.006712   0.200882 r
  candidates_i/n651 (net)                       1     0.003021            0.000000   0.200882 r
  candidates_i/U1179/A (NOR3X1)                                 0.000000  0.000000   0.200882 r
  candidates_i/U1179/Y (NOR3X1)                                 0.022571  0.028768   0.229650 f
  candidates_i/n650 (net)                       1     0.001476            0.000000   0.229650 f
  candidates_i/U1180/A (INVX1)                                  0.022571  0.000000   0.229650 f
  candidates_i/U1180/Y (INVX1)                                  0.000000  0.005550   0.235200 r
  candidates_i/n6501 (net)                      1     0.002283            0.000000   0.235200 r
  candidates_i/U4377/B (OR2X2)                                  0.000000  0.000000   0.235200 r
  candidates_i/U4377/Y (OR2X2)                                  0.004372  0.041056   0.276256 r
  candidates_i/n6505 (net)                      1     0.001551            0.000000   0.276256 r
  candidates_i/U4378/A (INVX1)                                  0.004372  0.000000   0.276256 r
  candidates_i/U4378/Y (INVX1)                                  0.012135  0.014229   0.290485 f
  candidates_i/n2564 (net)                      1     0.002209            0.000000   0.290485 f
  candidates_i/U8755/A (NAND3X1)                                0.012135  0.000000   0.290485 f
  candidates_i/U8755/Y (NAND3X1)                                0.036962  0.037079   0.327564 r
  candidates_i/n6507 (net)                      1     0.002292            0.000000   0.327564 r
  candidates_i/U4269/A (OR2X2)                                  0.036962  0.000000   0.327564 r
  candidates_i/U4269/Y (OR2X2)                                  0.013339  0.041203   0.368767 r
  candidates_i/n6509 (net)                      2     0.003090            0.000000   0.368767 r
  candidates_i/U281/A (INVX1)                                   0.013339  0.000000   0.368767 r
  candidates_i/U281/Y (INVX1)                                   0.014546  0.018742   0.387510 f
  candidates_i/n188 (net)                       1     0.003226            0.000000   0.387510 f
  candidates_i/U1879/C (NOR3X1)                                 0.014546  0.000000   0.387510 f
  candidates_i/U1879/Y (NOR3X1)                                 0.045740  0.022534   0.410043 r
  candidates_i/n1041 (net)                      1     0.001551            0.000000   0.410043 r
  candidates_i/U1231/A (INVX1)                                  0.045740  0.000000   0.410043 r
  candidates_i/U1231/Y (INVX1)                                  0.009507  0.025614   0.435657 f
  candidates_i/n681 (net)                       1     0.002301            0.000000   0.435657 f
  candidates_i/U1183/A (OR2X2)                                  0.009507  0.000000   0.435657 f
  candidates_i/U1183/Y (OR2X2)                                  0.007660  0.040151   0.475808 f
  candidates_i/n654 (net)                       2     0.004602            0.000000   0.475808 f
  candidates_i/U945/A (OR2X2)                                   0.007660  0.000000   0.475808 f
  candidates_i/U945/Y (OR2X2)                                   0.007226  0.038108   0.513916 f
  candidates_i/n539 (net)                       1     0.003011            0.000000   0.513916 f
  candidates_i/U8881/A (NOR3X1)                                 0.007226  0.000000   0.513916 f
  candidates_i/U8881/Y (NOR3X1)                                 0.053783  0.049536   0.563453 r
  candidates_i/n7972 (net)                      1     0.002741            0.000000   0.563453 r
  candidates_i/U9497/A (AOI21X1)                                0.053783  0.000000   0.563453 r
  candidates_i/U9497/Y (AOI21X1)                                0.020210  0.028779   0.592232 f
  candidates_i/n9498 (net)                      2     0.003707            0.000000   0.592232 f
  candidates_i/U10118/B (NAND2X1)                               0.020210  0.000000   0.592232 f
  candidates_i/U10118/Y (NAND2X1)                               0.031111  0.013682   0.605914 r
  candidates_i/n9524 (net)                      1     0.001551            0.000000   0.605914 r
  candidates_i/U6603/A (INVX1)                                  0.031111  0.000000   0.605914 r
  candidates_i/U6603/Y (INVX1)                                  0.012123  0.022742   0.628656 f
  candidates_i/n9500 (net)                      1     0.002832            0.000000   0.628656 f
  candidates_i/U10115/C (NAND3X1)                               0.012123  0.000000   0.628656 f
  candidates_i/U10115/Y (NAND3X1)                               0.034082  0.028350   0.657005 r
  candidates_i/n9543 (net)                      1     0.001551            0.000000   0.657005 r
  candidates_i/U6531/A (INVX1)                                  0.034082  0.000000   0.657005 r
  candidates_i/U6531/Y (INVX1)                                  0.016697  0.026818   0.683823 f
  candidates_i/n3565 (net)                      3     0.004428            0.000000   0.683823 f
  candidates_i/U6534/A (INVX1)                                  0.016697  0.000000   0.683823 f
  candidates_i/U6534/Y (INVX1)                                  0.000000  0.015576   0.699399 r
  candidates_i/n3568 (net)                      3     0.006019            0.000000   0.699399 r
  candidates_i/U10154/A (NAND2X1)                               0.000000  0.000000   0.699399 r
  candidates_i/U10154/Y (NAND2X1)                               0.030982  0.015525   0.714924 f
  candidates_i/n9652 (net)                      3     0.005211            0.000000   0.714924 f
  candidates_i/U5341/A (AND2X2)                                 0.030982  0.000000   0.714924 f
  candidates_i/U5341/Y (AND2X2)                                 0.018994  0.050776   0.765699 f
  candidates_i/n3103 (net)                      6     0.013895            0.000000   0.765699 f
  candidates_i/U241/A (AND2X2)                                  0.018994  0.000000   0.765699 f
  candidates_i/U241/Y (AND2X2)                                  0.008817  0.035344   0.801043 f
  candidates_i/n167 (net)                       1     0.002297            0.000000   0.801043 f
  candidates_i/U243/B (NOR2X1)                                  0.008817  0.000000   0.801043 f
  candidates_i/U243/Y (NOR2X1)                                  0.025968  0.027021   0.828064 r
  candidates_i/n9653 (net)                      1     0.001869            0.000000   0.828064 r
  candidates_i/U10244/B (AND2X2)                                0.025968  0.000000   0.828064 r
  candidates_i/U10244/Y (AND2X2)                                0.011058  0.033834   0.861898 r
  candidates_i/n9655 (net)                      1     0.002961            0.000000   0.861898 r
  candidates_i/U10245/C (NAND3X1)                               0.011058  0.000000   0.861898 r
  candidates_i/U10245/Y (NAND3X1)                               0.020031  0.013037   0.874935 f
  candidates_i/n9691 (net)                      2     0.003805            0.000000   0.874935 f
  candidates_i/U6039/A (OR2X2)                                  0.020031  0.000000   0.874935 f
  candidates_i/U6039/Y (OR2X2)                                  0.007959  0.040551   0.915486 f
  candidates_i/n9829 (net)                      2     0.003361            0.000000   0.915486 f
  candidates_i/U10377/A (NAND2X1)                               0.007959  0.000000   0.915486 f
  candidates_i/U10377/Y (NAND2X1)                               0.037854  0.027436   0.942922 r
  candidates_i/n9842 (net)                      1     0.002832            0.000000   0.942922 r
  candidates_i/U10378/B (NAND3X1)                               0.037854  0.000000   0.942922 r
  candidates_i/U10378/Y (NAND3X1)                               0.016912  0.020476   0.963398 f
  candidates_i/n9836 (net)                      1     0.002573            0.000000   0.963398 f
  candidates_i/U10381/A (OAI21X1)                               0.016912  0.000000   0.963398 f
  candidates_i/U10381/Y (OAI21X1)                               0.042716  0.044023   1.007421 r
  candidates_i/n9838 (net)                      1     0.002386            0.000000   1.007421 r
  candidates_i/U10382/C (AOI21X1)                               0.042716  0.000000   1.007421 r
  candidates_i/U10382/Y (AOI21X1)                               0.020759  0.024565   1.031986 f
  candidates_i/n11540 (net)                     1     0.003854            0.000000   1.031986 f
  candidates_i/U6540/A (BUFX4)                                  0.020759  0.000000   1.031986 f
  candidates_i/U6540/Y (BUFX4)                                  0.003868  0.048118   1.080103 f
  candidates_i/candidate_slots[1] (net)         3     0.013056            0.000000   1.080103 f
  candidates_i/candidate_slots[1] (mc_candidates_Q_DEPTH16_ROW_W8_COL_W6) 0.000000   1.080103 f
  candidate_slots[1] (net)                            0.013056            0.000000   1.080103 f
  frfcfs.scheduler_i/candidate_slots[1] (mc_scheduler_frfcfs_Q_DEPTH16_ADDR_W16_AGE_LIMIT128_AGING_ENABLE1)
                                                                          0.000000   1.080103 f
  frfcfs.scheduler_i/N609 (net)                       0.013056            0.000000   1.080103 f
  frfcfs.scheduler_i/U193/A (INVX8)                             0.003868  0.000000   1.080103 f
  frfcfs.scheduler_i/U193/Y (INVX8)                             0.000000  0.013874   1.093977 r
  frfcfs.scheduler_i/n1835 (net)                7     0.013853            0.000000   1.093977 r
  frfcfs.scheduler_i/U1101/B (AND2X2)                           0.000000  0.000000   1.093977 r
  frfcfs.scheduler_i/U1101/Y (AND2X2)                           0.009992  0.032796   1.126773 r
  frfcfs.scheduler_i/n859 (net)                 2     0.003102            0.000000   1.126773 r
  frfcfs.scheduler_i/U1103/A (INVX1)                            0.009992  0.000000   1.126773 r
  frfcfs.scheduler_i/U1103/Y (INVX1)                            0.013007  0.016620   1.143393 f
  frfcfs.scheduler_i/n778 (net)                 1     0.002632            0.000000   1.143393 f
  frfcfs.scheduler_i/U1358/B (OAI21X1)                          0.013007  0.000000   1.143393 f
  frfcfs.scheduler_i/U1358/Y (OAI21X1)                          0.039797  0.040928   1.184321 r
  frfcfs.scheduler_i/n867 (net)                 1     0.002386            0.000000   1.184321 r
  frfcfs.scheduler_i/U1357/C (AOI21X1)                          0.039797  0.000000   1.184321 r
  frfcfs.scheduler_i/U1357/Y (AOI21X1)                          0.017824  0.021165   1.205486 f
  frfcfs.scheduler_i/n865 (net)                 1     0.002623            0.000000   1.205486 f
  frfcfs.scheduler_i/U1356/A (MUX2X1)                           0.017824  0.000000   1.205486 f
  frfcfs.scheduler_i/U1356/Y (MUX2X1)                           0.044620  0.040957   1.246443 r
  frfcfs.scheduler_i/n849 (net)                 1     0.002744            0.000000   1.246443 r
  frfcfs.scheduler_i/U1349/B (MUX2X1)                           0.044620  0.000000   1.246443 r
  frfcfs.scheduler_i/U1349/Y (MUX2X1)                           0.014165  0.027976   1.274419 f
  frfcfs.scheduler_i/N1466 (net)                1     0.002832            0.000000   1.274419 f
  frfcfs.scheduler_i/U1975/C (NAND3X1)                          0.014165  0.000000   1.274419 f
  frfcfs.scheduler_i/U1975/Y (NAND3X1)                          0.040897  0.033634   1.308054 r
  frfcfs.scheduler_i/n1748 (net)                2     0.003102            0.000000   1.308054 r
  frfcfs.scheduler_i/U484/A (INVX1)                             0.040897  0.000000   1.308054 r
  frfcfs.scheduler_i/U484/Y (INVX1)                             0.008778  0.023572   1.331626 f
  frfcfs.scheduler_i/n362 (net)                 1     0.001944            0.000000   1.331626 f
  frfcfs.scheduler_i/U747/B (NAND2X1)                           0.008778  0.000000   1.331626 f
  frfcfs.scheduler_i/U747/Y (NAND2X1)                           0.039231  0.014836   1.346462 r
  frfcfs.scheduler_i/n1787 (net)                2     0.003102            0.000000   1.346462 r
  frfcfs.scheduler_i/U473/A (INVX1)                             0.039231  0.000000   1.346462 r
  frfcfs.scheduler_i/U473/Y (INVX1)                             0.015976  0.027963   1.374425 f
  frfcfs.scheduler_i/n1912 (net)                2     0.004308            0.000000   1.374425 f
  frfcfs.scheduler_i/U2042/C (NAND3X1)                          0.015976  0.000000   1.374425 f
  frfcfs.scheduler_i/U2042/Y (NAND3X1)                          0.035534  0.030310   1.404735 r
  frfcfs.scheduler_i/n1837 (net)                1     0.001869            0.000000   1.404735 r
  frfcfs.scheduler_i/U2044/B (AND2X2)                           0.035534  0.000000   1.404735 r
  frfcfs.scheduler_i/U2044/Y (AND2X2)                           0.009079  0.032623   1.437358 r
  frfcfs.scheduler_i/n1983 (net)                1     0.001869            0.000000   1.437358 r
  frfcfs.scheduler_i/U1090/B (AND2X2)                           0.009079  0.000000   1.437358 r
  frfcfs.scheduler_i/U1090/Y (AND2X2)                           0.010450  0.033216   1.470574 r
  frfcfs.scheduler_i/n2180 (net)                2     0.003090            0.000000   1.470574 r
  frfcfs.scheduler_i/U905/A (INVX1)                             0.010450  0.000000   1.470574 r
  frfcfs.scheduler_i/U905/Y (INVX1)                             0.010918  0.015331   1.485905 f
  frfcfs.scheduler_i/n676 (net)                 1     0.001944            0.000000   1.485905 f
  frfcfs.scheduler_i/U712/B (NAND2X1)                           0.010918  0.000000   1.485905 f
  frfcfs.scheduler_i/U712/Y (NAND2X1)                           0.034390  0.012422   1.498327 r
  frfcfs.scheduler_i/n559 (net)                 1     0.002111            0.000000   1.498327 r
  frfcfs.scheduler_i/U593/A (NAND2X1)                           0.034390  0.000000   1.498327 r
  frfcfs.scheduler_i/U593/Y (NAND2X1)                           0.020539  0.017707   1.516034 f
  frfcfs.scheduler_i/n466 (net)                 1     0.002297            0.000000   1.516034 f
  frfcfs.scheduler_i/U591/B (NOR2X1)                            0.020539  0.000000   1.516034 f
  frfcfs.scheduler_i/U591/Y (NOR2X1)                            0.024565  0.029501   1.545534 r
  frfcfs.scheduler_i/n464 (net)                 1     0.001869            0.000000   1.545534 r
  frfcfs.scheduler_i/U640/B (AND2X2)                            0.024565  0.000000   1.545534 r
  frfcfs.scheduler_i/U640/Y (AND2X2)                            0.026042  0.043825   1.589359 r
  frfcfs.scheduler_i/n497 (net)                 5     0.009517            0.000000   1.589359 r
  frfcfs.scheduler_i/U394/B (AND2X2)                            0.026042  0.000000   1.589359 r
  frfcfs.scheduler_i/U394/Y (AND2X2)                            0.014946  0.036433   1.625792 r
  frfcfs.scheduler_i/n1998 (net)                3     0.004653            0.000000   1.625792 r
  frfcfs.scheduler_i/U333/A (INVX1)                             0.014946  0.000000   1.625792 r
  frfcfs.scheduler_i/U333/Y (INVX1)                             0.015015  0.019576   1.645368 f
  frfcfs.scheduler_i/n266 (net)                 2     0.003420            0.000000   1.645368 f
  frfcfs.scheduler_i/U707/B (NAND2X1)                           0.015015  0.000000   1.645368 f
  frfcfs.scheduler_i/U707/Y (NAND2X1)                           0.032632  0.012771   1.658139 r
  frfcfs.scheduler_i/n558 (net)                 1     0.001798            0.000000   1.658139 r
  frfcfs.scheduler_i/U1175/A (AND2X2)                           0.032632  0.000000   1.658139 r
  frfcfs.scheduler_i/U1175/Y (AND2X2)                           0.022083  0.043054   1.701192 r
  frfcfs.scheduler_i/n804 (net)                 3     0.008295            0.000000   1.701192 r
  frfcfs.scheduler_i/U375/A (BUFX4)                             0.022083  0.000000   1.701192 r
  frfcfs.scheduler_i/U375/Y (BUFX4)                             0.022126  0.030399   1.731592 r
  frfcfs.scheduler_i/n296 (net)                 6     0.014883            0.000000   1.731592 r
  frfcfs.scheduler_i/U1081/A (AND2X2)                           0.022126  0.000000   1.731592 r
  frfcfs.scheduler_i/U1081/Y (AND2X2)                           0.020010  0.039304   1.770895 r
  frfcfs.scheduler_i/n2341 (net)                3     0.006135            0.000000   1.770895 r
  frfcfs.scheduler_i/U529/A (OR2X2)                             0.020010  0.000000   1.770895 r
  frfcfs.scheduler_i/U529/Y (OR2X2)                             0.010821  0.039249   1.810144 r
  frfcfs.scheduler_i/n2310 (net)                1     0.003063            0.000000   1.810144 r
  frfcfs.scheduler_i/U2412/B (NOR3X1)                           0.010821  0.000000   1.810144 r
  frfcfs.scheduler_i/U2412/Y (NOR3X1)                           0.026519  0.025836   1.835980 f
  frfcfs.scheduler_i/n2313 (net)                1     0.002832            0.000000   1.835980 f
  frfcfs.scheduler_i/U2413/C (NAND3X1)                          0.026519  0.000000   1.835980 f
  frfcfs.scheduler_i/U2413/Y (NAND3X1)                          0.039435  0.035961   1.871941 r
  frfcfs.scheduler_i/n2321 (net)                1     0.002832            0.000000   1.871941 r
  frfcfs.scheduler_i/U2415/B (NAND3X1)                          0.039435  0.000000   1.871941 r
  frfcfs.scheduler_i/U2415/Y (NAND3X1)                          0.020911  0.023743   1.895685 f
  frfcfs.scheduler_i/n2323 (net)                2     0.004336            0.000000   1.895685 f
  frfcfs.scheduler_i/U457/C (NAND3X1)                           0.020911  0.000000   1.895685 f
  frfcfs.scheduler_i/U457/Y (NAND3X1)                           0.033779  0.030589   1.926274 r
  frfcfs.scheduler_i/n2459 (net)                1     0.001551            0.000000   1.926274 r
  frfcfs.scheduler_i/U683/A (INVX1)                             0.033779  0.000000   1.926274 r
  frfcfs.scheduler_i/U683/Y (INVX1)                             0.011936  0.023464   1.949738 f
  frfcfs.scheduler_i/n2460 (net)                1     0.002832            0.000000   1.949738 f
  frfcfs.scheduler_i/U2484/C (NAND3X1)                          0.011936  0.000000   1.949738 f
  frfcfs.scheduler_i/U2484/Y (NAND3X1)                          0.035933  0.029765   1.979503 r
  frfcfs.scheduler_i/n2463 (net)                1     0.002027            0.000000   1.979503 r
  frfcfs.scheduler_i/U2485/B (NAND2X1)                          0.035933  0.000000   1.979503 r
  frfcfs.scheduler_i/U2485/Y (NAND2X1)                          0.022000  0.022367   2.001870 f
  frfcfs.scheduler_i/select_slot[0] (net)       2     0.003008            0.000000   2.001870 f
  frfcfs.scheduler_i/select_slot[0] (mc_scheduler_frfcfs_Q_DEPTH16_ADDR_W16_AGE_LIMIT128_AGING_ENABLE1)
                                                                          0.000000   2.001870 f
  select_slot[0] (net)                                0.003008            0.000000   2.001870 f
  U289/A (BUFX2)                                                0.022000  0.000000   2.001870 f
  U289/Y (BUFX2)                                                0.019908  0.047275   2.049145 f
  n124 (net)                                    6     0.013710            0.000000   2.049145 f
  U1355/C (NAND3X1)                                             0.019908  0.000000   2.049145 f
  U1355/Y (NAND3X1)                                             0.046083  0.038497   2.087642 r
  n1755 (net)                                   2     0.004206            0.000000   2.087642 r
  U510/A (INVX2)                                                0.046083  0.000000   2.087642 r
  U510/Y (INVX2)                                                0.030635  0.034276   2.121918 f
  n278 (net)                                   11     0.016238            0.000000   2.121918 f
  U581/A (INVX1)                                                0.030635  0.000000   2.121918 f
  U581/Y (INVX1)                                                0.014465  0.030580   2.152498 r
  n284 (net)                                    4     0.009130            0.000000   2.152498 r
  U1792/B (OR2X2)                                               0.014465  0.000000   2.152498 r
  U1792/Y (OR2X2)                                               0.007918  0.043542   2.196040 r
  n1582 (net)                                   1     0.002010            0.000000   2.196040 r
  U1793/C (OAI21X1)                                             0.007918  0.000000   2.196040 r
  U1793/Y (OAI21X1)                                             0.007214  0.014233   2.210273 f
  n1585 (net)                                   1     0.003067            0.000000   2.210273 f
  U1796/B (NOR3X1)                                              0.007214  0.000000   2.210273 f
  U1796/Y (NOR3X1)                                              0.052351  0.038558   2.248830 r
  n1601 (net)                                   1     0.002764            0.000000   2.248830 r
  U1804/B (AOI22X1)                                             0.052351  0.000000   2.248830 r
  U1804/Y (AOI22X1)                                             0.036357  0.038554   2.287384 f
  n1602 (net)                                   1     0.002673            0.000000   2.287384 f
  U339/A (INVX2)                                                0.036357  0.000000   2.287384 f
  U339/Y (INVX2)                                                0.024634  0.031913   2.319297 r
  cmd_wdata[23] (net)                           1     0.010000            0.000000   2.319297 r
  cmd_wdata[23] (out)                                           0.024634  0.000000   2.319297 r
  data arrival time                                                                  2.319297

  clock core_clk (rise edge)                                              2.000000   2.000000
  clock network delay (ideal)                                             0.000000   2.000000
  clock uncertainty                                                       -0.100000  1.900000
  output external delay                                                   -1.000000  0.900000
  data required time                                                                 0.900000
  ----------------------------------------------------------------------------------------------
  data required time                                                                 0.900000
  data arrival time                                                                  -2.319297
  ----------------------------------------------------------------------------------------------
  slack (VIOLATED)                                                                   -1.419297


  Startpoint: table_i/addresses_reg[173]
              (rising edge-triggered flip-flop clocked by core_clk)
  Endpoint: cmd_row[2] (output port clocked by core_clk)
  Path Group: core_clk
  Path Type: max

  Point                                       Fanout       Cap     Trans      Incr       Path
  ----------------------------------------------------------------------------------------------
  clock core_clk (rise edge)                                              0.000000   0.000000
  clock network delay (ideal)                                             0.000000   0.000000
  table_i/addresses_reg[173]/CLK (DFFPOSX1)                     0.000000  0.000000 # 0.000000 r
  table_i/addresses_reg[173]/Q (DFFPOSX1)                       0.024425  0.106372   0.106372 f
  table_i/addresses[173] (net)                  4     0.005961            0.000000   0.106372 f
  table_i/addresses[173] (mc_transaction_table_Q_DEPTH16_ADDR_W16_DATA_W32_TAG_W8_READ_LATENCY3_AGE_LIMIT128)
                                                                          0.000000   0.106372 f
  addresses[173] (net)                                0.005961            0.000000   0.106372 f
  candidates_i/addresses[173] (mc_candidates_Q_DEPTH16_ROW_W8_COL_W6)     0.000000   0.106372 f
  candidates_i/addresses[173] (net)                   0.005961            0.000000   0.106372 f
  candidates_i/U738/A (INVX1)                                   0.024425  0.000000   0.106372 f
  candidates_i/U738/Y (INVX1)                                   0.007557  0.024595   0.130967 r
  candidates_i/n1109 (net)                      2     0.007959            0.000000   0.130967 r
  candidates_i/U736/A (BUFX4)                                   0.007557  0.000000   0.130967 r
  candidates_i/U736/Y (BUFX4)                                   0.024247  0.033070   0.164037 r
  candidates_i/n428 (net)                       4     0.017344            0.000000   0.164037 r
  candidates_i/U2216/A (XNOR2X1)                                0.024247  0.000000   0.164037 r
  candidates_i/U2216/Y (XNOR2X1)                                0.019100  0.030133   0.194170 f
  candidates_i/n7127 (net)                      2     0.002952            0.000000   0.194170 f
  candidates_i/U1042/A (INVX1)                                  0.019100  0.000000   0.194170 f
  candidates_i/U1042/Y (INVX1)                                  0.000000  0.006712   0.200882 r
  candidates_i/n651 (net)                       1     0.003021            0.000000   0.200882 r
  candidates_i/U1179/A (NOR3X1)                                 0.000000  0.000000   0.200882 r
  candidates_i/U1179/Y (NOR3X1)                                 0.022571  0.028768   0.229650 f
  candidates_i/n650 (net)                       1     0.001476            0.000000   0.229650 f
  candidates_i/U1180/A (INVX1)                                  0.022571  0.000000   0.229650 f
  candidates_i/U1180/Y (INVX1)                                  0.000000  0.005550   0.235200 r
  candidates_i/n6501 (net)                      1     0.002283            0.000000   0.235200 r
  candidates_i/U4377/B (OR2X2)                                  0.000000  0.000000   0.235200 r
  candidates_i/U4377/Y (OR2X2)                                  0.004372  0.041056   0.276256 r
  candidates_i/n6505 (net)                      1     0.001551            0.000000   0.276256 r
  candidates_i/U4378/A (INVX1)                                  0.004372  0.000000   0.276256 r
  candidates_i/U4378/Y (INVX1)                                  0.012135  0.014229   0.290485 f
  candidates_i/n2564 (net)                      1     0.002209            0.000000   0.290485 f
  candidates_i/U8755/A (NAND3X1)                                0.012135  0.000000   0.290485 f
  candidates_i/U8755/Y (NAND3X1)                                0.036962  0.037079   0.327564 r
  candidates_i/n6507 (net)                      1     0.002292            0.000000   0.327564 r
  candidates_i/U4269/A (OR2X2)                                  0.036962  0.000000   0.327564 r
  candidates_i/U4269/Y (OR2X2)                                  0.013339  0.041203   0.368767 r
  candidates_i/n6509 (net)                      2     0.003090            0.000000   0.368767 r
  candidates_i/U281/A (INVX1)                                   0.013339  0.000000   0.368767 r
  candidates_i/U281/Y (INVX1)                                   0.014546  0.018742   0.387510 f
  candidates_i/n188 (net)                       1     0.003226            0.000000   0.387510 f
  candidates_i/U1879/C (NOR3X1)                                 0.014546  0.000000   0.387510 f
  candidates_i/U1879/Y (NOR3X1)                                 0.045740  0.022534   0.410043 r
  candidates_i/n1041 (net)                      1     0.001551            0.000000   0.410043 r
  candidates_i/U1231/A (INVX1)                                  0.045740  0.000000   0.410043 r
  candidates_i/U1231/Y (INVX1)                                  0.009507  0.025614   0.435657 f
  candidates_i/n681 (net)                       1     0.002301            0.000000   0.435657 f
  candidates_i/U1183/A (OR2X2)                                  0.009507  0.000000   0.435657 f
  candidates_i/U1183/Y (OR2X2)                                  0.007660  0.040151   0.475808 f
  candidates_i/n654 (net)                       2     0.004602            0.000000   0.475808 f
  candidates_i/U945/A (OR2X2)                                   0.007660  0.000000   0.475808 f
  candidates_i/U945/Y (OR2X2)                                   0.007226  0.038108   0.513916 f
  candidates_i/n539 (net)                       1     0.003011            0.000000   0.513916 f
  candidates_i/U8881/A (NOR3X1)                                 0.007226  0.000000   0.513916 f
  candidates_i/U8881/Y (NOR3X1)                                 0.053783  0.049536   0.563453 r
  candidates_i/n7972 (net)                      1     0.002741            0.000000   0.563453 r
  candidates_i/U9497/A (AOI21X1)                                0.053783  0.000000   0.563453 r
  candidates_i/U9497/Y (AOI21X1)                                0.020210  0.028779   0.592232 f
  candidates_i/n9498 (net)                      2     0.003707            0.000000   0.592232 f
  candidates_i/U10118/B (NAND2X1)                               0.020210  0.000000   0.592232 f
  candidates_i/U10118/Y (NAND2X1)                               0.031111  0.013682   0.605914 r
  candidates_i/n9524 (net)                      1     0.001551            0.000000   0.605914 r
  candidates_i/U6603/A (INVX1)                                  0.031111  0.000000   0.605914 r
  candidates_i/U6603/Y (INVX1)                                  0.012123  0.022742   0.628656 f
  candidates_i/n9500 (net)                      1     0.002832            0.000000   0.628656 f
  candidates_i/U10115/C (NAND3X1)                               0.012123  0.000000   0.628656 f
  candidates_i/U10115/Y (NAND3X1)                               0.034082  0.028350   0.657005 r
  candidates_i/n9543 (net)                      1     0.001551            0.000000   0.657005 r
  candidates_i/U6531/A (INVX1)                                  0.034082  0.000000   0.657005 r
  candidates_i/U6531/Y (INVX1)                                  0.016697  0.026818   0.683823 f
  candidates_i/n3565 (net)                      3     0.004428            0.000000   0.683823 f
  candidates_i/U6534/A (INVX1)                                  0.016697  0.000000   0.683823 f
  candidates_i/U6534/Y (INVX1)                                  0.000000  0.015576   0.699399 r
  candidates_i/n3568 (net)                      3     0.006019            0.000000   0.699399 r
  candidates_i/U10154/A (NAND2X1)                               0.000000  0.000000   0.699399 r
  candidates_i/U10154/Y (NAND2X1)                               0.030982  0.015525   0.714924 f
  candidates_i/n9652 (net)                      3     0.005211            0.000000   0.714924 f
  candidates_i/U5341/A (AND2X2)                                 0.030982  0.000000   0.714924 f
  candidates_i/U5341/Y (AND2X2)                                 0.018994  0.050776   0.765699 f
  candidates_i/n3103 (net)                      6     0.013895            0.000000   0.765699 f
  candidates_i/U241/A (AND2X2)                                  0.018994  0.000000   0.765699 f
  candidates_i/U241/Y (AND2X2)                                  0.008817  0.035344   0.801043 f
  candidates_i/n167 (net)                       1     0.002297            0.000000   0.801043 f
  candidates_i/U243/B (NOR2X1)                                  0.008817  0.000000   0.801043 f
  candidates_i/U243/Y (NOR2X1)                                  0.025968  0.027021   0.828064 r
  candidates_i/n9653 (net)                      1     0.001869            0.000000   0.828064 r
  candidates_i/U10244/B (AND2X2)                                0.025968  0.000000   0.828064 r
  candidates_i/U10244/Y (AND2X2)                                0.011058  0.033834   0.861898 r
  candidates_i/n9655 (net)                      1     0.002961            0.000000   0.861898 r
  candidates_i/U10245/C (NAND3X1)                               0.011058  0.000000   0.861898 r
  candidates_i/U10245/Y (NAND3X1)                               0.020031  0.013037   0.874935 f
  candidates_i/n9691 (net)                      2     0.003805            0.000000   0.874935 f
  candidates_i/U6039/A (OR2X2)                                  0.020031  0.000000   0.874935 f
  candidates_i/U6039/Y (OR2X2)                                  0.007959  0.040551   0.915486 f
  candidates_i/n9829 (net)                      2     0.003361            0.000000   0.915486 f
  candidates_i/U10377/A (NAND2X1)                               0.007959  0.000000   0.915486 f
  candidates_i/U10377/Y (NAND2X1)                               0.037854  0.027436   0.942922 r
  candidates_i/n9842 (net)                      1     0.002832            0.000000   0.942922 r
  candidates_i/U10378/B (NAND3X1)                               0.037854  0.000000   0.942922 r
  candidates_i/U10378/Y (NAND3X1)                               0.016912  0.020476   0.963398 f
  candidates_i/n9836 (net)                      1     0.002573            0.000000   0.963398 f
  candidates_i/U10381/A (OAI21X1)                               0.016912  0.000000   0.963398 f
  candidates_i/U10381/Y (OAI21X1)                               0.042716  0.044023   1.007421 r
  candidates_i/n9838 (net)                      1     0.002386            0.000000   1.007421 r
  candidates_i/U10382/C (AOI21X1)                               0.042716  0.000000   1.007421 r
  candidates_i/U10382/Y (AOI21X1)                               0.020759  0.024565   1.031986 f
  candidates_i/n11540 (net)                     1     0.003854            0.000000   1.031986 f
  candidates_i/U6540/A (BUFX4)                                  0.020759  0.000000   1.031986 f
  candidates_i/U6540/Y (BUFX4)                                  0.003868  0.048118   1.080103 f
  candidates_i/candidate_slots[1] (net)         3     0.013056            0.000000   1.080103 f
  candidates_i/candidate_slots[1] (mc_candidates_Q_DEPTH16_ROW_W8_COL_W6) 0.000000   1.080103 f
  candidate_slots[1] (net)                            0.013056            0.000000   1.080103 f
  frfcfs.scheduler_i/candidate_slots[1] (mc_scheduler_frfcfs_Q_DEPTH16_ADDR_W16_AGE_LIMIT128_AGING_ENABLE1)
                                                                          0.000000   1.080103 f
  frfcfs.scheduler_i/N609 (net)                       0.013056            0.000000   1.080103 f
  frfcfs.scheduler_i/U193/A (INVX8)                             0.003868  0.000000   1.080103 f
  frfcfs.scheduler_i/U193/Y (INVX8)                             0.000000  0.013874   1.093977 r
  frfcfs.scheduler_i/n1835 (net)                7     0.013853            0.000000   1.093977 r
  frfcfs.scheduler_i/U1101/B (AND2X2)                           0.000000  0.000000   1.093977 r
  frfcfs.scheduler_i/U1101/Y (AND2X2)                           0.009992  0.032796   1.126773 r
  frfcfs.scheduler_i/n859 (net)                 2     0.003102            0.000000   1.126773 r
  frfcfs.scheduler_i/U1103/A (INVX1)                            0.009992  0.000000   1.126773 r
  frfcfs.scheduler_i/U1103/Y (INVX1)                            0.013007  0.016620   1.143393 f
  frfcfs.scheduler_i/n778 (net)                 1     0.002632            0.000000   1.143393 f
  frfcfs.scheduler_i/U1358/B (OAI21X1)                          0.013007  0.000000   1.143393 f
  frfcfs.scheduler_i/U1358/Y (OAI21X1)                          0.039797  0.040928   1.184321 r
  frfcfs.scheduler_i/n867 (net)                 1     0.002386            0.000000   1.184321 r
  frfcfs.scheduler_i/U1357/C (AOI21X1)                          0.039797  0.000000   1.184321 r
  frfcfs.scheduler_i/U1357/Y (AOI21X1)                          0.017824  0.021165   1.205486 f
  frfcfs.scheduler_i/n865 (net)                 1     0.002623            0.000000   1.205486 f
  frfcfs.scheduler_i/U1356/A (MUX2X1)                           0.017824  0.000000   1.205486 f
  frfcfs.scheduler_i/U1356/Y (MUX2X1)                           0.044620  0.040957   1.246443 r
  frfcfs.scheduler_i/n849 (net)                 1     0.002744            0.000000   1.246443 r
  frfcfs.scheduler_i/U1349/B (MUX2X1)                           0.044620  0.000000   1.246443 r
  frfcfs.scheduler_i/U1349/Y (MUX2X1)                           0.014165  0.027976   1.274419 f
  frfcfs.scheduler_i/N1466 (net)                1     0.002832            0.000000   1.274419 f
  frfcfs.scheduler_i/U1975/C (NAND3X1)                          0.014165  0.000000   1.274419 f
  frfcfs.scheduler_i/U1975/Y (NAND3X1)                          0.040897  0.033634   1.308054 r
  frfcfs.scheduler_i/n1748 (net)                2     0.003102            0.000000   1.308054 r
  frfcfs.scheduler_i/U484/A (INVX1)                             0.040897  0.000000   1.308054 r
  frfcfs.scheduler_i/U484/Y (INVX1)                             0.008778  0.023572   1.331626 f
  frfcfs.scheduler_i/n362 (net)                 1     0.001944            0.000000   1.331626 f
  frfcfs.scheduler_i/U747/B (NAND2X1)                           0.008778  0.000000   1.331626 f
  frfcfs.scheduler_i/U747/Y (NAND2X1)                           0.039231  0.014836   1.346462 r
  frfcfs.scheduler_i/n1787 (net)                2     0.003102            0.000000   1.346462 r
  frfcfs.scheduler_i/U473/A (INVX1)                             0.039231  0.000000   1.346462 r
  frfcfs.scheduler_i/U473/Y (INVX1)                             0.015976  0.027963   1.374425 f
  frfcfs.scheduler_i/n1912 (net)                2     0.004308            0.000000   1.374425 f
  frfcfs.scheduler_i/U2042/C (NAND3X1)                          0.015976  0.000000   1.374425 f
  frfcfs.scheduler_i/U2042/Y (NAND3X1)                          0.035534  0.030310   1.404735 r
  frfcfs.scheduler_i/n1837 (net)                1     0.001869            0.000000   1.404735 r
  frfcfs.scheduler_i/U2044/B (AND2X2)                           0.035534  0.000000   1.404735 r
  frfcfs.scheduler_i/U2044/Y (AND2X2)                           0.009079  0.032623   1.437358 r
  frfcfs.scheduler_i/n1983 (net)                1     0.001869            0.000000   1.437358 r
  frfcfs.scheduler_i/U1090/B (AND2X2)                           0.009079  0.000000   1.437358 r
  frfcfs.scheduler_i/U1090/Y (AND2X2)                           0.010450  0.033216   1.470574 r
  frfcfs.scheduler_i/n2180 (net)                2     0.003090            0.000000   1.470574 r
  frfcfs.scheduler_i/U905/A (INVX1)                             0.010450  0.000000   1.470574 r
  frfcfs.scheduler_i/U905/Y (INVX1)                             0.010918  0.015331   1.485905 f
  frfcfs.scheduler_i/n676 (net)                 1     0.001944            0.000000   1.485905 f
  frfcfs.scheduler_i/U712/B (NAND2X1)                           0.010918  0.000000   1.485905 f
  frfcfs.scheduler_i/U712/Y (NAND2X1)                           0.034390  0.012422   1.498327 r
  frfcfs.scheduler_i/n559 (net)                 1     0.002111            0.000000   1.498327 r
  frfcfs.scheduler_i/U593/A (NAND2X1)                           0.034390  0.000000   1.498327 r
  frfcfs.scheduler_i/U593/Y (NAND2X1)                           0.020539  0.017707   1.516034 f
  frfcfs.scheduler_i/n466 (net)                 1     0.002297            0.000000   1.516034 f
  frfcfs.scheduler_i/U591/B (NOR2X1)                            0.020539  0.000000   1.516034 f
  frfcfs.scheduler_i/U591/Y (NOR2X1)                            0.024565  0.029501   1.545534 r
  frfcfs.scheduler_i/n464 (net)                 1     0.001869            0.000000   1.545534 r
  frfcfs.scheduler_i/U640/B (AND2X2)                            0.024565  0.000000   1.545534 r
  frfcfs.scheduler_i/U640/Y (AND2X2)                            0.026042  0.043825   1.589359 r
  frfcfs.scheduler_i/n497 (net)                 5     0.009517            0.000000   1.589359 r
  frfcfs.scheduler_i/U394/B (AND2X2)                            0.026042  0.000000   1.589359 r
  frfcfs.scheduler_i/U394/Y (AND2X2)                            0.014946  0.036433   1.625792 r
  frfcfs.scheduler_i/n1998 (net)                3     0.004653            0.000000   1.625792 r
  frfcfs.scheduler_i/U333/A (INVX1)                             0.014946  0.000000   1.625792 r
  frfcfs.scheduler_i/U333/Y (INVX1)                             0.015015  0.019576   1.645368 f
  frfcfs.scheduler_i/n266 (net)                 2     0.003420            0.000000   1.645368 f
  frfcfs.scheduler_i/U707/B (NAND2X1)                           0.015015  0.000000   1.645368 f
  frfcfs.scheduler_i/U707/Y (NAND2X1)                           0.032632  0.012771   1.658139 r
  frfcfs.scheduler_i/n558 (net)                 1     0.001798            0.000000   1.658139 r
  frfcfs.scheduler_i/U1175/A (AND2X2)                           0.032632  0.000000   1.658139 r
  frfcfs.scheduler_i/U1175/Y (AND2X2)                           0.022083  0.043054   1.701192 r
  frfcfs.scheduler_i/n804 (net)                 3     0.008295            0.000000   1.701192 r
  frfcfs.scheduler_i/U375/A (BUFX4)                             0.022083  0.000000   1.701192 r
  frfcfs.scheduler_i/U375/Y (BUFX4)                             0.022126  0.030399   1.731592 r
  frfcfs.scheduler_i/n296 (net)                 6     0.014883            0.000000   1.731592 r
  frfcfs.scheduler_i/U2188/B (AOI22X1)                          0.022126  0.000000   1.731592 r
  frfcfs.scheduler_i/U2188/Y (AOI22X1)                          0.034368  0.029290   1.760882 f
  frfcfs.scheduler_i/n2069 (net)                1     0.001763            0.000000   1.760882 f
  frfcfs.scheduler_i/U2189/A (AND2X2)                           0.034368  0.000000   1.760882 f
  frfcfs.scheduler_i/U2189/Y (AND2X2)                           0.004770  0.039765   1.800647 f
  frfcfs.scheduler_i/n2071 (net)                1     0.002832            0.000000   1.800647 f
  frfcfs.scheduler_i/U2190/C (NAND3X1)                          0.004770  0.000000   1.800647 f
  frfcfs.scheduler_i/U2190/Y (NAND3X1)                          0.033163  0.026476   1.827122 r
  frfcfs.scheduler_i/n2285 (net)                1     0.001551            0.000000   1.827122 r
  frfcfs.scheduler_i/U750/A (INVX1)                             0.033163  0.000000   1.827122 r
  frfcfs.scheduler_i/U750/Y (INVX1)                             0.013742  0.024504   1.851626 f
  frfcfs.scheduler_i/n586 (net)                 2     0.003420            0.000000   1.851626 f
  frfcfs.scheduler_i/U264/B (NAND2X1)                           0.013742  0.000000   1.851626 f
  frfcfs.scheduler_i/U264/Y (NAND2X1)                           0.034199  0.013338   1.864964 r
  frfcfs.scheduler_i/n212 (net)                 1     0.002111            0.000000   1.864964 r
  frfcfs.scheduler_i/U687/A (NAND2X1)                           0.034199  0.000000   1.864964 r
  frfcfs.scheduler_i/U687/Y (NAND2X1)                           0.024768  0.018262   1.883227 f
  frfcfs.scheduler_i/n544 (net)                 1     0.002632            0.000000   1.883227 f
  frfcfs.scheduler_i/U650/B (OAI21X1)                           0.024768  0.000000   1.883227 f
  frfcfs.scheduler_i/U650/Y (OAI21X1)                           0.045642  0.044970   1.928197 r
  frfcfs.scheduler_i/n509 (net)                 1     0.002832            0.000000   1.928197 r
  frfcfs.scheduler_i/U2483/B (OAI21X1)                          0.045642  0.000000   1.928197 r
  frfcfs.scheduler_i/U2483/Y (OAI21X1)                          0.003951  0.022648   1.950845 f
  frfcfs.scheduler_i/n2464 (net)                1     0.001884            0.000000   1.950845 f
  frfcfs.scheduler_i/U2485/A (NAND2X1)                          0.003951  0.000000   1.950845 f
  frfcfs.scheduler_i/U2485/Y (NAND2X1)                          0.038581  0.026935   1.977779 r
  frfcfs.scheduler_i/select_slot[0] (net)       2     0.003078            0.000000   1.977779 r
  frfcfs.scheduler_i/select_slot[0] (mc_scheduler_frfcfs_Q_DEPTH16_ADDR_W16_AGE_LIMIT128_AGING_ENABLE1)
                                                                          0.000000   1.977779 r
  select_slot[0] (net)                                0.003078            0.000000   1.977779 r
  U207/A (BUFX2)                                                0.038581  0.000000   1.977779 r
  U207/Y (BUFX2)                                                0.019059  0.041298   2.019078 r
  n592 (net)                                    4     0.006204            0.000000   2.019078 r
  U450/A (INVX1)                                                0.019059  0.000000   2.019078 r
  U450/Y (INVX1)                                                0.018879  0.023535   2.042613 f
  n204 (net)                                    2     0.004808            0.000000   2.042613 f
  U1350/A (NAND3X1)                                             0.018879  0.000000   2.042613 f
  U1350/Y (NAND3X1)                                             0.033537  0.036862   2.079475 r
  n1762 (net)                                   1     0.001539            0.000000   2.079475 r
  U230/A (BUFX2)                                                0.033537  0.000000   2.079475 r
  U230/Y (BUFX2)                                                0.027650  0.046986   2.126461 r
  n109 (net)                                    2     0.010161            0.000000   2.126461 r
  U178/A (INVX4)                                                0.027650  0.000000   2.126461 r
  U178/Y (INVX4)                                                0.023710  0.032841   2.159302 f
  n222 (net)                                   11     0.029376            0.000000   2.159302 f
  U1380/A (AOI22X1)                                             0.023710  0.000000   2.159302 f
  U1380/Y (AOI22X1)                                             0.044311  0.049592   2.208894 r
  n926 (net)                                    1     0.001869            0.000000   2.208894 r
  U217/B (AND2X2)                                               0.044311  0.000000   2.208894 r
  U217/Y (AND2X2)                                               0.013445  0.035665   2.244560 r
  n100 (net)                                    2     0.003579            0.000000   2.244560 r
  U1254/B (NAND2X1)                                             0.013445  0.000000   2.244560 r
  U1254/Y (NAND2X1)                                             0.021423  0.015370   2.259930 f
  n496 (net)                                    1     0.001820            0.000000   2.259930 f
  U225/B (AND2X2)                                               0.021423  0.000000   2.259930 f
  U225/Y (AND2X2)                                               0.004321  0.043195   2.303124 f
  n1942 (net)                                   1     0.005092            0.000000   2.303124 f
  U43/A (INVX4)                                                 0.004321  0.000000   2.303124 f
  U43/Y (INVX4)                                                 0.000412  0.016072   2.319196 r
  cmd_row[2] (net)                              1     0.010000            0.000000   2.319196 r
  cmd_row[2] (out)                                              0.000412  0.000000   2.319196 r
  data arrival time                                                                  2.319196

  clock core_clk (rise edge)                                              2.000000   2.000000
  clock network delay (ideal)                                             0.000000   2.000000
  clock uncertainty                                                       -0.100000  1.900000
  output external delay                                                   -1.000000  0.900000
  data required time                                                                 0.900000
  ----------------------------------------------------------------------------------------------
  data required time                                                                 0.900000
  data arrival time                                                                  -2.319196
  ----------------------------------------------------------------------------------------------
  slack (VIOLATED)                                                                   -1.419196


  Startpoint: table_i/addresses_reg[173]
              (rising edge-triggered flip-flop clocked by core_clk)
  Endpoint: cmd_wdata[10]
            (output port clocked by core_clk)
  Path Group: core_clk
  Path Type: max

  Point                                       Fanout       Cap     Trans      Incr       Path
  ----------------------------------------------------------------------------------------------
  clock core_clk (rise edge)                                              0.000000   0.000000
  clock network delay (ideal)                                             0.000000   0.000000
  table_i/addresses_reg[173]/CLK (DFFPOSX1)                     0.000000  0.000000 # 0.000000 r
  table_i/addresses_reg[173]/Q (DFFPOSX1)                       0.024425  0.106372   0.106372 f
  table_i/addresses[173] (net)                  4     0.005961            0.000000   0.106372 f
  table_i/addresses[173] (mc_transaction_table_Q_DEPTH16_ADDR_W16_DATA_W32_TAG_W8_READ_LATENCY3_AGE_LIMIT128)
                                                                          0.000000   0.106372 f
  addresses[173] (net)                                0.005961            0.000000   0.106372 f
  candidates_i/addresses[173] (mc_candidates_Q_DEPTH16_ROW_W8_COL_W6)     0.000000   0.106372 f
  candidates_i/addresses[173] (net)                   0.005961            0.000000   0.106372 f
  candidates_i/U738/A (INVX1)                                   0.024425  0.000000   0.106372 f
  candidates_i/U738/Y (INVX1)                                   0.007557  0.024595   0.130967 r
  candidates_i/n1109 (net)                      2     0.007959            0.000000   0.130967 r
  candidates_i/U736/A (BUFX4)                                   0.007557  0.000000   0.130967 r
  candidates_i/U736/Y (BUFX4)                                   0.024247  0.033070   0.164037 r
  candidates_i/n428 (net)                       4     0.017344            0.000000   0.164037 r
  candidates_i/U2216/A (XNOR2X1)                                0.024247  0.000000   0.164037 r
  candidates_i/U2216/Y (XNOR2X1)                                0.019100  0.030133   0.194170 f
  candidates_i/n7127 (net)                      2     0.002952            0.000000   0.194170 f
  candidates_i/U1042/A (INVX1)                                  0.019100  0.000000   0.194170 f
  candidates_i/U1042/Y (INVX1)                                  0.000000  0.006712   0.200882 r
  candidates_i/n651 (net)                       1     0.003021            0.000000   0.200882 r
  candidates_i/U1179/A (NOR3X1)                                 0.000000  0.000000   0.200882 r
  candidates_i/U1179/Y (NOR3X1)                                 0.022571  0.028768   0.229650 f
  candidates_i/n650 (net)                       1     0.001476            0.000000   0.229650 f
  candidates_i/U1180/A (INVX1)                                  0.022571  0.000000   0.229650 f
  candidates_i/U1180/Y (INVX1)                                  0.000000  0.005550   0.235200 r
  candidates_i/n6501 (net)                      1     0.002283            0.000000   0.235200 r
  candidates_i/U4377/B (OR2X2)                                  0.000000  0.000000   0.235200 r
  candidates_i/U4377/Y (OR2X2)                                  0.004372  0.041056   0.276256 r
  candidates_i/n6505 (net)                      1     0.001551            0.000000   0.276256 r
  candidates_i/U4378/A (INVX1)                                  0.004372  0.000000   0.276256 r
  candidates_i/U4378/Y (INVX1)                                  0.012135  0.014229   0.290485 f
  candidates_i/n2564 (net)                      1     0.002209            0.000000   0.290485 f
  candidates_i/U8755/A (NAND3X1)                                0.012135  0.000000   0.290485 f
  candidates_i/U8755/Y (NAND3X1)                                0.036962  0.037079   0.327564 r
  candidates_i/n6507 (net)                      1     0.002292            0.000000   0.327564 r
  candidates_i/U4269/A (OR2X2)                                  0.036962  0.000000   0.327564 r
  candidates_i/U4269/Y (OR2X2)                                  0.013339  0.041203   0.368767 r
  candidates_i/n6509 (net)                      2     0.003090            0.000000   0.368767 r
  candidates_i/U281/A (INVX1)                                   0.013339  0.000000   0.368767 r
  candidates_i/U281/Y (INVX1)                                   0.014546  0.018742   0.387510 f
  candidates_i/n188 (net)                       1     0.003226            0.000000   0.387510 f
  candidates_i/U1879/C (NOR3X1)                                 0.014546  0.000000   0.387510 f
  candidates_i/U1879/Y (NOR3X1)                                 0.045740  0.022534   0.410043 r
  candidates_i/n1041 (net)                      1     0.001551            0.000000   0.410043 r
  candidates_i/U1231/A (INVX1)                                  0.045740  0.000000   0.410043 r
  candidates_i/U1231/Y (INVX1)                                  0.009507  0.025614   0.435657 f
  candidates_i/n681 (net)                       1     0.002301            0.000000   0.435657 f
  candidates_i/U1183/A (OR2X2)                                  0.009507  0.000000   0.435657 f
  candidates_i/U1183/Y (OR2X2)                                  0.007660  0.040151   0.475808 f
  candidates_i/n654 (net)                       2     0.004602            0.000000   0.475808 f
  candidates_i/U945/A (OR2X2)                                   0.007660  0.000000   0.475808 f
  candidates_i/U945/Y (OR2X2)                                   0.007226  0.038108   0.513916 f
  candidates_i/n539 (net)                       1     0.003011            0.000000   0.513916 f
  candidates_i/U8881/A (NOR3X1)                                 0.007226  0.000000   0.513916 f
  candidates_i/U8881/Y (NOR3X1)                                 0.053783  0.049536   0.563453 r
  candidates_i/n7972 (net)                      1     0.002741            0.000000   0.563453 r
  candidates_i/U9497/A (AOI21X1)                                0.053783  0.000000   0.563453 r
  candidates_i/U9497/Y (AOI21X1)                                0.020210  0.028779   0.592232 f
  candidates_i/n9498 (net)                      2     0.003707            0.000000   0.592232 f
  candidates_i/U10118/B (NAND2X1)                               0.020210  0.000000   0.592232 f
  candidates_i/U10118/Y (NAND2X1)                               0.031111  0.013682   0.605914 r
  candidates_i/n9524 (net)                      1     0.001551            0.000000   0.605914 r
  candidates_i/U6603/A (INVX1)                                  0.031111  0.000000   0.605914 r
  candidates_i/U6603/Y (INVX1)                                  0.012123  0.022742   0.628656 f
  candidates_i/n9500 (net)                      1     0.002832            0.000000   0.628656 f
  candidates_i/U10115/C (NAND3X1)                               0.012123  0.000000   0.628656 f
  candidates_i/U10115/Y (NAND3X1)                               0.034082  0.028350   0.657005 r
  candidates_i/n9543 (net)                      1     0.001551            0.000000   0.657005 r
  candidates_i/U6531/A (INVX1)                                  0.034082  0.000000   0.657005 r
  candidates_i/U6531/Y (INVX1)                                  0.016697  0.026818   0.683823 f
  candidates_i/n3565 (net)                      3     0.004428            0.000000   0.683823 f
  candidates_i/U6534/A (INVX1)                                  0.016697  0.000000   0.683823 f
  candidates_i/U6534/Y (INVX1)                                  0.000000  0.015576   0.699399 r
  candidates_i/n3568 (net)                      3     0.006019            0.000000   0.699399 r
  candidates_i/U10154/A (NAND2X1)                               0.000000  0.000000   0.699399 r
  candidates_i/U10154/Y (NAND2X1)                               0.030982  0.015525   0.714924 f
  candidates_i/n9652 (net)                      3     0.005211            0.000000   0.714924 f
  candidates_i/U5341/A (AND2X2)                                 0.030982  0.000000   0.714924 f
  candidates_i/U5341/Y (AND2X2)                                 0.018994  0.050776   0.765699 f
  candidates_i/n3103 (net)                      6     0.013895            0.000000   0.765699 f
  candidates_i/U241/A (AND2X2)                                  0.018994  0.000000   0.765699 f
  candidates_i/U241/Y (AND2X2)                                  0.008817  0.035344   0.801043 f
  candidates_i/n167 (net)                       1     0.002297            0.000000   0.801043 f
  candidates_i/U243/B (NOR2X1)                                  0.008817  0.000000   0.801043 f
  candidates_i/U243/Y (NOR2X1)                                  0.025968  0.027021   0.828064 r
  candidates_i/n9653 (net)                      1     0.001869            0.000000   0.828064 r
  candidates_i/U10244/B (AND2X2)                                0.025968  0.000000   0.828064 r
  candidates_i/U10244/Y (AND2X2)                                0.011058  0.033834   0.861898 r
  candidates_i/n9655 (net)                      1     0.002961            0.000000   0.861898 r
  candidates_i/U10245/C (NAND3X1)                               0.011058  0.000000   0.861898 r
  candidates_i/U10245/Y (NAND3X1)                               0.020031  0.013037   0.874935 f
  candidates_i/n9691 (net)                      2     0.003805            0.000000   0.874935 f
  candidates_i/U6039/A (OR2X2)                                  0.020031  0.000000   0.874935 f
  candidates_i/U6039/Y (OR2X2)                                  0.007959  0.040551   0.915486 f
  candidates_i/n9829 (net)                      2     0.003361            0.000000   0.915486 f
  candidates_i/U10377/A (NAND2X1)                               0.007959  0.000000   0.915486 f
  candidates_i/U10377/Y (NAND2X1)                               0.037854  0.027436   0.942922 r
  candidates_i/n9842 (net)                      1     0.002832            0.000000   0.942922 r
  candidates_i/U10378/B (NAND3X1)                               0.037854  0.000000   0.942922 r
  candidates_i/U10378/Y (NAND3X1)                               0.016912  0.020476   0.963398 f
  candidates_i/n9836 (net)                      1     0.002573            0.000000   0.963398 f
  candidates_i/U10381/A (OAI21X1)                               0.016912  0.000000   0.963398 f
  candidates_i/U10381/Y (OAI21X1)                               0.042716  0.044023   1.007421 r
  candidates_i/n9838 (net)                      1     0.002386            0.000000   1.007421 r
  candidates_i/U10382/C (AOI21X1)                               0.042716  0.000000   1.007421 r
  candidates_i/U10382/Y (AOI21X1)                               0.020759  0.024565   1.031986 f
  candidates_i/n11540 (net)                     1     0.003854            0.000000   1.031986 f
  candidates_i/U6540/A (BUFX4)                                  0.020759  0.000000   1.031986 f
  candidates_i/U6540/Y (BUFX4)                                  0.003868  0.048118   1.080103 f
  candidates_i/candidate_slots[1] (net)         3     0.013056            0.000000   1.080103 f
  candidates_i/candidate_slots[1] (mc_candidates_Q_DEPTH16_ROW_W8_COL_W6) 0.000000   1.080103 f
  candidate_slots[1] (net)                            0.013056            0.000000   1.080103 f
  frfcfs.scheduler_i/candidate_slots[1] (mc_scheduler_frfcfs_Q_DEPTH16_ADDR_W16_AGE_LIMIT128_AGING_ENABLE1)
                                                                          0.000000   1.080103 f
  frfcfs.scheduler_i/N609 (net)                       0.013056            0.000000   1.080103 f
  frfcfs.scheduler_i/U193/A (INVX8)                             0.003868  0.000000   1.080103 f
  frfcfs.scheduler_i/U193/Y (INVX8)                             0.000000  0.013874   1.093977 r
  frfcfs.scheduler_i/n1835 (net)                7     0.013853            0.000000   1.093977 r
  frfcfs.scheduler_i/U1101/B (AND2X2)                           0.000000  0.000000   1.093977 r
  frfcfs.scheduler_i/U1101/Y (AND2X2)                           0.009992  0.032796   1.126773 r
  frfcfs.scheduler_i/n859 (net)                 2     0.003102            0.000000   1.126773 r
  frfcfs.scheduler_i/U1103/A (INVX1)                            0.009992  0.000000   1.126773 r
  frfcfs.scheduler_i/U1103/Y (INVX1)                            0.013007  0.016620   1.143393 f
  frfcfs.scheduler_i/n778 (net)                 1     0.002632            0.000000   1.143393 f
  frfcfs.scheduler_i/U1358/B (OAI21X1)                          0.013007  0.000000   1.143393 f
  frfcfs.scheduler_i/U1358/Y (OAI21X1)                          0.039797  0.040928   1.184321 r
  frfcfs.scheduler_i/n867 (net)                 1     0.002386            0.000000   1.184321 r
  frfcfs.scheduler_i/U1357/C (AOI21X1)                          0.039797  0.000000   1.184321 r
  frfcfs.scheduler_i/U1357/Y (AOI21X1)                          0.017824  0.021165   1.205486 f
  frfcfs.scheduler_i/n865 (net)                 1     0.002623            0.000000   1.205486 f
  frfcfs.scheduler_i/U1356/A (MUX2X1)                           0.017824  0.000000   1.205486 f
  frfcfs.scheduler_i/U1356/Y (MUX2X1)                           0.044620  0.040957   1.246443 r
  frfcfs.scheduler_i/n849 (net)                 1     0.002744            0.000000   1.246443 r
  frfcfs.scheduler_i/U1349/B (MUX2X1)                           0.044620  0.000000   1.246443 r
  frfcfs.scheduler_i/U1349/Y (MUX2X1)                           0.014165  0.027976   1.274419 f
  frfcfs.scheduler_i/N1466 (net)                1     0.002832            0.000000   1.274419 f
  frfcfs.scheduler_i/U1975/C (NAND3X1)                          0.014165  0.000000   1.274419 f
  frfcfs.scheduler_i/U1975/Y (NAND3X1)                          0.040897  0.033634   1.308054 r
  frfcfs.scheduler_i/n1748 (net)                2     0.003102            0.000000   1.308054 r
  frfcfs.scheduler_i/U484/A (INVX1)                             0.040897  0.000000   1.308054 r
  frfcfs.scheduler_i/U484/Y (INVX1)                             0.008778  0.023572   1.331626 f
  frfcfs.scheduler_i/n362 (net)                 1     0.001944            0.000000   1.331626 f
  frfcfs.scheduler_i/U747/B (NAND2X1)                           0.008778  0.000000   1.331626 f
  frfcfs.scheduler_i/U747/Y (NAND2X1)                           0.039231  0.014836   1.346462 r
  frfcfs.scheduler_i/n1787 (net)                2     0.003102            0.000000   1.346462 r
  frfcfs.scheduler_i/U473/A (INVX1)                             0.039231  0.000000   1.346462 r
  frfcfs.scheduler_i/U473/Y (INVX1)                             0.015976  0.027963   1.374425 f
  frfcfs.scheduler_i/n1912 (net)                2     0.004308            0.000000   1.374425 f
  frfcfs.scheduler_i/U2042/C (NAND3X1)                          0.015976  0.000000   1.374425 f
  frfcfs.scheduler_i/U2042/Y (NAND3X1)                          0.035534  0.030310   1.404735 r
  frfcfs.scheduler_i/n1837 (net)                1     0.001869            0.000000   1.404735 r
  frfcfs.scheduler_i/U2044/B (AND2X2)                           0.035534  0.000000   1.404735 r
  frfcfs.scheduler_i/U2044/Y (AND2X2)                           0.009079  0.032623   1.437358 r
  frfcfs.scheduler_i/n1983 (net)                1     0.001869            0.000000   1.437358 r
  frfcfs.scheduler_i/U1090/B (AND2X2)                           0.009079  0.000000   1.437358 r
  frfcfs.scheduler_i/U1090/Y (AND2X2)                           0.010450  0.033216   1.470574 r
  frfcfs.scheduler_i/n2180 (net)                2     0.003090            0.000000   1.470574 r
  frfcfs.scheduler_i/U905/A (INVX1)                             0.010450  0.000000   1.470574 r
  frfcfs.scheduler_i/U905/Y (INVX1)                             0.010918  0.015331   1.485905 f
  frfcfs.scheduler_i/n676 (net)                 1     0.001944            0.000000   1.485905 f
  frfcfs.scheduler_i/U712/B (NAND2X1)                           0.010918  0.000000   1.485905 f
  frfcfs.scheduler_i/U712/Y (NAND2X1)                           0.034390  0.012422   1.498327 r
  frfcfs.scheduler_i/n559 (net)                 1     0.002111            0.000000   1.498327 r
  frfcfs.scheduler_i/U593/A (NAND2X1)                           0.034390  0.000000   1.498327 r
  frfcfs.scheduler_i/U593/Y (NAND2X1)                           0.020539  0.017707   1.516034 f
  frfcfs.scheduler_i/n466 (net)                 1     0.002297            0.000000   1.516034 f
  frfcfs.scheduler_i/U591/B (NOR2X1)                            0.020539  0.000000   1.516034 f
  frfcfs.scheduler_i/U591/Y (NOR2X1)                            0.024565  0.029501   1.545534 r
  frfcfs.scheduler_i/n464 (net)                 1     0.001869            0.000000   1.545534 r
  frfcfs.scheduler_i/U640/B (AND2X2)                            0.024565  0.000000   1.545534 r
  frfcfs.scheduler_i/U640/Y (AND2X2)                            0.026042  0.043825   1.589359 r
  frfcfs.scheduler_i/n497 (net)                 5     0.009517            0.000000   1.589359 r
  frfcfs.scheduler_i/U394/B (AND2X2)                            0.026042  0.000000   1.589359 r
  frfcfs.scheduler_i/U394/Y (AND2X2)                            0.014946  0.036433   1.625792 r
  frfcfs.scheduler_i/n1998 (net)                3     0.004653            0.000000   1.625792 r
  frfcfs.scheduler_i/U333/A (INVX1)                             0.014946  0.000000   1.625792 r
  frfcfs.scheduler_i/U333/Y (INVX1)                             0.015015  0.019576   1.645368 f
  frfcfs.scheduler_i/n266 (net)                 2     0.003420            0.000000   1.645368 f
  frfcfs.scheduler_i/U707/B (NAND2X1)                           0.015015  0.000000   1.645368 f
  frfcfs.scheduler_i/U707/Y (NAND2X1)                           0.032632  0.012771   1.658139 r
  frfcfs.scheduler_i/n558 (net)                 1     0.001798            0.000000   1.658139 r
  frfcfs.scheduler_i/U1175/A (AND2X2)                           0.032632  0.000000   1.658139 r
  frfcfs.scheduler_i/U1175/Y (AND2X2)                           0.022083  0.043054   1.701192 r
  frfcfs.scheduler_i/n804 (net)                 3     0.008295            0.000000   1.701192 r
  frfcfs.scheduler_i/U375/A (BUFX4)                             0.022083  0.000000   1.701192 r
  frfcfs.scheduler_i/U375/Y (BUFX4)                             0.022126  0.030399   1.731592 r
  frfcfs.scheduler_i/n296 (net)                 6     0.014883            0.000000   1.731592 r
  frfcfs.scheduler_i/U1081/A (AND2X2)                           0.022126  0.000000   1.731592 r
  frfcfs.scheduler_i/U1081/Y (AND2X2)                           0.020010  0.039304   1.770895 r
  frfcfs.scheduler_i/n2341 (net)                3     0.006135            0.000000   1.770895 r
  frfcfs.scheduler_i/U529/A (OR2X2)                             0.020010  0.000000   1.770895 r
  frfcfs.scheduler_i/U529/Y (OR2X2)                             0.010821  0.039249   1.810144 r
  frfcfs.scheduler_i/n2310 (net)                1     0.003063            0.000000   1.810144 r
  frfcfs.scheduler_i/U2412/B (NOR3X1)                           0.010821  0.000000   1.810144 r
  frfcfs.scheduler_i/U2412/Y (NOR3X1)                           0.026519  0.025836   1.835980 f
  frfcfs.scheduler_i/n2313 (net)                1     0.002832            0.000000   1.835980 f
  frfcfs.scheduler_i/U2413/C (NAND3X1)                          0.026519  0.000000   1.835980 f
  frfcfs.scheduler_i/U2413/Y (NAND3X1)                          0.039435  0.035961   1.871941 r
  frfcfs.scheduler_i/n2321 (net)                1     0.002832            0.000000   1.871941 r
  frfcfs.scheduler_i/U2415/B (NAND3X1)                          0.039435  0.000000   1.871941 r
  frfcfs.scheduler_i/U2415/Y (NAND3X1)                          0.020911  0.023743   1.895685 f
  frfcfs.scheduler_i/n2323 (net)                2     0.004336            0.000000   1.895685 f
  frfcfs.scheduler_i/U457/C (NAND3X1)                           0.020911  0.000000   1.895685 f
  frfcfs.scheduler_i/U457/Y (NAND3X1)                           0.033779  0.030589   1.926274 r
  frfcfs.scheduler_i/n2459 (net)                1     0.001551            0.000000   1.926274 r
  frfcfs.scheduler_i/U683/A (INVX1)                             0.033779  0.000000   1.926274 r
  frfcfs.scheduler_i/U683/Y (INVX1)                             0.011936  0.023464   1.949738 f
  frfcfs.scheduler_i/n2460 (net)                1     0.002832            0.000000   1.949738 f
  frfcfs.scheduler_i/U2484/C (NAND3X1)                          0.011936  0.000000   1.949738 f
  frfcfs.scheduler_i/U2484/Y (NAND3X1)                          0.035933  0.029765   1.979503 r
  frfcfs.scheduler_i/n2463 (net)                1     0.002027            0.000000   1.979503 r
  frfcfs.scheduler_i/U2485/B (NAND2X1)                          0.035933  0.000000   1.979503 r
  frfcfs.scheduler_i/U2485/Y (NAND2X1)                          0.022000  0.022367   2.001870 f
  frfcfs.scheduler_i/select_slot[0] (net)       2     0.003008            0.000000   2.001870 f
  frfcfs.scheduler_i/select_slot[0] (mc_scheduler_frfcfs_Q_DEPTH16_ADDR_W16_AGE_LIMIT128_AGING_ENABLE1)
                                                                          0.000000   2.001870 f
  select_slot[0] (net)                                0.003008            0.000000   2.001870 f
  U289/A (BUFX2)                                                0.022000  0.000000   2.001870 f
  U289/Y (BUFX2)                                                0.019908  0.047275   2.049145 f
  n124 (net)                                    6     0.013710            0.000000   2.049145 f
  U1353/B (NAND3X1)                                             0.019908  0.000000   2.049145 f
  U1353/Y (NAND3X1)                                             0.033676  0.033229   2.082374 r
  n1758 (net)                                   1     0.001551            0.000000   2.082374 r
  U234/A (INVX1)                                                0.033676  0.000000   2.082374 r
  U234/Y (INVX1)                                                0.016809  0.026766   2.109139 f
  n594 (net)                                    3     0.004456            0.000000   2.109139 f
  U419/A (INVX1)                                                0.016809  0.000000   2.109139 f
  U419/Y (INVX1)                                                0.000000  0.013319   2.122458 r
  n595 (net)                                    2     0.005310            0.000000   2.122458 r
  U102/A (INVX2)                                                0.000000  0.000000   2.122458 r
  U102/Y (INVX2)                                                0.008484  0.028851   2.151309 f
  n50 (net)                                     2     0.011988            0.000000   2.151309 f
  U378/A (INVX8)                                                0.008484  0.000000   2.151309 f
  U378/Y (INVX8)                                                0.010620  0.021698   2.173008 r
  n597 (net)                                   14     0.032954            0.000000   2.173008 r
  U646/B (OR2X2)                                                0.010620  0.000000   2.173008 r
  U646/Y (OR2X2)                                                0.006926  0.042370   2.215378 r
  n1325 (net)                                   1     0.001551            0.000000   2.215378 r
  U647/A (INVX1)                                                0.006926  0.000000   2.215378 r
  U647/Y (INVX1)                                                0.014995  0.017008   2.232385 f
  n334 (net)                                    1     0.003226            0.000000   2.232385 f
  U1648/C (NOR3X1)                                              0.014995  0.000000   2.232385 f
  U1648/Y (NOR3X1)                                              0.054598  0.027130   2.259516 r
  n1332 (net)                                   1     0.002907            0.000000   2.259516 r
  U1651/D (AOI22X1)                                             0.054598  0.000000   2.259516 r
  U1651/Y (AOI22X1)                                             0.036357  0.027716   2.287232 f
  n1335 (net)                                   1     0.002673            0.000000   2.287232 f
  U208/A (INVX2)                                                0.036357  0.000000   2.287232 f
  U208/Y (INVX2)                                                0.024634  0.031913   2.319145 r
  cmd_wdata[10] (net)                           1     0.010000            0.000000   2.319145 r
  cmd_wdata[10] (out)                                           0.024634  0.000000   2.319145 r
  data arrival time                                                                  2.319145

  clock core_clk (rise edge)                                              2.000000   2.000000
  clock network delay (ideal)                                             0.000000   2.000000
  clock uncertainty                                                       -0.100000  1.900000
  output external delay                                                   -1.000000  0.900000
  data required time                                                                 0.900000
  ----------------------------------------------------------------------------------------------
  data required time                                                                 0.900000
  data arrival time                                                                  -2.319145
  ----------------------------------------------------------------------------------------------
  slack (VIOLATED)                                                                   -1.419145


  Startpoint: table_i/addresses_reg[173]
              (rising edge-triggered flip-flop clocked by core_clk)
  Endpoint: cmd_wdata[9]
            (output port clocked by core_clk)
  Path Group: core_clk
  Path Type: max

  Point                                       Fanout       Cap     Trans      Incr       Path
  ----------------------------------------------------------------------------------------------
  clock core_clk (rise edge)                                              0.000000   0.000000
  clock network delay (ideal)                                             0.000000   0.000000
  table_i/addresses_reg[173]/CLK (DFFPOSX1)                     0.000000  0.000000 # 0.000000 r
  table_i/addresses_reg[173]/Q (DFFPOSX1)                       0.024425  0.106372   0.106372 f
  table_i/addresses[173] (net)                  4     0.005961            0.000000   0.106372 f
  table_i/addresses[173] (mc_transaction_table_Q_DEPTH16_ADDR_W16_DATA_W32_TAG_W8_READ_LATENCY3_AGE_LIMIT128)
                                                                          0.000000   0.106372 f
  addresses[173] (net)                                0.005961            0.000000   0.106372 f
  candidates_i/addresses[173] (mc_candidates_Q_DEPTH16_ROW_W8_COL_W6)     0.000000   0.106372 f
  candidates_i/addresses[173] (net)                   0.005961            0.000000   0.106372 f
  candidates_i/U738/A (INVX1)                                   0.024425  0.000000   0.106372 f
  candidates_i/U738/Y (INVX1)                                   0.007557  0.024595   0.130967 r
  candidates_i/n1109 (net)                      2     0.007959            0.000000   0.130967 r
  candidates_i/U736/A (BUFX4)                                   0.007557  0.000000   0.130967 r
  candidates_i/U736/Y (BUFX4)                                   0.024247  0.033070   0.164037 r
  candidates_i/n428 (net)                       4     0.017344            0.000000   0.164037 r
  candidates_i/U2216/A (XNOR2X1)                                0.024247  0.000000   0.164037 r
  candidates_i/U2216/Y (XNOR2X1)                                0.019100  0.030133   0.194170 f
  candidates_i/n7127 (net)                      2     0.002952            0.000000   0.194170 f
  candidates_i/U1042/A (INVX1)                                  0.019100  0.000000   0.194170 f
  candidates_i/U1042/Y (INVX1)                                  0.000000  0.006712   0.200882 r
  candidates_i/n651 (net)                       1     0.003021            0.000000   0.200882 r
  candidates_i/U1179/A (NOR3X1)                                 0.000000  0.000000   0.200882 r
  candidates_i/U1179/Y (NOR3X1)                                 0.022571  0.028768   0.229650 f
  candidates_i/n650 (net)                       1     0.001476            0.000000   0.229650 f
  candidates_i/U1180/A (INVX1)                                  0.022571  0.000000   0.229650 f
  candidates_i/U1180/Y (INVX1)                                  0.000000  0.005550   0.235200 r
  candidates_i/n6501 (net)                      1     0.002283            0.000000   0.235200 r
  candidates_i/U4377/B (OR2X2)                                  0.000000  0.000000   0.235200 r
  candidates_i/U4377/Y (OR2X2)                                  0.004372  0.041056   0.276256 r
  candidates_i/n6505 (net)                      1     0.001551            0.000000   0.276256 r
  candidates_i/U4378/A (INVX1)                                  0.004372  0.000000   0.276256 r
  candidates_i/U4378/Y (INVX1)                                  0.012135  0.014229   0.290485 f
  candidates_i/n2564 (net)                      1     0.002209            0.000000   0.290485 f
  candidates_i/U8755/A (NAND3X1)                                0.012135  0.000000   0.290485 f
  candidates_i/U8755/Y (NAND3X1)                                0.036962  0.037079   0.327564 r
  candidates_i/n6507 (net)                      1     0.002292            0.000000   0.327564 r
  candidates_i/U4269/A (OR2X2)                                  0.036962  0.000000   0.327564 r
  candidates_i/U4269/Y (OR2X2)                                  0.013339  0.041203   0.368767 r
  candidates_i/n6509 (net)                      2     0.003090            0.000000   0.368767 r
  candidates_i/U281/A (INVX1)                                   0.013339  0.000000   0.368767 r
  candidates_i/U281/Y (INVX1)                                   0.014546  0.018742   0.387510 f
  candidates_i/n188 (net)                       1     0.003226            0.000000   0.387510 f
  candidates_i/U1879/C (NOR3X1)                                 0.014546  0.000000   0.387510 f
  candidates_i/U1879/Y (NOR3X1)                                 0.045740  0.022534   0.410043 r
  candidates_i/n1041 (net)                      1     0.001551            0.000000   0.410043 r
  candidates_i/U1231/A (INVX1)                                  0.045740  0.000000   0.410043 r
  candidates_i/U1231/Y (INVX1)                                  0.009507  0.025614   0.435657 f
  candidates_i/n681 (net)                       1     0.002301            0.000000   0.435657 f
  candidates_i/U1183/A (OR2X2)                                  0.009507  0.000000   0.435657 f
  candidates_i/U1183/Y (OR2X2)                                  0.007660  0.040151   0.475808 f
  candidates_i/n654 (net)                       2     0.004602            0.000000   0.475808 f
  candidates_i/U945/A (OR2X2)                                   0.007660  0.000000   0.475808 f
  candidates_i/U945/Y (OR2X2)                                   0.007226  0.038108   0.513916 f
  candidates_i/n539 (net)                       1     0.003011            0.000000   0.513916 f
  candidates_i/U8881/A (NOR3X1)                                 0.007226  0.000000   0.513916 f
  candidates_i/U8881/Y (NOR3X1)                                 0.053783  0.049536   0.563453 r
  candidates_i/n7972 (net)                      1     0.002741            0.000000   0.563453 r
  candidates_i/U9497/A (AOI21X1)                                0.053783  0.000000   0.563453 r
  candidates_i/U9497/Y (AOI21X1)                                0.020210  0.028779   0.592232 f
  candidates_i/n9498 (net)                      2     0.003707            0.000000   0.592232 f
  candidates_i/U10118/B (NAND2X1)                               0.020210  0.000000   0.592232 f
  candidates_i/U10118/Y (NAND2X1)                               0.031111  0.013682   0.605914 r
  candidates_i/n9524 (net)                      1     0.001551            0.000000   0.605914 r
  candidates_i/U6603/A (INVX1)                                  0.031111  0.000000   0.605914 r
  candidates_i/U6603/Y (INVX1)                                  0.012123  0.022742   0.628656 f
  candidates_i/n9500 (net)                      1     0.002832            0.000000   0.628656 f
  candidates_i/U10115/C (NAND3X1)                               0.012123  0.000000   0.628656 f
  candidates_i/U10115/Y (NAND3X1)                               0.034082  0.028350   0.657005 r
  candidates_i/n9543 (net)                      1     0.001551            0.000000   0.657005 r
  candidates_i/U6531/A (INVX1)                                  0.034082  0.000000   0.657005 r
  candidates_i/U6531/Y (INVX1)                                  0.016697  0.026818   0.683823 f
  candidates_i/n3565 (net)                      3     0.004428            0.000000   0.683823 f
  candidates_i/U6534/A (INVX1)                                  0.016697  0.000000   0.683823 f
  candidates_i/U6534/Y (INVX1)                                  0.000000  0.015576   0.699399 r
  candidates_i/n3568 (net)                      3     0.006019            0.000000   0.699399 r
  candidates_i/U10154/A (NAND2X1)                               0.000000  0.000000   0.699399 r
  candidates_i/U10154/Y (NAND2X1)                               0.030982  0.015525   0.714924 f
  candidates_i/n9652 (net)                      3     0.005211            0.000000   0.714924 f
  candidates_i/U5341/A (AND2X2)                                 0.030982  0.000000   0.714924 f
  candidates_i/U5341/Y (AND2X2)                                 0.018994  0.050776   0.765699 f
  candidates_i/n3103 (net)                      6     0.013895            0.000000   0.765699 f
  candidates_i/U241/A (AND2X2)                                  0.018994  0.000000   0.765699 f
  candidates_i/U241/Y (AND2X2)                                  0.008817  0.035344   0.801043 f
  candidates_i/n167 (net)                       1     0.002297            0.000000   0.801043 f
  candidates_i/U243/B (NOR2X1)                                  0.008817  0.000000   0.801043 f
  candidates_i/U243/Y (NOR2X1)                                  0.025968  0.027021   0.828064 r
  candidates_i/n9653 (net)                      1     0.001869            0.000000   0.828064 r
  candidates_i/U10244/B (AND2X2)                                0.025968  0.000000   0.828064 r
  candidates_i/U10244/Y (AND2X2)                                0.011058  0.033834   0.861898 r
  candidates_i/n9655 (net)                      1     0.002961            0.000000   0.861898 r
  candidates_i/U10245/C (NAND3X1)                               0.011058  0.000000   0.861898 r
  candidates_i/U10245/Y (NAND3X1)                               0.020031  0.013037   0.874935 f
  candidates_i/n9691 (net)                      2     0.003805            0.000000   0.874935 f
  candidates_i/U6039/A (OR2X2)                                  0.020031  0.000000   0.874935 f
  candidates_i/U6039/Y (OR2X2)                                  0.007959  0.040551   0.915486 f
  candidates_i/n9829 (net)                      2     0.003361            0.000000   0.915486 f
  candidates_i/U10377/A (NAND2X1)                               0.007959  0.000000   0.915486 f
  candidates_i/U10377/Y (NAND2X1)                               0.037854  0.027436   0.942922 r
  candidates_i/n9842 (net)                      1     0.002832            0.000000   0.942922 r
  candidates_i/U10378/B (NAND3X1)                               0.037854  0.000000   0.942922 r
  candidates_i/U10378/Y (NAND3X1)                               0.016912  0.020476   0.963398 f
  candidates_i/n9836 (net)                      1     0.002573            0.000000   0.963398 f
  candidates_i/U10381/A (OAI21X1)                               0.016912  0.000000   0.963398 f
  candidates_i/U10381/Y (OAI21X1)                               0.042716  0.044023   1.007421 r
  candidates_i/n9838 (net)                      1     0.002386            0.000000   1.007421 r
  candidates_i/U10382/C (AOI21X1)                               0.042716  0.000000   1.007421 r
  candidates_i/U10382/Y (AOI21X1)                               0.020759  0.024565   1.031986 f
  candidates_i/n11540 (net)                     1     0.003854            0.000000   1.031986 f
  candidates_i/U6540/A (BUFX4)                                  0.020759  0.000000   1.031986 f
  candidates_i/U6540/Y (BUFX4)                                  0.003868  0.048118   1.080103 f
  candidates_i/candidate_slots[1] (net)         3     0.013056            0.000000   1.080103 f
  candidates_i/candidate_slots[1] (mc_candidates_Q_DEPTH16_ROW_W8_COL_W6) 0.000000   1.080103 f
  candidate_slots[1] (net)                            0.013056            0.000000   1.080103 f
  frfcfs.scheduler_i/candidate_slots[1] (mc_scheduler_frfcfs_Q_DEPTH16_ADDR_W16_AGE_LIMIT128_AGING_ENABLE1)
                                                                          0.000000   1.080103 f
  frfcfs.scheduler_i/N609 (net)                       0.013056            0.000000   1.080103 f
  frfcfs.scheduler_i/U193/A (INVX8)                             0.003868  0.000000   1.080103 f
  frfcfs.scheduler_i/U193/Y (INVX8)                             0.000000  0.013874   1.093977 r
  frfcfs.scheduler_i/n1835 (net)                7     0.013853            0.000000   1.093977 r
  frfcfs.scheduler_i/U1101/B (AND2X2)                           0.000000  0.000000   1.093977 r
  frfcfs.scheduler_i/U1101/Y (AND2X2)                           0.009992  0.032796   1.126773 r
  frfcfs.scheduler_i/n859 (net)                 2     0.003102            0.000000   1.126773 r
  frfcfs.scheduler_i/U1103/A (INVX1)                            0.009992  0.000000   1.126773 r
  frfcfs.scheduler_i/U1103/Y (INVX1)                            0.013007  0.016620   1.143393 f
  frfcfs.scheduler_i/n778 (net)                 1     0.002632            0.000000   1.143393 f
  frfcfs.scheduler_i/U1358/B (OAI21X1)                          0.013007  0.000000   1.143393 f
  frfcfs.scheduler_i/U1358/Y (OAI21X1)                          0.039797  0.040928   1.184321 r
  frfcfs.scheduler_i/n867 (net)                 1     0.002386            0.000000   1.184321 r
  frfcfs.scheduler_i/U1357/C (AOI21X1)                          0.039797  0.000000   1.184321 r
  frfcfs.scheduler_i/U1357/Y (AOI21X1)                          0.017824  0.021165   1.205486 f
  frfcfs.scheduler_i/n865 (net)                 1     0.002623            0.000000   1.205486 f
  frfcfs.scheduler_i/U1356/A (MUX2X1)                           0.017824  0.000000   1.205486 f
  frfcfs.scheduler_i/U1356/Y (MUX2X1)                           0.044620  0.040957   1.246443 r
  frfcfs.scheduler_i/n849 (net)                 1     0.002744            0.000000   1.246443 r
  frfcfs.scheduler_i/U1349/B (MUX2X1)                           0.044620  0.000000   1.246443 r
  frfcfs.scheduler_i/U1349/Y (MUX2X1)                           0.014165  0.027976   1.274419 f
  frfcfs.scheduler_i/N1466 (net)                1     0.002832            0.000000   1.274419 f
  frfcfs.scheduler_i/U1975/C (NAND3X1)                          0.014165  0.000000   1.274419 f
  frfcfs.scheduler_i/U1975/Y (NAND3X1)                          0.040897  0.033634   1.308054 r
  frfcfs.scheduler_i/n1748 (net)                2     0.003102            0.000000   1.308054 r
  frfcfs.scheduler_i/U484/A (INVX1)                             0.040897  0.000000   1.308054 r
  frfcfs.scheduler_i/U484/Y (INVX1)                             0.008778  0.023572   1.331626 f
  frfcfs.scheduler_i/n362 (net)                 1     0.001944            0.000000   1.331626 f
  frfcfs.scheduler_i/U747/B (NAND2X1)                           0.008778  0.000000   1.331626 f
  frfcfs.scheduler_i/U747/Y (NAND2X1)                           0.039231  0.014836   1.346462 r
  frfcfs.scheduler_i/n1787 (net)                2     0.003102            0.000000   1.346462 r
  frfcfs.scheduler_i/U473/A (INVX1)                             0.039231  0.000000   1.346462 r
  frfcfs.scheduler_i/U473/Y (INVX1)                             0.015976  0.027963   1.374425 f
  frfcfs.scheduler_i/n1912 (net)                2     0.004308            0.000000   1.374425 f
  frfcfs.scheduler_i/U2042/C (NAND3X1)                          0.015976  0.000000   1.374425 f
  frfcfs.scheduler_i/U2042/Y (NAND3X1)                          0.035534  0.030310   1.404735 r
  frfcfs.scheduler_i/n1837 (net)                1     0.001869            0.000000   1.404735 r
  frfcfs.scheduler_i/U2044/B (AND2X2)                           0.035534  0.000000   1.404735 r
  frfcfs.scheduler_i/U2044/Y (AND2X2)                           0.009079  0.032623   1.437358 r
  frfcfs.scheduler_i/n1983 (net)                1     0.001869            0.000000   1.437358 r
  frfcfs.scheduler_i/U1090/B (AND2X2)                           0.009079  0.000000   1.437358 r
  frfcfs.scheduler_i/U1090/Y (AND2X2)                           0.010450  0.033216   1.470574 r
  frfcfs.scheduler_i/n2180 (net)                2     0.003090            0.000000   1.470574 r
  frfcfs.scheduler_i/U905/A (INVX1)                             0.010450  0.000000   1.470574 r
  frfcfs.scheduler_i/U905/Y (INVX1)                             0.010918  0.015331   1.485905 f
  frfcfs.scheduler_i/n676 (net)                 1     0.001944            0.000000   1.485905 f
  frfcfs.scheduler_i/U712/B (NAND2X1)                           0.010918  0.000000   1.485905 f
  frfcfs.scheduler_i/U712/Y (NAND2X1)                           0.034390  0.012422   1.498327 r
  frfcfs.scheduler_i/n559 (net)                 1     0.002111            0.000000   1.498327 r
  frfcfs.scheduler_i/U593/A (NAND2X1)                           0.034390  0.000000   1.498327 r
  frfcfs.scheduler_i/U593/Y (NAND2X1)                           0.020539  0.017707   1.516034 f
  frfcfs.scheduler_i/n466 (net)                 1     0.002297            0.000000   1.516034 f
  frfcfs.scheduler_i/U591/B (NOR2X1)                            0.020539  0.000000   1.516034 f
  frfcfs.scheduler_i/U591/Y (NOR2X1)                            0.024565  0.029501   1.545534 r
  frfcfs.scheduler_i/n464 (net)                 1     0.001869            0.000000   1.545534 r
  frfcfs.scheduler_i/U640/B (AND2X2)                            0.024565  0.000000   1.545534 r
  frfcfs.scheduler_i/U640/Y (AND2X2)                            0.026042  0.043825   1.589359 r
  frfcfs.scheduler_i/n497 (net)                 5     0.009517            0.000000   1.589359 r
  frfcfs.scheduler_i/U394/B (AND2X2)                            0.026042  0.000000   1.589359 r
  frfcfs.scheduler_i/U394/Y (AND2X2)                            0.014946  0.036433   1.625792 r
  frfcfs.scheduler_i/n1998 (net)                3     0.004653            0.000000   1.625792 r
  frfcfs.scheduler_i/U333/A (INVX1)                             0.014946  0.000000   1.625792 r
  frfcfs.scheduler_i/U333/Y (INVX1)                             0.015015  0.019576   1.645368 f
  frfcfs.scheduler_i/n266 (net)                 2     0.003420            0.000000   1.645368 f
  frfcfs.scheduler_i/U707/B (NAND2X1)                           0.015015  0.000000   1.645368 f
  frfcfs.scheduler_i/U707/Y (NAND2X1)                           0.032632  0.012771   1.658139 r
  frfcfs.scheduler_i/n558 (net)                 1     0.001798            0.000000   1.658139 r
  frfcfs.scheduler_i/U1175/A (AND2X2)                           0.032632  0.000000   1.658139 r
  frfcfs.scheduler_i/U1175/Y (AND2X2)                           0.022083  0.043054   1.701192 r
  frfcfs.scheduler_i/n804 (net)                 3     0.008295            0.000000   1.701192 r
  frfcfs.scheduler_i/U375/A (BUFX4)                             0.022083  0.000000   1.701192 r
  frfcfs.scheduler_i/U375/Y (BUFX4)                             0.022126  0.030399   1.731592 r
  frfcfs.scheduler_i/n296 (net)                 6     0.014883            0.000000   1.731592 r
  frfcfs.scheduler_i/U1081/A (AND2X2)                           0.022126  0.000000   1.731592 r
  frfcfs.scheduler_i/U1081/Y (AND2X2)                           0.020010  0.039304   1.770895 r
  frfcfs.scheduler_i/n2341 (net)                3     0.006135            0.000000   1.770895 r
  frfcfs.scheduler_i/U529/A (OR2X2)                             0.020010  0.000000   1.770895 r
  frfcfs.scheduler_i/U529/Y (OR2X2)                             0.010821  0.039249   1.810144 r
  frfcfs.scheduler_i/n2310 (net)                1     0.003063            0.000000   1.810144 r
  frfcfs.scheduler_i/U2412/B (NOR3X1)                           0.010821  0.000000   1.810144 r
  frfcfs.scheduler_i/U2412/Y (NOR3X1)                           0.026519  0.025836   1.835980 f
  frfcfs.scheduler_i/n2313 (net)                1     0.002832            0.000000   1.835980 f
  frfcfs.scheduler_i/U2413/C (NAND3X1)                          0.026519  0.000000   1.835980 f
  frfcfs.scheduler_i/U2413/Y (NAND3X1)                          0.039435  0.035961   1.871941 r
  frfcfs.scheduler_i/n2321 (net)                1     0.002832            0.000000   1.871941 r
  frfcfs.scheduler_i/U2415/B (NAND3X1)                          0.039435  0.000000   1.871941 r
  frfcfs.scheduler_i/U2415/Y (NAND3X1)                          0.020911  0.023743   1.895685 f
  frfcfs.scheduler_i/n2323 (net)                2     0.004336            0.000000   1.895685 f
  frfcfs.scheduler_i/U457/C (NAND3X1)                           0.020911  0.000000   1.895685 f
  frfcfs.scheduler_i/U457/Y (NAND3X1)                           0.033779  0.030589   1.926274 r
  frfcfs.scheduler_i/n2459 (net)                1     0.001551            0.000000   1.926274 r
  frfcfs.scheduler_i/U683/A (INVX1)                             0.033779  0.000000   1.926274 r
  frfcfs.scheduler_i/U683/Y (INVX1)                             0.011936  0.023464   1.949738 f
  frfcfs.scheduler_i/n2460 (net)                1     0.002832            0.000000   1.949738 f
  frfcfs.scheduler_i/U2484/C (NAND3X1)                          0.011936  0.000000   1.949738 f
  frfcfs.scheduler_i/U2484/Y (NAND3X1)                          0.035933  0.029765   1.979503 r
  frfcfs.scheduler_i/n2463 (net)                1     0.002027            0.000000   1.979503 r
  frfcfs.scheduler_i/U2485/B (NAND2X1)                          0.035933  0.000000   1.979503 r
  frfcfs.scheduler_i/U2485/Y (NAND2X1)                          0.022000  0.022367   2.001870 f
  frfcfs.scheduler_i/select_slot[0] (net)       2     0.003008            0.000000   2.001870 f
  frfcfs.scheduler_i/select_slot[0] (mc_scheduler_frfcfs_Q_DEPTH16_ADDR_W16_AGE_LIMIT128_AGING_ENABLE1)
                                                                          0.000000   2.001870 f
  select_slot[0] (net)                                0.003008            0.000000   2.001870 f
  U289/A (BUFX2)                                                0.022000  0.000000   2.001870 f
  U289/Y (BUFX2)                                                0.019908  0.047275   2.049145 f
  n124 (net)                                    6     0.013710            0.000000   2.049145 f
  U1353/B (NAND3X1)                                             0.019908  0.000000   2.049145 f
  U1353/Y (NAND3X1)                                             0.033676  0.033229   2.082374 r
  n1758 (net)                                   1     0.001551            0.000000   2.082374 r
  U234/A (INVX1)                                                0.033676  0.000000   2.082374 r
  U234/Y (INVX1)                                                0.016809  0.026766   2.109139 f
  n594 (net)                                    3     0.004456            0.000000   2.109139 f
  U419/A (INVX1)                                                0.016809  0.000000   2.109139 f
  U419/Y (INVX1)                                                0.000000  0.013319   2.122458 r
  n595 (net)                                    2     0.005310            0.000000   2.122458 r
  U102/A (INVX2)                                                0.000000  0.000000   2.122458 r
  U102/Y (INVX2)                                                0.008484  0.028851   2.151309 f
  n50 (net)                                     2     0.011988            0.000000   2.151309 f
  U378/A (INVX8)                                                0.008484  0.000000   2.151309 f
  U378/Y (INVX8)                                                0.010620  0.021698   2.173008 r
  n597 (net)                                   14     0.032954            0.000000   2.173008 r
  U660/B (OR2X2)                                                0.010620  0.000000   2.173008 r
  U660/Y (OR2X2)                                                0.006926  0.042370   2.215378 r
  n1304 (net)                                   1     0.001551            0.000000   2.215378 r
  U661/A (INVX1)                                                0.006926  0.000000   2.215378 r
  U661/Y (INVX1)                                                0.014995  0.017008   2.232385 f
  n341 (net)                                    1     0.003226            0.000000   2.232385 f
  U1637/C (NOR3X1)                                              0.014995  0.000000   2.232385 f
  U1637/Y (NOR3X1)                                              0.054598  0.027130   2.259516 r
  n1311 (net)                                   1     0.002907            0.000000   2.259516 r
  U1640/D (AOI22X1)                                             0.054598  0.000000   2.259516 r
  U1640/Y (AOI22X1)                                             0.036357  0.027716   2.287232 f
  n1314 (net)                                   1     0.002673            0.000000   2.287232 f
  U248/A (INVX2)                                                0.036357  0.000000   2.287232 f
  U248/Y (INVX2)                                                0.024634  0.031913   2.319145 r
  cmd_wdata[9] (net)                            1     0.010000            0.000000   2.319145 r
  cmd_wdata[9] (out)                                            0.024634  0.000000   2.319145 r
  data arrival time                                                                  2.319145

  clock core_clk (rise edge)                                              2.000000   2.000000
  clock network delay (ideal)                                             0.000000   2.000000
  clock uncertainty                                                       -0.100000  1.900000
  output external delay                                                   -1.000000  0.900000
  data required time                                                                 0.900000
  ----------------------------------------------------------------------------------------------
  data required time                                                                 0.900000
  data arrival time                                                                  -2.319145
  ----------------------------------------------------------------------------------------------
  slack (VIOLATED)                                                                   -1.419145


1
