 
****************************************
Report : timing
        -path full
        -delay max
        -input_pins
        -nets
        -max_paths 10
        -transition_time
        -capacitance
Design : mc_top_Q_DEPTH16_SCHED_POLICY1_AGING_ENABLE1
Version: R-2020.09-SP4
Date   : Wed Sep 30 16:06:52 2026
****************************************

 # A fanout number of 1000 was used for high fanout net computations.

Operating Conditions: typical   Library: gscl45nm
Wire Load Model Mode: top

  Startpoint: table_i/addresses_reg[91]
              (rising edge-triggered flip-flop clocked by core_clk)
  Endpoint: cmd_bank[0]
            (output port clocked by core_clk)
  Path Group: core_clk
  Path Type: max

  Point                                       Fanout       Cap     Trans      Incr       Path
  ----------------------------------------------------------------------------------------------
  clock core_clk (rise edge)                                              0.000000   0.000000
  clock network delay (ideal)                                             0.000000   0.000000
  table_i/addresses_reg[91]/CLK (DFFPOSX1)                      0.000000  0.000000 # 0.000000 r
  table_i/addresses_reg[91]/Q (DFFPOSX1)                        0.237835  0.211392   0.211392 r
  table_i/addresses[91] (net)                  21     0.099546            0.000000   0.211392 r
  table_i/addresses[91] (mc_transaction_table_Q_DEPTH16_ADDR_W16_DATA_W32_TAG_W8_READ_LATENCY3_AGE_LIMIT128)
                                                                          0.000000   0.211392 r
  addresses[91] (net)                                 0.099546            0.000000   0.211392 r
  candidates_i/addresses[91] (mc_candidates_Q_DEPTH16_ROW_W8_COL_W6)      0.000000   0.211392 r
  candidates_i/addresses[91] (net)                    0.099546            0.000000   0.211392 r
  candidates_i/U4170/A (INVX1)                                  0.237835  0.000000   0.211392 r
  candidates_i/U4170/Y (INVX1)                                  0.000000  0.075928   0.287320 f
  candidates_i/n1407 (net)                      1     0.001476            0.000000   0.287320 f
  candidates_i/U4095/A (INVX1)                                  0.000000  0.000000   0.287320 f
  candidates_i/U4095/Y (INVX1)                                  0.312264  0.210691   0.498011 r
  candidates_i/n1406 (net)                     13     0.067956            0.000000   0.498011 r
  candidates_i/U6364/A (XNOR2X1)                                0.312264  0.000000   0.498011 r
  candidates_i/U6364/Y (XNOR2X1)                                0.040105  0.070721   0.568731 r
  candidates_i/n5531 (net)                      1     0.002343            0.000000   0.568731 r
  candidates_i/U3433/B (AND2X1)                                 0.040105  0.000000   0.568731 r
  candidates_i/U3433/Y (AND2X1)                                 0.026675  0.038371   0.607102 r
  candidates_i/n5535 (net)                      1     0.001551            0.000000   0.607102 r
  candidates_i/U3434/A (INVX1)                                  0.026675  0.000000   0.607102 r
  candidates_i/U3434/Y (INVX1)                                  0.012970  0.021909   0.629011 f
  candidates_i/n1088 (net)                      1     0.003011            0.000000   0.629011 f
  candidates_i/U6367/A (NOR3X1)                                 0.012970  0.000000   0.629011 f
  candidates_i/U6367/Y (NOR3X1)                                 0.050225  0.048204   0.677215 r
  candidates_i/n5542 (net)                      1     0.002111            0.000000   0.677215 r
  candidates_i/U6373/A (NAND2X1)                                0.050225  0.000000   0.677215 r
  candidates_i/U6373/Y (NAND2X1)                                0.020587  0.022367   0.699582 f
  candidates_i/n5559 (net)                      1     0.003011            0.000000   0.699582 f
  candidates_i/U6388/A (NOR3X1)                                 0.020587  0.000000   0.699582 f
  candidates_i/U6388/Y (NOR3X1)                                 0.064039  0.059420   0.759002 r
  candidates_i/N1799 (net)                      2     0.005095            0.000000   0.759002 r
  candidates_i/U2135/A (NAND3X1)                                0.064039  0.000000   0.759002 r
  candidates_i/U2135/Y (NAND3X1)                                0.011880  0.024262   0.783264 f
  candidates_i/n3188 (net)                      1     0.001820            0.000000   0.783264 f
  candidates_i/U406/B (AND2X2)                                  0.011880  0.000000   0.783264 f
  candidates_i/U406/Y (AND2X2)                                  0.000000  0.038171   0.821435 f
  candidates_i/n3186 (net)                      1     0.002832            0.000000   0.821435 f
  candidates_i/U2134/C (NAND3X1)                                0.000000  0.000000   0.821435 f
  candidates_i/U2134/Y (NAND3X1)                                0.040766  0.029765   0.851200 r
  candidates_i/n3176 (net)                      1     0.003021            0.000000   0.851200 r
  candidates_i/U2126/A (NOR3X1)                                 0.040766  0.000000   0.851200 r
  candidates_i/U2126/Y (NOR3X1)                                 0.025642  0.041032   0.892233 f
  candidates_i/n3175 (net)                      1     0.001827            0.000000   0.892233 f
  candidates_i/U504/B (AND2X1)                                  0.025642  0.000000   0.892233 f
  candidates_i/U504/Y (AND2X1)                                  0.024608  0.051514   0.943746 f
  candidates_i/eligible[12] (net)               3     0.005174            0.000000   0.943746 f
  candidates_i/U505/A (INVX1)                                   0.024608  0.000000   0.943746 f
  candidates_i/U505/Y (INVX1)                                   0.000000  0.006303   0.950050 r
  candidates_i/n48 (net)                        1     0.002292            0.000000   0.950050 r
  candidates_i/U3304/A (OR2X2)                                  0.000000  0.000000   0.950050 r
  candidates_i/U3304/Y (OR2X2)                                  0.055007  0.034618   0.984668 r
  candidates_i/n2007 (net)                      1     0.001551            0.000000   0.984668 r
  candidates_i/U3305/A (INVX1)                                  0.055007  0.000000   0.984668 r
  candidates_i/U3305/Y (INVX1)                                  0.035936  0.046591   1.031260 f
  candidates_i/n1016 (net)                      4     0.011326            0.000000   1.031260 f
  candidates_i/U2123/C (NAND3X1)                                0.035936  0.000000   1.031260 f
  candidates_i/U2123/Y (NAND3X1)                                0.033171  0.035400   1.066659 r
  candidates_i/n3173 (net)                      1     0.001869            0.000000   1.066659 r
  candidates_i/U405/B (AND2X2)                                  0.033171  0.000000   1.066659 r
  candidates_i/U405/Y (AND2X2)                                  0.011445  0.034182   1.100841 r
  candidates_i/n3171 (net)                      1     0.002961            0.000000   1.100841 r
  candidates_i/U2122/C (NAND3X1)                                0.011445  0.000000   1.100841 r
  candidates_i/U2122/Y (NAND3X1)                                0.017917  0.011798   1.112639 f
  candidates_i/n3050 (net)                      1     0.003011            0.000000   1.112639 f
  candidates_i/U1995/A (NOR3X1)                                 0.017917  0.000000   1.112639 f
  candidates_i/U1995/Y (NOR3X1)                                 0.050673  0.049517   1.162156 r
  candidates_i/n2815 (net)                      1     0.002291            0.000000   1.162156 r
  candidates_i/U3831/A (AND2X1)                                 0.050673  0.000000   1.162156 r
  candidates_i/U3831/Y (AND2X1)                                 0.025498  0.028024   1.190180 r
  candidates_i/n1297 (net)                      1     0.001551            0.000000   1.190180 r
  candidates_i/U3832/A (INVX1)                                  0.025498  0.000000   1.190180 r
  candidates_i/U3832/Y (INVX1)                                  0.097130  0.079190   1.269370 f
  candidates_i/n2789 (net)                     16     0.031107            0.000000   1.269370 f
  candidates_i/U1707/B (NAND2X1)                                0.097130  0.000000   1.269370 f
  candidates_i/U1707/Y (NAND2X1)                                0.032412  0.041784   1.311154 r
  candidates_i/n2788 (net)                      1     0.002548            0.000000   1.311154 r
  candidates_i/U1706/A (NAND3X1)                                0.032412  0.000000   1.311154 r
  candidates_i/U1706/Y (NAND3X1)                                0.038186  0.019595   1.330749 f
  candidates_i/n2683 (net)                      1     0.001504            0.000000   1.330749 f
  candidates_i/U534/A (BUFX2)                                   0.038186  0.000000   1.330749 f
  candidates_i/U534/Y (BUFX2)                                   0.009613  0.040197   1.370946 f
  candidates_i/n67 (net)                        2     0.003788            0.000000   1.370946 f
  candidates_i/U3866/A (INVX1)                                  0.009613  0.000000   1.370946 f
  candidates_i/U3866/Y (INVX1)                                  0.183886  0.132344   1.503290 r
  candidates_i/n7290 (net)                     15     0.042798            0.000000   1.503290 r
  candidates_i/U1639/A (AOI22X1)                                0.183886  0.000000   1.503290 r
  candidates_i/U1639/Y (AOI22X1)                                0.034084  0.066589   1.569879 f
  candidates_i/n2708 (net)                      1     0.001763            0.000000   1.569879 f
  candidates_i/U374/A (AND2X2)                                  0.034084  0.000000   1.569879 f
  candidates_i/U374/Y (AND2X2)                                  0.004681  0.039693   1.609572 f
  candidates_i/n2707 (net)                      1     0.002832            0.000000   1.609572 f
  candidates_i/U1637/C (NAND3X1)                                0.004681  0.000000   1.609572 f
  candidates_i/U1637/Y (NAND3X1)                                0.036595  0.028697   1.638269 r
  candidates_i/n2704 (net)                      1     0.002283            0.000000   1.638269 r
  candidates_i/U373/B (OR2X2)                                   0.036595  0.000000   1.638269 r
  candidates_i/U373/Y (OR2X2)                                   0.017298  0.050578   1.688847 r
  candidates_i/n2054 (net)                      2     0.004842            0.000000   1.688847 r
  candidates_i/U1625/B (NAND3X1)                                0.017298  0.000000   1.688847 r
  candidates_i/U1625/Y (NAND3X1)                                0.016156  0.014692   1.703539 f
  candidates_i/n2690 (net)                      1     0.001924            0.000000   1.703539 f
  candidates_i/U1624/C (OAI21X1)                                0.016156  0.000000   1.703539 f
  candidates_i/U1624/Y (OAI21X1)                                0.045011  0.022346   1.725885 r
  candidates_i/n2663 (net)                      1     0.002817            0.000000   1.725885 r
  candidates_i/U1601/A (AOI22X1)                                0.045011  0.000000   1.725885 r
  candidates_i/U1601/Y (AOI22X1)                                0.035654  0.039927   1.765812 f
  candidates_i/n2662 (net)                      1     0.002312            0.000000   1.765812 f
  candidates_i/U1600/C (AOI21X1)                                0.035654  0.000000   1.765812 f
  candidates_i/U1600/Y (AOI21X1)                                0.027785  0.025672   1.791484 r
  candidates_i/n2661 (net)                      1     0.002386            0.000000   1.791484 r
  candidates_i/U1599/C (AOI21X1)                                0.027785  0.000000   1.791484 r
  candidates_i/U1599/Y (AOI21X1)                                0.015015  0.017616   1.809100 f
  candidates_i/n2646 (net)                      1     0.002632            0.000000   1.809100 f
  candidates_i/U1587/B (OAI21X1)                                0.015015  0.000000   1.809100 f
  candidates_i/U1587/Y (OAI21X1)                                0.041918  0.040493   1.849593 r
  candidates_i/n2631 (net)                      1     0.002111            0.000000   1.849593 r
  candidates_i/U1575/A (NAND2X1)                                0.041918  0.000000   1.849593 r
  candidates_i/U1575/Y (NAND2X1)                                0.020639  0.018692   1.868284 f
  candidates_i/n2630 (net)                      1     0.001944            0.000000   1.868284 f
  candidates_i/U1574/B (NAND2X1)                                0.020639  0.000000   1.868284 f
  candidates_i/U1574/Y (NAND2X1)                                0.036723  0.017556   1.885841 r
  candidates_i/n2601 (net)                      1     0.002741            0.000000   1.885841 r
  candidates_i/U1550/A (AOI21X1)                                0.036723  0.000000   1.885841 r
  candidates_i/U1550/Y (AOI21X1)                                0.017841  0.022767   1.908608 f
  candidates_i/n2586 (net)                      1     0.002632            0.000000   1.908608 f
  candidates_i/U1538/B (OAI21X1)                                0.017841  0.000000   1.908608 f
  candidates_i/U1538/Y (OAI21X1)                                0.060709  0.053995   1.962602 r
  candidates_i/candidate_slots[0] (net)         3     0.006134            0.000000   1.962602 r
  candidates_i/candidate_slots[0] (mc_candidates_Q_DEPTH16_ROW_W8_COL_W6) 0.000000   1.962602 r
  candidate_slots[0] (net)                            0.006134            0.000000   1.962602 r
  frfcfs.scheduler_i/candidate_slots[0] (mc_scheduler_frfcfs_Q_DEPTH16_ADDR_W16_AGE_LIMIT128_AGING_ENABLE1)
                                                                          0.000000   1.962602 r
  frfcfs.scheduler_i/candidate_slots[0] (net)         0.006134            0.000000   1.962602 r
  frfcfs.scheduler_i/U1041/A (INVX1)                            0.060709  0.000000   1.962602 r
  frfcfs.scheduler_i/U1041/Y (INVX1)                            0.012515  0.032431   1.995033 f
  frfcfs.scheduler_i/n274 (net)                 2     0.003653            0.000000   1.995033 f
  frfcfs.scheduler_i/U994/B (AND2X1)                            0.012515  0.000000   1.995033 f
  frfcfs.scheduler_i/U994/Y (AND2X1)                            0.035569  0.057351   2.052384 f
  frfcfs.scheduler_i/n957 (net)                 4     0.008834            0.000000   2.052384 f
  frfcfs.scheduler_i/U533/A (NAND3X1)                           0.035569  0.000000   2.052384 f
  frfcfs.scheduler_i/U533/Y (NAND3X1)                           0.031097  0.042881   2.095265 r
  frfcfs.scheduler_i/n981 (net)                 1     0.001798            0.000000   2.095265 r
  frfcfs.scheduler_i/U928/A (AND2X2)                            0.031097  0.000000   2.095265 r
  frfcfs.scheduler_i/U928/Y (AND2X2)                            0.008125  0.032596   2.127861 r
  frfcfs.scheduler_i/n975 (net)                 1     0.001551            0.000000   2.127861 r
  frfcfs.scheduler_i/U929/A (INVX1)                             0.008125  0.000000   2.127861 r
  frfcfs.scheduler_i/U929/Y (INVX1)                             0.012959  0.015991   2.143853 f
  frfcfs.scheduler_i/n101 (net)                 1     0.002573            0.000000   2.143853 f
  frfcfs.scheduler_i/U524/A (OAI21X1)                           0.012959  0.000000   2.143853 f
  frfcfs.scheduler_i/U524/Y (OAI21X1)                           0.039205  0.040450   2.184303 r
  frfcfs.scheduler_i/n974 (net)                 1     0.001551            0.000000   2.184303 r
  frfcfs.scheduler_i/U991/A (INVX1)                             0.039205  0.000000   2.184303 r
  frfcfs.scheduler_i/U991/Y (INVX1)                             0.016800  0.028517   2.212821 f
  frfcfs.scheduler_i/n249 (net)                 2     0.004582            0.000000   2.212821 f
  frfcfs.scheduler_i/U511/A (AOI22X1)                           0.016800  0.000000   2.212821 f
  frfcfs.scheduler_i/U511/Y (AOI22X1)                           0.044327  0.047514   2.260335 r
  frfcfs.scheduler_i/n919 (net)                 1     0.001798            0.000000   2.260335 r
  frfcfs.scheduler_i/U50/A (AND2X2)                             0.044327  0.000000   2.260335 r
  frfcfs.scheduler_i/U50/Y (AND2X2)                             0.012059  0.035344   2.295679 r
  frfcfs.scheduler_i/n918 (net)                 1     0.002961            0.000000   2.295679 r
  frfcfs.scheduler_i/U485/C (NAND3X1)                           0.012059  0.000000   2.295679 r
  frfcfs.scheduler_i/U485/Y (NAND3X1)                           0.015778  0.010664   2.306343 f
  frfcfs.scheduler_i/n915 (net)                 1     0.002247            0.000000   2.306343 f
  frfcfs.scheduler_i/U988/B (OR2X1)                             0.015778  0.000000   2.306343 f
  frfcfs.scheduler_i/U988/Y (OR2X1)                             0.010524  0.047546   2.353889 f
  frfcfs.scheduler_i/n133 (net)                 1     0.001476            0.000000   2.353889 f
  frfcfs.scheduler_i/U989/A (INVX1)                             0.010524  0.000000   2.353889 f
  frfcfs.scheduler_i/U989/Y (INVX1)                             0.189497  0.136151   2.490039 r
  frfcfs.scheduler_i/n887 (net)                16     0.043876            0.000000   2.490039 r
  frfcfs.scheduler_i/U480/A (OAI21X1)                           0.189497  0.000000   2.490039 r
  frfcfs.scheduler_i/U480/Y (OAI21X1)                           0.016150  0.060298   2.550338 f
  frfcfs.scheduler_i/n910 (net)                 1     0.001476            0.000000   2.550338 f
  frfcfs.scheduler_i/U1048/A (INVX1)                            0.016150  0.000000   2.550338 f
  frfcfs.scheduler_i/U1048/Y (INVX1)                            0.204364  0.147157   2.697495 r
  frfcfs.scheduler_i/n213 (net)                17     0.046675            0.000000   2.697495 r
  frfcfs.scheduler_i/U362/A (AOI22X1)                           0.204364  0.000000   2.697495 r
  frfcfs.scheduler_i/U362/Y (AOI22X1)                           0.034079  0.070660   2.768155 f
  frfcfs.scheduler_i/n767 (net)                 1     0.001763            0.000000   2.768155 f
  frfcfs.scheduler_i/U26/A (AND2X2)                             0.034079  0.000000   2.768155 f
  frfcfs.scheduler_i/U26/Y (AND2X2)                             0.003832  0.039692   2.807847 f
  frfcfs.scheduler_i/n766 (net)                 1     0.002832            0.000000   2.807847 f
  frfcfs.scheduler_i/U360/C (NAND3X1)                           0.003832  0.000000   2.807847 f
  frfcfs.scheduler_i/U360/Y (NAND3X1)                           0.036639  0.028508   2.836355 r
  frfcfs.scheduler_i/n757 (net)                 1     0.002292            0.000000   2.836355 r
  frfcfs.scheduler_i/U164/A (OR2X2)                             0.036639  0.000000   2.836355 r
  frfcfs.scheduler_i/U164/Y (OR2X2)                             0.009847  0.038805   2.875161 r
  frfcfs.scheduler_i/n659 (net)                 1     0.001551            0.000000   2.875161 r
  frfcfs.scheduler_i/U165/A (INVX1)                             0.009847  0.000000   2.875161 r
  frfcfs.scheduler_i/U165/Y (INVX1)                             0.018410  0.020283   2.895444 f
  frfcfs.scheduler_i/n19 (net)                  2     0.004437            0.000000   2.895444 f
  frfcfs.scheduler_i/U87/A (AND2X1)                             0.018410  0.000000   2.895444 f
  frfcfs.scheduler_i/U87/Y (AND2X1)                             0.010120  0.033467   2.928911 f
  frfcfs.scheduler_i/n756 (net)                 1     0.002312            0.000000   2.928911 f
  frfcfs.scheduler_i/U353/C (AOI21X1)                           0.010120  0.000000   2.928911 f
  frfcfs.scheduler_i/U353/Y (AOI21X1)                           0.025831  0.016392   2.945303 r
  frfcfs.scheduler_i/n693 (net)                 1     0.001539            0.000000   2.945303 r
  frfcfs.scheduler_i/U173/A (BUFX2)                             0.025831  0.000000   2.945303 r
  frfcfs.scheduler_i/U173/Y (BUFX2)                             0.014747  0.038479   2.983782 r
  frfcfs.scheduler_i/n24 (net)                  2     0.005072            0.000000   2.983782 r
  frfcfs.scheduler_i/U306/A (NAND2X1)                           0.014747  0.000000   2.983782 r
  frfcfs.scheduler_i/U306/Y (NAND2X1)                           0.021553  0.014450   2.998232 f
  frfcfs.scheduler_i/n702 (net)                 1     0.002832            0.000000   2.998232 f
  frfcfs.scheduler_i/U305/C (NAND3X1)                           0.021553  0.000000   2.998232 f
  frfcfs.scheduler_i/U305/Y (NAND3X1)                           0.040527  0.035089   3.033321 r
  frfcfs.scheduler_i/n701 (net)                 1     0.002961            0.000000   3.033321 r
  frfcfs.scheduler_i/U304/C (NAND3X1)                           0.040527  0.000000   3.033321 r
  frfcfs.scheduler_i/U304/Y (NAND3X1)                           0.017947  0.018289   3.051610 f
  frfcfs.scheduler_i/n700 (net)                 1     0.002832            0.000000   3.051610 f
  frfcfs.scheduler_i/U303/C (NAND3X1)                           0.017947  0.000000   3.051610 f
  frfcfs.scheduler_i/U303/Y (NAND3X1)                           0.040560  0.034168   3.085778 r
  frfcfs.scheduler_i/n699 (net)                 1     0.002961            0.000000   3.085778 r
  frfcfs.scheduler_i/U302/C (NAND3X1)                           0.040560  0.000000   3.085778 r
  frfcfs.scheduler_i/U302/Y (NAND3X1)                           0.015781  0.016711   3.102490 f
  frfcfs.scheduler_i/n698 (net)                 1     0.001884            0.000000   3.102490 f
  frfcfs.scheduler_i/U301/A (NAND2X1)                           0.015781  0.000000   3.102490 f
  frfcfs.scheduler_i/U301/Y (NAND2X1)                           0.032741  0.027352   3.129841 r
  frfcfs.scheduler_i/n697 (net)                 1     0.002010            0.000000   3.129841 r
  frfcfs.scheduler_i/U300/C (OAI21X1)                           0.032741  0.000000   3.129841 r
  frfcfs.scheduler_i/U300/Y (OAI21X1)                           0.027003  0.033734   3.163575 f
  frfcfs.scheduler_i/select_slot[1] (net)       5     0.011339            0.000000   3.163575 f
  frfcfs.scheduler_i/select_slot[1] (mc_scheduler_frfcfs_Q_DEPTH16_ADDR_W16_AGE_LIMIT128_AGING_ENABLE1)
                                                                          0.000000   3.163575 f
  select_slot[1] (net)                                0.011339            0.000000   3.163575 f
  U130/A (BUFX2)                                                0.027003  0.000000   3.163575 f
  U130/Y (BUFX2)                                                0.033002  0.057816   3.221391 f
  n45 (net)                                    12     0.022771            0.000000   3.221391 f
  U118/A (INVX1)                                                0.033002  0.000000   3.221391 f
  U118/Y (INVX1)                                                0.028903  0.040370   3.261762 r
  n136 (net)                                    5     0.011897            0.000000   3.261762 r
  U76/A (OR2X1)                                                 0.028903  0.000000   3.261762 r
  U76/Y (OR2X1)                                                 0.017794  0.036700   3.298461 r
  n141 (net)                                    1     0.001551            0.000000   3.298461 r
  U77/A (INVX1)                                                 0.017794  0.000000   3.298461 r
  U77/Y (INVX1)                                                 0.021243  0.024755   3.323216 f
  n33 (net)                                     3     0.005570            0.000000   3.323216 f
  U57/B (AND2X1)                                                0.021243  0.000000   3.323216 f
  U57/Y (AND2X1)                                                0.022782  0.049454   3.372670 f
  n42 (net)                                     3     0.004428            0.000000   3.372670 f
  U110/A (INVX1)                                                0.022782  0.000000   3.372670 f
  U110/Y (INVX1)                                                0.332077  0.230072   3.602742 r
  n47 (net)                                    27     0.071569            0.000000   3.602742 r
  U666/B (OAI21X1)                                              0.332077  0.000000   3.602742 r
  U666/Y (OAI21X1)                                              0.038250  0.086408   3.689150 f
  n153 (net)                                    1     0.002313            0.000000   3.689150 f
  U185/A (OR2X1)                                                0.038250  0.000000   3.689150 f
  U185/Y (OR2X1)                                                0.015095  0.043761   3.732911 f
  n158 (net)                                    1     0.003011            0.000000   3.732911 f
  U670/A (NOR3X1)                                               0.015095  0.000000   3.732911 f
  U670/Y (NOR3X1)                                               0.053374  0.050840   3.783751 r
  n159 (net)                                    1     0.002798            0.000000   3.783751 r
  U671/A (MUX2X1)                                               0.053374  0.000000   3.783751 r
  U671/Y (MUX2X1)                                               0.090071  0.029904   3.813655 f
  n161 (net)                                    1     0.001476            0.000000   3.813655 f
  U167/A (INVX1)                                                0.090071  0.000000   3.813655 f
  U167/Y (INVX1)                                                0.058682  0.074287   3.887942 r
  cmd_bank[0] (net)                             4     0.016185            0.000000   3.887942 r
  cmd_bank[0] (out)                                             0.058682  0.000000   3.887942 r
  data arrival time                                                                  3.887942

  clock core_clk (rise edge)                                              5.000000   5.000000
  clock network delay (ideal)                                             0.000000   5.000000
  clock uncertainty                                                       -0.100000  4.900000
  output external delay                                                   -1.000000  3.900000
  data required time                                                                 3.900000
  ----------------------------------------------------------------------------------------------
  data required time                                                                 3.900000
  data arrival time                                                                  -3.887942
  ----------------------------------------------------------------------------------------------
  slack (MET)                                                                        0.012058


  Startpoint: table_i/addresses_reg[91]
              (rising edge-triggered flip-flop clocked by core_clk)
  Endpoint: cmd_wdata[27]
            (output port clocked by core_clk)
  Path Group: core_clk
  Path Type: max

  Point                                       Fanout       Cap     Trans      Incr       Path
  ----------------------------------------------------------------------------------------------
  clock core_clk (rise edge)                                              0.000000   0.000000
  clock network delay (ideal)                                             0.000000   0.000000
  table_i/addresses_reg[91]/CLK (DFFPOSX1)                      0.000000  0.000000 # 0.000000 r
  table_i/addresses_reg[91]/Q (DFFPOSX1)                        0.237835  0.211392   0.211392 r
  table_i/addresses[91] (net)                  21     0.099546            0.000000   0.211392 r
  table_i/addresses[91] (mc_transaction_table_Q_DEPTH16_ADDR_W16_DATA_W32_TAG_W8_READ_LATENCY3_AGE_LIMIT128)
                                                                          0.000000   0.211392 r
  addresses[91] (net)                                 0.099546            0.000000   0.211392 r
  candidates_i/addresses[91] (mc_candidates_Q_DEPTH16_ROW_W8_COL_W6)      0.000000   0.211392 r
  candidates_i/addresses[91] (net)                    0.099546            0.000000   0.211392 r
  candidates_i/U4170/A (INVX1)                                  0.237835  0.000000   0.211392 r
  candidates_i/U4170/Y (INVX1)                                  0.000000  0.075928   0.287320 f
  candidates_i/n1407 (net)                      1     0.001476            0.000000   0.287320 f
  candidates_i/U4095/A (INVX1)                                  0.000000  0.000000   0.287320 f
  candidates_i/U4095/Y (INVX1)                                  0.312264  0.210691   0.498011 r
  candidates_i/n1406 (net)                     13     0.067956            0.000000   0.498011 r
  candidates_i/U6364/A (XNOR2X1)                                0.312264  0.000000   0.498011 r
  candidates_i/U6364/Y (XNOR2X1)                                0.040105  0.070721   0.568731 r
  candidates_i/n5531 (net)                      1     0.002343            0.000000   0.568731 r
  candidates_i/U3433/B (AND2X1)                                 0.040105  0.000000   0.568731 r
  candidates_i/U3433/Y (AND2X1)                                 0.026675  0.038371   0.607102 r
  candidates_i/n5535 (net)                      1     0.001551            0.000000   0.607102 r
  candidates_i/U3434/A (INVX1)                                  0.026675  0.000000   0.607102 r
  candidates_i/U3434/Y (INVX1)                                  0.012970  0.021909   0.629011 f
  candidates_i/n1088 (net)                      1     0.003011            0.000000   0.629011 f
  candidates_i/U6367/A (NOR3X1)                                 0.012970  0.000000   0.629011 f
  candidates_i/U6367/Y (NOR3X1)                                 0.050225  0.048204   0.677215 r
  candidates_i/n5542 (net)                      1     0.002111            0.000000   0.677215 r
  candidates_i/U6373/A (NAND2X1)                                0.050225  0.000000   0.677215 r
  candidates_i/U6373/Y (NAND2X1)                                0.020587  0.022367   0.699582 f
  candidates_i/n5559 (net)                      1     0.003011            0.000000   0.699582 f
  candidates_i/U6388/A (NOR3X1)                                 0.020587  0.000000   0.699582 f
  candidates_i/U6388/Y (NOR3X1)                                 0.064039  0.059420   0.759002 r
  candidates_i/N1799 (net)                      2     0.005095            0.000000   0.759002 r
  candidates_i/U2135/A (NAND3X1)                                0.064039  0.000000   0.759002 r
  candidates_i/U2135/Y (NAND3X1)                                0.011880  0.024262   0.783264 f
  candidates_i/n3188 (net)                      1     0.001820            0.000000   0.783264 f
  candidates_i/U406/B (AND2X2)                                  0.011880  0.000000   0.783264 f
  candidates_i/U406/Y (AND2X2)                                  0.000000  0.038171   0.821435 f
  candidates_i/n3186 (net)                      1     0.002832            0.000000   0.821435 f
  candidates_i/U2134/C (NAND3X1)                                0.000000  0.000000   0.821435 f
  candidates_i/U2134/Y (NAND3X1)                                0.040766  0.029765   0.851200 r
  candidates_i/n3176 (net)                      1     0.003021            0.000000   0.851200 r
  candidates_i/U2126/A (NOR3X1)                                 0.040766  0.000000   0.851200 r
  candidates_i/U2126/Y (NOR3X1)                                 0.025642  0.041032   0.892233 f
  candidates_i/n3175 (net)                      1     0.001827            0.000000   0.892233 f
  candidates_i/U504/B (AND2X1)                                  0.025642  0.000000   0.892233 f
  candidates_i/U504/Y (AND2X1)                                  0.024608  0.051514   0.943746 f
  candidates_i/eligible[12] (net)               3     0.005174            0.000000   0.943746 f
  candidates_i/U505/A (INVX1)                                   0.024608  0.000000   0.943746 f
  candidates_i/U505/Y (INVX1)                                   0.000000  0.006303   0.950050 r
  candidates_i/n48 (net)                        1     0.002292            0.000000   0.950050 r
  candidates_i/U3304/A (OR2X2)                                  0.000000  0.000000   0.950050 r
  candidates_i/U3304/Y (OR2X2)                                  0.055007  0.034618   0.984668 r
  candidates_i/n2007 (net)                      1     0.001551            0.000000   0.984668 r
  candidates_i/U3305/A (INVX1)                                  0.055007  0.000000   0.984668 r
  candidates_i/U3305/Y (INVX1)                                  0.035936  0.046591   1.031260 f
  candidates_i/n1016 (net)                      4     0.011326            0.000000   1.031260 f
  candidates_i/U2123/C (NAND3X1)                                0.035936  0.000000   1.031260 f
  candidates_i/U2123/Y (NAND3X1)                                0.033171  0.035400   1.066659 r
  candidates_i/n3173 (net)                      1     0.001869            0.000000   1.066659 r
  candidates_i/U405/B (AND2X2)                                  0.033171  0.000000   1.066659 r
  candidates_i/U405/Y (AND2X2)                                  0.011445  0.034182   1.100841 r
  candidates_i/n3171 (net)                      1     0.002961            0.000000   1.100841 r
  candidates_i/U2122/C (NAND3X1)                                0.011445  0.000000   1.100841 r
  candidates_i/U2122/Y (NAND3X1)                                0.017917  0.011798   1.112639 f
  candidates_i/n3050 (net)                      1     0.003011            0.000000   1.112639 f
  candidates_i/U1995/A (NOR3X1)                                 0.017917  0.000000   1.112639 f
  candidates_i/U1995/Y (NOR3X1)                                 0.050673  0.049517   1.162156 r
  candidates_i/n2815 (net)                      1     0.002291            0.000000   1.162156 r
  candidates_i/U3831/A (AND2X1)                                 0.050673  0.000000   1.162156 r
  candidates_i/U3831/Y (AND2X1)                                 0.025498  0.028024   1.190180 r
  candidates_i/n1297 (net)                      1     0.001551            0.000000   1.190180 r
  candidates_i/U3832/A (INVX1)                                  0.025498  0.000000   1.190180 r
  candidates_i/U3832/Y (INVX1)                                  0.097130  0.079190   1.269370 f
  candidates_i/n2789 (net)                     16     0.031107            0.000000   1.269370 f
  candidates_i/U1707/B (NAND2X1)                                0.097130  0.000000   1.269370 f
  candidates_i/U1707/Y (NAND2X1)                                0.032412  0.041784   1.311154 r
  candidates_i/n2788 (net)                      1     0.002548            0.000000   1.311154 r
  candidates_i/U1706/A (NAND3X1)                                0.032412  0.000000   1.311154 r
  candidates_i/U1706/Y (NAND3X1)                                0.038186  0.019595   1.330749 f
  candidates_i/n2683 (net)                      1     0.001504            0.000000   1.330749 f
  candidates_i/U534/A (BUFX2)                                   0.038186  0.000000   1.330749 f
  candidates_i/U534/Y (BUFX2)                                   0.009613  0.040197   1.370946 f
  candidates_i/n67 (net)                        2     0.003788            0.000000   1.370946 f
  candidates_i/U3866/A (INVX1)                                  0.009613  0.000000   1.370946 f
  candidates_i/U3866/Y (INVX1)                                  0.183886  0.132344   1.503290 r
  candidates_i/n7290 (net)                     15     0.042798            0.000000   1.503290 r
  candidates_i/U1639/A (AOI22X1)                                0.183886  0.000000   1.503290 r
  candidates_i/U1639/Y (AOI22X1)                                0.034084  0.066589   1.569879 f
  candidates_i/n2708 (net)                      1     0.001763            0.000000   1.569879 f
  candidates_i/U374/A (AND2X2)                                  0.034084  0.000000   1.569879 f
  candidates_i/U374/Y (AND2X2)                                  0.004681  0.039693   1.609572 f
  candidates_i/n2707 (net)                      1     0.002832            0.000000   1.609572 f
  candidates_i/U1637/C (NAND3X1)                                0.004681  0.000000   1.609572 f
  candidates_i/U1637/Y (NAND3X1)                                0.036595  0.028697   1.638269 r
  candidates_i/n2704 (net)                      1     0.002283            0.000000   1.638269 r
  candidates_i/U373/B (OR2X2)                                   0.036595  0.000000   1.638269 r
  candidates_i/U373/Y (OR2X2)                                   0.017298  0.050578   1.688847 r
  candidates_i/n2054 (net)                      2     0.004842            0.000000   1.688847 r
  candidates_i/U1625/B (NAND3X1)                                0.017298  0.000000   1.688847 r
  candidates_i/U1625/Y (NAND3X1)                                0.016156  0.014692   1.703539 f
  candidates_i/n2690 (net)                      1     0.001924            0.000000   1.703539 f
  candidates_i/U1624/C (OAI21X1)                                0.016156  0.000000   1.703539 f
  candidates_i/U1624/Y (OAI21X1)                                0.045011  0.022346   1.725885 r
  candidates_i/n2663 (net)                      1     0.002817            0.000000   1.725885 r
  candidates_i/U1601/A (AOI22X1)                                0.045011  0.000000   1.725885 r
  candidates_i/U1601/Y (AOI22X1)                                0.035654  0.039927   1.765812 f
  candidates_i/n2662 (net)                      1     0.002312            0.000000   1.765812 f
  candidates_i/U1600/C (AOI21X1)                                0.035654  0.000000   1.765812 f
  candidates_i/U1600/Y (AOI21X1)                                0.027785  0.025672   1.791484 r
  candidates_i/n2661 (net)                      1     0.002386            0.000000   1.791484 r
  candidates_i/U1599/C (AOI21X1)                                0.027785  0.000000   1.791484 r
  candidates_i/U1599/Y (AOI21X1)                                0.015015  0.017616   1.809100 f
  candidates_i/n2646 (net)                      1     0.002632            0.000000   1.809100 f
  candidates_i/U1587/B (OAI21X1)                                0.015015  0.000000   1.809100 f
  candidates_i/U1587/Y (OAI21X1)                                0.041918  0.040493   1.849593 r
  candidates_i/n2631 (net)                      1     0.002111            0.000000   1.849593 r
  candidates_i/U1575/A (NAND2X1)                                0.041918  0.000000   1.849593 r
  candidates_i/U1575/Y (NAND2X1)                                0.020639  0.018692   1.868284 f
  candidates_i/n2630 (net)                      1     0.001944            0.000000   1.868284 f
  candidates_i/U1574/B (NAND2X1)                                0.020639  0.000000   1.868284 f
  candidates_i/U1574/Y (NAND2X1)                                0.036723  0.017556   1.885841 r
  candidates_i/n2601 (net)                      1     0.002741            0.000000   1.885841 r
  candidates_i/U1550/A (AOI21X1)                                0.036723  0.000000   1.885841 r
  candidates_i/U1550/Y (AOI21X1)                                0.017841  0.022767   1.908608 f
  candidates_i/n2586 (net)                      1     0.002632            0.000000   1.908608 f
  candidates_i/U1538/B (OAI21X1)                                0.017841  0.000000   1.908608 f
  candidates_i/U1538/Y (OAI21X1)                                0.060709  0.053995   1.962602 r
  candidates_i/candidate_slots[0] (net)         3     0.006134            0.000000   1.962602 r
  candidates_i/candidate_slots[0] (mc_candidates_Q_DEPTH16_ROW_W8_COL_W6) 0.000000   1.962602 r
  candidate_slots[0] (net)                            0.006134            0.000000   1.962602 r
  frfcfs.scheduler_i/candidate_slots[0] (mc_scheduler_frfcfs_Q_DEPTH16_ADDR_W16_AGE_LIMIT128_AGING_ENABLE1)
                                                                          0.000000   1.962602 r
  frfcfs.scheduler_i/candidate_slots[0] (net)         0.006134            0.000000   1.962602 r
  frfcfs.scheduler_i/U1041/A (INVX1)                            0.060709  0.000000   1.962602 r
  frfcfs.scheduler_i/U1041/Y (INVX1)                            0.012515  0.032431   1.995033 f
  frfcfs.scheduler_i/n274 (net)                 2     0.003653            0.000000   1.995033 f
  frfcfs.scheduler_i/U994/B (AND2X1)                            0.012515  0.000000   1.995033 f
  frfcfs.scheduler_i/U994/Y (AND2X1)                            0.035569  0.057351   2.052384 f
  frfcfs.scheduler_i/n957 (net)                 4     0.008834            0.000000   2.052384 f
  frfcfs.scheduler_i/U533/A (NAND3X1)                           0.035569  0.000000   2.052384 f
  frfcfs.scheduler_i/U533/Y (NAND3X1)                           0.031097  0.042881   2.095265 r
  frfcfs.scheduler_i/n981 (net)                 1     0.001798            0.000000   2.095265 r
  frfcfs.scheduler_i/U928/A (AND2X2)                            0.031097  0.000000   2.095265 r
  frfcfs.scheduler_i/U928/Y (AND2X2)                            0.008125  0.032596   2.127861 r
  frfcfs.scheduler_i/n975 (net)                 1     0.001551            0.000000   2.127861 r
  frfcfs.scheduler_i/U929/A (INVX1)                             0.008125  0.000000   2.127861 r
  frfcfs.scheduler_i/U929/Y (INVX1)                             0.012959  0.015991   2.143853 f
  frfcfs.scheduler_i/n101 (net)                 1     0.002573            0.000000   2.143853 f
  frfcfs.scheduler_i/U524/A (OAI21X1)                           0.012959  0.000000   2.143853 f
  frfcfs.scheduler_i/U524/Y (OAI21X1)                           0.039205  0.040450   2.184303 r
  frfcfs.scheduler_i/n974 (net)                 1     0.001551            0.000000   2.184303 r
  frfcfs.scheduler_i/U991/A (INVX1)                             0.039205  0.000000   2.184303 r
  frfcfs.scheduler_i/U991/Y (INVX1)                             0.016800  0.028517   2.212821 f
  frfcfs.scheduler_i/n249 (net)                 2     0.004582            0.000000   2.212821 f
  frfcfs.scheduler_i/U511/A (AOI22X1)                           0.016800  0.000000   2.212821 f
  frfcfs.scheduler_i/U511/Y (AOI22X1)                           0.044327  0.047514   2.260335 r
  frfcfs.scheduler_i/n919 (net)                 1     0.001798            0.000000   2.260335 r
  frfcfs.scheduler_i/U50/A (AND2X2)                             0.044327  0.000000   2.260335 r
  frfcfs.scheduler_i/U50/Y (AND2X2)                             0.012059  0.035344   2.295679 r
  frfcfs.scheduler_i/n918 (net)                 1     0.002961            0.000000   2.295679 r
  frfcfs.scheduler_i/U485/C (NAND3X1)                           0.012059  0.000000   2.295679 r
  frfcfs.scheduler_i/U485/Y (NAND3X1)                           0.015778  0.010664   2.306343 f
  frfcfs.scheduler_i/n915 (net)                 1     0.002247            0.000000   2.306343 f
  frfcfs.scheduler_i/U988/B (OR2X1)                             0.015778  0.000000   2.306343 f
  frfcfs.scheduler_i/U988/Y (OR2X1)                             0.010524  0.047546   2.353889 f
  frfcfs.scheduler_i/n133 (net)                 1     0.001476            0.000000   2.353889 f
  frfcfs.scheduler_i/U989/A (INVX1)                             0.010524  0.000000   2.353889 f
  frfcfs.scheduler_i/U989/Y (INVX1)                             0.189497  0.136151   2.490039 r
  frfcfs.scheduler_i/n887 (net)                16     0.043876            0.000000   2.490039 r
  frfcfs.scheduler_i/U480/A (OAI21X1)                           0.189497  0.000000   2.490039 r
  frfcfs.scheduler_i/U480/Y (OAI21X1)                           0.016150  0.060298   2.550338 f
  frfcfs.scheduler_i/n910 (net)                 1     0.001476            0.000000   2.550338 f
  frfcfs.scheduler_i/U1048/A (INVX1)                            0.016150  0.000000   2.550338 f
  frfcfs.scheduler_i/U1048/Y (INVX1)                            0.204364  0.147157   2.697495 r
  frfcfs.scheduler_i/n213 (net)                17     0.046675            0.000000   2.697495 r
  frfcfs.scheduler_i/U362/A (AOI22X1)                           0.204364  0.000000   2.697495 r
  frfcfs.scheduler_i/U362/Y (AOI22X1)                           0.034079  0.070660   2.768155 f
  frfcfs.scheduler_i/n767 (net)                 1     0.001763            0.000000   2.768155 f
  frfcfs.scheduler_i/U26/A (AND2X2)                             0.034079  0.000000   2.768155 f
  frfcfs.scheduler_i/U26/Y (AND2X2)                             0.003832  0.039692   2.807847 f
  frfcfs.scheduler_i/n766 (net)                 1     0.002832            0.000000   2.807847 f
  frfcfs.scheduler_i/U360/C (NAND3X1)                           0.003832  0.000000   2.807847 f
  frfcfs.scheduler_i/U360/Y (NAND3X1)                           0.036639  0.028508   2.836355 r
  frfcfs.scheduler_i/n757 (net)                 1     0.002292            0.000000   2.836355 r
  frfcfs.scheduler_i/U164/A (OR2X2)                             0.036639  0.000000   2.836355 r
  frfcfs.scheduler_i/U164/Y (OR2X2)                             0.009847  0.038805   2.875161 r
  frfcfs.scheduler_i/n659 (net)                 1     0.001551            0.000000   2.875161 r
  frfcfs.scheduler_i/U165/A (INVX1)                             0.009847  0.000000   2.875161 r
  frfcfs.scheduler_i/U165/Y (INVX1)                             0.018410  0.020283   2.895444 f
  frfcfs.scheduler_i/n19 (net)                  2     0.004437            0.000000   2.895444 f
  frfcfs.scheduler_i/U87/A (AND2X1)                             0.018410  0.000000   2.895444 f
  frfcfs.scheduler_i/U87/Y (AND2X1)                             0.010120  0.033467   2.928911 f
  frfcfs.scheduler_i/n756 (net)                 1     0.002312            0.000000   2.928911 f
  frfcfs.scheduler_i/U353/C (AOI21X1)                           0.010120  0.000000   2.928911 f
  frfcfs.scheduler_i/U353/Y (AOI21X1)                           0.025831  0.016392   2.945303 r
  frfcfs.scheduler_i/n693 (net)                 1     0.001539            0.000000   2.945303 r
  frfcfs.scheduler_i/U173/A (BUFX2)                             0.025831  0.000000   2.945303 r
  frfcfs.scheduler_i/U173/Y (BUFX2)                             0.014747  0.038479   2.983782 r
  frfcfs.scheduler_i/n24 (net)                  2     0.005072            0.000000   2.983782 r
  frfcfs.scheduler_i/U306/A (NAND2X1)                           0.014747  0.000000   2.983782 r
  frfcfs.scheduler_i/U306/Y (NAND2X1)                           0.021553  0.014450   2.998232 f
  frfcfs.scheduler_i/n702 (net)                 1     0.002832            0.000000   2.998232 f
  frfcfs.scheduler_i/U305/C (NAND3X1)                           0.021553  0.000000   2.998232 f
  frfcfs.scheduler_i/U305/Y (NAND3X1)                           0.040527  0.035089   3.033321 r
  frfcfs.scheduler_i/n701 (net)                 1     0.002961            0.000000   3.033321 r
  frfcfs.scheduler_i/U304/C (NAND3X1)                           0.040527  0.000000   3.033321 r
  frfcfs.scheduler_i/U304/Y (NAND3X1)                           0.017947  0.018289   3.051610 f
  frfcfs.scheduler_i/n700 (net)                 1     0.002832            0.000000   3.051610 f
  frfcfs.scheduler_i/U303/C (NAND3X1)                           0.017947  0.000000   3.051610 f
  frfcfs.scheduler_i/U303/Y (NAND3X1)                           0.040560  0.034168   3.085778 r
  frfcfs.scheduler_i/n699 (net)                 1     0.002961            0.000000   3.085778 r
  frfcfs.scheduler_i/U302/C (NAND3X1)                           0.040560  0.000000   3.085778 r
  frfcfs.scheduler_i/U302/Y (NAND3X1)                           0.015781  0.016711   3.102490 f
  frfcfs.scheduler_i/n698 (net)                 1     0.001884            0.000000   3.102490 f
  frfcfs.scheduler_i/U301/A (NAND2X1)                           0.015781  0.000000   3.102490 f
  frfcfs.scheduler_i/U301/Y (NAND2X1)                           0.032741  0.027352   3.129841 r
  frfcfs.scheduler_i/n697 (net)                 1     0.002010            0.000000   3.129841 r
  frfcfs.scheduler_i/U300/C (OAI21X1)                           0.032741  0.000000   3.129841 r
  frfcfs.scheduler_i/U300/Y (OAI21X1)                           0.027003  0.033734   3.163575 f
  frfcfs.scheduler_i/select_slot[1] (net)       5     0.011339            0.000000   3.163575 f
  frfcfs.scheduler_i/select_slot[1] (mc_scheduler_frfcfs_Q_DEPTH16_ADDR_W16_AGE_LIMIT128_AGING_ENABLE1)
                                                                          0.000000   3.163575 f
  select_slot[1] (net)                                0.011339            0.000000   3.163575 f
  U130/A (BUFX2)                                                0.027003  0.000000   3.163575 f
  U130/Y (BUFX2)                                                0.033002  0.057816   3.221391 f
  n45 (net)                                    12     0.022771            0.000000   3.221391 f
  U118/A (INVX1)                                                0.033002  0.000000   3.221391 f
  U118/Y (INVX1)                                                0.028903  0.040370   3.261762 r
  n136 (net)                                    5     0.011897            0.000000   3.261762 r
  U76/A (OR2X1)                                                 0.028903  0.000000   3.261762 r
  U76/Y (OR2X1)                                                 0.017794  0.036700   3.298461 r
  n141 (net)                                    1     0.001551            0.000000   3.298461 r
  U77/A (INVX1)                                                 0.017794  0.000000   3.298461 r
  U77/Y (INVX1)                                                 0.021243  0.024755   3.323216 f
  n33 (net)                                     3     0.005570            0.000000   3.323216 f
  U57/B (AND2X1)                                                0.021243  0.000000   3.323216 f
  U57/Y (AND2X1)                                                0.022782  0.049454   3.372670 f
  n42 (net)                                     3     0.004428            0.000000   3.372670 f
  U117/A (INVX1)                                                0.022782  0.000000   3.372670 f
  U117/Y (INVX1)                                                0.127260  0.100121   3.472791 r
  n60 (net)                                    13     0.031453            0.000000   3.472791 r
  U105/A (INVX1)                                                0.127260  0.000000   3.472791 r
  U105/Y (INVX1)                                                0.005750  0.049001   3.521792 f
  n59 (net)                                     2     0.002952            0.000000   3.521792 f
  U96/A (INVX1)                                                 0.005750  0.000000   3.521792 f
  U96/Y (INVX1)                                                 0.164984  0.119307   3.641099 r
  n57 (net)                                    16     0.039189            0.000000   3.641099 r
  U342/B (OR2X1)                                                0.164984  0.000000   3.641099 r
  U342/Y (OR2X1)                                                0.020753  0.056323   3.697423 r
  n935 (net)                                    1     0.002010            0.000000   3.697423 r
  U1074/C (OAI21X1)                                             0.020753  0.000000   3.697423 r
  U1074/Y (OAI21X1)                                             0.041571  0.016551   3.713974 f
  n938 (net)                                    1     0.002313            0.000000   3.713974 f
  U341/A (OR2X1)                                                0.041571  0.000000   3.713974 f
  U341/Y (OR2X1)                                                0.014451  0.044014   3.757988 f
  n943 (net)                                    1     0.003011            0.000000   3.757988 f
  U1078/A (NOR3X1)                                              0.014451  0.000000   3.757988 f
  U1078/Y (NOR3X1)                                              0.053430  0.050749   3.808737 r
  n944 (net)                                    1     0.002798            0.000000   3.808737 r
  U1079/A (MUX2X1)                                              0.053430  0.000000   3.808737 r
  U1079/Y (MUX2X1)                                              0.069519  0.029916   3.838653 f
  n946 (net)                                    1     0.001476            0.000000   3.838653 f
  U157/A (INVX1)                                                0.069519  0.000000   3.838653 f
  U157/Y (INVX1)                                                0.024682  0.047114   3.885767 r
  cmd_wdata[27] (net)                           1     0.010000            0.000000   3.885767 r
  cmd_wdata[27] (out)                                           0.024682  0.000000   3.885767 r
  data arrival time                                                                  3.885767

  clock core_clk (rise edge)                                              5.000000   5.000000
  clock network delay (ideal)                                             0.000000   5.000000
  clock uncertainty                                                       -0.100000  4.900000
  output external delay                                                   -1.000000  3.900000
  data required time                                                                 3.900000
  ----------------------------------------------------------------------------------------------
  data required time                                                                 3.900000
  data arrival time                                                                  -3.885767
  ----------------------------------------------------------------------------------------------
  slack (MET)                                                                        0.014234


  Startpoint: table_i/addresses_reg[91]
              (rising edge-triggered flip-flop clocked by core_clk)
  Endpoint: cmd_wdata[24]
            (output port clocked by core_clk)
  Path Group: core_clk
  Path Type: max

  Point                                       Fanout       Cap     Trans      Incr       Path
  ----------------------------------------------------------------------------------------------
  clock core_clk (rise edge)                                              0.000000   0.000000
  clock network delay (ideal)                                             0.000000   0.000000
  table_i/addresses_reg[91]/CLK (DFFPOSX1)                      0.000000  0.000000 # 0.000000 r
  table_i/addresses_reg[91]/Q (DFFPOSX1)                        0.237835  0.211392   0.211392 r
  table_i/addresses[91] (net)                  21     0.099546            0.000000   0.211392 r
  table_i/addresses[91] (mc_transaction_table_Q_DEPTH16_ADDR_W16_DATA_W32_TAG_W8_READ_LATENCY3_AGE_LIMIT128)
                                                                          0.000000   0.211392 r
  addresses[91] (net)                                 0.099546            0.000000   0.211392 r
  candidates_i/addresses[91] (mc_candidates_Q_DEPTH16_ROW_W8_COL_W6)      0.000000   0.211392 r
  candidates_i/addresses[91] (net)                    0.099546            0.000000   0.211392 r
  candidates_i/U4170/A (INVX1)                                  0.237835  0.000000   0.211392 r
  candidates_i/U4170/Y (INVX1)                                  0.000000  0.075928   0.287320 f
  candidates_i/n1407 (net)                      1     0.001476            0.000000   0.287320 f
  candidates_i/U4095/A (INVX1)                                  0.000000  0.000000   0.287320 f
  candidates_i/U4095/Y (INVX1)                                  0.312264  0.210691   0.498011 r
  candidates_i/n1406 (net)                     13     0.067956            0.000000   0.498011 r
  candidates_i/U6364/A (XNOR2X1)                                0.312264  0.000000   0.498011 r
  candidates_i/U6364/Y (XNOR2X1)                                0.040105  0.070721   0.568731 r
  candidates_i/n5531 (net)                      1     0.002343            0.000000   0.568731 r
  candidates_i/U3433/B (AND2X1)                                 0.040105  0.000000   0.568731 r
  candidates_i/U3433/Y (AND2X1)                                 0.026675  0.038371   0.607102 r
  candidates_i/n5535 (net)                      1     0.001551            0.000000   0.607102 r
  candidates_i/U3434/A (INVX1)                                  0.026675  0.000000   0.607102 r
  candidates_i/U3434/Y (INVX1)                                  0.012970  0.021909   0.629011 f
  candidates_i/n1088 (net)                      1     0.003011            0.000000   0.629011 f
  candidates_i/U6367/A (NOR3X1)                                 0.012970  0.000000   0.629011 f
  candidates_i/U6367/Y (NOR3X1)                                 0.050225  0.048204   0.677215 r
  candidates_i/n5542 (net)                      1     0.002111            0.000000   0.677215 r
  candidates_i/U6373/A (NAND2X1)                                0.050225  0.000000   0.677215 r
  candidates_i/U6373/Y (NAND2X1)                                0.020587  0.022367   0.699582 f
  candidates_i/n5559 (net)                      1     0.003011            0.000000   0.699582 f
  candidates_i/U6388/A (NOR3X1)                                 0.020587  0.000000   0.699582 f
  candidates_i/U6388/Y (NOR3X1)                                 0.064039  0.059420   0.759002 r
  candidates_i/N1799 (net)                      2     0.005095            0.000000   0.759002 r
  candidates_i/U2135/A (NAND3X1)                                0.064039  0.000000   0.759002 r
  candidates_i/U2135/Y (NAND3X1)                                0.011880  0.024262   0.783264 f
  candidates_i/n3188 (net)                      1     0.001820            0.000000   0.783264 f
  candidates_i/U406/B (AND2X2)                                  0.011880  0.000000   0.783264 f
  candidates_i/U406/Y (AND2X2)                                  0.000000  0.038171   0.821435 f
  candidates_i/n3186 (net)                      1     0.002832            0.000000   0.821435 f
  candidates_i/U2134/C (NAND3X1)                                0.000000  0.000000   0.821435 f
  candidates_i/U2134/Y (NAND3X1)                                0.040766  0.029765   0.851200 r
  candidates_i/n3176 (net)                      1     0.003021            0.000000   0.851200 r
  candidates_i/U2126/A (NOR3X1)                                 0.040766  0.000000   0.851200 r
  candidates_i/U2126/Y (NOR3X1)                                 0.025642  0.041032   0.892233 f
  candidates_i/n3175 (net)                      1     0.001827            0.000000   0.892233 f
  candidates_i/U504/B (AND2X1)                                  0.025642  0.000000   0.892233 f
  candidates_i/U504/Y (AND2X1)                                  0.024608  0.051514   0.943746 f
  candidates_i/eligible[12] (net)               3     0.005174            0.000000   0.943746 f
  candidates_i/U505/A (INVX1)                                   0.024608  0.000000   0.943746 f
  candidates_i/U505/Y (INVX1)                                   0.000000  0.006303   0.950050 r
  candidates_i/n48 (net)                        1     0.002292            0.000000   0.950050 r
  candidates_i/U3304/A (OR2X2)                                  0.000000  0.000000   0.950050 r
  candidates_i/U3304/Y (OR2X2)                                  0.055007  0.034618   0.984668 r
  candidates_i/n2007 (net)                      1     0.001551            0.000000   0.984668 r
  candidates_i/U3305/A (INVX1)                                  0.055007  0.000000   0.984668 r
  candidates_i/U3305/Y (INVX1)                                  0.035936  0.046591   1.031260 f
  candidates_i/n1016 (net)                      4     0.011326            0.000000   1.031260 f
  candidates_i/U2123/C (NAND3X1)                                0.035936  0.000000   1.031260 f
  candidates_i/U2123/Y (NAND3X1)                                0.033171  0.035400   1.066659 r
  candidates_i/n3173 (net)                      1     0.001869            0.000000   1.066659 r
  candidates_i/U405/B (AND2X2)                                  0.033171  0.000000   1.066659 r
  candidates_i/U405/Y (AND2X2)                                  0.011445  0.034182   1.100841 r
  candidates_i/n3171 (net)                      1     0.002961            0.000000   1.100841 r
  candidates_i/U2122/C (NAND3X1)                                0.011445  0.000000   1.100841 r
  candidates_i/U2122/Y (NAND3X1)                                0.017917  0.011798   1.112639 f
  candidates_i/n3050 (net)                      1     0.003011            0.000000   1.112639 f
  candidates_i/U1995/A (NOR3X1)                                 0.017917  0.000000   1.112639 f
  candidates_i/U1995/Y (NOR3X1)                                 0.050673  0.049517   1.162156 r
  candidates_i/n2815 (net)                      1     0.002291            0.000000   1.162156 r
  candidates_i/U3831/A (AND2X1)                                 0.050673  0.000000   1.162156 r
  candidates_i/U3831/Y (AND2X1)                                 0.025498  0.028024   1.190180 r
  candidates_i/n1297 (net)                      1     0.001551            0.000000   1.190180 r
  candidates_i/U3832/A (INVX1)                                  0.025498  0.000000   1.190180 r
  candidates_i/U3832/Y (INVX1)                                  0.097130  0.079190   1.269370 f
  candidates_i/n2789 (net)                     16     0.031107            0.000000   1.269370 f
  candidates_i/U1707/B (NAND2X1)                                0.097130  0.000000   1.269370 f
  candidates_i/U1707/Y (NAND2X1)                                0.032412  0.041784   1.311154 r
  candidates_i/n2788 (net)                      1     0.002548            0.000000   1.311154 r
  candidates_i/U1706/A (NAND3X1)                                0.032412  0.000000   1.311154 r
  candidates_i/U1706/Y (NAND3X1)                                0.038186  0.019595   1.330749 f
  candidates_i/n2683 (net)                      1     0.001504            0.000000   1.330749 f
  candidates_i/U534/A (BUFX2)                                   0.038186  0.000000   1.330749 f
  candidates_i/U534/Y (BUFX2)                                   0.009613  0.040197   1.370946 f
  candidates_i/n67 (net)                        2     0.003788            0.000000   1.370946 f
  candidates_i/U3866/A (INVX1)                                  0.009613  0.000000   1.370946 f
  candidates_i/U3866/Y (INVX1)                                  0.183886  0.132344   1.503290 r
  candidates_i/n7290 (net)                     15     0.042798            0.000000   1.503290 r
  candidates_i/U1639/A (AOI22X1)                                0.183886  0.000000   1.503290 r
  candidates_i/U1639/Y (AOI22X1)                                0.034084  0.066589   1.569879 f
  candidates_i/n2708 (net)                      1     0.001763            0.000000   1.569879 f
  candidates_i/U374/A (AND2X2)                                  0.034084  0.000000   1.569879 f
  candidates_i/U374/Y (AND2X2)                                  0.004681  0.039693   1.609572 f
  candidates_i/n2707 (net)                      1     0.002832            0.000000   1.609572 f
  candidates_i/U1637/C (NAND3X1)                                0.004681  0.000000   1.609572 f
  candidates_i/U1637/Y (NAND3X1)                                0.036595  0.028697   1.638269 r
  candidates_i/n2704 (net)                      1     0.002283            0.000000   1.638269 r
  candidates_i/U373/B (OR2X2)                                   0.036595  0.000000   1.638269 r
  candidates_i/U373/Y (OR2X2)                                   0.017298  0.050578   1.688847 r
  candidates_i/n2054 (net)                      2     0.004842            0.000000   1.688847 r
  candidates_i/U1625/B (NAND3X1)                                0.017298  0.000000   1.688847 r
  candidates_i/U1625/Y (NAND3X1)                                0.016156  0.014692   1.703539 f
  candidates_i/n2690 (net)                      1     0.001924            0.000000   1.703539 f
  candidates_i/U1624/C (OAI21X1)                                0.016156  0.000000   1.703539 f
  candidates_i/U1624/Y (OAI21X1)                                0.045011  0.022346   1.725885 r
  candidates_i/n2663 (net)                      1     0.002817            0.000000   1.725885 r
  candidates_i/U1601/A (AOI22X1)                                0.045011  0.000000   1.725885 r
  candidates_i/U1601/Y (AOI22X1)                                0.035654  0.039927   1.765812 f
  candidates_i/n2662 (net)                      1     0.002312            0.000000   1.765812 f
  candidates_i/U1600/C (AOI21X1)                                0.035654  0.000000   1.765812 f
  candidates_i/U1600/Y (AOI21X1)                                0.027785  0.025672   1.791484 r
  candidates_i/n2661 (net)                      1     0.002386            0.000000   1.791484 r
  candidates_i/U1599/C (AOI21X1)                                0.027785  0.000000   1.791484 r
  candidates_i/U1599/Y (AOI21X1)                                0.015015  0.017616   1.809100 f
  candidates_i/n2646 (net)                      1     0.002632            0.000000   1.809100 f
  candidates_i/U1587/B (OAI21X1)                                0.015015  0.000000   1.809100 f
  candidates_i/U1587/Y (OAI21X1)                                0.041918  0.040493   1.849593 r
  candidates_i/n2631 (net)                      1     0.002111            0.000000   1.849593 r
  candidates_i/U1575/A (NAND2X1)                                0.041918  0.000000   1.849593 r
  candidates_i/U1575/Y (NAND2X1)                                0.020639  0.018692   1.868284 f
  candidates_i/n2630 (net)                      1     0.001944            0.000000   1.868284 f
  candidates_i/U1574/B (NAND2X1)                                0.020639  0.000000   1.868284 f
  candidates_i/U1574/Y (NAND2X1)                                0.036723  0.017556   1.885841 r
  candidates_i/n2601 (net)                      1     0.002741            0.000000   1.885841 r
  candidates_i/U1550/A (AOI21X1)                                0.036723  0.000000   1.885841 r
  candidates_i/U1550/Y (AOI21X1)                                0.017841  0.022767   1.908608 f
  candidates_i/n2586 (net)                      1     0.002632            0.000000   1.908608 f
  candidates_i/U1538/B (OAI21X1)                                0.017841  0.000000   1.908608 f
  candidates_i/U1538/Y (OAI21X1)                                0.060709  0.053995   1.962602 r
  candidates_i/candidate_slots[0] (net)         3     0.006134            0.000000   1.962602 r
  candidates_i/candidate_slots[0] (mc_candidates_Q_DEPTH16_ROW_W8_COL_W6) 0.000000   1.962602 r
  candidate_slots[0] (net)                            0.006134            0.000000   1.962602 r
  frfcfs.scheduler_i/candidate_slots[0] (mc_scheduler_frfcfs_Q_DEPTH16_ADDR_W16_AGE_LIMIT128_AGING_ENABLE1)
                                                                          0.000000   1.962602 r
  frfcfs.scheduler_i/candidate_slots[0] (net)         0.006134            0.000000   1.962602 r
  frfcfs.scheduler_i/U1041/A (INVX1)                            0.060709  0.000000   1.962602 r
  frfcfs.scheduler_i/U1041/Y (INVX1)                            0.012515  0.032431   1.995033 f
  frfcfs.scheduler_i/n274 (net)                 2     0.003653            0.000000   1.995033 f
  frfcfs.scheduler_i/U994/B (AND2X1)                            0.012515  0.000000   1.995033 f
  frfcfs.scheduler_i/U994/Y (AND2X1)                            0.035569  0.057351   2.052384 f
  frfcfs.scheduler_i/n957 (net)                 4     0.008834            0.000000   2.052384 f
  frfcfs.scheduler_i/U533/A (NAND3X1)                           0.035569  0.000000   2.052384 f
  frfcfs.scheduler_i/U533/Y (NAND3X1)                           0.031097  0.042881   2.095265 r
  frfcfs.scheduler_i/n981 (net)                 1     0.001798            0.000000   2.095265 r
  frfcfs.scheduler_i/U928/A (AND2X2)                            0.031097  0.000000   2.095265 r
  frfcfs.scheduler_i/U928/Y (AND2X2)                            0.008125  0.032596   2.127861 r
  frfcfs.scheduler_i/n975 (net)                 1     0.001551            0.000000   2.127861 r
  frfcfs.scheduler_i/U929/A (INVX1)                             0.008125  0.000000   2.127861 r
  frfcfs.scheduler_i/U929/Y (INVX1)                             0.012959  0.015991   2.143853 f
  frfcfs.scheduler_i/n101 (net)                 1     0.002573            0.000000   2.143853 f
  frfcfs.scheduler_i/U524/A (OAI21X1)                           0.012959  0.000000   2.143853 f
  frfcfs.scheduler_i/U524/Y (OAI21X1)                           0.039205  0.040450   2.184303 r
  frfcfs.scheduler_i/n974 (net)                 1     0.001551            0.000000   2.184303 r
  frfcfs.scheduler_i/U991/A (INVX1)                             0.039205  0.000000   2.184303 r
  frfcfs.scheduler_i/U991/Y (INVX1)                             0.016800  0.028517   2.212821 f
  frfcfs.scheduler_i/n249 (net)                 2     0.004582            0.000000   2.212821 f
  frfcfs.scheduler_i/U511/A (AOI22X1)                           0.016800  0.000000   2.212821 f
  frfcfs.scheduler_i/U511/Y (AOI22X1)                           0.044327  0.047514   2.260335 r
  frfcfs.scheduler_i/n919 (net)                 1     0.001798            0.000000   2.260335 r
  frfcfs.scheduler_i/U50/A (AND2X2)                             0.044327  0.000000   2.260335 r
  frfcfs.scheduler_i/U50/Y (AND2X2)                             0.012059  0.035344   2.295679 r
  frfcfs.scheduler_i/n918 (net)                 1     0.002961            0.000000   2.295679 r
  frfcfs.scheduler_i/U485/C (NAND3X1)                           0.012059  0.000000   2.295679 r
  frfcfs.scheduler_i/U485/Y (NAND3X1)                           0.015778  0.010664   2.306343 f
  frfcfs.scheduler_i/n915 (net)                 1     0.002247            0.000000   2.306343 f
  frfcfs.scheduler_i/U988/B (OR2X1)                             0.015778  0.000000   2.306343 f
  frfcfs.scheduler_i/U988/Y (OR2X1)                             0.010524  0.047546   2.353889 f
  frfcfs.scheduler_i/n133 (net)                 1     0.001476            0.000000   2.353889 f
  frfcfs.scheduler_i/U989/A (INVX1)                             0.010524  0.000000   2.353889 f
  frfcfs.scheduler_i/U989/Y (INVX1)                             0.189497  0.136151   2.490039 r
  frfcfs.scheduler_i/n887 (net)                16     0.043876            0.000000   2.490039 r
  frfcfs.scheduler_i/U480/A (OAI21X1)                           0.189497  0.000000   2.490039 r
  frfcfs.scheduler_i/U480/Y (OAI21X1)                           0.016150  0.060298   2.550338 f
  frfcfs.scheduler_i/n910 (net)                 1     0.001476            0.000000   2.550338 f
  frfcfs.scheduler_i/U1048/A (INVX1)                            0.016150  0.000000   2.550338 f
  frfcfs.scheduler_i/U1048/Y (INVX1)                            0.204364  0.147157   2.697495 r
  frfcfs.scheduler_i/n213 (net)                17     0.046675            0.000000   2.697495 r
  frfcfs.scheduler_i/U362/A (AOI22X1)                           0.204364  0.000000   2.697495 r
  frfcfs.scheduler_i/U362/Y (AOI22X1)                           0.034079  0.070660   2.768155 f
  frfcfs.scheduler_i/n767 (net)                 1     0.001763            0.000000   2.768155 f
  frfcfs.scheduler_i/U26/A (AND2X2)                             0.034079  0.000000   2.768155 f
  frfcfs.scheduler_i/U26/Y (AND2X2)                             0.003832  0.039692   2.807847 f
  frfcfs.scheduler_i/n766 (net)                 1     0.002832            0.000000   2.807847 f
  frfcfs.scheduler_i/U360/C (NAND3X1)                           0.003832  0.000000   2.807847 f
  frfcfs.scheduler_i/U360/Y (NAND3X1)                           0.036639  0.028508   2.836355 r
  frfcfs.scheduler_i/n757 (net)                 1     0.002292            0.000000   2.836355 r
  frfcfs.scheduler_i/U164/A (OR2X2)                             0.036639  0.000000   2.836355 r
  frfcfs.scheduler_i/U164/Y (OR2X2)                             0.009847  0.038805   2.875161 r
  frfcfs.scheduler_i/n659 (net)                 1     0.001551            0.000000   2.875161 r
  frfcfs.scheduler_i/U165/A (INVX1)                             0.009847  0.000000   2.875161 r
  frfcfs.scheduler_i/U165/Y (INVX1)                             0.018410  0.020283   2.895444 f
  frfcfs.scheduler_i/n19 (net)                  2     0.004437            0.000000   2.895444 f
  frfcfs.scheduler_i/U87/A (AND2X1)                             0.018410  0.000000   2.895444 f
  frfcfs.scheduler_i/U87/Y (AND2X1)                             0.010120  0.033467   2.928911 f
  frfcfs.scheduler_i/n756 (net)                 1     0.002312            0.000000   2.928911 f
  frfcfs.scheduler_i/U353/C (AOI21X1)                           0.010120  0.000000   2.928911 f
  frfcfs.scheduler_i/U353/Y (AOI21X1)                           0.025831  0.016392   2.945303 r
  frfcfs.scheduler_i/n693 (net)                 1     0.001539            0.000000   2.945303 r
  frfcfs.scheduler_i/U173/A (BUFX2)                             0.025831  0.000000   2.945303 r
  frfcfs.scheduler_i/U173/Y (BUFX2)                             0.014747  0.038479   2.983782 r
  frfcfs.scheduler_i/n24 (net)                  2     0.005072            0.000000   2.983782 r
  frfcfs.scheduler_i/U306/A (NAND2X1)                           0.014747  0.000000   2.983782 r
  frfcfs.scheduler_i/U306/Y (NAND2X1)                           0.021553  0.014450   2.998232 f
  frfcfs.scheduler_i/n702 (net)                 1     0.002832            0.000000   2.998232 f
  frfcfs.scheduler_i/U305/C (NAND3X1)                           0.021553  0.000000   2.998232 f
  frfcfs.scheduler_i/U305/Y (NAND3X1)                           0.040527  0.035089   3.033321 r
  frfcfs.scheduler_i/n701 (net)                 1     0.002961            0.000000   3.033321 r
  frfcfs.scheduler_i/U304/C (NAND3X1)                           0.040527  0.000000   3.033321 r
  frfcfs.scheduler_i/U304/Y (NAND3X1)                           0.017947  0.018289   3.051610 f
  frfcfs.scheduler_i/n700 (net)                 1     0.002832            0.000000   3.051610 f
  frfcfs.scheduler_i/U303/C (NAND3X1)                           0.017947  0.000000   3.051610 f
  frfcfs.scheduler_i/U303/Y (NAND3X1)                           0.040560  0.034168   3.085778 r
  frfcfs.scheduler_i/n699 (net)                 1     0.002961            0.000000   3.085778 r
  frfcfs.scheduler_i/U302/C (NAND3X1)                           0.040560  0.000000   3.085778 r
  frfcfs.scheduler_i/U302/Y (NAND3X1)                           0.015781  0.016711   3.102490 f
  frfcfs.scheduler_i/n698 (net)                 1     0.001884            0.000000   3.102490 f
  frfcfs.scheduler_i/U301/A (NAND2X1)                           0.015781  0.000000   3.102490 f
  frfcfs.scheduler_i/U301/Y (NAND2X1)                           0.032741  0.027352   3.129841 r
  frfcfs.scheduler_i/n697 (net)                 1     0.002010            0.000000   3.129841 r
  frfcfs.scheduler_i/U300/C (OAI21X1)                           0.032741  0.000000   3.129841 r
  frfcfs.scheduler_i/U300/Y (OAI21X1)                           0.027003  0.033734   3.163575 f
  frfcfs.scheduler_i/select_slot[1] (net)       5     0.011339            0.000000   3.163575 f
  frfcfs.scheduler_i/select_slot[1] (mc_scheduler_frfcfs_Q_DEPTH16_ADDR_W16_AGE_LIMIT128_AGING_ENABLE1)
                                                                          0.000000   3.163575 f
  select_slot[1] (net)                                0.011339            0.000000   3.163575 f
  U130/A (BUFX2)                                                0.027003  0.000000   3.163575 f
  U130/Y (BUFX2)                                                0.033002  0.057816   3.221391 f
  n45 (net)                                    12     0.022771            0.000000   3.221391 f
  U118/A (INVX1)                                                0.033002  0.000000   3.221391 f
  U118/Y (INVX1)                                                0.028903  0.040370   3.261762 r
  n136 (net)                                    5     0.011897            0.000000   3.261762 r
  U76/A (OR2X1)                                                 0.028903  0.000000   3.261762 r
  U76/Y (OR2X1)                                                 0.017794  0.036700   3.298461 r
  n141 (net)                                    1     0.001551            0.000000   3.298461 r
  U77/A (INVX1)                                                 0.017794  0.000000   3.298461 r
  U77/Y (INVX1)                                                 0.021243  0.024755   3.323216 f
  n33 (net)                                     3     0.005570            0.000000   3.323216 f
  U57/B (AND2X1)                                                0.021243  0.000000   3.323216 f
  U57/Y (AND2X1)                                                0.022782  0.049454   3.372670 f
  n42 (net)                                     3     0.004428            0.000000   3.372670 f
  U117/A (INVX1)                                                0.022782  0.000000   3.372670 f
  U117/Y (INVX1)                                                0.127260  0.100121   3.472791 r
  n60 (net)                                    13     0.031453            0.000000   3.472791 r
  U105/A (INVX1)                                                0.127260  0.000000   3.472791 r
  U105/Y (INVX1)                                                0.005750  0.049001   3.521792 f
  n59 (net)                                     2     0.002952            0.000000   3.521792 f
  U96/A (INVX1)                                                 0.005750  0.000000   3.521792 f
  U96/Y (INVX1)                                                 0.164984  0.119307   3.641099 r
  n57 (net)                                    16     0.039189            0.000000   3.641099 r
  U336/B (OR2X1)                                                0.164984  0.000000   3.641099 r
  U336/Y (OR2X1)                                                0.020753  0.056323   3.697423 r
  n872 (net)                                    1     0.002010            0.000000   3.697423 r
  U1041/C (OAI21X1)                                             0.020753  0.000000   3.697423 r
  U1041/Y (OAI21X1)                                             0.041571  0.016551   3.713974 f
  n875 (net)                                    1     0.002313            0.000000   3.713974 f
  U335/A (OR2X1)                                                0.041571  0.000000   3.713974 f
  U335/Y (OR2X1)                                                0.014451  0.044014   3.757988 f
  n880 (net)                                    1     0.003011            0.000000   3.757988 f
  U1045/A (NOR3X1)                                              0.014451  0.000000   3.757988 f
  U1045/Y (NOR3X1)                                              0.053430  0.050749   3.808737 r
  n881 (net)                                    1     0.002798            0.000000   3.808737 r
  U1046/A (MUX2X1)                                              0.053430  0.000000   3.808737 r
  U1046/Y (MUX2X1)                                              0.069519  0.029916   3.838653 f
  n883 (net)                                    1     0.001476            0.000000   3.838653 f
  U154/A (INVX1)                                                0.069519  0.000000   3.838653 f
  U154/Y (INVX1)                                                0.024682  0.047114   3.885767 r
  cmd_wdata[24] (net)                           1     0.010000            0.000000   3.885767 r
  cmd_wdata[24] (out)                                           0.024682  0.000000   3.885767 r
  data arrival time                                                                  3.885767

  clock core_clk (rise edge)                                              5.000000   5.000000
  clock network delay (ideal)                                             0.000000   5.000000
  clock uncertainty                                                       -0.100000  4.900000
  output external delay                                                   -1.000000  3.900000
  data required time                                                                 3.900000
  ----------------------------------------------------------------------------------------------
  data required time                                                                 3.900000
  data arrival time                                                                  -3.885767
  ----------------------------------------------------------------------------------------------
  slack (MET)                                                                        0.014234


  Startpoint: table_i/addresses_reg[91]
              (rising edge-triggered flip-flop clocked by core_clk)
  Endpoint: cmd_wdata[26]
            (output port clocked by core_clk)
  Path Group: core_clk
  Path Type: max

  Point                                       Fanout       Cap     Trans      Incr       Path
  ----------------------------------------------------------------------------------------------
  clock core_clk (rise edge)                                              0.000000   0.000000
  clock network delay (ideal)                                             0.000000   0.000000
  table_i/addresses_reg[91]/CLK (DFFPOSX1)                      0.000000  0.000000 # 0.000000 r
  table_i/addresses_reg[91]/Q (DFFPOSX1)                        0.237835  0.211392   0.211392 r
  table_i/addresses[91] (net)                  21     0.099546            0.000000   0.211392 r
  table_i/addresses[91] (mc_transaction_table_Q_DEPTH16_ADDR_W16_DATA_W32_TAG_W8_READ_LATENCY3_AGE_LIMIT128)
                                                                          0.000000   0.211392 r
  addresses[91] (net)                                 0.099546            0.000000   0.211392 r
  candidates_i/addresses[91] (mc_candidates_Q_DEPTH16_ROW_W8_COL_W6)      0.000000   0.211392 r
  candidates_i/addresses[91] (net)                    0.099546            0.000000   0.211392 r
  candidates_i/U4170/A (INVX1)                                  0.237835  0.000000   0.211392 r
  candidates_i/U4170/Y (INVX1)                                  0.000000  0.075928   0.287320 f
  candidates_i/n1407 (net)                      1     0.001476            0.000000   0.287320 f
  candidates_i/U4095/A (INVX1)                                  0.000000  0.000000   0.287320 f
  candidates_i/U4095/Y (INVX1)                                  0.312264  0.210691   0.498011 r
  candidates_i/n1406 (net)                     13     0.067956            0.000000   0.498011 r
  candidates_i/U6364/A (XNOR2X1)                                0.312264  0.000000   0.498011 r
  candidates_i/U6364/Y (XNOR2X1)                                0.040105  0.070721   0.568731 r
  candidates_i/n5531 (net)                      1     0.002343            0.000000   0.568731 r
  candidates_i/U3433/B (AND2X1)                                 0.040105  0.000000   0.568731 r
  candidates_i/U3433/Y (AND2X1)                                 0.026675  0.038371   0.607102 r
  candidates_i/n5535 (net)                      1     0.001551            0.000000   0.607102 r
  candidates_i/U3434/A (INVX1)                                  0.026675  0.000000   0.607102 r
  candidates_i/U3434/Y (INVX1)                                  0.012970  0.021909   0.629011 f
  candidates_i/n1088 (net)                      1     0.003011            0.000000   0.629011 f
  candidates_i/U6367/A (NOR3X1)                                 0.012970  0.000000   0.629011 f
  candidates_i/U6367/Y (NOR3X1)                                 0.050225  0.048204   0.677215 r
  candidates_i/n5542 (net)                      1     0.002111            0.000000   0.677215 r
  candidates_i/U6373/A (NAND2X1)                                0.050225  0.000000   0.677215 r
  candidates_i/U6373/Y (NAND2X1)                                0.020587  0.022367   0.699582 f
  candidates_i/n5559 (net)                      1     0.003011            0.000000   0.699582 f
  candidates_i/U6388/A (NOR3X1)                                 0.020587  0.000000   0.699582 f
  candidates_i/U6388/Y (NOR3X1)                                 0.064039  0.059420   0.759002 r
  candidates_i/N1799 (net)                      2     0.005095            0.000000   0.759002 r
  candidates_i/U2135/A (NAND3X1)                                0.064039  0.000000   0.759002 r
  candidates_i/U2135/Y (NAND3X1)                                0.011880  0.024262   0.783264 f
  candidates_i/n3188 (net)                      1     0.001820            0.000000   0.783264 f
  candidates_i/U406/B (AND2X2)                                  0.011880  0.000000   0.783264 f
  candidates_i/U406/Y (AND2X2)                                  0.000000  0.038171   0.821435 f
  candidates_i/n3186 (net)                      1     0.002832            0.000000   0.821435 f
  candidates_i/U2134/C (NAND3X1)                                0.000000  0.000000   0.821435 f
  candidates_i/U2134/Y (NAND3X1)                                0.040766  0.029765   0.851200 r
  candidates_i/n3176 (net)                      1     0.003021            0.000000   0.851200 r
  candidates_i/U2126/A (NOR3X1)                                 0.040766  0.000000   0.851200 r
  candidates_i/U2126/Y (NOR3X1)                                 0.025642  0.041032   0.892233 f
  candidates_i/n3175 (net)                      1     0.001827            0.000000   0.892233 f
  candidates_i/U504/B (AND2X1)                                  0.025642  0.000000   0.892233 f
  candidates_i/U504/Y (AND2X1)                                  0.024608  0.051514   0.943746 f
  candidates_i/eligible[12] (net)               3     0.005174            0.000000   0.943746 f
  candidates_i/U505/A (INVX1)                                   0.024608  0.000000   0.943746 f
  candidates_i/U505/Y (INVX1)                                   0.000000  0.006303   0.950050 r
  candidates_i/n48 (net)                        1     0.002292            0.000000   0.950050 r
  candidates_i/U3304/A (OR2X2)                                  0.000000  0.000000   0.950050 r
  candidates_i/U3304/Y (OR2X2)                                  0.055007  0.034618   0.984668 r
  candidates_i/n2007 (net)                      1     0.001551            0.000000   0.984668 r
  candidates_i/U3305/A (INVX1)                                  0.055007  0.000000   0.984668 r
  candidates_i/U3305/Y (INVX1)                                  0.035936  0.046591   1.031260 f
  candidates_i/n1016 (net)                      4     0.011326            0.000000   1.031260 f
  candidates_i/U2123/C (NAND3X1)                                0.035936  0.000000   1.031260 f
  candidates_i/U2123/Y (NAND3X1)                                0.033171  0.035400   1.066659 r
  candidates_i/n3173 (net)                      1     0.001869            0.000000   1.066659 r
  candidates_i/U405/B (AND2X2)                                  0.033171  0.000000   1.066659 r
  candidates_i/U405/Y (AND2X2)                                  0.011445  0.034182   1.100841 r
  candidates_i/n3171 (net)                      1     0.002961            0.000000   1.100841 r
  candidates_i/U2122/C (NAND3X1)                                0.011445  0.000000   1.100841 r
  candidates_i/U2122/Y (NAND3X1)                                0.017917  0.011798   1.112639 f
  candidates_i/n3050 (net)                      1     0.003011            0.000000   1.112639 f
  candidates_i/U1995/A (NOR3X1)                                 0.017917  0.000000   1.112639 f
  candidates_i/U1995/Y (NOR3X1)                                 0.050673  0.049517   1.162156 r
  candidates_i/n2815 (net)                      1     0.002291            0.000000   1.162156 r
  candidates_i/U3831/A (AND2X1)                                 0.050673  0.000000   1.162156 r
  candidates_i/U3831/Y (AND2X1)                                 0.025498  0.028024   1.190180 r
  candidates_i/n1297 (net)                      1     0.001551            0.000000   1.190180 r
  candidates_i/U3832/A (INVX1)                                  0.025498  0.000000   1.190180 r
  candidates_i/U3832/Y (INVX1)                                  0.097130  0.079190   1.269370 f
  candidates_i/n2789 (net)                     16     0.031107            0.000000   1.269370 f
  candidates_i/U1707/B (NAND2X1)                                0.097130  0.000000   1.269370 f
  candidates_i/U1707/Y (NAND2X1)                                0.032412  0.041784   1.311154 r
  candidates_i/n2788 (net)                      1     0.002548            0.000000   1.311154 r
  candidates_i/U1706/A (NAND3X1)                                0.032412  0.000000   1.311154 r
  candidates_i/U1706/Y (NAND3X1)                                0.038186  0.019595   1.330749 f
  candidates_i/n2683 (net)                      1     0.001504            0.000000   1.330749 f
  candidates_i/U534/A (BUFX2)                                   0.038186  0.000000   1.330749 f
  candidates_i/U534/Y (BUFX2)                                   0.009613  0.040197   1.370946 f
  candidates_i/n67 (net)                        2     0.003788            0.000000   1.370946 f
  candidates_i/U3866/A (INVX1)                                  0.009613  0.000000   1.370946 f
  candidates_i/U3866/Y (INVX1)                                  0.183886  0.132344   1.503290 r
  candidates_i/n7290 (net)                     15     0.042798            0.000000   1.503290 r
  candidates_i/U1639/A (AOI22X1)                                0.183886  0.000000   1.503290 r
  candidates_i/U1639/Y (AOI22X1)                                0.034084  0.066589   1.569879 f
  candidates_i/n2708 (net)                      1     0.001763            0.000000   1.569879 f
  candidates_i/U374/A (AND2X2)                                  0.034084  0.000000   1.569879 f
  candidates_i/U374/Y (AND2X2)                                  0.004681  0.039693   1.609572 f
  candidates_i/n2707 (net)                      1     0.002832            0.000000   1.609572 f
  candidates_i/U1637/C (NAND3X1)                                0.004681  0.000000   1.609572 f
  candidates_i/U1637/Y (NAND3X1)                                0.036595  0.028697   1.638269 r
  candidates_i/n2704 (net)                      1     0.002283            0.000000   1.638269 r
  candidates_i/U373/B (OR2X2)                                   0.036595  0.000000   1.638269 r
  candidates_i/U373/Y (OR2X2)                                   0.017298  0.050578   1.688847 r
  candidates_i/n2054 (net)                      2     0.004842            0.000000   1.688847 r
  candidates_i/U1625/B (NAND3X1)                                0.017298  0.000000   1.688847 r
  candidates_i/U1625/Y (NAND3X1)                                0.016156  0.014692   1.703539 f
  candidates_i/n2690 (net)                      1     0.001924            0.000000   1.703539 f
  candidates_i/U1624/C (OAI21X1)                                0.016156  0.000000   1.703539 f
  candidates_i/U1624/Y (OAI21X1)                                0.045011  0.022346   1.725885 r
  candidates_i/n2663 (net)                      1     0.002817            0.000000   1.725885 r
  candidates_i/U1601/A (AOI22X1)                                0.045011  0.000000   1.725885 r
  candidates_i/U1601/Y (AOI22X1)                                0.035654  0.039927   1.765812 f
  candidates_i/n2662 (net)                      1     0.002312            0.000000   1.765812 f
  candidates_i/U1600/C (AOI21X1)                                0.035654  0.000000   1.765812 f
  candidates_i/U1600/Y (AOI21X1)                                0.027785  0.025672   1.791484 r
  candidates_i/n2661 (net)                      1     0.002386            0.000000   1.791484 r
  candidates_i/U1599/C (AOI21X1)                                0.027785  0.000000   1.791484 r
  candidates_i/U1599/Y (AOI21X1)                                0.015015  0.017616   1.809100 f
  candidates_i/n2646 (net)                      1     0.002632            0.000000   1.809100 f
  candidates_i/U1587/B (OAI21X1)                                0.015015  0.000000   1.809100 f
  candidates_i/U1587/Y (OAI21X1)                                0.041918  0.040493   1.849593 r
  candidates_i/n2631 (net)                      1     0.002111            0.000000   1.849593 r
  candidates_i/U1575/A (NAND2X1)                                0.041918  0.000000   1.849593 r
  candidates_i/U1575/Y (NAND2X1)                                0.020639  0.018692   1.868284 f
  candidates_i/n2630 (net)                      1     0.001944            0.000000   1.868284 f
  candidates_i/U1574/B (NAND2X1)                                0.020639  0.000000   1.868284 f
  candidates_i/U1574/Y (NAND2X1)                                0.036723  0.017556   1.885841 r
  candidates_i/n2601 (net)                      1     0.002741            0.000000   1.885841 r
  candidates_i/U1550/A (AOI21X1)                                0.036723  0.000000   1.885841 r
  candidates_i/U1550/Y (AOI21X1)                                0.017841  0.022767   1.908608 f
  candidates_i/n2586 (net)                      1     0.002632            0.000000   1.908608 f
  candidates_i/U1538/B (OAI21X1)                                0.017841  0.000000   1.908608 f
  candidates_i/U1538/Y (OAI21X1)                                0.060709  0.053995   1.962602 r
  candidates_i/candidate_slots[0] (net)         3     0.006134            0.000000   1.962602 r
  candidates_i/candidate_slots[0] (mc_candidates_Q_DEPTH16_ROW_W8_COL_W6) 0.000000   1.962602 r
  candidate_slots[0] (net)                            0.006134            0.000000   1.962602 r
  frfcfs.scheduler_i/candidate_slots[0] (mc_scheduler_frfcfs_Q_DEPTH16_ADDR_W16_AGE_LIMIT128_AGING_ENABLE1)
                                                                          0.000000   1.962602 r
  frfcfs.scheduler_i/candidate_slots[0] (net)         0.006134            0.000000   1.962602 r
  frfcfs.scheduler_i/U1041/A (INVX1)                            0.060709  0.000000   1.962602 r
  frfcfs.scheduler_i/U1041/Y (INVX1)                            0.012515  0.032431   1.995033 f
  frfcfs.scheduler_i/n274 (net)                 2     0.003653            0.000000   1.995033 f
  frfcfs.scheduler_i/U994/B (AND2X1)                            0.012515  0.000000   1.995033 f
  frfcfs.scheduler_i/U994/Y (AND2X1)                            0.035569  0.057351   2.052384 f
  frfcfs.scheduler_i/n957 (net)                 4     0.008834            0.000000   2.052384 f
  frfcfs.scheduler_i/U533/A (NAND3X1)                           0.035569  0.000000   2.052384 f
  frfcfs.scheduler_i/U533/Y (NAND3X1)                           0.031097  0.042881   2.095265 r
  frfcfs.scheduler_i/n981 (net)                 1     0.001798            0.000000   2.095265 r
  frfcfs.scheduler_i/U928/A (AND2X2)                            0.031097  0.000000   2.095265 r
  frfcfs.scheduler_i/U928/Y (AND2X2)                            0.008125  0.032596   2.127861 r
  frfcfs.scheduler_i/n975 (net)                 1     0.001551            0.000000   2.127861 r
  frfcfs.scheduler_i/U929/A (INVX1)                             0.008125  0.000000   2.127861 r
  frfcfs.scheduler_i/U929/Y (INVX1)                             0.012959  0.015991   2.143853 f
  frfcfs.scheduler_i/n101 (net)                 1     0.002573            0.000000   2.143853 f
  frfcfs.scheduler_i/U524/A (OAI21X1)                           0.012959  0.000000   2.143853 f
  frfcfs.scheduler_i/U524/Y (OAI21X1)                           0.039205  0.040450   2.184303 r
  frfcfs.scheduler_i/n974 (net)                 1     0.001551            0.000000   2.184303 r
  frfcfs.scheduler_i/U991/A (INVX1)                             0.039205  0.000000   2.184303 r
  frfcfs.scheduler_i/U991/Y (INVX1)                             0.016800  0.028517   2.212821 f
  frfcfs.scheduler_i/n249 (net)                 2     0.004582            0.000000   2.212821 f
  frfcfs.scheduler_i/U511/A (AOI22X1)                           0.016800  0.000000   2.212821 f
  frfcfs.scheduler_i/U511/Y (AOI22X1)                           0.044327  0.047514   2.260335 r
  frfcfs.scheduler_i/n919 (net)                 1     0.001798            0.000000   2.260335 r
  frfcfs.scheduler_i/U50/A (AND2X2)                             0.044327  0.000000   2.260335 r
  frfcfs.scheduler_i/U50/Y (AND2X2)                             0.012059  0.035344   2.295679 r
  frfcfs.scheduler_i/n918 (net)                 1     0.002961            0.000000   2.295679 r
  frfcfs.scheduler_i/U485/C (NAND3X1)                           0.012059  0.000000   2.295679 r
  frfcfs.scheduler_i/U485/Y (NAND3X1)                           0.015778  0.010664   2.306343 f
  frfcfs.scheduler_i/n915 (net)                 1     0.002247            0.000000   2.306343 f
  frfcfs.scheduler_i/U988/B (OR2X1)                             0.015778  0.000000   2.306343 f
  frfcfs.scheduler_i/U988/Y (OR2X1)                             0.010524  0.047546   2.353889 f
  frfcfs.scheduler_i/n133 (net)                 1     0.001476            0.000000   2.353889 f
  frfcfs.scheduler_i/U989/A (INVX1)                             0.010524  0.000000   2.353889 f
  frfcfs.scheduler_i/U989/Y (INVX1)                             0.189497  0.136151   2.490039 r
  frfcfs.scheduler_i/n887 (net)                16     0.043876            0.000000   2.490039 r
  frfcfs.scheduler_i/U480/A (OAI21X1)                           0.189497  0.000000   2.490039 r
  frfcfs.scheduler_i/U480/Y (OAI21X1)                           0.016150  0.060298   2.550338 f
  frfcfs.scheduler_i/n910 (net)                 1     0.001476            0.000000   2.550338 f
  frfcfs.scheduler_i/U1048/A (INVX1)                            0.016150  0.000000   2.550338 f
  frfcfs.scheduler_i/U1048/Y (INVX1)                            0.204364  0.147157   2.697495 r
  frfcfs.scheduler_i/n213 (net)                17     0.046675            0.000000   2.697495 r
  frfcfs.scheduler_i/U362/A (AOI22X1)                           0.204364  0.000000   2.697495 r
  frfcfs.scheduler_i/U362/Y (AOI22X1)                           0.034079  0.070660   2.768155 f
  frfcfs.scheduler_i/n767 (net)                 1     0.001763            0.000000   2.768155 f
  frfcfs.scheduler_i/U26/A (AND2X2)                             0.034079  0.000000   2.768155 f
  frfcfs.scheduler_i/U26/Y (AND2X2)                             0.003832  0.039692   2.807847 f
  frfcfs.scheduler_i/n766 (net)                 1     0.002832            0.000000   2.807847 f
  frfcfs.scheduler_i/U360/C (NAND3X1)                           0.003832  0.000000   2.807847 f
  frfcfs.scheduler_i/U360/Y (NAND3X1)                           0.036639  0.028508   2.836355 r
  frfcfs.scheduler_i/n757 (net)                 1     0.002292            0.000000   2.836355 r
  frfcfs.scheduler_i/U164/A (OR2X2)                             0.036639  0.000000   2.836355 r
  frfcfs.scheduler_i/U164/Y (OR2X2)                             0.009847  0.038805   2.875161 r
  frfcfs.scheduler_i/n659 (net)                 1     0.001551            0.000000   2.875161 r
  frfcfs.scheduler_i/U165/A (INVX1)                             0.009847  0.000000   2.875161 r
  frfcfs.scheduler_i/U165/Y (INVX1)                             0.018410  0.020283   2.895444 f
  frfcfs.scheduler_i/n19 (net)                  2     0.004437            0.000000   2.895444 f
  frfcfs.scheduler_i/U87/A (AND2X1)                             0.018410  0.000000   2.895444 f
  frfcfs.scheduler_i/U87/Y (AND2X1)                             0.010120  0.033467   2.928911 f
  frfcfs.scheduler_i/n756 (net)                 1     0.002312            0.000000   2.928911 f
  frfcfs.scheduler_i/U353/C (AOI21X1)                           0.010120  0.000000   2.928911 f
  frfcfs.scheduler_i/U353/Y (AOI21X1)                           0.025831  0.016392   2.945303 r
  frfcfs.scheduler_i/n693 (net)                 1     0.001539            0.000000   2.945303 r
  frfcfs.scheduler_i/U173/A (BUFX2)                             0.025831  0.000000   2.945303 r
  frfcfs.scheduler_i/U173/Y (BUFX2)                             0.014747  0.038479   2.983782 r
  frfcfs.scheduler_i/n24 (net)                  2     0.005072            0.000000   2.983782 r
  frfcfs.scheduler_i/U306/A (NAND2X1)                           0.014747  0.000000   2.983782 r
  frfcfs.scheduler_i/U306/Y (NAND2X1)                           0.021553  0.014450   2.998232 f
  frfcfs.scheduler_i/n702 (net)                 1     0.002832            0.000000   2.998232 f
  frfcfs.scheduler_i/U305/C (NAND3X1)                           0.021553  0.000000   2.998232 f
  frfcfs.scheduler_i/U305/Y (NAND3X1)                           0.040527  0.035089   3.033321 r
  frfcfs.scheduler_i/n701 (net)                 1     0.002961            0.000000   3.033321 r
  frfcfs.scheduler_i/U304/C (NAND3X1)                           0.040527  0.000000   3.033321 r
  frfcfs.scheduler_i/U304/Y (NAND3X1)                           0.017947  0.018289   3.051610 f
  frfcfs.scheduler_i/n700 (net)                 1     0.002832            0.000000   3.051610 f
  frfcfs.scheduler_i/U303/C (NAND3X1)                           0.017947  0.000000   3.051610 f
  frfcfs.scheduler_i/U303/Y (NAND3X1)                           0.040560  0.034168   3.085778 r
  frfcfs.scheduler_i/n699 (net)                 1     0.002961            0.000000   3.085778 r
  frfcfs.scheduler_i/U302/C (NAND3X1)                           0.040560  0.000000   3.085778 r
  frfcfs.scheduler_i/U302/Y (NAND3X1)                           0.015781  0.016711   3.102490 f
  frfcfs.scheduler_i/n698 (net)                 1     0.001884            0.000000   3.102490 f
  frfcfs.scheduler_i/U301/A (NAND2X1)                           0.015781  0.000000   3.102490 f
  frfcfs.scheduler_i/U301/Y (NAND2X1)                           0.032741  0.027352   3.129841 r
  frfcfs.scheduler_i/n697 (net)                 1     0.002010            0.000000   3.129841 r
  frfcfs.scheduler_i/U300/C (OAI21X1)                           0.032741  0.000000   3.129841 r
  frfcfs.scheduler_i/U300/Y (OAI21X1)                           0.027003  0.033734   3.163575 f
  frfcfs.scheduler_i/select_slot[1] (net)       5     0.011339            0.000000   3.163575 f
  frfcfs.scheduler_i/select_slot[1] (mc_scheduler_frfcfs_Q_DEPTH16_ADDR_W16_AGE_LIMIT128_AGING_ENABLE1)
                                                                          0.000000   3.163575 f
  select_slot[1] (net)                                0.011339            0.000000   3.163575 f
  U130/A (BUFX2)                                                0.027003  0.000000   3.163575 f
  U130/Y (BUFX2)                                                0.033002  0.057816   3.221391 f
  n45 (net)                                    12     0.022771            0.000000   3.221391 f
  U118/A (INVX1)                                                0.033002  0.000000   3.221391 f
  U118/Y (INVX1)                                                0.028903  0.040370   3.261762 r
  n136 (net)                                    5     0.011897            0.000000   3.261762 r
  U76/A (OR2X1)                                                 0.028903  0.000000   3.261762 r
  U76/Y (OR2X1)                                                 0.017794  0.036700   3.298461 r
  n141 (net)                                    1     0.001551            0.000000   3.298461 r
  U77/A (INVX1)                                                 0.017794  0.000000   3.298461 r
  U77/Y (INVX1)                                                 0.021243  0.024755   3.323216 f
  n33 (net)                                     3     0.005570            0.000000   3.323216 f
  U57/B (AND2X1)                                                0.021243  0.000000   3.323216 f
  U57/Y (AND2X1)                                                0.022782  0.049454   3.372670 f
  n42 (net)                                     3     0.004428            0.000000   3.372670 f
  U117/A (INVX1)                                                0.022782  0.000000   3.372670 f
  U117/Y (INVX1)                                                0.127260  0.100121   3.472791 r
  n60 (net)                                    13     0.031453            0.000000   3.472791 r
  U105/A (INVX1)                                                0.127260  0.000000   3.472791 r
  U105/Y (INVX1)                                                0.005750  0.049001   3.521792 f
  n59 (net)                                     2     0.002952            0.000000   3.521792 f
  U96/A (INVX1)                                                 0.005750  0.000000   3.521792 f
  U96/Y (INVX1)                                                 0.164984  0.119307   3.641099 r
  n57 (net)                                    16     0.039189            0.000000   3.641099 r
  U340/B (OR2X1)                                                0.164984  0.000000   3.641099 r
  U340/Y (OR2X1)                                                0.020753  0.056323   3.697423 r
  n914 (net)                                    1     0.002010            0.000000   3.697423 r
  U1063/C (OAI21X1)                                             0.020753  0.000000   3.697423 r
  U1063/Y (OAI21X1)                                             0.034799  0.016551   3.713974 f
  n917 (net)                                    1     0.002313            0.000000   3.713974 f
  U339/A (OR2X1)                                                0.034799  0.000000   3.713974 f
  U339/Y (OR2X1)                                                0.014451  0.043498   3.757472 f
  n922 (net)                                    1     0.003011            0.000000   3.757472 f
  U1067/A (NOR3X1)                                              0.014451  0.000000   3.757472 f
  U1067/Y (NOR3X1)                                              0.053430  0.050749   3.808220 r
  n923 (net)                                    1     0.002798            0.000000   3.808220 r
  U1068/A (MUX2X1)                                              0.053430  0.000000   3.808220 r
  U1068/Y (MUX2X1)                                              0.069519  0.029916   3.838136 f
  n925 (net)                                    1     0.001476            0.000000   3.838136 f
  U156/A (INVX1)                                                0.069519  0.000000   3.838136 f
  U156/Y (INVX1)                                                0.024682  0.047114   3.885250 r
  cmd_wdata[26] (net)                           1     0.010000            0.000000   3.885250 r
  cmd_wdata[26] (out)                                           0.024682  0.000000   3.885250 r
  data arrival time                                                                  3.885250

  clock core_clk (rise edge)                                              5.000000   5.000000
  clock network delay (ideal)                                             0.000000   5.000000
  clock uncertainty                                                       -0.100000  4.900000
  output external delay                                                   -1.000000  3.900000
  data required time                                                                 3.900000
  ----------------------------------------------------------------------------------------------
  data required time                                                                 3.900000
  data arrival time                                                                  -3.885250
  ----------------------------------------------------------------------------------------------
  slack (MET)                                                                        0.014750


  Startpoint: table_i/addresses_reg[91]
              (rising edge-triggered flip-flop clocked by core_clk)
  Endpoint: cmd_wdata[23]
            (output port clocked by core_clk)
  Path Group: core_clk
  Path Type: max

  Point                                       Fanout       Cap     Trans      Incr       Path
  ----------------------------------------------------------------------------------------------
  clock core_clk (rise edge)                                              0.000000   0.000000
  clock network delay (ideal)                                             0.000000   0.000000
  table_i/addresses_reg[91]/CLK (DFFPOSX1)                      0.000000  0.000000 # 0.000000 r
  table_i/addresses_reg[91]/Q (DFFPOSX1)                        0.237835  0.211392   0.211392 r
  table_i/addresses[91] (net)                  21     0.099546            0.000000   0.211392 r
  table_i/addresses[91] (mc_transaction_table_Q_DEPTH16_ADDR_W16_DATA_W32_TAG_W8_READ_LATENCY3_AGE_LIMIT128)
                                                                          0.000000   0.211392 r
  addresses[91] (net)                                 0.099546            0.000000   0.211392 r
  candidates_i/addresses[91] (mc_candidates_Q_DEPTH16_ROW_W8_COL_W6)      0.000000   0.211392 r
  candidates_i/addresses[91] (net)                    0.099546            0.000000   0.211392 r
  candidates_i/U4170/A (INVX1)                                  0.237835  0.000000   0.211392 r
  candidates_i/U4170/Y (INVX1)                                  0.000000  0.075928   0.287320 f
  candidates_i/n1407 (net)                      1     0.001476            0.000000   0.287320 f
  candidates_i/U4095/A (INVX1)                                  0.000000  0.000000   0.287320 f
  candidates_i/U4095/Y (INVX1)                                  0.312264  0.210691   0.498011 r
  candidates_i/n1406 (net)                     13     0.067956            0.000000   0.498011 r
  candidates_i/U6364/A (XNOR2X1)                                0.312264  0.000000   0.498011 r
  candidates_i/U6364/Y (XNOR2X1)                                0.040105  0.070721   0.568731 r
  candidates_i/n5531 (net)                      1     0.002343            0.000000   0.568731 r
  candidates_i/U3433/B (AND2X1)                                 0.040105  0.000000   0.568731 r
  candidates_i/U3433/Y (AND2X1)                                 0.026675  0.038371   0.607102 r
  candidates_i/n5535 (net)                      1     0.001551            0.000000   0.607102 r
  candidates_i/U3434/A (INVX1)                                  0.026675  0.000000   0.607102 r
  candidates_i/U3434/Y (INVX1)                                  0.012970  0.021909   0.629011 f
  candidates_i/n1088 (net)                      1     0.003011            0.000000   0.629011 f
  candidates_i/U6367/A (NOR3X1)                                 0.012970  0.000000   0.629011 f
  candidates_i/U6367/Y (NOR3X1)                                 0.050225  0.048204   0.677215 r
  candidates_i/n5542 (net)                      1     0.002111            0.000000   0.677215 r
  candidates_i/U6373/A (NAND2X1)                                0.050225  0.000000   0.677215 r
  candidates_i/U6373/Y (NAND2X1)                                0.020587  0.022367   0.699582 f
  candidates_i/n5559 (net)                      1     0.003011            0.000000   0.699582 f
  candidates_i/U6388/A (NOR3X1)                                 0.020587  0.000000   0.699582 f
  candidates_i/U6388/Y (NOR3X1)                                 0.064039  0.059420   0.759002 r
  candidates_i/N1799 (net)                      2     0.005095            0.000000   0.759002 r
  candidates_i/U2135/A (NAND3X1)                                0.064039  0.000000   0.759002 r
  candidates_i/U2135/Y (NAND3X1)                                0.011880  0.024262   0.783264 f
  candidates_i/n3188 (net)                      1     0.001820            0.000000   0.783264 f
  candidates_i/U406/B (AND2X2)                                  0.011880  0.000000   0.783264 f
  candidates_i/U406/Y (AND2X2)                                  0.000000  0.038171   0.821435 f
  candidates_i/n3186 (net)                      1     0.002832            0.000000   0.821435 f
  candidates_i/U2134/C (NAND3X1)                                0.000000  0.000000   0.821435 f
  candidates_i/U2134/Y (NAND3X1)                                0.040766  0.029765   0.851200 r
  candidates_i/n3176 (net)                      1     0.003021            0.000000   0.851200 r
  candidates_i/U2126/A (NOR3X1)                                 0.040766  0.000000   0.851200 r
  candidates_i/U2126/Y (NOR3X1)                                 0.025642  0.041032   0.892233 f
  candidates_i/n3175 (net)                      1     0.001827            0.000000   0.892233 f
  candidates_i/U504/B (AND2X1)                                  0.025642  0.000000   0.892233 f
  candidates_i/U504/Y (AND2X1)                                  0.024608  0.051514   0.943746 f
  candidates_i/eligible[12] (net)               3     0.005174            0.000000   0.943746 f
  candidates_i/U505/A (INVX1)                                   0.024608  0.000000   0.943746 f
  candidates_i/U505/Y (INVX1)                                   0.000000  0.006303   0.950050 r
  candidates_i/n48 (net)                        1     0.002292            0.000000   0.950050 r
  candidates_i/U3304/A (OR2X2)                                  0.000000  0.000000   0.950050 r
  candidates_i/U3304/Y (OR2X2)                                  0.055007  0.034618   0.984668 r
  candidates_i/n2007 (net)                      1     0.001551            0.000000   0.984668 r
  candidates_i/U3305/A (INVX1)                                  0.055007  0.000000   0.984668 r
  candidates_i/U3305/Y (INVX1)                                  0.035936  0.046591   1.031260 f
  candidates_i/n1016 (net)                      4     0.011326            0.000000   1.031260 f
  candidates_i/U2123/C (NAND3X1)                                0.035936  0.000000   1.031260 f
  candidates_i/U2123/Y (NAND3X1)                                0.033171  0.035400   1.066659 r
  candidates_i/n3173 (net)                      1     0.001869            0.000000   1.066659 r
  candidates_i/U405/B (AND2X2)                                  0.033171  0.000000   1.066659 r
  candidates_i/U405/Y (AND2X2)                                  0.011445  0.034182   1.100841 r
  candidates_i/n3171 (net)                      1     0.002961            0.000000   1.100841 r
  candidates_i/U2122/C (NAND3X1)                                0.011445  0.000000   1.100841 r
  candidates_i/U2122/Y (NAND3X1)                                0.017917  0.011798   1.112639 f
  candidates_i/n3050 (net)                      1     0.003011            0.000000   1.112639 f
  candidates_i/U1995/A (NOR3X1)                                 0.017917  0.000000   1.112639 f
  candidates_i/U1995/Y (NOR3X1)                                 0.050673  0.049517   1.162156 r
  candidates_i/n2815 (net)                      1     0.002291            0.000000   1.162156 r
  candidates_i/U3831/A (AND2X1)                                 0.050673  0.000000   1.162156 r
  candidates_i/U3831/Y (AND2X1)                                 0.025498  0.028024   1.190180 r
  candidates_i/n1297 (net)                      1     0.001551            0.000000   1.190180 r
  candidates_i/U3832/A (INVX1)                                  0.025498  0.000000   1.190180 r
  candidates_i/U3832/Y (INVX1)                                  0.097130  0.079190   1.269370 f
  candidates_i/n2789 (net)                     16     0.031107            0.000000   1.269370 f
  candidates_i/U1707/B (NAND2X1)                                0.097130  0.000000   1.269370 f
  candidates_i/U1707/Y (NAND2X1)                                0.032412  0.041784   1.311154 r
  candidates_i/n2788 (net)                      1     0.002548            0.000000   1.311154 r
  candidates_i/U1706/A (NAND3X1)                                0.032412  0.000000   1.311154 r
  candidates_i/U1706/Y (NAND3X1)                                0.038186  0.019595   1.330749 f
  candidates_i/n2683 (net)                      1     0.001504            0.000000   1.330749 f
  candidates_i/U534/A (BUFX2)                                   0.038186  0.000000   1.330749 f
  candidates_i/U534/Y (BUFX2)                                   0.009613  0.040197   1.370946 f
  candidates_i/n67 (net)                        2     0.003788            0.000000   1.370946 f
  candidates_i/U3866/A (INVX1)                                  0.009613  0.000000   1.370946 f
  candidates_i/U3866/Y (INVX1)                                  0.183886  0.132344   1.503290 r
  candidates_i/n7290 (net)                     15     0.042798            0.000000   1.503290 r
  candidates_i/U1639/A (AOI22X1)                                0.183886  0.000000   1.503290 r
  candidates_i/U1639/Y (AOI22X1)                                0.034084  0.066589   1.569879 f
  candidates_i/n2708 (net)                      1     0.001763            0.000000   1.569879 f
  candidates_i/U374/A (AND2X2)                                  0.034084  0.000000   1.569879 f
  candidates_i/U374/Y (AND2X2)                                  0.004681  0.039693   1.609572 f
  candidates_i/n2707 (net)                      1     0.002832            0.000000   1.609572 f
  candidates_i/U1637/C (NAND3X1)                                0.004681  0.000000   1.609572 f
  candidates_i/U1637/Y (NAND3X1)                                0.036595  0.028697   1.638269 r
  candidates_i/n2704 (net)                      1     0.002283            0.000000   1.638269 r
  candidates_i/U373/B (OR2X2)                                   0.036595  0.000000   1.638269 r
  candidates_i/U373/Y (OR2X2)                                   0.017298  0.050578   1.688847 r
  candidates_i/n2054 (net)                      2     0.004842            0.000000   1.688847 r
  candidates_i/U1625/B (NAND3X1)                                0.017298  0.000000   1.688847 r
  candidates_i/U1625/Y (NAND3X1)                                0.016156  0.014692   1.703539 f
  candidates_i/n2690 (net)                      1     0.001924            0.000000   1.703539 f
  candidates_i/U1624/C (OAI21X1)                                0.016156  0.000000   1.703539 f
  candidates_i/U1624/Y (OAI21X1)                                0.045011  0.022346   1.725885 r
  candidates_i/n2663 (net)                      1     0.002817            0.000000   1.725885 r
  candidates_i/U1601/A (AOI22X1)                                0.045011  0.000000   1.725885 r
  candidates_i/U1601/Y (AOI22X1)                                0.035654  0.039927   1.765812 f
  candidates_i/n2662 (net)                      1     0.002312            0.000000   1.765812 f
  candidates_i/U1600/C (AOI21X1)                                0.035654  0.000000   1.765812 f
  candidates_i/U1600/Y (AOI21X1)                                0.027785  0.025672   1.791484 r
  candidates_i/n2661 (net)                      1     0.002386            0.000000   1.791484 r
  candidates_i/U1599/C (AOI21X1)                                0.027785  0.000000   1.791484 r
  candidates_i/U1599/Y (AOI21X1)                                0.015015  0.017616   1.809100 f
  candidates_i/n2646 (net)                      1     0.002632            0.000000   1.809100 f
  candidates_i/U1587/B (OAI21X1)                                0.015015  0.000000   1.809100 f
  candidates_i/U1587/Y (OAI21X1)                                0.041918  0.040493   1.849593 r
  candidates_i/n2631 (net)                      1     0.002111            0.000000   1.849593 r
  candidates_i/U1575/A (NAND2X1)                                0.041918  0.000000   1.849593 r
  candidates_i/U1575/Y (NAND2X1)                                0.020639  0.018692   1.868284 f
  candidates_i/n2630 (net)                      1     0.001944            0.000000   1.868284 f
  candidates_i/U1574/B (NAND2X1)                                0.020639  0.000000   1.868284 f
  candidates_i/U1574/Y (NAND2X1)                                0.036723  0.017556   1.885841 r
  candidates_i/n2601 (net)                      1     0.002741            0.000000   1.885841 r
  candidates_i/U1550/A (AOI21X1)                                0.036723  0.000000   1.885841 r
  candidates_i/U1550/Y (AOI21X1)                                0.017841  0.022767   1.908608 f
  candidates_i/n2586 (net)                      1     0.002632            0.000000   1.908608 f
  candidates_i/U1538/B (OAI21X1)                                0.017841  0.000000   1.908608 f
  candidates_i/U1538/Y (OAI21X1)                                0.060709  0.053995   1.962602 r
  candidates_i/candidate_slots[0] (net)         3     0.006134            0.000000   1.962602 r
  candidates_i/candidate_slots[0] (mc_candidates_Q_DEPTH16_ROW_W8_COL_W6) 0.000000   1.962602 r
  candidate_slots[0] (net)                            0.006134            0.000000   1.962602 r
  frfcfs.scheduler_i/candidate_slots[0] (mc_scheduler_frfcfs_Q_DEPTH16_ADDR_W16_AGE_LIMIT128_AGING_ENABLE1)
                                                                          0.000000   1.962602 r
  frfcfs.scheduler_i/candidate_slots[0] (net)         0.006134            0.000000   1.962602 r
  frfcfs.scheduler_i/U1041/A (INVX1)                            0.060709  0.000000   1.962602 r
  frfcfs.scheduler_i/U1041/Y (INVX1)                            0.012515  0.032431   1.995033 f
  frfcfs.scheduler_i/n274 (net)                 2     0.003653            0.000000   1.995033 f
  frfcfs.scheduler_i/U994/B (AND2X1)                            0.012515  0.000000   1.995033 f
  frfcfs.scheduler_i/U994/Y (AND2X1)                            0.035569  0.057351   2.052384 f
  frfcfs.scheduler_i/n957 (net)                 4     0.008834            0.000000   2.052384 f
  frfcfs.scheduler_i/U533/A (NAND3X1)                           0.035569  0.000000   2.052384 f
  frfcfs.scheduler_i/U533/Y (NAND3X1)                           0.031097  0.042881   2.095265 r
  frfcfs.scheduler_i/n981 (net)                 1     0.001798            0.000000   2.095265 r
  frfcfs.scheduler_i/U928/A (AND2X2)                            0.031097  0.000000   2.095265 r
  frfcfs.scheduler_i/U928/Y (AND2X2)                            0.008125  0.032596   2.127861 r
  frfcfs.scheduler_i/n975 (net)                 1     0.001551            0.000000   2.127861 r
  frfcfs.scheduler_i/U929/A (INVX1)                             0.008125  0.000000   2.127861 r
  frfcfs.scheduler_i/U929/Y (INVX1)                             0.012959  0.015991   2.143853 f
  frfcfs.scheduler_i/n101 (net)                 1     0.002573            0.000000   2.143853 f
  frfcfs.scheduler_i/U524/A (OAI21X1)                           0.012959  0.000000   2.143853 f
  frfcfs.scheduler_i/U524/Y (OAI21X1)                           0.039205  0.040450   2.184303 r
  frfcfs.scheduler_i/n974 (net)                 1     0.001551            0.000000   2.184303 r
  frfcfs.scheduler_i/U991/A (INVX1)                             0.039205  0.000000   2.184303 r
  frfcfs.scheduler_i/U991/Y (INVX1)                             0.016800  0.028517   2.212821 f
  frfcfs.scheduler_i/n249 (net)                 2     0.004582            0.000000   2.212821 f
  frfcfs.scheduler_i/U511/A (AOI22X1)                           0.016800  0.000000   2.212821 f
  frfcfs.scheduler_i/U511/Y (AOI22X1)                           0.044327  0.047514   2.260335 r
  frfcfs.scheduler_i/n919 (net)                 1     0.001798            0.000000   2.260335 r
  frfcfs.scheduler_i/U50/A (AND2X2)                             0.044327  0.000000   2.260335 r
  frfcfs.scheduler_i/U50/Y (AND2X2)                             0.012059  0.035344   2.295679 r
  frfcfs.scheduler_i/n918 (net)                 1     0.002961            0.000000   2.295679 r
  frfcfs.scheduler_i/U485/C (NAND3X1)                           0.012059  0.000000   2.295679 r
  frfcfs.scheduler_i/U485/Y (NAND3X1)                           0.015778  0.010664   2.306343 f
  frfcfs.scheduler_i/n915 (net)                 1     0.002247            0.000000   2.306343 f
  frfcfs.scheduler_i/U988/B (OR2X1)                             0.015778  0.000000   2.306343 f
  frfcfs.scheduler_i/U988/Y (OR2X1)                             0.010524  0.047546   2.353889 f
  frfcfs.scheduler_i/n133 (net)                 1     0.001476            0.000000   2.353889 f
  frfcfs.scheduler_i/U989/A (INVX1)                             0.010524  0.000000   2.353889 f
  frfcfs.scheduler_i/U989/Y (INVX1)                             0.189497  0.136151   2.490039 r
  frfcfs.scheduler_i/n887 (net)                16     0.043876            0.000000   2.490039 r
  frfcfs.scheduler_i/U480/A (OAI21X1)                           0.189497  0.000000   2.490039 r
  frfcfs.scheduler_i/U480/Y (OAI21X1)                           0.016150  0.060298   2.550338 f
  frfcfs.scheduler_i/n910 (net)                 1     0.001476            0.000000   2.550338 f
  frfcfs.scheduler_i/U1048/A (INVX1)                            0.016150  0.000000   2.550338 f
  frfcfs.scheduler_i/U1048/Y (INVX1)                            0.204364  0.147157   2.697495 r
  frfcfs.scheduler_i/n213 (net)                17     0.046675            0.000000   2.697495 r
  frfcfs.scheduler_i/U362/A (AOI22X1)                           0.204364  0.000000   2.697495 r
  frfcfs.scheduler_i/U362/Y (AOI22X1)                           0.034079  0.070660   2.768155 f
  frfcfs.scheduler_i/n767 (net)                 1     0.001763            0.000000   2.768155 f
  frfcfs.scheduler_i/U26/A (AND2X2)                             0.034079  0.000000   2.768155 f
  frfcfs.scheduler_i/U26/Y (AND2X2)                             0.003832  0.039692   2.807847 f
  frfcfs.scheduler_i/n766 (net)                 1     0.002832            0.000000   2.807847 f
  frfcfs.scheduler_i/U360/C (NAND3X1)                           0.003832  0.000000   2.807847 f
  frfcfs.scheduler_i/U360/Y (NAND3X1)                           0.036639  0.028508   2.836355 r
  frfcfs.scheduler_i/n757 (net)                 1     0.002292            0.000000   2.836355 r
  frfcfs.scheduler_i/U164/A (OR2X2)                             0.036639  0.000000   2.836355 r
  frfcfs.scheduler_i/U164/Y (OR2X2)                             0.009847  0.038805   2.875161 r
  frfcfs.scheduler_i/n659 (net)                 1     0.001551            0.000000   2.875161 r
  frfcfs.scheduler_i/U165/A (INVX1)                             0.009847  0.000000   2.875161 r
  frfcfs.scheduler_i/U165/Y (INVX1)                             0.018410  0.020283   2.895444 f
  frfcfs.scheduler_i/n19 (net)                  2     0.004437            0.000000   2.895444 f
  frfcfs.scheduler_i/U87/A (AND2X1)                             0.018410  0.000000   2.895444 f
  frfcfs.scheduler_i/U87/Y (AND2X1)                             0.010120  0.033467   2.928911 f
  frfcfs.scheduler_i/n756 (net)                 1     0.002312            0.000000   2.928911 f
  frfcfs.scheduler_i/U353/C (AOI21X1)                           0.010120  0.000000   2.928911 f
  frfcfs.scheduler_i/U353/Y (AOI21X1)                           0.025831  0.016392   2.945303 r
  frfcfs.scheduler_i/n693 (net)                 1     0.001539            0.000000   2.945303 r
  frfcfs.scheduler_i/U173/A (BUFX2)                             0.025831  0.000000   2.945303 r
  frfcfs.scheduler_i/U173/Y (BUFX2)                             0.014747  0.038479   2.983782 r
  frfcfs.scheduler_i/n24 (net)                  2     0.005072            0.000000   2.983782 r
  frfcfs.scheduler_i/U306/A (NAND2X1)                           0.014747  0.000000   2.983782 r
  frfcfs.scheduler_i/U306/Y (NAND2X1)                           0.021553  0.014450   2.998232 f
  frfcfs.scheduler_i/n702 (net)                 1     0.002832            0.000000   2.998232 f
  frfcfs.scheduler_i/U305/C (NAND3X1)                           0.021553  0.000000   2.998232 f
  frfcfs.scheduler_i/U305/Y (NAND3X1)                           0.040527  0.035089   3.033321 r
  frfcfs.scheduler_i/n701 (net)                 1     0.002961            0.000000   3.033321 r
  frfcfs.scheduler_i/U304/C (NAND3X1)                           0.040527  0.000000   3.033321 r
  frfcfs.scheduler_i/U304/Y (NAND3X1)                           0.017947  0.018289   3.051610 f
  frfcfs.scheduler_i/n700 (net)                 1     0.002832            0.000000   3.051610 f
  frfcfs.scheduler_i/U303/C (NAND3X1)                           0.017947  0.000000   3.051610 f
  frfcfs.scheduler_i/U303/Y (NAND3X1)                           0.040560  0.034168   3.085778 r
  frfcfs.scheduler_i/n699 (net)                 1     0.002961            0.000000   3.085778 r
  frfcfs.scheduler_i/U302/C (NAND3X1)                           0.040560  0.000000   3.085778 r
  frfcfs.scheduler_i/U302/Y (NAND3X1)                           0.015781  0.016711   3.102490 f
  frfcfs.scheduler_i/n698 (net)                 1     0.001884            0.000000   3.102490 f
  frfcfs.scheduler_i/U301/A (NAND2X1)                           0.015781  0.000000   3.102490 f
  frfcfs.scheduler_i/U301/Y (NAND2X1)                           0.032741  0.027352   3.129841 r
  frfcfs.scheduler_i/n697 (net)                 1     0.002010            0.000000   3.129841 r
  frfcfs.scheduler_i/U300/C (OAI21X1)                           0.032741  0.000000   3.129841 r
  frfcfs.scheduler_i/U300/Y (OAI21X1)                           0.027003  0.033734   3.163575 f
  frfcfs.scheduler_i/select_slot[1] (net)       5     0.011339            0.000000   3.163575 f
  frfcfs.scheduler_i/select_slot[1] (mc_scheduler_frfcfs_Q_DEPTH16_ADDR_W16_AGE_LIMIT128_AGING_ENABLE1)
                                                                          0.000000   3.163575 f
  select_slot[1] (net)                                0.011339            0.000000   3.163575 f
  U130/A (BUFX2)                                                0.027003  0.000000   3.163575 f
  U130/Y (BUFX2)                                                0.033002  0.057816   3.221391 f
  n45 (net)                                    12     0.022771            0.000000   3.221391 f
  U118/A (INVX1)                                                0.033002  0.000000   3.221391 f
  U118/Y (INVX1)                                                0.028903  0.040370   3.261762 r
  n136 (net)                                    5     0.011897            0.000000   3.261762 r
  U76/A (OR2X1)                                                 0.028903  0.000000   3.261762 r
  U76/Y (OR2X1)                                                 0.017794  0.036700   3.298461 r
  n141 (net)                                    1     0.001551            0.000000   3.298461 r
  U77/A (INVX1)                                                 0.017794  0.000000   3.298461 r
  U77/Y (INVX1)                                                 0.021243  0.024755   3.323216 f
  n33 (net)                                     3     0.005570            0.000000   3.323216 f
  U57/B (AND2X1)                                                0.021243  0.000000   3.323216 f
  U57/Y (AND2X1)                                                0.022782  0.049454   3.372670 f
  n42 (net)                                     3     0.004428            0.000000   3.372670 f
  U117/A (INVX1)                                                0.022782  0.000000   3.372670 f
  U117/Y (INVX1)                                                0.127260  0.100121   3.472791 r
  n60 (net)                                    13     0.031453            0.000000   3.472791 r
  U105/A (INVX1)                                                0.127260  0.000000   3.472791 r
  U105/Y (INVX1)                                                0.005750  0.049001   3.521792 f
  n59 (net)                                     2     0.002952            0.000000   3.521792 f
  U96/A (INVX1)                                                 0.005750  0.000000   3.521792 f
  U96/Y (INVX1)                                                 0.164984  0.119307   3.641099 r
  n57 (net)                                    16     0.039189            0.000000   3.641099 r
  U334/B (OR2X1)                                                0.164984  0.000000   3.641099 r
  U334/Y (OR2X1)                                                0.020753  0.056323   3.697423 r
  n851 (net)                                    1     0.002010            0.000000   3.697423 r
  U1030/C (OAI21X1)                                             0.020753  0.000000   3.697423 r
  U1030/Y (OAI21X1)                                             0.034799  0.016551   3.713974 f
  n854 (net)                                    1     0.002313            0.000000   3.713974 f
  U333/A (OR2X1)                                                0.034799  0.000000   3.713974 f
  U333/Y (OR2X1)                                                0.014451  0.043498   3.757472 f
  n859 (net)                                    1     0.003011            0.000000   3.757472 f
  U1034/A (NOR3X1)                                              0.014451  0.000000   3.757472 f
  U1034/Y (NOR3X1)                                              0.053430  0.050749   3.808220 r
  n860 (net)                                    1     0.002798            0.000000   3.808220 r
  U1035/A (MUX2X1)                                              0.053430  0.000000   3.808220 r
  U1035/Y (MUX2X1)                                              0.069519  0.029916   3.838136 f
  n862 (net)                                    1     0.001476            0.000000   3.838136 f
  U153/A (INVX1)                                                0.069519  0.000000   3.838136 f
  U153/Y (INVX1)                                                0.024682  0.047114   3.885250 r
  cmd_wdata[23] (net)                           1     0.010000            0.000000   3.885250 r
  cmd_wdata[23] (out)                                           0.024682  0.000000   3.885250 r
  data arrival time                                                                  3.885250

  clock core_clk (rise edge)                                              5.000000   5.000000
  clock network delay (ideal)                                             0.000000   5.000000
  clock uncertainty                                                       -0.100000  4.900000
  output external delay                                                   -1.000000  3.900000
  data required time                                                                 3.900000
  ----------------------------------------------------------------------------------------------
  data required time                                                                 3.900000
  data arrival time                                                                  -3.885250
  ----------------------------------------------------------------------------------------------
  slack (MET)                                                                        0.014750


  Startpoint: table_i/addresses_reg[91]
              (rising edge-triggered flip-flop clocked by core_clk)
  Endpoint: cmd_wdata[25]
            (output port clocked by core_clk)
  Path Group: core_clk
  Path Type: max

  Point                                       Fanout       Cap     Trans      Incr       Path
  ----------------------------------------------------------------------------------------------
  clock core_clk (rise edge)                                              0.000000   0.000000
  clock network delay (ideal)                                             0.000000   0.000000
  table_i/addresses_reg[91]/CLK (DFFPOSX1)                      0.000000  0.000000 # 0.000000 r
  table_i/addresses_reg[91]/Q (DFFPOSX1)                        0.237835  0.211392   0.211392 r
  table_i/addresses[91] (net)                  21     0.099546            0.000000   0.211392 r
  table_i/addresses[91] (mc_transaction_table_Q_DEPTH16_ADDR_W16_DATA_W32_TAG_W8_READ_LATENCY3_AGE_LIMIT128)
                                                                          0.000000   0.211392 r
  addresses[91] (net)                                 0.099546            0.000000   0.211392 r
  candidates_i/addresses[91] (mc_candidates_Q_DEPTH16_ROW_W8_COL_W6)      0.000000   0.211392 r
  candidates_i/addresses[91] (net)                    0.099546            0.000000   0.211392 r
  candidates_i/U4170/A (INVX1)                                  0.237835  0.000000   0.211392 r
  candidates_i/U4170/Y (INVX1)                                  0.000000  0.075928   0.287320 f
  candidates_i/n1407 (net)                      1     0.001476            0.000000   0.287320 f
  candidates_i/U4095/A (INVX1)                                  0.000000  0.000000   0.287320 f
  candidates_i/U4095/Y (INVX1)                                  0.312264  0.210691   0.498011 r
  candidates_i/n1406 (net)                     13     0.067956            0.000000   0.498011 r
  candidates_i/U6364/A (XNOR2X1)                                0.312264  0.000000   0.498011 r
  candidates_i/U6364/Y (XNOR2X1)                                0.040105  0.070721   0.568731 r
  candidates_i/n5531 (net)                      1     0.002343            0.000000   0.568731 r
  candidates_i/U3433/B (AND2X1)                                 0.040105  0.000000   0.568731 r
  candidates_i/U3433/Y (AND2X1)                                 0.026675  0.038371   0.607102 r
  candidates_i/n5535 (net)                      1     0.001551            0.000000   0.607102 r
  candidates_i/U3434/A (INVX1)                                  0.026675  0.000000   0.607102 r
  candidates_i/U3434/Y (INVX1)                                  0.012970  0.021909   0.629011 f
  candidates_i/n1088 (net)                      1     0.003011            0.000000   0.629011 f
  candidates_i/U6367/A (NOR3X1)                                 0.012970  0.000000   0.629011 f
  candidates_i/U6367/Y (NOR3X1)                                 0.050225  0.048204   0.677215 r
  candidates_i/n5542 (net)                      1     0.002111            0.000000   0.677215 r
  candidates_i/U6373/A (NAND2X1)                                0.050225  0.000000   0.677215 r
  candidates_i/U6373/Y (NAND2X1)                                0.020587  0.022367   0.699582 f
  candidates_i/n5559 (net)                      1     0.003011            0.000000   0.699582 f
  candidates_i/U6388/A (NOR3X1)                                 0.020587  0.000000   0.699582 f
  candidates_i/U6388/Y (NOR3X1)                                 0.064039  0.059420   0.759002 r
  candidates_i/N1799 (net)                      2     0.005095            0.000000   0.759002 r
  candidates_i/U2135/A (NAND3X1)                                0.064039  0.000000   0.759002 r
  candidates_i/U2135/Y (NAND3X1)                                0.011880  0.024262   0.783264 f
  candidates_i/n3188 (net)                      1     0.001820            0.000000   0.783264 f
  candidates_i/U406/B (AND2X2)                                  0.011880  0.000000   0.783264 f
  candidates_i/U406/Y (AND2X2)                                  0.000000  0.038171   0.821435 f
  candidates_i/n3186 (net)                      1     0.002832            0.000000   0.821435 f
  candidates_i/U2134/C (NAND3X1)                                0.000000  0.000000   0.821435 f
  candidates_i/U2134/Y (NAND3X1)                                0.040766  0.029765   0.851200 r
  candidates_i/n3176 (net)                      1     0.003021            0.000000   0.851200 r
  candidates_i/U2126/A (NOR3X1)                                 0.040766  0.000000   0.851200 r
  candidates_i/U2126/Y (NOR3X1)                                 0.025642  0.041032   0.892233 f
  candidates_i/n3175 (net)                      1     0.001827            0.000000   0.892233 f
  candidates_i/U504/B (AND2X1)                                  0.025642  0.000000   0.892233 f
  candidates_i/U504/Y (AND2X1)                                  0.024608  0.051514   0.943746 f
  candidates_i/eligible[12] (net)               3     0.005174            0.000000   0.943746 f
  candidates_i/U505/A (INVX1)                                   0.024608  0.000000   0.943746 f
  candidates_i/U505/Y (INVX1)                                   0.000000  0.006303   0.950050 r
  candidates_i/n48 (net)                        1     0.002292            0.000000   0.950050 r
  candidates_i/U3304/A (OR2X2)                                  0.000000  0.000000   0.950050 r
  candidates_i/U3304/Y (OR2X2)                                  0.055007  0.034618   0.984668 r
  candidates_i/n2007 (net)                      1     0.001551            0.000000   0.984668 r
  candidates_i/U3305/A (INVX1)                                  0.055007  0.000000   0.984668 r
  candidates_i/U3305/Y (INVX1)                                  0.035936  0.046591   1.031260 f
  candidates_i/n1016 (net)                      4     0.011326            0.000000   1.031260 f
  candidates_i/U2123/C (NAND3X1)                                0.035936  0.000000   1.031260 f
  candidates_i/U2123/Y (NAND3X1)                                0.033171  0.035400   1.066659 r
  candidates_i/n3173 (net)                      1     0.001869            0.000000   1.066659 r
  candidates_i/U405/B (AND2X2)                                  0.033171  0.000000   1.066659 r
  candidates_i/U405/Y (AND2X2)                                  0.011445  0.034182   1.100841 r
  candidates_i/n3171 (net)                      1     0.002961            0.000000   1.100841 r
  candidates_i/U2122/C (NAND3X1)                                0.011445  0.000000   1.100841 r
  candidates_i/U2122/Y (NAND3X1)                                0.017917  0.011798   1.112639 f
  candidates_i/n3050 (net)                      1     0.003011            0.000000   1.112639 f
  candidates_i/U1995/A (NOR3X1)                                 0.017917  0.000000   1.112639 f
  candidates_i/U1995/Y (NOR3X1)                                 0.050673  0.049517   1.162156 r
  candidates_i/n2815 (net)                      1     0.002291            0.000000   1.162156 r
  candidates_i/U3831/A (AND2X1)                                 0.050673  0.000000   1.162156 r
  candidates_i/U3831/Y (AND2X1)                                 0.025498  0.028024   1.190180 r
  candidates_i/n1297 (net)                      1     0.001551            0.000000   1.190180 r
  candidates_i/U3832/A (INVX1)                                  0.025498  0.000000   1.190180 r
  candidates_i/U3832/Y (INVX1)                                  0.097130  0.079190   1.269370 f
  candidates_i/n2789 (net)                     16     0.031107            0.000000   1.269370 f
  candidates_i/U1707/B (NAND2X1)                                0.097130  0.000000   1.269370 f
  candidates_i/U1707/Y (NAND2X1)                                0.032412  0.041784   1.311154 r
  candidates_i/n2788 (net)                      1     0.002548            0.000000   1.311154 r
  candidates_i/U1706/A (NAND3X1)                                0.032412  0.000000   1.311154 r
  candidates_i/U1706/Y (NAND3X1)                                0.038186  0.019595   1.330749 f
  candidates_i/n2683 (net)                      1     0.001504            0.000000   1.330749 f
  candidates_i/U534/A (BUFX2)                                   0.038186  0.000000   1.330749 f
  candidates_i/U534/Y (BUFX2)                                   0.009613  0.040197   1.370946 f
  candidates_i/n67 (net)                        2     0.003788            0.000000   1.370946 f
  candidates_i/U3866/A (INVX1)                                  0.009613  0.000000   1.370946 f
  candidates_i/U3866/Y (INVX1)                                  0.183886  0.132344   1.503290 r
  candidates_i/n7290 (net)                     15     0.042798            0.000000   1.503290 r
  candidates_i/U1639/A (AOI22X1)                                0.183886  0.000000   1.503290 r
  candidates_i/U1639/Y (AOI22X1)                                0.034084  0.066589   1.569879 f
  candidates_i/n2708 (net)                      1     0.001763            0.000000   1.569879 f
  candidates_i/U374/A (AND2X2)                                  0.034084  0.000000   1.569879 f
  candidates_i/U374/Y (AND2X2)                                  0.004681  0.039693   1.609572 f
  candidates_i/n2707 (net)                      1     0.002832            0.000000   1.609572 f
  candidates_i/U1637/C (NAND3X1)                                0.004681  0.000000   1.609572 f
  candidates_i/U1637/Y (NAND3X1)                                0.036595  0.028697   1.638269 r
  candidates_i/n2704 (net)                      1     0.002283            0.000000   1.638269 r
  candidates_i/U373/B (OR2X2)                                   0.036595  0.000000   1.638269 r
  candidates_i/U373/Y (OR2X2)                                   0.017298  0.050578   1.688847 r
  candidates_i/n2054 (net)                      2     0.004842            0.000000   1.688847 r
  candidates_i/U1625/B (NAND3X1)                                0.017298  0.000000   1.688847 r
  candidates_i/U1625/Y (NAND3X1)                                0.016156  0.014692   1.703539 f
  candidates_i/n2690 (net)                      1     0.001924            0.000000   1.703539 f
  candidates_i/U1624/C (OAI21X1)                                0.016156  0.000000   1.703539 f
  candidates_i/U1624/Y (OAI21X1)                                0.045011  0.022346   1.725885 r
  candidates_i/n2663 (net)                      1     0.002817            0.000000   1.725885 r
  candidates_i/U1601/A (AOI22X1)                                0.045011  0.000000   1.725885 r
  candidates_i/U1601/Y (AOI22X1)                                0.035654  0.039927   1.765812 f
  candidates_i/n2662 (net)                      1     0.002312            0.000000   1.765812 f
  candidates_i/U1600/C (AOI21X1)                                0.035654  0.000000   1.765812 f
  candidates_i/U1600/Y (AOI21X1)                                0.027785  0.025672   1.791484 r
  candidates_i/n2661 (net)                      1     0.002386            0.000000   1.791484 r
  candidates_i/U1599/C (AOI21X1)                                0.027785  0.000000   1.791484 r
  candidates_i/U1599/Y (AOI21X1)                                0.015015  0.017616   1.809100 f
  candidates_i/n2646 (net)                      1     0.002632            0.000000   1.809100 f
  candidates_i/U1587/B (OAI21X1)                                0.015015  0.000000   1.809100 f
  candidates_i/U1587/Y (OAI21X1)                                0.041918  0.040493   1.849593 r
  candidates_i/n2631 (net)                      1     0.002111            0.000000   1.849593 r
  candidates_i/U1575/A (NAND2X1)                                0.041918  0.000000   1.849593 r
  candidates_i/U1575/Y (NAND2X1)                                0.020639  0.018692   1.868284 f
  candidates_i/n2630 (net)                      1     0.001944            0.000000   1.868284 f
  candidates_i/U1574/B (NAND2X1)                                0.020639  0.000000   1.868284 f
  candidates_i/U1574/Y (NAND2X1)                                0.036723  0.017556   1.885841 r
  candidates_i/n2601 (net)                      1     0.002741            0.000000   1.885841 r
  candidates_i/U1550/A (AOI21X1)                                0.036723  0.000000   1.885841 r
  candidates_i/U1550/Y (AOI21X1)                                0.017841  0.022767   1.908608 f
  candidates_i/n2586 (net)                      1     0.002632            0.000000   1.908608 f
  candidates_i/U1538/B (OAI21X1)                                0.017841  0.000000   1.908608 f
  candidates_i/U1538/Y (OAI21X1)                                0.060709  0.053995   1.962602 r
  candidates_i/candidate_slots[0] (net)         3     0.006134            0.000000   1.962602 r
  candidates_i/candidate_slots[0] (mc_candidates_Q_DEPTH16_ROW_W8_COL_W6) 0.000000   1.962602 r
  candidate_slots[0] (net)                            0.006134            0.000000   1.962602 r
  frfcfs.scheduler_i/candidate_slots[0] (mc_scheduler_frfcfs_Q_DEPTH16_ADDR_W16_AGE_LIMIT128_AGING_ENABLE1)
                                                                          0.000000   1.962602 r
  frfcfs.scheduler_i/candidate_slots[0] (net)         0.006134            0.000000   1.962602 r
  frfcfs.scheduler_i/U1041/A (INVX1)                            0.060709  0.000000   1.962602 r
  frfcfs.scheduler_i/U1041/Y (INVX1)                            0.012515  0.032431   1.995033 f
  frfcfs.scheduler_i/n274 (net)                 2     0.003653            0.000000   1.995033 f
  frfcfs.scheduler_i/U994/B (AND2X1)                            0.012515  0.000000   1.995033 f
  frfcfs.scheduler_i/U994/Y (AND2X1)                            0.035569  0.057351   2.052384 f
  frfcfs.scheduler_i/n957 (net)                 4     0.008834            0.000000   2.052384 f
  frfcfs.scheduler_i/U533/A (NAND3X1)                           0.035569  0.000000   2.052384 f
  frfcfs.scheduler_i/U533/Y (NAND3X1)                           0.031097  0.042881   2.095265 r
  frfcfs.scheduler_i/n981 (net)                 1     0.001798            0.000000   2.095265 r
  frfcfs.scheduler_i/U928/A (AND2X2)                            0.031097  0.000000   2.095265 r
  frfcfs.scheduler_i/U928/Y (AND2X2)                            0.008125  0.032596   2.127861 r
  frfcfs.scheduler_i/n975 (net)                 1     0.001551            0.000000   2.127861 r
  frfcfs.scheduler_i/U929/A (INVX1)                             0.008125  0.000000   2.127861 r
  frfcfs.scheduler_i/U929/Y (INVX1)                             0.012959  0.015991   2.143853 f
  frfcfs.scheduler_i/n101 (net)                 1     0.002573            0.000000   2.143853 f
  frfcfs.scheduler_i/U524/A (OAI21X1)                           0.012959  0.000000   2.143853 f
  frfcfs.scheduler_i/U524/Y (OAI21X1)                           0.039205  0.040450   2.184303 r
  frfcfs.scheduler_i/n974 (net)                 1     0.001551            0.000000   2.184303 r
  frfcfs.scheduler_i/U991/A (INVX1)                             0.039205  0.000000   2.184303 r
  frfcfs.scheduler_i/U991/Y (INVX1)                             0.016800  0.028517   2.212821 f
  frfcfs.scheduler_i/n249 (net)                 2     0.004582            0.000000   2.212821 f
  frfcfs.scheduler_i/U511/A (AOI22X1)                           0.016800  0.000000   2.212821 f
  frfcfs.scheduler_i/U511/Y (AOI22X1)                           0.044327  0.047514   2.260335 r
  frfcfs.scheduler_i/n919 (net)                 1     0.001798            0.000000   2.260335 r
  frfcfs.scheduler_i/U50/A (AND2X2)                             0.044327  0.000000   2.260335 r
  frfcfs.scheduler_i/U50/Y (AND2X2)                             0.012059  0.035344   2.295679 r
  frfcfs.scheduler_i/n918 (net)                 1     0.002961            0.000000   2.295679 r
  frfcfs.scheduler_i/U485/C (NAND3X1)                           0.012059  0.000000   2.295679 r
  frfcfs.scheduler_i/U485/Y (NAND3X1)                           0.015778  0.010664   2.306343 f
  frfcfs.scheduler_i/n915 (net)                 1     0.002247            0.000000   2.306343 f
  frfcfs.scheduler_i/U988/B (OR2X1)                             0.015778  0.000000   2.306343 f
  frfcfs.scheduler_i/U988/Y (OR2X1)                             0.010524  0.047546   2.353889 f
  frfcfs.scheduler_i/n133 (net)                 1     0.001476            0.000000   2.353889 f
  frfcfs.scheduler_i/U989/A (INVX1)                             0.010524  0.000000   2.353889 f
  frfcfs.scheduler_i/U989/Y (INVX1)                             0.189497  0.136151   2.490039 r
  frfcfs.scheduler_i/n887 (net)                16     0.043876            0.000000   2.490039 r
  frfcfs.scheduler_i/U480/A (OAI21X1)                           0.189497  0.000000   2.490039 r
  frfcfs.scheduler_i/U480/Y (OAI21X1)                           0.016150  0.060298   2.550338 f
  frfcfs.scheduler_i/n910 (net)                 1     0.001476            0.000000   2.550338 f
  frfcfs.scheduler_i/U1048/A (INVX1)                            0.016150  0.000000   2.550338 f
  frfcfs.scheduler_i/U1048/Y (INVX1)                            0.204364  0.147157   2.697495 r
  frfcfs.scheduler_i/n213 (net)                17     0.046675            0.000000   2.697495 r
  frfcfs.scheduler_i/U362/A (AOI22X1)                           0.204364  0.000000   2.697495 r
  frfcfs.scheduler_i/U362/Y (AOI22X1)                           0.034079  0.070660   2.768155 f
  frfcfs.scheduler_i/n767 (net)                 1     0.001763            0.000000   2.768155 f
  frfcfs.scheduler_i/U26/A (AND2X2)                             0.034079  0.000000   2.768155 f
  frfcfs.scheduler_i/U26/Y (AND2X2)                             0.003832  0.039692   2.807847 f
  frfcfs.scheduler_i/n766 (net)                 1     0.002832            0.000000   2.807847 f
  frfcfs.scheduler_i/U360/C (NAND3X1)                           0.003832  0.000000   2.807847 f
  frfcfs.scheduler_i/U360/Y (NAND3X1)                           0.036639  0.028508   2.836355 r
  frfcfs.scheduler_i/n757 (net)                 1     0.002292            0.000000   2.836355 r
  frfcfs.scheduler_i/U164/A (OR2X2)                             0.036639  0.000000   2.836355 r
  frfcfs.scheduler_i/U164/Y (OR2X2)                             0.009847  0.038805   2.875161 r
  frfcfs.scheduler_i/n659 (net)                 1     0.001551            0.000000   2.875161 r
  frfcfs.scheduler_i/U165/A (INVX1)                             0.009847  0.000000   2.875161 r
  frfcfs.scheduler_i/U165/Y (INVX1)                             0.018410  0.020283   2.895444 f
  frfcfs.scheduler_i/n19 (net)                  2     0.004437            0.000000   2.895444 f
  frfcfs.scheduler_i/U87/A (AND2X1)                             0.018410  0.000000   2.895444 f
  frfcfs.scheduler_i/U87/Y (AND2X1)                             0.010120  0.033467   2.928911 f
  frfcfs.scheduler_i/n756 (net)                 1     0.002312            0.000000   2.928911 f
  frfcfs.scheduler_i/U353/C (AOI21X1)                           0.010120  0.000000   2.928911 f
  frfcfs.scheduler_i/U353/Y (AOI21X1)                           0.025831  0.016392   2.945303 r
  frfcfs.scheduler_i/n693 (net)                 1     0.001539            0.000000   2.945303 r
  frfcfs.scheduler_i/U173/A (BUFX2)                             0.025831  0.000000   2.945303 r
  frfcfs.scheduler_i/U173/Y (BUFX2)                             0.014747  0.038479   2.983782 r
  frfcfs.scheduler_i/n24 (net)                  2     0.005072            0.000000   2.983782 r
  frfcfs.scheduler_i/U306/A (NAND2X1)                           0.014747  0.000000   2.983782 r
  frfcfs.scheduler_i/U306/Y (NAND2X1)                           0.021553  0.014450   2.998232 f
  frfcfs.scheduler_i/n702 (net)                 1     0.002832            0.000000   2.998232 f
  frfcfs.scheduler_i/U305/C (NAND3X1)                           0.021553  0.000000   2.998232 f
  frfcfs.scheduler_i/U305/Y (NAND3X1)                           0.040527  0.035089   3.033321 r
  frfcfs.scheduler_i/n701 (net)                 1     0.002961            0.000000   3.033321 r
  frfcfs.scheduler_i/U304/C (NAND3X1)                           0.040527  0.000000   3.033321 r
  frfcfs.scheduler_i/U304/Y (NAND3X1)                           0.017947  0.018289   3.051610 f
  frfcfs.scheduler_i/n700 (net)                 1     0.002832            0.000000   3.051610 f
  frfcfs.scheduler_i/U303/C (NAND3X1)                           0.017947  0.000000   3.051610 f
  frfcfs.scheduler_i/U303/Y (NAND3X1)                           0.040560  0.034168   3.085778 r
  frfcfs.scheduler_i/n699 (net)                 1     0.002961            0.000000   3.085778 r
  frfcfs.scheduler_i/U302/C (NAND3X1)                           0.040560  0.000000   3.085778 r
  frfcfs.scheduler_i/U302/Y (NAND3X1)                           0.015781  0.016711   3.102490 f
  frfcfs.scheduler_i/n698 (net)                 1     0.001884            0.000000   3.102490 f
  frfcfs.scheduler_i/U301/A (NAND2X1)                           0.015781  0.000000   3.102490 f
  frfcfs.scheduler_i/U301/Y (NAND2X1)                           0.032741  0.027352   3.129841 r
  frfcfs.scheduler_i/n697 (net)                 1     0.002010            0.000000   3.129841 r
  frfcfs.scheduler_i/U300/C (OAI21X1)                           0.032741  0.000000   3.129841 r
  frfcfs.scheduler_i/U300/Y (OAI21X1)                           0.027003  0.033734   3.163575 f
  frfcfs.scheduler_i/select_slot[1] (net)       5     0.011339            0.000000   3.163575 f
  frfcfs.scheduler_i/select_slot[1] (mc_scheduler_frfcfs_Q_DEPTH16_ADDR_W16_AGE_LIMIT128_AGING_ENABLE1)
                                                                          0.000000   3.163575 f
  select_slot[1] (net)                                0.011339            0.000000   3.163575 f
  U130/A (BUFX2)                                                0.027003  0.000000   3.163575 f
  U130/Y (BUFX2)                                                0.033002  0.057816   3.221391 f
  n45 (net)                                    12     0.022771            0.000000   3.221391 f
  U118/A (INVX1)                                                0.033002  0.000000   3.221391 f
  U118/Y (INVX1)                                                0.028903  0.040370   3.261762 r
  n136 (net)                                    5     0.011897            0.000000   3.261762 r
  U76/A (OR2X1)                                                 0.028903  0.000000   3.261762 r
  U76/Y (OR2X1)                                                 0.017794  0.036700   3.298461 r
  n141 (net)                                    1     0.001551            0.000000   3.298461 r
  U77/A (INVX1)                                                 0.017794  0.000000   3.298461 r
  U77/Y (INVX1)                                                 0.021243  0.024755   3.323216 f
  n33 (net)                                     3     0.005570            0.000000   3.323216 f
  U57/B (AND2X1)                                                0.021243  0.000000   3.323216 f
  U57/Y (AND2X1)                                                0.022782  0.049454   3.372670 f
  n42 (net)                                     3     0.004428            0.000000   3.372670 f
  U117/A (INVX1)                                                0.022782  0.000000   3.372670 f
  U117/Y (INVX1)                                                0.127260  0.100121   3.472791 r
  n60 (net)                                    13     0.031453            0.000000   3.472791 r
  U105/A (INVX1)                                                0.127260  0.000000   3.472791 r
  U105/Y (INVX1)                                                0.005750  0.049001   3.521792 f
  n59 (net)                                     2     0.002952            0.000000   3.521792 f
  U96/A (INVX1)                                                 0.005750  0.000000   3.521792 f
  U96/Y (INVX1)                                                 0.164984  0.119307   3.641099 r
  n57 (net)                                    16     0.039189            0.000000   3.641099 r
  U338/B (OR2X1)                                                0.164984  0.000000   3.641099 r
  U338/Y (OR2X1)                                                0.020753  0.056323   3.697423 r
  n893 (net)                                    1     0.002010            0.000000   3.697423 r
  U1052/C (OAI21X1)                                             0.020753  0.000000   3.697423 r
  U1052/Y (OAI21X1)                                             0.013279  0.016551   3.713974 f
  n896 (net)                                    1     0.002313            0.000000   3.713974 f
  U337/A (OR2X1)                                                0.013279  0.000000   3.713974 f
  U337/Y (OR2X1)                                                0.014197  0.041856   3.755830 f
  n901 (net)                                    1     0.003011            0.000000   3.755830 f
  U1056/A (NOR3X1)                                              0.014197  0.000000   3.755830 f
  U1056/Y (NOR3X1)                                              0.053452  0.050713   3.806543 r
  n902 (net)                                    1     0.002798            0.000000   3.806543 r
  U1057/A (MUX2X1)                                              0.053452  0.000000   3.806543 r
  U1057/Y (MUX2X1)                                              0.069519  0.029921   3.836463 f
  n904 (net)                                    1     0.001476            0.000000   3.836463 f
  U155/A (INVX1)                                                0.069519  0.000000   3.836463 f
  U155/Y (INVX1)                                                0.024682  0.047114   3.883577 r
  cmd_wdata[25] (net)                           1     0.010000            0.000000   3.883577 r
  cmd_wdata[25] (out)                                           0.024682  0.000000   3.883577 r
  data arrival time                                                                  3.883577

  clock core_clk (rise edge)                                              5.000000   5.000000
  clock network delay (ideal)                                             0.000000   5.000000
  clock uncertainty                                                       -0.100000  4.900000
  output external delay                                                   -1.000000  3.900000
  data required time                                                                 3.900000
  ----------------------------------------------------------------------------------------------
  data required time                                                                 3.900000
  data arrival time                                                                  -3.883577
  ----------------------------------------------------------------------------------------------
  slack (MET)                                                                        0.016423


  Startpoint: table_i/addresses_reg[91]
              (rising edge-triggered flip-flop clocked by core_clk)
  Endpoint: cmd_wdata[22]
            (output port clocked by core_clk)
  Path Group: core_clk
  Path Type: max

  Point                                       Fanout       Cap     Trans      Incr       Path
  ----------------------------------------------------------------------------------------------
  clock core_clk (rise edge)                                              0.000000   0.000000
  clock network delay (ideal)                                             0.000000   0.000000
  table_i/addresses_reg[91]/CLK (DFFPOSX1)                      0.000000  0.000000 # 0.000000 r
  table_i/addresses_reg[91]/Q (DFFPOSX1)                        0.237835  0.211392   0.211392 r
  table_i/addresses[91] (net)                  21     0.099546            0.000000   0.211392 r
  table_i/addresses[91] (mc_transaction_table_Q_DEPTH16_ADDR_W16_DATA_W32_TAG_W8_READ_LATENCY3_AGE_LIMIT128)
                                                                          0.000000   0.211392 r
  addresses[91] (net)                                 0.099546            0.000000   0.211392 r
  candidates_i/addresses[91] (mc_candidates_Q_DEPTH16_ROW_W8_COL_W6)      0.000000   0.211392 r
  candidates_i/addresses[91] (net)                    0.099546            0.000000   0.211392 r
  candidates_i/U4170/A (INVX1)                                  0.237835  0.000000   0.211392 r
  candidates_i/U4170/Y (INVX1)                                  0.000000  0.075928   0.287320 f
  candidates_i/n1407 (net)                      1     0.001476            0.000000   0.287320 f
  candidates_i/U4095/A (INVX1)                                  0.000000  0.000000   0.287320 f
  candidates_i/U4095/Y (INVX1)                                  0.312264  0.210691   0.498011 r
  candidates_i/n1406 (net)                     13     0.067956            0.000000   0.498011 r
  candidates_i/U6364/A (XNOR2X1)                                0.312264  0.000000   0.498011 r
  candidates_i/U6364/Y (XNOR2X1)                                0.040105  0.070721   0.568731 r
  candidates_i/n5531 (net)                      1     0.002343            0.000000   0.568731 r
  candidates_i/U3433/B (AND2X1)                                 0.040105  0.000000   0.568731 r
  candidates_i/U3433/Y (AND2X1)                                 0.026675  0.038371   0.607102 r
  candidates_i/n5535 (net)                      1     0.001551            0.000000   0.607102 r
  candidates_i/U3434/A (INVX1)                                  0.026675  0.000000   0.607102 r
  candidates_i/U3434/Y (INVX1)                                  0.012970  0.021909   0.629011 f
  candidates_i/n1088 (net)                      1     0.003011            0.000000   0.629011 f
  candidates_i/U6367/A (NOR3X1)                                 0.012970  0.000000   0.629011 f
  candidates_i/U6367/Y (NOR3X1)                                 0.050225  0.048204   0.677215 r
  candidates_i/n5542 (net)                      1     0.002111            0.000000   0.677215 r
  candidates_i/U6373/A (NAND2X1)                                0.050225  0.000000   0.677215 r
  candidates_i/U6373/Y (NAND2X1)                                0.020587  0.022367   0.699582 f
  candidates_i/n5559 (net)                      1     0.003011            0.000000   0.699582 f
  candidates_i/U6388/A (NOR3X1)                                 0.020587  0.000000   0.699582 f
  candidates_i/U6388/Y (NOR3X1)                                 0.064039  0.059420   0.759002 r
  candidates_i/N1799 (net)                      2     0.005095            0.000000   0.759002 r
  candidates_i/U2135/A (NAND3X1)                                0.064039  0.000000   0.759002 r
  candidates_i/U2135/Y (NAND3X1)                                0.011880  0.024262   0.783264 f
  candidates_i/n3188 (net)                      1     0.001820            0.000000   0.783264 f
  candidates_i/U406/B (AND2X2)                                  0.011880  0.000000   0.783264 f
  candidates_i/U406/Y (AND2X2)                                  0.000000  0.038171   0.821435 f
  candidates_i/n3186 (net)                      1     0.002832            0.000000   0.821435 f
  candidates_i/U2134/C (NAND3X1)                                0.000000  0.000000   0.821435 f
  candidates_i/U2134/Y (NAND3X1)                                0.040766  0.029765   0.851200 r
  candidates_i/n3176 (net)                      1     0.003021            0.000000   0.851200 r
  candidates_i/U2126/A (NOR3X1)                                 0.040766  0.000000   0.851200 r
  candidates_i/U2126/Y (NOR3X1)                                 0.025642  0.041032   0.892233 f
  candidates_i/n3175 (net)                      1     0.001827            0.000000   0.892233 f
  candidates_i/U504/B (AND2X1)                                  0.025642  0.000000   0.892233 f
  candidates_i/U504/Y (AND2X1)                                  0.024608  0.051514   0.943746 f
  candidates_i/eligible[12] (net)               3     0.005174            0.000000   0.943746 f
  candidates_i/U505/A (INVX1)                                   0.024608  0.000000   0.943746 f
  candidates_i/U505/Y (INVX1)                                   0.000000  0.006303   0.950050 r
  candidates_i/n48 (net)                        1     0.002292            0.000000   0.950050 r
  candidates_i/U3304/A (OR2X2)                                  0.000000  0.000000   0.950050 r
  candidates_i/U3304/Y (OR2X2)                                  0.055007  0.034618   0.984668 r
  candidates_i/n2007 (net)                      1     0.001551            0.000000   0.984668 r
  candidates_i/U3305/A (INVX1)                                  0.055007  0.000000   0.984668 r
  candidates_i/U3305/Y (INVX1)                                  0.035936  0.046591   1.031260 f
  candidates_i/n1016 (net)                      4     0.011326            0.000000   1.031260 f
  candidates_i/U2123/C (NAND3X1)                                0.035936  0.000000   1.031260 f
  candidates_i/U2123/Y (NAND3X1)                                0.033171  0.035400   1.066659 r
  candidates_i/n3173 (net)                      1     0.001869            0.000000   1.066659 r
  candidates_i/U405/B (AND2X2)                                  0.033171  0.000000   1.066659 r
  candidates_i/U405/Y (AND2X2)                                  0.011445  0.034182   1.100841 r
  candidates_i/n3171 (net)                      1     0.002961            0.000000   1.100841 r
  candidates_i/U2122/C (NAND3X1)                                0.011445  0.000000   1.100841 r
  candidates_i/U2122/Y (NAND3X1)                                0.017917  0.011798   1.112639 f
  candidates_i/n3050 (net)                      1     0.003011            0.000000   1.112639 f
  candidates_i/U1995/A (NOR3X1)                                 0.017917  0.000000   1.112639 f
  candidates_i/U1995/Y (NOR3X1)                                 0.050673  0.049517   1.162156 r
  candidates_i/n2815 (net)                      1     0.002291            0.000000   1.162156 r
  candidates_i/U3831/A (AND2X1)                                 0.050673  0.000000   1.162156 r
  candidates_i/U3831/Y (AND2X1)                                 0.025498  0.028024   1.190180 r
  candidates_i/n1297 (net)                      1     0.001551            0.000000   1.190180 r
  candidates_i/U3832/A (INVX1)                                  0.025498  0.000000   1.190180 r
  candidates_i/U3832/Y (INVX1)                                  0.097130  0.079190   1.269370 f
  candidates_i/n2789 (net)                     16     0.031107            0.000000   1.269370 f
  candidates_i/U1707/B (NAND2X1)                                0.097130  0.000000   1.269370 f
  candidates_i/U1707/Y (NAND2X1)                                0.032412  0.041784   1.311154 r
  candidates_i/n2788 (net)                      1     0.002548            0.000000   1.311154 r
  candidates_i/U1706/A (NAND3X1)                                0.032412  0.000000   1.311154 r
  candidates_i/U1706/Y (NAND3X1)                                0.038186  0.019595   1.330749 f
  candidates_i/n2683 (net)                      1     0.001504            0.000000   1.330749 f
  candidates_i/U534/A (BUFX2)                                   0.038186  0.000000   1.330749 f
  candidates_i/U534/Y (BUFX2)                                   0.009613  0.040197   1.370946 f
  candidates_i/n67 (net)                        2     0.003788            0.000000   1.370946 f
  candidates_i/U3866/A (INVX1)                                  0.009613  0.000000   1.370946 f
  candidates_i/U3866/Y (INVX1)                                  0.183886  0.132344   1.503290 r
  candidates_i/n7290 (net)                     15     0.042798            0.000000   1.503290 r
  candidates_i/U1639/A (AOI22X1)                                0.183886  0.000000   1.503290 r
  candidates_i/U1639/Y (AOI22X1)                                0.034084  0.066589   1.569879 f
  candidates_i/n2708 (net)                      1     0.001763            0.000000   1.569879 f
  candidates_i/U374/A (AND2X2)                                  0.034084  0.000000   1.569879 f
  candidates_i/U374/Y (AND2X2)                                  0.004681  0.039693   1.609572 f
  candidates_i/n2707 (net)                      1     0.002832            0.000000   1.609572 f
  candidates_i/U1637/C (NAND3X1)                                0.004681  0.000000   1.609572 f
  candidates_i/U1637/Y (NAND3X1)                                0.036595  0.028697   1.638269 r
  candidates_i/n2704 (net)                      1     0.002283            0.000000   1.638269 r
  candidates_i/U373/B (OR2X2)                                   0.036595  0.000000   1.638269 r
  candidates_i/U373/Y (OR2X2)                                   0.017298  0.050578   1.688847 r
  candidates_i/n2054 (net)                      2     0.004842            0.000000   1.688847 r
  candidates_i/U1625/B (NAND3X1)                                0.017298  0.000000   1.688847 r
  candidates_i/U1625/Y (NAND3X1)                                0.016156  0.014692   1.703539 f
  candidates_i/n2690 (net)                      1     0.001924            0.000000   1.703539 f
  candidates_i/U1624/C (OAI21X1)                                0.016156  0.000000   1.703539 f
  candidates_i/U1624/Y (OAI21X1)                                0.045011  0.022346   1.725885 r
  candidates_i/n2663 (net)                      1     0.002817            0.000000   1.725885 r
  candidates_i/U1601/A (AOI22X1)                                0.045011  0.000000   1.725885 r
  candidates_i/U1601/Y (AOI22X1)                                0.035654  0.039927   1.765812 f
  candidates_i/n2662 (net)                      1     0.002312            0.000000   1.765812 f
  candidates_i/U1600/C (AOI21X1)                                0.035654  0.000000   1.765812 f
  candidates_i/U1600/Y (AOI21X1)                                0.027785  0.025672   1.791484 r
  candidates_i/n2661 (net)                      1     0.002386            0.000000   1.791484 r
  candidates_i/U1599/C (AOI21X1)                                0.027785  0.000000   1.791484 r
  candidates_i/U1599/Y (AOI21X1)                                0.015015  0.017616   1.809100 f
  candidates_i/n2646 (net)                      1     0.002632            0.000000   1.809100 f
  candidates_i/U1587/B (OAI21X1)                                0.015015  0.000000   1.809100 f
  candidates_i/U1587/Y (OAI21X1)                                0.041918  0.040493   1.849593 r
  candidates_i/n2631 (net)                      1     0.002111            0.000000   1.849593 r
  candidates_i/U1575/A (NAND2X1)                                0.041918  0.000000   1.849593 r
  candidates_i/U1575/Y (NAND2X1)                                0.020639  0.018692   1.868284 f
  candidates_i/n2630 (net)                      1     0.001944            0.000000   1.868284 f
  candidates_i/U1574/B (NAND2X1)                                0.020639  0.000000   1.868284 f
  candidates_i/U1574/Y (NAND2X1)                                0.036723  0.017556   1.885841 r
  candidates_i/n2601 (net)                      1     0.002741            0.000000   1.885841 r
  candidates_i/U1550/A (AOI21X1)                                0.036723  0.000000   1.885841 r
  candidates_i/U1550/Y (AOI21X1)                                0.017841  0.022767   1.908608 f
  candidates_i/n2586 (net)                      1     0.002632            0.000000   1.908608 f
  candidates_i/U1538/B (OAI21X1)                                0.017841  0.000000   1.908608 f
  candidates_i/U1538/Y (OAI21X1)                                0.060709  0.053995   1.962602 r
  candidates_i/candidate_slots[0] (net)         3     0.006134            0.000000   1.962602 r
  candidates_i/candidate_slots[0] (mc_candidates_Q_DEPTH16_ROW_W8_COL_W6) 0.000000   1.962602 r
  candidate_slots[0] (net)                            0.006134            0.000000   1.962602 r
  frfcfs.scheduler_i/candidate_slots[0] (mc_scheduler_frfcfs_Q_DEPTH16_ADDR_W16_AGE_LIMIT128_AGING_ENABLE1)
                                                                          0.000000   1.962602 r
  frfcfs.scheduler_i/candidate_slots[0] (net)         0.006134            0.000000   1.962602 r
  frfcfs.scheduler_i/U1041/A (INVX1)                            0.060709  0.000000   1.962602 r
  frfcfs.scheduler_i/U1041/Y (INVX1)                            0.012515  0.032431   1.995033 f
  frfcfs.scheduler_i/n274 (net)                 2     0.003653            0.000000   1.995033 f
  frfcfs.scheduler_i/U994/B (AND2X1)                            0.012515  0.000000   1.995033 f
  frfcfs.scheduler_i/U994/Y (AND2X1)                            0.035569  0.057351   2.052384 f
  frfcfs.scheduler_i/n957 (net)                 4     0.008834            0.000000   2.052384 f
  frfcfs.scheduler_i/U533/A (NAND3X1)                           0.035569  0.000000   2.052384 f
  frfcfs.scheduler_i/U533/Y (NAND3X1)                           0.031097  0.042881   2.095265 r
  frfcfs.scheduler_i/n981 (net)                 1     0.001798            0.000000   2.095265 r
  frfcfs.scheduler_i/U928/A (AND2X2)                            0.031097  0.000000   2.095265 r
  frfcfs.scheduler_i/U928/Y (AND2X2)                            0.008125  0.032596   2.127861 r
  frfcfs.scheduler_i/n975 (net)                 1     0.001551            0.000000   2.127861 r
  frfcfs.scheduler_i/U929/A (INVX1)                             0.008125  0.000000   2.127861 r
  frfcfs.scheduler_i/U929/Y (INVX1)                             0.012959  0.015991   2.143853 f
  frfcfs.scheduler_i/n101 (net)                 1     0.002573            0.000000   2.143853 f
  frfcfs.scheduler_i/U524/A (OAI21X1)                           0.012959  0.000000   2.143853 f
  frfcfs.scheduler_i/U524/Y (OAI21X1)                           0.039205  0.040450   2.184303 r
  frfcfs.scheduler_i/n974 (net)                 1     0.001551            0.000000   2.184303 r
  frfcfs.scheduler_i/U991/A (INVX1)                             0.039205  0.000000   2.184303 r
  frfcfs.scheduler_i/U991/Y (INVX1)                             0.016800  0.028517   2.212821 f
  frfcfs.scheduler_i/n249 (net)                 2     0.004582            0.000000   2.212821 f
  frfcfs.scheduler_i/U511/A (AOI22X1)                           0.016800  0.000000   2.212821 f
  frfcfs.scheduler_i/U511/Y (AOI22X1)                           0.044327  0.047514   2.260335 r
  frfcfs.scheduler_i/n919 (net)                 1     0.001798            0.000000   2.260335 r
  frfcfs.scheduler_i/U50/A (AND2X2)                             0.044327  0.000000   2.260335 r
  frfcfs.scheduler_i/U50/Y (AND2X2)                             0.012059  0.035344   2.295679 r
  frfcfs.scheduler_i/n918 (net)                 1     0.002961            0.000000   2.295679 r
  frfcfs.scheduler_i/U485/C (NAND3X1)                           0.012059  0.000000   2.295679 r
  frfcfs.scheduler_i/U485/Y (NAND3X1)                           0.015778  0.010664   2.306343 f
  frfcfs.scheduler_i/n915 (net)                 1     0.002247            0.000000   2.306343 f
  frfcfs.scheduler_i/U988/B (OR2X1)                             0.015778  0.000000   2.306343 f
  frfcfs.scheduler_i/U988/Y (OR2X1)                             0.010524  0.047546   2.353889 f
  frfcfs.scheduler_i/n133 (net)                 1     0.001476            0.000000   2.353889 f
  frfcfs.scheduler_i/U989/A (INVX1)                             0.010524  0.000000   2.353889 f
  frfcfs.scheduler_i/U989/Y (INVX1)                             0.189497  0.136151   2.490039 r
  frfcfs.scheduler_i/n887 (net)                16     0.043876            0.000000   2.490039 r
  frfcfs.scheduler_i/U480/A (OAI21X1)                           0.189497  0.000000   2.490039 r
  frfcfs.scheduler_i/U480/Y (OAI21X1)                           0.016150  0.060298   2.550338 f
  frfcfs.scheduler_i/n910 (net)                 1     0.001476            0.000000   2.550338 f
  frfcfs.scheduler_i/U1048/A (INVX1)                            0.016150  0.000000   2.550338 f
  frfcfs.scheduler_i/U1048/Y (INVX1)                            0.204364  0.147157   2.697495 r
  frfcfs.scheduler_i/n213 (net)                17     0.046675            0.000000   2.697495 r
  frfcfs.scheduler_i/U362/A (AOI22X1)                           0.204364  0.000000   2.697495 r
  frfcfs.scheduler_i/U362/Y (AOI22X1)                           0.034079  0.070660   2.768155 f
  frfcfs.scheduler_i/n767 (net)                 1     0.001763            0.000000   2.768155 f
  frfcfs.scheduler_i/U26/A (AND2X2)                             0.034079  0.000000   2.768155 f
  frfcfs.scheduler_i/U26/Y (AND2X2)                             0.003832  0.039692   2.807847 f
  frfcfs.scheduler_i/n766 (net)                 1     0.002832            0.000000   2.807847 f
  frfcfs.scheduler_i/U360/C (NAND3X1)                           0.003832  0.000000   2.807847 f
  frfcfs.scheduler_i/U360/Y (NAND3X1)                           0.036639  0.028508   2.836355 r
  frfcfs.scheduler_i/n757 (net)                 1     0.002292            0.000000   2.836355 r
  frfcfs.scheduler_i/U164/A (OR2X2)                             0.036639  0.000000   2.836355 r
  frfcfs.scheduler_i/U164/Y (OR2X2)                             0.009847  0.038805   2.875161 r
  frfcfs.scheduler_i/n659 (net)                 1     0.001551            0.000000   2.875161 r
  frfcfs.scheduler_i/U165/A (INVX1)                             0.009847  0.000000   2.875161 r
  frfcfs.scheduler_i/U165/Y (INVX1)                             0.018410  0.020283   2.895444 f
  frfcfs.scheduler_i/n19 (net)                  2     0.004437            0.000000   2.895444 f
  frfcfs.scheduler_i/U87/A (AND2X1)                             0.018410  0.000000   2.895444 f
  frfcfs.scheduler_i/U87/Y (AND2X1)                             0.010120  0.033467   2.928911 f
  frfcfs.scheduler_i/n756 (net)                 1     0.002312            0.000000   2.928911 f
  frfcfs.scheduler_i/U353/C (AOI21X1)                           0.010120  0.000000   2.928911 f
  frfcfs.scheduler_i/U353/Y (AOI21X1)                           0.025831  0.016392   2.945303 r
  frfcfs.scheduler_i/n693 (net)                 1     0.001539            0.000000   2.945303 r
  frfcfs.scheduler_i/U173/A (BUFX2)                             0.025831  0.000000   2.945303 r
  frfcfs.scheduler_i/U173/Y (BUFX2)                             0.014747  0.038479   2.983782 r
  frfcfs.scheduler_i/n24 (net)                  2     0.005072            0.000000   2.983782 r
  frfcfs.scheduler_i/U306/A (NAND2X1)                           0.014747  0.000000   2.983782 r
  frfcfs.scheduler_i/U306/Y (NAND2X1)                           0.021553  0.014450   2.998232 f
  frfcfs.scheduler_i/n702 (net)                 1     0.002832            0.000000   2.998232 f
  frfcfs.scheduler_i/U305/C (NAND3X1)                           0.021553  0.000000   2.998232 f
  frfcfs.scheduler_i/U305/Y (NAND3X1)                           0.040527  0.035089   3.033321 r
  frfcfs.scheduler_i/n701 (net)                 1     0.002961            0.000000   3.033321 r
  frfcfs.scheduler_i/U304/C (NAND3X1)                           0.040527  0.000000   3.033321 r
  frfcfs.scheduler_i/U304/Y (NAND3X1)                           0.017947  0.018289   3.051610 f
  frfcfs.scheduler_i/n700 (net)                 1     0.002832            0.000000   3.051610 f
  frfcfs.scheduler_i/U303/C (NAND3X1)                           0.017947  0.000000   3.051610 f
  frfcfs.scheduler_i/U303/Y (NAND3X1)                           0.040560  0.034168   3.085778 r
  frfcfs.scheduler_i/n699 (net)                 1     0.002961            0.000000   3.085778 r
  frfcfs.scheduler_i/U302/C (NAND3X1)                           0.040560  0.000000   3.085778 r
  frfcfs.scheduler_i/U302/Y (NAND3X1)                           0.015781  0.016711   3.102490 f
  frfcfs.scheduler_i/n698 (net)                 1     0.001884            0.000000   3.102490 f
  frfcfs.scheduler_i/U301/A (NAND2X1)                           0.015781  0.000000   3.102490 f
  frfcfs.scheduler_i/U301/Y (NAND2X1)                           0.032741  0.027352   3.129841 r
  frfcfs.scheduler_i/n697 (net)                 1     0.002010            0.000000   3.129841 r
  frfcfs.scheduler_i/U300/C (OAI21X1)                           0.032741  0.000000   3.129841 r
  frfcfs.scheduler_i/U300/Y (OAI21X1)                           0.027003  0.033734   3.163575 f
  frfcfs.scheduler_i/select_slot[1] (net)       5     0.011339            0.000000   3.163575 f
  frfcfs.scheduler_i/select_slot[1] (mc_scheduler_frfcfs_Q_DEPTH16_ADDR_W16_AGE_LIMIT128_AGING_ENABLE1)
                                                                          0.000000   3.163575 f
  select_slot[1] (net)                                0.011339            0.000000   3.163575 f
  U130/A (BUFX2)                                                0.027003  0.000000   3.163575 f
  U130/Y (BUFX2)                                                0.033002  0.057816   3.221391 f
  n45 (net)                                    12     0.022771            0.000000   3.221391 f
  U118/A (INVX1)                                                0.033002  0.000000   3.221391 f
  U118/Y (INVX1)                                                0.028903  0.040370   3.261762 r
  n136 (net)                                    5     0.011897            0.000000   3.261762 r
  U76/A (OR2X1)                                                 0.028903  0.000000   3.261762 r
  U76/Y (OR2X1)                                                 0.017794  0.036700   3.298461 r
  n141 (net)                                    1     0.001551            0.000000   3.298461 r
  U77/A (INVX1)                                                 0.017794  0.000000   3.298461 r
  U77/Y (INVX1)                                                 0.021243  0.024755   3.323216 f
  n33 (net)                                     3     0.005570            0.000000   3.323216 f
  U57/B (AND2X1)                                                0.021243  0.000000   3.323216 f
  U57/Y (AND2X1)                                                0.022782  0.049454   3.372670 f
  n42 (net)                                     3     0.004428            0.000000   3.372670 f
  U117/A (INVX1)                                                0.022782  0.000000   3.372670 f
  U117/Y (INVX1)                                                0.127260  0.100121   3.472791 r
  n60 (net)                                    13     0.031453            0.000000   3.472791 r
  U105/A (INVX1)                                                0.127260  0.000000   3.472791 r
  U105/Y (INVX1)                                                0.005750  0.049001   3.521792 f
  n59 (net)                                     2     0.002952            0.000000   3.521792 f
  U96/A (INVX1)                                                 0.005750  0.000000   3.521792 f
  U96/Y (INVX1)                                                 0.164984  0.119307   3.641099 r
  n57 (net)                                    16     0.039189            0.000000   3.641099 r
  U332/B (OR2X1)                                                0.164984  0.000000   3.641099 r
  U332/Y (OR2X1)                                                0.020753  0.056323   3.697423 r
  n830 (net)                                    1     0.002010            0.000000   3.697423 r
  U1019/C (OAI21X1)                                             0.020753  0.000000   3.697423 r
  U1019/Y (OAI21X1)                                             0.013279  0.016551   3.713974 f
  n833 (net)                                    1     0.002313            0.000000   3.713974 f
  U331/A (OR2X1)                                                0.013279  0.000000   3.713974 f
  U331/Y (OR2X1)                                                0.014197  0.041856   3.755830 f
  n838 (net)                                    1     0.003011            0.000000   3.755830 f
  U1023/A (NOR3X1)                                              0.014197  0.000000   3.755830 f
  U1023/Y (NOR3X1)                                              0.053452  0.050713   3.806543 r
  n839 (net)                                    1     0.002798            0.000000   3.806543 r
  U1024/A (MUX2X1)                                              0.053452  0.000000   3.806543 r
  U1024/Y (MUX2X1)                                              0.069519  0.029921   3.836463 f
  n841 (net)                                    1     0.001476            0.000000   3.836463 f
  U152/A (INVX1)                                                0.069519  0.000000   3.836463 f
  U152/Y (INVX1)                                                0.024682  0.047114   3.883577 r
  cmd_wdata[22] (net)                           1     0.010000            0.000000   3.883577 r
  cmd_wdata[22] (out)                                           0.024682  0.000000   3.883577 r
  data arrival time                                                                  3.883577

  clock core_clk (rise edge)                                              5.000000   5.000000
  clock network delay (ideal)                                             0.000000   5.000000
  clock uncertainty                                                       -0.100000  4.900000
  output external delay                                                   -1.000000  3.900000
  data required time                                                                 3.900000
  ----------------------------------------------------------------------------------------------
  data required time                                                                 3.900000
  data arrival time                                                                  -3.883577
  ----------------------------------------------------------------------------------------------
  slack (MET)                                                                        0.016423


  Startpoint: table_i/addresses_reg[91]
              (rising edge-triggered flip-flop clocked by core_clk)
  Endpoint: cmd_wdata[6]
            (output port clocked by core_clk)
  Path Group: core_clk
  Path Type: max

  Point                                       Fanout       Cap     Trans      Incr       Path
  ----------------------------------------------------------------------------------------------
  clock core_clk (rise edge)                                              0.000000   0.000000
  clock network delay (ideal)                                             0.000000   0.000000
  table_i/addresses_reg[91]/CLK (DFFPOSX1)                      0.000000  0.000000 # 0.000000 r
  table_i/addresses_reg[91]/Q (DFFPOSX1)                        0.237835  0.211392   0.211392 r
  table_i/addresses[91] (net)                  21     0.099546            0.000000   0.211392 r
  table_i/addresses[91] (mc_transaction_table_Q_DEPTH16_ADDR_W16_DATA_W32_TAG_W8_READ_LATENCY3_AGE_LIMIT128)
                                                                          0.000000   0.211392 r
  addresses[91] (net)                                 0.099546            0.000000   0.211392 r
  candidates_i/addresses[91] (mc_candidates_Q_DEPTH16_ROW_W8_COL_W6)      0.000000   0.211392 r
  candidates_i/addresses[91] (net)                    0.099546            0.000000   0.211392 r
  candidates_i/U4170/A (INVX1)                                  0.237835  0.000000   0.211392 r
  candidates_i/U4170/Y (INVX1)                                  0.000000  0.075928   0.287320 f
  candidates_i/n1407 (net)                      1     0.001476            0.000000   0.287320 f
  candidates_i/U4095/A (INVX1)                                  0.000000  0.000000   0.287320 f
  candidates_i/U4095/Y (INVX1)                                  0.312264  0.210691   0.498011 r
  candidates_i/n1406 (net)                     13     0.067956            0.000000   0.498011 r
  candidates_i/U6364/A (XNOR2X1)                                0.312264  0.000000   0.498011 r
  candidates_i/U6364/Y (XNOR2X1)                                0.040105  0.070721   0.568731 r
  candidates_i/n5531 (net)                      1     0.002343            0.000000   0.568731 r
  candidates_i/U3433/B (AND2X1)                                 0.040105  0.000000   0.568731 r
  candidates_i/U3433/Y (AND2X1)                                 0.026675  0.038371   0.607102 r
  candidates_i/n5535 (net)                      1     0.001551            0.000000   0.607102 r
  candidates_i/U3434/A (INVX1)                                  0.026675  0.000000   0.607102 r
  candidates_i/U3434/Y (INVX1)                                  0.012970  0.021909   0.629011 f
  candidates_i/n1088 (net)                      1     0.003011            0.000000   0.629011 f
  candidates_i/U6367/A (NOR3X1)                                 0.012970  0.000000   0.629011 f
  candidates_i/U6367/Y (NOR3X1)                                 0.050225  0.048204   0.677215 r
  candidates_i/n5542 (net)                      1     0.002111            0.000000   0.677215 r
  candidates_i/U6373/A (NAND2X1)                                0.050225  0.000000   0.677215 r
  candidates_i/U6373/Y (NAND2X1)                                0.020587  0.022367   0.699582 f
  candidates_i/n5559 (net)                      1     0.003011            0.000000   0.699582 f
  candidates_i/U6388/A (NOR3X1)                                 0.020587  0.000000   0.699582 f
  candidates_i/U6388/Y (NOR3X1)                                 0.064039  0.059420   0.759002 r
  candidates_i/N1799 (net)                      2     0.005095            0.000000   0.759002 r
  candidates_i/U2135/A (NAND3X1)                                0.064039  0.000000   0.759002 r
  candidates_i/U2135/Y (NAND3X1)                                0.011880  0.024262   0.783264 f
  candidates_i/n3188 (net)                      1     0.001820            0.000000   0.783264 f
  candidates_i/U406/B (AND2X2)                                  0.011880  0.000000   0.783264 f
  candidates_i/U406/Y (AND2X2)                                  0.000000  0.038171   0.821435 f
  candidates_i/n3186 (net)                      1     0.002832            0.000000   0.821435 f
  candidates_i/U2134/C (NAND3X1)                                0.000000  0.000000   0.821435 f
  candidates_i/U2134/Y (NAND3X1)                                0.040766  0.029765   0.851200 r
  candidates_i/n3176 (net)                      1     0.003021            0.000000   0.851200 r
  candidates_i/U2126/A (NOR3X1)                                 0.040766  0.000000   0.851200 r
  candidates_i/U2126/Y (NOR3X1)                                 0.025642  0.041032   0.892233 f
  candidates_i/n3175 (net)                      1     0.001827            0.000000   0.892233 f
  candidates_i/U504/B (AND2X1)                                  0.025642  0.000000   0.892233 f
  candidates_i/U504/Y (AND2X1)                                  0.024608  0.051514   0.943746 f
  candidates_i/eligible[12] (net)               3     0.005174            0.000000   0.943746 f
  candidates_i/U505/A (INVX1)                                   0.024608  0.000000   0.943746 f
  candidates_i/U505/Y (INVX1)                                   0.000000  0.006303   0.950050 r
  candidates_i/n48 (net)                        1     0.002292            0.000000   0.950050 r
  candidates_i/U3304/A (OR2X2)                                  0.000000  0.000000   0.950050 r
  candidates_i/U3304/Y (OR2X2)                                  0.055007  0.034618   0.984668 r
  candidates_i/n2007 (net)                      1     0.001551            0.000000   0.984668 r
  candidates_i/U3305/A (INVX1)                                  0.055007  0.000000   0.984668 r
  candidates_i/U3305/Y (INVX1)                                  0.035936  0.046591   1.031260 f
  candidates_i/n1016 (net)                      4     0.011326            0.000000   1.031260 f
  candidates_i/U2123/C (NAND3X1)                                0.035936  0.000000   1.031260 f
  candidates_i/U2123/Y (NAND3X1)                                0.033171  0.035400   1.066659 r
  candidates_i/n3173 (net)                      1     0.001869            0.000000   1.066659 r
  candidates_i/U405/B (AND2X2)                                  0.033171  0.000000   1.066659 r
  candidates_i/U405/Y (AND2X2)                                  0.011445  0.034182   1.100841 r
  candidates_i/n3171 (net)                      1     0.002961            0.000000   1.100841 r
  candidates_i/U2122/C (NAND3X1)                                0.011445  0.000000   1.100841 r
  candidates_i/U2122/Y (NAND3X1)                                0.017917  0.011798   1.112639 f
  candidates_i/n3050 (net)                      1     0.003011            0.000000   1.112639 f
  candidates_i/U1995/A (NOR3X1)                                 0.017917  0.000000   1.112639 f
  candidates_i/U1995/Y (NOR3X1)                                 0.050673  0.049517   1.162156 r
  candidates_i/n2815 (net)                      1     0.002291            0.000000   1.162156 r
  candidates_i/U3831/A (AND2X1)                                 0.050673  0.000000   1.162156 r
  candidates_i/U3831/Y (AND2X1)                                 0.025498  0.028024   1.190180 r
  candidates_i/n1297 (net)                      1     0.001551            0.000000   1.190180 r
  candidates_i/U3832/A (INVX1)                                  0.025498  0.000000   1.190180 r
  candidates_i/U3832/Y (INVX1)                                  0.097130  0.079190   1.269370 f
  candidates_i/n2789 (net)                     16     0.031107            0.000000   1.269370 f
  candidates_i/U1707/B (NAND2X1)                                0.097130  0.000000   1.269370 f
  candidates_i/U1707/Y (NAND2X1)                                0.032412  0.041784   1.311154 r
  candidates_i/n2788 (net)                      1     0.002548            0.000000   1.311154 r
  candidates_i/U1706/A (NAND3X1)                                0.032412  0.000000   1.311154 r
  candidates_i/U1706/Y (NAND3X1)                                0.038186  0.019595   1.330749 f
  candidates_i/n2683 (net)                      1     0.001504            0.000000   1.330749 f
  candidates_i/U534/A (BUFX2)                                   0.038186  0.000000   1.330749 f
  candidates_i/U534/Y (BUFX2)                                   0.009613  0.040197   1.370946 f
  candidates_i/n67 (net)                        2     0.003788            0.000000   1.370946 f
  candidates_i/U3866/A (INVX1)                                  0.009613  0.000000   1.370946 f
  candidates_i/U3866/Y (INVX1)                                  0.183886  0.132344   1.503290 r
  candidates_i/n7290 (net)                     15     0.042798            0.000000   1.503290 r
  candidates_i/U1639/A (AOI22X1)                                0.183886  0.000000   1.503290 r
  candidates_i/U1639/Y (AOI22X1)                                0.034084  0.066589   1.569879 f
  candidates_i/n2708 (net)                      1     0.001763            0.000000   1.569879 f
  candidates_i/U374/A (AND2X2)                                  0.034084  0.000000   1.569879 f
  candidates_i/U374/Y (AND2X2)                                  0.004681  0.039693   1.609572 f
  candidates_i/n2707 (net)                      1     0.002832            0.000000   1.609572 f
  candidates_i/U1637/C (NAND3X1)                                0.004681  0.000000   1.609572 f
  candidates_i/U1637/Y (NAND3X1)                                0.036595  0.028697   1.638269 r
  candidates_i/n2704 (net)                      1     0.002283            0.000000   1.638269 r
  candidates_i/U373/B (OR2X2)                                   0.036595  0.000000   1.638269 r
  candidates_i/U373/Y (OR2X2)                                   0.017298  0.050578   1.688847 r
  candidates_i/n2054 (net)                      2     0.004842            0.000000   1.688847 r
  candidates_i/U1625/B (NAND3X1)                                0.017298  0.000000   1.688847 r
  candidates_i/U1625/Y (NAND3X1)                                0.016156  0.014692   1.703539 f
  candidates_i/n2690 (net)                      1     0.001924            0.000000   1.703539 f
  candidates_i/U1624/C (OAI21X1)                                0.016156  0.000000   1.703539 f
  candidates_i/U1624/Y (OAI21X1)                                0.045011  0.022346   1.725885 r
  candidates_i/n2663 (net)                      1     0.002817            0.000000   1.725885 r
  candidates_i/U1601/A (AOI22X1)                                0.045011  0.000000   1.725885 r
  candidates_i/U1601/Y (AOI22X1)                                0.035654  0.039927   1.765812 f
  candidates_i/n2662 (net)                      1     0.002312            0.000000   1.765812 f
  candidates_i/U1600/C (AOI21X1)                                0.035654  0.000000   1.765812 f
  candidates_i/U1600/Y (AOI21X1)                                0.027785  0.025672   1.791484 r
  candidates_i/n2661 (net)                      1     0.002386            0.000000   1.791484 r
  candidates_i/U1599/C (AOI21X1)                                0.027785  0.000000   1.791484 r
  candidates_i/U1599/Y (AOI21X1)                                0.015015  0.017616   1.809100 f
  candidates_i/n2646 (net)                      1     0.002632            0.000000   1.809100 f
  candidates_i/U1587/B (OAI21X1)                                0.015015  0.000000   1.809100 f
  candidates_i/U1587/Y (OAI21X1)                                0.041918  0.040493   1.849593 r
  candidates_i/n2631 (net)                      1     0.002111            0.000000   1.849593 r
  candidates_i/U1575/A (NAND2X1)                                0.041918  0.000000   1.849593 r
  candidates_i/U1575/Y (NAND2X1)                                0.020639  0.018692   1.868284 f
  candidates_i/n2630 (net)                      1     0.001944            0.000000   1.868284 f
  candidates_i/U1574/B (NAND2X1)                                0.020639  0.000000   1.868284 f
  candidates_i/U1574/Y (NAND2X1)                                0.036723  0.017556   1.885841 r
  candidates_i/n2601 (net)                      1     0.002741            0.000000   1.885841 r
  candidates_i/U1550/A (AOI21X1)                                0.036723  0.000000   1.885841 r
  candidates_i/U1550/Y (AOI21X1)                                0.017841  0.022767   1.908608 f
  candidates_i/n2586 (net)                      1     0.002632            0.000000   1.908608 f
  candidates_i/U1538/B (OAI21X1)                                0.017841  0.000000   1.908608 f
  candidates_i/U1538/Y (OAI21X1)                                0.060709  0.053995   1.962602 r
  candidates_i/candidate_slots[0] (net)         3     0.006134            0.000000   1.962602 r
  candidates_i/candidate_slots[0] (mc_candidates_Q_DEPTH16_ROW_W8_COL_W6) 0.000000   1.962602 r
  candidate_slots[0] (net)                            0.006134            0.000000   1.962602 r
  frfcfs.scheduler_i/candidate_slots[0] (mc_scheduler_frfcfs_Q_DEPTH16_ADDR_W16_AGE_LIMIT128_AGING_ENABLE1)
                                                                          0.000000   1.962602 r
  frfcfs.scheduler_i/candidate_slots[0] (net)         0.006134            0.000000   1.962602 r
  frfcfs.scheduler_i/U1041/A (INVX1)                            0.060709  0.000000   1.962602 r
  frfcfs.scheduler_i/U1041/Y (INVX1)                            0.012515  0.032431   1.995033 f
  frfcfs.scheduler_i/n274 (net)                 2     0.003653            0.000000   1.995033 f
  frfcfs.scheduler_i/U994/B (AND2X1)                            0.012515  0.000000   1.995033 f
  frfcfs.scheduler_i/U994/Y (AND2X1)                            0.035569  0.057351   2.052384 f
  frfcfs.scheduler_i/n957 (net)                 4     0.008834            0.000000   2.052384 f
  frfcfs.scheduler_i/U533/A (NAND3X1)                           0.035569  0.000000   2.052384 f
  frfcfs.scheduler_i/U533/Y (NAND3X1)                           0.031097  0.042881   2.095265 r
  frfcfs.scheduler_i/n981 (net)                 1     0.001798            0.000000   2.095265 r
  frfcfs.scheduler_i/U928/A (AND2X2)                            0.031097  0.000000   2.095265 r
  frfcfs.scheduler_i/U928/Y (AND2X2)                            0.008125  0.032596   2.127861 r
  frfcfs.scheduler_i/n975 (net)                 1     0.001551            0.000000   2.127861 r
  frfcfs.scheduler_i/U929/A (INVX1)                             0.008125  0.000000   2.127861 r
  frfcfs.scheduler_i/U929/Y (INVX1)                             0.012959  0.015991   2.143853 f
  frfcfs.scheduler_i/n101 (net)                 1     0.002573            0.000000   2.143853 f
  frfcfs.scheduler_i/U524/A (OAI21X1)                           0.012959  0.000000   2.143853 f
  frfcfs.scheduler_i/U524/Y (OAI21X1)                           0.039205  0.040450   2.184303 r
  frfcfs.scheduler_i/n974 (net)                 1     0.001551            0.000000   2.184303 r
  frfcfs.scheduler_i/U991/A (INVX1)                             0.039205  0.000000   2.184303 r
  frfcfs.scheduler_i/U991/Y (INVX1)                             0.016800  0.028517   2.212821 f
  frfcfs.scheduler_i/n249 (net)                 2     0.004582            0.000000   2.212821 f
  frfcfs.scheduler_i/U511/A (AOI22X1)                           0.016800  0.000000   2.212821 f
  frfcfs.scheduler_i/U511/Y (AOI22X1)                           0.044327  0.047514   2.260335 r
  frfcfs.scheduler_i/n919 (net)                 1     0.001798            0.000000   2.260335 r
  frfcfs.scheduler_i/U50/A (AND2X2)                             0.044327  0.000000   2.260335 r
  frfcfs.scheduler_i/U50/Y (AND2X2)                             0.012059  0.035344   2.295679 r
  frfcfs.scheduler_i/n918 (net)                 1     0.002961            0.000000   2.295679 r
  frfcfs.scheduler_i/U485/C (NAND3X1)                           0.012059  0.000000   2.295679 r
  frfcfs.scheduler_i/U485/Y (NAND3X1)                           0.015778  0.010664   2.306343 f
  frfcfs.scheduler_i/n915 (net)                 1     0.002247            0.000000   2.306343 f
  frfcfs.scheduler_i/U988/B (OR2X1)                             0.015778  0.000000   2.306343 f
  frfcfs.scheduler_i/U988/Y (OR2X1)                             0.010524  0.047546   2.353889 f
  frfcfs.scheduler_i/n133 (net)                 1     0.001476            0.000000   2.353889 f
  frfcfs.scheduler_i/U989/A (INVX1)                             0.010524  0.000000   2.353889 f
  frfcfs.scheduler_i/U989/Y (INVX1)                             0.189497  0.136151   2.490039 r
  frfcfs.scheduler_i/n887 (net)                16     0.043876            0.000000   2.490039 r
  frfcfs.scheduler_i/U480/A (OAI21X1)                           0.189497  0.000000   2.490039 r
  frfcfs.scheduler_i/U480/Y (OAI21X1)                           0.016150  0.060298   2.550338 f
  frfcfs.scheduler_i/n910 (net)                 1     0.001476            0.000000   2.550338 f
  frfcfs.scheduler_i/U1048/A (INVX1)                            0.016150  0.000000   2.550338 f
  frfcfs.scheduler_i/U1048/Y (INVX1)                            0.204364  0.147157   2.697495 r
  frfcfs.scheduler_i/n213 (net)                17     0.046675            0.000000   2.697495 r
  frfcfs.scheduler_i/U362/A (AOI22X1)                           0.204364  0.000000   2.697495 r
  frfcfs.scheduler_i/U362/Y (AOI22X1)                           0.034079  0.070660   2.768155 f
  frfcfs.scheduler_i/n767 (net)                 1     0.001763            0.000000   2.768155 f
  frfcfs.scheduler_i/U26/A (AND2X2)                             0.034079  0.000000   2.768155 f
  frfcfs.scheduler_i/U26/Y (AND2X2)                             0.003832  0.039692   2.807847 f
  frfcfs.scheduler_i/n766 (net)                 1     0.002832            0.000000   2.807847 f
  frfcfs.scheduler_i/U360/C (NAND3X1)                           0.003832  0.000000   2.807847 f
  frfcfs.scheduler_i/U360/Y (NAND3X1)                           0.036639  0.028508   2.836355 r
  frfcfs.scheduler_i/n757 (net)                 1     0.002292            0.000000   2.836355 r
  frfcfs.scheduler_i/U164/A (OR2X2)                             0.036639  0.000000   2.836355 r
  frfcfs.scheduler_i/U164/Y (OR2X2)                             0.009847  0.038805   2.875161 r
  frfcfs.scheduler_i/n659 (net)                 1     0.001551            0.000000   2.875161 r
  frfcfs.scheduler_i/U165/A (INVX1)                             0.009847  0.000000   2.875161 r
  frfcfs.scheduler_i/U165/Y (INVX1)                             0.018410  0.020283   2.895444 f
  frfcfs.scheduler_i/n19 (net)                  2     0.004437            0.000000   2.895444 f
  frfcfs.scheduler_i/U87/A (AND2X1)                             0.018410  0.000000   2.895444 f
  frfcfs.scheduler_i/U87/Y (AND2X1)                             0.010120  0.033467   2.928911 f
  frfcfs.scheduler_i/n756 (net)                 1     0.002312            0.000000   2.928911 f
  frfcfs.scheduler_i/U353/C (AOI21X1)                           0.010120  0.000000   2.928911 f
  frfcfs.scheduler_i/U353/Y (AOI21X1)                           0.025831  0.016392   2.945303 r
  frfcfs.scheduler_i/n693 (net)                 1     0.001539            0.000000   2.945303 r
  frfcfs.scheduler_i/U173/A (BUFX2)                             0.025831  0.000000   2.945303 r
  frfcfs.scheduler_i/U173/Y (BUFX2)                             0.014747  0.038479   2.983782 r
  frfcfs.scheduler_i/n24 (net)                  2     0.005072            0.000000   2.983782 r
  frfcfs.scheduler_i/U306/A (NAND2X1)                           0.014747  0.000000   2.983782 r
  frfcfs.scheduler_i/U306/Y (NAND2X1)                           0.021553  0.014450   2.998232 f
  frfcfs.scheduler_i/n702 (net)                 1     0.002832            0.000000   2.998232 f
  frfcfs.scheduler_i/U305/C (NAND3X1)                           0.021553  0.000000   2.998232 f
  frfcfs.scheduler_i/U305/Y (NAND3X1)                           0.040527  0.035089   3.033321 r
  frfcfs.scheduler_i/n701 (net)                 1     0.002961            0.000000   3.033321 r
  frfcfs.scheduler_i/U304/C (NAND3X1)                           0.040527  0.000000   3.033321 r
  frfcfs.scheduler_i/U304/Y (NAND3X1)                           0.017947  0.018289   3.051610 f
  frfcfs.scheduler_i/n700 (net)                 1     0.002832            0.000000   3.051610 f
  frfcfs.scheduler_i/U303/C (NAND3X1)                           0.017947  0.000000   3.051610 f
  frfcfs.scheduler_i/U303/Y (NAND3X1)                           0.040560  0.034168   3.085778 r
  frfcfs.scheduler_i/n699 (net)                 1     0.002961            0.000000   3.085778 r
  frfcfs.scheduler_i/U302/C (NAND3X1)                           0.040560  0.000000   3.085778 r
  frfcfs.scheduler_i/U302/Y (NAND3X1)                           0.015781  0.016711   3.102490 f
  frfcfs.scheduler_i/n698 (net)                 1     0.001884            0.000000   3.102490 f
  frfcfs.scheduler_i/U301/A (NAND2X1)                           0.015781  0.000000   3.102490 f
  frfcfs.scheduler_i/U301/Y (NAND2X1)                           0.032741  0.027352   3.129841 r
  frfcfs.scheduler_i/n697 (net)                 1     0.002010            0.000000   3.129841 r
  frfcfs.scheduler_i/U300/C (OAI21X1)                           0.032741  0.000000   3.129841 r
  frfcfs.scheduler_i/U300/Y (OAI21X1)                           0.027003  0.033734   3.163575 f
  frfcfs.scheduler_i/select_slot[1] (net)       5     0.011339            0.000000   3.163575 f
  frfcfs.scheduler_i/select_slot[1] (mc_scheduler_frfcfs_Q_DEPTH16_ADDR_W16_AGE_LIMIT128_AGING_ENABLE1)
                                                                          0.000000   3.163575 f
  select_slot[1] (net)                                0.011339            0.000000   3.163575 f
  U130/A (BUFX2)                                                0.027003  0.000000   3.163575 f
  U130/Y (BUFX2)                                                0.033002  0.057816   3.221391 f
  n45 (net)                                    12     0.022771            0.000000   3.221391 f
  U118/A (INVX1)                                                0.033002  0.000000   3.221391 f
  U118/Y (INVX1)                                                0.028903  0.040370   3.261762 r
  n136 (net)                                    5     0.011897            0.000000   3.261762 r
  U76/A (OR2X1)                                                 0.028903  0.000000   3.261762 r
  U76/Y (OR2X1)                                                 0.017794  0.036700   3.298461 r
  n141 (net)                                    1     0.001551            0.000000   3.298461 r
  U77/A (INVX1)                                                 0.017794  0.000000   3.298461 r
  U77/Y (INVX1)                                                 0.021243  0.024755   3.323216 f
  n33 (net)                                     3     0.005570            0.000000   3.323216 f
  U57/B (AND2X1)                                                0.021243  0.000000   3.323216 f
  U57/Y (AND2X1)                                                0.022782  0.049454   3.372670 f
  n42 (net)                                     3     0.004428            0.000000   3.372670 f
  U117/A (INVX1)                                                0.022782  0.000000   3.372670 f
  U117/Y (INVX1)                                                0.127260  0.100121   3.472791 r
  n60 (net)                                    13     0.031453            0.000000   3.472791 r
  U105/A (INVX1)                                                0.127260  0.000000   3.472791 r
  U105/Y (INVX1)                                                0.005750  0.049001   3.521792 f
  n59 (net)                                     2     0.002952            0.000000   3.521792 f
  U96/A (INVX1)                                                 0.005750  0.000000   3.521792 f
  U96/Y (INVX1)                                                 0.164984  0.119307   3.641099 r
  n57 (net)                                    16     0.039189            0.000000   3.641099 r
  U206/B (OR2X1)                                                0.164984  0.000000   3.641099 r
  U206/Y (OR2X1)                                                0.020753  0.056323   3.697423 r
  n1115 (net)                                   1     0.002010            0.000000   3.697423 r
  U1168/C (OAI21X1)                                             0.020753  0.000000   3.697423 r
  U1168/Y (OAI21X1)                                             0.041571  0.016551   3.713974 f
  n1118 (net)                                   1     0.002313            0.000000   3.713974 f
  U205/A (OR2X1)                                                0.041571  0.000000   3.713974 f
  U205/Y (OR2X1)                                                0.014451  0.044014   3.757988 f
  n1123 (net)                                   1     0.003011            0.000000   3.757988 f
  U1172/A (NOR3X1)                                              0.014451  0.000000   3.757988 f
  U1172/Y (NOR3X1)                                              0.053171  0.050567   3.808555 r
  n1134 (net)                                   1     0.002744            0.000000   3.808555 r
  U1178/B (MUX2X1)                                              0.053171  0.000000   3.808555 r
  U1178/Y (MUX2X1)                                              0.069519  0.027624   3.836179 f
  n1135 (net)                                   1     0.001476            0.000000   3.836179 f
  U137/A (INVX1)                                                0.069519  0.000000   3.836179 f
  U137/Y (INVX1)                                                0.024682  0.047114   3.883293 r
  cmd_wdata[6] (net)                            1     0.010000            0.000000   3.883293 r
  cmd_wdata[6] (out)                                            0.024682  0.000000   3.883293 r
  data arrival time                                                                  3.883293

  clock core_clk (rise edge)                                              5.000000   5.000000
  clock network delay (ideal)                                             0.000000   5.000000
  clock uncertainty                                                       -0.100000  4.900000
  output external delay                                                   -1.000000  3.900000
  data required time                                                                 3.900000
  ----------------------------------------------------------------------------------------------
  data required time                                                                 3.900000
  data arrival time                                                                  -3.883293
  ----------------------------------------------------------------------------------------------
  slack (MET)                                                                        0.016707


  Startpoint: table_i/addresses_reg[91]
              (rising edge-triggered flip-flop clocked by core_clk)
  Endpoint: cmd_wdata[5]
            (output port clocked by core_clk)
  Path Group: core_clk
  Path Type: max

  Point                                       Fanout       Cap     Trans      Incr       Path
  ----------------------------------------------------------------------------------------------
  clock core_clk (rise edge)                                              0.000000   0.000000
  clock network delay (ideal)                                             0.000000   0.000000
  table_i/addresses_reg[91]/CLK (DFFPOSX1)                      0.000000  0.000000 # 0.000000 r
  table_i/addresses_reg[91]/Q (DFFPOSX1)                        0.237835  0.211392   0.211392 r
  table_i/addresses[91] (net)                  21     0.099546            0.000000   0.211392 r
  table_i/addresses[91] (mc_transaction_table_Q_DEPTH16_ADDR_W16_DATA_W32_TAG_W8_READ_LATENCY3_AGE_LIMIT128)
                                                                          0.000000   0.211392 r
  addresses[91] (net)                                 0.099546            0.000000   0.211392 r
  candidates_i/addresses[91] (mc_candidates_Q_DEPTH16_ROW_W8_COL_W6)      0.000000   0.211392 r
  candidates_i/addresses[91] (net)                    0.099546            0.000000   0.211392 r
  candidates_i/U4170/A (INVX1)                                  0.237835  0.000000   0.211392 r
  candidates_i/U4170/Y (INVX1)                                  0.000000  0.075928   0.287320 f
  candidates_i/n1407 (net)                      1     0.001476            0.000000   0.287320 f
  candidates_i/U4095/A (INVX1)                                  0.000000  0.000000   0.287320 f
  candidates_i/U4095/Y (INVX1)                                  0.312264  0.210691   0.498011 r
  candidates_i/n1406 (net)                     13     0.067956            0.000000   0.498011 r
  candidates_i/U6364/A (XNOR2X1)                                0.312264  0.000000   0.498011 r
  candidates_i/U6364/Y (XNOR2X1)                                0.040105  0.070721   0.568731 r
  candidates_i/n5531 (net)                      1     0.002343            0.000000   0.568731 r
  candidates_i/U3433/B (AND2X1)                                 0.040105  0.000000   0.568731 r
  candidates_i/U3433/Y (AND2X1)                                 0.026675  0.038371   0.607102 r
  candidates_i/n5535 (net)                      1     0.001551            0.000000   0.607102 r
  candidates_i/U3434/A (INVX1)                                  0.026675  0.000000   0.607102 r
  candidates_i/U3434/Y (INVX1)                                  0.012970  0.021909   0.629011 f
  candidates_i/n1088 (net)                      1     0.003011            0.000000   0.629011 f
  candidates_i/U6367/A (NOR3X1)                                 0.012970  0.000000   0.629011 f
  candidates_i/U6367/Y (NOR3X1)                                 0.050225  0.048204   0.677215 r
  candidates_i/n5542 (net)                      1     0.002111            0.000000   0.677215 r
  candidates_i/U6373/A (NAND2X1)                                0.050225  0.000000   0.677215 r
  candidates_i/U6373/Y (NAND2X1)                                0.020587  0.022367   0.699582 f
  candidates_i/n5559 (net)                      1     0.003011            0.000000   0.699582 f
  candidates_i/U6388/A (NOR3X1)                                 0.020587  0.000000   0.699582 f
  candidates_i/U6388/Y (NOR3X1)                                 0.064039  0.059420   0.759002 r
  candidates_i/N1799 (net)                      2     0.005095            0.000000   0.759002 r
  candidates_i/U2135/A (NAND3X1)                                0.064039  0.000000   0.759002 r
  candidates_i/U2135/Y (NAND3X1)                                0.011880  0.024262   0.783264 f
  candidates_i/n3188 (net)                      1     0.001820            0.000000   0.783264 f
  candidates_i/U406/B (AND2X2)                                  0.011880  0.000000   0.783264 f
  candidates_i/U406/Y (AND2X2)                                  0.000000  0.038171   0.821435 f
  candidates_i/n3186 (net)                      1     0.002832            0.000000   0.821435 f
  candidates_i/U2134/C (NAND3X1)                                0.000000  0.000000   0.821435 f
  candidates_i/U2134/Y (NAND3X1)                                0.040766  0.029765   0.851200 r
  candidates_i/n3176 (net)                      1     0.003021            0.000000   0.851200 r
  candidates_i/U2126/A (NOR3X1)                                 0.040766  0.000000   0.851200 r
  candidates_i/U2126/Y (NOR3X1)                                 0.025642  0.041032   0.892233 f
  candidates_i/n3175 (net)                      1     0.001827            0.000000   0.892233 f
  candidates_i/U504/B (AND2X1)                                  0.025642  0.000000   0.892233 f
  candidates_i/U504/Y (AND2X1)                                  0.024608  0.051514   0.943746 f
  candidates_i/eligible[12] (net)               3     0.005174            0.000000   0.943746 f
  candidates_i/U505/A (INVX1)                                   0.024608  0.000000   0.943746 f
  candidates_i/U505/Y (INVX1)                                   0.000000  0.006303   0.950050 r
  candidates_i/n48 (net)                        1     0.002292            0.000000   0.950050 r
  candidates_i/U3304/A (OR2X2)                                  0.000000  0.000000   0.950050 r
  candidates_i/U3304/Y (OR2X2)                                  0.055007  0.034618   0.984668 r
  candidates_i/n2007 (net)                      1     0.001551            0.000000   0.984668 r
  candidates_i/U3305/A (INVX1)                                  0.055007  0.000000   0.984668 r
  candidates_i/U3305/Y (INVX1)                                  0.035936  0.046591   1.031260 f
  candidates_i/n1016 (net)                      4     0.011326            0.000000   1.031260 f
  candidates_i/U2123/C (NAND3X1)                                0.035936  0.000000   1.031260 f
  candidates_i/U2123/Y (NAND3X1)                                0.033171  0.035400   1.066659 r
  candidates_i/n3173 (net)                      1     0.001869            0.000000   1.066659 r
  candidates_i/U405/B (AND2X2)                                  0.033171  0.000000   1.066659 r
  candidates_i/U405/Y (AND2X2)                                  0.011445  0.034182   1.100841 r
  candidates_i/n3171 (net)                      1     0.002961            0.000000   1.100841 r
  candidates_i/U2122/C (NAND3X1)                                0.011445  0.000000   1.100841 r
  candidates_i/U2122/Y (NAND3X1)                                0.017917  0.011798   1.112639 f
  candidates_i/n3050 (net)                      1     0.003011            0.000000   1.112639 f
  candidates_i/U1995/A (NOR3X1)                                 0.017917  0.000000   1.112639 f
  candidates_i/U1995/Y (NOR3X1)                                 0.050673  0.049517   1.162156 r
  candidates_i/n2815 (net)                      1     0.002291            0.000000   1.162156 r
  candidates_i/U3831/A (AND2X1)                                 0.050673  0.000000   1.162156 r
  candidates_i/U3831/Y (AND2X1)                                 0.025498  0.028024   1.190180 r
  candidates_i/n1297 (net)                      1     0.001551            0.000000   1.190180 r
  candidates_i/U3832/A (INVX1)                                  0.025498  0.000000   1.190180 r
  candidates_i/U3832/Y (INVX1)                                  0.097130  0.079190   1.269370 f
  candidates_i/n2789 (net)                     16     0.031107            0.000000   1.269370 f
  candidates_i/U1707/B (NAND2X1)                                0.097130  0.000000   1.269370 f
  candidates_i/U1707/Y (NAND2X1)                                0.032412  0.041784   1.311154 r
  candidates_i/n2788 (net)                      1     0.002548            0.000000   1.311154 r
  candidates_i/U1706/A (NAND3X1)                                0.032412  0.000000   1.311154 r
  candidates_i/U1706/Y (NAND3X1)                                0.038186  0.019595   1.330749 f
  candidates_i/n2683 (net)                      1     0.001504            0.000000   1.330749 f
  candidates_i/U534/A (BUFX2)                                   0.038186  0.000000   1.330749 f
  candidates_i/U534/Y (BUFX2)                                   0.009613  0.040197   1.370946 f
  candidates_i/n67 (net)                        2     0.003788            0.000000   1.370946 f
  candidates_i/U3866/A (INVX1)                                  0.009613  0.000000   1.370946 f
  candidates_i/U3866/Y (INVX1)                                  0.183886  0.132344   1.503290 r
  candidates_i/n7290 (net)                     15     0.042798            0.000000   1.503290 r
  candidates_i/U1639/A (AOI22X1)                                0.183886  0.000000   1.503290 r
  candidates_i/U1639/Y (AOI22X1)                                0.034084  0.066589   1.569879 f
  candidates_i/n2708 (net)                      1     0.001763            0.000000   1.569879 f
  candidates_i/U374/A (AND2X2)                                  0.034084  0.000000   1.569879 f
  candidates_i/U374/Y (AND2X2)                                  0.004681  0.039693   1.609572 f
  candidates_i/n2707 (net)                      1     0.002832            0.000000   1.609572 f
  candidates_i/U1637/C (NAND3X1)                                0.004681  0.000000   1.609572 f
  candidates_i/U1637/Y (NAND3X1)                                0.036595  0.028697   1.638269 r
  candidates_i/n2704 (net)                      1     0.002283            0.000000   1.638269 r
  candidates_i/U373/B (OR2X2)                                   0.036595  0.000000   1.638269 r
  candidates_i/U373/Y (OR2X2)                                   0.017298  0.050578   1.688847 r
  candidates_i/n2054 (net)                      2     0.004842            0.000000   1.688847 r
  candidates_i/U1625/B (NAND3X1)                                0.017298  0.000000   1.688847 r
  candidates_i/U1625/Y (NAND3X1)                                0.016156  0.014692   1.703539 f
  candidates_i/n2690 (net)                      1     0.001924            0.000000   1.703539 f
  candidates_i/U1624/C (OAI21X1)                                0.016156  0.000000   1.703539 f
  candidates_i/U1624/Y (OAI21X1)                                0.045011  0.022346   1.725885 r
  candidates_i/n2663 (net)                      1     0.002817            0.000000   1.725885 r
  candidates_i/U1601/A (AOI22X1)                                0.045011  0.000000   1.725885 r
  candidates_i/U1601/Y (AOI22X1)                                0.035654  0.039927   1.765812 f
  candidates_i/n2662 (net)                      1     0.002312            0.000000   1.765812 f
  candidates_i/U1600/C (AOI21X1)                                0.035654  0.000000   1.765812 f
  candidates_i/U1600/Y (AOI21X1)                                0.027785  0.025672   1.791484 r
  candidates_i/n2661 (net)                      1     0.002386            0.000000   1.791484 r
  candidates_i/U1599/C (AOI21X1)                                0.027785  0.000000   1.791484 r
  candidates_i/U1599/Y (AOI21X1)                                0.015015  0.017616   1.809100 f
  candidates_i/n2646 (net)                      1     0.002632            0.000000   1.809100 f
  candidates_i/U1587/B (OAI21X1)                                0.015015  0.000000   1.809100 f
  candidates_i/U1587/Y (OAI21X1)                                0.041918  0.040493   1.849593 r
  candidates_i/n2631 (net)                      1     0.002111            0.000000   1.849593 r
  candidates_i/U1575/A (NAND2X1)                                0.041918  0.000000   1.849593 r
  candidates_i/U1575/Y (NAND2X1)                                0.020639  0.018692   1.868284 f
  candidates_i/n2630 (net)                      1     0.001944            0.000000   1.868284 f
  candidates_i/U1574/B (NAND2X1)                                0.020639  0.000000   1.868284 f
  candidates_i/U1574/Y (NAND2X1)                                0.036723  0.017556   1.885841 r
  candidates_i/n2601 (net)                      1     0.002741            0.000000   1.885841 r
  candidates_i/U1550/A (AOI21X1)                                0.036723  0.000000   1.885841 r
  candidates_i/U1550/Y (AOI21X1)                                0.017841  0.022767   1.908608 f
  candidates_i/n2586 (net)                      1     0.002632            0.000000   1.908608 f
  candidates_i/U1538/B (OAI21X1)                                0.017841  0.000000   1.908608 f
  candidates_i/U1538/Y (OAI21X1)                                0.060709  0.053995   1.962602 r
  candidates_i/candidate_slots[0] (net)         3     0.006134            0.000000   1.962602 r
  candidates_i/candidate_slots[0] (mc_candidates_Q_DEPTH16_ROW_W8_COL_W6) 0.000000   1.962602 r
  candidate_slots[0] (net)                            0.006134            0.000000   1.962602 r
  frfcfs.scheduler_i/candidate_slots[0] (mc_scheduler_frfcfs_Q_DEPTH16_ADDR_W16_AGE_LIMIT128_AGING_ENABLE1)
                                                                          0.000000   1.962602 r
  frfcfs.scheduler_i/candidate_slots[0] (net)         0.006134            0.000000   1.962602 r
  frfcfs.scheduler_i/U1041/A (INVX1)                            0.060709  0.000000   1.962602 r
  frfcfs.scheduler_i/U1041/Y (INVX1)                            0.012515  0.032431   1.995033 f
  frfcfs.scheduler_i/n274 (net)                 2     0.003653            0.000000   1.995033 f
  frfcfs.scheduler_i/U994/B (AND2X1)                            0.012515  0.000000   1.995033 f
  frfcfs.scheduler_i/U994/Y (AND2X1)                            0.035569  0.057351   2.052384 f
  frfcfs.scheduler_i/n957 (net)                 4     0.008834            0.000000   2.052384 f
  frfcfs.scheduler_i/U533/A (NAND3X1)                           0.035569  0.000000   2.052384 f
  frfcfs.scheduler_i/U533/Y (NAND3X1)                           0.031097  0.042881   2.095265 r
  frfcfs.scheduler_i/n981 (net)                 1     0.001798            0.000000   2.095265 r
  frfcfs.scheduler_i/U928/A (AND2X2)                            0.031097  0.000000   2.095265 r
  frfcfs.scheduler_i/U928/Y (AND2X2)                            0.008125  0.032596   2.127861 r
  frfcfs.scheduler_i/n975 (net)                 1     0.001551            0.000000   2.127861 r
  frfcfs.scheduler_i/U929/A (INVX1)                             0.008125  0.000000   2.127861 r
  frfcfs.scheduler_i/U929/Y (INVX1)                             0.012959  0.015991   2.143853 f
  frfcfs.scheduler_i/n101 (net)                 1     0.002573            0.000000   2.143853 f
  frfcfs.scheduler_i/U524/A (OAI21X1)                           0.012959  0.000000   2.143853 f
  frfcfs.scheduler_i/U524/Y (OAI21X1)                           0.039205  0.040450   2.184303 r
  frfcfs.scheduler_i/n974 (net)                 1     0.001551            0.000000   2.184303 r
  frfcfs.scheduler_i/U991/A (INVX1)                             0.039205  0.000000   2.184303 r
  frfcfs.scheduler_i/U991/Y (INVX1)                             0.016800  0.028517   2.212821 f
  frfcfs.scheduler_i/n249 (net)                 2     0.004582            0.000000   2.212821 f
  frfcfs.scheduler_i/U511/A (AOI22X1)                           0.016800  0.000000   2.212821 f
  frfcfs.scheduler_i/U511/Y (AOI22X1)                           0.044327  0.047514   2.260335 r
  frfcfs.scheduler_i/n919 (net)                 1     0.001798            0.000000   2.260335 r
  frfcfs.scheduler_i/U50/A (AND2X2)                             0.044327  0.000000   2.260335 r
  frfcfs.scheduler_i/U50/Y (AND2X2)                             0.012059  0.035344   2.295679 r
  frfcfs.scheduler_i/n918 (net)                 1     0.002961            0.000000   2.295679 r
  frfcfs.scheduler_i/U485/C (NAND3X1)                           0.012059  0.000000   2.295679 r
  frfcfs.scheduler_i/U485/Y (NAND3X1)                           0.015778  0.010664   2.306343 f
  frfcfs.scheduler_i/n915 (net)                 1     0.002247            0.000000   2.306343 f
  frfcfs.scheduler_i/U988/B (OR2X1)                             0.015778  0.000000   2.306343 f
  frfcfs.scheduler_i/U988/Y (OR2X1)                             0.010524  0.047546   2.353889 f
  frfcfs.scheduler_i/n133 (net)                 1     0.001476            0.000000   2.353889 f
  frfcfs.scheduler_i/U989/A (INVX1)                             0.010524  0.000000   2.353889 f
  frfcfs.scheduler_i/U989/Y (INVX1)                             0.189497  0.136151   2.490039 r
  frfcfs.scheduler_i/n887 (net)                16     0.043876            0.000000   2.490039 r
  frfcfs.scheduler_i/U480/A (OAI21X1)                           0.189497  0.000000   2.490039 r
  frfcfs.scheduler_i/U480/Y (OAI21X1)                           0.016150  0.060298   2.550338 f
  frfcfs.scheduler_i/n910 (net)                 1     0.001476            0.000000   2.550338 f
  frfcfs.scheduler_i/U1048/A (INVX1)                            0.016150  0.000000   2.550338 f
  frfcfs.scheduler_i/U1048/Y (INVX1)                            0.204364  0.147157   2.697495 r
  frfcfs.scheduler_i/n213 (net)                17     0.046675            0.000000   2.697495 r
  frfcfs.scheduler_i/U362/A (AOI22X1)                           0.204364  0.000000   2.697495 r
  frfcfs.scheduler_i/U362/Y (AOI22X1)                           0.034079  0.070660   2.768155 f
  frfcfs.scheduler_i/n767 (net)                 1     0.001763            0.000000   2.768155 f
  frfcfs.scheduler_i/U26/A (AND2X2)                             0.034079  0.000000   2.768155 f
  frfcfs.scheduler_i/U26/Y (AND2X2)                             0.003832  0.039692   2.807847 f
  frfcfs.scheduler_i/n766 (net)                 1     0.002832            0.000000   2.807847 f
  frfcfs.scheduler_i/U360/C (NAND3X1)                           0.003832  0.000000   2.807847 f
  frfcfs.scheduler_i/U360/Y (NAND3X1)                           0.036639  0.028508   2.836355 r
  frfcfs.scheduler_i/n757 (net)                 1     0.002292            0.000000   2.836355 r
  frfcfs.scheduler_i/U164/A (OR2X2)                             0.036639  0.000000   2.836355 r
  frfcfs.scheduler_i/U164/Y (OR2X2)                             0.009847  0.038805   2.875161 r
  frfcfs.scheduler_i/n659 (net)                 1     0.001551            0.000000   2.875161 r
  frfcfs.scheduler_i/U165/A (INVX1)                             0.009847  0.000000   2.875161 r
  frfcfs.scheduler_i/U165/Y (INVX1)                             0.018410  0.020283   2.895444 f
  frfcfs.scheduler_i/n19 (net)                  2     0.004437            0.000000   2.895444 f
  frfcfs.scheduler_i/U87/A (AND2X1)                             0.018410  0.000000   2.895444 f
  frfcfs.scheduler_i/U87/Y (AND2X1)                             0.010120  0.033467   2.928911 f
  frfcfs.scheduler_i/n756 (net)                 1     0.002312            0.000000   2.928911 f
  frfcfs.scheduler_i/U353/C (AOI21X1)                           0.010120  0.000000   2.928911 f
  frfcfs.scheduler_i/U353/Y (AOI21X1)                           0.025831  0.016392   2.945303 r
  frfcfs.scheduler_i/n693 (net)                 1     0.001539            0.000000   2.945303 r
  frfcfs.scheduler_i/U173/A (BUFX2)                             0.025831  0.000000   2.945303 r
  frfcfs.scheduler_i/U173/Y (BUFX2)                             0.014747  0.038479   2.983782 r
  frfcfs.scheduler_i/n24 (net)                  2     0.005072            0.000000   2.983782 r
  frfcfs.scheduler_i/U306/A (NAND2X1)                           0.014747  0.000000   2.983782 r
  frfcfs.scheduler_i/U306/Y (NAND2X1)                           0.021553  0.014450   2.998232 f
  frfcfs.scheduler_i/n702 (net)                 1     0.002832            0.000000   2.998232 f
  frfcfs.scheduler_i/U305/C (NAND3X1)                           0.021553  0.000000   2.998232 f
  frfcfs.scheduler_i/U305/Y (NAND3X1)                           0.040527  0.035089   3.033321 r
  frfcfs.scheduler_i/n701 (net)                 1     0.002961            0.000000   3.033321 r
  frfcfs.scheduler_i/U304/C (NAND3X1)                           0.040527  0.000000   3.033321 r
  frfcfs.scheduler_i/U304/Y (NAND3X1)                           0.017947  0.018289   3.051610 f
  frfcfs.scheduler_i/n700 (net)                 1     0.002832            0.000000   3.051610 f
  frfcfs.scheduler_i/U303/C (NAND3X1)                           0.017947  0.000000   3.051610 f
  frfcfs.scheduler_i/U303/Y (NAND3X1)                           0.040560  0.034168   3.085778 r
  frfcfs.scheduler_i/n699 (net)                 1     0.002961            0.000000   3.085778 r
  frfcfs.scheduler_i/U302/C (NAND3X1)                           0.040560  0.000000   3.085778 r
  frfcfs.scheduler_i/U302/Y (NAND3X1)                           0.015781  0.016711   3.102490 f
  frfcfs.scheduler_i/n698 (net)                 1     0.001884            0.000000   3.102490 f
  frfcfs.scheduler_i/U301/A (NAND2X1)                           0.015781  0.000000   3.102490 f
  frfcfs.scheduler_i/U301/Y (NAND2X1)                           0.032741  0.027352   3.129841 r
  frfcfs.scheduler_i/n697 (net)                 1     0.002010            0.000000   3.129841 r
  frfcfs.scheduler_i/U300/C (OAI21X1)                           0.032741  0.000000   3.129841 r
  frfcfs.scheduler_i/U300/Y (OAI21X1)                           0.027003  0.033734   3.163575 f
  frfcfs.scheduler_i/select_slot[1] (net)       5     0.011339            0.000000   3.163575 f
  frfcfs.scheduler_i/select_slot[1] (mc_scheduler_frfcfs_Q_DEPTH16_ADDR_W16_AGE_LIMIT128_AGING_ENABLE1)
                                                                          0.000000   3.163575 f
  select_slot[1] (net)                                0.011339            0.000000   3.163575 f
  U130/A (BUFX2)                                                0.027003  0.000000   3.163575 f
  U130/Y (BUFX2)                                                0.033002  0.057816   3.221391 f
  n45 (net)                                    12     0.022771            0.000000   3.221391 f
  U118/A (INVX1)                                                0.033002  0.000000   3.221391 f
  U118/Y (INVX1)                                                0.028903  0.040370   3.261762 r
  n136 (net)                                    5     0.011897            0.000000   3.261762 r
  U76/A (OR2X1)                                                 0.028903  0.000000   3.261762 r
  U76/Y (OR2X1)                                                 0.017794  0.036700   3.298461 r
  n141 (net)                                    1     0.001551            0.000000   3.298461 r
  U77/A (INVX1)                                                 0.017794  0.000000   3.298461 r
  U77/Y (INVX1)                                                 0.021243  0.024755   3.323216 f
  n33 (net)                                     3     0.005570            0.000000   3.323216 f
  U57/B (AND2X1)                                                0.021243  0.000000   3.323216 f
  U57/Y (AND2X1)                                                0.022782  0.049454   3.372670 f
  n42 (net)                                     3     0.004428            0.000000   3.372670 f
  U117/A (INVX1)                                                0.022782  0.000000   3.372670 f
  U117/Y (INVX1)                                                0.127260  0.100121   3.472791 r
  n60 (net)                                    13     0.031453            0.000000   3.472791 r
  U105/A (INVX1)                                                0.127260  0.000000   3.472791 r
  U105/Y (INVX1)                                                0.005750  0.049001   3.521792 f
  n59 (net)                                     2     0.002952            0.000000   3.521792 f
  U96/A (INVX1)                                                 0.005750  0.000000   3.521792 f
  U96/Y (INVX1)                                                 0.164984  0.119307   3.641099 r
  n57 (net)                                    16     0.039189            0.000000   3.641099 r
  U204/B (OR2X1)                                                0.164984  0.000000   3.641099 r
  U204/Y (OR2X1)                                                0.020753  0.056323   3.697423 r
  n1094 (net)                                   1     0.002010            0.000000   3.697423 r
  U1157/C (OAI21X1)                                             0.020753  0.000000   3.697423 r
  U1157/Y (OAI21X1)                                             0.041571  0.016551   3.713974 f
  n1097 (net)                                   1     0.002313            0.000000   3.713974 f
  U203/A (OR2X1)                                                0.041571  0.000000   3.713974 f
  U203/Y (OR2X1)                                                0.014451  0.044014   3.757988 f
  n1102 (net)                                   1     0.003011            0.000000   3.757988 f
  U1161/A (NOR3X1)                                              0.014451  0.000000   3.757988 f
  U1161/Y (NOR3X1)                                              0.053171  0.050567   3.808555 r
  n1113 (net)                                   1     0.002744            0.000000   3.808555 r
  U1167/B (MUX2X1)                                              0.053171  0.000000   3.808555 r
  U1167/Y (MUX2X1)                                              0.069519  0.027624   3.836179 f
  n1114 (net)                                   1     0.001476            0.000000   3.836179 f
  U136/A (INVX1)                                                0.069519  0.000000   3.836179 f
  U136/Y (INVX1)                                                0.024682  0.047114   3.883293 r
  cmd_wdata[5] (net)                            1     0.010000            0.000000   3.883293 r
  cmd_wdata[5] (out)                                            0.024682  0.000000   3.883293 r
  data arrival time                                                                  3.883293

  clock core_clk (rise edge)                                              5.000000   5.000000
  clock network delay (ideal)                                             0.000000   5.000000
  clock uncertainty                                                       -0.100000  4.900000
  output external delay                                                   -1.000000  3.900000
  data required time                                                                 3.900000
  ----------------------------------------------------------------------------------------------
  data required time                                                                 3.900000
  data arrival time                                                                  -3.883293
  ----------------------------------------------------------------------------------------------
  slack (MET)                                                                        0.016707


  Startpoint: table_i/addresses_reg[91]
              (rising edge-triggered flip-flop clocked by core_clk)
  Endpoint: cmd_wdata[3]
            (output port clocked by core_clk)
  Path Group: core_clk
  Path Type: max

  Point                                       Fanout       Cap     Trans      Incr       Path
  ----------------------------------------------------------------------------------------------
  clock core_clk (rise edge)                                              0.000000   0.000000
  clock network delay (ideal)                                             0.000000   0.000000
  table_i/addresses_reg[91]/CLK (DFFPOSX1)                      0.000000  0.000000 # 0.000000 r
  table_i/addresses_reg[91]/Q (DFFPOSX1)                        0.237835  0.211392   0.211392 r
  table_i/addresses[91] (net)                  21     0.099546            0.000000   0.211392 r
  table_i/addresses[91] (mc_transaction_table_Q_DEPTH16_ADDR_W16_DATA_W32_TAG_W8_READ_LATENCY3_AGE_LIMIT128)
                                                                          0.000000   0.211392 r
  addresses[91] (net)                                 0.099546            0.000000   0.211392 r
  candidates_i/addresses[91] (mc_candidates_Q_DEPTH16_ROW_W8_COL_W6)      0.000000   0.211392 r
  candidates_i/addresses[91] (net)                    0.099546            0.000000   0.211392 r
  candidates_i/U4170/A (INVX1)                                  0.237835  0.000000   0.211392 r
  candidates_i/U4170/Y (INVX1)                                  0.000000  0.075928   0.287320 f
  candidates_i/n1407 (net)                      1     0.001476            0.000000   0.287320 f
  candidates_i/U4095/A (INVX1)                                  0.000000  0.000000   0.287320 f
  candidates_i/U4095/Y (INVX1)                                  0.312264  0.210691   0.498011 r
  candidates_i/n1406 (net)                     13     0.067956            0.000000   0.498011 r
  candidates_i/U6364/A (XNOR2X1)                                0.312264  0.000000   0.498011 r
  candidates_i/U6364/Y (XNOR2X1)                                0.040105  0.070721   0.568731 r
  candidates_i/n5531 (net)                      1     0.002343            0.000000   0.568731 r
  candidates_i/U3433/B (AND2X1)                                 0.040105  0.000000   0.568731 r
  candidates_i/U3433/Y (AND2X1)                                 0.026675  0.038371   0.607102 r
  candidates_i/n5535 (net)                      1     0.001551            0.000000   0.607102 r
  candidates_i/U3434/A (INVX1)                                  0.026675  0.000000   0.607102 r
  candidates_i/U3434/Y (INVX1)                                  0.012970  0.021909   0.629011 f
  candidates_i/n1088 (net)                      1     0.003011            0.000000   0.629011 f
  candidates_i/U6367/A (NOR3X1)                                 0.012970  0.000000   0.629011 f
  candidates_i/U6367/Y (NOR3X1)                                 0.050225  0.048204   0.677215 r
  candidates_i/n5542 (net)                      1     0.002111            0.000000   0.677215 r
  candidates_i/U6373/A (NAND2X1)                                0.050225  0.000000   0.677215 r
  candidates_i/U6373/Y (NAND2X1)                                0.020587  0.022367   0.699582 f
  candidates_i/n5559 (net)                      1     0.003011            0.000000   0.699582 f
  candidates_i/U6388/A (NOR3X1)                                 0.020587  0.000000   0.699582 f
  candidates_i/U6388/Y (NOR3X1)                                 0.064039  0.059420   0.759002 r
  candidates_i/N1799 (net)                      2     0.005095            0.000000   0.759002 r
  candidates_i/U2135/A (NAND3X1)                                0.064039  0.000000   0.759002 r
  candidates_i/U2135/Y (NAND3X1)                                0.011880  0.024262   0.783264 f
  candidates_i/n3188 (net)                      1     0.001820            0.000000   0.783264 f
  candidates_i/U406/B (AND2X2)                                  0.011880  0.000000   0.783264 f
  candidates_i/U406/Y (AND2X2)                                  0.000000  0.038171   0.821435 f
  candidates_i/n3186 (net)                      1     0.002832            0.000000   0.821435 f
  candidates_i/U2134/C (NAND3X1)                                0.000000  0.000000   0.821435 f
  candidates_i/U2134/Y (NAND3X1)                                0.040766  0.029765   0.851200 r
  candidates_i/n3176 (net)                      1     0.003021            0.000000   0.851200 r
  candidates_i/U2126/A (NOR3X1)                                 0.040766  0.000000   0.851200 r
  candidates_i/U2126/Y (NOR3X1)                                 0.025642  0.041032   0.892233 f
  candidates_i/n3175 (net)                      1     0.001827            0.000000   0.892233 f
  candidates_i/U504/B (AND2X1)                                  0.025642  0.000000   0.892233 f
  candidates_i/U504/Y (AND2X1)                                  0.024608  0.051514   0.943746 f
  candidates_i/eligible[12] (net)               3     0.005174            0.000000   0.943746 f
  candidates_i/U505/A (INVX1)                                   0.024608  0.000000   0.943746 f
  candidates_i/U505/Y (INVX1)                                   0.000000  0.006303   0.950050 r
  candidates_i/n48 (net)                        1     0.002292            0.000000   0.950050 r
  candidates_i/U3304/A (OR2X2)                                  0.000000  0.000000   0.950050 r
  candidates_i/U3304/Y (OR2X2)                                  0.055007  0.034618   0.984668 r
  candidates_i/n2007 (net)                      1     0.001551            0.000000   0.984668 r
  candidates_i/U3305/A (INVX1)                                  0.055007  0.000000   0.984668 r
  candidates_i/U3305/Y (INVX1)                                  0.035936  0.046591   1.031260 f
  candidates_i/n1016 (net)                      4     0.011326            0.000000   1.031260 f
  candidates_i/U2123/C (NAND3X1)                                0.035936  0.000000   1.031260 f
  candidates_i/U2123/Y (NAND3X1)                                0.033171  0.035400   1.066659 r
  candidates_i/n3173 (net)                      1     0.001869            0.000000   1.066659 r
  candidates_i/U405/B (AND2X2)                                  0.033171  0.000000   1.066659 r
  candidates_i/U405/Y (AND2X2)                                  0.011445  0.034182   1.100841 r
  candidates_i/n3171 (net)                      1     0.002961            0.000000   1.100841 r
  candidates_i/U2122/C (NAND3X1)                                0.011445  0.000000   1.100841 r
  candidates_i/U2122/Y (NAND3X1)                                0.017917  0.011798   1.112639 f
  candidates_i/n3050 (net)                      1     0.003011            0.000000   1.112639 f
  candidates_i/U1995/A (NOR3X1)                                 0.017917  0.000000   1.112639 f
  candidates_i/U1995/Y (NOR3X1)                                 0.050673  0.049517   1.162156 r
  candidates_i/n2815 (net)                      1     0.002291            0.000000   1.162156 r
  candidates_i/U3831/A (AND2X1)                                 0.050673  0.000000   1.162156 r
  candidates_i/U3831/Y (AND2X1)                                 0.025498  0.028024   1.190180 r
  candidates_i/n1297 (net)                      1     0.001551            0.000000   1.190180 r
  candidates_i/U3832/A (INVX1)                                  0.025498  0.000000   1.190180 r
  candidates_i/U3832/Y (INVX1)                                  0.097130  0.079190   1.269370 f
  candidates_i/n2789 (net)                     16     0.031107            0.000000   1.269370 f
  candidates_i/U1707/B (NAND2X1)                                0.097130  0.000000   1.269370 f
  candidates_i/U1707/Y (NAND2X1)                                0.032412  0.041784   1.311154 r
  candidates_i/n2788 (net)                      1     0.002548            0.000000   1.311154 r
  candidates_i/U1706/A (NAND3X1)                                0.032412  0.000000   1.311154 r
  candidates_i/U1706/Y (NAND3X1)                                0.038186  0.019595   1.330749 f
  candidates_i/n2683 (net)                      1     0.001504            0.000000   1.330749 f
  candidates_i/U534/A (BUFX2)                                   0.038186  0.000000   1.330749 f
  candidates_i/U534/Y (BUFX2)                                   0.009613  0.040197   1.370946 f
  candidates_i/n67 (net)                        2     0.003788            0.000000   1.370946 f
  candidates_i/U3866/A (INVX1)                                  0.009613  0.000000   1.370946 f
  candidates_i/U3866/Y (INVX1)                                  0.183886  0.132344   1.503290 r
  candidates_i/n7290 (net)                     15     0.042798            0.000000   1.503290 r
  candidates_i/U1639/A (AOI22X1)                                0.183886  0.000000   1.503290 r
  candidates_i/U1639/Y (AOI22X1)                                0.034084  0.066589   1.569879 f
  candidates_i/n2708 (net)                      1     0.001763            0.000000   1.569879 f
  candidates_i/U374/A (AND2X2)                                  0.034084  0.000000   1.569879 f
  candidates_i/U374/Y (AND2X2)                                  0.004681  0.039693   1.609572 f
  candidates_i/n2707 (net)                      1     0.002832            0.000000   1.609572 f
  candidates_i/U1637/C (NAND3X1)                                0.004681  0.000000   1.609572 f
  candidates_i/U1637/Y (NAND3X1)                                0.036595  0.028697   1.638269 r
  candidates_i/n2704 (net)                      1     0.002283            0.000000   1.638269 r
  candidates_i/U373/B (OR2X2)                                   0.036595  0.000000   1.638269 r
  candidates_i/U373/Y (OR2X2)                                   0.017298  0.050578   1.688847 r
  candidates_i/n2054 (net)                      2     0.004842            0.000000   1.688847 r
  candidates_i/U1625/B (NAND3X1)                                0.017298  0.000000   1.688847 r
  candidates_i/U1625/Y (NAND3X1)                                0.016156  0.014692   1.703539 f
  candidates_i/n2690 (net)                      1     0.001924            0.000000   1.703539 f
  candidates_i/U1624/C (OAI21X1)                                0.016156  0.000000   1.703539 f
  candidates_i/U1624/Y (OAI21X1)                                0.045011  0.022346   1.725885 r
  candidates_i/n2663 (net)                      1     0.002817            0.000000   1.725885 r
  candidates_i/U1601/A (AOI22X1)                                0.045011  0.000000   1.725885 r
  candidates_i/U1601/Y (AOI22X1)                                0.035654  0.039927   1.765812 f
  candidates_i/n2662 (net)                      1     0.002312            0.000000   1.765812 f
  candidates_i/U1600/C (AOI21X1)                                0.035654  0.000000   1.765812 f
  candidates_i/U1600/Y (AOI21X1)                                0.027785  0.025672   1.791484 r
  candidates_i/n2661 (net)                      1     0.002386            0.000000   1.791484 r
  candidates_i/U1599/C (AOI21X1)                                0.027785  0.000000   1.791484 r
  candidates_i/U1599/Y (AOI21X1)                                0.015015  0.017616   1.809100 f
  candidates_i/n2646 (net)                      1     0.002632            0.000000   1.809100 f
  candidates_i/U1587/B (OAI21X1)                                0.015015  0.000000   1.809100 f
  candidates_i/U1587/Y (OAI21X1)                                0.041918  0.040493   1.849593 r
  candidates_i/n2631 (net)                      1     0.002111            0.000000   1.849593 r
  candidates_i/U1575/A (NAND2X1)                                0.041918  0.000000   1.849593 r
  candidates_i/U1575/Y (NAND2X1)                                0.020639  0.018692   1.868284 f
  candidates_i/n2630 (net)                      1     0.001944            0.000000   1.868284 f
  candidates_i/U1574/B (NAND2X1)                                0.020639  0.000000   1.868284 f
  candidates_i/U1574/Y (NAND2X1)                                0.036723  0.017556   1.885841 r
  candidates_i/n2601 (net)                      1     0.002741            0.000000   1.885841 r
  candidates_i/U1550/A (AOI21X1)                                0.036723  0.000000   1.885841 r
  candidates_i/U1550/Y (AOI21X1)                                0.017841  0.022767   1.908608 f
  candidates_i/n2586 (net)                      1     0.002632            0.000000   1.908608 f
  candidates_i/U1538/B (OAI21X1)                                0.017841  0.000000   1.908608 f
  candidates_i/U1538/Y (OAI21X1)                                0.060709  0.053995   1.962602 r
  candidates_i/candidate_slots[0] (net)         3     0.006134            0.000000   1.962602 r
  candidates_i/candidate_slots[0] (mc_candidates_Q_DEPTH16_ROW_W8_COL_W6) 0.000000   1.962602 r
  candidate_slots[0] (net)                            0.006134            0.000000   1.962602 r
  frfcfs.scheduler_i/candidate_slots[0] (mc_scheduler_frfcfs_Q_DEPTH16_ADDR_W16_AGE_LIMIT128_AGING_ENABLE1)
                                                                          0.000000   1.962602 r
  frfcfs.scheduler_i/candidate_slots[0] (net)         0.006134            0.000000   1.962602 r
  frfcfs.scheduler_i/U1041/A (INVX1)                            0.060709  0.000000   1.962602 r
  frfcfs.scheduler_i/U1041/Y (INVX1)                            0.012515  0.032431   1.995033 f
  frfcfs.scheduler_i/n274 (net)                 2     0.003653            0.000000   1.995033 f
  frfcfs.scheduler_i/U994/B (AND2X1)                            0.012515  0.000000   1.995033 f
  frfcfs.scheduler_i/U994/Y (AND2X1)                            0.035569  0.057351   2.052384 f
  frfcfs.scheduler_i/n957 (net)                 4     0.008834            0.000000   2.052384 f
  frfcfs.scheduler_i/U533/A (NAND3X1)                           0.035569  0.000000   2.052384 f
  frfcfs.scheduler_i/U533/Y (NAND3X1)                           0.031097  0.042881   2.095265 r
  frfcfs.scheduler_i/n981 (net)                 1     0.001798            0.000000   2.095265 r
  frfcfs.scheduler_i/U928/A (AND2X2)                            0.031097  0.000000   2.095265 r
  frfcfs.scheduler_i/U928/Y (AND2X2)                            0.008125  0.032596   2.127861 r
  frfcfs.scheduler_i/n975 (net)                 1     0.001551            0.000000   2.127861 r
  frfcfs.scheduler_i/U929/A (INVX1)                             0.008125  0.000000   2.127861 r
  frfcfs.scheduler_i/U929/Y (INVX1)                             0.012959  0.015991   2.143853 f
  frfcfs.scheduler_i/n101 (net)                 1     0.002573            0.000000   2.143853 f
  frfcfs.scheduler_i/U524/A (OAI21X1)                           0.012959  0.000000   2.143853 f
  frfcfs.scheduler_i/U524/Y (OAI21X1)                           0.039205  0.040450   2.184303 r
  frfcfs.scheduler_i/n974 (net)                 1     0.001551            0.000000   2.184303 r
  frfcfs.scheduler_i/U991/A (INVX1)                             0.039205  0.000000   2.184303 r
  frfcfs.scheduler_i/U991/Y (INVX1)                             0.016800  0.028517   2.212821 f
  frfcfs.scheduler_i/n249 (net)                 2     0.004582            0.000000   2.212821 f
  frfcfs.scheduler_i/U511/A (AOI22X1)                           0.016800  0.000000   2.212821 f
  frfcfs.scheduler_i/U511/Y (AOI22X1)                           0.044327  0.047514   2.260335 r
  frfcfs.scheduler_i/n919 (net)                 1     0.001798            0.000000   2.260335 r
  frfcfs.scheduler_i/U50/A (AND2X2)                             0.044327  0.000000   2.260335 r
  frfcfs.scheduler_i/U50/Y (AND2X2)                             0.012059  0.035344   2.295679 r
  frfcfs.scheduler_i/n918 (net)                 1     0.002961            0.000000   2.295679 r
  frfcfs.scheduler_i/U485/C (NAND3X1)                           0.012059  0.000000   2.295679 r
  frfcfs.scheduler_i/U485/Y (NAND3X1)                           0.015778  0.010664   2.306343 f
  frfcfs.scheduler_i/n915 (net)                 1     0.002247            0.000000   2.306343 f
  frfcfs.scheduler_i/U988/B (OR2X1)                             0.015778  0.000000   2.306343 f
  frfcfs.scheduler_i/U988/Y (OR2X1)                             0.010524  0.047546   2.353889 f
  frfcfs.scheduler_i/n133 (net)                 1     0.001476            0.000000   2.353889 f
  frfcfs.scheduler_i/U989/A (INVX1)                             0.010524  0.000000   2.353889 f
  frfcfs.scheduler_i/U989/Y (INVX1)                             0.189497  0.136151   2.490039 r
  frfcfs.scheduler_i/n887 (net)                16     0.043876            0.000000   2.490039 r
  frfcfs.scheduler_i/U480/A (OAI21X1)                           0.189497  0.000000   2.490039 r
  frfcfs.scheduler_i/U480/Y (OAI21X1)                           0.016150  0.060298   2.550338 f
  frfcfs.scheduler_i/n910 (net)                 1     0.001476            0.000000   2.550338 f
  frfcfs.scheduler_i/U1048/A (INVX1)                            0.016150  0.000000   2.550338 f
  frfcfs.scheduler_i/U1048/Y (INVX1)                            0.204364  0.147157   2.697495 r
  frfcfs.scheduler_i/n213 (net)                17     0.046675            0.000000   2.697495 r
  frfcfs.scheduler_i/U362/A (AOI22X1)                           0.204364  0.000000   2.697495 r
  frfcfs.scheduler_i/U362/Y (AOI22X1)                           0.034079  0.070660   2.768155 f
  frfcfs.scheduler_i/n767 (net)                 1     0.001763            0.000000   2.768155 f
  frfcfs.scheduler_i/U26/A (AND2X2)                             0.034079  0.000000   2.768155 f
  frfcfs.scheduler_i/U26/Y (AND2X2)                             0.003832  0.039692   2.807847 f
  frfcfs.scheduler_i/n766 (net)                 1     0.002832            0.000000   2.807847 f
  frfcfs.scheduler_i/U360/C (NAND3X1)                           0.003832  0.000000   2.807847 f
  frfcfs.scheduler_i/U360/Y (NAND3X1)                           0.036639  0.028508   2.836355 r
  frfcfs.scheduler_i/n757 (net)                 1     0.002292            0.000000   2.836355 r
  frfcfs.scheduler_i/U164/A (OR2X2)                             0.036639  0.000000   2.836355 r
  frfcfs.scheduler_i/U164/Y (OR2X2)                             0.009847  0.038805   2.875161 r
  frfcfs.scheduler_i/n659 (net)                 1     0.001551            0.000000   2.875161 r
  frfcfs.scheduler_i/U165/A (INVX1)                             0.009847  0.000000   2.875161 r
  frfcfs.scheduler_i/U165/Y (INVX1)                             0.018410  0.020283   2.895444 f
  frfcfs.scheduler_i/n19 (net)                  2     0.004437            0.000000   2.895444 f
  frfcfs.scheduler_i/U87/A (AND2X1)                             0.018410  0.000000   2.895444 f
  frfcfs.scheduler_i/U87/Y (AND2X1)                             0.010120  0.033467   2.928911 f
  frfcfs.scheduler_i/n756 (net)                 1     0.002312            0.000000   2.928911 f
  frfcfs.scheduler_i/U353/C (AOI21X1)                           0.010120  0.000000   2.928911 f
  frfcfs.scheduler_i/U353/Y (AOI21X1)                           0.025831  0.016392   2.945303 r
  frfcfs.scheduler_i/n693 (net)                 1     0.001539            0.000000   2.945303 r
  frfcfs.scheduler_i/U173/A (BUFX2)                             0.025831  0.000000   2.945303 r
  frfcfs.scheduler_i/U173/Y (BUFX2)                             0.014747  0.038479   2.983782 r
  frfcfs.scheduler_i/n24 (net)                  2     0.005072            0.000000   2.983782 r
  frfcfs.scheduler_i/U306/A (NAND2X1)                           0.014747  0.000000   2.983782 r
  frfcfs.scheduler_i/U306/Y (NAND2X1)                           0.021553  0.014450   2.998232 f
  frfcfs.scheduler_i/n702 (net)                 1     0.002832            0.000000   2.998232 f
  frfcfs.scheduler_i/U305/C (NAND3X1)                           0.021553  0.000000   2.998232 f
  frfcfs.scheduler_i/U305/Y (NAND3X1)                           0.040527  0.035089   3.033321 r
  frfcfs.scheduler_i/n701 (net)                 1     0.002961            0.000000   3.033321 r
  frfcfs.scheduler_i/U304/C (NAND3X1)                           0.040527  0.000000   3.033321 r
  frfcfs.scheduler_i/U304/Y (NAND3X1)                           0.017947  0.018289   3.051610 f
  frfcfs.scheduler_i/n700 (net)                 1     0.002832            0.000000   3.051610 f
  frfcfs.scheduler_i/U303/C (NAND3X1)                           0.017947  0.000000   3.051610 f
  frfcfs.scheduler_i/U303/Y (NAND3X1)                           0.040560  0.034168   3.085778 r
  frfcfs.scheduler_i/n699 (net)                 1     0.002961            0.000000   3.085778 r
  frfcfs.scheduler_i/U302/C (NAND3X1)                           0.040560  0.000000   3.085778 r
  frfcfs.scheduler_i/U302/Y (NAND3X1)                           0.015781  0.016711   3.102490 f
  frfcfs.scheduler_i/n698 (net)                 1     0.001884            0.000000   3.102490 f
  frfcfs.scheduler_i/U301/A (NAND2X1)                           0.015781  0.000000   3.102490 f
  frfcfs.scheduler_i/U301/Y (NAND2X1)                           0.032741  0.027352   3.129841 r
  frfcfs.scheduler_i/n697 (net)                 1     0.002010            0.000000   3.129841 r
  frfcfs.scheduler_i/U300/C (OAI21X1)                           0.032741  0.000000   3.129841 r
  frfcfs.scheduler_i/U300/Y (OAI21X1)                           0.027003  0.033734   3.163575 f
  frfcfs.scheduler_i/select_slot[1] (net)       5     0.011339            0.000000   3.163575 f
  frfcfs.scheduler_i/select_slot[1] (mc_scheduler_frfcfs_Q_DEPTH16_ADDR_W16_AGE_LIMIT128_AGING_ENABLE1)
                                                                          0.000000   3.163575 f
  select_slot[1] (net)                                0.011339            0.000000   3.163575 f
  U130/A (BUFX2)                                                0.027003  0.000000   3.163575 f
  U130/Y (BUFX2)                                                0.033002  0.057816   3.221391 f
  n45 (net)                                    12     0.022771            0.000000   3.221391 f
  U118/A (INVX1)                                                0.033002  0.000000   3.221391 f
  U118/Y (INVX1)                                                0.028903  0.040370   3.261762 r
  n136 (net)                                    5     0.011897            0.000000   3.261762 r
  U76/A (OR2X1)                                                 0.028903  0.000000   3.261762 r
  U76/Y (OR2X1)                                                 0.017794  0.036700   3.298461 r
  n141 (net)                                    1     0.001551            0.000000   3.298461 r
  U77/A (INVX1)                                                 0.017794  0.000000   3.298461 r
  U77/Y (INVX1)                                                 0.021243  0.024755   3.323216 f
  n33 (net)                                     3     0.005570            0.000000   3.323216 f
  U57/B (AND2X1)                                                0.021243  0.000000   3.323216 f
  U57/Y (AND2X1)                                                0.022782  0.049454   3.372670 f
  n42 (net)                                     3     0.004428            0.000000   3.372670 f
  U117/A (INVX1)                                                0.022782  0.000000   3.372670 f
  U117/Y (INVX1)                                                0.127260  0.100121   3.472791 r
  n60 (net)                                    13     0.031453            0.000000   3.472791 r
  U105/A (INVX1)                                                0.127260  0.000000   3.472791 r
  U105/Y (INVX1)                                                0.005750  0.049001   3.521792 f
  n59 (net)                                     2     0.002952            0.000000   3.521792 f
  U96/A (INVX1)                                                 0.005750  0.000000   3.521792 f
  U96/Y (INVX1)                                                 0.164984  0.119307   3.641099 r
  n57 (net)                                    16     0.039189            0.000000   3.641099 r
  U200/B (OR2X1)                                                0.164984  0.000000   3.641099 r
  U200/Y (OR2X1)                                                0.020753  0.056323   3.697423 r
  n1052 (net)                                   1     0.002010            0.000000   3.697423 r
  U1135/C (OAI21X1)                                             0.020753  0.000000   3.697423 r
  U1135/Y (OAI21X1)                                             0.041571  0.016551   3.713974 f
  n1055 (net)                                   1     0.002313            0.000000   3.713974 f
  U199/A (OR2X1)                                                0.041571  0.000000   3.713974 f
  U199/Y (OR2X1)                                                0.014451  0.044014   3.757988 f
  n1060 (net)                                   1     0.003011            0.000000   3.757988 f
  U1139/A (NOR3X1)                                              0.014451  0.000000   3.757988 f
  U1139/Y (NOR3X1)                                              0.053171  0.050567   3.808555 r
  n1071 (net)                                   1     0.002744            0.000000   3.808555 r
  U1145/B (MUX2X1)                                              0.053171  0.000000   3.808555 r
  U1145/Y (MUX2X1)                                              0.069519  0.027624   3.836179 f
  n1072 (net)                                   1     0.001476            0.000000   3.836179 f
  U134/A (INVX1)                                                0.069519  0.000000   3.836179 f
  U134/Y (INVX1)                                                0.024682  0.047114   3.883293 r
  cmd_wdata[3] (net)                            1     0.010000            0.000000   3.883293 r
  cmd_wdata[3] (out)                                            0.024682  0.000000   3.883293 r
  data arrival time                                                                  3.883293

  clock core_clk (rise edge)                                              5.000000   5.000000
  clock network delay (ideal)                                             0.000000   5.000000
  clock uncertainty                                                       -0.100000  4.900000
  output external delay                                                   -1.000000  3.900000
  data required time                                                                 3.900000
  ----------------------------------------------------------------------------------------------
  data required time                                                                 3.900000
  data arrival time                                                                  -3.883293
  ----------------------------------------------------------------------------------------------
  slack (MET)                                                                        0.016707


1
