 
****************************************
Report : timing
        -path full
        -delay max
        -input_pins
        -nets
        -max_paths 10
        -transition_time
        -capacitance
Design : mc_top_Q_DEPTH16_SCHED_POLICY0_AGING_ENABLE0
Version: R-2020.09-SP4
Date   : Tue Sep 22 18:11:08 2026
****************************************

 # A fanout number of 1000 was used for high fanout net computations.

Operating Conditions: typical   Library: gscl45nm
Wire Load Model Mode: top

  Startpoint: table_i/occupied_reg[0]
              (rising edge-triggered flip-flop clocked by core_clk)
  Endpoint: table_i/write_data_reg[55]
            (rising edge-triggered flip-flop clocked by core_clk)
  Path Group: core_clk
  Path Type: max

  Point                                       Fanout       Cap     Trans      Incr       Path
  ----------------------------------------------------------------------------------------------
  clock core_clk (rise edge)                                              0.000000   0.000000
  clock network delay (ideal)                                             0.000000   0.000000
  table_i/occupied_reg[0]/CLK (DFFPOSX1)                        0.000000  0.000000 # 0.000000 r
  table_i/occupied_reg[0]/Q (DFFPOSX1)                          0.118814  0.133234   0.133234 r
  table_i/occupied[0] (net)                    18     0.048343            0.000000   0.133234 r
  table_i/U6410/A (INVX1)                                       0.118814  0.000000   0.133234 r
  table_i/U6410/Y (INVX1)                                       0.011977  0.050524   0.183758 f
  table_i/n6632 (net)                           2     0.004820            0.000000   0.183758 f
  table_i/U5873/B (OR2X1)                                       0.011977  0.000000   0.183758 f
  table_i/U5873/Y (OR2X1)                                       0.010774  0.047123   0.230881 f
  table_i/n2863 (net)                           1     0.001476            0.000000   0.230881 f
  table_i/U5874/A (INVX1)                                       0.010774  0.000000   0.230881 f
  table_i/U5874/Y (INVX1)                                       0.032235  0.036700   0.267581 r
  table_i/n6097 (net)                           5     0.013180            0.000000   0.267581 r
  table_i/U5599/A (AND2X1)                                      0.032235  0.000000   0.267581 r
  table_i/U5599/Y (AND2X1)                                      0.030904  0.028200   0.295781 r
  table_i/n2868 (net)                           1     0.001551            0.000000   0.295781 r
  table_i/U5600/A (INVX1)                                       0.030904  0.000000   0.295781 r
  table_i/U5600/Y (INVX1)                                       0.015875  0.025244   0.321026 f
  table_i/n5958 (net)                           2     0.004080            0.000000   0.321026 f
  table_i/U4623/A (NAND3X1)                                     0.015875  0.000000   0.321026 f
  table_i/U4623/Y (NAND3X1)                                     0.033832  0.035923   0.356949 r
  table_i/n2852 (net)                           1     0.001539            0.000000   0.356949 r
  table_i/U3790/A (BUFX2)                                       0.033832  0.000000   0.356949 r
  table_i/U3790/Y (BUFX2)                                       0.013798  0.037829   0.394778 r
  table_i/n5218 (net)                           2     0.004212            0.000000   0.394778 r
  table_i/U2555/B (AND2X1)                                      0.013798  0.000000   0.394778 r
  table_i/U2555/Y (AND2X1)                                      0.076071  0.070341   0.465119 r
  table_i/n2837 (net)                           4     0.011302            0.000000   0.465119 r
  table_i/U4622/C (NAND3X1)                                     0.076071  0.000000   0.465119 r
  table_i/U4622/Y (NAND3X1)                                     0.015681  0.024367   0.489486 f
  table_i/n2865 (net)                           1     0.001504            0.000000   0.489486 f
  table_i/U4221/A (BUFX2)                                       0.015681  0.000000   0.489486 f
  table_i/U4221/Y (BUFX2)                                       0.006021  0.036323   0.525808 f
  table_i/n5338 (net)                           2     0.004471            0.000000   0.525808 f
  table_i/U4621/B (NAND3X1)                                     0.006021  0.000000   0.525808 f
  table_i/U4621/Y (NAND3X1)                                     0.034117  0.028803   0.554611 r
  table_i/n2867 (net)                           1     0.001551            0.000000   0.554611 r
  table_i/U6047/A (INVX1)                                       0.034117  0.000000   0.554611 r
  table_i/U6047/Y (INVX1)                                       0.022987  0.031133   0.585744 f
  table_i/n6631 (net)                           3     0.006530            0.000000   0.585744 f
  table_i/U5624/A (AND2X1)                                      0.022987  0.000000   0.585744 f
  table_i/U5624/Y (AND2X1)                                      0.015148  0.032445   0.618189 f
  table_i/n2851 (net)                           1     0.001476            0.000000   0.618189 f
  table_i/U5625/A (INVX1)                                       0.015148  0.000000   0.618189 f
  table_i/U5625/Y (INVX1)                                       0.012682  0.025455   0.643644 r
  table_i/n5971 (net)                           4     0.009236            0.000000   0.643644 r
  table_i/U4619/A (NAND3X1)                                     0.012682  0.000000   0.643644 r
  table_i/U4619/Y (NAND3X1)                                     0.015687  0.017011   0.660656 f
  table_i/n2842 (net)                           1     0.001504            0.000000   0.660656 f
  table_i/U4650/A (BUFX2)                                       0.015687  0.000000   0.660656 f
  table_i/U4650/Y (BUFX2)                                       0.008546  0.038222   0.698877 f
  table_i/n5466 (net)                           3     0.006291            0.000000   0.698877 f
  table_i/U2951/A (AND2X1)                                      0.008546  0.000000   0.698877 f
  table_i/U2951/Y (AND2X1)                                      0.018226  0.032993   0.731870 f
  table_i/n2866 (net)                           1     0.002832            0.000000   0.731870 f
  table_i/U4618/C (NAND3X1)                                     0.018226  0.000000   0.731870 f
  table_i/U4618/Y (NAND3X1)                                     0.033832  0.029868   0.761738 r
  table_i/n2841 (net)                           1     0.001539            0.000000   0.761738 r
  table_i/U5341/A (BUFX2)                                       0.033832  0.000000   0.761738 r
  table_i/U5341/Y (BUFX2)                                       0.020721  0.042405   0.804143 r
  table_i/n5826 (net)                           3     0.007178            0.000000   0.804143 r
  table_i/U4617/A (NAND3X1)                                     0.020721  0.000000   0.804143 r
  table_i/U4617/Y (NAND3X1)                                     0.015085  0.018064   0.822207 f
  table_i/n2844 (net)                           1     0.001504            0.000000   0.822207 f
  table_i/U3794/A (BUFX2)                                       0.015085  0.000000   0.822207 f
  table_i/U3794/Y (BUFX2)                                       0.005924  0.036217   0.858424 f
  table_i/n5220 (net)                           2     0.004487            0.000000   0.858424 f
  table_i/U6046/A (INVX1)                                       0.005924  0.000000   0.858424 f
  table_i/U6046/Y (INVX1)                                       0.000000  0.001844   0.860268 r
  table_i/n6630 (net)                           1     0.002961            0.000000   0.860268 r
  table_i/U4616/C (NAND3X1)                                     0.000000  0.000000   0.860268 r
  table_i/U4616/Y (NAND3X1)                                     0.014656  0.006604   0.866873 f
  table_i/n2861 (net)                           1     0.001504            0.000000   0.866873 f
  table_i/U5102/A (BUFX2)                                       0.014656  0.000000   0.866873 f
  table_i/U5102/Y (BUFX2)                                       0.010022  0.039268   0.906141 f
  table_i/n5702 (net)                           3     0.007498            0.000000   0.906141 f
  table_i/U5961/A (INVX1)                                       0.010022  0.000000   0.906141 f
  table_i/U5961/Y (INVX1)                                       0.003506  0.018326   0.924467 r
  table_i/n6629 (net)                           3     0.007595            0.000000   0.924467 r
  table_i/U136/A (AND2X1)                                       0.003506  0.000000   0.924467 r
  table_i/U136/Y (AND2X1)                                       0.030971  0.028475   0.952941 r
  table_i/n2862 (net)                           1     0.001551            0.000000   0.952941 r
  table_i/U137/A (INVX1)                                        0.030971  0.000000   0.952941 r
  table_i/U137/Y (INVX1)                                        0.015716  0.025157   0.978099 f
  table_i/n24 (net)                             2     0.004029            0.000000   0.978099 f
  table_i/U4614/A (NAND3X1)                                     0.015716  0.000000   0.978099 f
  table_i/U4614/Y (NAND3X1)                                     0.033817  0.035873   1.013972 r
  table_i/n2850 (net)                           1     0.001539            0.000000   1.013972 r
  table_i/U138/A (BUFX2)                                        0.033817  0.000000   1.013972 r
  table_i/U138/Y (BUFX2)                                        0.015072  0.038671   1.052644 r
  table_i/n25 (net)                             2     0.004759            0.000000   1.052644 r
  table_i/U5616/A (AND2X2)                                      0.015072  0.000000   1.052644 r
  table_i/U5616/Y (AND2X2)                                      0.006381  0.031879   1.084523 r
  table_i/n2857 (net)                           1     0.001551            0.000000   1.084523 r
  table_i/U5617/A (INVX1)                                       0.006381  0.000000   1.084523 r
  table_i/U5617/Y (INVX1)                                       0.031580  0.028229   1.112751 f
  table_i/n5967 (net)                           3     0.008765            0.000000   1.112751 f
  table_i/U4612/C (NOR3X1)                                      0.031580  0.000000   1.112751 f
  table_i/U4612/Y (NOR3X1)                                      0.084812  0.051515   1.164266 r
  table_i/n2840 (net)                           3     0.009190            0.000000   1.164266 r
  table_i/U4611/B (NOR3X1)                                      0.084812  0.000000   1.164266 r
  table_i/U4611/Y (NOR3X1)                                      0.041248  0.057052   1.221318 f
  table_i/n2860 (net)                           3     0.007535            0.000000   1.221318 f
  table_i/U5867/A (AND2X1)                                      0.041248  0.000000   1.221318 f
  table_i/U5867/Y (AND2X1)                                      0.032547  0.048331   1.269649 f
  table_i/n2854 (net)                           3     0.007713            0.000000   1.269649 f
  table_i/U5868/A (INVX1)                                       0.032547  0.000000   1.269649 f
  table_i/U5868/Y (INVX1)                                       0.007588  0.026699   1.296348 r
  table_i/n6094 (net)                           3     0.007723            0.000000   1.296348 r
  table_i/U4609/A (NAND3X1)                                     0.007588  0.000000   1.296348 r
  table_i/U4609/Y (NAND3X1)                                     0.015697  0.016344   1.312692 f
  table_i/n2858 (net)                           1     0.001504            0.000000   1.312692 f
  table_i/U97/A (BUFX2)                                         0.015697  0.000000   1.312692 f
  table_i/U97/Y (BUFX2)                                         0.004934  0.035506   1.348198 f
  table_i/n4 (net)                              2     0.003685            0.000000   1.348198 f
  table_i/U4608/A (NAND3X1)                                     0.004934  0.000000   1.348198 f
  table_i/U4608/Y (NAND3X1)                                     0.033628  0.032540   1.380738 r
  table_i/n2859 (net)                           1     0.001551            0.000000   1.380738 r
  table_i/U6049/A (INVX1)                                       0.033628  0.000000   1.380738 r
  table_i/U6049/Y (INVX1)                                       0.017551  0.027258   1.407996 f
  table_i/n6627 (net)                           2     0.004703            0.000000   1.407996 f
  table_i/U5611/A (AND2X1)                                      0.017551  0.000000   1.407996 f
  table_i/U5611/Y (AND2X1)                                      0.021607  0.036418   1.444413 f
  table_i/n2853 (net)                           2     0.003790            0.000000   1.444413 f
  table_i/U5612/A (INVX1)                                       0.021607  0.000000   1.444413 f
  table_i/U5612/Y (INVX1)                                       0.000000  0.013491   1.457904 r
  table_i/n5964 (net)                           2     0.004839            0.000000   1.457904 r
  table_i/U4606/A (NAND3X1)                                     0.000000  0.000000   1.457904 r
  table_i/U4606/Y (NAND3X1)                                     0.015703  0.015351   1.473255 f
  table_i/n2843 (net)                           1     0.001504            0.000000   1.473255 f
  table_i/U96/A (BUFX2)                                         0.015703  0.000000   1.473255 f
  table_i/U96/Y (BUFX2)                                         0.004406  0.035109   1.508364 f
  table_i/n3 (net)                              2     0.003303            0.000000   1.508364 f
  table_i/U139/A (INVX1)                                        0.004406  0.000000   1.508364 f
  table_i/U139/Y (INVX1)                                        0.000000  -0.000109  1.508255 r
  table_i/n26 (net)                             1     0.002525            0.000000   1.508255 r
  table_i/U87/A (OR2X1)                                         0.000000  0.000000   1.508255 r
  table_i/U87/Y (OR2X1)                                         0.023956  0.039048   1.547303 r
  table_i/n1 (net)                              1     0.002424            0.000000   1.547303 r
  table_i/U88/B (OR2X1)                                         0.023956  0.000000   1.547303 r
  table_i/U88/Y (OR2X1)                                         0.036229  0.060705   1.608008 r
  table_i/n2 (net)                              2     0.005712            0.000000   1.608008 r
  table_i/U25/B (OR2X1)                                         0.036229  0.000000   1.608008 r
  table_i/U25/Y (OR2X1)                                         0.027282  0.053857   1.661865 r
  table_i/n2856 (net)                           1     0.003288            0.000000   1.661865 r
  table_i/U4604/C (NOR3X1)                                      0.027282  0.000000   1.661865 r
  table_i/U4604/Y (NOR3X1)                                      0.032191  0.027151   1.689016 f
  table_i/n2855 (net)                           2     0.003743            0.000000   1.689016 f
  table_i/U6048/A (AND2X1)                                      0.032191  0.000000   1.689016 f
  table_i/U6048/Y (AND2X1)                                      0.022970  0.040315   1.729331 f
  table_i/n2835 (net)                           2     0.004550            0.000000   1.729331 f
  table_i/U5865/A (AND2X1)                                      0.022970  0.000000   1.729331 f
  table_i/U5865/Y (AND2X1)                                      0.030158  0.043676   1.773007 f
  table_i/n2834 (net)                           3     0.006855            0.000000   1.773007 f
  table_i/U5866/A (INVX1)                                       0.030158  0.000000   1.773007 f
  table_i/U5866/Y (INVX1)                                       0.005456  0.024732   1.797738 r
  table_i/n6093 (net)                           3     0.007376            0.000000   1.797738 r
  table_i/U4592/A (AOI21X1)                                     0.005456  0.000000   1.797738 r
  table_i/U4592/Y (AOI21X1)                                     0.014707  0.013244   1.810982 f
  table_i/n6699 (net)                           1     0.001504            0.000000   1.810982 f
  table_i/U5615/A (BUFX2)                                       0.014707  0.000000   1.810982 f
  table_i/U5615/Y (BUFX2)                                       0.016046  0.043790   1.854772 f
  table_i/req_ready (net)                       2     0.011827            0.000000   1.854772 f
  table_i/U95/B (AND2X1)                                        0.016046  0.000000   1.854772 f
  table_i/U95/Y (AND2X1)                                        0.014851  0.042803   1.897575 f
  table_i/n6153 (net)                           1     0.001476            0.000000   1.897575 f
  table_i/U6275/A (INVX1)                                       0.014851  0.000000   1.897575 f
  table_i/U6275/Y (INVX1)                                       0.199558  0.143745   2.041320 r
  table_i/n6193 (net)                          19     0.045760            0.000000   2.041320 r
  table_i/U6181/A (INVX1)                                       0.199558  0.000000   2.041320 r
  table_i/U6181/Y (INVX1)                                       0.096616  0.132600   2.173920 f
  table_i/n6626 (net)                          18     0.034515            0.000000   2.173920 f
  table_i/U5984/B (AND2X1)                                      0.096616  0.000000   2.173920 f
  table_i/U5984/Y (AND2X1)                                      0.010139  0.052686   2.226606 f
  table_i/n6132 (net)                           1     0.001476            0.000000   2.226606 f
  table_i/U5952/A (INVX1)                                       0.010139  0.000000   2.226606 f
  table_i/U5952/Y (INVX1)                                       0.384291  0.259298   2.485904 r
  table_i/n6383 (net)                          31     0.081891            0.000000   2.485904 r
  table_i/U4648/B (AND2X1)                                      0.384291  0.000000   2.485904 r
  table_i/U4648/Y (AND2X1)                                      0.644111  0.434536   2.920440 r
  table_i/n1170 (net)                          54     0.136226            0.000000   2.920440 r
  table_i/U4649/A (INVX1)                                       0.644111  0.000000   2.920440 r
  table_i/U4649/Y (INVX1)                                       0.178534  0.174475   3.094915 f
  table_i/n5465 (net)                           3     0.005265            0.000000   3.094915 f
  table_i/U5919/A (INVX1)                                       0.178534  0.000000   3.094915 f
  table_i/U5919/Y (INVX1)                                       0.427714  0.339662   3.434577 r
  table_i/n6355 (net)                          36     0.089484            0.000000   3.434577 r
  table_i/U2924/A (OAI21X1)                                     0.427714  0.000000   3.434577 r
  table_i/U2924/Y (OAI21X1)                                     0.068415  0.114461   3.549038 f
  table_i/n3852 (net)                           1     0.001290            0.000000   3.549038 f
  table_i/write_data_reg[55]/D (DFFPOSX1)                       0.068415  0.000000   3.549038 f
  data arrival time                                                                  3.549038

  clock core_clk (rise edge)                                              4.000000   4.000000
  clock network delay (ideal)                                             0.000000   4.000000
  clock uncertainty                                                       -0.100000  3.900000
  table_i/write_data_reg[55]/CLK (DFFPOSX1)                               0.000000   3.900000 r
  library setup time                                                      -0.068941  3.831059
  data required time                                                                 3.831059
  ----------------------------------------------------------------------------------------------
  data required time                                                                 3.831059
  data arrival time                                                                  -3.549038
  ----------------------------------------------------------------------------------------------
  slack (MET)                                                                        0.282022


  Startpoint: table_i/occupied_reg[0]
              (rising edge-triggered flip-flop clocked by core_clk)
  Endpoint: table_i/write_data_reg[54]
            (rising edge-triggered flip-flop clocked by core_clk)
  Path Group: core_clk
  Path Type: max

  Point                                       Fanout       Cap     Trans      Incr       Path
  ----------------------------------------------------------------------------------------------
  clock core_clk (rise edge)                                              0.000000   0.000000
  clock network delay (ideal)                                             0.000000   0.000000
  table_i/occupied_reg[0]/CLK (DFFPOSX1)                        0.000000  0.000000 # 0.000000 r
  table_i/occupied_reg[0]/Q (DFFPOSX1)                          0.118814  0.133234   0.133234 r
  table_i/occupied[0] (net)                    18     0.048343            0.000000   0.133234 r
  table_i/U6410/A (INVX1)                                       0.118814  0.000000   0.133234 r
  table_i/U6410/Y (INVX1)                                       0.011977  0.050524   0.183758 f
  table_i/n6632 (net)                           2     0.004820            0.000000   0.183758 f
  table_i/U5873/B (OR2X1)                                       0.011977  0.000000   0.183758 f
  table_i/U5873/Y (OR2X1)                                       0.010774  0.047123   0.230881 f
  table_i/n2863 (net)                           1     0.001476            0.000000   0.230881 f
  table_i/U5874/A (INVX1)                                       0.010774  0.000000   0.230881 f
  table_i/U5874/Y (INVX1)                                       0.032235  0.036700   0.267581 r
  table_i/n6097 (net)                           5     0.013180            0.000000   0.267581 r
  table_i/U5599/A (AND2X1)                                      0.032235  0.000000   0.267581 r
  table_i/U5599/Y (AND2X1)                                      0.030904  0.028200   0.295781 r
  table_i/n2868 (net)                           1     0.001551            0.000000   0.295781 r
  table_i/U5600/A (INVX1)                                       0.030904  0.000000   0.295781 r
  table_i/U5600/Y (INVX1)                                       0.015875  0.025244   0.321026 f
  table_i/n5958 (net)                           2     0.004080            0.000000   0.321026 f
  table_i/U4623/A (NAND3X1)                                     0.015875  0.000000   0.321026 f
  table_i/U4623/Y (NAND3X1)                                     0.033832  0.035923   0.356949 r
  table_i/n2852 (net)                           1     0.001539            0.000000   0.356949 r
  table_i/U3790/A (BUFX2)                                       0.033832  0.000000   0.356949 r
  table_i/U3790/Y (BUFX2)                                       0.013798  0.037829   0.394778 r
  table_i/n5218 (net)                           2     0.004212            0.000000   0.394778 r
  table_i/U2555/B (AND2X1)                                      0.013798  0.000000   0.394778 r
  table_i/U2555/Y (AND2X1)                                      0.076071  0.070341   0.465119 r
  table_i/n2837 (net)                           4     0.011302            0.000000   0.465119 r
  table_i/U4622/C (NAND3X1)                                     0.076071  0.000000   0.465119 r
  table_i/U4622/Y (NAND3X1)                                     0.015681  0.024367   0.489486 f
  table_i/n2865 (net)                           1     0.001504            0.000000   0.489486 f
  table_i/U4221/A (BUFX2)                                       0.015681  0.000000   0.489486 f
  table_i/U4221/Y (BUFX2)                                       0.006021  0.036323   0.525808 f
  table_i/n5338 (net)                           2     0.004471            0.000000   0.525808 f
  table_i/U4621/B (NAND3X1)                                     0.006021  0.000000   0.525808 f
  table_i/U4621/Y (NAND3X1)                                     0.034117  0.028803   0.554611 r
  table_i/n2867 (net)                           1     0.001551            0.000000   0.554611 r
  table_i/U6047/A (INVX1)                                       0.034117  0.000000   0.554611 r
  table_i/U6047/Y (INVX1)                                       0.022987  0.031133   0.585744 f
  table_i/n6631 (net)                           3     0.006530            0.000000   0.585744 f
  table_i/U5624/A (AND2X1)                                      0.022987  0.000000   0.585744 f
  table_i/U5624/Y (AND2X1)                                      0.015148  0.032445   0.618189 f
  table_i/n2851 (net)                           1     0.001476            0.000000   0.618189 f
  table_i/U5625/A (INVX1)                                       0.015148  0.000000   0.618189 f
  table_i/U5625/Y (INVX1)                                       0.012682  0.025455   0.643644 r
  table_i/n5971 (net)                           4     0.009236            0.000000   0.643644 r
  table_i/U4619/A (NAND3X1)                                     0.012682  0.000000   0.643644 r
  table_i/U4619/Y (NAND3X1)                                     0.015687  0.017011   0.660656 f
  table_i/n2842 (net)                           1     0.001504            0.000000   0.660656 f
  table_i/U4650/A (BUFX2)                                       0.015687  0.000000   0.660656 f
  table_i/U4650/Y (BUFX2)                                       0.008546  0.038222   0.698877 f
  table_i/n5466 (net)                           3     0.006291            0.000000   0.698877 f
  table_i/U2951/A (AND2X1)                                      0.008546  0.000000   0.698877 f
  table_i/U2951/Y (AND2X1)                                      0.018226  0.032993   0.731870 f
  table_i/n2866 (net)                           1     0.002832            0.000000   0.731870 f
  table_i/U4618/C (NAND3X1)                                     0.018226  0.000000   0.731870 f
  table_i/U4618/Y (NAND3X1)                                     0.033832  0.029868   0.761738 r
  table_i/n2841 (net)                           1     0.001539            0.000000   0.761738 r
  table_i/U5341/A (BUFX2)                                       0.033832  0.000000   0.761738 r
  table_i/U5341/Y (BUFX2)                                       0.020721  0.042405   0.804143 r
  table_i/n5826 (net)                           3     0.007178            0.000000   0.804143 r
  table_i/U4617/A (NAND3X1)                                     0.020721  0.000000   0.804143 r
  table_i/U4617/Y (NAND3X1)                                     0.015085  0.018064   0.822207 f
  table_i/n2844 (net)                           1     0.001504            0.000000   0.822207 f
  table_i/U3794/A (BUFX2)                                       0.015085  0.000000   0.822207 f
  table_i/U3794/Y (BUFX2)                                       0.005924  0.036217   0.858424 f
  table_i/n5220 (net)                           2     0.004487            0.000000   0.858424 f
  table_i/U6046/A (INVX1)                                       0.005924  0.000000   0.858424 f
  table_i/U6046/Y (INVX1)                                       0.000000  0.001844   0.860268 r
  table_i/n6630 (net)                           1     0.002961            0.000000   0.860268 r
  table_i/U4616/C (NAND3X1)                                     0.000000  0.000000   0.860268 r
  table_i/U4616/Y (NAND3X1)                                     0.014656  0.006604   0.866873 f
  table_i/n2861 (net)                           1     0.001504            0.000000   0.866873 f
  table_i/U5102/A (BUFX2)                                       0.014656  0.000000   0.866873 f
  table_i/U5102/Y (BUFX2)                                       0.010022  0.039268   0.906141 f
  table_i/n5702 (net)                           3     0.007498            0.000000   0.906141 f
  table_i/U5961/A (INVX1)                                       0.010022  0.000000   0.906141 f
  table_i/U5961/Y (INVX1)                                       0.003506  0.018326   0.924467 r
  table_i/n6629 (net)                           3     0.007595            0.000000   0.924467 r
  table_i/U136/A (AND2X1)                                       0.003506  0.000000   0.924467 r
  table_i/U136/Y (AND2X1)                                       0.030971  0.028475   0.952941 r
  table_i/n2862 (net)                           1     0.001551            0.000000   0.952941 r
  table_i/U137/A (INVX1)                                        0.030971  0.000000   0.952941 r
  table_i/U137/Y (INVX1)                                        0.015716  0.025157   0.978099 f
  table_i/n24 (net)                             2     0.004029            0.000000   0.978099 f
  table_i/U4614/A (NAND3X1)                                     0.015716  0.000000   0.978099 f
  table_i/U4614/Y (NAND3X1)                                     0.033817  0.035873   1.013972 r
  table_i/n2850 (net)                           1     0.001539            0.000000   1.013972 r
  table_i/U138/A (BUFX2)                                        0.033817  0.000000   1.013972 r
  table_i/U138/Y (BUFX2)                                        0.015072  0.038671   1.052644 r
  table_i/n25 (net)                             2     0.004759            0.000000   1.052644 r
  table_i/U5616/A (AND2X2)                                      0.015072  0.000000   1.052644 r
  table_i/U5616/Y (AND2X2)                                      0.006381  0.031879   1.084523 r
  table_i/n2857 (net)                           1     0.001551            0.000000   1.084523 r
  table_i/U5617/A (INVX1)                                       0.006381  0.000000   1.084523 r
  table_i/U5617/Y (INVX1)                                       0.031580  0.028229   1.112751 f
  table_i/n5967 (net)                           3     0.008765            0.000000   1.112751 f
  table_i/U4612/C (NOR3X1)                                      0.031580  0.000000   1.112751 f
  table_i/U4612/Y (NOR3X1)                                      0.084812  0.051515   1.164266 r
  table_i/n2840 (net)                           3     0.009190            0.000000   1.164266 r
  table_i/U4611/B (NOR3X1)                                      0.084812  0.000000   1.164266 r
  table_i/U4611/Y (NOR3X1)                                      0.041248  0.057052   1.221318 f
  table_i/n2860 (net)                           3     0.007535            0.000000   1.221318 f
  table_i/U5867/A (AND2X1)                                      0.041248  0.000000   1.221318 f
  table_i/U5867/Y (AND2X1)                                      0.032547  0.048331   1.269649 f
  table_i/n2854 (net)                           3     0.007713            0.000000   1.269649 f
  table_i/U5868/A (INVX1)                                       0.032547  0.000000   1.269649 f
  table_i/U5868/Y (INVX1)                                       0.007588  0.026699   1.296348 r
  table_i/n6094 (net)                           3     0.007723            0.000000   1.296348 r
  table_i/U4609/A (NAND3X1)                                     0.007588  0.000000   1.296348 r
  table_i/U4609/Y (NAND3X1)                                     0.015697  0.016344   1.312692 f
  table_i/n2858 (net)                           1     0.001504            0.000000   1.312692 f
  table_i/U97/A (BUFX2)                                         0.015697  0.000000   1.312692 f
  table_i/U97/Y (BUFX2)                                         0.004934  0.035506   1.348198 f
  table_i/n4 (net)                              2     0.003685            0.000000   1.348198 f
  table_i/U4608/A (NAND3X1)                                     0.004934  0.000000   1.348198 f
  table_i/U4608/Y (NAND3X1)                                     0.033628  0.032540   1.380738 r
  table_i/n2859 (net)                           1     0.001551            0.000000   1.380738 r
  table_i/U6049/A (INVX1)                                       0.033628  0.000000   1.380738 r
  table_i/U6049/Y (INVX1)                                       0.017551  0.027258   1.407996 f
  table_i/n6627 (net)                           2     0.004703            0.000000   1.407996 f
  table_i/U5611/A (AND2X1)                                      0.017551  0.000000   1.407996 f
  table_i/U5611/Y (AND2X1)                                      0.021607  0.036418   1.444413 f
  table_i/n2853 (net)                           2     0.003790            0.000000   1.444413 f
  table_i/U5612/A (INVX1)                                       0.021607  0.000000   1.444413 f
  table_i/U5612/Y (INVX1)                                       0.000000  0.013491   1.457904 r
  table_i/n5964 (net)                           2     0.004839            0.000000   1.457904 r
  table_i/U4606/A (NAND3X1)                                     0.000000  0.000000   1.457904 r
  table_i/U4606/Y (NAND3X1)                                     0.015703  0.015351   1.473255 f
  table_i/n2843 (net)                           1     0.001504            0.000000   1.473255 f
  table_i/U96/A (BUFX2)                                         0.015703  0.000000   1.473255 f
  table_i/U96/Y (BUFX2)                                         0.004406  0.035109   1.508364 f
  table_i/n3 (net)                              2     0.003303            0.000000   1.508364 f
  table_i/U139/A (INVX1)                                        0.004406  0.000000   1.508364 f
  table_i/U139/Y (INVX1)                                        0.000000  -0.000109  1.508255 r
  table_i/n26 (net)                             1     0.002525            0.000000   1.508255 r
  table_i/U87/A (OR2X1)                                         0.000000  0.000000   1.508255 r
  table_i/U87/Y (OR2X1)                                         0.023956  0.039048   1.547303 r
  table_i/n1 (net)                              1     0.002424            0.000000   1.547303 r
  table_i/U88/B (OR2X1)                                         0.023956  0.000000   1.547303 r
  table_i/U88/Y (OR2X1)                                         0.036229  0.060705   1.608008 r
  table_i/n2 (net)                              2     0.005712            0.000000   1.608008 r
  table_i/U25/B (OR2X1)                                         0.036229  0.000000   1.608008 r
  table_i/U25/Y (OR2X1)                                         0.027282  0.053857   1.661865 r
  table_i/n2856 (net)                           1     0.003288            0.000000   1.661865 r
  table_i/U4604/C (NOR3X1)                                      0.027282  0.000000   1.661865 r
  table_i/U4604/Y (NOR3X1)                                      0.032191  0.027151   1.689016 f
  table_i/n2855 (net)                           2     0.003743            0.000000   1.689016 f
  table_i/U6048/A (AND2X1)                                      0.032191  0.000000   1.689016 f
  table_i/U6048/Y (AND2X1)                                      0.022970  0.040315   1.729331 f
  table_i/n2835 (net)                           2     0.004550            0.000000   1.729331 f
  table_i/U5865/A (AND2X1)                                      0.022970  0.000000   1.729331 f
  table_i/U5865/Y (AND2X1)                                      0.030158  0.043676   1.773007 f
  table_i/n2834 (net)                           3     0.006855            0.000000   1.773007 f
  table_i/U5866/A (INVX1)                                       0.030158  0.000000   1.773007 f
  table_i/U5866/Y (INVX1)                                       0.005456  0.024732   1.797738 r
  table_i/n6093 (net)                           3     0.007376            0.000000   1.797738 r
  table_i/U4592/A (AOI21X1)                                     0.005456  0.000000   1.797738 r
  table_i/U4592/Y (AOI21X1)                                     0.014707  0.013244   1.810982 f
  table_i/n6699 (net)                           1     0.001504            0.000000   1.810982 f
  table_i/U5615/A (BUFX2)                                       0.014707  0.000000   1.810982 f
  table_i/U5615/Y (BUFX2)                                       0.016046  0.043790   1.854772 f
  table_i/req_ready (net)                       2     0.011827            0.000000   1.854772 f
  table_i/U95/B (AND2X1)                                        0.016046  0.000000   1.854772 f
  table_i/U95/Y (AND2X1)                                        0.014851  0.042803   1.897575 f
  table_i/n6153 (net)                           1     0.001476            0.000000   1.897575 f
  table_i/U6275/A (INVX1)                                       0.014851  0.000000   1.897575 f
  table_i/U6275/Y (INVX1)                                       0.199558  0.143745   2.041320 r
  table_i/n6193 (net)                          19     0.045760            0.000000   2.041320 r
  table_i/U6181/A (INVX1)                                       0.199558  0.000000   2.041320 r
  table_i/U6181/Y (INVX1)                                       0.096616  0.132600   2.173920 f
  table_i/n6626 (net)                          18     0.034515            0.000000   2.173920 f
  table_i/U5984/B (AND2X1)                                      0.096616  0.000000   2.173920 f
  table_i/U5984/Y (AND2X1)                                      0.010139  0.052686   2.226606 f
  table_i/n6132 (net)                           1     0.001476            0.000000   2.226606 f
  table_i/U5952/A (INVX1)                                       0.010139  0.000000   2.226606 f
  table_i/U5952/Y (INVX1)                                       0.384291  0.259298   2.485904 r
  table_i/n6383 (net)                          31     0.081891            0.000000   2.485904 r
  table_i/U4648/B (AND2X1)                                      0.384291  0.000000   2.485904 r
  table_i/U4648/Y (AND2X1)                                      0.644111  0.434536   2.920440 r
  table_i/n1170 (net)                          54     0.136226            0.000000   2.920440 r
  table_i/U4649/A (INVX1)                                       0.644111  0.000000   2.920440 r
  table_i/U4649/Y (INVX1)                                       0.178534  0.174475   3.094915 f
  table_i/n5465 (net)                           3     0.005265            0.000000   3.094915 f
  table_i/U5919/A (INVX1)                                       0.178534  0.000000   3.094915 f
  table_i/U5919/Y (INVX1)                                       0.427714  0.339662   3.434577 r
  table_i/n6355 (net)                          36     0.089484            0.000000   3.434577 r
  table_i/U2922/A (OAI21X1)                                     0.427714  0.000000   3.434577 r
  table_i/U2922/Y (OAI21X1)                                     0.068415  0.114461   3.549038 f
  table_i/n3851 (net)                           1     0.001290            0.000000   3.549038 f
  table_i/write_data_reg[54]/D (DFFPOSX1)                       0.068415  0.000000   3.549038 f
  data arrival time                                                                  3.549038

  clock core_clk (rise edge)                                              4.000000   4.000000
  clock network delay (ideal)                                             0.000000   4.000000
  clock uncertainty                                                       -0.100000  3.900000
  table_i/write_data_reg[54]/CLK (DFFPOSX1)                               0.000000   3.900000 r
  library setup time                                                      -0.068941  3.831059
  data required time                                                                 3.831059
  ----------------------------------------------------------------------------------------------
  data required time                                                                 3.831059
  data arrival time                                                                  -3.549038
  ----------------------------------------------------------------------------------------------
  slack (MET)                                                                        0.282022


  Startpoint: table_i/occupied_reg[0]
              (rising edge-triggered flip-flop clocked by core_clk)
  Endpoint: table_i/write_data_reg[53]
            (rising edge-triggered flip-flop clocked by core_clk)
  Path Group: core_clk
  Path Type: max

  Point                                       Fanout       Cap     Trans      Incr       Path
  ----------------------------------------------------------------------------------------------
  clock core_clk (rise edge)                                              0.000000   0.000000
  clock network delay (ideal)                                             0.000000   0.000000
  table_i/occupied_reg[0]/CLK (DFFPOSX1)                        0.000000  0.000000 # 0.000000 r
  table_i/occupied_reg[0]/Q (DFFPOSX1)                          0.118814  0.133234   0.133234 r
  table_i/occupied[0] (net)                    18     0.048343            0.000000   0.133234 r
  table_i/U6410/A (INVX1)                                       0.118814  0.000000   0.133234 r
  table_i/U6410/Y (INVX1)                                       0.011977  0.050524   0.183758 f
  table_i/n6632 (net)                           2     0.004820            0.000000   0.183758 f
  table_i/U5873/B (OR2X1)                                       0.011977  0.000000   0.183758 f
  table_i/U5873/Y (OR2X1)                                       0.010774  0.047123   0.230881 f
  table_i/n2863 (net)                           1     0.001476            0.000000   0.230881 f
  table_i/U5874/A (INVX1)                                       0.010774  0.000000   0.230881 f
  table_i/U5874/Y (INVX1)                                       0.032235  0.036700   0.267581 r
  table_i/n6097 (net)                           5     0.013180            0.000000   0.267581 r
  table_i/U5599/A (AND2X1)                                      0.032235  0.000000   0.267581 r
  table_i/U5599/Y (AND2X1)                                      0.030904  0.028200   0.295781 r
  table_i/n2868 (net)                           1     0.001551            0.000000   0.295781 r
  table_i/U5600/A (INVX1)                                       0.030904  0.000000   0.295781 r
  table_i/U5600/Y (INVX1)                                       0.015875  0.025244   0.321026 f
  table_i/n5958 (net)                           2     0.004080            0.000000   0.321026 f
  table_i/U4623/A (NAND3X1)                                     0.015875  0.000000   0.321026 f
  table_i/U4623/Y (NAND3X1)                                     0.033832  0.035923   0.356949 r
  table_i/n2852 (net)                           1     0.001539            0.000000   0.356949 r
  table_i/U3790/A (BUFX2)                                       0.033832  0.000000   0.356949 r
  table_i/U3790/Y (BUFX2)                                       0.013798  0.037829   0.394778 r
  table_i/n5218 (net)                           2     0.004212            0.000000   0.394778 r
  table_i/U2555/B (AND2X1)                                      0.013798  0.000000   0.394778 r
  table_i/U2555/Y (AND2X1)                                      0.076071  0.070341   0.465119 r
  table_i/n2837 (net)                           4     0.011302            0.000000   0.465119 r
  table_i/U4622/C (NAND3X1)                                     0.076071  0.000000   0.465119 r
  table_i/U4622/Y (NAND3X1)                                     0.015681  0.024367   0.489486 f
  table_i/n2865 (net)                           1     0.001504            0.000000   0.489486 f
  table_i/U4221/A (BUFX2)                                       0.015681  0.000000   0.489486 f
  table_i/U4221/Y (BUFX2)                                       0.006021  0.036323   0.525808 f
  table_i/n5338 (net)                           2     0.004471            0.000000   0.525808 f
  table_i/U4621/B (NAND3X1)                                     0.006021  0.000000   0.525808 f
  table_i/U4621/Y (NAND3X1)                                     0.034117  0.028803   0.554611 r
  table_i/n2867 (net)                           1     0.001551            0.000000   0.554611 r
  table_i/U6047/A (INVX1)                                       0.034117  0.000000   0.554611 r
  table_i/U6047/Y (INVX1)                                       0.022987  0.031133   0.585744 f
  table_i/n6631 (net)                           3     0.006530            0.000000   0.585744 f
  table_i/U5624/A (AND2X1)                                      0.022987  0.000000   0.585744 f
  table_i/U5624/Y (AND2X1)                                      0.015148  0.032445   0.618189 f
  table_i/n2851 (net)                           1     0.001476            0.000000   0.618189 f
  table_i/U5625/A (INVX1)                                       0.015148  0.000000   0.618189 f
  table_i/U5625/Y (INVX1)                                       0.012682  0.025455   0.643644 r
  table_i/n5971 (net)                           4     0.009236            0.000000   0.643644 r
  table_i/U4619/A (NAND3X1)                                     0.012682  0.000000   0.643644 r
  table_i/U4619/Y (NAND3X1)                                     0.015687  0.017011   0.660656 f
  table_i/n2842 (net)                           1     0.001504            0.000000   0.660656 f
  table_i/U4650/A (BUFX2)                                       0.015687  0.000000   0.660656 f
  table_i/U4650/Y (BUFX2)                                       0.008546  0.038222   0.698877 f
  table_i/n5466 (net)                           3     0.006291            0.000000   0.698877 f
  table_i/U2951/A (AND2X1)                                      0.008546  0.000000   0.698877 f
  table_i/U2951/Y (AND2X1)                                      0.018226  0.032993   0.731870 f
  table_i/n2866 (net)                           1     0.002832            0.000000   0.731870 f
  table_i/U4618/C (NAND3X1)                                     0.018226  0.000000   0.731870 f
  table_i/U4618/Y (NAND3X1)                                     0.033832  0.029868   0.761738 r
  table_i/n2841 (net)                           1     0.001539            0.000000   0.761738 r
  table_i/U5341/A (BUFX2)                                       0.033832  0.000000   0.761738 r
  table_i/U5341/Y (BUFX2)                                       0.020721  0.042405   0.804143 r
  table_i/n5826 (net)                           3     0.007178            0.000000   0.804143 r
  table_i/U4617/A (NAND3X1)                                     0.020721  0.000000   0.804143 r
  table_i/U4617/Y (NAND3X1)                                     0.015085  0.018064   0.822207 f
  table_i/n2844 (net)                           1     0.001504            0.000000   0.822207 f
  table_i/U3794/A (BUFX2)                                       0.015085  0.000000   0.822207 f
  table_i/U3794/Y (BUFX2)                                       0.005924  0.036217   0.858424 f
  table_i/n5220 (net)                           2     0.004487            0.000000   0.858424 f
  table_i/U6046/A (INVX1)                                       0.005924  0.000000   0.858424 f
  table_i/U6046/Y (INVX1)                                       0.000000  0.001844   0.860268 r
  table_i/n6630 (net)                           1     0.002961            0.000000   0.860268 r
  table_i/U4616/C (NAND3X1)                                     0.000000  0.000000   0.860268 r
  table_i/U4616/Y (NAND3X1)                                     0.014656  0.006604   0.866873 f
  table_i/n2861 (net)                           1     0.001504            0.000000   0.866873 f
  table_i/U5102/A (BUFX2)                                       0.014656  0.000000   0.866873 f
  table_i/U5102/Y (BUFX2)                                       0.010022  0.039268   0.906141 f
  table_i/n5702 (net)                           3     0.007498            0.000000   0.906141 f
  table_i/U5961/A (INVX1)                                       0.010022  0.000000   0.906141 f
  table_i/U5961/Y (INVX1)                                       0.003506  0.018326   0.924467 r
  table_i/n6629 (net)                           3     0.007595            0.000000   0.924467 r
  table_i/U136/A (AND2X1)                                       0.003506  0.000000   0.924467 r
  table_i/U136/Y (AND2X1)                                       0.030971  0.028475   0.952941 r
  table_i/n2862 (net)                           1     0.001551            0.000000   0.952941 r
  table_i/U137/A (INVX1)                                        0.030971  0.000000   0.952941 r
  table_i/U137/Y (INVX1)                                        0.015716  0.025157   0.978099 f
  table_i/n24 (net)                             2     0.004029            0.000000   0.978099 f
  table_i/U4614/A (NAND3X1)                                     0.015716  0.000000   0.978099 f
  table_i/U4614/Y (NAND3X1)                                     0.033817  0.035873   1.013972 r
  table_i/n2850 (net)                           1     0.001539            0.000000   1.013972 r
  table_i/U138/A (BUFX2)                                        0.033817  0.000000   1.013972 r
  table_i/U138/Y (BUFX2)                                        0.015072  0.038671   1.052644 r
  table_i/n25 (net)                             2     0.004759            0.000000   1.052644 r
  table_i/U5616/A (AND2X2)                                      0.015072  0.000000   1.052644 r
  table_i/U5616/Y (AND2X2)                                      0.006381  0.031879   1.084523 r
  table_i/n2857 (net)                           1     0.001551            0.000000   1.084523 r
  table_i/U5617/A (INVX1)                                       0.006381  0.000000   1.084523 r
  table_i/U5617/Y (INVX1)                                       0.031580  0.028229   1.112751 f
  table_i/n5967 (net)                           3     0.008765            0.000000   1.112751 f
  table_i/U4612/C (NOR3X1)                                      0.031580  0.000000   1.112751 f
  table_i/U4612/Y (NOR3X1)                                      0.084812  0.051515   1.164266 r
  table_i/n2840 (net)                           3     0.009190            0.000000   1.164266 r
  table_i/U4611/B (NOR3X1)                                      0.084812  0.000000   1.164266 r
  table_i/U4611/Y (NOR3X1)                                      0.041248  0.057052   1.221318 f
  table_i/n2860 (net)                           3     0.007535            0.000000   1.221318 f
  table_i/U5867/A (AND2X1)                                      0.041248  0.000000   1.221318 f
  table_i/U5867/Y (AND2X1)                                      0.032547  0.048331   1.269649 f
  table_i/n2854 (net)                           3     0.007713            0.000000   1.269649 f
  table_i/U5868/A (INVX1)                                       0.032547  0.000000   1.269649 f
  table_i/U5868/Y (INVX1)                                       0.007588  0.026699   1.296348 r
  table_i/n6094 (net)                           3     0.007723            0.000000   1.296348 r
  table_i/U4609/A (NAND3X1)                                     0.007588  0.000000   1.296348 r
  table_i/U4609/Y (NAND3X1)                                     0.015697  0.016344   1.312692 f
  table_i/n2858 (net)                           1     0.001504            0.000000   1.312692 f
  table_i/U97/A (BUFX2)                                         0.015697  0.000000   1.312692 f
  table_i/U97/Y (BUFX2)                                         0.004934  0.035506   1.348198 f
  table_i/n4 (net)                              2     0.003685            0.000000   1.348198 f
  table_i/U4608/A (NAND3X1)                                     0.004934  0.000000   1.348198 f
  table_i/U4608/Y (NAND3X1)                                     0.033628  0.032540   1.380738 r
  table_i/n2859 (net)                           1     0.001551            0.000000   1.380738 r
  table_i/U6049/A (INVX1)                                       0.033628  0.000000   1.380738 r
  table_i/U6049/Y (INVX1)                                       0.017551  0.027258   1.407996 f
  table_i/n6627 (net)                           2     0.004703            0.000000   1.407996 f
  table_i/U5611/A (AND2X1)                                      0.017551  0.000000   1.407996 f
  table_i/U5611/Y (AND2X1)                                      0.021607  0.036418   1.444413 f
  table_i/n2853 (net)                           2     0.003790            0.000000   1.444413 f
  table_i/U5612/A (INVX1)                                       0.021607  0.000000   1.444413 f
  table_i/U5612/Y (INVX1)                                       0.000000  0.013491   1.457904 r
  table_i/n5964 (net)                           2     0.004839            0.000000   1.457904 r
  table_i/U4606/A (NAND3X1)                                     0.000000  0.000000   1.457904 r
  table_i/U4606/Y (NAND3X1)                                     0.015703  0.015351   1.473255 f
  table_i/n2843 (net)                           1     0.001504            0.000000   1.473255 f
  table_i/U96/A (BUFX2)                                         0.015703  0.000000   1.473255 f
  table_i/U96/Y (BUFX2)                                         0.004406  0.035109   1.508364 f
  table_i/n3 (net)                              2     0.003303            0.000000   1.508364 f
  table_i/U139/A (INVX1)                                        0.004406  0.000000   1.508364 f
  table_i/U139/Y (INVX1)                                        0.000000  -0.000109  1.508255 r
  table_i/n26 (net)                             1     0.002525            0.000000   1.508255 r
  table_i/U87/A (OR2X1)                                         0.000000  0.000000   1.508255 r
  table_i/U87/Y (OR2X1)                                         0.023956  0.039048   1.547303 r
  table_i/n1 (net)                              1     0.002424            0.000000   1.547303 r
  table_i/U88/B (OR2X1)                                         0.023956  0.000000   1.547303 r
  table_i/U88/Y (OR2X1)                                         0.036229  0.060705   1.608008 r
  table_i/n2 (net)                              2     0.005712            0.000000   1.608008 r
  table_i/U25/B (OR2X1)                                         0.036229  0.000000   1.608008 r
  table_i/U25/Y (OR2X1)                                         0.027282  0.053857   1.661865 r
  table_i/n2856 (net)                           1     0.003288            0.000000   1.661865 r
  table_i/U4604/C (NOR3X1)                                      0.027282  0.000000   1.661865 r
  table_i/U4604/Y (NOR3X1)                                      0.032191  0.027151   1.689016 f
  table_i/n2855 (net)                           2     0.003743            0.000000   1.689016 f
  table_i/U6048/A (AND2X1)                                      0.032191  0.000000   1.689016 f
  table_i/U6048/Y (AND2X1)                                      0.022970  0.040315   1.729331 f
  table_i/n2835 (net)                           2     0.004550            0.000000   1.729331 f
  table_i/U5865/A (AND2X1)                                      0.022970  0.000000   1.729331 f
  table_i/U5865/Y (AND2X1)                                      0.030158  0.043676   1.773007 f
  table_i/n2834 (net)                           3     0.006855            0.000000   1.773007 f
  table_i/U5866/A (INVX1)                                       0.030158  0.000000   1.773007 f
  table_i/U5866/Y (INVX1)                                       0.005456  0.024732   1.797738 r
  table_i/n6093 (net)                           3     0.007376            0.000000   1.797738 r
  table_i/U4592/A (AOI21X1)                                     0.005456  0.000000   1.797738 r
  table_i/U4592/Y (AOI21X1)                                     0.014707  0.013244   1.810982 f
  table_i/n6699 (net)                           1     0.001504            0.000000   1.810982 f
  table_i/U5615/A (BUFX2)                                       0.014707  0.000000   1.810982 f
  table_i/U5615/Y (BUFX2)                                       0.016046  0.043790   1.854772 f
  table_i/req_ready (net)                       2     0.011827            0.000000   1.854772 f
  table_i/U95/B (AND2X1)                                        0.016046  0.000000   1.854772 f
  table_i/U95/Y (AND2X1)                                        0.014851  0.042803   1.897575 f
  table_i/n6153 (net)                           1     0.001476            0.000000   1.897575 f
  table_i/U6275/A (INVX1)                                       0.014851  0.000000   1.897575 f
  table_i/U6275/Y (INVX1)                                       0.199558  0.143745   2.041320 r
  table_i/n6193 (net)                          19     0.045760            0.000000   2.041320 r
  table_i/U6181/A (INVX1)                                       0.199558  0.000000   2.041320 r
  table_i/U6181/Y (INVX1)                                       0.096616  0.132600   2.173920 f
  table_i/n6626 (net)                          18     0.034515            0.000000   2.173920 f
  table_i/U5984/B (AND2X1)                                      0.096616  0.000000   2.173920 f
  table_i/U5984/Y (AND2X1)                                      0.010139  0.052686   2.226606 f
  table_i/n6132 (net)                           1     0.001476            0.000000   2.226606 f
  table_i/U5952/A (INVX1)                                       0.010139  0.000000   2.226606 f
  table_i/U5952/Y (INVX1)                                       0.384291  0.259298   2.485904 r
  table_i/n6383 (net)                          31     0.081891            0.000000   2.485904 r
  table_i/U4648/B (AND2X1)                                      0.384291  0.000000   2.485904 r
  table_i/U4648/Y (AND2X1)                                      0.644111  0.434536   2.920440 r
  table_i/n1170 (net)                          54     0.136226            0.000000   2.920440 r
  table_i/U4649/A (INVX1)                                       0.644111  0.000000   2.920440 r
  table_i/U4649/Y (INVX1)                                       0.178534  0.174475   3.094915 f
  table_i/n5465 (net)                           3     0.005265            0.000000   3.094915 f
  table_i/U5919/A (INVX1)                                       0.178534  0.000000   3.094915 f
  table_i/U5919/Y (INVX1)                                       0.427714  0.339662   3.434577 r
  table_i/n6355 (net)                          36     0.089484            0.000000   3.434577 r
  table_i/U2920/A (OAI21X1)                                     0.427714  0.000000   3.434577 r
  table_i/U2920/Y (OAI21X1)                                     0.068415  0.114461   3.549038 f
  table_i/n3850 (net)                           1     0.001290            0.000000   3.549038 f
  table_i/write_data_reg[53]/D (DFFPOSX1)                       0.068415  0.000000   3.549038 f
  data arrival time                                                                  3.549038

  clock core_clk (rise edge)                                              4.000000   4.000000
  clock network delay (ideal)                                             0.000000   4.000000
  clock uncertainty                                                       -0.100000  3.900000
  table_i/write_data_reg[53]/CLK (DFFPOSX1)                               0.000000   3.900000 r
  library setup time                                                      -0.068941  3.831059
  data required time                                                                 3.831059
  ----------------------------------------------------------------------------------------------
  data required time                                                                 3.831059
  data arrival time                                                                  -3.549038
  ----------------------------------------------------------------------------------------------
  slack (MET)                                                                        0.282022


  Startpoint: table_i/occupied_reg[0]
              (rising edge-triggered flip-flop clocked by core_clk)
  Endpoint: table_i/write_data_reg[52]
            (rising edge-triggered flip-flop clocked by core_clk)
  Path Group: core_clk
  Path Type: max

  Point                                       Fanout       Cap     Trans      Incr       Path
  ----------------------------------------------------------------------------------------------
  clock core_clk (rise edge)                                              0.000000   0.000000
  clock network delay (ideal)                                             0.000000   0.000000
  table_i/occupied_reg[0]/CLK (DFFPOSX1)                        0.000000  0.000000 # 0.000000 r
  table_i/occupied_reg[0]/Q (DFFPOSX1)                          0.118814  0.133234   0.133234 r
  table_i/occupied[0] (net)                    18     0.048343            0.000000   0.133234 r
  table_i/U6410/A (INVX1)                                       0.118814  0.000000   0.133234 r
  table_i/U6410/Y (INVX1)                                       0.011977  0.050524   0.183758 f
  table_i/n6632 (net)                           2     0.004820            0.000000   0.183758 f
  table_i/U5873/B (OR2X1)                                       0.011977  0.000000   0.183758 f
  table_i/U5873/Y (OR2X1)                                       0.010774  0.047123   0.230881 f
  table_i/n2863 (net)                           1     0.001476            0.000000   0.230881 f
  table_i/U5874/A (INVX1)                                       0.010774  0.000000   0.230881 f
  table_i/U5874/Y (INVX1)                                       0.032235  0.036700   0.267581 r
  table_i/n6097 (net)                           5     0.013180            0.000000   0.267581 r
  table_i/U5599/A (AND2X1)                                      0.032235  0.000000   0.267581 r
  table_i/U5599/Y (AND2X1)                                      0.030904  0.028200   0.295781 r
  table_i/n2868 (net)                           1     0.001551            0.000000   0.295781 r
  table_i/U5600/A (INVX1)                                       0.030904  0.000000   0.295781 r
  table_i/U5600/Y (INVX1)                                       0.015875  0.025244   0.321026 f
  table_i/n5958 (net)                           2     0.004080            0.000000   0.321026 f
  table_i/U4623/A (NAND3X1)                                     0.015875  0.000000   0.321026 f
  table_i/U4623/Y (NAND3X1)                                     0.033832  0.035923   0.356949 r
  table_i/n2852 (net)                           1     0.001539            0.000000   0.356949 r
  table_i/U3790/A (BUFX2)                                       0.033832  0.000000   0.356949 r
  table_i/U3790/Y (BUFX2)                                       0.013798  0.037829   0.394778 r
  table_i/n5218 (net)                           2     0.004212            0.000000   0.394778 r
  table_i/U2555/B (AND2X1)                                      0.013798  0.000000   0.394778 r
  table_i/U2555/Y (AND2X1)                                      0.076071  0.070341   0.465119 r
  table_i/n2837 (net)                           4     0.011302            0.000000   0.465119 r
  table_i/U4622/C (NAND3X1)                                     0.076071  0.000000   0.465119 r
  table_i/U4622/Y (NAND3X1)                                     0.015681  0.024367   0.489486 f
  table_i/n2865 (net)                           1     0.001504            0.000000   0.489486 f
  table_i/U4221/A (BUFX2)                                       0.015681  0.000000   0.489486 f
  table_i/U4221/Y (BUFX2)                                       0.006021  0.036323   0.525808 f
  table_i/n5338 (net)                           2     0.004471            0.000000   0.525808 f
  table_i/U4621/B (NAND3X1)                                     0.006021  0.000000   0.525808 f
  table_i/U4621/Y (NAND3X1)                                     0.034117  0.028803   0.554611 r
  table_i/n2867 (net)                           1     0.001551            0.000000   0.554611 r
  table_i/U6047/A (INVX1)                                       0.034117  0.000000   0.554611 r
  table_i/U6047/Y (INVX1)                                       0.022987  0.031133   0.585744 f
  table_i/n6631 (net)                           3     0.006530            0.000000   0.585744 f
  table_i/U5624/A (AND2X1)                                      0.022987  0.000000   0.585744 f
  table_i/U5624/Y (AND2X1)                                      0.015148  0.032445   0.618189 f
  table_i/n2851 (net)                           1     0.001476            0.000000   0.618189 f
  table_i/U5625/A (INVX1)                                       0.015148  0.000000   0.618189 f
  table_i/U5625/Y (INVX1)                                       0.012682  0.025455   0.643644 r
  table_i/n5971 (net)                           4     0.009236            0.000000   0.643644 r
  table_i/U4619/A (NAND3X1)                                     0.012682  0.000000   0.643644 r
  table_i/U4619/Y (NAND3X1)                                     0.015687  0.017011   0.660656 f
  table_i/n2842 (net)                           1     0.001504            0.000000   0.660656 f
  table_i/U4650/A (BUFX2)                                       0.015687  0.000000   0.660656 f
  table_i/U4650/Y (BUFX2)                                       0.008546  0.038222   0.698877 f
  table_i/n5466 (net)                           3     0.006291            0.000000   0.698877 f
  table_i/U2951/A (AND2X1)                                      0.008546  0.000000   0.698877 f
  table_i/U2951/Y (AND2X1)                                      0.018226  0.032993   0.731870 f
  table_i/n2866 (net)                           1     0.002832            0.000000   0.731870 f
  table_i/U4618/C (NAND3X1)                                     0.018226  0.000000   0.731870 f
  table_i/U4618/Y (NAND3X1)                                     0.033832  0.029868   0.761738 r
  table_i/n2841 (net)                           1     0.001539            0.000000   0.761738 r
  table_i/U5341/A (BUFX2)                                       0.033832  0.000000   0.761738 r
  table_i/U5341/Y (BUFX2)                                       0.020721  0.042405   0.804143 r
  table_i/n5826 (net)                           3     0.007178            0.000000   0.804143 r
  table_i/U4617/A (NAND3X1)                                     0.020721  0.000000   0.804143 r
  table_i/U4617/Y (NAND3X1)                                     0.015085  0.018064   0.822207 f
  table_i/n2844 (net)                           1     0.001504            0.000000   0.822207 f
  table_i/U3794/A (BUFX2)                                       0.015085  0.000000   0.822207 f
  table_i/U3794/Y (BUFX2)                                       0.005924  0.036217   0.858424 f
  table_i/n5220 (net)                           2     0.004487            0.000000   0.858424 f
  table_i/U6046/A (INVX1)                                       0.005924  0.000000   0.858424 f
  table_i/U6046/Y (INVX1)                                       0.000000  0.001844   0.860268 r
  table_i/n6630 (net)                           1     0.002961            0.000000   0.860268 r
  table_i/U4616/C (NAND3X1)                                     0.000000  0.000000   0.860268 r
  table_i/U4616/Y (NAND3X1)                                     0.014656  0.006604   0.866873 f
  table_i/n2861 (net)                           1     0.001504            0.000000   0.866873 f
  table_i/U5102/A (BUFX2)                                       0.014656  0.000000   0.866873 f
  table_i/U5102/Y (BUFX2)                                       0.010022  0.039268   0.906141 f
  table_i/n5702 (net)                           3     0.007498            0.000000   0.906141 f
  table_i/U5961/A (INVX1)                                       0.010022  0.000000   0.906141 f
  table_i/U5961/Y (INVX1)                                       0.003506  0.018326   0.924467 r
  table_i/n6629 (net)                           3     0.007595            0.000000   0.924467 r
  table_i/U136/A (AND2X1)                                       0.003506  0.000000   0.924467 r
  table_i/U136/Y (AND2X1)                                       0.030971  0.028475   0.952941 r
  table_i/n2862 (net)                           1     0.001551            0.000000   0.952941 r
  table_i/U137/A (INVX1)                                        0.030971  0.000000   0.952941 r
  table_i/U137/Y (INVX1)                                        0.015716  0.025157   0.978099 f
  table_i/n24 (net)                             2     0.004029            0.000000   0.978099 f
  table_i/U4614/A (NAND3X1)                                     0.015716  0.000000   0.978099 f
  table_i/U4614/Y (NAND3X1)                                     0.033817  0.035873   1.013972 r
  table_i/n2850 (net)                           1     0.001539            0.000000   1.013972 r
  table_i/U138/A (BUFX2)                                        0.033817  0.000000   1.013972 r
  table_i/U138/Y (BUFX2)                                        0.015072  0.038671   1.052644 r
  table_i/n25 (net)                             2     0.004759            0.000000   1.052644 r
  table_i/U5616/A (AND2X2)                                      0.015072  0.000000   1.052644 r
  table_i/U5616/Y (AND2X2)                                      0.006381  0.031879   1.084523 r
  table_i/n2857 (net)                           1     0.001551            0.000000   1.084523 r
  table_i/U5617/A (INVX1)                                       0.006381  0.000000   1.084523 r
  table_i/U5617/Y (INVX1)                                       0.031580  0.028229   1.112751 f
  table_i/n5967 (net)                           3     0.008765            0.000000   1.112751 f
  table_i/U4612/C (NOR3X1)                                      0.031580  0.000000   1.112751 f
  table_i/U4612/Y (NOR3X1)                                      0.084812  0.051515   1.164266 r
  table_i/n2840 (net)                           3     0.009190            0.000000   1.164266 r
  table_i/U4611/B (NOR3X1)                                      0.084812  0.000000   1.164266 r
  table_i/U4611/Y (NOR3X1)                                      0.041248  0.057052   1.221318 f
  table_i/n2860 (net)                           3     0.007535            0.000000   1.221318 f
  table_i/U5867/A (AND2X1)                                      0.041248  0.000000   1.221318 f
  table_i/U5867/Y (AND2X1)                                      0.032547  0.048331   1.269649 f
  table_i/n2854 (net)                           3     0.007713            0.000000   1.269649 f
  table_i/U5868/A (INVX1)                                       0.032547  0.000000   1.269649 f
  table_i/U5868/Y (INVX1)                                       0.007588  0.026699   1.296348 r
  table_i/n6094 (net)                           3     0.007723            0.000000   1.296348 r
  table_i/U4609/A (NAND3X1)                                     0.007588  0.000000   1.296348 r
  table_i/U4609/Y (NAND3X1)                                     0.015697  0.016344   1.312692 f
  table_i/n2858 (net)                           1     0.001504            0.000000   1.312692 f
  table_i/U97/A (BUFX2)                                         0.015697  0.000000   1.312692 f
  table_i/U97/Y (BUFX2)                                         0.004934  0.035506   1.348198 f
  table_i/n4 (net)                              2     0.003685            0.000000   1.348198 f
  table_i/U4608/A (NAND3X1)                                     0.004934  0.000000   1.348198 f
  table_i/U4608/Y (NAND3X1)                                     0.033628  0.032540   1.380738 r
  table_i/n2859 (net)                           1     0.001551            0.000000   1.380738 r
  table_i/U6049/A (INVX1)                                       0.033628  0.000000   1.380738 r
  table_i/U6049/Y (INVX1)                                       0.017551  0.027258   1.407996 f
  table_i/n6627 (net)                           2     0.004703            0.000000   1.407996 f
  table_i/U5611/A (AND2X1)                                      0.017551  0.000000   1.407996 f
  table_i/U5611/Y (AND2X1)                                      0.021607  0.036418   1.444413 f
  table_i/n2853 (net)                           2     0.003790            0.000000   1.444413 f
  table_i/U5612/A (INVX1)                                       0.021607  0.000000   1.444413 f
  table_i/U5612/Y (INVX1)                                       0.000000  0.013491   1.457904 r
  table_i/n5964 (net)                           2     0.004839            0.000000   1.457904 r
  table_i/U4606/A (NAND3X1)                                     0.000000  0.000000   1.457904 r
  table_i/U4606/Y (NAND3X1)                                     0.015703  0.015351   1.473255 f
  table_i/n2843 (net)                           1     0.001504            0.000000   1.473255 f
  table_i/U96/A (BUFX2)                                         0.015703  0.000000   1.473255 f
  table_i/U96/Y (BUFX2)                                         0.004406  0.035109   1.508364 f
  table_i/n3 (net)                              2     0.003303            0.000000   1.508364 f
  table_i/U139/A (INVX1)                                        0.004406  0.000000   1.508364 f
  table_i/U139/Y (INVX1)                                        0.000000  -0.000109  1.508255 r
  table_i/n26 (net)                             1     0.002525            0.000000   1.508255 r
  table_i/U87/A (OR2X1)                                         0.000000  0.000000   1.508255 r
  table_i/U87/Y (OR2X1)                                         0.023956  0.039048   1.547303 r
  table_i/n1 (net)                              1     0.002424            0.000000   1.547303 r
  table_i/U88/B (OR2X1)                                         0.023956  0.000000   1.547303 r
  table_i/U88/Y (OR2X1)                                         0.036229  0.060705   1.608008 r
  table_i/n2 (net)                              2     0.005712            0.000000   1.608008 r
  table_i/U25/B (OR2X1)                                         0.036229  0.000000   1.608008 r
  table_i/U25/Y (OR2X1)                                         0.027282  0.053857   1.661865 r
  table_i/n2856 (net)                           1     0.003288            0.000000   1.661865 r
  table_i/U4604/C (NOR3X1)                                      0.027282  0.000000   1.661865 r
  table_i/U4604/Y (NOR3X1)                                      0.032191  0.027151   1.689016 f
  table_i/n2855 (net)                           2     0.003743            0.000000   1.689016 f
  table_i/U6048/A (AND2X1)                                      0.032191  0.000000   1.689016 f
  table_i/U6048/Y (AND2X1)                                      0.022970  0.040315   1.729331 f
  table_i/n2835 (net)                           2     0.004550            0.000000   1.729331 f
  table_i/U5865/A (AND2X1)                                      0.022970  0.000000   1.729331 f
  table_i/U5865/Y (AND2X1)                                      0.030158  0.043676   1.773007 f
  table_i/n2834 (net)                           3     0.006855            0.000000   1.773007 f
  table_i/U5866/A (INVX1)                                       0.030158  0.000000   1.773007 f
  table_i/U5866/Y (INVX1)                                       0.005456  0.024732   1.797738 r
  table_i/n6093 (net)                           3     0.007376            0.000000   1.797738 r
  table_i/U4592/A (AOI21X1)                                     0.005456  0.000000   1.797738 r
  table_i/U4592/Y (AOI21X1)                                     0.014707  0.013244   1.810982 f
  table_i/n6699 (net)                           1     0.001504            0.000000   1.810982 f
  table_i/U5615/A (BUFX2)                                       0.014707  0.000000   1.810982 f
  table_i/U5615/Y (BUFX2)                                       0.016046  0.043790   1.854772 f
  table_i/req_ready (net)                       2     0.011827            0.000000   1.854772 f
  table_i/U95/B (AND2X1)                                        0.016046  0.000000   1.854772 f
  table_i/U95/Y (AND2X1)                                        0.014851  0.042803   1.897575 f
  table_i/n6153 (net)                           1     0.001476            0.000000   1.897575 f
  table_i/U6275/A (INVX1)                                       0.014851  0.000000   1.897575 f
  table_i/U6275/Y (INVX1)                                       0.199558  0.143745   2.041320 r
  table_i/n6193 (net)                          19     0.045760            0.000000   2.041320 r
  table_i/U6181/A (INVX1)                                       0.199558  0.000000   2.041320 r
  table_i/U6181/Y (INVX1)                                       0.096616  0.132600   2.173920 f
  table_i/n6626 (net)                          18     0.034515            0.000000   2.173920 f
  table_i/U5984/B (AND2X1)                                      0.096616  0.000000   2.173920 f
  table_i/U5984/Y (AND2X1)                                      0.010139  0.052686   2.226606 f
  table_i/n6132 (net)                           1     0.001476            0.000000   2.226606 f
  table_i/U5952/A (INVX1)                                       0.010139  0.000000   2.226606 f
  table_i/U5952/Y (INVX1)                                       0.384291  0.259298   2.485904 r
  table_i/n6383 (net)                          31     0.081891            0.000000   2.485904 r
  table_i/U4648/B (AND2X1)                                      0.384291  0.000000   2.485904 r
  table_i/U4648/Y (AND2X1)                                      0.644111  0.434536   2.920440 r
  table_i/n1170 (net)                          54     0.136226            0.000000   2.920440 r
  table_i/U4649/A (INVX1)                                       0.644111  0.000000   2.920440 r
  table_i/U4649/Y (INVX1)                                       0.178534  0.174475   3.094915 f
  table_i/n5465 (net)                           3     0.005265            0.000000   3.094915 f
  table_i/U5919/A (INVX1)                                       0.178534  0.000000   3.094915 f
  table_i/U5919/Y (INVX1)                                       0.427714  0.339662   3.434577 r
  table_i/n6355 (net)                          36     0.089484            0.000000   3.434577 r
  table_i/U2918/A (OAI21X1)                                     0.427714  0.000000   3.434577 r
  table_i/U2918/Y (OAI21X1)                                     0.068415  0.114461   3.549038 f
  table_i/n3849 (net)                           1     0.001290            0.000000   3.549038 f
  table_i/write_data_reg[52]/D (DFFPOSX1)                       0.068415  0.000000   3.549038 f
  data arrival time                                                                  3.549038

  clock core_clk (rise edge)                                              4.000000   4.000000
  clock network delay (ideal)                                             0.000000   4.000000
  clock uncertainty                                                       -0.100000  3.900000
  table_i/write_data_reg[52]/CLK (DFFPOSX1)                               0.000000   3.900000 r
  library setup time                                                      -0.068941  3.831059
  data required time                                                                 3.831059
  ----------------------------------------------------------------------------------------------
  data required time                                                                 3.831059
  data arrival time                                                                  -3.549038
  ----------------------------------------------------------------------------------------------
  slack (MET)                                                                        0.282022


  Startpoint: table_i/occupied_reg[0]
              (rising edge-triggered flip-flop clocked by core_clk)
  Endpoint: table_i/write_data_reg[51]
            (rising edge-triggered flip-flop clocked by core_clk)
  Path Group: core_clk
  Path Type: max

  Point                                       Fanout       Cap     Trans      Incr       Path
  ----------------------------------------------------------------------------------------------
  clock core_clk (rise edge)                                              0.000000   0.000000
  clock network delay (ideal)                                             0.000000   0.000000
  table_i/occupied_reg[0]/CLK (DFFPOSX1)                        0.000000  0.000000 # 0.000000 r
  table_i/occupied_reg[0]/Q (DFFPOSX1)                          0.118814  0.133234   0.133234 r
  table_i/occupied[0] (net)                    18     0.048343            0.000000   0.133234 r
  table_i/U6410/A (INVX1)                                       0.118814  0.000000   0.133234 r
  table_i/U6410/Y (INVX1)                                       0.011977  0.050524   0.183758 f
  table_i/n6632 (net)                           2     0.004820            0.000000   0.183758 f
  table_i/U5873/B (OR2X1)                                       0.011977  0.000000   0.183758 f
  table_i/U5873/Y (OR2X1)                                       0.010774  0.047123   0.230881 f
  table_i/n2863 (net)                           1     0.001476            0.000000   0.230881 f
  table_i/U5874/A (INVX1)                                       0.010774  0.000000   0.230881 f
  table_i/U5874/Y (INVX1)                                       0.032235  0.036700   0.267581 r
  table_i/n6097 (net)                           5     0.013180            0.000000   0.267581 r
  table_i/U5599/A (AND2X1)                                      0.032235  0.000000   0.267581 r
  table_i/U5599/Y (AND2X1)                                      0.030904  0.028200   0.295781 r
  table_i/n2868 (net)                           1     0.001551            0.000000   0.295781 r
  table_i/U5600/A (INVX1)                                       0.030904  0.000000   0.295781 r
  table_i/U5600/Y (INVX1)                                       0.015875  0.025244   0.321026 f
  table_i/n5958 (net)                           2     0.004080            0.000000   0.321026 f
  table_i/U4623/A (NAND3X1)                                     0.015875  0.000000   0.321026 f
  table_i/U4623/Y (NAND3X1)                                     0.033832  0.035923   0.356949 r
  table_i/n2852 (net)                           1     0.001539            0.000000   0.356949 r
  table_i/U3790/A (BUFX2)                                       0.033832  0.000000   0.356949 r
  table_i/U3790/Y (BUFX2)                                       0.013798  0.037829   0.394778 r
  table_i/n5218 (net)                           2     0.004212            0.000000   0.394778 r
  table_i/U2555/B (AND2X1)                                      0.013798  0.000000   0.394778 r
  table_i/U2555/Y (AND2X1)                                      0.076071  0.070341   0.465119 r
  table_i/n2837 (net)                           4     0.011302            0.000000   0.465119 r
  table_i/U4622/C (NAND3X1)                                     0.076071  0.000000   0.465119 r
  table_i/U4622/Y (NAND3X1)                                     0.015681  0.024367   0.489486 f
  table_i/n2865 (net)                           1     0.001504            0.000000   0.489486 f
  table_i/U4221/A (BUFX2)                                       0.015681  0.000000   0.489486 f
  table_i/U4221/Y (BUFX2)                                       0.006021  0.036323   0.525808 f
  table_i/n5338 (net)                           2     0.004471            0.000000   0.525808 f
  table_i/U4621/B (NAND3X1)                                     0.006021  0.000000   0.525808 f
  table_i/U4621/Y (NAND3X1)                                     0.034117  0.028803   0.554611 r
  table_i/n2867 (net)                           1     0.001551            0.000000   0.554611 r
  table_i/U6047/A (INVX1)                                       0.034117  0.000000   0.554611 r
  table_i/U6047/Y (INVX1)                                       0.022987  0.031133   0.585744 f
  table_i/n6631 (net)                           3     0.006530            0.000000   0.585744 f
  table_i/U5624/A (AND2X1)                                      0.022987  0.000000   0.585744 f
  table_i/U5624/Y (AND2X1)                                      0.015148  0.032445   0.618189 f
  table_i/n2851 (net)                           1     0.001476            0.000000   0.618189 f
  table_i/U5625/A (INVX1)                                       0.015148  0.000000   0.618189 f
  table_i/U5625/Y (INVX1)                                       0.012682  0.025455   0.643644 r
  table_i/n5971 (net)                           4     0.009236            0.000000   0.643644 r
  table_i/U4619/A (NAND3X1)                                     0.012682  0.000000   0.643644 r
  table_i/U4619/Y (NAND3X1)                                     0.015687  0.017011   0.660656 f
  table_i/n2842 (net)                           1     0.001504            0.000000   0.660656 f
  table_i/U4650/A (BUFX2)                                       0.015687  0.000000   0.660656 f
  table_i/U4650/Y (BUFX2)                                       0.008546  0.038222   0.698877 f
  table_i/n5466 (net)                           3     0.006291            0.000000   0.698877 f
  table_i/U2951/A (AND2X1)                                      0.008546  0.000000   0.698877 f
  table_i/U2951/Y (AND2X1)                                      0.018226  0.032993   0.731870 f
  table_i/n2866 (net)                           1     0.002832            0.000000   0.731870 f
  table_i/U4618/C (NAND3X1)                                     0.018226  0.000000   0.731870 f
  table_i/U4618/Y (NAND3X1)                                     0.033832  0.029868   0.761738 r
  table_i/n2841 (net)                           1     0.001539            0.000000   0.761738 r
  table_i/U5341/A (BUFX2)                                       0.033832  0.000000   0.761738 r
  table_i/U5341/Y (BUFX2)                                       0.020721  0.042405   0.804143 r
  table_i/n5826 (net)                           3     0.007178            0.000000   0.804143 r
  table_i/U4617/A (NAND3X1)                                     0.020721  0.000000   0.804143 r
  table_i/U4617/Y (NAND3X1)                                     0.015085  0.018064   0.822207 f
  table_i/n2844 (net)                           1     0.001504            0.000000   0.822207 f
  table_i/U3794/A (BUFX2)                                       0.015085  0.000000   0.822207 f
  table_i/U3794/Y (BUFX2)                                       0.005924  0.036217   0.858424 f
  table_i/n5220 (net)                           2     0.004487            0.000000   0.858424 f
  table_i/U6046/A (INVX1)                                       0.005924  0.000000   0.858424 f
  table_i/U6046/Y (INVX1)                                       0.000000  0.001844   0.860268 r
  table_i/n6630 (net)                           1     0.002961            0.000000   0.860268 r
  table_i/U4616/C (NAND3X1)                                     0.000000  0.000000   0.860268 r
  table_i/U4616/Y (NAND3X1)                                     0.014656  0.006604   0.866873 f
  table_i/n2861 (net)                           1     0.001504            0.000000   0.866873 f
  table_i/U5102/A (BUFX2)                                       0.014656  0.000000   0.866873 f
  table_i/U5102/Y (BUFX2)                                       0.010022  0.039268   0.906141 f
  table_i/n5702 (net)                           3     0.007498            0.000000   0.906141 f
  table_i/U5961/A (INVX1)                                       0.010022  0.000000   0.906141 f
  table_i/U5961/Y (INVX1)                                       0.003506  0.018326   0.924467 r
  table_i/n6629 (net)                           3     0.007595            0.000000   0.924467 r
  table_i/U136/A (AND2X1)                                       0.003506  0.000000   0.924467 r
  table_i/U136/Y (AND2X1)                                       0.030971  0.028475   0.952941 r
  table_i/n2862 (net)                           1     0.001551            0.000000   0.952941 r
  table_i/U137/A (INVX1)                                        0.030971  0.000000   0.952941 r
  table_i/U137/Y (INVX1)                                        0.015716  0.025157   0.978099 f
  table_i/n24 (net)                             2     0.004029            0.000000   0.978099 f
  table_i/U4614/A (NAND3X1)                                     0.015716  0.000000   0.978099 f
  table_i/U4614/Y (NAND3X1)                                     0.033817  0.035873   1.013972 r
  table_i/n2850 (net)                           1     0.001539            0.000000   1.013972 r
  table_i/U138/A (BUFX2)                                        0.033817  0.000000   1.013972 r
  table_i/U138/Y (BUFX2)                                        0.015072  0.038671   1.052644 r
  table_i/n25 (net)                             2     0.004759            0.000000   1.052644 r
  table_i/U5616/A (AND2X2)                                      0.015072  0.000000   1.052644 r
  table_i/U5616/Y (AND2X2)                                      0.006381  0.031879   1.084523 r
  table_i/n2857 (net)                           1     0.001551            0.000000   1.084523 r
  table_i/U5617/A (INVX1)                                       0.006381  0.000000   1.084523 r
  table_i/U5617/Y (INVX1)                                       0.031580  0.028229   1.112751 f
  table_i/n5967 (net)                           3     0.008765            0.000000   1.112751 f
  table_i/U4612/C (NOR3X1)                                      0.031580  0.000000   1.112751 f
  table_i/U4612/Y (NOR3X1)                                      0.084812  0.051515   1.164266 r
  table_i/n2840 (net)                           3     0.009190            0.000000   1.164266 r
  table_i/U4611/B (NOR3X1)                                      0.084812  0.000000   1.164266 r
  table_i/U4611/Y (NOR3X1)                                      0.041248  0.057052   1.221318 f
  table_i/n2860 (net)                           3     0.007535            0.000000   1.221318 f
  table_i/U5867/A (AND2X1)                                      0.041248  0.000000   1.221318 f
  table_i/U5867/Y (AND2X1)                                      0.032547  0.048331   1.269649 f
  table_i/n2854 (net)                           3     0.007713            0.000000   1.269649 f
  table_i/U5868/A (INVX1)                                       0.032547  0.000000   1.269649 f
  table_i/U5868/Y (INVX1)                                       0.007588  0.026699   1.296348 r
  table_i/n6094 (net)                           3     0.007723            0.000000   1.296348 r
  table_i/U4609/A (NAND3X1)                                     0.007588  0.000000   1.296348 r
  table_i/U4609/Y (NAND3X1)                                     0.015697  0.016344   1.312692 f
  table_i/n2858 (net)                           1     0.001504            0.000000   1.312692 f
  table_i/U97/A (BUFX2)                                         0.015697  0.000000   1.312692 f
  table_i/U97/Y (BUFX2)                                         0.004934  0.035506   1.348198 f
  table_i/n4 (net)                              2     0.003685            0.000000   1.348198 f
  table_i/U4608/A (NAND3X1)                                     0.004934  0.000000   1.348198 f
  table_i/U4608/Y (NAND3X1)                                     0.033628  0.032540   1.380738 r
  table_i/n2859 (net)                           1     0.001551            0.000000   1.380738 r
  table_i/U6049/A (INVX1)                                       0.033628  0.000000   1.380738 r
  table_i/U6049/Y (INVX1)                                       0.017551  0.027258   1.407996 f
  table_i/n6627 (net)                           2     0.004703            0.000000   1.407996 f
  table_i/U5611/A (AND2X1)                                      0.017551  0.000000   1.407996 f
  table_i/U5611/Y (AND2X1)                                      0.021607  0.036418   1.444413 f
  table_i/n2853 (net)                           2     0.003790            0.000000   1.444413 f
  table_i/U5612/A (INVX1)                                       0.021607  0.000000   1.444413 f
  table_i/U5612/Y (INVX1)                                       0.000000  0.013491   1.457904 r
  table_i/n5964 (net)                           2     0.004839            0.000000   1.457904 r
  table_i/U4606/A (NAND3X1)                                     0.000000  0.000000   1.457904 r
  table_i/U4606/Y (NAND3X1)                                     0.015703  0.015351   1.473255 f
  table_i/n2843 (net)                           1     0.001504            0.000000   1.473255 f
  table_i/U96/A (BUFX2)                                         0.015703  0.000000   1.473255 f
  table_i/U96/Y (BUFX2)                                         0.004406  0.035109   1.508364 f
  table_i/n3 (net)                              2     0.003303            0.000000   1.508364 f
  table_i/U139/A (INVX1)                                        0.004406  0.000000   1.508364 f
  table_i/U139/Y (INVX1)                                        0.000000  -0.000109  1.508255 r
  table_i/n26 (net)                             1     0.002525            0.000000   1.508255 r
  table_i/U87/A (OR2X1)                                         0.000000  0.000000   1.508255 r
  table_i/U87/Y (OR2X1)                                         0.023956  0.039048   1.547303 r
  table_i/n1 (net)                              1     0.002424            0.000000   1.547303 r
  table_i/U88/B (OR2X1)                                         0.023956  0.000000   1.547303 r
  table_i/U88/Y (OR2X1)                                         0.036229  0.060705   1.608008 r
  table_i/n2 (net)                              2     0.005712            0.000000   1.608008 r
  table_i/U25/B (OR2X1)                                         0.036229  0.000000   1.608008 r
  table_i/U25/Y (OR2X1)                                         0.027282  0.053857   1.661865 r
  table_i/n2856 (net)                           1     0.003288            0.000000   1.661865 r
  table_i/U4604/C (NOR3X1)                                      0.027282  0.000000   1.661865 r
  table_i/U4604/Y (NOR3X1)                                      0.032191  0.027151   1.689016 f
  table_i/n2855 (net)                           2     0.003743            0.000000   1.689016 f
  table_i/U6048/A (AND2X1)                                      0.032191  0.000000   1.689016 f
  table_i/U6048/Y (AND2X1)                                      0.022970  0.040315   1.729331 f
  table_i/n2835 (net)                           2     0.004550            0.000000   1.729331 f
  table_i/U5865/A (AND2X1)                                      0.022970  0.000000   1.729331 f
  table_i/U5865/Y (AND2X1)                                      0.030158  0.043676   1.773007 f
  table_i/n2834 (net)                           3     0.006855            0.000000   1.773007 f
  table_i/U5866/A (INVX1)                                       0.030158  0.000000   1.773007 f
  table_i/U5866/Y (INVX1)                                       0.005456  0.024732   1.797738 r
  table_i/n6093 (net)                           3     0.007376            0.000000   1.797738 r
  table_i/U4592/A (AOI21X1)                                     0.005456  0.000000   1.797738 r
  table_i/U4592/Y (AOI21X1)                                     0.014707  0.013244   1.810982 f
  table_i/n6699 (net)                           1     0.001504            0.000000   1.810982 f
  table_i/U5615/A (BUFX2)                                       0.014707  0.000000   1.810982 f
  table_i/U5615/Y (BUFX2)                                       0.016046  0.043790   1.854772 f
  table_i/req_ready (net)                       2     0.011827            0.000000   1.854772 f
  table_i/U95/B (AND2X1)                                        0.016046  0.000000   1.854772 f
  table_i/U95/Y (AND2X1)                                        0.014851  0.042803   1.897575 f
  table_i/n6153 (net)                           1     0.001476            0.000000   1.897575 f
  table_i/U6275/A (INVX1)                                       0.014851  0.000000   1.897575 f
  table_i/U6275/Y (INVX1)                                       0.199558  0.143745   2.041320 r
  table_i/n6193 (net)                          19     0.045760            0.000000   2.041320 r
  table_i/U6181/A (INVX1)                                       0.199558  0.000000   2.041320 r
  table_i/U6181/Y (INVX1)                                       0.096616  0.132600   2.173920 f
  table_i/n6626 (net)                          18     0.034515            0.000000   2.173920 f
  table_i/U5984/B (AND2X1)                                      0.096616  0.000000   2.173920 f
  table_i/U5984/Y (AND2X1)                                      0.010139  0.052686   2.226606 f
  table_i/n6132 (net)                           1     0.001476            0.000000   2.226606 f
  table_i/U5952/A (INVX1)                                       0.010139  0.000000   2.226606 f
  table_i/U5952/Y (INVX1)                                       0.384291  0.259298   2.485904 r
  table_i/n6383 (net)                          31     0.081891            0.000000   2.485904 r
  table_i/U4648/B (AND2X1)                                      0.384291  0.000000   2.485904 r
  table_i/U4648/Y (AND2X1)                                      0.644111  0.434536   2.920440 r
  table_i/n1170 (net)                          54     0.136226            0.000000   2.920440 r
  table_i/U4649/A (INVX1)                                       0.644111  0.000000   2.920440 r
  table_i/U4649/Y (INVX1)                                       0.178534  0.174475   3.094915 f
  table_i/n5465 (net)                           3     0.005265            0.000000   3.094915 f
  table_i/U5919/A (INVX1)                                       0.178534  0.000000   3.094915 f
  table_i/U5919/Y (INVX1)                                       0.427714  0.339662   3.434577 r
  table_i/n6355 (net)                          36     0.089484            0.000000   3.434577 r
  table_i/U2916/A (OAI21X1)                                     0.427714  0.000000   3.434577 r
  table_i/U2916/Y (OAI21X1)                                     0.068415  0.114461   3.549038 f
  table_i/n3848 (net)                           1     0.001290            0.000000   3.549038 f
  table_i/write_data_reg[51]/D (DFFPOSX1)                       0.068415  0.000000   3.549038 f
  data arrival time                                                                  3.549038

  clock core_clk (rise edge)                                              4.000000   4.000000
  clock network delay (ideal)                                             0.000000   4.000000
  clock uncertainty                                                       -0.100000  3.900000
  table_i/write_data_reg[51]/CLK (DFFPOSX1)                               0.000000   3.900000 r
  library setup time                                                      -0.068941  3.831059
  data required time                                                                 3.831059
  ----------------------------------------------------------------------------------------------
  data required time                                                                 3.831059
  data arrival time                                                                  -3.549038
  ----------------------------------------------------------------------------------------------
  slack (MET)                                                                        0.282022


  Startpoint: table_i/occupied_reg[0]
              (rising edge-triggered flip-flop clocked by core_clk)
  Endpoint: table_i/write_data_reg[50]
            (rising edge-triggered flip-flop clocked by core_clk)
  Path Group: core_clk
  Path Type: max

  Point                                       Fanout       Cap     Trans      Incr       Path
  ----------------------------------------------------------------------------------------------
  clock core_clk (rise edge)                                              0.000000   0.000000
  clock network delay (ideal)                                             0.000000   0.000000
  table_i/occupied_reg[0]/CLK (DFFPOSX1)                        0.000000  0.000000 # 0.000000 r
  table_i/occupied_reg[0]/Q (DFFPOSX1)                          0.118814  0.133234   0.133234 r
  table_i/occupied[0] (net)                    18     0.048343            0.000000   0.133234 r
  table_i/U6410/A (INVX1)                                       0.118814  0.000000   0.133234 r
  table_i/U6410/Y (INVX1)                                       0.011977  0.050524   0.183758 f
  table_i/n6632 (net)                           2     0.004820            0.000000   0.183758 f
  table_i/U5873/B (OR2X1)                                       0.011977  0.000000   0.183758 f
  table_i/U5873/Y (OR2X1)                                       0.010774  0.047123   0.230881 f
  table_i/n2863 (net)                           1     0.001476            0.000000   0.230881 f
  table_i/U5874/A (INVX1)                                       0.010774  0.000000   0.230881 f
  table_i/U5874/Y (INVX1)                                       0.032235  0.036700   0.267581 r
  table_i/n6097 (net)                           5     0.013180            0.000000   0.267581 r
  table_i/U5599/A (AND2X1)                                      0.032235  0.000000   0.267581 r
  table_i/U5599/Y (AND2X1)                                      0.030904  0.028200   0.295781 r
  table_i/n2868 (net)                           1     0.001551            0.000000   0.295781 r
  table_i/U5600/A (INVX1)                                       0.030904  0.000000   0.295781 r
  table_i/U5600/Y (INVX1)                                       0.015875  0.025244   0.321026 f
  table_i/n5958 (net)                           2     0.004080            0.000000   0.321026 f
  table_i/U4623/A (NAND3X1)                                     0.015875  0.000000   0.321026 f
  table_i/U4623/Y (NAND3X1)                                     0.033832  0.035923   0.356949 r
  table_i/n2852 (net)                           1     0.001539            0.000000   0.356949 r
  table_i/U3790/A (BUFX2)                                       0.033832  0.000000   0.356949 r
  table_i/U3790/Y (BUFX2)                                       0.013798  0.037829   0.394778 r
  table_i/n5218 (net)                           2     0.004212            0.000000   0.394778 r
  table_i/U2555/B (AND2X1)                                      0.013798  0.000000   0.394778 r
  table_i/U2555/Y (AND2X1)                                      0.076071  0.070341   0.465119 r
  table_i/n2837 (net)                           4     0.011302            0.000000   0.465119 r
  table_i/U4622/C (NAND3X1)                                     0.076071  0.000000   0.465119 r
  table_i/U4622/Y (NAND3X1)                                     0.015681  0.024367   0.489486 f
  table_i/n2865 (net)                           1     0.001504            0.000000   0.489486 f
  table_i/U4221/A (BUFX2)                                       0.015681  0.000000   0.489486 f
  table_i/U4221/Y (BUFX2)                                       0.006021  0.036323   0.525808 f
  table_i/n5338 (net)                           2     0.004471            0.000000   0.525808 f
  table_i/U4621/B (NAND3X1)                                     0.006021  0.000000   0.525808 f
  table_i/U4621/Y (NAND3X1)                                     0.034117  0.028803   0.554611 r
  table_i/n2867 (net)                           1     0.001551            0.000000   0.554611 r
  table_i/U6047/A (INVX1)                                       0.034117  0.000000   0.554611 r
  table_i/U6047/Y (INVX1)                                       0.022987  0.031133   0.585744 f
  table_i/n6631 (net)                           3     0.006530            0.000000   0.585744 f
  table_i/U5624/A (AND2X1)                                      0.022987  0.000000   0.585744 f
  table_i/U5624/Y (AND2X1)                                      0.015148  0.032445   0.618189 f
  table_i/n2851 (net)                           1     0.001476            0.000000   0.618189 f
  table_i/U5625/A (INVX1)                                       0.015148  0.000000   0.618189 f
  table_i/U5625/Y (INVX1)                                       0.012682  0.025455   0.643644 r
  table_i/n5971 (net)                           4     0.009236            0.000000   0.643644 r
  table_i/U4619/A (NAND3X1)                                     0.012682  0.000000   0.643644 r
  table_i/U4619/Y (NAND3X1)                                     0.015687  0.017011   0.660656 f
  table_i/n2842 (net)                           1     0.001504            0.000000   0.660656 f
  table_i/U4650/A (BUFX2)                                       0.015687  0.000000   0.660656 f
  table_i/U4650/Y (BUFX2)                                       0.008546  0.038222   0.698877 f
  table_i/n5466 (net)                           3     0.006291            0.000000   0.698877 f
  table_i/U2951/A (AND2X1)                                      0.008546  0.000000   0.698877 f
  table_i/U2951/Y (AND2X1)                                      0.018226  0.032993   0.731870 f
  table_i/n2866 (net)                           1     0.002832            0.000000   0.731870 f
  table_i/U4618/C (NAND3X1)                                     0.018226  0.000000   0.731870 f
  table_i/U4618/Y (NAND3X1)                                     0.033832  0.029868   0.761738 r
  table_i/n2841 (net)                           1     0.001539            0.000000   0.761738 r
  table_i/U5341/A (BUFX2)                                       0.033832  0.000000   0.761738 r
  table_i/U5341/Y (BUFX2)                                       0.020721  0.042405   0.804143 r
  table_i/n5826 (net)                           3     0.007178            0.000000   0.804143 r
  table_i/U4617/A (NAND3X1)                                     0.020721  0.000000   0.804143 r
  table_i/U4617/Y (NAND3X1)                                     0.015085  0.018064   0.822207 f
  table_i/n2844 (net)                           1     0.001504            0.000000   0.822207 f
  table_i/U3794/A (BUFX2)                                       0.015085  0.000000   0.822207 f
  table_i/U3794/Y (BUFX2)                                       0.005924  0.036217   0.858424 f
  table_i/n5220 (net)                           2     0.004487            0.000000   0.858424 f
  table_i/U6046/A (INVX1)                                       0.005924  0.000000   0.858424 f
  table_i/U6046/Y (INVX1)                                       0.000000  0.001844   0.860268 r
  table_i/n6630 (net)                           1     0.002961            0.000000   0.860268 r
  table_i/U4616/C (NAND3X1)                                     0.000000  0.000000   0.860268 r
  table_i/U4616/Y (NAND3X1)                                     0.014656  0.006604   0.866873 f
  table_i/n2861 (net)                           1     0.001504            0.000000   0.866873 f
  table_i/U5102/A (BUFX2)                                       0.014656  0.000000   0.866873 f
  table_i/U5102/Y (BUFX2)                                       0.010022  0.039268   0.906141 f
  table_i/n5702 (net)                           3     0.007498            0.000000   0.906141 f
  table_i/U5961/A (INVX1)                                       0.010022  0.000000   0.906141 f
  table_i/U5961/Y (INVX1)                                       0.003506  0.018326   0.924467 r
  table_i/n6629 (net)                           3     0.007595            0.000000   0.924467 r
  table_i/U136/A (AND2X1)                                       0.003506  0.000000   0.924467 r
  table_i/U136/Y (AND2X1)                                       0.030971  0.028475   0.952941 r
  table_i/n2862 (net)                           1     0.001551            0.000000   0.952941 r
  table_i/U137/A (INVX1)                                        0.030971  0.000000   0.952941 r
  table_i/U137/Y (INVX1)                                        0.015716  0.025157   0.978099 f
  table_i/n24 (net)                             2     0.004029            0.000000   0.978099 f
  table_i/U4614/A (NAND3X1)                                     0.015716  0.000000   0.978099 f
  table_i/U4614/Y (NAND3X1)                                     0.033817  0.035873   1.013972 r
  table_i/n2850 (net)                           1     0.001539            0.000000   1.013972 r
  table_i/U138/A (BUFX2)                                        0.033817  0.000000   1.013972 r
  table_i/U138/Y (BUFX2)                                        0.015072  0.038671   1.052644 r
  table_i/n25 (net)                             2     0.004759            0.000000   1.052644 r
  table_i/U5616/A (AND2X2)                                      0.015072  0.000000   1.052644 r
  table_i/U5616/Y (AND2X2)                                      0.006381  0.031879   1.084523 r
  table_i/n2857 (net)                           1     0.001551            0.000000   1.084523 r
  table_i/U5617/A (INVX1)                                       0.006381  0.000000   1.084523 r
  table_i/U5617/Y (INVX1)                                       0.031580  0.028229   1.112751 f
  table_i/n5967 (net)                           3     0.008765            0.000000   1.112751 f
  table_i/U4612/C (NOR3X1)                                      0.031580  0.000000   1.112751 f
  table_i/U4612/Y (NOR3X1)                                      0.084812  0.051515   1.164266 r
  table_i/n2840 (net)                           3     0.009190            0.000000   1.164266 r
  table_i/U4611/B (NOR3X1)                                      0.084812  0.000000   1.164266 r
  table_i/U4611/Y (NOR3X1)                                      0.041248  0.057052   1.221318 f
  table_i/n2860 (net)                           3     0.007535            0.000000   1.221318 f
  table_i/U5867/A (AND2X1)                                      0.041248  0.000000   1.221318 f
  table_i/U5867/Y (AND2X1)                                      0.032547  0.048331   1.269649 f
  table_i/n2854 (net)                           3     0.007713            0.000000   1.269649 f
  table_i/U5868/A (INVX1)                                       0.032547  0.000000   1.269649 f
  table_i/U5868/Y (INVX1)                                       0.007588  0.026699   1.296348 r
  table_i/n6094 (net)                           3     0.007723            0.000000   1.296348 r
  table_i/U4609/A (NAND3X1)                                     0.007588  0.000000   1.296348 r
  table_i/U4609/Y (NAND3X1)                                     0.015697  0.016344   1.312692 f
  table_i/n2858 (net)                           1     0.001504            0.000000   1.312692 f
  table_i/U97/A (BUFX2)                                         0.015697  0.000000   1.312692 f
  table_i/U97/Y (BUFX2)                                         0.004934  0.035506   1.348198 f
  table_i/n4 (net)                              2     0.003685            0.000000   1.348198 f
  table_i/U4608/A (NAND3X1)                                     0.004934  0.000000   1.348198 f
  table_i/U4608/Y (NAND3X1)                                     0.033628  0.032540   1.380738 r
  table_i/n2859 (net)                           1     0.001551            0.000000   1.380738 r
  table_i/U6049/A (INVX1)                                       0.033628  0.000000   1.380738 r
  table_i/U6049/Y (INVX1)                                       0.017551  0.027258   1.407996 f
  table_i/n6627 (net)                           2     0.004703            0.000000   1.407996 f
  table_i/U5611/A (AND2X1)                                      0.017551  0.000000   1.407996 f
  table_i/U5611/Y (AND2X1)                                      0.021607  0.036418   1.444413 f
  table_i/n2853 (net)                           2     0.003790            0.000000   1.444413 f
  table_i/U5612/A (INVX1)                                       0.021607  0.000000   1.444413 f
  table_i/U5612/Y (INVX1)                                       0.000000  0.013491   1.457904 r
  table_i/n5964 (net)                           2     0.004839            0.000000   1.457904 r
  table_i/U4606/A (NAND3X1)                                     0.000000  0.000000   1.457904 r
  table_i/U4606/Y (NAND3X1)                                     0.015703  0.015351   1.473255 f
  table_i/n2843 (net)                           1     0.001504            0.000000   1.473255 f
  table_i/U96/A (BUFX2)                                         0.015703  0.000000   1.473255 f
  table_i/U96/Y (BUFX2)                                         0.004406  0.035109   1.508364 f
  table_i/n3 (net)                              2     0.003303            0.000000   1.508364 f
  table_i/U139/A (INVX1)                                        0.004406  0.000000   1.508364 f
  table_i/U139/Y (INVX1)                                        0.000000  -0.000109  1.508255 r
  table_i/n26 (net)                             1     0.002525            0.000000   1.508255 r
  table_i/U87/A (OR2X1)                                         0.000000  0.000000   1.508255 r
  table_i/U87/Y (OR2X1)                                         0.023956  0.039048   1.547303 r
  table_i/n1 (net)                              1     0.002424            0.000000   1.547303 r
  table_i/U88/B (OR2X1)                                         0.023956  0.000000   1.547303 r
  table_i/U88/Y (OR2X1)                                         0.036229  0.060705   1.608008 r
  table_i/n2 (net)                              2     0.005712            0.000000   1.608008 r
  table_i/U25/B (OR2X1)                                         0.036229  0.000000   1.608008 r
  table_i/U25/Y (OR2X1)                                         0.027282  0.053857   1.661865 r
  table_i/n2856 (net)                           1     0.003288            0.000000   1.661865 r
  table_i/U4604/C (NOR3X1)                                      0.027282  0.000000   1.661865 r
  table_i/U4604/Y (NOR3X1)                                      0.032191  0.027151   1.689016 f
  table_i/n2855 (net)                           2     0.003743            0.000000   1.689016 f
  table_i/U6048/A (AND2X1)                                      0.032191  0.000000   1.689016 f
  table_i/U6048/Y (AND2X1)                                      0.022970  0.040315   1.729331 f
  table_i/n2835 (net)                           2     0.004550            0.000000   1.729331 f
  table_i/U5865/A (AND2X1)                                      0.022970  0.000000   1.729331 f
  table_i/U5865/Y (AND2X1)                                      0.030158  0.043676   1.773007 f
  table_i/n2834 (net)                           3     0.006855            0.000000   1.773007 f
  table_i/U5866/A (INVX1)                                       0.030158  0.000000   1.773007 f
  table_i/U5866/Y (INVX1)                                       0.005456  0.024732   1.797738 r
  table_i/n6093 (net)                           3     0.007376            0.000000   1.797738 r
  table_i/U4592/A (AOI21X1)                                     0.005456  0.000000   1.797738 r
  table_i/U4592/Y (AOI21X1)                                     0.014707  0.013244   1.810982 f
  table_i/n6699 (net)                           1     0.001504            0.000000   1.810982 f
  table_i/U5615/A (BUFX2)                                       0.014707  0.000000   1.810982 f
  table_i/U5615/Y (BUFX2)                                       0.016046  0.043790   1.854772 f
  table_i/req_ready (net)                       2     0.011827            0.000000   1.854772 f
  table_i/U95/B (AND2X1)                                        0.016046  0.000000   1.854772 f
  table_i/U95/Y (AND2X1)                                        0.014851  0.042803   1.897575 f
  table_i/n6153 (net)                           1     0.001476            0.000000   1.897575 f
  table_i/U6275/A (INVX1)                                       0.014851  0.000000   1.897575 f
  table_i/U6275/Y (INVX1)                                       0.199558  0.143745   2.041320 r
  table_i/n6193 (net)                          19     0.045760            0.000000   2.041320 r
  table_i/U6181/A (INVX1)                                       0.199558  0.000000   2.041320 r
  table_i/U6181/Y (INVX1)                                       0.096616  0.132600   2.173920 f
  table_i/n6626 (net)                          18     0.034515            0.000000   2.173920 f
  table_i/U5984/B (AND2X1)                                      0.096616  0.000000   2.173920 f
  table_i/U5984/Y (AND2X1)                                      0.010139  0.052686   2.226606 f
  table_i/n6132 (net)                           1     0.001476            0.000000   2.226606 f
  table_i/U5952/A (INVX1)                                       0.010139  0.000000   2.226606 f
  table_i/U5952/Y (INVX1)                                       0.384291  0.259298   2.485904 r
  table_i/n6383 (net)                          31     0.081891            0.000000   2.485904 r
  table_i/U4648/B (AND2X1)                                      0.384291  0.000000   2.485904 r
  table_i/U4648/Y (AND2X1)                                      0.644111  0.434536   2.920440 r
  table_i/n1170 (net)                          54     0.136226            0.000000   2.920440 r
  table_i/U4649/A (INVX1)                                       0.644111  0.000000   2.920440 r
  table_i/U4649/Y (INVX1)                                       0.178534  0.174475   3.094915 f
  table_i/n5465 (net)                           3     0.005265            0.000000   3.094915 f
  table_i/U5919/A (INVX1)                                       0.178534  0.000000   3.094915 f
  table_i/U5919/Y (INVX1)                                       0.427714  0.339662   3.434577 r
  table_i/n6355 (net)                          36     0.089484            0.000000   3.434577 r
  table_i/U2914/A (OAI21X1)                                     0.427714  0.000000   3.434577 r
  table_i/U2914/Y (OAI21X1)                                     0.068415  0.114461   3.549038 f
  table_i/n3847 (net)                           1     0.001290            0.000000   3.549038 f
  table_i/write_data_reg[50]/D (DFFPOSX1)                       0.068415  0.000000   3.549038 f
  data arrival time                                                                  3.549038

  clock core_clk (rise edge)                                              4.000000   4.000000
  clock network delay (ideal)                                             0.000000   4.000000
  clock uncertainty                                                       -0.100000  3.900000
  table_i/write_data_reg[50]/CLK (DFFPOSX1)                               0.000000   3.900000 r
  library setup time                                                      -0.068941  3.831059
  data required time                                                                 3.831059
  ----------------------------------------------------------------------------------------------
  data required time                                                                 3.831059
  data arrival time                                                                  -3.549038
  ----------------------------------------------------------------------------------------------
  slack (MET)                                                                        0.282022


  Startpoint: table_i/occupied_reg[0]
              (rising edge-triggered flip-flop clocked by core_clk)
  Endpoint: table_i/write_data_reg[38]
            (rising edge-triggered flip-flop clocked by core_clk)
  Path Group: core_clk
  Path Type: max

  Point                                       Fanout       Cap     Trans      Incr       Path
  ----------------------------------------------------------------------------------------------
  clock core_clk (rise edge)                                              0.000000   0.000000
  clock network delay (ideal)                                             0.000000   0.000000
  table_i/occupied_reg[0]/CLK (DFFPOSX1)                        0.000000  0.000000 # 0.000000 r
  table_i/occupied_reg[0]/Q (DFFPOSX1)                          0.118814  0.133234   0.133234 r
  table_i/occupied[0] (net)                    18     0.048343            0.000000   0.133234 r
  table_i/U6410/A (INVX1)                                       0.118814  0.000000   0.133234 r
  table_i/U6410/Y (INVX1)                                       0.011977  0.050524   0.183758 f
  table_i/n6632 (net)                           2     0.004820            0.000000   0.183758 f
  table_i/U5873/B (OR2X1)                                       0.011977  0.000000   0.183758 f
  table_i/U5873/Y (OR2X1)                                       0.010774  0.047123   0.230881 f
  table_i/n2863 (net)                           1     0.001476            0.000000   0.230881 f
  table_i/U5874/A (INVX1)                                       0.010774  0.000000   0.230881 f
  table_i/U5874/Y (INVX1)                                       0.032235  0.036700   0.267581 r
  table_i/n6097 (net)                           5     0.013180            0.000000   0.267581 r
  table_i/U5599/A (AND2X1)                                      0.032235  0.000000   0.267581 r
  table_i/U5599/Y (AND2X1)                                      0.030904  0.028200   0.295781 r
  table_i/n2868 (net)                           1     0.001551            0.000000   0.295781 r
  table_i/U5600/A (INVX1)                                       0.030904  0.000000   0.295781 r
  table_i/U5600/Y (INVX1)                                       0.015875  0.025244   0.321026 f
  table_i/n5958 (net)                           2     0.004080            0.000000   0.321026 f
  table_i/U4623/A (NAND3X1)                                     0.015875  0.000000   0.321026 f
  table_i/U4623/Y (NAND3X1)                                     0.033832  0.035923   0.356949 r
  table_i/n2852 (net)                           1     0.001539            0.000000   0.356949 r
  table_i/U3790/A (BUFX2)                                       0.033832  0.000000   0.356949 r
  table_i/U3790/Y (BUFX2)                                       0.013798  0.037829   0.394778 r
  table_i/n5218 (net)                           2     0.004212            0.000000   0.394778 r
  table_i/U2555/B (AND2X1)                                      0.013798  0.000000   0.394778 r
  table_i/U2555/Y (AND2X1)                                      0.076071  0.070341   0.465119 r
  table_i/n2837 (net)                           4     0.011302            0.000000   0.465119 r
  table_i/U4622/C (NAND3X1)                                     0.076071  0.000000   0.465119 r
  table_i/U4622/Y (NAND3X1)                                     0.015681  0.024367   0.489486 f
  table_i/n2865 (net)                           1     0.001504            0.000000   0.489486 f
  table_i/U4221/A (BUFX2)                                       0.015681  0.000000   0.489486 f
  table_i/U4221/Y (BUFX2)                                       0.006021  0.036323   0.525808 f
  table_i/n5338 (net)                           2     0.004471            0.000000   0.525808 f
  table_i/U4621/B (NAND3X1)                                     0.006021  0.000000   0.525808 f
  table_i/U4621/Y (NAND3X1)                                     0.034117  0.028803   0.554611 r
  table_i/n2867 (net)                           1     0.001551            0.000000   0.554611 r
  table_i/U6047/A (INVX1)                                       0.034117  0.000000   0.554611 r
  table_i/U6047/Y (INVX1)                                       0.022987  0.031133   0.585744 f
  table_i/n6631 (net)                           3     0.006530            0.000000   0.585744 f
  table_i/U5624/A (AND2X1)                                      0.022987  0.000000   0.585744 f
  table_i/U5624/Y (AND2X1)                                      0.015148  0.032445   0.618189 f
  table_i/n2851 (net)                           1     0.001476            0.000000   0.618189 f
  table_i/U5625/A (INVX1)                                       0.015148  0.000000   0.618189 f
  table_i/U5625/Y (INVX1)                                       0.012682  0.025455   0.643644 r
  table_i/n5971 (net)                           4     0.009236            0.000000   0.643644 r
  table_i/U4619/A (NAND3X1)                                     0.012682  0.000000   0.643644 r
  table_i/U4619/Y (NAND3X1)                                     0.015687  0.017011   0.660656 f
  table_i/n2842 (net)                           1     0.001504            0.000000   0.660656 f
  table_i/U4650/A (BUFX2)                                       0.015687  0.000000   0.660656 f
  table_i/U4650/Y (BUFX2)                                       0.008546  0.038222   0.698877 f
  table_i/n5466 (net)                           3     0.006291            0.000000   0.698877 f
  table_i/U2951/A (AND2X1)                                      0.008546  0.000000   0.698877 f
  table_i/U2951/Y (AND2X1)                                      0.018226  0.032993   0.731870 f
  table_i/n2866 (net)                           1     0.002832            0.000000   0.731870 f
  table_i/U4618/C (NAND3X1)                                     0.018226  0.000000   0.731870 f
  table_i/U4618/Y (NAND3X1)                                     0.033832  0.029868   0.761738 r
  table_i/n2841 (net)                           1     0.001539            0.000000   0.761738 r
  table_i/U5341/A (BUFX2)                                       0.033832  0.000000   0.761738 r
  table_i/U5341/Y (BUFX2)                                       0.020721  0.042405   0.804143 r
  table_i/n5826 (net)                           3     0.007178            0.000000   0.804143 r
  table_i/U4617/A (NAND3X1)                                     0.020721  0.000000   0.804143 r
  table_i/U4617/Y (NAND3X1)                                     0.015085  0.018064   0.822207 f
  table_i/n2844 (net)                           1     0.001504            0.000000   0.822207 f
  table_i/U3794/A (BUFX2)                                       0.015085  0.000000   0.822207 f
  table_i/U3794/Y (BUFX2)                                       0.005924  0.036217   0.858424 f
  table_i/n5220 (net)                           2     0.004487            0.000000   0.858424 f
  table_i/U6046/A (INVX1)                                       0.005924  0.000000   0.858424 f
  table_i/U6046/Y (INVX1)                                       0.000000  0.001844   0.860268 r
  table_i/n6630 (net)                           1     0.002961            0.000000   0.860268 r
  table_i/U4616/C (NAND3X1)                                     0.000000  0.000000   0.860268 r
  table_i/U4616/Y (NAND3X1)                                     0.014656  0.006604   0.866873 f
  table_i/n2861 (net)                           1     0.001504            0.000000   0.866873 f
  table_i/U5102/A (BUFX2)                                       0.014656  0.000000   0.866873 f
  table_i/U5102/Y (BUFX2)                                       0.010022  0.039268   0.906141 f
  table_i/n5702 (net)                           3     0.007498            0.000000   0.906141 f
  table_i/U5961/A (INVX1)                                       0.010022  0.000000   0.906141 f
  table_i/U5961/Y (INVX1)                                       0.003506  0.018326   0.924467 r
  table_i/n6629 (net)                           3     0.007595            0.000000   0.924467 r
  table_i/U136/A (AND2X1)                                       0.003506  0.000000   0.924467 r
  table_i/U136/Y (AND2X1)                                       0.030971  0.028475   0.952941 r
  table_i/n2862 (net)                           1     0.001551            0.000000   0.952941 r
  table_i/U137/A (INVX1)                                        0.030971  0.000000   0.952941 r
  table_i/U137/Y (INVX1)                                        0.015716  0.025157   0.978099 f
  table_i/n24 (net)                             2     0.004029            0.000000   0.978099 f
  table_i/U4614/A (NAND3X1)                                     0.015716  0.000000   0.978099 f
  table_i/U4614/Y (NAND3X1)                                     0.033817  0.035873   1.013972 r
  table_i/n2850 (net)                           1     0.001539            0.000000   1.013972 r
  table_i/U138/A (BUFX2)                                        0.033817  0.000000   1.013972 r
  table_i/U138/Y (BUFX2)                                        0.015072  0.038671   1.052644 r
  table_i/n25 (net)                             2     0.004759            0.000000   1.052644 r
  table_i/U5616/A (AND2X2)                                      0.015072  0.000000   1.052644 r
  table_i/U5616/Y (AND2X2)                                      0.006381  0.031879   1.084523 r
  table_i/n2857 (net)                           1     0.001551            0.000000   1.084523 r
  table_i/U5617/A (INVX1)                                       0.006381  0.000000   1.084523 r
  table_i/U5617/Y (INVX1)                                       0.031580  0.028229   1.112751 f
  table_i/n5967 (net)                           3     0.008765            0.000000   1.112751 f
  table_i/U4612/C (NOR3X1)                                      0.031580  0.000000   1.112751 f
  table_i/U4612/Y (NOR3X1)                                      0.084812  0.051515   1.164266 r
  table_i/n2840 (net)                           3     0.009190            0.000000   1.164266 r
  table_i/U4611/B (NOR3X1)                                      0.084812  0.000000   1.164266 r
  table_i/U4611/Y (NOR3X1)                                      0.041248  0.057052   1.221318 f
  table_i/n2860 (net)                           3     0.007535            0.000000   1.221318 f
  table_i/U5867/A (AND2X1)                                      0.041248  0.000000   1.221318 f
  table_i/U5867/Y (AND2X1)                                      0.032547  0.048331   1.269649 f
  table_i/n2854 (net)                           3     0.007713            0.000000   1.269649 f
  table_i/U5868/A (INVX1)                                       0.032547  0.000000   1.269649 f
  table_i/U5868/Y (INVX1)                                       0.007588  0.026699   1.296348 r
  table_i/n6094 (net)                           3     0.007723            0.000000   1.296348 r
  table_i/U4609/A (NAND3X1)                                     0.007588  0.000000   1.296348 r
  table_i/U4609/Y (NAND3X1)                                     0.015697  0.016344   1.312692 f
  table_i/n2858 (net)                           1     0.001504            0.000000   1.312692 f
  table_i/U97/A (BUFX2)                                         0.015697  0.000000   1.312692 f
  table_i/U97/Y (BUFX2)                                         0.004934  0.035506   1.348198 f
  table_i/n4 (net)                              2     0.003685            0.000000   1.348198 f
  table_i/U4608/A (NAND3X1)                                     0.004934  0.000000   1.348198 f
  table_i/U4608/Y (NAND3X1)                                     0.033628  0.032540   1.380738 r
  table_i/n2859 (net)                           1     0.001551            0.000000   1.380738 r
  table_i/U6049/A (INVX1)                                       0.033628  0.000000   1.380738 r
  table_i/U6049/Y (INVX1)                                       0.017551  0.027258   1.407996 f
  table_i/n6627 (net)                           2     0.004703            0.000000   1.407996 f
  table_i/U5611/A (AND2X1)                                      0.017551  0.000000   1.407996 f
  table_i/U5611/Y (AND2X1)                                      0.021607  0.036418   1.444413 f
  table_i/n2853 (net)                           2     0.003790            0.000000   1.444413 f
  table_i/U5612/A (INVX1)                                       0.021607  0.000000   1.444413 f
  table_i/U5612/Y (INVX1)                                       0.000000  0.013491   1.457904 r
  table_i/n5964 (net)                           2     0.004839            0.000000   1.457904 r
  table_i/U4606/A (NAND3X1)                                     0.000000  0.000000   1.457904 r
  table_i/U4606/Y (NAND3X1)                                     0.015703  0.015351   1.473255 f
  table_i/n2843 (net)                           1     0.001504            0.000000   1.473255 f
  table_i/U96/A (BUFX2)                                         0.015703  0.000000   1.473255 f
  table_i/U96/Y (BUFX2)                                         0.004406  0.035109   1.508364 f
  table_i/n3 (net)                              2     0.003303            0.000000   1.508364 f
  table_i/U139/A (INVX1)                                        0.004406  0.000000   1.508364 f
  table_i/U139/Y (INVX1)                                        0.000000  -0.000109  1.508255 r
  table_i/n26 (net)                             1     0.002525            0.000000   1.508255 r
  table_i/U87/A (OR2X1)                                         0.000000  0.000000   1.508255 r
  table_i/U87/Y (OR2X1)                                         0.023956  0.039048   1.547303 r
  table_i/n1 (net)                              1     0.002424            0.000000   1.547303 r
  table_i/U88/B (OR2X1)                                         0.023956  0.000000   1.547303 r
  table_i/U88/Y (OR2X1)                                         0.036229  0.060705   1.608008 r
  table_i/n2 (net)                              2     0.005712            0.000000   1.608008 r
  table_i/U25/B (OR2X1)                                         0.036229  0.000000   1.608008 r
  table_i/U25/Y (OR2X1)                                         0.027282  0.053857   1.661865 r
  table_i/n2856 (net)                           1     0.003288            0.000000   1.661865 r
  table_i/U4604/C (NOR3X1)                                      0.027282  0.000000   1.661865 r
  table_i/U4604/Y (NOR3X1)                                      0.032191  0.027151   1.689016 f
  table_i/n2855 (net)                           2     0.003743            0.000000   1.689016 f
  table_i/U6048/A (AND2X1)                                      0.032191  0.000000   1.689016 f
  table_i/U6048/Y (AND2X1)                                      0.022970  0.040315   1.729331 f
  table_i/n2835 (net)                           2     0.004550            0.000000   1.729331 f
  table_i/U5865/A (AND2X1)                                      0.022970  0.000000   1.729331 f
  table_i/U5865/Y (AND2X1)                                      0.030158  0.043676   1.773007 f
  table_i/n2834 (net)                           3     0.006855            0.000000   1.773007 f
  table_i/U5866/A (INVX1)                                       0.030158  0.000000   1.773007 f
  table_i/U5866/Y (INVX1)                                       0.005456  0.024732   1.797738 r
  table_i/n6093 (net)                           3     0.007376            0.000000   1.797738 r
  table_i/U4592/A (AOI21X1)                                     0.005456  0.000000   1.797738 r
  table_i/U4592/Y (AOI21X1)                                     0.014707  0.013244   1.810982 f
  table_i/n6699 (net)                           1     0.001504            0.000000   1.810982 f
  table_i/U5615/A (BUFX2)                                       0.014707  0.000000   1.810982 f
  table_i/U5615/Y (BUFX2)                                       0.016046  0.043790   1.854772 f
  table_i/req_ready (net)                       2     0.011827            0.000000   1.854772 f
  table_i/U95/B (AND2X1)                                        0.016046  0.000000   1.854772 f
  table_i/U95/Y (AND2X1)                                        0.014851  0.042803   1.897575 f
  table_i/n6153 (net)                           1     0.001476            0.000000   1.897575 f
  table_i/U6275/A (INVX1)                                       0.014851  0.000000   1.897575 f
  table_i/U6275/Y (INVX1)                                       0.199558  0.143745   2.041320 r
  table_i/n6193 (net)                          19     0.045760            0.000000   2.041320 r
  table_i/U6181/A (INVX1)                                       0.199558  0.000000   2.041320 r
  table_i/U6181/Y (INVX1)                                       0.096616  0.132600   2.173920 f
  table_i/n6626 (net)                          18     0.034515            0.000000   2.173920 f
  table_i/U5984/B (AND2X1)                                      0.096616  0.000000   2.173920 f
  table_i/U5984/Y (AND2X1)                                      0.010139  0.052686   2.226606 f
  table_i/n6132 (net)                           1     0.001476            0.000000   2.226606 f
  table_i/U5952/A (INVX1)                                       0.010139  0.000000   2.226606 f
  table_i/U5952/Y (INVX1)                                       0.384291  0.259298   2.485904 r
  table_i/n6383 (net)                          31     0.081891            0.000000   2.485904 r
  table_i/U4648/B (AND2X1)                                      0.384291  0.000000   2.485904 r
  table_i/U4648/Y (AND2X1)                                      0.644111  0.434536   2.920440 r
  table_i/n1170 (net)                          54     0.136226            0.000000   2.920440 r
  table_i/U4649/A (INVX1)                                       0.644111  0.000000   2.920440 r
  table_i/U4649/Y (INVX1)                                       0.178534  0.174475   3.094915 f
  table_i/n5465 (net)                           3     0.005265            0.000000   3.094915 f
  table_i/U5919/A (INVX1)                                       0.178534  0.000000   3.094915 f
  table_i/U5919/Y (INVX1)                                       0.427714  0.339662   3.434577 r
  table_i/n6355 (net)                          36     0.089484            0.000000   3.434577 r
  table_i/U2890/A (OAI21X1)                                     0.427714  0.000000   3.434577 r
  table_i/U2890/Y (OAI21X1)                                     0.068415  0.114461   3.549038 f
  table_i/n3835 (net)                           1     0.001290            0.000000   3.549038 f
  table_i/write_data_reg[38]/D (DFFPOSX1)                       0.068415  0.000000   3.549038 f
  data arrival time                                                                  3.549038

  clock core_clk (rise edge)                                              4.000000   4.000000
  clock network delay (ideal)                                             0.000000   4.000000
  clock uncertainty                                                       -0.100000  3.900000
  table_i/write_data_reg[38]/CLK (DFFPOSX1)                               0.000000   3.900000 r
  library setup time                                                      -0.068941  3.831059
  data required time                                                                 3.831059
  ----------------------------------------------------------------------------------------------
  data required time                                                                 3.831059
  data arrival time                                                                  -3.549038
  ----------------------------------------------------------------------------------------------
  slack (MET)                                                                        0.282022


  Startpoint: table_i/occupied_reg[0]
              (rising edge-triggered flip-flop clocked by core_clk)
  Endpoint: table_i/write_data_reg[37]
            (rising edge-triggered flip-flop clocked by core_clk)
  Path Group: core_clk
  Path Type: max

  Point                                       Fanout       Cap     Trans      Incr       Path
  ----------------------------------------------------------------------------------------------
  clock core_clk (rise edge)                                              0.000000   0.000000
  clock network delay (ideal)                                             0.000000   0.000000
  table_i/occupied_reg[0]/CLK (DFFPOSX1)                        0.000000  0.000000 # 0.000000 r
  table_i/occupied_reg[0]/Q (DFFPOSX1)                          0.118814  0.133234   0.133234 r
  table_i/occupied[0] (net)                    18     0.048343            0.000000   0.133234 r
  table_i/U6410/A (INVX1)                                       0.118814  0.000000   0.133234 r
  table_i/U6410/Y (INVX1)                                       0.011977  0.050524   0.183758 f
  table_i/n6632 (net)                           2     0.004820            0.000000   0.183758 f
  table_i/U5873/B (OR2X1)                                       0.011977  0.000000   0.183758 f
  table_i/U5873/Y (OR2X1)                                       0.010774  0.047123   0.230881 f
  table_i/n2863 (net)                           1     0.001476            0.000000   0.230881 f
  table_i/U5874/A (INVX1)                                       0.010774  0.000000   0.230881 f
  table_i/U5874/Y (INVX1)                                       0.032235  0.036700   0.267581 r
  table_i/n6097 (net)                           5     0.013180            0.000000   0.267581 r
  table_i/U5599/A (AND2X1)                                      0.032235  0.000000   0.267581 r
  table_i/U5599/Y (AND2X1)                                      0.030904  0.028200   0.295781 r
  table_i/n2868 (net)                           1     0.001551            0.000000   0.295781 r
  table_i/U5600/A (INVX1)                                       0.030904  0.000000   0.295781 r
  table_i/U5600/Y (INVX1)                                       0.015875  0.025244   0.321026 f
  table_i/n5958 (net)                           2     0.004080            0.000000   0.321026 f
  table_i/U4623/A (NAND3X1)                                     0.015875  0.000000   0.321026 f
  table_i/U4623/Y (NAND3X1)                                     0.033832  0.035923   0.356949 r
  table_i/n2852 (net)                           1     0.001539            0.000000   0.356949 r
  table_i/U3790/A (BUFX2)                                       0.033832  0.000000   0.356949 r
  table_i/U3790/Y (BUFX2)                                       0.013798  0.037829   0.394778 r
  table_i/n5218 (net)                           2     0.004212            0.000000   0.394778 r
  table_i/U2555/B (AND2X1)                                      0.013798  0.000000   0.394778 r
  table_i/U2555/Y (AND2X1)                                      0.076071  0.070341   0.465119 r
  table_i/n2837 (net)                           4     0.011302            0.000000   0.465119 r
  table_i/U4622/C (NAND3X1)                                     0.076071  0.000000   0.465119 r
  table_i/U4622/Y (NAND3X1)                                     0.015681  0.024367   0.489486 f
  table_i/n2865 (net)                           1     0.001504            0.000000   0.489486 f
  table_i/U4221/A (BUFX2)                                       0.015681  0.000000   0.489486 f
  table_i/U4221/Y (BUFX2)                                       0.006021  0.036323   0.525808 f
  table_i/n5338 (net)                           2     0.004471            0.000000   0.525808 f
  table_i/U4621/B (NAND3X1)                                     0.006021  0.000000   0.525808 f
  table_i/U4621/Y (NAND3X1)                                     0.034117  0.028803   0.554611 r
  table_i/n2867 (net)                           1     0.001551            0.000000   0.554611 r
  table_i/U6047/A (INVX1)                                       0.034117  0.000000   0.554611 r
  table_i/U6047/Y (INVX1)                                       0.022987  0.031133   0.585744 f
  table_i/n6631 (net)                           3     0.006530            0.000000   0.585744 f
  table_i/U5624/A (AND2X1)                                      0.022987  0.000000   0.585744 f
  table_i/U5624/Y (AND2X1)                                      0.015148  0.032445   0.618189 f
  table_i/n2851 (net)                           1     0.001476            0.000000   0.618189 f
  table_i/U5625/A (INVX1)                                       0.015148  0.000000   0.618189 f
  table_i/U5625/Y (INVX1)                                       0.012682  0.025455   0.643644 r
  table_i/n5971 (net)                           4     0.009236            0.000000   0.643644 r
  table_i/U4619/A (NAND3X1)                                     0.012682  0.000000   0.643644 r
  table_i/U4619/Y (NAND3X1)                                     0.015687  0.017011   0.660656 f
  table_i/n2842 (net)                           1     0.001504            0.000000   0.660656 f
  table_i/U4650/A (BUFX2)                                       0.015687  0.000000   0.660656 f
  table_i/U4650/Y (BUFX2)                                       0.008546  0.038222   0.698877 f
  table_i/n5466 (net)                           3     0.006291            0.000000   0.698877 f
  table_i/U2951/A (AND2X1)                                      0.008546  0.000000   0.698877 f
  table_i/U2951/Y (AND2X1)                                      0.018226  0.032993   0.731870 f
  table_i/n2866 (net)                           1     0.002832            0.000000   0.731870 f
  table_i/U4618/C (NAND3X1)                                     0.018226  0.000000   0.731870 f
  table_i/U4618/Y (NAND3X1)                                     0.033832  0.029868   0.761738 r
  table_i/n2841 (net)                           1     0.001539            0.000000   0.761738 r
  table_i/U5341/A (BUFX2)                                       0.033832  0.000000   0.761738 r
  table_i/U5341/Y (BUFX2)                                       0.020721  0.042405   0.804143 r
  table_i/n5826 (net)                           3     0.007178            0.000000   0.804143 r
  table_i/U4617/A (NAND3X1)                                     0.020721  0.000000   0.804143 r
  table_i/U4617/Y (NAND3X1)                                     0.015085  0.018064   0.822207 f
  table_i/n2844 (net)                           1     0.001504            0.000000   0.822207 f
  table_i/U3794/A (BUFX2)                                       0.015085  0.000000   0.822207 f
  table_i/U3794/Y (BUFX2)                                       0.005924  0.036217   0.858424 f
  table_i/n5220 (net)                           2     0.004487            0.000000   0.858424 f
  table_i/U6046/A (INVX1)                                       0.005924  0.000000   0.858424 f
  table_i/U6046/Y (INVX1)                                       0.000000  0.001844   0.860268 r
  table_i/n6630 (net)                           1     0.002961            0.000000   0.860268 r
  table_i/U4616/C (NAND3X1)                                     0.000000  0.000000   0.860268 r
  table_i/U4616/Y (NAND3X1)                                     0.014656  0.006604   0.866873 f
  table_i/n2861 (net)                           1     0.001504            0.000000   0.866873 f
  table_i/U5102/A (BUFX2)                                       0.014656  0.000000   0.866873 f
  table_i/U5102/Y (BUFX2)                                       0.010022  0.039268   0.906141 f
  table_i/n5702 (net)                           3     0.007498            0.000000   0.906141 f
  table_i/U5961/A (INVX1)                                       0.010022  0.000000   0.906141 f
  table_i/U5961/Y (INVX1)                                       0.003506  0.018326   0.924467 r
  table_i/n6629 (net)                           3     0.007595            0.000000   0.924467 r
  table_i/U136/A (AND2X1)                                       0.003506  0.000000   0.924467 r
  table_i/U136/Y (AND2X1)                                       0.030971  0.028475   0.952941 r
  table_i/n2862 (net)                           1     0.001551            0.000000   0.952941 r
  table_i/U137/A (INVX1)                                        0.030971  0.000000   0.952941 r
  table_i/U137/Y (INVX1)                                        0.015716  0.025157   0.978099 f
  table_i/n24 (net)                             2     0.004029            0.000000   0.978099 f
  table_i/U4614/A (NAND3X1)                                     0.015716  0.000000   0.978099 f
  table_i/U4614/Y (NAND3X1)                                     0.033817  0.035873   1.013972 r
  table_i/n2850 (net)                           1     0.001539            0.000000   1.013972 r
  table_i/U138/A (BUFX2)                                        0.033817  0.000000   1.013972 r
  table_i/U138/Y (BUFX2)                                        0.015072  0.038671   1.052644 r
  table_i/n25 (net)                             2     0.004759            0.000000   1.052644 r
  table_i/U5616/A (AND2X2)                                      0.015072  0.000000   1.052644 r
  table_i/U5616/Y (AND2X2)                                      0.006381  0.031879   1.084523 r
  table_i/n2857 (net)                           1     0.001551            0.000000   1.084523 r
  table_i/U5617/A (INVX1)                                       0.006381  0.000000   1.084523 r
  table_i/U5617/Y (INVX1)                                       0.031580  0.028229   1.112751 f
  table_i/n5967 (net)                           3     0.008765            0.000000   1.112751 f
  table_i/U4612/C (NOR3X1)                                      0.031580  0.000000   1.112751 f
  table_i/U4612/Y (NOR3X1)                                      0.084812  0.051515   1.164266 r
  table_i/n2840 (net)                           3     0.009190            0.000000   1.164266 r
  table_i/U4611/B (NOR3X1)                                      0.084812  0.000000   1.164266 r
  table_i/U4611/Y (NOR3X1)                                      0.041248  0.057052   1.221318 f
  table_i/n2860 (net)                           3     0.007535            0.000000   1.221318 f
  table_i/U5867/A (AND2X1)                                      0.041248  0.000000   1.221318 f
  table_i/U5867/Y (AND2X1)                                      0.032547  0.048331   1.269649 f
  table_i/n2854 (net)                           3     0.007713            0.000000   1.269649 f
  table_i/U5868/A (INVX1)                                       0.032547  0.000000   1.269649 f
  table_i/U5868/Y (INVX1)                                       0.007588  0.026699   1.296348 r
  table_i/n6094 (net)                           3     0.007723            0.000000   1.296348 r
  table_i/U4609/A (NAND3X1)                                     0.007588  0.000000   1.296348 r
  table_i/U4609/Y (NAND3X1)                                     0.015697  0.016344   1.312692 f
  table_i/n2858 (net)                           1     0.001504            0.000000   1.312692 f
  table_i/U97/A (BUFX2)                                         0.015697  0.000000   1.312692 f
  table_i/U97/Y (BUFX2)                                         0.004934  0.035506   1.348198 f
  table_i/n4 (net)                              2     0.003685            0.000000   1.348198 f
  table_i/U4608/A (NAND3X1)                                     0.004934  0.000000   1.348198 f
  table_i/U4608/Y (NAND3X1)                                     0.033628  0.032540   1.380738 r
  table_i/n2859 (net)                           1     0.001551            0.000000   1.380738 r
  table_i/U6049/A (INVX1)                                       0.033628  0.000000   1.380738 r
  table_i/U6049/Y (INVX1)                                       0.017551  0.027258   1.407996 f
  table_i/n6627 (net)                           2     0.004703            0.000000   1.407996 f
  table_i/U5611/A (AND2X1)                                      0.017551  0.000000   1.407996 f
  table_i/U5611/Y (AND2X1)                                      0.021607  0.036418   1.444413 f
  table_i/n2853 (net)                           2     0.003790            0.000000   1.444413 f
  table_i/U5612/A (INVX1)                                       0.021607  0.000000   1.444413 f
  table_i/U5612/Y (INVX1)                                       0.000000  0.013491   1.457904 r
  table_i/n5964 (net)                           2     0.004839            0.000000   1.457904 r
  table_i/U4606/A (NAND3X1)                                     0.000000  0.000000   1.457904 r
  table_i/U4606/Y (NAND3X1)                                     0.015703  0.015351   1.473255 f
  table_i/n2843 (net)                           1     0.001504            0.000000   1.473255 f
  table_i/U96/A (BUFX2)                                         0.015703  0.000000   1.473255 f
  table_i/U96/Y (BUFX2)                                         0.004406  0.035109   1.508364 f
  table_i/n3 (net)                              2     0.003303            0.000000   1.508364 f
  table_i/U139/A (INVX1)                                        0.004406  0.000000   1.508364 f
  table_i/U139/Y (INVX1)                                        0.000000  -0.000109  1.508255 r
  table_i/n26 (net)                             1     0.002525            0.000000   1.508255 r
  table_i/U87/A (OR2X1)                                         0.000000  0.000000   1.508255 r
  table_i/U87/Y (OR2X1)                                         0.023956  0.039048   1.547303 r
  table_i/n1 (net)                              1     0.002424            0.000000   1.547303 r
  table_i/U88/B (OR2X1)                                         0.023956  0.000000   1.547303 r
  table_i/U88/Y (OR2X1)                                         0.036229  0.060705   1.608008 r
  table_i/n2 (net)                              2     0.005712            0.000000   1.608008 r
  table_i/U25/B (OR2X1)                                         0.036229  0.000000   1.608008 r
  table_i/U25/Y (OR2X1)                                         0.027282  0.053857   1.661865 r
  table_i/n2856 (net)                           1     0.003288            0.000000   1.661865 r
  table_i/U4604/C (NOR3X1)                                      0.027282  0.000000   1.661865 r
  table_i/U4604/Y (NOR3X1)                                      0.032191  0.027151   1.689016 f
  table_i/n2855 (net)                           2     0.003743            0.000000   1.689016 f
  table_i/U6048/A (AND2X1)                                      0.032191  0.000000   1.689016 f
  table_i/U6048/Y (AND2X1)                                      0.022970  0.040315   1.729331 f
  table_i/n2835 (net)                           2     0.004550            0.000000   1.729331 f
  table_i/U5865/A (AND2X1)                                      0.022970  0.000000   1.729331 f
  table_i/U5865/Y (AND2X1)                                      0.030158  0.043676   1.773007 f
  table_i/n2834 (net)                           3     0.006855            0.000000   1.773007 f
  table_i/U5866/A (INVX1)                                       0.030158  0.000000   1.773007 f
  table_i/U5866/Y (INVX1)                                       0.005456  0.024732   1.797738 r
  table_i/n6093 (net)                           3     0.007376            0.000000   1.797738 r
  table_i/U4592/A (AOI21X1)                                     0.005456  0.000000   1.797738 r
  table_i/U4592/Y (AOI21X1)                                     0.014707  0.013244   1.810982 f
  table_i/n6699 (net)                           1     0.001504            0.000000   1.810982 f
  table_i/U5615/A (BUFX2)                                       0.014707  0.000000   1.810982 f
  table_i/U5615/Y (BUFX2)                                       0.016046  0.043790   1.854772 f
  table_i/req_ready (net)                       2     0.011827            0.000000   1.854772 f
  table_i/U95/B (AND2X1)                                        0.016046  0.000000   1.854772 f
  table_i/U95/Y (AND2X1)                                        0.014851  0.042803   1.897575 f
  table_i/n6153 (net)                           1     0.001476            0.000000   1.897575 f
  table_i/U6275/A (INVX1)                                       0.014851  0.000000   1.897575 f
  table_i/U6275/Y (INVX1)                                       0.199558  0.143745   2.041320 r
  table_i/n6193 (net)                          19     0.045760            0.000000   2.041320 r
  table_i/U6181/A (INVX1)                                       0.199558  0.000000   2.041320 r
  table_i/U6181/Y (INVX1)                                       0.096616  0.132600   2.173920 f
  table_i/n6626 (net)                          18     0.034515            0.000000   2.173920 f
  table_i/U5984/B (AND2X1)                                      0.096616  0.000000   2.173920 f
  table_i/U5984/Y (AND2X1)                                      0.010139  0.052686   2.226606 f
  table_i/n6132 (net)                           1     0.001476            0.000000   2.226606 f
  table_i/U5952/A (INVX1)                                       0.010139  0.000000   2.226606 f
  table_i/U5952/Y (INVX1)                                       0.384291  0.259298   2.485904 r
  table_i/n6383 (net)                          31     0.081891            0.000000   2.485904 r
  table_i/U4648/B (AND2X1)                                      0.384291  0.000000   2.485904 r
  table_i/U4648/Y (AND2X1)                                      0.644111  0.434536   2.920440 r
  table_i/n1170 (net)                          54     0.136226            0.000000   2.920440 r
  table_i/U4649/A (INVX1)                                       0.644111  0.000000   2.920440 r
  table_i/U4649/Y (INVX1)                                       0.178534  0.174475   3.094915 f
  table_i/n5465 (net)                           3     0.005265            0.000000   3.094915 f
  table_i/U5919/A (INVX1)                                       0.178534  0.000000   3.094915 f
  table_i/U5919/Y (INVX1)                                       0.427714  0.339662   3.434577 r
  table_i/n6355 (net)                          36     0.089484            0.000000   3.434577 r
  table_i/U2888/A (OAI21X1)                                     0.427714  0.000000   3.434577 r
  table_i/U2888/Y (OAI21X1)                                     0.068415  0.114461   3.549038 f
  table_i/n3834 (net)                           1     0.001290            0.000000   3.549038 f
  table_i/write_data_reg[37]/D (DFFPOSX1)                       0.068415  0.000000   3.549038 f
  data arrival time                                                                  3.549038

  clock core_clk (rise edge)                                              4.000000   4.000000
  clock network delay (ideal)                                             0.000000   4.000000
  clock uncertainty                                                       -0.100000  3.900000
  table_i/write_data_reg[37]/CLK (DFFPOSX1)                               0.000000   3.900000 r
  library setup time                                                      -0.068941  3.831059
  data required time                                                                 3.831059
  ----------------------------------------------------------------------------------------------
  data required time                                                                 3.831059
  data arrival time                                                                  -3.549038
  ----------------------------------------------------------------------------------------------
  slack (MET)                                                                        0.282022


  Startpoint: table_i/occupied_reg[0]
              (rising edge-triggered flip-flop clocked by core_clk)
  Endpoint: table_i/write_data_reg[36]
            (rising edge-triggered flip-flop clocked by core_clk)
  Path Group: core_clk
  Path Type: max

  Point                                       Fanout       Cap     Trans      Incr       Path
  ----------------------------------------------------------------------------------------------
  clock core_clk (rise edge)                                              0.000000   0.000000
  clock network delay (ideal)                                             0.000000   0.000000
  table_i/occupied_reg[0]/CLK (DFFPOSX1)                        0.000000  0.000000 # 0.000000 r
  table_i/occupied_reg[0]/Q (DFFPOSX1)                          0.118814  0.133234   0.133234 r
  table_i/occupied[0] (net)                    18     0.048343            0.000000   0.133234 r
  table_i/U6410/A (INVX1)                                       0.118814  0.000000   0.133234 r
  table_i/U6410/Y (INVX1)                                       0.011977  0.050524   0.183758 f
  table_i/n6632 (net)                           2     0.004820            0.000000   0.183758 f
  table_i/U5873/B (OR2X1)                                       0.011977  0.000000   0.183758 f
  table_i/U5873/Y (OR2X1)                                       0.010774  0.047123   0.230881 f
  table_i/n2863 (net)                           1     0.001476            0.000000   0.230881 f
  table_i/U5874/A (INVX1)                                       0.010774  0.000000   0.230881 f
  table_i/U5874/Y (INVX1)                                       0.032235  0.036700   0.267581 r
  table_i/n6097 (net)                           5     0.013180            0.000000   0.267581 r
  table_i/U5599/A (AND2X1)                                      0.032235  0.000000   0.267581 r
  table_i/U5599/Y (AND2X1)                                      0.030904  0.028200   0.295781 r
  table_i/n2868 (net)                           1     0.001551            0.000000   0.295781 r
  table_i/U5600/A (INVX1)                                       0.030904  0.000000   0.295781 r
  table_i/U5600/Y (INVX1)                                       0.015875  0.025244   0.321026 f
  table_i/n5958 (net)                           2     0.004080            0.000000   0.321026 f
  table_i/U4623/A (NAND3X1)                                     0.015875  0.000000   0.321026 f
  table_i/U4623/Y (NAND3X1)                                     0.033832  0.035923   0.356949 r
  table_i/n2852 (net)                           1     0.001539            0.000000   0.356949 r
  table_i/U3790/A (BUFX2)                                       0.033832  0.000000   0.356949 r
  table_i/U3790/Y (BUFX2)                                       0.013798  0.037829   0.394778 r
  table_i/n5218 (net)                           2     0.004212            0.000000   0.394778 r
  table_i/U2555/B (AND2X1)                                      0.013798  0.000000   0.394778 r
  table_i/U2555/Y (AND2X1)                                      0.076071  0.070341   0.465119 r
  table_i/n2837 (net)                           4     0.011302            0.000000   0.465119 r
  table_i/U4622/C (NAND3X1)                                     0.076071  0.000000   0.465119 r
  table_i/U4622/Y (NAND3X1)                                     0.015681  0.024367   0.489486 f
  table_i/n2865 (net)                           1     0.001504            0.000000   0.489486 f
  table_i/U4221/A (BUFX2)                                       0.015681  0.000000   0.489486 f
  table_i/U4221/Y (BUFX2)                                       0.006021  0.036323   0.525808 f
  table_i/n5338 (net)                           2     0.004471            0.000000   0.525808 f
  table_i/U4621/B (NAND3X1)                                     0.006021  0.000000   0.525808 f
  table_i/U4621/Y (NAND3X1)                                     0.034117  0.028803   0.554611 r
  table_i/n2867 (net)                           1     0.001551            0.000000   0.554611 r
  table_i/U6047/A (INVX1)                                       0.034117  0.000000   0.554611 r
  table_i/U6047/Y (INVX1)                                       0.022987  0.031133   0.585744 f
  table_i/n6631 (net)                           3     0.006530            0.000000   0.585744 f
  table_i/U5624/A (AND2X1)                                      0.022987  0.000000   0.585744 f
  table_i/U5624/Y (AND2X1)                                      0.015148  0.032445   0.618189 f
  table_i/n2851 (net)                           1     0.001476            0.000000   0.618189 f
  table_i/U5625/A (INVX1)                                       0.015148  0.000000   0.618189 f
  table_i/U5625/Y (INVX1)                                       0.012682  0.025455   0.643644 r
  table_i/n5971 (net)                           4     0.009236            0.000000   0.643644 r
  table_i/U4619/A (NAND3X1)                                     0.012682  0.000000   0.643644 r
  table_i/U4619/Y (NAND3X1)                                     0.015687  0.017011   0.660656 f
  table_i/n2842 (net)                           1     0.001504            0.000000   0.660656 f
  table_i/U4650/A (BUFX2)                                       0.015687  0.000000   0.660656 f
  table_i/U4650/Y (BUFX2)                                       0.008546  0.038222   0.698877 f
  table_i/n5466 (net)                           3     0.006291            0.000000   0.698877 f
  table_i/U2951/A (AND2X1)                                      0.008546  0.000000   0.698877 f
  table_i/U2951/Y (AND2X1)                                      0.018226  0.032993   0.731870 f
  table_i/n2866 (net)                           1     0.002832            0.000000   0.731870 f
  table_i/U4618/C (NAND3X1)                                     0.018226  0.000000   0.731870 f
  table_i/U4618/Y (NAND3X1)                                     0.033832  0.029868   0.761738 r
  table_i/n2841 (net)                           1     0.001539            0.000000   0.761738 r
  table_i/U5341/A (BUFX2)                                       0.033832  0.000000   0.761738 r
  table_i/U5341/Y (BUFX2)                                       0.020721  0.042405   0.804143 r
  table_i/n5826 (net)                           3     0.007178            0.000000   0.804143 r
  table_i/U4617/A (NAND3X1)                                     0.020721  0.000000   0.804143 r
  table_i/U4617/Y (NAND3X1)                                     0.015085  0.018064   0.822207 f
  table_i/n2844 (net)                           1     0.001504            0.000000   0.822207 f
  table_i/U3794/A (BUFX2)                                       0.015085  0.000000   0.822207 f
  table_i/U3794/Y (BUFX2)                                       0.005924  0.036217   0.858424 f
  table_i/n5220 (net)                           2     0.004487            0.000000   0.858424 f
  table_i/U6046/A (INVX1)                                       0.005924  0.000000   0.858424 f
  table_i/U6046/Y (INVX1)                                       0.000000  0.001844   0.860268 r
  table_i/n6630 (net)                           1     0.002961            0.000000   0.860268 r
  table_i/U4616/C (NAND3X1)                                     0.000000  0.000000   0.860268 r
  table_i/U4616/Y (NAND3X1)                                     0.014656  0.006604   0.866873 f
  table_i/n2861 (net)                           1     0.001504            0.000000   0.866873 f
  table_i/U5102/A (BUFX2)                                       0.014656  0.000000   0.866873 f
  table_i/U5102/Y (BUFX2)                                       0.010022  0.039268   0.906141 f
  table_i/n5702 (net)                           3     0.007498            0.000000   0.906141 f
  table_i/U5961/A (INVX1)                                       0.010022  0.000000   0.906141 f
  table_i/U5961/Y (INVX1)                                       0.003506  0.018326   0.924467 r
  table_i/n6629 (net)                           3     0.007595            0.000000   0.924467 r
  table_i/U136/A (AND2X1)                                       0.003506  0.000000   0.924467 r
  table_i/U136/Y (AND2X1)                                       0.030971  0.028475   0.952941 r
  table_i/n2862 (net)                           1     0.001551            0.000000   0.952941 r
  table_i/U137/A (INVX1)                                        0.030971  0.000000   0.952941 r
  table_i/U137/Y (INVX1)                                        0.015716  0.025157   0.978099 f
  table_i/n24 (net)                             2     0.004029            0.000000   0.978099 f
  table_i/U4614/A (NAND3X1)                                     0.015716  0.000000   0.978099 f
  table_i/U4614/Y (NAND3X1)                                     0.033817  0.035873   1.013972 r
  table_i/n2850 (net)                           1     0.001539            0.000000   1.013972 r
  table_i/U138/A (BUFX2)                                        0.033817  0.000000   1.013972 r
  table_i/U138/Y (BUFX2)                                        0.015072  0.038671   1.052644 r
  table_i/n25 (net)                             2     0.004759            0.000000   1.052644 r
  table_i/U5616/A (AND2X2)                                      0.015072  0.000000   1.052644 r
  table_i/U5616/Y (AND2X2)                                      0.006381  0.031879   1.084523 r
  table_i/n2857 (net)                           1     0.001551            0.000000   1.084523 r
  table_i/U5617/A (INVX1)                                       0.006381  0.000000   1.084523 r
  table_i/U5617/Y (INVX1)                                       0.031580  0.028229   1.112751 f
  table_i/n5967 (net)                           3     0.008765            0.000000   1.112751 f
  table_i/U4612/C (NOR3X1)                                      0.031580  0.000000   1.112751 f
  table_i/U4612/Y (NOR3X1)                                      0.084812  0.051515   1.164266 r
  table_i/n2840 (net)                           3     0.009190            0.000000   1.164266 r
  table_i/U4611/B (NOR3X1)                                      0.084812  0.000000   1.164266 r
  table_i/U4611/Y (NOR3X1)                                      0.041248  0.057052   1.221318 f
  table_i/n2860 (net)                           3     0.007535            0.000000   1.221318 f
  table_i/U5867/A (AND2X1)                                      0.041248  0.000000   1.221318 f
  table_i/U5867/Y (AND2X1)                                      0.032547  0.048331   1.269649 f
  table_i/n2854 (net)                           3     0.007713            0.000000   1.269649 f
  table_i/U5868/A (INVX1)                                       0.032547  0.000000   1.269649 f
  table_i/U5868/Y (INVX1)                                       0.007588  0.026699   1.296348 r
  table_i/n6094 (net)                           3     0.007723            0.000000   1.296348 r
  table_i/U4609/A (NAND3X1)                                     0.007588  0.000000   1.296348 r
  table_i/U4609/Y (NAND3X1)                                     0.015697  0.016344   1.312692 f
  table_i/n2858 (net)                           1     0.001504            0.000000   1.312692 f
  table_i/U97/A (BUFX2)                                         0.015697  0.000000   1.312692 f
  table_i/U97/Y (BUFX2)                                         0.004934  0.035506   1.348198 f
  table_i/n4 (net)                              2     0.003685            0.000000   1.348198 f
  table_i/U4608/A (NAND3X1)                                     0.004934  0.000000   1.348198 f
  table_i/U4608/Y (NAND3X1)                                     0.033628  0.032540   1.380738 r
  table_i/n2859 (net)                           1     0.001551            0.000000   1.380738 r
  table_i/U6049/A (INVX1)                                       0.033628  0.000000   1.380738 r
  table_i/U6049/Y (INVX1)                                       0.017551  0.027258   1.407996 f
  table_i/n6627 (net)                           2     0.004703            0.000000   1.407996 f
  table_i/U5611/A (AND2X1)                                      0.017551  0.000000   1.407996 f
  table_i/U5611/Y (AND2X1)                                      0.021607  0.036418   1.444413 f
  table_i/n2853 (net)                           2     0.003790            0.000000   1.444413 f
  table_i/U5612/A (INVX1)                                       0.021607  0.000000   1.444413 f
  table_i/U5612/Y (INVX1)                                       0.000000  0.013491   1.457904 r
  table_i/n5964 (net)                           2     0.004839            0.000000   1.457904 r
  table_i/U4606/A (NAND3X1)                                     0.000000  0.000000   1.457904 r
  table_i/U4606/Y (NAND3X1)                                     0.015703  0.015351   1.473255 f
  table_i/n2843 (net)                           1     0.001504            0.000000   1.473255 f
  table_i/U96/A (BUFX2)                                         0.015703  0.000000   1.473255 f
  table_i/U96/Y (BUFX2)                                         0.004406  0.035109   1.508364 f
  table_i/n3 (net)                              2     0.003303            0.000000   1.508364 f
  table_i/U139/A (INVX1)                                        0.004406  0.000000   1.508364 f
  table_i/U139/Y (INVX1)                                        0.000000  -0.000109  1.508255 r
  table_i/n26 (net)                             1     0.002525            0.000000   1.508255 r
  table_i/U87/A (OR2X1)                                         0.000000  0.000000   1.508255 r
  table_i/U87/Y (OR2X1)                                         0.023956  0.039048   1.547303 r
  table_i/n1 (net)                              1     0.002424            0.000000   1.547303 r
  table_i/U88/B (OR2X1)                                         0.023956  0.000000   1.547303 r
  table_i/U88/Y (OR2X1)                                         0.036229  0.060705   1.608008 r
  table_i/n2 (net)                              2     0.005712            0.000000   1.608008 r
  table_i/U25/B (OR2X1)                                         0.036229  0.000000   1.608008 r
  table_i/U25/Y (OR2X1)                                         0.027282  0.053857   1.661865 r
  table_i/n2856 (net)                           1     0.003288            0.000000   1.661865 r
  table_i/U4604/C (NOR3X1)                                      0.027282  0.000000   1.661865 r
  table_i/U4604/Y (NOR3X1)                                      0.032191  0.027151   1.689016 f
  table_i/n2855 (net)                           2     0.003743            0.000000   1.689016 f
  table_i/U6048/A (AND2X1)                                      0.032191  0.000000   1.689016 f
  table_i/U6048/Y (AND2X1)                                      0.022970  0.040315   1.729331 f
  table_i/n2835 (net)                           2     0.004550            0.000000   1.729331 f
  table_i/U5865/A (AND2X1)                                      0.022970  0.000000   1.729331 f
  table_i/U5865/Y (AND2X1)                                      0.030158  0.043676   1.773007 f
  table_i/n2834 (net)                           3     0.006855            0.000000   1.773007 f
  table_i/U5866/A (INVX1)                                       0.030158  0.000000   1.773007 f
  table_i/U5866/Y (INVX1)                                       0.005456  0.024732   1.797738 r
  table_i/n6093 (net)                           3     0.007376            0.000000   1.797738 r
  table_i/U4592/A (AOI21X1)                                     0.005456  0.000000   1.797738 r
  table_i/U4592/Y (AOI21X1)                                     0.014707  0.013244   1.810982 f
  table_i/n6699 (net)                           1     0.001504            0.000000   1.810982 f
  table_i/U5615/A (BUFX2)                                       0.014707  0.000000   1.810982 f
  table_i/U5615/Y (BUFX2)                                       0.016046  0.043790   1.854772 f
  table_i/req_ready (net)                       2     0.011827            0.000000   1.854772 f
  table_i/U95/B (AND2X1)                                        0.016046  0.000000   1.854772 f
  table_i/U95/Y (AND2X1)                                        0.014851  0.042803   1.897575 f
  table_i/n6153 (net)                           1     0.001476            0.000000   1.897575 f
  table_i/U6275/A (INVX1)                                       0.014851  0.000000   1.897575 f
  table_i/U6275/Y (INVX1)                                       0.199558  0.143745   2.041320 r
  table_i/n6193 (net)                          19     0.045760            0.000000   2.041320 r
  table_i/U6181/A (INVX1)                                       0.199558  0.000000   2.041320 r
  table_i/U6181/Y (INVX1)                                       0.096616  0.132600   2.173920 f
  table_i/n6626 (net)                          18     0.034515            0.000000   2.173920 f
  table_i/U5984/B (AND2X1)                                      0.096616  0.000000   2.173920 f
  table_i/U5984/Y (AND2X1)                                      0.010139  0.052686   2.226606 f
  table_i/n6132 (net)                           1     0.001476            0.000000   2.226606 f
  table_i/U5952/A (INVX1)                                       0.010139  0.000000   2.226606 f
  table_i/U5952/Y (INVX1)                                       0.384291  0.259298   2.485904 r
  table_i/n6383 (net)                          31     0.081891            0.000000   2.485904 r
  table_i/U4648/B (AND2X1)                                      0.384291  0.000000   2.485904 r
  table_i/U4648/Y (AND2X1)                                      0.644111  0.434536   2.920440 r
  table_i/n1170 (net)                          54     0.136226            0.000000   2.920440 r
  table_i/U4649/A (INVX1)                                       0.644111  0.000000   2.920440 r
  table_i/U4649/Y (INVX1)                                       0.178534  0.174475   3.094915 f
  table_i/n5465 (net)                           3     0.005265            0.000000   3.094915 f
  table_i/U5919/A (INVX1)                                       0.178534  0.000000   3.094915 f
  table_i/U5919/Y (INVX1)                                       0.427714  0.339662   3.434577 r
  table_i/n6355 (net)                          36     0.089484            0.000000   3.434577 r
  table_i/U2886/A (OAI21X1)                                     0.427714  0.000000   3.434577 r
  table_i/U2886/Y (OAI21X1)                                     0.068415  0.114461   3.549038 f
  table_i/n3833 (net)                           1     0.001290            0.000000   3.549038 f
  table_i/write_data_reg[36]/D (DFFPOSX1)                       0.068415  0.000000   3.549038 f
  data arrival time                                                                  3.549038

  clock core_clk (rise edge)                                              4.000000   4.000000
  clock network delay (ideal)                                             0.000000   4.000000
  clock uncertainty                                                       -0.100000  3.900000
  table_i/write_data_reg[36]/CLK (DFFPOSX1)                               0.000000   3.900000 r
  library setup time                                                      -0.068941  3.831059
  data required time                                                                 3.831059
  ----------------------------------------------------------------------------------------------
  data required time                                                                 3.831059
  data arrival time                                                                  -3.549038
  ----------------------------------------------------------------------------------------------
  slack (MET)                                                                        0.282022


  Startpoint: table_i/occupied_reg[0]
              (rising edge-triggered flip-flop clocked by core_clk)
  Endpoint: table_i/write_data_reg[35]
            (rising edge-triggered flip-flop clocked by core_clk)
  Path Group: core_clk
  Path Type: max

  Point                                       Fanout       Cap     Trans      Incr       Path
  ----------------------------------------------------------------------------------------------
  clock core_clk (rise edge)                                              0.000000   0.000000
  clock network delay (ideal)                                             0.000000   0.000000
  table_i/occupied_reg[0]/CLK (DFFPOSX1)                        0.000000  0.000000 # 0.000000 r
  table_i/occupied_reg[0]/Q (DFFPOSX1)                          0.118814  0.133234   0.133234 r
  table_i/occupied[0] (net)                    18     0.048343            0.000000   0.133234 r
  table_i/U6410/A (INVX1)                                       0.118814  0.000000   0.133234 r
  table_i/U6410/Y (INVX1)                                       0.011977  0.050524   0.183758 f
  table_i/n6632 (net)                           2     0.004820            0.000000   0.183758 f
  table_i/U5873/B (OR2X1)                                       0.011977  0.000000   0.183758 f
  table_i/U5873/Y (OR2X1)                                       0.010774  0.047123   0.230881 f
  table_i/n2863 (net)                           1     0.001476            0.000000   0.230881 f
  table_i/U5874/A (INVX1)                                       0.010774  0.000000   0.230881 f
  table_i/U5874/Y (INVX1)                                       0.032235  0.036700   0.267581 r
  table_i/n6097 (net)                           5     0.013180            0.000000   0.267581 r
  table_i/U5599/A (AND2X1)                                      0.032235  0.000000   0.267581 r
  table_i/U5599/Y (AND2X1)                                      0.030904  0.028200   0.295781 r
  table_i/n2868 (net)                           1     0.001551            0.000000   0.295781 r
  table_i/U5600/A (INVX1)                                       0.030904  0.000000   0.295781 r
  table_i/U5600/Y (INVX1)                                       0.015875  0.025244   0.321026 f
  table_i/n5958 (net)                           2     0.004080            0.000000   0.321026 f
  table_i/U4623/A (NAND3X1)                                     0.015875  0.000000   0.321026 f
  table_i/U4623/Y (NAND3X1)                                     0.033832  0.035923   0.356949 r
  table_i/n2852 (net)                           1     0.001539            0.000000   0.356949 r
  table_i/U3790/A (BUFX2)                                       0.033832  0.000000   0.356949 r
  table_i/U3790/Y (BUFX2)                                       0.013798  0.037829   0.394778 r
  table_i/n5218 (net)                           2     0.004212            0.000000   0.394778 r
  table_i/U2555/B (AND2X1)                                      0.013798  0.000000   0.394778 r
  table_i/U2555/Y (AND2X1)                                      0.076071  0.070341   0.465119 r
  table_i/n2837 (net)                           4     0.011302            0.000000   0.465119 r
  table_i/U4622/C (NAND3X1)                                     0.076071  0.000000   0.465119 r
  table_i/U4622/Y (NAND3X1)                                     0.015681  0.024367   0.489486 f
  table_i/n2865 (net)                           1     0.001504            0.000000   0.489486 f
  table_i/U4221/A (BUFX2)                                       0.015681  0.000000   0.489486 f
  table_i/U4221/Y (BUFX2)                                       0.006021  0.036323   0.525808 f
  table_i/n5338 (net)                           2     0.004471            0.000000   0.525808 f
  table_i/U4621/B (NAND3X1)                                     0.006021  0.000000   0.525808 f
  table_i/U4621/Y (NAND3X1)                                     0.034117  0.028803   0.554611 r
  table_i/n2867 (net)                           1     0.001551            0.000000   0.554611 r
  table_i/U6047/A (INVX1)                                       0.034117  0.000000   0.554611 r
  table_i/U6047/Y (INVX1)                                       0.022987  0.031133   0.585744 f
  table_i/n6631 (net)                           3     0.006530            0.000000   0.585744 f
  table_i/U5624/A (AND2X1)                                      0.022987  0.000000   0.585744 f
  table_i/U5624/Y (AND2X1)                                      0.015148  0.032445   0.618189 f
  table_i/n2851 (net)                           1     0.001476            0.000000   0.618189 f
  table_i/U5625/A (INVX1)                                       0.015148  0.000000   0.618189 f
  table_i/U5625/Y (INVX1)                                       0.012682  0.025455   0.643644 r
  table_i/n5971 (net)                           4     0.009236            0.000000   0.643644 r
  table_i/U4619/A (NAND3X1)                                     0.012682  0.000000   0.643644 r
  table_i/U4619/Y (NAND3X1)                                     0.015687  0.017011   0.660656 f
  table_i/n2842 (net)                           1     0.001504            0.000000   0.660656 f
  table_i/U4650/A (BUFX2)                                       0.015687  0.000000   0.660656 f
  table_i/U4650/Y (BUFX2)                                       0.008546  0.038222   0.698877 f
  table_i/n5466 (net)                           3     0.006291            0.000000   0.698877 f
  table_i/U2951/A (AND2X1)                                      0.008546  0.000000   0.698877 f
  table_i/U2951/Y (AND2X1)                                      0.018226  0.032993   0.731870 f
  table_i/n2866 (net)                           1     0.002832            0.000000   0.731870 f
  table_i/U4618/C (NAND3X1)                                     0.018226  0.000000   0.731870 f
  table_i/U4618/Y (NAND3X1)                                     0.033832  0.029868   0.761738 r
  table_i/n2841 (net)                           1     0.001539            0.000000   0.761738 r
  table_i/U5341/A (BUFX2)                                       0.033832  0.000000   0.761738 r
  table_i/U5341/Y (BUFX2)                                       0.020721  0.042405   0.804143 r
  table_i/n5826 (net)                           3     0.007178            0.000000   0.804143 r
  table_i/U4617/A (NAND3X1)                                     0.020721  0.000000   0.804143 r
  table_i/U4617/Y (NAND3X1)                                     0.015085  0.018064   0.822207 f
  table_i/n2844 (net)                           1     0.001504            0.000000   0.822207 f
  table_i/U3794/A (BUFX2)                                       0.015085  0.000000   0.822207 f
  table_i/U3794/Y (BUFX2)                                       0.005924  0.036217   0.858424 f
  table_i/n5220 (net)                           2     0.004487            0.000000   0.858424 f
  table_i/U6046/A (INVX1)                                       0.005924  0.000000   0.858424 f
  table_i/U6046/Y (INVX1)                                       0.000000  0.001844   0.860268 r
  table_i/n6630 (net)                           1     0.002961            0.000000   0.860268 r
  table_i/U4616/C (NAND3X1)                                     0.000000  0.000000   0.860268 r
  table_i/U4616/Y (NAND3X1)                                     0.014656  0.006604   0.866873 f
  table_i/n2861 (net)                           1     0.001504            0.000000   0.866873 f
  table_i/U5102/A (BUFX2)                                       0.014656  0.000000   0.866873 f
  table_i/U5102/Y (BUFX2)                                       0.010022  0.039268   0.906141 f
  table_i/n5702 (net)                           3     0.007498            0.000000   0.906141 f
  table_i/U5961/A (INVX1)                                       0.010022  0.000000   0.906141 f
  table_i/U5961/Y (INVX1)                                       0.003506  0.018326   0.924467 r
  table_i/n6629 (net)                           3     0.007595            0.000000   0.924467 r
  table_i/U136/A (AND2X1)                                       0.003506  0.000000   0.924467 r
  table_i/U136/Y (AND2X1)                                       0.030971  0.028475   0.952941 r
  table_i/n2862 (net)                           1     0.001551            0.000000   0.952941 r
  table_i/U137/A (INVX1)                                        0.030971  0.000000   0.952941 r
  table_i/U137/Y (INVX1)                                        0.015716  0.025157   0.978099 f
  table_i/n24 (net)                             2     0.004029            0.000000   0.978099 f
  table_i/U4614/A (NAND3X1)                                     0.015716  0.000000   0.978099 f
  table_i/U4614/Y (NAND3X1)                                     0.033817  0.035873   1.013972 r
  table_i/n2850 (net)                           1     0.001539            0.000000   1.013972 r
  table_i/U138/A (BUFX2)                                        0.033817  0.000000   1.013972 r
  table_i/U138/Y (BUFX2)                                        0.015072  0.038671   1.052644 r
  table_i/n25 (net)                             2     0.004759            0.000000   1.052644 r
  table_i/U5616/A (AND2X2)                                      0.015072  0.000000   1.052644 r
  table_i/U5616/Y (AND2X2)                                      0.006381  0.031879   1.084523 r
  table_i/n2857 (net)                           1     0.001551            0.000000   1.084523 r
  table_i/U5617/A (INVX1)                                       0.006381  0.000000   1.084523 r
  table_i/U5617/Y (INVX1)                                       0.031580  0.028229   1.112751 f
  table_i/n5967 (net)                           3     0.008765            0.000000   1.112751 f
  table_i/U4612/C (NOR3X1)                                      0.031580  0.000000   1.112751 f
  table_i/U4612/Y (NOR3X1)                                      0.084812  0.051515   1.164266 r
  table_i/n2840 (net)                           3     0.009190            0.000000   1.164266 r
  table_i/U4611/B (NOR3X1)                                      0.084812  0.000000   1.164266 r
  table_i/U4611/Y (NOR3X1)                                      0.041248  0.057052   1.221318 f
  table_i/n2860 (net)                           3     0.007535            0.000000   1.221318 f
  table_i/U5867/A (AND2X1)                                      0.041248  0.000000   1.221318 f
  table_i/U5867/Y (AND2X1)                                      0.032547  0.048331   1.269649 f
  table_i/n2854 (net)                           3     0.007713            0.000000   1.269649 f
  table_i/U5868/A (INVX1)                                       0.032547  0.000000   1.269649 f
  table_i/U5868/Y (INVX1)                                       0.007588  0.026699   1.296348 r
  table_i/n6094 (net)                           3     0.007723            0.000000   1.296348 r
  table_i/U4609/A (NAND3X1)                                     0.007588  0.000000   1.296348 r
  table_i/U4609/Y (NAND3X1)                                     0.015697  0.016344   1.312692 f
  table_i/n2858 (net)                           1     0.001504            0.000000   1.312692 f
  table_i/U97/A (BUFX2)                                         0.015697  0.000000   1.312692 f
  table_i/U97/Y (BUFX2)                                         0.004934  0.035506   1.348198 f
  table_i/n4 (net)                              2     0.003685            0.000000   1.348198 f
  table_i/U4608/A (NAND3X1)                                     0.004934  0.000000   1.348198 f
  table_i/U4608/Y (NAND3X1)                                     0.033628  0.032540   1.380738 r
  table_i/n2859 (net)                           1     0.001551            0.000000   1.380738 r
  table_i/U6049/A (INVX1)                                       0.033628  0.000000   1.380738 r
  table_i/U6049/Y (INVX1)                                       0.017551  0.027258   1.407996 f
  table_i/n6627 (net)                           2     0.004703            0.000000   1.407996 f
  table_i/U5611/A (AND2X1)                                      0.017551  0.000000   1.407996 f
  table_i/U5611/Y (AND2X1)                                      0.021607  0.036418   1.444413 f
  table_i/n2853 (net)                           2     0.003790            0.000000   1.444413 f
  table_i/U5612/A (INVX1)                                       0.021607  0.000000   1.444413 f
  table_i/U5612/Y (INVX1)                                       0.000000  0.013491   1.457904 r
  table_i/n5964 (net)                           2     0.004839            0.000000   1.457904 r
  table_i/U4606/A (NAND3X1)                                     0.000000  0.000000   1.457904 r
  table_i/U4606/Y (NAND3X1)                                     0.015703  0.015351   1.473255 f
  table_i/n2843 (net)                           1     0.001504            0.000000   1.473255 f
  table_i/U96/A (BUFX2)                                         0.015703  0.000000   1.473255 f
  table_i/U96/Y (BUFX2)                                         0.004406  0.035109   1.508364 f
  table_i/n3 (net)                              2     0.003303            0.000000   1.508364 f
  table_i/U139/A (INVX1)                                        0.004406  0.000000   1.508364 f
  table_i/U139/Y (INVX1)                                        0.000000  -0.000109  1.508255 r
  table_i/n26 (net)                             1     0.002525            0.000000   1.508255 r
  table_i/U87/A (OR2X1)                                         0.000000  0.000000   1.508255 r
  table_i/U87/Y (OR2X1)                                         0.023956  0.039048   1.547303 r
  table_i/n1 (net)                              1     0.002424            0.000000   1.547303 r
  table_i/U88/B (OR2X1)                                         0.023956  0.000000   1.547303 r
  table_i/U88/Y (OR2X1)                                         0.036229  0.060705   1.608008 r
  table_i/n2 (net)                              2     0.005712            0.000000   1.608008 r
  table_i/U25/B (OR2X1)                                         0.036229  0.000000   1.608008 r
  table_i/U25/Y (OR2X1)                                         0.027282  0.053857   1.661865 r
  table_i/n2856 (net)                           1     0.003288            0.000000   1.661865 r
  table_i/U4604/C (NOR3X1)                                      0.027282  0.000000   1.661865 r
  table_i/U4604/Y (NOR3X1)                                      0.032191  0.027151   1.689016 f
  table_i/n2855 (net)                           2     0.003743            0.000000   1.689016 f
  table_i/U6048/A (AND2X1)                                      0.032191  0.000000   1.689016 f
  table_i/U6048/Y (AND2X1)                                      0.022970  0.040315   1.729331 f
  table_i/n2835 (net)                           2     0.004550            0.000000   1.729331 f
  table_i/U5865/A (AND2X1)                                      0.022970  0.000000   1.729331 f
  table_i/U5865/Y (AND2X1)                                      0.030158  0.043676   1.773007 f
  table_i/n2834 (net)                           3     0.006855            0.000000   1.773007 f
  table_i/U5866/A (INVX1)                                       0.030158  0.000000   1.773007 f
  table_i/U5866/Y (INVX1)                                       0.005456  0.024732   1.797738 r
  table_i/n6093 (net)                           3     0.007376            0.000000   1.797738 r
  table_i/U4592/A (AOI21X1)                                     0.005456  0.000000   1.797738 r
  table_i/U4592/Y (AOI21X1)                                     0.014707  0.013244   1.810982 f
  table_i/n6699 (net)                           1     0.001504            0.000000   1.810982 f
  table_i/U5615/A (BUFX2)                                       0.014707  0.000000   1.810982 f
  table_i/U5615/Y (BUFX2)                                       0.016046  0.043790   1.854772 f
  table_i/req_ready (net)                       2     0.011827            0.000000   1.854772 f
  table_i/U95/B (AND2X1)                                        0.016046  0.000000   1.854772 f
  table_i/U95/Y (AND2X1)                                        0.014851  0.042803   1.897575 f
  table_i/n6153 (net)                           1     0.001476            0.000000   1.897575 f
  table_i/U6275/A (INVX1)                                       0.014851  0.000000   1.897575 f
  table_i/U6275/Y (INVX1)                                       0.199558  0.143745   2.041320 r
  table_i/n6193 (net)                          19     0.045760            0.000000   2.041320 r
  table_i/U6181/A (INVX1)                                       0.199558  0.000000   2.041320 r
  table_i/U6181/Y (INVX1)                                       0.096616  0.132600   2.173920 f
  table_i/n6626 (net)                          18     0.034515            0.000000   2.173920 f
  table_i/U5984/B (AND2X1)                                      0.096616  0.000000   2.173920 f
  table_i/U5984/Y (AND2X1)                                      0.010139  0.052686   2.226606 f
  table_i/n6132 (net)                           1     0.001476            0.000000   2.226606 f
  table_i/U5952/A (INVX1)                                       0.010139  0.000000   2.226606 f
  table_i/U5952/Y (INVX1)                                       0.384291  0.259298   2.485904 r
  table_i/n6383 (net)                          31     0.081891            0.000000   2.485904 r
  table_i/U4648/B (AND2X1)                                      0.384291  0.000000   2.485904 r
  table_i/U4648/Y (AND2X1)                                      0.644111  0.434536   2.920440 r
  table_i/n1170 (net)                          54     0.136226            0.000000   2.920440 r
  table_i/U4649/A (INVX1)                                       0.644111  0.000000   2.920440 r
  table_i/U4649/Y (INVX1)                                       0.178534  0.174475   3.094915 f
  table_i/n5465 (net)                           3     0.005265            0.000000   3.094915 f
  table_i/U5919/A (INVX1)                                       0.178534  0.000000   3.094915 f
  table_i/U5919/Y (INVX1)                                       0.427714  0.339662   3.434577 r
  table_i/n6355 (net)                          36     0.089484            0.000000   3.434577 r
  table_i/U2884/A (OAI21X1)                                     0.427714  0.000000   3.434577 r
  table_i/U2884/Y (OAI21X1)                                     0.068415  0.114461   3.549038 f
  table_i/n3832 (net)                           1     0.001290            0.000000   3.549038 f
  table_i/write_data_reg[35]/D (DFFPOSX1)                       0.068415  0.000000   3.549038 f
  data arrival time                                                                  3.549038

  clock core_clk (rise edge)                                              4.000000   4.000000
  clock network delay (ideal)                                             0.000000   4.000000
  clock uncertainty                                                       -0.100000  3.900000
  table_i/write_data_reg[35]/CLK (DFFPOSX1)                               0.000000   3.900000 r
  library setup time                                                      -0.068941  3.831059
  data required time                                                                 3.831059
  ----------------------------------------------------------------------------------------------
  data required time                                                                 3.831059
  data arrival time                                                                  -3.549038
  ----------------------------------------------------------------------------------------------
  slack (MET)                                                                        0.282022


1
