net,driver_pin,reference,sink_library_pins,sink_count,nominal_pin_sum_pf,rise_pin_sum_pf,fall_pin_sum_pf,report_net_pin_min_pf,report_net_pin_max_pf,wire_capacitance_pf,report_net_total_max_pf,constraint_required_pf,constraint_actual_pf
banks_i/n105,banks_i/U118/Y,NAND3X1,NAND2X1/B,1,0.00202749,0.00202749,0.00194421,0.00194421,0.00202749,0.0,0.00202749,0.0,0.002027
banks_i/n108,banks_i/U123/Y,NAND3X1,NAND2X1/B,1,0.00202749,0.00202749,0.00194421,0.00194421,0.00202749,0.0,0.00202749,0.0,0.002027
banks_i/n110,banks_i/U128/Y,NAND3X1,NAND2X1/B,1,0.00202749,0.00202749,0.00194421,0.00194421,0.00202749,0.0,0.00202749,0.0,0.002027
banks_i/n111,banks_i/U131/Y,NAND3X1,NAND2X1/B,1,0.00202749,0.00202749,0.00194421,0.00194421,0.00202749,0.0,0.00202749,0.0,0.002027
banks_i/n112,banks_i/U205/Y,NAND2X1,AND2X2/A;AND2X2/A;INVX1/A,3,0.00514671,0.00514671,0.00500172,0.00500172,0.00514671,0.0,0.00514671,0.0,0.005147
banks_i/n118,banks_i/U140/Y,NAND3X1,OAI21X1/C,1,0.00200991,0.00200991,0.0019239,0.0019239,0.00200991,0.0,0.00200991,0.0,0.00201
banks_i/n122,banks_i/U144/Y,NAND3X1,OAI21X1/C,1,0.00200991,0.00200991,0.0019239,0.0019239,0.00200991,0.0,0.00200991,0.0,0.00201
banks_i/n126,banks_i/U148/Y,NAND3X1,BUFX2/A,1,0.00153896,0.00153896,0.00150415,0.00150415,0.00153896,0.0,0.00153896,0.0,0.001539
banks_i/n127,banks_i/U150/Y,NAND3X1,BUFX2/A,1,0.00153896,0.00153896,0.00150415,0.00150415,0.00153896,0.0,0.00153896,0.0,0.001539
banks_i/n206,banks_i/U72/Y,AOI21X1,DFFPOSX1/D,1,0.00181554,0.00181554,0.00129019,0.00129019,0.00181554,0.0,0.00181554,0.0,0.001816
banks_i/n208,banks_i/U77/Y,NAND2X1,BUFX2/A,1,0.00153896,0.00153896,0.00150415,0.00150415,0.00153896,0.0,0.00153896,0.0,0.001539
banks_i/n209,banks_i/U79/Y,AOI21X1,DFFPOSX1/D,1,0.00181554,0.00181554,0.00129019,0.00129019,0.00181554,0.0,0.00181554,0.0,0.001816
banks_i/n211,banks_i/U84/Y,NAND2X1,BUFX2/A,1,0.00153896,0.00153896,0.00150415,0.00150415,0.00153896,0.0,0.00153896,0.0,0.001539
banks_i/n212,banks_i/U86/Y,AOI21X1,DFFPOSX1/D,1,0.00181554,0.00181554,0.00129019,0.00129019,0.00181554,0.0,0.00181554,0.0,0.001816
banks_i/n214,banks_i/U91/Y,NAND2X1,BUFX2/A,1,0.00153896,0.00153896,0.00150415,0.00150415,0.00153896,0.0,0.00153896,0.0,0.001539
banks_i/n215,banks_i/U93/Y,NAND2X1,BUFX2/A,1,0.00153896,0.00153896,0.00150415,0.00150415,0.00153896,0.0,0.00153896,0.0,0.001539
banks_i/n216,banks_i/U95/Y,AOI21X1,DFFPOSX1/D,1,0.00181554,0.00181554,0.00129019,0.00129019,0.00181554,0.0,0.00181554,0.0,0.001816
banks_i/n226,banks_i/U117/Y,NAND2X1,BUFX2/A,1,0.00153896,0.00153896,0.00150415,0.00150415,0.00153896,0.0,0.00153896,0.0,0.001539
banks_i/n228,banks_i/U122/Y,NAND2X1,BUFX2/A,1,0.00153896,0.00153896,0.00150415,0.00150415,0.00153896,0.0,0.00153896,0.0,0.001539
banks_i/n230,banks_i/U127/Y,NAND2X1,BUFX2/A,1,0.00153896,0.00153896,0.00150415,0.00150415,0.00153896,0.0,0.00153896,0.0,0.001539
banks_i/n231,banks_i/U130/Y,NAND2X1,BUFX2/A,1,0.00153896,0.00153896,0.00150415,0.00150415,0.00153896,0.0,0.00153896,0.0,0.001539
banks_i/n311,banks_i/U341/Y,NAND2X1,OAI21X1/C,1,0.00200991,0.00200991,0.0019239,0.0019239,0.00200991,0.0,0.00200991,0.0,0.00201
banks_i/n314,banks_i/U344/Y,NAND2X1,OAI21X1/C,1,0.00200991,0.00200991,0.0019239,0.0019239,0.00200991,0.0,0.00200991,0.0,0.00201
banks_i/n319,banks_i/U349/Y,NAND2X1,OAI21X1/C,1,0.00200991,0.00200991,0.0019239,0.0019239,0.00200991,0.0,0.00200991,0.0,0.00201
banks_i/n321,banks_i/U352/Y,NAND2X1,OAI21X1/C,1,0.00200991,0.00200991,0.0019239,0.0019239,0.00200991,0.0,0.00200991,0.0,0.00201
banks_i/n324,banks_i/U355/Y,NAND2X1,OAI21X1/C,1,0.00200991,0.00200991,0.0019239,0.0019239,0.00200991,0.0,0.00200991,0.0,0.00201
banks_i/n330,banks_i/U359/Y,NAND2X1,OAI21X1/C,1,0.00200991,0.00200991,0.0019239,0.0019239,0.00200991,0.0,0.00200991,0.0,0.00201
banks_i/n332,banks_i/U361/Y,NAND2X1,OAI21X1/C,1,0.00200991,0.00200991,0.0019239,0.0019239,0.00200991,0.0,0.00200991,0.0,0.00201
banks_i/n338,banks_i/U365/Y,NAND2X1,OAI21X1/C,1,0.00200991,0.00200991,0.0019239,0.0019239,0.00200991,0.0,0.00200991,0.0,0.00201
banks_i/n344,banks_i/U368/Y,NAND2X1,MUX2X1/A,1,0.00279798,0.00279798,0.00262321,0.00262321,0.00279798,0.0,0.00279798,0.0,0.002798
banks_i/n345,banks_i/U370/Y,NAND2X1,MUX2X1/A,1,0.00279798,0.00279798,0.00262321,0.00262321,0.00279798,0.0,0.00279798,0.0,0.002798
banks_i/n346,banks_i/U372/Y,NAND2X1,MUX2X1/A,1,0.00279798,0.00279798,0.00262321,0.00262321,0.00279798,0.0,0.00279798,0.0,0.002798
banks_i/n347,banks_i/U374/Y,NAND2X1,MUX2X1/A,1,0.00279798,0.00279798,0.00262321,0.00262321,0.00279798,0.0,0.00279798,0.0,0.002798
banks_i/n45,banks_i/U116/Y,AOI21X1,BUFX2/A,1,0.00153896,0.00153896,0.00150415,0.00150415,0.00153896,0.0,0.00153896,0.0,0.001539
banks_i/n46,banks_i/U71/Y,AOI21X1,NOR3X1/B,1,0.003067,0.00306333,0.003067,0.00306333,0.003067,0.0,0.003067,0.0,0.003067
banks_i/n53,banks_i/U151/Y,NAND2X1,INVX1/A,1,0.00155103,0.00155103,0.00147616,0.00147616,0.00155103,0.0,0.00155103,0.0,0.001551
banks_i/n54,banks_i/U121/Y,AOI21X1,BUFX2/A,1,0.00153896,0.00153896,0.00150415,0.00150415,0.00153896,0.0,0.00153896,0.0,0.001539
banks_i/n55,banks_i/U76/Y,AOI21X1,NOR3X1/B,1,0.003067,0.00306333,0.003067,0.00306333,0.003067,0.0,0.003067,0.0,0.003067
banks_i/n59,banks_i/U78/Y,NAND3X1,NAND2X1/B,1,0.00202749,0.00202749,0.00194421,0.00194421,0.00202749,0.0,0.00202749,0.0,0.002027
banks_i/n63,banks_i/U126/Y,AOI21X1,BUFX2/A,1,0.00153896,0.00153896,0.00150415,0.00150415,0.00153896,0.0,0.00153896,0.0,0.001539
banks_i/n64,banks_i/U83/Y,AOI21X1,NOR3X1/B,1,0.003067,0.00306333,0.003067,0.00306333,0.003067,0.0,0.003067,0.0,0.003067
banks_i/n68,banks_i/U85/Y,NAND3X1,NAND2X1/B,1,0.00202749,0.00202749,0.00194421,0.00194421,0.00202749,0.0,0.00202749,0.0,0.002027
banks_i/n72,banks_i/U135/Y,AOI21X1,BUFX2/A,1,0.00153896,0.00153896,0.00150415,0.00150415,0.00153896,0.0,0.00153896,0.0,0.001539
banks_i/n73,banks_i/U90/Y,AOI21X1,NOR3X1/B,1,0.003067,0.00306333,0.003067,0.00306333,0.003067,0.0,0.003067,0.0,0.003067
banks_i/n77,banks_i/U92/Y,NAND3X1,NAND2X1/B,1,0.00202749,0.00202749,0.00194421,0.00194421,0.00202749,0.0,0.00202749,0.0,0.002027
banks_i/n78,banks_i/U94/Y,NAND3X1,NAND2X1/B,1,0.00202749,0.00202749,0.00194421,0.00194421,0.00202749,0.0,0.00202749,0.0,0.002027
banks_i/n82,banks_i/U99/Y,AOI21X1,NOR3X1/A,1,0.00302113,0.00302113,0.00301081,0.00301081,0.00302113,0.0,0.00302113,0.0,0.003021
banks_i/n88,banks_i/U101/Y,NAND3X1,OAI21X1/C,1,0.00200991,0.00200991,0.0019239,0.0019239,0.00200991,0.0,0.00200991,0.0,0.00201
banks_i/n89,banks_i/U103/Y,AOI21X1,NOR3X1/A,1,0.00302113,0.00302113,0.00301081,0.00301081,0.00302113,0.0,0.00302113,0.0,0.003021
banks_i/n92,banks_i/U105/Y,NAND3X1,OAI21X1/C,1,0.00200991,0.00200991,0.0019239,0.0019239,0.00200991,0.0,0.00200991,0.0,0.00201
banks_i/n93,banks_i/U107/Y,AOI21X1,NOR3X1/A,1,0.00302113,0.00302113,0.00301081,0.00301081,0.00302113,0.0,0.00302113,0.0,0.003021
banks_i/n96,banks_i/U109/Y,NAND3X1,OAI21X1/C,1,0.00200991,0.00200991,0.0019239,0.0019239,0.00200991,0.0,0.00200991,0.0,0.00201
banks_i/n97,banks_i/U111/Y,NAND3X1,OAI21X1/C,1,0.00200991,0.00200991,0.0019239,0.0019239,0.00200991,0.0,0.00200991,0.0,0.00201
banks_i/n99,banks_i/U113/Y,AOI21X1,NOR3X1/A,1,0.00302113,0.00302113,0.00301081,0.00301081,0.00302113,0.0,0.00302113,0.0,0.003021
candidate_mask[0],candidates_i/U4140/Y,NAND3X1,AND2X2/A;INVX1/A,2,0.00334887,0.00334887,0.00323894,0.00323894,0.00334887,0.0,0.00334887,0.0,0.003349
candidate_mask[10],candidates_i/U4192/Y,NAND3X1,AND2X2/B,1,0.00186944,0.00186944,0.00182011,0.00182011,0.00186944,0.0,0.00186944,0.0,0.001869
candidate_mask[11],candidates_i/U4197/Y,NAND3X1,NAND2X1/B,1,0.00202749,0.00202749,0.00194421,0.00194421,0.00202749,0.0,0.00202749,0.0,0.002027
candidate_mask[12],candidates_i/U4209/Y,NAND3X1,NAND3X1/A,1,0.00254759,0.00254759,0.00220852,0.00220852,0.00254759,0.0,0.00254759,0.0,0.002548
candidate_mask[13],candidates_i/U4212/Y,NAND2X1,NAND3X1/A,1,0.00254759,0.00254759,0.00220852,0.00220852,0.00254759,0.0,0.00254759,0.0,0.002548
candidate_mask[14],candidates_i/U4215/Y,NAND2X1,NAND3X1/A,1,0.00254759,0.00254759,0.00220852,0.00220852,0.00254759,0.0,0.00254759,0.0,0.002548
candidate_mask[15],candidates_i/U4216/Y,NAND3X1,NAND3X1/A,1,0.00254759,0.00254759,0.00220852,0.00220852,0.00254759,0.0,0.00254759,0.0,0.002548
candidate_mask[1],candidates_i/U4144/Y,NAND2X1,INVX1/A,1,0.00155103,0.00155103,0.00147616,0.00147616,0.00155103,0.0,0.00155103,0.0,0.001551
candidate_mask[2],candidates_i/U4153/Y,NAND3X1,AND2X2/A;AND2X2/A,2,0.00359568,0.00359568,0.00352556,0.00352556,0.00359568,0.0,0.00359568,0.0,0.003596
candidate_mask[3],candidates_i/U4154/Y,NAND3X1,AND2X2/A;AND2X2/A;INVX1/A,3,0.00514671,0.00514671,0.00500172,0.00500172,0.00514671,0.0,0.00514671,0.0,0.005147
candidate_mask[4],candidates_i/U4162/Y,NAND3X1,NAND2X1/B,1,0.00202749,0.00202749,0.00194421,0.00194421,0.00202749,0.0,0.00202749,0.0,0.002027
candidate_mask[5],candidates_i/U4165/Y,NAND2X1,AND2X2/A,1,0.00179784,0.00179784,0.00176278,0.00176278,0.00179784,0.0,0.00179784,0.0,0.001798
candidate_mask[6],candidates_i/U4171/Y,NAND3X1,NAND3X1/C,1,0.00296109,0.00296109,0.0028316,0.0028316,0.00296109,0.0,0.00296109,0.0,0.002961
candidate_mask[7],candidates_i/U4174/Y,NAND2X1,NAND3X1/C,1,0.00296109,0.00296109,0.0028316,0.0028316,0.00296109,0.0,0.00296109,0.0,0.002961
candidate_mask[8],candidates_i/U969/Y,NAND2X1,NAND3X1/B,1,0.00283213,0.00283213,0.00259978,0.00259978,0.00283213,0.0,0.00283213,0.0,0.002832
candidate_mask[9],candidates_i/U4186/Y,NAND2X1,INVX1/A,1,0.00155103,0.00155103,0.00147616,0.00147616,0.00155103,0.0,0.00155103,0.0,0.001551
candidates_i/n1000,candidates_i/U1598/Y,NAND2X1,XNOR2X1/B,1,0.00558933,0.00558933,0.00500383,0.00500383,0.00558933,0.0,0.00558933,0.0,0.005589
candidates_i/n1001,candidates_i/U1554/Y,NAND2X1,XNOR2X1/A,1,0.00500113,0.00500113,0.00461621,0.00461621,0.00500113,0.0,0.00500113,0.0,0.005001
candidates_i/n1002,candidates_i/U1338/Y,NOR2X1,AND2X2/B,1,0.00186944,0.00186944,0.00182011,0.00182011,0.00186944,0.0,0.00186944,0.0,0.001869
candidates_i/n1006,candidates_i/U1606/Y,NAND2X1,NAND2X1/A,1,0.00211057,0.00211057,0.00188435,0.00188435,0.00211057,0.0,0.00211057,0.0,0.002111
candidates_i/n1007,candidates_i/U1607/Y,NAND2X1,NAND2X1/B,1,0.00202749,0.00202749,0.00194421,0.00194421,0.00202749,0.0,0.00202749,0.0,0.002027
candidates_i/n1009,candidates_i/U1611/Y,NOR2X1,INVX1/A,1,0.00155103,0.00155103,0.00147616,0.00147616,0.00155103,0.0,0.00155103,0.0,0.001551
candidates_i/n1012,candidates_i/U1616/Y,NAND2X1,XNOR2X1/A,1,0.00500113,0.00500113,0.00461621,0.00461621,0.00500113,0.0,0.00500113,0.0,0.005001
candidates_i/n1014,candidates_i/U1619/Y,NAND2X1,INVX1/A,1,0.00155103,0.00155103,0.00147616,0.00147616,0.00155103,0.0,0.00155103,0.0,0.001551
candidates_i/n1016,candidates_i/U1624/Y,NAND2X1,INVX1/A,1,0.00155103,0.00155103,0.00147616,0.00147616,0.00155103,0.0,0.00155103,0.0,0.001551
candidates_i/n1019,candidates_i/U1629/Y,NAND2X1,OR2X2/B,1,0.00234214,0.00228252,0.00234214,0.00228252,0.00234214,0.0,0.00234214,0.0,0.002342
candidates_i/n1020,candidates_i/U1631/Y,NAND2X1,INVX1/A,1,0.00155103,0.00155103,0.00147616,0.00147616,0.00155103,0.0,0.00155103,0.0,0.001551
candidates_i/n1022,candidates_i/U1632/Y,NAND2X1,INVX4/A,1,0.0050916,0.00508038,0.0050916,0.00508038,0.0050916,0.0,0.0050916,0.0,0.005092
candidates_i/n1024,candidates_i/U983/Y,NOR2X1,NOR2X1/A,1,0.00224248,0.00224248,0.00220861,0.00220861,0.00224248,0.0,0.00224248,0.0,0.002242
candidates_i/n1025,candidates_i/U1639/Y,NAND2X1,INVX1/A,1,0.00155103,0.00155103,0.00147616,0.00147616,0.00155103,0.0,0.00155103,0.0,0.001551
candidates_i/n1026,candidates_i/U1640/Y,NAND2X1,INVX1/A,1,0.00155103,0.00155103,0.00147616,0.00147616,0.00155103,0.0,0.00155103,0.0,0.001551
candidates_i/n1028,candidates_i/U1579/Y,NOR2X1,INVX1/A,1,0.00155103,0.00155103,0.00147616,0.00147616,0.00155103,0.0,0.00155103,0.0,0.001551
candidates_i/n1032,candidates_i/U1647/Y,NOR2X1,AND2X2/A;INVX1/A,2,0.00334887,0.00334887,0.00323894,0.00323894,0.00334887,0.0,0.00334887,0.0,0.003349
candidates_i/n1034,candidates_i/U1652/Y,NAND2X1,INVX8/A,1,0.0101035,0.0100827,0.0101035,0.0100827,0.0101035,0.0,0.0101035,0.0,0.010104
candidates_i/n1035,candidates_i/U1653/Y,NOR2X1,INVX1/A,1,0.00155103,0.00155103,0.00147616,0.00147616,0.00155103,0.0,0.00155103,0.0,0.001551
candidates_i/n1036,candidates_i/U1457/Y,NOR2X1,NAND2X1/A,1,0.00211057,0.00211057,0.00188435,0.00188435,0.00211057,0.0,0.00211057,0.0,0.002111
candidates_i/n1037,candidates_i/U1656/Y,NOR2X1,NAND2X1/B,1,0.00202749,0.00202749,0.00194421,0.00194421,0.00202749,0.0,0.00202749,0.0,0.002027
candidates_i/n1038,candidates_i/U1657/Y,NAND2X1,OR2X2/B,1,0.00234214,0.00228252,0.00234214,0.00228252,0.00234214,0.0,0.00234214,0.0,0.002342
candidates_i/n1041,candidates_i/U1661/Y,NOR2X1,INVX1/A,1,0.00155103,0.00155103,0.00147616,0.00147616,0.00155103,0.0,0.00155103,0.0,0.001551
candidates_i/n1044,candidates_i/U1670/Y,NOR2X1,NAND2X1/A,1,0.00211057,0.00211057,0.00188435,0.00188435,0.00211057,0.0,0.00211057,0.0,0.002111
candidates_i/n1045,candidates_i/U1672/Y,NOR2X1,AND2X2/A,1,0.00179784,0.00179784,0.00176278,0.00176278,0.00179784,0.0,0.00179784,0.0,0.001798
candidates_i/n1049,candidates_i/U1676/Y,NAND2X1,INVX1/A,1,0.00155103,0.00155103,0.00147616,0.00147616,0.00155103,0.0,0.00155103,0.0,0.001551
candidates_i/n1051,candidates_i/U1682/Y,NAND2X1,INVX1/A,1,0.00155103,0.00155103,0.00147616,0.00147616,0.00155103,0.0,0.00155103,0.0,0.001551
candidates_i/n1054,candidates_i/U1687/Y,NAND2X1,AND2X2/B;NAND2X1/B,2,0.00389693,0.00389693,0.00376432,0.00376432,0.00389693,0.0,0.00389693,0.0,0.003897
candidates_i/n1353,candidates_i/U2042/Y,NAND2X1,AND2X2/A,1,0.00179784,0.00179784,0.00176278,0.00176278,0.00179784,0.0,0.00179784,0.0,0.001798
candidates_i/n1354,candidates_i/U2043/Y,NAND2X1,AND2X2/B,1,0.00186944,0.00186944,0.00182011,0.00182011,0.00186944,0.0,0.00186944,0.0,0.001869
candidates_i/n1547,candidates_i/U2317/Y,NAND3X1,AND2X2/B,1,0.00186944,0.00186944,0.00182011,0.00182011,0.00186944,0.0,0.00186944,0.0,0.001869
candidates_i/n1548,candidates_i/U1391/Y,NAND2X1,AND2X2/A,1,0.00179784,0.00179784,0.00176278,0.00176278,0.00179784,0.0,0.00179784,0.0,0.001798
candidates_i/n1550,candidates_i/U1395/Y,NAND2X1,NAND3X1/B,1,0.00283213,0.00283213,0.00259978,0.00259978,0.00283213,0.0,0.00283213,0.0,0.002832
candidates_i/n1551,candidates_i/U1597/Y,NAND2X1,NAND3X1/A,1,0.00254759,0.00254759,0.00220852,0.00220852,0.00254759,0.0,0.00254759,0.0,0.002548
candidates_i/n1552,candidates_i/U2320/Y,NAND3X1,NAND2X1/B,1,0.00202749,0.00202749,0.00194421,0.00194421,0.00202749,0.0,0.00202749,0.0,0.002027
candidates_i/n1553,candidates_i/U1365/Y,NAND2X1,NAND2X1/A,1,0.00211057,0.00211057,0.00188435,0.00188435,0.00211057,0.0,0.00211057,0.0,0.002111
candidates_i/n1554,candidates_i/U2323/Y,NAND3X1,NAND3X1/B,1,0.00283213,0.00283213,0.00259978,0.00259978,0.00283213,0.0,0.00283213,0.0,0.002832
candidates_i/n1555,candidates_i/U2322/Y,NAND3X1,NAND3X1/C,1,0.00296109,0.00296109,0.0028316,0.0028316,0.00296109,0.0,0.00296109,0.0,0.002961
candidates_i/n1556,candidates_i/U2324/Y,NAND3X1,NOR3X1/A,1,0.00302113,0.00302113,0.00301081,0.00301081,0.00302113,0.0,0.00302113,0.0,0.003021
candidates_i/n1557,candidates_i/U2321/Y,NAND2X1,NOR3X1/C,1,0.00328822,0.00328822,0.00322576,0.00322576,0.00328822,0.0,0.00328822,0.0,0.003288
candidates_i/n1558,candidates_i/U2319/Y,NAND3X1,NOR3X1/B,1,0.003067,0.00306333,0.003067,0.00306333,0.003067,0.0,0.003067,0.0,0.003067
candidates_i/n1561,candidates_i/U2329/Y,AOI22X1,NAND2X1/B,1,0.00202749,0.00202749,0.00194421,0.00194421,0.00202749,0.0,0.00202749,0.0,0.002027
candidates_i/n1562,candidates_i/U2328/Y,AOI22X1,NAND2X1/A,1,0.00211057,0.00211057,0.00188435,0.00188435,0.00211057,0.0,0.00211057,0.0,0.002111
candidates_i/n1563,candidates_i/U2334/Y,NAND2X1,AOI22X1/D,1,0.00290653,0.00290653,0.00282572,0.00282572,0.00290653,0.0,0.00290653,0.0,0.002907
candidates_i/n1564,candidates_i/U2333/Y,NAND2X1,AOI22X1/B,1,0.00276444,0.00276444,0.00272615,0.00272615,0.00276444,0.0,0.00276444,0.0,0.002764
candidates_i/n1565,candidates_i/U2335/Y,AOI22X1,NAND3X1/C,1,0.00296109,0.00296109,0.0028316,0.0028316,0.00296109,0.0,0.00296109,0.0,0.002961
candidates_i/n1568,candidates_i/U2336/Y,NAND3X1,AOI22X1/B,1,0.00276444,0.00276444,0.00272615,0.00272615,0.00276444,0.0,0.00276444,0.0,0.002764
candidates_i/n1569,candidates_i/U2330/Y,NAND2X1,AOI22X1/A,1,0.00281659,0.00281659,0.00265821,0.00265821,0.00281659,0.0,0.00281659,0.0,0.002817
candidates_i/n1570,candidates_i/U2337/Y,AOI22X1,AND2X1/A,1,0.00229149,0.00229149,0.00187144,0.00187144,0.00229149,0.0,0.00229149,0.0,0.002291
candidates_i/n1571,candidates_i/U2327/Y,NAND3X1,NAND2X1/B,1,0.00202749,0.00202749,0.00194421,0.00194421,0.00202749,0.0,0.00202749,0.0,0.002027
candidates_i/n1572,candidates_i/U2326/Y,NAND3X1,AND2X1/B,1,0.00234289,0.00234289,0.00182664,0.00182664,0.00234289,0.0,0.00234289,0.0,0.002343
candidates_i/n1573,candidates_i/U1486/Y,NAND2X1,NAND2X1/B,1,0.00202749,0.00202749,0.00194421,0.00194421,0.00202749,0.0,0.00202749,0.0,0.002027
candidates_i/n1574,candidates_i/U2338/Y,NAND3X1,NAND2X1/A,1,0.00211057,0.00211057,0.00188435,0.00188435,0.00211057,0.0,0.00211057,0.0,0.002111
candidates_i/n1575,candidates_i/U1369/Y,NAND2X1,NAND3X1/B,1,0.00283213,0.00283213,0.00259978,0.00259978,0.00283213,0.0,0.00283213,0.0,0.002832
candidates_i/n1576,candidates_i/U2341/Y,NAND3X1,NAND3X1/C,1,0.00296109,0.00296109,0.0028316,0.0028316,0.00296109,0.0,0.00296109,0.0,0.002961
candidates_i/n1577,candidates_i/U2340/Y,NAND3X1,NAND3X1/A,1,0.00254759,0.00254759,0.00220852,0.00220852,0.00254759,0.0,0.00254759,0.0,0.002548
candidates_i/n1578,candidates_i/U2342/Y,NAND3X1,NOR3X1/B,1,0.003067,0.00306333,0.003067,0.00306333,0.003067,0.0,0.003067,0.0,0.003067
candidates_i/n1579,candidates_i/U2339/Y,NAND2X1,NOR3X1/A,1,0.00302113,0.00302113,0.00301081,0.00301081,0.00302113,0.0,0.00302113,0.0,0.003021
candidates_i/n1580,candidates_i/U1459/Y,NAND2X1,NOR3X1/C,1,0.00328822,0.00328822,0.00322576,0.00322576,0.00328822,0.0,0.00328822,0.0,0.003288
candidates_i/n1581,candidates_i/U2345/Y,AOI22X1,AND2X2/B,1,0.00186944,0.00186944,0.00182011,0.00182011,0.00186944,0.0,0.00186944,0.0,0.001869
candidates_i/n1582,candidates_i/U2344/Y,AOI22X1,BUFX2/A,1,0.00153896,0.00153896,0.00150415,0.00150415,0.00153896,0.0,0.00153896,0.0,0.001539
candidates_i/n1584,candidates_i/U2347/Y,AOI22X1,AND2X2/B,1,0.00186944,0.00186944,0.00182011,0.00182011,0.00186944,0.0,0.00186944,0.0,0.001869
candidates_i/n1585,candidates_i/U2346/Y,AOI22X1,BUFX2/A,1,0.00153896,0.00153896,0.00150415,0.00150415,0.00153896,0.0,0.00153896,0.0,0.001539
candidates_i/n1587,candidates_i/U2349/Y,AOI22X1,AND2X2/B,1,0.00186944,0.00186944,0.00182011,0.00182011,0.00186944,0.0,0.00186944,0.0,0.001869
candidates_i/n1588,candidates_i/U2348/Y,AOI22X1,BUFX2/A,1,0.00153896,0.00153896,0.00150415,0.00150415,0.00153896,0.0,0.00153896,0.0,0.001539
candidates_i/n1593,candidates_i/U2352/Y,AOI22X1,AND2X2/B,1,0.00186944,0.00186944,0.00182011,0.00182011,0.00186944,0.0,0.00186944,0.0,0.001869
candidates_i/n1594,candidates_i/U2351/Y,AOI22X1,BUFX2/A,1,0.00153896,0.00153896,0.00150415,0.00150415,0.00153896,0.0,0.00153896,0.0,0.001539
candidates_i/n1596,candidates_i/U2355/Y,AOI22X1,AND2X2/B,1,0.00186944,0.00186944,0.00182011,0.00182011,0.00186944,0.0,0.00186944,0.0,0.001869
candidates_i/n1597,candidates_i/U2354/Y,AOI22X1,BUFX2/A,1,0.00153896,0.00153896,0.00150415,0.00150415,0.00153896,0.0,0.00153896,0.0,0.001539
candidates_i/n1601,candidates_i/U2350/Y,NAND3X1,NOR2X1/A,1,0.00224248,0.00224248,0.00220861,0.00220861,0.00224248,0.0,0.00224248,0.0,0.002242
candidates_i/n1602,candidates_i/U2358/Y,AOI22X1,AND2X2/B,1,0.00186944,0.00186944,0.00182011,0.00182011,0.00186944,0.0,0.00186944,0.0,0.001869
candidates_i/n1603,candidates_i/U2357/Y,AOI22X1,AND2X2/A,1,0.00179784,0.00179784,0.00176278,0.00176278,0.00179784,0.0,0.00179784,0.0,0.001798
candidates_i/n1605,candidates_i/U2360/Y,AOI22X1,BUFX2/A,1,0.00153896,0.00153896,0.00150415,0.00150415,0.00153896,0.0,0.00153896,0.0,0.001539
candidates_i/n1606,candidates_i/U2359/Y,AOI22X1,BUFX2/A,1,0.00153896,0.00153896,0.00150415,0.00150415,0.00153896,0.0,0.00153896,0.0,0.001539
candidates_i/n1608,candidates_i/U2362/Y,AOI22X1,BUFX2/A,1,0.00153896,0.00153896,0.00150415,0.00150415,0.00153896,0.0,0.00153896,0.0,0.001539
candidates_i/n1609,candidates_i/U2361/Y,AOI22X1,BUFX2/A,1,0.00153896,0.00153896,0.00150415,0.00150415,0.00153896,0.0,0.00153896,0.0,0.001539
candidates_i/n1611,candidates_i/U2365/Y,AOI22X1,BUFX2/A,1,0.00153896,0.00153896,0.00150415,0.00150415,0.00153896,0.0,0.00153896,0.0,0.001539
candidates_i/n1612,candidates_i/U2364/Y,AOI22X1,BUFX2/A,1,0.00153896,0.00153896,0.00150415,0.00150415,0.00153896,0.0,0.00153896,0.0,0.001539
candidates_i/n1617,candidates_i/U1586/Y,NOR2X1,NAND2X1/A,1,0.00211057,0.00211057,0.00188435,0.00188435,0.00211057,0.0,0.00211057,0.0,0.002111
candidates_i/n1618,candidates_i/U1612/Y,NOR2X1,NAND2X1/B,1,0.00202749,0.00202749,0.00194421,0.00194421,0.00202749,0.0,0.00202749,0.0,0.002027
candidates_i/n1621,candidates_i/U2367/Y,NAND3X1,INVX2/A,1,0.00267266,0.00265521,0.00267266,0.00265521,0.00267266,0.0,0.00267266,0.0,0.002673
candidates_i/n1622,candidates_i/U1516/Y,NAND2X1,AND2X2/A,1,0.00179784,0.00179784,0.00176278,0.00176278,0.00179784,0.0,0.00179784,0.0,0.001798
candidates_i/n1623,candidates_i/U2368/Y,NAND3X1,AND2X2/B,1,0.00186944,0.00186944,0.00182011,0.00182011,0.00186944,0.0,0.00186944,0.0,0.001869
candidates_i/n1625,candidates_i/U1489/Y,NAND2X1,NAND3X1/B,1,0.00283213,0.00283213,0.00259978,0.00259978,0.00283213,0.0,0.00283213,0.0,0.002832
candidates_i/n1626,candidates_i/U1354/Y,NAND2X1,NAND3X1/A,1,0.00254759,0.00254759,0.00220852,0.00220852,0.00254759,0.0,0.00254759,0.0,0.002548
candidates_i/n1627,candidates_i/U2371/Y,NAND3X1,NAND2X1/A,1,0.00211057,0.00211057,0.00188435,0.00188435,0.00211057,0.0,0.00211057,0.0,0.002111
candidates_i/n1628,candidates_i/U1193/Y,NAND2X1,NAND2X1/B,1,0.00202749,0.00202749,0.00194421,0.00194421,0.00202749,0.0,0.00202749,0.0,0.002027
candidates_i/n1629,candidates_i/U2373/Y,NAND3X1,NAND3X1/B,1,0.00283213,0.00283213,0.00259978,0.00259978,0.00283213,0.0,0.00283213,0.0,0.002832
candidates_i/n1630,candidates_i/U1358/Y,NAND2X1,NAND3X1/C,1,0.00296109,0.00296109,0.0028316,0.0028316,0.00296109,0.0,0.00296109,0.0,0.002961
candidates_i/n1631,candidates_i/U2374/Y,NAND3X1,NOR3X1/C,1,0.00328822,0.00328822,0.00322576,0.00322576,0.00328822,0.0,0.00328822,0.0,0.003288
candidates_i/n1632,candidates_i/U2372/Y,NAND2X1,NOR3X1/B,1,0.003067,0.00306333,0.003067,0.00306333,0.003067,0.0,0.003067,0.0,0.003067
candidates_i/n1633,candidates_i/U2370/Y,NAND3X1,NOR3X1/A,1,0.00302113,0.00302113,0.00301081,0.00301081,0.00302113,0.0,0.00302113,0.0,0.003021
candidates_i/n1636,candidates_i/U2378/Y,AOI22X1,NAND2X1/B,1,0.00202749,0.00202749,0.00194421,0.00194421,0.00202749,0.0,0.00202749,0.0,0.002027
candidates_i/n1637,candidates_i/U2376/Y,AOI22X1,NAND2X1/A,1,0.00211057,0.00211057,0.00188435,0.00188435,0.00211057,0.0,0.00211057,0.0,0.002111
candidates_i/n1646,candidates_i/U2383/Y,NAND2X1,AOI22X1/D,1,0.00290653,0.00290653,0.00282572,0.00282572,0.00290653,0.0,0.00290653,0.0,0.002907
candidates_i/n1647,candidates_i/U2382/Y,NAND2X1,AOI22X1/B,1,0.00276444,0.00276444,0.00272615,0.00272615,0.00276444,0.0,0.00276444,0.0,0.002764
candidates_i/n1648,candidates_i/U2384/Y,AOI22X1,NAND3X1/C,1,0.00296109,0.00296109,0.0028316,0.0028316,0.00296109,0.0,0.00296109,0.0,0.002961
candidates_i/n1651,candidates_i/U2385/Y,NAND3X1,AOI22X1/B,1,0.00276444,0.00276444,0.00272615,0.00272615,0.00276444,0.0,0.00276444,0.0,0.002764
candidates_i/n1652,candidates_i/U2379/Y,NAND2X1,AOI22X1/A,1,0.00281659,0.00281659,0.00265821,0.00265821,0.00281659,0.0,0.00281659,0.0,0.002817
candidates_i/n1653,candidates_i/U2386/Y,AOI22X1,NAND3X1/A,1,0.00254759,0.00254759,0.00220852,0.00220852,0.00254759,0.0,0.00254759,0.0,0.002548
candidates_i/n1654,candidates_i/U1206/Y,NAND2X1,NAND3X1/C,1,0.00296109,0.00296109,0.0028316,0.0028316,0.00296109,0.0,0.00296109,0.0,0.002961
candidates_i/n1655,candidates_i/U1259/Y,NAND2X1,NAND3X1/B,1,0.00283213,0.00283213,0.00259978,0.00259978,0.00283213,0.0,0.00283213,0.0,0.002832
candidates_i/n1656,candidates_i/U1058/Y,NAND2X1,NAND2X1/B,1,0.00202749,0.00202749,0.00194421,0.00194421,0.00202749,0.0,0.00202749,0.0,0.002027
candidates_i/n1657,candidates_i/U2388/Y,NAND3X1,NAND2X1/A,1,0.00211057,0.00211057,0.00188435,0.00188435,0.00211057,0.0,0.00211057,0.0,0.002111
candidates_i/n1658,candidates_i/U924/Y,NAND2X1,AND2X2/B,1,0.00186944,0.00186944,0.00182011,0.00182011,0.00186944,0.0,0.00186944,0.0,0.001869
candidates_i/n1659,candidates_i/U1412/Y,NAND2X1,NAND2X1/B,1,0.00202749,0.00202749,0.00194421,0.00194421,0.00202749,0.0,0.00202749,0.0,0.002027
candidates_i/n1660,candidates_i/U2390/Y,NAND3X1,AND2X2/A,1,0.00179784,0.00179784,0.00176278,0.00176278,0.00179784,0.0,0.00179784,0.0,0.001798
candidates_i/n1661,candidates_i/U1413/Y,NAND2X1,NOR3X1/C,1,0.00328822,0.00328822,0.00322576,0.00322576,0.00328822,0.0,0.00328822,0.0,0.003288
candidates_i/n1662,candidates_i/U2389/Y,NAND2X1,NOR3X1/A,1,0.00302113,0.00302113,0.00301081,0.00301081,0.00302113,0.0,0.00302113,0.0,0.003021
candidates_i/n1663,candidates_i/U2387/Y,NAND3X1,NOR3X1/B,1,0.003067,0.00306333,0.003067,0.00306333,0.003067,0.0,0.003067,0.0,0.003067
candidates_i/n1664,candidates_i/U2393/Y,AOI22X1,BUFX2/A,1,0.00153896,0.00153896,0.00150415,0.00150415,0.00153896,0.0,0.00153896,0.0,0.001539
candidates_i/n1665,candidates_i/U2392/Y,AOI22X1,AND2X2/A,1,0.00179784,0.00179784,0.00176278,0.00176278,0.00179784,0.0,0.00179784,0.0,0.001798
candidates_i/n1667,candidates_i/U2395/Y,AOI22X1,AND2X2/B,1,0.00186944,0.00186944,0.00182011,0.00182011,0.00186944,0.0,0.00186944,0.0,0.001869
candidates_i/n1668,candidates_i/U2394/Y,AOI22X1,AND2X2/A,1,0.00179784,0.00179784,0.00176278,0.00176278,0.00179784,0.0,0.00179784,0.0,0.001798
candidates_i/n1670,candidates_i/U2398/Y,AOI22X1,BUFX2/A,1,0.00153896,0.00153896,0.00150415,0.00150415,0.00153896,0.0,0.00153896,0.0,0.001539
candidates_i/n1671,candidates_i/U2397/Y,AOI22X1,AND2X2/A,1,0.00179784,0.00179784,0.00176278,0.00176278,0.00179784,0.0,0.00179784,0.0,0.001798
candidates_i/n1676,candidates_i/U2402/Y,AOI22X1,BUFX2/A,1,0.00153896,0.00153896,0.00150415,0.00150415,0.00153896,0.0,0.00153896,0.0,0.001539
candidates_i/n1677,candidates_i/U2401/Y,AOI22X1,BUFX2/A,1,0.00153896,0.00153896,0.00150415,0.00150415,0.00153896,0.0,0.00153896,0.0,0.001539
candidates_i/n1679,candidates_i/U2405/Y,AOI22X1,BUFX2/A,1,0.00153896,0.00153896,0.00150415,0.00150415,0.00153896,0.0,0.00153896,0.0,0.001539
candidates_i/n1680,candidates_i/U2404/Y,AOI22X1,BUFX2/A,1,0.00153896,0.00153896,0.00150415,0.00150415,0.00153896,0.0,0.00153896,0.0,0.001539
candidates_i/n1684,candidates_i/U2400/Y,NAND3X1,NOR3X1/C,1,0.00328822,0.00328822,0.00322576,0.00322576,0.00328822,0.0,0.00328822,0.0,0.003288
candidates_i/n1685,candidates_i/U2408/Y,AOI22X1,BUFX2/A,1,0.00153896,0.00153896,0.00150415,0.00150415,0.00153896,0.0,0.00153896,0.0,0.001539
candidates_i/n1686,candidates_i/U2407/Y,AOI22X1,NAND2X1/B,1,0.00202749,0.00202749,0.00194421,0.00194421,0.00202749,0.0,0.00202749,0.0,0.002027
candidates_i/n1687,candidates_i/U2411/Y,AOI22X1,BUFX2/A,1,0.00153896,0.00153896,0.00150415,0.00150415,0.00153896,0.0,0.00153896,0.0,0.001539
candidates_i/n1688,candidates_i/U2410/Y,AOI22X1,BUFX2/A,1,0.00153896,0.00153896,0.00150415,0.00150415,0.00153896,0.0,0.00153896,0.0,0.001539
candidates_i/n1690,candidates_i/U2413/Y,AOI22X1,BUFX2/A,1,0.00153896,0.00153896,0.00150415,0.00150415,0.00153896,0.0,0.00153896,0.0,0.001539
candidates_i/n1691,candidates_i/U2412/Y,AOI22X1,BUFX2/A,1,0.00153896,0.00153896,0.00150415,0.00150415,0.00153896,0.0,0.00153896,0.0,0.001539
candidates_i/n1693,candidates_i/U2415/Y,AOI22X1,BUFX2/A,1,0.00153896,0.00153896,0.00150415,0.00150415,0.00153896,0.0,0.00153896,0.0,0.001539
candidates_i/n1694,candidates_i/U2414/Y,AOI22X1,BUFX2/A,1,0.00153896,0.00153896,0.00150415,0.00150415,0.00153896,0.0,0.00153896,0.0,0.001539
candidates_i/n1699,candidates_i/U1593/Y,NAND2X1,AND2X2/A,1,0.00179784,0.00179784,0.00176278,0.00176278,0.00179784,0.0,0.00179784,0.0,0.001798
candidates_i/n1700,candidates_i/U2418/Y,NAND3X1,AND2X2/B,1,0.00186944,0.00186944,0.00182011,0.00182011,0.00186944,0.0,0.00186944,0.0,0.001869
candidates_i/n1702,candidates_i/U1258/Y,NAND2X1,NAND3X1/B,1,0.00283213,0.00283213,0.00259978,0.00259978,0.00283213,0.0,0.00283213,0.0,0.002832
candidates_i/n1703,candidates_i/U2417/Y,NAND3X1,NAND3X1/A,1,0.00254759,0.00254759,0.00220852,0.00220852,0.00254759,0.0,0.00254759,0.0,0.002548
candidates_i/n1704,candidates_i/U2422/Y,NAND3X1,NAND2X1/A,1,0.00211057,0.00211057,0.00188435,0.00188435,0.00211057,0.0,0.00211057,0.0,0.002111
candidates_i/n1705,candidates_i/U2421/Y,NAND3X1,NAND2X1/B,1,0.00202749,0.00202749,0.00194421,0.00194421,0.00202749,0.0,0.00202749,0.0,0.002027
candidates_i/n1706,candidates_i/U2425/Y,NAND3X1,NAND3X1/B,1,0.00283213,0.00283213,0.00259978,0.00259978,0.00283213,0.0,0.00283213,0.0,0.002832
candidates_i/n1707,candidates_i/U2424/Y,NAND3X1,NAND3X1/C,1,0.00296109,0.00296109,0.0028316,0.0028316,0.00296109,0.0,0.00296109,0.0,0.002961
candidates_i/n1708,candidates_i/U2426/Y,NAND3X1,NOR3X1/A,1,0.00302113,0.00302113,0.00301081,0.00301081,0.00302113,0.0,0.00302113,0.0,0.003021
candidates_i/n1709,candidates_i/U2423/Y,NAND2X1,NOR3X1/C,1,0.00328822,0.00328822,0.00322576,0.00322576,0.00328822,0.0,0.00328822,0.0,0.003288
candidates_i/n1710,candidates_i/U2420/Y,NAND3X1,NOR3X1/B,1,0.003067,0.00306333,0.003067,0.00306333,0.003067,0.0,0.003067,0.0,0.003067
candidates_i/n1713,candidates_i/U2431/Y,AOI22X1,NAND2X1/B,1,0.00202749,0.00202749,0.00194421,0.00194421,0.00202749,0.0,0.00202749,0.0,0.002027
candidates_i/n1714,candidates_i/U2430/Y,AOI22X1,NAND2X1/A,1,0.00211057,0.00211057,0.00188435,0.00188435,0.00211057,0.0,0.00211057,0.0,0.002111
candidates_i/n1719,candidates_i/U2436/Y,NAND2X1,AOI22X1/D,1,0.00290653,0.00290653,0.00282572,0.00282572,0.00290653,0.0,0.00290653,0.0,0.002907
candidates_i/n1720,candidates_i/U2435/Y,NAND2X1,AOI22X1/B,1,0.00276444,0.00276444,0.00272615,0.00272615,0.00276444,0.0,0.00276444,0.0,0.002764
candidates_i/n1721,candidates_i/U2437/Y,AOI22X1,NAND3X1/C,1,0.00296109,0.00296109,0.0028316,0.0028316,0.00296109,0.0,0.00296109,0.0,0.002961
candidates_i/n1724,candidates_i/U2438/Y,NAND3X1,AOI22X1/B,1,0.00276444,0.00276444,0.00272615,0.00272615,0.00276444,0.0,0.00276444,0.0,0.002764
candidates_i/n1725,candidates_i/U2432/Y,NAND2X1,AOI22X1/A,1,0.00281659,0.00281659,0.00265821,0.00265821,0.00281659,0.0,0.00281659,0.0,0.002817
candidates_i/n1726,candidates_i/U2439/Y,AOI22X1,NAND3X1/B,1,0.00283213,0.00283213,0.00259978,0.00259978,0.00283213,0.0,0.00283213,0.0,0.002832
candidates_i/n1727,candidates_i/U2429/Y,NAND3X1,NAND3X1/C,1,0.00296109,0.00296109,0.0028316,0.0028316,0.00296109,0.0,0.00296109,0.0,0.002961
candidates_i/n1728,candidates_i/U2428/Y,NAND3X1,NAND3X1/A,1,0.00254759,0.00254759,0.00220852,0.00220852,0.00254759,0.0,0.00254759,0.0,0.002548
candidates_i/n1729,candidates_i/U1372/Y,NAND2X1,NAND2X1/B,1,0.00202749,0.00202749,0.00194421,0.00194421,0.00202749,0.0,0.00202749,0.0,0.002027
candidates_i/n1730,candidates_i/U1601/Y,NAND2X1,NAND2X1/A,1,0.00211057,0.00211057,0.00188435,0.00188435,0.00211057,0.0,0.00211057,0.0,0.002111
candidates_i/n1731,candidates_i/U1435/Y,NAND2X1,NAND3X1/C,1,0.00296109,0.00296109,0.0028316,0.0028316,0.00296109,0.0,0.00296109,0.0,0.002961
candidates_i/n1732,candidates_i/U2443/Y,NAND3X1,NAND3X1/B,1,0.00283213,0.00283213,0.00259978,0.00259978,0.00283213,0.0,0.00283213,0.0,0.002832
candidates_i/n1733,candidates_i/U2442/Y,NAND3X1,NAND3X1/A,1,0.00254759,0.00254759,0.00220852,0.00220852,0.00254759,0.0,0.00254759,0.0,0.002548
candidates_i/n1734,candidates_i/U2444/Y,NAND3X1,NOR3X1/C,1,0.00328822,0.00328822,0.00322576,0.00322576,0.00328822,0.0,0.00328822,0.0,0.003288
candidates_i/n1735,candidates_i/U2441/Y,NAND2X1,NOR3X1/B,1,0.003067,0.00306333,0.003067,0.00306333,0.003067,0.0,0.003067,0.0,0.003067
candidates_i/n1736,candidates_i/U2440/Y,NAND3X1,NOR3X1/A,1,0.00302113,0.00302113,0.00301081,0.00301081,0.00302113,0.0,0.00302113,0.0,0.003021
candidates_i/n1737,candidates_i/U2447/Y,AOI22X1,AND2X2/B,1,0.00186944,0.00186944,0.00182011,0.00182011,0.00186944,0.0,0.00186944,0.0,0.001869
candidates_i/n1738,candidates_i/U2446/Y,AOI22X1,AND2X2/A,1,0.00179784,0.00179784,0.00176278,0.00176278,0.00179784,0.0,0.00179784,0.0,0.001798
candidates_i/n1740,candidates_i/U2450/Y,AOI22X1,BUFX2/A,1,0.00153896,0.00153896,0.00150415,0.00150415,0.00153896,0.0,0.00153896,0.0,0.001539
candidates_i/n1741,candidates_i/U2449/Y,AOI22X1,BUFX2/A,1,0.00153896,0.00153896,0.00150415,0.00150415,0.00153896,0.0,0.00153896,0.0,0.001539
candidates_i/n1742,candidates_i/U2452/Y,AOI22X1,BUFX2/A,1,0.00153896,0.00153896,0.00150415,0.00150415,0.00153896,0.0,0.00153896,0.0,0.001539
candidates_i/n1743,candidates_i/U2451/Y,AOI22X1,BUFX2/A,1,0.00153896,0.00153896,0.00150415,0.00150415,0.00153896,0.0,0.00153896,0.0,0.001539
candidates_i/n1747,candidates_i/U2455/Y,AOI22X1,AND2X1/B,1,0.00234289,0.00234289,0.00182664,0.00182664,0.00234289,0.0,0.00234289,0.0,0.002343
candidates_i/n1748,candidates_i/U2454/Y,AOI22X1,BUFX2/A,1,0.00153896,0.00153896,0.00150415,0.00150415,0.00153896,0.0,0.00153896,0.0,0.001539
candidates_i/n1750,candidates_i/U2458/Y,AOI22X1,BUFX2/A,1,0.00153896,0.00153896,0.00150415,0.00150415,0.00153896,0.0,0.00153896,0.0,0.001539
candidates_i/n1751,candidates_i/U2457/Y,AOI22X1,BUFX2/A,1,0.00153896,0.00153896,0.00150415,0.00150415,0.00153896,0.0,0.00153896,0.0,0.001539
candidates_i/n1755,candidates_i/U2453/Y,NAND3X1,NOR3X1/C,1,0.00328822,0.00328822,0.00322576,0.00322576,0.00328822,0.0,0.00328822,0.0,0.003288
candidates_i/n1756,candidates_i/U2461/Y,AOI22X1,NAND2X1/A,1,0.00211057,0.00211057,0.00188435,0.00188435,0.00211057,0.0,0.00211057,0.0,0.002111
candidates_i/n1757,candidates_i/U2460/Y,AOI22X1,NAND2X1/B,1,0.00202749,0.00202749,0.00194421,0.00194421,0.00202749,0.0,0.00202749,0.0,0.002027
candidates_i/n1758,candidates_i/U2464/Y,AOI22X1,BUFX2/A,1,0.00153896,0.00153896,0.00150415,0.00150415,0.00153896,0.0,0.00153896,0.0,0.001539
candidates_i/n1759,candidates_i/U2463/Y,AOI22X1,BUFX2/A,1,0.00153896,0.00153896,0.00150415,0.00150415,0.00153896,0.0,0.00153896,0.0,0.001539
candidates_i/n1761,candidates_i/U2466/Y,AOI22X1,BUFX2/A,1,0.00153896,0.00153896,0.00150415,0.00150415,0.00153896,0.0,0.00153896,0.0,0.001539
candidates_i/n1762,candidates_i/U2465/Y,AOI22X1,BUFX2/A,1,0.00153896,0.00153896,0.00150415,0.00150415,0.00153896,0.0,0.00153896,0.0,0.001539
candidates_i/n1764,candidates_i/U2469/Y,AOI22X1,BUFX2/A,1,0.00153896,0.00153896,0.00150415,0.00150415,0.00153896,0.0,0.00153896,0.0,0.001539
candidates_i/n1765,candidates_i/U2468/Y,AOI22X1,BUFX2/A,1,0.00153896,0.00153896,0.00150415,0.00150415,0.00153896,0.0,0.00153896,0.0,0.001539
candidates_i/n1772,candidates_i/U2473/Y,NAND3X1,AND2X2/B,1,0.00186944,0.00186944,0.00182011,0.00182011,0.00186944,0.0,0.00186944,0.0,0.001869
candidates_i/n1773,candidates_i/U2472/Y,NAND3X1,AND2X2/A,1,0.00179784,0.00179784,0.00176278,0.00176278,0.00179784,0.0,0.00179784,0.0,0.001798
candidates_i/n1775,candidates_i/U1254/Y,NAND2X1,NAND3X1/B,1,0.00283213,0.00283213,0.00259978,0.00259978,0.00283213,0.0,0.00283213,0.0,0.002832
candidates_i/n1776,candidates_i/U1186/Y,NAND2X1,NAND3X1/A,1,0.00254759,0.00254759,0.00220852,0.00220852,0.00254759,0.0,0.00254759,0.0,0.002548
candidates_i/n1777,candidates_i/U1342/Y,NAND2X1,NAND2X1/A,1,0.00211057,0.00211057,0.00188435,0.00188435,0.00211057,0.0,0.00211057,0.0,0.002111
candidates_i/n1778,candidates_i/U1219/Y,NAND2X1,NAND2X1/B,1,0.00202749,0.00202749,0.00194421,0.00194421,0.00202749,0.0,0.00202749,0.0,0.002027
candidates_i/n1779,candidates_i/U1351/Y,NAND2X1,NAND2X1/B,1,0.00202749,0.00202749,0.00194421,0.00194421,0.00202749,0.0,0.00202749,0.0,0.002027
candidates_i/n1780,candidates_i/U1595/Y,NAND2X1,AND2X2/B,1,0.00186944,0.00186944,0.00182011,0.00182011,0.00186944,0.0,0.00186944,0.0,0.001869
candidates_i/n1781,candidates_i/U1352/Y,NAND2X1,NOR3X1/B,1,0.003067,0.00306333,0.003067,0.00306333,0.003067,0.0,0.003067,0.0,0.003067
candidates_i/n1782,candidates_i/U2476/Y,NAND2X1,NOR3X1/A,1,0.00302113,0.00302113,0.00301081,0.00301081,0.00302113,0.0,0.00302113,0.0,0.003021
candidates_i/n1783,candidates_i/U2475/Y,NAND3X1,NOR3X1/C,1,0.00328822,0.00328822,0.00322576,0.00322576,0.00328822,0.0,0.00328822,0.0,0.003288
candidates_i/n1786,candidates_i/U2482/Y,NAND2X1,AOI22X1/D,1,0.00290653,0.00290653,0.00282572,0.00282572,0.00290653,0.0,0.00290653,0.0,0.002907
candidates_i/n1787,candidates_i/U2481/Y,NAND2X1,AOI22X1/B,1,0.00276444,0.00276444,0.00272615,0.00272615,0.00276444,0.0,0.00276444,0.0,0.002764
candidates_i/n1788,candidates_i/U2483/Y,AOI22X1,NAND3X1/C,1,0.00296109,0.00296109,0.0028316,0.0028316,0.00296109,0.0,0.00296109,0.0,0.002961
candidates_i/n1791,candidates_i/U2486/Y,AOI22X1,NAND2X1/B,1,0.00202749,0.00202749,0.00194421,0.00194421,0.00202749,0.0,0.00202749,0.0,0.002027
candidates_i/n1792,candidates_i/U2485/Y,AOI22X1,BUFX2/A,1,0.00153896,0.00153896,0.00150415,0.00150415,0.00153896,0.0,0.00153896,0.0,0.001539
candidates_i/n1793,candidates_i/U2487/Y,NAND2X1,AOI22X1/B,1,0.00276444,0.00276444,0.00272615,0.00272615,0.00276444,0.0,0.00276444,0.0,0.002764
candidates_i/n1794,candidates_i/U2484/Y,NAND3X1,AOI22X1/A,1,0.00281659,0.00281659,0.00265821,0.00265821,0.00281659,0.0,0.00281659,0.0,0.002817
candidates_i/n1795,candidates_i/U2488/Y,AOI22X1,NAND3X1/A,1,0.00254759,0.00254759,0.00220852,0.00220852,0.00254759,0.0,0.00254759,0.0,0.002548
candidates_i/n1796,candidates_i/U1371/Y,NAND2X1,NAND3X1/C,1,0.00296109,0.00296109,0.0028316,0.0028316,0.00296109,0.0,0.00296109,0.0,0.002961
candidates_i/n1797,candidates_i/U2478/Y,NAND3X1,NAND3X1/B,1,0.00283213,0.00283213,0.00259978,0.00259978,0.00283213,0.0,0.00283213,0.0,0.002832
candidates_i/n1798,candidates_i/U2490/Y,NAND3X1,NAND2X1/A,1,0.00211057,0.00211057,0.00188435,0.00188435,0.00211057,0.0,0.00211057,0.0,0.002111
candidates_i/n1799,candidates_i/U1521/Y,NAND2X1,NAND2X1/B,1,0.00202749,0.00202749,0.00194421,0.00194421,0.00202749,0.0,0.00202749,0.0,0.002027
candidates_i/n1800,candidates_i/U2494/Y,NAND3X1,NAND3X1/B,1,0.00283213,0.00283213,0.00259978,0.00259978,0.00283213,0.0,0.00283213,0.0,0.002832
candidates_i/n1801,candidates_i/U2493/Y,NAND3X1,NAND3X1/C,1,0.00296109,0.00296109,0.0028316,0.0028316,0.00296109,0.0,0.00296109,0.0,0.002961
candidates_i/n1802,candidates_i/U2492/Y,NAND3X1,NAND3X1/A,1,0.00254759,0.00254759,0.00220852,0.00220852,0.00254759,0.0,0.00254759,0.0,0.002548
candidates_i/n1803,candidates_i/U2495/Y,NAND3X1,INVX1/A;NOR3X1/C,2,0.00483925,0.00483925,0.00470192,0.00470192,0.00483925,0.0,0.00483925,0.0,0.004839
candidates_i/n1804,candidates_i/U2491/Y,NAND2X1,NOR2X1/B;NOR3X1/A,2,0.005386139999999999,0.005386139999999999,0.005307920000000001,0.00530792,0.00538614,0.0,0.00538614,0.0,0.005386
candidates_i/n1805,candidates_i/U2489/Y,NAND3X1,BUFX2/A;NOR3X1/B,2,0.00460596,0.00460229,0.0045711499999999995,0.00457115,0.00460229,0.0,0.00460229,0.0,0.004606
candidates_i/n1806,candidates_i/U2497/Y,AOI22X1,AND2X2/B,1,0.00186944,0.00186944,0.00182011,0.00182011,0.00186944,0.0,0.00186944,0.0,0.001869
candidates_i/n1807,candidates_i/U2496/Y,AOI22X1,BUFX2/A,1,0.00153896,0.00153896,0.00150415,0.00150415,0.00153896,0.0,0.00153896,0.0,0.001539
candidates_i/n1809,candidates_i/U2499/Y,AOI22X1,BUFX2/A,1,0.00153896,0.00153896,0.00150415,0.00150415,0.00153896,0.0,0.00153896,0.0,0.001539
candidates_i/n1810,candidates_i/U2498/Y,AOI22X1,BUFX2/A,1,0.00153896,0.00153896,0.00150415,0.00150415,0.00153896,0.0,0.00153896,0.0,0.001539
candidates_i/n1812,candidates_i/U2501/Y,AOI22X1,BUFX2/A,1,0.00153896,0.00153896,0.00150415,0.00150415,0.00153896,0.0,0.00153896,0.0,0.001539
candidates_i/n1813,candidates_i/U2500/Y,AOI22X1,BUFX2/A,1,0.00153896,0.00153896,0.00150415,0.00150415,0.00153896,0.0,0.00153896,0.0,0.001539
candidates_i/n1818,candidates_i/U2504/Y,AOI22X1,BUFX2/A,1,0.00153896,0.00153896,0.00150415,0.00150415,0.00153896,0.0,0.00153896,0.0,0.001539
candidates_i/n1819,candidates_i/U2503/Y,AOI22X1,BUFX2/A,1,0.00153896,0.00153896,0.00150415,0.00150415,0.00153896,0.0,0.00153896,0.0,0.001539
candidates_i/n1821,candidates_i/U2506/Y,AOI22X1,BUFX2/A,1,0.00153896,0.00153896,0.00150415,0.00150415,0.00153896,0.0,0.00153896,0.0,0.001539
candidates_i/n1822,candidates_i/U2505/Y,AOI22X1,BUFX2/A,1,0.00153896,0.00153896,0.00150415,0.00150415,0.00153896,0.0,0.00153896,0.0,0.001539
candidates_i/n1826,candidates_i/U2502/Y,NAND3X1,NOR2X1/A,1,0.00224248,0.00224248,0.00220861,0.00220861,0.00224248,0.0,0.00224248,0.0,0.002242
candidates_i/n1827,candidates_i/U2508/Y,AOI22X1,AND2X2/B,1,0.00186944,0.00186944,0.00182011,0.00182011,0.00186944,0.0,0.00186944,0.0,0.001869
candidates_i/n1828,candidates_i/U2507/Y,AOI22X1,AND2X2/A,1,0.00179784,0.00179784,0.00176278,0.00176278,0.00179784,0.0,0.00179784,0.0,0.001798
candidates_i/n1829,candidates_i/U2510/Y,AOI22X1,BUFX2/A,1,0.00153896,0.00153896,0.00150415,0.00150415,0.00153896,0.0,0.00153896,0.0,0.001539
candidates_i/n1830,candidates_i/U2509/Y,AOI22X1,BUFX2/A,1,0.00153896,0.00153896,0.00150415,0.00150415,0.00153896,0.0,0.00153896,0.0,0.001539
candidates_i/n1831,candidates_i/U1019/Y,NAND2X1,AND2X2/A,1,0.00179784,0.00179784,0.00176278,0.00176278,0.00179784,0.0,0.00179784,0.0,0.001798
candidates_i/n1832,candidates_i/U2512/Y,AOI22X1,BUFX2/A,1,0.00153896,0.00153896,0.00150415,0.00150415,0.00153896,0.0,0.00153896,0.0,0.001539
candidates_i/n1833,candidates_i/U2511/Y,AOI22X1,BUFX2/A,1,0.00153896,0.00153896,0.00150415,0.00150415,0.00153896,0.0,0.00153896,0.0,0.001539
candidates_i/n1835,candidates_i/U2514/Y,AOI22X1,BUFX2/A,1,0.00153896,0.00153896,0.00150415,0.00150415,0.00153896,0.0,0.00153896,0.0,0.001539
candidates_i/n1836,candidates_i/U2513/Y,AOI22X1,BUFX2/A,1,0.00153896,0.00153896,0.00150415,0.00150415,0.00153896,0.0,0.00153896,0.0,0.001539
candidates_i/n1842,candidates_i/U1112/Y,NOR2X1,AND2X2/A,1,0.00179784,0.00179784,0.00176278,0.00176278,0.00179784,0.0,0.00179784,0.0,0.001798
candidates_i/n1843,candidates_i/U2517/Y,NAND3X1,INVX1/A,1,0.00155103,0.00155103,0.00147616,0.00147616,0.00155103,0.0,0.00155103,0.0,0.001551
candidates_i/n1844,candidates_i/U1476/Y,NAND2X1,AND2X2/B,1,0.00186944,0.00186944,0.00182011,0.00182011,0.00186944,0.0,0.00186944,0.0,0.001869
candidates_i/n1845,candidates_i/U1408/Y,NAND2X1,AND2X2/A,1,0.00179784,0.00179784,0.00176278,0.00176278,0.00179784,0.0,0.00179784,0.0,0.001798
candidates_i/n1847,candidates_i/U2520/Y,NAND3X1,NAND3X1/C,1,0.00296109,0.00296109,0.0028316,0.0028316,0.00296109,0.0,0.00296109,0.0,0.002961
candidates_i/n1848,candidates_i/U2519/Y,NAND3X1,NAND3X1/A,1,0.00254759,0.00254759,0.00220852,0.00220852,0.00254759,0.0,0.00254759,0.0,0.002548
candidates_i/n1849,candidates_i/U1664/Y,NAND2X1,NAND2X1/A,1,0.00211057,0.00211057,0.00188435,0.00188435,0.00211057,0.0,0.00211057,0.0,0.002111
candidates_i/n1850,candidates_i/U1665/Y,NAND2X1,NAND2X1/B,1,0.00202749,0.00202749,0.00194421,0.00194421,0.00202749,0.0,0.00202749,0.0,0.002027
candidates_i/n1851,candidates_i/U1274/Y,NAND2X1,NAND3X1/B,1,0.00283213,0.00283213,0.00259978,0.00259978,0.00283213,0.0,0.00283213,0.0,0.002832
candidates_i/n1852,candidates_i/U1427/Y,NAND2X1,NAND3X1/C,1,0.00296109,0.00296109,0.0028316,0.0028316,0.00296109,0.0,0.00296109,0.0,0.002961
candidates_i/n1853,candidates_i/U2524/Y,NAND3X1,NOR3X1/A,1,0.00302113,0.00302113,0.00301081,0.00301081,0.00302113,0.0,0.00302113,0.0,0.003021
candidates_i/n1854,candidates_i/U2523/Y,NAND2X1,NOR3X1/B,1,0.003067,0.00306333,0.003067,0.00306333,0.003067,0.0,0.003067,0.0,0.003067
candidates_i/n1855,candidates_i/U2522/Y,NAND3X1,NOR3X1/C,1,0.00328822,0.00328822,0.00322576,0.00322576,0.00328822,0.0,0.00328822,0.0,0.003288
candidates_i/n1857,candidates_i/U2526/Y,AOI22X1,NAND2X1/A,1,0.00211057,0.00211057,0.00188435,0.00188435,0.00211057,0.0,0.00211057,0.0,0.002111
candidates_i/n1859,candidates_i/U2531/Y,NAND2X1,AOI22X1/D,1,0.00290653,0.00290653,0.00282572,0.00282572,0.00290653,0.0,0.00290653,0.0,0.002907
candidates_i/n1860,candidates_i/U2530/Y,NAND2X1,AOI22X1/B,1,0.00276444,0.00276444,0.00272615,0.00272615,0.00276444,0.0,0.00276444,0.0,0.002764
candidates_i/n1861,candidates_i/U2532/Y,AOI22X1,NAND3X1/C,1,0.00296109,0.00296109,0.0028316,0.0028316,0.00296109,0.0,0.00296109,0.0,0.002961
candidates_i/n1864,candidates_i/U2533/Y,NAND3X1,NAND2X1/A,1,0.00211057,0.00211057,0.00188435,0.00188435,0.00211057,0.0,0.00211057,0.0,0.002111
candidates_i/n1865,candidates_i/U2527/Y,NAND2X1,NAND2X1/B,1,0.00202749,0.00202749,0.00194421,0.00194421,0.00202749,0.0,0.00202749,0.0,0.002027
candidates_i/n1866,candidates_i/U1633/Y,NAND2X1,NAND2X1/A,1,0.00211057,0.00211057,0.00188435,0.00188435,0.00211057,0.0,0.00211057,0.0,0.002111
candidates_i/n1867,candidates_i/U2534/Y,NAND3X1,NAND2X1/B,1,0.00202749,0.00202749,0.00194421,0.00194421,0.00202749,0.0,0.00202749,0.0,0.002027
candidates_i/n1868,candidates_i/U1626/Y,NAND2X1,NAND2X1/A,1,0.00211057,0.00211057,0.00188435,0.00188435,0.00211057,0.0,0.00211057,0.0,0.002111
candidates_i/n1869,candidates_i/U2537/Y,NAND3X1,NAND3X1/A,1,0.00254759,0.00254759,0.00220852,0.00220852,0.00254759,0.0,0.00254759,0.0,0.002548
candidates_i/n1870,candidates_i/U2536/Y,NAND3X1,NAND3X1/B,1,0.00283213,0.00283213,0.00259978,0.00259978,0.00283213,0.0,0.00283213,0.0,0.002832
candidates_i/n1871,candidates_i/U1400/Y,NAND2X1,NAND3X1/C,1,0.00296109,0.00296109,0.0028316,0.0028316,0.00296109,0.0,0.00296109,0.0,0.002961
candidates_i/n1872,candidates_i/U2538/Y,NAND3X1,NOR3X1/C,1,0.00328822,0.00328822,0.00322576,0.00322576,0.00328822,0.0,0.00328822,0.0,0.003288
candidates_i/n1873,candidates_i/U2535/Y,NAND2X1,NOR3X1/B,1,0.003067,0.00306333,0.003067,0.00306333,0.003067,0.0,0.003067,0.0,0.003067
candidates_i/n1874,candidates_i/U1634/Y,NAND2X1,NOR3X1/A,1,0.00302113,0.00302113,0.00301081,0.00301081,0.00302113,0.0,0.00302113,0.0,0.003021
candidates_i/n1875,candidates_i/U2541/Y,AOI22X1,NAND2X1/B,1,0.00202749,0.00202749,0.00194421,0.00194421,0.00202749,0.0,0.00202749,0.0,0.002027
candidates_i/n1876,candidates_i/U2540/Y,AOI22X1,NAND2X1/A,1,0.00211057,0.00211057,0.00188435,0.00188435,0.00211057,0.0,0.00211057,0.0,0.002111
candidates_i/n1877,candidates_i/U2544/Y,AOI22X1,AND2X2/B,1,0.00186944,0.00186944,0.00182011,0.00182011,0.00186944,0.0,0.00186944,0.0,0.001869
candidates_i/n1878,candidates_i/U2543/Y,AOI22X1,AND2X2/A,1,0.00179784,0.00179784,0.00176278,0.00176278,0.00179784,0.0,0.00179784,0.0,0.001798
candidates_i/n1880,candidates_i/U2546/Y,AOI22X1,AND2X2/B,1,0.00186944,0.00186944,0.00182011,0.00182011,0.00186944,0.0,0.00186944,0.0,0.001869
candidates_i/n1881,candidates_i/U2545/Y,AOI22X1,AND2X2/A,1,0.00179784,0.00179784,0.00176278,0.00176278,0.00179784,0.0,0.00179784,0.0,0.001798
candidates_i/n1884,candidates_i/U1377/Y,NAND2X1,NAND3X1/B,1,0.00283213,0.00283213,0.00259978,0.00259978,0.00283213,0.0,0.00283213,0.0,0.002832
candidates_i/n1886,candidates_i/U2550/Y,AOI22X1,NAND2X1/B,1,0.00202749,0.00202749,0.00194421,0.00194421,0.00202749,0.0,0.00202749,0.0,0.002027
candidates_i/n1887,candidates_i/U2549/Y,AOI22X1,NAND2X1/A,1,0.00211057,0.00211057,0.00188435,0.00188435,0.00211057,0.0,0.00211057,0.0,0.002111
candidates_i/n1888,candidates_i/U2551/Y,AOI22X1,AND2X2/B,1,0.00186944,0.00186944,0.00182011,0.00182011,0.00186944,0.0,0.00186944,0.0,0.001869
candidates_i/n1889,candidates_i/U1416/Y,NOR2X1,AND2X2/A,1,0.00179784,0.00179784,0.00176278,0.00176278,0.00179784,0.0,0.00179784,0.0,0.001798
candidates_i/n1891,candidates_i/U2548/Y,NAND3X1,NOR2X1/A,1,0.00224248,0.00224248,0.00220861,0.00220861,0.00224248,0.0,0.00224248,0.0,0.002242
candidates_i/n1892,candidates_i/U2553/Y,AOI22X1,NAND2X1/B,1,0.00202749,0.00202749,0.00194421,0.00194421,0.00202749,0.0,0.00202749,0.0,0.002027
candidates_i/n1893,candidates_i/U2552/Y,AOI22X1,NAND2X1/A,1,0.00211057,0.00211057,0.00188435,0.00188435,0.00211057,0.0,0.00211057,0.0,0.002111
candidates_i/n1894,candidates_i/U2556/Y,AOI22X1,AND2X2/A,1,0.00179784,0.00179784,0.00176278,0.00176278,0.00179784,0.0,0.00179784,0.0,0.001798
candidates_i/n1895,candidates_i/U2555/Y,AOI22X1,BUFX2/A,1,0.00153896,0.00153896,0.00150415,0.00150415,0.00153896,0.0,0.00153896,0.0,0.001539
candidates_i/n1897,candidates_i/U2558/Y,AOI22X1,BUFX2/A,1,0.00153896,0.00153896,0.00150415,0.00150415,0.00153896,0.0,0.00153896,0.0,0.001539
candidates_i/n1898,candidates_i/U2557/Y,AOI22X1,BUFX2/A,1,0.00153896,0.00153896,0.00150415,0.00150415,0.00153896,0.0,0.00153896,0.0,0.001539
candidates_i/n1900,candidates_i/U2560/Y,AOI22X1,AND2X2/B,1,0.00186944,0.00186944,0.00182011,0.00182011,0.00186944,0.0,0.00186944,0.0,0.001869
candidates_i/n1901,candidates_i/U2559/Y,AOI22X1,BUFX2/A,1,0.00153896,0.00153896,0.00150415,0.00150415,0.00153896,0.0,0.00153896,0.0,0.001539
candidates_i/n1905,candidates_i/U2562/Y,NAND3X1,AND2X2/B,1,0.00186944,0.00186944,0.00182011,0.00182011,0.00186944,0.0,0.00186944,0.0,0.001869
candidates_i/n1906,candidates_i/U1417/Y,NAND2X1,AND2X2/A,1,0.00179784,0.00179784,0.00176278,0.00176278,0.00179784,0.0,0.00179784,0.0,0.001798
candidates_i/n1908,candidates_i/U2561/Y,NAND3X1,BUFX2/A;NAND3X1/B,2,0.00437109,0.00437109,0.00410393,0.00410393,0.00437109,0.0,0.00437109,0.0,0.004371
candidates_i/n1909,candidates_i/U1388/Y,NAND2X1,NAND3X1/A;NAND3X1/A,2,0.00509518,0.00509518,0.00441704,0.00441704,0.00509518,0.0,0.00509518,0.0,0.005095
candidates_i/n1910,candidates_i/U1280/Y,NAND2X1,NAND2X1/B,1,0.00202749,0.00202749,0.00194421,0.00194421,0.00202749,0.0,0.00202749,0.0,0.002027
candidates_i/n1911,candidates_i/U2565/Y,NAND3X1,NAND2X1/A,1,0.00211057,0.00211057,0.00188435,0.00188435,0.00211057,0.0,0.00211057,0.0,0.002111
candidates_i/n1913,candidates_i/U2567/Y,NAND3X1,BUFX2/A;NAND3X1/B,2,0.00437109,0.00437109,0.00410393,0.00410393,0.00437109,0.0,0.00437109,0.0,0.004371
candidates_i/n1914,candidates_i/U2568/Y,NAND3X1,NOR3X1/C,1,0.00328822,0.00328822,0.00322576,0.00322576,0.00328822,0.0,0.00328822,0.0,0.003288
candidates_i/n1915,candidates_i/U2566/Y,NAND2X1,BUFX2/A;NOR3X1/A,2,0.00456009,0.00456009,0.00451496,0.00451496,0.00456009,0.0,0.00456009,0.0,0.00456
candidates_i/n1916,candidates_i/U2564/Y,NAND3X1,NOR3X1/B,1,0.003067,0.00306333,0.003067,0.00306333,0.003067,0.0,0.003067,0.0,0.003067
candidates_i/n1918,candidates_i/U2573/Y,AOI22X1,NAND2X1/B,1,0.00202749,0.00202749,0.00194421,0.00194421,0.00202749,0.0,0.00202749,0.0,0.002027
candidates_i/n1919,candidates_i/U2571/Y,AOI22X1,NAND2X1/A,1,0.00211057,0.00211057,0.00188435,0.00188435,0.00211057,0.0,0.00211057,0.0,0.002111
candidates_i/n1920,candidates_i/U2578/Y,NAND2X1,AOI22X1/D,1,0.00290653,0.00290653,0.00282572,0.00282572,0.00290653,0.0,0.00290653,0.0,0.002907
candidates_i/n1921,candidates_i/U2577/Y,NAND2X1,AOI22X1/B,1,0.00276444,0.00276444,0.00272615,0.00272615,0.00276444,0.0,0.00276444,0.0,0.002764
candidates_i/n1922,candidates_i/U2579/Y,AOI22X1,NAND3X1/A,1,0.00254759,0.00254759,0.00220852,0.00220852,0.00254759,0.0,0.00254759,0.0,0.002548
candidates_i/n1925,candidates_i/U2580/Y,NAND3X1,AND2X2/A,1,0.00179784,0.00179784,0.00176278,0.00176278,0.00179784,0.0,0.00179784,0.0,0.001798
candidates_i/n1926,candidates_i/U2574/Y,NAND2X1,AND2X2/B,1,0.00186944,0.00186944,0.00182011,0.00182011,0.00186944,0.0,0.00186944,0.0,0.001869
candidates_i/n1927,candidates_i/U635/Y,NOR2X1,AND2X2/B,1,0.00186944,0.00186944,0.00182011,0.00182011,0.00186944,0.0,0.00186944,0.0,0.001869
candidates_i/n1928,candidates_i/U2570/Y,NAND3X1,NAND2X1/B,1,0.00202749,0.00202749,0.00194421,0.00194421,0.00202749,0.0,0.00202749,0.0,0.002027
candidates_i/n1929,candidates_i/U1194/Y,NAND2X1,AND2X2/A,1,0.00179784,0.00179784,0.00176278,0.00176278,0.00179784,0.0,0.00179784,0.0,0.001798
candidates_i/n1930,candidates_i/U1046/Y,NAND2X1,NAND2X1/A,1,0.00211057,0.00211057,0.00188435,0.00188435,0.00211057,0.0,0.00211057,0.0,0.002111
candidates_i/n1931,candidates_i/U2581/Y,NAND3X1,NAND2X1/B,1,0.00202749,0.00202749,0.00194421,0.00194421,0.00202749,0.0,0.00202749,0.0,0.002027
candidates_i/n1932,candidates_i/U2584/Y,NAND3X1,NAND3X1/C,1,0.00296109,0.00296109,0.0028316,0.0028316,0.00296109,0.0,0.00296109,0.0,0.002961
candidates_i/n1933,candidates_i/U2583/Y,NAND3X1,NAND3X1/B,1,0.00283213,0.00283213,0.00259978,0.00259978,0.00283213,0.0,0.00283213,0.0,0.002832
candidates_i/n1934,candidates_i/U1301/Y,NAND2X1,NAND3X1/A,1,0.00254759,0.00254759,0.00220852,0.00220852,0.00254759,0.0,0.00254759,0.0,0.002548
candidates_i/n1935,candidates_i/U2585/Y,NAND3X1,NOR3X1/C,1,0.00328822,0.00328822,0.00322576,0.00322576,0.00328822,0.0,0.00328822,0.0,0.003288
candidates_i/n1936,candidates_i/U2582/Y,NAND2X1,NOR3X1/A,1,0.00302113,0.00302113,0.00301081,0.00301081,0.00302113,0.0,0.00302113,0.0,0.003021
candidates_i/n1937,candidates_i/U1570/Y,NAND2X1,NOR3X1/B,1,0.003067,0.00306333,0.003067,0.00306333,0.003067,0.0,0.003067,0.0,0.003067
candidates_i/n1938,candidates_i/U2588/Y,AOI22X1,INVX1/A,1,0.00155103,0.00155103,0.00147616,0.00147616,0.00155103,0.0,0.00155103,0.0,0.001551
candidates_i/n1939,candidates_i/U2587/Y,AOI22X1,INVX1/A,1,0.00155103,0.00155103,0.00147616,0.00147616,0.00155103,0.0,0.00155103,0.0,0.001551
candidates_i/n1940,candidates_i/U2590/Y,AOI22X1,AND2X2/B,1,0.00186944,0.00186944,0.00182011,0.00182011,0.00186944,0.0,0.00186944,0.0,0.001869
candidates_i/n1941,candidates_i/U2589/Y,AOI22X1,AND2X2/A,1,0.00179784,0.00179784,0.00176278,0.00176278,0.00179784,0.0,0.00179784,0.0,0.001798
candidates_i/n1943,candidates_i/U2591/Y,AOI22X1,BUFX2/A,1,0.00153896,0.00153896,0.00150415,0.00150415,0.00153896,0.0,0.00153896,0.0,0.001539
candidates_i/n1944,candidates_i/U1287/Y,NOR2X1,NAND2X1/B,1,0.00202749,0.00202749,0.00194421,0.00194421,0.00202749,0.0,0.00202749,0.0,0.002027
candidates_i/n1948,candidates_i/U2594/Y,AOI22X1,NAND2X1/B,1,0.00202749,0.00202749,0.00194421,0.00194421,0.00202749,0.0,0.00202749,0.0,0.002027
candidates_i/n1949,candidates_i/U2593/Y,AOI22X1,NAND2X1/A,1,0.00211057,0.00211057,0.00188435,0.00188435,0.00211057,0.0,0.00211057,0.0,0.002111
candidates_i/n1950,candidates_i/U2595/Y,NAND2X1,XOR2X1/A,1,0.00539601,0.00539601,0.00499683,0.00499683,0.00539601,0.0,0.00539601,0.0,0.005396
candidates_i/n1951,candidates_i/U2598/Y,AOI22X1,BUFX2/A,1,0.00153896,0.00153896,0.00150415,0.00150415,0.00153896,0.0,0.00153896,0.0,0.001539
candidates_i/n1952,candidates_i/U2597/Y,AOI22X1,BUFX2/A,1,0.00153896,0.00153896,0.00150415,0.00150415,0.00153896,0.0,0.00153896,0.0,0.001539
candidates_i/n1956,candidates_i/U2592/Y,NAND3X1,NOR3X1/C,1,0.00328822,0.00328822,0.00322576,0.00322576,0.00328822,0.0,0.00328822,0.0,0.003288
candidates_i/n1957,candidates_i/U2601/Y,AOI22X1,NAND2X1/B,1,0.00202749,0.00202749,0.00194421,0.00194421,0.00202749,0.0,0.00202749,0.0,0.002027
candidates_i/n1958,candidates_i/U2600/Y,AOI22X1,NAND2X1/A,1,0.00211057,0.00211057,0.00188435,0.00188435,0.00211057,0.0,0.00211057,0.0,0.002111
candidates_i/n1959,candidates_i/U2602/Y,NAND2X1,XNOR2X1/A,1,0.00500113,0.00500113,0.00461621,0.00461621,0.00500113,0.0,0.00500113,0.0,0.005001
candidates_i/n1960,candidates_i/U2605/Y,AOI22X1,NAND2X1/B,1,0.00202749,0.00202749,0.00194421,0.00194421,0.00202749,0.0,0.00202749,0.0,0.002027
candidates_i/n1961,candidates_i/U2604/Y,AOI22X1,NAND2X1/A,1,0.00211057,0.00211057,0.00188435,0.00188435,0.00211057,0.0,0.00211057,0.0,0.002111
candidates_i/n1963,candidates_i/U2609/Y,AOI22X1,BUFX2/A,1,0.00153896,0.00153896,0.00150415,0.00150415,0.00153896,0.0,0.00153896,0.0,0.001539
candidates_i/n1964,candidates_i/U2608/Y,AOI22X1,BUFX2/A,1,0.00153896,0.00153896,0.00150415,0.00150415,0.00153896,0.0,0.00153896,0.0,0.001539
candidates_i/n1966,candidates_i/U2611/Y,AOI22X1,BUFX2/A,1,0.00153896,0.00153896,0.00150415,0.00150415,0.00153896,0.0,0.00153896,0.0,0.001539
candidates_i/n1967,candidates_i/U2610/Y,AOI22X1,BUFX2/A,1,0.00153896,0.00153896,0.00150415,0.00150415,0.00153896,0.0,0.00153896,0.0,0.001539
candidates_i/n1971,candidates_i/U2607/Y,NAND2X1,NOR3X1/A,1,0.00302113,0.00302113,0.00301081,0.00301081,0.00302113,0.0,0.00302113,0.0,0.003021
candidates_i/n1974,candidates_i/U978/Y,NAND2X1,NAND3X1/C,1,0.00296109,0.00296109,0.0028316,0.0028316,0.00296109,0.0,0.00296109,0.0,0.002961
candidates_i/n1975,candidates_i/U1447/Y,NAND2X1,NAND3X1/A,1,0.00254759,0.00254759,0.00220852,0.00220852,0.00254759,0.0,0.00254759,0.0,0.002548
candidates_i/n1976,candidates_i/U1524/Y,NAND2X1,AND2X2/B,1,0.00186944,0.00186944,0.00182011,0.00182011,0.00186944,0.0,0.00186944,0.0,0.001869
candidates_i/n1977,candidates_i/U2616/Y,NAND3X1,AND2X2/A,1,0.00179784,0.00179784,0.00176278,0.00176278,0.00179784,0.0,0.00179784,0.0,0.001798
candidates_i/n1978,candidates_i/U1517/Y,NAND2X1,NAND3X1/B,1,0.00283213,0.00283213,0.00259978,0.00259978,0.00283213,0.0,0.00283213,0.0,0.002832
candidates_i/n1979,candidates_i/U1293/Y,NAND2X1,NAND3X1/C,1,0.00296109,0.00296109,0.0028316,0.0028316,0.00296109,0.0,0.00296109,0.0,0.002961
candidates_i/n1980,candidates_i/U1575/Y,NAND2X1,NAND3X1/A,1,0.00254759,0.00254759,0.00220852,0.00220852,0.00254759,0.0,0.00254759,0.0,0.002548
candidates_i/n1981,candidates_i/U2618/Y,NAND3X1,AOI21X1/C,1,0.00238603,0.00238603,0.00231224,0.00231224,0.00238603,0.0,0.00238603,0.0,0.002386
candidates_i/n1983,candidates_i/U2619/Y,AOI21X1,NAND2X1/B,1,0.00202749,0.00202749,0.00194421,0.00194421,0.00202749,0.0,0.00202749,0.0,0.002027
candidates_i/n1985,candidates_i/U2620/Y,NAND2X1,NOR2X1/B,1,0.00236501,0.00236501,0.00229711,0.00229711,0.00236501,0.0,0.00236501,0.0,0.002365
candidates_i/n1986,candidates_i/U2615/Y,NAND3X1,NOR2X1/A,1,0.00224248,0.00224248,0.00220861,0.00220861,0.00224248,0.0,0.00224248,0.0,0.002242
candidates_i/n1991,candidates_i/U2626/Y,NAND2X1,AOI22X1/D,1,0.00290653,0.00290653,0.00282572,0.00282572,0.00290653,0.0,0.00290653,0.0,0.002907
candidates_i/n1992,candidates_i/U2625/Y,NAND2X1,AOI22X1/B,1,0.00276444,0.00276444,0.00272615,0.00272615,0.00276444,0.0,0.00276444,0.0,0.002764
candidates_i/n1993,candidates_i/U2627/Y,AOI22X1,NAND3X1/C,1,0.00296109,0.00296109,0.0028316,0.0028316,0.00296109,0.0,0.00296109,0.0,0.002961
candidates_i/n1996,candidates_i/U2630/Y,AOI22X1,NAND2X1/B,1,0.00202749,0.00202749,0.00194421,0.00194421,0.00202749,0.0,0.00202749,0.0,0.002027
candidates_i/n1997,candidates_i/U2629/Y,AOI22X1,NAND2X1/A,1,0.00211057,0.00211057,0.00188435,0.00188435,0.00211057,0.0,0.00211057,0.0,0.002111
candidates_i/n1998,candidates_i/U2631/Y,NAND2X1,AOI22X1/B,1,0.00276444,0.00276444,0.00272615,0.00272615,0.00276444,0.0,0.00276444,0.0,0.002764
candidates_i/n1999,candidates_i/U2628/Y,NAND3X1,AOI22X1/A,1,0.00281659,0.00281659,0.00265821,0.00265821,0.00281659,0.0,0.00281659,0.0,0.002817
candidates_i/n2000,candidates_i/U2632/Y,AOI22X1,NAND3X1/A,1,0.00254759,0.00254759,0.00220852,0.00220852,0.00254759,0.0,0.00254759,0.0,0.002548
candidates_i/n2001,candidates_i/U1523/Y,NAND2X1,NAND3X1/B,1,0.00283213,0.00283213,0.00259978,0.00259978,0.00283213,0.0,0.00283213,0.0,0.002832
candidates_i/n2002,candidates_i/U2622/Y,NAND3X1,NAND3X1/C,1,0.00296109,0.00296109,0.0028316,0.0028316,0.00296109,0.0,0.00296109,0.0,0.002961
candidates_i/n2003,candidates_i/U1471/Y,NAND2X1,NAND2X1/B,1,0.00202749,0.00202749,0.00194421,0.00194421,0.00202749,0.0,0.00202749,0.0,0.002027
candidates_i/n2004,candidates_i/U2634/Y,NAND3X1,NAND2X1/A,1,0.00211057,0.00211057,0.00188435,0.00188435,0.00211057,0.0,0.00211057,0.0,0.002111
candidates_i/n2005,candidates_i/U1474/Y,NAND2X1,NAND3X1/B,1,0.00283213,0.00283213,0.00259978,0.00259978,0.00283213,0.0,0.00283213,0.0,0.002832
candidates_i/n2006,candidates_i/U2636/Y,NAND3X1,NAND3X1/C,1,0.00296109,0.00296109,0.0028316,0.0028316,0.00296109,0.0,0.00296109,0.0,0.002961
candidates_i/n2007,candidates_i/U1628/Y,NAND2X1,NAND3X1/A,1,0.00254759,0.00254759,0.00220852,0.00220852,0.00254759,0.0,0.00254759,0.0,0.002548
candidates_i/n2008,candidates_i/U2635/Y,NAND2X1,INVX1/A;NOR3X1/C,2,0.00483925,0.00483925,0.00470192,0.00470192,0.00483925,0.0,0.00483925,0.0,0.004839
candidates_i/n2009,candidates_i/U2633/Y,NAND3X1,INVX1/A;NOR3X1/A,2,0.00457216,0.00457216,0.00448697,0.00448697,0.00457216,0.0,0.00457216,0.0,0.004572
candidates_i/n2010,candidates_i/U2639/Y,AOI22X1,AND2X2/B,1,0.00186944,0.00186944,0.00182011,0.00182011,0.00186944,0.0,0.00186944,0.0,0.001869
candidates_i/n2011,candidates_i/U2638/Y,AOI22X1,AND2X2/A,1,0.00179784,0.00179784,0.00176278,0.00176278,0.00179784,0.0,0.00179784,0.0,0.001798
candidates_i/n2013,candidates_i/U2641/Y,AOI22X1,BUFX2/A,1,0.00153896,0.00153896,0.00150415,0.00150415,0.00153896,0.0,0.00153896,0.0,0.001539
candidates_i/n2014,candidates_i/U2640/Y,AOI22X1,NAND2X1/A,1,0.00211057,0.00211057,0.00188435,0.00188435,0.00211057,0.0,0.00211057,0.0,0.002111
candidates_i/n2015,candidates_i/U2644/Y,AOI22X1,AND2X2/B,1,0.00186944,0.00186944,0.00182011,0.00182011,0.00186944,0.0,0.00186944,0.0,0.001869
candidates_i/n2016,candidates_i/U2643/Y,AOI22X1,AND2X2/A,1,0.00179784,0.00179784,0.00176278,0.00176278,0.00179784,0.0,0.00179784,0.0,0.001798
candidates_i/n2021,candidates_i/U2647/Y,AOI22X1,AND2X2/B,1,0.00186944,0.00186944,0.00182011,0.00182011,0.00186944,0.0,0.00186944,0.0,0.001869
candidates_i/n2022,candidates_i/U2646/Y,AOI22X1,AND2X2/A,1,0.00179784,0.00179784,0.00176278,0.00176278,0.00179784,0.0,0.00179784,0.0,0.001798
candidates_i/n2024,candidates_i/U2649/Y,AOI22X1,AND2X2/B,1,0.00186944,0.00186944,0.00182011,0.00182011,0.00186944,0.0,0.00186944,0.0,0.001869
candidates_i/n2025,candidates_i/U2648/Y,AOI22X1,AND2X2/A,1,0.00179784,0.00179784,0.00176278,0.00176278,0.00179784,0.0,0.00179784,0.0,0.001798
candidates_i/n2027,candidates_i/U2645/Y,NAND3X1,OR2X2/A,1,0.00230117,0.00229176,0.00230117,0.00229176,0.00230117,0.0,0.00230117,0.0,0.002301
candidates_i/n2028,candidates_i/U2651/Y,AOI22X1,BUFX2/A,1,0.00153896,0.00153896,0.00150415,0.00150415,0.00153896,0.0,0.00153896,0.0,0.001539
candidates_i/n2029,candidates_i/U2650/Y,AOI22X1,NAND2X1/A,1,0.00211057,0.00211057,0.00188435,0.00188435,0.00211057,0.0,0.00211057,0.0,0.002111
candidates_i/n2030,candidates_i/U2654/Y,AOI22X1,BUFX2/A,1,0.00153896,0.00153896,0.00150415,0.00150415,0.00153896,0.0,0.00153896,0.0,0.001539
candidates_i/n2031,candidates_i/U2653/Y,AOI22X1,BUFX2/A,1,0.00153896,0.00153896,0.00150415,0.00150415,0.00153896,0.0,0.00153896,0.0,0.001539
candidates_i/n2033,candidates_i/U2656/Y,AOI22X1,BUFX2/A,1,0.00153896,0.00153896,0.00150415,0.00150415,0.00153896,0.0,0.00153896,0.0,0.001539
candidates_i/n2034,candidates_i/U2655/Y,AOI22X1,BUFX2/A,1,0.00153896,0.00153896,0.00150415,0.00150415,0.00153896,0.0,0.00153896,0.0,0.001539
candidates_i/n2036,candidates_i/U2658/Y,AOI22X1,BUFX2/A,1,0.00153896,0.00153896,0.00150415,0.00150415,0.00153896,0.0,0.00153896,0.0,0.001539
candidates_i/n2037,candidates_i/U2657/Y,AOI22X1,BUFX2/A,1,0.00153896,0.00153896,0.00150415,0.00150415,0.00153896,0.0,0.00153896,0.0,0.001539
candidates_i/n2042,candidates_i/U2659/Y,NAND3X1,INVX2/A,1,0.00267266,0.00265521,0.00267266,0.00265521,0.00267266,0.0,0.00267266,0.0,0.002673
candidates_i/n2043,candidates_i/U2661/Y,NAND3X1,NAND3X1/C,1,0.00296109,0.00296109,0.0028316,0.0028316,0.00296109,0.0,0.00296109,0.0,0.002961
candidates_i/n2044,candidates_i/U2660/Y,NAND3X1,NAND3X1/A,1,0.00254759,0.00254759,0.00220852,0.00220852,0.00254759,0.0,0.00254759,0.0,0.002548
candidates_i/n2045,candidates_i/U1088/Y,NAND2X1,AND2X2/A,1,0.00179784,0.00179784,0.00176278,0.00176278,0.00179784,0.0,0.00179784,0.0,0.001798
candidates_i/n2046,candidates_i/U1272/Y,NAND2X1,AND2X2/B,1,0.00186944,0.00186944,0.00182011,0.00182011,0.00186944,0.0,0.00186944,0.0,0.001869
candidates_i/n2047,candidates_i/U1262/Y,NAND2X1,NAND3X1/A,1,0.00254759,0.00254759,0.00220852,0.00220852,0.00254759,0.0,0.00254759,0.0,0.002548
candidates_i/n2048,candidates_i/U1198/Y,NAND2X1,NAND3X1/B,1,0.00283213,0.00283213,0.00259978,0.00259978,0.00283213,0.0,0.00283213,0.0,0.002832
candidates_i/n2049,candidates_i/U1297/Y,NAND2X1,NAND3X1/C,1,0.00296109,0.00296109,0.0028316,0.0028316,0.00296109,0.0,0.00296109,0.0,0.002961
candidates_i/n2050,candidates_i/U2664/Y,NAND3X1,AOI21X1/C,1,0.00238603,0.00238603,0.00231224,0.00231224,0.00238603,0.0,0.00238603,0.0,0.002386
candidates_i/n2052,candidates_i/U2665/Y,AOI21X1,NAND2X1/B,1,0.00202749,0.00202749,0.00194421,0.00194421,0.00202749,0.0,0.00202749,0.0,0.002027
candidates_i/n2054,candidates_i/U2666/Y,NAND2X1,BUFX2/A;NOR2X1/B,2,0.0039039699999999997,0.0039039699999999997,0.0038012600000000003,0.00380126,0.00390397,0.0,0.00390397,0.0,0.003904
candidates_i/n2055,candidates_i/U2662/Y,NAND3X1,INVX1/A;NOR2X1/A,2,0.00379351,0.00379351,0.0036847700000000004,0.00368477,0.00379351,0.0,0.00379351,0.0,0.003794
candidates_i/n2057,candidates_i/U2669/Y,AOI22X1,NAND2X1/B,1,0.00202749,0.00202749,0.00194421,0.00194421,0.00202749,0.0,0.00202749,0.0,0.002027
candidates_i/n2058,candidates_i/U2668/Y,AOI22X1,NAND2X1/A,1,0.00211057,0.00211057,0.00188435,0.00188435,0.00211057,0.0,0.00211057,0.0,0.002111
candidates_i/n2059,candidates_i/U2674/Y,NAND2X1,AOI22X1/D,1,0.00290653,0.00290653,0.00282572,0.00282572,0.00290653,0.0,0.00290653,0.0,0.002907
candidates_i/n2060,candidates_i/U2673/Y,NAND2X1,AOI22X1/B,1,0.00276444,0.00276444,0.00272615,0.00272615,0.00276444,0.0,0.00276444,0.0,0.002764
candidates_i/n2061,candidates_i/U2675/Y,AOI22X1,NAND3X1/C,1,0.00296109,0.00296109,0.0028316,0.0028316,0.00296109,0.0,0.00296109,0.0,0.002961
candidates_i/n2064,candidates_i/U2676/Y,NAND3X1,AOI22X1/B,1,0.00276444,0.00276444,0.00272615,0.00272615,0.00276444,0.0,0.00276444,0.0,0.002764
candidates_i/n2065,candidates_i/U2670/Y,NAND2X1,AOI22X1/A,1,0.00281659,0.00281659,0.00265821,0.00265821,0.00281659,0.0,0.00281659,0.0,0.002817
candidates_i/n2066,candidates_i/U2677/Y,AOI22X1,NAND3X1/A,1,0.00254759,0.00254759,0.00220852,0.00220852,0.00254759,0.0,0.00254759,0.0,0.002548
candidates_i/n2067,candidates_i/U1638/Y,NAND2X1,NAND3X1/C,1,0.00296109,0.00296109,0.0028316,0.0028316,0.00296109,0.0,0.00296109,0.0,0.002961
candidates_i/n2068,candidates_i/U1249/Y,NAND2X1,NAND3X1/B,1,0.00283213,0.00283213,0.00259978,0.00259978,0.00283213,0.0,0.00283213,0.0,0.002832
candidates_i/n2069,candidates_i/U1196/Y,NAND2X1,NAND2X1/B,1,0.00202749,0.00202749,0.00194421,0.00194421,0.00202749,0.0,0.00202749,0.0,0.002027
candidates_i/n2070,candidates_i/U2679/Y,NAND3X1,NAND2X1/A,1,0.00211057,0.00211057,0.00188435,0.00188435,0.00211057,0.0,0.00211057,0.0,0.002111
candidates_i/n2071,candidates_i/U1396/Y,NAND2X1,NAND3X1/B,1,0.00283213,0.00283213,0.00259978,0.00259978,0.00283213,0.0,0.00283213,0.0,0.002832
candidates_i/n2072,candidates_i/U1055/Y,NAND2X1,NAND3X1/C,1,0.00296109,0.00296109,0.0028316,0.0028316,0.00296109,0.0,0.00296109,0.0,0.002961
candidates_i/n2073,candidates_i/U1143/Y,NAND2X1,NAND3X1/A,1,0.00254759,0.00254759,0.00220852,0.00220852,0.00254759,0.0,0.00254759,0.0,0.002548
candidates_i/n2074,candidates_i/U2681/Y,NAND3X1,NOR3X1/C,1,0.00328822,0.00328822,0.00322576,0.00322576,0.00328822,0.0,0.00328822,0.0,0.003288
candidates_i/n2075,candidates_i/U2680/Y,NAND2X1,NOR3X1/B,1,0.003067,0.00306333,0.003067,0.00306333,0.003067,0.0,0.003067,0.0,0.003067
candidates_i/n2076,candidates_i/U2678/Y,NAND3X1,NOR3X1/A,1,0.00302113,0.00302113,0.00301081,0.00301081,0.00302113,0.0,0.00302113,0.0,0.003021
candidates_i/n2077,candidates_i/U2684/Y,AOI22X1,AND2X2/B,1,0.00186944,0.00186944,0.00182011,0.00182011,0.00186944,0.0,0.00186944,0.0,0.001869
candidates_i/n2078,candidates_i/U2683/Y,AOI22X1,AND2X2/A,1,0.00179784,0.00179784,0.00176278,0.00176278,0.00179784,0.0,0.00179784,0.0,0.001798
candidates_i/n2080,candidates_i/U2686/Y,AOI22X1,AND2X2/B,1,0.00186944,0.00186944,0.00182011,0.00182011,0.00186944,0.0,0.00186944,0.0,0.001869
candidates_i/n2081,candidates_i/U2685/Y,AOI22X1,AND2X2/A,1,0.00179784,0.00179784,0.00176278,0.00176278,0.00179784,0.0,0.00179784,0.0,0.001798
candidates_i/n2083,candidates_i/U2688/Y,AOI22X1,NAND2X1/B,1,0.00202749,0.00202749,0.00194421,0.00194421,0.00202749,0.0,0.00202749,0.0,0.002027
candidates_i/n2084,candidates_i/U2687/Y,AOI22X1,NAND2X1/A,1,0.00211057,0.00211057,0.00188435,0.00188435,0.00211057,0.0,0.00211057,0.0,0.002111
candidates_i/n2088,candidates_i/U2691/Y,AOI22X1,BUFX2/A,1,0.00153896,0.00153896,0.00150415,0.00150415,0.00153896,0.0,0.00153896,0.0,0.001539
candidates_i/n2089,candidates_i/U2690/Y,AOI22X1,BUFX2/A,1,0.00153896,0.00153896,0.00150415,0.00150415,0.00153896,0.0,0.00153896,0.0,0.001539
candidates_i/n2091,candidates_i/U2694/Y,AOI22X1,BUFX2/A,1,0.00153896,0.00153896,0.00150415,0.00150415,0.00153896,0.0,0.00153896,0.0,0.001539
candidates_i/n2092,candidates_i/U2693/Y,AOI22X1,BUFX2/A,1,0.00153896,0.00153896,0.00150415,0.00150415,0.00153896,0.0,0.00153896,0.0,0.001539
candidates_i/n2096,candidates_i/U2689/Y,NAND3X1,NOR3X1/A,1,0.00302113,0.00302113,0.00301081,0.00301081,0.00302113,0.0,0.00302113,0.0,0.003021
candidates_i/n2097,candidates_i/U2698/Y,AOI22X1,AND2X2/B,1,0.00186944,0.00186944,0.00182011,0.00182011,0.00186944,0.0,0.00186944,0.0,0.001869
candidates_i/n2098,candidates_i/U2697/Y,AOI22X1,AND2X2/A,1,0.00179784,0.00179784,0.00176278,0.00176278,0.00179784,0.0,0.00179784,0.0,0.001798
candidates_i/n2100,candidates_i/U2701/Y,AOI22X1,BUFX2/A,1,0.00153896,0.00153896,0.00150415,0.00150415,0.00153896,0.0,0.00153896,0.0,0.001539
candidates_i/n2101,candidates_i/U2700/Y,AOI22X1,BUFX2/A,1,0.00153896,0.00153896,0.00150415,0.00150415,0.00153896,0.0,0.00153896,0.0,0.001539
candidates_i/n2103,candidates_i/U2703/Y,AOI22X1,BUFX2/A,1,0.00153896,0.00153896,0.00150415,0.00150415,0.00153896,0.0,0.00153896,0.0,0.001539
candidates_i/n2104,candidates_i/U2702/Y,AOI22X1,BUFX2/A,1,0.00153896,0.00153896,0.00150415,0.00150415,0.00153896,0.0,0.00153896,0.0,0.001539
candidates_i/n2106,candidates_i/U2706/Y,AOI22X1,BUFX2/A,1,0.00153896,0.00153896,0.00150415,0.00150415,0.00153896,0.0,0.00153896,0.0,0.001539
candidates_i/n2107,candidates_i/U2705/Y,AOI22X1,BUFX2/A,1,0.00153896,0.00153896,0.00150415,0.00150415,0.00153896,0.0,0.00153896,0.0,0.001539
candidates_i/n2113,candidates_i/U2709/Y,AOI22X1,AND2X2/B,1,0.00186944,0.00186944,0.00182011,0.00182011,0.00186944,0.0,0.00186944,0.0,0.001869
candidates_i/n2114,candidates_i/U2614/Y,AOI22X1,AND2X2/A,1,0.00179784,0.00179784,0.00176278,0.00176278,0.00179784,0.0,0.00179784,0.0,0.001798
candidates_i/n2116,candidates_i/U2518/Y,AOI22X1,NAND3X1/A,1,0.00254759,0.00254759,0.00220852,0.00220852,0.00254759,0.0,0.00254759,0.0,0.002548
candidates_i/n2117,candidates_i/U2416/Y,AOI22X1,NAND3X1/B,1,0.00283213,0.00283213,0.00259978,0.00259978,0.00283213,0.0,0.00283213,0.0,0.002832
candidates_i/n2118,candidates_i/U1190/Y,NAND2X1,AND2X2/A,1,0.00179784,0.00179784,0.00176278,0.00176278,0.00179784,0.0,0.00179784,0.0,0.001798
candidates_i/n2119,candidates_i/U1600/Y,NAND2X1,AND2X2/B,1,0.00186944,0.00186944,0.00182011,0.00182011,0.00186944,0.0,0.00186944,0.0,0.001869
candidates_i/n2121,candidates_i/U1187/Y,NAND2X1,NAND3X1/B,1,0.00283213,0.00283213,0.00259978,0.00259978,0.00283213,0.0,0.00283213,0.0,0.002832
candidates_i/n2122,candidates_i/U2712/Y,NAND3X1,NAND3X1/A,1,0.00254759,0.00254759,0.00220852,0.00220852,0.00254759,0.0,0.00254759,0.0,0.002548
candidates_i/n2123,candidates_i/U2714/Y,NAND3X1,NAND2X1/B,1,0.00202749,0.00202749,0.00194421,0.00194421,0.00202749,0.0,0.00202749,0.0,0.002027
candidates_i/n2124,candidates_i/U1440/Y,NAND2X1,NAND2X1/A,1,0.00211057,0.00211057,0.00188435,0.00188435,0.00211057,0.0,0.00211057,0.0,0.002111
candidates_i/n2125,candidates_i/U2716/Y,NAND3X1,NAND3X1/C,1,0.00296109,0.00296109,0.0028316,0.0028316,0.00296109,0.0,0.00296109,0.0,0.002961
candidates_i/n2126,candidates_i/U1497/Y,NAND2X1,NAND3X1/B,1,0.00283213,0.00283213,0.00259978,0.00259978,0.00283213,0.0,0.00283213,0.0,0.002832
candidates_i/n2127,candidates_i/U2717/Y,NAND3X1,NOR2X1/A,1,0.00224248,0.00224248,0.00220861,0.00220861,0.00224248,0.0,0.00224248,0.0,0.002242
candidates_i/n2128,candidates_i/U2715/Y,NAND2X1,NOR2X1/B,1,0.00236501,0.00236501,0.00229711,0.00229711,0.00236501,0.0,0.00236501,0.0,0.002365
candidates_i/n2129,candidates_i/U2713/Y,NAND3X1,INVX1/A,1,0.00155103,0.00155103,0.00147616,0.00147616,0.00155103,0.0,0.00155103,0.0,0.001551
candidates_i/n2136,candidates_i/U2723/Y,NAND2X1,AOI22X1/D,1,0.00290653,0.00290653,0.00282572,0.00282572,0.00290653,0.0,0.00290653,0.0,0.002907
candidates_i/n2137,candidates_i/U2722/Y,NAND2X1,AOI22X1/B,1,0.00276444,0.00276444,0.00272615,0.00272615,0.00276444,0.0,0.00276444,0.0,0.002764
candidates_i/n2138,candidates_i/U2724/Y,AOI22X1,NAND3X1/C,1,0.00296109,0.00296109,0.0028316,0.0028316,0.00296109,0.0,0.00296109,0.0,0.002961
candidates_i/n2141,candidates_i/U2727/Y,AOI22X1,NAND2X1/B,1,0.00202749,0.00202749,0.00194421,0.00194421,0.00202749,0.0,0.00202749,0.0,0.002027
candidates_i/n2142,candidates_i/U2726/Y,AOI22X1,NAND2X1/A,1,0.00211057,0.00211057,0.00188435,0.00188435,0.00211057,0.0,0.00211057,0.0,0.002111
candidates_i/n2143,candidates_i/U2728/Y,NAND2X1,NAND2X1/B,1,0.00202749,0.00202749,0.00194421,0.00194421,0.00202749,0.0,0.00202749,0.0,0.002027
candidates_i/n2144,candidates_i/U2725/Y,NAND3X1,NAND2X1/A,1,0.00211057,0.00211057,0.00188435,0.00188435,0.00211057,0.0,0.00211057,0.0,0.002111
candidates_i/n2146,candidates_i/U1487/Y,NAND2X1,NAND2X1/B;NAND3X1/C,2,0.004988579999999999,0.004988579999999999,0.00477581,0.00477581,0.00498858,0.0,0.00498858,0.0,0.004989
candidates_i/n2147,candidates_i/U2718/Y,NAND3X1,AND2X2/B;NAND3X1/A,2,0.004417030000000001,0.004417030000000001,0.00402863,0.00402863,0.00441703,0.0,0.00441703,0.0,0.004417
candidates_i/n2148,candidates_i/U2730/Y,NAND3X1,NAND2X1/A;NAND2X1/B,2,0.00413806,0.00413806,0.00382856,0.00382856,0.00413806,0.0,0.00413806,0.0,0.004138
candidates_i/n2149,candidates_i/U1449/Y,NAND2X1,NAND2X1/A;NAND2X1/B,2,0.00413806,0.00413806,0.00382856,0.00382856,0.00413806,0.0,0.00413806,0.0,0.004138
candidates_i/n2150,candidates_i/U2732/Y,NAND3X1,INVX1/A,1,0.00155103,0.00155103,0.00147616,0.00147616,0.00155103,0.0,0.00155103,0.0,0.001551
candidates_i/n2152,candidates_i/U2731/Y,NAND2X1,NOR3X1/B,1,0.003067,0.00306333,0.003067,0.00306333,0.003067,0.0,0.003067,0.0,0.003067
candidates_i/n2153,candidates_i/U2729/Y,NAND3X1,NOR3X1/A,1,0.00302113,0.00302113,0.00301081,0.00301081,0.00302113,0.0,0.00302113,0.0,0.003021
candidates_i/n2154,candidates_i/U2735/Y,AOI22X1,INVX1/A,1,0.00155103,0.00155103,0.00147616,0.00147616,0.00155103,0.0,0.00155103,0.0,0.001551
candidates_i/n2155,candidates_i/U2734/Y,AOI22X1,INVX1/A,1,0.00155103,0.00155103,0.00147616,0.00147616,0.00155103,0.0,0.00155103,0.0,0.001551
candidates_i/n2156,candidates_i/U2737/Y,AOI22X1,AND2X2/B,1,0.00186944,0.00186944,0.00182011,0.00182011,0.00186944,0.0,0.00186944,0.0,0.001869
candidates_i/n2157,candidates_i/U2736/Y,AOI22X1,BUFX2/A,1,0.00153896,0.00153896,0.00150415,0.00150415,0.00153896,0.0,0.00153896,0.0,0.001539
candidates_i/n2159,candidates_i/U2739/Y,AOI22X1,BUFX2/A,1,0.00153896,0.00153896,0.00150415,0.00150415,0.00153896,0.0,0.00153896,0.0,0.001539
candidates_i/n2160,candidates_i/U2738/Y,AOI22X1,BUFX2/A,1,0.00153896,0.00153896,0.00150415,0.00150415,0.00153896,0.0,0.00153896,0.0,0.001539
candidates_i/n2164,candidates_i/U2742/Y,AOI22X1,NAND2X1/B,1,0.00202749,0.00202749,0.00194421,0.00194421,0.00202749,0.0,0.00202749,0.0,0.002027
candidates_i/n2165,candidates_i/U2741/Y,AOI22X1,NAND2X1/A,1,0.00211057,0.00211057,0.00188435,0.00188435,0.00211057,0.0,0.00211057,0.0,0.002111
candidates_i/n2166,candidates_i/U2744/Y,AOI22X1,NAND2X1/B,1,0.00202749,0.00202749,0.00194421,0.00194421,0.00202749,0.0,0.00202749,0.0,0.002027
candidates_i/n2167,candidates_i/U2743/Y,AOI22X1,BUFX2/A,1,0.00153896,0.00153896,0.00150415,0.00150415,0.00153896,0.0,0.00153896,0.0,0.001539
candidates_i/n2170,candidates_i/U2740/Y,NAND3X1,NOR2X1/A,1,0.00224248,0.00224248,0.00220861,0.00220861,0.00224248,0.0,0.00224248,0.0,0.002242
candidates_i/n2171,candidates_i/U2746/Y,AOI22X1,AND2X2/B,1,0.00186944,0.00186944,0.00182011,0.00182011,0.00186944,0.0,0.00186944,0.0,0.001869
candidates_i/n2172,candidates_i/U2745/Y,AOI22X1,AND2X2/A,1,0.00179784,0.00179784,0.00176278,0.00176278,0.00179784,0.0,0.00179784,0.0,0.001798
candidates_i/n2173,candidates_i/U2748/Y,AOI22X1,AND2X2/B,1,0.00186944,0.00186944,0.00182011,0.00182011,0.00186944,0.0,0.00186944,0.0,0.001869
candidates_i/n2174,candidates_i/U2747/Y,AOI22X1,AND2X2/A,1,0.00179784,0.00179784,0.00176278,0.00176278,0.00179784,0.0,0.00179784,0.0,0.001798
candidates_i/n2175,candidates_i/U2750/Y,AOI22X1,NAND2X1/B,1,0.00202749,0.00202749,0.00194421,0.00194421,0.00202749,0.0,0.00202749,0.0,0.002027
candidates_i/n2176,candidates_i/U2749/Y,AOI22X1,NAND2X1/A,1,0.00211057,0.00211057,0.00188435,0.00188435,0.00211057,0.0,0.00211057,0.0,0.002111
candidates_i/n2177,candidates_i/U2751/Y,NAND2X1,XOR2X1/A,1,0.00539601,0.00539601,0.00499683,0.00499683,0.00539601,0.0,0.00539601,0.0,0.005396
candidates_i/n2178,candidates_i/U2753/Y,AOI22X1,INVX1/A,1,0.00155103,0.00155103,0.00147616,0.00147616,0.00155103,0.0,0.00155103,0.0,0.001551
candidates_i/n2179,candidates_i/U2752/Y,AOI22X1,INVX1/A,1,0.00155103,0.00155103,0.00147616,0.00147616,0.00155103,0.0,0.00155103,0.0,0.001551
candidates_i/n2180,candidates_i/U1001/Y,NOR2X1,AND2X2/A,1,0.00179784,0.00179784,0.00176278,0.00176278,0.00179784,0.0,0.00179784,0.0,0.001798
candidates_i/n2182,candidates_i/U2305/Y,NOR2X1,NAND2X1/A,1,0.00211057,0.00211057,0.00188435,0.00188435,0.00211057,0.0,0.00211057,0.0,0.002111
candidates_i/n2183,candidates_i/U1349/Y,NAND2X1,AND2X2/B,1,0.00186944,0.00186944,0.00182011,0.00182011,0.00186944,0.0,0.00186944,0.0,0.001869
candidates_i/n2184,candidates_i/U1630/Y,NAND2X1,AND2X2/A,1,0.00179784,0.00179784,0.00176278,0.00176278,0.00179784,0.0,0.00179784,0.0,0.001798
candidates_i/n2187,candidates_i/U2755/Y,NAND3X1,NAND3X1/A;NAND3X1/A,2,0.00509518,0.00509518,0.00441704,0.00441704,0.00509518,0.0,0.00509518,0.0,0.005095
candidates_i/n2188,candidates_i/U2757/Y,NAND3X1,NAND2X1/A,1,0.00211057,0.00211057,0.00188435,0.00188435,0.00211057,0.0,0.00211057,0.0,0.002111
candidates_i/n2189,candidates_i/U1223/Y,NAND2X1,NAND2X1/B,1,0.00202749,0.00202749,0.00194421,0.00194421,0.00202749,0.0,0.00202749,0.0,0.002027
candidates_i/n2190,candidates_i/U2760/Y,NAND3X1,NAND3X1/B,1,0.00283213,0.00283213,0.00259978,0.00259978,0.00283213,0.0,0.00283213,0.0,0.002832
candidates_i/n2191,candidates_i/U2759/Y,NAND3X1,NAND3X1/C,1,0.00296109,0.00296109,0.0028316,0.0028316,0.00296109,0.0,0.00296109,0.0,0.002961
candidates_i/n2192,candidates_i/U2761/Y,NAND3X1,BUFX2/A;NOR3X1/A,2,0.00456009,0.00456009,0.00451496,0.00451496,0.00456009,0.0,0.00456009,0.0,0.00456
candidates_i/n2193,candidates_i/U2758/Y,NAND2X1,NOR2X1/B;NOR3X1/C,2,0.00565323,0.00565323,0.00552287,0.00552287,0.00565323,0.0,0.00565323,0.0,0.005653
candidates_i/n2194,candidates_i/U2756/Y,NAND3X1,NOR3X1/B,1,0.003067,0.00306333,0.003067,0.00306333,0.003067,0.0,0.003067,0.0,0.003067
candidates_i/n2197,candidates_i/U2766/Y,AOI22X1,NAND2X1/B,1,0.00202749,0.00202749,0.00194421,0.00194421,0.00202749,0.0,0.00202749,0.0,0.002027
candidates_i/n2198,candidates_i/U2765/Y,AOI22X1,NAND2X1/A,1,0.00211057,0.00211057,0.00188435,0.00188435,0.00211057,0.0,0.00211057,0.0,0.002111
candidates_i/n2203,candidates_i/U2770/Y,NAND3X1,AOI22X1/B,1,0.00276444,0.00276444,0.00272615,0.00272615,0.00276444,0.0,0.00276444,0.0,0.002764
candidates_i/n2204,candidates_i/U2767/Y,NAND2X1,AOI22X1/A,1,0.00281659,0.00281659,0.00265821,0.00265821,0.00281659,0.0,0.00281659,0.0,0.002817
candidates_i/n2205,candidates_i/U2771/Y,AOI22X1,NAND3X1/B,1,0.00283213,0.00283213,0.00259978,0.00259978,0.00283213,0.0,0.00283213,0.0,0.002832
candidates_i/n2206,candidates_i/U1386/Y,NAND2X1,NAND3X1/C,1,0.00296109,0.00296109,0.0028316,0.0028316,0.00296109,0.0,0.00296109,0.0,0.002961
candidates_i/n2207,candidates_i/U2763/Y,NAND3X1,NAND3X1/A,1,0.00254759,0.00254759,0.00220852,0.00220852,0.00254759,0.0,0.00254759,0.0,0.002548
candidates_i/n2208,candidates_i/U1604/Y,NAND2X1,NAND2X1/B,1,0.00202749,0.00202749,0.00194421,0.00194421,0.00202749,0.0,0.00202749,0.0,0.002027
candidates_i/n2209,candidates_i/U2773/Y,NAND3X1,NAND2X1/A,1,0.00211057,0.00211057,0.00188435,0.00188435,0.00211057,0.0,0.00211057,0.0,0.002111
candidates_i/n2210,candidates_i/U2777/Y,NAND3X1,NAND3X1/C,1,0.00296109,0.00296109,0.0028316,0.0028316,0.00296109,0.0,0.00296109,0.0,0.002961
candidates_i/n2211,candidates_i/U2776/Y,NAND3X1,NAND3X1/B,1,0.00283213,0.00283213,0.00259978,0.00259978,0.00283213,0.0,0.00283213,0.0,0.002832
candidates_i/n2212,candidates_i/U2775/Y,NAND3X1,NAND3X1/A,1,0.00254759,0.00254759,0.00220852,0.00220852,0.00254759,0.0,0.00254759,0.0,0.002548
candidates_i/n2213,candidates_i/U2778/Y,NAND3X1,NOR3X1/C,1,0.00328822,0.00328822,0.00322576,0.00322576,0.00328822,0.0,0.00328822,0.0,0.003288
candidates_i/n2214,candidates_i/U2774/Y,NAND2X1,NOR3X1/A,1,0.00302113,0.00302113,0.00301081,0.00301081,0.00302113,0.0,0.00302113,0.0,0.003021
candidates_i/n2215,candidates_i/U2772/Y,NAND3X1,NOR3X1/B,1,0.003067,0.00306333,0.003067,0.00306333,0.003067,0.0,0.003067,0.0,0.003067
candidates_i/n2216,candidates_i/U2781/Y,AOI22X1,NAND2X1/A,1,0.00211057,0.00211057,0.00188435,0.00188435,0.00211057,0.0,0.00211057,0.0,0.002111
candidates_i/n2217,candidates_i/U2780/Y,AOI22X1,NAND2X1/B,1,0.00202749,0.00202749,0.00194421,0.00194421,0.00202749,0.0,0.00202749,0.0,0.002027
candidates_i/n2218,candidates_i/U2782/Y,NAND2X1,XNOR2X1/A,1,0.00500113,0.00500113,0.00461621,0.00461621,0.00500113,0.0,0.00500113,0.0,0.005001
candidates_i/n2219,candidates_i/U2785/Y,AOI22X1,NAND2X1/A,1,0.00211057,0.00211057,0.00188435,0.00188435,0.00211057,0.0,0.00211057,0.0,0.002111
candidates_i/n2220,candidates_i/U2784/Y,AOI22X1,NAND2X1/B,1,0.00202749,0.00202749,0.00194421,0.00194421,0.00202749,0.0,0.00202749,0.0,0.002027
candidates_i/n2221,candidates_i/U2786/Y,NAND2X1,XNOR2X1/A,1,0.00500113,0.00500113,0.00461621,0.00461621,0.00500113,0.0,0.00500113,0.0,0.005001
candidates_i/n2222,candidates_i/U2789/Y,AOI22X1,NAND2X1/B,1,0.00202749,0.00202749,0.00194421,0.00194421,0.00202749,0.0,0.00202749,0.0,0.002027
candidates_i/n2223,candidates_i/U2788/Y,AOI22X1,NAND2X1/A,1,0.00211057,0.00211057,0.00188435,0.00188435,0.00211057,0.0,0.00211057,0.0,0.002111
candidates_i/n2224,candidates_i/U2790/Y,NAND2X1,INVX1/A;NAND2X1/A,2,0.0036616,0.0036616,0.0033605099999999997,0.00336051,0.0036616,0.0,0.0036616,0.0,0.003662
candidates_i/n2225,candidates_i/U1383/Y,NAND2X1,NAND3X1/C,1,0.00296109,0.00296109,0.0028316,0.0028316,0.00296109,0.0,0.00296109,0.0,0.002961
candidates_i/n2228,candidates_i/U2793/Y,AOI22X1,NAND2X1/B,1,0.00202749,0.00202749,0.00194421,0.00194421,0.00202749,0.0,0.00202749,0.0,0.002027
candidates_i/n2229,candidates_i/U2792/Y,AOI22X1,NAND2X1/A,1,0.00211057,0.00211057,0.00188435,0.00188435,0.00211057,0.0,0.00211057,0.0,0.002111
candidates_i/n2230,candidates_i/U2794/Y,NAND2X1,XOR2X1/A,1,0.00539601,0.00539601,0.00499683,0.00499683,0.00539601,0.0,0.00539601,0.0,0.005396
candidates_i/n2231,candidates_i/U2797/Y,AOI22X1,AND2X2/B,1,0.00186944,0.00186944,0.00182011,0.00182011,0.00186944,0.0,0.00186944,0.0,0.001869
candidates_i/n2232,candidates_i/U2796/Y,AOI22X1,AND2X2/A,1,0.00179784,0.00179784,0.00176278,0.00176278,0.00179784,0.0,0.00179784,0.0,0.001798
candidates_i/n2236,candidates_i/U2791/Y,NAND3X1,NOR3X1/B,1,0.003067,0.00306333,0.003067,0.00306333,0.003067,0.0,0.003067,0.0,0.003067
candidates_i/n2237,candidates_i/U2800/Y,AOI22X1,NAND2X1/B,1,0.00202749,0.00202749,0.00194421,0.00194421,0.00202749,0.0,0.00202749,0.0,0.002027
candidates_i/n2238,candidates_i/U2799/Y,AOI22X1,NAND2X1/A,1,0.00211057,0.00211057,0.00188435,0.00188435,0.00211057,0.0,0.00211057,0.0,0.002111
candidates_i/n2239,candidates_i/U2801/Y,NAND2X1,XNOR2X1/B,1,0.00558933,0.00558933,0.00500383,0.00500383,0.00558933,0.0,0.00558933,0.0,0.005589
candidates_i/n2240,candidates_i/U2804/Y,AOI22X1,NAND2X1/B,1,0.00202749,0.00202749,0.00194421,0.00194421,0.00202749,0.0,0.00202749,0.0,0.002027
candidates_i/n2241,candidates_i/U2803/Y,AOI22X1,NAND2X1/A,1,0.00211057,0.00211057,0.00188435,0.00188435,0.00211057,0.0,0.00211057,0.0,0.002111
candidates_i/n2243,candidates_i/U2808/Y,AOI22X1,NAND2X1/B,1,0.00202749,0.00202749,0.00194421,0.00194421,0.00202749,0.0,0.00202749,0.0,0.002027
candidates_i/n2244,candidates_i/U2807/Y,AOI22X1,NAND2X1/A,1,0.00211057,0.00211057,0.00188435,0.00188435,0.00211057,0.0,0.00211057,0.0,0.002111
candidates_i/n2245,candidates_i/U2809/Y,NAND2X1,XNOR2X1/A,1,0.00500113,0.00500113,0.00461621,0.00461621,0.00500113,0.0,0.00500113,0.0,0.005001
candidates_i/n2246,candidates_i/U2811/Y,AOI22X1,NAND2X1/B,1,0.00202749,0.00202749,0.00194421,0.00194421,0.00202749,0.0,0.00202749,0.0,0.002027
candidates_i/n2247,candidates_i/U2810/Y,AOI22X1,NAND2X1/A,1,0.00211057,0.00211057,0.00188435,0.00188435,0.00211057,0.0,0.00211057,0.0,0.002111
candidates_i/n2248,candidates_i/U2812/Y,NAND2X1,XNOR2X1/A,1,0.00500113,0.00500113,0.00461621,0.00461621,0.00500113,0.0,0.00500113,0.0,0.005001
candidates_i/n2251,candidates_i/U2806/Y,NAND2X1,NOR2X1/A,1,0.00224248,0.00224248,0.00220861,0.00220861,0.00224248,0.0,0.00224248,0.0,0.002242
candidates_i/n2252,candidates_i/U1374/Y,NOR2X1,AND2X2/B,1,0.00186944,0.00186944,0.00182011,0.00182011,0.00186944,0.0,0.00186944,0.0,0.001869
candidates_i/n2254,candidates_i/U2813/Y,NAND3X1,INVX1/A,1,0.00155103,0.00155103,0.00147616,0.00147616,0.00155103,0.0,0.00155103,0.0,0.001551
candidates_i/n2255,candidates_i/U2815/Y,NAND3X1,AND2X2/A,1,0.00179784,0.00179784,0.00176278,0.00176278,0.00179784,0.0,0.00179784,0.0,0.001798
candidates_i/n2256,candidates_i/U1114/Y,NAND2X1,AND2X2/B,1,0.00186944,0.00186944,0.00182011,0.00182011,0.00186944,0.0,0.00186944,0.0,0.001869
candidates_i/n2258,candidates_i/U1087/Y,NAND2X1,NAND3X1/A,1,0.00254759,0.00254759,0.00220852,0.00220852,0.00254759,0.0,0.00254759,0.0,0.002548
candidates_i/n2259,candidates_i/U1438/Y,NAND2X1,NAND3X1/B,1,0.00283213,0.00283213,0.00259978,0.00259978,0.00283213,0.0,0.00283213,0.0,0.002832
candidates_i/n2260,candidates_i/U2818/Y,NAND3X1,NAND2X1/A,1,0.00211057,0.00211057,0.00188435,0.00188435,0.00211057,0.0,0.00211057,0.0,0.002111
candidates_i/n2261,candidates_i/U1389/Y,NAND2X1,NAND2X1/B,1,0.00202749,0.00202749,0.00194421,0.00194421,0.00202749,0.0,0.00202749,0.0,0.002027
candidates_i/n2262,candidates_i/U1423/Y,NAND2X1,NAND3X1/B,1,0.00283213,0.00283213,0.00259978,0.00259978,0.00283213,0.0,0.00283213,0.0,0.002832
candidates_i/n2263,candidates_i/U2820/Y,NAND3X1,NAND3X1/A,1,0.00254759,0.00254759,0.00220852,0.00220852,0.00254759,0.0,0.00254759,0.0,0.002548
candidates_i/n2264,candidates_i/U2821/Y,NAND3X1,NOR3X1/C,1,0.00328822,0.00328822,0.00322576,0.00322576,0.00328822,0.0,0.00328822,0.0,0.003288
candidates_i/n2265,candidates_i/U2819/Y,NAND2X1,NOR3X1/A,1,0.00302113,0.00302113,0.00301081,0.00301081,0.00302113,0.0,0.00302113,0.0,0.003021
candidates_i/n2266,candidates_i/U2817/Y,NAND3X1,NOR3X1/B,1,0.003067,0.00306333,0.003067,0.00306333,0.003067,0.0,0.003067,0.0,0.003067
candidates_i/n2271,candidates_i/U2826/Y,AOI22X1,BUFX2/A,1,0.00153896,0.00153896,0.00150415,0.00150415,0.00153896,0.0,0.00153896,0.0,0.001539
candidates_i/n2274,candidates_i/U2829/Y,AOI22X1,NAND2X1/B,1,0.00202749,0.00202749,0.00194421,0.00194421,0.00202749,0.0,0.00202749,0.0,0.002027
candidates_i/n2275,candidates_i/U2828/Y,AOI22X1,NAND2X1/A,1,0.00211057,0.00211057,0.00188435,0.00188435,0.00211057,0.0,0.00211057,0.0,0.002111
candidates_i/n2276,candidates_i/U2830/Y,NAND2X1,AOI22X1/B,1,0.00276444,0.00276444,0.00272615,0.00272615,0.00276444,0.0,0.00276444,0.0,0.002764
candidates_i/n2277,candidates_i/U2827/Y,NAND3X1,AOI22X1/A,1,0.00281659,0.00281659,0.00265821,0.00265821,0.00281659,0.0,0.00281659,0.0,0.002817
candidates_i/n2278,candidates_i/U2831/Y,AOI22X1,NAND3X1/A,1,0.00254759,0.00254759,0.00220852,0.00220852,0.00254759,0.0,0.00254759,0.0,0.002548
candidates_i/n2279,candidates_i/U2823/Y,NAND3X1,NAND3X1/B,1,0.00283213,0.00283213,0.00259978,0.00259978,0.00283213,0.0,0.00283213,0.0,0.002832
candidates_i/n2280,candidates_i/U974/Y,NAND2X1,NAND3X1/C,1,0.00296109,0.00296109,0.0028316,0.0028316,0.00296109,0.0,0.00296109,0.0,0.002961
candidates_i/n2281,candidates_i/U2833/Y,NAND3X1,NAND2X1/A,1,0.00211057,0.00211057,0.00188435,0.00188435,0.00211057,0.0,0.00211057,0.0,0.002111
candidates_i/n2282,candidates_i/U1175/Y,NAND2X1,NAND2X1/B,1,0.00202749,0.00202749,0.00194421,0.00194421,0.00202749,0.0,0.00202749,0.0,0.002027
candidates_i/n2283,candidates_i/U1484/Y,NAND2X1,NAND3X1/C,1,0.00296109,0.00296109,0.0028316,0.0028316,0.00296109,0.0,0.00296109,0.0,0.002961
candidates_i/n2284,candidates_i/U2836/Y,NAND3X1,NAND3X1/B,1,0.00283213,0.00283213,0.00259978,0.00259978,0.00283213,0.0,0.00283213,0.0,0.002832
candidates_i/n2285,candidates_i/U2835/Y,NAND3X1,NAND3X1/A,1,0.00254759,0.00254759,0.00220852,0.00220852,0.00254759,0.0,0.00254759,0.0,0.002548
candidates_i/n2286,candidates_i/U2837/Y,NAND3X1,NOR3X1/B,1,0.003067,0.00306333,0.003067,0.00306333,0.003067,0.0,0.003067,0.0,0.003067
candidates_i/n2287,candidates_i/U2834/Y,NAND2X1,NOR3X1/A,1,0.00302113,0.00302113,0.00301081,0.00301081,0.00302113,0.0,0.00302113,0.0,0.003021
candidates_i/n2288,candidates_i/U2832/Y,NAND3X1,NOR3X1/C,1,0.00328822,0.00328822,0.00322576,0.00322576,0.00328822,0.0,0.00328822,0.0,0.003288
candidates_i/n2289,candidates_i/U2840/Y,AOI22X1,NAND2X1/B,1,0.00202749,0.00202749,0.00194421,0.00194421,0.00202749,0.0,0.00202749,0.0,0.002027
candidates_i/n2290,candidates_i/U2839/Y,AOI22X1,NAND2X1/A,1,0.00211057,0.00211057,0.00188435,0.00188435,0.00211057,0.0,0.00211057,0.0,0.002111
candidates_i/n2291,candidates_i/U2843/Y,AOI22X1,INVX1/A,1,0.00155103,0.00155103,0.00147616,0.00147616,0.00155103,0.0,0.00155103,0.0,0.001551
candidates_i/n2292,candidates_i/U2842/Y,AOI22X1,INVX1/A,1,0.00155103,0.00155103,0.00147616,0.00147616,0.00155103,0.0,0.00155103,0.0,0.001551
candidates_i/n2293,candidates_i/U2846/Y,AOI22X1,BUFX2/A,1,0.00153896,0.00153896,0.00150415,0.00150415,0.00153896,0.0,0.00153896,0.0,0.001539
candidates_i/n2294,candidates_i/U2845/Y,AOI22X1,BUFX2/A,1,0.00153896,0.00153896,0.00150415,0.00150415,0.00153896,0.0,0.00153896,0.0,0.001539
candidates_i/n2298,candidates_i/U2850/Y,AOI22X1,BUFX2/A,1,0.00153896,0.00153896,0.00150415,0.00150415,0.00153896,0.0,0.00153896,0.0,0.001539
candidates_i/n2299,candidates_i/U2849/Y,AOI22X1,BUFX2/A,1,0.00153896,0.00153896,0.00150415,0.00150415,0.00153896,0.0,0.00153896,0.0,0.001539
candidates_i/n2301,candidates_i/U2852/Y,AOI22X1,BUFX2/A,1,0.00153896,0.00153896,0.00150415,0.00150415,0.00153896,0.0,0.00153896,0.0,0.001539
candidates_i/n2302,candidates_i/U2851/Y,AOI22X1,BUFX2/A,1,0.00153896,0.00153896,0.00150415,0.00150415,0.00153896,0.0,0.00153896,0.0,0.001539
candidates_i/n2306,candidates_i/U2848/Y,NAND3X1,NOR3X1/A,1,0.00302113,0.00302113,0.00301081,0.00301081,0.00302113,0.0,0.00302113,0.0,0.003021
candidates_i/n2307,candidates_i/U2854/Y,AOI22X1,AND2X2/A,1,0.00179784,0.00179784,0.00176278,0.00176278,0.00179784,0.0,0.00179784,0.0,0.001798
candidates_i/n2308,candidates_i/U2856/Y,AOI22X1,BUFX2/A,1,0.00153896,0.00153896,0.00150415,0.00150415,0.00153896,0.0,0.00153896,0.0,0.001539
candidates_i/n2309,candidates_i/U2855/Y,AOI22X1,BUFX2/A,1,0.00153896,0.00153896,0.00150415,0.00150415,0.00153896,0.0,0.00153896,0.0,0.001539
candidates_i/n2310,candidates_i/U1511/Y,NAND2X1,NAND2X1/B,1,0.00202749,0.00202749,0.00194421,0.00194421,0.00202749,0.0,0.00202749,0.0,0.002027
candidates_i/n2311,candidates_i/U2858/Y,AOI22X1,BUFX2/A,1,0.00153896,0.00153896,0.00150415,0.00150415,0.00153896,0.0,0.00153896,0.0,0.001539
candidates_i/n2312,candidates_i/U2857/Y,AOI22X1,BUFX2/A,1,0.00153896,0.00153896,0.00150415,0.00150415,0.00153896,0.0,0.00153896,0.0,0.001539
candidates_i/n2314,candidates_i/U2860/Y,AOI22X1,BUFX2/A,1,0.00153896,0.00153896,0.00150415,0.00150415,0.00153896,0.0,0.00153896,0.0,0.001539
candidates_i/n2315,candidates_i/U2859/Y,AOI22X1,BUFX2/A,1,0.00153896,0.00153896,0.00150415,0.00150415,0.00153896,0.0,0.00153896,0.0,0.001539
candidates_i/n2321,candidates_i/U1362/Y,NAND2X1,AND2X2/A,1,0.00179784,0.00179784,0.00176278,0.00176278,0.00179784,0.0,0.00179784,0.0,0.001798
candidates_i/n2322,candidates_i/U2865/Y,NAND3X1,AND2X2/B,1,0.00186944,0.00186944,0.00182011,0.00182011,0.00186944,0.0,0.00186944,0.0,0.001869
candidates_i/n2324,candidates_i/U2864/Y,NAND3X1,NAND3X1/B,1,0.00283213,0.00283213,0.00259978,0.00259978,0.00283213,0.0,0.00283213,0.0,0.002832
candidates_i/n2325,candidates_i/U2863/Y,NAND3X1,NAND3X1/A,1,0.00254759,0.00254759,0.00220852,0.00220852,0.00254759,0.0,0.00254759,0.0,0.002548
candidates_i/n2326,candidates_i/U1493/Y,NAND2X1,NAND2X1/A,1,0.00211057,0.00211057,0.00188435,0.00188435,0.00211057,0.0,0.00211057,0.0,0.002111
candidates_i/n2327,candidates_i/U1218/Y,NAND2X1,NAND2X1/B,1,0.00202749,0.00202749,0.00194421,0.00194421,0.00202749,0.0,0.00202749,0.0,0.002027
candidates_i/n2328,candidates_i/U1294/Y,NAND2X1,NAND3X1/B,1,0.00283213,0.00283213,0.00259978,0.00259978,0.00283213,0.0,0.00283213,0.0,0.002832
candidates_i/n2329,candidates_i/U1357/Y,NAND2X1,NAND3X1/A,1,0.00254759,0.00254759,0.00220852,0.00220852,0.00254759,0.0,0.00254759,0.0,0.002548
candidates_i/n2330,candidates_i/U2869/Y,NAND3X1,OR2X2/A,1,0.00230117,0.00229176,0.00230117,0.00229176,0.00230117,0.0,0.00230117,0.0,0.002301
candidates_i/n2331,candidates_i/U2868/Y,NAND2X1,OR2X2/B,1,0.00234214,0.00228252,0.00234214,0.00228252,0.00234214,0.0,0.00234214,0.0,0.002342
candidates_i/n2332,candidates_i/U2867/Y,NAND3X1,NOR2X1/A,1,0.00224248,0.00224248,0.00220861,0.00220861,0.00224248,0.0,0.00224248,0.0,0.002242
candidates_i/n2335,candidates_i/U2873/Y,NAND2X1,AOI22X1/D,1,0.00290653,0.00290653,0.00282572,0.00282572,0.00290653,0.0,0.00290653,0.0,0.002907
candidates_i/n2336,candidates_i/U2872/Y,NAND2X1,AOI22X1/B,1,0.00276444,0.00276444,0.00272615,0.00272615,0.00276444,0.0,0.00276444,0.0,0.002764
candidates_i/n2337,candidates_i/U2874/Y,AOI22X1,NAND3X1/C,1,0.00296109,0.00296109,0.0028316,0.0028316,0.00296109,0.0,0.00296109,0.0,0.002961
candidates_i/n2340,candidates_i/U2877/Y,AOI22X1,NAND2X1/B,1,0.00202749,0.00202749,0.00194421,0.00194421,0.00202749,0.0,0.00202749,0.0,0.002027
candidates_i/n2341,candidates_i/U2876/Y,AOI22X1,NAND2X1/A,1,0.00211057,0.00211057,0.00188435,0.00188435,0.00211057,0.0,0.00211057,0.0,0.002111
candidates_i/n2342,candidates_i/U2878/Y,NAND2X1,AOI22X1/B,1,0.00276444,0.00276444,0.00272615,0.00272615,0.00276444,0.0,0.00276444,0.0,0.002764
candidates_i/n2343,candidates_i/U2875/Y,NAND3X1,AOI22X1/A,1,0.00281659,0.00281659,0.00265821,0.00265821,0.00281659,0.0,0.00281659,0.0,0.002817
candidates_i/n2344,candidates_i/U2879/Y,AOI22X1,NAND3X1/B,1,0.00283213,0.00283213,0.00259978,0.00259978,0.00283213,0.0,0.00283213,0.0,0.002832
candidates_i/n2345,candidates_i/U1418/Y,NAND2X1,NAND3X1/A,1,0.00254759,0.00254759,0.00220852,0.00220852,0.00254759,0.0,0.00254759,0.0,0.002548
candidates_i/n2346,candidates_i/U1420/Y,NAND2X1,NAND3X1/C,1,0.00296109,0.00296109,0.0028316,0.0028316,0.00296109,0.0,0.00296109,0.0,0.002961
candidates_i/n2347,candidates_i/U1571/Y,NAND2X1,NAND2X1/A,1,0.00211057,0.00211057,0.00188435,0.00188435,0.00211057,0.0,0.00211057,0.0,0.002111
candidates_i/n2348,candidates_i/U1348/Y,NAND2X1,NAND2X1/B,1,0.00202749,0.00202749,0.00194421,0.00194421,0.00202749,0.0,0.00202749,0.0,0.002027
candidates_i/n2349,candidates_i/U1067/Y,NAND2X1,NAND3X1/B,1,0.00283213,0.00283213,0.00259978,0.00259978,0.00283213,0.0,0.00283213,0.0,0.002832
candidates_i/n2350,candidates_i/U2883/Y,NAND3X1,NAND3X1/C,1,0.00296109,0.00296109,0.0028316,0.0028316,0.00296109,0.0,0.00296109,0.0,0.002961
candidates_i/n2351,candidates_i/U2882/Y,NAND3X1,NAND3X1/A,1,0.00254759,0.00254759,0.00220852,0.00220852,0.00254759,0.0,0.00254759,0.0,0.002548
candidates_i/n2352,candidates_i/U2884/Y,NAND3X1,NOR3X1/C,1,0.00328822,0.00328822,0.00322576,0.00322576,0.00328822,0.0,0.00328822,0.0,0.003288
candidates_i/n2353,candidates_i/U2881/Y,NAND2X1,NOR3X1/B,1,0.003067,0.00306333,0.003067,0.00306333,0.003067,0.0,0.003067,0.0,0.003067
candidates_i/n2354,candidates_i/U2880/Y,NAND3X1,NOR3X1/A,1,0.00302113,0.00302113,0.00301081,0.00301081,0.00302113,0.0,0.00302113,0.0,0.003021
candidates_i/n2355,candidates_i/U2887/Y,AOI22X1,AND2X2/B,1,0.00186944,0.00186944,0.00182011,0.00182011,0.00186944,0.0,0.00186944,0.0,0.001869
candidates_i/n2356,candidates_i/U2886/Y,AOI22X1,AND2X2/A,1,0.00179784,0.00179784,0.00176278,0.00176278,0.00179784,0.0,0.00179784,0.0,0.001798
candidates_i/n2358,candidates_i/U2889/Y,AOI22X1,BUFX2/A,1,0.00153896,0.00153896,0.00150415,0.00150415,0.00153896,0.0,0.00153896,0.0,0.001539
candidates_i/n2359,candidates_i/U2888/Y,AOI22X1,BUFX2/A,1,0.00153896,0.00153896,0.00150415,0.00150415,0.00153896,0.0,0.00153896,0.0,0.001539
candidates_i/n2361,candidates_i/U2891/Y,AOI22X1,BUFX2/A,1,0.00153896,0.00153896,0.00150415,0.00150415,0.00153896,0.0,0.00153896,0.0,0.001539
candidates_i/n2362,candidates_i/U2890/Y,AOI22X1,BUFX2/A,1,0.00153896,0.00153896,0.00150415,0.00150415,0.00153896,0.0,0.00153896,0.0,0.001539
candidates_i/n2367,candidates_i/U2894/Y,AOI22X1,BUFX2/A,1,0.00153896,0.00153896,0.00150415,0.00150415,0.00153896,0.0,0.00153896,0.0,0.001539
candidates_i/n2368,candidates_i/U2893/Y,AOI22X1,BUFX2/A,1,0.00153896,0.00153896,0.00150415,0.00150415,0.00153896,0.0,0.00153896,0.0,0.001539
candidates_i/n2370,candidates_i/U2897/Y,AOI22X1,BUFX2/A,1,0.00153896,0.00153896,0.00150415,0.00150415,0.00153896,0.0,0.00153896,0.0,0.001539
candidates_i/n2371,candidates_i/U2896/Y,AOI22X1,BUFX2/A,1,0.00153896,0.00153896,0.00150415,0.00150415,0.00153896,0.0,0.00153896,0.0,0.001539
candidates_i/n2375,candidates_i/U2892/Y,NAND3X1,BUFX2/A,1,0.00153896,0.00153896,0.00150415,0.00150415,0.00153896,0.0,0.00153896,0.0,0.001539
candidates_i/n2376,candidates_i/U2900/Y,AOI22X1,AND2X2/B,1,0.00186944,0.00186944,0.00182011,0.00182011,0.00186944,0.0,0.00186944,0.0,0.001869
candidates_i/n2377,candidates_i/U2899/Y,AOI22X1,AND2X2/A,1,0.00179784,0.00179784,0.00176278,0.00176278,0.00179784,0.0,0.00179784,0.0,0.001798
candidates_i/n2379,candidates_i/U2903/Y,AOI22X1,BUFX2/A,1,0.00153896,0.00153896,0.00150415,0.00150415,0.00153896,0.0,0.00153896,0.0,0.001539
candidates_i/n2380,candidates_i/U2902/Y,AOI22X1,BUFX2/A,1,0.00153896,0.00153896,0.00150415,0.00150415,0.00153896,0.0,0.00153896,0.0,0.001539
candidates_i/n2382,candidates_i/U2905/Y,AOI22X1,BUFX2/A,1,0.00153896,0.00153896,0.00150415,0.00150415,0.00153896,0.0,0.00153896,0.0,0.001539
candidates_i/n2383,candidates_i/U2904/Y,AOI22X1,BUFX2/A,1,0.00153896,0.00153896,0.00150415,0.00150415,0.00153896,0.0,0.00153896,0.0,0.001539
candidates_i/n2385,candidates_i/U2908/Y,AOI22X1,BUFX2/A,1,0.00153896,0.00153896,0.00150415,0.00150415,0.00153896,0.0,0.00153896,0.0,0.001539
candidates_i/n2386,candidates_i/U2907/Y,AOI22X1,BUFX2/A,1,0.00153896,0.00153896,0.00150415,0.00150415,0.00153896,0.0,0.00153896,0.0,0.001539
candidates_i/n2391,candidates_i/U1411/Y,NOR2X1,AND2X2/B,1,0.00186944,0.00186944,0.00182011,0.00182011,0.00186944,0.0,0.00186944,0.0,0.001869
candidates_i/n2392,candidates_i/U1539/Y,NOR2X1,AND2X2/A,1,0.00179784,0.00179784,0.00176278,0.00176278,0.00179784,0.0,0.00179784,0.0,0.001798
candidates_i/n2393,candidates_i/U2910/Y,NAND3X1,INVX1/A,1,0.00155103,0.00155103,0.00147616,0.00147616,0.00155103,0.0,0.00155103,0.0,0.001551
candidates_i/n2394,candidates_i/U986/Y,NAND2X1,AND2X2/B,1,0.00186944,0.00186944,0.00182011,0.00182011,0.00186944,0.0,0.00186944,0.0,0.001869
candidates_i/n2395,candidates_i/U2304/Y,NAND2X1,AND2X2/A,1,0.00179784,0.00179784,0.00176278,0.00176278,0.00179784,0.0,0.00179784,0.0,0.001798
candidates_i/n2397,candidates_i/U2912/Y,NAND3X1,NAND3X1/A;NAND3X1/B,2,0.00537972,0.00537972,0.0048083,0.0048083,0.00537972,0.0,0.00537972,0.0,0.00538
candidates_i/n2398,candidates_i/U1441/Y,NAND2X1,INVX1/A;NAND3X1/B,2,0.00438316,0.00438316,0.00407594,0.00407594,0.00438316,0.0,0.00438316,0.0,0.004383
candidates_i/n2399,candidates_i/U979/Y,NAND2X1,NAND2X1/A;NAND2X1/A,2,0.00422114,0.00422114,0.0037687,0.0037687,0.00422114,0.0,0.00422114,0.0,0.004221
candidates_i/n2400,candidates_i/U1146/Y,NAND2X1,NAND2X1/B;NAND2X1/B,2,0.00405498,0.00405498,0.00388842,0.00388842,0.00405498,0.0,0.00405498,0.0,0.004055
candidates_i/n2401,candidates_i/U1460/Y,NAND2X1,NAND3X1/B,1,0.00283213,0.00283213,0.00259978,0.00259978,0.00283213,0.0,0.00283213,0.0,0.002832
candidates_i/n2402,candidates_i/U1410/Y,NAND2X1,NAND3X1/C,1,0.00296109,0.00296109,0.0028316,0.0028316,0.00296109,0.0,0.00296109,0.0,0.002961
candidates_i/n2403,candidates_i/U2916/Y,NAND3X1,INVX1/A;NOR3X1/B,2,0.0046180299999999995,0.00461436,0.00454316,0.00454316,0.00461436,0.0,0.00461436,0.0,0.004618
candidates_i/n2404,candidates_i/U2915/Y,NAND2X1,NOR3X1/B,1,0.003067,0.00306333,0.003067,0.00306333,0.003067,0.0,0.003067,0.0,0.003067
candidates_i/n2405,candidates_i/U2914/Y,NAND3X1,NOR3X1/C,1,0.00328822,0.00328822,0.00322576,0.00322576,0.00328822,0.0,0.00328822,0.0,0.003288
candidates_i/n2410,candidates_i/U2923/Y,NAND2X1,AOI22X1/D,1,0.00290653,0.00290653,0.00282572,0.00282572,0.00290653,0.0,0.00290653,0.0,0.002907
candidates_i/n2411,candidates_i/U2922/Y,NAND2X1,AOI22X1/B,1,0.00276444,0.00276444,0.00272615,0.00272615,0.00276444,0.0,0.00276444,0.0,0.002764
candidates_i/n2412,candidates_i/U2924/Y,AOI22X1,NAND3X1/C,1,0.00296109,0.00296109,0.0028316,0.0028316,0.00296109,0.0,0.00296109,0.0,0.002961
candidates_i/n2415,candidates_i/U2927/Y,AOI22X1,NAND2X1/B,1,0.00202749,0.00202749,0.00194421,0.00194421,0.00202749,0.0,0.00202749,0.0,0.002027
candidates_i/n2416,candidates_i/U2926/Y,AOI22X1,NAND2X1/A,1,0.00211057,0.00211057,0.00188435,0.00188435,0.00211057,0.0,0.00211057,0.0,0.002111
candidates_i/n2417,candidates_i/U2928/Y,NAND2X1,AOI22X1/B,1,0.00276444,0.00276444,0.00272615,0.00272615,0.00276444,0.0,0.00276444,0.0,0.002764
candidates_i/n2418,candidates_i/U2925/Y,NAND3X1,AOI22X1/A,1,0.00281659,0.00281659,0.00265821,0.00265821,0.00281659,0.0,0.00281659,0.0,0.002817
candidates_i/n2419,candidates_i/U2929/Y,AOI22X1,NAND3X1/A,1,0.00254759,0.00254759,0.00220852,0.00220852,0.00254759,0.0,0.00254759,0.0,0.002548
candidates_i/n2420,candidates_i/U2919/Y,NAND3X1,NAND3X1/B,1,0.00283213,0.00283213,0.00259978,0.00259978,0.00283213,0.0,0.00283213,0.0,0.002832
candidates_i/n2421,candidates_i/U2918/Y,NAND3X1,NAND3X1/C,1,0.00296109,0.00296109,0.0028316,0.0028316,0.00296109,0.0,0.00296109,0.0,0.002961
candidates_i/n2422,candidates_i/U1283/Y,NAND2X1,NAND2X1/A,1,0.00211057,0.00211057,0.00188435,0.00188435,0.00211057,0.0,0.00211057,0.0,0.002111
candidates_i/n2423,candidates_i/U1192/Y,NAND2X1,NAND2X1/B,1,0.00202749,0.00202749,0.00194421,0.00194421,0.00202749,0.0,0.00202749,0.0,0.002027
candidates_i/n2424,candidates_i/U1520/Y,NAND2X1,NAND3X1/C,1,0.00296109,0.00296109,0.0028316,0.0028316,0.00296109,0.0,0.00296109,0.0,0.002961
candidates_i/n2425,candidates_i/U1557/Y,NAND2X1,NAND3X1/A,1,0.00254759,0.00254759,0.00220852,0.00220852,0.00254759,0.0,0.00254759,0.0,0.002548
candidates_i/n2426,candidates_i/U2932/Y,NAND3X1,NAND3X1/B,1,0.00283213,0.00283213,0.00259978,0.00259978,0.00283213,0.0,0.00283213,0.0,0.002832
candidates_i/n2427,candidates_i/U2933/Y,NAND3X1,NOR2X1/B,1,0.00236501,0.00236501,0.00229711,0.00229711,0.00236501,0.0,0.00236501,0.0,0.002365
candidates_i/n2428,candidates_i/U2931/Y,NAND2X1,NOR2X1/A,1,0.00224248,0.00224248,0.00220861,0.00220861,0.00224248,0.0,0.00224248,0.0,0.002242
candidates_i/n2429,candidates_i/U2930/Y,NAND3X1,NOR2X1/A;NOR2X1/B,2,0.00460749,0.00460749,0.00450572,0.00450572,0.00460749,0.0,0.00460749,0.0,0.004607
candidates_i/n2430,candidates_i/U2934/Y,AOI22X1,INVX1/A,1,0.00155103,0.00155103,0.00147616,0.00147616,0.00155103,0.0,0.00155103,0.0,0.001551
candidates_i/n2432,candidates_i/U1548/Y,NOR2X1,XNOR2X1/A,1,0.00500113,0.00500113,0.00461621,0.00461621,0.00500113,0.0,0.00500113,0.0,0.005001
candidates_i/n2433,candidates_i/U2936/Y,AOI22X1,BUFX2/A,1,0.00153896,0.00153896,0.00150415,0.00150415,0.00153896,0.0,0.00153896,0.0,0.001539
candidates_i/n2434,candidates_i/U2935/Y,AOI22X1,NAND2X1/A,1,0.00211057,0.00211057,0.00188435,0.00188435,0.00211057,0.0,0.00211057,0.0,0.002111
candidates_i/n2435,candidates_i/U2938/Y,AOI22X1,BUFX2/A,1,0.00153896,0.00153896,0.00150415,0.00150415,0.00153896,0.0,0.00153896,0.0,0.001539
candidates_i/n2436,candidates_i/U2937/Y,AOI22X1,NAND2X1/A,1,0.00211057,0.00211057,0.00188435,0.00188435,0.00211057,0.0,0.00211057,0.0,0.002111
candidates_i/n2440,candidates_i/U2941/Y,AOI22X1,NAND2X1/B,1,0.00202749,0.00202749,0.00194421,0.00194421,0.00202749,0.0,0.00202749,0.0,0.002027
candidates_i/n2441,candidates_i/U2940/Y,AOI22X1,NAND2X1/A,1,0.00211057,0.00211057,0.00188435,0.00188435,0.00211057,0.0,0.00211057,0.0,0.002111
candidates_i/n2442,candidates_i/U2942/Y,NAND2X1,XOR2X1/A,1,0.00539601,0.00539601,0.00499683,0.00499683,0.00539601,0.0,0.00539601,0.0,0.005396
candidates_i/n2443,candidates_i/U2945/Y,AOI22X1,BUFX2/A,1,0.00153896,0.00153896,0.00150415,0.00150415,0.00153896,0.0,0.00153896,0.0,0.001539
candidates_i/n2444,candidates_i/U2944/Y,AOI22X1,BUFX2/A,1,0.00153896,0.00153896,0.00150415,0.00150415,0.00153896,0.0,0.00153896,0.0,0.001539
candidates_i/n2448,candidates_i/U2939/Y,NAND3X1,NOR3X1/C,1,0.00328822,0.00328822,0.00322576,0.00322576,0.00328822,0.0,0.00328822,0.0,0.003288
candidates_i/n2449,candidates_i/U2948/Y,AOI22X1,AND2X2/B,1,0.00186944,0.00186944,0.00182011,0.00182011,0.00186944,0.0,0.00186944,0.0,0.001869
candidates_i/n245,candidates_i/U471/Y,NAND2X1,OR2X2/B,1,0.00234214,0.00228252,0.00234214,0.00228252,0.00234214,0.0,0.00234214,0.0,0.002342
candidates_i/n2450,candidates_i/U2947/Y,AOI22X1,AND2X2/A,1,0.00179784,0.00179784,0.00176278,0.00176278,0.00179784,0.0,0.00179784,0.0,0.001798
candidates_i/n2452,candidates_i/U2950/Y,AOI22X1,NAND2X1/B,1,0.00202749,0.00202749,0.00194421,0.00194421,0.00202749,0.0,0.00202749,0.0,0.002027
candidates_i/n2453,candidates_i/U2949/Y,AOI22X1,NAND2X1/A,1,0.00211057,0.00211057,0.00188435,0.00188435,0.00211057,0.0,0.00211057,0.0,0.002111
candidates_i/n2455,candidates_i/U2953/Y,AOI22X1,BUFX2/A,1,0.00153896,0.00153896,0.00150415,0.00150415,0.00153896,0.0,0.00153896,0.0,0.001539
candidates_i/n2456,candidates_i/U2952/Y,AOI22X1,NAND2X1/A,1,0.00211057,0.00211057,0.00188435,0.00188435,0.00211057,0.0,0.00211057,0.0,0.002111
candidates_i/n2457,candidates_i/U2955/Y,AOI22X1,INVX1/A,1,0.00155103,0.00155103,0.00147616,0.00147616,0.00155103,0.0,0.00155103,0.0,0.001551
candidates_i/n2458,candidates_i/U2954/Y,AOI22X1,INVX1/A,1,0.00155103,0.00155103,0.00147616,0.00147616,0.00155103,0.0,0.00155103,0.0,0.001551
candidates_i/n2464,candidates_i/U2956/Y,NAND3X1,INVX2/A,1,0.00267266,0.00265521,0.00267266,0.00265521,0.00267266,0.0,0.00267266,0.0,0.002673
candidates_i/n2465,candidates_i/U2958/Y,NAND3X1,AND2X2/B,1,0.00186944,0.00186944,0.00182011,0.00182011,0.00186944,0.0,0.00186944,0.0,0.001869
candidates_i/n2466,candidates_i/U1029/Y,NAND2X1,AND2X2/A,1,0.00179784,0.00179784,0.00176278,0.00176278,0.00179784,0.0,0.00179784,0.0,0.001798
candidates_i/n2468,candidates_i/U2957/Y,NAND3X1,NAND3X1/A,1,0.00254759,0.00254759,0.00220852,0.00220852,0.00254759,0.0,0.00254759,0.0,0.002548
candidates_i/n2469,candidates_i/U1225/Y,NAND2X1,NAND3X1/B,1,0.00283213,0.00283213,0.00259978,0.00259978,0.00283213,0.0,0.00283213,0.0,0.002832
candidates_i/n2470,candidates_i/U1083/Y,NAND2X1,NAND2X1/A,1,0.00211057,0.00211057,0.00188435,0.00188435,0.00211057,0.0,0.00211057,0.0,0.002111
candidates_i/n2471,candidates_i/U1545/Y,NAND2X1,NAND3X1/B,1,0.00283213,0.00283213,0.00259978,0.00259978,0.00283213,0.0,0.00283213,0.0,0.002832
candidates_i/n2472,candidates_i/U1306/Y,NAND2X1,NAND3X1/C,1,0.00296109,0.00296109,0.0028316,0.0028316,0.00296109,0.0,0.00296109,0.0,0.002961
candidates_i/n2473,candidates_i/U2961/Y,NAND3X1,INVX1/A,1,0.00155103,0.00155103,0.00147616,0.00147616,0.00155103,0.0,0.00155103,0.0,0.001551
candidates_i/n2474,candidates_i/U2960/Y,NAND3X1,BUFX2/A;NOR2X1/A,2,0.0037814399999999996,0.0037814399999999996,0.0037127600000000003,0.00371276,0.00378144,0.0,0.00378144,0.0,0.003781
candidates_i/n2481,candidates_i/U2968/Y,NAND2X1,AOI22X1/D,1,0.00290653,0.00290653,0.00282572,0.00282572,0.00290653,0.0,0.00290653,0.0,0.002907
candidates_i/n2482,candidates_i/U2967/Y,NAND2X1,AOI22X1/B,1,0.00276444,0.00276444,0.00272615,0.00272615,0.00276444,0.0,0.00276444,0.0,0.002764
candidates_i/n2483,candidates_i/U2969/Y,AOI22X1,NAND3X1/C,1,0.00296109,0.00296109,0.0028316,0.0028316,0.00296109,0.0,0.00296109,0.0,0.002961
candidates_i/n2486,candidates_i/U2972/Y,AOI22X1,NAND2X1/B,1,0.00202749,0.00202749,0.00194421,0.00194421,0.00202749,0.0,0.00202749,0.0,0.002027
candidates_i/n2487,candidates_i/U2971/Y,AOI22X1,NAND2X1/A,1,0.00211057,0.00211057,0.00188435,0.00188435,0.00211057,0.0,0.00211057,0.0,0.002111
candidates_i/n2488,candidates_i/U2973/Y,NAND2X1,AOI22X1/B,1,0.00276444,0.00276444,0.00272615,0.00272615,0.00276444,0.0,0.00276444,0.0,0.002764
candidates_i/n2489,candidates_i/U2970/Y,NAND3X1,AOI22X1/A,1,0.00281659,0.00281659,0.00265821,0.00265821,0.00281659,0.0,0.00281659,0.0,0.002817
candidates_i/n2490,candidates_i/U2974/Y,AOI22X1,NAND3X1/C,1,0.00296109,0.00296109,0.0028316,0.0028316,0.00296109,0.0,0.00296109,0.0,0.002961
candidates_i/n2491,candidates_i/U2963/Y,NAND3X1,NAND3X1/A,1,0.00254759,0.00254759,0.00220852,0.00220852,0.00254759,0.0,0.00254759,0.0,0.002548
candidates_i/n2492,candidates_i/U2962/Y,NAND3X1,NAND3X1/B,1,0.00283213,0.00283213,0.00259978,0.00259978,0.00283213,0.0,0.00283213,0.0,0.002832
candidates_i/n2493,candidates_i/U2977/Y,NAND3X1,NAND2X1/B,1,0.00202749,0.00202749,0.00194421,0.00194421,0.00202749,0.0,0.00202749,0.0,0.002027
candidates_i/n2494,candidates_i/U2976/Y,NAND3X1,NAND2X1/A,1,0.00211057,0.00211057,0.00188435,0.00188435,0.00211057,0.0,0.00211057,0.0,0.002111
candidates_i/n2495,candidates_i/U972/Y,NAND2X1,NAND3X1/C,1,0.00296109,0.00296109,0.0028316,0.0028316,0.00296109,0.0,0.00296109,0.0,0.002961
candidates_i/n2496,candidates_i/U2980/Y,NAND3X1,NAND3X1/B,1,0.00283213,0.00283213,0.00259978,0.00259978,0.00283213,0.0,0.00283213,0.0,0.002832
candidates_i/n2497,candidates_i/U2979/Y,NAND3X1,NAND3X1/A,1,0.00254759,0.00254759,0.00220852,0.00220852,0.00254759,0.0,0.00254759,0.0,0.002548
candidates_i/n2498,candidates_i/U2981/Y,NAND3X1,NOR3X1/C,1,0.00328822,0.00328822,0.00322576,0.00322576,0.00328822,0.0,0.00328822,0.0,0.003288
candidates_i/n2499,candidates_i/U2978/Y,NAND2X1,NOR3X1/B,1,0.003067,0.00306333,0.003067,0.00306333,0.003067,0.0,0.003067,0.0,0.003067
candidates_i/n2500,candidates_i/U2975/Y,NAND3X1,NOR3X1/A,1,0.00302113,0.00302113,0.00301081,0.00301081,0.00302113,0.0,0.00302113,0.0,0.003021
candidates_i/n2501,candidates_i/U2984/Y,AOI22X1,AND2X2/B,1,0.00186944,0.00186944,0.00182011,0.00182011,0.00186944,0.0,0.00186944,0.0,0.001869
candidates_i/n2502,candidates_i/U2983/Y,AOI22X1,AND2X2/A,1,0.00179784,0.00179784,0.00176278,0.00176278,0.00179784,0.0,0.00179784,0.0,0.001798
candidates_i/n2504,candidates_i/U2986/Y,AOI22X1,BUFX2/A,1,0.00153896,0.00153896,0.00150415,0.00150415,0.00153896,0.0,0.00153896,0.0,0.001539
candidates_i/n2505,candidates_i/U2985/Y,AOI22X1,BUFX2/A,1,0.00153896,0.00153896,0.00150415,0.00150415,0.00153896,0.0,0.00153896,0.0,0.001539
candidates_i/n2507,candidates_i/U2988/Y,AOI22X1,BUFX2/A,1,0.00153896,0.00153896,0.00150415,0.00150415,0.00153896,0.0,0.00153896,0.0,0.001539
candidates_i/n2508,candidates_i/U2987/Y,AOI22X1,NAND2X1/A,1,0.00211057,0.00211057,0.00188435,0.00188435,0.00211057,0.0,0.00211057,0.0,0.002111
candidates_i/n2512,candidates_i/U2991/Y,AOI22X1,INVX1/A,1,0.00155103,0.00155103,0.00147616,0.00147616,0.00155103,0.0,0.00155103,0.0,0.001551
candidates_i/n2513,candidates_i/U2990/Y,AOI22X1,INVX1/A,1,0.00155103,0.00155103,0.00147616,0.00147616,0.00155103,0.0,0.00155103,0.0,0.001551
candidates_i/n2514,candidates_i/U2993/Y,AOI22X1,AND2X2/B,1,0.00186944,0.00186944,0.00182011,0.00182011,0.00186944,0.0,0.00186944,0.0,0.001869
candidates_i/n2515,candidates_i/U2992/Y,AOI22X1,BUFX2/A,1,0.00153896,0.00153896,0.00150415,0.00150415,0.00153896,0.0,0.00153896,0.0,0.001539
candidates_i/n2517,candidates_i/U2989/Y,NAND3X1,NOR2X1/B,1,0.00236501,0.00236501,0.00229711,0.00229711,0.00236501,0.0,0.00236501,0.0,0.002365
candidates_i/n2518,candidates_i/U2995/Y,AOI22X1,AND2X2/B,1,0.00186944,0.00186944,0.00182011,0.00182011,0.00186944,0.0,0.00186944,0.0,0.001869
candidates_i/n2519,candidates_i/U2994/Y,AOI22X1,AND2X2/A,1,0.00179784,0.00179784,0.00176278,0.00176278,0.00179784,0.0,0.00179784,0.0,0.001798
candidates_i/n2521,candidates_i/U2997/Y,AOI22X1,BUFX2/A,1,0.00153896,0.00153896,0.00150415,0.00150415,0.00153896,0.0,0.00153896,0.0,0.001539
candidates_i/n2522,candidates_i/U2996/Y,AOI22X1,BUFX2/A,1,0.00153896,0.00153896,0.00150415,0.00150415,0.00153896,0.0,0.00153896,0.0,0.001539
candidates_i/n2523,candidates_i/U2999/Y,AOI22X1,BUFX4/A,1,0.0039795,0.0039795,0.003854,0.003854,0.0039795,0.0,0.0039795,0.0,0.003979
candidates_i/n2524,candidates_i/U2998/Y,AOI22X1,BUFX2/A,1,0.00153896,0.00153896,0.00150415,0.00150415,0.00153896,0.0,0.00153896,0.0,0.001539
candidates_i/n2526,candidates_i/U3001/Y,AOI22X1,BUFX2/A,1,0.00153896,0.00153896,0.00150415,0.00150415,0.00153896,0.0,0.00153896,0.0,0.001539
candidates_i/n2527,candidates_i/U3000/Y,AOI22X1,BUFX2/A,1,0.00153896,0.00153896,0.00150415,0.00150415,0.00153896,0.0,0.00153896,0.0,0.001539
candidates_i/n2530,candidates_i/U1047/Y,NOR2X1,NAND2X1/B,1,0.00202749,0.00202749,0.00194421,0.00194421,0.00202749,0.0,0.00202749,0.0,0.002027
candidates_i/n2531,candidates_i/U921/Y,NOR2X1,AND2X2/B,1,0.00186944,0.00186944,0.00182011,0.00182011,0.00186944,0.0,0.00186944,0.0,0.001869
candidates_i/n2532,candidates_i/U1658/Y,NOR2X1,AND2X2/A,1,0.00179784,0.00179784,0.00176278,0.00176278,0.00179784,0.0,0.00179784,0.0,0.001798
candidates_i/n2533,candidates_i/U3005/Y,NAND3X1,AND2X2/B,1,0.00186944,0.00186944,0.00182011,0.00182011,0.00186944,0.0,0.00186944,0.0,0.001869
candidates_i/n2534,candidates_i/U3004/Y,NAND3X1,AND2X2/A,1,0.00179784,0.00179784,0.00176278,0.00176278,0.00179784,0.0,0.00179784,0.0,0.001798
candidates_i/n2536,candidates_i/U3003/Y,NAND3X1,AND2X2/A,1,0.00179784,0.00179784,0.00176278,0.00176278,0.00179784,0.0,0.00179784,0.0,0.001798
candidates_i/n2537,candidates_i/U1003/Y,NAND2X1,AND2X2/B,1,0.00186944,0.00186944,0.00182011,0.00182011,0.00186944,0.0,0.00186944,0.0,0.001869
candidates_i/n2538,candidates_i/U1261/Y,NAND2X1,NAND2X1/B,1,0.00202749,0.00202749,0.00194421,0.00194421,0.00202749,0.0,0.00202749,0.0,0.002027
candidates_i/n2539,candidates_i/U1273/Y,NAND2X1,NAND2X1/A,1,0.00211057,0.00211057,0.00188435,0.00188435,0.00211057,0.0,0.00211057,0.0,0.002111
candidates_i/n2540,candidates_i/U1429/Y,NAND2X1,NAND3X1/B,1,0.00283213,0.00283213,0.00259978,0.00259978,0.00283213,0.0,0.00283213,0.0,0.002832
candidates_i/n2541,candidates_i/U1442/Y,NAND2X1,NAND3X1/C,1,0.00296109,0.00296109,0.0028316,0.0028316,0.00296109,0.0,0.00296109,0.0,0.002961
candidates_i/n2542,candidates_i/U3008/Y,NAND3X1,OR2X2/A,1,0.00230117,0.00229176,0.00230117,0.00229176,0.00230117,0.0,0.00230117,0.0,0.002301
candidates_i/n2543,candidates_i/U3007/Y,NAND2X1,OR2X2/B,1,0.00234214,0.00228252,0.00234214,0.00228252,0.00234214,0.0,0.00234214,0.0,0.002342
candidates_i/n2544,candidates_i/U1635/Y,NAND2X1,NOR2X1/A,1,0.00224248,0.00224248,0.00220861,0.00220861,0.00224248,0.0,0.00224248,0.0,0.002242
candidates_i/n2547,candidates_i/U3011/Y,AOI22X1,NAND2X1/B,1,0.00202749,0.00202749,0.00194421,0.00194421,0.00202749,0.0,0.00202749,0.0,0.002027
candidates_i/n2548,candidates_i/U3010/Y,AOI22X1,NAND2X1/A,1,0.00211057,0.00211057,0.00188435,0.00188435,0.00211057,0.0,0.00211057,0.0,0.002111
candidates_i/n2553,candidates_i/U3016/Y,NAND2X1,AOI22X1/D,1,0.00290653,0.00290653,0.00282572,0.00282572,0.00290653,0.0,0.00290653,0.0,0.002907
candidates_i/n2554,candidates_i/U3015/Y,NAND2X1,AOI22X1/B,1,0.00276444,0.00276444,0.00272615,0.00272615,0.00276444,0.0,0.00276444,0.0,0.002764
candidates_i/n2555,candidates_i/U3017/Y,AOI22X1,NAND3X1/C,1,0.00296109,0.00296109,0.0028316,0.0028316,0.00296109,0.0,0.00296109,0.0,0.002961
candidates_i/n2558,candidates_i/U3018/Y,NAND3X1,AOI22X1/B,1,0.00276444,0.00276444,0.00272615,0.00272615,0.00276444,0.0,0.00276444,0.0,0.002764
candidates_i/n2559,candidates_i/U3012/Y,NAND2X1,AOI22X1/A,1,0.00281659,0.00281659,0.00265821,0.00265821,0.00281659,0.0,0.00281659,0.0,0.002817
candidates_i/n2560,candidates_i/U3019/Y,AOI22X1,AND2X2/A,1,0.00179784,0.00179784,0.00176278,0.00176278,0.00179784,0.0,0.00179784,0.0,0.001798
candidates_i/n2561,candidates_i/U1424/Y,NAND2X1,NAND2X1/B,1,0.00202749,0.00202749,0.00194421,0.00194421,0.00202749,0.0,0.00202749,0.0,0.002027
candidates_i/n2562,candidates_i/U3009/Y,NAND3X1,AND2X2/B,1,0.00186944,0.00186944,0.00182011,0.00182011,0.00186944,0.0,0.00186944,0.0,0.001869
candidates_i/n2563,candidates_i/U3021/Y,NAND3X1,NAND2X1/B,1,0.00202749,0.00202749,0.00194421,0.00194421,0.00202749,0.0,0.00202749,0.0,0.002027
candidates_i/n2564,candidates_i/U3020/Y,NAND3X1,NAND2X1/A,1,0.00211057,0.00211057,0.00188435,0.00188435,0.00211057,0.0,0.00211057,0.0,0.002111
candidates_i/n2565,candidates_i/U1257/Y,NAND2X1,NAND3X1/B,1,0.00283213,0.00283213,0.00259978,0.00259978,0.00283213,0.0,0.00283213,0.0,0.002832
candidates_i/n2566,candidates_i/U1179/Y,NAND2X1,NAND3X1/C,1,0.00296109,0.00296109,0.0028316,0.0028316,0.00296109,0.0,0.00296109,0.0,0.002961
candidates_i/n2567,candidates_i/U1321/Y,NAND2X1,NAND3X1/A,1,0.00254759,0.00254759,0.00220852,0.00220852,0.00254759,0.0,0.00254759,0.0,0.002548
candidates_i/n2568,candidates_i/U3023/Y,NAND3X1,NOR3X1/C,1,0.00328822,0.00328822,0.00322576,0.00322576,0.00328822,0.0,0.00328822,0.0,0.003288
candidates_i/n2569,candidates_i/U3022/Y,NAND2X1,NOR3X1/A,1,0.00302113,0.00302113,0.00301081,0.00301081,0.00302113,0.0,0.00302113,0.0,0.003021
candidates_i/n2570,candidates_i/U1432/Y,NAND2X1,NOR3X1/B,1,0.003067,0.00306333,0.003067,0.00306333,0.003067,0.0,0.003067,0.0,0.003067
candidates_i/n2571,candidates_i/U3026/Y,AOI22X1,NAND2X1/B,1,0.00202749,0.00202749,0.00194421,0.00194421,0.00202749,0.0,0.00202749,0.0,0.002027
candidates_i/n2572,candidates_i/U3025/Y,AOI22X1,BUFX2/A,1,0.00153896,0.00153896,0.00150415,0.00150415,0.00153896,0.0,0.00153896,0.0,0.001539
candidates_i/n2573,candidates_i/U3028/Y,AOI22X1,BUFX2/A,1,0.00153896,0.00153896,0.00150415,0.00150415,0.00153896,0.0,0.00153896,0.0,0.001539
candidates_i/n2574,candidates_i/U3027/Y,AOI22X1,BUFX2/A,1,0.00153896,0.00153896,0.00150415,0.00150415,0.00153896,0.0,0.00153896,0.0,0.001539
candidates_i/n2576,candidates_i/U3030/Y,AOI22X1,BUFX2/A,1,0.00153896,0.00153896,0.00150415,0.00150415,0.00153896,0.0,0.00153896,0.0,0.001539
candidates_i/n2577,candidates_i/U3029/Y,AOI22X1,BUFX2/A,1,0.00153896,0.00153896,0.00150415,0.00150415,0.00153896,0.0,0.00153896,0.0,0.001539
candidates_i/n2582,candidates_i/U3033/Y,AOI22X1,BUFX2/A,1,0.00153896,0.00153896,0.00150415,0.00150415,0.00153896,0.0,0.00153896,0.0,0.001539
candidates_i/n2583,candidates_i/U3032/Y,AOI22X1,BUFX2/A,1,0.00153896,0.00153896,0.00150415,0.00150415,0.00153896,0.0,0.00153896,0.0,0.001539
candidates_i/n2585,candidates_i/U3036/Y,AOI22X1,BUFX2/A,1,0.00153896,0.00153896,0.00150415,0.00150415,0.00153896,0.0,0.00153896,0.0,0.001539
candidates_i/n2586,candidates_i/U3035/Y,AOI22X1,BUFX2/A,1,0.00153896,0.00153896,0.00150415,0.00150415,0.00153896,0.0,0.00153896,0.0,0.001539
candidates_i/n2590,candidates_i/U3031/Y,NAND3X1,NOR3X1/C,1,0.00328822,0.00328822,0.00322576,0.00322576,0.00328822,0.0,0.00328822,0.0,0.003288
candidates_i/n2591,candidates_i/U3040/Y,AOI22X1,NAND2X1/B,1,0.00202749,0.00202749,0.00194421,0.00194421,0.00202749,0.0,0.00202749,0.0,0.002027
candidates_i/n2592,candidates_i/U3039/Y,AOI22X1,NAND2X1/A,1,0.00211057,0.00211057,0.00188435,0.00188435,0.00211057,0.0,0.00211057,0.0,0.002111
candidates_i/n2593,candidates_i/U3043/Y,AOI22X1,BUFX2/A,1,0.00153896,0.00153896,0.00150415,0.00150415,0.00153896,0.0,0.00153896,0.0,0.001539
candidates_i/n2594,candidates_i/U3042/Y,AOI22X1,BUFX2/A,1,0.00153896,0.00153896,0.00150415,0.00150415,0.00153896,0.0,0.00153896,0.0,0.001539
candidates_i/n2596,candidates_i/U3045/Y,AOI22X1,BUFX2/A,1,0.00153896,0.00153896,0.00150415,0.00150415,0.00153896,0.0,0.00153896,0.0,0.001539
candidates_i/n2597,candidates_i/U3044/Y,AOI22X1,BUFX2/A,1,0.00153896,0.00153896,0.00150415,0.00150415,0.00153896,0.0,0.00153896,0.0,0.001539
candidates_i/n2598,candidates_i/U3047/Y,AOI22X1,BUFX2/A,1,0.00153896,0.00153896,0.00150415,0.00150415,0.00153896,0.0,0.00153896,0.0,0.001539
candidates_i/n2599,candidates_i/U3046/Y,AOI22X1,BUFX2/A,1,0.00153896,0.00153896,0.00150415,0.00150415,0.00153896,0.0,0.00153896,0.0,0.001539
candidates_i/n2603,candidates_i/U1623/Y,NOR2X1,AND2X2/B;AND2X2/B,2,0.00373888,0.00373888,0.00364022,0.00364022,0.00373888,0.0,0.00373888,0.0,0.003739
candidates_i/n2605,candidates_i/U3048/Y,NAND3X1,INVX1/A,1,0.00155103,0.00155103,0.00147616,0.00147616,0.00155103,0.0,0.00155103,0.0,0.001551
candidates_i/n2606,candidates_i/U1312/Y,NAND2X1,AND2X2/B,1,0.00186944,0.00186944,0.00182011,0.00182011,0.00186944,0.0,0.00186944,0.0,0.001869
candidates_i/n2607,candidates_i/U1260/Y,NAND2X1,AND2X2/A,1,0.00179784,0.00179784,0.00176278,0.00176278,0.00179784,0.0,0.00179784,0.0,0.001798
candidates_i/n2609,candidates_i/U1309/Y,NAND2X1,NAND3X1/B,1,0.00283213,0.00283213,0.00259978,0.00259978,0.00283213,0.0,0.00283213,0.0,0.002832
candidates_i/n261,candidates_i/U491/Y,NAND2X1,INVX1/A,1,0.00155103,0.00155103,0.00147616,0.00147616,0.00155103,0.0,0.00155103,0.0,0.001551
candidates_i/n2610,candidates_i/U1071/Y,NAND2X1,NAND3X1/A,1,0.00254759,0.00254759,0.00220852,0.00220852,0.00254759,0.0,0.00254759,0.0,0.002548
candidates_i/n2611,candidates_i/U3051/Y,NAND3X1,NAND2X1/A,1,0.00211057,0.00211057,0.00188435,0.00188435,0.00211057,0.0,0.00211057,0.0,0.002111
candidates_i/n2612,candidates_i/U1380/Y,NAND2X1,NAND2X1/B,1,0.00202749,0.00202749,0.00194421,0.00194421,0.00202749,0.0,0.00202749,0.0,0.002027
candidates_i/n2613,candidates_i/U3053/Y,NAND3X1,NAND3X1/C,1,0.00296109,0.00296109,0.0028316,0.0028316,0.00296109,0.0,0.00296109,0.0,0.002961
candidates_i/n2614,candidates_i/U1341/Y,NAND2X1,NAND3X1/B,1,0.00283213,0.00283213,0.00259978,0.00259978,0.00283213,0.0,0.00283213,0.0,0.002832
candidates_i/n2615,candidates_i/U3054/Y,NAND3X1,NOR3X1/B,1,0.003067,0.00306333,0.003067,0.00306333,0.003067,0.0,0.003067,0.0,0.003067
candidates_i/n2616,candidates_i/U3052/Y,NAND2X1,NOR3X1/A,1,0.00302113,0.00302113,0.00301081,0.00301081,0.00302113,0.0,0.00302113,0.0,0.003021
candidates_i/n2617,candidates_i/U3050/Y,NAND3X1,NOR3X1/C,1,0.00328822,0.00328822,0.00322576,0.00322576,0.00328822,0.0,0.00328822,0.0,0.003288
candidates_i/n2624,candidates_i/U3061/Y,NAND2X1,AOI22X1/D,1,0.00290653,0.00290653,0.00282572,0.00282572,0.00290653,0.0,0.00290653,0.0,0.002907
candidates_i/n2625,candidates_i/U3060/Y,NAND2X1,AOI22X1/B,1,0.00276444,0.00276444,0.00272615,0.00272615,0.00276444,0.0,0.00276444,0.0,0.002764
candidates_i/n2626,candidates_i/U3062/Y,AOI22X1,NAND3X1/C,1,0.00296109,0.00296109,0.0028316,0.0028316,0.00296109,0.0,0.00296109,0.0,0.002961
candidates_i/n2629,candidates_i/U3065/Y,AOI22X1,NAND2X1/B,1,0.00202749,0.00202749,0.00194421,0.00194421,0.00202749,0.0,0.00202749,0.0,0.002027
candidates_i/n2630,candidates_i/U3064/Y,AOI22X1,NAND2X1/A,1,0.00211057,0.00211057,0.00188435,0.00188435,0.00211057,0.0,0.00211057,0.0,0.002111
candidates_i/n2631,candidates_i/U3066/Y,NAND2X1,AOI22X1/B,1,0.00276444,0.00276444,0.00272615,0.00272615,0.00276444,0.0,0.00276444,0.0,0.002764
candidates_i/n2632,candidates_i/U3063/Y,NAND3X1,AOI22X1/A,1,0.00281659,0.00281659,0.00265821,0.00265821,0.00281659,0.0,0.00281659,0.0,0.002817
candidates_i/n2633,candidates_i/U3067/Y,AOI22X1,NAND3X1/A,1,0.00254759,0.00254759,0.00220852,0.00220852,0.00254759,0.0,0.00254759,0.0,0.002548
candidates_i/n2634,candidates_i/U3057/Y,NAND3X1,NAND3X1/B,1,0.00283213,0.00283213,0.00259978,0.00259978,0.00283213,0.0,0.00283213,0.0,0.002832
candidates_i/n2635,candidates_i/U3056/Y,NAND3X1,NAND3X1/C,1,0.00296109,0.00296109,0.0028316,0.0028316,0.00296109,0.0,0.00296109,0.0,0.002961
candidates_i/n2636,candidates_i/U1052/Y,NAND2X1,NAND2X1/B,1,0.00202749,0.00202749,0.00194421,0.00194421,0.00202749,0.0,0.00202749,0.0,0.002027
candidates_i/n2637,candidates_i/U3069/Y,NAND3X1,NAND2X1/A,1,0.00211057,0.00211057,0.00188435,0.00188435,0.00211057,0.0,0.00211057,0.0,0.002111
candidates_i/n2638,candidates_i/U3073/Y,NAND3X1,NAND2X1/A,1,0.00211057,0.00211057,0.00188435,0.00188435,0.00211057,0.0,0.00211057,0.0,0.002111
candidates_i/n2639,candidates_i/U3072/Y,NAND3X1,NAND2X1/B,1,0.00202749,0.00202749,0.00194421,0.00194421,0.00202749,0.0,0.00202749,0.0,0.002027
candidates_i/n2640,candidates_i/U3071/Y,NAND3X1,NAND2X1/B,1,0.00202749,0.00202749,0.00194421,0.00194421,0.00202749,0.0,0.00202749,0.0,0.002027
candidates_i/n2641,candidates_i/U511/Y,NAND2X1,NOR3X1/C,1,0.00328822,0.00328822,0.00322576,0.00322576,0.00328822,0.0,0.00328822,0.0,0.003288
candidates_i/n2642,candidates_i/U3070/Y,NAND2X1,NOR3X1/B,1,0.003067,0.00306333,0.003067,0.00306333,0.003067,0.0,0.003067,0.0,0.003067
candidates_i/n2643,candidates_i/U3068/Y,NAND3X1,NOR3X1/A,1,0.00302113,0.00302113,0.00301081,0.00301081,0.00302113,0.0,0.00302113,0.0,0.003021
candidates_i/n2644,candidates_i/U3076/Y,AOI22X1,INVX2/A,1,0.00267266,0.00265521,0.00267266,0.00265521,0.00267266,0.0,0.00267266,0.0,0.002673
candidates_i/n2645,candidates_i/U3075/Y,AOI22X1,INVX1/A,1,0.00155103,0.00155103,0.00147616,0.00147616,0.00155103,0.0,0.00155103,0.0,0.001551
candidates_i/n2646,candidates_i/U992/Y,NOR2X1,XNOR2X1/B,1,0.00558933,0.00558933,0.00500383,0.00500383,0.00558933,0.0,0.00558933,0.0,0.005589
candidates_i/n2647,candidates_i/U3078/Y,AOI22X1,BUFX2/A,1,0.00153896,0.00153896,0.00150415,0.00150415,0.00153896,0.0,0.00153896,0.0,0.001539
candidates_i/n2648,candidates_i/U3077/Y,AOI22X1,AND2X2/A,1,0.00179784,0.00179784,0.00176278,0.00176278,0.00179784,0.0,0.00179784,0.0,0.001798
candidates_i/n2650,candidates_i/U3080/Y,AOI22X1,BUFX2/A,1,0.00153896,0.00153896,0.00150415,0.00150415,0.00153896,0.0,0.00153896,0.0,0.001539
candidates_i/n2651,candidates_i/U3079/Y,AOI22X1,BUFX2/A,1,0.00153896,0.00153896,0.00150415,0.00150415,0.00153896,0.0,0.00153896,0.0,0.001539
candidates_i/n2654,candidates_i/U1608/Y,NAND2X1,NAND3X1/B,1,0.00283213,0.00283213,0.00259978,0.00259978,0.00283213,0.0,0.00283213,0.0,0.002832
candidates_i/n2656,candidates_i/U3083/Y,AOI22X1,BUFX4/A,1,0.0039795,0.0039795,0.003854,0.003854,0.0039795,0.0,0.0039795,0.0,0.003979
candidates_i/n2657,candidates_i/U3082/Y,AOI22X1,BUFX2/A,1,0.00153896,0.00153896,0.00150415,0.00150415,0.00153896,0.0,0.00153896,0.0,0.001539
candidates_i/n2659,candidates_i/U3085/Y,AOI22X1,BUFX2/A,1,0.00153896,0.00153896,0.00150415,0.00150415,0.00153896,0.0,0.00153896,0.0,0.001539
candidates_i/n2660,candidates_i/U3084/Y,AOI22X1,BUFX2/A,1,0.00153896,0.00153896,0.00150415,0.00150415,0.00153896,0.0,0.00153896,0.0,0.001539
candidates_i/n2663,candidates_i/U3081/Y,NAND3X1,NOR2X1/A,1,0.00224248,0.00224248,0.00220861,0.00220861,0.00224248,0.0,0.00224248,0.0,0.002242
candidates_i/n2664,candidates_i/U3087/Y,AOI22X1,AND2X2/B,1,0.00186944,0.00186944,0.00182011,0.00182011,0.00186944,0.0,0.00186944,0.0,0.001869
candidates_i/n2665,candidates_i/U3086/Y,AOI22X1,AND2X2/A,1,0.00179784,0.00179784,0.00176278,0.00176278,0.00179784,0.0,0.00179784,0.0,0.001798
candidates_i/n2667,candidates_i/U3089/Y,AOI22X1,BUFX2/A,1,0.00153896,0.00153896,0.00150415,0.00150415,0.00153896,0.0,0.00153896,0.0,0.001539
candidates_i/n2668,candidates_i/U3088/Y,AOI22X1,BUFX2/A,1,0.00153896,0.00153896,0.00150415,0.00150415,0.00153896,0.0,0.00153896,0.0,0.001539
candidates_i/n2670,candidates_i/U3091/Y,AOI22X1,BUFX4/A,1,0.0039795,0.0039795,0.003854,0.003854,0.0039795,0.0,0.0039795,0.0,0.003979
candidates_i/n2671,candidates_i/U3090/Y,AOI22X1,BUFX2/A,1,0.00153896,0.00153896,0.00150415,0.00150415,0.00153896,0.0,0.00153896,0.0,0.001539
candidates_i/n2673,candidates_i/U3094/Y,AOI22X1,BUFX2/A,1,0.00153896,0.00153896,0.00150415,0.00150415,0.00153896,0.0,0.00153896,0.0,0.001539
candidates_i/n2674,candidates_i/U3093/Y,AOI22X1,BUFX2/A,1,0.00153896,0.00153896,0.00150415,0.00150415,0.00153896,0.0,0.00153896,0.0,0.001539
candidates_i/n2679,candidates_i/U3097/Y,AOI22X1,AND2X2/B,1,0.00186944,0.00186944,0.00182011,0.00182011,0.00186944,0.0,0.00186944,0.0,0.001869
candidates_i/n2680,candidates_i/U3002/Y,AOI22X1,AND2X2/A,1,0.00179784,0.00179784,0.00176278,0.00176278,0.00179784,0.0,0.00179784,0.0,0.001798
candidates_i/n2682,candidates_i/U2911/Y,AOI22X1,NAND3X1/A,1,0.00254759,0.00254759,0.00220852,0.00220852,0.00254759,0.0,0.00254759,0.0,0.002548
candidates_i/n2683,candidates_i/U2814/Y,AOI22X1,NAND3X1/B,1,0.00283213,0.00283213,0.00259978,0.00259978,0.00283213,0.0,0.00283213,0.0,0.002832
candidates_i/n2684,candidates_i/U3099/Y,NAND3X1,OR2X2/A;OR2X2/A;OR2X2/A,3,0.00690351,0.006875279999999999,0.00690351,0.00687528,0.00690351,0.0,0.00690351,0.0,0.006904
candidates_i/n2685,candidates_i/U2711/Y,NAND3X1,OR2X2/B;OR2X2/B;OR2X2/B,3,0.00702642,0.006847560000000001,0.00702642,0.00684756,0.00702642,0.0,0.00702642,0.0,0.007026
candidates_i/n2686,candidates_i/U3100/Y,NAND2X1,NAND3X1/C,1,0.00296109,0.00296109,0.0028316,0.0028316,0.00296109,0.0,0.00296109,0.0,0.002961
candidates_i/n2690,candidates_i/U3102/Y,AOI21X1,AND2X2/A,1,0.00179784,0.00179784,0.00176278,0.00176278,0.00179784,0.0,0.00179784,0.0,0.001798
candidates_i/n2694,candidates_i/U1654/Y,NOR2X1,AND2X2/B,1,0.00186944,0.00186944,0.00182011,0.00182011,0.00186944,0.0,0.00186944,0.0,0.001869
candidates_i/n2696,candidates_i/U3105/Y,AOI21X1,AND2X2/A,1,0.00179784,0.00179784,0.00176278,0.00176278,0.00179784,0.0,0.00179784,0.0,0.001798
candidates_i/n2698,candidates_i/U1643/Y,NOR2X1,NAND2X1/A,1,0.00211057,0.00211057,0.00188435,0.00188435,0.00211057,0.0,0.00211057,0.0,0.002111
candidates_i/n2699,candidates_i/U3109/Y,NAND2X1,NAND2X1/B,1,0.00202749,0.00202749,0.00194421,0.00194421,0.00202749,0.0,0.00202749,0.0,0.002027
candidates_i/n2700,candidates_i/U3110/Y,NAND2X1,NAND2X1/B,1,0.00202749,0.00202749,0.00194421,0.00194421,0.00202749,0.0,0.00202749,0.0,0.002027
candidates_i/n2701,candidates_i/U3107/Y,NAND2X1,NAND2X1/A,1,0.00211057,0.00211057,0.00188435,0.00188435,0.00211057,0.0,0.00211057,0.0,0.002111
candidates_i/n2704,candidates_i/U3112/Y,NAND2X1,NAND3X1/C,1,0.00296109,0.00296109,0.0028316,0.0028316,0.00296109,0.0,0.00296109,0.0,0.002961
candidates_i/n2707,candidates_i/U3115/Y,NAND2X1,AND2X2/B,1,0.00186944,0.00186944,0.00182011,0.00182011,0.00186944,0.0,0.00186944,0.0,0.001869
candidates_i/n271,candidates_i/U510/Y,NAND2X1,INVX1/A,1,0.00155103,0.00155103,0.00147616,0.00147616,0.00155103,0.0,0.00155103,0.0,0.001551
candidates_i/n2710,candidates_i/U2667/Y,NOR2X1,AND2X2/A,1,0.00179784,0.00179784,0.00176278,0.00176278,0.00179784,0.0,0.00179784,0.0,0.001798
candidates_i/n2711,candidates_i/U3117/Y,AOI21X1,AND2X2/A,1,0.00179784,0.00179784,0.00176278,0.00176278,0.00179784,0.0,0.00179784,0.0,0.001798
candidates_i/n2712,candidates_i/U3119/Y,NAND2X1,NAND3X1/C,1,0.00296109,0.00296109,0.0028316,0.0028316,0.00296109,0.0,0.00296109,0.0,0.002961
candidates_i/n2713,candidates_i/U3116/Y,NAND2X1,NAND3X1/B,1,0.00283213,0.00283213,0.00259978,0.00259978,0.00283213,0.0,0.00283213,0.0,0.002832
candidates_i/n2714,candidates_i/U3114/Y,NAND2X1,NAND3X1/A,1,0.00254759,0.00254759,0.00220852,0.00220852,0.00254759,0.0,0.00254759,0.0,0.002548
candidates_i/n2715,candidates_i/U3120/Y,NAND3X1,NOR3X1/C,1,0.00328822,0.00328822,0.00322576,0.00322576,0.00328822,0.0,0.00328822,0.0,0.003288
candidates_i/n2716,candidates_i/U3111/Y,NAND2X1,NOR3X1/B,1,0.003067,0.00306333,0.003067,0.00306333,0.003067,0.0,0.003067,0.0,0.003067
candidates_i/n2721,candidates_i/U3122/Y,AOI21X1,AND2X2/A;NAND2X1/B,2,0.00382533,0.00382533,0.0037069900000000003,0.00370699,0.00382533,0.0,0.00382533,0.0,0.003825
candidates_i/n2723,candidates_i/U1360/Y,NOR2X1,NAND3X1/B,1,0.00283213,0.00283213,0.00259978,0.00259978,0.00283213,0.0,0.00283213,0.0,0.002832
candidates_i/n2725,candidates_i/U3125/Y,AOI21X1,AND2X2/B,1,0.00186944,0.00186944,0.00182011,0.00182011,0.00186944,0.0,0.00186944,0.0,0.001869
candidates_i/n2729,candidates_i/U3128/Y,AOI21X1,AND2X2/A,1,0.00179784,0.00179784,0.00176278,0.00176278,0.00179784,0.0,0.00179784,0.0,0.001798
candidates_i/n2732,candidates_i/U1662/Y,NOR2X1,AND2X2/A,1,0.00179784,0.00179784,0.00176278,0.00176278,0.00179784,0.0,0.00179784,0.0,0.001798
candidates_i/n2733,candidates_i/U3130/Y,AOI21X1,AND2X2/A;AND2X2/A,2,0.00359568,0.00359568,0.00352556,0.00352556,0.00359568,0.0,0.00359568,0.0,0.003596
candidates_i/n2734,candidates_i/U3135/Y,AOI22X1,AND2X2/B,1,0.00186944,0.00186944,0.00182011,0.00182011,0.00186944,0.0,0.00186944,0.0,0.001869
candidates_i/n2735,candidates_i/U3134/Y,AOI22X1,AND2X2/A,1,0.00179784,0.00179784,0.00176278,0.00176278,0.00179784,0.0,0.00179784,0.0,0.001798
candidates_i/n2737,candidates_i/U3133/Y,AOI22X1,NAND3X1/B,1,0.00283213,0.00283213,0.00259978,0.00259978,0.00283213,0.0,0.00283213,0.0,0.002832
candidates_i/n2738,candidates_i/U3127/Y,AOI22X1,NAND3X1/A,1,0.00254759,0.00254759,0.00220852,0.00220852,0.00254759,0.0,0.00254759,0.0,0.002548
candidates_i/n2740,candidates_i/U2307/Y,NOR2X1,NAND2X1/A,1,0.00211057,0.00211057,0.00188435,0.00188435,0.00211057,0.0,0.00211057,0.0,0.002111
candidates_i/n2741,candidates_i/U3140/Y,NAND2X1,NAND3X1/C,1,0.00296109,0.00296109,0.0028316,0.0028316,0.00296109,0.0,0.00296109,0.0,0.002961
candidates_i/n2744,candidates_i/U3142/Y,AOI21X1,AND2X2/A,1,0.00179784,0.00179784,0.00176278,0.00176278,0.00179784,0.0,0.00179784,0.0,0.001798
candidates_i/n2747,candidates_i/U2621/Y,NOR2X1,AND2X2/B;INVX1/A,2,0.00342047,0.00342047,0.00329627,0.00329627,0.00342047,0.0,0.00342047,0.0,0.00342
candidates_i/n2748,candidates_i/U3145/Y,AOI21X1,AND2X2/B,1,0.00186944,0.00186944,0.00182011,0.00182011,0.00186944,0.0,0.00186944,0.0,0.001869
candidates_i/n2749,candidates_i/U1592/Y,NOR2X1,INVX2/A,1,0.00267266,0.00265521,0.00267266,0.00265521,0.00267266,0.0,0.00267266,0.0,0.002673
candidates_i/n2752,candidates_i/U3148/Y,AOI21X1,AND2X2/A,1,0.00179784,0.00179784,0.00176278,0.00176278,0.00179784,0.0,0.00179784,0.0,0.001798
candidates_i/n2756,candidates_i/U3150/Y,AOI21X1,AND2X2/B,1,0.00186944,0.00186944,0.00182011,0.00182011,0.00186944,0.0,0.00186944,0.0,0.001869
candidates_i/n2757,candidates_i/U3152/Y,AOI22X1,AND2X2/B,1,0.00186944,0.00186944,0.00182011,0.00182011,0.00186944,0.0,0.00186944,0.0,0.001869
candidates_i/n2758,candidates_i/U3147/Y,AOI22X1,AND2X2/A,1,0.00179784,0.00179784,0.00176278,0.00176278,0.00179784,0.0,0.00179784,0.0,0.001798
candidates_i/n2760,candidates_i/U3144/Y,AOI22X1,NAND3X1/B,1,0.00283213,0.00283213,0.00259978,0.00259978,0.00283213,0.0,0.00283213,0.0,0.002832
candidates_i/n2761,candidates_i/U3138/Y,AOI21X1,NAND3X1/A,1,0.00254759,0.00254759,0.00220852,0.00220852,0.00254759,0.0,0.00254759,0.0,0.002548
candidates_i/n2762,candidates_i/U3154/Y,NAND3X1,OR2X2/A,1,0.00230117,0.00229176,0.00230117,0.00229176,0.00230117,0.0,0.00230117,0.0,0.002301
candidates_i/n2763,candidates_i/U3137/Y,NAND3X1,OR2X2/B,1,0.00234214,0.00228252,0.00234214,0.00228252,0.00234214,0.0,0.00234214,0.0,0.002342
candidates_i/n2764,candidates_i/U3159/Y,AOI22X1,AND2X2/B,1,0.00186944,0.00186944,0.00182011,0.00182011,0.00186944,0.0,0.00186944,0.0,0.001869
candidates_i/n2765,candidates_i/U3158/Y,AOI22X1,AND2X2/A,1,0.00179784,0.00179784,0.00176278,0.00176278,0.00179784,0.0,0.00179784,0.0,0.001798
candidates_i/n2767,candidates_i/U3157/Y,AOI22X1,NAND3X1/B,1,0.00283213,0.00283213,0.00259978,0.00259978,0.00283213,0.0,0.00283213,0.0,0.002832
candidates_i/n2768,candidates_i/U3156/Y,AOI22X1,NAND3X1/A,1,0.00254759,0.00254759,0.00220852,0.00220852,0.00254759,0.0,0.00254759,0.0,0.002548
candidates_i/n2769,candidates_i/U3162/Y,NAND2X1,AOI21X1/C,1,0.00238603,0.00238603,0.00231224,0.00231224,0.00238603,0.0,0.00238603,0.0,0.002386
candidates_i/n277,candidates_i/U528/Y,NOR2X1,AOI21X1/B;BUFX2/A,2,0.00426315,0.00426315,0.00418289,0.00418289,0.00426315,0.0,0.00426315,0.0,0.004263
candidates_i/n2770,candidates_i/U3166/Y,AOI22X1,AND2X2/B,1,0.00186944,0.00186944,0.00182011,0.00182011,0.00186944,0.0,0.00186944,0.0,0.001869
candidates_i/n2771,candidates_i/U3165/Y,AOI22X1,AND2X2/A,1,0.00179784,0.00179784,0.00176278,0.00176278,0.00179784,0.0,0.00179784,0.0,0.001798
candidates_i/n2773,candidates_i/U3164/Y,AOI22X1,NAND3X1/B,1,0.00283213,0.00283213,0.00259978,0.00259978,0.00283213,0.0,0.00283213,0.0,0.002832
candidates_i/n2774,candidates_i/U3163/Y,AOI21X1,NAND3X1/A,1,0.00254759,0.00254759,0.00220852,0.00220852,0.00254759,0.0,0.00254759,0.0,0.002548
candidates_i/n2775,candidates_i/U3168/Y,NAND3X1,OR2X2/B,1,0.00234214,0.00228252,0.00234214,0.00228252,0.00234214,0.0,0.00234214,0.0,0.002342
candidates_i/n2776,candidates_i/U3161/Y,NAND3X1,OR2X2/A,1,0.00230117,0.00229176,0.00230117,0.00229176,0.00230117,0.0,0.00230117,0.0,0.002301
candidates_i/n2777,candidates_i/U3174/Y,AOI21X1,AND2X2/B,1,0.00186944,0.00186944,0.00182011,0.00182011,0.00186944,0.0,0.00186944,0.0,0.001869
candidates_i/n2778,candidates_i/U3173/Y,AOI22X1,AND2X2/A,1,0.00179784,0.00179784,0.00176278,0.00176278,0.00179784,0.0,0.00179784,0.0,0.001798
candidates_i/n2780,candidates_i/U3172/Y,AOI22X1,NAND3X1/B,1,0.00283213,0.00283213,0.00259978,0.00259978,0.00283213,0.0,0.00283213,0.0,0.002832
candidates_i/n2781,candidates_i/U3171/Y,AOI22X1,NAND3X1/A,1,0.00254759,0.00254759,0.00220852,0.00220852,0.00254759,0.0,0.00254759,0.0,0.002548
candidates_i/n2784,candidates_i/U3181/Y,AOI22X1,AND2X2/B,1,0.00186944,0.00186944,0.00182011,0.00182011,0.00186944,0.0,0.00186944,0.0,0.001869
candidates_i/n2785,candidates_i/U3180/Y,AOI22X1,AND2X2/A,1,0.00179784,0.00179784,0.00176278,0.00176278,0.00179784,0.0,0.00179784,0.0,0.001798
candidates_i/n2787,candidates_i/U3179/Y,AOI22X1,NAND3X1/B,1,0.00283213,0.00283213,0.00259978,0.00259978,0.00283213,0.0,0.00283213,0.0,0.002832
candidates_i/n2788,candidates_i/U3178/Y,AOI21X1,NAND3X1/A,1,0.00254759,0.00254759,0.00220852,0.00220852,0.00254759,0.0,0.00254759,0.0,0.002548
candidates_i/n2789,candidates_i/U3183/Y,NAND3X1,OR2X2/B,1,0.00234214,0.00228252,0.00234214,0.00228252,0.00234214,0.0,0.00234214,0.0,0.002342
candidates_i/n2790,candidates_i/U3176/Y,NAND3X1,OR2X2/A,1,0.00230117,0.00229176,0.00230117,0.00229176,0.00230117,0.0,0.00230117,0.0,0.002301
candidates_i/n2792,candidates_i/U3188/Y,AOI21X1,AND2X2/B,1,0.00186944,0.00186944,0.00182011,0.00182011,0.00186944,0.0,0.00186944,0.0,0.001869
candidates_i/n2793,candidates_i/U3187/Y,AOI22X1,AND2X2/A,1,0.00179784,0.00179784,0.00176278,0.00176278,0.00179784,0.0,0.00179784,0.0,0.001798
candidates_i/n2795,candidates_i/U3186/Y,AOI22X1,NAND3X1/B,1,0.00283213,0.00283213,0.00259978,0.00259978,0.00283213,0.0,0.00283213,0.0,0.002832
candidates_i/n2796,candidates_i/U3185/Y,AOI22X1,NAND3X1/A,1,0.00254759,0.00254759,0.00220852,0.00220852,0.00254759,0.0,0.00254759,0.0,0.002548
candidates_i/n2797,candidates_i/U3194/Y,AOI22X1,AND2X2/B,1,0.00186944,0.00186944,0.00182011,0.00182011,0.00186944,0.0,0.00186944,0.0,0.001869
candidates_i/n2798,candidates_i/U3193/Y,AOI22X1,AND2X2/A,1,0.00179784,0.00179784,0.00176278,0.00176278,0.00179784,0.0,0.00179784,0.0,0.001798
candidates_i/n2800,candidates_i/U3192/Y,AOI22X1,NAND3X1/B,1,0.00283213,0.00283213,0.00259978,0.00259978,0.00283213,0.0,0.00283213,0.0,0.002832
candidates_i/n2801,candidates_i/U3191/Y,AOI22X1,NAND3X1/A,1,0.00254759,0.00254759,0.00220852,0.00220852,0.00254759,0.0,0.00254759,0.0,0.002548
candidates_i/n2802,candidates_i/U3196/Y,NAND3X1,INVX1/A,1,0.00155103,0.00155103,0.00147616,0.00147616,0.00155103,0.0,0.00155103,0.0,0.001551
candidates_i/n2804,candidates_i/U3201/Y,AOI22X1,AND2X2/B,1,0.00186944,0.00186944,0.00182011,0.00182011,0.00186944,0.0,0.00186944,0.0,0.001869
candidates_i/n2805,candidates_i/U3200/Y,AOI22X1,AND2X2/A,1,0.00179784,0.00179784,0.00176278,0.00176278,0.00179784,0.0,0.00179784,0.0,0.001798
candidates_i/n2807,candidates_i/U3199/Y,AOI22X1,NAND3X1/B,1,0.00283213,0.00283213,0.00259978,0.00259978,0.00283213,0.0,0.00283213,0.0,0.002832
candidates_i/n2808,candidates_i/U3198/Y,AOI22X1,NAND3X1/A,1,0.00254759,0.00254759,0.00220852,0.00220852,0.00254759,0.0,0.00254759,0.0,0.002548
candidates_i/n2809,candidates_i/U3207/Y,AOI22X1,AND2X2/B,1,0.00186944,0.00186944,0.00182011,0.00182011,0.00186944,0.0,0.00186944,0.0,0.001869
candidates_i/n2810,candidates_i/U3206/Y,AOI22X1,AND2X2/A,1,0.00179784,0.00179784,0.00176278,0.00176278,0.00179784,0.0,0.00179784,0.0,0.001798
candidates_i/n2812,candidates_i/U3205/Y,AOI22X1,NAND3X1/B,1,0.00283213,0.00283213,0.00259978,0.00259978,0.00283213,0.0,0.00283213,0.0,0.002832
candidates_i/n2813,candidates_i/U3204/Y,AOI21X1,NAND3X1/A,1,0.00254759,0.00254759,0.00220852,0.00220852,0.00254759,0.0,0.00254759,0.0,0.002548
candidates_i/n2814,candidates_i/U3209/Y,NAND3X1,OR2X2/B,1,0.00234214,0.00228252,0.00234214,0.00228252,0.00234214,0.0,0.00234214,0.0,0.002342
candidates_i/n2815,candidates_i/U3203/Y,NAND3X1,OR2X2/A,1,0.00230117,0.00229176,0.00230117,0.00229176,0.00230117,0.0,0.00230117,0.0,0.002301
candidates_i/n2816,candidates_i/U3214/Y,AOI21X1,AND2X2/B,1,0.00186944,0.00186944,0.00182011,0.00182011,0.00186944,0.0,0.00186944,0.0,0.001869
candidates_i/n2817,candidates_i/U3213/Y,AOI22X1,AND2X2/A,1,0.00179784,0.00179784,0.00176278,0.00176278,0.00179784,0.0,0.00179784,0.0,0.001798
candidates_i/n2819,candidates_i/U3212/Y,AOI22X1,NAND3X1/B,1,0.00283213,0.00283213,0.00259978,0.00259978,0.00283213,0.0,0.00283213,0.0,0.002832
candidates_i/n282,candidates_i/U529/Y,NOR2X1,INVX1/A,1,0.00155103,0.00155103,0.00147616,0.00147616,0.00155103,0.0,0.00155103,0.0,0.001551
candidates_i/n2820,candidates_i/U3211/Y,AOI22X1,NAND3X1/A,1,0.00254759,0.00254759,0.00220852,0.00220852,0.00254759,0.0,0.00254759,0.0,0.002548
candidates_i/n2821,candidates_i/U3216/Y,NAND3X1,INVX1/A,1,0.00155103,0.00155103,0.00147616,0.00147616,0.00155103,0.0,0.00155103,0.0,0.001551
candidates_i/n2822,candidates_i/U3220/Y,AOI22X1,AND2X2/B,1,0.00186944,0.00186944,0.00182011,0.00182011,0.00186944,0.0,0.00186944,0.0,0.001869
candidates_i/n2823,candidates_i/U3219/Y,AOI22X1,AND2X2/A,1,0.00179784,0.00179784,0.00176278,0.00176278,0.00179784,0.0,0.00179784,0.0,0.001798
candidates_i/n2825,candidates_i/U3218/Y,AOI22X1,NAND3X1/B,1,0.00283213,0.00283213,0.00259978,0.00259978,0.00283213,0.0,0.00283213,0.0,0.002832
candidates_i/n2826,candidates_i/U3217/Y,AOI22X1,NAND3X1/A,1,0.00254759,0.00254759,0.00220852,0.00220852,0.00254759,0.0,0.00254759,0.0,0.002548
candidates_i/n2828,candidates_i/U3227/Y,AOI21X1,AND2X2/B,1,0.00186944,0.00186944,0.00182011,0.00182011,0.00186944,0.0,0.00186944,0.0,0.001869
candidates_i/n2829,candidates_i/U3226/Y,AOI22X1,AND2X2/A,1,0.00179784,0.00179784,0.00176278,0.00176278,0.00179784,0.0,0.00179784,0.0,0.001798
candidates_i/n283,candidates_i/U535/Y,NOR2X1,INVX1/A,1,0.00155103,0.00155103,0.00147616,0.00147616,0.00155103,0.0,0.00155103,0.0,0.001551
candidates_i/n2831,candidates_i/U3225/Y,AOI22X1,NAND3X1/B,1,0.00283213,0.00283213,0.00259978,0.00259978,0.00283213,0.0,0.00283213,0.0,0.002832
candidates_i/n2832,candidates_i/U3224/Y,AOI22X1,NAND3X1/A,1,0.00254759,0.00254759,0.00220852,0.00220852,0.00254759,0.0,0.00254759,0.0,0.002548
candidates_i/n2835,candidates_i/U3234/Y,AOI22X1,AND2X2/B,1,0.00186944,0.00186944,0.00182011,0.00182011,0.00186944,0.0,0.00186944,0.0,0.001869
candidates_i/n2836,candidates_i/U3233/Y,AOI22X1,AND2X2/A,1,0.00179784,0.00179784,0.00176278,0.00176278,0.00179784,0.0,0.00179784,0.0,0.001798
candidates_i/n2838,candidates_i/U3232/Y,AOI22X1,NAND3X1/B,1,0.00283213,0.00283213,0.00259978,0.00259978,0.00283213,0.0,0.00283213,0.0,0.002832
candidates_i/n2839,candidates_i/U3231/Y,AOI21X1,NAND3X1/A,1,0.00254759,0.00254759,0.00220852,0.00220852,0.00254759,0.0,0.00254759,0.0,0.002548
candidates_i/n2840,candidates_i/U3236/Y,NAND3X1,OR2X2/B,1,0.00234214,0.00228252,0.00234214,0.00228252,0.00234214,0.0,0.00234214,0.0,0.002342
candidates_i/n2841,candidates_i/U3229/Y,NAND3X1,OR2X2/A,1,0.00230117,0.00229176,0.00230117,0.00229176,0.00230117,0.0,0.00230117,0.0,0.002301
candidates_i/n2842,candidates_i/U3241/Y,AOI22X1,AND2X2/B,1,0.00186944,0.00186944,0.00182011,0.00182011,0.00186944,0.0,0.00186944,0.0,0.001869
candidates_i/n2843,candidates_i/U3240/Y,AOI22X1,AND2X2/A,1,0.00179784,0.00179784,0.00176278,0.00176278,0.00179784,0.0,0.00179784,0.0,0.001798
candidates_i/n2845,candidates_i/U3239/Y,AOI22X1,NAND3X1/B,1,0.00283213,0.00283213,0.00259978,0.00259978,0.00283213,0.0,0.00283213,0.0,0.002832
candidates_i/n2846,candidates_i/U3238/Y,AOI22X1,NAND3X1/A,1,0.00254759,0.00254759,0.00220852,0.00220852,0.00254759,0.0,0.00254759,0.0,0.002548
candidates_i/n2848,candidates_i/U3247/Y,AOI22X1,AND2X2/A,1,0.00179784,0.00179784,0.00176278,0.00176278,0.00179784,0.0,0.00179784,0.0,0.001798
candidates_i/n2849,candidates_i/U3246/Y,AOI22X1,AND2X2/B,1,0.00186944,0.00186944,0.00182011,0.00182011,0.00186944,0.0,0.00186944,0.0,0.001869
candidates_i/n2851,candidates_i/U3245/Y,AOI22X1,NAND3X1/B,1,0.00283213,0.00283213,0.00259978,0.00259978,0.00283213,0.0,0.00283213,0.0,0.002832
candidates_i/n2852,candidates_i/U3244/Y,AOI21X1,NAND3X1/A,1,0.00254759,0.00254759,0.00220852,0.00220852,0.00254759,0.0,0.00254759,0.0,0.002548
candidates_i/n2853,candidates_i/U3249/Y,NAND3X1,OR2X2/B,1,0.00234214,0.00228252,0.00234214,0.00228252,0.00234214,0.0,0.00234214,0.0,0.002342
candidates_i/n2854,candidates_i/U3243/Y,NAND3X1,OR2X2/A,1,0.00230117,0.00229176,0.00230117,0.00229176,0.00230117,0.0,0.00230117,0.0,0.002301
candidates_i/n2855,candidates_i/U3253/Y,AOI22X1,AND2X2/A,1,0.00179784,0.00179784,0.00176278,0.00176278,0.00179784,0.0,0.00179784,0.0,0.001798
candidates_i/n2856,candidates_i/U765/Y,NOR2X1,AND2X2/B,1,0.00186944,0.00186944,0.00182011,0.00182011,0.00186944,0.0,0.00186944,0.0,0.001869
candidates_i/n2858,candidates_i/U3252/Y,AOI22X1,NAND3X1/B,1,0.00283213,0.00283213,0.00259978,0.00259978,0.00283213,0.0,0.00283213,0.0,0.002832
candidates_i/n2859,candidates_i/U3251/Y,AOI22X1,NAND3X1/A,1,0.00254759,0.00254759,0.00220852,0.00220852,0.00254759,0.0,0.00254759,0.0,0.002548
candidates_i/n2860,candidates_i/U3256/Y,NAND2X1,AOI21X1/C,1,0.00238603,0.00238603,0.00231224,0.00231224,0.00238603,0.0,0.00238603,0.0,0.002386
candidates_i/n2861,candidates_i/U3260/Y,AOI22X1,AND2X2/B,1,0.00186944,0.00186944,0.00182011,0.00182011,0.00186944,0.0,0.00186944,0.0,0.001869
candidates_i/n2862,candidates_i/U3259/Y,AOI22X1,AND2X2/A,1,0.00179784,0.00179784,0.00176278,0.00176278,0.00179784,0.0,0.00179784,0.0,0.001798
candidates_i/n2864,candidates_i/U3258/Y,AOI22X1,NAND3X1/B,1,0.00283213,0.00283213,0.00259978,0.00259978,0.00283213,0.0,0.00283213,0.0,0.002832
candidates_i/n2865,candidates_i/U3257/Y,AOI21X1,NAND3X1/A,1,0.00254759,0.00254759,0.00220852,0.00220852,0.00254759,0.0,0.00254759,0.0,0.002548
candidates_i/n2866,candidates_i/U3262/Y,NAND3X1,OR2X2/B,1,0.00234214,0.00228252,0.00234214,0.00228252,0.00234214,0.0,0.00234214,0.0,0.002342
candidates_i/n2867,candidates_i/U3255/Y,NAND3X1,OR2X2/A,1,0.00230117,0.00229176,0.00230117,0.00229176,0.00230117,0.0,0.00230117,0.0,0.002301
candidates_i/n2868,candidates_i/U3266/Y,AOI22X1,AND2X2/A,1,0.00179784,0.00179784,0.00176278,0.00176278,0.00179784,0.0,0.00179784,0.0,0.001798
candidates_i/n2869,candidates_i/U685/Y,NOR2X1,AND2X2/B,1,0.00186944,0.00186944,0.00182011,0.00182011,0.00186944,0.0,0.00186944,0.0,0.001869
candidates_i/n287,candidates_i/U540/Y,NOR2X1,INVX1/A,1,0.00155103,0.00155103,0.00147616,0.00147616,0.00155103,0.0,0.00155103,0.0,0.001551
candidates_i/n2871,candidates_i/U3265/Y,AOI22X1,NAND3X1/B,1,0.00283213,0.00283213,0.00259978,0.00259978,0.00283213,0.0,0.00283213,0.0,0.002832
candidates_i/n2872,candidates_i/U3264/Y,AOI22X1,NAND3X1/A,1,0.00254759,0.00254759,0.00220852,0.00220852,0.00254759,0.0,0.00254759,0.0,0.002548
candidates_i/n2873,candidates_i/U3269/Y,NAND2X1,NOR2X1/B,1,0.00236501,0.00236501,0.00229711,0.00229711,0.00236501,0.0,0.00236501,0.0,0.002365
candidates_i/n2874,candidates_i/U3272/Y,AOI22X1,AND2X2/A,1,0.00179784,0.00179784,0.00176278,0.00176278,0.00179784,0.0,0.00179784,0.0,0.001798
candidates_i/n2875,candidates_i/U3271/Y,AOI22X1,AND2X2/B,1,0.00186944,0.00186944,0.00182011,0.00182011,0.00186944,0.0,0.00186944,0.0,0.001869
candidates_i/n2877,candidates_i/U3270/Y,AOI22X1,NAND3X1/A,1,0.00254759,0.00254759,0.00220852,0.00220852,0.00254759,0.0,0.00254759,0.0,0.002548
candidates_i/n2878,candidates_i/U688/Y,NOR2X1,NAND3X1/B,1,0.00283213,0.00283213,0.00259978,0.00259978,0.00283213,0.0,0.00283213,0.0,0.002832
candidates_i/n2879,candidates_i/U3274/Y,NAND3X1,OR2X2/B,1,0.00234214,0.00228252,0.00234214,0.00228252,0.00234214,0.0,0.00234214,0.0,0.002342
candidates_i/n2880,candidates_i/U3268/Y,NAND3X1,OR2X2/A,1,0.00230117,0.00229176,0.00230117,0.00229176,0.00230117,0.0,0.00230117,0.0,0.002301
candidates_i/n2881,candidates_i/U3280/Y,AOI22X1,AND2X2/B,1,0.00186944,0.00186944,0.00182011,0.00182011,0.00186944,0.0,0.00186944,0.0,0.001869
candidates_i/n2882,candidates_i/U3279/Y,AOI22X1,AND2X2/A,1,0.00179784,0.00179784,0.00176278,0.00176278,0.00179784,0.0,0.00179784,0.0,0.001798
candidates_i/n2884,candidates_i/U3278/Y,AOI22X1,NAND3X1/B,1,0.00283213,0.00283213,0.00259978,0.00259978,0.00283213,0.0,0.00283213,0.0,0.002832
candidates_i/n2885,candidates_i/U3277/Y,AOI21X1,NAND3X1/A,1,0.00254759,0.00254759,0.00220852,0.00220852,0.00254759,0.0,0.00254759,0.0,0.002548
candidates_i/n2886,candidates_i/U3282/Y,NAND3X1,INVX2/A,1,0.00267266,0.00265521,0.00267266,0.00265521,0.00267266,0.0,0.00267266,0.0,0.002673
candidates_i/n2887,candidates_i/U3286/Y,AOI22X1,INVX1/A,1,0.00155103,0.00155103,0.00147616,0.00147616,0.00155103,0.0,0.00155103,0.0,0.001551
candidates_i/n2888,candidates_i/U3285/Y,AOI22X1,INVX1/A,1,0.00155103,0.00155103,0.00147616,0.00147616,0.00155103,0.0,0.00155103,0.0,0.001551
candidates_i/n2889,candidates_i/U1567/Y,NOR2X1,NAND3X1/C,1,0.00296109,0.00296109,0.0028316,0.0028316,0.00296109,0.0,0.00296109,0.0,0.002961
candidates_i/n2890,candidates_i/U3284/Y,AOI22X1,NAND3X1/B,1,0.00283213,0.00283213,0.00259978,0.00259978,0.00283213,0.0,0.00283213,0.0,0.002832
candidates_i/n2891,candidates_i/U3283/Y,AOI22X1,NAND3X1/A,1,0.00254759,0.00254759,0.00220852,0.00220852,0.00254759,0.0,0.00254759,0.0,0.002548
candidates_i/n2893,candidates_i/U3292/Y,AOI22X1,AND2X2/A,1,0.00179784,0.00179784,0.00176278,0.00176278,0.00179784,0.0,0.00179784,0.0,0.001798
candidates_i/n2894,candidates_i/U3291/Y,AOI22X1,AND2X2/B,1,0.00186944,0.00186944,0.00182011,0.00182011,0.00186944,0.0,0.00186944,0.0,0.001869
candidates_i/n2896,candidates_i/U3290/Y,AOI22X1,NAND3X1/B,1,0.00283213,0.00283213,0.00259978,0.00259978,0.00283213,0.0,0.00283213,0.0,0.002832
candidates_i/n2897,candidates_i/U3289/Y,AOI22X1,NAND3X1/A,1,0.00254759,0.00254759,0.00220852,0.00220852,0.00254759,0.0,0.00254759,0.0,0.002548
candidates_i/n2898,candidates_i/U3295/Y,NAND2X1,NOR2X1/B,1,0.00236501,0.00236501,0.00229711,0.00229711,0.00236501,0.0,0.00236501,0.0,0.002365
candidates_i/n2899,candidates_i/U3298/Y,AOI22X1,AND2X2/B,1,0.00186944,0.00186944,0.00182011,0.00182011,0.00186944,0.0,0.00186944,0.0,0.001869
candidates_i/n2900,candidates_i/U3297/Y,AOI22X1,AND2X2/A,1,0.00179784,0.00179784,0.00176278,0.00176278,0.00179784,0.0,0.00179784,0.0,0.001798
candidates_i/n2902,candidates_i/U3296/Y,AOI22X1,NAND3X1/B,1,0.00283213,0.00283213,0.00259978,0.00259978,0.00283213,0.0,0.00283213,0.0,0.002832
candidates_i/n2903,candidates_i/U690/Y,NOR2X1,NAND3X1/A,1,0.00254759,0.00254759,0.00220852,0.00220852,0.00254759,0.0,0.00254759,0.0,0.002548
candidates_i/n2904,candidates_i/U3300/Y,NAND3X1,OR2X2/A,1,0.00230117,0.00229176,0.00230117,0.00229176,0.00230117,0.0,0.00230117,0.0,0.002301
candidates_i/n2905,candidates_i/U3294/Y,NAND3X1,OR2X2/B,1,0.00234214,0.00228252,0.00234214,0.00228252,0.00234214,0.0,0.00234214,0.0,0.002342
candidates_i/n2908,candidates_i/U3276/Y,NAND3X1,BUFX2/A;NOR2X1/B,2,0.0039039699999999997,0.0039039699999999997,0.0038012600000000003,0.00380126,0.00390397,0.0,0.00390397,0.0,0.003904
candidates_i/n2909,candidates_i/U1679/Y,NOR2X1,NAND2X1/A,1,0.00211057,0.00211057,0.00188435,0.00188435,0.00211057,0.0,0.00211057,0.0,0.002111
candidates_i/n291,candidates_i/U545/Y,NOR2X1,BUFX2/A;NAND3X1/A,2,0.00408655,0.00408655,0.00371267,0.00371267,0.00408655,0.0,0.00408655,0.0,0.004087
candidates_i/n2910,candidates_i/U3305/Y,AOI21X1,AND2X2/B,1,0.00186944,0.00186944,0.00182011,0.00182011,0.00186944,0.0,0.00186944,0.0,0.001869
candidates_i/n2911,candidates_i/U3304/Y,AOI22X1,AND2X2/A,1,0.00179784,0.00179784,0.00176278,0.00176278,0.00179784,0.0,0.00179784,0.0,0.001798
candidates_i/n2913,candidates_i/U3303/Y,AOI22X1,INVX1/A,1,0.00155103,0.00155103,0.00147616,0.00147616,0.00155103,0.0,0.00155103,0.0,0.001551
candidates_i/n2914,candidates_i/U3302/Y,AOI22X1,INVX1/A,1,0.00155103,0.00155103,0.00147616,0.00147616,0.00155103,0.0,0.00155103,0.0,0.001551
candidates_i/n2915,candidates_i/U3310/Y,AOI22X1,AND2X2/B,1,0.00186944,0.00186944,0.00182011,0.00182011,0.00186944,0.0,0.00186944,0.0,0.001869
candidates_i/n2916,candidates_i/U3309/Y,AOI22X1,AND2X2/A,1,0.00179784,0.00179784,0.00176278,0.00176278,0.00179784,0.0,0.00179784,0.0,0.001798
candidates_i/n2918,candidates_i/U3308/Y,AOI22X1,NAND3X1/B,1,0.00283213,0.00283213,0.00259978,0.00259978,0.00283213,0.0,0.00283213,0.0,0.002832
candidates_i/n2919,candidates_i/U3307/Y,AOI22X1,NAND3X1/A,1,0.00254759,0.00254759,0.00220852,0.00220852,0.00254759,0.0,0.00254759,0.0,0.002548
candidates_i/n2920,candidates_i/U3312/Y,NAND3X1,INVX1/A,1,0.00155103,0.00155103,0.00147616,0.00147616,0.00155103,0.0,0.00155103,0.0,0.001551
candidates_i/n2921,candidates_i/U3317/Y,AOI21X1,AND2X2/B,1,0.00186944,0.00186944,0.00182011,0.00182011,0.00186944,0.0,0.00186944,0.0,0.001869
candidates_i/n2922,candidates_i/U3316/Y,AOI22X1,AND2X2/A,1,0.00179784,0.00179784,0.00176278,0.00176278,0.00179784,0.0,0.00179784,0.0,0.001798
candidates_i/n2924,candidates_i/U3315/Y,AOI22X1,NAND3X1/B,1,0.00283213,0.00283213,0.00259978,0.00259978,0.00283213,0.0,0.00283213,0.0,0.002832
candidates_i/n2925,candidates_i/U3314/Y,AOI22X1,NAND3X1/A,1,0.00254759,0.00254759,0.00220852,0.00220852,0.00254759,0.0,0.00254759,0.0,0.002548
candidates_i/n2928,candidates_i/U3324/Y,AOI22X1,AND2X2/B,1,0.00186944,0.00186944,0.00182011,0.00182011,0.00186944,0.0,0.00186944,0.0,0.001869
candidates_i/n2929,candidates_i/U3323/Y,AOI22X1,AND2X2/A,1,0.00179784,0.00179784,0.00176278,0.00176278,0.00179784,0.0,0.00179784,0.0,0.001798
candidates_i/n2931,candidates_i/U3322/Y,AOI22X1,NAND3X1/B,1,0.00283213,0.00283213,0.00259978,0.00259978,0.00283213,0.0,0.00283213,0.0,0.002832
candidates_i/n2932,candidates_i/U3321/Y,AOI21X1,NAND3X1/A,1,0.00254759,0.00254759,0.00220852,0.00220852,0.00254759,0.0,0.00254759,0.0,0.002548
candidates_i/n2933,candidates_i/U3326/Y,NAND3X1,OR2X2/B,1,0.00234214,0.00228252,0.00234214,0.00228252,0.00234214,0.0,0.00234214,0.0,0.002342
candidates_i/n2934,candidates_i/U3319/Y,NAND3X1,OR2X2/A,1,0.00230117,0.00229176,0.00230117,0.00229176,0.00230117,0.0,0.00230117,0.0,0.002301
candidates_i/n2935,candidates_i/U3313/Y,NAND2X1,OAI21X1/B,1,0.00283226,0.00283226,0.00263248,0.00263248,0.00283226,0.0,0.00283226,0.0,0.002832
candidates_i/n2945,candidates_i/U3332/Y,AOI22X1,AND2X2/B,1,0.00186944,0.00186944,0.00182011,0.00182011,0.00186944,0.0,0.00186944,0.0,0.001869
candidates_i/n2946,candidates_i/U3331/Y,AOI22X1,AND2X2/A,1,0.00179784,0.00179784,0.00176278,0.00176278,0.00179784,0.0,0.00179784,0.0,0.001798
candidates_i/n2948,candidates_i/U3330/Y,AOI22X1,NAND3X1/B,1,0.00283213,0.00283213,0.00259978,0.00259978,0.00283213,0.0,0.00283213,0.0,0.002832
candidates_i/n2949,candidates_i/U3329/Y,AOI21X1,NAND3X1/A,1,0.00254759,0.00254759,0.00220852,0.00220852,0.00254759,0.0,0.00254759,0.0,0.002548
candidates_i/n2952,candidates_i/U3339/Y,AOI22X1,AND2X2/B,1,0.00186944,0.00186944,0.00182011,0.00182011,0.00186944,0.0,0.00186944,0.0,0.001869
candidates_i/n2953,candidates_i/U3338/Y,AOI22X1,AND2X2/A,1,0.00179784,0.00179784,0.00176278,0.00176278,0.00179784,0.0,0.00179784,0.0,0.001798
candidates_i/n2955,candidates_i/U3337/Y,AOI22X1,NAND3X1/B,1,0.00283213,0.00283213,0.00259978,0.00259978,0.00283213,0.0,0.00283213,0.0,0.002832
candidates_i/n2956,candidates_i/U3336/Y,AOI21X1,NAND3X1/A,1,0.00254759,0.00254759,0.00220852,0.00220852,0.00254759,0.0,0.00254759,0.0,0.002548
candidates_i/n2957,candidates_i/U3341/Y,NAND3X1,OR2X2/B,1,0.00234214,0.00228252,0.00234214,0.00228252,0.00234214,0.0,0.00234214,0.0,0.002342
candidates_i/n2958,candidates_i/U3334/Y,NAND3X1,OR2X2/A,1,0.00230117,0.00229176,0.00230117,0.00229176,0.00230117,0.0,0.00230117,0.0,0.002301
candidates_i/n2962,candidates_i/U3344/Y,NAND2X1,NAND3X1/C,1,0.00296109,0.00296109,0.0028316,0.0028316,0.00296109,0.0,0.00296109,0.0,0.002961
candidates_i/n2963,candidates_i/U3343/Y,AOI22X1,NAND3X1/B,1,0.00283213,0.00283213,0.00259978,0.00259978,0.00283213,0.0,0.00283213,0.0,0.002832
candidates_i/n2967,candidates_i/U3348/Y,AOI22X1,NAND3X1/C,1,0.00296109,0.00296109,0.0028316,0.0028316,0.00296109,0.0,0.00296109,0.0,0.002961
candidates_i/n2968,candidates_i/U3347/Y,NAND2X1,NAND3X1/B,1,0.00283213,0.00283213,0.00259978,0.00259978,0.00283213,0.0,0.00283213,0.0,0.002832
candidates_i/n2969,candidates_i/U3346/Y,AOI22X1,NAND3X1/A,1,0.00254759,0.00254759,0.00220852,0.00220852,0.00254759,0.0,0.00254759,0.0,0.002548
candidates_i/n2970,candidates_i/U3349/Y,NAND3X1,NOR2X1/B,1,0.00236501,0.00236501,0.00229711,0.00229711,0.00236501,0.0,0.00236501,0.0,0.002365
candidates_i/n2971,candidates_i/U3345/Y,NAND3X1,NOR2X1/A,1,0.00224248,0.00224248,0.00220861,0.00220861,0.00224248,0.0,0.00224248,0.0,0.002242
candidates_i/n2972,candidates_i/U3350/Y,NOR2X1,AND2X2/B,1,0.00186944,0.00186944,0.00182011,0.00182011,0.00186944,0.0,0.00186944,0.0,0.001869
candidates_i/n2974,candidates_i/U3352/Y,NAND3X1,NAND2X1/A,1,0.00211057,0.00211057,0.00188435,0.00188435,0.00211057,0.0,0.00211057,0.0,0.002111
candidates_i/n2975,candidates_i/U3351/Y,NAND3X1,NAND2X1/B,1,0.00202749,0.00202749,0.00194421,0.00194421,0.00202749,0.0,0.00202749,0.0,0.002027
candidates_i/n2976,candidates_i/U2721/Y,NAND2X1,INVX1/A,1,0.00155103,0.00155103,0.00147616,0.00147616,0.00155103,0.0,0.00155103,0.0,0.001551
candidates_i/n2977,candidates_i/U2764/Y,NAND2X1,INVX1/A,1,0.00155103,0.00155103,0.00147616,0.00147616,0.00155103,0.0,0.00155103,0.0,0.001551
candidates_i/n2978,candidates_i/U1541/Y,NOR2X1,NOR3X1/A,1,0.00302113,0.00302113,0.00301081,0.00301081,0.00302113,0.0,0.00302113,0.0,0.003021
candidates_i/n2980,candidates_i/U3353/Y,NAND2X1,NOR3X1/B,1,0.003067,0.00306333,0.003067,0.00306333,0.003067,0.0,0.003067,0.0,0.003067
candidates_i/n2981,candidates_i/U1022/Y,NAND2X1,AND2X2/B,1,0.00186944,0.00186944,0.00182011,0.00182011,0.00186944,0.0,0.00186944,0.0,0.001869
candidates_i/n2982,candidates_i/U1040/Y,NAND2X1,AND2X2/A,1,0.00179784,0.00179784,0.00176278,0.00176278,0.00179784,0.0,0.00179784,0.0,0.001798
candidates_i/n2987,candidates_i/U506/Y,NAND2X1,AND2X2/A,1,0.00179784,0.00179784,0.00176278,0.00176278,0.00179784,0.0,0.00179784,0.0,0.001798
candidates_i/n2988,candidates_i/U1116/Y,NAND2X1,AND2X2/B,1,0.00186944,0.00186944,0.00182011,0.00182011,0.00186944,0.0,0.00186944,0.0,0.001869
candidates_i/n2990,candidates_i/U3358/Y,NAND3X1,NAND3X1/A,1,0.00254759,0.00254759,0.00220852,0.00220852,0.00254759,0.0,0.00254759,0.0,0.002548
candidates_i/n2991,candidates_i/U1618/Y,NAND2X1,NAND3X1/B,1,0.00283213,0.00283213,0.00259978,0.00259978,0.00283213,0.0,0.00283213,0.0,0.002832
candidates_i/n2992,candidates_i/U1012/Y,NAND2X1,NAND2X1/A,1,0.00211057,0.00211057,0.00188435,0.00188435,0.00211057,0.0,0.00211057,0.0,0.002111
candidates_i/n2993,candidates_i/U1556/Y,NAND2X1,NAND2X1/B,1,0.00202749,0.00202749,0.00194421,0.00194421,0.00202749,0.0,0.00202749,0.0,0.002027
candidates_i/n2994,candidates_i/U1009/Y,NAND2X1,NAND2X1/B,1,0.00202749,0.00202749,0.00194421,0.00194421,0.00202749,0.0,0.00202749,0.0,0.002027
candidates_i/n2995,candidates_i/U1252/Y,NAND2X1,NAND2X1/A,1,0.00211057,0.00211057,0.00188435,0.00188435,0.00211057,0.0,0.00211057,0.0,0.002111
candidates_i/n2996,candidates_i/U3362/Y,NAND2X1,NOR3X1/B,1,0.003067,0.00306333,0.003067,0.00306333,0.003067,0.0,0.003067,0.0,0.003067
candidates_i/n2997,candidates_i/U3361/Y,NAND2X1,NOR3X1/A,1,0.00302113,0.00302113,0.00301081,0.00301081,0.00302113,0.0,0.00302113,0.0,0.003021
candidates_i/n2998,candidates_i/U3360/Y,NAND3X1,NOR3X1/C,1,0.00328822,0.00328822,0.00322576,0.00322576,0.00328822,0.0,0.00328822,0.0,0.003288
candidates_i/n3003,candidates_i/U3365/Y,NAND2X1,AND2X2/A;AND2X2/A;BUFX2/A,3,0.00513464,0.00513464,0.00502971,0.00502971,0.00513464,0.0,0.00513464,0.0,0.005135
candidates_i/n3004,candidates_i/U3368/Y,AOI21X1,AND2X2/A,1,0.00179784,0.00179784,0.00176278,0.00176278,0.00179784,0.0,0.00179784,0.0,0.001798
candidates_i/n3005,candidates_i/U3370/Y,NAND2X1,NAND3X1/B,1,0.00283213,0.00283213,0.00259978,0.00259978,0.00283213,0.0,0.00283213,0.0,0.002832
candidates_i/n3006,candidates_i/U3372/Y,NAND2X1,NAND3X1/B,1,0.00283213,0.00283213,0.00259978,0.00259978,0.00283213,0.0,0.00283213,0.0,0.002832
candidates_i/n3007,candidates_i/U3373/Y,NAND3X1,BUFX4/A,1,0.0039795,0.0039795,0.003854,0.003854,0.0039795,0.0,0.0039795,0.0,0.003979
candidates_i/n3008,candidates_i/U3374/Y,AOI22X1,NAND3X1/C,1,0.00296109,0.00296109,0.0028316,0.0028316,0.00296109,0.0,0.00296109,0.0,0.002961
candidates_i/n3009,candidates_i/U3369/Y,NAND2X1,NAND3X1/B,1,0.00283213,0.00283213,0.00259978,0.00259978,0.00283213,0.0,0.00283213,0.0,0.002832
candidates_i/n3010,candidates_i/U3367/Y,AOI22X1,NAND3X1/A,1,0.00254759,0.00254759,0.00220852,0.00220852,0.00254759,0.0,0.00254759,0.0,0.002548
candidates_i/n3011,candidates_i/U3376/Y,NAND2X1,NAND3X1/B,1,0.00283213,0.00283213,0.00259978,0.00259978,0.00283213,0.0,0.00283213,0.0,0.002832
candidates_i/n3012,candidates_i/U3379/Y,NAND2X1,NAND2X1/B,1,0.00202749,0.00202749,0.00194421,0.00194421,0.00202749,0.0,0.00202749,0.0,0.002027
candidates_i/n3013,candidates_i/U1522/Y,NAND2X1,INVX4/A,1,0.0050916,0.00508038,0.0050916,0.00508038,0.0050916,0.0,0.0050916,0.0,0.005092
candidates_i/n3014,candidates_i/U3380/Y,NAND2X1,NAND2X1/B,1,0.00202749,0.00202749,0.00194421,0.00194421,0.00202749,0.0,0.00202749,0.0,0.002027
candidates_i/n3015,candidates_i/U3378/Y,NAND2X1,NAND2X1/A,1,0.00211057,0.00211057,0.00188435,0.00188435,0.00211057,0.0,0.00211057,0.0,0.002111
candidates_i/n3016,candidates_i/U3383/Y,AOI21X1,AND2X2/A,1,0.00179784,0.00179784,0.00176278,0.00176278,0.00179784,0.0,0.00179784,0.0,0.001798
candidates_i/n3017,candidates_i/U3384/Y,NAND2X1,NAND2X1/B,1,0.00202749,0.00202749,0.00194421,0.00194421,0.00202749,0.0,0.00202749,0.0,0.002027
candidates_i/n3018,candidates_i/U3382/Y,NAND2X1,NAND2X1/A,1,0.00211057,0.00211057,0.00188435,0.00188435,0.00211057,0.0,0.00211057,0.0,0.002111
candidates_i/n3019,candidates_i/U3385/Y,NAND2X1,OR2X2/B,1,0.00234214,0.00228252,0.00234214,0.00228252,0.00234214,0.0,0.00234214,0.0,0.002342
candidates_i/n3020,candidates_i/U3381/Y,NAND2X1,OR2X2/A,1,0.00230117,0.00229176,0.00230117,0.00229176,0.00230117,0.0,0.00230117,0.0,0.002301
candidates_i/n3021,candidates_i/U3386/Y,NAND2X1,NAND3X1/C,1,0.00296109,0.00296109,0.0028316,0.0028316,0.00296109,0.0,0.00296109,0.0,0.002961
candidates_i/n3023,candidates_i/U3388/Y,NAND2X1,NAND3X1/B,1,0.00283213,0.00283213,0.00259978,0.00259978,0.00283213,0.0,0.00283213,0.0,0.002832
candidates_i/n3024,candidates_i/U3392/Y,NAND2X1,AND2X2/B,1,0.00186944,0.00186944,0.00182011,0.00182011,0.00186944,0.0,0.00186944,0.0,0.001869
candidates_i/n3025,candidates_i/U3394/Y,NAND2X1,NAND3X1/C,1,0.00296109,0.00296109,0.0028316,0.0028316,0.00296109,0.0,0.00296109,0.0,0.002961
candidates_i/n3026,candidates_i/U3395/Y,NAND3X1,INVX2/A;INVX2/A,2,0.00534532,0.00531042,0.00534532,0.00531042,0.00534532,0.0,0.00534532,0.0,0.005345
candidates_i/n3027,candidates_i/U3364/Y,NAND3X1,BUFX2/A;BUFX2/A;BUFX2/A,3,0.00461688,0.00461688,0.00451245,0.00451245,0.00461688,0.0,0.00461688,0.0,0.004617
candidates_i/n3028,candidates_i/U3396/Y,NAND2X1,NAND3X1/C,1,0.00296109,0.00296109,0.0028316,0.0028316,0.00296109,0.0,0.00296109,0.0,0.002961
candidates_i/n3029,candidates_i/U3397/Y,NAND3X1,INVX4/A,1,0.0050916,0.00508038,0.0050916,0.00508038,0.0050916,0.0,0.0050916,0.0,0.005092
candidates_i/n3030,candidates_i/U3398/Y,AOI22X1,AND2X2/B,1,0.00186944,0.00186944,0.00182011,0.00182011,0.00186944,0.0,0.00186944,0.0,0.001869
candidates_i/n3031,candidates_i/U3393/Y,AOI22X1,AND2X2/A,1,0.00179784,0.00179784,0.00176278,0.00176278,0.00179784,0.0,0.00179784,0.0,0.001798
candidates_i/n3033,candidates_i/U3391/Y,AOI22X1,NAND3X1/B,1,0.00283213,0.00283213,0.00259978,0.00259978,0.00283213,0.0,0.00283213,0.0,0.002832
candidates_i/n3034,candidates_i/U3390/Y,AOI22X1,NAND3X1/A,1,0.00254759,0.00254759,0.00220852,0.00220852,0.00254759,0.0,0.00254759,0.0,0.002548
candidates_i/n3035,candidates_i/U3401/Y,NAND2X1,AOI21X1/C,1,0.00238603,0.00238603,0.00231224,0.00231224,0.00238603,0.0,0.00238603,0.0,0.002386
candidates_i/n3036,candidates_i/U3405/Y,AOI22X1,AND2X2/B,1,0.00186944,0.00186944,0.00182011,0.00182011,0.00186944,0.0,0.00186944,0.0,0.001869
candidates_i/n3037,candidates_i/U3404/Y,AOI22X1,AND2X2/A,1,0.00179784,0.00179784,0.00176278,0.00176278,0.00179784,0.0,0.00179784,0.0,0.001798
candidates_i/n3039,candidates_i/U3403/Y,AOI22X1,NAND3X1/B,1,0.00283213,0.00283213,0.00259978,0.00259978,0.00283213,0.0,0.00283213,0.0,0.002832
candidates_i/n3040,candidates_i/U3402/Y,AOI21X1,NAND3X1/A,1,0.00254759,0.00254759,0.00220852,0.00220852,0.00254759,0.0,0.00254759,0.0,0.002548
candidates_i/n3041,candidates_i/U3407/Y,NAND3X1,OR2X2/B,1,0.00234214,0.00228252,0.00234214,0.00228252,0.00234214,0.0,0.00234214,0.0,0.002342
candidates_i/n3042,candidates_i/U3400/Y,NAND3X1,OR2X2/A,1,0.00230117,0.00229176,0.00230117,0.00229176,0.00230117,0.0,0.00230117,0.0,0.002301
candidates_i/n3043,candidates_i/U3412/Y,AOI22X1,AND2X2/B,1,0.00186944,0.00186944,0.00182011,0.00182011,0.00186944,0.0,0.00186944,0.0,0.001869
candidates_i/n3044,candidates_i/U3411/Y,AOI22X1,AND2X2/A,1,0.00179784,0.00179784,0.00176278,0.00176278,0.00179784,0.0,0.00179784,0.0,0.001798
candidates_i/n3046,candidates_i/U3410/Y,AOI22X1,NAND3X1/B,1,0.00283213,0.00283213,0.00259978,0.00259978,0.00283213,0.0,0.00283213,0.0,0.002832
candidates_i/n3047,candidates_i/U3409/Y,AOI22X1,NAND3X1/A,1,0.00254759,0.00254759,0.00220852,0.00220852,0.00254759,0.0,0.00254759,0.0,0.002548
candidates_i/n3049,candidates_i/U3418/Y,AOI22X1,BUFX2/A,1,0.00153896,0.00153896,0.00150415,0.00150415,0.00153896,0.0,0.00153896,0.0,0.001539
candidates_i/n3050,candidates_i/U3417/Y,AOI22X1,NAND3X1/A,1,0.00254759,0.00254759,0.00220852,0.00220852,0.00254759,0.0,0.00254759,0.0,0.002548
candidates_i/n3051,candidates_i/U3416/Y,AOI22X1,NAND3X1/B,1,0.00283213,0.00283213,0.00259978,0.00259978,0.00283213,0.0,0.00283213,0.0,0.002832
candidates_i/n3052,candidates_i/U3419/Y,NAND3X1,OR2X2/B,1,0.00234214,0.00228252,0.00234214,0.00228252,0.00234214,0.0,0.00234214,0.0,0.002342
candidates_i/n3053,candidates_i/U3415/Y,NAND2X1,OR2X2/A,1,0.00230117,0.00229176,0.00230117,0.00229176,0.00230117,0.0,0.00230117,0.0,0.002301
candidates_i/n3055,candidates_i/U3422/Y,NAND2X1,NAND2X1/B,1,0.00202749,0.00202749,0.00194421,0.00194421,0.00202749,0.0,0.00202749,0.0,0.002027
candidates_i/n3056,candidates_i/U3421/Y,NAND2X1,NAND2X1/A,1,0.00211057,0.00211057,0.00188435,0.00188435,0.00211057,0.0,0.00211057,0.0,0.002111
candidates_i/n3057,candidates_i/U3426/Y,AOI22X1,NAND3X1/C,1,0.00296109,0.00296109,0.0028316,0.0028316,0.00296109,0.0,0.00296109,0.0,0.002961
candidates_i/n3058,candidates_i/U3425/Y,AOI22X1,NAND3X1/B,1,0.00283213,0.00283213,0.00259978,0.00259978,0.00283213,0.0,0.00283213,0.0,0.002832
candidates_i/n3059,candidates_i/U3424/Y,AOI22X1,NAND3X1/A,1,0.00254759,0.00254759,0.00220852,0.00220852,0.00254759,0.0,0.00254759,0.0,0.002548
candidates_i/n3060,candidates_i/U3427/Y,NAND3X1,NOR2X1/B,1,0.00236501,0.00236501,0.00229711,0.00229711,0.00236501,0.0,0.00236501,0.0,0.002365
candidates_i/n3061,candidates_i/U3423/Y,NAND2X1,NOR2X1/A,1,0.00224248,0.00224248,0.00220861,0.00220861,0.00224248,0.0,0.00224248,0.0,0.002242
candidates_i/n3063,candidates_i/U3431/Y,AOI22X1,AND2X2/B,1,0.00186944,0.00186944,0.00182011,0.00182011,0.00186944,0.0,0.00186944,0.0,0.001869
candidates_i/n3065,candidates_i/U955/Y,NOR2X1,INVX1/A,1,0.00155103,0.00155103,0.00147616,0.00147616,0.00155103,0.0,0.00155103,0.0,0.001551
candidates_i/n3066,candidates_i/U3430/Y,AOI22X1,INVX1/A,1,0.00155103,0.00155103,0.00147616,0.00147616,0.00155103,0.0,0.00155103,0.0,0.001551
candidates_i/n3068,candidates_i/U3433/Y,NAND2X1,NAND2X1/A,1,0.00211057,0.00211057,0.00188435,0.00188435,0.00211057,0.0,0.00211057,0.0,0.002111
candidates_i/n3069,candidates_i/U3437/Y,AOI21X1,NAND3X1/C,1,0.00296109,0.00296109,0.0028316,0.0028316,0.00296109,0.0,0.00296109,0.0,0.002961
candidates_i/n3070,candidates_i/U3436/Y,NAND2X1,NAND3X1/B,1,0.00283213,0.00283213,0.00259978,0.00259978,0.00283213,0.0,0.00283213,0.0,0.002832
candidates_i/n3071,candidates_i/U3435/Y,NAND2X1,NAND3X1/A,1,0.00254759,0.00254759,0.00220852,0.00220852,0.00254759,0.0,0.00254759,0.0,0.002548
candidates_i/n3072,candidates_i/U3440/Y,NAND2X1,NAND2X1/B,1,0.00202749,0.00202749,0.00194421,0.00194421,0.00202749,0.0,0.00202749,0.0,0.002027
candidates_i/n3073,candidates_i/U3439/Y,NAND2X1,NAND2X1/A,1,0.00211057,0.00211057,0.00188435,0.00188435,0.00211057,0.0,0.00211057,0.0,0.002111
candidates_i/n3074,candidates_i/U3441/Y,NAND2X1,NOR3X1/C,1,0.00328822,0.00328822,0.00322576,0.00322576,0.00328822,0.0,0.00328822,0.0,0.003288
candidates_i/n3075,candidates_i/U3438/Y,NAND3X1,NOR3X1/B,1,0.003067,0.00306333,0.003067,0.00306333,0.003067,0.0,0.003067,0.0,0.003067
candidates_i/n3076,candidates_i/U3434/Y,NAND2X1,NOR3X1/A,1,0.00302113,0.00302113,0.00301081,0.00301081,0.00302113,0.0,0.00302113,0.0,0.003021
candidates_i/n3078,candidates_i/U3444/Y,NAND2X1,NAND3X1/C,1,0.00296109,0.00296109,0.0028316,0.0028316,0.00296109,0.0,0.00296109,0.0,0.002961
candidates_i/n3079,candidates_i/U3443/Y,NAND2X1,NAND3X1/B,1,0.00283213,0.00283213,0.00259978,0.00259978,0.00283213,0.0,0.00283213,0.0,0.002832
candidates_i/n3080,candidates_i/U3448/Y,AOI22X1,NAND3X1/C,1,0.00296109,0.00296109,0.0028316,0.0028316,0.00296109,0.0,0.00296109,0.0,0.002961
candidates_i/n3081,candidates_i/U3447/Y,AOI22X1,NAND3X1/B,1,0.00283213,0.00283213,0.00259978,0.00259978,0.00283213,0.0,0.00283213,0.0,0.002832
candidates_i/n3082,candidates_i/U3446/Y,AOI22X1,NAND3X1/A,1,0.00254759,0.00254759,0.00220852,0.00220852,0.00254759,0.0,0.00254759,0.0,0.002548
candidates_i/n3083,candidates_i/U3449/Y,NAND3X1,NOR2X1/B,1,0.00236501,0.00236501,0.00229711,0.00229711,0.00236501,0.0,0.00236501,0.0,0.002365
candidates_i/n3084,candidates_i/U3445/Y,NAND3X1,NOR2X1/A,1,0.00224248,0.00224248,0.00220861,0.00220861,0.00224248,0.0,0.00224248,0.0,0.002242
candidates_i/n3085,candidates_i/U3450/Y,NOR2X1,NAND2X1/A,1,0.00211057,0.00211057,0.00188435,0.00188435,0.00211057,0.0,0.00211057,0.0,0.002111
candidates_i/n3087,candidates_i/U3452/Y,NAND2X1,NAND2X1/B,1,0.00202749,0.00202749,0.00194421,0.00194421,0.00202749,0.0,0.00202749,0.0,0.002027
candidates_i/n3089,candidates_i/U3456/Y,AOI22X1,NAND3X1/B,1,0.00283213,0.00283213,0.00259978,0.00259978,0.00283213,0.0,0.00283213,0.0,0.002832
candidates_i/n3090,candidates_i/U3455/Y,AOI22X1,NAND3X1/C,1,0.00296109,0.00296109,0.0028316,0.0028316,0.00296109,0.0,0.00296109,0.0,0.002961
candidates_i/n3091,candidates_i/U3454/Y,AOI22X1,NAND3X1/A,1,0.00254759,0.00254759,0.00220852,0.00220852,0.00254759,0.0,0.00254759,0.0,0.002548
candidates_i/n3092,candidates_i/U3457/Y,NAND3X1,NOR2X1/B,1,0.00236501,0.00236501,0.00229711,0.00229711,0.00236501,0.0,0.00236501,0.0,0.002365
candidates_i/n3093,candidates_i/U3453/Y,NAND2X1,NOR2X1/A,1,0.00224248,0.00224248,0.00220861,0.00220861,0.00224248,0.0,0.00224248,0.0,0.002242
candidates_i/n3094,candidates_i/U3377/Y,NAND3X1,INVX2/A;OR2X2/A,2,0.00497383,0.00494697,0.00497383,0.00494697,0.00497383,0.0,0.00497383,0.0,0.004974
candidates_i/n3095,candidates_i/U3460/Y,NOR2X1,NAND2X1/B,1,0.00202749,0.00202749,0.00194421,0.00194421,0.00202749,0.0,0.00202749,0.0,0.002027
candidates_i/n3096,candidates_i/U3459/Y,NAND2X1,NAND2X1/A,1,0.00211057,0.00211057,0.00188435,0.00188435,0.00211057,0.0,0.00211057,0.0,0.002111
candidates_i/n3097,candidates_i/U3464/Y,AOI22X1,NAND3X1/C,1,0.00296109,0.00296109,0.0028316,0.0028316,0.00296109,0.0,0.00296109,0.0,0.002961
candidates_i/n3098,candidates_i/U3463/Y,AOI22X1,NAND3X1/B,1,0.00283213,0.00283213,0.00259978,0.00259978,0.00283213,0.0,0.00283213,0.0,0.002832
candidates_i/n3099,candidates_i/U3462/Y,AOI22X1,NAND3X1/A,1,0.00254759,0.00254759,0.00220852,0.00220852,0.00254759,0.0,0.00254759,0.0,0.002548
candidates_i/n3100,candidates_i/U3465/Y,NAND3X1,BUFX2/A;NOR2X1/B,2,0.0039039699999999997,0.0039039699999999997,0.0038012600000000003,0.00380126,0.00390397,0.0,0.00390397,0.0,0.003904
candidates_i/n3101,candidates_i/U3461/Y,NAND2X1,NOR2X1/A;NOR2X1/A,2,0.00448496,0.00448496,0.00441722,0.00441722,0.00448496,0.0,0.00448496,0.0,0.004485
candidates_i/n3102,candidates_i/U3466/Y,NOR2X1,NAND2X1/B,1,0.00202749,0.00202749,0.00194421,0.00194421,0.00202749,0.0,0.00202749,0.0,0.002027
candidates_i/n3103,candidates_i/U3458/Y,NOR2X1,BUFX2/A;NAND2X1/A,2,0.00364953,0.00364953,0.0033885,0.0033885,0.00364953,0.0,0.00364953,0.0,0.00365
candidates_i/n3104,candidates_i/U3471/Y,AOI22X1,AND2X2/A,1,0.00179784,0.00179784,0.00176278,0.00176278,0.00179784,0.0,0.00179784,0.0,0.001798
candidates_i/n3105,candidates_i/U3470/Y,AOI22X1,AND2X2/B,1,0.00186944,0.00186944,0.00182011,0.00182011,0.00186944,0.0,0.00186944,0.0,0.001869
candidates_i/n3107,candidates_i/U3469/Y,AOI22X1,NAND3X1/B,1,0.00283213,0.00283213,0.00259978,0.00259978,0.00283213,0.0,0.00283213,0.0,0.002832
candidates_i/n3108,candidates_i/U3468/Y,AOI22X1,NAND3X1/A,1,0.00254759,0.00254759,0.00220852,0.00220852,0.00254759,0.0,0.00254759,0.0,0.002548
candidates_i/n3109,candidates_i/U3474/Y,NAND2X1,AOI21X1/C,1,0.00238603,0.00238603,0.00231224,0.00231224,0.00238603,0.0,0.00238603,0.0,0.002386
candidates_i/n3110,candidates_i/U3478/Y,AOI22X1,AND2X2/B,1,0.00186944,0.00186944,0.00182011,0.00182011,0.00186944,0.0,0.00186944,0.0,0.001869
candidates_i/n3111,candidates_i/U3477/Y,AOI22X1,AND2X2/A,1,0.00179784,0.00179784,0.00176278,0.00176278,0.00179784,0.0,0.00179784,0.0,0.001798
candidates_i/n3113,candidates_i/U3476/Y,AOI22X1,NAND3X1/B,1,0.00283213,0.00283213,0.00259978,0.00259978,0.00283213,0.0,0.00283213,0.0,0.002832
candidates_i/n3114,candidates_i/U3475/Y,AOI21X1,NAND3X1/A,1,0.00254759,0.00254759,0.00220852,0.00220852,0.00254759,0.0,0.00254759,0.0,0.002548
candidates_i/n3115,candidates_i/U3480/Y,NAND3X1,OR2X2/B,1,0.00234214,0.00228252,0.00234214,0.00228252,0.00234214,0.0,0.00234214,0.0,0.002342
candidates_i/n3116,candidates_i/U3473/Y,NAND3X1,OR2X2/A,1,0.00230117,0.00229176,0.00230117,0.00229176,0.00230117,0.0,0.00230117,0.0,0.002301
candidates_i/n3117,candidates_i/U3482/Y,NAND3X1,AOI21X1/C,1,0.00238603,0.00238603,0.00231224,0.00231224,0.00238603,0.0,0.00238603,0.0,0.002386
candidates_i/n3120,candidates_i/U3420/Y,NAND3X1,BUFX2/A;NAND2X1/A,2,0.00364953,0.00364953,0.0033885,0.0033885,0.00364953,0.0,0.00364953,0.0,0.00365
candidates_i/n3121,candidates_i/U3487/Y,NAND2X1,NAND2X1/B,1,0.00202749,0.00202749,0.00194421,0.00194421,0.00202749,0.0,0.00202749,0.0,0.002027
candidates_i/n3122,candidates_i/U3486/Y,NAND2X1,NAND2X1/A,1,0.00211057,0.00211057,0.00188435,0.00188435,0.00211057,0.0,0.00211057,0.0,0.002111
candidates_i/n3123,candidates_i/U3490/Y,NAND2X1,NAND2X1/B,1,0.00202749,0.00202749,0.00194421,0.00194421,0.00202749,0.0,0.00202749,0.0,0.002027
candidates_i/n3124,candidates_i/U3489/Y,NAND2X1,NAND2X1/A,1,0.00211057,0.00211057,0.00188435,0.00188435,0.00211057,0.0,0.00211057,0.0,0.002111
candidates_i/n3125,candidates_i/U3491/Y,NAND2X1,NOR2X1/B,1,0.00236501,0.00236501,0.00229711,0.00229711,0.00236501,0.0,0.00236501,0.0,0.002365
candidates_i/n3126,candidates_i/U3488/Y,NAND2X1,NOR2X1/A,1,0.00224248,0.00224248,0.00220861,0.00220861,0.00224248,0.0,0.00224248,0.0,0.002242
candidates_i/n3127,candidates_i/U3493/Y,AOI21X1,NAND3X1/C,1,0.00296109,0.00296109,0.0028316,0.0028316,0.00296109,0.0,0.00296109,0.0,0.002961
candidates_i/n3128,candidates_i/U3492/Y,NOR2X1,NAND3X1/B,1,0.00283213,0.00283213,0.00259978,0.00259978,0.00283213,0.0,0.00283213,0.0,0.002832
candidates_i/n3129,candidates_i/U3485/Y,AOI22X1,NAND3X1/A,1,0.00254759,0.00254759,0.00220852,0.00220852,0.00254759,0.0,0.00254759,0.0,0.002548
candidates_i/n3130,candidates_i/U3496/Y,NAND2X1,NAND2X1/B,1,0.00202749,0.00202749,0.00194421,0.00194421,0.00202749,0.0,0.00202749,0.0,0.002027
candidates_i/n3132,candidates_i/U3499/Y,NAND2X1,NAND2X1/B,1,0.00202749,0.00202749,0.00194421,0.00194421,0.00202749,0.0,0.00202749,0.0,0.002027
candidates_i/n3133,candidates_i/U3498/Y,NAND2X1,NAND2X1/A,1,0.00211057,0.00211057,0.00188435,0.00188435,0.00211057,0.0,0.00211057,0.0,0.002111
candidates_i/n3134,candidates_i/U3500/Y,NAND2X1,NOR2X1/B,1,0.00236501,0.00236501,0.00229711,0.00229711,0.00236501,0.0,0.00236501,0.0,0.002365
candidates_i/n3135,candidates_i/U3497/Y,NAND2X1,NOR2X1/A,1,0.00224248,0.00224248,0.00220861,0.00220861,0.00224248,0.0,0.00224248,0.0,0.002242
candidates_i/n3136,candidates_i/U3502/Y,AOI22X1,NAND3X1/C,1,0.00296109,0.00296109,0.0028316,0.0028316,0.00296109,0.0,0.00296109,0.0,0.002961
candidates_i/n3137,candidates_i/U3501/Y,NOR2X1,NAND3X1/B,1,0.00283213,0.00283213,0.00259978,0.00259978,0.00283213,0.0,0.00283213,0.0,0.002832
candidates_i/n3138,candidates_i/U3495/Y,AOI22X1,NAND3X1/A,1,0.00254759,0.00254759,0.00220852,0.00220852,0.00254759,0.0,0.00254759,0.0,0.002548
candidates_i/n3139,candidates_i/U3503/Y,NAND3X1,NOR2X1/B,1,0.00236501,0.00236501,0.00229711,0.00229711,0.00236501,0.0,0.00236501,0.0,0.002365
candidates_i/n3140,candidates_i/U3494/Y,NAND3X1,NOR2X1/A,1,0.00224248,0.00224248,0.00220861,0.00220861,0.00224248,0.0,0.00224248,0.0,0.002242
candidates_i/n3141,candidates_i/U3509/Y,AOI22X1,AND2X2/B,1,0.00186944,0.00186944,0.00182011,0.00182011,0.00186944,0.0,0.00186944,0.0,0.001869
candidates_i/n3142,candidates_i/U3508/Y,AOI22X1,AND2X2/A,1,0.00179784,0.00179784,0.00176278,0.00176278,0.00179784,0.0,0.00179784,0.0,0.001798
candidates_i/n3144,candidates_i/U3507/Y,AOI22X1,NAND3X1/B,1,0.00283213,0.00283213,0.00259978,0.00259978,0.00283213,0.0,0.00283213,0.0,0.002832
candidates_i/n3145,candidates_i/U3506/Y,AOI21X1,NAND3X1/A,1,0.00254759,0.00254759,0.00220852,0.00220852,0.00254759,0.0,0.00254759,0.0,0.002548
candidates_i/n3146,candidates_i/U3511/Y,NAND3X1,INVX1/A,1,0.00155103,0.00155103,0.00147616,0.00147616,0.00155103,0.0,0.00155103,0.0,0.001551
candidates_i/n3147,candidates_i/U3515/Y,AOI22X1,AND2X2/B,1,0.00186944,0.00186944,0.00182011,0.00182011,0.00186944,0.0,0.00186944,0.0,0.001869
candidates_i/n3148,candidates_i/U3514/Y,AOI22X1,AND2X2/A,1,0.00179784,0.00179784,0.00176278,0.00176278,0.00179784,0.0,0.00179784,0.0,0.001798
candidates_i/n3150,candidates_i/U3513/Y,AOI22X1,NAND3X1/B,1,0.00283213,0.00283213,0.00259978,0.00259978,0.00283213,0.0,0.00283213,0.0,0.002832
candidates_i/n3151,candidates_i/U3512/Y,AOI22X1,NAND3X1/A,1,0.00254759,0.00254759,0.00220852,0.00220852,0.00254759,0.0,0.00254759,0.0,0.002548
candidates_i/n3153,candidates_i/U3523/Y,AOI22X1,AND2X2/B,1,0.00186944,0.00186944,0.00182011,0.00182011,0.00186944,0.0,0.00186944,0.0,0.001869
candidates_i/n3154,candidates_i/U3522/Y,AOI22X1,AND2X2/A,1,0.00179784,0.00179784,0.00176278,0.00176278,0.00179784,0.0,0.00179784,0.0,0.001798
candidates_i/n3156,candidates_i/U3521/Y,AOI22X1,NAND3X1/B,1,0.00283213,0.00283213,0.00259978,0.00259978,0.00283213,0.0,0.00283213,0.0,0.002832
candidates_i/n3157,candidates_i/U3520/Y,AOI22X1,NAND3X1/A,1,0.00254759,0.00254759,0.00220852,0.00220852,0.00254759,0.0,0.00254759,0.0,0.002548
candidates_i/n3158,candidates_i/U3529/Y,AOI22X1,AND2X2/A,1,0.00179784,0.00179784,0.00176278,0.00176278,0.00179784,0.0,0.00179784,0.0,0.001798
candidates_i/n3159,candidates_i/U3528/Y,AOI22X1,AND2X2/B,1,0.00186944,0.00186944,0.00182011,0.00182011,0.00186944,0.0,0.00186944,0.0,0.001869
candidates_i/n3161,candidates_i/U3527/Y,AOI22X1,NAND3X1/B,1,0.00283213,0.00283213,0.00259978,0.00259978,0.00283213,0.0,0.00283213,0.0,0.002832
candidates_i/n3162,candidates_i/U3526/Y,AOI21X1,NAND3X1/A,1,0.00254759,0.00254759,0.00220852,0.00220852,0.00254759,0.0,0.00254759,0.0,0.002548
candidates_i/n3163,candidates_i/U3531/Y,NAND3X1,OR2X2/A,1,0.00230117,0.00229176,0.00230117,0.00229176,0.00230117,0.0,0.00230117,0.0,0.002301
candidates_i/n3164,candidates_i/U3525/Y,NAND3X1,OR2X2/B,1,0.00234214,0.00228252,0.00234214,0.00228252,0.00234214,0.0,0.00234214,0.0,0.002342
candidates_i/n3166,candidates_i/U3536/Y,AOI22X1,AND2X2/B,1,0.00186944,0.00186944,0.00182011,0.00182011,0.00186944,0.0,0.00186944,0.0,0.001869
candidates_i/n3167,candidates_i/U3535/Y,AOI22X1,AND2X2/A,1,0.00179784,0.00179784,0.00176278,0.00176278,0.00179784,0.0,0.00179784,0.0,0.001798
candidates_i/n3169,candidates_i/U3534/Y,AOI22X1,NAND3X1/B,1,0.00283213,0.00283213,0.00259978,0.00259978,0.00283213,0.0,0.00283213,0.0,0.002832
candidates_i/n3170,candidates_i/U3533/Y,AOI22X1,NAND3X1/A,1,0.00254759,0.00254759,0.00220852,0.00220852,0.00254759,0.0,0.00254759,0.0,0.002548
candidates_i/n3171,candidates_i/U3541/Y,NAND2X1,NAND2X1/B,1,0.00202749,0.00202749,0.00194421,0.00194421,0.00202749,0.0,0.00202749,0.0,0.002027
candidates_i/n3172,candidates_i/U3540/Y,NAND2X1,NAND2X1/A,1,0.00211057,0.00211057,0.00188435,0.00188435,0.00211057,0.0,0.00211057,0.0,0.002111
candidates_i/n3176,candidates_i/U3542/Y,NAND2X1,NOR2X1/A,1,0.00224248,0.00224248,0.00220861,0.00220861,0.00224248,0.0,0.00224248,0.0,0.002242
candidates_i/n3177,candidates_i/U3544/Y,AOI21X1,NAND3X1/C,1,0.00296109,0.00296109,0.0028316,0.0028316,0.00296109,0.0,0.00296109,0.0,0.002961
candidates_i/n3178,candidates_i/U3543/Y,NOR2X1,NAND3X1/B,1,0.00283213,0.00283213,0.00259978,0.00259978,0.00283213,0.0,0.00283213,0.0,0.002832
candidates_i/n3179,candidates_i/U3539/Y,AOI22X1,NAND3X1/A,1,0.00254759,0.00254759,0.00220852,0.00220852,0.00254759,0.0,0.00254759,0.0,0.002548
candidates_i/n3181,candidates_i/U3519/Y,NAND3X1,OR2X2/A,1,0.00230117,0.00229176,0.00230117,0.00229176,0.00230117,0.0,0.00230117,0.0,0.002301
candidates_i/n3182,candidates_i/U3548/Y,NAND2X1,NAND2X1/B,1,0.00202749,0.00202749,0.00194421,0.00194421,0.00202749,0.0,0.00202749,0.0,0.002027
candidates_i/n3183,candidates_i/U3547/Y,NAND2X1,NAND2X1/A,1,0.00211057,0.00211057,0.00188435,0.00188435,0.00211057,0.0,0.00211057,0.0,0.002111
candidates_i/n3184,candidates_i/U3552/Y,AOI22X1,NAND3X1/C,1,0.00296109,0.00296109,0.0028316,0.0028316,0.00296109,0.0,0.00296109,0.0,0.002961
candidates_i/n3185,candidates_i/U3551/Y,AOI22X1,NAND3X1/B,1,0.00283213,0.00283213,0.00259978,0.00259978,0.00283213,0.0,0.00283213,0.0,0.002832
candidates_i/n3186,candidates_i/U3550/Y,AOI22X1,NAND3X1/A,1,0.00254759,0.00254759,0.00220852,0.00220852,0.00254759,0.0,0.00254759,0.0,0.002548
candidates_i/n3187,candidates_i/U3553/Y,NAND3X1,NOR2X1/B,1,0.00236501,0.00236501,0.00229711,0.00229711,0.00236501,0.0,0.00236501,0.0,0.002365
candidates_i/n3188,candidates_i/U3549/Y,NAND2X1,NOR2X1/A,1,0.00224248,0.00224248,0.00220861,0.00220861,0.00224248,0.0,0.00224248,0.0,0.002242
candidates_i/n3190,candidates_i/U3556/Y,NOR2X1,NAND2X1/B,1,0.00202749,0.00202749,0.00194421,0.00194421,0.00202749,0.0,0.00202749,0.0,0.002027
candidates_i/n3191,candidates_i/U3555/Y,NAND2X1,NAND2X1/A,1,0.00211057,0.00211057,0.00188435,0.00188435,0.00211057,0.0,0.00211057,0.0,0.002111
candidates_i/n3192,candidates_i/U3560/Y,AOI22X1,NAND3X1/C,1,0.00296109,0.00296109,0.0028316,0.0028316,0.00296109,0.0,0.00296109,0.0,0.002961
candidates_i/n3193,candidates_i/U3559/Y,AOI22X1,NAND3X1/B,1,0.00283213,0.00283213,0.00259978,0.00259978,0.00283213,0.0,0.00283213,0.0,0.002832
candidates_i/n3194,candidates_i/U3558/Y,AOI22X1,NAND3X1/A,1,0.00254759,0.00254759,0.00220852,0.00220852,0.00254759,0.0,0.00254759,0.0,0.002548
candidates_i/n3195,candidates_i/U3561/Y,NAND3X1,NOR2X1/B,1,0.00236501,0.00236501,0.00229711,0.00229711,0.00236501,0.0,0.00236501,0.0,0.002365
candidates_i/n3196,candidates_i/U3557/Y,NAND2X1,NOR2X1/A,1,0.00224248,0.00224248,0.00220861,0.00220861,0.00224248,0.0,0.00224248,0.0,0.002242
candidates_i/n3197,candidates_i/U3562/Y,NOR2X1,NAND2X1/B,1,0.00202749,0.00202749,0.00194421,0.00194421,0.00202749,0.0,0.00202749,0.0,0.002027
candidates_i/n3198,candidates_i/U3554/Y,NOR2X1,NAND2X1/A,1,0.00211057,0.00211057,0.00188435,0.00188435,0.00211057,0.0,0.00211057,0.0,0.002111
candidates_i/n3200,candidates_i/U3566/Y,AOI21X1,NAND3X1/C,1,0.00296109,0.00296109,0.0028316,0.0028316,0.00296109,0.0,0.00296109,0.0,0.002961
candidates_i/n3201,candidates_i/U3565/Y,NAND2X1,NAND3X1/B,1,0.00283213,0.00283213,0.00259978,0.00259978,0.00283213,0.0,0.00283213,0.0,0.002832
candidates_i/n3202,candidates_i/U3564/Y,NAND2X1,NAND3X1/A,1,0.00254759,0.00254759,0.00220852,0.00220852,0.00254759,0.0,0.00254759,0.0,0.002548
candidates_i/n3206,candidates_i/U3567/Y,NAND3X1,NOR3X1/B,1,0.003067,0.00306333,0.003067,0.00306333,0.003067,0.0,0.003067,0.0,0.003067
candidates_i/n3208,candidates_i/U3570/Y,NAND2X1,NAND3X1/C,1,0.00296109,0.00296109,0.0028316,0.0028316,0.00296109,0.0,0.00296109,0.0,0.002961
candidates_i/n3209,candidates_i/U3569/Y,NAND2X1,NAND3X1/B,1,0.00283213,0.00283213,0.00259978,0.00259978,0.00283213,0.0,0.00283213,0.0,0.002832
candidates_i/n3210,candidates_i/U3574/Y,AOI22X1,NAND3X1/C,1,0.00296109,0.00296109,0.0028316,0.0028316,0.00296109,0.0,0.00296109,0.0,0.002961
candidates_i/n3211,candidates_i/U3573/Y,AOI22X1,NAND3X1/B,1,0.00283213,0.00283213,0.00259978,0.00259978,0.00283213,0.0,0.00283213,0.0,0.002832
candidates_i/n3212,candidates_i/U3572/Y,AOI22X1,NAND3X1/A,1,0.00254759,0.00254759,0.00220852,0.00220852,0.00254759,0.0,0.00254759,0.0,0.002548
candidates_i/n3213,candidates_i/U3575/Y,NAND3X1,NOR2X1/B,1,0.00236501,0.00236501,0.00229711,0.00229711,0.00236501,0.0,0.00236501,0.0,0.002365
candidates_i/n3214,candidates_i/U3571/Y,NAND3X1,NOR2X1/A,1,0.00224248,0.00224248,0.00220861,0.00220861,0.00224248,0.0,0.00224248,0.0,0.002242
candidates_i/n3215,candidates_i/U3576/Y,NOR2X1,AND2X2/B,1,0.00186944,0.00186944,0.00182011,0.00182011,0.00186944,0.0,0.00186944,0.0,0.001869
candidates_i/n3217,candidates_i/U3581/Y,AOI21X1,AND2X2/B,1,0.00186944,0.00186944,0.00182011,0.00182011,0.00186944,0.0,0.00186944,0.0,0.001869
candidates_i/n3218,candidates_i/U3580/Y,AOI22X1,AND2X2/A,1,0.00179784,0.00179784,0.00176278,0.00176278,0.00179784,0.0,0.00179784,0.0,0.001798
candidates_i/n3220,candidates_i/U3579/Y,AOI22X1,NAND3X1/B,1,0.00283213,0.00283213,0.00259978,0.00259978,0.00283213,0.0,0.00283213,0.0,0.002832
candidates_i/n3221,candidates_i/U3578/Y,AOI22X1,NAND3X1/A,1,0.00254759,0.00254759,0.00220852,0.00220852,0.00254759,0.0,0.00254759,0.0,0.002548
candidates_i/n3222,candidates_i/U3389/Y,NAND3X1,INVX1/A;INVX2/A,2,0.0042236899999999996,0.00420624,0.00414882,0.00414882,0.00420624,0.0,0.00420624,0.0,0.004224
candidates_i/n3225,candidates_i/U1081/Y,NOR2X1,AND2X2/B,1,0.00186944,0.00186944,0.00182011,0.00182011,0.00186944,0.0,0.00186944,0.0,0.001869
candidates_i/n3226,candidates_i/U3587/Y,AOI22X1,AND2X2/A,1,0.00179784,0.00179784,0.00176278,0.00176278,0.00179784,0.0,0.00179784,0.0,0.001798
candidates_i/n3228,candidates_i/U3586/Y,AOI22X1,BUFX2/A,1,0.00153896,0.00153896,0.00150415,0.00150415,0.00153896,0.0,0.00153896,0.0,0.001539
candidates_i/n3229,candidates_i/U3585/Y,AOI21X1,NAND3X1/A,1,0.00254759,0.00254759,0.00220852,0.00220852,0.00254759,0.0,0.00254759,0.0,0.002548
candidates_i/n3230,candidates_i/U3589/Y,NAND3X1,OR2X2/B,1,0.00234214,0.00228252,0.00234214,0.00228252,0.00234214,0.0,0.00234214,0.0,0.002342
candidates_i/n3231,candidates_i/U3583/Y,NAND3X1,OR2X2/A,1,0.00230117,0.00229176,0.00230117,0.00229176,0.00230117,0.0,0.00230117,0.0,0.002301
candidates_i/n3232,candidates_i/U3592/Y,NAND2X1,NAND2X1/B,1,0.00202749,0.00202749,0.00194421,0.00194421,0.00202749,0.0,0.00202749,0.0,0.002027
candidates_i/n3233,candidates_i/U3591/Y,NAND2X1,NAND2X1/A,1,0.00211057,0.00211057,0.00188435,0.00188435,0.00211057,0.0,0.00211057,0.0,0.002111
candidates_i/n3234,candidates_i/U3596/Y,AOI22X1,NAND3X1/C,1,0.00296109,0.00296109,0.0028316,0.0028316,0.00296109,0.0,0.00296109,0.0,0.002961
candidates_i/n3235,candidates_i/U3595/Y,AOI22X1,NAND3X1/B,1,0.00283213,0.00283213,0.00259978,0.00259978,0.00283213,0.0,0.00283213,0.0,0.002832
candidates_i/n3236,candidates_i/U3594/Y,AOI22X1,NAND3X1/A,1,0.00254759,0.00254759,0.00220852,0.00220852,0.00254759,0.0,0.00254759,0.0,0.002548
candidates_i/n3237,candidates_i/U3597/Y,NAND3X1,NOR2X1/B,1,0.00236501,0.00236501,0.00229711,0.00229711,0.00236501,0.0,0.00236501,0.0,0.002365
candidates_i/n3238,candidates_i/U3593/Y,NAND2X1,NOR2X1/A,1,0.00224248,0.00224248,0.00220861,0.00220861,0.00224248,0.0,0.00224248,0.0,0.002242
candidates_i/n3239,candidates_i/U3600/Y,NOR2X1,NAND2X1/B,1,0.00202749,0.00202749,0.00194421,0.00194421,0.00202749,0.0,0.00202749,0.0,0.002027
candidates_i/n3240,candidates_i/U3599/Y,NAND2X1,NAND2X1/A,1,0.00211057,0.00211057,0.00188435,0.00188435,0.00211057,0.0,0.00211057,0.0,0.002111
candidates_i/n3241,candidates_i/U3604/Y,AOI22X1,NAND3X1/C,1,0.00296109,0.00296109,0.0028316,0.0028316,0.00296109,0.0,0.00296109,0.0,0.002961
candidates_i/n3242,candidates_i/U3603/Y,AOI22X1,NAND3X1/B,1,0.00283213,0.00283213,0.00259978,0.00259978,0.00283213,0.0,0.00283213,0.0,0.002832
candidates_i/n3243,candidates_i/U3602/Y,AOI22X1,NAND3X1/A,1,0.00254759,0.00254759,0.00220852,0.00220852,0.00254759,0.0,0.00254759,0.0,0.002548
candidates_i/n3244,candidates_i/U3605/Y,NAND3X1,NOR2X1/B,1,0.00236501,0.00236501,0.00229711,0.00229711,0.00236501,0.0,0.00236501,0.0,0.002365
candidates_i/n3245,candidates_i/U3601/Y,NAND2X1,NOR2X1/A,1,0.00224248,0.00224248,0.00220861,0.00220861,0.00224248,0.0,0.00224248,0.0,0.002242
candidates_i/n3246,candidates_i/U3606/Y,NOR2X1,AND2X2/B,1,0.00186944,0.00186944,0.00182011,0.00182011,0.00186944,0.0,0.00186944,0.0,0.001869
candidates_i/n3247,candidates_i/U3598/Y,NOR2X1,AND2X2/A,1,0.00179784,0.00179784,0.00176278,0.00176278,0.00179784,0.0,0.00179784,0.0,0.001798
candidates_i/n3248,candidates_i/U3577/Y,NAND2X1,NOR3X1/B,1,0.003067,0.00306333,0.003067,0.00306333,0.003067,0.0,0.003067,0.0,0.003067
candidates_i/n3250,candidates_i/U3387/Y,NAND3X1,INVX4/A,1,0.0050916,0.00508038,0.0050916,0.00508038,0.0050916,0.0,0.0050916,0.0,0.005092
candidates_i/n3251,candidates_i/U3611/Y,AOI22X1,AND2X2/B,1,0.00186944,0.00186944,0.00182011,0.00182011,0.00186944,0.0,0.00186944,0.0,0.001869
candidates_i/n3252,candidates_i/U3610/Y,AOI22X1,AND2X2/A,1,0.00179784,0.00179784,0.00176278,0.00176278,0.00179784,0.0,0.00179784,0.0,0.001798
candidates_i/n3254,candidates_i/U3609/Y,AOI22X1,NAND3X1/B,1,0.00283213,0.00283213,0.00259978,0.00259978,0.00283213,0.0,0.00283213,0.0,0.002832
candidates_i/n3255,candidates_i/U3608/Y,AOI22X1,NAND3X1/A,1,0.00254759,0.00254759,0.00220852,0.00220852,0.00254759,0.0,0.00254759,0.0,0.002548
candidates_i/n3257,candidates_i/U3614/Y,NAND2X1,AOI21X1/C,1,0.00238603,0.00238603,0.00231224,0.00231224,0.00238603,0.0,0.00238603,0.0,0.002386
candidates_i/n3264,candidates_i/U3618/Y,AOI22X1,AND2X2/B,1,0.00186944,0.00186944,0.00182011,0.00182011,0.00186944,0.0,0.00186944,0.0,0.001869
candidates_i/n3265,candidates_i/U3617/Y,AOI22X1,AND2X2/A,1,0.00179784,0.00179784,0.00176278,0.00176278,0.00179784,0.0,0.00179784,0.0,0.001798
candidates_i/n3267,candidates_i/U3616/Y,AOI22X1,NAND3X1/B,1,0.00283213,0.00283213,0.00259978,0.00259978,0.00283213,0.0,0.00283213,0.0,0.002832
candidates_i/n3268,candidates_i/U3615/Y,AOI21X1,NAND3X1/A,1,0.00254759,0.00254759,0.00220852,0.00220852,0.00254759,0.0,0.00254759,0.0,0.002548
candidates_i/n3269,candidates_i/U3620/Y,NAND3X1,OR2X2/B,1,0.00234214,0.00228252,0.00234214,0.00228252,0.00234214,0.0,0.00234214,0.0,0.002342
candidates_i/n3270,candidates_i/U3613/Y,NAND3X1,OR2X2/A,1,0.00230117,0.00229176,0.00230117,0.00229176,0.00230117,0.0,0.00230117,0.0,0.002301
candidates_i/n3274,candidates_i/U3624/Y,AOI22X1,NAND3X1/C,1,0.00296109,0.00296109,0.0028316,0.0028316,0.00296109,0.0,0.00296109,0.0,0.002961
candidates_i/n3275,candidates_i/U3623/Y,AOI22X1,NAND3X1/B,1,0.00283213,0.00283213,0.00259978,0.00259978,0.00283213,0.0,0.00283213,0.0,0.002832
candidates_i/n3276,candidates_i/U3622/Y,AOI22X1,NAND3X1/A,1,0.00254759,0.00254759,0.00220852,0.00220852,0.00254759,0.0,0.00254759,0.0,0.002548
candidates_i/n3277,candidates_i/U3625/Y,NAND3X1,NOR2X1/A,1,0.00224248,0.00224248,0.00220861,0.00220861,0.00224248,0.0,0.00224248,0.0,0.002242
candidates_i/n3282,candidates_i/U1649/Y,NOR2X1,AOI21X1/C,1,0.00238603,0.00238603,0.00231224,0.00231224,0.00238603,0.0,0.00238603,0.0,0.002386
candidates_i/n3283,candidates_i/U3626/Y,NOR2X1,AOI21X1/A,1,0.00274129,0.00274129,0.00256559,0.00256559,0.00274129,0.0,0.00274129,0.0,0.002741
candidates_i/n3287,candidates_i/U3627/Y,AOI21X1,NAND3X1/B,1,0.00283213,0.00283213,0.00259978,0.00259978,0.00283213,0.0,0.00283213,0.0,0.002832
candidates_i/n3290,candidates_i/U3126/Y,NAND2X1,NOR2X1/B,1,0.00236501,0.00236501,0.00229711,0.00229711,0.00236501,0.0,0.00236501,0.0,0.002365
candidates_i/n3294,candidates_i/U3629/Y,NOR2X1,AOI21X1/A,1,0.00274129,0.00274129,0.00256559,0.00256559,0.00274129,0.0,0.00274129,0.0,0.002741
candidates_i/n3295,candidates_i/U2572/Y,NAND2X1,INVX4/A,1,0.0050916,0.00508038,0.0050916,0.00508038,0.0050916,0.0,0.0050916,0.0,0.005092
candidates_i/n3296,candidates_i/U3633/Y,NAND3X1,NAND3X1/C,1,0.00296109,0.00296109,0.0028316,0.0028316,0.00296109,0.0,0.00296109,0.0,0.002961
candidates_i/n3297,candidates_i/U1648/Y,NAND2X1,NAND3X1/B,1,0.00283213,0.00283213,0.00259978,0.00259978,0.00283213,0.0,0.00283213,0.0,0.002832
candidates_i/n3298,candidates_i/U3632/Y,NAND3X1,NAND3X1/A,1,0.00254759,0.00254759,0.00220852,0.00220852,0.00254759,0.0,0.00254759,0.0,0.002548
candidates_i/n3299,candidates_i/U3634/Y,NAND3X1,NOR2X1/B,1,0.00236501,0.00236501,0.00229711,0.00229711,0.00236501,0.0,0.00236501,0.0,0.002365
candidates_i/n3300,candidates_i/U2377/Y,NAND2X1,INVX2/A,1,0.00267266,0.00265521,0.00267266,0.00265521,0.00267266,0.0,0.00267266,0.0,0.002673
candidates_i/n3302,candidates_i/U1276/Y,NOR2X1,NOR2X1/A,1,0.00224248,0.00224248,0.00220861,0.00220861,0.00224248,0.0,0.00224248,0.0,0.002242
candidates_i/n3304,candidates_i/U1627/Y,NOR2X1,NAND3X1/C,1,0.00296109,0.00296109,0.0028316,0.0028316,0.00296109,0.0,0.00296109,0.0,0.002961
candidates_i/n3305,candidates_i/U1637/Y,NOR2X1,NAND3X1/B,1,0.00283213,0.00283213,0.00259978,0.00259978,0.00283213,0.0,0.00283213,0.0,0.002832
candidates_i/n3306,candidates_i/U3631/Y,AOI21X1,NAND3X1/A,1,0.00254759,0.00254759,0.00220852,0.00220852,0.00254759,0.0,0.00254759,0.0,0.002548
candidates_i/n3310,candidates_i/U3139/Y,NAND2X1,INVX1/A;INVX1/A,2,0.00310206,0.00310206,0.00295232,0.00295232,0.00310206,0.0,0.00310206,0.0,0.003102
candidates_i/n3312,candidates_i/U3636/Y,NOR2X1,AOI21X1/A,1,0.00274129,0.00274129,0.00256559,0.00256559,0.00274129,0.0,0.00274129,0.0,0.002741
candidates_i/n3313,candidates_i/U2965/Y,NAND2X1,INVX2/A;NOR2X1/A,2,0.00491514,0.00489769,0.00488127,0.00488127,0.00489769,0.0,0.00489769,0.0,0.004915
candidates_i/n3314,candidates_i/U3108/Y,NAND2X1,INVX1/A;NOR3X1/B,2,0.0046180299999999995,0.00461436,0.00454316,0.00454316,0.00461436,0.0,0.00461436,0.0,0.004618
candidates_i/n3315,candidates_i/U1477/Y,NAND2X1,NAND3X1/A,1,0.00254759,0.00254759,0.00220852,0.00220852,0.00254759,0.0,0.00254759,0.0,0.002548
candidates_i/n3316,candidates_i/U3638/Y,AOI21X1,NAND3X1/C,1,0.00296109,0.00296109,0.0028316,0.0028316,0.00296109,0.0,0.00296109,0.0,0.002961
candidates_i/n3318,candidates_i/U3639/Y,NAND3X1,NOR3X1/B,1,0.003067,0.00306333,0.003067,0.00306333,0.003067,0.0,0.003067,0.0,0.003067
candidates_i/n3319,candidates_i/U3635/Y,NAND3X1,NOR3X1/C,1,0.00328822,0.00328822,0.00322576,0.00322576,0.00328822,0.0,0.00328822,0.0,0.003288
candidates_i/n3320,candidates_i/U3628/Y,NAND3X1,NOR3X1/A,1,0.00302113,0.00302113,0.00301081,0.00301081,0.00302113,0.0,0.00302113,0.0,0.003021
candidates_i/n3322,candidates_i/U3151/Y,NAND2X1,NOR2X1/B,1,0.00236501,0.00236501,0.00229711,0.00229711,0.00236501,0.0,0.00236501,0.0,0.002365
candidates_i/n3323,candidates_i/U3641/Y,AOI21X1,AND2X2/A;INVX1/A,2,0.00334887,0.00334887,0.00323894,0.00323894,0.00334887,0.0,0.00334887,0.0,0.003349
candidates_i/n3325,candidates_i/U3642/Y,AOI21X1,AND2X2/B,1,0.00186944,0.00186944,0.00182011,0.00182011,0.00186944,0.0,0.00186944,0.0,0.001869
candidates_i/n3328,candidates_i/U3131/Y,NAND2X1,INVX1/A,1,0.00155103,0.00155103,0.00147616,0.00147616,0.00155103,0.0,0.00155103,0.0,0.001551
candidates_i/n3329,candidates_i/U3645/Y,AOI21X1,AND2X2/A;AND2X2/B,2,0.00366728,0.00366728,0.00358289,0.00358289,0.00366728,0.0,0.00366728,0.0,0.003667
candidates_i/n3331,candidates_i/U3648/Y,AOI21X1,AND2X2/B,1,0.00186944,0.00186944,0.00182011,0.00182011,0.00186944,0.0,0.00186944,0.0,0.001869
candidates_i/n3332,candidates_i/U3649/Y,NAND2X1,NAND2X1/B,1,0.00202749,0.00202749,0.00194421,0.00194421,0.00202749,0.0,0.00202749,0.0,0.002027
candidates_i/n3333,candidates_i/U3647/Y,NAND2X1,NAND2X1/A,1,0.00211057,0.00211057,0.00188435,0.00188435,0.00211057,0.0,0.00211057,0.0,0.002111
candidates_i/n3334,candidates_i/U3650/Y,NAND2X1,NOR2X1/B,1,0.00236501,0.00236501,0.00229711,0.00229711,0.00236501,0.0,0.00236501,0.0,0.002365
candidates_i/n3335,candidates_i/U3644/Y,NAND2X1,NOR2X1/A,1,0.00224248,0.00224248,0.00220861,0.00220861,0.00224248,0.0,0.00224248,0.0,0.002242
candidates_i/n3336,candidates_i/U3652/Y,NAND2X1,AND2X2/B,1,0.00186944,0.00186944,0.00182011,0.00182011,0.00186944,0.0,0.00186944,0.0,0.001869
candidates_i/n3337,candidates_i/U3653/Y,NAND2X1,NAND3X1/B,1,0.00283213,0.00283213,0.00259978,0.00259978,0.00283213,0.0,0.00283213,0.0,0.002832
candidates_i/n3339,candidates_i/U3656/Y,AOI21X1,AND2X2/A,1,0.00179784,0.00179784,0.00176278,0.00176278,0.00179784,0.0,0.00179784,0.0,0.001798
candidates_i/n3341,candidates_i/U3658/Y,AOI21X1,AND2X2/A;AND2X2/A,2,0.00359568,0.00359568,0.00352556,0.00352556,0.00359568,0.0,0.00359568,0.0,0.003596
candidates_i/n3342,candidates_i/U3660/Y,NAND2X1,NAND3X1/B,1,0.00283213,0.00283213,0.00259978,0.00259978,0.00283213,0.0,0.00283213,0.0,0.002832
candidates_i/n3344,candidates_i/U3662/Y,AOI21X1,NAND2X1/A,1,0.00211057,0.00211057,0.00188435,0.00188435,0.00211057,0.0,0.00211057,0.0,0.002111
candidates_i/n3345,candidates_i/U3664/Y,NAND2X1,NAND3X1/C,1,0.00296109,0.00296109,0.0028316,0.0028316,0.00296109,0.0,0.00296109,0.0,0.002961
candidates_i/n3346,candidates_i/U3666/Y,NAND2X1,NAND3X1/B,1,0.00283213,0.00283213,0.00259978,0.00259978,0.00283213,0.0,0.00283213,0.0,0.002832
candidates_i/n3347,candidates_i/U3667/Y,NAND3X1,INVX1/A;INVX2/A,2,0.0042236899999999996,0.00420624,0.00414882,0.00414882,0.00420624,0.0,0.00420624,0.0,0.004224
candidates_i/n3348,candidates_i/U3668/Y,AOI22X1,AND2X2/B,1,0.00186944,0.00186944,0.00182011,0.00182011,0.00186944,0.0,0.00186944,0.0,0.001869
candidates_i/n3349,candidates_i/U3663/Y,AOI22X1,AND2X2/A,1,0.00179784,0.00179784,0.00176278,0.00176278,0.00179784,0.0,0.00179784,0.0,0.001798
candidates_i/n3351,candidates_i/U3659/Y,AOI22X1,NAND3X1/B,1,0.00283213,0.00283213,0.00259978,0.00259978,0.00283213,0.0,0.00283213,0.0,0.002832
candidates_i/n3352,candidates_i/U3655/Y,AOI22X1,NAND3X1/A,1,0.00254759,0.00254759,0.00220852,0.00220852,0.00254759,0.0,0.00254759,0.0,0.002548
candidates_i/n3353,candidates_i/U3671/Y,NAND2X1,NAND2X1/B,1,0.00202749,0.00202749,0.00194421,0.00194421,0.00202749,0.0,0.00202749,0.0,0.002027
candidates_i/n3354,candidates_i/U3673/Y,NAND2X1,NAND3X1/B,1,0.00283213,0.00283213,0.00259978,0.00259978,0.00283213,0.0,0.00283213,0.0,0.002832
candidates_i/n3355,candidates_i/U3123/Y,NAND2X1,INVX1/A,1,0.00155103,0.00155103,0.00147616,0.00147616,0.00155103,0.0,0.00155103,0.0,0.001551
candidates_i/n3356,candidates_i/U3677/Y,AOI21X1,AND2X2/A;AND2X2/A,2,0.00359568,0.00359568,0.00352556,0.00352556,0.00359568,0.0,0.00359568,0.0,0.003596
candidates_i/n3358,candidates_i/U3680/Y,AOI21X1,NAND2X1/A,1,0.00211057,0.00211057,0.00188435,0.00188435,0.00211057,0.0,0.00211057,0.0,0.002111
candidates_i/n3359,candidates_i/U3681/Y,AOI22X1,AND2X2/B,1,0.00186944,0.00186944,0.00182011,0.00182011,0.00186944,0.0,0.00186944,0.0,0.001869
candidates_i/n3360,candidates_i/U3679/Y,AOI22X1,AND2X2/A,1,0.00179784,0.00179784,0.00176278,0.00176278,0.00179784,0.0,0.00179784,0.0,0.001798
candidates_i/n3362,candidates_i/U3676/Y,AOI22X1,INVX1/A,1,0.00155103,0.00155103,0.00147616,0.00147616,0.00155103,0.0,0.00155103,0.0,0.001551
candidates_i/n3363,candidates_i/U3675/Y,AOI21X1,INVX1/A,1,0.00155103,0.00155103,0.00147616,0.00147616,0.00155103,0.0,0.00155103,0.0,0.001551
candidates_i/n3364,candidates_i/U3686/Y,AOI22X1,AND2X2/A,1,0.00179784,0.00179784,0.00176278,0.00176278,0.00179784,0.0,0.00179784,0.0,0.001798
candidates_i/n3365,candidates_i/U3685/Y,AOI22X1,AND2X2/B,1,0.00186944,0.00186944,0.00182011,0.00182011,0.00186944,0.0,0.00186944,0.0,0.001869
candidates_i/n3367,candidates_i/U3684/Y,AOI22X1,NAND3X1/B,1,0.00283213,0.00283213,0.00259978,0.00259978,0.00283213,0.0,0.00283213,0.0,0.002832
candidates_i/n3368,candidates_i/U3683/Y,AOI22X1,NAND3X1/A,1,0.00254759,0.00254759,0.00220852,0.00220852,0.00254759,0.0,0.00254759,0.0,0.002548
candidates_i/n3369,candidates_i/U3689/Y,NAND2X1,AOI21X1/C,1,0.00238603,0.00238603,0.00231224,0.00231224,0.00238603,0.0,0.00238603,0.0,0.002386
candidates_i/n3370,candidates_i/U3693/Y,AOI22X1,AND2X2/A,1,0.00179784,0.00179784,0.00176278,0.00176278,0.00179784,0.0,0.00179784,0.0,0.001798
candidates_i/n3371,candidates_i/U3692/Y,AOI22X1,AND2X2/B,1,0.00186944,0.00186944,0.00182011,0.00182011,0.00186944,0.0,0.00186944,0.0,0.001869
candidates_i/n3373,candidates_i/U3691/Y,AOI22X1,NAND3X1/B,1,0.00283213,0.00283213,0.00259978,0.00259978,0.00283213,0.0,0.00283213,0.0,0.002832
candidates_i/n3374,candidates_i/U3690/Y,AOI21X1,NAND3X1/A,1,0.00254759,0.00254759,0.00220852,0.00220852,0.00254759,0.0,0.00254759,0.0,0.002548
candidates_i/n3375,candidates_i/U3695/Y,NAND3X1,OR2X2/B,1,0.00234214,0.00228252,0.00234214,0.00228252,0.00234214,0.0,0.00234214,0.0,0.002342
candidates_i/n3376,candidates_i/U3688/Y,NAND3X1,OR2X2/A,1,0.00230117,0.00229176,0.00230117,0.00229176,0.00230117,0.0,0.00230117,0.0,0.002301
candidates_i/n3377,candidates_i/U3700/Y,AOI21X1,AND2X2/A,1,0.00179784,0.00179784,0.00176278,0.00176278,0.00179784,0.0,0.00179784,0.0,0.001798
candidates_i/n3378,candidates_i/U3699/Y,AOI22X1,AND2X2/B,1,0.00186944,0.00186944,0.00182011,0.00182011,0.00186944,0.0,0.00186944,0.0,0.001869
candidates_i/n3380,candidates_i/U3698/Y,AOI22X1,NAND3X1/B,1,0.00283213,0.00283213,0.00259978,0.00259978,0.00283213,0.0,0.00283213,0.0,0.002832
candidates_i/n3381,candidates_i/U3697/Y,AOI22X1,NAND3X1/A,1,0.00254759,0.00254759,0.00220852,0.00220852,0.00254759,0.0,0.00254759,0.0,0.002548
candidates_i/n3384,candidates_i/U3707/Y,AOI22X1,AND2X2/B,1,0.00186944,0.00186944,0.00182011,0.00182011,0.00186944,0.0,0.00186944,0.0,0.001869
candidates_i/n3385,candidates_i/U3706/Y,AOI22X1,AND2X2/A,1,0.00179784,0.00179784,0.00176278,0.00176278,0.00179784,0.0,0.00179784,0.0,0.001798
candidates_i/n3387,candidates_i/U3705/Y,AOI22X1,AND2X2/B,1,0.00186944,0.00186944,0.00182011,0.00182011,0.00186944,0.0,0.00186944,0.0,0.001869
candidates_i/n3388,candidates_i/U3704/Y,AOI21X1,AND2X2/A,1,0.00179784,0.00179784,0.00176278,0.00176278,0.00179784,0.0,0.00179784,0.0,0.001798
candidates_i/n3389,candidates_i/U1538/Y,NAND2X1,OR2X2/A,1,0.00230117,0.00229176,0.00230117,0.00229176,0.00230117,0.0,0.00230117,0.0,0.002301
candidates_i/n3390,candidates_i/U3702/Y,NAND3X1,OR2X2/B,1,0.00234214,0.00228252,0.00234214,0.00228252,0.00234214,0.0,0.00234214,0.0,0.002342
candidates_i/n3391,candidates_i/U3713/Y,AOI21X1,AND2X2/B,1,0.00186944,0.00186944,0.00182011,0.00182011,0.00186944,0.0,0.00186944,0.0,0.001869
candidates_i/n3392,candidates_i/U3712/Y,AOI22X1,AND2X2/A,1,0.00179784,0.00179784,0.00176278,0.00176278,0.00179784,0.0,0.00179784,0.0,0.001798
candidates_i/n3394,candidates_i/U3711/Y,AOI22X1,NAND3X1/B,1,0.00283213,0.00283213,0.00259978,0.00259978,0.00283213,0.0,0.00283213,0.0,0.002832
candidates_i/n3395,candidates_i/U3710/Y,AOI22X1,NAND3X1/A,1,0.00254759,0.00254759,0.00220852,0.00220852,0.00254759,0.0,0.00254759,0.0,0.002548
candidates_i/n3398,candidates_i/U3720/Y,AOI22X1,AND2X2/B,1,0.00186944,0.00186944,0.00182011,0.00182011,0.00186944,0.0,0.00186944,0.0,0.001869
candidates_i/n3399,candidates_i/U3719/Y,AOI22X1,AND2X2/A,1,0.00179784,0.00179784,0.00176278,0.00176278,0.00179784,0.0,0.00179784,0.0,0.001798
candidates_i/n3401,candidates_i/U3718/Y,AOI22X1,NAND3X1/A,1,0.00254759,0.00254759,0.00220852,0.00220852,0.00254759,0.0,0.00254759,0.0,0.002548
candidates_i/n3402,candidates_i/U3717/Y,AOI21X1,NAND3X1/C,1,0.00296109,0.00296109,0.0028316,0.0028316,0.00296109,0.0,0.00296109,0.0,0.002961
candidates_i/n3403,candidates_i/U3722/Y,NAND3X1,OR2X2/B,1,0.00234214,0.00228252,0.00234214,0.00228252,0.00234214,0.0,0.00234214,0.0,0.002342
candidates_i/n3404,candidates_i/U3715/Y,NAND3X1,OR2X2/A,1,0.00230117,0.00229176,0.00230117,0.00229176,0.00230117,0.0,0.00230117,0.0,0.002301
candidates_i/n3405,candidates_i/U3724/Y,NAND3X1,AOI21X1/C,1,0.00238603,0.00238603,0.00231224,0.00231224,0.00238603,0.0,0.00238603,0.0,0.002386
candidates_i/n3407,candidates_i/U3672/Y,NOR2X1,AOI21X1/A,1,0.00274129,0.00274129,0.00256559,0.00256559,0.00274129,0.0,0.00274129,0.0,0.002741
candidates_i/n3408,candidates_i/U3729/Y,AOI22X1,AND2X2/B,1,0.00186944,0.00186944,0.00182011,0.00182011,0.00186944,0.0,0.00186944,0.0,0.001869
candidates_i/n3409,candidates_i/U3728/Y,AOI22X1,AND2X2/A,1,0.00179784,0.00179784,0.00176278,0.00176278,0.00179784,0.0,0.00179784,0.0,0.001798
candidates_i/n3411,candidates_i/U3727/Y,AOI22X1,NAND3X1/B,1,0.00283213,0.00283213,0.00259978,0.00259978,0.00283213,0.0,0.00283213,0.0,0.002832
candidates_i/n3412,candidates_i/U3726/Y,AOI22X1,NAND3X1/A,1,0.00254759,0.00254759,0.00220852,0.00220852,0.00254759,0.0,0.00254759,0.0,0.002548
candidates_i/n3413,candidates_i/U3735/Y,AOI22X1,AND2X2/B,1,0.00186944,0.00186944,0.00182011,0.00182011,0.00186944,0.0,0.00186944,0.0,0.001869
candidates_i/n3414,candidates_i/U3734/Y,AOI22X1,AND2X2/A,1,0.00179784,0.00179784,0.00176278,0.00176278,0.00179784,0.0,0.00179784,0.0,0.001798
candidates_i/n3416,candidates_i/U3733/Y,AOI22X1,BUFX2/A,1,0.00153896,0.00153896,0.00150415,0.00150415,0.00153896,0.0,0.00153896,0.0,0.001539
candidates_i/n3417,candidates_i/U3732/Y,AOI21X1,NAND3X1/A,1,0.00254759,0.00254759,0.00220852,0.00220852,0.00254759,0.0,0.00254759,0.0,0.002548
candidates_i/n3418,candidates_i/U3737/Y,NAND3X1,OR2X2/A,1,0.00230117,0.00229176,0.00230117,0.00229176,0.00230117,0.0,0.00230117,0.0,0.002301
candidates_i/n3419,candidates_i/U3731/Y,NAND3X1,OR2X2/B,1,0.00234214,0.00228252,0.00234214,0.00228252,0.00234214,0.0,0.00234214,0.0,0.002342
candidates_i/n3420,candidates_i/U3742/Y,AOI22X1,AND2X2/B,1,0.00186944,0.00186944,0.00182011,0.00182011,0.00186944,0.0,0.00186944,0.0,0.001869
candidates_i/n3421,candidates_i/U3741/Y,AOI22X1,AND2X2/A,1,0.00179784,0.00179784,0.00176278,0.00176278,0.00179784,0.0,0.00179784,0.0,0.001798
candidates_i/n3423,candidates_i/U3740/Y,AOI22X1,NAND3X1/B,1,0.00283213,0.00283213,0.00259978,0.00259978,0.00283213,0.0,0.00283213,0.0,0.002832
candidates_i/n3424,candidates_i/U3739/Y,AOI22X1,NAND3X1/A,1,0.00254759,0.00254759,0.00220852,0.00220852,0.00254759,0.0,0.00254759,0.0,0.002548
candidates_i/n3425,candidates_i/U3745/Y,NAND2X1,AOI21X1/C,1,0.00238603,0.00238603,0.00231224,0.00231224,0.00238603,0.0,0.00238603,0.0,0.002386
candidates_i/n3426,candidates_i/U3749/Y,AOI22X1,AND2X2/A,1,0.00179784,0.00179784,0.00176278,0.00176278,0.00179784,0.0,0.00179784,0.0,0.001798
candidates_i/n3427,candidates_i/U3748/Y,AOI22X1,AND2X2/B,1,0.00186944,0.00186944,0.00182011,0.00182011,0.00186944,0.0,0.00186944,0.0,0.001869
candidates_i/n3429,candidates_i/U3747/Y,AOI22X1,NAND3X1/B,1,0.00283213,0.00283213,0.00259978,0.00259978,0.00283213,0.0,0.00283213,0.0,0.002832
candidates_i/n3430,candidates_i/U3746/Y,AOI21X1,NAND3X1/A,1,0.00254759,0.00254759,0.00220852,0.00220852,0.00254759,0.0,0.00254759,0.0,0.002548
candidates_i/n3431,candidates_i/U3751/Y,NAND3X1,OR2X2/A,1,0.00230117,0.00229176,0.00230117,0.00229176,0.00230117,0.0,0.00230117,0.0,0.002301
candidates_i/n3432,candidates_i/U3744/Y,NAND3X1,OR2X2/B,1,0.00234214,0.00228252,0.00234214,0.00228252,0.00234214,0.0,0.00234214,0.0,0.002342
candidates_i/n3433,candidates_i/U3757/Y,AOI21X1,AND2X2/B,1,0.00186944,0.00186944,0.00182011,0.00182011,0.00186944,0.0,0.00186944,0.0,0.001869
candidates_i/n3434,candidates_i/U3756/Y,AOI22X1,AND2X2/A,1,0.00179784,0.00179784,0.00176278,0.00176278,0.00179784,0.0,0.00179784,0.0,0.001798
candidates_i/n3436,candidates_i/U3755/Y,AOI22X1,NAND3X1/B,1,0.00283213,0.00283213,0.00259978,0.00259978,0.00283213,0.0,0.00283213,0.0,0.002832
candidates_i/n3437,candidates_i/U3754/Y,AOI22X1,NAND3X1/A,1,0.00254759,0.00254759,0.00220852,0.00220852,0.00254759,0.0,0.00254759,0.0,0.002548
candidates_i/n3438,candidates_i/U3763/Y,AOI22X1,AND2X2/B,1,0.00186944,0.00186944,0.00182011,0.00182011,0.00186944,0.0,0.00186944,0.0,0.001869
candidates_i/n3439,candidates_i/U3762/Y,AOI22X1,AND2X2/A,1,0.00179784,0.00179784,0.00176278,0.00176278,0.00179784,0.0,0.00179784,0.0,0.001798
candidates_i/n3441,candidates_i/U3761/Y,AOI22X1,NAND3X1/B,1,0.00283213,0.00283213,0.00259978,0.00259978,0.00283213,0.0,0.00283213,0.0,0.002832
candidates_i/n3442,candidates_i/U3760/Y,AOI22X1,NAND3X1/A,1,0.00254759,0.00254759,0.00220852,0.00220852,0.00254759,0.0,0.00254759,0.0,0.002548
candidates_i/n3443,candidates_i/U3765/Y,NAND3X1,INVX1/A,1,0.00155103,0.00155103,0.00147616,0.00147616,0.00155103,0.0,0.00155103,0.0,0.001551
candidates_i/n3445,candidates_i/U3770/Y,AOI21X1,AND2X2/B,1,0.00186944,0.00186944,0.00182011,0.00182011,0.00186944,0.0,0.00186944,0.0,0.001869
candidates_i/n3446,candidates_i/U3769/Y,AOI22X1,AND2X2/A,1,0.00179784,0.00179784,0.00176278,0.00176278,0.00179784,0.0,0.00179784,0.0,0.001798
candidates_i/n3448,candidates_i/U3768/Y,AOI22X1,INVX1/A,1,0.00155103,0.00155103,0.00147616,0.00147616,0.00155103,0.0,0.00155103,0.0,0.001551
candidates_i/n3449,candidates_i/U3767/Y,AOI22X1,INVX1/A,1,0.00155103,0.00155103,0.00147616,0.00147616,0.00155103,0.0,0.00155103,0.0,0.001551
candidates_i/n3450,candidates_i/U3775/Y,AOI22X1,AND2X2/B,1,0.00186944,0.00186944,0.00182011,0.00182011,0.00186944,0.0,0.00186944,0.0,0.001869
candidates_i/n3451,candidates_i/U3774/Y,AOI22X1,AND2X2/A,1,0.00179784,0.00179784,0.00176278,0.00176278,0.00179784,0.0,0.00179784,0.0,0.001798
candidates_i/n3453,candidates_i/U3773/Y,AOI22X1,NAND3X1/B,1,0.00283213,0.00283213,0.00259978,0.00259978,0.00283213,0.0,0.00283213,0.0,0.002832
candidates_i/n3454,candidates_i/U3772/Y,AOI22X1,NAND3X1/A,1,0.00254759,0.00254759,0.00220852,0.00220852,0.00254759,0.0,0.00254759,0.0,0.002548
candidates_i/n3455,candidates_i/U3777/Y,NAND3X1,INVX1/A,1,0.00155103,0.00155103,0.00147616,0.00147616,0.00155103,0.0,0.00155103,0.0,0.001551
candidates_i/n3457,candidates_i/U3782/Y,AOI22X1,AND2X2/B,1,0.00186944,0.00186944,0.00182011,0.00182011,0.00186944,0.0,0.00186944,0.0,0.001869
candidates_i/n3458,candidates_i/U3781/Y,AOI22X1,AND2X2/A,1,0.00179784,0.00179784,0.00176278,0.00176278,0.00179784,0.0,0.00179784,0.0,0.001798
candidates_i/n3460,candidates_i/U3780/Y,AOI22X1,INVX1/A,1,0.00155103,0.00155103,0.00147616,0.00147616,0.00155103,0.0,0.00155103,0.0,0.001551
candidates_i/n3461,candidates_i/U3779/Y,AOI21X1,INVX1/A,1,0.00155103,0.00155103,0.00147616,0.00147616,0.00155103,0.0,0.00155103,0.0,0.001551
candidates_i/n3462,candidates_i/U3787/Y,AOI22X1,AND2X2/B,1,0.00186944,0.00186944,0.00182011,0.00182011,0.00186944,0.0,0.00186944,0.0,0.001869
candidates_i/n3463,candidates_i/U3786/Y,AOI22X1,AND2X2/A,1,0.00179784,0.00179784,0.00176278,0.00176278,0.00179784,0.0,0.00179784,0.0,0.001798
candidates_i/n3465,candidates_i/U3785/Y,AOI22X1,NAND3X1/B,1,0.00283213,0.00283213,0.00259978,0.00259978,0.00283213,0.0,0.00283213,0.0,0.002832
candidates_i/n3466,candidates_i/U3784/Y,AOI22X1,NAND3X1/A,1,0.00254759,0.00254759,0.00220852,0.00220852,0.00254759,0.0,0.00254759,0.0,0.002548
candidates_i/n3467,candidates_i/U3789/Y,NAND3X1,INVX1/A,1,0.00155103,0.00155103,0.00147616,0.00147616,0.00155103,0.0,0.00155103,0.0,0.001551
candidates_i/n3469,candidates_i/U3794/Y,AOI22X1,AND2X2/B,1,0.00186944,0.00186944,0.00182011,0.00182011,0.00186944,0.0,0.00186944,0.0,0.001869
candidates_i/n3470,candidates_i/U3793/Y,AOI22X1,AND2X2/A,1,0.00179784,0.00179784,0.00176278,0.00176278,0.00179784,0.0,0.00179784,0.0,0.001798
candidates_i/n3472,candidates_i/U3792/Y,AOI22X1,NAND3X1/B,1,0.00283213,0.00283213,0.00259978,0.00259978,0.00283213,0.0,0.00283213,0.0,0.002832
candidates_i/n3473,candidates_i/U3791/Y,AOI22X1,NAND3X1/A,1,0.00254759,0.00254759,0.00220852,0.00220852,0.00254759,0.0,0.00254759,0.0,0.002548
candidates_i/n3474,candidates_i/U3800/Y,AOI22X1,AND2X2/B,1,0.00186944,0.00186944,0.00182011,0.00182011,0.00186944,0.0,0.00186944,0.0,0.001869
candidates_i/n3475,candidates_i/U3799/Y,AOI22X1,AND2X2/A,1,0.00179784,0.00179784,0.00176278,0.00176278,0.00179784,0.0,0.00179784,0.0,0.001798
candidates_i/n3477,candidates_i/U3798/Y,AOI22X1,NAND3X1/B,1,0.00283213,0.00283213,0.00259978,0.00259978,0.00283213,0.0,0.00283213,0.0,0.002832
candidates_i/n3478,candidates_i/U3797/Y,AOI21X1,NAND3X1/A,1,0.00254759,0.00254759,0.00220852,0.00220852,0.00254759,0.0,0.00254759,0.0,0.002548
candidates_i/n3481,candidates_i/U3807/Y,AOI22X1,AND2X2/B,1,0.00186944,0.00186944,0.00182011,0.00182011,0.00186944,0.0,0.00186944,0.0,0.001869
candidates_i/n3482,candidates_i/U3806/Y,AOI22X1,AND2X2/A,1,0.00179784,0.00179784,0.00176278,0.00176278,0.00179784,0.0,0.00179784,0.0,0.001798
candidates_i/n3484,candidates_i/U3805/Y,AOI22X1,NAND3X1/B,1,0.00283213,0.00283213,0.00259978,0.00259978,0.00283213,0.0,0.00283213,0.0,0.002832
candidates_i/n3485,candidates_i/U3804/Y,AOI22X1,BUFX2/A,1,0.00153896,0.00153896,0.00150415,0.00150415,0.00153896,0.0,0.00153896,0.0,0.001539
candidates_i/n3486,candidates_i/U3810/Y,NAND2X1,AOI21X1/C,1,0.00238603,0.00238603,0.00231224,0.00231224,0.00238603,0.0,0.00238603,0.0,0.002386
candidates_i/n3487,candidates_i/U3814/Y,AOI22X1,AND2X2/B,1,0.00186944,0.00186944,0.00182011,0.00182011,0.00186944,0.0,0.00186944,0.0,0.001869
candidates_i/n3488,candidates_i/U3813/Y,AOI22X1,AND2X2/A,1,0.00179784,0.00179784,0.00176278,0.00176278,0.00179784,0.0,0.00179784,0.0,0.001798
candidates_i/n3490,candidates_i/U3812/Y,AOI22X1,NAND3X1/B,1,0.00283213,0.00283213,0.00259978,0.00259978,0.00283213,0.0,0.00283213,0.0,0.002832
candidates_i/n3491,candidates_i/U3811/Y,AOI21X1,NAND3X1/A,1,0.00254759,0.00254759,0.00220852,0.00220852,0.00254759,0.0,0.00254759,0.0,0.002548
candidates_i/n3492,candidates_i/U3816/Y,NAND3X1,OR2X2/B,1,0.00234214,0.00228252,0.00234214,0.00228252,0.00234214,0.0,0.00234214,0.0,0.002342
candidates_i/n3493,candidates_i/U3809/Y,NAND3X1,OR2X2/A,1,0.00230117,0.00229176,0.00230117,0.00229176,0.00230117,0.0,0.00230117,0.0,0.002301
candidates_i/n3494,candidates_i/U3821/Y,AOI22X1,AND2X2/B,1,0.00186944,0.00186944,0.00182011,0.00182011,0.00186944,0.0,0.00186944,0.0,0.001869
candidates_i/n3495,candidates_i/U3820/Y,AOI22X1,AND2X2/A,1,0.00179784,0.00179784,0.00176278,0.00176278,0.00179784,0.0,0.00179784,0.0,0.001798
candidates_i/n3497,candidates_i/U3819/Y,AOI22X1,NAND3X1/B,1,0.00283213,0.00283213,0.00259978,0.00259978,0.00283213,0.0,0.00283213,0.0,0.002832
candidates_i/n3498,candidates_i/U3818/Y,AOI22X1,NAND3X1/A,1,0.00254759,0.00254759,0.00220852,0.00220852,0.00254759,0.0,0.00254759,0.0,0.002548
candidates_i/n3499,candidates_i/U3824/Y,NAND2X1,AOI21X1/C,1,0.00238603,0.00238603,0.00231224,0.00231224,0.00238603,0.0,0.00238603,0.0,0.002386
candidates_i/n3500,candidates_i/U3828/Y,AOI22X1,AND2X2/B,1,0.00186944,0.00186944,0.00182011,0.00182011,0.00186944,0.0,0.00186944,0.0,0.001869
candidates_i/n3501,candidates_i/U3827/Y,AOI22X1,AND2X2/A,1,0.00179784,0.00179784,0.00176278,0.00176278,0.00179784,0.0,0.00179784,0.0,0.001798
candidates_i/n3503,candidates_i/U3826/Y,AOI22X1,NAND3X1/B,1,0.00283213,0.00283213,0.00259978,0.00259978,0.00283213,0.0,0.00283213,0.0,0.002832
candidates_i/n3504,candidates_i/U3825/Y,AOI21X1,NAND3X1/A,1,0.00254759,0.00254759,0.00220852,0.00220852,0.00254759,0.0,0.00254759,0.0,0.002548
candidates_i/n3505,candidates_i/U3830/Y,NAND3X1,OR2X2/B,1,0.00234214,0.00228252,0.00234214,0.00228252,0.00234214,0.0,0.00234214,0.0,0.002342
candidates_i/n3506,candidates_i/U3823/Y,NAND3X1,OR2X2/A,1,0.00230117,0.00229176,0.00230117,0.00229176,0.00230117,0.0,0.00230117,0.0,0.002301
candidates_i/n3507,candidates_i/U3836/Y,AOI22X1,AND2X2/B,1,0.00186944,0.00186944,0.00182011,0.00182011,0.00186944,0.0,0.00186944,0.0,0.001869
candidates_i/n3508,candidates_i/U3835/Y,AOI22X1,AND2X2/A,1,0.00179784,0.00179784,0.00176278,0.00176278,0.00179784,0.0,0.00179784,0.0,0.001798
candidates_i/n3510,candidates_i/U3834/Y,AOI22X1,NAND3X1/B,1,0.00283213,0.00283213,0.00259978,0.00259978,0.00283213,0.0,0.00283213,0.0,0.002832
candidates_i/n3511,candidates_i/U3833/Y,AOI22X1,NAND3X1/A,1,0.00254759,0.00254759,0.00220852,0.00220852,0.00254759,0.0,0.00254759,0.0,0.002548
candidates_i/n3512,candidates_i/U3839/Y,NAND2X1,AOI21X1/C,1,0.00238603,0.00238603,0.00231224,0.00231224,0.00238603,0.0,0.00238603,0.0,0.002386
candidates_i/n3513,candidates_i/U3843/Y,AOI22X1,AND2X2/B,1,0.00186944,0.00186944,0.00182011,0.00182011,0.00186944,0.0,0.00186944,0.0,0.001869
candidates_i/n3514,candidates_i/U3842/Y,AOI22X1,AND2X2/A,1,0.00179784,0.00179784,0.00176278,0.00176278,0.00179784,0.0,0.00179784,0.0,0.001798
candidates_i/n3516,candidates_i/U3841/Y,AOI22X1,NAND3X1/B,1,0.00283213,0.00283213,0.00259978,0.00259978,0.00283213,0.0,0.00283213,0.0,0.002832
candidates_i/n3517,candidates_i/U3840/Y,AOI21X1,NAND3X1/A,1,0.00254759,0.00254759,0.00220852,0.00220852,0.00254759,0.0,0.00254759,0.0,0.002548
candidates_i/n3518,candidates_i/U3845/Y,NAND3X1,OR2X2/B,1,0.00234214,0.00228252,0.00234214,0.00228252,0.00234214,0.0,0.00234214,0.0,0.002342
candidates_i/n3519,candidates_i/U3838/Y,NAND3X1,OR2X2/A,1,0.00230117,0.00229176,0.00230117,0.00229176,0.00230117,0.0,0.00230117,0.0,0.002301
candidates_i/n3520,candidates_i/U3850/Y,AOI22X1,AND2X2/B,1,0.00186944,0.00186944,0.00182011,0.00182011,0.00186944,0.0,0.00186944,0.0,0.001869
candidates_i/n3521,candidates_i/U3849/Y,AOI22X1,AND2X2/A,1,0.00179784,0.00179784,0.00176278,0.00176278,0.00179784,0.0,0.00179784,0.0,0.001798
candidates_i/n3523,candidates_i/U3848/Y,AOI22X1,NAND3X1/B,1,0.00283213,0.00283213,0.00259978,0.00259978,0.00283213,0.0,0.00283213,0.0,0.002832
candidates_i/n3524,candidates_i/U3847/Y,AOI22X1,NAND3X1/A,1,0.00254759,0.00254759,0.00220852,0.00220852,0.00254759,0.0,0.00254759,0.0,0.002548
candidates_i/n3526,candidates_i/U3856/Y,AOI22X1,AND2X2/B,1,0.00186944,0.00186944,0.00182011,0.00182011,0.00186944,0.0,0.00186944,0.0,0.001869
candidates_i/n3527,candidates_i/U3855/Y,AOI22X1,AND2X2/A,1,0.00179784,0.00179784,0.00176278,0.00176278,0.00179784,0.0,0.00179784,0.0,0.001798
candidates_i/n3529,candidates_i/U3854/Y,AOI22X1,BUFX2/A,1,0.00153896,0.00153896,0.00150415,0.00150415,0.00153896,0.0,0.00153896,0.0,0.001539
candidates_i/n3530,candidates_i/U3853/Y,AOI21X1,BUFX2/A,1,0.00153896,0.00153896,0.00150415,0.00150415,0.00153896,0.0,0.00153896,0.0,0.001539
candidates_i/n3531,candidates_i/U3858/Y,NAND3X1,OR2X2/B,1,0.00234214,0.00228252,0.00234214,0.00228252,0.00234214,0.0,0.00234214,0.0,0.002342
candidates_i/n3532,candidates_i/U3852/Y,NAND3X1,OR2X2/A,1,0.00230117,0.00229176,0.00230117,0.00229176,0.00230117,0.0,0.00230117,0.0,0.002301
candidates_i/n3533,candidates_i/U3832/Y,NAND2X1,NOR3X1/C,1,0.00328822,0.00328822,0.00322576,0.00322576,0.00328822,0.0,0.00328822,0.0,0.003288
candidates_i/n3535,candidates_i/U998/Y,NOR2X1,AND2X2/A,1,0.00179784,0.00179784,0.00176278,0.00176278,0.00179784,0.0,0.00179784,0.0,0.001798
candidates_i/n3539,candidates_i/U3864/Y,AOI22X1,AND2X2/B,1,0.00186944,0.00186944,0.00182011,0.00182011,0.00186944,0.0,0.00186944,0.0,0.001869
candidates_i/n3540,candidates_i/U3863/Y,AOI22X1,AND2X2/A,1,0.00179784,0.00179784,0.00176278,0.00176278,0.00179784,0.0,0.00179784,0.0,0.001798
candidates_i/n3542,candidates_i/U3862/Y,AOI22X1,NAND3X1/B,1,0.00283213,0.00283213,0.00259978,0.00259978,0.00283213,0.0,0.00283213,0.0,0.002832
candidates_i/n3543,candidates_i/U3861/Y,AOI22X1,NAND3X1/A,1,0.00254759,0.00254759,0.00220852,0.00220852,0.00254759,0.0,0.00254759,0.0,0.002548
candidates_i/n3544,candidates_i/U3867/Y,NAND2X1,AOI21X1/C,1,0.00238603,0.00238603,0.00231224,0.00231224,0.00238603,0.0,0.00238603,0.0,0.002386
candidates_i/n3547,candidates_i/U3871/Y,AOI22X1,AND2X2/B,1,0.00186944,0.00186944,0.00182011,0.00182011,0.00186944,0.0,0.00186944,0.0,0.001869
candidates_i/n3548,candidates_i/U3870/Y,AOI22X1,AND2X2/A,1,0.00179784,0.00179784,0.00176278,0.00176278,0.00179784,0.0,0.00179784,0.0,0.001798
candidates_i/n3550,candidates_i/U3869/Y,AOI22X1,NAND3X1/B,1,0.00283213,0.00283213,0.00259978,0.00259978,0.00283213,0.0,0.00283213,0.0,0.002832
candidates_i/n3551,candidates_i/U3868/Y,AOI21X1,NAND3X1/A,1,0.00254759,0.00254759,0.00220852,0.00220852,0.00254759,0.0,0.00254759,0.0,0.002548
candidates_i/n3552,candidates_i/U3873/Y,NAND3X1,OR2X2/B,1,0.00234214,0.00228252,0.00234214,0.00228252,0.00234214,0.0,0.00234214,0.0,0.002342
candidates_i/n3553,candidates_i/U3866/Y,NAND3X1,OR2X2/A,1,0.00230117,0.00229176,0.00230117,0.00229176,0.00230117,0.0,0.00230117,0.0,0.002301
candidates_i/n3559,candidates_i/U3877/Y,AOI22X1,NAND3X1/C,1,0.00296109,0.00296109,0.0028316,0.0028316,0.00296109,0.0,0.00296109,0.0,0.002961
candidates_i/n3560,candidates_i/U3876/Y,AOI22X1,NAND3X1/B,1,0.00283213,0.00283213,0.00259978,0.00259978,0.00283213,0.0,0.00283213,0.0,0.002832
candidates_i/n3561,candidates_i/U3875/Y,AOI22X1,BUFX2/A,1,0.00153896,0.00153896,0.00150415,0.00150415,0.00153896,0.0,0.00153896,0.0,0.001539
candidates_i/n3562,candidates_i/U3878/Y,NAND3X1,INVX1/A,1,0.00155103,0.00155103,0.00147616,0.00147616,0.00155103,0.0,0.00155103,0.0,0.001551
candidates_i/n3565,candidates_i/U3880/Y,NAND2X1,NAND2X1/B,1,0.00202749,0.00202749,0.00194421,0.00194421,0.00202749,0.0,0.00202749,0.0,0.002027
candidates_i/n3566,candidates_i/U3879/Y,NAND2X1,NAND2X1/A,1,0.00211057,0.00211057,0.00188435,0.00188435,0.00211057,0.0,0.00211057,0.0,0.002111
candidates_i/n3570,candidates_i/U3884/Y,NAND2X1,NAND3X1/C,1,0.00296109,0.00296109,0.0028316,0.0028316,0.00296109,0.0,0.00296109,0.0,0.002961
candidates_i/n3571,candidates_i/U3883/Y,NAND2X1,NAND3X1/B,1,0.00283213,0.00283213,0.00259978,0.00259978,0.00283213,0.0,0.00283213,0.0,0.002832
candidates_i/n3572,candidates_i/U3882/Y,NAND2X1,NAND3X1/A,1,0.00254759,0.00254759,0.00220852,0.00220852,0.00254759,0.0,0.00254759,0.0,0.002548
candidates_i/n3573,candidates_i/U3885/Y,NAND3X1,NOR2X1/B,1,0.00236501,0.00236501,0.00229711,0.00229711,0.00236501,0.0,0.00236501,0.0,0.002365
candidates_i/n3574,candidates_i/U3881/Y,NAND2X1,NOR2X1/A,1,0.00224248,0.00224248,0.00220861,0.00220861,0.00224248,0.0,0.00224248,0.0,0.002242
candidates_i/n3575,candidates_i/U3886/Y,NOR2X1,NAND3X1/B,1,0.00283213,0.00283213,0.00259978,0.00259978,0.00283213,0.0,0.00283213,0.0,0.002832
candidates_i/n3577,candidates_i/U3651/Y,NOR2X1,NAND3X1/A,1,0.00254759,0.00254759,0.00220852,0.00220852,0.00254759,0.0,0.00254759,0.0,0.002548
candidates_i/n3578,candidates_i/U3887/Y,NAND3X1,OAI21X1/C,1,0.00200991,0.00200991,0.0019239,0.0019239,0.00200991,0.0,0.00200991,0.0,0.00201
candidates_i/n3579,candidates_i/U1655/Y,NAND2X1,OAI21X1/B,1,0.00283226,0.00283226,0.00263248,0.00263248,0.00283226,0.0,0.00283226,0.0,0.002832
candidates_i/n3580,candidates_i/U3375/Y,NAND3X1,OAI21X1/A,1,0.00274222,0.00274222,0.00257258,0.00257258,0.00274222,0.0,0.00274222,0.0,0.002742
candidates_i/n3589,candidates_i/U3893/Y,AOI22X1,AND2X2/A,1,0.00179784,0.00179784,0.00176278,0.00176278,0.00179784,0.0,0.00179784,0.0,0.001798
candidates_i/n3590,candidates_i/U3892/Y,AOI22X1,AND2X2/B,1,0.00186944,0.00186944,0.00182011,0.00182011,0.00186944,0.0,0.00186944,0.0,0.001869
candidates_i/n3592,candidates_i/U3891/Y,AOI22X1,NAND3X1/A,1,0.00254759,0.00254759,0.00220852,0.00220852,0.00254759,0.0,0.00254759,0.0,0.002548
candidates_i/n3593,candidates_i/U3890/Y,AOI22X1,NAND3X1/B,1,0.00283213,0.00283213,0.00259978,0.00259978,0.00283213,0.0,0.00283213,0.0,0.002832
candidates_i/n3600,candidates_i/U3899/Y,AOI22X1,AND2X2/A,1,0.00179784,0.00179784,0.00176278,0.00176278,0.00179784,0.0,0.00179784,0.0,0.001798
candidates_i/n3601,candidates_i/U3898/Y,AOI22X1,AND2X2/B,1,0.00186944,0.00186944,0.00182011,0.00182011,0.00186944,0.0,0.00186944,0.0,0.001869
candidates_i/n3603,candidates_i/U3897/Y,AOI22X1,NAND3X1/B,1,0.00283213,0.00283213,0.00259978,0.00259978,0.00283213,0.0,0.00283213,0.0,0.002832
candidates_i/n3604,candidates_i/U3896/Y,AOI22X1,NAND3X1/A,1,0.00254759,0.00254759,0.00220852,0.00220852,0.00254759,0.0,0.00254759,0.0,0.002548
candidates_i/n3605,candidates_i/U3901/Y,NAND3X1,NOR2X1/B,1,0.00236501,0.00236501,0.00229711,0.00229711,0.00236501,0.0,0.00236501,0.0,0.002365
candidates_i/n3606,candidates_i/U3895/Y,NAND3X1,NOR2X1/A,1,0.00224248,0.00224248,0.00220861,0.00220861,0.00224248,0.0,0.00224248,0.0,0.002242
candidates_i/n3608,candidates_i/U3902/Y,AOI21X1,AND2X2/A,1,0.00179784,0.00179784,0.00176278,0.00176278,0.00179784,0.0,0.00179784,0.0,0.001798
candidates_i/n3611,candidates_i/U3904/Y,AOI21X1,AND2X2/B,1,0.00186944,0.00186944,0.00182011,0.00182011,0.00186944,0.0,0.00186944,0.0,0.001869
candidates_i/n3613,candidates_i/U3905/Y,AOI21X1,NAND2X1/A,1,0.00211057,0.00211057,0.00188435,0.00188435,0.00211057,0.0,0.00211057,0.0,0.002111
candidates_i/n3616,candidates_i/U3907/Y,AOI21X1,NAND2X1/A,1,0.00211057,0.00211057,0.00188435,0.00188435,0.00211057,0.0,0.00211057,0.0,0.002111
candidates_i/n3619,candidates_i/U3908/Y,AOI21X1,NAND2X1/B,1,0.00202749,0.00202749,0.00194421,0.00194421,0.00202749,0.0,0.00202749,0.0,0.002027
candidates_i/n3622,candidates_i/U3910/Y,AOI21X1,AND2X2/B,1,0.00186944,0.00186944,0.00182011,0.00182011,0.00186944,0.0,0.00186944,0.0,0.001869
candidates_i/n3625,candidates_i/U3912/Y,AOI21X1,AND2X2/A,1,0.00179784,0.00179784,0.00176278,0.00176278,0.00179784,0.0,0.00179784,0.0,0.001798
candidates_i/n3627,candidates_i/U3915/Y,NAND2X1,INVX1/A,1,0.00155103,0.00155103,0.00147616,0.00147616,0.00155103,0.0,0.00155103,0.0,0.001551
candidates_i/n3628,candidates_i/U2754/Y,NAND2X1,INVX1/A,1,0.00155103,0.00155103,0.00147616,0.00147616,0.00155103,0.0,0.00155103,0.0,0.001551
candidates_i/n3629,candidates_i/U3916/Y,NAND2X1,NAND3X1/C,1,0.00296109,0.00296109,0.0028316,0.0028316,0.00296109,0.0,0.00296109,0.0,0.002961
candidates_i/n3630,candidates_i/U761/Y,NOR2X1,AND2X2/A,1,0.00179784,0.00179784,0.00176278,0.00176278,0.00179784,0.0,0.00179784,0.0,0.001798
candidates_i/n3631,candidates_i/U3914/Y,AOI22X1,AND2X2/B,1,0.00186944,0.00186944,0.00182011,0.00182011,0.00186944,0.0,0.00186944,0.0,0.001869
candidates_i/n3633,candidates_i/U3909/Y,AOI22X1,AND2X2/B,1,0.00186944,0.00186944,0.00182011,0.00182011,0.00186944,0.0,0.00186944,0.0,0.001869
candidates_i/n3634,candidates_i/U3906/Y,AOI21X1,AND2X2/A,1,0.00179784,0.00179784,0.00176278,0.00176278,0.00179784,0.0,0.00179784,0.0,0.001798
candidates_i/n3635,candidates_i/U3919/Y,NAND2X1,NAND2X1/B,1,0.00202749,0.00202749,0.00194421,0.00194421,0.00202749,0.0,0.00202749,0.0,0.002027
candidates_i/n3638,candidates_i/U3920/Y,AOI21X1,AND2X2/A,1,0.00179784,0.00179784,0.00176278,0.00176278,0.00179784,0.0,0.00179784,0.0,0.001798
candidates_i/n364,candidates_i/U636/Y,NOR2X1,AND2X2/B;BUFX2/A,2,0.0034084,0.0034084,0.00332426,0.00332426,0.0034084,0.0,0.0034084,0.0,0.003408
candidates_i/n3640,candidates_i/U3922/Y,NAND2X1,NAND3X1/C,1,0.00296109,0.00296109,0.0028316,0.0028316,0.00296109,0.0,0.00296109,0.0,0.002961
candidates_i/n3642,candidates_i/U3925/Y,NAND2X1,NAND2X1/B,1,0.00202749,0.00202749,0.00194421,0.00194421,0.00202749,0.0,0.00202749,0.0,0.002027
candidates_i/n3643,candidates_i/U3927/Y,NAND2X1,NAND3X1/C,1,0.00296109,0.00296109,0.0028316,0.0028316,0.00296109,0.0,0.00296109,0.0,0.002961
candidates_i/n3646,candidates_i/U3930/Y,AOI21X1,AND2X2/A,1,0.00179784,0.00179784,0.00176278,0.00176278,0.00179784,0.0,0.00179784,0.0,0.001798
candidates_i/n3649,candidates_i/U3931/Y,AOI21X1,NAND2X1/A,1,0.00211057,0.00211057,0.00188435,0.00188435,0.00211057,0.0,0.00211057,0.0,0.002111
candidates_i/n3650,candidates_i/U3932/Y,AOI22X1,AND2X2/B,1,0.00186944,0.00186944,0.00182011,0.00182011,0.00186944,0.0,0.00186944,0.0,0.001869
candidates_i/n3651,candidates_i/U3929/Y,AOI22X1,AND2X2/A,1,0.00179784,0.00179784,0.00176278,0.00176278,0.00179784,0.0,0.00179784,0.0,0.001798
candidates_i/n3653,candidates_i/U3926/Y,AOI22X1,NAND3X1/B,1,0.00283213,0.00283213,0.00259978,0.00259978,0.00283213,0.0,0.00283213,0.0,0.002832
candidates_i/n3654,candidates_i/U3924/Y,AOI22X1,NAND3X1/A,1,0.00254759,0.00254759,0.00220852,0.00220852,0.00254759,0.0,0.00254759,0.0,0.002548
candidates_i/n3655,candidates_i/U3934/Y,NAND3X1,INVX1/A,1,0.00155103,0.00155103,0.00147616,0.00147616,0.00155103,0.0,0.00155103,0.0,0.001551
candidates_i/n3657,candidates_i/U3939/Y,AOI22X1,AND2X2/B,1,0.00186944,0.00186944,0.00182011,0.00182011,0.00186944,0.0,0.00186944,0.0,0.001869
candidates_i/n3658,candidates_i/U3938/Y,AOI22X1,AND2X2/A,1,0.00179784,0.00179784,0.00176278,0.00176278,0.00179784,0.0,0.00179784,0.0,0.001798
candidates_i/n3660,candidates_i/U3937/Y,AOI22X1,NAND3X1/B,1,0.00283213,0.00283213,0.00259978,0.00259978,0.00283213,0.0,0.00283213,0.0,0.002832
candidates_i/n3661,candidates_i/U3936/Y,AOI21X1,NAND3X1/A,1,0.00254759,0.00254759,0.00220852,0.00220852,0.00254759,0.0,0.00254759,0.0,0.002548
candidates_i/n3662,candidates_i/U3941/Y,NAND3X1,INVX1/A,1,0.00155103,0.00155103,0.00147616,0.00147616,0.00155103,0.0,0.00155103,0.0,0.001551
candidates_i/n3663,candidates_i/U3945/Y,AOI22X1,NAND2X1/B,1,0.00202749,0.00202749,0.00194421,0.00194421,0.00202749,0.0,0.00202749,0.0,0.002027
candidates_i/n3664,candidates_i/U3944/Y,AOI22X1,NAND2X1/A,1,0.00211057,0.00211057,0.00188435,0.00188435,0.00211057,0.0,0.00211057,0.0,0.002111
candidates_i/n3665,candidates_i/U3943/Y,AOI22X1,BUFX2/A,1,0.00153896,0.00153896,0.00150415,0.00150415,0.00153896,0.0,0.00153896,0.0,0.001539
candidates_i/n3666,candidates_i/U3942/Y,AOI22X1,INVX1/A,1,0.00155103,0.00155103,0.00147616,0.00147616,0.00155103,0.0,0.00155103,0.0,0.001551
candidates_i/n3667,candidates_i/U3935/Y,NAND3X1,NAND2X1/A,1,0.00211057,0.00211057,0.00188435,0.00188435,0.00211057,0.0,0.00211057,0.0,0.002111
candidates_i/n3668,candidates_i/U3951/Y,AOI22X1,AND2X2/B,1,0.00186944,0.00186944,0.00182011,0.00182011,0.00186944,0.0,0.00186944,0.0,0.001869
candidates_i/n3669,candidates_i/U3950/Y,AOI22X1,AND2X2/A,1,0.00179784,0.00179784,0.00176278,0.00176278,0.00179784,0.0,0.00179784,0.0,0.001798
candidates_i/n3671,candidates_i/U3949/Y,AOI22X1,NAND3X1/B,1,0.00283213,0.00283213,0.00259978,0.00259978,0.00283213,0.0,0.00283213,0.0,0.002832
candidates_i/n3672,candidates_i/U3948/Y,AOI22X1,NAND3X1/A,1,0.00254759,0.00254759,0.00220852,0.00220852,0.00254759,0.0,0.00254759,0.0,0.002548
candidates_i/n3674,candidates_i/U3954/Y,NAND2X1,AOI21X1/C,1,0.00238603,0.00238603,0.00231224,0.00231224,0.00238603,0.0,0.00238603,0.0,0.002386
candidates_i/n3675,candidates_i/U3958/Y,AOI22X1,AND2X2/B,1,0.00186944,0.00186944,0.00182011,0.00182011,0.00186944,0.0,0.00186944,0.0,0.001869
candidates_i/n3676,candidates_i/U3957/Y,AOI22X1,AND2X2/A,1,0.00179784,0.00179784,0.00176278,0.00176278,0.00179784,0.0,0.00179784,0.0,0.001798
candidates_i/n3678,candidates_i/U3956/Y,AOI22X1,NAND3X1/B,1,0.00283213,0.00283213,0.00259978,0.00259978,0.00283213,0.0,0.00283213,0.0,0.002832
candidates_i/n3679,candidates_i/U3955/Y,AOI21X1,NAND3X1/A,1,0.00254759,0.00254759,0.00220852,0.00220852,0.00254759,0.0,0.00254759,0.0,0.002548
candidates_i/n3680,candidates_i/U3960/Y,NAND3X1,OR2X2/B,1,0.00234214,0.00228252,0.00234214,0.00228252,0.00234214,0.0,0.00234214,0.0,0.002342
candidates_i/n3681,candidates_i/U3953/Y,NAND3X1,OR2X2/A,1,0.00230117,0.00229176,0.00230117,0.00229176,0.00230117,0.0,0.00230117,0.0,0.002301
candidates_i/n3682,candidates_i/U3965/Y,AOI22X1,AND2X2/B,1,0.00186944,0.00186944,0.00182011,0.00182011,0.00186944,0.0,0.00186944,0.0,0.001869
candidates_i/n3683,candidates_i/U3964/Y,AOI22X1,AND2X2/A,1,0.00179784,0.00179784,0.00176278,0.00176278,0.00179784,0.0,0.00179784,0.0,0.001798
candidates_i/n3685,candidates_i/U3963/Y,AOI22X1,NAND3X1/B,1,0.00283213,0.00283213,0.00259978,0.00259978,0.00283213,0.0,0.00283213,0.0,0.002832
candidates_i/n3686,candidates_i/U3962/Y,AOI22X1,NAND3X1/A,1,0.00254759,0.00254759,0.00220852,0.00220852,0.00254759,0.0,0.00254759,0.0,0.002548
candidates_i/n3688,candidates_i/U3968/Y,NAND2X1,AOI21X1/C,1,0.00238603,0.00238603,0.00231224,0.00231224,0.00238603,0.0,0.00238603,0.0,0.002386
candidates_i/n3689,candidates_i/U3972/Y,AOI22X1,AND2X2/B,1,0.00186944,0.00186944,0.00182011,0.00182011,0.00186944,0.0,0.00186944,0.0,0.001869
candidates_i/n3690,candidates_i/U3971/Y,AOI22X1,AND2X2/A,1,0.00179784,0.00179784,0.00176278,0.00176278,0.00179784,0.0,0.00179784,0.0,0.001798
candidates_i/n3692,candidates_i/U3970/Y,AOI22X1,NAND3X1/B,1,0.00283213,0.00283213,0.00259978,0.00259978,0.00283213,0.0,0.00283213,0.0,0.002832
candidates_i/n3693,candidates_i/U3969/Y,AOI21X1,NAND3X1/A,1,0.00254759,0.00254759,0.00220852,0.00220852,0.00254759,0.0,0.00254759,0.0,0.002548
candidates_i/n3694,candidates_i/U3974/Y,NAND3X1,OR2X2/B,1,0.00234214,0.00228252,0.00234214,0.00228252,0.00234214,0.0,0.00234214,0.0,0.002342
candidates_i/n3695,candidates_i/U3967/Y,NAND3X1,OR2X2/A,1,0.00230117,0.00229176,0.00230117,0.00229176,0.00230117,0.0,0.00230117,0.0,0.002301
candidates_i/n3696,candidates_i/U3947/Y,NAND2X1,NOR3X1/A,1,0.00302113,0.00302113,0.00301081,0.00301081,0.00302113,0.0,0.00302113,0.0,0.003021
candidates_i/n3697,candidates_i/U717/Y,NOR2X1,NAND2X1/B,1,0.00202749,0.00202749,0.00194421,0.00194421,0.00202749,0.0,0.00202749,0.0,0.002027
candidates_i/n3698,candidates_i/U3979/Y,AOI22X1,NAND2X1/A,1,0.00211057,0.00211057,0.00188435,0.00188435,0.00211057,0.0,0.00211057,0.0,0.002111
candidates_i/n3699,candidates_i/U3978/Y,AOI22X1,INVX1/A,1,0.00155103,0.00155103,0.00147616,0.00147616,0.00155103,0.0,0.00155103,0.0,0.001551
candidates_i/n3700,candidates_i/U3977/Y,AOI21X1,BUFX2/A,1,0.00153896,0.00153896,0.00150415,0.00150415,0.00153896,0.0,0.00153896,0.0,0.001539
candidates_i/n3701,candidates_i/U3983/Y,AOI22X1,NAND2X1/B,1,0.00202749,0.00202749,0.00194421,0.00194421,0.00202749,0.0,0.00202749,0.0,0.002027
candidates_i/n3702,candidates_i/U3982/Y,AOI22X1,NAND2X1/A,1,0.00211057,0.00211057,0.00188435,0.00188435,0.00211057,0.0,0.00211057,0.0,0.002111
candidates_i/n3703,candidates_i/U3981/Y,AOI22X1,BUFX2/A,1,0.00153896,0.00153896,0.00150415,0.00150415,0.00153896,0.0,0.00153896,0.0,0.001539
candidates_i/n3704,candidates_i/U3980/Y,AOI22X1,INVX1/A,1,0.00155103,0.00155103,0.00147616,0.00147616,0.00155103,0.0,0.00155103,0.0,0.001551
candidates_i/n3705,candidates_i/U3988/Y,AOI22X1,AND2X2/B,1,0.00186944,0.00186944,0.00182011,0.00182011,0.00186944,0.0,0.00186944,0.0,0.001869
candidates_i/n3706,candidates_i/U3987/Y,AOI22X1,AND2X2/A,1,0.00179784,0.00179784,0.00176278,0.00176278,0.00179784,0.0,0.00179784,0.0,0.001798
candidates_i/n3708,candidates_i/U3986/Y,AOI22X1,NAND3X1/A,1,0.00254759,0.00254759,0.00220852,0.00220852,0.00254759,0.0,0.00254759,0.0,0.002548
candidates_i/n3709,candidates_i/U3985/Y,AOI22X1,NAND3X1/B,1,0.00283213,0.00283213,0.00259978,0.00259978,0.00283213,0.0,0.00283213,0.0,0.002832
candidates_i/n3711,candidates_i/U3991/Y,NAND2X1,AOI21X1/C,1,0.00238603,0.00238603,0.00231224,0.00231224,0.00238603,0.0,0.00238603,0.0,0.002386
candidates_i/n3712,candidates_i/U3995/Y,AOI22X1,AND2X2/A,1,0.00179784,0.00179784,0.00176278,0.00176278,0.00179784,0.0,0.00179784,0.0,0.001798
candidates_i/n3713,candidates_i/U3994/Y,AOI22X1,AND2X2/B,1,0.00186944,0.00186944,0.00182011,0.00182011,0.00186944,0.0,0.00186944,0.0,0.001869
candidates_i/n3715,candidates_i/U3993/Y,AOI22X1,NAND3X1/B,1,0.00283213,0.00283213,0.00259978,0.00259978,0.00283213,0.0,0.00283213,0.0,0.002832
candidates_i/n3716,candidates_i/U3992/Y,AOI21X1,NAND3X1/A,1,0.00254759,0.00254759,0.00220852,0.00220852,0.00254759,0.0,0.00254759,0.0,0.002548
candidates_i/n3717,candidates_i/U3997/Y,NAND3X1,OR2X2/B,1,0.00234214,0.00228252,0.00234214,0.00228252,0.00234214,0.0,0.00234214,0.0,0.002342
candidates_i/n3718,candidates_i/U3990/Y,NAND3X1,OR2X2/A,1,0.00230117,0.00229176,0.00230117,0.00229176,0.00230117,0.0,0.00230117,0.0,0.002301
candidates_i/n3719,candidates_i/U4002/Y,AOI22X1,AND2X2/B,1,0.00186944,0.00186944,0.00182011,0.00182011,0.00186944,0.0,0.00186944,0.0,0.001869
candidates_i/n3720,candidates_i/U4001/Y,AOI22X1,AND2X2/A,1,0.00179784,0.00179784,0.00176278,0.00176278,0.00179784,0.0,0.00179784,0.0,0.001798
candidates_i/n3722,candidates_i/U4000/Y,AOI22X1,NAND3X1/B,1,0.00283213,0.00283213,0.00259978,0.00259978,0.00283213,0.0,0.00283213,0.0,0.002832
candidates_i/n3723,candidates_i/U3999/Y,AOI22X1,NAND3X1/A,1,0.00254759,0.00254759,0.00220852,0.00220852,0.00254759,0.0,0.00254759,0.0,0.002548
candidates_i/n3725,candidates_i/U4005/Y,NAND2X1,AOI21X1/C,1,0.00238603,0.00238603,0.00231224,0.00231224,0.00238603,0.0,0.00238603,0.0,0.002386
candidates_i/n3726,candidates_i/U4009/Y,AOI22X1,AND2X2/A,1,0.00179784,0.00179784,0.00176278,0.00176278,0.00179784,0.0,0.00179784,0.0,0.001798
candidates_i/n3727,candidates_i/U4008/Y,AOI22X1,AND2X2/B,1,0.00186944,0.00186944,0.00182011,0.00182011,0.00186944,0.0,0.00186944,0.0,0.001869
candidates_i/n3729,candidates_i/U4007/Y,AOI22X1,NAND3X1/B,1,0.00283213,0.00283213,0.00259978,0.00259978,0.00283213,0.0,0.00283213,0.0,0.002832
candidates_i/n3730,candidates_i/U4006/Y,AOI21X1,NAND3X1/A,1,0.00254759,0.00254759,0.00220852,0.00220852,0.00254759,0.0,0.00254759,0.0,0.002548
candidates_i/n3731,candidates_i/U4011/Y,NAND3X1,OR2X2/B,1,0.00234214,0.00228252,0.00234214,0.00228252,0.00234214,0.0,0.00234214,0.0,0.002342
candidates_i/n3732,candidates_i/U4004/Y,NAND3X1,OR2X2/A,1,0.00230117,0.00229176,0.00230117,0.00229176,0.00230117,0.0,0.00230117,0.0,0.002301
candidates_i/n3733,candidates_i/U4016/Y,AOI22X1,AND2X2/B,1,0.00186944,0.00186944,0.00182011,0.00182011,0.00186944,0.0,0.00186944,0.0,0.001869
candidates_i/n3734,candidates_i/U4015/Y,AOI22X1,AND2X2/A,1,0.00179784,0.00179784,0.00176278,0.00176278,0.00179784,0.0,0.00179784,0.0,0.001798
candidates_i/n3736,candidates_i/U4014/Y,AOI22X1,NAND3X1/B,1,0.00283213,0.00283213,0.00259978,0.00259978,0.00283213,0.0,0.00283213,0.0,0.002832
candidates_i/n3737,candidates_i/U4013/Y,AOI22X1,NAND3X1/A,1,0.00254759,0.00254759,0.00220852,0.00220852,0.00254759,0.0,0.00254759,0.0,0.002548
candidates_i/n3739,candidates_i/U4019/Y,NAND2X1,AOI21X1/C,1,0.00238603,0.00238603,0.00231224,0.00231224,0.00238603,0.0,0.00238603,0.0,0.002386
candidates_i/n3740,candidates_i/U759/Y,NOR2X1,AND2X2/A,1,0.00179784,0.00179784,0.00176278,0.00176278,0.00179784,0.0,0.00179784,0.0,0.001798
candidates_i/n3741,candidates_i/U4022/Y,AOI22X1,AND2X2/B,1,0.00186944,0.00186944,0.00182011,0.00182011,0.00186944,0.0,0.00186944,0.0,0.001869
candidates_i/n3743,candidates_i/U4021/Y,AOI22X1,NAND3X1/B,1,0.00283213,0.00283213,0.00259978,0.00259978,0.00283213,0.0,0.00283213,0.0,0.002832
candidates_i/n3744,candidates_i/U4020/Y,AOI21X1,NAND3X1/A,1,0.00254759,0.00254759,0.00220852,0.00220852,0.00254759,0.0,0.00254759,0.0,0.002548
candidates_i/n3745,candidates_i/U4024/Y,NAND3X1,OR2X2/A,1,0.00230117,0.00229176,0.00230117,0.00229176,0.00230117,0.0,0.00230117,0.0,0.002301
candidates_i/n3746,candidates_i/U4018/Y,NAND3X1,OR2X2/B,1,0.00234214,0.00228252,0.00234214,0.00228252,0.00234214,0.0,0.00234214,0.0,0.002342
candidates_i/n3747,candidates_i/U4030/Y,AOI22X1,AND2X2/A,1,0.00179784,0.00179784,0.00176278,0.00176278,0.00179784,0.0,0.00179784,0.0,0.001798
candidates_i/n3748,candidates_i/U4029/Y,AOI22X1,AND2X2/B,1,0.00186944,0.00186944,0.00182011,0.00182011,0.00186944,0.0,0.00186944,0.0,0.001869
candidates_i/n3750,candidates_i/U4028/Y,AOI22X1,NAND3X1/B,1,0.00283213,0.00283213,0.00259978,0.00259978,0.00283213,0.0,0.00283213,0.0,0.002832
candidates_i/n3751,candidates_i/U4027/Y,AOI22X1,NAND3X1/A,1,0.00254759,0.00254759,0.00220852,0.00220852,0.00254759,0.0,0.00254759,0.0,0.002548
candidates_i/n3753,candidates_i/U4033/Y,NAND2X1,AOI21X1/C,1,0.00238603,0.00238603,0.00231224,0.00231224,0.00238603,0.0,0.00238603,0.0,0.002386
candidates_i/n3754,candidates_i/U4037/Y,AOI22X1,AND2X2/A,1,0.00179784,0.00179784,0.00176278,0.00176278,0.00179784,0.0,0.00179784,0.0,0.001798
candidates_i/n3755,candidates_i/U4036/Y,AOI22X1,AND2X2/B,1,0.00186944,0.00186944,0.00182011,0.00182011,0.00186944,0.0,0.00186944,0.0,0.001869
candidates_i/n3757,candidates_i/U4035/Y,AOI22X1,NAND3X1/B,1,0.00283213,0.00283213,0.00259978,0.00259978,0.00283213,0.0,0.00283213,0.0,0.002832
candidates_i/n3758,candidates_i/U4034/Y,AOI21X1,NAND3X1/A,1,0.00254759,0.00254759,0.00220852,0.00220852,0.00254759,0.0,0.00254759,0.0,0.002548
candidates_i/n3759,candidates_i/U4039/Y,NAND3X1,OR2X2/B,1,0.00234214,0.00228252,0.00234214,0.00228252,0.00234214,0.0,0.00234214,0.0,0.002342
candidates_i/n3760,candidates_i/U4032/Y,NAND3X1,OR2X2/A,1,0.00230117,0.00229176,0.00230117,0.00229176,0.00230117,0.0,0.00230117,0.0,0.002301
candidates_i/n3761,candidates_i/U4044/Y,AOI22X1,AND2X2/B,1,0.00186944,0.00186944,0.00182011,0.00182011,0.00186944,0.0,0.00186944,0.0,0.001869
candidates_i/n3762,candidates_i/U4043/Y,AOI22X1,AND2X2/A,1,0.00179784,0.00179784,0.00176278,0.00176278,0.00179784,0.0,0.00179784,0.0,0.001798
candidates_i/n3764,candidates_i/U4042/Y,AOI22X1,NAND3X1/B,1,0.00283213,0.00283213,0.00259978,0.00259978,0.00283213,0.0,0.00283213,0.0,0.002832
candidates_i/n3765,candidates_i/U4041/Y,AOI22X1,NAND3X1/A,1,0.00254759,0.00254759,0.00220852,0.00220852,0.00254759,0.0,0.00254759,0.0,0.002548
candidates_i/n3767,candidates_i/U4047/Y,NAND2X1,AOI21X1/C,1,0.00238603,0.00238603,0.00231224,0.00231224,0.00238603,0.0,0.00238603,0.0,0.002386
candidates_i/n3768,candidates_i/U4051/Y,AOI22X1,AND2X2/B,1,0.00186944,0.00186944,0.00182011,0.00182011,0.00186944,0.0,0.00186944,0.0,0.001869
candidates_i/n3769,candidates_i/U4050/Y,AOI22X1,AND2X2/A,1,0.00179784,0.00179784,0.00176278,0.00176278,0.00179784,0.0,0.00179784,0.0,0.001798
candidates_i/n3771,candidates_i/U4049/Y,AOI22X1,AND2X2/B,1,0.00186944,0.00186944,0.00182011,0.00182011,0.00186944,0.0,0.00186944,0.0,0.001869
candidates_i/n3772,candidates_i/U4048/Y,AOI21X1,AND2X2/A,1,0.00179784,0.00179784,0.00176278,0.00176278,0.00179784,0.0,0.00179784,0.0,0.001798
candidates_i/n3773,candidates_i/U987/Y,NAND2X1,OR2X2/B,1,0.00234214,0.00228252,0.00234214,0.00228252,0.00234214,0.0,0.00234214,0.0,0.002342
candidates_i/n3774,candidates_i/U4046/Y,NAND3X1,OR2X2/A,1,0.00230117,0.00229176,0.00230117,0.00229176,0.00230117,0.0,0.00230117,0.0,0.002301
candidates_i/n3775,candidates_i/U4057/Y,AOI22X1,AND2X2/B,1,0.00186944,0.00186944,0.00182011,0.00182011,0.00186944,0.0,0.00186944,0.0,0.001869
candidates_i/n3776,candidates_i/U4056/Y,AOI22X1,AND2X2/A,1,0.00179784,0.00179784,0.00176278,0.00176278,0.00179784,0.0,0.00179784,0.0,0.001798
candidates_i/n3778,candidates_i/U4055/Y,AOI22X1,NAND3X1/B,1,0.00283213,0.00283213,0.00259978,0.00259978,0.00283213,0.0,0.00283213,0.0,0.002832
candidates_i/n3779,candidates_i/U4054/Y,AOI22X1,NAND3X1/A,1,0.00254759,0.00254759,0.00220852,0.00220852,0.00254759,0.0,0.00254759,0.0,0.002548
candidates_i/n3781,candidates_i/U4060/Y,NAND2X1,AOI21X1/C,1,0.00238603,0.00238603,0.00231224,0.00231224,0.00238603,0.0,0.00238603,0.0,0.002386
candidates_i/n3782,candidates_i/U4064/Y,AOI22X1,AND2X2/B,1,0.00186944,0.00186944,0.00182011,0.00182011,0.00186944,0.0,0.00186944,0.0,0.001869
candidates_i/n3783,candidates_i/U4063/Y,AOI22X1,AND2X2/A,1,0.00179784,0.00179784,0.00176278,0.00176278,0.00179784,0.0,0.00179784,0.0,0.001798
candidates_i/n3785,candidates_i/U4062/Y,AOI22X1,NAND3X1/B,1,0.00283213,0.00283213,0.00259978,0.00259978,0.00283213,0.0,0.00283213,0.0,0.002832
candidates_i/n3786,candidates_i/U4061/Y,AOI21X1,NAND3X1/A,1,0.00254759,0.00254759,0.00220852,0.00220852,0.00254759,0.0,0.00254759,0.0,0.002548
candidates_i/n3787,candidates_i/U4066/Y,NAND3X1,OR2X2/B,1,0.00234214,0.00228252,0.00234214,0.00228252,0.00234214,0.0,0.00234214,0.0,0.002342
candidates_i/n3788,candidates_i/U4059/Y,NAND3X1,OR2X2/A,1,0.00230117,0.00229176,0.00230117,0.00229176,0.00230117,0.0,0.00230117,0.0,0.002301
candidates_i/n3789,candidates_i/U4068/Y,NAND3X1,NOR3X1/B,1,0.003067,0.00306333,0.003067,0.00306333,0.003067,0.0,0.003067,0.0,0.003067
candidates_i/n3791,candidates_i/U4073/Y,AOI22X1,AND2X2/B,1,0.00186944,0.00186944,0.00182011,0.00182011,0.00186944,0.0,0.00186944,0.0,0.001869
candidates_i/n3792,candidates_i/U4072/Y,AOI22X1,AND2X2/A,1,0.00179784,0.00179784,0.00176278,0.00176278,0.00179784,0.0,0.00179784,0.0,0.001798
candidates_i/n3794,candidates_i/U4071/Y,AOI22X1,NAND3X1/B,1,0.00283213,0.00283213,0.00259978,0.00259978,0.00283213,0.0,0.00283213,0.0,0.002832
candidates_i/n3795,candidates_i/U4070/Y,AOI22X1,NAND3X1/A,1,0.00254759,0.00254759,0.00220852,0.00220852,0.00254759,0.0,0.00254759,0.0,0.002548
candidates_i/n3796,candidates_i/U4075/Y,NAND3X1,INVX1/A,1,0.00155103,0.00155103,0.00147616,0.00147616,0.00155103,0.0,0.00155103,0.0,0.001551
candidates_i/n3797,candidates_i/U4079/Y,AOI22X1,AND2X2/B,1,0.00186944,0.00186944,0.00182011,0.00182011,0.00186944,0.0,0.00186944,0.0,0.001869
candidates_i/n3798,candidates_i/U4078/Y,AOI22X1,AND2X2/A,1,0.00179784,0.00179784,0.00176278,0.00176278,0.00179784,0.0,0.00179784,0.0,0.001798
candidates_i/n3800,candidates_i/U4077/Y,AOI22X1,NAND3X1/B,1,0.00283213,0.00283213,0.00259978,0.00259978,0.00283213,0.0,0.00283213,0.0,0.002832
candidates_i/n3801,candidates_i/U4076/Y,AOI21X1,NAND3X1/A,1,0.00254759,0.00254759,0.00220852,0.00220852,0.00254759,0.0,0.00254759,0.0,0.002548
candidates_i/n3803,candidates_i/U4082/Y,NAND3X1,AND2X2/A;AND2X2/A,2,0.00359568,0.00359568,0.00352556,0.00352556,0.00359568,0.0,0.00359568,0.0,0.003596
candidates_i/n3806,candidates_i/U4088/Y,AOI22X1,AND2X2/B,1,0.00186944,0.00186944,0.00182011,0.00182011,0.00186944,0.0,0.00186944,0.0,0.001869
candidates_i/n3807,candidates_i/U4087/Y,AOI22X1,AND2X2/A,1,0.00179784,0.00179784,0.00176278,0.00176278,0.00179784,0.0,0.00179784,0.0,0.001798
candidates_i/n3809,candidates_i/U4086/Y,AOI22X1,NAND3X1/B,1,0.00283213,0.00283213,0.00259978,0.00259978,0.00283213,0.0,0.00283213,0.0,0.002832
candidates_i/n3810,candidates_i/U4085/Y,AOI22X1,NAND3X1/A,1,0.00254759,0.00254759,0.00220852,0.00220852,0.00254759,0.0,0.00254759,0.0,0.002548
candidates_i/n3812,candidates_i/U4091/Y,NAND2X1,AOI21X1/C,1,0.00238603,0.00238603,0.00231224,0.00231224,0.00238603,0.0,0.00238603,0.0,0.002386
candidates_i/n3813,candidates_i/U4095/Y,AOI22X1,AND2X2/B,1,0.00186944,0.00186944,0.00182011,0.00182011,0.00186944,0.0,0.00186944,0.0,0.001869
candidates_i/n3814,candidates_i/U4094/Y,AOI22X1,AND2X2/A,1,0.00179784,0.00179784,0.00176278,0.00176278,0.00179784,0.0,0.00179784,0.0,0.001798
candidates_i/n3816,candidates_i/U4093/Y,AOI22X1,NAND3X1/B,1,0.00283213,0.00283213,0.00259978,0.00259978,0.00283213,0.0,0.00283213,0.0,0.002832
candidates_i/n3817,candidates_i/U4092/Y,AOI21X1,NAND3X1/A,1,0.00254759,0.00254759,0.00220852,0.00220852,0.00254759,0.0,0.00254759,0.0,0.002548
candidates_i/n3818,candidates_i/U4097/Y,NAND3X1,OR2X2/B,1,0.00234214,0.00228252,0.00234214,0.00228252,0.00234214,0.0,0.00234214,0.0,0.002342
candidates_i/n3819,candidates_i/U4090/Y,NAND3X1,OR2X2/A,1,0.00230117,0.00229176,0.00230117,0.00229176,0.00230117,0.0,0.00230117,0.0,0.002301
candidates_i/n3820,candidates_i/U4102/Y,AOI22X1,AND2X2/B,1,0.00186944,0.00186944,0.00182011,0.00182011,0.00186944,0.0,0.00186944,0.0,0.001869
candidates_i/n3821,candidates_i/U4101/Y,AOI22X1,AND2X2/A,1,0.00179784,0.00179784,0.00176278,0.00176278,0.00179784,0.0,0.00179784,0.0,0.001798
candidates_i/n3823,candidates_i/U4100/Y,AOI22X1,NAND3X1/B,1,0.00283213,0.00283213,0.00259978,0.00259978,0.00283213,0.0,0.00283213,0.0,0.002832
candidates_i/n3824,candidates_i/U4099/Y,AOI21X1,NAND3X1/A,1,0.00254759,0.00254759,0.00220852,0.00220852,0.00254759,0.0,0.00254759,0.0,0.002548
candidates_i/n3825,candidates_i/U4104/Y,NAND3X1,INVX1/A,1,0.00155103,0.00155103,0.00147616,0.00147616,0.00155103,0.0,0.00155103,0.0,0.001551
candidates_i/n3826,candidates_i/U4108/Y,AOI22X1,AND2X2/B,1,0.00186944,0.00186944,0.00182011,0.00182011,0.00186944,0.0,0.00186944,0.0,0.001869
candidates_i/n3827,candidates_i/U4107/Y,AOI22X1,AND2X2/A,1,0.00179784,0.00179784,0.00176278,0.00176278,0.00179784,0.0,0.00179784,0.0,0.001798
candidates_i/n3829,candidates_i/U4106/Y,AOI22X1,NAND3X1/B,1,0.00283213,0.00283213,0.00259978,0.00259978,0.00283213,0.0,0.00283213,0.0,0.002832
candidates_i/n3830,candidates_i/U4105/Y,AOI22X1,NAND3X1/A,1,0.00254759,0.00254759,0.00220852,0.00220852,0.00254759,0.0,0.00254759,0.0,0.002548
candidates_i/n3832,candidates_i/U4111/Y,NAND3X1,AND2X2/B,1,0.00186944,0.00186944,0.00182011,0.00182011,0.00186944,0.0,0.00186944,0.0,0.001869
candidates_i/n3835,candidates_i/U4114/Y,AOI22X1,NAND3X1/C,1,0.00296109,0.00296109,0.0028316,0.0028316,0.00296109,0.0,0.00296109,0.0,0.002961
candidates_i/n3836,candidates_i/U4113/Y,NAND2X1,NAND3X1/B,1,0.00283213,0.00283213,0.00259978,0.00259978,0.00283213,0.0,0.00283213,0.0,0.002832
candidates_i/n3837,candidates_i/U4112/Y,AOI22X1,NAND3X1/A,1,0.00254759,0.00254759,0.00220852,0.00220852,0.00254759,0.0,0.00254759,0.0,0.002548
candidates_i/n3838,candidates_i/U4116/Y,NAND2X1,OAI21X1/C,1,0.00200991,0.00200991,0.0019239,0.0019239,0.00200991,0.0,0.00200991,0.0,0.00201
candidates_i/n3840,candidates_i/U3928/Y,NAND3X1,INVX1/A,1,0.00155103,0.00155103,0.00147616,0.00147616,0.00155103,0.0,0.00155103,0.0,0.001551
candidates_i/n3842,candidates_i/U4115/Y,NAND3X1,OR2X2/A,1,0.00230117,0.00229176,0.00230117,0.00229176,0.00230117,0.0,0.00230117,0.0,0.002301
candidates_i/n3844,candidates_i/U4120/Y,NAND2X1,NAND3X1/C,1,0.00296109,0.00296109,0.0028316,0.0028316,0.00296109,0.0,0.00296109,0.0,0.002961
candidates_i/n3845,candidates_i/U4119/Y,NAND2X1,NAND3X1/B,1,0.00283213,0.00283213,0.00259978,0.00259978,0.00283213,0.0,0.00283213,0.0,0.002832
candidates_i/n3846,candidates_i/U4118/Y,NAND2X1,NAND3X1/A,1,0.00254759,0.00254759,0.00220852,0.00220852,0.00254759,0.0,0.00254759,0.0,0.002548
candidates_i/n3848,candidates_i/U4122/Y,AOI22X1,BUFX2/A,1,0.00153896,0.00153896,0.00150415,0.00150415,0.00153896,0.0,0.00153896,0.0,0.001539
candidates_i/n3850,candidates_i/U1684/Y,NAND2X1,INVX4/A,1,0.0050916,0.00508038,0.0050916,0.00508038,0.0050916,0.0,0.0050916,0.0,0.005092
candidates_i/n3855,candidates_i/U4127/Y,AOI22X1,AND2X2/B,1,0.00186944,0.00186944,0.00182011,0.00182011,0.00186944,0.0,0.00186944,0.0,0.001869
candidates_i/n3856,candidates_i/U4126/Y,AOI22X1,AND2X2/A,1,0.00179784,0.00179784,0.00176278,0.00176278,0.00179784,0.0,0.00179784,0.0,0.001798
candidates_i/n3858,candidates_i/U4125/Y,AOI22X1,NAND3X1/B,1,0.00283213,0.00283213,0.00259978,0.00259978,0.00283213,0.0,0.00283213,0.0,0.002832
candidates_i/n3859,candidates_i/U4124/Y,AOI21X1,NAND3X1/A,1,0.00254759,0.00254759,0.00220852,0.00220852,0.00254759,0.0,0.00254759,0.0,0.002548
candidates_i/n3862,candidates_i/U4131/Y,AOI22X1,NAND3X1/C,1,0.00296109,0.00296109,0.0028316,0.0028316,0.00296109,0.0,0.00296109,0.0,0.002961
candidates_i/n3864,candidates_i/U4130/Y,NAND2X1,NAND3X1/A,1,0.00254759,0.00254759,0.00220852,0.00220852,0.00254759,0.0,0.00254759,0.0,0.002548
candidates_i/n3869,candidates_i/U4135/Y,AOI22X1,NAND3X1/C,1,0.00296109,0.00296109,0.0028316,0.0028316,0.00296109,0.0,0.00296109,0.0,0.002961
candidates_i/n3870,candidates_i/U4134/Y,NAND2X1,NAND3X1/B,1,0.00283213,0.00283213,0.00259978,0.00259978,0.00283213,0.0,0.00283213,0.0,0.002832
candidates_i/n3871,candidates_i/U4133/Y,AOI22X1,BUFX2/A,1,0.00153896,0.00153896,0.00150415,0.00150415,0.00153896,0.0,0.00153896,0.0,0.001539
candidates_i/n3872,candidates_i/U4136/Y,NAND3X1,NOR3X1/C,1,0.00328822,0.00328822,0.00322576,0.00322576,0.00328822,0.0,0.00328822,0.0,0.003288
candidates_i/n3873,candidates_i/U4132/Y,NAND3X1,NOR3X1/B,1,0.003067,0.00306333,0.003067,0.00306333,0.003067,0.0,0.003067,0.0,0.003067
candidates_i/n3874,candidates_i/U4129/Y,NAND3X1,NOR3X1/A,1,0.00302113,0.00302113,0.00301081,0.00301081,0.00302113,0.0,0.00302113,0.0,0.003021
candidates_i/n3877,candidates_i/U3917/Y,NAND3X1,INVX4/A,1,0.0050916,0.00508038,0.0050916,0.00508038,0.0050916,0.0,0.0050916,0.0,0.005092
candidates_i/n3879,candidates_i/U4123/Y,NAND3X1,NOR3X1/B,1,0.003067,0.00306333,0.003067,0.00306333,0.003067,0.0,0.003067,0.0,0.003067
candidates_i/n3880,candidates_i/U4121/Y,NAND3X1,NOR3X1/A,1,0.00302113,0.00302113,0.00301081,0.00301081,0.00302113,0.0,0.00302113,0.0,0.003021
candidates_i/n3882,candidates_i/U1154/Y,NAND2X1,NAND3X1/B,1,0.00283213,0.00283213,0.00259978,0.00259978,0.00283213,0.0,0.00283213,0.0,0.002832
candidates_i/n3883,candidates_i/U3889/Y,NAND2X1,NAND3X1/C,1,0.00296109,0.00296109,0.0028316,0.0028316,0.00296109,0.0,0.00296109,0.0,0.002961
candidates_i/n3892,candidates_i/U4142/Y,NOR2X1,NOR2X1/B,1,0.00236501,0.00236501,0.00229711,0.00229711,0.00236501,0.0,0.00236501,0.0,0.002365
candidates_i/n3893,candidates_i/U4143/Y,NOR2X1,NAND2X1/A,1,0.00211057,0.00211057,0.00188435,0.00188435,0.00211057,0.0,0.00211057,0.0,0.002111
candidates_i/n3894,candidates_i/U4141/Y,AOI22X1,NAND2X1/B,1,0.00202749,0.00202749,0.00194421,0.00194421,0.00202749,0.0,0.00202749,0.0,0.002027
candidates_i/n3898,candidates_i/U4145/Y,NAND2X1,OR2X2/B,1,0.00234214,0.00228252,0.00234214,0.00228252,0.00234214,0.0,0.00234214,0.0,0.002342
candidates_i/n3899,candidates_i/U4084/Y,NAND2X1,NOR2X1/B,1,0.00236501,0.00236501,0.00229711,0.00229711,0.00236501,0.0,0.00236501,0.0,0.002365
candidates_i/n3900,candidates_i/U4110/Y,NAND3X1,INVX1/A,1,0.00155103,0.00155103,0.00147616,0.00147616,0.00155103,0.0,0.00155103,0.0,0.001551
candidates_i/n3901,candidates_i/U3563/Y,NAND2X1,INVX1/A;NAND2X1/B,2,0.00357852,0.00357852,0.00342037,0.00342037,0.00357852,0.0,0.00357852,0.0,0.003579
candidates_i/n3902,candidates_i/U3505/Y,NAND2X1,AND2X2/B;NAND3X1/B,2,0.00470157,0.00470157,0.00441989,0.00441989,0.00470157,0.0,0.00470157,0.0,0.004702
candidates_i/n3903,candidates_i/U1540/Y,NAND2X1,OR2X1/A;OR2X2/A,2,0.0048264399999999995,0.00481703,0.00461456,0.00461456,0.00481703,0.0,0.00481703,0.0,0.004826
candidates_i/n3904,candidates_i/U3518/Y,NAND3X1,INVX1/A;NAND3X1/C,2,0.00451212,0.00451212,0.00430776,0.00430776,0.00451212,0.0,0.00451212,0.0,0.004512
candidates_i/n3906,candidates_i/U3545/Y,NAND3X1,INVX1/A;NOR3X1/C,2,0.00483925,0.00483925,0.00470192,0.00470192,0.00483925,0.0,0.00483925,0.0,0.004839
candidates_i/n3909,candidates_i/U4147/Y,NAND2X1,OR2X2/B,1,0.00234214,0.00228252,0.00234214,0.00228252,0.00234214,0.0,0.00234214,0.0,0.002342
candidates_i/n3910,candidates_i/U3538/Y,NAND3X1,INVX1/A;NOR3X1/A,2,0.00457216,0.00457216,0.00448697,0.00448697,0.00457216,0.0,0.00457216,0.0,0.004572
candidates_i/n3912,candidates_i/U1666/Y,NOR2X1,AOI22X1/D,1,0.00290653,0.00290653,0.00282572,0.00282572,0.00290653,0.0,0.00290653,0.0,0.002907
candidates_i/n3913,candidates_i/U1675/Y,NOR2X1,AOI22X1/B,1,0.00276444,0.00276444,0.00272615,0.00272615,0.00276444,0.0,0.00276444,0.0,0.002764
candidates_i/n3914,candidates_i/U3113/Y,NAND3X1,BUFX4/A,1,0.0039795,0.0039795,0.003854,0.003854,0.0039795,0.0,0.0039795,0.0,0.003979
candidates_i/n3917,candidates_i/U3778/Y,NAND3X1,INVX1/A;NAND3X1/A,2,0.00409862,0.00409862,0.00368468,0.00368468,0.00409862,0.0,0.00409862,0.0,0.004099
candidates_i/n3918,candidates_i/U3790/Y,NAND3X1,AND2X2/B;INVX1/A,2,0.00342047,0.00342047,0.00329627,0.00329627,0.00342047,0.0,0.00342047,0.0,0.00342
candidates_i/n3919,candidates_i/U3766/Y,NAND3X1,AND2X2/B;NAND2X1/B,2,0.00389693,0.00389693,0.00376432,0.00376432,0.00389693,0.0,0.00389693,0.0,0.003897
candidates_i/n3920,candidates_i/U3654/Y,NAND3X1,BUFX2/A,1,0.00153896,0.00153896,0.00150415,0.00150415,0.00153896,0.0,0.00153896,0.0,0.001539
candidates_i/n3921,candidates_i/U3802/Y,NAND3X1,NOR3X1/C;OR2X2/A,2,0.00558939,0.00557998,0.005526929999999999,0.00552693,0.00557998,0.0,0.00557998,0.0,0.005589
candidates_i/n3922,candidates_i/U3796/Y,NAND3X1,INVX1/A;NOR3X1/A,2,0.00457216,0.00457216,0.00448697,0.00448697,0.00457216,0.0,0.00457216,0.0,0.004572
candidates_i/n3925,candidates_i/U4152/Y,NAND3X1,NAND3X1/B,1,0.00283213,0.00283213,0.00259978,0.00259978,0.00283213,0.0,0.00283213,0.0,0.002832
candidates_i/n3926,candidates_i/U4150/Y,NAND3X1,NAND3X1/C,1,0.00296109,0.00296109,0.0028316,0.0028316,0.00296109,0.0,0.00296109,0.0,0.002961
candidates_i/n3927,candidates_i/U4148/Y,AOI22X1,NAND3X1/A,1,0.00254759,0.00254759,0.00220852,0.00220852,0.00254759,0.0,0.00254759,0.0,0.002548
candidates_i/n3930,candidates_i/U4146/Y,NAND3X1,INVX1/A;NOR2X1/A,2,0.00379351,0.00379351,0.0036847700000000004,0.00368477,0.00379351,0.0,0.00379351,0.0,0.003794
candidates_i/n3935,candidates_i/U1133/Y,NAND2X1,NAND3X1/A,1,0.00254759,0.00254759,0.00220852,0.00220852,0.00254759,0.0,0.00254759,0.0,0.002548
candidates_i/n3939,candidates_i/U3101/Y,NAND3X1,BUFX2/A;INVX1/A;INVX1/A,3,0.00464102,0.00464102,0.004456470000000001,0.00445647,0.00464102,0.0,0.00464102,0.0,0.004641
candidates_i/n3940,candidates_i/U3197/Y,NAND3X1,AND2X2/B;INVX1/A,2,0.00342047,0.00342047,0.00329627,0.00329627,0.00342047,0.0,0.00342047,0.0,0.00342
candidates_i/n3943,candidates_i/U4156/Y,NAND2X1,NOR3X1/B,1,0.003067,0.00306333,0.003067,0.00306333,0.003067,0.0,0.003067,0.0,0.003067
candidates_i/n3946,candidates_i/U3661/Y,NAND3X1,INVX4/A,1,0.0050916,0.00508038,0.0050916,0.00508038,0.0050916,0.0,0.0050916,0.0,0.005092
candidates_i/n3947,candidates_i/U3759/Y,NAND3X1,INVX1/A;NOR3X1/B,2,0.0046180299999999995,0.00461436,0.00454316,0.00454316,0.00461436,0.0,0.00461436,0.0,0.004618
candidates_i/n3948,candidates_i/U1685/Y,NAND2X1,NOR3X1/C,1,0.00328822,0.00328822,0.00322576,0.00322576,0.00328822,0.0,0.00328822,0.0,0.003288
candidates_i/n3951,candidates_i/U3946/Y,NAND3X1,BUFX2/A;NAND2X1/B,2,0.0035664499999999997,0.0035664499999999997,0.00344836,0.00344836,0.00356645,0.0,0.00356645,0.0,0.003566
candidates_i/n3953,candidates_i/U1681/Y,NAND2X1,BUFX2/A,1,0.00153896,0.00153896,0.00150415,0.00150415,0.00153896,0.0,0.00153896,0.0,0.001539
candidates_i/n3955,candidates_i/U1099/Y,NOR2X1,NAND3X1/B,1,0.00283213,0.00283213,0.00259978,0.00259978,0.00283213,0.0,0.00283213,0.0,0.002832
candidates_i/n3957,candidates_i/U4161/Y,NAND3X1,NAND3X1/A,1,0.00254759,0.00254759,0.00220852,0.00220852,0.00254759,0.0,0.00254759,0.0,0.002548
candidates_i/n3958,candidates_i/U1028/Y,NAND2X1,NAND3X1/B,1,0.00283213,0.00283213,0.00259978,0.00259978,0.00283213,0.0,0.00283213,0.0,0.002832
candidates_i/n3959,candidates_i/U4158/Y,AOI21X1,NAND3X1/C,1,0.00296109,0.00296109,0.0028316,0.0028316,0.00296109,0.0,0.00296109,0.0,0.002961
candidates_i/n3963,candidates_i/U4160/Y,NAND3X1,INVX1/A;NOR2X1/A,2,0.00379351,0.00379351,0.0036847700000000004,0.00368477,0.00379351,0.0,0.00379351,0.0,0.003794
candidates_i/n3967,candidates_i/U4164/Y,AOI22X1,NAND2X1/A,1,0.00211057,0.00211057,0.00188435,0.00188435,0.00211057,0.0,0.00211057,0.0,0.002111
candidates_i/n3968,candidates_i/U4163/Y,AOI22X1,NAND2X1/B,1,0.00202749,0.00202749,0.00194421,0.00194421,0.00202749,0.0,0.00202749,0.0,0.002027
candidates_i/n3969,candidates_i/U4151/Y,NAND3X1,INVX2/A,1,0.00267266,0.00265521,0.00267266,0.00265521,0.00267266,0.0,0.00267266,0.0,0.002673
candidates_i/n3970,candidates_i/U3665/Y,NAND3X1,INVX4/A,1,0.0050916,0.00508038,0.0050916,0.00508038,0.0050916,0.0,0.0050916,0.0,0.005092
candidates_i/n3975,candidates_i/U1688/Y,NAND2X1,INVX1/A;NOR2X1/B,2,0.00391604,0.00391604,0.0037732700000000004,0.00377327,0.00391604,0.0,0.00391604,0.0,0.003916
candidates_i/n3976,candidates_i/U1680/Y,NAND2X1,INVX1/A,1,0.00155103,0.00155103,0.00147616,0.00147616,0.00155103,0.0,0.00155103,0.0,0.001551
candidates_i/n3977,candidates_i/U3190/Y,NAND3X1,INVX1/A;OR2X2/A,2,0.0038522,0.0038427899999999996,0.0037773299999999998,0.00377733,0.00384279,0.0,0.00384279,0.0,0.003852
candidates_i/n3984,candidates_i/U1141/Y,NAND2X1,NOR2X1/A,1,0.00224248,0.00224248,0.00220861,0.00220861,0.00224248,0.0,0.00224248,0.0,0.002242
candidates_i/n3987,candidates_i/U3517/Y,NAND3X1,INVX1/A;OR2X2/B,2,0.0038931699999999996,0.00383355,0.0038183,0.0038183,0.00383355,0.0,0.00383355,0.0,0.003893
candidates_i/n3988,candidates_i/U4169/Y,NAND3X1,NOR2X1/A,1,0.00224248,0.00224248,0.00220861,0.00220861,0.00224248,0.0,0.00224248,0.0,0.002242
candidates_i/n3989,candidates_i/U1673/Y,NOR2X1,NOR2X1/B,1,0.00236501,0.00236501,0.00229711,0.00229711,0.00236501,0.0,0.00236501,0.0,0.002365
candidates_i/n3990,candidates_i/U1142/Y,NOR2X1,NOR2X1/A,1,0.00224248,0.00224248,0.00220861,0.00220861,0.00224248,0.0,0.00224248,0.0,0.002242
candidates_i/n3991,candidates_i/U4170/Y,NOR2X1,NAND3X1/C,1,0.00296109,0.00296109,0.0028316,0.0028316,0.00296109,0.0,0.00296109,0.0,0.002961
candidates_i/n3992,candidates_i/U4168/Y,NAND3X1,NAND3X1/B,1,0.00283213,0.00283213,0.00259978,0.00259978,0.00283213,0.0,0.00283213,0.0,0.002832
candidates_i/n3993,candidates_i/U4167/Y,NAND3X1,NAND3X1/A,1,0.00254759,0.00254759,0.00220852,0.00220852,0.00254759,0.0,0.00254759,0.0,0.002548
candidates_i/n4000,candidates_i/U4173/Y,AOI22X1,NAND2X1/B,1,0.00202749,0.00202749,0.00194421,0.00194421,0.00202749,0.0,0.00202749,0.0,0.002027
candidates_i/n4001,candidates_i/U4172/Y,AOI22X1,NAND2X1/A,1,0.00211057,0.00211057,0.00188435,0.00188435,0.00211057,0.0,0.00211057,0.0,0.002111
candidates_i/n4004,candidates_i/U3141/Y,NAND3X1,INVX1/A;INVX2/A,2,0.0042236899999999996,0.00420624,0.00414882,0.00414882,0.00420624,0.0,0.00420624,0.0,0.004224
candidates_i/n4005,candidates_i/U3288/Y,NAND3X1,INVX1/A,1,0.00155103,0.00155103,0.00147616,0.00147616,0.00155103,0.0,0.00155103,0.0,0.001551
candidates_i/n4006,candidates_i/U3223/Y,NAND3X1,NAND3X1/A;NAND3X1/A,2,0.00509518,0.00509518,0.00441704,0.00441704,0.00509518,0.0,0.00509518,0.0,0.005095
candidates_i/n4008,candidates_i/U3504/Y,NOR2X1,NAND2X1/A;NAND2X1/A,2,0.00422114,0.00422114,0.0037687,0.0037687,0.00422114,0.0,0.00422114,0.0,0.004221
candidates_i/n4009,candidates_i/U3371/Y,NAND3X1,INVX2/A,1,0.00267266,0.00265521,0.00267266,0.00265521,0.00267266,0.0,0.00267266,0.0,0.002673
candidates_i/n4010,candidates_i/U4177/Y,NAND2X1,OR2X2/A,1,0.00230117,0.00229176,0.00230117,0.00229176,0.00230117,0.0,0.00230117,0.0,0.002301
candidates_i/n4011,candidates_i/U3484/Y,NAND3X1,NOR2X1/A,1,0.00224248,0.00224248,0.00220861,0.00220861,0.00224248,0.0,0.00224248,0.0,0.002242
candidates_i/n4012,candidates_i/U1059/Y,NOR2X1,AOI21X1/C,1,0.00238603,0.00238603,0.00231224,0.00231224,0.00238603,0.0,0.00238603,0.0,0.002386
candidates_i/n4015,candidates_i/U3674/Y,NAND3X1,INVX1/A;INVX2/A,2,0.0042236899999999996,0.00420624,0.00414882,0.00414882,0.00420624,0.0,0.00420624,0.0,0.004224
candidates_i/n4017,candidates_i/U3753/Y,NAND3X1,NOR3X1/A,1,0.00302113,0.00302113,0.00301081,0.00301081,0.00302113,0.0,0.00302113,0.0,0.003021
candidates_i/n4021,candidates_i/U4026/Y,NAND2X1,NOR3X1/C,1,0.00328822,0.00328822,0.00322576,0.00322576,0.00328822,0.0,0.00328822,0.0,0.003288
candidates_i/n4022,candidates_i/U3984/Y,NAND3X1,INVX1/A,1,0.00155103,0.00155103,0.00147616,0.00147616,0.00155103,0.0,0.00155103,0.0,0.001551
candidates_i/n4023,candidates_i/U3923/Y,NAND3X1,INVX4/A,1,0.0050916,0.00508038,0.0050916,0.00508038,0.0050916,0.0,0.0050916,0.0,0.005092
candidates_i/n4024,candidates_i/U4081/Y,NAND3X1,INVX1/A;OR2X2/A,2,0.0038522,0.0038427899999999996,0.0037773299999999998,0.00377733,0.00384279,0.0,0.00384279,0.0,0.003852
candidates_i/n4026,candidates_i/U1671/Y,NOR2X1,NAND3X1/C,1,0.00296109,0.00296109,0.0028316,0.0028316,0.00296109,0.0,0.00296109,0.0,0.002961
candidates_i/n4027,candidates_i/U4182/Y,NAND3X1,NAND2X1/B,1,0.00202749,0.00202749,0.00194421,0.00194421,0.00202749,0.0,0.00202749,0.0,0.002027
candidates_i/n4028,candidates_i/U4180/Y,NAND3X1,AND2X2/B,1,0.00186944,0.00186944,0.00182011,0.00182011,0.00186944,0.0,0.00186944,0.0,0.001869
candidates_i/n4029,candidates_i/U4178/Y,AOI21X1,AND2X2/A,1,0.00179784,0.00179784,0.00176278,0.00176278,0.00179784,0.0,0.00179784,0.0,0.001798
candidates_i/n4030,candidates_i/U4176/Y,NAND3X1,INVX1/A;NOR2X1/B,2,0.00391604,0.00391604,0.0037732700000000004,0.00377327,0.00391604,0.0,0.00391604,0.0,0.003916
candidates_i/n4032,candidates_i/U4183/Y,NOR2X1,AOI21X1/C,1,0.00238603,0.00238603,0.00231224,0.00231224,0.00238603,0.0,0.00238603,0.0,0.002386
candidates_i/n4035,candidates_i/U4181/Y,NAND3X1,INVX1/A,1,0.00155103,0.00155103,0.00147616,0.00147616,0.00155103,0.0,0.00155103,0.0,0.001551
candidates_i/n4036,candidates_i/U4185/Y,NOR2X1,NOR2X1/A,1,0.00224248,0.00224248,0.00220861,0.00220861,0.00224248,0.0,0.00224248,0.0,0.002242
candidates_i/n4039,candidates_i/U567/Y,NOR2X1,NAND2X1/B,1,0.00202749,0.00202749,0.00194421,0.00194421,0.00202749,0.0,0.00202749,0.0,0.002027
candidates_i/n4040,candidates_i/U4184/Y,AOI21X1,NAND2X1/A,1,0.00211057,0.00211057,0.00188435,0.00188435,0.00211057,0.0,0.00211057,0.0,0.002111
candidates_i/n4048,candidates_i/U3222/Y,NAND3X1,INVX1/A;OR2X2/B,2,0.0038931699999999996,0.00383355,0.0038183,0.0038183,0.00383355,0.0,0.00383355,0.0,0.003893
candidates_i/n4049,candidates_i/U1399/Y,NAND2X1,NOR2X1/A,1,0.00224248,0.00224248,0.00220861,0.00220861,0.00224248,0.0,0.00224248,0.0,0.002242
candidates_i/n4053,candidates_i/U3414/Y,NAND3X1,INVX2/A,1,0.00267266,0.00265521,0.00267266,0.00265521,0.00267266,0.0,0.00267266,0.0,0.002673
candidates_i/n4054,candidates_i/U4189/Y,NAND3X1,NOR3X1/A,1,0.00302113,0.00302113,0.00301081,0.00301081,0.00302113,0.0,0.00302113,0.0,0.003021
candidates_i/n4056,candidates_i/U1674/Y,NOR2X1,NOR2X1/A,1,0.00224248,0.00224248,0.00220861,0.00220861,0.00224248,0.0,0.00224248,0.0,0.002242
candidates_i/n4057,candidates_i/U4191/Y,NOR2X1,NAND3X1/C,1,0.00296109,0.00296109,0.0028316,0.0028316,0.00296109,0.0,0.00296109,0.0,0.002961
candidates_i/n4058,candidates_i/U4188/Y,NAND3X1,NAND3X1/B,1,0.00283213,0.00283213,0.00259978,0.00259978,0.00283213,0.0,0.00283213,0.0,0.002832
candidates_i/n4059,candidates_i/U4187/Y,NAND3X1,NAND3X1/A,1,0.00254759,0.00254759,0.00220852,0.00220852,0.00254759,0.0,0.00254759,0.0,0.002548
candidates_i/n4062,candidates_i/U3725/Y,AOI21X1,AND2X2/A;INVX1/A,2,0.00334887,0.00334887,0.00323894,0.00323894,0.00334887,0.0,0.00334887,0.0,0.003349
candidates_i/n4066,candidates_i/U4195/Y,NOR2X1,AOI21X1/C,1,0.00238603,0.00238603,0.00231224,0.00231224,0.00238603,0.0,0.00238603,0.0,0.002386
candidates_i/n4067,candidates_i/U3483/Y,AOI21X1,AND2X2/A;BUFX2/A,2,0.0033368,0.0033368,0.0032669300000000004,0.00326693,0.0033368,0.0,0.0033368,0.0,0.003337
candidates_i/n4069,candidates_i/U4196/Y,AOI21X1,NAND3X1/C,1,0.00296109,0.00296109,0.0028316,0.0028316,0.00296109,0.0,0.00296109,0.0,0.002961
candidates_i/n4070,candidates_i/U4194/Y,NAND2X1,NAND3X1/B,1,0.00283213,0.00283213,0.00259978,0.00259978,0.00283213,0.0,0.00283213,0.0,0.002832
candidates_i/n4071,candidates_i/U4193/Y,NAND2X1,NAND3X1/A,1,0.00254759,0.00254759,0.00220852,0.00220852,0.00254759,0.0,0.00254759,0.0,0.002548
candidates_i/n4072,candidates_i/U3670/Y,NAND3X1,INVX1/A;NOR2X1/A,2,0.00379351,0.00379351,0.0036847700000000004,0.00368477,0.00379351,0.0,0.00379351,0.0,0.003794
candidates_i/n4073,candidates_i/U1686/Y,NAND2X1,BUFX2/A,1,0.00153896,0.00153896,0.00150415,0.00150415,0.00153896,0.0,0.00153896,0.0,0.001539
candidates_i/n4077,candidates_i/U3366/Y,NAND3X1,NOR3X1/B,1,0.003067,0.00306333,0.003067,0.00306333,0.003067,0.0,0.003067,0.0,0.003067
candidates_i/n4080,candidates_i/U3428/Y,NOR2X1,AND2X2/A;NAND3X1/A,2,0.00434543,0.00434543,0.0039713,0.0039713,0.00434543,0.0,0.00434543,0.0,0.004345
candidates_i/n4084,candidates_i/U4204/Y,NAND3X1,NOR3X1/A,1,0.00302113,0.00302113,0.00301081,0.00301081,0.00302113,0.0,0.00302113,0.0,0.003021
candidates_i/n4087,candidates_i/U3287/Y,NAND3X1,INVX1/A,1,0.00155103,0.00155103,0.00147616,0.00147616,0.00155103,0.0,0.00155103,0.0,0.001551
candidates_i/n4088,candidates_i/U4206/Y,NAND3X1,NOR3X1/A,1,0.00302113,0.00302113,0.00301081,0.00301081,0.00302113,0.0,0.00302113,0.0,0.003021
candidates_i/n4091,candidates_i/U4208/Y,NOR2X1,NAND3X1/C,1,0.00296109,0.00296109,0.0028316,0.0028316,0.00296109,0.0,0.00296109,0.0,0.002961
candidates_i/n4092,candidates_i/U4203/Y,NAND3X1,NAND3X1/B,1,0.00283213,0.00283213,0.00259978,0.00259978,0.00283213,0.0,0.00283213,0.0,0.002832
candidates_i/n4093,candidates_i/U4200/Y,NAND3X1,NAND3X1/A,1,0.00254759,0.00254759,0.00220852,0.00220852,0.00254759,0.0,0.00254759,0.0,0.002548
candidates_i/n4094,candidates_i/U4201/Y,NAND2X1,INVX1/A;NOR3X1/C,2,0.00483925,0.00483925,0.00470192,0.00470192,0.00483925,0.0,0.00483925,0.0,0.004839
candidates_i/n4095,candidates_i/U3451/Y,NAND2X1,BUFX2/A;NAND3X1/B,2,0.00437109,0.00437109,0.00410393,0.00410393,0.00437109,0.0,0.00437109,0.0,0.004371
candidates_i/n4097,candidates_i/U4198/Y,NAND2X1,INVX1/A;NOR3X1/C,2,0.00483925,0.00483925,0.00470192,0.00470192,0.00483925,0.0,0.00483925,0.0,0.004839
candidates_i/n4104,candidates_i/U4211/Y,AOI22X1,NAND2X1/B,1,0.00202749,0.00202749,0.00194421,0.00194421,0.00202749,0.0,0.00202749,0.0,0.002027
candidates_i/n4105,candidates_i/U4210/Y,AOI22X1,NAND2X1/A,1,0.00211057,0.00211057,0.00188435,0.00188435,0.00211057,0.0,0.00211057,0.0,0.002111
candidates_i/n4110,candidates_i/U3467/Y,NAND2X1,INVX1/A;NAND3X1/A,2,0.00409862,0.00409862,0.00368468,0.00368468,0.00409862,0.0,0.00409862,0.0,0.004099
candidates_i/n4113,candidates_i/U4214/Y,AOI22X1,NAND2X1/B,1,0.00202749,0.00202749,0.00194421,0.00194421,0.00202749,0.0,0.00202749,0.0,0.002027
candidates_i/n4114,candidates_i/U4213/Y,AOI22X1,NAND2X1/A,1,0.00211057,0.00211057,0.00188435,0.00188435,0.00211057,0.0,0.00211057,0.0,0.002111
candidates_i/n4130,candidates_i/U2951/Y,NAND2X1,AND2X1/B;INVX1/A,2,0.0038939199999999995,0.0038939199999999995,0.0033028,0.0033028,0.00389392,0.0,0.00389392,0.0,0.003894
candidates_i/n4142,candidates_i/U2805/Y,NAND2X1,INVX1/A;NAND2X1/B,2,0.00357852,0.00357852,0.00342037,0.00342037,0.00357852,0.0,0.00357852,0.0,0.003579
candidates_i/n4148,candidates_i/U2606/Y,NAND2X1,INVX1/A;NAND2X1/B,2,0.00357852,0.00357852,0.00342037,0.00342037,0.00357852,0.0,0.00357852,0.0,0.003579
candidates_i/n4152,candidates_i/U4250/Y,AOI22X1,NAND2X1/B,1,0.00202749,0.00202749,0.00194421,0.00194421,0.00202749,0.0,0.00202749,0.0,0.002027
candidates_i/n4153,candidates_i/U4249/Y,AOI22X1,NAND2X1/A,1,0.00211057,0.00211057,0.00188435,0.00188435,0.00211057,0.0,0.00211057,0.0,0.002111
candidates_i/n4154,candidates_i/U4253/Y,AOI22X1,NAND2X1/B,1,0.00202749,0.00202749,0.00194421,0.00194421,0.00202749,0.0,0.00202749,0.0,0.002027
candidates_i/n4155,candidates_i/U4252/Y,AOI22X1,NAND2X1/A,1,0.00211057,0.00211057,0.00188435,0.00188435,0.00211057,0.0,0.00211057,0.0,0.002111
candidates_i/n4156,candidates_i/U4254/Y,NAND2X1,MUX2X1/A,1,0.00279798,0.00279798,0.00262321,0.00262321,0.00279798,0.0,0.00279798,0.0,0.002798
candidates_i/n4157,candidates_i/U4251/Y,NAND2X1,MUX2X1/B,1,0.00274447,0.00274447,0.00256937,0.00256937,0.00274447,0.0,0.00274447,0.0,0.002744
candidates_i/n4159,candidates_i/U4257/Y,AOI22X1,AND2X2/B,1,0.00186944,0.00186944,0.00182011,0.00182011,0.00186944,0.0,0.00186944,0.0,0.001869
candidates_i/n4160,candidates_i/U4256/Y,AOI22X1,BUFX2/A,1,0.00153896,0.00153896,0.00150415,0.00150415,0.00153896,0.0,0.00153896,0.0,0.001539
candidates_i/n4164,candidates_i/U4261/Y,AOI22X1,NAND2X1/B,1,0.00202749,0.00202749,0.00194421,0.00194421,0.00202749,0.0,0.00202749,0.0,0.002027
candidates_i/n4165,candidates_i/U4260/Y,AOI22X1,NAND2X1/A,1,0.00211057,0.00211057,0.00188435,0.00188435,0.00211057,0.0,0.00211057,0.0,0.002111
candidates_i/n4166,candidates_i/U4264/Y,AOI22X1,NAND2X1/B,1,0.00202749,0.00202749,0.00194421,0.00194421,0.00202749,0.0,0.00202749,0.0,0.002027
candidates_i/n4167,candidates_i/U4263/Y,AOI22X1,NAND2X1/A,1,0.00211057,0.00211057,0.00188435,0.00188435,0.00211057,0.0,0.00211057,0.0,0.002111
candidates_i/n4168,candidates_i/U4265/Y,NAND2X1,MUX2X1/A,1,0.00279798,0.00279798,0.00262321,0.00262321,0.00279798,0.0,0.00279798,0.0,0.002798
candidates_i/n4169,candidates_i/U4262/Y,NAND2X1,MUX2X1/B,1,0.00274447,0.00274447,0.00256937,0.00256937,0.00274447,0.0,0.00274447,0.0,0.002744
candidates_i/n4171,candidates_i/U4268/Y,AOI22X1,AND2X2/B,1,0.00186944,0.00186944,0.00182011,0.00182011,0.00186944,0.0,0.00186944,0.0,0.001869
candidates_i/n4172,candidates_i/U4267/Y,AOI22X1,AND2X2/A,1,0.00179784,0.00179784,0.00176278,0.00176278,0.00179784,0.0,0.00179784,0.0,0.001798
candidates_i/n4176,candidates_i/U4272/Y,AOI22X1,NAND2X1/B,1,0.00202749,0.00202749,0.00194421,0.00194421,0.00202749,0.0,0.00202749,0.0,0.002027
candidates_i/n4177,candidates_i/U4271/Y,AOI22X1,NAND2X1/A,1,0.00211057,0.00211057,0.00188435,0.00188435,0.00211057,0.0,0.00211057,0.0,0.002111
candidates_i/n4178,candidates_i/U4275/Y,AOI22X1,NAND2X1/B,1,0.00202749,0.00202749,0.00194421,0.00194421,0.00202749,0.0,0.00202749,0.0,0.002027
candidates_i/n4179,candidates_i/U4274/Y,AOI22X1,NAND2X1/A,1,0.00211057,0.00211057,0.00188435,0.00188435,0.00211057,0.0,0.00211057,0.0,0.002111
candidates_i/n4180,candidates_i/U4276/Y,NAND2X1,MUX2X1/A,1,0.00279798,0.00279798,0.00262321,0.00262321,0.00279798,0.0,0.00279798,0.0,0.002798
candidates_i/n4181,candidates_i/U4273/Y,NAND2X1,MUX2X1/B,1,0.00274447,0.00274447,0.00256937,0.00256937,0.00274447,0.0,0.00274447,0.0,0.002744
candidates_i/n4183,candidates_i/U4279/Y,AOI22X1,AND2X2/B,1,0.00186944,0.00186944,0.00182011,0.00182011,0.00186944,0.0,0.00186944,0.0,0.001869
candidates_i/n4184,candidates_i/U4278/Y,AOI22X1,AND2X2/A,1,0.00179784,0.00179784,0.00176278,0.00176278,0.00179784,0.0,0.00179784,0.0,0.001798
candidates_i/n4188,candidates_i/U4283/Y,AOI22X1,NAND2X1/B,1,0.00202749,0.00202749,0.00194421,0.00194421,0.00202749,0.0,0.00202749,0.0,0.002027
candidates_i/n4189,candidates_i/U4282/Y,AOI22X1,NAND2X1/A,1,0.00211057,0.00211057,0.00188435,0.00188435,0.00211057,0.0,0.00211057,0.0,0.002111
candidates_i/n4190,candidates_i/U4286/Y,AOI22X1,NAND2X1/B,1,0.00202749,0.00202749,0.00194421,0.00194421,0.00202749,0.0,0.00202749,0.0,0.002027
candidates_i/n4191,candidates_i/U4285/Y,AOI22X1,NAND2X1/A,1,0.00211057,0.00211057,0.00188435,0.00188435,0.00211057,0.0,0.00211057,0.0,0.002111
candidates_i/n4192,candidates_i/U4287/Y,NAND2X1,MUX2X1/A,1,0.00279798,0.00279798,0.00262321,0.00262321,0.00279798,0.0,0.00279798,0.0,0.002798
candidates_i/n4193,candidates_i/U4284/Y,NAND2X1,MUX2X1/B,1,0.00274447,0.00274447,0.00256937,0.00256937,0.00274447,0.0,0.00274447,0.0,0.002744
candidates_i/n4194,candidates_i/U4290/Y,AOI22X1,AND2X2/B,1,0.00186944,0.00186944,0.00182011,0.00182011,0.00186944,0.0,0.00186944,0.0,0.001869
candidates_i/n4195,candidates_i/U4289/Y,AOI22X1,AND2X2/A,1,0.00179784,0.00179784,0.00176278,0.00176278,0.00179784,0.0,0.00179784,0.0,0.001798
candidates_i/n4199,candidates_i/U4294/Y,AOI22X1,NAND2X1/B,1,0.00202749,0.00202749,0.00194421,0.00194421,0.00202749,0.0,0.00202749,0.0,0.002027
candidates_i/n4200,candidates_i/U4293/Y,AOI22X1,NAND2X1/A,1,0.00211057,0.00211057,0.00188435,0.00188435,0.00211057,0.0,0.00211057,0.0,0.002111
candidates_i/n4201,candidates_i/U4297/Y,AOI22X1,NAND2X1/B,1,0.00202749,0.00202749,0.00194421,0.00194421,0.00202749,0.0,0.00202749,0.0,0.002027
candidates_i/n4202,candidates_i/U4296/Y,AOI22X1,NAND2X1/A,1,0.00211057,0.00211057,0.00188435,0.00188435,0.00211057,0.0,0.00211057,0.0,0.002111
candidates_i/n4203,candidates_i/U4298/Y,NAND2X1,MUX2X1/A,1,0.00279798,0.00279798,0.00262321,0.00262321,0.00279798,0.0,0.00279798,0.0,0.002798
candidates_i/n4204,candidates_i/U4295/Y,NAND2X1,MUX2X1/B,1,0.00274447,0.00274447,0.00256937,0.00256937,0.00274447,0.0,0.00274447,0.0,0.002744
candidates_i/n4205,candidates_i/U4301/Y,AOI22X1,AND2X2/B,1,0.00186944,0.00186944,0.00182011,0.00182011,0.00186944,0.0,0.00186944,0.0,0.001869
candidates_i/n4206,candidates_i/U4300/Y,AOI22X1,AND2X2/A,1,0.00179784,0.00179784,0.00176278,0.00176278,0.00179784,0.0,0.00179784,0.0,0.001798
candidates_i/n4210,candidates_i/U4305/Y,AOI22X1,NAND2X1/B,1,0.00202749,0.00202749,0.00194421,0.00194421,0.00202749,0.0,0.00202749,0.0,0.002027
candidates_i/n4211,candidates_i/U4304/Y,AOI22X1,NAND2X1/A,1,0.00211057,0.00211057,0.00188435,0.00188435,0.00211057,0.0,0.00211057,0.0,0.002111
candidates_i/n4212,candidates_i/U4308/Y,AOI22X1,NAND2X1/B,1,0.00202749,0.00202749,0.00194421,0.00194421,0.00202749,0.0,0.00202749,0.0,0.002027
candidates_i/n4213,candidates_i/U4307/Y,AOI22X1,NAND2X1/A,1,0.00211057,0.00211057,0.00188435,0.00188435,0.00211057,0.0,0.00211057,0.0,0.002111
candidates_i/n4214,candidates_i/U4309/Y,NAND2X1,MUX2X1/A,1,0.00279798,0.00279798,0.00262321,0.00262321,0.00279798,0.0,0.00279798,0.0,0.002798
candidates_i/n4215,candidates_i/U4306/Y,NAND2X1,MUX2X1/B,1,0.00274447,0.00274447,0.00256937,0.00256937,0.00274447,0.0,0.00274447,0.0,0.002744
candidates_i/n4216,candidates_i/U4312/Y,AOI22X1,AND2X2/B,1,0.00186944,0.00186944,0.00182011,0.00182011,0.00186944,0.0,0.00186944,0.0,0.001869
candidates_i/n4217,candidates_i/U4311/Y,AOI22X1,AND2X2/A,1,0.00179784,0.00179784,0.00176278,0.00176278,0.00179784,0.0,0.00179784,0.0,0.001798
candidates_i/n4222,candidates_i/U4316/Y,AOI22X1,NAND2X1/B,1,0.00202749,0.00202749,0.00194421,0.00194421,0.00202749,0.0,0.00202749,0.0,0.002027
candidates_i/n4223,candidates_i/U4315/Y,AOI22X1,NAND2X1/A,1,0.00211057,0.00211057,0.00188435,0.00188435,0.00211057,0.0,0.00211057,0.0,0.002111
candidates_i/n4224,candidates_i/U4319/Y,AOI22X1,NAND2X1/B,1,0.00202749,0.00202749,0.00194421,0.00194421,0.00202749,0.0,0.00202749,0.0,0.002027
candidates_i/n4225,candidates_i/U4318/Y,AOI22X1,NAND2X1/A,1,0.00211057,0.00211057,0.00188435,0.00188435,0.00211057,0.0,0.00211057,0.0,0.002111
candidates_i/n4226,candidates_i/U4320/Y,NAND2X1,MUX2X1/A,1,0.00279798,0.00279798,0.00262321,0.00262321,0.00279798,0.0,0.00279798,0.0,0.002798
candidates_i/n4227,candidates_i/U4317/Y,NAND2X1,MUX2X1/B,1,0.00274447,0.00274447,0.00256937,0.00256937,0.00274447,0.0,0.00274447,0.0,0.002744
candidates_i/n4231,candidates_i/U4323/Y,AOI22X1,AND2X2/B,1,0.00186944,0.00186944,0.00182011,0.00182011,0.00186944,0.0,0.00186944,0.0,0.001869
candidates_i/n4232,candidates_i/U4322/Y,AOI22X1,AND2X2/A,1,0.00179784,0.00179784,0.00176278,0.00176278,0.00179784,0.0,0.00179784,0.0,0.001798
candidates_i/n4236,candidates_i/U4327/Y,AOI22X1,NAND2X1/B,1,0.00202749,0.00202749,0.00194421,0.00194421,0.00202749,0.0,0.00202749,0.0,0.002027
candidates_i/n4237,candidates_i/U4326/Y,AOI22X1,NAND2X1/A,1,0.00211057,0.00211057,0.00188435,0.00188435,0.00211057,0.0,0.00211057,0.0,0.002111
candidates_i/n4238,candidates_i/U4330/Y,AOI22X1,NAND2X1/B,1,0.00202749,0.00202749,0.00194421,0.00194421,0.00202749,0.0,0.00202749,0.0,0.002027
candidates_i/n4239,candidates_i/U4329/Y,AOI22X1,NAND2X1/A,1,0.00211057,0.00211057,0.00188435,0.00188435,0.00211057,0.0,0.00211057,0.0,0.002111
candidates_i/n4240,candidates_i/U4331/Y,NAND2X1,MUX2X1/A,1,0.00279798,0.00279798,0.00262321,0.00262321,0.00279798,0.0,0.00279798,0.0,0.002798
candidates_i/n4241,candidates_i/U4328/Y,NAND2X1,MUX2X1/B,1,0.00274447,0.00274447,0.00256937,0.00256937,0.00274447,0.0,0.00274447,0.0,0.002744
candidates_i/n4243,candidates_i/U4334/Y,AOI22X1,AND2X2/B,1,0.00186944,0.00186944,0.00182011,0.00182011,0.00186944,0.0,0.00186944,0.0,0.001869
candidates_i/n4244,candidates_i/U4333/Y,AOI22X1,AND2X2/A,1,0.00179784,0.00179784,0.00176278,0.00176278,0.00179784,0.0,0.00179784,0.0,0.001798
candidates_i/n4248,candidates_i/U4338/Y,AOI22X1,NAND2X1/B,1,0.00202749,0.00202749,0.00194421,0.00194421,0.00202749,0.0,0.00202749,0.0,0.002027
candidates_i/n4249,candidates_i/U4337/Y,AOI22X1,NAND2X1/A,1,0.00211057,0.00211057,0.00188435,0.00188435,0.00211057,0.0,0.00211057,0.0,0.002111
candidates_i/n4250,candidates_i/U4341/Y,AOI22X1,NAND2X1/B,1,0.00202749,0.00202749,0.00194421,0.00194421,0.00202749,0.0,0.00202749,0.0,0.002027
candidates_i/n4251,candidates_i/U4340/Y,AOI22X1,NAND2X1/A,1,0.00211057,0.00211057,0.00188435,0.00188435,0.00211057,0.0,0.00211057,0.0,0.002111
candidates_i/n4252,candidates_i/U4342/Y,NAND2X1,MUX2X1/A,1,0.00279798,0.00279798,0.00262321,0.00262321,0.00279798,0.0,0.00279798,0.0,0.002798
candidates_i/n4253,candidates_i/U4339/Y,NAND2X1,MUX2X1/B,1,0.00274447,0.00274447,0.00256937,0.00256937,0.00274447,0.0,0.00274447,0.0,0.002744
candidates_i/n4255,candidates_i/U4345/Y,AOI22X1,AND2X2/B,1,0.00186944,0.00186944,0.00182011,0.00182011,0.00186944,0.0,0.00186944,0.0,0.001869
candidates_i/n4256,candidates_i/U4344/Y,AOI22X1,BUFX2/A,1,0.00153896,0.00153896,0.00150415,0.00150415,0.00153896,0.0,0.00153896,0.0,0.001539
candidates_i/n4260,candidates_i/U4349/Y,AOI22X1,NAND2X1/B,1,0.00202749,0.00202749,0.00194421,0.00194421,0.00202749,0.0,0.00202749,0.0,0.002027
candidates_i/n4261,candidates_i/U4348/Y,AOI22X1,NAND2X1/A,1,0.00211057,0.00211057,0.00188435,0.00188435,0.00211057,0.0,0.00211057,0.0,0.002111
candidates_i/n4262,candidates_i/U4352/Y,AOI22X1,NAND2X1/B,1,0.00202749,0.00202749,0.00194421,0.00194421,0.00202749,0.0,0.00202749,0.0,0.002027
candidates_i/n4263,candidates_i/U4351/Y,AOI22X1,NAND2X1/A,1,0.00211057,0.00211057,0.00188435,0.00188435,0.00211057,0.0,0.00211057,0.0,0.002111
candidates_i/n4264,candidates_i/U4353/Y,NAND2X1,MUX2X1/A,1,0.00279798,0.00279798,0.00262321,0.00262321,0.00279798,0.0,0.00279798,0.0,0.002798
candidates_i/n4265,candidates_i/U4350/Y,NAND2X1,MUX2X1/B,1,0.00274447,0.00274447,0.00256937,0.00256937,0.00274447,0.0,0.00274447,0.0,0.002744
candidates_i/n4267,candidates_i/U4356/Y,AOI22X1,AND2X2/B,1,0.00186944,0.00186944,0.00182011,0.00182011,0.00186944,0.0,0.00186944,0.0,0.001869
candidates_i/n4268,candidates_i/U4355/Y,AOI22X1,AND2X2/A,1,0.00179784,0.00179784,0.00176278,0.00176278,0.00179784,0.0,0.00179784,0.0,0.001798
candidates_i/n4272,candidates_i/U4360/Y,AOI22X1,NAND2X1/B,1,0.00202749,0.00202749,0.00194421,0.00194421,0.00202749,0.0,0.00202749,0.0,0.002027
candidates_i/n4273,candidates_i/U4359/Y,AOI22X1,NAND2X1/A,1,0.00211057,0.00211057,0.00188435,0.00188435,0.00211057,0.0,0.00211057,0.0,0.002111
candidates_i/n4274,candidates_i/U4363/Y,AOI22X1,NAND2X1/B,1,0.00202749,0.00202749,0.00194421,0.00194421,0.00202749,0.0,0.00202749,0.0,0.002027
candidates_i/n4275,candidates_i/U4362/Y,AOI22X1,NAND2X1/A,1,0.00211057,0.00211057,0.00188435,0.00188435,0.00211057,0.0,0.00211057,0.0,0.002111
candidates_i/n4276,candidates_i/U4364/Y,NAND2X1,MUX2X1/A,1,0.00279798,0.00279798,0.00262321,0.00262321,0.00279798,0.0,0.00279798,0.0,0.002798
candidates_i/n4277,candidates_i/U4361/Y,NAND2X1,MUX2X1/B,1,0.00274447,0.00274447,0.00256937,0.00256937,0.00274447,0.0,0.00274447,0.0,0.002744
candidates_i/n4281,candidates_i/U4367/Y,AOI22X1,AND2X2/B,1,0.00186944,0.00186944,0.00182011,0.00182011,0.00186944,0.0,0.00186944,0.0,0.001869
candidates_i/n4282,candidates_i/U4366/Y,AOI22X1,AND2X2/A,1,0.00179784,0.00179784,0.00176278,0.00176278,0.00179784,0.0,0.00179784,0.0,0.001798
candidates_i/n4286,candidates_i/U4371/Y,AOI22X1,NAND2X1/B,1,0.00202749,0.00202749,0.00194421,0.00194421,0.00202749,0.0,0.00202749,0.0,0.002027
candidates_i/n4287,candidates_i/U4370/Y,AOI22X1,NAND2X1/A,1,0.00211057,0.00211057,0.00188435,0.00188435,0.00211057,0.0,0.00211057,0.0,0.002111
candidates_i/n4288,candidates_i/U4374/Y,AOI22X1,NAND2X1/B,1,0.00202749,0.00202749,0.00194421,0.00194421,0.00202749,0.0,0.00202749,0.0,0.002027
candidates_i/n4289,candidates_i/U4373/Y,AOI22X1,NAND2X1/A,1,0.00211057,0.00211057,0.00188435,0.00188435,0.00211057,0.0,0.00211057,0.0,0.002111
candidates_i/n4290,candidates_i/U4375/Y,NAND2X1,MUX2X1/A,1,0.00279798,0.00279798,0.00262321,0.00262321,0.00279798,0.0,0.00279798,0.0,0.002798
candidates_i/n4291,candidates_i/U4372/Y,NAND2X1,MUX2X1/B,1,0.00274447,0.00274447,0.00256937,0.00256937,0.00274447,0.0,0.00274447,0.0,0.002744
candidates_i/n4294,candidates_i/U4378/Y,AOI22X1,AND2X2/B,1,0.00186944,0.00186944,0.00182011,0.00182011,0.00186944,0.0,0.00186944,0.0,0.001869
candidates_i/n4295,candidates_i/U4377/Y,AOI22X1,AND2X2/A,1,0.00179784,0.00179784,0.00176278,0.00176278,0.00179784,0.0,0.00179784,0.0,0.001798
candidates_i/n4300,candidates_i/U4382/Y,AOI22X1,NAND2X1/B,1,0.00202749,0.00202749,0.00194421,0.00194421,0.00202749,0.0,0.00202749,0.0,0.002027
candidates_i/n4301,candidates_i/U4381/Y,AOI22X1,NAND2X1/A,1,0.00211057,0.00211057,0.00188435,0.00188435,0.00211057,0.0,0.00211057,0.0,0.002111
candidates_i/n4302,candidates_i/U4385/Y,AOI22X1,NAND2X1/B,1,0.00202749,0.00202749,0.00194421,0.00194421,0.00202749,0.0,0.00202749,0.0,0.002027
candidates_i/n4303,candidates_i/U4384/Y,AOI22X1,NAND2X1/A,1,0.00211057,0.00211057,0.00188435,0.00188435,0.00211057,0.0,0.00211057,0.0,0.002111
candidates_i/n4304,candidates_i/U4386/Y,NAND2X1,MUX2X1/A,1,0.00279798,0.00279798,0.00262321,0.00262321,0.00279798,0.0,0.00279798,0.0,0.002798
candidates_i/n4305,candidates_i/U4383/Y,NAND2X1,MUX2X1/B,1,0.00274447,0.00274447,0.00256937,0.00256937,0.00274447,0.0,0.00274447,0.0,0.002744
candidates_i/n4307,candidates_i/U4389/Y,AOI22X1,BUFX2/A,1,0.00153896,0.00153896,0.00150415,0.00150415,0.00153896,0.0,0.00153896,0.0,0.001539
candidates_i/n4308,candidates_i/U4388/Y,AOI22X1,AND2X2/A,1,0.00179784,0.00179784,0.00176278,0.00176278,0.00179784,0.0,0.00179784,0.0,0.001798
candidates_i/n4313,candidates_i/U4393/Y,AOI22X1,NAND2X1/B,1,0.00202749,0.00202749,0.00194421,0.00194421,0.00202749,0.0,0.00202749,0.0,0.002027
candidates_i/n4314,candidates_i/U4392/Y,AOI22X1,NAND2X1/A,1,0.00211057,0.00211057,0.00188435,0.00188435,0.00211057,0.0,0.00211057,0.0,0.002111
candidates_i/n4315,candidates_i/U4396/Y,AOI22X1,NAND2X1/B,1,0.00202749,0.00202749,0.00194421,0.00194421,0.00202749,0.0,0.00202749,0.0,0.002027
candidates_i/n4316,candidates_i/U4395/Y,AOI22X1,NAND2X1/A,1,0.00211057,0.00211057,0.00188435,0.00188435,0.00211057,0.0,0.00211057,0.0,0.002111
candidates_i/n4317,candidates_i/U4397/Y,NAND2X1,MUX2X1/A,1,0.00279798,0.00279798,0.00262321,0.00262321,0.00279798,0.0,0.00279798,0.0,0.002798
candidates_i/n4318,candidates_i/U4394/Y,NAND2X1,MUX2X1/B,1,0.00274447,0.00274447,0.00256937,0.00256937,0.00274447,0.0,0.00274447,0.0,0.002744
candidates_i/n4319,candidates_i/U4400/Y,AOI22X1,AND2X2/B,1,0.00186944,0.00186944,0.00182011,0.00182011,0.00186944,0.0,0.00186944,0.0,0.001869
candidates_i/n4320,candidates_i/U4399/Y,AOI22X1,AND2X2/A,1,0.00179784,0.00179784,0.00176278,0.00176278,0.00179784,0.0,0.00179784,0.0,0.001798
candidates_i/n4324,candidates_i/U4404/Y,AOI22X1,NAND2X1/B,1,0.00202749,0.00202749,0.00194421,0.00194421,0.00202749,0.0,0.00202749,0.0,0.002027
candidates_i/n4325,candidates_i/U4403/Y,AOI22X1,NAND2X1/A,1,0.00211057,0.00211057,0.00188435,0.00188435,0.00211057,0.0,0.00211057,0.0,0.002111
candidates_i/n4326,candidates_i/U4407/Y,AOI22X1,NAND2X1/B,1,0.00202749,0.00202749,0.00194421,0.00194421,0.00202749,0.0,0.00202749,0.0,0.002027
candidates_i/n4327,candidates_i/U4406/Y,AOI22X1,NAND2X1/A,1,0.00211057,0.00211057,0.00188435,0.00188435,0.00211057,0.0,0.00211057,0.0,0.002111
candidates_i/n4328,candidates_i/U4408/Y,NAND2X1,MUX2X1/A,1,0.00279798,0.00279798,0.00262321,0.00262321,0.00279798,0.0,0.00279798,0.0,0.002798
candidates_i/n4329,candidates_i/U4405/Y,NAND2X1,MUX2X1/B,1,0.00274447,0.00274447,0.00256937,0.00256937,0.00274447,0.0,0.00274447,0.0,0.002744
candidates_i/n4333,candidates_i/U4411/Y,AOI22X1,AND2X2/B,1,0.00186944,0.00186944,0.00182011,0.00182011,0.00186944,0.0,0.00186944,0.0,0.001869
candidates_i/n4334,candidates_i/U4410/Y,AOI22X1,AND2X2/A,1,0.00179784,0.00179784,0.00176278,0.00176278,0.00179784,0.0,0.00179784,0.0,0.001798
candidates_i/n4339,candidates_i/U4415/Y,AOI22X1,NAND2X1/B,1,0.00202749,0.00202749,0.00194421,0.00194421,0.00202749,0.0,0.00202749,0.0,0.002027
candidates_i/n4340,candidates_i/U4414/Y,AOI22X1,NAND2X1/A,1,0.00211057,0.00211057,0.00188435,0.00188435,0.00211057,0.0,0.00211057,0.0,0.002111
candidates_i/n4341,candidates_i/U4418/Y,AOI22X1,NAND2X1/B,1,0.00202749,0.00202749,0.00194421,0.00194421,0.00202749,0.0,0.00202749,0.0,0.002027
candidates_i/n4342,candidates_i/U4417/Y,AOI22X1,NAND2X1/A,1,0.00211057,0.00211057,0.00188435,0.00188435,0.00211057,0.0,0.00211057,0.0,0.002111
candidates_i/n4343,candidates_i/U4419/Y,NAND2X1,MUX2X1/A,1,0.00279798,0.00279798,0.00262321,0.00262321,0.00279798,0.0,0.00279798,0.0,0.002798
candidates_i/n4344,candidates_i/U4416/Y,NAND2X1,MUX2X1/B,1,0.00274447,0.00274447,0.00256937,0.00256937,0.00274447,0.0,0.00274447,0.0,0.002744
candidates_i/n4347,candidates_i/U4422/Y,AOI22X1,AND2X2/B,1,0.00186944,0.00186944,0.00182011,0.00182011,0.00186944,0.0,0.00186944,0.0,0.001869
candidates_i/n4348,candidates_i/U4421/Y,AOI22X1,AND2X2/A,1,0.00179784,0.00179784,0.00176278,0.00176278,0.00179784,0.0,0.00179784,0.0,0.001798
candidates_i/n4353,candidates_i/U4218/Y,AOI21X1,BUFX2/A,1,0.00153896,0.00153896,0.00150415,0.00150415,0.00153896,0.0,0.00153896,0.0,0.001539
candidates_i/n4354,candidates_i/U4220/Y,AOI21X1,BUFX2/A,1,0.00153896,0.00153896,0.00150415,0.00150415,0.00153896,0.0,0.00153896,0.0,0.001539
candidates_i/n4355,candidates_i/U4222/Y,AOI21X1,BUFX2/A,1,0.00153896,0.00153896,0.00150415,0.00150415,0.00153896,0.0,0.00153896,0.0,0.001539
candidates_i/n4356,candidates_i/U4224/Y,AOI21X1,BUFX2/A,1,0.00153896,0.00153896,0.00150415,0.00150415,0.00153896,0.0,0.00153896,0.0,0.001539
candidates_i/n4357,candidates_i/U4226/Y,AOI21X1,BUFX2/A,1,0.00153896,0.00153896,0.00150415,0.00150415,0.00153896,0.0,0.00153896,0.0,0.001539
candidates_i/n4358,candidates_i/U4228/Y,AOI21X1,BUFX2/A,1,0.00153896,0.00153896,0.00150415,0.00150415,0.00153896,0.0,0.00153896,0.0,0.001539
candidates_i/n4359,candidates_i/U4230/Y,AOI21X1,BUFX2/A,1,0.00153896,0.00153896,0.00150415,0.00150415,0.00153896,0.0,0.00153896,0.0,0.001539
candidates_i/n4360,candidates_i/U4232/Y,AOI21X1,BUFX2/A,1,0.00153896,0.00153896,0.00150415,0.00150415,0.00153896,0.0,0.00153896,0.0,0.001539
candidates_i/n4361,candidates_i/U4234/Y,AOI21X1,BUFX2/A,1,0.00153896,0.00153896,0.00150415,0.00150415,0.00153896,0.0,0.00153896,0.0,0.001539
candidates_i/n4362,candidates_i/U4236/Y,AOI21X1,BUFX2/A,1,0.00153896,0.00153896,0.00150415,0.00150415,0.00153896,0.0,0.00153896,0.0,0.001539
candidates_i/n4364,candidates_i/U4238/Y,AOI21X1,BUFX2/A,1,0.00153896,0.00153896,0.00150415,0.00150415,0.00153896,0.0,0.00153896,0.0,0.001539
candidates_i/n4366,candidates_i/U4240/Y,AOI21X1,BUFX2/A,1,0.00153896,0.00153896,0.00150415,0.00150415,0.00153896,0.0,0.00153896,0.0,0.001539
candidates_i/n4367,candidates_i/U4242/Y,AOI21X1,BUFX2/A,1,0.00153896,0.00153896,0.00150415,0.00150415,0.00153896,0.0,0.00153896,0.0,0.001539
candidates_i/n4368,candidates_i/U4244/Y,AOI21X1,BUFX2/A,1,0.00153896,0.00153896,0.00150415,0.00150415,0.00153896,0.0,0.00153896,0.0,0.001539
candidates_i/n4369,candidates_i/U4246/Y,AOI21X1,BUFX2/A,1,0.00153896,0.00153896,0.00150415,0.00150415,0.00153896,0.0,0.00153896,0.0,0.001539
candidates_i/n4370,candidates_i/U4248/Y,AOI21X1,BUFX2/A,1,0.00153896,0.00153896,0.00150415,0.00150415,0.00153896,0.0,0.00153896,0.0,0.001539
candidates_i/n4375,candidates_i/U4247/Y,AOI21X1,BUFX2/A,1,0.00153896,0.00153896,0.00150415,0.00150415,0.00153896,0.0,0.00153896,0.0,0.001539
candidates_i/n4376,candidates_i/U4245/Y,AOI21X1,BUFX2/A,1,0.00153896,0.00153896,0.00150415,0.00150415,0.00153896,0.0,0.00153896,0.0,0.001539
candidates_i/n4377,candidates_i/U4243/Y,AOI21X1,BUFX2/A,1,0.00153896,0.00153896,0.00150415,0.00150415,0.00153896,0.0,0.00153896,0.0,0.001539
candidates_i/n4378,candidates_i/U4241/Y,AOI21X1,BUFX2/A,1,0.00153896,0.00153896,0.00150415,0.00150415,0.00153896,0.0,0.00153896,0.0,0.001539
candidates_i/n4379,candidates_i/U4239/Y,AOI21X1,BUFX2/A,1,0.00153896,0.00153896,0.00150415,0.00150415,0.00153896,0.0,0.00153896,0.0,0.001539
candidates_i/n4380,candidates_i/U4237/Y,AOI21X1,BUFX2/A,1,0.00153896,0.00153896,0.00150415,0.00150415,0.00153896,0.0,0.00153896,0.0,0.001539
candidates_i/n4381,candidates_i/U4235/Y,AOI21X1,BUFX2/A,1,0.00153896,0.00153896,0.00150415,0.00150415,0.00153896,0.0,0.00153896,0.0,0.001539
candidates_i/n4382,candidates_i/U4233/Y,AOI21X1,BUFX2/A,1,0.00153896,0.00153896,0.00150415,0.00150415,0.00153896,0.0,0.00153896,0.0,0.001539
candidates_i/n4383,candidates_i/U4231/Y,AOI21X1,BUFX2/A,1,0.00153896,0.00153896,0.00150415,0.00150415,0.00153896,0.0,0.00153896,0.0,0.001539
candidates_i/n4384,candidates_i/U4229/Y,AOI21X1,BUFX2/A,1,0.00153896,0.00153896,0.00150415,0.00150415,0.00153896,0.0,0.00153896,0.0,0.001539
candidates_i/n4385,candidates_i/U4227/Y,AOI21X1,BUFX2/A,1,0.00153896,0.00153896,0.00150415,0.00150415,0.00153896,0.0,0.00153896,0.0,0.001539
candidates_i/n4386,candidates_i/U4225/Y,AOI21X1,BUFX2/A,1,0.00153896,0.00153896,0.00150415,0.00150415,0.00153896,0.0,0.00153896,0.0,0.001539
candidates_i/n4387,candidates_i/U4223/Y,AOI21X1,BUFX2/A,1,0.00153896,0.00153896,0.00150415,0.00150415,0.00153896,0.0,0.00153896,0.0,0.001539
candidates_i/n4388,candidates_i/U4221/Y,AOI21X1,BUFX2/A,1,0.00153896,0.00153896,0.00150415,0.00150415,0.00153896,0.0,0.00153896,0.0,0.001539
candidates_i/n4389,candidates_i/U4219/Y,AOI21X1,BUFX2/A,1,0.00153896,0.00153896,0.00150415,0.00150415,0.00153896,0.0,0.00153896,0.0,0.001539
candidates_i/n4390,candidates_i/U4217/Y,AOI21X1,BUFX2/A,1,0.00153896,0.00153896,0.00150415,0.00150415,0.00153896,0.0,0.00153896,0.0,0.001539
candidates_i/n451,candidates_i/U745/Y,NAND2X1,AND2X2/A,1,0.00179784,0.00179784,0.00176278,0.00176278,0.00179784,0.0,0.00179784,0.0,0.001798
candidates_i/n452,candidates_i/U746/Y,NAND2X1,AND2X2/B,1,0.00186944,0.00186944,0.00182011,0.00182011,0.00186944,0.0,0.00186944,0.0,0.001869
candidates_i/n467,candidates_i/U764/Y,NOR2X1,AND2X2/B,1,0.00186944,0.00186944,0.00182011,0.00182011,0.00186944,0.0,0.00186944,0.0,0.001869
candidates_i/n471,candidates_i/U771/Y,NOR2X1,INVX1/A,1,0.00155103,0.00155103,0.00147616,0.00147616,0.00155103,0.0,0.00155103,0.0,0.001551
candidates_i/n475,candidates_i/U773/Y,NOR2X1,INVX1/A,1,0.00155103,0.00155103,0.00147616,0.00147616,0.00155103,0.0,0.00155103,0.0,0.001551
candidates_i/n503,candidates_i/U809/Y,NOR2X1,INVX1/A,1,0.00155103,0.00155103,0.00147616,0.00147616,0.00155103,0.0,0.00155103,0.0,0.001551
candidates_i/n508,candidates_i/U816/Y,NOR2X1,INVX1/A;INVX1/A,2,0.00310206,0.00310206,0.00295232,0.00295232,0.00310206,0.0,0.00310206,0.0,0.003102
candidates_i/n578,candidates_i/U919/Y,NAND2X1,INVX1/A,1,0.00155103,0.00155103,0.00147616,0.00147616,0.00155103,0.0,0.00155103,0.0,0.001551
candidates_i/n579,candidates_i/U922/Y,NAND2X1,NOR2X1/B,1,0.00236501,0.00236501,0.00229711,0.00229711,0.00236501,0.0,0.00236501,0.0,0.002365
candidates_i/n581,candidates_i/U926/Y,NOR2X1,AND2X2/A,1,0.00179784,0.00179784,0.00176278,0.00176278,0.00179784,0.0,0.00179784,0.0,0.001798
candidates_i/n590,candidates_i/U938/Y,NAND2X1,NOR3X1/C,1,0.00328822,0.00328822,0.00322576,0.00322576,0.00328822,0.0,0.00328822,0.0,0.003288
candidates_i/n595,candidates_i/U944/Y,NAND2X1,NOR3X1/A,1,0.00302113,0.00302113,0.00301081,0.00301081,0.00302113,0.0,0.00302113,0.0,0.003021
candidates_i/n597,candidates_i/U947/Y,NAND2X1,XOR2X1/A,1,0.00539601,0.00539601,0.00499683,0.00499683,0.00539601,0.0,0.00539601,0.0,0.005396
candidates_i/n598,candidates_i/U948/Y,NOR2X1,BUFX2/A,1,0.00153896,0.00153896,0.00150415,0.00150415,0.00153896,0.0,0.00153896,0.0,0.001539
candidates_i/n609,candidates_i/U959/Y,NAND2X1,XNOR2X1/A,1,0.00500113,0.00500113,0.00461621,0.00461621,0.00500113,0.0,0.00500113,0.0,0.005001
candidates_i/n610,candidates_i/U961/Y,NAND2X1,XNOR2X1/A,1,0.00500113,0.00500113,0.00461621,0.00461621,0.00500113,0.0,0.00500113,0.0,0.005001
candidates_i/n624,candidates_i/U977/Y,NAND3X1,BUFX2/A,1,0.00153896,0.00153896,0.00150415,0.00150415,0.00153896,0.0,0.00153896,0.0,0.001539
candidates_i/n626,candidates_i/U984/Y,NAND2X1,NOR2X1/A,1,0.00224248,0.00224248,0.00220861,0.00220861,0.00224248,0.0,0.00224248,0.0,0.002242
candidates_i/n629,candidates_i/U990/Y,NOR2X1,NAND2X1/A,1,0.00211057,0.00211057,0.00188435,0.00188435,0.00211057,0.0,0.00211057,0.0,0.002111
candidates_i/n643,candidates_i/U1008/Y,NAND2X1,INVX1/A,1,0.00155103,0.00155103,0.00147616,0.00147616,0.00155103,0.0,0.00155103,0.0,0.001551
candidates_i/n648,candidates_i/U1015/Y,NAND2X1,INVX4/A,1,0.0050916,0.00508038,0.0050916,0.00508038,0.0050916,0.0,0.0050916,0.0,0.005092
candidates_i/n651,candidates_i/U1017/Y,NAND2X1,NAND2X1/A,1,0.00211057,0.00211057,0.00188435,0.00188435,0.00211057,0.0,0.00211057,0.0,0.002111
candidates_i/n652,candidates_i/U1018/Y,NAND2X1,NAND2X1/B,1,0.00202749,0.00202749,0.00194421,0.00194421,0.00202749,0.0,0.00202749,0.0,0.002027
candidates_i/n653,candidates_i/U1023/Y,NAND2X1,NOR2X1/A,1,0.00224248,0.00224248,0.00220861,0.00220861,0.00224248,0.0,0.00224248,0.0,0.002242
candidates_i/n655,candidates_i/U1025/Y,NAND2X1,XOR2X1/A,1,0.00539601,0.00539601,0.00499683,0.00499683,0.00539601,0.0,0.00539601,0.0,0.005396
candidates_i/n661,candidates_i/U1036/Y,NAND2X1,XNOR2X1/A,1,0.00500113,0.00500113,0.00461621,0.00461621,0.00500113,0.0,0.00500113,0.0,0.005001
candidates_i/n665,candidates_i/U1043/Y,NOR2X1,AND2X2/B,1,0.00186944,0.00186944,0.00182011,0.00182011,0.00186944,0.0,0.00186944,0.0,0.001869
candidates_i/n673,candidates_i/U1063/Y,NAND2X1,INVX1/A;INVX1/A,2,0.00310206,0.00310206,0.00295232,0.00295232,0.00310206,0.0,0.00310206,0.0,0.003102
candidates_i/n675,candidates_i/U1066/Y,NAND2X1,INVX1/A,1,0.00155103,0.00155103,0.00147616,0.00147616,0.00155103,0.0,0.00155103,0.0,0.001551
candidates_i/n678,candidates_i/U1070/Y,NOR2X1,AND2X2/A;INVX1/A,2,0.00334887,0.00334887,0.00323894,0.00323894,0.00334887,0.0,0.00334887,0.0,0.003349
candidates_i/n682,candidates_i/U1077/Y,NAND2X1,INVX1/A;INVX4/A,2,0.00664263,0.00663141,0.00656776,0.00656776,0.00663141,0.0,0.00663141,0.0,0.006643
candidates_i/n685,candidates_i/U1086/Y,NAND3X1,INVX1/A;NOR3X1/B,2,0.0046180299999999995,0.00461436,0.00454316,0.00454316,0.00461436,0.0,0.00461436,0.0,0.004618
candidates_i/n689,candidates_i/U1090/Y,NAND2X1,NOR3X1/C,1,0.00328822,0.00328822,0.00322576,0.00322576,0.00328822,0.0,0.00328822,0.0,0.003288
candidates_i/n700,candidates_i/U1106/Y,NAND2X1,XNOR2X1/A,1,0.00500113,0.00500113,0.00461621,0.00461621,0.00500113,0.0,0.00500113,0.0,0.005001
candidates_i/n702,candidates_i/U1109/Y,NAND2X1,AND2X2/A,1,0.00179784,0.00179784,0.00176278,0.00176278,0.00179784,0.0,0.00179784,0.0,0.001798
candidates_i/n704,candidates_i/U1111/Y,NOR2X1,INVX1/A,1,0.00155103,0.00155103,0.00147616,0.00147616,0.00155103,0.0,0.00155103,0.0,0.001551
candidates_i/n706,candidates_i/U1118/Y,NAND2X1,INVX1/A,1,0.00155103,0.00155103,0.00147616,0.00147616,0.00155103,0.0,0.00155103,0.0,0.001551
candidates_i/n721,candidates_i/U1103/Y,NAND2X1,NOR3X1/B,1,0.003067,0.00306333,0.003067,0.00306333,0.003067,0.0,0.003067,0.0,0.003067
candidates_i/n723,candidates_i/U1149/Y,NAND3X1,NOR3X1/B,1,0.003067,0.00306333,0.003067,0.00306333,0.003067,0.0,0.003067,0.0,0.003067
candidates_i/n732,candidates_i/U1155/Y,NOR2X1,NAND2X1/B,1,0.00202749,0.00202749,0.00194421,0.00194421,0.00202749,0.0,0.00202749,0.0,0.002027
candidates_i/n741,candidates_i/U1165/Y,NAND2X1,NOR3X1/C,1,0.00328822,0.00328822,0.00322576,0.00322576,0.00328822,0.0,0.00328822,0.0,0.003288
candidates_i/n742,candidates_i/U1166/Y,NOR2X1,AND2X2/B,1,0.00186944,0.00186944,0.00182011,0.00182011,0.00186944,0.0,0.00186944,0.0,0.001869
candidates_i/n749,candidates_i/U1176/Y,NAND3X1,NOR3X1/C,1,0.00328822,0.00328822,0.00322576,0.00322576,0.00328822,0.0,0.00328822,0.0,0.003288
candidates_i/n761,candidates_i/U1203/Y,NOR2X1,NAND2X1/B,1,0.00202749,0.00202749,0.00194421,0.00194421,0.00202749,0.0,0.00202749,0.0,0.002027
candidates_i/n762,candidates_i/U1204/Y,NAND2X1,NOR2X1/B,1,0.00236501,0.00236501,0.00229711,0.00229711,0.00236501,0.0,0.00236501,0.0,0.002365
candidates_i/n765,candidates_i/U1209/Y,NAND2X1,AND2X2/B,1,0.00186944,0.00186944,0.00182011,0.00182011,0.00186944,0.0,0.00186944,0.0,0.001869
candidates_i/n766,candidates_i/U1210/Y,NAND2X1,AND2X2/A,1,0.00179784,0.00179784,0.00176278,0.00176278,0.00179784,0.0,0.00179784,0.0,0.001798
candidates_i/n768,candidates_i/U1213/Y,NAND2X1,INVX1/A;NOR2X1/B,2,0.00391604,0.00391604,0.0037732700000000004,0.00377327,0.00391604,0.0,0.00391604,0.0,0.003916
candidates_i/n769,candidates_i/U1214/Y,NAND2X1,AND2X2/A,1,0.00179784,0.00179784,0.00176278,0.00176278,0.00179784,0.0,0.00179784,0.0,0.001798
candidates_i/n770,candidates_i/U1215/Y,NAND2X1,AND2X2/B,1,0.00186944,0.00186944,0.00182011,0.00182011,0.00186944,0.0,0.00186944,0.0,0.001869
candidates_i/n773,candidates_i/U1221/Y,NAND2X1,XNOR2X1/A,1,0.00500113,0.00500113,0.00461621,0.00461621,0.00500113,0.0,0.00500113,0.0,0.005001
candidates_i/n774,candidates_i/U1222/Y,NAND3X1,NOR3X1/C,1,0.00328822,0.00328822,0.00322576,0.00322576,0.00328822,0.0,0.00328822,0.0,0.003288
candidates_i/n778,candidates_i/U1228/Y,NOR2X1,AND2X2/A,1,0.00179784,0.00179784,0.00176278,0.00176278,0.00179784,0.0,0.00179784,0.0,0.001798
candidates_i/n781,candidates_i/U1229/Y,NAND2X1,NAND2X1/A,1,0.00211057,0.00211057,0.00188435,0.00188435,0.00211057,0.0,0.00211057,0.0,0.002111
candidates_i/n782,candidates_i/U1230/Y,NAND2X1,NAND2X1/B,1,0.00202749,0.00202749,0.00194421,0.00194421,0.00202749,0.0,0.00202749,0.0,0.002027
candidates_i/n793,candidates_i/U1247/Y,NAND2X1,XNOR2X1/A,1,0.00500113,0.00500113,0.00461621,0.00461621,0.00500113,0.0,0.00500113,0.0,0.005001
candidates_i/n796,candidates_i/U1251/Y,NAND2X1,INVX1/A,1,0.00155103,0.00155103,0.00147616,0.00147616,0.00155103,0.0,0.00155103,0.0,0.001551
candidates_i/n800,candidates_i/U1263/Y,NAND2X1,NOR2X1/A,1,0.00224248,0.00224248,0.00220861,0.00220861,0.00224248,0.0,0.00224248,0.0,0.002242
candidates_i/n808,candidates_i/U1277/Y,NAND2X1,AND2X2/A,1,0.00179784,0.00179784,0.00176278,0.00176278,0.00179784,0.0,0.00179784,0.0,0.001798
candidates_i/n809,candidates_i/U1278/Y,NAND2X1,AND2X2/B,1,0.00186944,0.00186944,0.00182011,0.00182011,0.00186944,0.0,0.00186944,0.0,0.001869
candidates_i/n811,candidates_i/U1284/Y,NAND2X1,NAND2X1/A,1,0.00211057,0.00211057,0.00188435,0.00188435,0.00211057,0.0,0.00211057,0.0,0.002111
candidates_i/n812,candidates_i/U1285/Y,NAND2X1,NAND2X1/B,1,0.00202749,0.00202749,0.00194421,0.00194421,0.00202749,0.0,0.00202749,0.0,0.002027
candidates_i/n817,candidates_i/U1290/Y,NAND3X1,INVX1/A,1,0.00155103,0.00155103,0.00147616,0.00147616,0.00155103,0.0,0.00155103,0.0,0.001551
candidates_i/n823,candidates_i/U1300/Y,NAND2X1,XNOR2X1/A,1,0.00500113,0.00500113,0.00461621,0.00461621,0.00500113,0.0,0.00500113,0.0,0.005001
candidates_i/n824,candidates_i/U1242/Y,NOR2X1,AND2X2/B,1,0.00186944,0.00186944,0.00182011,0.00182011,0.00186944,0.0,0.00186944,0.0,0.001869
candidates_i/n835,candidates_i/U1320/Y,NAND2X1,XNOR2X1/A,1,0.00500113,0.00500113,0.00461621,0.00461621,0.00500113,0.0,0.00500113,0.0,0.005001
candidates_i/n840,candidates_i/U1330/Y,NAND2X1,XNOR2X1/A,1,0.00500113,0.00500113,0.00461621,0.00461621,0.00500113,0.0,0.00500113,0.0,0.005001
candidates_i/n841,candidates_i/U1332/Y,NAND2X1,XNOR2X1/A,1,0.00500113,0.00500113,0.00461621,0.00461621,0.00500113,0.0,0.00500113,0.0,0.005001
candidates_i/n845,candidates_i/U1337/Y,NAND2X1,XNOR2X1/B,1,0.00558933,0.00558933,0.00500383,0.00500383,0.00558933,0.0,0.00558933,0.0,0.005589
candidates_i/n849,candidates_i/U1344/Y,NAND2X1,XNOR2X1/B,1,0.00558933,0.00558933,0.00500383,0.00500383,0.00558933,0.0,0.00558933,0.0,0.005589
candidates_i/n851,candidates_i/U1353/Y,NAND2X1,NOR3X1/A,1,0.00302113,0.00302113,0.00301081,0.00301081,0.00302113,0.0,0.00302113,0.0,0.003021
candidates_i/n854,candidates_i/U1359/Y,NOR2X1,INVX1/A,1,0.00155103,0.00155103,0.00147616,0.00147616,0.00155103,0.0,0.00155103,0.0,0.001551
candidates_i/n859,candidates_i/U1368/Y,NAND2X1,INVX4/A,1,0.0050916,0.00508038,0.0050916,0.00508038,0.0050916,0.0,0.0050916,0.0,0.005092
candidates_i/n863,candidates_i/U1375/Y,NAND2X1,NAND2X1/A,1,0.00211057,0.00211057,0.00188435,0.00188435,0.00211057,0.0,0.00211057,0.0,0.002111
candidates_i/n864,candidates_i/U1376/Y,NAND2X1,NAND2X1/B,1,0.00202749,0.00202749,0.00194421,0.00194421,0.00202749,0.0,0.00202749,0.0,0.002027
candidates_i/n867,candidates_i/U1381/Y,NAND2X1,NAND2X1/A,1,0.00211057,0.00211057,0.00188435,0.00188435,0.00211057,0.0,0.00211057,0.0,0.002111
candidates_i/n868,candidates_i/U1382/Y,NAND2X1,NAND2X1/B,1,0.00202749,0.00202749,0.00194421,0.00194421,0.00202749,0.0,0.00202749,0.0,0.002027
candidates_i/n870,candidates_i/U1398/Y,NAND2X1,XNOR2X1/A,1,0.00500113,0.00500113,0.00461621,0.00461621,0.00500113,0.0,0.00500113,0.0,0.005001
candidates_i/n871,candidates_i/U1402/Y,NAND2X1,OR2X2/B,1,0.00234214,0.00228252,0.00234214,0.00228252,0.00234214,0.0,0.00234214,0.0,0.002342
candidates_i/n872,candidates_i/U1404/Y,NAND2X1,XOR2X1/A,1,0.00539601,0.00539601,0.00499683,0.00499683,0.00539601,0.0,0.00539601,0.0,0.005396
candidates_i/n874,candidates_i/U1405/Y,NAND3X1,INVX1/A,1,0.00155103,0.00155103,0.00147616,0.00147616,0.00155103,0.0,0.00155103,0.0,0.001551
candidates_i/n877,candidates_i/U1407/Y,NAND2X1,INVX4/A,1,0.0050916,0.00508038,0.0050916,0.00508038,0.0050916,0.0,0.0050916,0.0,0.005092
candidates_i/n878,candidates_i/U1414/Y,NAND2X1,NOR2X1/B,1,0.00236501,0.00236501,0.00229711,0.00229711,0.00236501,0.0,0.00236501,0.0,0.002365
candidates_i/n880,candidates_i/U1231/Y,NAND2X1,NAND2X1/A,1,0.00211057,0.00211057,0.00188435,0.00188435,0.00211057,0.0,0.00211057,0.0,0.002111
candidates_i/n884,candidates_i/U1421/Y,NAND2X1,XNOR2X1/A,1,0.00500113,0.00500113,0.00461621,0.00461621,0.00500113,0.0,0.00500113,0.0,0.005001
candidates_i/n885,candidates_i/U1422/Y,NAND2X1,INVX4/A,1,0.0050916,0.00508038,0.0050916,0.00508038,0.0050916,0.0,0.0050916,0.0,0.005092
candidates_i/n888,candidates_i/U1428/Y,NOR2X1,NAND3X1/A,1,0.00254759,0.00254759,0.00220852,0.00220852,0.00254759,0.0,0.00254759,0.0,0.002548
candidates_i/n889,candidates_i/U1430/Y,NAND2X1,INVX1/A;NOR2X1/A,2,0.00379351,0.00379351,0.0036847700000000004,0.00368477,0.00379351,0.0,0.00379351,0.0,0.003794
candidates_i/n892,candidates_i/U1434/Y,NAND2X1,OR2X2/B,1,0.00234214,0.00228252,0.00234214,0.00228252,0.00234214,0.0,0.00234214,0.0,0.002342
candidates_i/n912,candidates_i/U1462/Y,NOR2X1,INVX1/A,1,0.00155103,0.00155103,0.00147616,0.00147616,0.00155103,0.0,0.00155103,0.0,0.001551
candidates_i/n916,candidates_i/U1469/Y,NOR2X1,AND2X2/B,1,0.00186944,0.00186944,0.00182011,0.00182011,0.00186944,0.0,0.00186944,0.0,0.001869
candidates_i/n919,candidates_i/U1463/Y,NOR2X1,NAND3X1/B,1,0.00283213,0.00283213,0.00259978,0.00259978,0.00283213,0.0,0.00283213,0.0,0.002832
candidates_i/n921,candidates_i/U1446/Y,NAND2X1,NOR2X1/A,1,0.00224248,0.00224248,0.00220861,0.00220861,0.00224248,0.0,0.00224248,0.0,0.002242
candidates_i/n922,candidates_i/U1478/Y,NOR2X1,NAND2X1/A,1,0.00211057,0.00211057,0.00188435,0.00188435,0.00211057,0.0,0.00211057,0.0,0.002111
candidates_i/n925,candidates_i/U1482/Y,NAND2X1,INVX4/A,1,0.0050916,0.00508038,0.0050916,0.00508038,0.0050916,0.0,0.0050916,0.0,0.005092
candidates_i/n928,candidates_i/U1490/Y,NAND3X1,INVX1/A,1,0.00155103,0.00155103,0.00147616,0.00147616,0.00155103,0.0,0.00155103,0.0,0.001551
candidates_i/n931,candidates_i/U1494/Y,NOR2X1,BUFX2/A;NAND3X1/B,2,0.00437109,0.00437109,0.00410393,0.00410393,0.00437109,0.0,0.00437109,0.0,0.004371
candidates_i/n933,candidates_i/U1496/Y,NOR2X1,NAND2X1/A,1,0.00211057,0.00211057,0.00188435,0.00188435,0.00211057,0.0,0.00211057,0.0,0.002111
candidates_i/n934,candidates_i/U1500/Y,NAND2X1,INVX1/A,1,0.00155103,0.00155103,0.00147616,0.00147616,0.00155103,0.0,0.00155103,0.0,0.001551
candidates_i/n940,candidates_i/U1506/Y,NAND2X1,INVX2/A;OR2X2/A,2,0.00497383,0.00494697,0.00497383,0.00494697,0.00497383,0.0,0.00497383,0.0,0.004974
candidates_i/n943,candidates_i/U1509/Y,NAND2X1,NAND2X1/B,1,0.00202749,0.00202749,0.00194421,0.00194421,0.00202749,0.0,0.00202749,0.0,0.002027
candidates_i/n944,candidates_i/U1510/Y,NAND2X1,NAND2X1/A,1,0.00211057,0.00211057,0.00188435,0.00188435,0.00211057,0.0,0.00211057,0.0,0.002111
candidates_i/n945,candidates_i/U1513/Y,NAND2X1,AND2X2/A,1,0.00179784,0.00179784,0.00176278,0.00176278,0.00179784,0.0,0.00179784,0.0,0.001798
candidates_i/n946,candidates_i/U1514/Y,NAND2X1,AND2X2/B,1,0.00186944,0.00186944,0.00182011,0.00182011,0.00186944,0.0,0.00186944,0.0,0.001869
candidates_i/n950,candidates_i/U1526/Y,NAND2X1,OR2X2/B,1,0.00234214,0.00228252,0.00234214,0.00228252,0.00234214,0.0,0.00234214,0.0,0.002342
candidates_i/n951,candidates_i/U1527/Y,NAND2X1,NOR3X1/A,1,0.00302113,0.00302113,0.00301081,0.00301081,0.00302113,0.0,0.00302113,0.0,0.003021
candidates_i/n953,candidates_i/U1529/Y,NAND2X1,INVX1/A;INVX4/A,2,0.00664263,0.00663141,0.00656776,0.00656776,0.00663141,0.0,0.00663141,0.0,0.006643
candidates_i/n954,candidates_i/U1530/Y,NOR2X1,INVX1/A;INVX2/A,2,0.0042236899999999996,0.00420624,0.00414882,0.00414882,0.00420624,0.0,0.00420624,0.0,0.004224
candidates_i/n955,candidates_i/U1531/Y,NAND2X1,INVX1/A,1,0.00155103,0.00155103,0.00147616,0.00147616,0.00155103,0.0,0.00155103,0.0,0.001551
candidates_i/n964,candidates_i/U1544/Y,NAND2X1,XNOR2X1/A,1,0.00500113,0.00500113,0.00461621,0.00461621,0.00500113,0.0,0.00500113,0.0,0.005001
candidates_i/n969,candidates_i/U1551/Y,NAND2X1,INVX1/A,1,0.00155103,0.00155103,0.00147616,0.00147616,0.00155103,0.0,0.00155103,0.0,0.001551
candidates_i/n974,candidates_i/U1563/Y,NAND2X1,AOI21X1/C,1,0.00238603,0.00238603,0.00231224,0.00231224,0.00238603,0.0,0.00238603,0.0,0.002386
candidates_i/n975,candidates_i/U1565/Y,NAND2X1,NOR3X1/A,1,0.00302113,0.00302113,0.00301081,0.00301081,0.00302113,0.0,0.00302113,0.0,0.003021
candidates_i/n976,candidates_i/U1566/Y,NAND2X1,INVX4/A,1,0.0050916,0.00508038,0.0050916,0.00508038,0.0050916,0.0,0.0050916,0.0,0.005092
candidates_i/n979,candidates_i/U1569/Y,NAND2X1,XNOR2X1/A,1,0.00500113,0.00500113,0.00461621,0.00461621,0.00500113,0.0,0.00500113,0.0,0.005001
candidates_i/n980,candidates_i/U1572/Y,NAND2X1,NOR3X1/A,1,0.00302113,0.00302113,0.00301081,0.00301081,0.00302113,0.0,0.00302113,0.0,0.003021
candidates_i/n981,candidates_i/U1574/Y,NAND2X1,XNOR2X1/B,1,0.00558933,0.00558933,0.00500383,0.00500383,0.00558933,0.0,0.00558933,0.0,0.005589
candidates_i/n986,candidates_i/U1580/Y,NAND2X1,NOR2X1/B,1,0.00236501,0.00236501,0.00229711,0.00229711,0.00236501,0.0,0.00236501,0.0,0.002365
candidates_i/n987,candidates_i/U1581/Y,NOR2X1,AND2X2/A,1,0.00179784,0.00179784,0.00176278,0.00176278,0.00179784,0.0,0.00179784,0.0,0.001798
candidates_i/n991,candidates_i/U1585/Y,NOR2X1,INVX1/A,1,0.00155103,0.00155103,0.00147616,0.00147616,0.00155103,0.0,0.00155103,0.0,0.001551
candidates_i/n993,candidates_i/U1588/Y,NAND2X1,INVX4/A,1,0.0050916,0.00508038,0.0050916,0.00508038,0.0050916,0.0,0.0050916,0.0,0.005092
candidates_i/n995,candidates_i/U1590/Y,NAND2X1,INVX1/A,1,0.00155103,0.00155103,0.00147616,0.00147616,0.00155103,0.0,0.00155103,0.0,0.001551
candidates_i/n996,candidates_i/U1591/Y,NAND2X1,XNOR2X1/A,1,0.00500113,0.00500113,0.00461621,0.00461621,0.00500113,0.0,0.00500113,0.0,0.005001
frfcfs_scheduler_i/N1600,frfcfs_scheduler_i/U2158/Y,NAND2X1,NAND2X1/A,1,0.00211057,0.00211057,0.00188435,0.00188435,0.00211057,0.0,0.00211057,0.0,0.002111
frfcfs_scheduler_i/N1601,frfcfs_scheduler_i/U2161/Y,NAND2X1,NAND2X1/A,1,0.00211057,0.00211057,0.00188435,0.00188435,0.00211057,0.0,0.00211057,0.0,0.002111
frfcfs_scheduler_i/N1602,frfcfs_scheduler_i/U2164/Y,NAND2X1,NAND2X1/A,1,0.00211057,0.00211057,0.00188435,0.00188435,0.00211057,0.0,0.00211057,0.0,0.002111
frfcfs_scheduler_i/N1603,frfcfs_scheduler_i/U2167/Y,NAND2X1,NAND2X1/A,1,0.00211057,0.00211057,0.00188435,0.00188435,0.00211057,0.0,0.00211057,0.0,0.002111
frfcfs_scheduler_i/N3200,frfcfs_scheduler_i/U1130/Y,NAND2X1,AND2X2/A;NAND3X1/C,2,0.00475893,0.00475893,0.00459438,0.00459438,0.00475893,0.0,0.00475893,0.0,0.004759
frfcfs_scheduler_i/n1000,frfcfs_scheduler_i/U1449/Y,AOI22X1,AND2X2/A,1,0.00179784,0.00179784,0.00176278,0.00176278,0.00179784,0.0,0.00179784,0.0,0.001798
frfcfs_scheduler_i/n1002,frfcfs_scheduler_i/U1448/Y,AOI22X1,NAND3X1/B,1,0.00283213,0.00283213,0.00259978,0.00259978,0.00283213,0.0,0.00283213,0.0,0.002832
frfcfs_scheduler_i/n1003,frfcfs_scheduler_i/U1447/Y,AOI21X1,NAND3X1/A,1,0.00254759,0.00254759,0.00220852,0.00220852,0.00254759,0.0,0.00254759,0.0,0.002548
frfcfs_scheduler_i/n1004,frfcfs_scheduler_i/U1455/Y,AOI22X1,OAI21X1/C,1,0.00200991,0.00200991,0.0019239,0.0019239,0.00200991,0.0,0.00200991,0.0,0.00201
frfcfs_scheduler_i/n1007,frfcfs_scheduler_i/U1457/Y,AOI21X1,NAND3X1/C,1,0.00296109,0.00296109,0.0028316,0.0028316,0.00296109,0.0,0.00296109,0.0,0.002961
frfcfs_scheduler_i/n1008,frfcfs_scheduler_i/U1454/Y,AOI22X1,NAND3X1/B,1,0.00283213,0.00283213,0.00259978,0.00259978,0.00283213,0.0,0.00283213,0.0,0.002832
frfcfs_scheduler_i/n1009,frfcfs_scheduler_i/U1453/Y,AOI22X1,NAND3X1/A,1,0.00254759,0.00254759,0.00220852,0.00220852,0.00254759,0.0,0.00254759,0.0,0.002548
frfcfs_scheduler_i/n1012,frfcfs_scheduler_i/U1461/Y,NAND2X1,NAND3X1/C,1,0.00296109,0.00296109,0.0028316,0.0028316,0.00296109,0.0,0.00296109,0.0,0.002961
frfcfs_scheduler_i/n1013,frfcfs_scheduler_i/U1460/Y,AOI21X1,NAND3X1/B,1,0.00283213,0.00283213,0.00259978,0.00259978,0.00283213,0.0,0.00283213,0.0,0.002832
frfcfs_scheduler_i/n1014,frfcfs_scheduler_i/U1459/Y,AOI22X1,NAND3X1/A,1,0.00254759,0.00254759,0.00220852,0.00220852,0.00254759,0.0,0.00254759,0.0,0.002548
frfcfs_scheduler_i/n1015,frfcfs_scheduler_i/U1462/Y,NAND3X1,NOR2X1/A,1,0.00224248,0.00224248,0.00220861,0.00220861,0.00224248,0.0,0.00224248,0.0,0.002242
frfcfs_scheduler_i/n1016,frfcfs_scheduler_i/U1458/Y,NAND3X1,NOR2X1/B,1,0.00236501,0.00236501,0.00229711,0.00229711,0.00236501,0.0,0.00236501,0.0,0.002365
frfcfs_scheduler_i/n1017,frfcfs_scheduler_i/U1463/Y,NOR2X1,OAI21X1/C,1,0.00200991,0.00200991,0.0019239,0.0019239,0.00200991,0.0,0.00200991,0.0,0.00201
frfcfs_scheduler_i/n1020,frfcfs_scheduler_i/U1466/Y,NAND2X1,NAND3X1/B,1,0.00283213,0.00283213,0.00259978,0.00259978,0.00283213,0.0,0.00283213,0.0,0.002832
frfcfs_scheduler_i/n1021,frfcfs_scheduler_i/U1465/Y,AOI21X1,NAND3X1/C,1,0.00296109,0.00296109,0.0028316,0.0028316,0.00296109,0.0,0.00296109,0.0,0.002961
frfcfs_scheduler_i/n1022,frfcfs_scheduler_i/U1467/Y,NAND3X1,OAI21X1/C,1,0.00200991,0.00200991,0.0019239,0.0019239,0.00200991,0.0,0.00200991,0.0,0.00201
frfcfs_scheduler_i/n1023,frfcfs_scheduler_i/U1452/Y,NAND3X1,OAI21X1/B,1,0.00283226,0.00283226,0.00263248,0.00263248,0.00283226,0.0,0.00283226,0.0,0.002832
frfcfs_scheduler_i/n1024,frfcfs_scheduler_i/U1445/Y,NAND3X1,OAI21X1/A,1,0.00274222,0.00274222,0.00257258,0.00257258,0.00274222,0.0,0.00274222,0.0,0.002742
frfcfs_scheduler_i/n1025,frfcfs_scheduler_i/U1470/Y,NAND2X1,NAND2X1/B,1,0.00202749,0.00202749,0.00194421,0.00194421,0.00202749,0.0,0.00202749,0.0,0.002027
frfcfs_scheduler_i/n1026,frfcfs_scheduler_i/U1469/Y,NAND2X1,NAND2X1/A,1,0.00211057,0.00211057,0.00188435,0.00188435,0.00211057,0.0,0.00211057,0.0,0.002111
frfcfs_scheduler_i/n1027,frfcfs_scheduler_i/U1473/Y,NAND2X1,NAND2X1/B,1,0.00202749,0.00202749,0.00194421,0.00194421,0.00202749,0.0,0.00202749,0.0,0.002027
frfcfs_scheduler_i/n1028,frfcfs_scheduler_i/U1472/Y,NAND2X1,NAND2X1/A,1,0.00211057,0.00211057,0.00188435,0.00188435,0.00211057,0.0,0.00211057,0.0,0.002111
frfcfs_scheduler_i/n1029,frfcfs_scheduler_i/U1474/Y,NAND2X1,NOR2X1/B,1,0.00236501,0.00236501,0.00229711,0.00229711,0.00236501,0.0,0.00236501,0.0,0.002365
frfcfs_scheduler_i/n1030,frfcfs_scheduler_i/U1471/Y,NAND2X1,NOR2X1/A,1,0.00224248,0.00224248,0.00220861,0.00220861,0.00224248,0.0,0.00224248,0.0,0.002242
frfcfs_scheduler_i/n1031,frfcfs_scheduler_i/U1477/Y,NAND2X1,NAND2X1/B,1,0.00202749,0.00202749,0.00194421,0.00194421,0.00202749,0.0,0.00202749,0.0,0.002027
frfcfs_scheduler_i/n1032,frfcfs_scheduler_i/U1476/Y,NAND2X1,NAND2X1/A,1,0.00211057,0.00211057,0.00188435,0.00188435,0.00211057,0.0,0.00211057,0.0,0.002111
frfcfs_scheduler_i/n1033,frfcfs_scheduler_i/U1481/Y,AOI21X1,NAND3X1/B,1,0.00283213,0.00283213,0.00259978,0.00259978,0.00283213,0.0,0.00283213,0.0,0.002832
frfcfs_scheduler_i/n1034,frfcfs_scheduler_i/U1480/Y,NAND2X1,NAND3X1/C,1,0.00296109,0.00296109,0.0028316,0.0028316,0.00296109,0.0,0.00296109,0.0,0.002961
frfcfs_scheduler_i/n1035,frfcfs_scheduler_i/U1479/Y,NAND2X1,NAND3X1/A,1,0.00254759,0.00254759,0.00220852,0.00220852,0.00254759,0.0,0.00254759,0.0,0.002548
frfcfs_scheduler_i/n1036,frfcfs_scheduler_i/U1484/Y,NAND2X1,NAND2X1/B,1,0.00202749,0.00202749,0.00194421,0.00194421,0.00202749,0.0,0.00202749,0.0,0.002027
frfcfs_scheduler_i/n1037,frfcfs_scheduler_i/U1483/Y,NAND2X1,NAND2X1/A,1,0.00211057,0.00211057,0.00188435,0.00188435,0.00211057,0.0,0.00211057,0.0,0.002111
frfcfs_scheduler_i/n1038,frfcfs_scheduler_i/U1485/Y,NAND2X1,OR2X2/B,1,0.00234214,0.00228252,0.00234214,0.00228252,0.00234214,0.0,0.00234214,0.0,0.002342
frfcfs_scheduler_i/n1039,frfcfs_scheduler_i/U1482/Y,NAND3X1,NOR2X1/A,1,0.00224248,0.00224248,0.00220861,0.00220861,0.00224248,0.0,0.00224248,0.0,0.002242
frfcfs_scheduler_i/n104,frfcfs_scheduler_i/U349/Y,NAND2X1,OR2X2/A,1,0.00230117,0.00229176,0.00230117,0.00229176,0.00230117,0.0,0.00230117,0.0,0.002301
frfcfs_scheduler_i/n1040,frfcfs_scheduler_i/U1478/Y,NAND2X1,OR2X2/A,1,0.00230117,0.00229176,0.00230117,0.00229176,0.00230117,0.0,0.00230117,0.0,0.002301
frfcfs_scheduler_i/n1042,frfcfs_scheduler_i/U1487/Y,NAND2X1,NAND3X1/C,1,0.00296109,0.00296109,0.0028316,0.0028316,0.00296109,0.0,0.00296109,0.0,0.002961
frfcfs_scheduler_i/n1045,frfcfs_scheduler_i/U1488/Y,NAND3X1,NOR2X1/B,1,0.00236501,0.00236501,0.00229711,0.00229711,0.00236501,0.0,0.00236501,0.0,0.002365
frfcfs_scheduler_i/n1046,frfcfs_scheduler_i/U1486/Y,NAND2X1,NOR2X1/A,1,0.00224248,0.00224248,0.00220861,0.00220861,0.00224248,0.0,0.00224248,0.0,0.002242
frfcfs_scheduler_i/n1047,frfcfs_scheduler_i/U1489/Y,NOR2X1,NAND3X1/C,1,0.00296109,0.00296109,0.0028316,0.0028316,0.00296109,0.0,0.00296109,0.0,0.002961
frfcfs_scheduler_i/n1048,frfcfs_scheduler_i/U577/Y,NOR2X1,NAND3X1/B,1,0.00283213,0.00283213,0.00259978,0.00259978,0.00283213,0.0,0.00283213,0.0,0.002832
frfcfs_scheduler_i/n1049,frfcfs_scheduler_i/U1475/Y,NOR2X1,NAND3X1/A,1,0.00254759,0.00254759,0.00220852,0.00220852,0.00254759,0.0,0.00254759,0.0,0.002548
frfcfs_scheduler_i/n1050,frfcfs_scheduler_i/U1492/Y,NAND2X1,NAND2X1/B,1,0.00202749,0.00202749,0.00194421,0.00194421,0.00202749,0.0,0.00202749,0.0,0.002027
frfcfs_scheduler_i/n1051,frfcfs_scheduler_i/U1491/Y,NAND2X1,NAND2X1/A,1,0.00211057,0.00211057,0.00188435,0.00188435,0.00211057,0.0,0.00211057,0.0,0.002111
frfcfs_scheduler_i/n1052,frfcfs_scheduler_i/U1495/Y,NAND2X1,NAND2X1/B,1,0.00202749,0.00202749,0.00194421,0.00194421,0.00202749,0.0,0.00202749,0.0,0.002027
frfcfs_scheduler_i/n1053,frfcfs_scheduler_i/U1494/Y,NAND2X1,NAND2X1/A,1,0.00211057,0.00211057,0.00188435,0.00188435,0.00211057,0.0,0.00211057,0.0,0.002111
frfcfs_scheduler_i/n1054,frfcfs_scheduler_i/U1496/Y,NAND2X1,NOR2X1/B,1,0.00236501,0.00236501,0.00229711,0.00229711,0.00236501,0.0,0.00236501,0.0,0.002365
frfcfs_scheduler_i/n1055,frfcfs_scheduler_i/U1493/Y,NAND2X1,NOR2X1/A,1,0.00224248,0.00224248,0.00220861,0.00220861,0.00224248,0.0,0.00224248,0.0,0.002242
frfcfs_scheduler_i/n1056,frfcfs_scheduler_i/U1378/Y,NAND3X1,INVX1/A,1,0.00155103,0.00155103,0.00147616,0.00147616,0.00155103,0.0,0.00155103,0.0,0.001551
frfcfs_scheduler_i/n1058,frfcfs_scheduler_i/U1498/Y,NOR2X1,NAND2X1/A,1,0.00211057,0.00211057,0.00188435,0.00188435,0.00211057,0.0,0.00211057,0.0,0.002111
frfcfs_scheduler_i/n1059,frfcfs_scheduler_i/U1502/Y,AOI22X1,NAND3X1/C,1,0.00296109,0.00296109,0.0028316,0.0028316,0.00296109,0.0,0.00296109,0.0,0.002961
frfcfs_scheduler_i/n1060,frfcfs_scheduler_i/U1501/Y,AOI22X1,NAND3X1/B,1,0.00283213,0.00283213,0.00259978,0.00259978,0.00283213,0.0,0.00283213,0.0,0.002832
frfcfs_scheduler_i/n1061,frfcfs_scheduler_i/U1500/Y,AOI22X1,NAND3X1/A,1,0.00254759,0.00254759,0.00220852,0.00220852,0.00254759,0.0,0.00254759,0.0,0.002548
frfcfs_scheduler_i/n1062,frfcfs_scheduler_i/U1503/Y,NAND3X1,NOR2X1/A,1,0.00224248,0.00224248,0.00220861,0.00220861,0.00224248,0.0,0.00224248,0.0,0.002242
frfcfs_scheduler_i/n1063,frfcfs_scheduler_i/U1499/Y,NAND2X1,NOR2X1/B,1,0.00236501,0.00236501,0.00229711,0.00229711,0.00236501,0.0,0.00236501,0.0,0.002365
frfcfs_scheduler_i/n1064,frfcfs_scheduler_i/U1506/Y,NAND2X1,NAND2X1/B,1,0.00202749,0.00202749,0.00194421,0.00194421,0.00202749,0.0,0.00202749,0.0,0.002027
frfcfs_scheduler_i/n1065,frfcfs_scheduler_i/U1505/Y,NAND2X1,NAND2X1/A,1,0.00211057,0.00211057,0.00188435,0.00188435,0.00211057,0.0,0.00211057,0.0,0.002111
frfcfs_scheduler_i/n1066,frfcfs_scheduler_i/U1510/Y,NAND2X1,NAND3X1/C,1,0.00296109,0.00296109,0.0028316,0.0028316,0.00296109,0.0,0.00296109,0.0,0.002961
frfcfs_scheduler_i/n1067,frfcfs_scheduler_i/U1509/Y,NAND2X1,NAND3X1/B,1,0.00283213,0.00283213,0.00259978,0.00259978,0.00283213,0.0,0.00283213,0.0,0.002832
frfcfs_scheduler_i/n1068,frfcfs_scheduler_i/U1508/Y,NAND2X1,NAND3X1/A,1,0.00254759,0.00254759,0.00220852,0.00220852,0.00254759,0.0,0.00254759,0.0,0.002548
frfcfs_scheduler_i/n1069,frfcfs_scheduler_i/U1511/Y,NAND3X1,NOR2X1/B,1,0.00236501,0.00236501,0.00229711,0.00229711,0.00236501,0.0,0.00236501,0.0,0.002365
frfcfs_scheduler_i/n1070,frfcfs_scheduler_i/U1507/Y,NAND2X1,NOR2X1/A,1,0.00224248,0.00224248,0.00220861,0.00220861,0.00224248,0.0,0.00224248,0.0,0.002242
frfcfs_scheduler_i/n1071,frfcfs_scheduler_i/U1512/Y,NOR2X1,AND2X2/B,1,0.00186944,0.00186944,0.00182011,0.00182011,0.00186944,0.0,0.00186944,0.0,0.001869
frfcfs_scheduler_i/n1072,frfcfs_scheduler_i/U1504/Y,NOR2X1,NAND2X1/B,1,0.00202749,0.00202749,0.00194421,0.00194421,0.00202749,0.0,0.00202749,0.0,0.002027
frfcfs_scheduler_i/n1073,frfcfs_scheduler_i/U1497/Y,NOR2X1,AND2X2/A,1,0.00179784,0.00179784,0.00176278,0.00176278,0.00179784,0.0,0.00179784,0.0,0.001798
frfcfs_scheduler_i/n1074,frfcfs_scheduler_i/U529/Y,NAND2X1,AND2X2/A;AND2X2/B,2,0.00366728,0.00366728,0.00358289,0.00358289,0.00366728,0.0,0.00366728,0.0,0.003667
frfcfs_scheduler_i/n1075,frfcfs_scheduler_i/U1490/Y,NAND3X1,AND2X2/A;AND2X2/B,2,0.00366728,0.00366728,0.00358289,0.00358289,0.00366728,0.0,0.00366728,0.0,0.003667
frfcfs_scheduler_i/n1076,frfcfs_scheduler_i/U1514/Y,NAND2X1,NAND2X1/B,1,0.00202749,0.00202749,0.00194421,0.00194421,0.00202749,0.0,0.00202749,0.0,0.002027
frfcfs_scheduler_i/n1077,frfcfs_scheduler_i/U1513/Y,NAND2X1,NAND2X1/A,1,0.00211057,0.00211057,0.00188435,0.00188435,0.00211057,0.0,0.00211057,0.0,0.002111
frfcfs_scheduler_i/n1078,frfcfs_scheduler_i/U1517/Y,NAND2X1,NAND2X1/B,1,0.00202749,0.00202749,0.00194421,0.00194421,0.00202749,0.0,0.00202749,0.0,0.002027
frfcfs_scheduler_i/n1079,frfcfs_scheduler_i/U1516/Y,NAND2X1,NAND2X1/A,1,0.00211057,0.00211057,0.00188435,0.00188435,0.00211057,0.0,0.00211057,0.0,0.002111
frfcfs_scheduler_i/n1080,frfcfs_scheduler_i/U1518/Y,NAND2X1,NOR2X1/B,1,0.00236501,0.00236501,0.00229711,0.00229711,0.00236501,0.0,0.00236501,0.0,0.002365
frfcfs_scheduler_i/n1081,frfcfs_scheduler_i/U1515/Y,NAND2X1,NOR2X1/A,1,0.00224248,0.00224248,0.00220861,0.00220861,0.00224248,0.0,0.00224248,0.0,0.002242
frfcfs_scheduler_i/n1084,frfcfs_scheduler_i/U1522/Y,AOI21X1,NAND3X1/A,1,0.00254759,0.00254759,0.00220852,0.00220852,0.00254759,0.0,0.00254759,0.0,0.002548
frfcfs_scheduler_i/n1085,frfcfs_scheduler_i/U1521/Y,NAND2X1,NAND3X1/B,1,0.00283213,0.00283213,0.00259978,0.00259978,0.00283213,0.0,0.00283213,0.0,0.002832
frfcfs_scheduler_i/n1086,frfcfs_scheduler_i/U1520/Y,NAND2X1,NAND3X1/C,1,0.00296109,0.00296109,0.0028316,0.0028316,0.00296109,0.0,0.00296109,0.0,0.002961
frfcfs_scheduler_i/n1087,frfcfs_scheduler_i/U1525/Y,NAND2X1,NAND2X1/B,1,0.00202749,0.00202749,0.00194421,0.00194421,0.00202749,0.0,0.00202749,0.0,0.002027
frfcfs_scheduler_i/n1088,frfcfs_scheduler_i/U1524/Y,NAND2X1,NAND2X1/A,1,0.00211057,0.00211057,0.00188435,0.00188435,0.00211057,0.0,0.00211057,0.0,0.002111
frfcfs_scheduler_i/n1089,frfcfs_scheduler_i/U1526/Y,NAND2X1,NOR3X1/B,1,0.003067,0.00306333,0.003067,0.00306333,0.003067,0.0,0.003067,0.0,0.003067
frfcfs_scheduler_i/n1090,frfcfs_scheduler_i/U1523/Y,NAND3X1,NOR3X1/A,1,0.00302113,0.00302113,0.00301081,0.00301081,0.00302113,0.0,0.00302113,0.0,0.003021
frfcfs_scheduler_i/n1092,frfcfs_scheduler_i/U1530/Y,NAND2X1,NAND3X1/C,1,0.00296109,0.00296109,0.0028316,0.0028316,0.00296109,0.0,0.00296109,0.0,0.002961
frfcfs_scheduler_i/n1093,frfcfs_scheduler_i/U1529/Y,NAND2X1,NAND3X1/B,1,0.00283213,0.00283213,0.00259978,0.00259978,0.00283213,0.0,0.00283213,0.0,0.002832
frfcfs_scheduler_i/n1094,frfcfs_scheduler_i/U1528/Y,NAND2X1,NAND3X1/A,1,0.00254759,0.00254759,0.00220852,0.00220852,0.00254759,0.0,0.00254759,0.0,0.002548
frfcfs_scheduler_i/n1095,frfcfs_scheduler_i/U1531/Y,NAND3X1,NOR2X1/B,1,0.00236501,0.00236501,0.00229711,0.00229711,0.00236501,0.0,0.00236501,0.0,0.002365
frfcfs_scheduler_i/n1097,frfcfs_scheduler_i/U1532/Y,NOR2X1,NAND2X1/B,1,0.00202749,0.00202749,0.00194421,0.00194421,0.00202749,0.0,0.00202749,0.0,0.002027
frfcfs_scheduler_i/n1099,frfcfs_scheduler_i/U1519/Y,NOR2X1,NAND2X1/A,1,0.00211057,0.00211057,0.00188435,0.00188435,0.00211057,0.0,0.00211057,0.0,0.002111
frfcfs_scheduler_i/n1100,frfcfs_scheduler_i/U1534/Y,NAND2X1,NAND2X1/B,1,0.00202749,0.00202749,0.00194421,0.00194421,0.00202749,0.0,0.00202749,0.0,0.002027
frfcfs_scheduler_i/n1101,frfcfs_scheduler_i/U1533/Y,NAND2X1,NAND2X1/A,1,0.00211057,0.00211057,0.00188435,0.00188435,0.00211057,0.0,0.00211057,0.0,0.002111
frfcfs_scheduler_i/n1102,frfcfs_scheduler_i/U1537/Y,NAND2X1,NAND2X1/B,1,0.00202749,0.00202749,0.00194421,0.00194421,0.00202749,0.0,0.00202749,0.0,0.002027
frfcfs_scheduler_i/n1103,frfcfs_scheduler_i/U1536/Y,NAND2X1,NAND2X1/A,1,0.00211057,0.00211057,0.00188435,0.00188435,0.00211057,0.0,0.00211057,0.0,0.002111
frfcfs_scheduler_i/n1104,frfcfs_scheduler_i/U1538/Y,NAND2X1,NOR2X1/B,1,0.00236501,0.00236501,0.00229711,0.00229711,0.00236501,0.0,0.00236501,0.0,0.002365
frfcfs_scheduler_i/n1105,frfcfs_scheduler_i/U1535/Y,NAND2X1,NOR2X1/A,1,0.00224248,0.00224248,0.00220861,0.00220861,0.00224248,0.0,0.00224248,0.0,0.002242
frfcfs_scheduler_i/n1106,frfcfs_scheduler_i/U1372/Y,NAND3X1,INVX1/A,1,0.00155103,0.00155103,0.00147616,0.00147616,0.00155103,0.0,0.00155103,0.0,0.001551
frfcfs_scheduler_i/n1108,frfcfs_scheduler_i/U1542/Y,AOI22X1,NAND3X1/B,1,0.00283213,0.00283213,0.00259978,0.00259978,0.00283213,0.0,0.00283213,0.0,0.002832
frfcfs_scheduler_i/n1109,frfcfs_scheduler_i/U1541/Y,AOI22X1,NAND3X1/A,1,0.00254759,0.00254759,0.00220852,0.00220852,0.00254759,0.0,0.00254759,0.0,0.002548
frfcfs_scheduler_i/n1110,frfcfs_scheduler_i/U1540/Y,AOI22X1,NAND3X1/C,1,0.00296109,0.00296109,0.0028316,0.0028316,0.00296109,0.0,0.00296109,0.0,0.002961
frfcfs_scheduler_i/n1111,frfcfs_scheduler_i/U1543/Y,NAND3X1,NOR2X1/B,1,0.00236501,0.00236501,0.00229711,0.00229711,0.00236501,0.0,0.00236501,0.0,0.002365
frfcfs_scheduler_i/n1112,frfcfs_scheduler_i/U1545/Y,NAND2X1,NAND2X1/B,1,0.00202749,0.00202749,0.00194421,0.00194421,0.00202749,0.0,0.00202749,0.0,0.002027
frfcfs_scheduler_i/n1113,frfcfs_scheduler_i/U1544/Y,NAND2X1,NAND2X1/A,1,0.00211057,0.00211057,0.00188435,0.00188435,0.00211057,0.0,0.00211057,0.0,0.002111
frfcfs_scheduler_i/n1114,frfcfs_scheduler_i/U1549/Y,NAND2X1,NAND3X1/C,1,0.00296109,0.00296109,0.0028316,0.0028316,0.00296109,0.0,0.00296109,0.0,0.002961
frfcfs_scheduler_i/n1115,frfcfs_scheduler_i/U1548/Y,NAND2X1,NAND3X1/B,1,0.00283213,0.00283213,0.00259978,0.00259978,0.00283213,0.0,0.00283213,0.0,0.002832
frfcfs_scheduler_i/n1116,frfcfs_scheduler_i/U1547/Y,NAND2X1,NAND3X1/A,1,0.00254759,0.00254759,0.00220852,0.00220852,0.00254759,0.0,0.00254759,0.0,0.002548
frfcfs_scheduler_i/n1117,frfcfs_scheduler_i/U1550/Y,NAND3X1,NOR2X1/B,1,0.00236501,0.00236501,0.00229711,0.00229711,0.00236501,0.0,0.00236501,0.0,0.002365
frfcfs_scheduler_i/n1118,frfcfs_scheduler_i/U1546/Y,NAND2X1,NOR2X1/A,1,0.00224248,0.00224248,0.00220861,0.00220861,0.00224248,0.0,0.00224248,0.0,0.002242
frfcfs_scheduler_i/n1119,frfcfs_scheduler_i/U1551/Y,NOR2X1,NAND3X1/B,1,0.00283213,0.00283213,0.00259978,0.00259978,0.00283213,0.0,0.00283213,0.0,0.002832
frfcfs_scheduler_i/n1121,frfcfs_scheduler_i/U1539/Y,NOR2X1,NAND3X1/A,1,0.00254759,0.00254759,0.00220852,0.00220852,0.00254759,0.0,0.00254759,0.0,0.002548
frfcfs_scheduler_i/n1122,frfcfs_scheduler_i/U1552/Y,NAND3X1,NAND2X1/B,1,0.00202749,0.00202749,0.00194421,0.00194421,0.00202749,0.0,0.00202749,0.0,0.002027
frfcfs_scheduler_i/n1123,frfcfs_scheduler_i/U455/Y,NAND2X1,NAND2X1/A,1,0.00211057,0.00211057,0.00188435,0.00188435,0.00211057,0.0,0.00211057,0.0,0.002111
frfcfs_scheduler_i/n1124,frfcfs_scheduler_i/U1555/Y,AOI22X1,NAND3X1/B,1,0.00283213,0.00283213,0.00259978,0.00259978,0.00283213,0.0,0.00283213,0.0,0.002832
frfcfs_scheduler_i/n1126,frfcfs_scheduler_i/U1554/Y,AOI22X1,NAND3X1/A,1,0.00254759,0.00254759,0.00220852,0.00220852,0.00254759,0.0,0.00254759,0.0,0.002548
frfcfs_scheduler_i/n1127,frfcfs_scheduler_i/U1558/Y,NAND2X1,NAND2X1/B,1,0.00202749,0.00202749,0.00194421,0.00194421,0.00202749,0.0,0.00202749,0.0,0.002027
frfcfs_scheduler_i/n1128,frfcfs_scheduler_i/U1557/Y,NAND2X1,NAND2X1/A,1,0.00211057,0.00211057,0.00188435,0.00188435,0.00211057,0.0,0.00211057,0.0,0.002111
frfcfs_scheduler_i/n1130,frfcfs_scheduler_i/U1562/Y,NAND2X1,NAND3X1/B,1,0.00283213,0.00283213,0.00259978,0.00259978,0.00283213,0.0,0.00283213,0.0,0.002832
frfcfs_scheduler_i/n1131,frfcfs_scheduler_i/U1561/Y,NAND2X1,NAND3X1/A,1,0.00254759,0.00254759,0.00220852,0.00220852,0.00254759,0.0,0.00254759,0.0,0.002548
frfcfs_scheduler_i/n1132,frfcfs_scheduler_i/U1563/Y,NAND3X1,NOR3X1/C,1,0.00328822,0.00328822,0.00322576,0.00322576,0.00328822,0.0,0.00328822,0.0,0.003288
frfcfs_scheduler_i/n1133,frfcfs_scheduler_i/U553/Y,NAND2X1,INVX1/A,1,0.00155103,0.00155103,0.00147616,0.00147616,0.00155103,0.0,0.00155103,0.0,0.001551
frfcfs_scheduler_i/n1136,frfcfs_scheduler_i/U1560/Y,AOI22X1,NAND2X1/A,1,0.00211057,0.00211057,0.00188435,0.00188435,0.00211057,0.0,0.00211057,0.0,0.002111
frfcfs_scheduler_i/n1137,frfcfs_scheduler_i/U1565/Y,NAND2X1,NOR3X1/C,1,0.00328822,0.00328822,0.00322576,0.00322576,0.00328822,0.0,0.00328822,0.0,0.003288
frfcfs_scheduler_i/n1138,frfcfs_scheduler_i/U1559/Y,NAND2X1,NOR3X1/B,1,0.003067,0.00306333,0.003067,0.00306333,0.003067,0.0,0.003067,0.0,0.003067
frfcfs_scheduler_i/n1139,frfcfs_scheduler_i/U1556/Y,NAND3X1,NOR3X1/A,1,0.00302113,0.00302113,0.00301081,0.00301081,0.00302113,0.0,0.00302113,0.0,0.003021
frfcfs_scheduler_i/n1144,frfcfs_scheduler_i/U1568/Y,NAND2X1,NAND2X1/B,1,0.00202749,0.00202749,0.00194421,0.00194421,0.00202749,0.0,0.00202749,0.0,0.002027
frfcfs_scheduler_i/n1147,frfcfs_scheduler_i/U1573/Y,AOI22X1,NAND3X1/C,1,0.00296109,0.00296109,0.0028316,0.0028316,0.00296109,0.0,0.00296109,0.0,0.002961
frfcfs_scheduler_i/n1148,frfcfs_scheduler_i/U1572/Y,AOI22X1,NAND3X1/B,1,0.00283213,0.00283213,0.00259978,0.00259978,0.00283213,0.0,0.00283213,0.0,0.002832
frfcfs_scheduler_i/n1149,frfcfs_scheduler_i/U1571/Y,AOI22X1,NAND3X1/A,1,0.00254759,0.00254759,0.00220852,0.00220852,0.00254759,0.0,0.00254759,0.0,0.002548
frfcfs_scheduler_i/n1150,frfcfs_scheduler_i/U1574/Y,NAND3X1,NOR2X1/B,1,0.00236501,0.00236501,0.00229711,0.00229711,0.00236501,0.0,0.00236501,0.0,0.002365
frfcfs_scheduler_i/n1151,frfcfs_scheduler_i/U1570/Y,NAND3X1,NOR2X1/A,1,0.00224248,0.00224248,0.00220861,0.00220861,0.00224248,0.0,0.00224248,0.0,0.002242
frfcfs_scheduler_i/n1152,frfcfs_scheduler_i/U1577/Y,NAND2X1,NAND2X1/B,1,0.00202749,0.00202749,0.00194421,0.00194421,0.00202749,0.0,0.00202749,0.0,0.002027
frfcfs_scheduler_i/n1153,frfcfs_scheduler_i/U1576/Y,NAND2X1,NAND2X1/A,1,0.00211057,0.00211057,0.00188435,0.00188435,0.00211057,0.0,0.00211057,0.0,0.002111
frfcfs_scheduler_i/n1154,frfcfs_scheduler_i/U1581/Y,AOI21X1,AND2X2/A,1,0.00179784,0.00179784,0.00176278,0.00176278,0.00179784,0.0,0.00179784,0.0,0.001798
frfcfs_scheduler_i/n1155,frfcfs_scheduler_i/U1580/Y,NAND2X1,NAND2X1/B,1,0.00202749,0.00202749,0.00194421,0.00194421,0.00202749,0.0,0.00202749,0.0,0.002027
frfcfs_scheduler_i/n1156,frfcfs_scheduler_i/U1579/Y,NAND2X1,AND2X2/B,1,0.00186944,0.00186944,0.00182011,0.00182011,0.00186944,0.0,0.00186944,0.0,0.001869
frfcfs_scheduler_i/n1158,frfcfs_scheduler_i/U1582/Y,NAND2X1,NAND2X1/A,1,0.00211057,0.00211057,0.00188435,0.00188435,0.00211057,0.0,0.00211057,0.0,0.002111
frfcfs_scheduler_i/n1159,frfcfs_scheduler_i/U1583/Y,NAND2X1,NOR3X1/B,1,0.003067,0.00306333,0.003067,0.00306333,0.003067,0.0,0.003067,0.0,0.003067
frfcfs_scheduler_i/n1160,frfcfs_scheduler_i/U546/Y,NAND2X1,NOR3X1/C,1,0.00328822,0.00328822,0.00322576,0.00322576,0.00328822,0.0,0.00328822,0.0,0.003288
frfcfs_scheduler_i/n1161,frfcfs_scheduler_i/U1578/Y,NAND2X1,NOR3X1/A,1,0.00302113,0.00302113,0.00301081,0.00301081,0.00302113,0.0,0.00302113,0.0,0.003021
frfcfs_scheduler_i/n1163,frfcfs_scheduler_i/U1575/Y,NOR2X1,NAND2X1/A,1,0.00211057,0.00211057,0.00188435,0.00188435,0.00211057,0.0,0.00211057,0.0,0.002111
frfcfs_scheduler_i/n1164,frfcfs_scheduler_i/U1585/Y,NAND2X1,OAI21X1/C,1,0.00200991,0.00200991,0.0019239,0.0019239,0.00200991,0.0,0.00200991,0.0,0.00201
frfcfs_scheduler_i/n1165,frfcfs_scheduler_i/U1569/Y,NAND2X1,OAI21X1/A,1,0.00274222,0.00274222,0.00257258,0.00257258,0.00274222,0.0,0.00274222,0.0,0.002742
frfcfs_scheduler_i/n1166,frfcfs_scheduler_i/U1567/Y,NAND3X1,OAI21X1/B,1,0.00283226,0.00283226,0.00263248,0.00263248,0.00283226,0.0,0.00283226,0.0,0.002832
frfcfs_scheduler_i/n1167,frfcfs_scheduler_i/U1588/Y,NAND2X1,NAND2X1/B,1,0.00202749,0.00202749,0.00194421,0.00194421,0.00202749,0.0,0.00202749,0.0,0.002027
frfcfs_scheduler_i/n1168,frfcfs_scheduler_i/U1587/Y,NAND2X1,NAND2X1/A,1,0.00211057,0.00211057,0.00188435,0.00188435,0.00211057,0.0,0.00211057,0.0,0.002111
frfcfs_scheduler_i/n1169,frfcfs_scheduler_i/U1591/Y,NAND2X1,NAND2X1/B,1,0.00202749,0.00202749,0.00194421,0.00194421,0.00202749,0.0,0.00202749,0.0,0.002027
frfcfs_scheduler_i/n1170,frfcfs_scheduler_i/U1590/Y,NAND2X1,NAND2X1/A,1,0.00211057,0.00211057,0.00188435,0.00188435,0.00211057,0.0,0.00211057,0.0,0.002111
frfcfs_scheduler_i/n1171,frfcfs_scheduler_i/U1592/Y,NAND2X1,NOR2X1/B,1,0.00236501,0.00236501,0.00229711,0.00229711,0.00236501,0.0,0.00236501,0.0,0.002365
frfcfs_scheduler_i/n1172,frfcfs_scheduler_i/U1589/Y,NAND2X1,NOR2X1/A,1,0.00224248,0.00224248,0.00220861,0.00220861,0.00224248,0.0,0.00224248,0.0,0.002242
frfcfs_scheduler_i/n1173,frfcfs_scheduler_i/U1595/Y,NAND2X1,NAND2X1/B,1,0.00202749,0.00202749,0.00194421,0.00194421,0.00202749,0.0,0.00202749,0.0,0.002027
frfcfs_scheduler_i/n1174,frfcfs_scheduler_i/U1594/Y,NAND2X1,NAND2X1/A,1,0.00211057,0.00211057,0.00188435,0.00188435,0.00211057,0.0,0.00211057,0.0,0.002111
frfcfs_scheduler_i/n1175,frfcfs_scheduler_i/U1599/Y,AOI21X1,NAND3X1/B,1,0.00283213,0.00283213,0.00259978,0.00259978,0.00283213,0.0,0.00283213,0.0,0.002832
frfcfs_scheduler_i/n1176,frfcfs_scheduler_i/U1598/Y,NAND2X1,NAND3X1/C,1,0.00296109,0.00296109,0.0028316,0.0028316,0.00296109,0.0,0.00296109,0.0,0.002961
frfcfs_scheduler_i/n1177,frfcfs_scheduler_i/U1597/Y,NAND2X1,NAND3X1/A,1,0.00254759,0.00254759,0.00220852,0.00220852,0.00254759,0.0,0.00254759,0.0,0.002548
frfcfs_scheduler_i/n1178,frfcfs_scheduler_i/U1602/Y,NAND2X1,NAND2X1/B,1,0.00202749,0.00202749,0.00194421,0.00194421,0.00202749,0.0,0.00202749,0.0,0.002027
frfcfs_scheduler_i/n1179,frfcfs_scheduler_i/U1601/Y,NAND2X1,NAND2X1/A,1,0.00211057,0.00211057,0.00188435,0.00188435,0.00211057,0.0,0.00211057,0.0,0.002111
frfcfs_scheduler_i/n1180,frfcfs_scheduler_i/U1603/Y,NAND2X1,NOR3X1/C,1,0.00328822,0.00328822,0.00322576,0.00322576,0.00328822,0.0,0.00328822,0.0,0.003288
frfcfs_scheduler_i/n1181,frfcfs_scheduler_i/U1600/Y,NAND3X1,NOR3X1/B,1,0.003067,0.00306333,0.003067,0.00306333,0.003067,0.0,0.003067,0.0,0.003067
frfcfs_scheduler_i/n1182,frfcfs_scheduler_i/U1596/Y,NAND2X1,NOR3X1/A,1,0.00302113,0.00302113,0.00301081,0.00301081,0.00302113,0.0,0.00302113,0.0,0.003021
frfcfs_scheduler_i/n1185,frfcfs_scheduler_i/U1608/Y,NAND2X1,NAND3X1/C,1,0.00296109,0.00296109,0.0028316,0.0028316,0.00296109,0.0,0.00296109,0.0,0.002961
frfcfs_scheduler_i/n1186,frfcfs_scheduler_i/U1607/Y,NAND2X1,NAND3X1/B,1,0.00283213,0.00283213,0.00259978,0.00259978,0.00283213,0.0,0.00283213,0.0,0.002832
frfcfs_scheduler_i/n1187,frfcfs_scheduler_i/U1606/Y,NAND2X1,NAND3X1/A,1,0.00254759,0.00254759,0.00220852,0.00220852,0.00254759,0.0,0.00254759,0.0,0.002548
frfcfs_scheduler_i/n1188,frfcfs_scheduler_i/U1609/Y,NAND3X1,NOR2X1/B,1,0.00236501,0.00236501,0.00229711,0.00229711,0.00236501,0.0,0.00236501,0.0,0.002365
frfcfs_scheduler_i/n1189,frfcfs_scheduler_i/U1605/Y,NAND2X1,NOR2X1/A,1,0.00224248,0.00224248,0.00220861,0.00220861,0.00224248,0.0,0.00224248,0.0,0.002242
frfcfs_scheduler_i/n1190,frfcfs_scheduler_i/U1610/Y,NOR2X1,NAND3X1/B,1,0.00283213,0.00283213,0.00259978,0.00259978,0.00283213,0.0,0.00283213,0.0,0.002832
frfcfs_scheduler_i/n1194,frfcfs_scheduler_i/U1593/Y,NOR2X1,NAND3X1/A,1,0.00254759,0.00254759,0.00220852,0.00220852,0.00254759,0.0,0.00254759,0.0,0.002548
frfcfs_scheduler_i/n1197,frfcfs_scheduler_i/U1613/Y,NAND2X1,NAND2X1/B,1,0.00202749,0.00202749,0.00194421,0.00194421,0.00202749,0.0,0.00202749,0.0,0.002027
frfcfs_scheduler_i/n1198,frfcfs_scheduler_i/U1612/Y,NAND2X1,NAND2X1/A,1,0.00211057,0.00211057,0.00188435,0.00188435,0.00211057,0.0,0.00211057,0.0,0.002111
frfcfs_scheduler_i/n1199,frfcfs_scheduler_i/U1616/Y,NAND2X1,NAND2X1/B,1,0.00202749,0.00202749,0.00194421,0.00194421,0.00202749,0.0,0.00202749,0.0,0.002027
frfcfs_scheduler_i/n1200,frfcfs_scheduler_i/U1615/Y,NAND2X1,NAND2X1/A,1,0.00211057,0.00211057,0.00188435,0.00188435,0.00211057,0.0,0.00211057,0.0,0.002111
frfcfs_scheduler_i/n1201,frfcfs_scheduler_i/U1617/Y,NAND2X1,NOR2X1/B,1,0.00236501,0.00236501,0.00229711,0.00229711,0.00236501,0.0,0.00236501,0.0,0.002365
frfcfs_scheduler_i/n1202,frfcfs_scheduler_i/U1614/Y,NAND2X1,NOR2X1/A,1,0.00224248,0.00224248,0.00220861,0.00220861,0.00224248,0.0,0.00224248,0.0,0.002242
frfcfs_scheduler_i/n1209,frfcfs_scheduler_i/U1621/Y,AOI22X1,NAND3X1/C,1,0.00296109,0.00296109,0.0028316,0.0028316,0.00296109,0.0,0.00296109,0.0,0.002961
frfcfs_scheduler_i/n1210,frfcfs_scheduler_i/U1620/Y,AOI22X1,NAND3X1/B,1,0.00283213,0.00283213,0.00259978,0.00259978,0.00283213,0.0,0.00283213,0.0,0.002832
frfcfs_scheduler_i/n1211,frfcfs_scheduler_i/U1619/Y,AOI22X1,NAND3X1/A,1,0.00254759,0.00254759,0.00220852,0.00220852,0.00254759,0.0,0.00254759,0.0,0.002548
frfcfs_scheduler_i/n1212,frfcfs_scheduler_i/U1622/Y,NAND3X1,NOR2X1/B,1,0.00236501,0.00236501,0.00229711,0.00229711,0.00236501,0.0,0.00236501,0.0,0.002365
frfcfs_scheduler_i/n1213,frfcfs_scheduler_i/U1624/Y,NAND2X1,NAND2X1/B,1,0.00202749,0.00202749,0.00194421,0.00194421,0.00202749,0.0,0.00202749,0.0,0.002027
frfcfs_scheduler_i/n1214,frfcfs_scheduler_i/U1623/Y,NAND2X1,NAND2X1/A,1,0.00211057,0.00211057,0.00188435,0.00188435,0.00211057,0.0,0.00211057,0.0,0.002111
frfcfs_scheduler_i/n1215,frfcfs_scheduler_i/U1628/Y,NAND2X1,NAND3X1/C,1,0.00296109,0.00296109,0.0028316,0.0028316,0.00296109,0.0,0.00296109,0.0,0.002961
frfcfs_scheduler_i/n1216,frfcfs_scheduler_i/U1627/Y,NAND2X1,NAND3X1/B,1,0.00283213,0.00283213,0.00259978,0.00259978,0.00283213,0.0,0.00283213,0.0,0.002832
frfcfs_scheduler_i/n1217,frfcfs_scheduler_i/U1626/Y,NAND2X1,NAND3X1/A,1,0.00254759,0.00254759,0.00220852,0.00220852,0.00254759,0.0,0.00254759,0.0,0.002548
frfcfs_scheduler_i/n1218,frfcfs_scheduler_i/U1629/Y,NAND3X1,NOR2X1/B,1,0.00236501,0.00236501,0.00229711,0.00229711,0.00236501,0.0,0.00236501,0.0,0.002365
frfcfs_scheduler_i/n1219,frfcfs_scheduler_i/U1625/Y,NAND2X1,NOR2X1/A,1,0.00224248,0.00224248,0.00220861,0.00220861,0.00224248,0.0,0.00224248,0.0,0.002242
frfcfs_scheduler_i/n1222,frfcfs_scheduler_i/U1630/Y,NOR2X1,AND2X2/B,1,0.00186944,0.00186944,0.00182011,0.00182011,0.00186944,0.0,0.00186944,0.0,0.001869
frfcfs_scheduler_i/n1226,frfcfs_scheduler_i/U1618/Y,NOR2X1,AND2X2/A,1,0.00179784,0.00179784,0.00176278,0.00176278,0.00179784,0.0,0.00179784,0.0,0.001798
frfcfs_scheduler_i/n1227,frfcfs_scheduler_i/U534/Y,NAND2X1,AND2X2/A;AND2X2/B;NAND2X1/B,3,0.00569477,0.00569477,0.0055271,0.0055271,0.00569477,0.0,0.00569477,0.0,0.005695
frfcfs_scheduler_i/n1228,frfcfs_scheduler_i/U1611/Y,NAND3X1,AND2X2/A;AND2X2/B;BUFX2/A,3,0.00520624,0.00520624,0.00508704,0.00508704,0.00520624,0.0,0.00520624,0.0,0.005206
frfcfs_scheduler_i/n1230,frfcfs_scheduler_i/U1632/Y,NAND2X1,NAND3X1/B,1,0.00283213,0.00283213,0.00259978,0.00259978,0.00283213,0.0,0.00283213,0.0,0.002832
frfcfs_scheduler_i/n1231,frfcfs_scheduler_i/U1631/Y,AOI22X1,NAND3X1/A,1,0.00254759,0.00254759,0.00220852,0.00220852,0.00254759,0.0,0.00254759,0.0,0.002548
frfcfs_scheduler_i/n1232,frfcfs_scheduler_i/U1634/Y,NAND2X1,NAND2X1/B,1,0.00202749,0.00202749,0.00194421,0.00194421,0.00202749,0.0,0.00202749,0.0,0.002027
frfcfs_scheduler_i/n1235,frfcfs_scheduler_i/U1638/Y,NAND2X1,NAND3X1/B,1,0.00283213,0.00283213,0.00259978,0.00259978,0.00283213,0.0,0.00283213,0.0,0.002832
frfcfs_scheduler_i/n1236,frfcfs_scheduler_i/U1637/Y,NAND2X1,NAND3X1/C,1,0.00296109,0.00296109,0.0028316,0.0028316,0.00296109,0.0,0.00296109,0.0,0.002961
frfcfs_scheduler_i/n1239,frfcfs_scheduler_i/U1639/Y,NAND3X1,NOR2X1/B,1,0.00236501,0.00236501,0.00229711,0.00229711,0.00236501,0.0,0.00236501,0.0,0.002365
frfcfs_scheduler_i/n1240,frfcfs_scheduler_i/U1365/Y,NAND3X1,INVX1/A,1,0.00155103,0.00155103,0.00147616,0.00147616,0.00155103,0.0,0.00155103,0.0,0.001551
frfcfs_scheduler_i/n1243,frfcfs_scheduler_i/U1636/Y,AOI22X1,NAND2X1/A,1,0.00211057,0.00211057,0.00188435,0.00188435,0.00211057,0.0,0.00211057,0.0,0.002111
frfcfs_scheduler_i/n1244,frfcfs_scheduler_i/U1640/Y,NAND2X1,NOR2X1/B,1,0.00236501,0.00236501,0.00229711,0.00229711,0.00236501,0.0,0.00236501,0.0,0.002365
frfcfs_scheduler_i/n1245,frfcfs_scheduler_i/U1635/Y,NAND2X1,OR2X2/B,1,0.00234214,0.00228252,0.00234214,0.00228252,0.00234214,0.0,0.00234214,0.0,0.002342
frfcfs_scheduler_i/n1246,frfcfs_scheduler_i/U1633/Y,NAND3X1,OR2X2/A,1,0.00230117,0.00229176,0.00230117,0.00229176,0.00230117,0.0,0.00230117,0.0,0.002301
frfcfs_scheduler_i/n1247,frfcfs_scheduler_i/U1642/Y,NAND2X1,NAND3X1/A,1,0.00254759,0.00254759,0.00220852,0.00220852,0.00254759,0.0,0.00254759,0.0,0.002548
frfcfs_scheduler_i/n1248,frfcfs_scheduler_i/U1641/Y,NAND2X1,NAND3X1/B,1,0.00283213,0.00283213,0.00259978,0.00259978,0.00283213,0.0,0.00283213,0.0,0.002832
frfcfs_scheduler_i/n1249,frfcfs_scheduler_i/U560/Y,NOR2X1,NAND3X1/C,1,0.00296109,0.00296109,0.0028316,0.0028316,0.00296109,0.0,0.00296109,0.0,0.002961
frfcfs_scheduler_i/n1250,frfcfs_scheduler_i/U1644/Y,NAND2X1,NAND2X1/B,1,0.00202749,0.00202749,0.00194421,0.00194421,0.00202749,0.0,0.00202749,0.0,0.002027
frfcfs_scheduler_i/n1252,frfcfs_scheduler_i/U864/Y,NAND3X1,OAI21X1/B,1,0.00283226,0.00283226,0.00263248,0.00263248,0.00283226,0.0,0.00283226,0.0,0.002832
frfcfs_scheduler_i/n1253,frfcfs_scheduler_i/U859/Y,NAND3X1,OAI21X1/A,1,0.00274222,0.00274222,0.00257258,0.00257258,0.00274222,0.0,0.00274222,0.0,0.002742
frfcfs_scheduler_i/n1254,frfcfs_scheduler_i/U863/Y,AOI21X1,NAND3X1/A,1,0.00254759,0.00254759,0.00220852,0.00220852,0.00254759,0.0,0.00254759,0.0,0.002548
frfcfs_scheduler_i/n1255,frfcfs_scheduler_i/U862/Y,AOI22X1,NAND3X1/B,1,0.00283213,0.00283213,0.00259978,0.00259978,0.00283213,0.0,0.00283213,0.0,0.002832
frfcfs_scheduler_i/n1257,frfcfs_scheduler_i/U861/Y,AOI22X1,AND2X2/A,1,0.00179784,0.00179784,0.00176278,0.00176278,0.00179784,0.0,0.00179784,0.0,0.001798
frfcfs_scheduler_i/n1258,frfcfs_scheduler_i/U860/Y,AOI22X1,AND2X2/B,1,0.00186944,0.00186944,0.00182011,0.00182011,0.00186944,0.0,0.00186944,0.0,0.001869
frfcfs_scheduler_i/n1259,frfcfs_scheduler_i/U869/Y,AOI22X1,NAND3X1/A,1,0.00254759,0.00254759,0.00220852,0.00220852,0.00254759,0.0,0.00254759,0.0,0.002548
frfcfs_scheduler_i/n1260,frfcfs_scheduler_i/U867/Y,AOI21X1,NAND3X1/B,1,0.00283213,0.00283213,0.00259978,0.00259978,0.00283213,0.0,0.00283213,0.0,0.002832
frfcfs_scheduler_i/n1262,frfcfs_scheduler_i/U866/Y,AOI22X1,AND2X2/A,1,0.00179784,0.00179784,0.00176278,0.00176278,0.00179784,0.0,0.00179784,0.0,0.001798
frfcfs_scheduler_i/n1263,frfcfs_scheduler_i/U865/Y,AOI22X1,AND2X2/B,1,0.00186944,0.00186944,0.00182011,0.00182011,0.00186944,0.0,0.00186944,0.0,0.001869
frfcfs_scheduler_i/n1264,frfcfs_scheduler_i/U868/Y,AOI21X1,INVX1/A,1,0.00155103,0.00155103,0.00147616,0.00147616,0.00155103,0.0,0.00155103,0.0,0.001551
frfcfs_scheduler_i/n1266,frfcfs_scheduler_i/U562/Y,NOR2X1,NAND3X1/C,1,0.00296109,0.00296109,0.0028316,0.0028316,0.00296109,0.0,0.00296109,0.0,0.002961
frfcfs_scheduler_i/n1267,frfcfs_scheduler_i/U871/Y,NAND2X1,OAI21X1/C,1,0.00200991,0.00200991,0.0019239,0.0019239,0.00200991,0.0,0.00200991,0.0,0.00201
frfcfs_scheduler_i/n1270,frfcfs_scheduler_i/U1648/Y,AOI22X1,NAND3X1/B,1,0.00283213,0.00283213,0.00259978,0.00259978,0.00283213,0.0,0.00283213,0.0,0.002832
frfcfs_scheduler_i/n1271,frfcfs_scheduler_i/U876/Y,NAND2X1,OAI21X1/C,1,0.00200991,0.00200991,0.0019239,0.0019239,0.00200991,0.0,0.00200991,0.0,0.00201
frfcfs_scheduler_i/n1272,frfcfs_scheduler_i/U878/Y,NOR2X1,AOI21X1/C,1,0.00238603,0.00238603,0.00231224,0.00231224,0.00238603,0.0,0.00238603,0.0,0.002386
frfcfs_scheduler_i/n1273,frfcfs_scheduler_i/U1647/Y,AOI22X1,NAND3X1/A,1,0.00254759,0.00254759,0.00220852,0.00220852,0.00254759,0.0,0.00254759,0.0,0.002548
frfcfs_scheduler_i/n1274,frfcfs_scheduler_i/U1649/Y,NAND3X1,NOR2X1/B,1,0.00236501,0.00236501,0.00229711,0.00229711,0.00236501,0.0,0.00236501,0.0,0.002365
frfcfs_scheduler_i/n1275,frfcfs_scheduler_i/U1646/Y,NAND3X1,NOR2X1/A,1,0.00224248,0.00224248,0.00220861,0.00220861,0.00224248,0.0,0.00224248,0.0,0.002242
frfcfs_scheduler_i/n1276,frfcfs_scheduler_i/U1652/Y,NAND2X1,NAND2X1/B,1,0.00202749,0.00202749,0.00194421,0.00194421,0.00202749,0.0,0.00202749,0.0,0.002027
frfcfs_scheduler_i/n1277,frfcfs_scheduler_i/U1651/Y,NAND2X1,NAND2X1/A,1,0.00211057,0.00211057,0.00188435,0.00188435,0.00211057,0.0,0.00211057,0.0,0.002111
frfcfs_scheduler_i/n1278,frfcfs_scheduler_i/U1656/Y,AOI21X1,NAND3X1/C,1,0.00296109,0.00296109,0.0028316,0.0028316,0.00296109,0.0,0.00296109,0.0,0.002961
frfcfs_scheduler_i/n1279,frfcfs_scheduler_i/U1655/Y,NAND2X1,NAND3X1/B,1,0.00283213,0.00283213,0.00259978,0.00259978,0.00283213,0.0,0.00283213,0.0,0.002832
frfcfs_scheduler_i/n1280,frfcfs_scheduler_i/U1654/Y,NAND2X1,NAND3X1/A,1,0.00254759,0.00254759,0.00220852,0.00220852,0.00254759,0.0,0.00254759,0.0,0.002548
frfcfs_scheduler_i/n1283,frfcfs_scheduler_i/U885/Y,NAND2X1,OAI21X1/C,1,0.00200991,0.00200991,0.0019239,0.0019239,0.00200991,0.0,0.00200991,0.0,0.00201
frfcfs_scheduler_i/n1284,frfcfs_scheduler_i/U887/Y,NAND2X1,OAI21X1/C,1,0.00200991,0.00200991,0.0019239,0.0019239,0.00200991,0.0,0.00200991,0.0,0.00201
frfcfs_scheduler_i/n1285,frfcfs_scheduler_i/U1658/Y,NAND2X1,NAND2X1/A,1,0.00211057,0.00211057,0.00188435,0.00188435,0.00211057,0.0,0.00211057,0.0,0.002111
frfcfs_scheduler_i/n1286,frfcfs_scheduler_i/U890/Y,NAND3X1,NAND3X1/A,1,0.00254759,0.00254759,0.00220852,0.00220852,0.00254759,0.0,0.00254759,0.0,0.002548
frfcfs_scheduler_i/n1287,frfcfs_scheduler_i/U891/Y,NAND3X1,NAND3X1/C,1,0.00296109,0.00296109,0.0028316,0.0028316,0.00296109,0.0,0.00296109,0.0,0.002961
frfcfs_scheduler_i/n1288,frfcfs_scheduler_i/U892/Y,NAND2X1,NAND3X1/C,1,0.00296109,0.00296109,0.0028316,0.0028316,0.00296109,0.0,0.00296109,0.0,0.002961
frfcfs_scheduler_i/n1290,frfcfs_scheduler_i/U1657/Y,NAND3X1,NOR2X1/A,1,0.00224248,0.00224248,0.00220861,0.00220861,0.00224248,0.0,0.00224248,0.0,0.002242
frfcfs_scheduler_i/n1291,frfcfs_scheduler_i/U1653/Y,NAND2X1,INVX1/A,1,0.00155103,0.00155103,0.00147616,0.00147616,0.00155103,0.0,0.00155103,0.0,0.001551
frfcfs_scheduler_i/n1292,frfcfs_scheduler_i/U451/Y,NOR2X1,NAND2X1/A,1,0.00211057,0.00211057,0.00188435,0.00188435,0.00211057,0.0,0.00211057,0.0,0.002111
frfcfs_scheduler_i/n1293,frfcfs_scheduler_i/U1650/Y,NOR2X1,NAND2X1/B,1,0.00202749,0.00202749,0.00194421,0.00194421,0.00202749,0.0,0.00202749,0.0,0.002027
frfcfs_scheduler_i/n1295,frfcfs_scheduler_i/U1659/Y,NAND2X1,OAI21X1/C,1,0.00200991,0.00200991,0.0019239,0.0019239,0.00200991,0.0,0.00200991,0.0,0.00201
frfcfs_scheduler_i/n1296,frfcfs_scheduler_i/U1645/Y,NAND2X1,OAI21X1/A,1,0.00274222,0.00274222,0.00257258,0.00257258,0.00274222,0.0,0.00274222,0.0,0.002742
frfcfs_scheduler_i/n1297,frfcfs_scheduler_i/U1643/Y,NAND3X1,OAI21X1/B,1,0.00283226,0.00283226,0.00263248,0.00263248,0.00283226,0.0,0.00283226,0.0,0.002832
frfcfs_scheduler_i/n1298,frfcfs_scheduler_i/U1661/Y,NAND2X1,NAND2X1/B,1,0.00202749,0.00202749,0.00194421,0.00194421,0.00202749,0.0,0.00202749,0.0,0.002027
frfcfs_scheduler_i/n1299,frfcfs_scheduler_i/U898/Y,NAND2X1,OAI21X1/C,1,0.00200991,0.00200991,0.0019239,0.0019239,0.00200991,0.0,0.00200991,0.0,0.00201
frfcfs_scheduler_i/n1302,frfcfs_scheduler_i/U1663/Y,NAND2X1,NAND2X1/A,1,0.00211057,0.00211057,0.00188435,0.00188435,0.00211057,0.0,0.00211057,0.0,0.002111
frfcfs_scheduler_i/n1303,frfcfs_scheduler_i/U1664/Y,NAND2X1,NOR2X1/B,1,0.00236501,0.00236501,0.00229711,0.00229711,0.00236501,0.0,0.00236501,0.0,0.002365
frfcfs_scheduler_i/n1304,frfcfs_scheduler_i/U1662/Y,NAND2X1,NOR2X1/A,1,0.00224248,0.00224248,0.00220861,0.00220861,0.00224248,0.0,0.00224248,0.0,0.002242
frfcfs_scheduler_i/n1305,frfcfs_scheduler_i/U907/Y,AOI21X1,NAND3X1/B,1,0.00283213,0.00283213,0.00259978,0.00259978,0.00283213,0.0,0.00283213,0.0,0.002832
frfcfs_scheduler_i/n1306,frfcfs_scheduler_i/U906/Y,AOI22X1,BUFX2/A,1,0.00153896,0.00153896,0.00150415,0.00150415,0.00153896,0.0,0.00153896,0.0,0.001539
frfcfs_scheduler_i/n1308,frfcfs_scheduler_i/U905/Y,AOI22X1,AND2X2/A,1,0.00179784,0.00179784,0.00176278,0.00176278,0.00179784,0.0,0.00179784,0.0,0.001798
frfcfs_scheduler_i/n1309,frfcfs_scheduler_i/U904/Y,AOI22X1,AND2X2/B,1,0.00186944,0.00186944,0.00182011,0.00182011,0.00186944,0.0,0.00186944,0.0,0.001869
frfcfs_scheduler_i/n1310,frfcfs_scheduler_i/U913/Y,AOI22X1,NAND3X1/C,1,0.00296109,0.00296109,0.0028316,0.0028316,0.00296109,0.0,0.00296109,0.0,0.002961
frfcfs_scheduler_i/n1311,frfcfs_scheduler_i/U911/Y,AOI21X1,NAND3X1/A,1,0.00254759,0.00254759,0.00220852,0.00220852,0.00254759,0.0,0.00254759,0.0,0.002548
frfcfs_scheduler_i/n1313,frfcfs_scheduler_i/U910/Y,AOI22X1,AND2X2/A,1,0.00179784,0.00179784,0.00176278,0.00176278,0.00179784,0.0,0.00179784,0.0,0.001798
frfcfs_scheduler_i/n1314,frfcfs_scheduler_i/U909/Y,AOI22X1,AND2X2/B,1,0.00186944,0.00186944,0.00182011,0.00182011,0.00186944,0.0,0.00186944,0.0,0.001869
frfcfs_scheduler_i/n1315,frfcfs_scheduler_i/U912/Y,AOI21X1,INVX1/A,1,0.00155103,0.00155103,0.00147616,0.00147616,0.00155103,0.0,0.00155103,0.0,0.001551
frfcfs_scheduler_i/n1316,frfcfs_scheduler_i/U1667/Y,NAND2X1,NAND2X1/B,1,0.00202749,0.00202749,0.00194421,0.00194421,0.00202749,0.0,0.00202749,0.0,0.002027
frfcfs_scheduler_i/n1317,frfcfs_scheduler_i/U1666/Y,NAND2X1,NAND2X1/A,1,0.00211057,0.00211057,0.00188435,0.00188435,0.00211057,0.0,0.00211057,0.0,0.002111
frfcfs_scheduler_i/n1318,frfcfs_scheduler_i/U919/Y,AOI21X1,NAND3X1/B,1,0.00283213,0.00283213,0.00259978,0.00259978,0.00283213,0.0,0.00283213,0.0,0.002832
frfcfs_scheduler_i/n1319,frfcfs_scheduler_i/U918/Y,AOI22X1,BUFX2/A,1,0.00153896,0.00153896,0.00150415,0.00150415,0.00153896,0.0,0.00153896,0.0,0.001539
frfcfs_scheduler_i/n1321,frfcfs_scheduler_i/U917/Y,AOI22X1,AND2X2/A,1,0.00179784,0.00179784,0.00176278,0.00176278,0.00179784,0.0,0.00179784,0.0,0.001798
frfcfs_scheduler_i/n1322,frfcfs_scheduler_i/U916/Y,AOI22X1,AND2X2/B,1,0.00186944,0.00186944,0.00182011,0.00182011,0.00186944,0.0,0.00186944,0.0,0.001869
frfcfs_scheduler_i/n1323,frfcfs_scheduler_i/U925/Y,AOI22X1,NAND3X1/C,1,0.00296109,0.00296109,0.0028316,0.0028316,0.00296109,0.0,0.00296109,0.0,0.002961
frfcfs_scheduler_i/n1324,frfcfs_scheduler_i/U923/Y,AOI21X1,NAND3X1/A,1,0.00254759,0.00254759,0.00220852,0.00220852,0.00254759,0.0,0.00254759,0.0,0.002548
frfcfs_scheduler_i/n1326,frfcfs_scheduler_i/U922/Y,AOI22X1,AND2X2/A,1,0.00179784,0.00179784,0.00176278,0.00176278,0.00179784,0.0,0.00179784,0.0,0.001798
frfcfs_scheduler_i/n1327,frfcfs_scheduler_i/U921/Y,AOI22X1,AND2X2/B,1,0.00186944,0.00186944,0.00182011,0.00182011,0.00186944,0.0,0.00186944,0.0,0.001869
frfcfs_scheduler_i/n1328,frfcfs_scheduler_i/U924/Y,AOI21X1,INVX1/A,1,0.00155103,0.00155103,0.00147616,0.00147616,0.00155103,0.0,0.00155103,0.0,0.001551
frfcfs_scheduler_i/n1329,frfcfs_scheduler_i/U1671/Y,AOI21X1,NAND3X1/B,1,0.00283213,0.00283213,0.00259978,0.00259978,0.00283213,0.0,0.00283213,0.0,0.002832
frfcfs_scheduler_i/n1330,frfcfs_scheduler_i/U1670/Y,NAND2X1,NAND3X1/C,1,0.00296109,0.00296109,0.0028316,0.0028316,0.00296109,0.0,0.00296109,0.0,0.002961
frfcfs_scheduler_i/n1331,frfcfs_scheduler_i/U1669/Y,NAND2X1,NAND3X1/A,1,0.00254759,0.00254759,0.00220852,0.00220852,0.00254759,0.0,0.00254759,0.0,0.002548
frfcfs_scheduler_i/n1332,frfcfs_scheduler_i/U932/Y,AOI21X1,NAND3X1/B,1,0.00283213,0.00283213,0.00259978,0.00259978,0.00283213,0.0,0.00283213,0.0,0.002832
frfcfs_scheduler_i/n1333,frfcfs_scheduler_i/U931/Y,AOI22X1,BUFX2/A,1,0.00153896,0.00153896,0.00150415,0.00150415,0.00153896,0.0,0.00153896,0.0,0.001539
frfcfs_scheduler_i/n1335,frfcfs_scheduler_i/U930/Y,AOI22X1,AND2X2/A,1,0.00179784,0.00179784,0.00176278,0.00176278,0.00179784,0.0,0.00179784,0.0,0.001798
frfcfs_scheduler_i/n1336,frfcfs_scheduler_i/U929/Y,AOI22X1,AND2X2/B,1,0.00186944,0.00186944,0.00182011,0.00182011,0.00186944,0.0,0.00186944,0.0,0.001869
frfcfs_scheduler_i/n1337,frfcfs_scheduler_i/U938/Y,AOI22X1,NAND3X1/C,1,0.00296109,0.00296109,0.0028316,0.0028316,0.00296109,0.0,0.00296109,0.0,0.002961
frfcfs_scheduler_i/n1338,frfcfs_scheduler_i/U936/Y,AOI21X1,NAND3X1/A,1,0.00254759,0.00254759,0.00220852,0.00220852,0.00254759,0.0,0.00254759,0.0,0.002548
frfcfs_scheduler_i/n1340,frfcfs_scheduler_i/U935/Y,AOI22X1,AND2X2/A,1,0.00179784,0.00179784,0.00176278,0.00176278,0.00179784,0.0,0.00179784,0.0,0.001798
frfcfs_scheduler_i/n1341,frfcfs_scheduler_i/U934/Y,AOI22X1,AND2X2/B,1,0.00186944,0.00186944,0.00182011,0.00182011,0.00186944,0.0,0.00186944,0.0,0.001869
frfcfs_scheduler_i/n1342,frfcfs_scheduler_i/U937/Y,AOI21X1,INVX1/A,1,0.00155103,0.00155103,0.00147616,0.00147616,0.00155103,0.0,0.00155103,0.0,0.001551
frfcfs_scheduler_i/n1343,frfcfs_scheduler_i/U1674/Y,NAND2X1,NAND2X1/B,1,0.00202749,0.00202749,0.00194421,0.00194421,0.00202749,0.0,0.00202749,0.0,0.002027
frfcfs_scheduler_i/n1344,frfcfs_scheduler_i/U1673/Y,NAND2X1,NAND2X1/A,1,0.00211057,0.00211057,0.00188435,0.00188435,0.00211057,0.0,0.00211057,0.0,0.002111
frfcfs_scheduler_i/n1345,frfcfs_scheduler_i/U1675/Y,NAND2X1,OR2X2/A,1,0.00230117,0.00229176,0.00230117,0.00229176,0.00230117,0.0,0.00230117,0.0,0.002301
frfcfs_scheduler_i/n1346,frfcfs_scheduler_i/U944/Y,AOI21X1,NAND3X1/B,1,0.00283213,0.00283213,0.00259978,0.00259978,0.00283213,0.0,0.00283213,0.0,0.002832
frfcfs_scheduler_i/n1347,frfcfs_scheduler_i/U943/Y,AOI22X1,BUFX2/A,1,0.00153896,0.00153896,0.00150415,0.00150415,0.00153896,0.0,0.00153896,0.0,0.001539
frfcfs_scheduler_i/n1349,frfcfs_scheduler_i/U942/Y,AOI22X1,AND2X2/A,1,0.00179784,0.00179784,0.00176278,0.00176278,0.00179784,0.0,0.00179784,0.0,0.001798
frfcfs_scheduler_i/n1350,frfcfs_scheduler_i/U941/Y,AOI22X1,AND2X2/B,1,0.00186944,0.00186944,0.00182011,0.00182011,0.00186944,0.0,0.00186944,0.0,0.001869
frfcfs_scheduler_i/n1351,frfcfs_scheduler_i/U950/Y,AOI22X1,NAND3X1/C,1,0.00296109,0.00296109,0.0028316,0.0028316,0.00296109,0.0,0.00296109,0.0,0.002961
frfcfs_scheduler_i/n1352,frfcfs_scheduler_i/U948/Y,AOI21X1,NAND3X1/A,1,0.00254759,0.00254759,0.00220852,0.00220852,0.00254759,0.0,0.00254759,0.0,0.002548
frfcfs_scheduler_i/n1354,frfcfs_scheduler_i/U947/Y,AOI22X1,AND2X2/A,1,0.00179784,0.00179784,0.00176278,0.00176278,0.00179784,0.0,0.00179784,0.0,0.001798
frfcfs_scheduler_i/n1355,frfcfs_scheduler_i/U946/Y,AOI22X1,AND2X2/B,1,0.00186944,0.00186944,0.00182011,0.00182011,0.00186944,0.0,0.00186944,0.0,0.001869
frfcfs_scheduler_i/n1356,frfcfs_scheduler_i/U949/Y,AOI21X1,INVX1/A,1,0.00155103,0.00155103,0.00147616,0.00147616,0.00155103,0.0,0.00155103,0.0,0.001551
frfcfs_scheduler_i/n1357,frfcfs_scheduler_i/U1672/Y,NAND3X1,NOR2X1/A,1,0.00224248,0.00224248,0.00220861,0.00220861,0.00224248,0.0,0.00224248,0.0,0.002242
frfcfs_scheduler_i/n1358,frfcfs_scheduler_i/U1668/Y,NAND2X1,OR2X2/B,1,0.00234214,0.00228252,0.00234214,0.00228252,0.00234214,0.0,0.00234214,0.0,0.002342
frfcfs_scheduler_i/n1360,frfcfs_scheduler_i/U956/Y,AOI21X1,NAND3X1/B,1,0.00283213,0.00283213,0.00259978,0.00259978,0.00283213,0.0,0.00283213,0.0,0.002832
frfcfs_scheduler_i/n1361,frfcfs_scheduler_i/U955/Y,AOI22X1,BUFX2/A,1,0.00153896,0.00153896,0.00150415,0.00150415,0.00153896,0.0,0.00153896,0.0,0.001539
frfcfs_scheduler_i/n1363,frfcfs_scheduler_i/U954/Y,AOI22X1,AND2X2/A,1,0.00179784,0.00179784,0.00176278,0.00176278,0.00179784,0.0,0.00179784,0.0,0.001798
frfcfs_scheduler_i/n1364,frfcfs_scheduler_i/U953/Y,AOI22X1,AND2X2/B,1,0.00186944,0.00186944,0.00182011,0.00182011,0.00186944,0.0,0.00186944,0.0,0.001869
frfcfs_scheduler_i/n1365,frfcfs_scheduler_i/U962/Y,AOI22X1,NAND3X1/C,1,0.00296109,0.00296109,0.0028316,0.0028316,0.00296109,0.0,0.00296109,0.0,0.002961
frfcfs_scheduler_i/n1366,frfcfs_scheduler_i/U960/Y,AOI21X1,NAND3X1/A,1,0.00254759,0.00254759,0.00220852,0.00220852,0.00254759,0.0,0.00254759,0.0,0.002548
frfcfs_scheduler_i/n1368,frfcfs_scheduler_i/U959/Y,AOI22X1,AND2X2/A,1,0.00179784,0.00179784,0.00176278,0.00176278,0.00179784,0.0,0.00179784,0.0,0.001798
frfcfs_scheduler_i/n1369,frfcfs_scheduler_i/U958/Y,AOI22X1,AND2X2/B,1,0.00186944,0.00186944,0.00182011,0.00182011,0.00186944,0.0,0.00186944,0.0,0.001869
frfcfs_scheduler_i/n1370,frfcfs_scheduler_i/U961/Y,AOI21X1,INVX1/A,1,0.00155103,0.00155103,0.00147616,0.00147616,0.00155103,0.0,0.00155103,0.0,0.001551
frfcfs_scheduler_i/n1371,frfcfs_scheduler_i/U1678/Y,NAND2X1,NAND3X1/C,1,0.00296109,0.00296109,0.0028316,0.0028316,0.00296109,0.0,0.00296109,0.0,0.002961
frfcfs_scheduler_i/n1373,frfcfs_scheduler_i/U1677/Y,NAND2X1,NAND3X1/A,1,0.00254759,0.00254759,0.00220852,0.00220852,0.00254759,0.0,0.00254759,0.0,0.002548
frfcfs_scheduler_i/n1374,frfcfs_scheduler_i/U1679/Y,NAND3X1,NOR2X1/B,1,0.00236501,0.00236501,0.00229711,0.00229711,0.00236501,0.0,0.00236501,0.0,0.002365
frfcfs_scheduler_i/n1375,frfcfs_scheduler_i/U1676/Y,NAND2X1,NOR2X1/A,1,0.00224248,0.00224248,0.00220861,0.00220861,0.00224248,0.0,0.00224248,0.0,0.002242
frfcfs_scheduler_i/n1376,frfcfs_scheduler_i/U971/Y,AOI22X1,NAND3X1/B,1,0.00283213,0.00283213,0.00259978,0.00259978,0.00283213,0.0,0.00283213,0.0,0.002832
frfcfs_scheduler_i/n1377,frfcfs_scheduler_i/U970/Y,AOI22X1,AND2X2/A,1,0.00179784,0.00179784,0.00176278,0.00176278,0.00179784,0.0,0.00179784,0.0,0.001798
frfcfs_scheduler_i/n1379,frfcfs_scheduler_i/U969/Y,AOI22X1,AND2X2/A,1,0.00179784,0.00179784,0.00176278,0.00176278,0.00179784,0.0,0.00179784,0.0,0.001798
frfcfs_scheduler_i/n1380,frfcfs_scheduler_i/U968/Y,AOI22X1,AND2X2/B,1,0.00186944,0.00186944,0.00182011,0.00182011,0.00186944,0.0,0.00186944,0.0,0.001869
frfcfs_scheduler_i/n1381,frfcfs_scheduler_i/U976/Y,AOI22X1,NAND3X1/C,1,0.00296109,0.00296109,0.0028316,0.0028316,0.00296109,0.0,0.00296109,0.0,0.002961
frfcfs_scheduler_i/n1382,frfcfs_scheduler_i/U975/Y,AOI22X1,NAND3X1/A,1,0.00254759,0.00254759,0.00220852,0.00220852,0.00254759,0.0,0.00254759,0.0,0.002548
frfcfs_scheduler_i/n1384,frfcfs_scheduler_i/U974/Y,AOI22X1,AND2X2/A,1,0.00179784,0.00179784,0.00176278,0.00176278,0.00179784,0.0,0.00179784,0.0,0.001798
frfcfs_scheduler_i/n1385,frfcfs_scheduler_i/U973/Y,AOI21X1,AND2X2/B,1,0.00186944,0.00186944,0.00182011,0.00182011,0.00186944,0.0,0.00186944,0.0,0.001869
frfcfs_scheduler_i/n1386,frfcfs_scheduler_i/U1680/Y,NOR2X1,NAND3X1/C,1,0.00296109,0.00296109,0.0028316,0.0028316,0.00296109,0.0,0.00296109,0.0,0.002961
frfcfs_scheduler_i/n1387,frfcfs_scheduler_i/U558/Y,NOR2X1,NAND3X1/B,1,0.00283213,0.00283213,0.00259978,0.00259978,0.00283213,0.0,0.00283213,0.0,0.002832
frfcfs_scheduler_i/n1388,frfcfs_scheduler_i/U981/Y,AOI21X1,NAND3X1/B,1,0.00283213,0.00283213,0.00259978,0.00259978,0.00283213,0.0,0.00283213,0.0,0.002832
frfcfs_scheduler_i/n1389,frfcfs_scheduler_i/U980/Y,AOI22X1,BUFX2/A,1,0.00153896,0.00153896,0.00150415,0.00150415,0.00153896,0.0,0.00153896,0.0,0.001539
frfcfs_scheduler_i/n1391,frfcfs_scheduler_i/U979/Y,AOI22X1,AND2X2/A,1,0.00179784,0.00179784,0.00176278,0.00176278,0.00179784,0.0,0.00179784,0.0,0.001798
frfcfs_scheduler_i/n1392,frfcfs_scheduler_i/U978/Y,AOI22X1,AND2X2/B,1,0.00186944,0.00186944,0.00182011,0.00182011,0.00186944,0.0,0.00186944,0.0,0.001869
frfcfs_scheduler_i/n1393,frfcfs_scheduler_i/U987/Y,AOI22X1,NAND3X1/C,1,0.00296109,0.00296109,0.0028316,0.0028316,0.00296109,0.0,0.00296109,0.0,0.002961
frfcfs_scheduler_i/n1394,frfcfs_scheduler_i/U985/Y,AOI21X1,NAND3X1/A,1,0.00254759,0.00254759,0.00220852,0.00220852,0.00254759,0.0,0.00254759,0.0,0.002548
frfcfs_scheduler_i/n1396,frfcfs_scheduler_i/U984/Y,AOI22X1,AND2X2/A,1,0.00179784,0.00179784,0.00176278,0.00176278,0.00179784,0.0,0.00179784,0.0,0.001798
frfcfs_scheduler_i/n1397,frfcfs_scheduler_i/U983/Y,AOI22X1,AND2X2/B,1,0.00186944,0.00186944,0.00182011,0.00182011,0.00186944,0.0,0.00186944,0.0,0.001869
frfcfs_scheduler_i/n1398,frfcfs_scheduler_i/U986/Y,AOI21X1,INVX1/A,1,0.00155103,0.00155103,0.00147616,0.00147616,0.00155103,0.0,0.00155103,0.0,0.001551
frfcfs_scheduler_i/n1399,frfcfs_scheduler_i/U1665/Y,NOR2X1,NAND3X1/A,1,0.00254759,0.00254759,0.00220852,0.00220852,0.00254759,0.0,0.00254759,0.0,0.002548
frfcfs_scheduler_i/n1400,frfcfs_scheduler_i/U1683/Y,NAND2X1,NAND2X1/B,1,0.00202749,0.00202749,0.00194421,0.00194421,0.00202749,0.0,0.00202749,0.0,0.002027
frfcfs_scheduler_i/n1401,frfcfs_scheduler_i/U1682/Y,NAND2X1,NAND2X1/A,1,0.00211057,0.00211057,0.00188435,0.00188435,0.00211057,0.0,0.00211057,0.0,0.002111
frfcfs_scheduler_i/n1402,frfcfs_scheduler_i/U995/Y,AOI22X1,BUFX2/A,1,0.00153896,0.00153896,0.00150415,0.00150415,0.00153896,0.0,0.00153896,0.0,0.001539
frfcfs_scheduler_i/n1403,frfcfs_scheduler_i/U994/Y,AOI22X1,BUFX2/A,1,0.00153896,0.00153896,0.00150415,0.00150415,0.00153896,0.0,0.00153896,0.0,0.001539
frfcfs_scheduler_i/n1405,frfcfs_scheduler_i/U993/Y,AOI22X1,AND2X2/A,1,0.00179784,0.00179784,0.00176278,0.00176278,0.00179784,0.0,0.00179784,0.0,0.001798
frfcfs_scheduler_i/n1406,frfcfs_scheduler_i/U992/Y,AOI22X1,AND2X2/B,1,0.00186944,0.00186944,0.00182011,0.00182011,0.00186944,0.0,0.00186944,0.0,0.001869
frfcfs_scheduler_i/n1407,frfcfs_scheduler_i/U1000/Y,AOI22X1,BUFX4/A,1,0.0039795,0.0039795,0.003854,0.003854,0.0039795,0.0,0.0039795,0.0,0.003979
frfcfs_scheduler_i/n1408,frfcfs_scheduler_i/U999/Y,AOI22X1,INVX1/A,1,0.00155103,0.00155103,0.00147616,0.00147616,0.00155103,0.0,0.00155103,0.0,0.001551
frfcfs_scheduler_i/n1410,frfcfs_scheduler_i/U998/Y,AOI22X1,AND2X2/A,1,0.00179784,0.00179784,0.00176278,0.00176278,0.00179784,0.0,0.00179784,0.0,0.001798
frfcfs_scheduler_i/n1411,frfcfs_scheduler_i/U997/Y,AOI21X1,AND2X2/B,1,0.00186944,0.00186944,0.00182011,0.00182011,0.00186944,0.0,0.00186944,0.0,0.001869
frfcfs_scheduler_i/n1412,frfcfs_scheduler_i/U1686/Y,NAND2X1,NAND2X1/B,1,0.00202749,0.00202749,0.00194421,0.00194421,0.00202749,0.0,0.00202749,0.0,0.002027
frfcfs_scheduler_i/n1413,frfcfs_scheduler_i/U1685/Y,NAND2X1,NAND2X1/A,1,0.00211057,0.00211057,0.00188435,0.00188435,0.00211057,0.0,0.00211057,0.0,0.002111
frfcfs_scheduler_i/n1414,frfcfs_scheduler_i/U1687/Y,NAND2X1,NOR2X1/B,1,0.00236501,0.00236501,0.00229711,0.00229711,0.00236501,0.0,0.00236501,0.0,0.002365
frfcfs_scheduler_i/n1415,frfcfs_scheduler_i/U1684/Y,NAND2X1,NOR2X1/A,1,0.00224248,0.00224248,0.00220861,0.00220861,0.00224248,0.0,0.00224248,0.0,0.002242
frfcfs_scheduler_i/n1417,frfcfs_scheduler_i/U1689/Y,NOR2X1,NAND2X1/A,1,0.00211057,0.00211057,0.00188435,0.00188435,0.00211057,0.0,0.00211057,0.0,0.002111
frfcfs_scheduler_i/n1418,frfcfs_scheduler_i/U1693/Y,AOI22X1,NAND3X1/C,1,0.00296109,0.00296109,0.0028316,0.0028316,0.00296109,0.0,0.00296109,0.0,0.002961
frfcfs_scheduler_i/n1419,frfcfs_scheduler_i/U1692/Y,AOI22X1,NAND3X1/B,1,0.00283213,0.00283213,0.00259978,0.00259978,0.00283213,0.0,0.00283213,0.0,0.002832
frfcfs_scheduler_i/n1420,frfcfs_scheduler_i/U1691/Y,AOI22X1,NAND3X1/A,1,0.00254759,0.00254759,0.00220852,0.00220852,0.00254759,0.0,0.00254759,0.0,0.002548
frfcfs_scheduler_i/n1421,frfcfs_scheduler_i/U1694/Y,NAND3X1,NOR2X1/A,1,0.00224248,0.00224248,0.00220861,0.00220861,0.00224248,0.0,0.00224248,0.0,0.002242
frfcfs_scheduler_i/n1422,frfcfs_scheduler_i/U1690/Y,NAND2X1,NOR2X1/B,1,0.00236501,0.00236501,0.00229711,0.00229711,0.00236501,0.0,0.00236501,0.0,0.002365
frfcfs_scheduler_i/n1423,frfcfs_scheduler_i/U1697/Y,NAND2X1,NAND2X1/B,1,0.00202749,0.00202749,0.00194421,0.00194421,0.00202749,0.0,0.00202749,0.0,0.002027
frfcfs_scheduler_i/n1424,frfcfs_scheduler_i/U1696/Y,NAND2X1,NAND2X1/A,1,0.00211057,0.00211057,0.00188435,0.00188435,0.00211057,0.0,0.00211057,0.0,0.002111
frfcfs_scheduler_i/n1425,frfcfs_scheduler_i/U1701/Y,NAND2X1,NAND3X1/C,1,0.00296109,0.00296109,0.0028316,0.0028316,0.00296109,0.0,0.00296109,0.0,0.002961
frfcfs_scheduler_i/n1426,frfcfs_scheduler_i/U1700/Y,NAND2X1,NAND3X1/B,1,0.00283213,0.00283213,0.00259978,0.00259978,0.00283213,0.0,0.00283213,0.0,0.002832
frfcfs_scheduler_i/n1427,frfcfs_scheduler_i/U1699/Y,NAND2X1,NAND3X1/A,1,0.00254759,0.00254759,0.00220852,0.00220852,0.00254759,0.0,0.00254759,0.0,0.002548
frfcfs_scheduler_i/n1428,frfcfs_scheduler_i/U1702/Y,NAND3X1,NOR2X1/B,1,0.00236501,0.00236501,0.00229711,0.00229711,0.00236501,0.0,0.00236501,0.0,0.002365
frfcfs_scheduler_i/n1429,frfcfs_scheduler_i/U1698/Y,NAND2X1,NOR2X1/A,1,0.00224248,0.00224248,0.00220861,0.00220861,0.00224248,0.0,0.00224248,0.0,0.002242
frfcfs_scheduler_i/n1430,frfcfs_scheduler_i/U1703/Y,NOR2X1,AND2X2/B,1,0.00186944,0.00186944,0.00182011,0.00182011,0.00186944,0.0,0.00186944,0.0,0.001869
frfcfs_scheduler_i/n1431,frfcfs_scheduler_i/U1695/Y,NOR2X1,NAND2X1/B,1,0.00202749,0.00202749,0.00194421,0.00194421,0.00202749,0.0,0.00202749,0.0,0.002027
frfcfs_scheduler_i/n1432,frfcfs_scheduler_i/U1688/Y,NOR2X1,AND2X2/A,1,0.00179784,0.00179784,0.00176278,0.00176278,0.00179784,0.0,0.00179784,0.0,0.001798
frfcfs_scheduler_i/n1433,frfcfs_scheduler_i/U551/Y,NAND2X1,AND2X2/B;AND2X2/B,2,0.00373888,0.00373888,0.00364022,0.00364022,0.00373888,0.0,0.00373888,0.0,0.003739
frfcfs_scheduler_i/n1434,frfcfs_scheduler_i/U1681/Y,NAND3X1,AND2X2/A;AND2X2/A,2,0.00359568,0.00359568,0.00352556,0.00352556,0.00359568,0.0,0.00359568,0.0,0.003596
frfcfs_scheduler_i/n1435,frfcfs_scheduler_i/U1019/Y,AOI22X1,INVX1/A,1,0.00155103,0.00155103,0.00147616,0.00147616,0.00155103,0.0,0.00155103,0.0,0.001551
frfcfs_scheduler_i/n1436,frfcfs_scheduler_i/U1018/Y,AOI21X1,NAND2X1/A,1,0.00211057,0.00211057,0.00188435,0.00188435,0.00211057,0.0,0.00211057,0.0,0.002111
frfcfs_scheduler_i/n1439,frfcfs_scheduler_i/U1027/Y,AOI22X1,AND2X2/A,1,0.00179784,0.00179784,0.00176278,0.00176278,0.00179784,0.0,0.00179784,0.0,0.001798
frfcfs_scheduler_i/n1440,frfcfs_scheduler_i/U1026/Y,AOI22X1,AND2X2/B,1,0.00186944,0.00186944,0.00182011,0.00182011,0.00186944,0.0,0.00186944,0.0,0.001869
frfcfs_scheduler_i/n1442,frfcfs_scheduler_i/U1025/Y,AOI22X1,AND2X2/A,1,0.00179784,0.00179784,0.00176278,0.00176278,0.00179784,0.0,0.00179784,0.0,0.001798
frfcfs_scheduler_i/n1443,frfcfs_scheduler_i/U1024/Y,AOI22X1,AND2X2/B,1,0.00186944,0.00186944,0.00182011,0.00182011,0.00186944,0.0,0.00186944,0.0,0.001869
frfcfs_scheduler_i/n1444,frfcfs_scheduler_i/U1032/Y,AOI22X1,NAND3X1/A,1,0.00254759,0.00254759,0.00220852,0.00220852,0.00254759,0.0,0.00254759,0.0,0.002548
frfcfs_scheduler_i/n1445,frfcfs_scheduler_i/U1031/Y,AOI22X1,BUFX2/A,1,0.00153896,0.00153896,0.00150415,0.00150415,0.00153896,0.0,0.00153896,0.0,0.001539
frfcfs_scheduler_i/n1447,frfcfs_scheduler_i/U1030/Y,AOI22X1,AND2X2/A,1,0.00179784,0.00179784,0.00176278,0.00176278,0.00179784,0.0,0.00179784,0.0,0.001798
frfcfs_scheduler_i/n1448,frfcfs_scheduler_i/U1029/Y,AOI21X1,AND2X2/B,1,0.00186944,0.00186944,0.00182011,0.00182011,0.00186944,0.0,0.00186944,0.0,0.001869
frfcfs_scheduler_i/n1449,frfcfs_scheduler_i/U1244/Y,NAND2X1,INVX1/A,1,0.00155103,0.00155103,0.00147616,0.00147616,0.00155103,0.0,0.00155103,0.0,0.001551
frfcfs_scheduler_i/n1450,frfcfs_scheduler_i/U1709/Y,NAND2X1,NAND2X1/B,1,0.00202749,0.00202749,0.00194421,0.00194421,0.00202749,0.0,0.00202749,0.0,0.002027
frfcfs_scheduler_i/n1451,frfcfs_scheduler_i/U1038/Y,AOI22X1,NAND3X1/A,1,0.00254759,0.00254759,0.00220852,0.00220852,0.00254759,0.0,0.00254759,0.0,0.002548
frfcfs_scheduler_i/n1452,frfcfs_scheduler_i/U1037/Y,AOI22X1,NAND3X1/B,1,0.00283213,0.00283213,0.00259978,0.00259978,0.00283213,0.0,0.00283213,0.0,0.002832
frfcfs_scheduler_i/n1454,frfcfs_scheduler_i/U1036/Y,AOI22X1,AND2X2/A,1,0.00179784,0.00179784,0.00176278,0.00176278,0.00179784,0.0,0.00179784,0.0,0.001798
frfcfs_scheduler_i/n1455,frfcfs_scheduler_i/U1035/Y,AOI22X1,AND2X2/B,1,0.00186944,0.00186944,0.00182011,0.00182011,0.00186944,0.0,0.00186944,0.0,0.001869
frfcfs_scheduler_i/n1456,frfcfs_scheduler_i/U1043/Y,AOI22X1,NAND3X1/B,1,0.00283213,0.00283213,0.00259978,0.00259978,0.00283213,0.0,0.00283213,0.0,0.002832
frfcfs_scheduler_i/n1457,frfcfs_scheduler_i/U1042/Y,AOI22X1,NAND3X1/C,1,0.00296109,0.00296109,0.0028316,0.0028316,0.00296109,0.0,0.00296109,0.0,0.002961
frfcfs_scheduler_i/n1459,frfcfs_scheduler_i/U1041/Y,AOI22X1,AND2X2/A,1,0.00179784,0.00179784,0.00176278,0.00176278,0.00179784,0.0,0.00179784,0.0,0.001798
frfcfs_scheduler_i/n1460,frfcfs_scheduler_i/U1040/Y,AOI21X1,AND2X2/B,1,0.00186944,0.00186944,0.00182011,0.00182011,0.00186944,0.0,0.00186944,0.0,0.001869
frfcfs_scheduler_i/n1461,frfcfs_scheduler_i/U1708/Y,NAND2X1,NAND2X1/A,1,0.00211057,0.00211057,0.00188435,0.00188435,0.00211057,0.0,0.00211057,0.0,0.002111
frfcfs_scheduler_i/n1462,frfcfs_scheduler_i/U1712/Y,NAND2X1,NAND2X1/B,1,0.00202749,0.00202749,0.00194421,0.00194421,0.00202749,0.0,0.00202749,0.0,0.002027
frfcfs_scheduler_i/n1463,frfcfs_scheduler_i/U1049/Y,AOI21X1,NAND3X1/B,1,0.00283213,0.00283213,0.00259978,0.00259978,0.00283213,0.0,0.00283213,0.0,0.002832
frfcfs_scheduler_i/n1464,frfcfs_scheduler_i/U1048/Y,AOI22X1,BUFX2/A,1,0.00153896,0.00153896,0.00150415,0.00150415,0.00153896,0.0,0.00153896,0.0,0.001539
frfcfs_scheduler_i/n1466,frfcfs_scheduler_i/U1047/Y,AOI22X1,AND2X2/A,1,0.00179784,0.00179784,0.00176278,0.00176278,0.00179784,0.0,0.00179784,0.0,0.001798
frfcfs_scheduler_i/n1467,frfcfs_scheduler_i/U1046/Y,AOI22X1,AND2X2/B,1,0.00186944,0.00186944,0.00182011,0.00182011,0.00186944,0.0,0.00186944,0.0,0.001869
frfcfs_scheduler_i/n1468,frfcfs_scheduler_i/U1055/Y,AOI22X1,NAND3X1/C,1,0.00296109,0.00296109,0.0028316,0.0028316,0.00296109,0.0,0.00296109,0.0,0.002961
frfcfs_scheduler_i/n1469,frfcfs_scheduler_i/U1053/Y,AOI21X1,NAND3X1/A,1,0.00254759,0.00254759,0.00220852,0.00220852,0.00254759,0.0,0.00254759,0.0,0.002548
frfcfs_scheduler_i/n1471,frfcfs_scheduler_i/U1052/Y,AOI22X1,AND2X2/A,1,0.00179784,0.00179784,0.00176278,0.00176278,0.00179784,0.0,0.00179784,0.0,0.001798
frfcfs_scheduler_i/n1472,frfcfs_scheduler_i/U1051/Y,AOI22X1,AND2X2/B,1,0.00186944,0.00186944,0.00182011,0.00182011,0.00186944,0.0,0.00186944,0.0,0.001869
frfcfs_scheduler_i/n1473,frfcfs_scheduler_i/U1054/Y,AOI21X1,INVX1/A,1,0.00155103,0.00155103,0.00147616,0.00147616,0.00155103,0.0,0.00155103,0.0,0.001551
frfcfs_scheduler_i/n1474,frfcfs_scheduler_i/U1711/Y,NAND2X1,NAND2X1/A,1,0.00211057,0.00211057,0.00188435,0.00188435,0.00211057,0.0,0.00211057,0.0,0.002111
frfcfs_scheduler_i/n1475,frfcfs_scheduler_i/U1713/Y,NAND2X1,NOR2X1/B,1,0.00236501,0.00236501,0.00229711,0.00229711,0.00236501,0.0,0.00236501,0.0,0.002365
frfcfs_scheduler_i/n1476,frfcfs_scheduler_i/U1060/Y,AOI21X1,NAND3X1/B,1,0.00283213,0.00283213,0.00259978,0.00259978,0.00283213,0.0,0.00283213,0.0,0.002832
frfcfs_scheduler_i/n1477,frfcfs_scheduler_i/U1059/Y,AOI22X1,NAND3X1/C,1,0.00296109,0.00296109,0.0028316,0.0028316,0.00296109,0.0,0.00296109,0.0,0.002961
frfcfs_scheduler_i/n1479,frfcfs_scheduler_i/U1058/Y,AOI22X1,AND2X2/A,1,0.00179784,0.00179784,0.00176278,0.00176278,0.00179784,0.0,0.00179784,0.0,0.001798
frfcfs_scheduler_i/n1480,frfcfs_scheduler_i/U1057/Y,AOI22X1,AND2X2/B,1,0.00186944,0.00186944,0.00182011,0.00182011,0.00186944,0.0,0.00186944,0.0,0.001869
frfcfs_scheduler_i/n1481,frfcfs_scheduler_i/U1066/Y,AOI22X1,NAND3X1/C,1,0.00296109,0.00296109,0.0028316,0.0028316,0.00296109,0.0,0.00296109,0.0,0.002961
frfcfs_scheduler_i/n1482,frfcfs_scheduler_i/U1064/Y,AOI21X1,NAND3X1/A,1,0.00254759,0.00254759,0.00220852,0.00220852,0.00254759,0.0,0.00254759,0.0,0.002548
frfcfs_scheduler_i/n1484,frfcfs_scheduler_i/U1063/Y,AOI22X1,AND2X2/A,1,0.00179784,0.00179784,0.00176278,0.00176278,0.00179784,0.0,0.00179784,0.0,0.001798
frfcfs_scheduler_i/n1485,frfcfs_scheduler_i/U1062/Y,AOI22X1,AND2X2/B,1,0.00186944,0.00186944,0.00182011,0.00182011,0.00186944,0.0,0.00186944,0.0,0.001869
frfcfs_scheduler_i/n1486,frfcfs_scheduler_i/U1065/Y,AOI21X1,INVX1/A,1,0.00155103,0.00155103,0.00147616,0.00147616,0.00155103,0.0,0.00155103,0.0,0.001551
frfcfs_scheduler_i/n1487,frfcfs_scheduler_i/U1710/Y,NAND2X1,NOR2X1/A,1,0.00224248,0.00224248,0.00220861,0.00220861,0.00224248,0.0,0.00224248,0.0,0.002242
frfcfs_scheduler_i/n1488,frfcfs_scheduler_i/U1716/Y,NAND2X1,NAND2X1/B,1,0.00202749,0.00202749,0.00194421,0.00194421,0.00202749,0.0,0.00202749,0.0,0.002027
frfcfs_scheduler_i/n1489,frfcfs_scheduler_i/U1071/Y,AOI21X1,NAND3X1/B,1,0.00283213,0.00283213,0.00259978,0.00259978,0.00283213,0.0,0.00283213,0.0,0.002832
frfcfs_scheduler_i/n1490,frfcfs_scheduler_i/U1070/Y,AOI22X1,BUFX2/A,1,0.00153896,0.00153896,0.00150415,0.00150415,0.00153896,0.0,0.00153896,0.0,0.001539
frfcfs_scheduler_i/n1492,frfcfs_scheduler_i/U1069/Y,AOI22X1,AND2X2/A,1,0.00179784,0.00179784,0.00176278,0.00176278,0.00179784,0.0,0.00179784,0.0,0.001798
frfcfs_scheduler_i/n1493,frfcfs_scheduler_i/U1068/Y,AOI22X1,AND2X2/B,1,0.00186944,0.00186944,0.00182011,0.00182011,0.00186944,0.0,0.00186944,0.0,0.001869
frfcfs_scheduler_i/n1494,frfcfs_scheduler_i/U1077/Y,AOI22X1,NAND3X1/C,1,0.00296109,0.00296109,0.0028316,0.0028316,0.00296109,0.0,0.00296109,0.0,0.002961
frfcfs_scheduler_i/n1495,frfcfs_scheduler_i/U1075/Y,AOI21X1,NAND3X1/A,1,0.00254759,0.00254759,0.00220852,0.00220852,0.00254759,0.0,0.00254759,0.0,0.002548
frfcfs_scheduler_i/n1497,frfcfs_scheduler_i/U1074/Y,AOI22X1,AND2X2/A,1,0.00179784,0.00179784,0.00176278,0.00176278,0.00179784,0.0,0.00179784,0.0,0.001798
frfcfs_scheduler_i/n1498,frfcfs_scheduler_i/U1073/Y,AOI22X1,AND2X2/B,1,0.00186944,0.00186944,0.00182011,0.00182011,0.00186944,0.0,0.00186944,0.0,0.001869
frfcfs_scheduler_i/n1499,frfcfs_scheduler_i/U1076/Y,AOI21X1,INVX1/A,1,0.00155103,0.00155103,0.00147616,0.00147616,0.00155103,0.0,0.00155103,0.0,0.001551
frfcfs_scheduler_i/n1504,frfcfs_scheduler_i/U2082/Y,NOR2X1,DFFPOSX1/D,1,0.00181554,0.00181554,0.00129019,0.00129019,0.00181554,0.0,0.00181554,0.0,0.001816
frfcfs_scheduler_i/n1505,frfcfs_scheduler_i/U1715/Y,NAND2X1,NAND2X1/A,1,0.00211057,0.00211057,0.00188435,0.00188435,0.00211057,0.0,0.00211057,0.0,0.002111
frfcfs_scheduler_i/n1506,frfcfs_scheduler_i/U1720/Y,AOI21X1,NAND3X1/C,1,0.00296109,0.00296109,0.0028316,0.0028316,0.00296109,0.0,0.00296109,0.0,0.002961
frfcfs_scheduler_i/n1507,frfcfs_scheduler_i/U1719/Y,NAND2X1,NAND3X1/B,1,0.00283213,0.00283213,0.00259978,0.00259978,0.00283213,0.0,0.00283213,0.0,0.002832
frfcfs_scheduler_i/n1508,frfcfs_scheduler_i/U1718/Y,NAND2X1,NAND3X1/A,1,0.00254759,0.00254759,0.00220852,0.00220852,0.00254759,0.0,0.00254759,0.0,0.002548
frfcfs_scheduler_i/n1509,frfcfs_scheduler_i/U1723/Y,NAND2X1,NAND2X1/B,1,0.00202749,0.00202749,0.00194421,0.00194421,0.00202749,0.0,0.00202749,0.0,0.002027
frfcfs_scheduler_i/n1510,frfcfs_scheduler_i/U1722/Y,NAND2X1,NAND2X1/A,1,0.00211057,0.00211057,0.00188435,0.00188435,0.00211057,0.0,0.00211057,0.0,0.002111
frfcfs_scheduler_i/n1511,frfcfs_scheduler_i/U1724/Y,NAND2X1,OR2X2/A,1,0.00230117,0.00229176,0.00230117,0.00229176,0.00230117,0.0,0.00230117,0.0,0.002301
frfcfs_scheduler_i/n1512,frfcfs_scheduler_i/U1721/Y,NAND3X1,NOR2X1/A,1,0.00224248,0.00224248,0.00220861,0.00220861,0.00224248,0.0,0.00224248,0.0,0.002242
frfcfs_scheduler_i/n1513,frfcfs_scheduler_i/U1717/Y,NAND2X1,OR2X2/B,1,0.00234214,0.00228252,0.00234214,0.00228252,0.00234214,0.0,0.00234214,0.0,0.002342
frfcfs_scheduler_i/n1515,frfcfs_scheduler_i/U1725/Y,NAND2X1,NAND2X1/A,1,0.00211057,0.00211057,0.00188435,0.00188435,0.00211057,0.0,0.00211057,0.0,0.002111
frfcfs_scheduler_i/n1518,frfcfs_scheduler_i/U1727/Y,NAND2X1,NAND3X1/A,1,0.00254759,0.00254759,0.00220852,0.00220852,0.00254759,0.0,0.00254759,0.0,0.002548
frfcfs_scheduler_i/n1519,frfcfs_scheduler_i/U1728/Y,NAND3X1,NOR2X1/B,1,0.00236501,0.00236501,0.00229711,0.00229711,0.00236501,0.0,0.00236501,0.0,0.002365
frfcfs_scheduler_i/n1520,frfcfs_scheduler_i/U1726/Y,NAND2X1,NOR2X1/A,1,0.00224248,0.00224248,0.00220861,0.00220861,0.00224248,0.0,0.00224248,0.0,0.002242
frfcfs_scheduler_i/n1521,frfcfs_scheduler_i/U1729/Y,NOR2X1,NAND3X1/C,1,0.00296109,0.00296109,0.0028316,0.0028316,0.00296109,0.0,0.00296109,0.0,0.002961
frfcfs_scheduler_i/n1522,frfcfs_scheduler_i/U563/Y,NOR2X1,NAND3X1/B,1,0.00283213,0.00283213,0.00259978,0.00259978,0.00283213,0.0,0.00283213,0.0,0.002832
frfcfs_scheduler_i/n1523,frfcfs_scheduler_i/U1714/Y,NOR2X1,NAND3X1/A,1,0.00254759,0.00254759,0.00220852,0.00220852,0.00254759,0.0,0.00254759,0.0,0.002548
frfcfs_scheduler_i/n1524,frfcfs_scheduler_i/U1732/Y,NAND2X1,NAND2X1/B,1,0.00202749,0.00202749,0.00194421,0.00194421,0.00202749,0.0,0.00202749,0.0,0.002027
frfcfs_scheduler_i/n1525,frfcfs_scheduler_i/U1731/Y,NAND2X1,NAND2X1/A,1,0.00211057,0.00211057,0.00188435,0.00188435,0.00211057,0.0,0.00211057,0.0,0.002111
frfcfs_scheduler_i/n1526,frfcfs_scheduler_i/U1735/Y,NAND2X1,NAND2X1/B,1,0.00202749,0.00202749,0.00194421,0.00194421,0.00202749,0.0,0.00202749,0.0,0.002027
frfcfs_scheduler_i/n1527,frfcfs_scheduler_i/U1734/Y,NAND2X1,NAND2X1/A,1,0.00211057,0.00211057,0.00188435,0.00188435,0.00211057,0.0,0.00211057,0.0,0.002111
frfcfs_scheduler_i/n1528,frfcfs_scheduler_i/U1736/Y,NAND2X1,NOR2X1/B,1,0.00236501,0.00236501,0.00229711,0.00229711,0.00236501,0.0,0.00236501,0.0,0.002365
frfcfs_scheduler_i/n1529,frfcfs_scheduler_i/U1733/Y,NAND2X1,NOR2X1/A,1,0.00224248,0.00224248,0.00220861,0.00220861,0.00224248,0.0,0.00224248,0.0,0.002242
frfcfs_scheduler_i/n1530,frfcfs_scheduler_i/U1347/Y,NAND3X1,INVX1/A,1,0.00155103,0.00155103,0.00147616,0.00147616,0.00155103,0.0,0.00155103,0.0,0.001551
frfcfs_scheduler_i/n1532,frfcfs_scheduler_i/U1738/Y,NOR2X1,NAND2X1/A,1,0.00211057,0.00211057,0.00188435,0.00188435,0.00211057,0.0,0.00211057,0.0,0.002111
frfcfs_scheduler_i/n1533,frfcfs_scheduler_i/U1742/Y,AOI22X1,NAND3X1/C,1,0.00296109,0.00296109,0.0028316,0.0028316,0.00296109,0.0,0.00296109,0.0,0.002961
frfcfs_scheduler_i/n1534,frfcfs_scheduler_i/U1741/Y,AOI22X1,NAND3X1/B,1,0.00283213,0.00283213,0.00259978,0.00259978,0.00283213,0.0,0.00283213,0.0,0.002832
frfcfs_scheduler_i/n1535,frfcfs_scheduler_i/U1740/Y,AOI22X1,NAND3X1/A,1,0.00254759,0.00254759,0.00220852,0.00220852,0.00254759,0.0,0.00254759,0.0,0.002548
frfcfs_scheduler_i/n1536,frfcfs_scheduler_i/U1743/Y,NAND3X1,NOR2X1/A,1,0.00224248,0.00224248,0.00220861,0.00220861,0.00224248,0.0,0.00224248,0.0,0.002242
frfcfs_scheduler_i/n1537,frfcfs_scheduler_i/U1739/Y,NAND2X1,NOR2X1/B,1,0.00236501,0.00236501,0.00229711,0.00229711,0.00236501,0.0,0.00236501,0.0,0.002365
frfcfs_scheduler_i/n1538,frfcfs_scheduler_i/U1746/Y,NAND2X1,NAND2X1/B,1,0.00202749,0.00202749,0.00194421,0.00194421,0.00202749,0.0,0.00202749,0.0,0.002027
frfcfs_scheduler_i/n1539,frfcfs_scheduler_i/U1745/Y,NAND2X1,NAND2X1/A,1,0.00211057,0.00211057,0.00188435,0.00188435,0.00211057,0.0,0.00211057,0.0,0.002111
frfcfs_scheduler_i/n154,frfcfs_scheduler_i/U413/Y,NAND2X1,NOR2X1/A,1,0.00224248,0.00224248,0.00220861,0.00220861,0.00224248,0.0,0.00224248,0.0,0.002242
frfcfs_scheduler_i/n1540,frfcfs_scheduler_i/U1750/Y,NAND2X1,NAND3X1/C,1,0.00296109,0.00296109,0.0028316,0.0028316,0.00296109,0.0,0.00296109,0.0,0.002961
frfcfs_scheduler_i/n1541,frfcfs_scheduler_i/U1749/Y,NAND2X1,NAND3X1/B,1,0.00283213,0.00283213,0.00259978,0.00259978,0.00283213,0.0,0.00283213,0.0,0.002832
frfcfs_scheduler_i/n1542,frfcfs_scheduler_i/U1748/Y,NAND2X1,NAND3X1/A,1,0.00254759,0.00254759,0.00220852,0.00220852,0.00254759,0.0,0.00254759,0.0,0.002548
frfcfs_scheduler_i/n1543,frfcfs_scheduler_i/U1751/Y,NAND3X1,NOR2X1/B,1,0.00236501,0.00236501,0.00229711,0.00229711,0.00236501,0.0,0.00236501,0.0,0.002365
frfcfs_scheduler_i/n1544,frfcfs_scheduler_i/U1747/Y,NAND2X1,NOR2X1/A,1,0.00224248,0.00224248,0.00220861,0.00220861,0.00224248,0.0,0.00224248,0.0,0.002242
frfcfs_scheduler_i/n1545,frfcfs_scheduler_i/U1752/Y,NOR2X1,NAND3X1/B,1,0.00283213,0.00283213,0.00259978,0.00259978,0.00283213,0.0,0.00283213,0.0,0.002832
frfcfs_scheduler_i/n1546,frfcfs_scheduler_i/U1744/Y,NOR2X1,NAND3X1/C,1,0.00296109,0.00296109,0.0028316,0.0028316,0.00296109,0.0,0.00296109,0.0,0.002961
frfcfs_scheduler_i/n1547,frfcfs_scheduler_i/U1737/Y,NOR2X1,NAND3X1/A,1,0.00254759,0.00254759,0.00220852,0.00220852,0.00254759,0.0,0.00254759,0.0,0.002548
frfcfs_scheduler_i/n1548,frfcfs_scheduler_i/U1753/Y,NAND3X1,AND2X2/B,1,0.00186944,0.00186944,0.00182011,0.00182011,0.00186944,0.0,0.00186944,0.0,0.001869
frfcfs_scheduler_i/n1549,frfcfs_scheduler_i/U1730/Y,NAND3X1,AND2X2/A,1,0.00179784,0.00179784,0.00176278,0.00176278,0.00179784,0.0,0.00179784,0.0,0.001798
frfcfs_scheduler_i/n155,frfcfs_scheduler_i/U414/Y,NAND2X1,INVX1/A,1,0.00155103,0.00155103,0.00147616,0.00147616,0.00155103,0.0,0.00155103,0.0,0.001551
frfcfs_scheduler_i/n1556,frfcfs_scheduler_i/U1756/Y,NAND2X1,NAND2X1/A,1,0.00211057,0.00211057,0.00188435,0.00188435,0.00211057,0.0,0.00211057,0.0,0.002111
frfcfs_scheduler_i/n1557,frfcfs_scheduler_i/U1760/Y,AOI22X1,NAND3X1/C,1,0.00296109,0.00296109,0.0028316,0.0028316,0.00296109,0.0,0.00296109,0.0,0.002961
frfcfs_scheduler_i/n1558,frfcfs_scheduler_i/U1759/Y,AOI22X1,NAND3X1/B,1,0.00283213,0.00283213,0.00259978,0.00259978,0.00283213,0.0,0.00283213,0.0,0.002832
frfcfs_scheduler_i/n1559,frfcfs_scheduler_i/U1758/Y,AOI22X1,NAND3X1/A,1,0.00254759,0.00254759,0.00220852,0.00220852,0.00254759,0.0,0.00254759,0.0,0.002548
frfcfs_scheduler_i/n1560,frfcfs_scheduler_i/U1761/Y,NAND3X1,NOR2X1/B,1,0.00236501,0.00236501,0.00229711,0.00229711,0.00236501,0.0,0.00236501,0.0,0.002365
frfcfs_scheduler_i/n1561,frfcfs_scheduler_i/U1757/Y,NAND2X1,NOR2X1/A,1,0.00224248,0.00224248,0.00220861,0.00220861,0.00224248,0.0,0.00224248,0.0,0.002242
frfcfs_scheduler_i/n1562,frfcfs_scheduler_i/U1764/Y,NAND2X1,NAND2X1/B,1,0.00202749,0.00202749,0.00194421,0.00194421,0.00202749,0.0,0.00202749,0.0,0.002027
frfcfs_scheduler_i/n1563,frfcfs_scheduler_i/U1763/Y,NAND2X1,NAND2X1/A,1,0.00211057,0.00211057,0.00188435,0.00188435,0.00211057,0.0,0.00211057,0.0,0.002111
frfcfs_scheduler_i/n1565,frfcfs_scheduler_i/U1766/Y,NAND3X1,NOR2X1/B,1,0.00236501,0.00236501,0.00229711,0.00229711,0.00236501,0.0,0.00236501,0.0,0.002365
frfcfs_scheduler_i/n1566,frfcfs_scheduler_i/U1765/Y,NAND2X1,NOR2X1/A,1,0.00224248,0.00224248,0.00220861,0.00220861,0.00224248,0.0,0.00224248,0.0,0.002242
frfcfs_scheduler_i/n1567,frfcfs_scheduler_i/U1767/Y,NOR2X1,NAND3X1/C,1,0.00296109,0.00296109,0.0028316,0.0028316,0.00296109,0.0,0.00296109,0.0,0.002961
frfcfs_scheduler_i/n1568,frfcfs_scheduler_i/U1762/Y,NOR2X1,NAND3X1/B,1,0.00283213,0.00283213,0.00259978,0.00259978,0.00283213,0.0,0.00283213,0.0,0.002832
frfcfs_scheduler_i/n1569,frfcfs_scheduler_i/U1755/Y,NOR2X1,NAND3X1/A,1,0.00254759,0.00254759,0.00220852,0.00220852,0.00254759,0.0,0.00254759,0.0,0.002548
frfcfs_scheduler_i/n1570,frfcfs_scheduler_i/U1770/Y,NAND2X1,NAND2X1/B,1,0.00202749,0.00202749,0.00194421,0.00194421,0.00202749,0.0,0.00202749,0.0,0.002027
frfcfs_scheduler_i/n1571,frfcfs_scheduler_i/U1769/Y,NAND2X1,NAND2X1/A,1,0.00211057,0.00211057,0.00188435,0.00188435,0.00211057,0.0,0.00211057,0.0,0.002111
frfcfs_scheduler_i/n1572,frfcfs_scheduler_i/U1773/Y,NAND2X1,NAND2X1/B,1,0.00202749,0.00202749,0.00194421,0.00194421,0.00202749,0.0,0.00202749,0.0,0.002027
frfcfs_scheduler_i/n1573,frfcfs_scheduler_i/U1772/Y,NAND2X1,NAND2X1/A,1,0.00211057,0.00211057,0.00188435,0.00188435,0.00211057,0.0,0.00211057,0.0,0.002111
frfcfs_scheduler_i/n1574,frfcfs_scheduler_i/U1774/Y,NAND2X1,NOR2X1/B,1,0.00236501,0.00236501,0.00229711,0.00229711,0.00236501,0.0,0.00236501,0.0,0.002365
frfcfs_scheduler_i/n1575,frfcfs_scheduler_i/U1771/Y,NAND2X1,NOR2X1/A,1,0.00224248,0.00224248,0.00220861,0.00220861,0.00224248,0.0,0.00224248,0.0,0.002242
frfcfs_scheduler_i/n1577,frfcfs_scheduler_i/U1779/Y,AOI22X1,NAND3X1/C,1,0.00296109,0.00296109,0.0028316,0.0028316,0.00296109,0.0,0.00296109,0.0,0.002961
frfcfs_scheduler_i/n1578,frfcfs_scheduler_i/U1778/Y,AOI22X1,NAND3X1/B,1,0.00283213,0.00283213,0.00259978,0.00259978,0.00283213,0.0,0.00283213,0.0,0.002832
frfcfs_scheduler_i/n1579,frfcfs_scheduler_i/U1777/Y,AOI22X1,NAND3X1/A,1,0.00254759,0.00254759,0.00220852,0.00220852,0.00254759,0.0,0.00254759,0.0,0.002548
frfcfs_scheduler_i/n1580,frfcfs_scheduler_i/U1780/Y,NAND3X1,NOR2X1/B,1,0.00236501,0.00236501,0.00229711,0.00229711,0.00236501,0.0,0.00236501,0.0,0.002365
frfcfs_scheduler_i/n1581,frfcfs_scheduler_i/U1776/Y,NAND2X1,NOR2X1/A,1,0.00224248,0.00224248,0.00220861,0.00220861,0.00224248,0.0,0.00224248,0.0,0.002242
frfcfs_scheduler_i/n1582,frfcfs_scheduler_i/U1783/Y,NAND2X1,NAND2X1/B,1,0.00202749,0.00202749,0.00194421,0.00194421,0.00202749,0.0,0.00202749,0.0,0.002027
frfcfs_scheduler_i/n1583,frfcfs_scheduler_i/U1782/Y,NAND2X1,NAND2X1/A,1,0.00211057,0.00211057,0.00188435,0.00188435,0.00211057,0.0,0.00211057,0.0,0.002111
frfcfs_scheduler_i/n1584,frfcfs_scheduler_i/U1787/Y,NAND2X1,NAND3X1/C,1,0.00296109,0.00296109,0.0028316,0.0028316,0.00296109,0.0,0.00296109,0.0,0.002961
frfcfs_scheduler_i/n1585,frfcfs_scheduler_i/U1786/Y,NAND2X1,NAND3X1/B,1,0.00283213,0.00283213,0.00259978,0.00259978,0.00283213,0.0,0.00283213,0.0,0.002832
frfcfs_scheduler_i/n1586,frfcfs_scheduler_i/U1785/Y,NAND2X1,NAND3X1/A,1,0.00254759,0.00254759,0.00220852,0.00220852,0.00254759,0.0,0.00254759,0.0,0.002548
frfcfs_scheduler_i/n1587,frfcfs_scheduler_i/U1788/Y,NAND3X1,NOR2X1/B,1,0.00236501,0.00236501,0.00229711,0.00229711,0.00236501,0.0,0.00236501,0.0,0.002365
frfcfs_scheduler_i/n1588,frfcfs_scheduler_i/U1784/Y,NAND2X1,NOR2X1/A,1,0.00224248,0.00224248,0.00220861,0.00220861,0.00224248,0.0,0.00224248,0.0,0.002242
frfcfs_scheduler_i/n1589,frfcfs_scheduler_i/U1789/Y,NOR2X1,NAND3X1/C,1,0.00296109,0.00296109,0.0028316,0.0028316,0.00296109,0.0,0.00296109,0.0,0.002961
frfcfs_scheduler_i/n159,frfcfs_scheduler_i/U421/Y,NAND2X1,AND2X2/A,1,0.00179784,0.00179784,0.00176278,0.00176278,0.00179784,0.0,0.00179784,0.0,0.001798
frfcfs_scheduler_i/n1590,frfcfs_scheduler_i/U1781/Y,NOR2X1,NAND3X1/B,1,0.00283213,0.00283213,0.00259978,0.00259978,0.00283213,0.0,0.00283213,0.0,0.002832
frfcfs_scheduler_i/n1591,frfcfs_scheduler_i/U1775/Y,NOR2X1,NAND3X1/A,1,0.00254759,0.00254759,0.00220852,0.00220852,0.00254759,0.0,0.00254759,0.0,0.002548
frfcfs_scheduler_i/n1592,frfcfs_scheduler_i/U1790/Y,NAND3X1,NAND2X1/B,1,0.00202749,0.00202749,0.00194421,0.00194421,0.00202749,0.0,0.00202749,0.0,0.002027
frfcfs_scheduler_i/n1593,frfcfs_scheduler_i/U1768/Y,NAND3X1,NAND2X1/A,1,0.00211057,0.00211057,0.00188435,0.00188435,0.00211057,0.0,0.00211057,0.0,0.002111
frfcfs_scheduler_i/n1595,frfcfs_scheduler_i/U1792/Y,NAND2X1,NAND2X1/A,1,0.00211057,0.00211057,0.00188435,0.00188435,0.00211057,0.0,0.00211057,0.0,0.002111
frfcfs_scheduler_i/n1598,frfcfs_scheduler_i/U1793/Y,NAND2X1,NOR2X1/A,1,0.00224248,0.00224248,0.00220861,0.00220861,0.00224248,0.0,0.00224248,0.0,0.002242
frfcfs_scheduler_i/n160,frfcfs_scheduler_i/U422/Y,NAND2X1,AND2X2/B,1,0.00186944,0.00186944,0.00182011,0.00182011,0.00186944,0.0,0.00186944,0.0,0.001869
frfcfs_scheduler_i/n1600,frfcfs_scheduler_i/U1796/Y,NAND2X1,NAND2X1/A,1,0.00211057,0.00211057,0.00188435,0.00188435,0.00211057,0.0,0.00211057,0.0,0.002111
frfcfs_scheduler_i/n1601,frfcfs_scheduler_i/U1800/Y,AOI22X1,NAND3X1/C,1,0.00296109,0.00296109,0.0028316,0.0028316,0.00296109,0.0,0.00296109,0.0,0.002961
frfcfs_scheduler_i/n1602,frfcfs_scheduler_i/U1799/Y,AOI22X1,NAND3X1/B,1,0.00283213,0.00283213,0.00259978,0.00259978,0.00283213,0.0,0.00283213,0.0,0.002832
frfcfs_scheduler_i/n1603,frfcfs_scheduler_i/U1798/Y,AOI22X1,NAND3X1/A,1,0.00254759,0.00254759,0.00220852,0.00220852,0.00254759,0.0,0.00254759,0.0,0.002548
frfcfs_scheduler_i/n1604,frfcfs_scheduler_i/U1801/Y,NAND3X1,NOR2X1/B,1,0.00236501,0.00236501,0.00229711,0.00229711,0.00236501,0.0,0.00236501,0.0,0.002365
frfcfs_scheduler_i/n1605,frfcfs_scheduler_i/U1797/Y,NAND2X1,NOR2X1/A,1,0.00224248,0.00224248,0.00220861,0.00220861,0.00224248,0.0,0.00224248,0.0,0.002242
frfcfs_scheduler_i/n1606,frfcfs_scheduler_i/U1804/Y,NAND2X1,NAND2X1/B,1,0.00202749,0.00202749,0.00194421,0.00194421,0.00202749,0.0,0.00202749,0.0,0.002027
frfcfs_scheduler_i/n1607,frfcfs_scheduler_i/U1803/Y,NAND2X1,NAND2X1/A,1,0.00211057,0.00211057,0.00188435,0.00188435,0.00211057,0.0,0.00211057,0.0,0.002111
frfcfs_scheduler_i/n1608,frfcfs_scheduler_i/U1806/Y,NAND2X1,NAND3X1/C,1,0.00296109,0.00296109,0.0028316,0.0028316,0.00296109,0.0,0.00296109,0.0,0.002961
frfcfs_scheduler_i/n1609,frfcfs_scheduler_i/U1807/Y,NAND3X1,NOR2X1/B,1,0.00236501,0.00236501,0.00229711,0.00229711,0.00236501,0.0,0.00236501,0.0,0.002365
frfcfs_scheduler_i/n161,frfcfs_scheduler_i/U426/Y,NOR2X1,NAND2X1/B,1,0.00202749,0.00202749,0.00194421,0.00194421,0.00202749,0.0,0.00202749,0.0,0.002027
frfcfs_scheduler_i/n1610,frfcfs_scheduler_i/U1805/Y,NAND2X1,NOR2X1/A,1,0.00224248,0.00224248,0.00220861,0.00220861,0.00224248,0.0,0.00224248,0.0,0.002242
frfcfs_scheduler_i/n1611,frfcfs_scheduler_i/U1808/Y,NOR2X1,NAND3X1/C,1,0.00296109,0.00296109,0.0028316,0.0028316,0.00296109,0.0,0.00296109,0.0,0.002961
frfcfs_scheduler_i/n1612,frfcfs_scheduler_i/U1802/Y,NOR2X1,NAND3X1/B,1,0.00283213,0.00283213,0.00259978,0.00259978,0.00283213,0.0,0.00283213,0.0,0.002832
frfcfs_scheduler_i/n1613,frfcfs_scheduler_i/U1795/Y,NOR2X1,NAND3X1/A,1,0.00254759,0.00254759,0.00220852,0.00220852,0.00254759,0.0,0.00254759,0.0,0.002548
frfcfs_scheduler_i/n1614,frfcfs_scheduler_i/U1811/Y,NAND2X1,NAND2X1/B,1,0.00202749,0.00202749,0.00194421,0.00194421,0.00202749,0.0,0.00202749,0.0,0.002027
frfcfs_scheduler_i/n1615,frfcfs_scheduler_i/U1810/Y,NAND2X1,NAND2X1/A,1,0.00211057,0.00211057,0.00188435,0.00188435,0.00211057,0.0,0.00211057,0.0,0.002111
frfcfs_scheduler_i/n1616,frfcfs_scheduler_i/U1814/Y,NAND2X1,NAND2X1/B,1,0.00202749,0.00202749,0.00194421,0.00194421,0.00202749,0.0,0.00202749,0.0,0.002027
frfcfs_scheduler_i/n1617,frfcfs_scheduler_i/U1813/Y,NAND2X1,NAND2X1/A,1,0.00211057,0.00211057,0.00188435,0.00188435,0.00211057,0.0,0.00211057,0.0,0.002111
frfcfs_scheduler_i/n1618,frfcfs_scheduler_i/U1815/Y,NAND2X1,NOR2X1/B,1,0.00236501,0.00236501,0.00229711,0.00229711,0.00236501,0.0,0.00236501,0.0,0.002365
frfcfs_scheduler_i/n1619,frfcfs_scheduler_i/U1812/Y,NAND2X1,NOR2X1/A,1,0.00224248,0.00224248,0.00220861,0.00220861,0.00224248,0.0,0.00224248,0.0,0.002242
frfcfs_scheduler_i/n1620,frfcfs_scheduler_i/U417/Y,NAND2X1,INVX1/A;INVX1/A,2,0.00310206,0.00310206,0.00295232,0.00295232,0.00310206,0.0,0.00310206,0.0,0.003102
frfcfs_scheduler_i/n1621,frfcfs_scheduler_i/U1817/Y,NOR2X1,NAND2X1/A,1,0.00211057,0.00211057,0.00188435,0.00188435,0.00211057,0.0,0.00211057,0.0,0.002111
frfcfs_scheduler_i/n1622,frfcfs_scheduler_i/U1821/Y,AOI22X1,NAND3X1/C,1,0.00296109,0.00296109,0.0028316,0.0028316,0.00296109,0.0,0.00296109,0.0,0.002961
frfcfs_scheduler_i/n1623,frfcfs_scheduler_i/U1820/Y,AOI22X1,NAND3X1/B,1,0.00283213,0.00283213,0.00259978,0.00259978,0.00283213,0.0,0.00283213,0.0,0.002832
frfcfs_scheduler_i/n1624,frfcfs_scheduler_i/U1819/Y,AOI22X1,NAND3X1/A,1,0.00254759,0.00254759,0.00220852,0.00220852,0.00254759,0.0,0.00254759,0.0,0.002548
frfcfs_scheduler_i/n1625,frfcfs_scheduler_i/U1822/Y,NAND3X1,NOR2X1/B,1,0.00236501,0.00236501,0.00229711,0.00229711,0.00236501,0.0,0.00236501,0.0,0.002365
frfcfs_scheduler_i/n1626,frfcfs_scheduler_i/U1818/Y,NAND2X1,NOR2X1/A,1,0.00224248,0.00224248,0.00220861,0.00220861,0.00224248,0.0,0.00224248,0.0,0.002242
frfcfs_scheduler_i/n1627,frfcfs_scheduler_i/U1825/Y,NAND2X1,NAND2X1/B,1,0.00202749,0.00202749,0.00194421,0.00194421,0.00202749,0.0,0.00202749,0.0,0.002027
frfcfs_scheduler_i/n1628,frfcfs_scheduler_i/U1824/Y,NAND2X1,NAND2X1/A,1,0.00211057,0.00211057,0.00188435,0.00188435,0.00211057,0.0,0.00211057,0.0,0.002111
frfcfs_scheduler_i/n1629,frfcfs_scheduler_i/U1829/Y,NAND2X1,NAND3X1/C,1,0.00296109,0.00296109,0.0028316,0.0028316,0.00296109,0.0,0.00296109,0.0,0.002961
frfcfs_scheduler_i/n1630,frfcfs_scheduler_i/U1828/Y,NAND2X1,NAND3X1/B,1,0.00283213,0.00283213,0.00259978,0.00259978,0.00283213,0.0,0.00283213,0.0,0.002832
frfcfs_scheduler_i/n1631,frfcfs_scheduler_i/U1827/Y,NAND2X1,NAND3X1/A,1,0.00254759,0.00254759,0.00220852,0.00220852,0.00254759,0.0,0.00254759,0.0,0.002548
frfcfs_scheduler_i/n1632,frfcfs_scheduler_i/U1830/Y,NAND3X1,NOR2X1/B,1,0.00236501,0.00236501,0.00229711,0.00229711,0.00236501,0.0,0.00236501,0.0,0.002365
frfcfs_scheduler_i/n1633,frfcfs_scheduler_i/U1826/Y,NAND2X1,NOR2X1/A,1,0.00224248,0.00224248,0.00220861,0.00220861,0.00224248,0.0,0.00224248,0.0,0.002242
frfcfs_scheduler_i/n1634,frfcfs_scheduler_i/U1831/Y,NOR2X1,NAND3X1/C,1,0.00296109,0.00296109,0.0028316,0.0028316,0.00296109,0.0,0.00296109,0.0,0.002961
frfcfs_scheduler_i/n1635,frfcfs_scheduler_i/U1823/Y,NOR2X1,NAND3X1/B,1,0.00283213,0.00283213,0.00259978,0.00259978,0.00283213,0.0,0.00283213,0.0,0.002832
frfcfs_scheduler_i/n1636,frfcfs_scheduler_i/U1816/Y,NOR2X1,NAND3X1/A,1,0.00254759,0.00254759,0.00220852,0.00220852,0.00254759,0.0,0.00254759,0.0,0.002548
frfcfs_scheduler_i/n1637,frfcfs_scheduler_i/U1832/Y,NAND3X1,AND2X2/B,1,0.00186944,0.00186944,0.00182011,0.00182011,0.00186944,0.0,0.00186944,0.0,0.001869
frfcfs_scheduler_i/n1638,frfcfs_scheduler_i/U1809/Y,NAND3X1,AND2X2/A,1,0.00179784,0.00179784,0.00176278,0.00176278,0.00179784,0.0,0.00179784,0.0,0.001798
frfcfs_scheduler_i/n1645,frfcfs_scheduler_i/U1835/Y,NAND2X1,NAND2X1/A,1,0.00211057,0.00211057,0.00188435,0.00188435,0.00211057,0.0,0.00211057,0.0,0.002111
frfcfs_scheduler_i/n1646,frfcfs_scheduler_i/U1839/Y,AOI22X1,NAND3X1/C,1,0.00296109,0.00296109,0.0028316,0.0028316,0.00296109,0.0,0.00296109,0.0,0.002961
frfcfs_scheduler_i/n1647,frfcfs_scheduler_i/U1838/Y,AOI22X1,NAND3X1/B,1,0.00283213,0.00283213,0.00259978,0.00259978,0.00283213,0.0,0.00283213,0.0,0.002832
frfcfs_scheduler_i/n1648,frfcfs_scheduler_i/U1837/Y,AOI22X1,NAND3X1/A,1,0.00254759,0.00254759,0.00220852,0.00220852,0.00254759,0.0,0.00254759,0.0,0.002548
frfcfs_scheduler_i/n1649,frfcfs_scheduler_i/U1840/Y,NAND3X1,NOR2X1/B,1,0.00236501,0.00236501,0.00229711,0.00229711,0.00236501,0.0,0.00236501,0.0,0.002365
frfcfs_scheduler_i/n1650,frfcfs_scheduler_i/U1836/Y,NAND2X1,NOR2X1/A,1,0.00224248,0.00224248,0.00220861,0.00220861,0.00224248,0.0,0.00224248,0.0,0.002242
frfcfs_scheduler_i/n1651,frfcfs_scheduler_i/U1843/Y,NAND2X1,NAND2X1/B,1,0.00202749,0.00202749,0.00194421,0.00194421,0.00202749,0.0,0.00202749,0.0,0.002027
frfcfs_scheduler_i/n1652,frfcfs_scheduler_i/U1842/Y,NAND2X1,NAND2X1/A,1,0.00211057,0.00211057,0.00188435,0.00188435,0.00211057,0.0,0.00211057,0.0,0.002111
frfcfs_scheduler_i/n1654,frfcfs_scheduler_i/U1845/Y,NAND3X1,NOR2X1/B,1,0.00236501,0.00236501,0.00229711,0.00229711,0.00236501,0.0,0.00236501,0.0,0.002365
frfcfs_scheduler_i/n1655,frfcfs_scheduler_i/U1844/Y,NAND2X1,NOR2X1/A,1,0.00224248,0.00224248,0.00220861,0.00220861,0.00224248,0.0,0.00224248,0.0,0.002242
frfcfs_scheduler_i/n1656,frfcfs_scheduler_i/U1846/Y,NOR2X1,NAND3X1/C,1,0.00296109,0.00296109,0.0028316,0.0028316,0.00296109,0.0,0.00296109,0.0,0.002961
frfcfs_scheduler_i/n1657,frfcfs_scheduler_i/U1841/Y,NOR2X1,NAND3X1/B,1,0.00283213,0.00283213,0.00259978,0.00259978,0.00283213,0.0,0.00283213,0.0,0.002832
frfcfs_scheduler_i/n1658,frfcfs_scheduler_i/U1834/Y,NOR2X1,NAND3X1/A,1,0.00254759,0.00254759,0.00220852,0.00220852,0.00254759,0.0,0.00254759,0.0,0.002548
frfcfs_scheduler_i/n1659,frfcfs_scheduler_i/U1849/Y,NAND2X1,NAND2X1/B,1,0.00202749,0.00202749,0.00194421,0.00194421,0.00202749,0.0,0.00202749,0.0,0.002027
frfcfs_scheduler_i/n1660,frfcfs_scheduler_i/U1848/Y,NAND2X1,NAND2X1/A,1,0.00211057,0.00211057,0.00188435,0.00188435,0.00211057,0.0,0.00211057,0.0,0.002111
frfcfs_scheduler_i/n1661,frfcfs_scheduler_i/U1852/Y,NAND2X1,NAND2X1/B,1,0.00202749,0.00202749,0.00194421,0.00194421,0.00202749,0.0,0.00202749,0.0,0.002027
frfcfs_scheduler_i/n1662,frfcfs_scheduler_i/U1851/Y,NAND2X1,NAND2X1/A,1,0.00211057,0.00211057,0.00188435,0.00188435,0.00211057,0.0,0.00211057,0.0,0.002111
frfcfs_scheduler_i/n1663,frfcfs_scheduler_i/U1853/Y,NAND2X1,NOR2X1/B,1,0.00236501,0.00236501,0.00229711,0.00229711,0.00236501,0.0,0.00236501,0.0,0.002365
frfcfs_scheduler_i/n1664,frfcfs_scheduler_i/U1850/Y,NAND2X1,NOR2X1/A,1,0.00224248,0.00224248,0.00220861,0.00220861,0.00224248,0.0,0.00224248,0.0,0.002242
frfcfs_scheduler_i/n1666,frfcfs_scheduler_i/U1855/Y,NOR2X1,AND2X2/B,1,0.00186944,0.00186944,0.00182011,0.00182011,0.00186944,0.0,0.00186944,0.0,0.001869
frfcfs_scheduler_i/n1667,frfcfs_scheduler_i/U1858/Y,AOI22X1,NAND3X1/C,1,0.00296109,0.00296109,0.0028316,0.0028316,0.00296109,0.0,0.00296109,0.0,0.002961
frfcfs_scheduler_i/n1668,frfcfs_scheduler_i/U1857/Y,AOI22X1,NAND3X1/B,1,0.00283213,0.00283213,0.00259978,0.00259978,0.00283213,0.0,0.00283213,0.0,0.002832
frfcfs_scheduler_i/n1669,frfcfs_scheduler_i/U1856/Y,AOI22X1,NAND3X1/A,1,0.00254759,0.00254759,0.00220852,0.00220852,0.00254759,0.0,0.00254759,0.0,0.002548
frfcfs_scheduler_i/n1670,frfcfs_scheduler_i/U1859/Y,NAND3X1,NOR2X1/A,1,0.00224248,0.00224248,0.00220861,0.00220861,0.00224248,0.0,0.00224248,0.0,0.002242
frfcfs_scheduler_i/n1671,frfcfs_scheduler_i/U1861/Y,NAND2X1,NAND2X1/B,1,0.00202749,0.00202749,0.00194421,0.00194421,0.00202749,0.0,0.00202749,0.0,0.002027
frfcfs_scheduler_i/n1672,frfcfs_scheduler_i/U1860/Y,NAND2X1,NAND2X1/A,1,0.00211057,0.00211057,0.00188435,0.00188435,0.00211057,0.0,0.00211057,0.0,0.002111
frfcfs_scheduler_i/n1673,frfcfs_scheduler_i/U1865/Y,NAND2X1,NAND3X1/C,1,0.00296109,0.00296109,0.0028316,0.0028316,0.00296109,0.0,0.00296109,0.0,0.002961
frfcfs_scheduler_i/n1674,frfcfs_scheduler_i/U1864/Y,NAND2X1,NAND3X1/B,1,0.00283213,0.00283213,0.00259978,0.00259978,0.00283213,0.0,0.00283213,0.0,0.002832
frfcfs_scheduler_i/n1675,frfcfs_scheduler_i/U1863/Y,NAND2X1,NAND3X1/A,1,0.00254759,0.00254759,0.00220852,0.00220852,0.00254759,0.0,0.00254759,0.0,0.002548
frfcfs_scheduler_i/n1676,frfcfs_scheduler_i/U1866/Y,NAND3X1,NOR2X1/B,1,0.00236501,0.00236501,0.00229711,0.00229711,0.00236501,0.0,0.00236501,0.0,0.002365
frfcfs_scheduler_i/n1677,frfcfs_scheduler_i/U1862/Y,NAND2X1,NOR2X1/A,1,0.00224248,0.00224248,0.00220861,0.00220861,0.00224248,0.0,0.00224248,0.0,0.002242
frfcfs_scheduler_i/n1678,frfcfs_scheduler_i/U1867/Y,NOR2X1,NAND3X1/C,1,0.00296109,0.00296109,0.0028316,0.0028316,0.00296109,0.0,0.00296109,0.0,0.002961
frfcfs_scheduler_i/n1680,frfcfs_scheduler_i/U1854/Y,NOR2X1,NAND3X1/A,1,0.00254759,0.00254759,0.00220852,0.00220852,0.00254759,0.0,0.00254759,0.0,0.002548
frfcfs_scheduler_i/n1681,frfcfs_scheduler_i/U1868/Y,NAND3X1,AND2X2/A,1,0.00179784,0.00179784,0.00176278,0.00176278,0.00179784,0.0,0.00179784,0.0,0.001798
frfcfs_scheduler_i/n1682,frfcfs_scheduler_i/U1847/Y,NAND3X1,AND2X2/B,1,0.00186944,0.00186944,0.00182011,0.00182011,0.00186944,0.0,0.00186944,0.0,0.001869
frfcfs_scheduler_i/n1683,frfcfs_scheduler_i/U1870/Y,NAND2X1,NAND2X1/B,1,0.00202749,0.00202749,0.00194421,0.00194421,0.00202749,0.0,0.00202749,0.0,0.002027
frfcfs_scheduler_i/n1685,frfcfs_scheduler_i/U1873/Y,NAND2X1,NAND2X1/B,1,0.00202749,0.00202749,0.00194421,0.00194421,0.00202749,0.0,0.00202749,0.0,0.002027
frfcfs_scheduler_i/n1686,frfcfs_scheduler_i/U1872/Y,NAND2X1,NAND2X1/A,1,0.00211057,0.00211057,0.00188435,0.00188435,0.00211057,0.0,0.00211057,0.0,0.002111
frfcfs_scheduler_i/n1687,frfcfs_scheduler_i/U1874/Y,NAND2X1,NOR2X1/B,1,0.00236501,0.00236501,0.00229711,0.00229711,0.00236501,0.0,0.00236501,0.0,0.002365
frfcfs_scheduler_i/n1688,frfcfs_scheduler_i/U1871/Y,NAND2X1,NOR2X1/A,1,0.00224248,0.00224248,0.00220861,0.00220861,0.00224248,0.0,0.00224248,0.0,0.002242
frfcfs_scheduler_i/n1689,frfcfs_scheduler_i/U1877/Y,NAND2X1,NAND2X1/B,1,0.00202749,0.00202749,0.00194421,0.00194421,0.00202749,0.0,0.00202749,0.0,0.002027
frfcfs_scheduler_i/n169,frfcfs_scheduler_i/U437/Y,NOR2X1,AND2X2/B,1,0.00186944,0.00186944,0.00182011,0.00182011,0.00186944,0.0,0.00186944,0.0,0.001869
frfcfs_scheduler_i/n1690,frfcfs_scheduler_i/U1876/Y,NAND2X1,NAND2X1/A,1,0.00211057,0.00211057,0.00188435,0.00188435,0.00211057,0.0,0.00211057,0.0,0.002111
frfcfs_scheduler_i/n1691,frfcfs_scheduler_i/U1881/Y,AOI21X1,NAND3X1/C,1,0.00296109,0.00296109,0.0028316,0.0028316,0.00296109,0.0,0.00296109,0.0,0.002961
frfcfs_scheduler_i/n1692,frfcfs_scheduler_i/U1880/Y,NAND2X1,NAND3X1/B,1,0.00283213,0.00283213,0.00259978,0.00259978,0.00283213,0.0,0.00283213,0.0,0.002832
frfcfs_scheduler_i/n1693,frfcfs_scheduler_i/U1879/Y,NAND2X1,NAND3X1/A,1,0.00254759,0.00254759,0.00220852,0.00220852,0.00254759,0.0,0.00254759,0.0,0.002548
frfcfs_scheduler_i/n1694,frfcfs_scheduler_i/U1884/Y,NAND2X1,NAND2X1/B,1,0.00202749,0.00202749,0.00194421,0.00194421,0.00202749,0.0,0.00202749,0.0,0.002027
frfcfs_scheduler_i/n1695,frfcfs_scheduler_i/U1883/Y,NAND2X1,NAND2X1/A,1,0.00211057,0.00211057,0.00188435,0.00188435,0.00211057,0.0,0.00211057,0.0,0.002111
frfcfs_scheduler_i/n1696,frfcfs_scheduler_i/U1885/Y,NAND2X1,NOR3X1/C,1,0.00328822,0.00328822,0.00322576,0.00322576,0.00328822,0.0,0.00328822,0.0,0.003288
frfcfs_scheduler_i/n1697,frfcfs_scheduler_i/U1882/Y,NAND3X1,NOR3X1/B,1,0.003067,0.00306333,0.003067,0.00306333,0.003067,0.0,0.003067,0.0,0.003067
frfcfs_scheduler_i/n1698,frfcfs_scheduler_i/U1878/Y,NAND2X1,NOR3X1/A,1,0.00302113,0.00302113,0.00301081,0.00301081,0.00302113,0.0,0.00302113,0.0,0.003021
frfcfs_scheduler_i/n1699,frfcfs_scheduler_i/U1412/Y,NAND2X1,NAND3X1/A,1,0.00254759,0.00254759,0.00220852,0.00220852,0.00254759,0.0,0.00254759,0.0,0.002548
frfcfs_scheduler_i/n1702,frfcfs_scheduler_i/U1890/Y,NAND2X1,NAND3X1/C,1,0.00296109,0.00296109,0.0028316,0.0028316,0.00296109,0.0,0.00296109,0.0,0.002961
frfcfs_scheduler_i/n1703,frfcfs_scheduler_i/U1889/Y,NAND2X1,NAND3X1/B,1,0.00283213,0.00283213,0.00259978,0.00259978,0.00283213,0.0,0.00283213,0.0,0.002832
frfcfs_scheduler_i/n1704,frfcfs_scheduler_i/U1888/Y,NAND2X1,NAND3X1/A,1,0.00254759,0.00254759,0.00220852,0.00220852,0.00254759,0.0,0.00254759,0.0,0.002548
frfcfs_scheduler_i/n1705,frfcfs_scheduler_i/U1891/Y,NAND3X1,NOR2X1/B,1,0.00236501,0.00236501,0.00229711,0.00229711,0.00236501,0.0,0.00236501,0.0,0.002365
frfcfs_scheduler_i/n1706,frfcfs_scheduler_i/U1887/Y,NAND2X1,NOR2X1/A,1,0.00224248,0.00224248,0.00220861,0.00220861,0.00224248,0.0,0.00224248,0.0,0.002242
frfcfs_scheduler_i/n1707,frfcfs_scheduler_i/U1892/Y,NOR2X1,NAND3X1/C,1,0.00296109,0.00296109,0.0028316,0.0028316,0.00296109,0.0,0.00296109,0.0,0.002961
frfcfs_scheduler_i/n1709,frfcfs_scheduler_i/U1875/Y,NOR2X1,NAND3X1/A,1,0.00254759,0.00254759,0.00220852,0.00220852,0.00254759,0.0,0.00254759,0.0,0.002548
frfcfs_scheduler_i/n171,frfcfs_scheduler_i/U332/Y,NAND2X1,NOR2X1/B,1,0.00236501,0.00236501,0.00229711,0.00229711,0.00236501,0.0,0.00236501,0.0,0.002365
frfcfs_scheduler_i/n1710,frfcfs_scheduler_i/U1895/Y,NAND2X1,NAND2X1/B,1,0.00202749,0.00202749,0.00194421,0.00194421,0.00202749,0.0,0.00202749,0.0,0.002027
frfcfs_scheduler_i/n1711,frfcfs_scheduler_i/U1894/Y,NAND2X1,NAND2X1/A,1,0.00211057,0.00211057,0.00188435,0.00188435,0.00211057,0.0,0.00211057,0.0,0.002111
frfcfs_scheduler_i/n1712,frfcfs_scheduler_i/U1898/Y,NAND2X1,NAND2X1/B,1,0.00202749,0.00202749,0.00194421,0.00194421,0.00202749,0.0,0.00202749,0.0,0.002027
frfcfs_scheduler_i/n1713,frfcfs_scheduler_i/U1897/Y,NAND2X1,NAND2X1/A,1,0.00211057,0.00211057,0.00188435,0.00188435,0.00211057,0.0,0.00211057,0.0,0.002111
frfcfs_scheduler_i/n1714,frfcfs_scheduler_i/U1899/Y,NAND2X1,NOR2X1/B,1,0.00236501,0.00236501,0.00229711,0.00229711,0.00236501,0.0,0.00236501,0.0,0.002365
frfcfs_scheduler_i/n1715,frfcfs_scheduler_i/U1896/Y,NAND2X1,NOR2X1/A,1,0.00224248,0.00224248,0.00220861,0.00220861,0.00224248,0.0,0.00224248,0.0,0.002242
frfcfs_scheduler_i/n1716,frfcfs_scheduler_i/U555/Y,NAND2X1,INVX1/A,1,0.00155103,0.00155103,0.00147616,0.00147616,0.00155103,0.0,0.00155103,0.0,0.001551
frfcfs_scheduler_i/n1717,frfcfs_scheduler_i/U1901/Y,NOR2X1,NAND2X1/A,1,0.00211057,0.00211057,0.00188435,0.00188435,0.00211057,0.0,0.00211057,0.0,0.002111
frfcfs_scheduler_i/n1718,frfcfs_scheduler_i/U1905/Y,AOI22X1,NAND3X1/C,1,0.00296109,0.00296109,0.0028316,0.0028316,0.00296109,0.0,0.00296109,0.0,0.002961
frfcfs_scheduler_i/n1719,frfcfs_scheduler_i/U1904/Y,AOI22X1,NAND3X1/B,1,0.00283213,0.00283213,0.00259978,0.00259978,0.00283213,0.0,0.00283213,0.0,0.002832
frfcfs_scheduler_i/n172,frfcfs_scheduler_i/U439/Y,NAND2X1,NAND2X1/A,1,0.00211057,0.00211057,0.00188435,0.00188435,0.00211057,0.0,0.00211057,0.0,0.002111
frfcfs_scheduler_i/n1720,frfcfs_scheduler_i/U1903/Y,AOI22X1,NAND3X1/A,1,0.00254759,0.00254759,0.00220852,0.00220852,0.00254759,0.0,0.00254759,0.0,0.002548
frfcfs_scheduler_i/n1721,frfcfs_scheduler_i/U1906/Y,NAND3X1,NOR2X1/B,1,0.00236501,0.00236501,0.00229711,0.00229711,0.00236501,0.0,0.00236501,0.0,0.002365
frfcfs_scheduler_i/n1722,frfcfs_scheduler_i/U1902/Y,NAND2X1,NOR2X1/A,1,0.00224248,0.00224248,0.00220861,0.00220861,0.00224248,0.0,0.00224248,0.0,0.002242
frfcfs_scheduler_i/n1723,frfcfs_scheduler_i/U1909/Y,NAND2X1,NAND2X1/B,1,0.00202749,0.00202749,0.00194421,0.00194421,0.00202749,0.0,0.00202749,0.0,0.002027
frfcfs_scheduler_i/n1724,frfcfs_scheduler_i/U1908/Y,NAND2X1,NAND2X1/A,1,0.00211057,0.00211057,0.00188435,0.00188435,0.00211057,0.0,0.00211057,0.0,0.002111
frfcfs_scheduler_i/n1725,frfcfs_scheduler_i/U1913/Y,NAND2X1,NAND3X1/C,1,0.00296109,0.00296109,0.0028316,0.0028316,0.00296109,0.0,0.00296109,0.0,0.002961
frfcfs_scheduler_i/n1726,frfcfs_scheduler_i/U1912/Y,NAND2X1,NAND3X1/B,1,0.00283213,0.00283213,0.00259978,0.00259978,0.00283213,0.0,0.00283213,0.0,0.002832
frfcfs_scheduler_i/n1727,frfcfs_scheduler_i/U1911/Y,NAND2X1,NAND3X1/A,1,0.00254759,0.00254759,0.00220852,0.00220852,0.00254759,0.0,0.00254759,0.0,0.002548
frfcfs_scheduler_i/n1728,frfcfs_scheduler_i/U1914/Y,NAND3X1,NOR2X1/B,1,0.00236501,0.00236501,0.00229711,0.00229711,0.00236501,0.0,0.00236501,0.0,0.002365
frfcfs_scheduler_i/n1729,frfcfs_scheduler_i/U1910/Y,NAND2X1,NOR2X1/A,1,0.00224248,0.00224248,0.00220861,0.00220861,0.00224248,0.0,0.00224248,0.0,0.002242
frfcfs_scheduler_i/n1730,frfcfs_scheduler_i/U1915/Y,NOR2X1,NAND3X1/B,1,0.00283213,0.00283213,0.00259978,0.00259978,0.00283213,0.0,0.00283213,0.0,0.002832
frfcfs_scheduler_i/n1731,frfcfs_scheduler_i/U1907/Y,NOR2X1,NAND3X1/C,1,0.00296109,0.00296109,0.0028316,0.0028316,0.00296109,0.0,0.00296109,0.0,0.002961
frfcfs_scheduler_i/n1732,frfcfs_scheduler_i/U1900/Y,NOR2X1,NAND3X1/A,1,0.00254759,0.00254759,0.00220852,0.00220852,0.00254759,0.0,0.00254759,0.0,0.002548
frfcfs_scheduler_i/n1733,frfcfs_scheduler_i/U1916/Y,NAND3X1,NAND2X1/B,1,0.00202749,0.00202749,0.00194421,0.00194421,0.00202749,0.0,0.00202749,0.0,0.002027
frfcfs_scheduler_i/n1734,frfcfs_scheduler_i/U1893/Y,NAND3X1,NAND2X1/A,1,0.00211057,0.00211057,0.00188435,0.00188435,0.00211057,0.0,0.00211057,0.0,0.002111
frfcfs_scheduler_i/n1735,frfcfs_scheduler_i/U1919/Y,NAND2X1,NAND2X1/B,1,0.00202749,0.00202749,0.00194421,0.00194421,0.00202749,0.0,0.00202749,0.0,0.002027
frfcfs_scheduler_i/n1736,frfcfs_scheduler_i/U1918/Y,NAND2X1,NAND2X1/A,1,0.00211057,0.00211057,0.00188435,0.00188435,0.00211057,0.0,0.00211057,0.0,0.002111
frfcfs_scheduler_i/n1737,frfcfs_scheduler_i/U1922/Y,NAND2X1,NAND2X1/B,1,0.00202749,0.00202749,0.00194421,0.00194421,0.00202749,0.0,0.00202749,0.0,0.002027
frfcfs_scheduler_i/n1738,frfcfs_scheduler_i/U1921/Y,NAND2X1,NAND2X1/A,1,0.00211057,0.00211057,0.00188435,0.00188435,0.00211057,0.0,0.00211057,0.0,0.002111
frfcfs_scheduler_i/n1739,frfcfs_scheduler_i/U1923/Y,NAND2X1,NOR2X1/B,1,0.00236501,0.00236501,0.00229711,0.00229711,0.00236501,0.0,0.00236501,0.0,0.002365
frfcfs_scheduler_i/n1740,frfcfs_scheduler_i/U1920/Y,NAND2X1,NOR2X1/A,1,0.00224248,0.00224248,0.00220861,0.00220861,0.00224248,0.0,0.00224248,0.0,0.002242
frfcfs_scheduler_i/n1741,frfcfs_scheduler_i/U1926/Y,NAND2X1,NAND2X1/B,1,0.00202749,0.00202749,0.00194421,0.00194421,0.00202749,0.0,0.00202749,0.0,0.002027
frfcfs_scheduler_i/n1742,frfcfs_scheduler_i/U1925/Y,NAND2X1,NAND2X1/A,1,0.00211057,0.00211057,0.00188435,0.00188435,0.00211057,0.0,0.00211057,0.0,0.002111
frfcfs_scheduler_i/n1743,frfcfs_scheduler_i/U1930/Y,AOI21X1,NAND3X1/C,1,0.00296109,0.00296109,0.0028316,0.0028316,0.00296109,0.0,0.00296109,0.0,0.002961
frfcfs_scheduler_i/n1744,frfcfs_scheduler_i/U1929/Y,NAND2X1,NAND3X1/B,1,0.00283213,0.00283213,0.00259978,0.00259978,0.00283213,0.0,0.00283213,0.0,0.002832
frfcfs_scheduler_i/n1745,frfcfs_scheduler_i/U1928/Y,NAND2X1,NAND3X1/A,1,0.00254759,0.00254759,0.00220852,0.00220852,0.00254759,0.0,0.00254759,0.0,0.002548
frfcfs_scheduler_i/n1746,frfcfs_scheduler_i/U1933/Y,NAND2X1,NAND2X1/B,1,0.00202749,0.00202749,0.00194421,0.00194421,0.00202749,0.0,0.00202749,0.0,0.002027
frfcfs_scheduler_i/n1747,frfcfs_scheduler_i/U1932/Y,NAND2X1,NAND2X1/A,1,0.00211057,0.00211057,0.00188435,0.00188435,0.00211057,0.0,0.00211057,0.0,0.002111
frfcfs_scheduler_i/n1748,frfcfs_scheduler_i/U1934/Y,NAND2X1,NOR3X1/C,1,0.00328822,0.00328822,0.00322576,0.00322576,0.00328822,0.0,0.00328822,0.0,0.003288
frfcfs_scheduler_i/n1749,frfcfs_scheduler_i/U1931/Y,NAND3X1,NOR3X1/B,1,0.003067,0.00306333,0.003067,0.00306333,0.003067,0.0,0.003067,0.0,0.003067
frfcfs_scheduler_i/n1750,frfcfs_scheduler_i/U1927/Y,NAND2X1,NOR3X1/A,1,0.00302113,0.00302113,0.00301081,0.00301081,0.00302113,0.0,0.00302113,0.0,0.003021
frfcfs_scheduler_i/n1752,frfcfs_scheduler_i/U1936/Y,NAND2X1,NAND2X1/A,1,0.00211057,0.00211057,0.00188435,0.00188435,0.00211057,0.0,0.00211057,0.0,0.002111
frfcfs_scheduler_i/n1753,frfcfs_scheduler_i/U1940/Y,NAND2X1,NAND3X1/C,1,0.00296109,0.00296109,0.0028316,0.0028316,0.00296109,0.0,0.00296109,0.0,0.002961
frfcfs_scheduler_i/n1754,frfcfs_scheduler_i/U1939/Y,NAND2X1,NAND3X1/B,1,0.00283213,0.00283213,0.00259978,0.00259978,0.00283213,0.0,0.00283213,0.0,0.002832
frfcfs_scheduler_i/n1755,frfcfs_scheduler_i/U1938/Y,NAND2X1,NAND3X1/A,1,0.00254759,0.00254759,0.00220852,0.00220852,0.00254759,0.0,0.00254759,0.0,0.002548
frfcfs_scheduler_i/n1756,frfcfs_scheduler_i/U1941/Y,NAND3X1,NOR2X1/B,1,0.00236501,0.00236501,0.00229711,0.00229711,0.00236501,0.0,0.00236501,0.0,0.002365
frfcfs_scheduler_i/n1757,frfcfs_scheduler_i/U1937/Y,NAND2X1,NOR2X1/A,1,0.00224248,0.00224248,0.00220861,0.00220861,0.00224248,0.0,0.00224248,0.0,0.002242
frfcfs_scheduler_i/n1758,frfcfs_scheduler_i/U1942/Y,NOR2X1,NAND3X1/C,1,0.00296109,0.00296109,0.0028316,0.0028316,0.00296109,0.0,0.00296109,0.0,0.002961
frfcfs_scheduler_i/n1760,frfcfs_scheduler_i/U1924/Y,NOR2X1,NAND3X1/A,1,0.00254759,0.00254759,0.00220852,0.00220852,0.00254759,0.0,0.00254759,0.0,0.002548
frfcfs_scheduler_i/n1761,frfcfs_scheduler_i/U1945/Y,NAND2X1,NAND2X1/B,1,0.00202749,0.00202749,0.00194421,0.00194421,0.00202749,0.0,0.00202749,0.0,0.002027
frfcfs_scheduler_i/n1762,frfcfs_scheduler_i/U1944/Y,NAND2X1,NAND2X1/A,1,0.00211057,0.00211057,0.00188435,0.00188435,0.00211057,0.0,0.00211057,0.0,0.002111
frfcfs_scheduler_i/n1763,frfcfs_scheduler_i/U1948/Y,NAND2X1,NAND2X1/B,1,0.00202749,0.00202749,0.00194421,0.00194421,0.00202749,0.0,0.00202749,0.0,0.002027
frfcfs_scheduler_i/n1764,frfcfs_scheduler_i/U1947/Y,NAND2X1,NAND2X1/A,1,0.00211057,0.00211057,0.00188435,0.00188435,0.00211057,0.0,0.00211057,0.0,0.002111
frfcfs_scheduler_i/n1765,frfcfs_scheduler_i/U1949/Y,NAND2X1,NOR2X1/B,1,0.00236501,0.00236501,0.00229711,0.00229711,0.00236501,0.0,0.00236501,0.0,0.002365
frfcfs_scheduler_i/n1766,frfcfs_scheduler_i/U1946/Y,NAND2X1,NOR2X1/A,1,0.00224248,0.00224248,0.00220861,0.00220861,0.00224248,0.0,0.00224248,0.0,0.002242
frfcfs_scheduler_i/n1769,frfcfs_scheduler_i/U1951/Y,NOR2X1,NAND2X1/A,1,0.00211057,0.00211057,0.00188435,0.00188435,0.00211057,0.0,0.00211057,0.0,0.002111
frfcfs_scheduler_i/n1770,frfcfs_scheduler_i/U1955/Y,AOI22X1,NAND3X1/C,1,0.00296109,0.00296109,0.0028316,0.0028316,0.00296109,0.0,0.00296109,0.0,0.002961
frfcfs_scheduler_i/n1771,frfcfs_scheduler_i/U1954/Y,AOI22X1,NAND3X1/B,1,0.00283213,0.00283213,0.00259978,0.00259978,0.00283213,0.0,0.00283213,0.0,0.002832
frfcfs_scheduler_i/n1772,frfcfs_scheduler_i/U1953/Y,AOI22X1,NAND3X1/A,1,0.00254759,0.00254759,0.00220852,0.00220852,0.00254759,0.0,0.00254759,0.0,0.002548
frfcfs_scheduler_i/n1773,frfcfs_scheduler_i/U1956/Y,NAND3X1,NOR2X1/A,1,0.00224248,0.00224248,0.00220861,0.00220861,0.00224248,0.0,0.00224248,0.0,0.002242
frfcfs_scheduler_i/n1774,frfcfs_scheduler_i/U1952/Y,NAND2X1,NOR2X1/B,1,0.00236501,0.00236501,0.00229711,0.00229711,0.00236501,0.0,0.00236501,0.0,0.002365
frfcfs_scheduler_i/n1775,frfcfs_scheduler_i/U1958/Y,NAND2X1,NAND2X1/B,1,0.00202749,0.00202749,0.00194421,0.00194421,0.00202749,0.0,0.00202749,0.0,0.002027
frfcfs_scheduler_i/n1777,frfcfs_scheduler_i/U1961/Y,NAND2X1,NAND3X1/C,1,0.00296109,0.00296109,0.0028316,0.0028316,0.00296109,0.0,0.00296109,0.0,0.002961
frfcfs_scheduler_i/n1779,frfcfs_scheduler_i/U1960/Y,NAND2X1,NAND3X1/A,1,0.00254759,0.00254759,0.00220852,0.00220852,0.00254759,0.0,0.00254759,0.0,0.002548
frfcfs_scheduler_i/n1780,frfcfs_scheduler_i/U1962/Y,NAND3X1,NOR2X1/B,1,0.00236501,0.00236501,0.00229711,0.00229711,0.00236501,0.0,0.00236501,0.0,0.002365
frfcfs_scheduler_i/n1781,frfcfs_scheduler_i/U1959/Y,NAND2X1,NOR2X1/A,1,0.00224248,0.00224248,0.00220861,0.00220861,0.00224248,0.0,0.00224248,0.0,0.002242
frfcfs_scheduler_i/n1782,frfcfs_scheduler_i/U1963/Y,NOR2X1,NAND3X1/B,1,0.00283213,0.00283213,0.00259978,0.00259978,0.00283213,0.0,0.00283213,0.0,0.002832
frfcfs_scheduler_i/n1783,frfcfs_scheduler_i/U1957/Y,NOR2X1,NAND3X1/C,1,0.00296109,0.00296109,0.0028316,0.0028316,0.00296109,0.0,0.00296109,0.0,0.002961
frfcfs_scheduler_i/n1784,frfcfs_scheduler_i/U1950/Y,NOR2X1,NAND3X1/A,1,0.00254759,0.00254759,0.00220852,0.00220852,0.00254759,0.0,0.00254759,0.0,0.002548
frfcfs_scheduler_i/n1785,frfcfs_scheduler_i/U1964/Y,NAND3X1,AND2X2/B,1,0.00186944,0.00186944,0.00182011,0.00182011,0.00186944,0.0,0.00186944,0.0,0.001869
frfcfs_scheduler_i/n1786,frfcfs_scheduler_i/U1943/Y,NAND3X1,AND2X2/A,1,0.00179784,0.00179784,0.00176278,0.00176278,0.00179784,0.0,0.00179784,0.0,0.001798
frfcfs_scheduler_i/n1787,frfcfs_scheduler_i/U1869/Y,AOI21X1,OAI21X1/A,1,0.00274222,0.00274222,0.00257258,0.00257258,0.00274222,0.0,0.00274222,0.0,0.002742
frfcfs_scheduler_i/n1788,frfcfs_scheduler_i/U1967/Y,NAND2X1,NAND2X1/B,1,0.00202749,0.00202749,0.00194421,0.00194421,0.00202749,0.0,0.00202749,0.0,0.002027
frfcfs_scheduler_i/n1789,frfcfs_scheduler_i/U1966/Y,NAND2X1,NAND2X1/A,1,0.00211057,0.00211057,0.00188435,0.00188435,0.00211057,0.0,0.00211057,0.0,0.002111
frfcfs_scheduler_i/n1791,frfcfs_scheduler_i/U1970/Y,NAND2X1,NAND2X1/B,1,0.00202749,0.00202749,0.00194421,0.00194421,0.00202749,0.0,0.00202749,0.0,0.002027
frfcfs_scheduler_i/n1792,frfcfs_scheduler_i/U1969/Y,NAND2X1,NAND2X1/A,1,0.00211057,0.00211057,0.00188435,0.00188435,0.00211057,0.0,0.00211057,0.0,0.002111
frfcfs_scheduler_i/n1793,frfcfs_scheduler_i/U1971/Y,NAND2X1,NOR2X1/B,1,0.00236501,0.00236501,0.00229711,0.00229711,0.00236501,0.0,0.00236501,0.0,0.002365
frfcfs_scheduler_i/n1794,frfcfs_scheduler_i/U1968/Y,NAND2X1,NOR2X1/A,1,0.00224248,0.00224248,0.00220861,0.00220861,0.00224248,0.0,0.00224248,0.0,0.002242
frfcfs_scheduler_i/n1795,frfcfs_scheduler_i/U1974/Y,NAND2X1,NAND2X1/B,1,0.00202749,0.00202749,0.00194421,0.00194421,0.00202749,0.0,0.00202749,0.0,0.002027
frfcfs_scheduler_i/n1796,frfcfs_scheduler_i/U1973/Y,NAND2X1,NAND2X1/A,1,0.00211057,0.00211057,0.00188435,0.00188435,0.00211057,0.0,0.00211057,0.0,0.002111
frfcfs_scheduler_i/n1797,frfcfs_scheduler_i/U1978/Y,AOI21X1,AND2X2/B,1,0.00186944,0.00186944,0.00182011,0.00182011,0.00186944,0.0,0.00186944,0.0,0.001869
frfcfs_scheduler_i/n1798,frfcfs_scheduler_i/U1977/Y,NAND2X1,NAND2X1/B,1,0.00202749,0.00202749,0.00194421,0.00194421,0.00202749,0.0,0.00202749,0.0,0.002027
frfcfs_scheduler_i/n1799,frfcfs_scheduler_i/U1976/Y,NAND2X1,AND2X2/A,1,0.00179784,0.00179784,0.00176278,0.00176278,0.00179784,0.0,0.00179784,0.0,0.001798
frfcfs_scheduler_i/n1800,frfcfs_scheduler_i/U1980/Y,NAND2X1,NAND2X1/B,1,0.00202749,0.00202749,0.00194421,0.00194421,0.00202749,0.0,0.00202749,0.0,0.002027
frfcfs_scheduler_i/n1801,frfcfs_scheduler_i/U1979/Y,NAND2X1,NAND2X1/A,1,0.00211057,0.00211057,0.00188435,0.00188435,0.00211057,0.0,0.00211057,0.0,0.002111
frfcfs_scheduler_i/n1802,frfcfs_scheduler_i/U1981/Y,NAND2X1,NOR3X1/C,1,0.00328822,0.00328822,0.00322576,0.00322576,0.00328822,0.0,0.00328822,0.0,0.003288
frfcfs_scheduler_i/n1803,frfcfs_scheduler_i/U301/Y,NAND2X1,NOR3X1/B,1,0.003067,0.00306333,0.003067,0.00306333,0.003067,0.0,0.003067,0.0,0.003067
frfcfs_scheduler_i/n1804,frfcfs_scheduler_i/U1975/Y,NAND2X1,NOR3X1/A,1,0.00302113,0.00302113,0.00301081,0.00301081,0.00302113,0.0,0.00302113,0.0,0.003021
frfcfs_scheduler_i/n1807,frfcfs_scheduler_i/U1986/Y,NAND2X1,NAND3X1/C,1,0.00296109,0.00296109,0.0028316,0.0028316,0.00296109,0.0,0.00296109,0.0,0.002961
frfcfs_scheduler_i/n1808,frfcfs_scheduler_i/U1985/Y,NAND2X1,NAND3X1/B,1,0.00283213,0.00283213,0.00259978,0.00259978,0.00283213,0.0,0.00283213,0.0,0.002832
frfcfs_scheduler_i/n1809,frfcfs_scheduler_i/U1984/Y,NAND2X1,NAND3X1/A,1,0.00254759,0.00254759,0.00220852,0.00220852,0.00254759,0.0,0.00254759,0.0,0.002548
frfcfs_scheduler_i/n181,frfcfs_scheduler_i/U453/Y,NOR2X1,NOR2X1/B,1,0.00236501,0.00236501,0.00229711,0.00229711,0.00236501,0.0,0.00236501,0.0,0.002365
frfcfs_scheduler_i/n1810,frfcfs_scheduler_i/U1987/Y,NAND3X1,NOR2X1/B,1,0.00236501,0.00236501,0.00229711,0.00229711,0.00236501,0.0,0.00236501,0.0,0.002365
frfcfs_scheduler_i/n1811,frfcfs_scheduler_i/U1983/Y,NAND2X1,NOR2X1/A,1,0.00224248,0.00224248,0.00220861,0.00220861,0.00224248,0.0,0.00224248,0.0,0.002242
frfcfs_scheduler_i/n1812,frfcfs_scheduler_i/U1988/Y,NOR2X1,NAND3X1/B,1,0.00283213,0.00283213,0.00259978,0.00259978,0.00283213,0.0,0.00283213,0.0,0.002832
frfcfs_scheduler_i/n1814,frfcfs_scheduler_i/U1972/Y,NOR2X1,NAND3X1/A,1,0.00254759,0.00254759,0.00220852,0.00220852,0.00254759,0.0,0.00254759,0.0,0.002548
frfcfs_scheduler_i/n1815,frfcfs_scheduler_i/U1991/Y,NAND2X1,NAND2X1/B,1,0.00202749,0.00202749,0.00194421,0.00194421,0.00202749,0.0,0.00202749,0.0,0.002027
frfcfs_scheduler_i/n1816,frfcfs_scheduler_i/U1990/Y,NAND2X1,NAND2X1/A,1,0.00211057,0.00211057,0.00188435,0.00188435,0.00211057,0.0,0.00211057,0.0,0.002111
frfcfs_scheduler_i/n1817,frfcfs_scheduler_i/U1994/Y,NAND2X1,NAND2X1/B,1,0.00202749,0.00202749,0.00194421,0.00194421,0.00202749,0.0,0.00202749,0.0,0.002027
frfcfs_scheduler_i/n1818,frfcfs_scheduler_i/U1993/Y,NAND2X1,NAND2X1/A,1,0.00211057,0.00211057,0.00188435,0.00188435,0.00211057,0.0,0.00211057,0.0,0.002111
frfcfs_scheduler_i/n1819,frfcfs_scheduler_i/U1995/Y,NAND2X1,NOR2X1/B,1,0.00236501,0.00236501,0.00229711,0.00229711,0.00236501,0.0,0.00236501,0.0,0.002365
frfcfs_scheduler_i/n182,frfcfs_scheduler_i/U454/Y,NAND2X1,INVX1/A,1,0.00155103,0.00155103,0.00147616,0.00147616,0.00155103,0.0,0.00155103,0.0,0.001551
frfcfs_scheduler_i/n1820,frfcfs_scheduler_i/U1992/Y,NAND2X1,NOR2X1/A,1,0.00224248,0.00224248,0.00220861,0.00220861,0.00224248,0.0,0.00224248,0.0,0.002242
frfcfs_scheduler_i/n1821,frfcfs_scheduler_i/U1358/Y,NAND3X1,INVX1/A,1,0.00155103,0.00155103,0.00147616,0.00147616,0.00155103,0.0,0.00155103,0.0,0.001551
frfcfs_scheduler_i/n1823,frfcfs_scheduler_i/U1999/Y,AOI22X1,NAND3X1/C,1,0.00296109,0.00296109,0.0028316,0.0028316,0.00296109,0.0,0.00296109,0.0,0.002961
frfcfs_scheduler_i/n1824,frfcfs_scheduler_i/U1998/Y,AOI22X1,NAND3X1/B,1,0.00283213,0.00283213,0.00259978,0.00259978,0.00283213,0.0,0.00283213,0.0,0.002832
frfcfs_scheduler_i/n1825,frfcfs_scheduler_i/U1997/Y,AOI22X1,NAND3X1/A,1,0.00254759,0.00254759,0.00220852,0.00220852,0.00254759,0.0,0.00254759,0.0,0.002548
frfcfs_scheduler_i/n1826,frfcfs_scheduler_i/U2000/Y,NAND3X1,NOR2X1/A,1,0.00224248,0.00224248,0.00220861,0.00220861,0.00224248,0.0,0.00224248,0.0,0.002242
frfcfs_scheduler_i/n1827,frfcfs_scheduler_i/U2002/Y,NAND2X1,NAND2X1/B,1,0.00202749,0.00202749,0.00194421,0.00194421,0.00202749,0.0,0.00202749,0.0,0.002027
frfcfs_scheduler_i/n1828,frfcfs_scheduler_i/U2001/Y,NAND2X1,NAND2X1/A,1,0.00211057,0.00211057,0.00188435,0.00188435,0.00211057,0.0,0.00211057,0.0,0.002111
frfcfs_scheduler_i/n1829,frfcfs_scheduler_i/U2006/Y,NAND2X1,NAND3X1/C,1,0.00296109,0.00296109,0.0028316,0.0028316,0.00296109,0.0,0.00296109,0.0,0.002961
frfcfs_scheduler_i/n1830,frfcfs_scheduler_i/U2005/Y,NAND2X1,NAND3X1/B,1,0.00283213,0.00283213,0.00259978,0.00259978,0.00283213,0.0,0.00283213,0.0,0.002832
frfcfs_scheduler_i/n1831,frfcfs_scheduler_i/U2004/Y,NAND2X1,NAND3X1/A,1,0.00254759,0.00254759,0.00220852,0.00220852,0.00254759,0.0,0.00254759,0.0,0.002548
frfcfs_scheduler_i/n1832,frfcfs_scheduler_i/U2007/Y,NAND3X1,NOR2X1/B,1,0.00236501,0.00236501,0.00229711,0.00229711,0.00236501,0.0,0.00236501,0.0,0.002365
frfcfs_scheduler_i/n1833,frfcfs_scheduler_i/U2003/Y,NAND2X1,NOR2X1/A,1,0.00224248,0.00224248,0.00220861,0.00220861,0.00224248,0.0,0.00224248,0.0,0.002242
frfcfs_scheduler_i/n1834,frfcfs_scheduler_i/U2008/Y,NOR2X1,AND2X2/B,1,0.00186944,0.00186944,0.00182011,0.00182011,0.00186944,0.0,0.00186944,0.0,0.001869
frfcfs_scheduler_i/n1836,frfcfs_scheduler_i/U1996/Y,NOR2X1,AND2X2/A,1,0.00179784,0.00179784,0.00176278,0.00176278,0.00179784,0.0,0.00179784,0.0,0.001798
frfcfs_scheduler_i/n1837,frfcfs_scheduler_i/U531/Y,NAND2X1,AND2X2/B,1,0.00186944,0.00186944,0.00182011,0.00182011,0.00186944,0.0,0.00186944,0.0,0.001869
frfcfs_scheduler_i/n1838,frfcfs_scheduler_i/U1989/Y,NAND3X1,AND2X2/A,1,0.00179784,0.00179784,0.00176278,0.00176278,0.00179784,0.0,0.00179784,0.0,0.001798
frfcfs_scheduler_i/n184,frfcfs_scheduler_i/U457/Y,NAND2X1,NOR3X1/C,1,0.00328822,0.00328822,0.00322576,0.00322576,0.00328822,0.0,0.00328822,0.0,0.003288
frfcfs_scheduler_i/n1841,frfcfs_scheduler_i/U2009/Y,AOI21X1,OAI21X1/A,1,0.00274222,0.00274222,0.00257258,0.00257258,0.00274222,0.0,0.00274222,0.0,0.002742
frfcfs_scheduler_i/n1843,frfcfs_scheduler_i/U2011/Y,AOI21X1,OAI21X1/A,1,0.00274222,0.00274222,0.00257258,0.00257258,0.00274222,0.0,0.00274222,0.0,0.002742
frfcfs_scheduler_i/n1845,frfcfs_scheduler_i/U2013/Y,AOI21X1,MUX2X1/B,1,0.00274447,0.00274447,0.00256937,0.00256937,0.00274447,0.0,0.00274447,0.0,0.002744
frfcfs_scheduler_i/n1848,frfcfs_scheduler_i/U2016/Y,NAND2X1,NAND2X1/B,1,0.00202749,0.00202749,0.00194421,0.00194421,0.00202749,0.0,0.00202749,0.0,0.002027
frfcfs_scheduler_i/n1849,frfcfs_scheduler_i/U2015/Y,NAND2X1,NAND2X1/A,1,0.00211057,0.00211057,0.00188435,0.00188435,0.00211057,0.0,0.00211057,0.0,0.002111
frfcfs_scheduler_i/n185,frfcfs_scheduler_i/U458/Y,NAND2X1,NOR3X1/C,1,0.00328822,0.00328822,0.00322576,0.00322576,0.00328822,0.0,0.00328822,0.0,0.003288
frfcfs_scheduler_i/n1850,frfcfs_scheduler_i/U2019/Y,NAND2X1,NAND2X1/B,1,0.00202749,0.00202749,0.00194421,0.00194421,0.00202749,0.0,0.00202749,0.0,0.002027
frfcfs_scheduler_i/n1851,frfcfs_scheduler_i/U2018/Y,NAND2X1,NAND2X1/A,1,0.00211057,0.00211057,0.00188435,0.00188435,0.00211057,0.0,0.00211057,0.0,0.002111
frfcfs_scheduler_i/n1852,frfcfs_scheduler_i/U2020/Y,NAND2X1,NOR2X1/B,1,0.00236501,0.00236501,0.00229711,0.00229711,0.00236501,0.0,0.00236501,0.0,0.002365
frfcfs_scheduler_i/n1853,frfcfs_scheduler_i/U2017/Y,NAND2X1,NOR2X1/A,1,0.00224248,0.00224248,0.00220861,0.00220861,0.00224248,0.0,0.00224248,0.0,0.002242
frfcfs_scheduler_i/n1855,frfcfs_scheduler_i/U1418/Y,NAND3X1,INVX1/A;INVX1/A;INVX1/A;INVX1/A,4,0.00620412,0.00620412,0.00590464,0.00590464,0.00620412,0.0,0.00620412,0.0,0.006204
frfcfs_scheduler_i/n1856,frfcfs_scheduler_i/U2022/Y,NOR2X1,NAND2X1/A,1,0.00211057,0.00211057,0.00188435,0.00188435,0.00211057,0.0,0.00211057,0.0,0.002111
frfcfs_scheduler_i/n1863,frfcfs_scheduler_i/U2026/Y,AOI22X1,NAND3X1/C,1,0.00296109,0.00296109,0.0028316,0.0028316,0.00296109,0.0,0.00296109,0.0,0.002961
frfcfs_scheduler_i/n1864,frfcfs_scheduler_i/U2025/Y,AOI22X1,NAND3X1/B,1,0.00283213,0.00283213,0.00259978,0.00259978,0.00283213,0.0,0.00283213,0.0,0.002832
frfcfs_scheduler_i/n1865,frfcfs_scheduler_i/U2024/Y,AOI22X1,NAND3X1/A,1,0.00254759,0.00254759,0.00220852,0.00220852,0.00254759,0.0,0.00254759,0.0,0.002548
frfcfs_scheduler_i/n1866,frfcfs_scheduler_i/U2027/Y,NAND3X1,NOR2X1/B,1,0.00236501,0.00236501,0.00229711,0.00229711,0.00236501,0.0,0.00236501,0.0,0.002365
frfcfs_scheduler_i/n1867,frfcfs_scheduler_i/U2023/Y,NAND2X1,NOR2X1/A,1,0.00224248,0.00224248,0.00220861,0.00220861,0.00224248,0.0,0.00224248,0.0,0.002242
frfcfs_scheduler_i/n1870,frfcfs_scheduler_i/U2030/Y,NAND2X1,NAND2X1/B,1,0.00202749,0.00202749,0.00194421,0.00194421,0.00202749,0.0,0.00202749,0.0,0.002027
frfcfs_scheduler_i/n1871,frfcfs_scheduler_i/U2029/Y,NAND2X1,NAND2X1/A,1,0.00211057,0.00211057,0.00188435,0.00188435,0.00211057,0.0,0.00211057,0.0,0.002111
frfcfs_scheduler_i/n1873,frfcfs_scheduler_i/U2034/Y,NAND2X1,NAND3X1/C,1,0.00296109,0.00296109,0.0028316,0.0028316,0.00296109,0.0,0.00296109,0.0,0.002961
frfcfs_scheduler_i/n1874,frfcfs_scheduler_i/U2033/Y,NAND2X1,NAND3X1/B,1,0.00283213,0.00283213,0.00259978,0.00259978,0.00283213,0.0,0.00283213,0.0,0.002832
frfcfs_scheduler_i/n1875,frfcfs_scheduler_i/U2032/Y,NAND2X1,NAND3X1/A,1,0.00254759,0.00254759,0.00220852,0.00220852,0.00254759,0.0,0.00254759,0.0,0.002548
frfcfs_scheduler_i/n1876,frfcfs_scheduler_i/U2035/Y,NAND3X1,NOR2X1/B,1,0.00236501,0.00236501,0.00229711,0.00229711,0.00236501,0.0,0.00236501,0.0,0.002365
frfcfs_scheduler_i/n1877,frfcfs_scheduler_i/U2031/Y,NAND2X1,NOR2X1/A,1,0.00224248,0.00224248,0.00220861,0.00220861,0.00224248,0.0,0.00224248,0.0,0.002242
frfcfs_scheduler_i/n1878,frfcfs_scheduler_i/U2036/Y,NOR2X1,NAND3X1/C,1,0.00296109,0.00296109,0.0028316,0.0028316,0.00296109,0.0,0.00296109,0.0,0.002961
frfcfs_scheduler_i/n1879,frfcfs_scheduler_i/U2028/Y,NOR2X1,NAND3X1/B,1,0.00283213,0.00283213,0.00259978,0.00259978,0.00283213,0.0,0.00283213,0.0,0.002832
frfcfs_scheduler_i/n1880,frfcfs_scheduler_i/U2021/Y,NOR2X1,NAND3X1/A,1,0.00254759,0.00254759,0.00220852,0.00220852,0.00254759,0.0,0.00254759,0.0,0.002548
frfcfs_scheduler_i/n1883,frfcfs_scheduler_i/U2038/Y,NAND2X1,NAND2X1/A,1,0.00211057,0.00211057,0.00188435,0.00188435,0.00211057,0.0,0.00211057,0.0,0.002111
frfcfs_scheduler_i/n1888,frfcfs_scheduler_i/U2039/Y,NAND2X1,NOR2X1/A,1,0.00224248,0.00224248,0.00220861,0.00220861,0.00224248,0.0,0.00224248,0.0,0.002242
frfcfs_scheduler_i/n1891,frfcfs_scheduler_i/U2042/Y,NAND2X1,NAND2X1/A,1,0.00211057,0.00211057,0.00188435,0.00188435,0.00211057,0.0,0.00211057,0.0,0.002111
frfcfs_scheduler_i/n1896,frfcfs_scheduler_i/U2046/Y,AOI22X1,NAND3X1/C,1,0.00296109,0.00296109,0.0028316,0.0028316,0.00296109,0.0,0.00296109,0.0,0.002961
frfcfs_scheduler_i/n1897,frfcfs_scheduler_i/U2045/Y,AOI22X1,NAND3X1/B,1,0.00283213,0.00283213,0.00259978,0.00259978,0.00283213,0.0,0.00283213,0.0,0.002832
frfcfs_scheduler_i/n1898,frfcfs_scheduler_i/U2044/Y,AOI22X1,NAND3X1/A,1,0.00254759,0.00254759,0.00220852,0.00220852,0.00254759,0.0,0.00254759,0.0,0.002548
frfcfs_scheduler_i/n1899,frfcfs_scheduler_i/U2047/Y,NAND3X1,NOR2X1/B,1,0.00236501,0.00236501,0.00229711,0.00229711,0.00236501,0.0,0.00236501,0.0,0.002365
frfcfs_scheduler_i/n190,frfcfs_scheduler_i/U462/Y,NAND2X1,NOR2X1/A,1,0.00224248,0.00224248,0.00220861,0.00220861,0.00224248,0.0,0.00224248,0.0,0.002242
frfcfs_scheduler_i/n1900,frfcfs_scheduler_i/U2043/Y,NAND2X1,NOR2X1/A,1,0.00224248,0.00224248,0.00220861,0.00220861,0.00224248,0.0,0.00224248,0.0,0.002242
frfcfs_scheduler_i/n1903,frfcfs_scheduler_i/U2050/Y,NAND2X1,NAND2X1/B,1,0.00202749,0.00202749,0.00194421,0.00194421,0.00202749,0.0,0.00202749,0.0,0.002027
frfcfs_scheduler_i/n1904,frfcfs_scheduler_i/U2049/Y,NAND2X1,NAND2X1/A,1,0.00211057,0.00211057,0.00188435,0.00188435,0.00211057,0.0,0.00211057,0.0,0.002111
frfcfs_scheduler_i/n1907,frfcfs_scheduler_i/U2052/Y,NAND3X1,NOR2X1/B,1,0.00236501,0.00236501,0.00229711,0.00229711,0.00236501,0.0,0.00236501,0.0,0.002365
frfcfs_scheduler_i/n1908,frfcfs_scheduler_i/U2051/Y,NAND2X1,NOR2X1/A,1,0.00224248,0.00224248,0.00220861,0.00220861,0.00224248,0.0,0.00224248,0.0,0.002242
frfcfs_scheduler_i/n1909,frfcfs_scheduler_i/U2053/Y,NOR2X1,NAND3X1/C,1,0.00296109,0.00296109,0.0028316,0.0028316,0.00296109,0.0,0.00296109,0.0,0.002961
frfcfs_scheduler_i/n1910,frfcfs_scheduler_i/U2048/Y,NOR2X1,NAND3X1/B,1,0.00283213,0.00283213,0.00259978,0.00259978,0.00283213,0.0,0.00283213,0.0,0.002832
frfcfs_scheduler_i/n1911,frfcfs_scheduler_i/U2041/Y,NOR2X1,NAND3X1/A,1,0.00254759,0.00254759,0.00220852,0.00220852,0.00254759,0.0,0.00254759,0.0,0.002548
frfcfs_scheduler_i/n1912,frfcfs_scheduler_i/U1917/Y,NAND2X1,INVX1/A;OAI21X1/B,2,0.00438329,0.00438329,0.00410864,0.00410864,0.00438329,0.0,0.00438329,0.0,0.004383
frfcfs_scheduler_i/n1917,frfcfs_scheduler_i/U2054/Y,NAND3X1,NAND3X1/B,1,0.00283213,0.00283213,0.00259978,0.00259978,0.00283213,0.0,0.00283213,0.0,0.002832
frfcfs_scheduler_i/n1918,frfcfs_scheduler_i/U2037/Y,NAND3X1,NAND3X1/A,1,0.00254759,0.00254759,0.00220852,0.00220852,0.00254759,0.0,0.00254759,0.0,0.002548
frfcfs_scheduler_i/n1922,frfcfs_scheduler_i/U2058/Y,NAND2X1,NOR3X1/C,1,0.00328822,0.00328822,0.00322576,0.00322576,0.00328822,0.0,0.00328822,0.0,0.003288
frfcfs_scheduler_i/n1923,frfcfs_scheduler_i/U1704/Y,NAND3X1,INVX1/A,1,0.00155103,0.00155103,0.00147616,0.00147616,0.00155103,0.0,0.00155103,0.0,0.001551
frfcfs_scheduler_i/n1924,frfcfs_scheduler_i/U2069/Y,NOR2X1,AOI21X1/A,1,0.00274129,0.00274129,0.00256559,0.00256559,0.00274129,0.0,0.00274129,0.0,0.002741
frfcfs_scheduler_i/n1925,frfcfs_scheduler_i/U1553/Y,NAND2X1,AOI21X1/C;INVX1/A,2,0.00393706,0.00393706,0.0037884,0.0037884,0.00393706,0.0,0.00393706,0.0,0.003937
frfcfs_scheduler_i/n1926,frfcfs_scheduler_i/U2070/Y,AOI21X1,AOI21X1/A,1,0.00274129,0.00274129,0.00256559,0.00256559,0.00274129,0.0,0.00274129,0.0,0.002741
frfcfs_scheduler_i/n1927,frfcfs_scheduler_i/U2071/Y,AOI21X1,MUX2X1/B,1,0.00274447,0.00274447,0.00256937,0.00256937,0.00274447,0.0,0.00274447,0.0,0.002744
frfcfs_scheduler_i/n1937,frfcfs_scheduler_i/U2080/Y,NAND3X1,OAI21X1/B,1,0.00283226,0.00283226,0.00263248,0.00263248,0.00283226,0.0,0.00283226,0.0,0.002832
frfcfs_scheduler_i/n1938,frfcfs_scheduler_i/U2068/Y,NAND3X1,OAI21X1/A,1,0.00274222,0.00274222,0.00257258,0.00257258,0.00274222,0.0,0.00274222,0.0,0.002742
frfcfs_scheduler_i/n1942,frfcfs_scheduler_i/U2083/Y,NAND2X1,OAI21X1/C,1,0.00200991,0.00200991,0.0019239,0.0019239,0.00200991,0.0,0.00200991,0.0,0.00201
frfcfs_scheduler_i/n1948,frfcfs_scheduler_i/U2089/Y,NAND3X1,NAND3X1/C,1,0.00296109,0.00296109,0.0028316,0.0028316,0.00296109,0.0,0.00296109,0.0,0.002961
frfcfs_scheduler_i/n1949,frfcfs_scheduler_i/U2090/Y,NAND3X1,NAND3X1/C,1,0.00296109,0.00296109,0.0028316,0.0028316,0.00296109,0.0,0.00296109,0.0,0.002961
frfcfs_scheduler_i/n195,frfcfs_scheduler_i/U467/Y,NAND2X1,AND2X2/A,1,0.00179784,0.00179784,0.00176278,0.00176278,0.00179784,0.0,0.00179784,0.0,0.001798
frfcfs_scheduler_i/n1950,frfcfs_scheduler_i/U2091/Y,NAND3X1,NAND3X1/C,1,0.00296109,0.00296109,0.0028316,0.0028316,0.00296109,0.0,0.00296109,0.0,0.002961
frfcfs_scheduler_i/n1951,frfcfs_scheduler_i/U2092/Y,NAND3X1,AOI21X1/B,1,0.00272419,0.00272419,0.00267874,0.00267874,0.00272419,0.0,0.00272419,0.0,0.002724
frfcfs_scheduler_i/n1952,frfcfs_scheduler_i/U2093/Y,AOI21X1,MUX2X1/B,1,0.00274447,0.00274447,0.00256937,0.00256937,0.00274447,0.0,0.00274447,0.0,0.002744
frfcfs_scheduler_i/n1953,frfcfs_scheduler_i/U2062/Y,NAND3X1,BUFX2/A;NAND2X1/B,2,0.0035664499999999997,0.0035664499999999997,0.00344836,0.00344836,0.00356645,0.0,0.00356645,0.0,0.003566
frfcfs_scheduler_i/n1956,frfcfs_scheduler_i/U2097/Y,NAND3X1,OAI21X1/C,1,0.00200991,0.00200991,0.0019239,0.0019239,0.00200991,0.0,0.00200991,0.0,0.00201
frfcfs_scheduler_i/n1958,frfcfs_scheduler_i/U1791/Y,NAND2X1,INVX1/A;INVX1/A,2,0.00310206,0.00310206,0.00295232,0.00295232,0.00310206,0.0,0.00310206,0.0,0.003102
frfcfs_scheduler_i/n1959,frfcfs_scheduler_i/U2099/Y,NAND3X1,OAI21X1/C,1,0.00200991,0.00200991,0.0019239,0.0019239,0.00200991,0.0,0.00200991,0.0,0.00201
frfcfs_scheduler_i/n1962,frfcfs_scheduler_i/U2101/Y,NAND2X1,NAND2X1/B,1,0.00202749,0.00202749,0.00194421,0.00194421,0.00202749,0.0,0.00202749,0.0,0.002027
frfcfs_scheduler_i/n1964,frfcfs_scheduler_i/U572/Y,NAND2X1,NOR3X1/B,1,0.003067,0.00306333,0.003067,0.00306333,0.003067,0.0,0.003067,0.0,0.003067
frfcfs_scheduler_i/n1965,frfcfs_scheduler_i/U2056/Y,NAND2X1,INVX1/A,1,0.00155103,0.00155103,0.00147616,0.00147616,0.00155103,0.0,0.00155103,0.0,0.001551
frfcfs_scheduler_i/n1966,frfcfs_scheduler_i/U2059/Y,NAND3X1,NOR2X1/A,1,0.00224248,0.00224248,0.00220861,0.00220861,0.00224248,0.0,0.00224248,0.0,0.002242
frfcfs_scheduler_i/n1967,frfcfs_scheduler_i/U2055/Y,NAND2X1,NOR2X1/B,1,0.00236501,0.00236501,0.00229711,0.00229711,0.00236501,0.0,0.00236501,0.0,0.002365
frfcfs_scheduler_i/n1968,frfcfs_scheduler_i/U2102/Y,NOR2X1,NAND3X1/A,1,0.00254759,0.00254759,0.00220852,0.00220852,0.00254759,0.0,0.00254759,0.0,0.002548
frfcfs_scheduler_i/n1971,frfcfs_scheduler_i/U2104/Y,NOR2X1,NAND3X1/C,1,0.00296109,0.00296109,0.0028316,0.0028316,0.00296109,0.0,0.00296109,0.0,0.002961
frfcfs_scheduler_i/n1973,frfcfs_scheduler_i/U2105/Y,NAND3X1,OAI21X1/C,1,0.00200991,0.00200991,0.0019239,0.0019239,0.00200991,0.0,0.00200991,0.0,0.00201
frfcfs_scheduler_i/n1974,frfcfs_scheduler_i/U2103/Y,NAND3X1,INVX1/A;NOR2X1/A,2,0.00379351,0.00379351,0.0036847700000000004,0.00368477,0.00379351,0.0,0.00379351,0.0,0.003794
frfcfs_scheduler_i/n1976,frfcfs_scheduler_i/U1143/Y,NAND2X1,OAI21X1/C,1,0.00200991,0.00200991,0.0019239,0.0019239,0.00200991,0.0,0.00200991,0.0,0.00201
frfcfs_scheduler_i/n1979,frfcfs_scheduler_i/U2108/Y,NAND2X1,OAI21X1/C,1,0.00200991,0.00200991,0.0019239,0.0019239,0.00200991,0.0,0.00200991,0.0,0.00201
frfcfs_scheduler_i/n198,frfcfs_scheduler_i/U476/Y,AOI21X1,INVX1/A,1,0.00155103,0.00155103,0.00147616,0.00147616,0.00155103,0.0,0.00155103,0.0,0.001551
frfcfs_scheduler_i/n1980,frfcfs_scheduler_i/U2095/Y,NAND3X1,INVX1/A;OAI21X1/B,2,0.00438329,0.00438329,0.00410864,0.00410864,0.00438329,0.0,0.00438329,0.0,0.004383
frfcfs_scheduler_i/n1981,frfcfs_scheduler_i/U528/Y,NAND2X1,NAND2X1/B,1,0.00202749,0.00202749,0.00194421,0.00194421,0.00202749,0.0,0.00202749,0.0,0.002027
frfcfs_scheduler_i/n1982,frfcfs_scheduler_i/U2096/Y,NAND3X1,INVX1/A,1,0.00155103,0.00155103,0.00147616,0.00147616,0.00155103,0.0,0.00155103,0.0,0.001551
frfcfs_scheduler_i/n1983,frfcfs_scheduler_i/U1705/Y,NAND3X1,INVX1/A;OAI21X1/C,2,0.0035609400000000003,0.0035609400000000003,0.00340006,0.00340006,0.00356094,0.0,0.00356094,0.0,0.003561
frfcfs_scheduler_i/n1986,frfcfs_scheduler_i/U2110/Y,NAND3X1,INVX1/A;INVX1/A,2,0.00310206,0.00310206,0.00295232,0.00295232,0.00310206,0.0,0.00310206,0.0,0.003102
frfcfs_scheduler_i/n1989,frfcfs_scheduler_i/U2111/Y,NAND3X1,OAI21X1/C,1,0.00200991,0.00200991,0.0019239,0.0019239,0.00200991,0.0,0.00200991,0.0,0.00201
frfcfs_scheduler_i/n1992,frfcfs_scheduler_i/U2113/Y,NAND3X1,OAI21X1/C,1,0.00200991,0.00200991,0.0019239,0.0019239,0.00200991,0.0,0.00200991,0.0,0.00201
frfcfs_scheduler_i/n1995,frfcfs_scheduler_i/U2115/Y,NAND2X1,OAI21X1/C,1,0.00200991,0.00200991,0.0019239,0.0019239,0.00200991,0.0,0.00200991,0.0,0.00201
frfcfs_scheduler_i/n1998,frfcfs_scheduler_i/U2117/Y,NAND3X1,OAI21X1/C,1,0.00200991,0.00200991,0.0019239,0.0019239,0.00200991,0.0,0.00200991,0.0,0.00201
frfcfs_scheduler_i/n200,frfcfs_scheduler_i/U477/Y,NOR2X1,AOI21X1/B,1,0.00272419,0.00272419,0.00267874,0.00267874,0.00272419,0.0,0.00272419,0.0,0.002724
frfcfs_scheduler_i/n2002,frfcfs_scheduler_i/U2119/Y,NAND2X1,OAI21X1/C,1,0.00200991,0.00200991,0.0019239,0.0019239,0.00200991,0.0,0.00200991,0.0,0.00201
frfcfs_scheduler_i/n2004,frfcfs_scheduler_i/U2121/Y,NAND3X1,AND2X2/B,1,0.00186944,0.00186944,0.00182011,0.00182011,0.00186944,0.0,0.00186944,0.0,0.001869
frfcfs_scheduler_i/n2007,frfcfs_scheduler_i/U2122/Y,NAND3X1,OAI21X1/C,1,0.00200991,0.00200991,0.0019239,0.0019239,0.00200991,0.0,0.00200991,0.0,0.00201
frfcfs_scheduler_i/n2011,frfcfs_scheduler_i/U2124/Y,NAND2X1,OAI21X1/C,1,0.00200991,0.00200991,0.0019239,0.0019239,0.00200991,0.0,0.00200991,0.0,0.00201
frfcfs_scheduler_i/n2015,frfcfs_scheduler_i/U2127/Y,NAND2X1,OAI21X1/C,1,0.00200991,0.00200991,0.0019239,0.0019239,0.00200991,0.0,0.00200991,0.0,0.00201
frfcfs_scheduler_i/n2016,frfcfs_scheduler_i/U1194/Y,AOI21X1,BUFX2/A,1,0.00153896,0.00153896,0.00150415,0.00150415,0.00153896,0.0,0.00153896,0.0,0.001539
frfcfs_scheduler_i/n2023,frfcfs_scheduler_i/U1240/Y,NOR2X1,AND2X2/A;NAND3X1/C,2,0.00475893,0.00475893,0.00459438,0.00459438,0.00475893,0.0,0.00475893,0.0,0.004759
frfcfs_scheduler_i/n2025,frfcfs_scheduler_i/U2131/Y,NAND2X1,OAI21X1/C,1,0.00200991,0.00200991,0.0019239,0.0019239,0.00200991,0.0,0.00200991,0.0,0.00201
frfcfs_scheduler_i/n2026,frfcfs_scheduler_i/U2130/Y,AOI22X1,OAI21X1/B,1,0.00283226,0.00283226,0.00263248,0.00263248,0.00283226,0.0,0.00283226,0.0,0.002832
frfcfs_scheduler_i/n203,frfcfs_scheduler_i/U480/Y,NAND2X1,NAND2X1/A,1,0.00211057,0.00211057,0.00188435,0.00188435,0.00211057,0.0,0.00211057,0.0,0.002111
frfcfs_scheduler_i/n204,frfcfs_scheduler_i/U483/Y,NAND2X1,NOR3X1/A,1,0.00302113,0.00302113,0.00301081,0.00301081,0.00302113,0.0,0.00302113,0.0,0.003021
frfcfs_scheduler_i/n2059,frfcfs_scheduler_i/U488/Y,NAND2X1,OAI21X1/C,1,0.00200991,0.00200991,0.0019239,0.0019239,0.00200991,0.0,0.00200991,0.0,0.00201
frfcfs_scheduler_i/n2103,frfcfs_scheduler_i/U2157/Y,AOI22X1,NAND2X1/B,1,0.00202749,0.00202749,0.00194421,0.00194421,0.00202749,0.0,0.00202749,0.0,0.002027
frfcfs_scheduler_i/n2104,frfcfs_scheduler_i/U2156/Y,AOI22X1,NAND2X1/A,1,0.00211057,0.00211057,0.00188435,0.00188435,0.00211057,0.0,0.00211057,0.0,0.002111
frfcfs_scheduler_i/n2105,frfcfs_scheduler_i/U2160/Y,AOI22X1,NAND2X1/B,1,0.00202749,0.00202749,0.00194421,0.00194421,0.00202749,0.0,0.00202749,0.0,0.002027
frfcfs_scheduler_i/n2106,frfcfs_scheduler_i/U2159/Y,AOI22X1,NAND2X1/A,1,0.00211057,0.00211057,0.00188435,0.00188435,0.00211057,0.0,0.00211057,0.0,0.002111
frfcfs_scheduler_i/n2107,frfcfs_scheduler_i/U2163/Y,AOI22X1,NAND2X1/B,1,0.00202749,0.00202749,0.00194421,0.00194421,0.00202749,0.0,0.00202749,0.0,0.002027
frfcfs_scheduler_i/n2108,frfcfs_scheduler_i/U2162/Y,AOI22X1,NAND2X1/A,1,0.00211057,0.00211057,0.00188435,0.00188435,0.00211057,0.0,0.00211057,0.0,0.002111
frfcfs_scheduler_i/n2113,frfcfs_scheduler_i/U2166/Y,AOI22X1,NAND2X1/B,1,0.00202749,0.00202749,0.00194421,0.00194421,0.00202749,0.0,0.00202749,0.0,0.002027
frfcfs_scheduler_i/n2114,frfcfs_scheduler_i/U2165/Y,AOI22X1,NAND2X1/A,1,0.00211057,0.00211057,0.00188435,0.00188435,0.00211057,0.0,0.00211057,0.0,0.002111
frfcfs_scheduler_i/n2116,frfcfs_scheduler_i/U2170/Y,NOR2X1,NOR3X1/C,1,0.00328822,0.00328822,0.00322576,0.00322576,0.00328822,0.0,0.00328822,0.0,0.003288
frfcfs_scheduler_i/n2117,frfcfs_scheduler_i/U2169/Y,NOR2X1,NOR3X1/B,1,0.003067,0.00306333,0.003067,0.00306333,0.003067,0.0,0.003067,0.0,0.003067
frfcfs_scheduler_i/n2121,frfcfs_scheduler_i/U2173/Y,NOR2X1,NOR3X1/B,1,0.003067,0.00306333,0.003067,0.00306333,0.003067,0.0,0.003067,0.0,0.003067
frfcfs_scheduler_i/n2127,frfcfs_scheduler_i/U2176/Y,NOR2X1,NOR3X1/B,1,0.003067,0.00306333,0.003067,0.00306333,0.003067,0.0,0.003067,0.0,0.003067
frfcfs_scheduler_i/n2131,frfcfs_scheduler_i/U2179/Y,NOR2X1,NOR3X1/B,1,0.003067,0.00306333,0.003067,0.00306333,0.003067,0.0,0.003067,0.0,0.003067
frfcfs_scheduler_i/n2136,frfcfs_scheduler_i/U2183/Y,NOR2X1,NOR3X1/C,1,0.00328822,0.00328822,0.00322576,0.00322576,0.00328822,0.0,0.00328822,0.0,0.003288
frfcfs_scheduler_i/n2137,frfcfs_scheduler_i/U2182/Y,NOR2X1,NOR3X1/B,1,0.003067,0.00306333,0.003067,0.00306333,0.003067,0.0,0.003067,0.0,0.003067
frfcfs_scheduler_i/n2141,frfcfs_scheduler_i/U2186/Y,NOR2X1,NOR3X1/B,1,0.003067,0.00306333,0.003067,0.00306333,0.003067,0.0,0.003067,0.0,0.003067
frfcfs_scheduler_i/n2147,frfcfs_scheduler_i/U2189/Y,NOR2X1,NOR3X1/B,1,0.003067,0.00306333,0.003067,0.00306333,0.003067,0.0,0.003067,0.0,0.003067
frfcfs_scheduler_i/n2155,frfcfs_scheduler_i/U2192/Y,NOR2X1,NOR3X1/B,1,0.003067,0.00306333,0.003067,0.00306333,0.003067,0.0,0.003067,0.0,0.003067
frfcfs_scheduler_i/n219,frfcfs_scheduler_i/U508/Y,NAND2X1,NAND2X1/A,1,0.00211057,0.00211057,0.00188435,0.00188435,0.00211057,0.0,0.00211057,0.0,0.002111
frfcfs_scheduler_i/n224,frfcfs_scheduler_i/U514/Y,NAND2X1,NAND2X1/A,1,0.00211057,0.00211057,0.00188435,0.00188435,0.00211057,0.0,0.00211057,0.0,0.002111
frfcfs_scheduler_i/n230,frfcfs_scheduler_i/U521/Y,NOR2X1,AND2X2/A,1,0.00179784,0.00179784,0.00176278,0.00176278,0.00179784,0.0,0.00179784,0.0,0.001798
frfcfs_scheduler_i/n231,frfcfs_scheduler_i/U522/Y,NAND2X1,INVX1/A;INVX1/A,2,0.00310206,0.00310206,0.00295232,0.00295232,0.00310206,0.0,0.00310206,0.0,0.003102
frfcfs_scheduler_i/n232,frfcfs_scheduler_i/U523/Y,NAND2X1,INVX1/A,1,0.00155103,0.00155103,0.00147616,0.00147616,0.00155103,0.0,0.00155103,0.0,0.001551
frfcfs_scheduler_i/n235,frfcfs_scheduler_i/U533/Y,NOR2X1,AND2X2/A,1,0.00179784,0.00179784,0.00176278,0.00176278,0.00179784,0.0,0.00179784,0.0,0.001798
frfcfs_scheduler_i/n236,frfcfs_scheduler_i/U535/Y,NAND2X1,NAND2X1/B,1,0.00202749,0.00202749,0.00194421,0.00194421,0.00202749,0.0,0.00202749,0.0,0.002027
frfcfs_scheduler_i/n241,frfcfs_scheduler_i/U547/Y,NAND2X1,INVX1/A,1,0.00155103,0.00155103,0.00147616,0.00147616,0.00155103,0.0,0.00155103,0.0,0.001551
frfcfs_scheduler_i/n244,frfcfs_scheduler_i/U554/Y,NAND2X1,AND2X2/A,1,0.00179784,0.00179784,0.00176278,0.00176278,0.00179784,0.0,0.00179784,0.0,0.001798
frfcfs_scheduler_i/n246,frfcfs_scheduler_i/U559/Y,NOR2X1,AND2X2/B,1,0.00186944,0.00186944,0.00182011,0.00182011,0.00186944,0.0,0.00186944,0.0,0.001869
frfcfs_scheduler_i/n249,frfcfs_scheduler_i/U564/Y,NAND2X1,NAND2X1/A,1,0.00211057,0.00211057,0.00188435,0.00188435,0.00211057,0.0,0.00211057,0.0,0.002111
frfcfs_scheduler_i/n250,frfcfs_scheduler_i/U566/Y,NAND2X1,INVX1/A;NOR2X1/A,2,0.00379351,0.00379351,0.0036847700000000004,0.00368477,0.00379351,0.0,0.00379351,0.0,0.003794
frfcfs_scheduler_i/n252,frfcfs_scheduler_i/U571/Y,NAND2X1,INVX1/A,1,0.00155103,0.00155103,0.00147616,0.00147616,0.00155103,0.0,0.00155103,0.0,0.001551
frfcfs_scheduler_i/n254,frfcfs_scheduler_i/U574/Y,NOR2X1,INVX1/A,1,0.00155103,0.00155103,0.00147616,0.00147616,0.00155103,0.0,0.00155103,0.0,0.001551
frfcfs_scheduler_i/n408,frfcfs_scheduler_i/U567/Y,NAND2X1,INVX1/A,1,0.00155103,0.00155103,0.00147616,0.00147616,0.00155103,0.0,0.00155103,0.0,0.001551
frfcfs_scheduler_i/n468,frfcfs_scheduler_i/U1114/Y,NOR2X1,NOR3X1/B,1,0.003067,0.00306333,0.003067,0.00306333,0.003067,0.0,0.003067,0.0,0.003067
frfcfs_scheduler_i/n470,frfcfs_scheduler_i/U425/Y,NAND2X1,OAI21X1/C,1,0.00200991,0.00200991,0.0019239,0.0019239,0.00200991,0.0,0.00200991,0.0,0.00201
frfcfs_scheduler_i/n478,frfcfs_scheduler_i/U1122/Y,NOR2X1,NOR3X1/B,1,0.003067,0.00306333,0.003067,0.00306333,0.003067,0.0,0.003067,0.0,0.003067
frfcfs_scheduler_i/n480,frfcfs_scheduler_i/U1112/Y,NAND2X1,INVX1/A,1,0.00155103,0.00155103,0.00147616,0.00147616,0.00155103,0.0,0.00155103,0.0,0.001551
frfcfs_scheduler_i/n486,frfcfs_scheduler_i/U1126/Y,NOR2X1,NOR3X1/B,1,0.003067,0.00306333,0.003067,0.00306333,0.003067,0.0,0.003067,0.0,0.003067
frfcfs_scheduler_i/n501,frfcfs_scheduler_i/U1141/Y,NOR2X1,AND2X2/B,1,0.00186944,0.00186944,0.00182011,0.00182011,0.00186944,0.0,0.00186944,0.0,0.001869
frfcfs_scheduler_i/n551,frfcfs_scheduler_i/U1156/Y,NAND3X1,OR2X2/B,1,0.00234214,0.00228252,0.00234214,0.00228252,0.00234214,0.0,0.00234214,0.0,0.002342
frfcfs_scheduler_i/n552,frfcfs_scheduler_i/U1155/Y,NAND3X1,OR2X2/A,1,0.00230117,0.00229176,0.00230117,0.00229176,0.00230117,0.0,0.00230117,0.0,0.002301
frfcfs_scheduler_i/n553,frfcfs_scheduler_i/U1159/Y,NAND3X1,OR2X2/B,1,0.00234214,0.00228252,0.00234214,0.00228252,0.00234214,0.0,0.00234214,0.0,0.002342
frfcfs_scheduler_i/n554,frfcfs_scheduler_i/U1158/Y,NAND3X1,OR2X2/A,1,0.00230117,0.00229176,0.00230117,0.00229176,0.00230117,0.0,0.00230117,0.0,0.002301
frfcfs_scheduler_i/n555,frfcfs_scheduler_i/U1162/Y,NAND3X1,OR2X2/B,1,0.00234214,0.00228252,0.00234214,0.00228252,0.00234214,0.0,0.00234214,0.0,0.002342
frfcfs_scheduler_i/n556,frfcfs_scheduler_i/U1161/Y,NAND3X1,OR2X2/A,1,0.00230117,0.00229176,0.00230117,0.00229176,0.00230117,0.0,0.00230117,0.0,0.002301
frfcfs_scheduler_i/n557,frfcfs_scheduler_i/U1165/Y,NAND3X1,OR2X2/B,1,0.00234214,0.00228252,0.00234214,0.00228252,0.00234214,0.0,0.00234214,0.0,0.002342
frfcfs_scheduler_i/n558,frfcfs_scheduler_i/U1164/Y,NAND3X1,OR2X2/A,1,0.00230117,0.00229176,0.00230117,0.00229176,0.00230117,0.0,0.00230117,0.0,0.002301
frfcfs_scheduler_i/n559,frfcfs_scheduler_i/U1168/Y,NAND3X1,OR2X2/B,1,0.00234214,0.00228252,0.00234214,0.00228252,0.00234214,0.0,0.00234214,0.0,0.002342
frfcfs_scheduler_i/n560,frfcfs_scheduler_i/U1167/Y,NAND3X1,OR2X2/A,1,0.00230117,0.00229176,0.00230117,0.00229176,0.00230117,0.0,0.00230117,0.0,0.002301
frfcfs_scheduler_i/n561,frfcfs_scheduler_i/U1171/Y,NAND3X1,OR2X2/B,1,0.00234214,0.00228252,0.00234214,0.00228252,0.00234214,0.0,0.00234214,0.0,0.002342
frfcfs_scheduler_i/n562,frfcfs_scheduler_i/U1170/Y,NAND3X1,OR2X2/A,1,0.00230117,0.00229176,0.00230117,0.00229176,0.00230117,0.0,0.00230117,0.0,0.002301
frfcfs_scheduler_i/n563,frfcfs_scheduler_i/U1174/Y,NAND3X1,OR2X2/B,1,0.00234214,0.00228252,0.00234214,0.00228252,0.00234214,0.0,0.00234214,0.0,0.002342
frfcfs_scheduler_i/n564,frfcfs_scheduler_i/U1173/Y,NAND3X1,OR2X2/A,1,0.00230117,0.00229176,0.00230117,0.00229176,0.00230117,0.0,0.00230117,0.0,0.002301
frfcfs_scheduler_i/n565,frfcfs_scheduler_i/U1177/Y,NAND3X1,OR2X2/B,1,0.00234214,0.00228252,0.00234214,0.00228252,0.00234214,0.0,0.00234214,0.0,0.002342
frfcfs_scheduler_i/n566,frfcfs_scheduler_i/U1176/Y,NAND3X1,OR2X2/A,1,0.00230117,0.00229176,0.00230117,0.00229176,0.00230117,0.0,0.00230117,0.0,0.002301
frfcfs_scheduler_i/n569,frfcfs_scheduler_i/U1182/Y,NAND3X1,OR2X2/B,1,0.00234214,0.00228252,0.00234214,0.00228252,0.00234214,0.0,0.00234214,0.0,0.002342
frfcfs_scheduler_i/n570,frfcfs_scheduler_i/U1180/Y,NAND3X1,OR2X2/A,1,0.00230117,0.00229176,0.00230117,0.00229176,0.00230117,0.0,0.00230117,0.0,0.002301
frfcfs_scheduler_i/n573,frfcfs_scheduler_i/U1185/Y,NAND3X1,OR2X2/B,1,0.00234214,0.00228252,0.00234214,0.00228252,0.00234214,0.0,0.00234214,0.0,0.002342
frfcfs_scheduler_i/n574,frfcfs_scheduler_i/U1184/Y,NAND3X1,OR2X2/A,1,0.00230117,0.00229176,0.00230117,0.00229176,0.00230117,0.0,0.00230117,0.0,0.002301
frfcfs_scheduler_i/n576,frfcfs_scheduler_i/U1189/Y,NAND3X1,OR2X2/B,1,0.00234214,0.00228252,0.00234214,0.00228252,0.00234214,0.0,0.00234214,0.0,0.002342
frfcfs_scheduler_i/n577,frfcfs_scheduler_i/U1187/Y,NAND3X1,OR2X2/A,1,0.00230117,0.00229176,0.00230117,0.00229176,0.00230117,0.0,0.00230117,0.0,0.002301
frfcfs_scheduler_i/n580,frfcfs_scheduler_i/U1193/Y,NAND3X1,AND2X2/B,1,0.00186944,0.00186944,0.00182011,0.00182011,0.00186944,0.0,0.00186944,0.0,0.001869
frfcfs_scheduler_i/n583,frfcfs_scheduler_i/U1196/Y,NAND2X1,NOR3X1/A,1,0.00302113,0.00302113,0.00301081,0.00301081,0.00302113,0.0,0.00302113,0.0,0.003021
frfcfs_scheduler_i/n586,frfcfs_scheduler_i/U1202/Y,AOI21X1,NAND3X1/C,1,0.00296109,0.00296109,0.0028316,0.0028316,0.00296109,0.0,0.00296109,0.0,0.002961
frfcfs_scheduler_i/n587,frfcfs_scheduler_i/U1201/Y,AOI22X1,NAND3X1/B,1,0.00283213,0.00283213,0.00259978,0.00259978,0.00283213,0.0,0.00283213,0.0,0.002832
frfcfs_scheduler_i/n588,frfcfs_scheduler_i/U1200/Y,AOI22X1,NAND3X1/A,1,0.00254759,0.00254759,0.00220852,0.00220852,0.00254759,0.0,0.00254759,0.0,0.002548
frfcfs_scheduler_i/n589,frfcfs_scheduler_i/U1203/Y,NAND3X1,NOR2X1/B,1,0.00236501,0.00236501,0.00229711,0.00229711,0.00236501,0.0,0.00236501,0.0,0.002365
frfcfs_scheduler_i/n59,frfcfs_scheduler_i/U291/Y,NOR2X1,AND2X2/A,1,0.00179784,0.00179784,0.00176278,0.00176278,0.00179784,0.0,0.00179784,0.0,0.001798
frfcfs_scheduler_i/n590,frfcfs_scheduler_i/U1199/Y,NAND2X1,NOR2X1/A,1,0.00224248,0.00224248,0.00220861,0.00220861,0.00224248,0.0,0.00224248,0.0,0.002242
frfcfs_scheduler_i/n591,frfcfs_scheduler_i/U1207/Y,NAND2X1,NAND3X1/C,1,0.00296109,0.00296109,0.0028316,0.0028316,0.00296109,0.0,0.00296109,0.0,0.002961
frfcfs_scheduler_i/n592,frfcfs_scheduler_i/U1206/Y,NAND2X1,NAND3X1/B,1,0.00283213,0.00283213,0.00259978,0.00259978,0.00283213,0.0,0.00283213,0.0,0.002832
frfcfs_scheduler_i/n593,frfcfs_scheduler_i/U1205/Y,NAND2X1,NAND3X1/A,1,0.00254759,0.00254759,0.00220852,0.00220852,0.00254759,0.0,0.00254759,0.0,0.002548
frfcfs_scheduler_i/n594,frfcfs_scheduler_i/U1210/Y,AOI22X1,BUFX2/A,1,0.00153896,0.00153896,0.00150415,0.00150415,0.00153896,0.0,0.00153896,0.0,0.001539
frfcfs_scheduler_i/n595,frfcfs_scheduler_i/U1209/Y,AOI22X1,AND2X2/A,1,0.00179784,0.00179784,0.00176278,0.00176278,0.00179784,0.0,0.00179784,0.0,0.001798
frfcfs_scheduler_i/n597,frfcfs_scheduler_i/U1208/Y,NAND3X1,NOR2X1/A,1,0.00224248,0.00224248,0.00220861,0.00220861,0.00224248,0.0,0.00224248,0.0,0.002242
frfcfs_scheduler_i/n598,frfcfs_scheduler_i/U1211/Y,NOR2X1,AND2X2/B,1,0.00186944,0.00186944,0.00182011,0.00182011,0.00186944,0.0,0.00186944,0.0,0.001869
frfcfs_scheduler_i/n599,frfcfs_scheduler_i/U1204/Y,NOR2X1,AND2X2/A,1,0.00179784,0.00179784,0.00176278,0.00176278,0.00179784,0.0,0.00179784,0.0,0.001798
frfcfs_scheduler_i/n602,frfcfs_scheduler_i/U1213/Y,AOI21X1,OAI21X1/C,1,0.00200991,0.00200991,0.0019239,0.0019239,0.00200991,0.0,0.00200991,0.0,0.00201
frfcfs_scheduler_i/n603,frfcfs_scheduler_i/U1191/Y,NAND2X1,INVX1/A;NAND3X1/A,2,0.00409862,0.00409862,0.00368468,0.00368468,0.00409862,0.0,0.00409862,0.0,0.004099
frfcfs_scheduler_i/n604,frfcfs_scheduler_i/U1179/Y,NAND3X1,BUFX2/A,1,0.00153896,0.00153896,0.00150415,0.00150415,0.00153896,0.0,0.00153896,0.0,0.001539
frfcfs_scheduler_i/n608,frfcfs_scheduler_i/U1216/Y,NAND3X1,INVX1/A,1,0.00155103,0.00155103,0.00147616,0.00147616,0.00155103,0.0,0.00155103,0.0,0.001551
frfcfs_scheduler_i/n609,frfcfs_scheduler_i/U1218/Y,AOI22X1,NAND2X1/B,1,0.00202749,0.00202749,0.00194421,0.00194421,0.00202749,0.0,0.00202749,0.0,0.002027
frfcfs_scheduler_i/n610,frfcfs_scheduler_i/U1217/Y,AOI22X1,NAND2X1/A,1,0.00211057,0.00211057,0.00188435,0.00188435,0.00211057,0.0,0.00211057,0.0,0.002111
frfcfs_scheduler_i/n611,frfcfs_scheduler_i/U1222/Y,AOI22X1,NAND3X1/C,1,0.00296109,0.00296109,0.0028316,0.0028316,0.00296109,0.0,0.00296109,0.0,0.002961
frfcfs_scheduler_i/n612,frfcfs_scheduler_i/U1221/Y,NAND2X1,NAND3X1/B,1,0.00283213,0.00283213,0.00259978,0.00259978,0.00283213,0.0,0.00283213,0.0,0.002832
frfcfs_scheduler_i/n613,frfcfs_scheduler_i/U1220/Y,AOI22X1,NAND3X1/A,1,0.00254759,0.00254759,0.00220852,0.00220852,0.00254759,0.0,0.00254759,0.0,0.002548
frfcfs_scheduler_i/n614,frfcfs_scheduler_i/U1223/Y,NAND3X1,NOR2X1/B,1,0.00236501,0.00236501,0.00229711,0.00229711,0.00236501,0.0,0.00236501,0.0,0.002365
frfcfs_scheduler_i/n615,frfcfs_scheduler_i/U1219/Y,NAND2X1,NOR2X1/A,1,0.00224248,0.00224248,0.00220861,0.00220861,0.00224248,0.0,0.00224248,0.0,0.002242
frfcfs_scheduler_i/n616,frfcfs_scheduler_i/U1225/Y,AOI22X1,NAND3X1/C,1,0.00296109,0.00296109,0.0028316,0.0028316,0.00296109,0.0,0.00296109,0.0,0.002961
frfcfs_scheduler_i/n618,frfcfs_scheduler_i/U1228/Y,AOI22X1,AND2X2/B,1,0.00186944,0.00186944,0.00182011,0.00182011,0.00186944,0.0,0.00186944,0.0,0.001869
frfcfs_scheduler_i/n619,frfcfs_scheduler_i/U1227/Y,AOI22X1,AND2X2/A,1,0.00179784,0.00179784,0.00176278,0.00176278,0.00179784,0.0,0.00179784,0.0,0.001798
frfcfs_scheduler_i/n621,frfcfs_scheduler_i/U1226/Y,NAND3X1,NOR2X1/A,1,0.00224248,0.00224248,0.00220861,0.00220861,0.00224248,0.0,0.00224248,0.0,0.002242
frfcfs_scheduler_i/n622,frfcfs_scheduler_i/U1229/Y,NOR2X1,NAND2X1/B,1,0.00202749,0.00202749,0.00194421,0.00194421,0.00202749,0.0,0.00202749,0.0,0.002027
frfcfs_scheduler_i/n623,frfcfs_scheduler_i/U1224/Y,NOR2X1,NAND2X1/A,1,0.00211057,0.00211057,0.00188435,0.00188435,0.00211057,0.0,0.00211057,0.0,0.002111
frfcfs_scheduler_i/n625,frfcfs_scheduler_i/U1232/Y,NAND3X1,NAND3X1/C,1,0.00296109,0.00296109,0.0028316,0.0028316,0.00296109,0.0,0.00296109,0.0,0.002961
frfcfs_scheduler_i/n628,frfcfs_scheduler_i/U1230/Y,NAND2X1,INVX1/A;NAND3X1/C,2,0.00451212,0.00451212,0.00430776,0.00430776,0.00451212,0.0,0.00451212,0.0,0.004512
frfcfs_scheduler_i/n63,frfcfs_scheduler_i/U297/Y,NOR2X1,AND2X2/B,1,0.00186944,0.00186944,0.00182011,0.00182011,0.00186944,0.0,0.00186944,0.0,0.001869
frfcfs_scheduler_i/n630,frfcfs_scheduler_i/U1234/Y,NAND2X1,OR2X2/A,1,0.00230117,0.00229176,0.00230117,0.00229176,0.00230117,0.0,0.00230117,0.0,0.002301
frfcfs_scheduler_i/n635,frfcfs_scheduler_i/U424/Y,NOR2X1,AOI21X1/A,1,0.00274129,0.00274129,0.00256559,0.00256559,0.00274129,0.0,0.00274129,0.0,0.002741
frfcfs_scheduler_i/n637,frfcfs_scheduler_i/U1236/Y,AOI21X1,OAI21X1/B,1,0.00283226,0.00283226,0.00263248,0.00263248,0.00283226,0.0,0.00283226,0.0,0.002832
frfcfs_scheduler_i/n641,frfcfs_scheduler_i/U1239/Y,NAND3X1,NOR2X1/B,1,0.00236501,0.00236501,0.00229711,0.00229711,0.00236501,0.0,0.00236501,0.0,0.002365
frfcfs_scheduler_i/n643,frfcfs_scheduler_i/U1238/Y,NAND3X1,NOR2X1/A,1,0.00224248,0.00224248,0.00220861,0.00220861,0.00224248,0.0,0.00224248,0.0,0.002242
frfcfs_scheduler_i/n645,frfcfs_scheduler_i/U1241/Y,NAND3X1,AND2X2/B,1,0.00186944,0.00186944,0.00182011,0.00182011,0.00186944,0.0,0.00186944,0.0,0.001869
frfcfs_scheduler_i/n646,frfcfs_scheduler_i/U471/Y,NAND2X1,NAND2X1/B,1,0.00202749,0.00202749,0.00194421,0.00194421,0.00202749,0.0,0.00202749,0.0,0.002027
frfcfs_scheduler_i/n647,frfcfs_scheduler_i/U513/Y,NAND2X1,AOI21X1/A,1,0.00274129,0.00274129,0.00256559,0.00256559,0.00274129,0.0,0.00274129,0.0,0.002741
frfcfs_scheduler_i/n650,frfcfs_scheduler_i/U1242/Y,AOI21X1,AOI21X1/A,1,0.00274129,0.00274129,0.00256559,0.00256559,0.00274129,0.0,0.00274129,0.0,0.002741
frfcfs_scheduler_i/n651,frfcfs_scheduler_i/U1243/Y,AOI21X1,NAND2X1/B,1,0.00202749,0.00202749,0.00194421,0.00194421,0.00202749,0.0,0.00202749,0.0,0.002027
frfcfs_scheduler_i/n655,frfcfs_scheduler_i/U515/Y,NAND2X1,NAND2X1/B,1,0.00202749,0.00202749,0.00194421,0.00194421,0.00202749,0.0,0.00202749,0.0,0.002027
frfcfs_scheduler_i/n699,frfcfs_scheduler_i/U1269/Y,AOI22X1,MUX2X1/A,1,0.00279798,0.00279798,0.00262321,0.00262321,0.00279798,0.0,0.00279798,0.0,0.002798
frfcfs_scheduler_i/n700,frfcfs_scheduler_i/U1260/Y,AOI22X1,MUX2X1/B,1,0.00274447,0.00274447,0.00256937,0.00256937,0.00274447,0.0,0.00274447,0.0,0.002744
frfcfs_scheduler_i/n703,frfcfs_scheduler_i/U1231/Y,NAND3X1,OAI21X1/B,1,0.00283226,0.00283226,0.00263248,0.00263248,0.00283226,0.0,0.00283226,0.0,0.002832
frfcfs_scheduler_i/n740,frfcfs_scheduler_i/U1280/Y,AOI22X1,NAND3X1/C,1,0.00296109,0.00296109,0.0028316,0.0028316,0.00296109,0.0,0.00296109,0.0,0.002961
frfcfs_scheduler_i/n744,frfcfs_scheduler_i/U1288/Y,AOI22X1,BUFX2/A,1,0.00153896,0.00153896,0.00150415,0.00150415,0.00153896,0.0,0.00153896,0.0,0.001539
frfcfs_scheduler_i/n747,frfcfs_scheduler_i/U1286/Y,NAND3X1,NOR3X1/C,1,0.00328822,0.00328822,0.00322576,0.00322576,0.00328822,0.0,0.00328822,0.0,0.003288
frfcfs_scheduler_i/n783,frfcfs_scheduler_i/U1299/Y,AOI22X1,NAND3X1/C,1,0.00296109,0.00296109,0.0028316,0.0028316,0.00296109,0.0,0.00296109,0.0,0.002961
frfcfs_scheduler_i/n789,frfcfs_scheduler_i/U1307/Y,AOI22X1,BUFX2/A,1,0.00153896,0.00153896,0.00150415,0.00150415,0.00153896,0.0,0.00153896,0.0,0.001539
frfcfs_scheduler_i/n792,frfcfs_scheduler_i/U1305/Y,NAND3X1,NOR3X1/C,1,0.00328822,0.00328822,0.00322576,0.00322576,0.00328822,0.0,0.00328822,0.0,0.003288
frfcfs_scheduler_i/n823,frfcfs_scheduler_i/U1246/Y,NAND3X1,BUFX4/A,1,0.0039795,0.0039795,0.003854,0.003854,0.0039795,0.0,0.0039795,0.0,0.003979
frfcfs_scheduler_i/n825,frfcfs_scheduler_i/U1245/Y,NAND3X1,INVX1/A,1,0.00155103,0.00155103,0.00147616,0.00147616,0.00155103,0.0,0.00155103,0.0,0.001551
frfcfs_scheduler_i/n826,frfcfs_scheduler_i/U1248/Y,NAND3X1,BUFX2/A,1,0.00153896,0.00153896,0.00150415,0.00150415,0.00153896,0.0,0.00153896,0.0,0.001539
frfcfs_scheduler_i/n827,frfcfs_scheduler_i/U1249/Y,NAND3X1,BUFX2/A,1,0.00153896,0.00153896,0.00150415,0.00150415,0.00153896,0.0,0.00153896,0.0,0.001539
frfcfs_scheduler_i/n831,frfcfs_scheduler_i/U1251/Y,NAND3X1,BUFX4/A,1,0.0039795,0.0039795,0.003854,0.003854,0.0039795,0.0,0.0039795,0.0,0.003979
frfcfs_scheduler_i/n833,frfcfs_scheduler_i/U1253/Y,NAND2X1,BUFX4/A,1,0.0039795,0.0039795,0.003854,0.003854,0.0039795,0.0,0.0039795,0.0,0.003979
frfcfs_scheduler_i/n834,frfcfs_scheduler_i/U1254/Y,NAND3X1,BUFX4/A,1,0.0039795,0.0039795,0.003854,0.003854,0.0039795,0.0,0.0039795,0.0,0.003979
frfcfs_scheduler_i/n842,frfcfs_scheduler_i/U1328/Y,AOI22X1,MUX2X1/A,1,0.00279798,0.00279798,0.00262321,0.00262321,0.00279798,0.0,0.00279798,0.0,0.002798
frfcfs_scheduler_i/n843,frfcfs_scheduler_i/U1319/Y,AOI22X1,MUX2X1/B,1,0.00274447,0.00274447,0.00256937,0.00256937,0.00274447,0.0,0.00274447,0.0,0.002744
frfcfs_scheduler_i/n851,frfcfs_scheduler_i/U1334/Y,NAND2X1,AND2X2/B,1,0.00186944,0.00186944,0.00182011,0.00182011,0.00186944,0.0,0.00186944,0.0,0.001869
frfcfs_scheduler_i/n858,frfcfs_scheduler_i/U1342/Y,NAND2X1,AND2X2/B,1,0.00186944,0.00186944,0.00182011,0.00182011,0.00186944,0.0,0.00186944,0.0,0.001869
frfcfs_scheduler_i/n861,frfcfs_scheduler_i/U1346/Y,NAND2X1,NAND3X1/A,1,0.00254759,0.00254759,0.00220852,0.00220852,0.00254759,0.0,0.00254759,0.0,0.002548
frfcfs_scheduler_i/n864,frfcfs_scheduler_i/U1350/Y,NAND2X1,NAND3X1/C,1,0.00296109,0.00296109,0.0028316,0.0028316,0.00296109,0.0,0.00296109,0.0,0.002961
frfcfs_scheduler_i/n865,frfcfs_scheduler_i/U1351/Y,NAND3X1,INVX1/A,1,0.00155103,0.00155103,0.00147616,0.00147616,0.00155103,0.0,0.00155103,0.0,0.001551
frfcfs_scheduler_i/n866,frfcfs_scheduler_i/U1352/Y,AOI22X1,NAND2X1/A,1,0.00211057,0.00211057,0.00188435,0.00188435,0.00211057,0.0,0.00211057,0.0,0.002111
frfcfs_scheduler_i/n867,frfcfs_scheduler_i/U1343/Y,NAND2X1,AND2X2/A,1,0.00179784,0.00179784,0.00176278,0.00176278,0.00179784,0.0,0.00179784,0.0,0.001798
frfcfs_scheduler_i/n868,frfcfs_scheduler_i/U1337/Y,AOI22X1,NAND2X1/B,1,0.00202749,0.00202749,0.00194421,0.00194421,0.00202749,0.0,0.00202749,0.0,0.002027
frfcfs_scheduler_i/n873,frfcfs_scheduler_i/U1357/Y,NAND2X1,NAND3X1/A,1,0.00254759,0.00254759,0.00220852,0.00220852,0.00254759,0.0,0.00254759,0.0,0.002548
frfcfs_scheduler_i/n878,frfcfs_scheduler_i/U1364/Y,NAND2X1,NAND3X1/A,1,0.00254759,0.00254759,0.00220852,0.00220852,0.00254759,0.0,0.00254759,0.0,0.002548
frfcfs_scheduler_i/n879,frfcfs_scheduler_i/U1366/Y,NAND2X1,AND2X1/B,1,0.00234289,0.00234289,0.00182664,0.00182664,0.00234289,0.0,0.00234289,0.0,0.002343
frfcfs_scheduler_i/n880,frfcfs_scheduler_i/U1359/Y,NAND2X1,AND2X1/A,1,0.00229149,0.00229149,0.00187144,0.00187144,0.00229149,0.0,0.00229149,0.0,0.002291
frfcfs_scheduler_i/n885,frfcfs_scheduler_i/U1371/Y,NAND2X1,NAND3X1/C,1,0.00296109,0.00296109,0.0028316,0.0028316,0.00296109,0.0,0.00296109,0.0,0.002961
frfcfs_scheduler_i/n890,frfcfs_scheduler_i/U1377/Y,NAND2X1,NAND3X1/C,1,0.00296109,0.00296109,0.0028316,0.0028316,0.00296109,0.0,0.00296109,0.0,0.002961
frfcfs_scheduler_i/n893,frfcfs_scheduler_i/U1382/Y,NAND2X1,AND2X2/B,1,0.00186944,0.00186944,0.00182011,0.00182011,0.00186944,0.0,0.00186944,0.0,0.001869
frfcfs_scheduler_i/n898,frfcfs_scheduler_i/U1387/Y,NAND2X1,NAND3X1/C,1,0.00296109,0.00296109,0.0028316,0.0028316,0.00296109,0.0,0.00296109,0.0,0.002961
frfcfs_scheduler_i/n901,frfcfs_scheduler_i/U1391/Y,NAND2X1,AND2X2/B,1,0.00186944,0.00186944,0.00182011,0.00182011,0.00186944,0.0,0.00186944,0.0,0.001869
frfcfs_scheduler_i/n903,frfcfs_scheduler_i/U440/Y,NAND2X1,NAND2X1/A,1,0.00211057,0.00211057,0.00188435,0.00188435,0.00211057,0.0,0.00211057,0.0,0.002111
frfcfs_scheduler_i/n904,frfcfs_scheduler_i/U1394/Y,NAND2X1,AND2X2/B,1,0.00186944,0.00186944,0.00182011,0.00182011,0.00186944,0.0,0.00186944,0.0,0.001869
frfcfs_scheduler_i/n906,frfcfs_scheduler_i/U1395/Y,NAND2X1,AND2X2/B,1,0.00186944,0.00186944,0.00182011,0.00182011,0.00186944,0.0,0.00186944,0.0,0.001869
frfcfs_scheduler_i/n907,frfcfs_scheduler_i/U1392/Y,NAND2X1,AND2X2/A,1,0.00179784,0.00179784,0.00176278,0.00176278,0.00179784,0.0,0.00179784,0.0,0.001798
frfcfs_scheduler_i/n909,frfcfs_scheduler_i/U570/Y,NOR2X1,NAND2X1/B,1,0.00202749,0.00202749,0.00194421,0.00194421,0.00202749,0.0,0.00202749,0.0,0.002027
frfcfs_scheduler_i/n910,frfcfs_scheduler_i/U1379/Y,AOI22X1,NAND2X1/A,1,0.00211057,0.00211057,0.00188435,0.00188435,0.00211057,0.0,0.00211057,0.0,0.002111
frfcfs_scheduler_i/n911,frfcfs_scheduler_i/U1396/Y,NAND2X1,NOR2X1/B,1,0.00236501,0.00236501,0.00229711,0.00229711,0.00236501,0.0,0.00236501,0.0,0.002365
frfcfs_scheduler_i/n915,frfcfs_scheduler_i/U1399/Y,AOI21X1,AND2X2/A;AND2X2/B,2,0.00366728,0.00366728,0.00358289,0.00358289,0.00366728,0.0,0.00366728,0.0,0.003667
frfcfs_scheduler_i/n919,frfcfs_scheduler_i/U1403/Y,NAND2X1,AND2X2/B,1,0.00186944,0.00186944,0.00182011,0.00182011,0.00186944,0.0,0.00186944,0.0,0.001869
frfcfs_scheduler_i/n920,frfcfs_scheduler_i/U1400/Y,NAND2X1,AND2X2/A,1,0.00179784,0.00179784,0.00176278,0.00176278,0.00179784,0.0,0.00179784,0.0,0.001798
frfcfs_scheduler_i/n921,frfcfs_scheduler_i/U556/Y,NOR2X1,NAND2X1/B,1,0.00202749,0.00202749,0.00194421,0.00194421,0.00202749,0.0,0.00202749,0.0,0.002027
frfcfs_scheduler_i/n930,frfcfs_scheduler_i/U1406/Y,NAND2X1,NOR2X1/B,1,0.00236501,0.00236501,0.00229711,0.00229711,0.00236501,0.0,0.00236501,0.0,0.002365
frfcfs_scheduler_i/n932,frfcfs_scheduler_i/U1404/Y,NAND2X1,NOR2X1/A,1,0.00224248,0.00224248,0.00220861,0.00220861,0.00224248,0.0,0.00224248,0.0,0.002242
frfcfs_scheduler_i/n940,frfcfs_scheduler_i/U1410/Y,NAND2X1,NOR3X1/C,1,0.00328822,0.00328822,0.00322576,0.00322576,0.00328822,0.0,0.00328822,0.0,0.003288
frfcfs_scheduler_i/n948,frfcfs_scheduler_i/U1413/Y,NOR2X1,NAND3X1/C,1,0.00296109,0.00296109,0.0028316,0.0028316,0.00296109,0.0,0.00296109,0.0,0.002961
frfcfs_scheduler_i/n954,frfcfs_scheduler_i/U1388/Y,NAND3X1,INVX1/A,1,0.00155103,0.00155103,0.00147616,0.00147616,0.00155103,0.0,0.00155103,0.0,0.001551
frfcfs_scheduler_i/n957,frfcfs_scheduler_i/U1416/Y,NAND2X1,NOR3X1/A,1,0.00302113,0.00302113,0.00301081,0.00301081,0.00302113,0.0,0.00302113,0.0,0.003021
frfcfs_scheduler_i/n958,frfcfs_scheduler_i/U1415/Y,NAND2X1,NOR3X1/B,1,0.003067,0.00306333,0.003067,0.00306333,0.003067,0.0,0.003067,0.0,0.003067
frfcfs_scheduler_i/n959,frfcfs_scheduler_i/U1414/Y,NAND3X1,NOR3X1/C,1,0.00328822,0.00328822,0.00322576,0.00322576,0.00328822,0.0,0.00328822,0.0,0.003288
frfcfs_scheduler_i/n962,frfcfs_scheduler_i/U575/Y,NOR2X1,NAND3X1/A,1,0.00254759,0.00254759,0.00220852,0.00220852,0.00254759,0.0,0.00254759,0.0,0.002548
frfcfs_scheduler_i/n964,frfcfs_scheduler_i/U1419/Y,NAND2X1,NAND2X1/B,1,0.00202749,0.00202749,0.00194421,0.00194421,0.00202749,0.0,0.00202749,0.0,0.002027
frfcfs_scheduler_i/n969,frfcfs_scheduler_i/U1424/Y,AOI22X1,NAND3X1/C,1,0.00296109,0.00296109,0.0028316,0.0028316,0.00296109,0.0,0.00296109,0.0,0.002961
frfcfs_scheduler_i/n970,frfcfs_scheduler_i/U1423/Y,AOI22X1,NAND3X1/B,1,0.00283213,0.00283213,0.00259978,0.00259978,0.00283213,0.0,0.00283213,0.0,0.002832
frfcfs_scheduler_i/n971,frfcfs_scheduler_i/U1422/Y,AOI22X1,NAND3X1/A,1,0.00254759,0.00254759,0.00220852,0.00220852,0.00254759,0.0,0.00254759,0.0,0.002548
frfcfs_scheduler_i/n972,frfcfs_scheduler_i/U1425/Y,NAND3X1,NOR2X1/B,1,0.00236501,0.00236501,0.00229711,0.00229711,0.00236501,0.0,0.00236501,0.0,0.002365
frfcfs_scheduler_i/n973,frfcfs_scheduler_i/U1421/Y,NAND3X1,NOR2X1/A,1,0.00224248,0.00224248,0.00220861,0.00220861,0.00224248,0.0,0.00224248,0.0,0.002242
frfcfs_scheduler_i/n974,frfcfs_scheduler_i/U1428/Y,NAND2X1,NAND2X1/B,1,0.00202749,0.00202749,0.00194421,0.00194421,0.00202749,0.0,0.00202749,0.0,0.002027
frfcfs_scheduler_i/n975,frfcfs_scheduler_i/U1427/Y,NAND2X1,NAND2X1/A,1,0.00211057,0.00211057,0.00188435,0.00188435,0.00211057,0.0,0.00211057,0.0,0.002111
frfcfs_scheduler_i/n978,frfcfs_scheduler_i/U1432/Y,AOI21X1,NAND3X1/B,1,0.00283213,0.00283213,0.00259978,0.00259978,0.00283213,0.0,0.00283213,0.0,0.002832
frfcfs_scheduler_i/n979,frfcfs_scheduler_i/U1431/Y,NAND2X1,NAND3X1/C,1,0.00296109,0.00296109,0.0028316,0.0028316,0.00296109,0.0,0.00296109,0.0,0.002961
frfcfs_scheduler_i/n980,frfcfs_scheduler_i/U1430/Y,NAND2X1,NAND3X1/A,1,0.00254759,0.00254759,0.00220852,0.00220852,0.00254759,0.0,0.00254759,0.0,0.002548
frfcfs_scheduler_i/n982,frfcfs_scheduler_i/U1435/Y,NAND2X1,NAND2X1/B,1,0.00202749,0.00202749,0.00194421,0.00194421,0.00202749,0.0,0.00202749,0.0,0.002027
frfcfs_scheduler_i/n983,frfcfs_scheduler_i/U1434/Y,NAND2X1,NAND2X1/A,1,0.00211057,0.00211057,0.00188435,0.00188435,0.00211057,0.0,0.00211057,0.0,0.002111
frfcfs_scheduler_i/n984,frfcfs_scheduler_i/U1436/Y,NAND2X1,NOR3X1/B,1,0.003067,0.00306333,0.003067,0.00306333,0.003067,0.0,0.003067,0.0,0.003067
frfcfs_scheduler_i/n985,frfcfs_scheduler_i/U1433/Y,NAND3X1,NOR3X1/C,1,0.00328822,0.00328822,0.00322576,0.00322576,0.00328822,0.0,0.00328822,0.0,0.003288
frfcfs_scheduler_i/n986,frfcfs_scheduler_i/U1429/Y,NAND2X1,NOR3X1/A,1,0.00302113,0.00302113,0.00301081,0.00301081,0.00302113,0.0,0.00302113,0.0,0.003021
frfcfs_scheduler_i/n988,frfcfs_scheduler_i/U1426/Y,NOR2X1,NAND2X1/A,1,0.00211057,0.00211057,0.00188435,0.00188435,0.00211057,0.0,0.00211057,0.0,0.002111
frfcfs_scheduler_i/n989,frfcfs_scheduler_i/U1438/Y,NAND2X1,OAI21X1/C,1,0.00200991,0.00200991,0.0019239,0.0019239,0.00200991,0.0,0.00200991,0.0,0.00201
frfcfs_scheduler_i/n99,frfcfs_scheduler_i/U343/Y,NAND3X1,NOR3X1/B,1,0.003067,0.00306333,0.003067,0.00306333,0.003067,0.0,0.003067,0.0,0.003067
frfcfs_scheduler_i/n990,frfcfs_scheduler_i/U1420/Y,NAND2X1,OAI21X1/A,1,0.00274222,0.00274222,0.00257258,0.00257258,0.00274222,0.0,0.00274222,0.0,0.002742
frfcfs_scheduler_i/n991,frfcfs_scheduler_i/U420/Y,NAND2X1,OAI21X1/B,1,0.00283226,0.00283226,0.00263248,0.00263248,0.00283226,0.0,0.00283226,0.0,0.002832
frfcfs_scheduler_i/n992,frfcfs_scheduler_i/U1443/Y,AOI21X1,AND2X2/B,1,0.00186944,0.00186944,0.00182011,0.00182011,0.00186944,0.0,0.00186944,0.0,0.001869
frfcfs_scheduler_i/n993,frfcfs_scheduler_i/U1442/Y,AOI22X1,AND2X2/A,1,0.00179784,0.00179784,0.00176278,0.00176278,0.00179784,0.0,0.00179784,0.0,0.001798
frfcfs_scheduler_i/n995,frfcfs_scheduler_i/U1441/Y,AOI22X1,NAND3X1/B,1,0.00283213,0.00283213,0.00259978,0.00259978,0.00283213,0.0,0.00283213,0.0,0.002832
frfcfs_scheduler_i/n996,frfcfs_scheduler_i/U1440/Y,AOI22X1,NAND3X1/A,1,0.00254759,0.00254759,0.00220852,0.00220852,0.00254759,0.0,0.00254759,0.0,0.002548
frfcfs_scheduler_i/n999,frfcfs_scheduler_i/U1450/Y,AOI22X1,AND2X2/B,1,0.00186944,0.00186944,0.00182011,0.00182011,0.00186944,0.0,0.00186944,0.0,0.001869
frfcfs_scheduler_i/oldest_slot_1_,frfcfs_scheduler_i/U1233/Y,NAND3X1,INVX1/A,1,0.00155103,0.00155103,0.00147616,0.00147616,0.00155103,0.0,0.00155103,0.0,0.001551
n1032,U1782/Y,NOR2X1,AND2X2/B,1,0.00186944,0.00186944,0.00182011,0.00182011,0.00186944,0.0,0.00186944,0.0,0.001869
n1039,U1788/Y,NAND3X1,NOR2X1/B,1,0.00236501,0.00236501,0.00229711,0.00229711,0.00236501,0.0,0.00236501,0.0,0.002365
n1095,U1904/Y,NOR2X1,AND2X2/B,1,0.00186944,0.00186944,0.00182011,0.00182011,0.00186944,0.0,0.00186944,0.0,0.001869
n1142,U1978/Y,NAND2X1,NOR2X1/B,1,0.00236501,0.00236501,0.00229711,0.00229711,0.00236501,0.0,0.00236501,0.0,0.002365
n1144,U1981/Y,NOR2X1,NAND3X1/C,1,0.00296109,0.00296109,0.0028316,0.0028316,0.00296109,0.0,0.00296109,0.0,0.002961
n1149,U1993/Y,NOR2X1,BUFX2/A;NAND3X1/A,2,0.00408655,0.00408655,0.00371267,0.00371267,0.00408655,0.0,0.00408655,0.0,0.004087
n1152,U1994/Y,NAND2X1,NAND2X1/A,1,0.00211057,0.00211057,0.00188435,0.00188435,0.00211057,0.0,0.00211057,0.0,0.002111
n1153,U1995/Y,NAND2X1,NAND2X1/B,1,0.00202749,0.00202749,0.00194421,0.00194421,0.00202749,0.0,0.00202749,0.0,0.002027
n1154,U1999/Y,NOR2X1,BUFX2/A,1,0.00153896,0.00153896,0.00150415,0.00150415,0.00153896,0.0,0.00153896,0.0,0.001539
n1156,U2006/Y,NAND2X1,NOR2X1/B,1,0.00236501,0.00236501,0.00229711,0.00229711,0.00236501,0.0,0.00236501,0.0,0.002365
n1157,U2008/Y,NAND2X1,NOR3X1/B,1,0.003067,0.00306333,0.003067,0.00306333,0.003067,0.0,0.003067,0.0,0.003067
n1164,U2018/Y,NOR2X1,AND2X2/B,1,0.00186944,0.00186944,0.00182011,0.00182011,0.00186944,0.0,0.00186944,0.0,0.001869
n1165,U2019/Y,NAND2X1,NOR3X1/A,1,0.00302113,0.00302113,0.00301081,0.00301081,0.00302113,0.0,0.00302113,0.0,0.003021
n1172,U2026/Y,NAND2X1,NAND2X1/B,1,0.00202749,0.00202749,0.00194421,0.00194421,0.00202749,0.0,0.00202749,0.0,0.002027
n1173,U2027/Y,NAND2X1,NAND2X1/A,1,0.00211057,0.00211057,0.00188435,0.00188435,0.00211057,0.0,0.00211057,0.0,0.002111
n1176,U2037/Y,NAND3X1,NOR2X1/B,1,0.00236501,0.00236501,0.00229711,0.00229711,0.00236501,0.0,0.00236501,0.0,0.002365
n1177,U2039/Y,NAND3X1,NOR2X1/B,1,0.00236501,0.00236501,0.00229711,0.00229711,0.00236501,0.0,0.00236501,0.0,0.002365
n1182,U2044/Y,NAND2X1,NAND2X1/B,1,0.00202749,0.00202749,0.00194421,0.00194421,0.00202749,0.0,0.00202749,0.0,0.002027
n1183,U2045/Y,NAND2X1,NAND2X1/A,1,0.00211057,0.00211057,0.00188435,0.00188435,0.00211057,0.0,0.00211057,0.0,0.002111
n1185,U2047/Y,NAND2X1,NAND2X1/A,1,0.00211057,0.00211057,0.00188435,0.00188435,0.00211057,0.0,0.00211057,0.0,0.002111
n1186,U2048/Y,NAND2X1,NAND2X1/B,1,0.00202749,0.00202749,0.00194421,0.00194421,0.00202749,0.0,0.00202749,0.0,0.002027
n1194,U2060/Y,NOR2X1,INVX1/A,1,0.00155103,0.00155103,0.00147616,0.00147616,0.00155103,0.0,0.00155103,0.0,0.001551
n1196,U2061/Y,NOR2X1,AND2X2/A,1,0.00179784,0.00179784,0.00176278,0.00176278,0.00179784,0.0,0.00179784,0.0,0.001798
n1203,U2073/Y,NAND2X1,NOR3X1/C,1,0.00328822,0.00328822,0.00322576,0.00322576,0.00328822,0.0,0.00328822,0.0,0.003288
n1206,U2080/Y,NAND2X1,NOR3X1/B,1,0.003067,0.00306333,0.003067,0.00306333,0.003067,0.0,0.003067,0.0,0.003067
n1211,U2092/Y,NAND2X1,NOR3X1/B,1,0.003067,0.00306333,0.003067,0.00306333,0.003067,0.0,0.003067,0.0,0.003067
n1218,U2105/Y,NAND2X1,NAND2X1/A,1,0.00211057,0.00211057,0.00188435,0.00188435,0.00211057,0.0,0.00211057,0.0,0.002111
n1219,U2106/Y,NAND2X1,NAND2X1/B,1,0.00202749,0.00202749,0.00194421,0.00194421,0.00202749,0.0,0.00202749,0.0,0.002027
n1222,U2118/Y,NOR2X1,NAND3X1/A,1,0.00254759,0.00254759,0.00220852,0.00220852,0.00254759,0.0,0.00254759,0.0,0.002548
n1224,U2122/Y,NOR2X1,NAND2X1/A,1,0.00211057,0.00211057,0.00188435,0.00188435,0.00211057,0.0,0.00211057,0.0,0.002111
n1228,U2127/Y,NAND2X1,NAND2X1/A,1,0.00211057,0.00211057,0.00188435,0.00188435,0.00211057,0.0,0.00211057,0.0,0.002111
n1229,U2128/Y,NAND2X1,NAND2X1/B,1,0.00202749,0.00202749,0.00194421,0.00194421,0.00202749,0.0,0.00202749,0.0,0.002027
n1231,U2135/Y,NOR2X1,NAND3X1/A,1,0.00254759,0.00254759,0.00220852,0.00220852,0.00254759,0.0,0.00254759,0.0,0.002548
n1233,U2140/Y,NOR2X1,INVX1/A,1,0.00155103,0.00155103,0.00147616,0.00147616,0.00155103,0.0,0.00155103,0.0,0.001551
n1236,U2146/Y,NOR2X1,NAND3X1/A,1,0.00254759,0.00254759,0.00220852,0.00220852,0.00254759,0.0,0.00254759,0.0,0.002548
n1240,U2153/Y,NOR2X1,NAND2X1/B,1,0.00202749,0.00202749,0.00194421,0.00194421,0.00202749,0.0,0.00202749,0.0,0.002027
n1245,U2161/Y,NAND2X1,NAND2X1/A,1,0.00211057,0.00211057,0.00188435,0.00188435,0.00211057,0.0,0.00211057,0.0,0.002111
n1246,U2162/Y,NAND2X1,NAND2X1/B,1,0.00202749,0.00202749,0.00194421,0.00194421,0.00202749,0.0,0.00202749,0.0,0.002027
n1249,U2171/Y,NAND3X1,OR2X2/B,1,0.00234214,0.00228252,0.00234214,0.00228252,0.00234214,0.0,0.00234214,0.0,0.002342
n1253,U2176/Y,NAND3X1,NOR2X1/A,1,0.00224248,0.00224248,0.00220861,0.00220861,0.00224248,0.0,0.00224248,0.0,0.002242
n1256,U2180/Y,NOR2X1,BUFX2/A,1,0.00153896,0.00153896,0.00150415,0.00150415,0.00153896,0.0,0.00153896,0.0,0.001539
n1260,U2183/Y,NOR2X1,NAND3X1/C,1,0.00296109,0.00296109,0.0028316,0.0028316,0.00296109,0.0,0.00296109,0.0,0.002961
n1261,U2184/Y,NAND2X1,NOR2X1/B,1,0.00236501,0.00236501,0.00229711,0.00229711,0.00236501,0.0,0.00236501,0.0,0.002365
n1265,U2189/Y,NAND2X1,NOR3X1/B,1,0.003067,0.00306333,0.003067,0.00306333,0.003067,0.0,0.003067,0.0,0.003067
n1266,U2190/Y,NAND3X1,NOR2X1/A,1,0.00224248,0.00224248,0.00220861,0.00220861,0.00224248,0.0,0.00224248,0.0,0.002242
n1268,U2192/Y,NOR2X1,NAND3X1/B,1,0.00283213,0.00283213,0.00259978,0.00259978,0.00283213,0.0,0.00283213,0.0,0.002832
n1271,U2201/Y,NAND3X1,NOR2X1/A,1,0.00224248,0.00224248,0.00220861,0.00220861,0.00224248,0.0,0.00224248,0.0,0.002242
n1273,U2206/Y,NOR2X1,NAND3X1/C,1,0.00296109,0.00296109,0.0028316,0.0028316,0.00296109,0.0,0.00296109,0.0,0.002961
n1280,U2219/Y,NOR2X1,NAND3X1/A,1,0.00254759,0.00254759,0.00220852,0.00220852,0.00254759,0.0,0.00254759,0.0,0.002548
n1285,U2224/Y,NOR2X1,NAND3X1/A,1,0.00254759,0.00254759,0.00220852,0.00220852,0.00254759,0.0,0.00254759,0.0,0.002548
n1288,U2228/Y,NAND2X1,NAND2X1/A,1,0.00211057,0.00211057,0.00188435,0.00188435,0.00211057,0.0,0.00211057,0.0,0.002111
n1289,U2229/Y,NAND2X1,NAND2X1/B,1,0.00202749,0.00202749,0.00194421,0.00194421,0.00202749,0.0,0.00202749,0.0,0.002027
n1300,U2246/Y,NAND3X1,NOR2X1/A,1,0.00224248,0.00224248,0.00220861,0.00220861,0.00224248,0.0,0.00224248,0.0,0.002242
n1302,U2256/Y,NAND3X1,NOR2X1/B,1,0.00236501,0.00236501,0.00229711,0.00229711,0.00236501,0.0,0.00236501,0.0,0.002365
n1306,U2261/Y,NAND2X1,NAND2X1/A,1,0.00211057,0.00211057,0.00188435,0.00188435,0.00211057,0.0,0.00211057,0.0,0.002111
n1308,U2264/Y,NAND2X1,NAND2X1/A,1,0.00211057,0.00211057,0.00188435,0.00188435,0.00211057,0.0,0.00211057,0.0,0.002111
n1309,U2265/Y,NAND2X1,NAND2X1/B,1,0.00202749,0.00202749,0.00194421,0.00194421,0.00202749,0.0,0.00202749,0.0,0.002027
n1311,U2271/Y,NOR2X1,NAND3X1/A,1,0.00254759,0.00254759,0.00220852,0.00220852,0.00254759,0.0,0.00254759,0.0,0.002548
n1312,U2273/Y,NAND2X1,NOR3X1/B,1,0.003067,0.00306333,0.003067,0.00306333,0.003067,0.0,0.003067,0.0,0.003067
n1317,U2278/Y,NAND3X1,NOR2X1/B,1,0.00236501,0.00236501,0.00229711,0.00229711,0.00236501,0.0,0.00236501,0.0,0.002365
n1319,U2281/Y,NAND2X1,NOR3X1/B,1,0.003067,0.00306333,0.003067,0.00306333,0.003067,0.0,0.003067,0.0,0.003067
n1320,U2282/Y,NOR2X1,INVX1/A;NAND3X1/C;NAND3X1/C,3,0.00747321,0.00747321,0.00713936,0.00713936,0.00747321,0.0,0.00747321,0.0,0.007473
n1322,U2285/Y,NAND3X1,NOR2X1/A,1,0.00224248,0.00224248,0.00220861,0.00220861,0.00224248,0.0,0.00224248,0.0,0.002242
n1327,U2291/Y,NOR2X1,NAND3X1/C,1,0.00296109,0.00296109,0.0028316,0.0028316,0.00296109,0.0,0.00296109,0.0,0.002961
n1329,U2292/Y,NAND2X1,NAND2X1/A,1,0.00211057,0.00211057,0.00188435,0.00188435,0.00211057,0.0,0.00211057,0.0,0.002111
n1330,U2293/Y,NAND2X1,NAND2X1/B,1,0.00202749,0.00202749,0.00194421,0.00194421,0.00202749,0.0,0.00202749,0.0,0.002027
n1334,U2300/Y,NOR2X1,NAND3X1/A,1,0.00254759,0.00254759,0.00220852,0.00220852,0.00254759,0.0,0.00254759,0.0,0.002548
n1349,U2335/Y,NAND3X1,OR2X2/A,1,0.00230117,0.00229176,0.00230117,0.00229176,0.00230117,0.0,0.00230117,0.0,0.002301
n1351,U2338/Y,NOR2X1,INVX1/A,1,0.00155103,0.00155103,0.00147616,0.00147616,0.00155103,0.0,0.00155103,0.0,0.001551
n1354,U2342/Y,NAND2X1,NOR3X1/B,1,0.003067,0.00306333,0.003067,0.00306333,0.003067,0.0,0.003067,0.0,0.003067
n1361,U2350/Y,NAND2X1,NOR3X1/C,1,0.00328822,0.00328822,0.00322576,0.00322576,0.00328822,0.0,0.00328822,0.0,0.003288
n1362,U2351/Y,NOR2X1,NAND2X1/A,1,0.00211057,0.00211057,0.00188435,0.00188435,0.00211057,0.0,0.00211057,0.0,0.002111
n1364,U2352/Y,NAND2X1,NAND2X1/A,1,0.00211057,0.00211057,0.00188435,0.00188435,0.00211057,0.0,0.00211057,0.0,0.002111
n1365,U2353/Y,NAND2X1,NAND2X1/B,1,0.00202749,0.00202749,0.00194421,0.00194421,0.00202749,0.0,0.00202749,0.0,0.002027
n1366,U2356/Y,NAND3X1,NOR2X1/A,1,0.00224248,0.00224248,0.00220861,0.00220861,0.00224248,0.0,0.00224248,0.0,0.002242
n1373,U2364/Y,NAND2X1,NAND2X1/A,1,0.00211057,0.00211057,0.00188435,0.00188435,0.00211057,0.0,0.00211057,0.0,0.002111
n1374,U2365/Y,NAND2X1,NAND2X1/B,1,0.00202749,0.00202749,0.00194421,0.00194421,0.00202749,0.0,0.00202749,0.0,0.002027
n1377,U2383/Y,NAND2X1,NAND2X1/A,1,0.00211057,0.00211057,0.00188435,0.00188435,0.00211057,0.0,0.00211057,0.0,0.002111
n1378,U2384/Y,NAND2X1,NAND2X1/B,1,0.00202749,0.00202749,0.00194421,0.00194421,0.00202749,0.0,0.00202749,0.0,0.002027
n1379,U2387/Y,NOR2X1,NAND3X1/A,1,0.00254759,0.00254759,0.00220852,0.00220852,0.00254759,0.0,0.00254759,0.0,0.002548
n1384,U2392/Y,NOR2X1,BUFX2/A;NAND2X1/B,2,0.0035664499999999997,0.0035664499999999997,0.00344836,0.00344836,0.00356645,0.0,0.00356645,0.0,0.003566
n1385,U2399/Y,NOR2X1,BUFX2/A;NAND3X1/C,2,0.00450005,0.00450005,0.00433575,0.00433575,0.00450005,0.0,0.00450005,0.0,0.0045
n1395,U2415/Y,NOR2X1,NAND3X1/A,1,0.00254759,0.00254759,0.00220852,0.00220852,0.00254759,0.0,0.00254759,0.0,0.002548
n1398,U2420/Y,NOR2X1,BUFX2/A;NAND3X1/A,2,0.00408655,0.00408655,0.00371267,0.00371267,0.00408655,0.0,0.00408655,0.0,0.004087
n1402,U2427/Y,NOR2X1,NAND2X1/B,1,0.00202749,0.00202749,0.00194421,0.00194421,0.00202749,0.0,0.00202749,0.0,0.002027
n1408,U2436/Y,NOR2X1,BUFX2/A;NAND2X1/B,2,0.0035664499999999997,0.0035664499999999997,0.00344836,0.00344836,0.00356645,0.0,0.00356645,0.0,0.003566
n1413,U2443/Y,NOR2X1,NAND3X1/A,1,0.00254759,0.00254759,0.00220852,0.00220852,0.00254759,0.0,0.00254759,0.0,0.002548
n1418,U2455/Y,NOR2X1,NAND3X1/B,1,0.00283213,0.00283213,0.00259978,0.00259978,0.00283213,0.0,0.00283213,0.0,0.002832
n1421,U2461/Y,NAND3X1,NOR2X1/A;NOR2X1/B,2,0.00460749,0.00460749,0.00450572,0.00450572,0.00460749,0.0,0.00460749,0.0,0.004607
n1422,U2464/Y,NOR2X1,BUFX2/A;NAND2X1/B,2,0.0035664499999999997,0.0035664499999999997,0.00344836,0.00344836,0.00356645,0.0,0.00356645,0.0,0.003566
n1429,U2477/Y,NOR2X1,AND2X2/B,1,0.00186944,0.00186944,0.00182011,0.00182011,0.00186944,0.0,0.00186944,0.0,0.001869
n1430,U2478/Y,NAND3X1,OR2X2/A,1,0.00230117,0.00229176,0.00230117,0.00229176,0.00230117,0.0,0.00230117,0.0,0.002301
n1437,U2490/Y,NAND2X1,NOR3X1/B,1,0.003067,0.00306333,0.003067,0.00306333,0.003067,0.0,0.003067,0.0,0.003067
n1444,U2501/Y,NOR2X1,BUFX2/A;NAND2X1/A,2,0.00364953,0.00364953,0.0033885,0.0033885,0.00364953,0.0,0.00364953,0.0,0.00365
n1445,U2507/Y,NOR2X1,AND2X2/A,1,0.00179784,0.00179784,0.00176278,0.00176278,0.00179784,0.0,0.00179784,0.0,0.001798
n1447,U2509/Y,NAND3X1,NOR2X1/B,1,0.00236501,0.00236501,0.00229711,0.00229711,0.00236501,0.0,0.00236501,0.0,0.002365
n1459,U2522/Y,NAND3X1,NOR2X1/B,1,0.00236501,0.00236501,0.00229711,0.00229711,0.00236501,0.0,0.00236501,0.0,0.002365
n1467,U2530/Y,NAND2X1,NOR3X1/B,1,0.003067,0.00306333,0.003067,0.00306333,0.003067,0.0,0.003067,0.0,0.003067
n1469,U2536/Y,NAND2X1,INVX1/A,1,0.00155103,0.00155103,0.00147616,0.00147616,0.00155103,0.0,0.00155103,0.0,0.001551
n1478,U2555/Y,NOR2X1,BUFX2/A;NAND3X1/C,2,0.00450005,0.00450005,0.00433575,0.00433575,0.00450005,0.0,0.00450005,0.0,0.0045
n1479,U2556/Y,NOR2X1,NAND3X1/A,1,0.00254759,0.00254759,0.00220852,0.00220852,0.00254759,0.0,0.00254759,0.0,0.002548
n1482,U2562/Y,NOR2X1,BUFX2/A;NAND3X1/C,2,0.00450005,0.00450005,0.00433575,0.00433575,0.00450005,0.0,0.00450005,0.0,0.0045
n1496,U2600/Y,NAND2X1,NAND2X1/A,1,0.00211057,0.00211057,0.00188435,0.00188435,0.00211057,0.0,0.00211057,0.0,0.002111
n1497,U2601/Y,NAND2X1,NAND2X1/B,1,0.00202749,0.00202749,0.00194421,0.00194421,0.00202749,0.0,0.00202749,0.0,0.002027
n1499,U2607/Y,NAND2X1,AND2X2/B,1,0.00186944,0.00186944,0.00182011,0.00182011,0.00186944,0.0,0.00186944,0.0,0.001869
n1500,U2608/Y,NAND2X1,AND2X2/A,1,0.00179784,0.00179784,0.00176278,0.00176278,0.00179784,0.0,0.00179784,0.0,0.001798
n1503,U2612/Y,NAND2X1,NOR3X1/A,1,0.00302113,0.00302113,0.00301081,0.00301081,0.00302113,0.0,0.00302113,0.0,0.003021
n1506,U2618/Y,NOR2X1,NAND3X1/B,1,0.00283213,0.00283213,0.00259978,0.00259978,0.00283213,0.0,0.00283213,0.0,0.002832
n1510,U2628/Y,NOR2X1,NAND2X1/B,1,0.00202749,0.00202749,0.00194421,0.00194421,0.00202749,0.0,0.00202749,0.0,0.002027
n1511,U2631/Y,NOR2X1,NAND3X1/A,1,0.00254759,0.00254759,0.00220852,0.00220852,0.00254759,0.0,0.00254759,0.0,0.002548
n1515,U2635/Y,NOR2X1,NAND3X1/C,1,0.00296109,0.00296109,0.0028316,0.0028316,0.00296109,0.0,0.00296109,0.0,0.002961
n1517,U2636/Y,NAND2X1,NOR3X1/B,1,0.003067,0.00306333,0.003067,0.00306333,0.003067,0.0,0.003067,0.0,0.003067
n1523,U2641/Y,NOR2X1,NAND3X1/A,1,0.00254759,0.00254759,0.00220852,0.00220852,0.00254759,0.0,0.00254759,0.0,0.002548
n1533,U2653/Y,NOR2X1,NAND3X1/A,1,0.00254759,0.00254759,0.00220852,0.00220852,0.00254759,0.0,0.00254759,0.0,0.002548
n1536,U2655/Y,NOR2X1,BUFX2/A;NAND3X1/C,2,0.00450005,0.00450005,0.00433575,0.00433575,0.00450005,0.0,0.00450005,0.0,0.0045
n1537,U2656/Y,NOR2X1,NAND2X1/B,1,0.00202749,0.00202749,0.00194421,0.00194421,0.00202749,0.0,0.00202749,0.0,0.002027
n1548,U2676/Y,NAND2X1,NOR3X1/B,1,0.003067,0.00306333,0.003067,0.00306333,0.003067,0.0,0.003067,0.0,0.003067
n1554,U2691/Y,NOR2X1,NAND3X1/C,1,0.00296109,0.00296109,0.0028316,0.0028316,0.00296109,0.0,0.00296109,0.0,0.002961
n1557,U2046/Y,NAND2X1,NOR3X1/A,1,0.00302113,0.00302113,0.00301081,0.00301081,0.00302113,0.0,0.00302113,0.0,0.003021
n1565,U2705/Y,NAND2X1,NOR3X1/A,1,0.00302113,0.00302113,0.00301081,0.00301081,0.00302113,0.0,0.00302113,0.0,0.003021
n1575,U2716/Y,NOR2X1,NAND3X1/A,1,0.00254759,0.00254759,0.00220852,0.00220852,0.00254759,0.0,0.00254759,0.0,0.002548
n1580,U2719/Y,NOR2X1,INVX1/A;NAND2X1/B,2,0.00357852,0.00357852,0.00342037,0.00342037,0.00357852,0.0,0.00357852,0.0,0.003579
n1582,U2723/Y,NOR2X1,NAND3X1/C,1,0.00296109,0.00296109,0.0028316,0.0028316,0.00296109,0.0,0.00296109,0.0,0.002961
n1583,U2724/Y,NOR2X1,NAND3X1/C,1,0.00296109,0.00296109,0.0028316,0.0028316,0.00296109,0.0,0.00296109,0.0,0.002961
n1588,U2727/Y,NOR2X1,NAND3X1/C,1,0.00296109,0.00296109,0.0028316,0.0028316,0.00296109,0.0,0.00296109,0.0,0.002961
n1589,U2728/Y,NOR2X1,BUFX2/A;NAND3X1/A,2,0.00408655,0.00408655,0.00371267,0.00371267,0.00408655,0.0,0.00408655,0.0,0.004087
n1590,U2730/Y,NAND2X1,NAND2X1/A,1,0.00211057,0.00211057,0.00188435,0.00188435,0.00211057,0.0,0.00211057,0.0,0.002111
n1591,U2731/Y,NAND2X1,NAND2X1/B,1,0.00202749,0.00202749,0.00194421,0.00194421,0.00202749,0.0,0.00202749,0.0,0.002027
n1595,U2739/Y,NAND2X1,NOR3X1/A,1,0.00302113,0.00302113,0.00301081,0.00301081,0.00302113,0.0,0.00302113,0.0,0.003021
n1599,U2743/Y,NAND2X1,NAND2X1/A,1,0.00211057,0.00211057,0.00188435,0.00188435,0.00211057,0.0,0.00211057,0.0,0.002111
n1600,U2744/Y,NAND2X1,NAND2X1/B,1,0.00202749,0.00202749,0.00194421,0.00194421,0.00202749,0.0,0.00202749,0.0,0.002027
n1601,U2746/Y,NAND2X1,NAND2X1/A,1,0.00211057,0.00211057,0.00188435,0.00188435,0.00211057,0.0,0.00211057,0.0,0.002111
n1602,U2747/Y,NAND2X1,NAND2X1/B,1,0.00202749,0.00202749,0.00194421,0.00194421,0.00202749,0.0,0.00202749,0.0,0.002027
n1603,U2749/Y,NAND3X1,NOR2X1/B,1,0.00236501,0.00236501,0.00229711,0.00229711,0.00236501,0.0,0.00236501,0.0,0.002365
n1604,U2751/Y,NOR2X1,BUFX2/A;NAND2X1/B,2,0.0035664499999999997,0.0035664499999999997,0.00344836,0.00344836,0.00356645,0.0,0.00356645,0.0,0.003566
n1608,U2753/Y,NAND2X1,NAND2X1/A,1,0.00211057,0.00211057,0.00188435,0.00188435,0.00211057,0.0,0.00211057,0.0,0.002111
n1609,U2754/Y,NAND2X1,NAND2X1/B,1,0.00202749,0.00202749,0.00194421,0.00194421,0.00202749,0.0,0.00202749,0.0,0.002027
n1610,U2759/Y,NOR2X1,NAND3X1/B,1,0.00283213,0.00283213,0.00259978,0.00259978,0.00283213,0.0,0.00283213,0.0,0.002832
n1611,U2760/Y,NOR2X1,NAND3X1/A;NAND3X1/A,2,0.00509518,0.00509518,0.00441704,0.00441704,0.00509518,0.0,0.00509518,0.0,0.005095
n1615,U2775/Y,NAND2X1,NOR3X1/C,1,0.00328822,0.00328822,0.00322576,0.00322576,0.00328822,0.0,0.00328822,0.0,0.003288
n1617,U2776/Y,NAND2X1,NAND2X1/A,1,0.00211057,0.00211057,0.00188435,0.00188435,0.00211057,0.0,0.00211057,0.0,0.002111
n1618,U2777/Y,NAND2X1,NAND2X1/B,1,0.00202749,0.00202749,0.00194421,0.00194421,0.00202749,0.0,0.00202749,0.0,0.002027
n1624,U2790/Y,NOR2X1,NAND3X1/C,1,0.00296109,0.00296109,0.0028316,0.0028316,0.00296109,0.0,0.00296109,0.0,0.002961
n1630,U2799/Y,NOR2X1,BUFX2/A,1,0.00153896,0.00153896,0.00150415,0.00150415,0.00153896,0.0,0.00153896,0.0,0.001539
n1636,U2805/Y,NOR2X1,BUFX2/A;NAND2X1/B,2,0.0035664499999999997,0.0035664499999999997,0.00344836,0.00344836,0.00356645,0.0,0.00356645,0.0,0.003566
n1646,U2818/Y,NAND2X1,AND2X2/B,1,0.00186944,0.00186944,0.00182011,0.00182011,0.00186944,0.0,0.00186944,0.0,0.001869
n1647,U2819/Y,NAND2X1,AND2X2/A,1,0.00179784,0.00179784,0.00176278,0.00176278,0.00179784,0.0,0.00179784,0.0,0.001798
n1653,U2828/Y,NOR2X1,NAND2X1/B,1,0.00202749,0.00202749,0.00194421,0.00194421,0.00202749,0.0,0.00202749,0.0,0.002027
n1659,U2840/Y,NOR2X1,NAND2X1/A,1,0.00211057,0.00211057,0.00188435,0.00188435,0.00211057,0.0,0.00211057,0.0,0.002111
n1664,U2848/Y,NOR2X1,INVX1/A,1,0.00155103,0.00155103,0.00147616,0.00147616,0.00155103,0.0,0.00155103,0.0,0.001551
n1671,U2861/Y,NAND3X1,NOR2X1/A,1,0.00224248,0.00224248,0.00220861,0.00220861,0.00224248,0.0,0.00224248,0.0,0.002242
n1678,U2867/Y,NOR2X1,BUFX2/A;NAND2X1/B,2,0.0035664499999999997,0.0035664499999999997,0.00344836,0.00344836,0.00356645,0.0,0.00356645,0.0,0.003566
n1679,U2868/Y,NAND2X1,NOR2X1/B;NOR2X1/B,2,0.00473002,0.00473002,0.00459422,0.00459422,0.00473002,0.0,0.00473002,0.0,0.00473
n1682,U2870/Y,NOR2X1,BUFX2/A;NAND3X1/A,2,0.00408655,0.00408655,0.00371267,0.00371267,0.00408655,0.0,0.00408655,0.0,0.004087
n1686,U2877/Y,NOR2X1,AND2X2/A;BUFX2/A,2,0.0033368,0.0033368,0.0032669300000000004,0.00326693,0.0033368,0.0,0.0033368,0.0,0.003337
n1690,U2880/Y,NAND2X1,NAND2X1/A,1,0.00211057,0.00211057,0.00188435,0.00188435,0.00211057,0.0,0.00211057,0.0,0.002111
n1691,U2881/Y,NAND2X1,NAND2X1/B,1,0.00202749,0.00202749,0.00194421,0.00194421,0.00202749,0.0,0.00202749,0.0,0.002027
n1692,U2885/Y,NAND2X1,NOR2X1/B,1,0.00236501,0.00236501,0.00229711,0.00229711,0.00236501,0.0,0.00236501,0.0,0.002365
n1695,U2888/Y,NAND2X1,NAND2X1/A,1,0.00211057,0.00211057,0.00188435,0.00188435,0.00211057,0.0,0.00211057,0.0,0.002111
n1696,U2889/Y,NAND2X1,NAND2X1/B,1,0.00202749,0.00202749,0.00194421,0.00194421,0.00202749,0.0,0.00202749,0.0,0.002027
n1698,U2895/Y,NAND2X1,NAND2X1/A,1,0.00211057,0.00211057,0.00188435,0.00188435,0.00211057,0.0,0.00211057,0.0,0.002111
n1699,U2896/Y,NAND2X1,NAND2X1/B,1,0.00202749,0.00202749,0.00194421,0.00194421,0.00202749,0.0,0.00202749,0.0,0.002027
n1700,U2901/Y,NOR2X1,INVX1/A,1,0.00155103,0.00155103,0.00147616,0.00147616,0.00155103,0.0,0.00155103,0.0,0.001551
n1701,U2904/Y,NOR2X1,NAND2X1/B,1,0.00202749,0.00202749,0.00194421,0.00194421,0.00202749,0.0,0.00202749,0.0,0.002027
n1702,U2905/Y,NOR2X1,BUFX2/A;NAND2X1/B,2,0.0035664499999999997,0.0035664499999999997,0.00344836,0.00344836,0.00356645,0.0,0.00356645,0.0,0.003566
n1709,U2920/Y,NOR2X1,BUFX2/A;NAND3X1/C,2,0.00450005,0.00450005,0.00433575,0.00433575,0.00450005,0.0,0.00450005,0.0,0.0045
n1711,U2924/Y,NAND2X1,NAND2X1/B,1,0.00202749,0.00202749,0.00194421,0.00194421,0.00202749,0.0,0.00202749,0.0,0.002027
n1712,U2926/Y,NAND2X1,NOR3X1/B,1,0.003067,0.00306333,0.003067,0.00306333,0.003067,0.0,0.003067,0.0,0.003067
n1714,U2927/Y,NAND2X1,NAND2X1/A,1,0.00211057,0.00211057,0.00188435,0.00188435,0.00211057,0.0,0.00211057,0.0,0.002111
n1715,U2928/Y,NAND2X1,NAND2X1/B,1,0.00202749,0.00202749,0.00194421,0.00194421,0.00202749,0.0,0.00202749,0.0,0.002027
n1716,U2933/Y,NOR2X1,BUFX2/A;BUFX2/A,2,0.00307792,0.00307792,0.0030083,0.0030083,0.00307792,0.0,0.00307792,0.0,0.003078
n1720,U2940/Y,NOR2X1,BUFX2/A;NAND3X1/A,2,0.00408655,0.00408655,0.00371267,0.00371267,0.00408655,0.0,0.00408655,0.0,0.004087
n1723,U2944/Y,NOR2X1,NAND3X1/A,1,0.00254759,0.00254759,0.00220852,0.00220852,0.00254759,0.0,0.00254759,0.0,0.002548
n1725,U2947/Y,NOR2X1,NAND2X1/B,1,0.00202749,0.00202749,0.00194421,0.00194421,0.00202749,0.0,0.00202749,0.0,0.002027
n1726,U2949/Y,NOR2X1,AND2X2/B,1,0.00186944,0.00186944,0.00182011,0.00182011,0.00186944,0.0,0.00186944,0.0,0.001869
n1727,U2950/Y,NAND2X1,NOR2X1/A,1,0.00224248,0.00224248,0.00220861,0.00220861,0.00224248,0.0,0.00224248,0.0,0.002242
n1728,U2951/Y,NOR2X1,NAND2X1/A,1,0.00211057,0.00211057,0.00188435,0.00188435,0.00211057,0.0,0.00211057,0.0,0.002111
n1730,U2953/Y,NAND2X1,NOR2X1/B,1,0.00236501,0.00236501,0.00229711,0.00229711,0.00236501,0.0,0.00236501,0.0,0.002365
n1731,U2955/Y,NOR2X1,AND2X2/A,1,0.00179784,0.00179784,0.00176278,0.00176278,0.00179784,0.0,0.00179784,0.0,0.001798
n1732,U2956/Y,NOR2X1,NAND2X1/B,1,0.00202749,0.00202749,0.00194421,0.00194421,0.00202749,0.0,0.00202749,0.0,0.002027
n1733,U2962/Y,NAND2X1,NOR3X1/C,1,0.00328822,0.00328822,0.00322576,0.00322576,0.00328822,0.0,0.00328822,0.0,0.003288
n1747,U2981/Y,NAND2X1,NAND2X1/A,1,0.00211057,0.00211057,0.00188435,0.00188435,0.00211057,0.0,0.00211057,0.0,0.002111
n1755,U2990/Y,NOR2X1,NAND3X1/A,1,0.00254759,0.00254759,0.00220852,0.00220852,0.00254759,0.0,0.00254759,0.0,0.002548
n1756,U2992/Y,NOR2X1,NAND3X1/C,1,0.00296109,0.00296109,0.0028316,0.0028316,0.00296109,0.0,0.00296109,0.0,0.002961
n1765,U2998/Y,NAND2X1,NAND2X1/A,1,0.00211057,0.00211057,0.00188435,0.00188435,0.00211057,0.0,0.00211057,0.0,0.002111
n1766,U2999/Y,NAND2X1,NAND2X1/B,1,0.00202749,0.00202749,0.00194421,0.00194421,0.00202749,0.0,0.00202749,0.0,0.002027
n1777,U3011/Y,NOR2X1,NAND3X1/B,1,0.00283213,0.00283213,0.00259978,0.00259978,0.00283213,0.0,0.00283213,0.0,0.002832
n1778,U3013/Y,NOR2X1,NAND3X1/A,1,0.00254759,0.00254759,0.00220852,0.00220852,0.00254759,0.0,0.00254759,0.0,0.002548
n1784,U3017/Y,NOR2X1,BUFX2/A;NAND2X1/B,2,0.0035664499999999997,0.0035664499999999997,0.00344836,0.00344836,0.00356645,0.0,0.00356645,0.0,0.003566
n1786,U3021/Y,NOR2X1,AND2X2/B,1,0.00186944,0.00186944,0.00182011,0.00182011,0.00186944,0.0,0.00186944,0.0,0.001869
n1791,U3027/Y,NAND3X1,OR2X2/A,1,0.00230117,0.00229176,0.00230117,0.00229176,0.00230117,0.0,0.00230117,0.0,0.002301
n1793,U3031/Y,NOR2X1,NAND3X1/C,1,0.00296109,0.00296109,0.0028316,0.0028316,0.00296109,0.0,0.00296109,0.0,0.002961
n1801,U3037/Y,NOR2X1,NAND3X1/A,1,0.00254759,0.00254759,0.00220852,0.00220852,0.00254759,0.0,0.00254759,0.0,0.002548
n1815,U3055/Y,NAND2X1,NOR3X1/A,1,0.00302113,0.00302113,0.00301081,0.00301081,0.00302113,0.0,0.00302113,0.0,0.003021
n1820,U3060/Y,NAND2X1,NOR3X1/A,1,0.00302113,0.00302113,0.00301081,0.00301081,0.00302113,0.0,0.00302113,0.0,0.003021
n1821,U3062/Y,NAND2X1,NOR3X1/B,1,0.003067,0.00306333,0.003067,0.00306333,0.003067,0.0,0.003067,0.0,0.003067
n1822,U3063/Y,NOR2X1,NAND3X1/A,1,0.00254759,0.00254759,0.00220852,0.00220852,0.00254759,0.0,0.00254759,0.0,0.002548
n1827,U3072/Y,NOR2X1,NAND3X1/C,1,0.00296109,0.00296109,0.0028316,0.0028316,0.00296109,0.0,0.00296109,0.0,0.002961
n1831,U3080/Y,NAND3X1,NOR2X1/A,1,0.00224248,0.00224248,0.00220861,0.00220861,0.00224248,0.0,0.00224248,0.0,0.002242
n1835,U3084/Y,NOR2X1,NAND3X1/B,1,0.00283213,0.00283213,0.00259978,0.00259978,0.00283213,0.0,0.00283213,0.0,0.002832
n1840,U3096/Y,NOR2X1,NAND3X1/C,1,0.00296109,0.00296109,0.0028316,0.0028316,0.00296109,0.0,0.00296109,0.0,0.002961
n1843,U3097/Y,NAND3X1,NOR3X1/B,1,0.003067,0.00306333,0.003067,0.00306333,0.003067,0.0,0.003067,0.0,0.003067
n1844,U3098/Y,NOR2X1,NAND3X1/C,1,0.00296109,0.00296109,0.0028316,0.0028316,0.00296109,0.0,0.00296109,0.0,0.002961
n1847,U3102/Y,NAND2X1,NAND2X1/A,1,0.00211057,0.00211057,0.00188435,0.00188435,0.00211057,0.0,0.00211057,0.0,0.002111
n1848,U3103/Y,NAND2X1,NAND2X1/B,1,0.00202749,0.00202749,0.00194421,0.00194421,0.00202749,0.0,0.00202749,0.0,0.002027
n1858,U3120/Y,NAND2X1,NOR3X1/B,1,0.003067,0.00306333,0.003067,0.00306333,0.003067,0.0,0.003067,0.0,0.003067
n1863,U3127/Y,NOR2X1,NAND3X1/B,1,0.00283213,0.00283213,0.00259978,0.00259978,0.00283213,0.0,0.00283213,0.0,0.002832
n1866,U3130/Y,NOR2X1,NAND3X1/B,1,0.00283213,0.00283213,0.00259978,0.00259978,0.00283213,0.0,0.00283213,0.0,0.002832
n1868,U3132/Y,NOR2X1,NAND3X1/B,1,0.00283213,0.00283213,0.00259978,0.00259978,0.00283213,0.0,0.00283213,0.0,0.002832
n1870,U3138/Y,NAND3X1,OR2X2/A,1,0.00230117,0.00229176,0.00230117,0.00229176,0.00230117,0.0,0.00230117,0.0,0.002301
n1894,U3169/Y,NOR2X1,INVX1/A,1,0.00155103,0.00155103,0.00147616,0.00147616,0.00155103,0.0,0.00155103,0.0,0.001551
n1895,U2550/Y,NOR2X1,NAND3X1/B,1,0.00283213,0.00283213,0.00259978,0.00259978,0.00283213,0.0,0.00283213,0.0,0.002832
n1898,U3174/Y,NOR2X1,NAND3X1/A,1,0.00254759,0.00254759,0.00220852,0.00220852,0.00254759,0.0,0.00254759,0.0,0.002548
n1901,U3178/Y,NAND2X1,NAND2X1/A,1,0.00211057,0.00211057,0.00188435,0.00188435,0.00211057,0.0,0.00211057,0.0,0.002111
n1902,U3179/Y,NAND2X1,NAND2X1/B,1,0.00202749,0.00202749,0.00194421,0.00194421,0.00202749,0.0,0.00202749,0.0,0.002027
n1903,U3183/Y,NOR2X1,NAND2X1/A,1,0.00211057,0.00211057,0.00188435,0.00188435,0.00211057,0.0,0.00211057,0.0,0.002111
n1910,U3196/Y,NAND2X1,NOR2X1/B,1,0.00236501,0.00236501,0.00229711,0.00229711,0.00236501,0.0,0.00236501,0.0,0.002365
n1916,U3206/Y,NOR2X1,NAND3X1/A,1,0.00254759,0.00254759,0.00220852,0.00220852,0.00254759,0.0,0.00254759,0.0,0.002548
n1917,U3207/Y,NOR2X1,BUFX2/A;NAND2X1/B;NAND2X1/B,3,0.0055939399999999995,0.0055939399999999995,0.00539257,0.00539257,0.00559394,0.0,0.00559394,0.0,0.005594
n1918,U3208/Y,NOR2X1,BUFX2/A;NAND3X1/C,2,0.00450005,0.00450005,0.00433575,0.00433575,0.00450005,0.0,0.00450005,0.0,0.0045
n1919,U3209/Y,NAND2X1,INVX1/A,1,0.00155103,0.00155103,0.00147616,0.00147616,0.00155103,0.0,0.00155103,0.0,0.001551
n1921,U3211/Y,NAND3X1,NOR2X1/B,1,0.00236501,0.00236501,0.00229711,0.00229711,0.00236501,0.0,0.00236501,0.0,0.002365
n1925,U3214/Y,NOR2X1,NAND3X1/A,1,0.00254759,0.00254759,0.00220852,0.00220852,0.00254759,0.0,0.00254759,0.0,0.002548
n1928,U3218/Y,NOR2X1,BUFX2/A;NAND3X1/A,2,0.00408655,0.00408655,0.00371267,0.00371267,0.00408655,0.0,0.00408655,0.0,0.004087
n1930,U3221/Y,NOR2X1,NAND3X1/A,1,0.00254759,0.00254759,0.00220852,0.00220852,0.00254759,0.0,0.00254759,0.0,0.002548
n1938,U3231/Y,NAND2X1,AND2X2/A,1,0.00179784,0.00179784,0.00176278,0.00176278,0.00179784,0.0,0.00179784,0.0,0.001798
n1939,U3232/Y,NAND2X1,AND2X2/B,1,0.00186944,0.00186944,0.00182011,0.00182011,0.00186944,0.0,0.00186944,0.0,0.001869
n1942,U3237/Y,NOR2X1,NAND3X1/A,1,0.00254759,0.00254759,0.00220852,0.00220852,0.00254759,0.0,0.00254759,0.0,0.002548
n1943,U3238/Y,NOR2X1,BUFX2/A;NAND3X1/C,2,0.00450005,0.00450005,0.00433575,0.00433575,0.00450005,0.0,0.00450005,0.0,0.0045
n1949,U3243/Y,NOR2X1,INVX1/A,1,0.00155103,0.00155103,0.00147616,0.00147616,0.00155103,0.0,0.00155103,0.0,0.001551
n1954,U2903/Y,NOR2X1,NAND3X1/C,1,0.00296109,0.00296109,0.0028316,0.0028316,0.00296109,0.0,0.00296109,0.0,0.002961
n1955,U3252/Y,NOR2X1,NAND3X1/B,1,0.00283213,0.00283213,0.00259978,0.00259978,0.00283213,0.0,0.00283213,0.0,0.002832
n1977,U3276/Y,NAND3X1,NOR2X1/B,1,0.00236501,0.00236501,0.00229711,0.00229711,0.00236501,0.0,0.00236501,0.0,0.002365
n1982,U3281/Y,NOR2X1,NAND2X1/B,1,0.00202749,0.00202749,0.00194421,0.00194421,0.00202749,0.0,0.00202749,0.0,0.002027
n1989,U3293/Y,NOR2X1,NAND3X1/C,1,0.00296109,0.00296109,0.0028316,0.0028316,0.00296109,0.0,0.00296109,0.0,0.002961
n1995,U2755/Y,NAND2X1,NOR3X1/C,1,0.00328822,0.00328822,0.00322576,0.00322576,0.00328822,0.0,0.00328822,0.0,0.003288
n2000,U3303/Y,NAND2X1,NAND2X1/A,1,0.00211057,0.00211057,0.00188435,0.00188435,0.00211057,0.0,0.00211057,0.0,0.002111
n2001,U3304/Y,NAND2X1,NAND2X1/B,1,0.00202749,0.00202749,0.00194421,0.00194421,0.00202749,0.0,0.00202749,0.0,0.002027
n2007,U3316/Y,NOR2X1,BUFX2/A;NAND3X1/A,2,0.00408655,0.00408655,0.00371267,0.00371267,0.00408655,0.0,0.00408655,0.0,0.004087
n2010,U3319/Y,NOR2X1,NAND3X1/A,1,0.00254759,0.00254759,0.00220852,0.00220852,0.00254759,0.0,0.00254759,0.0,0.002548
n2012,U3321/Y,NOR2X1,NAND3X1/C,1,0.00296109,0.00296109,0.0028316,0.0028316,0.00296109,0.0,0.00296109,0.0,0.002961
n2017,U3329/Y,NOR2X1,BUFX2/A;NAND3X1/C,2,0.00450005,0.00450005,0.00433575,0.00433575,0.00450005,0.0,0.00450005,0.0,0.0045
n2018,U3330/Y,NOR2X1,INVX1/A,1,0.00155103,0.00155103,0.00147616,0.00147616,0.00155103,0.0,0.00155103,0.0,0.001551
n2061,U3376/Y,NOR2X1,NAND3X1/C,1,0.00296109,0.00296109,0.0028316,0.0028316,0.00296109,0.0,0.00296109,0.0,0.002961
n2062,U3377/Y,NOR2X1,NAND3X1/A,1,0.00254759,0.00254759,0.00220852,0.00220852,0.00254759,0.0,0.00254759,0.0,0.002548
n2065,U3380/Y,NOR2X1,NAND3X1/B,1,0.00283213,0.00283213,0.00259978,0.00259978,0.00283213,0.0,0.00283213,0.0,0.002832
n2066,U3382/Y,NAND2X1,NAND2X1/A,1,0.00211057,0.00211057,0.00188435,0.00188435,0.00211057,0.0,0.00211057,0.0,0.002111
n2067,U3383/Y,NAND2X1,NAND2X1/B,1,0.00202749,0.00202749,0.00194421,0.00194421,0.00202749,0.0,0.00202749,0.0,0.002027
n2070,U3386/Y,NOR2X1,NAND2X1/B;NAND3X1/C,2,0.004988579999999999,0.004988579999999999,0.00477581,0.00477581,0.00498858,0.0,0.00498858,0.0,0.004989
n2071,U3387/Y,NOR2X1,BUFX2/A;NAND2X1/B,2,0.0035664499999999997,0.0035664499999999997,0.00344836,0.00344836,0.00356645,0.0,0.00356645,0.0,0.003566
n2077,U3393/Y,NOR2X1,INVX1/A,1,0.00155103,0.00155103,0.00147616,0.00147616,0.00155103,0.0,0.00155103,0.0,0.001551
n2081,U3400/Y,NAND2X1,INVX1/A,1,0.00155103,0.00155103,0.00147616,0.00147616,0.00155103,0.0,0.00155103,0.0,0.001551
n2085,U3404/Y,NAND2X1,NAND2X1/A,1,0.00211057,0.00211057,0.00188435,0.00188435,0.00211057,0.0,0.00211057,0.0,0.002111
n2086,U3405/Y,NAND2X1,NAND2X1/B,1,0.00202749,0.00202749,0.00194421,0.00194421,0.00202749,0.0,0.00202749,0.0,0.002027
n2087,U3409/Y,NOR2X1,NAND3X1/C,1,0.00296109,0.00296109,0.0028316,0.0028316,0.00296109,0.0,0.00296109,0.0,0.002961
n2092,U3416/Y,NOR2X1,BUFX2/A;NAND3X1/C,2,0.00450005,0.00450005,0.00433575,0.00433575,0.00450005,0.0,0.00450005,0.0,0.0045
n2093,U3419/Y,NOR2X1,NAND3X1/A,1,0.00254759,0.00254759,0.00220852,0.00220852,0.00254759,0.0,0.00254759,0.0,0.002548
n2094,U3420/Y,NOR2X1,NAND3X1/C,1,0.00296109,0.00296109,0.0028316,0.0028316,0.00296109,0.0,0.00296109,0.0,0.002961
n2095,U3421/Y,NAND2X1,INVX1/A,1,0.00155103,0.00155103,0.00147616,0.00147616,0.00155103,0.0,0.00155103,0.0,0.001551
n2099,U3426/Y,NOR2X1,AND2X2/A;INVX1/A,2,0.00334887,0.00334887,0.00323894,0.00323894,0.00334887,0.0,0.00334887,0.0,0.003349
n2101,U3430/Y,NOR2X1,INVX1/A;NAND2X1/B,2,0.00357852,0.00357852,0.00342037,0.00342037,0.00357852,0.0,0.00357852,0.0,0.003579
n2106,U3434/Y,NAND2X1,NAND2X1/A,1,0.00211057,0.00211057,0.00188435,0.00188435,0.00211057,0.0,0.00211057,0.0,0.002111
n2107,U3435/Y,NAND2X1,NAND2X1/B,1,0.00202749,0.00202749,0.00194421,0.00194421,0.00202749,0.0,0.00202749,0.0,0.002027
n2110,U3443/Y,NAND2X1,INVX1/A;NOR2X1/A,2,0.00379351,0.00379351,0.0036847700000000004,0.00368477,0.00379351,0.0,0.00379351,0.0,0.003794
n2131,U3467/Y,NOR2X1,NAND3X1/B,1,0.00283213,0.00283213,0.00259978,0.00259978,0.00283213,0.0,0.00283213,0.0,0.002832
n2132,U3470/Y,NOR2X1,NAND2X1/B,1,0.00202749,0.00202749,0.00194421,0.00194421,0.00202749,0.0,0.00202749,0.0,0.002027
n2133,U3471/Y,NAND2X1,NAND2X1/B,1,0.00202749,0.00202749,0.00194421,0.00194421,0.00202749,0.0,0.00202749,0.0,0.002027
n2134,U3472/Y,NAND2X1,NAND2X1/A,1,0.00211057,0.00211057,0.00188435,0.00188435,0.00211057,0.0,0.00211057,0.0,0.002111
n2137,U3476/Y,NOR2X1,NAND3X1/C,1,0.00296109,0.00296109,0.0028316,0.0028316,0.00296109,0.0,0.00296109,0.0,0.002961
n2145,U3483/Y,NOR2X1,BUFX2/A;INVX1/A,2,0.00308999,0.00308999,0.00298031,0.00298031,0.00308999,0.0,0.00308999,0.0,0.00309
n2146,U3484/Y,NOR2X1,NAND3X1/B,1,0.00283213,0.00283213,0.00259978,0.00259978,0.00283213,0.0,0.00283213,0.0,0.002832
n2148,U3488/Y,NOR2X1,BUFX2/A;NAND2X1/B,2,0.0035664499999999997,0.0035664499999999997,0.00344836,0.00344836,0.00356645,0.0,0.00356645,0.0,0.003566
n2151,U3490/Y,NOR2X1,NAND2X1/B;NAND3X1/A,2,0.0045750800000000005,0.0045750800000000005,0.00415273,0.00415273,0.00457508,0.0,0.00457508,0.0,0.004575
n2155,U3493/Y,NAND2X1,INVX1/A,1,0.00155103,0.00155103,0.00147616,0.00147616,0.00155103,0.0,0.00155103,0.0,0.001551
n2167,U3513/Y,NAND2X1,NAND2X1/A,1,0.00211057,0.00211057,0.00188435,0.00188435,0.00211057,0.0,0.00211057,0.0,0.002111
n2168,U3514/Y,NAND2X1,NAND2X1/B,1,0.00202749,0.00202749,0.00194421,0.00194421,0.00202749,0.0,0.00202749,0.0,0.002027
n2178,U3536/Y,NOR2X1,NAND3X1/C,1,0.00296109,0.00296109,0.0028316,0.0028316,0.00296109,0.0,0.00296109,0.0,0.002961
n2179,U3538/Y,NOR2X1,NAND3X1/A,1,0.00254759,0.00254759,0.00220852,0.00220852,0.00254759,0.0,0.00254759,0.0,0.002548
n2181,U3541/Y,NOR2X1,NAND3X1/C,1,0.00296109,0.00296109,0.0028316,0.0028316,0.00296109,0.0,0.00296109,0.0,0.002961
n2191,U3551/Y,NOR2X1,NAND3X1/A,1,0.00254759,0.00254759,0.00220852,0.00220852,0.00254759,0.0,0.00254759,0.0,0.002548
n2194,U3556/Y,NOR2X1,BUFX2/A;NAND2X1/A,2,0.00364953,0.00364953,0.0033885,0.0033885,0.00364953,0.0,0.00364953,0.0,0.00365
n2201,U3564/Y,NOR2X1,BUFX2/A;NAND3X1/C,2,0.00450005,0.00450005,0.00433575,0.00433575,0.00450005,0.0,0.00450005,0.0,0.0045
n2218,U3588/Y,NOR2X1,BUFX2/A;NAND3X1/A,2,0.00408655,0.00408655,0.00371267,0.00371267,0.00408655,0.0,0.00408655,0.0,0.004087
n2219,U3589/Y,NOR2X1,BUFX2/A;NAND3X1/A,2,0.00408655,0.00408655,0.00371267,0.00371267,0.00408655,0.0,0.00408655,0.0,0.004087
n2227,U3597/Y,NOR2X1,INVX1/A;NAND3X1/A,2,0.00409862,0.00409862,0.00368468,0.00368468,0.00409862,0.0,0.00409862,0.0,0.004099
n2232,U3599/Y,NAND2X1,NAND2X1/A,1,0.00211057,0.00211057,0.00188435,0.00188435,0.00211057,0.0,0.00211057,0.0,0.002111
n2233,U3600/Y,NAND2X1,NAND2X1/B,1,0.00202749,0.00202749,0.00194421,0.00194421,0.00202749,0.0,0.00202749,0.0,0.002027
n2244,U3615/Y,NOR2X1,NAND3X1/A,1,0.00254759,0.00254759,0.00220852,0.00220852,0.00254759,0.0,0.00254759,0.0,0.002548
n2249,U3625/Y,NOR2X1,BUFX2/A;NAND3X1/A,2,0.00408655,0.00408655,0.00371267,0.00371267,0.00408655,0.0,0.00408655,0.0,0.004087
n2250,U3630/Y,NAND3X1,INVX1/A,1,0.00155103,0.00155103,0.00147616,0.00147616,0.00155103,0.0,0.00155103,0.0,0.001551
n2253,U3634/Y,NAND3X1,INVX1/A,1,0.00155103,0.00155103,0.00147616,0.00147616,0.00155103,0.0,0.00155103,0.0,0.001551
n2257,U3136/Y,NOR2X1,NAND2X1/B,1,0.00202749,0.00202749,0.00194421,0.00194421,0.00202749,0.0,0.00202749,0.0,0.002027
n2261,U3646/Y,NAND2X1,NOR3X1/C,1,0.00328822,0.00328822,0.00322576,0.00322576,0.00328822,0.0,0.00328822,0.0,0.003288
n2262,U2505/Y,NOR2X1,NOR2X1/A,1,0.00224248,0.00224248,0.00220861,0.00220861,0.00224248,0.0,0.00224248,0.0,0.002242
n2266,U3655/Y,NAND2X1,AND2X2/A,1,0.00179784,0.00179784,0.00176278,0.00176278,0.00179784,0.0,0.00179784,0.0,0.001798
n2267,U3656/Y,NAND2X1,AND2X2/B,1,0.00186944,0.00186944,0.00182011,0.00182011,0.00186944,0.0,0.00186944,0.0,0.001869
n2270,U3662/Y,NAND2X1,AND2X2/B,1,0.00186944,0.00186944,0.00182011,0.00182011,0.00186944,0.0,0.00186944,0.0,0.001869
n2272,U2931/Y,NOR2X1,NOR2X1/B,1,0.00236501,0.00236501,0.00229711,0.00229711,0.00236501,0.0,0.00236501,0.0,0.002365
n2273,U2597/Y,NOR2X1,NOR2X1/A,1,0.00224248,0.00224248,0.00220861,0.00220861,0.00224248,0.0,0.00224248,0.0,0.002242
n2275,U3666/Y,NAND2X1,NAND2X1/B,1,0.00202749,0.00202749,0.00194421,0.00194421,0.00202749,0.0,0.00202749,0.0,0.002027
n2276,U3667/Y,NAND2X1,NAND2X1/A,1,0.00211057,0.00211057,0.00188435,0.00188435,0.00211057,0.0,0.00211057,0.0,0.002111
n2277,U3671/Y,NAND2X1,AND2X2/A,1,0.00179784,0.00179784,0.00176278,0.00176278,0.00179784,0.0,0.00179784,0.0,0.001798
n2278,U3672/Y,NAND2X1,AND2X2/B,1,0.00186944,0.00186944,0.00182011,0.00182011,0.00186944,0.0,0.00186944,0.0,0.001869
n2504,U3444/Y,NAND2X1,NOR2X1/A,1,0.00224248,0.00224248,0.00220861,0.00220861,0.00224248,0.0,0.00224248,0.0,0.002242
n2616,U3408/Y,NAND2X1,NOR2X1/A,1,0.00224248,0.00224248,0.00220861,0.00220861,0.00224248,0.0,0.00224248,0.0,0.002242
n2872,U2623/Y,NAND2X1,NOR2X1/B,1,0.00236501,0.00236501,0.00229711,0.00229711,0.00236501,0.0,0.00236501,0.0,0.002365
n3413,U2235/Y,NAND2X1,NOR3X1/C,1,0.00328822,0.00328822,0.00322576,0.00322576,0.00328822,0.0,0.00328822,0.0,0.003288
n3421,U4447/Y,NAND3X1,OR2X2/B,1,0.00234214,0.00228252,0.00234214,0.00228252,0.00234214,0.0,0.00234214,0.0,0.002342
n3426,U4448/Y,NAND3X1,INVX1/A;OR2X2/A,2,0.0038522,0.0038427899999999996,0.0037773299999999998,0.00377733,0.00384279,0.0,0.00384279,0.0,0.003852
n3427,U4439/Y,NAND3X1,NOR2X1/A;OR2X2/B,2,0.004584619999999999,0.0045249999999999995,0.00455075,0.004525,0.00455075,0.0,0.00455075,0.0,0.004585
n3438,U4459/Y,NAND3X1,NOR3X1/C,1,0.00328822,0.00328822,0.00322576,0.00322576,0.00328822,0.0,0.00328822,0.0,0.003288
n3445,U4463/Y,NAND3X1,NOR2X1/A;NOR2X1/B,2,0.00460749,0.00460749,0.00450572,0.00450572,0.00460749,0.0,0.00460749,0.0,0.004607
n3446,U4453/Y,NAND3X1,NOR2X1/A;NOR2X1/B,2,0.00460749,0.00460749,0.00450572,0.00450572,0.00460749,0.0,0.00460749,0.0,0.004607
n3457,U4475/Y,NAND3X1,NOR3X1/C,1,0.00328822,0.00328822,0.00322576,0.00322576,0.00328822,0.0,0.00328822,0.0,0.003288
n3465,U4482/Y,NAND3X1,OR2X2/B,1,0.00234214,0.00228252,0.00234214,0.00228252,0.00234214,0.0,0.00234214,0.0,0.002342
n3470,U4483/Y,NAND3X1,NOR2X1/B,1,0.00236501,0.00236501,0.00229711,0.00229711,0.00236501,0.0,0.00236501,0.0,0.002365
n3471,U4469/Y,NAND3X1,NOR2X1/A,1,0.00224248,0.00224248,0.00220861,0.00220861,0.00224248,0.0,0.00224248,0.0,0.002242
n3482,U4495/Y,NAND3X1,NOR3X1/C,1,0.00328822,0.00328822,0.00322576,0.00322576,0.00328822,0.0,0.00328822,0.0,0.003288
n3489,U4502/Y,NAND3X1,OR2X2/B,1,0.00234214,0.00228252,0.00234214,0.00228252,0.00234214,0.0,0.00234214,0.0,0.002342
n3494,U3315/Y,NAND2X1,NOR2X1/B,1,0.00236501,0.00236501,0.00229711,0.00229711,0.00236501,0.0,0.00236501,0.0,0.002365
n3495,U4489/Y,NAND3X1,BUFX2/A,1,0.00153896,0.00153896,0.00150415,0.00150415,0.00153896,0.0,0.00153896,0.0,0.001539
n3506,U4514/Y,NAND3X1,BUFX2/A,1,0.00153896,0.00153896,0.00150415,0.00150415,0.00153896,0.0,0.00153896,0.0,0.001539
n3514,U4521/Y,NAND3X1,OR2X2/B,1,0.00234214,0.00228252,0.00234214,0.00228252,0.00234214,0.0,0.00234214,0.0,0.002342
n3519,U4522/Y,NAND3X1,NOR2X1/B,1,0.00236501,0.00236501,0.00229711,0.00229711,0.00236501,0.0,0.00236501,0.0,0.002365
n3520,U4508/Y,NAND3X1,NOR2X1/A,1,0.00224248,0.00224248,0.00220861,0.00220861,0.00224248,0.0,0.00224248,0.0,0.002242
n3531,U4534/Y,NAND3X1,BUFX2/A,1,0.00153896,0.00153896,0.00150415,0.00150415,0.00153896,0.0,0.00153896,0.0,0.001539
n3539,U4541/Y,NAND3X1,OR2X2/B,1,0.00234214,0.00228252,0.00234214,0.00228252,0.00234214,0.0,0.00234214,0.0,0.002342
n3544,U4542/Y,NAND3X1,INVX1/A;NOR2X1/B,2,0.00391604,0.00391604,0.0037732700000000004,0.00377327,0.00391604,0.0,0.00391604,0.0,0.003916
n3545,U4528/Y,NAND3X1,NOR2X1/A;NOR2X1/A,2,0.00448496,0.00448496,0.00441722,0.00441722,0.00448496,0.0,0.00448496,0.0,0.004485
n3556,U4553/Y,NAND3X1,NOR3X1/C,1,0.00328822,0.00328822,0.00322576,0.00322576,0.00328822,0.0,0.00328822,0.0,0.003288
n3564,U4559/Y,NAND3X1,OR2X2/B,1,0.00234214,0.00228252,0.00234214,0.00228252,0.00234214,0.0,0.00234214,0.0,0.002342
n3569,U4560/Y,NAND3X1,NOR2X1/B;NOR2X1/B,2,0.00473002,0.00473002,0.00459422,0.00459422,0.00473002,0.0,0.00473002,0.0,0.00473
n3570,U4548/Y,NAND3X1,NOR2X1/A;NOR2X1/A,2,0.00448496,0.00448496,0.00441722,0.00441722,0.00448496,0.0,0.00448496,0.0,0.004485
n3577,U2262/Y,NAND2X1,AND2X2/A,1,0.00179784,0.00179784,0.00176278,0.00176278,0.00179784,0.0,0.00179784,0.0,0.001798
n3581,U4571/Y,NAND3X1,BUFX2/A,1,0.00153896,0.00153896,0.00150415,0.00150415,0.00153896,0.0,0.00153896,0.0,0.001539
n3589,U4577/Y,NAND3X1,NOR2X1/B,1,0.00236501,0.00236501,0.00229711,0.00229711,0.00236501,0.0,0.00236501,0.0,0.002365
n3593,U4578/Y,NAND3X1,INVX1/A;NOR2X1/B,2,0.00391604,0.00391604,0.0037732700000000004,0.00377327,0.00391604,0.0,0.00391604,0.0,0.003916
n3594,U4566/Y,NAND3X1,NOR2X1/A;NOR2X1/A,2,0.00448496,0.00448496,0.00441722,0.00441722,0.00448496,0.0,0.00448496,0.0,0.004485
n3605,U4590/Y,NAND3X1,NOR3X1/C,1,0.00328822,0.00328822,0.00322576,0.00322576,0.00328822,0.0,0.00328822,0.0,0.003288
n3613,U4597/Y,NAND3X1,OR2X2/B,1,0.00234214,0.00228252,0.00234214,0.00228252,0.00234214,0.0,0.00234214,0.0,0.002342
n3618,U4598/Y,NAND3X1,NOR2X1/B,1,0.00236501,0.00236501,0.00229711,0.00229711,0.00236501,0.0,0.00236501,0.0,0.002365
n3619,U4584/Y,NAND3X1,NOR2X1/A,1,0.00224248,0.00224248,0.00220861,0.00220861,0.00224248,0.0,0.00224248,0.0,0.002242
n3630,U4611/Y,NAND3X1,BUFX2/A,1,0.00153896,0.00153896,0.00150415,0.00150415,0.00153896,0.0,0.00153896,0.0,0.001539
n3638,U4619/Y,NAND3X1,BUFX2/A,1,0.00153896,0.00153896,0.00150415,0.00150415,0.00153896,0.0,0.00153896,0.0,0.001539
n3642,U4620/Y,NAND3X1,NOR2X1/B,1,0.00236501,0.00236501,0.00229711,0.00229711,0.00236501,0.0,0.00236501,0.0,0.002365
n3643,U4604/Y,NAND3X1,NOR2X1/A,1,0.00224248,0.00224248,0.00220861,0.00220861,0.00224248,0.0,0.00224248,0.0,0.002242
n3654,U4633/Y,NAND3X1,BUFX2/A,1,0.00153896,0.00153896,0.00150415,0.00150415,0.00153896,0.0,0.00153896,0.0,0.001539
n3662,U4640/Y,NAND3X1,OR2X2/B,1,0.00234214,0.00228252,0.00234214,0.00228252,0.00234214,0.0,0.00234214,0.0,0.002342
n3667,U4641/Y,NAND3X1,NOR2X1/B;NOR2X1/B,2,0.00473002,0.00473002,0.00459422,0.00459422,0.00473002,0.0,0.00473002,0.0,0.00473
n3668,U4626/Y,NAND3X1,NOR2X1/A;NOR2X1/A,2,0.00448496,0.00448496,0.00441722,0.00441722,0.00448496,0.0,0.00448496,0.0,0.004485
n3677,U4651/Y,NAND3X1,NOR3X1/C,1,0.00328822,0.00328822,0.00322576,0.00322576,0.00328822,0.0,0.00328822,0.0,0.003288
n3683,U4655/Y,NAND3X1,NOR2X1/B;NOR2X1/B,2,0.00473002,0.00473002,0.00459422,0.00459422,0.00473002,0.0,0.00473002,0.0,0.00473
n3684,U4646/Y,NAND3X1,BUFX2/A,1,0.00153896,0.00153896,0.00150415,0.00150415,0.00153896,0.0,0.00153896,0.0,0.001539
n3693,U4665/Y,NAND3X1,BUFX2/A,1,0.00153896,0.00153896,0.00150415,0.00150415,0.00153896,0.0,0.00153896,0.0,0.001539
n3700,U4671/Y,NAND3X1,OR2X2/A,1,0.00230117,0.00229176,0.00230117,0.00229176,0.00230117,0.0,0.00230117,0.0,0.002301
n3705,U4672/Y,NAND3X1,INVX1/A;NOR2X1/B,2,0.00391604,0.00391604,0.0037732700000000004,0.00377327,0.00391604,0.0,0.00391604,0.0,0.003916
n3706,U4660/Y,NAND3X1,NOR2X1/A;NOR2X1/A,2,0.00448496,0.00448496,0.00441722,0.00441722,0.00448496,0.0,0.00448496,0.0,0.004485
n3717,U4683/Y,NAND3X1,BUFX4/A,1,0.0039795,0.0039795,0.003854,0.003854,0.0039795,0.0,0.0039795,0.0,0.003979
n3725,U4689/Y,NAND3X1,OR2X2/A,1,0.00230117,0.00229176,0.00230117,0.00229176,0.00230117,0.0,0.00230117,0.0,0.002301
n3730,U4690/Y,NAND3X1,NOR2X1/B,1,0.00236501,0.00236501,0.00229711,0.00229711,0.00236501,0.0,0.00236501,0.0,0.002365
n3731,U4677/Y,NAND3X1,NOR2X1/A;NOR2X1/A,2,0.00448496,0.00448496,0.00441722,0.00441722,0.00448496,0.0,0.00448496,0.0,0.004485
n3745,U4702/Y,NAND3X1,BUFX2/A,1,0.00153896,0.00153896,0.00150415,0.00150415,0.00153896,0.0,0.00153896,0.0,0.001539
n3755,U4709/Y,NAND3X1,OR2X2/A,1,0.00230117,0.00229176,0.00230117,0.00229176,0.00230117,0.0,0.00230117,0.0,0.002301
n3760,U4710/Y,NAND3X1,NOR2X1/B,1,0.00236501,0.00236501,0.00229711,0.00229711,0.00236501,0.0,0.00236501,0.0,0.002365
n3761,U4695/Y,NAND3X1,NOR2X1/A,1,0.00224248,0.00224248,0.00220861,0.00220861,0.00224248,0.0,0.00224248,0.0,0.002242
n3772,U4723/Y,NAND3X1,BUFX2/A,1,0.00153896,0.00153896,0.00150415,0.00150415,0.00153896,0.0,0.00153896,0.0,0.001539
n3780,U4730/Y,NAND3X1,OR2X2/A,1,0.00230117,0.00229176,0.00230117,0.00229176,0.00230117,0.0,0.00230117,0.0,0.002301
n3785,U4731/Y,NAND3X1,NOR2X1/B,1,0.00236501,0.00236501,0.00229711,0.00229711,0.00236501,0.0,0.00236501,0.0,0.002365
n3786,U4716/Y,NAND3X1,NOR2X1/A;NOR2X1/A,2,0.00448496,0.00448496,0.00441722,0.00441722,0.00448496,0.0,0.00448496,0.0,0.004485
n3797,U4741/Y,NAND3X1,NOR3X1/C,1,0.00328822,0.00328822,0.00322576,0.00322576,0.00328822,0.0,0.00328822,0.0,0.003288
n3805,U4745/Y,NAND3X1,NOR2X1/B,1,0.00236501,0.00236501,0.00229711,0.00229711,0.00236501,0.0,0.00236501,0.0,0.002365
n3809,U4746/Y,NAND3X1,OR2X2/A,1,0.00230117,0.00229176,0.00230117,0.00229176,0.00230117,0.0,0.00230117,0.0,0.002301
n3810,U4736/Y,NAND3X1,OR2X2/B,1,0.00234214,0.00228252,0.00234214,0.00228252,0.00234214,0.0,0.00234214,0.0,0.002342
n3821,U4756/Y,NAND3X1,BUFX2/A,1,0.00153896,0.00153896,0.00150415,0.00150415,0.00153896,0.0,0.00153896,0.0,0.001539
n3829,U4763/Y,NAND3X1,OR2X2/A,1,0.00230117,0.00229176,0.00230117,0.00229176,0.00230117,0.0,0.00230117,0.0,0.002301
n3834,U4764/Y,NAND3X1,NOR2X1/A;NOR2X1/B,2,0.00460749,0.00460749,0.00450572,0.00450572,0.00460749,0.0,0.00460749,0.0,0.004607
n3835,U4751/Y,NAND3X1,NOR2X1/A;NOR2X1/B,2,0.00460749,0.00460749,0.00450572,0.00450572,0.00460749,0.0,0.00460749,0.0,0.004607
n3846,U4777/Y,NAND3X1,NOR3X1/C,1,0.00328822,0.00328822,0.00322576,0.00322576,0.00328822,0.0,0.00328822,0.0,0.003288
n3850,U2778/Y,NAND2X1,NAND3X1/C,1,0.00296109,0.00296109,0.0028316,0.0028316,0.00296109,0.0,0.00296109,0.0,0.002961
n3853,U4782/Y,NAND3X1,NOR2X1/A,1,0.00224248,0.00224248,0.00220861,0.00220861,0.00224248,0.0,0.00224248,0.0,0.002242
n3857,U4783/Y,NAND3X1,BUFX2/A;NOR2X1/B,2,0.0039039699999999997,0.0039039699999999997,0.0038012600000000003,0.00380126,0.00390397,0.0,0.00390397,0.0,0.003904
n3858,U4770/Y,NAND3X1,NOR2X1/A;OR2X2/A,2,0.00454365,0.00453424,0.00450978,0.00450978,0.00453424,0.0,0.00453424,0.0,0.004544
n3867,U4794/Y,NAND3X1,BUFX2/A,1,0.00153896,0.00153896,0.00150415,0.00150415,0.00153896,0.0,0.00153896,0.0,0.001539
n3874,U4801/Y,NAND3X1,INVX1/A,1,0.00155103,0.00155103,0.00147616,0.00147616,0.00155103,0.0,0.00155103,0.0,0.001551
n3877,U4802/Y,NAND3X1,NOR2X1/A;NOR2X1/B,2,0.00460749,0.00460749,0.00450572,0.00450572,0.00460749,0.0,0.00460749,0.0,0.004607
n3878,U4789/Y,NAND3X1,NOR2X1/A;NOR2X1/B,2,0.00460749,0.00460749,0.00450572,0.00450572,0.00460749,0.0,0.00460749,0.0,0.004607
n3885,U3384/Y,NAND2X1,NAND2X1/B,1,0.00202749,0.00202749,0.00194421,0.00194421,0.00202749,0.0,0.00202749,0.0,0.002027
n3889,U4814/Y,NAND3X1,NOR3X1/C,1,0.00328822,0.00328822,0.00322576,0.00322576,0.00328822,0.0,0.00328822,0.0,0.003288
n3896,U4821/Y,NAND3X1,NOR2X1/B,1,0.00236501,0.00236501,0.00229711,0.00229711,0.00236501,0.0,0.00236501,0.0,0.002365
n3900,U4822/Y,NAND3X1,INVX1/A;NOR2X1/B,2,0.00391604,0.00391604,0.0037732700000000004,0.00377327,0.00391604,0.0,0.00391604,0.0,0.003916
n3901,U4808/Y,NAND3X1,NOR2X1/A;NOR2X1/A,2,0.00448496,0.00448496,0.00441722,0.00441722,0.00448496,0.0,0.00448496,0.0,0.004485
n3912,U4829/Y,NAND3X1,NOR3X1/C,1,0.00328822,0.00328822,0.00322576,0.00322576,0.00328822,0.0,0.00328822,0.0,0.003288
n3914,U2385/Y,NAND2X1,OR2X2/B,1,0.00234214,0.00228252,0.00234214,0.00228252,0.00234214,0.0,0.00234214,0.0,0.002342
n3919,U4833/Y,NAND3X1,NOR2X1/A,1,0.00224248,0.00224248,0.00220861,0.00220861,0.00224248,0.0,0.00224248,0.0,0.002242
n3922,U4834/Y,NAND3X1,NOR2X1/B,1,0.00236501,0.00236501,0.00229711,0.00229711,0.00236501,0.0,0.00236501,0.0,0.002365
n3923,U2377/Y,NAND2X1,NOR2X1/A,1,0.00224248,0.00224248,0.00220861,0.00220861,0.00224248,0.0,0.00224248,0.0,0.002242
n3934,U4847/Y,NAND3X1,NOR3X1/C,1,0.00328822,0.00328822,0.00322576,0.00322576,0.00328822,0.0,0.00328822,0.0,0.003288
n3941,U4855/Y,NAND3X1,OR2X2/B,1,0.00234214,0.00228252,0.00234214,0.00228252,0.00234214,0.0,0.00234214,0.0,0.002342
n3946,U4856/Y,NAND3X1,NOR2X1/B,1,0.00236501,0.00236501,0.00229711,0.00229711,0.00236501,0.0,0.00236501,0.0,0.002365
n3947,U4840/Y,NAND3X1,NOR2X1/A,1,0.00224248,0.00224248,0.00220861,0.00220861,0.00224248,0.0,0.00224248,0.0,0.002242
n3958,U4866/Y,NAND3X1,NOR3X1/C,1,0.00328822,0.00328822,0.00322576,0.00322576,0.00328822,0.0,0.00328822,0.0,0.003288
n3966,U4871/Y,NAND3X1,NOR2X1/B,1,0.00236501,0.00236501,0.00229711,0.00229711,0.00236501,0.0,0.00236501,0.0,0.002365
n3970,U4872/Y,NAND3X1,INVX1/A;NOR2X1/A,2,0.00379351,0.00379351,0.0036847700000000004,0.00368477,0.00379351,0.0,0.00379351,0.0,0.003794
n3971,U2406/Y,NAND2X1,NOR2X1/A;NOR2X1/B,2,0.00460749,0.00460749,0.00450572,0.00450572,0.00460749,0.0,0.00460749,0.0,0.004607
n3982,U4884/Y,NAND3X1,NOR3X1/B,1,0.003067,0.00306333,0.003067,0.00306333,0.003067,0.0,0.003067,0.0,0.003067
n3990,U4891/Y,NAND3X1,NOR2X1/B,1,0.00236501,0.00236501,0.00229711,0.00229711,0.00236501,0.0,0.00236501,0.0,0.002365
n3994,U4892/Y,NAND3X1,INVX1/A;NOR2X1/B,2,0.00391604,0.00391604,0.0037732700000000004,0.00377327,0.00391604,0.0,0.00391604,0.0,0.003916
n3995,U4878/Y,NAND3X1,NOR2X1/A,1,0.00224248,0.00224248,0.00220861,0.00220861,0.00224248,0.0,0.00224248,0.0,0.002242
n4006,U4905/Y,NAND3X1,NOR3X1/C,1,0.00328822,0.00328822,0.00322576,0.00322576,0.00328822,0.0,0.00328822,0.0,0.003288
n4014,U4911/Y,NAND3X1,OR2X2/B,1,0.00234214,0.00228252,0.00234214,0.00228252,0.00234214,0.0,0.00234214,0.0,0.002342
n4019,U4912/Y,NAND3X1,NOR2X1/B,1,0.00236501,0.00236501,0.00229711,0.00229711,0.00236501,0.0,0.00236501,0.0,0.002365
n4020,U4898/Y,NAND3X1,NOR2X1/A,1,0.00224248,0.00224248,0.00220861,0.00220861,0.00224248,0.0,0.00224248,0.0,0.002242
n4031,U4923/Y,NAND3X1,NOR3X1/C,1,0.00328822,0.00328822,0.00322576,0.00322576,0.00328822,0.0,0.00328822,0.0,0.003288
n4038,U4929/Y,NAND3X1,NOR2X1/B,1,0.00236501,0.00236501,0.00229711,0.00229711,0.00236501,0.0,0.00236501,0.0,0.002365
n4042,U4930/Y,NAND3X1,NOR2X1/A;NOR2X1/B,2,0.00460749,0.00460749,0.00450572,0.00450572,0.00460749,0.0,0.00460749,0.0,0.004607
n4043,U2317/Y,NAND2X1,NOR2X1/A;NOR2X1/B,2,0.00460749,0.00460749,0.00450572,0.00450572,0.00460749,0.0,0.00460749,0.0,0.004607
n4049,U3104/Y,NAND2X1,AND2X2/A,1,0.00179784,0.00179784,0.00176278,0.00176278,0.00179784,0.0,0.00179784,0.0,0.001798
n4050,U2366/Y,NAND2X1,AND2X2/B,1,0.00186944,0.00186944,0.00182011,0.00182011,0.00186944,0.0,0.00186944,0.0,0.001869
n4054,U4940/Y,NAND3X1,INVX1/A,1,0.00155103,0.00155103,0.00147616,0.00147616,0.00155103,0.0,0.00155103,0.0,0.001551
n4061,U4944/Y,NAND3X1,NOR2X1/B,1,0.00236501,0.00236501,0.00229711,0.00229711,0.00236501,0.0,0.00236501,0.0,0.002365
n4065,U4945/Y,NAND3X1,NOR2X1/B,1,0.00236501,0.00236501,0.00229711,0.00229711,0.00236501,0.0,0.00236501,0.0,0.002365
n4066,U4936/Y,NAND3X1,NOR2X1/A,1,0.00224248,0.00224248,0.00220861,0.00220861,0.00224248,0.0,0.00224248,0.0,0.002242
n4080,U4957/Y,NAND3X1,BUFX2/A,1,0.00153896,0.00153896,0.00150415,0.00150415,0.00153896,0.0,0.00153896,0.0,0.001539
n4089,U4964/Y,NAND3X1,OR2X2/B,1,0.00234214,0.00228252,0.00234214,0.00228252,0.00234214,0.0,0.00234214,0.0,0.002342
n4094,U4965/Y,NAND3X1,NOR2X1/A;NOR2X1/B,2,0.00460749,0.00460749,0.00450572,0.00450572,0.00460749,0.0,0.00460749,0.0,0.004607
n4095,U4951/Y,NAND3X1,NOR2X1/A,1,0.00224248,0.00224248,0.00220861,0.00220861,0.00224248,0.0,0.00224248,0.0,0.002242
n4106,U4978/Y,NAND3X1,NOR3X1/C,1,0.00328822,0.00328822,0.00322576,0.00322576,0.00328822,0.0,0.00328822,0.0,0.003288
n4114,U4982/Y,NAND3X1,OR2X2/A,1,0.00230117,0.00229176,0.00230117,0.00229176,0.00230117,0.0,0.00230117,0.0,0.002301
n4118,U4983/Y,NAND3X1,NOR2X1/B,1,0.00236501,0.00236501,0.00229711,0.00229711,0.00236501,0.0,0.00236501,0.0,0.002365
n4119,U4971/Y,NAND3X1,BUFX2/A;NOR2X1/A,2,0.0037814399999999996,0.0037814399999999996,0.0037127600000000003,0.00371276,0.00378144,0.0,0.00378144,0.0,0.003781
n4129,U2230/Y,NAND2X1,NAND3X1/A,1,0.00254759,0.00254759,0.00220852,0.00220852,0.00254759,0.0,0.00254759,0.0,0.002548
n4130,U4995/Y,NAND3X1,OR2X2/A,1,0.00230117,0.00229176,0.00230117,0.00229176,0.00230117,0.0,0.00230117,0.0,0.002301
n4138,U5001/Y,NAND3X1,OR2X2/A,1,0.00230117,0.00229176,0.00230117,0.00229176,0.00230117,0.0,0.00230117,0.0,0.002301
n4142,U3067/Y,NOR2X1,NAND3X1/A,1,0.00254759,0.00254759,0.00220852,0.00220852,0.00254759,0.0,0.00254759,0.0,0.002548
n4143,U5002/Y,NAND3X1,NOR2X1/B,1,0.00236501,0.00236501,0.00229711,0.00229711,0.00236501,0.0,0.00236501,0.0,0.002365
n4144,U4989/Y,NAND3X1,NOR2X1/A,1,0.00224248,0.00224248,0.00220861,0.00220861,0.00224248,0.0,0.00224248,0.0,0.002242
n4155,U5013/Y,NAND3X1,NOR3X1/C,1,0.00328822,0.00328822,0.00322576,0.00322576,0.00328822,0.0,0.00328822,0.0,0.003288
n4158,U2748/Y,NAND2X1,OR2X1/B,1,0.00242378,0.00242378,0.00224721,0.00224721,0.00242378,0.0,0.00242378,0.0,0.002424
n4163,U5019/Y,NAND3X1,OR2X2/B,1,0.00234214,0.00228252,0.00234214,0.00228252,0.00234214,0.0,0.00234214,0.0,0.002342
n4168,U5008/Y,NAND3X1,NOR2X1/A;NOR2X1/B,2,0.00460749,0.00460749,0.00450572,0.00450572,0.00460749,0.0,0.00460749,0.0,0.004607
n4179,U5030/Y,NAND3X1,NOR3X1/C,1,0.00328822,0.00328822,0.00322576,0.00322576,0.00328822,0.0,0.00328822,0.0,0.003288
n4187,U5036/Y,NAND3X1,NOR2X1/B,1,0.00236501,0.00236501,0.00229711,0.00229711,0.00236501,0.0,0.00236501,0.0,0.002365
n4191,U5037/Y,NAND3X1,NOR2X1/B,1,0.00236501,0.00236501,0.00229711,0.00229711,0.00236501,0.0,0.00236501,0.0,0.002365
n4192,U5024/Y,NAND3X1,NOR2X1/A,1,0.00224248,0.00224248,0.00220861,0.00220861,0.00224248,0.0,0.00224248,0.0,0.002242
n4203,U5050/Y,NAND3X1,NOR3X1/C,1,0.00328822,0.00328822,0.00322576,0.00322576,0.00328822,0.0,0.00328822,0.0,0.003288
n4210,U5056/Y,NAND3X1,NOR2X1/B,1,0.00236501,0.00236501,0.00229711,0.00229711,0.00236501,0.0,0.00236501,0.0,0.002365
n4214,U5057/Y,NAND3X1,INVX1/A;NOR2X1/A,2,0.00379351,0.00379351,0.0036847700000000004,0.00368477,0.00379351,0.0,0.00379351,0.0,0.003794
n4215,U5043/Y,NAND3X1,NOR2X1/A;NOR2X1/B,2,0.00460749,0.00460749,0.00450572,0.00450572,0.00460749,0.0,0.00460749,0.0,0.004607
n4226,U5067/Y,NAND3X1,NOR3X1/C,1,0.00328822,0.00328822,0.00322576,0.00322576,0.00328822,0.0,0.00328822,0.0,0.003288
n4233,U5072/Y,NAND3X1,NOR2X1/B,1,0.00236501,0.00236501,0.00229711,0.00229711,0.00236501,0.0,0.00236501,0.0,0.002365
n4237,U5073/Y,NAND3X1,NOR2X1/B,1,0.00236501,0.00236501,0.00229711,0.00229711,0.00236501,0.0,0.00236501,0.0,0.002365
n4238,U5061/Y,NAND3X1,NOR2X1/A,1,0.00224248,0.00224248,0.00220861,0.00220861,0.00224248,0.0,0.00224248,0.0,0.002242
n4249,U5085/Y,NAND3X1,BUFX2/A,1,0.00153896,0.00153896,0.00150415,0.00150415,0.00153896,0.0,0.00153896,0.0,0.001539
n4257,U5092/Y,NAND3X1,OR2X2/B,1,0.00234214,0.00228252,0.00234214,0.00228252,0.00234214,0.0,0.00234214,0.0,0.002342
n4262,U5093/Y,NAND3X1,NOR2X1/B,1,0.00236501,0.00236501,0.00229711,0.00229711,0.00236501,0.0,0.00236501,0.0,0.002365
n4263,U5079/Y,NAND3X1,NOR2X1/A,1,0.00224248,0.00224248,0.00220861,0.00220861,0.00224248,0.0,0.00224248,0.0,0.002242
n4274,U5106/Y,NAND3X1,NOR3X1/C,1,0.00328822,0.00328822,0.00322576,0.00322576,0.00328822,0.0,0.00328822,0.0,0.003288
n4282,U5114/Y,NAND3X1,NOR2X1/B,1,0.00236501,0.00236501,0.00229711,0.00229711,0.00236501,0.0,0.00236501,0.0,0.002365
n4286,U5115/Y,NAND3X1,NOR2X1/B,1,0.00236501,0.00236501,0.00229711,0.00229711,0.00236501,0.0,0.00236501,0.0,0.002365
n4287,U5099/Y,NAND3X1,NOR2X1/A,1,0.00224248,0.00224248,0.00220861,0.00220861,0.00224248,0.0,0.00224248,0.0,0.002242
n4298,U5127/Y,NAND3X1,BUFX4/A,1,0.0039795,0.0039795,0.003854,0.003854,0.0039795,0.0,0.0039795,0.0,0.003979
n4306,U5132/Y,NAND3X1,OR2X2/B,1,0.00234214,0.00228252,0.00234214,0.00228252,0.00234214,0.0,0.00234214,0.0,0.002342
n4311,U5133/Y,NAND3X1,OR2X2/B,1,0.00234214,0.00228252,0.00234214,0.00228252,0.00234214,0.0,0.00234214,0.0,0.002342
n4312,U5120/Y,NAND3X1,OR2X2/A,1,0.00230117,0.00229176,0.00230117,0.00229176,0.00230117,0.0,0.00230117,0.0,0.002301
n4313,U2129/Y,NAND2X1,OR2X2/B,1,0.00234214,0.00228252,0.00234214,0.00228252,0.00234214,0.0,0.00234214,0.0,0.002342
n4323,U5139/Y,NAND3X1,NOR3X1/C,1,0.00328822,0.00328822,0.00322576,0.00322576,0.00328822,0.0,0.00328822,0.0,0.003288
n4331,U5144/Y,NAND3X1,OR2X2/A,1,0.00230117,0.00229176,0.00230117,0.00229176,0.00230117,0.0,0.00230117,0.0,0.002301
n4332,U5136/Y,NAND3X1,OR2X2/B,1,0.00234214,0.00228252,0.00234214,0.00228252,0.00234214,0.0,0.00234214,0.0,0.002342
n4341,U5154/Y,NAND3X1,BUFX2/A,1,0.00153896,0.00153896,0.00150415,0.00150415,0.00153896,0.0,0.00153896,0.0,0.001539
n4347,U5158/Y,NAND3X1,OR2X2/B,1,0.00234214,0.00228252,0.00234214,0.00228252,0.00234214,0.0,0.00234214,0.0,0.002342
n4352,U5159/Y,NAND3X1,NOR2X1/A;NOR2X1/B,2,0.00460749,0.00460749,0.00450572,0.00450572,0.00460749,0.0,0.00460749,0.0,0.004607
n4353,U5147/Y,NAND3X1,BUFX2/A,1,0.00153896,0.00153896,0.00150415,0.00150415,0.00153896,0.0,0.00153896,0.0,0.001539
n4364,U5170/Y,NAND3X1,NOR3X1/C,1,0.00328822,0.00328822,0.00322576,0.00322576,0.00328822,0.0,0.00328822,0.0,0.003288
n4372,U5176/Y,NAND3X1,OR2X2/A,1,0.00230117,0.00229176,0.00230117,0.00229176,0.00230117,0.0,0.00230117,0.0,0.002301
n4377,U5177/Y,NAND3X1,NOR2X1/B,1,0.00236501,0.00236501,0.00229711,0.00229711,0.00236501,0.0,0.00236501,0.0,0.002365
n4378,U5164/Y,NAND3X1,NOR2X1/A,1,0.00224248,0.00224248,0.00220861,0.00220861,0.00224248,0.0,0.00224248,0.0,0.002242
n4387,U2882/Y,NAND2X1,NAND2X1/A,1,0.00211057,0.00211057,0.00188435,0.00188435,0.00211057,0.0,0.00211057,0.0,0.002111
n4392,U5187/Y,NAND3X1,NOR3X1/C,1,0.00328822,0.00328822,0.00322576,0.00322576,0.00328822,0.0,0.00328822,0.0,0.003288
n4402,U5192/Y,NAND3X1,INVX1/A;NOR2X1/B,2,0.00391604,0.00391604,0.0037732700000000004,0.00377327,0.00391604,0.0,0.00391604,0.0,0.003916
n4403,U2397/Y,NAND2X1,NOR2X1/A;NOR2X1/A,2,0.00448496,0.00448496,0.00441722,0.00441722,0.00448496,0.0,0.00448496,0.0,0.004485
n4404,U3180/Y,NAND2X1,OR2X2/B,1,0.00234214,0.00228252,0.00234214,0.00228252,0.00234214,0.0,0.00234214,0.0,0.002342
n4414,U5203/Y,NAND3X1,BUFX2/A,1,0.00153896,0.00153896,0.00150415,0.00150415,0.00153896,0.0,0.00153896,0.0,0.001539
n4422,U3675/Y,NOR2X1,NAND3X1/A,1,0.00254759,0.00254759,0.00220852,0.00220852,0.00254759,0.0,0.00254759,0.0,0.002548
n4423,U5207/Y,NAND3X1,INVX1/A;NOR2X1/B,2,0.00391604,0.00391604,0.0037732700000000004,0.00377327,0.00391604,0.0,0.00391604,0.0,0.003916
n4424,U5197/Y,NAND3X1,BUFX4/A,1,0.0039795,0.0039795,0.003854,0.003854,0.0039795,0.0,0.0039795,0.0,0.003979
n4435,U5219/Y,NAND3X1,BUFX2/A,1,0.00153896,0.00153896,0.00150415,0.00150415,0.00153896,0.0,0.00153896,0.0,0.001539
n4443,U5226/Y,NAND3X1,BUFX2/A,1,0.00153896,0.00153896,0.00150415,0.00150415,0.00153896,0.0,0.00153896,0.0,0.001539
n4448,U5212/Y,NAND3X1,NOR2X1/A;NOR2X1/A,2,0.00448496,0.00448496,0.00441722,0.00441722,0.00448496,0.0,0.00448496,0.0,0.004485
n4459,U5238/Y,NAND3X1,NOR3X1/C,1,0.00328822,0.00328822,0.00322576,0.00322576,0.00328822,0.0,0.00328822,0.0,0.003288
n4467,U5246/Y,NAND3X1,OR2X2/A,1,0.00230117,0.00229176,0.00230117,0.00229176,0.00230117,0.0,0.00230117,0.0,0.002301
n4472,U5247/Y,NAND3X1,NOR2X1/B,1,0.00236501,0.00236501,0.00229711,0.00229711,0.00236501,0.0,0.00236501,0.0,0.002365
n4473,U5231/Y,NAND3X1,NOR2X1/A,1,0.00224248,0.00224248,0.00220861,0.00220861,0.00224248,0.0,0.00224248,0.0,0.002242
n4485,U2028/Y,NAND2X1,NAND3X1/C,1,0.00296109,0.00296109,0.0028316,0.0028316,0.00296109,0.0,0.00296109,0.0,0.002961
n4487,U5260/Y,NAND3X1,NOR2X1/A,1,0.00224248,0.00224248,0.00220861,0.00220861,0.00224248,0.0,0.00224248,0.0,0.002242
n4491,U5261/Y,NAND3X1,NOR2X1/B,1,0.00236501,0.00236501,0.00229711,0.00229711,0.00236501,0.0,0.00236501,0.0,0.002365
n4492,U5253/Y,NAND3X1,NOR2X1/A,1,0.00224248,0.00224248,0.00220861,0.00220861,0.00224248,0.0,0.00224248,0.0,0.002242
n4503,U5271/Y,NAND3X1,INVX1/A,1,0.00155103,0.00155103,0.00147616,0.00147616,0.00155103,0.0,0.00155103,0.0,0.001551
n4510,U5276/Y,NAND3X1,NOR2X1/B,1,0.00236501,0.00236501,0.00229711,0.00229711,0.00236501,0.0,0.00236501,0.0,0.002365
n4514,U5277/Y,NAND3X1,NOR2X1/B,1,0.00236501,0.00236501,0.00229711,0.00229711,0.00236501,0.0,0.00236501,0.0,0.002365
n4515,U5267/Y,NAND3X1,NOR2X1/A,1,0.00224248,0.00224248,0.00220861,0.00220861,0.00224248,0.0,0.00224248,0.0,0.002242
n4526,U5290/Y,NAND3X1,BUFX2/A,1,0.00153896,0.00153896,0.00150415,0.00150415,0.00153896,0.0,0.00153896,0.0,0.001539
n4534,U5296/Y,NAND3X1,OR2X2/B,1,0.00234214,0.00228252,0.00234214,0.00228252,0.00234214,0.0,0.00234214,0.0,0.002342
n4539,U5297/Y,NAND3X1,BUFX2/A;NOR2X1/B,2,0.0039039699999999997,0.0039039699999999997,0.0038012600000000003,0.00380126,0.00390397,0.0,0.00390397,0.0,0.003904
n4540,U5283/Y,NAND3X1,NOR2X1/A,1,0.00224248,0.00224248,0.00220861,0.00220861,0.00224248,0.0,0.00224248,0.0,0.002242
n4551,U5309/Y,NAND3X1,BUFX2/A,1,0.00153896,0.00153896,0.00150415,0.00150415,0.00153896,0.0,0.00153896,0.0,0.001539
n4559,U5315/Y,NAND3X1,OR2X2/B,1,0.00234214,0.00228252,0.00234214,0.00228252,0.00234214,0.0,0.00234214,0.0,0.002342
n4564,U5316/Y,NAND3X1,NOR2X1/B,1,0.00236501,0.00236501,0.00229711,0.00229711,0.00236501,0.0,0.00236501,0.0,0.002365
n4565,U5302/Y,NAND3X1,NOR2X1/A,1,0.00224248,0.00224248,0.00220861,0.00220861,0.00224248,0.0,0.00224248,0.0,0.002242
n4576,U5328/Y,NAND3X1,NOR3X1/C,1,0.00328822,0.00328822,0.00322576,0.00322576,0.00328822,0.0,0.00328822,0.0,0.003288
n4584,U5335/Y,NAND3X1,OR2X2/B,1,0.00234214,0.00228252,0.00234214,0.00228252,0.00234214,0.0,0.00234214,0.0,0.002342
n4589,U5336/Y,NAND3X1,NOR2X1/B,1,0.00236501,0.00236501,0.00229711,0.00229711,0.00236501,0.0,0.00236501,0.0,0.002365
n4590,U5322/Y,NAND3X1,NOR2X1/A,1,0.00224248,0.00224248,0.00220861,0.00220861,0.00224248,0.0,0.00224248,0.0,0.002242
n4601,U5348/Y,NAND3X1,BUFX2/A,1,0.00153896,0.00153896,0.00150415,0.00150415,0.00153896,0.0,0.00153896,0.0,0.001539
n4609,U5356/Y,NAND3X1,OR2X2/B,1,0.00234214,0.00228252,0.00234214,0.00228252,0.00234214,0.0,0.00234214,0.0,0.002342
n4614,U5357/Y,NAND3X1,NOR2X1/B,1,0.00236501,0.00236501,0.00229711,0.00229711,0.00236501,0.0,0.00236501,0.0,0.002365
n4615,U5342/Y,NAND3X1,NOR2X1/A,1,0.00224248,0.00224248,0.00220861,0.00220861,0.00224248,0.0,0.00224248,0.0,0.002242
n4626,U5369/Y,NAND3X1,NOR3X1/C,1,0.00328822,0.00328822,0.00322576,0.00322576,0.00328822,0.0,0.00328822,0.0,0.003288
n4634,U5373/Y,NAND3X1,OR2X2/B,1,0.00234214,0.00228252,0.00234214,0.00228252,0.00234214,0.0,0.00234214,0.0,0.002342
n4639,U5374/Y,NAND3X1,NOR2X1/B,1,0.00236501,0.00236501,0.00229711,0.00229711,0.00236501,0.0,0.00236501,0.0,0.002365
n4640,U5363/Y,NAND3X1,BUFX2/A;NOR2X1/A,2,0.0037814399999999996,0.0037814399999999996,0.0037127600000000003,0.00371276,0.00378144,0.0,0.00378144,0.0,0.003781
n4651,U5383/Y,NAND3X1,NOR3X1/C,1,0.00328822,0.00328822,0.00322576,0.00322576,0.00328822,0.0,0.00328822,0.0,0.003288
n4660,U5388/Y,NAND3X1,BUFX2/A;NOR2X1/B,2,0.0039039699999999997,0.0039039699999999997,0.0038012600000000003,0.00380126,0.00390397,0.0,0.00390397,0.0,0.003904
n4661,U5378/Y,NAND3X1,NOR2X1/A,1,0.00224248,0.00224248,0.00220861,0.00220861,0.00224248,0.0,0.00224248,0.0,0.002242
n4670,U3515/Y,NAND2X1,AND2X2/A,1,0.00179784,0.00179784,0.00176278,0.00176278,0.00179784,0.0,0.00179784,0.0,0.001798
n4675,U5395/Y,NAND3X1,NOR3X1/B,1,0.003067,0.00306333,0.003067,0.00306333,0.003067,0.0,0.003067,0.0,0.003067
n4682,U3601/Y,NAND2X1,NAND3X1/C,1,0.00296109,0.00296109,0.0028316,0.0028316,0.00296109,0.0,0.00296109,0.0,0.002961
n4685,U5399/Y,NAND3X1,NOR2X1/B,1,0.00236501,0.00236501,0.00229711,0.00229711,0.00236501,0.0,0.00236501,0.0,0.002365
n4688,U5400/Y,NAND3X1,INVX1/A;NOR2X1/B,2,0.00391604,0.00391604,0.0037732700000000004,0.00377327,0.00391604,0.0,0.00391604,0.0,0.003916
n4689,U5392/Y,NAND3X1,NOR2X1/A,1,0.00224248,0.00224248,0.00220861,0.00220861,0.00224248,0.0,0.00224248,0.0,0.002242
n4700,U5408/Y,NAND3X1,NOR3X1/B,1,0.003067,0.00306333,0.003067,0.00306333,0.003067,0.0,0.003067,0.0,0.003067
n4708,U5412/Y,NAND3X1,NOR2X1/A,1,0.00224248,0.00224248,0.00220861,0.00220861,0.00224248,0.0,0.00224248,0.0,0.002242
n4712,U5413/Y,NAND3X1,OR2X2/B,1,0.00234214,0.00228252,0.00234214,0.00228252,0.00234214,0.0,0.00234214,0.0,0.002342
n4713,U5404/Y,NAND3X1,BUFX2/A,1,0.00153896,0.00153896,0.00150415,0.00150415,0.00153896,0.0,0.00153896,0.0,0.001539
n4724,U5424/Y,NAND3X1,NOR3X1/C,1,0.00328822,0.00328822,0.00322576,0.00322576,0.00328822,0.0,0.00328822,0.0,0.003288
n4731,U5432/Y,NAND3X1,OR2X2/A,1,0.00230117,0.00229176,0.00230117,0.00229176,0.00230117,0.0,0.00230117,0.0,0.002301
n4736,U5433/Y,NAND3X1,NOR2X1/B;NOR2X1/B,2,0.00473002,0.00473002,0.00459422,0.00459422,0.00473002,0.0,0.00473002,0.0,0.00473
n4737,U5418/Y,NAND3X1,NOR2X1/A;NOR2X1/A,2,0.00448496,0.00448496,0.00441722,0.00441722,0.00448496,0.0,0.00448496,0.0,0.004485
n4748,U5443/Y,NAND3X1,NOR3X1/C,1,0.00328822,0.00328822,0.00322576,0.00322576,0.00328822,0.0,0.00328822,0.0,0.003288
n4755,U5448/Y,NAND3X1,NOR2X1/B,1,0.00236501,0.00236501,0.00229711,0.00229711,0.00236501,0.0,0.00236501,0.0,0.002365
n4759,U5449/Y,NAND3X1,NOR2X1/A;NOR2X1/B,2,0.00460749,0.00460749,0.00450572,0.00450572,0.00460749,0.0,0.00460749,0.0,0.004607
n4760,U5437/Y,NAND3X1,INVX1/A;NOR2X1/A,2,0.00379351,0.00379351,0.0036847700000000004,0.00368477,0.00379351,0.0,0.00379351,0.0,0.003794
n4767,U1996/Y,NAND2X1,NAND3X1/C,1,0.00296109,0.00296109,0.0028316,0.0028316,0.00296109,0.0,0.00296109,0.0,0.002961
n4769,U5457/Y,NAND3X1,BUFX2/A,1,0.00153896,0.00153896,0.00150415,0.00150415,0.00153896,0.0,0.00153896,0.0,0.001539
n4776,U5463/Y,NAND3X1,OR2X2/A,1,0.00230117,0.00229176,0.00230117,0.00229176,0.00230117,0.0,0.00230117,0.0,0.002301
n4781,U5464/Y,NAND3X1,BUFX2/A;NOR2X1/B,2,0.0039039699999999997,0.0039039699999999997,0.0038012600000000003,0.00380126,0.00390397,0.0,0.00390397,0.0,0.003904
n4782,U5454/Y,NAND3X1,NOR2X1/A;OR2X2/A,2,0.00454365,0.00453424,0.00450978,0.00450978,0.00453424,0.0,0.00453424,0.0,0.004544
n4791,U5471/Y,NAND3X1,BUFX2/A,1,0.00153896,0.00153896,0.00150415,0.00150415,0.00153896,0.0,0.00153896,0.0,0.001539
n4799,U5476/Y,NAND3X1,OR2X2/B,1,0.00234214,0.00228252,0.00234214,0.00228252,0.00234214,0.0,0.00234214,0.0,0.002342
n4804,U5477/Y,NAND3X1,NOR2X1/A;NOR2X1/B,2,0.00460749,0.00460749,0.00450572,0.00450572,0.00460749,0.0,0.00460749,0.0,0.004607
n4816,U5489/Y,NAND3X1,BUFX2/A,1,0.00153896,0.00153896,0.00150415,0.00150415,0.00153896,0.0,0.00153896,0.0,0.001539
n4824,U5495/Y,NAND3X1,OR2X1/B,1,0.00242378,0.00242378,0.00224721,0.00224721,0.00242378,0.0,0.00242378,0.0,0.002424
n4829,U5483/Y,NAND3X1,NOR2X1/B,1,0.00236501,0.00236501,0.00229711,0.00229711,0.00236501,0.0,0.00236501,0.0,0.002365
n4840,U5505/Y,NAND3X1,BUFX2/A,1,0.00153896,0.00153896,0.00150415,0.00150415,0.00153896,0.0,0.00153896,0.0,0.001539
n4847,U5509/Y,NAND3X1,BUFX2/A,1,0.00153896,0.00153896,0.00150415,0.00150415,0.00153896,0.0,0.00153896,0.0,0.001539
n4850,U3265/Y,NOR2X1,NAND3X1/C,1,0.00296109,0.00296109,0.0028316,0.0028316,0.00296109,0.0,0.00296109,0.0,0.002961
n4851,U5510/Y,NAND3X1,INVX1/A,1,0.00155103,0.00155103,0.00147616,0.00147616,0.00155103,0.0,0.00155103,0.0,0.001551
n4852,U5500/Y,NAND3X1,INVX1/A,1,0.00155103,0.00155103,0.00147616,0.00147616,0.00155103,0.0,0.00155103,0.0,0.001551
n4853,U2732/Y,NAND2X1,OR2X1/B,1,0.00242378,0.00242378,0.00224721,0.00224721,0.00242378,0.0,0.00242378,0.0,0.002424
n4861,U5516/Y,NAND3X1,NOR3X1/C,1,0.00328822,0.00328822,0.00322576,0.00322576,0.00328822,0.0,0.00328822,0.0,0.003288
n4869,U5522/Y,NAND3X1,NOR2X1/B,1,0.00236501,0.00236501,0.00229711,0.00229711,0.00236501,0.0,0.00236501,0.0,0.002365
n4872,U5523/Y,NAND3X1,OR2X2/B,1,0.00234214,0.00228252,0.00234214,0.00228252,0.00234214,0.0,0.00234214,0.0,0.002342
n4881,U5533/Y,NAND3X1,NOR2X1/A,1,0.00224248,0.00224248,0.00220861,0.00220861,0.00224248,0.0,0.00224248,0.0,0.002242
n4889,U5538/Y,NAND3X1,NOR2X1/A,1,0.00224248,0.00224248,0.00220861,0.00220861,0.00224248,0.0,0.00224248,0.0,0.002242
n4891,U2339/Y,NOR2X1,NAND3X1/A,1,0.00254759,0.00254759,0.00220852,0.00220852,0.00254759,0.0,0.00254759,0.0,0.002548
n4892,U5539/Y,NAND3X1,OR2X2/A,1,0.00230117,0.00229176,0.00230117,0.00229176,0.00230117,0.0,0.00230117,0.0,0.002301
n4893,U5526/Y,NAND3X1,OR2X2/B,1,0.00234214,0.00228252,0.00234214,0.00228252,0.00234214,0.0,0.00234214,0.0,0.002342
n4904,U5550/Y,NAND3X1,NOR3X1/C,1,0.00328822,0.00328822,0.00322576,0.00322576,0.00328822,0.0,0.00328822,0.0,0.003288
n4912,U5555/Y,NAND3X1,OR2X2/A,1,0.00230117,0.00229176,0.00230117,0.00229176,0.00230117,0.0,0.00230117,0.0,0.002301
n4917,U5556/Y,NAND3X1,OR2X2/B,1,0.00234214,0.00228252,0.00234214,0.00228252,0.00234214,0.0,0.00234214,0.0,0.002342
n4918,U5544/Y,NAND3X1,OR2X2/A,1,0.00230117,0.00229176,0.00230117,0.00229176,0.00230117,0.0,0.00230117,0.0,0.002301
n4926,U2049/Y,NAND2X1,AND2X2/A,1,0.00179784,0.00179784,0.00176278,0.00176278,0.00179784,0.0,0.00179784,0.0,0.001798
n4932,U5565/Y,NAND3X1,NOR3X1/C,1,0.00328822,0.00328822,0.00322576,0.00322576,0.00328822,0.0,0.00328822,0.0,0.003288
n4941,U5570/Y,NAND3X1,NOR2X1/B,1,0.00236501,0.00236501,0.00229711,0.00229711,0.00236501,0.0,0.00236501,0.0,0.002365
n4945,U5571/Y,NAND3X1,NOR2X1/A;NOR2X1/B,2,0.00460749,0.00460749,0.00450572,0.00450572,0.00460749,0.0,0.00460749,0.0,0.004607
n4946,U5561/Y,NAND3X1,NOR2X1/A,1,0.00224248,0.00224248,0.00220861,0.00220861,0.00224248,0.0,0.00224248,0.0,0.002242
n4957,U5584/Y,NAND3X1,BUFX2/A,1,0.00153896,0.00153896,0.00150415,0.00150415,0.00153896,0.0,0.00153896,0.0,0.001539
n4967,U5590/Y,NAND3X1,NOR2X1/A,1,0.00224248,0.00224248,0.00220861,0.00220861,0.00224248,0.0,0.00224248,0.0,0.002242
n4968,U5577/Y,NAND3X1,NOR2X1/A;NOR2X1/B,2,0.00460749,0.00460749,0.00450572,0.00450572,0.00460749,0.0,0.00460749,0.0,0.004607
n4987,U5602/Y,NAND3X1,NOR3X1/B,1,0.003067,0.00306333,0.003067,0.00306333,0.003067,0.0,0.003067,0.0,0.003067
n4990,U3331/Y,NOR2X1,NAND3X1/A,1,0.00254759,0.00254759,0.00220852,0.00220852,0.00254759,0.0,0.00254759,0.0,0.002548
n4991,U5608/Y,NAND3X1,INVX1/A,1,0.00155103,0.00155103,0.00147616,0.00147616,0.00155103,0.0,0.00155103,0.0,0.001551
n5003,U3305/Y,NAND2X1,NOR2X1/B,1,0.00236501,0.00236501,0.00229711,0.00229711,0.00236501,0.0,0.00236501,0.0,0.002365
n5016,U3401/Y,NAND2X1,INVX1/A;INVX1/A,2,0.00310206,0.00310206,0.00295232,0.00295232,0.00310206,0.0,0.00310206,0.0,0.003102
n5027,U5632/Y,NAND3X1,BUFX2/A,1,0.00153896,0.00153896,0.00150415,0.00150415,0.00153896,0.0,0.00153896,0.0,0.001539
n5035,U5639/Y,NAND3X1,BUFX2/A,1,0.00153896,0.00153896,0.00150415,0.00150415,0.00153896,0.0,0.00153896,0.0,0.001539
n5039,U5640/Y,NAND3X1,NOR2X1/B,1,0.00236501,0.00236501,0.00229711,0.00229711,0.00236501,0.0,0.00236501,0.0,0.002365
n5040,U5627/Y,NAND3X1,NOR2X1/A,1,0.00224248,0.00224248,0.00220861,0.00220861,0.00224248,0.0,0.00224248,0.0,0.002242
n5051,U5650/Y,NAND3X1,NOR3X1/C,1,0.00328822,0.00328822,0.00322576,0.00322576,0.00328822,0.0,0.00328822,0.0,0.003288
n5059,U5658/Y,NAND3X1,OR2X2/B,1,0.00234214,0.00228252,0.00234214,0.00228252,0.00234214,0.0,0.00234214,0.0,0.002342
n5064,U3374/Y,NAND2X1,NOR2X1/B,1,0.00236501,0.00236501,0.00229711,0.00229711,0.00236501,0.0,0.00236501,0.0,0.002365
n5065,U5646/Y,NAND3X1,NOR2X1/A;NOR2X1/A,2,0.00448496,0.00448496,0.00441722,0.00441722,0.00448496,0.0,0.00448496,0.0,0.004485
n5076,U5668/Y,NAND3X1,BUFX2/A,1,0.00153896,0.00153896,0.00150415,0.00150415,0.00153896,0.0,0.00153896,0.0,0.001539
n5084,U5675/Y,NAND3X1,OR2X2/A,1,0.00230117,0.00229176,0.00230117,0.00229176,0.00230117,0.0,0.00230117,0.0,0.002301
n5089,U5676/Y,NAND3X1,NOR2X1/B,1,0.00236501,0.00236501,0.00229711,0.00229711,0.00236501,0.0,0.00236501,0.0,0.002365
n5090,U5664/Y,NAND3X1,NOR2X1/A;NOR2X1/A,2,0.00448496,0.00448496,0.00441722,0.00441722,0.00448496,0.0,0.00448496,0.0,0.004485
n5101,U5685/Y,NAND3X1,BUFX4/A,1,0.0039795,0.0039795,0.003854,0.003854,0.0039795,0.0,0.0039795,0.0,0.003979
n5104,U2890/Y,NAND2X1,OR2X2/B,1,0.00234214,0.00228252,0.00234214,0.00228252,0.00234214,0.0,0.00234214,0.0,0.002342
n5109,U5691/Y,NAND3X1,OR2X2/B,1,0.00234214,0.00228252,0.00234214,0.00228252,0.00234214,0.0,0.00234214,0.0,0.002342
n5114,U5692/Y,NAND3X1,INVX1/A;NOR2X1/B,2,0.00391604,0.00391604,0.0037732700000000004,0.00377327,0.00391604,0.0,0.00391604,0.0,0.003916
n5115,U2935/Y,NAND2X1,NOR2X1/A;NOR2X1/A,2,0.00448496,0.00448496,0.00441722,0.00441722,0.00448496,0.0,0.00448496,0.0,0.004485
n5116,U2163/Y,NAND2X1,OR2X2/B,1,0.00234214,0.00228252,0.00234214,0.00228252,0.00234214,0.0,0.00234214,0.0,0.002342
n5131,U5703/Y,NAND3X1,NOR2X1/B,1,0.00236501,0.00236501,0.00229711,0.00229711,0.00236501,0.0,0.00236501,0.0,0.002365
n5135,U5704/Y,NAND3X1,BUFX2/A;NOR2X1/A;NOR2X1/A,3,0.0060239199999999994,0.0060239199999999994,0.0059213700000000005,0.00592137,0.00602392,0.0,0.00602392,0.0,0.006024
n5136,U5697/Y,NAND3X1,BUFX2/A,1,0.00153896,0.00153896,0.00150415,0.00150415,0.00153896,0.0,0.00153896,0.0,0.001539
n5147,U5714/Y,NAND3X1,BUFX2/A,1,0.00153896,0.00153896,0.00150415,0.00150415,0.00153896,0.0,0.00153896,0.0,0.001539
n5155,U5721/Y,NAND3X1,OR2X2/A,1,0.00230117,0.00229176,0.00230117,0.00229176,0.00230117,0.0,0.00230117,0.0,0.002301
n5160,U5722/Y,NAND3X1,NOR2X1/B,1,0.00236501,0.00236501,0.00229711,0.00229711,0.00236501,0.0,0.00236501,0.0,0.002365
n5161,U5709/Y,NAND3X1,NOR2X1/A,1,0.00224248,0.00224248,0.00220861,0.00220861,0.00224248,0.0,0.00224248,0.0,0.002242
n5180,U5732/Y,NAND3X1,OR2X1/A,1,0.00252527,0.00252527,0.00231339,0.00231339,0.00252527,0.0,0.00252527,0.0,0.002525
n5185,U5733/Y,NAND3X1,BUFX2/A;NOR2X1/B,2,0.0039039699999999997,0.0039039699999999997,0.0038012600000000003,0.00380126,0.00390397,0.0,0.00390397,0.0,0.003904
n5196,U5743/Y,NAND3X1,NOR3X1/C,1,0.00328822,0.00328822,0.00322576,0.00322576,0.00328822,0.0,0.00328822,0.0,0.003288
n5204,U5748/Y,NAND3X1,NOR2X1/A,1,0.00224248,0.00224248,0.00220861,0.00220861,0.00224248,0.0,0.00224248,0.0,0.002242
n5208,U5749/Y,NAND3X1,NOR2X1/A;NOR2X1/B,2,0.00460749,0.00460749,0.00450572,0.00450572,0.00460749,0.0,0.00460749,0.0,0.004607
n5209,U5739/Y,NAND3X1,BUFX2/A,1,0.00153896,0.00153896,0.00150415,0.00150415,0.00153896,0.0,0.00153896,0.0,0.001539
n5228,U2576/Y,NOR2X1,NAND3X1/C,1,0.00296109,0.00296109,0.0028316,0.0028316,0.00296109,0.0,0.00296109,0.0,0.002961
n5229,U2605/Y,NOR2X1,NAND3X1/B,1,0.00283213,0.00283213,0.00259978,0.00259978,0.00283213,0.0,0.00283213,0.0,0.002832
n5231,U5764/Y,NAND3X1,INVX1/A,1,0.00155103,0.00155103,0.00147616,0.00147616,0.00155103,0.0,0.00155103,0.0,0.001551
n5232,U2602/Y,NAND2X1,OR2X2/B,1,0.00234214,0.00228252,0.00234214,0.00228252,0.00234214,0.0,0.00234214,0.0,0.002342
n5242,U5770/Y,NAND3X1,NOR2X1/B,1,0.00236501,0.00236501,0.00229711,0.00229711,0.00236501,0.0,0.00236501,0.0,0.002365
n5250,U5775/Y,NAND3X1,NOR2X1/A,1,0.00224248,0.00224248,0.00220861,0.00220861,0.00224248,0.0,0.00224248,0.0,0.002242
n5254,U5776/Y,NAND3X1,INVX1/A;OR2X2/A,2,0.0038522,0.0038427899999999996,0.0037773299999999998,0.00377733,0.00384279,0.0,0.00384279,0.0,0.003852
n5255,U5768/Y,NAND3X1,NOR2X1/A,1,0.00224248,0.00224248,0.00220861,0.00220861,0.00224248,0.0,0.00224248,0.0,0.002242
n5264,U5787/Y,NAND3X1,NOR3X1/C,1,0.00328822,0.00328822,0.00322576,0.00322576,0.00328822,0.0,0.00328822,0.0,0.003288
n5269,U5790/Y,NAND3X1,OR2X2/B,1,0.00234214,0.00228252,0.00234214,0.00228252,0.00234214,0.0,0.00234214,0.0,0.002342
n5273,U5782/Y,NAND3X1,INVX1/A;NOR2X1/A,2,0.00379351,0.00379351,0.0036847700000000004,0.00368477,0.00379351,0.0,0.00379351,0.0,0.003794
n5283,U2982/Y,NAND2X1,NAND3X1/A,1,0.00254759,0.00254759,0.00220852,0.00220852,0.00254759,0.0,0.00254759,0.0,0.002548
n5284,U5799/Y,NAND3X1,NOR3X1/B,1,0.003067,0.00306333,0.003067,0.00306333,0.003067,0.0,0.003067,0.0,0.003067
n5291,U5804/Y,NAND3X1,OR2X2/B,1,0.00234214,0.00228252,0.00234214,0.00228252,0.00234214,0.0,0.00234214,0.0,0.002342
n5296,U5805/Y,NAND3X1,NOR2X1/B,1,0.00236501,0.00236501,0.00229711,0.00229711,0.00236501,0.0,0.00236501,0.0,0.002365
n5297,U5795/Y,NAND3X1,NOR2X1/A,1,0.00224248,0.00224248,0.00220861,0.00220861,0.00224248,0.0,0.00224248,0.0,0.002242
n5308,U5816/Y,NAND3X1,NOR3X1/C,1,0.00328822,0.00328822,0.00322576,0.00322576,0.00328822,0.0,0.00328822,0.0,0.003288
n5315,U2294/Y,NAND2X1,NAND3X1/A,1,0.00254759,0.00254759,0.00220852,0.00220852,0.00254759,0.0,0.00254759,0.0,0.002548
n5316,U5822/Y,NAND3X1,NOR2X1/B,1,0.00236501,0.00236501,0.00229711,0.00229711,0.00236501,0.0,0.00236501,0.0,0.002365
n5320,U5823/Y,NAND3X1,INVX1/A;NOR2X1/B,2,0.00391604,0.00391604,0.0037732700000000004,0.00377327,0.00391604,0.0,0.00391604,0.0,0.003916
n5321,U5811/Y,NAND3X1,NOR2X1/A;NOR2X1/A,2,0.00448496,0.00448496,0.00441722,0.00441722,0.00448496,0.0,0.00448496,0.0,0.004485
n5334,U2354/Y,NAND2X1,NOR2X1/B,1,0.00236501,0.00236501,0.00229711,0.00229711,0.00236501,0.0,0.00236501,0.0,0.002365
n5345,U2370/Y,NOR2X1,NAND3X1/A,1,0.00254759,0.00254759,0.00220852,0.00220852,0.00254759,0.0,0.00254759,0.0,0.002548
n5346,U5836/Y,NAND3X1,INVX1/A;INVX1/A,2,0.00310206,0.00310206,0.00295232,0.00295232,0.00310206,0.0,0.00310206,0.0,0.003102
n5357,U5845/Y,NAND3X1,NOR3X1/C,1,0.00328822,0.00328822,0.00322576,0.00322576,0.00328822,0.0,0.00328822,0.0,0.003288
n5365,U5849/Y,NAND3X1,NOR2X1/B,1,0.00236501,0.00236501,0.00229711,0.00229711,0.00236501,0.0,0.00236501,0.0,0.002365
n5369,U5850/Y,NAND3X1,NOR2X1/B;NOR2X1/B,2,0.00473002,0.00473002,0.00459422,0.00459422,0.00473002,0.0,0.00473002,0.0,0.00473
n5370,U5840/Y,NAND3X1,NOR2X1/A,1,0.00224248,0.00224248,0.00220861,0.00220861,0.00224248,0.0,0.00224248,0.0,0.002242
n5383,U5858/Y,NAND3X1,NOR3X1/B,1,0.003067,0.00306333,0.003067,0.00306333,0.003067,0.0,0.003067,0.0,0.003067
n5391,U5863/Y,NAND3X1,NOR2X1/B,1,0.00236501,0.00236501,0.00229711,0.00229711,0.00236501,0.0,0.00236501,0.0,0.002365
n5394,U5864/Y,NAND3X1,NOR2X1/B;NOR2X1/B,2,0.00473002,0.00473002,0.00459422,0.00459422,0.00473002,0.0,0.00473002,0.0,0.00473
n5395,U5856/Y,NAND3X1,NOR2X1/A,1,0.00224248,0.00224248,0.00220861,0.00220861,0.00224248,0.0,0.00224248,0.0,0.002242
n5406,U3406/Y,NAND2X1,NOR2X1/B,1,0.00236501,0.00236501,0.00229711,0.00229711,0.00236501,0.0,0.00236501,0.0,0.002365
n5416,U4415/Y,NOR2X1,NAND3X1/B,1,0.00283213,0.00283213,0.00259978,0.00259978,0.00283213,0.0,0.00283213,0.0,0.002832
n5417,U2133/Y,NOR2X1,NAND3X1/A,1,0.00254759,0.00254759,0.00220852,0.00220852,0.00254759,0.0,0.00254759,0.0,0.002548
n5419,U5873/Y,NAND3X1,INVX1/A,1,0.00155103,0.00155103,0.00147616,0.00147616,0.00155103,0.0,0.00155103,0.0,0.001551
n5428,U5878/Y,NAND3X1,NOR3X1/B,1,0.003067,0.00306333,0.003067,0.00306333,0.003067,0.0,0.003067,0.0,0.003067
n5434,U5881/Y,NAND3X1,OR2X2/B,1,0.00234214,0.00228252,0.00234214,0.00228252,0.00234214,0.0,0.00234214,0.0,0.002342
n5439,U5882/Y,NAND3X1,NOR2X1/B,1,0.00236501,0.00236501,0.00229711,0.00229711,0.00236501,0.0,0.00236501,0.0,0.002365
n5449,U5889/Y,NAND3X1,NOR3X1/C,1,0.00328822,0.00328822,0.00322576,0.00322576,0.00328822,0.0,0.00328822,0.0,0.003288
n5456,U5893/Y,NAND3X1,INVX1/A,1,0.00155103,0.00155103,0.00147616,0.00147616,0.00155103,0.0,0.00155103,0.0,0.001551
n5465,U5899/Y,NAND3X1,NOR3X1/C,1,0.00328822,0.00328822,0.00322576,0.00322576,0.00328822,0.0,0.00328822,0.0,0.003288
n5470,U5901/Y,NAND3X1,OR2X2/A,1,0.00230117,0.00229176,0.00230117,0.00229176,0.00230117,0.0,0.00230117,0.0,0.002301
n5474,U5902/Y,NAND3X1,NOR2X1/B,1,0.00236501,0.00236501,0.00229711,0.00229711,0.00236501,0.0,0.00236501,0.0,0.002365
n5484,U5909/Y,NAND3X1,BUFX2/A,1,0.00153896,0.00153896,0.00150415,0.00150415,0.00153896,0.0,0.00153896,0.0,0.001539
n5489,U5911/Y,NAND3X1,OR2X2/A,1,0.00230117,0.00229176,0.00230117,0.00229176,0.00230117,0.0,0.00230117,0.0,0.002301
n5494,U5912/Y,NAND3X1,BUFX2/A;NOR2X1/B;NOR2X1/B,3,0.0062689799999999995,0.0062689799999999995,0.0060983700000000005,0.00609837,0.00626898,0.0,0.00626898,0.0,0.006269
n5495,U5906/Y,NAND3X1,NOR2X1/A,1,0.00224248,0.00224248,0.00220861,0.00220861,0.00224248,0.0,0.00224248,0.0,0.002242
n5518,U5922/Y,NAND3X1,NOR3X1/C,1,0.00328822,0.00328822,0.00322576,0.00322576,0.00328822,0.0,0.00328822,0.0,0.003288
n5520,U2333/Y,NOR2X1,NAND3X1/B,1,0.00283213,0.00283213,0.00259978,0.00259978,0.00283213,0.0,0.00283213,0.0,0.002832
n5521,U3674/Y,NOR2X1,NAND3X1/A,1,0.00254759,0.00254759,0.00220852,0.00220852,0.00254759,0.0,0.00254759,0.0,0.002548
n5522,U5926/Y,NAND3X1,INVX1/A;INVX1/A,2,0.00310206,0.00310206,0.00295232,0.00295232,0.00310206,0.0,0.00310206,0.0,0.003102
n5528,U3436/Y,NAND2X1,NAND3X1/C,1,0.00296109,0.00296109,0.0028316,0.0028316,0.00296109,0.0,0.00296109,0.0,0.002961
n5530,U5932/Y,NAND3X1,NOR2X1/A,1,0.00224248,0.00224248,0.00220861,0.00220861,0.00224248,0.0,0.00224248,0.0,0.002242
n5534,U5933/Y,NAND3X1,NOR2X1/B,1,0.00236501,0.00236501,0.00229711,0.00229711,0.00236501,0.0,0.00236501,0.0,0.002365
n5537,U5934/Y,NAND3X1,OR2X2/A,1,0.00230117,0.00229176,0.00230117,0.00229176,0.00230117,0.0,0.00230117,0.0,0.002301
n5538,U5929/Y,NAND3X1,OR2X2/B,1,0.00234214,0.00228252,0.00234214,0.00228252,0.00234214,0.0,0.00234214,0.0,0.002342
n5552,U5943/Y,NAND3X1,NOR3X1/C,1,0.00328822,0.00328822,0.00322576,0.00322576,0.00328822,0.0,0.00328822,0.0,0.003288
n5560,U5946/Y,NAND3X1,NOR2X1/A,1,0.00224248,0.00224248,0.00220861,0.00220861,0.00224248,0.0,0.00224248,0.0,0.002242
n5564,U5947/Y,NAND3X1,NOR2X1/B,1,0.00236501,0.00236501,0.00229711,0.00229711,0.00236501,0.0,0.00236501,0.0,0.002365
n5565,U5938/Y,NAND3X1,NOR2X1/A,1,0.00224248,0.00224248,0.00220861,0.00220861,0.00224248,0.0,0.00224248,0.0,0.002242
n5576,U5958/Y,NAND3X1,NOR3X1/A,1,0.00302113,0.00302113,0.00301081,0.00301081,0.00302113,0.0,0.00302113,0.0,0.003021
n5584,U5964/Y,NAND3X1,OR2X2/A,1,0.00230117,0.00229176,0.00230117,0.00229176,0.00230117,0.0,0.00230117,0.0,0.002301
n5589,U5965/Y,NAND3X1,OR2X2/A,1,0.00230117,0.00229176,0.00230117,0.00229176,0.00230117,0.0,0.00230117,0.0,0.002301
n5590,U5952/Y,NAND3X1,OR2X2/B,1,0.00234214,0.00228252,0.00234214,0.00228252,0.00234214,0.0,0.00234214,0.0,0.002342
n5601,U5974/Y,NAND3X1,NOR3X1/C,1,0.00328822,0.00328822,0.00322576,0.00322576,0.00328822,0.0,0.00328822,0.0,0.003288
n5608,U5980/Y,NAND3X1,OR2X2/A,1,0.00230117,0.00229176,0.00230117,0.00229176,0.00230117,0.0,0.00230117,0.0,0.002301
n5613,U5981/Y,NAND3X1,NOR2X1/B,1,0.00236501,0.00236501,0.00229711,0.00229711,0.00236501,0.0,0.00236501,0.0,0.002365
n5614,U5970/Y,NAND3X1,NOR2X1/A,1,0.00224248,0.00224248,0.00220861,0.00220861,0.00224248,0.0,0.00224248,0.0,0.002242
n5625,U5989/Y,NAND3X1,NOR3X1/C,1,0.00328822,0.00328822,0.00322576,0.00322576,0.00328822,0.0,0.00328822,0.0,0.003288
n5628,U2745/Y,NAND2X1,OR2X2/B,1,0.00234214,0.00228252,0.00234214,0.00228252,0.00234214,0.0,0.00234214,0.0,0.002342
n5632,U5992/Y,NAND3X1,OR2X2/A,1,0.00230117,0.00229176,0.00230117,0.00229176,0.00230117,0.0,0.00230117,0.0,0.002301
n5633,U5986/Y,NAND3X1,OR2X2/B,1,0.00234214,0.00228252,0.00234214,0.00228252,0.00234214,0.0,0.00234214,0.0,0.002342
n5644,U6003/Y,NAND3X1,NOR3X1/C,1,0.00328822,0.00328822,0.00322576,0.00322576,0.00328822,0.0,0.00328822,0.0,0.003288
n5652,U6010/Y,NAND3X1,NOR2X1/B,1,0.00236501,0.00236501,0.00229711,0.00229711,0.00236501,0.0,0.00236501,0.0,0.002365
n5656,U6011/Y,NAND3X1,NOR2X1/B,1,0.00236501,0.00236501,0.00229711,0.00229711,0.00236501,0.0,0.00236501,0.0,0.002365
n5657,U5997/Y,NAND3X1,NOR2X1/A,1,0.00224248,0.00224248,0.00220861,0.00220861,0.00224248,0.0,0.00224248,0.0,0.002242
n5666,U6019/Y,NAND3X1,NOR3X1/C,1,0.00328822,0.00328822,0.00322576,0.00322576,0.00328822,0.0,0.00328822,0.0,0.003288
n5672,U6024/Y,NAND3X1,NOR2X1/B,1,0.00236501,0.00236501,0.00229711,0.00229711,0.00236501,0.0,0.00236501,0.0,0.002365
n5676,U6025/Y,NAND3X1,INVX1/A;NOR2X1/A,2,0.00379351,0.00379351,0.0036847700000000004,0.00368477,0.00379351,0.0,0.00379351,0.0,0.003794
n5677,U6015/Y,NAND3X1,BUFX2/A,1,0.00153896,0.00153896,0.00150415,0.00150415,0.00153896,0.0,0.00153896,0.0,0.001539
n5693,U6038/Y,NAND3X1,NOR2X1/B,1,0.00236501,0.00236501,0.00229711,0.00229711,0.00236501,0.0,0.00236501,0.0,0.002365
n5697,U6039/Y,NAND3X1,NOR2X1/A;NOR2X1/A;NOR2X1/B,3,0.0068499699999999995,0.0068499699999999995,0.006714330000000001,0.00671433,0.00684997,0.0,0.00684997,0.0,0.00685
n5698,U6030/Y,NAND3X1,BUFX2/A,1,0.00153896,0.00153896,0.00150415,0.00150415,0.00153896,0.0,0.00153896,0.0,0.001539
n5710,U6049/Y,NAND3X1,NOR3X1/C,1,0.00328822,0.00328822,0.00322576,0.00322576,0.00328822,0.0,0.00328822,0.0,0.003288
n5718,U6053/Y,NAND3X1,INVX1/A,1,0.00155103,0.00155103,0.00147616,0.00147616,0.00155103,0.0,0.00155103,0.0,0.001551
n5720,U6044/Y,NAND3X1,NOR2X1/B,1,0.00236501,0.00236501,0.00229711,0.00229711,0.00236501,0.0,0.00236501,0.0,0.002365
n5731,U6065/Y,NAND3X1,NOR3X1/C;NOR3X1/C,2,0.00657644,0.00657644,0.00645152,0.00645152,0.00657644,0.0,0.00657644,0.0,0.006576
n5739,U6072/Y,NAND3X1,OR2X2/A,1,0.00230117,0.00229176,0.00230117,0.00229176,0.00230117,0.0,0.00230117,0.0,0.002301
n5744,U6073/Y,NAND3X1,NOR2X1/B,1,0.00236501,0.00236501,0.00229711,0.00229711,0.00236501,0.0,0.00236501,0.0,0.002365
n5745,U6059/Y,NAND3X1,NOR2X1/A;NOR2X1/A,2,0.00448496,0.00448496,0.00441722,0.00441722,0.00448496,0.0,0.00448496,0.0,0.004485
n5754,U6084/Y,NAND3X1,NOR3X1/C,1,0.00328822,0.00328822,0.00322576,0.00322576,0.00328822,0.0,0.00328822,0.0,0.003288
n5761,U6090/Y,NAND3X1,OR2X2/B,1,0.00234214,0.00228252,0.00234214,0.00228252,0.00234214,0.0,0.00234214,0.0,0.002342
n5766,U6091/Y,NAND3X1,OR2X2/A,1,0.00230117,0.00229176,0.00230117,0.00229176,0.00230117,0.0,0.00230117,0.0,0.002301
n5767,U6079/Y,NAND3X1,OR2X2/B,1,0.00234214,0.00228252,0.00234214,0.00228252,0.00234214,0.0,0.00234214,0.0,0.002342
n5778,U6103/Y,NAND3X1,NOR3X1/A,1,0.00302113,0.00302113,0.00301081,0.00301081,0.00302113,0.0,0.00302113,0.0,0.003021
n5786,U6110/Y,NAND3X1,OR2X2/A,1,0.00230117,0.00229176,0.00230117,0.00229176,0.00230117,0.0,0.00230117,0.0,0.002301
n5791,U6111/Y,NAND3X1,NOR2X1/B,1,0.00236501,0.00236501,0.00229711,0.00229711,0.00236501,0.0,0.00236501,0.0,0.002365
n5792,U6096/Y,NAND3X1,NOR2X1/A;NOR2X1/A,2,0.00448496,0.00448496,0.00441722,0.00441722,0.00448496,0.0,0.00448496,0.0,0.004485
n5799,U2107/Y,NAND2X1,AND2X2/A,1,0.00179784,0.00179784,0.00176278,0.00176278,0.00179784,0.0,0.00179784,0.0,0.001798
n5803,U6122/Y,NAND3X1,BUFX2/A,1,0.00153896,0.00153896,0.00150415,0.00150415,0.00153896,0.0,0.00153896,0.0,0.001539
n5809,U6127/Y,NAND3X1,OR2X2/A,1,0.00230117,0.00229176,0.00230117,0.00229176,0.00230117,0.0,0.00230117,0.0,0.002301
n5814,U6128/Y,NAND3X1,NOR2X1/B;NOR2X1/B,2,0.00473002,0.00473002,0.00459422,0.00459422,0.00473002,0.0,0.00473002,0.0,0.00473
n5815,U6117/Y,NAND3X1,NOR2X1/A;NOR2X1/A,2,0.00448496,0.00448496,0.00441722,0.00441722,0.00448496,0.0,0.00448496,0.0,0.004485
n5826,U6138/Y,NAND3X1,BUFX2/A,1,0.00153896,0.00153896,0.00150415,0.00150415,0.00153896,0.0,0.00153896,0.0,0.001539
n5834,U6144/Y,NAND3X1,OR2X2/B,1,0.00234214,0.00228252,0.00234214,0.00228252,0.00234214,0.0,0.00234214,0.0,0.002342
n5839,U6145/Y,NAND3X1,NOR2X1/B,1,0.00236501,0.00236501,0.00229711,0.00229711,0.00236501,0.0,0.00236501,0.0,0.002365
n5840,U6134/Y,NAND3X1,NOR2X1/A,1,0.00224248,0.00224248,0.00220861,0.00220861,0.00224248,0.0,0.00224248,0.0,0.002242
n5852,U2897/Y,NAND2X1,NAND3X1/B,1,0.00283213,0.00283213,0.00259978,0.00259978,0.00283213,0.0,0.00283213,0.0,0.002832
n5853,U3000/Y,NAND2X1,NAND3X1/A,1,0.00254759,0.00254759,0.00220852,0.00220852,0.00254759,0.0,0.00254759,0.0,0.002548
n5854,U6153/Y,NAND3X1,NOR3X1/C,1,0.00328822,0.00328822,0.00322576,0.00322576,0.00328822,0.0,0.00328822,0.0,0.003288
n5863,U6158/Y,NAND3X1,INVX1/A,1,0.00155103,0.00155103,0.00147616,0.00147616,0.00155103,0.0,0.00155103,0.0,0.001551
n5866,U6159/Y,NAND3X1,NOR2X1/B,1,0.00236501,0.00236501,0.00229711,0.00229711,0.00236501,0.0,0.00236501,0.0,0.002365
n5867,U6150/Y,NAND3X1,NOR2X1/A,1,0.00224248,0.00224248,0.00220861,0.00220861,0.00224248,0.0,0.00224248,0.0,0.002242
n5886,U6172/Y,NAND3X1,NOR2X1/A;NOR2X1/B,2,0.00460749,0.00460749,0.00450572,0.00450572,0.00460749,0.0,0.00460749,0.0,0.004607
n5887,U6164/Y,NAND3X1,NOR2X1/A;NOR2X1/B,2,0.00460749,0.00460749,0.00450572,0.00450572,0.00460749,0.0,0.00460749,0.0,0.004607
n5898,U6185/Y,NAND3X1,NOR3X1/C,1,0.00328822,0.00328822,0.00322576,0.00322576,0.00328822,0.0,0.00328822,0.0,0.003288
n5906,U6192/Y,NAND3X1,NOR2X1/B,1,0.00236501,0.00236501,0.00229711,0.00229711,0.00236501,0.0,0.00236501,0.0,0.002365
n5910,U6193/Y,NAND3X1,NOR2X1/B;OR2X2/B,2,0.00470715,0.00464753,0.00463925,0.00463925,0.00464753,0.0,0.00464753,0.0,0.004707
n5911,U6178/Y,NAND3X1,BUFX4/A,1,0.0039795,0.0039795,0.003854,0.003854,0.0039795,0.0,0.0039795,0.0,0.003979
n5920,U6202/Y,NAND3X1,NOR3X1/C,1,0.00328822,0.00328822,0.00322576,0.00322576,0.00328822,0.0,0.00328822,0.0,0.003288
n5925,U6208/Y,NAND3X1,NOR2X1/B,1,0.00236501,0.00236501,0.00229711,0.00229711,0.00236501,0.0,0.00236501,0.0,0.002365
n5929,U6209/Y,NAND3X1,NOR2X1/B;NOR2X1/B,2,0.00473002,0.00473002,0.00459422,0.00459422,0.00473002,0.0,0.00473002,0.0,0.00473
n5930,U6196/Y,NAND3X1,BUFX2/A,1,0.00153896,0.00153896,0.00150415,0.00150415,0.00153896,0.0,0.00153896,0.0,0.001539
n5941,U6219/Y,NAND3X1,BUFX4/A,1,0.0039795,0.0039795,0.003854,0.003854,0.0039795,0.0,0.0039795,0.0,0.003979
n5949,U6225/Y,NAND3X1,NOR2X1/B,1,0.00236501,0.00236501,0.00229711,0.00229711,0.00236501,0.0,0.00236501,0.0,0.002365
n5953,U6226/Y,NAND3X1,OR2X2/A,1,0.00230117,0.00229176,0.00230117,0.00229176,0.00230117,0.0,0.00230117,0.0,0.002301
n5954,U6214/Y,NAND3X1,OR2X2/B,1,0.00234214,0.00228252,0.00234214,0.00228252,0.00234214,0.0,0.00234214,0.0,0.002342
n5962,U2929/Y,NAND2X1,NAND2X1/B,1,0.00202749,0.00202749,0.00194421,0.00194421,0.00202749,0.0,0.00202749,0.0,0.002027
n5968,U6236/Y,NAND3X1,NOR3X1/C,1,0.00328822,0.00328822,0.00322576,0.00322576,0.00328822,0.0,0.00328822,0.0,0.003288
n5977,U6243/Y,NAND3X1,NOR2X1/B,1,0.00236501,0.00236501,0.00229711,0.00229711,0.00236501,0.0,0.00236501,0.0,0.002365
n5981,U6244/Y,NAND3X1,NOR2X1/B,1,0.00236501,0.00236501,0.00229711,0.00229711,0.00236501,0.0,0.00236501,0.0,0.002365
n5982,U6231/Y,NAND3X1,NOR2X1/A,1,0.00224248,0.00224248,0.00220861,0.00220861,0.00224248,0.0,0.00224248,0.0,0.002242
n5991,U6253/Y,NAND3X1,NOR3X1/B,1,0.003067,0.00306333,0.003067,0.00306333,0.003067,0.0,0.003067,0.0,0.003067
n5999,U6260/Y,NAND3X1,NOR2X1/B,1,0.00236501,0.00236501,0.00229711,0.00229711,0.00236501,0.0,0.00236501,0.0,0.002365
n6003,U6261/Y,NAND3X1,NOR2X1/A;OR2X2/A,2,0.00454365,0.00453424,0.00450978,0.00450978,0.00453424,0.0,0.00453424,0.0,0.004544
n6014,U6271/Y,NAND3X1,NOR3X1/C,1,0.00328822,0.00328822,0.00322576,0.00322576,0.00328822,0.0,0.00328822,0.0,0.003288
n6020,U6274/Y,NAND3X1,NOR2X1/B,1,0.00236501,0.00236501,0.00229711,0.00229711,0.00236501,0.0,0.00236501,0.0,0.002365
n6024,U6266/Y,NAND3X1,BUFX2/A,1,0.00153896,0.00153896,0.00150415,0.00150415,0.00153896,0.0,0.00153896,0.0,0.001539
n6035,U6285/Y,NAND3X1,BUFX2/A,1,0.00153896,0.00153896,0.00150415,0.00150415,0.00153896,0.0,0.00153896,0.0,0.001539
n6043,U6290/Y,NAND3X1,OR2X2/A,1,0.00230117,0.00229176,0.00230117,0.00229176,0.00230117,0.0,0.00230117,0.0,0.002301
n6048,U6291/Y,NAND3X1,NOR2X1/B,1,0.00236501,0.00236501,0.00229711,0.00229711,0.00236501,0.0,0.00236501,0.0,0.002365
n6049,U6279/Y,NAND3X1,NOR2X1/A,1,0.00224248,0.00224248,0.00220861,0.00220861,0.00224248,0.0,0.00224248,0.0,0.002242
n6063,U6301/Y,NAND3X1,NOR3X1/C,1,0.00328822,0.00328822,0.00322576,0.00322576,0.00328822,0.0,0.00328822,0.0,0.003288
n6069,U3473/Y,NAND2X1,NAND3X1/C,1,0.00296109,0.00296109,0.0028316,0.0028316,0.00296109,0.0,0.00296109,0.0,0.002961
n6072,U6307/Y,NAND3X1,BUFX2/A,1,0.00153896,0.00153896,0.00150415,0.00150415,0.00153896,0.0,0.00153896,0.0,0.001539
n6076,U6308/Y,NAND3X1,OR2X2/A,1,0.00230117,0.00229176,0.00230117,0.00229176,0.00230117,0.0,0.00230117,0.0,0.002301
n6077,U6295/Y,NAND3X1,OR2X2/B,1,0.00234214,0.00228252,0.00234214,0.00228252,0.00234214,0.0,0.00234214,0.0,0.002342
n6081,U2266/Y,NAND2X1,AND2X2/A,1,0.00179784,0.00179784,0.00176278,0.00176278,0.00179784,0.0,0.00179784,0.0,0.001798
n6086,U6315/Y,NAND3X1,NOR3X1/C,1,0.00328822,0.00328822,0.00322576,0.00322576,0.00328822,0.0,0.00328822,0.0,0.003288
n6092,U6319/Y,NAND3X1,NOR2X1/B,1,0.00236501,0.00236501,0.00229711,0.00229711,0.00236501,0.0,0.00236501,0.0,0.002365
n6096,U6320/Y,NAND3X1,OR2X2/A,1,0.00230117,0.00229176,0.00230117,0.00229176,0.00230117,0.0,0.00230117,0.0,0.002301
n6097,U6311/Y,NAND3X1,OR2X2/B,1,0.00234214,0.00228252,0.00234214,0.00228252,0.00234214,0.0,0.00234214,0.0,0.002342
n6108,U6331/Y,NAND3X1,NOR3X1/C,1,0.00328822,0.00328822,0.00322576,0.00322576,0.00328822,0.0,0.00328822,0.0,0.003288
n6116,U6337/Y,NAND3X1,OR2X2/A,1,0.00230117,0.00229176,0.00230117,0.00229176,0.00230117,0.0,0.00230117,0.0,0.002301
n6121,U6338/Y,NAND3X1,NOR2X1/B,1,0.00236501,0.00236501,0.00229711,0.00229711,0.00236501,0.0,0.00236501,0.0,0.002365
n6122,U6325/Y,NAND3X1,NOR2X1/A,1,0.00224248,0.00224248,0.00220861,0.00220861,0.00224248,0.0,0.00224248,0.0,0.002242
n6136,U6349/Y,NAND3X1,NOR2X1/A,1,0.00224248,0.00224248,0.00220861,0.00220861,0.00224248,0.0,0.00224248,0.0,0.002242
n6144,U6354/Y,NAND3X1,NOR2X1/B,1,0.00236501,0.00236501,0.00229711,0.00229711,0.00236501,0.0,0.00236501,0.0,0.002365
n6148,U6355/Y,NAND3X1,NOR2X1/A;NOR2X1/A,2,0.00448496,0.00448496,0.00441722,0.00441722,0.00448496,0.0,0.00448496,0.0,0.004485
n6149,U6344/Y,NAND3X1,NOR2X1/B;NOR2X1/B,2,0.00473002,0.00473002,0.00459422,0.00459422,0.00473002,0.0,0.00473002,0.0,0.00473
n6154,U2925/Y,NAND2X1,AND2X2/A,1,0.00179784,0.00179784,0.00176278,0.00176278,0.00179784,0.0,0.00179784,0.0,0.001798
n6158,U6358/Y,NAND3X1,NOR3X1/B,1,0.003067,0.00306333,0.003067,0.00306333,0.003067,0.0,0.003067,0.0,0.003067
n6164,U6360/Y,NAND3X1,NOR2X1/B,1,0.00236501,0.00236501,0.00229711,0.00229711,0.00236501,0.0,0.00236501,0.0,0.002365
n6167,U6361/Y,NAND3X1,NOR2X1/B,1,0.00236501,0.00236501,0.00229711,0.00229711,0.00236501,0.0,0.00236501,0.0,0.002365
n6171,U3668/Y,NAND2X1,NAND2X1/B,1,0.00202749,0.00202749,0.00194421,0.00194421,0.00202749,0.0,0.00202749,0.0,0.002027
n6176,U6366/Y,NAND3X1,NOR3X1/B,1,0.003067,0.00306333,0.003067,0.00306333,0.003067,0.0,0.003067,0.0,0.003067
n6181,U6368/Y,NAND3X1,NOR2X1/B,1,0.00236501,0.00236501,0.00229711,0.00229711,0.00236501,0.0,0.00236501,0.0,0.002365
n6185,U6369/Y,NAND3X1,OR2X2/A,1,0.00230117,0.00229176,0.00230117,0.00229176,0.00230117,0.0,0.00230117,0.0,0.002301
n6186,U6364/Y,NAND3X1,BUFX2/A,1,0.00153896,0.00153896,0.00150415,0.00150415,0.00153896,0.0,0.00153896,0.0,0.001539
n6208,U6381/Y,NAND3X1,NOR2X1/B,1,0.00236501,0.00236501,0.00229711,0.00229711,0.00236501,0.0,0.00236501,0.0,0.002365
n6209,U6378/Y,NAND3X1,NOR2X1/A,1,0.00224248,0.00224248,0.00220861,0.00220861,0.00224248,0.0,0.00224248,0.0,0.002242
n6210,U6371/Y,NAND3X1,NOR2X1/A,1,0.00224248,0.00224248,0.00220861,0.00220861,0.00224248,0.0,0.00224248,0.0,0.002242
n6211,U6385/Y,AOI22X1,AND2X2/B,1,0.00186944,0.00186944,0.00182011,0.00182011,0.00186944,0.0,0.00186944,0.0,0.001869
n6212,U6384/Y,AOI22X1,AND2X2/A,1,0.00179784,0.00179784,0.00176278,0.00176278,0.00179784,0.0,0.00179784,0.0,0.001798
n6214,U6383/Y,AOI22X1,NAND2X1/A,1,0.00211057,0.00211057,0.00188435,0.00188435,0.00211057,0.0,0.00211057,0.0,0.002111
n6215,U6382/Y,AOI22X1,NAND2X1/B,1,0.00202749,0.00202749,0.00194421,0.00194421,0.00202749,0.0,0.00202749,0.0,0.002027
n6216,U6389/Y,AOI22X1,AND2X2/B,1,0.00186944,0.00186944,0.00182011,0.00182011,0.00186944,0.0,0.00186944,0.0,0.001869
n6217,U3664/Y,NOR2X1,AND2X2/A,1,0.00179784,0.00179784,0.00176278,0.00176278,0.00179784,0.0,0.00179784,0.0,0.001798
n6219,U6388/Y,AOI22X1,NAND3X1/B,1,0.00283213,0.00283213,0.00259978,0.00259978,0.00283213,0.0,0.00283213,0.0,0.002832
n6220,U6387/Y,AOI22X1,NAND3X1/A,1,0.00254759,0.00254759,0.00220852,0.00220852,0.00254759,0.0,0.00254759,0.0,0.002548
n6221,U6391/Y,NAND3X1,OR2X2/B,1,0.00234214,0.00228252,0.00234214,0.00228252,0.00234214,0.0,0.00234214,0.0,0.002342
n6222,U2537/Y,NAND2X1,OR2X2/A,1,0.00230117,0.00229176,0.00230117,0.00229176,0.00230117,0.0,0.00230117,0.0,0.002301
n6223,U6396/Y,AOI22X1,AND2X2/B,1,0.00186944,0.00186944,0.00182011,0.00182011,0.00186944,0.0,0.00186944,0.0,0.001869
n6224,U6395/Y,AOI22X1,AND2X2/A,1,0.00179784,0.00179784,0.00176278,0.00176278,0.00179784,0.0,0.00179784,0.0,0.001798
n6226,U6394/Y,AOI22X1,NAND3X1/B,1,0.00283213,0.00283213,0.00259978,0.00259978,0.00283213,0.0,0.00283213,0.0,0.002832
n6227,U6393/Y,AOI22X1,NAND3X1/A,1,0.00254759,0.00254759,0.00220852,0.00220852,0.00254759,0.0,0.00254759,0.0,0.002548
n6228,U6402/Y,AOI22X1,AND2X2/B,1,0.00186944,0.00186944,0.00182011,0.00182011,0.00186944,0.0,0.00186944,0.0,0.001869
n6229,U6401/Y,AOI22X1,AND2X2/A,1,0.00179784,0.00179784,0.00176278,0.00176278,0.00179784,0.0,0.00179784,0.0,0.001798
n6231,U6400/Y,AOI22X1,NAND3X1/B,1,0.00283213,0.00283213,0.00259978,0.00259978,0.00283213,0.0,0.00283213,0.0,0.002832
n6232,U6399/Y,AOI22X1,NAND3X1/A,1,0.00254759,0.00254759,0.00220852,0.00220852,0.00254759,0.0,0.00254759,0.0,0.002548
n6233,U6404/Y,NAND3X1,OR2X2/A,1,0.00230117,0.00229176,0.00230117,0.00229176,0.00230117,0.0,0.00230117,0.0,0.002301
n6234,U6398/Y,NAND3X1,OR2X2/B,1,0.00234214,0.00228252,0.00234214,0.00228252,0.00234214,0.0,0.00234214,0.0,0.002342
n6235,U6409/Y,AOI22X1,AND2X2/B,1,0.00186944,0.00186944,0.00182011,0.00182011,0.00186944,0.0,0.00186944,0.0,0.001869
n6236,U6408/Y,AOI22X1,AND2X2/A,1,0.00179784,0.00179784,0.00176278,0.00176278,0.00179784,0.0,0.00179784,0.0,0.001798
n6238,U6407/Y,AOI22X1,NAND3X1/A,1,0.00254759,0.00254759,0.00220852,0.00220852,0.00254759,0.0,0.00254759,0.0,0.002548
n6239,U6406/Y,AOI22X1,NAND3X1/B,1,0.00283213,0.00283213,0.00259978,0.00259978,0.00283213,0.0,0.00283213,0.0,0.002832
n6240,U6415/Y,AOI22X1,AND2X2/B,1,0.00186944,0.00186944,0.00182011,0.00182011,0.00186944,0.0,0.00186944,0.0,0.001869
n6241,U6414/Y,AOI22X1,AND2X2/A,1,0.00179784,0.00179784,0.00176278,0.00176278,0.00179784,0.0,0.00179784,0.0,0.001798
n6243,U6413/Y,AOI22X1,NAND3X1/B,1,0.00283213,0.00283213,0.00259978,0.00259978,0.00283213,0.0,0.00283213,0.0,0.002832
n6244,U6412/Y,AOI22X1,NAND3X1/A,1,0.00254759,0.00254759,0.00220852,0.00220852,0.00254759,0.0,0.00254759,0.0,0.002548
n6245,U6417/Y,NAND3X1,OR2X2/A,1,0.00230117,0.00229176,0.00230117,0.00229176,0.00230117,0.0,0.00230117,0.0,0.002301
n6246,U6411/Y,NAND3X1,OR2X2/B,1,0.00234214,0.00228252,0.00234214,0.00228252,0.00234214,0.0,0.00234214,0.0,0.002342
n6247,U6422/Y,AOI22X1,AND2X2/B,1,0.00186944,0.00186944,0.00182011,0.00182011,0.00186944,0.0,0.00186944,0.0,0.001869
n6248,U6421/Y,AOI22X1,AND2X2/A,1,0.00179784,0.00179784,0.00176278,0.00176278,0.00179784,0.0,0.00179784,0.0,0.001798
n6250,U6420/Y,AOI22X1,NAND3X1/A,1,0.00254759,0.00254759,0.00220852,0.00220852,0.00254759,0.0,0.00254759,0.0,0.002548
n6251,U6419/Y,AOI22X1,NAND3X1/B,1,0.00283213,0.00283213,0.00259978,0.00259978,0.00283213,0.0,0.00283213,0.0,0.002832
n6252,U6428/Y,AOI22X1,AND2X2/B,1,0.00186944,0.00186944,0.00182011,0.00182011,0.00186944,0.0,0.00186944,0.0,0.001869
n6253,U6427/Y,AOI22X1,AND2X2/A,1,0.00179784,0.00179784,0.00176278,0.00176278,0.00179784,0.0,0.00179784,0.0,0.001798
n6255,U6426/Y,AOI22X1,NAND3X1/B,1,0.00283213,0.00283213,0.00259978,0.00259978,0.00283213,0.0,0.00283213,0.0,0.002832
n6256,U6425/Y,AOI22X1,NAND3X1/A,1,0.00254759,0.00254759,0.00220852,0.00220852,0.00254759,0.0,0.00254759,0.0,0.002548
n6257,U6430/Y,NAND3X1,OR2X2/A,1,0.00230117,0.00229176,0.00230117,0.00229176,0.00230117,0.0,0.00230117,0.0,0.002301
n6258,U6424/Y,NAND3X1,OR2X2/B,1,0.00234214,0.00228252,0.00234214,0.00228252,0.00234214,0.0,0.00234214,0.0,0.002342
n6259,U6435/Y,AOI22X1,AND2X2/B,1,0.00186944,0.00186944,0.00182011,0.00182011,0.00186944,0.0,0.00186944,0.0,0.001869
n6260,U6434/Y,AOI22X1,AND2X2/A,1,0.00179784,0.00179784,0.00176278,0.00176278,0.00179784,0.0,0.00179784,0.0,0.001798
n6262,U6433/Y,AOI22X1,NAND3X1/B,1,0.00283213,0.00283213,0.00259978,0.00259978,0.00283213,0.0,0.00283213,0.0,0.002832
n6263,U6432/Y,AOI22X1,NAND3X1/A,1,0.00254759,0.00254759,0.00220852,0.00220852,0.00254759,0.0,0.00254759,0.0,0.002548
n6264,U6441/Y,AOI22X1,AND2X2/B,1,0.00186944,0.00186944,0.00182011,0.00182011,0.00186944,0.0,0.00186944,0.0,0.001869
n6265,U6440/Y,AOI22X1,AND2X2/A,1,0.00179784,0.00179784,0.00176278,0.00176278,0.00179784,0.0,0.00179784,0.0,0.001798
n6267,U6439/Y,AOI22X1,NAND3X1/B,1,0.00283213,0.00283213,0.00259978,0.00259978,0.00283213,0.0,0.00283213,0.0,0.002832
n6268,U6438/Y,AOI22X1,NAND3X1/A,1,0.00254759,0.00254759,0.00220852,0.00220852,0.00254759,0.0,0.00254759,0.0,0.002548
n6269,U6443/Y,NAND3X1,OR2X2/A,1,0.00230117,0.00229176,0.00230117,0.00229176,0.00230117,0.0,0.00230117,0.0,0.002301
n6270,U6437/Y,NAND3X1,OR2X2/B,1,0.00234214,0.00228252,0.00234214,0.00228252,0.00234214,0.0,0.00234214,0.0,0.002342
n6271,U6448/Y,AOI22X1,AND2X2/B,1,0.00186944,0.00186944,0.00182011,0.00182011,0.00186944,0.0,0.00186944,0.0,0.001869
n6272,U6447/Y,AOI22X1,AND2X2/A,1,0.00179784,0.00179784,0.00176278,0.00176278,0.00179784,0.0,0.00179784,0.0,0.001798
n6274,U6446/Y,AOI22X1,NAND3X1/A,1,0.00254759,0.00254759,0.00220852,0.00220852,0.00254759,0.0,0.00254759,0.0,0.002548
n6275,U6445/Y,AOI22X1,NAND3X1/B,1,0.00283213,0.00283213,0.00259978,0.00259978,0.00283213,0.0,0.00283213,0.0,0.002832
n6276,U6454/Y,AOI22X1,AND2X2/B,1,0.00186944,0.00186944,0.00182011,0.00182011,0.00186944,0.0,0.00186944,0.0,0.001869
n6277,U6453/Y,AOI22X1,AND2X2/A,1,0.00179784,0.00179784,0.00176278,0.00176278,0.00179784,0.0,0.00179784,0.0,0.001798
n6279,U6452/Y,AOI22X1,NAND3X1/B,1,0.00283213,0.00283213,0.00259978,0.00259978,0.00283213,0.0,0.00283213,0.0,0.002832
n6280,U6451/Y,AOI22X1,NAND3X1/A,1,0.00254759,0.00254759,0.00220852,0.00220852,0.00254759,0.0,0.00254759,0.0,0.002548
n6281,U6456/Y,NAND3X1,OR2X2/A,1,0.00230117,0.00229176,0.00230117,0.00229176,0.00230117,0.0,0.00230117,0.0,0.002301
n6282,U6450/Y,NAND3X1,OR2X2/B,1,0.00234214,0.00228252,0.00234214,0.00228252,0.00234214,0.0,0.00234214,0.0,0.002342
n6283,U6461/Y,AOI22X1,AND2X2/B,1,0.00186944,0.00186944,0.00182011,0.00182011,0.00186944,0.0,0.00186944,0.0,0.001869
n6284,U6460/Y,AOI22X1,AND2X2/A,1,0.00179784,0.00179784,0.00176278,0.00176278,0.00179784,0.0,0.00179784,0.0,0.001798
n6286,U6459/Y,AOI22X1,NAND3X1/B,1,0.00283213,0.00283213,0.00259978,0.00259978,0.00283213,0.0,0.00283213,0.0,0.002832
n6287,U6458/Y,AOI22X1,NAND3X1/A,1,0.00254759,0.00254759,0.00220852,0.00220852,0.00254759,0.0,0.00254759,0.0,0.002548
n6288,U6467/Y,AOI22X1,AND2X2/B,1,0.00186944,0.00186944,0.00182011,0.00182011,0.00186944,0.0,0.00186944,0.0,0.001869
n6289,U6466/Y,AOI22X1,AND2X2/A,1,0.00179784,0.00179784,0.00176278,0.00176278,0.00179784,0.0,0.00179784,0.0,0.001798
n6291,U6465/Y,AOI22X1,NAND3X1/A,1,0.00254759,0.00254759,0.00220852,0.00220852,0.00254759,0.0,0.00254759,0.0,0.002548
n6292,U6464/Y,AOI22X1,NAND3X1/B,1,0.00283213,0.00283213,0.00259978,0.00259978,0.00283213,0.0,0.00283213,0.0,0.002832
n6293,U6469/Y,NAND3X1,OR2X2/A,1,0.00230117,0.00229176,0.00230117,0.00229176,0.00230117,0.0,0.00230117,0.0,0.002301
n6294,U6463/Y,NAND3X1,OR2X2/B,1,0.00234214,0.00228252,0.00234214,0.00228252,0.00234214,0.0,0.00234214,0.0,0.002342
n6295,U6474/Y,AOI22X1,AND2X2/B,1,0.00186944,0.00186944,0.00182011,0.00182011,0.00186944,0.0,0.00186944,0.0,0.001869
n6296,U6473/Y,AOI22X1,AND2X2/A,1,0.00179784,0.00179784,0.00176278,0.00176278,0.00179784,0.0,0.00179784,0.0,0.001798
n6298,U6472/Y,AOI22X1,NAND3X1/B,1,0.00283213,0.00283213,0.00259978,0.00259978,0.00283213,0.0,0.00283213,0.0,0.002832
n6299,U6471/Y,AOI22X1,NAND3X1/A,1,0.00254759,0.00254759,0.00220852,0.00220852,0.00254759,0.0,0.00254759,0.0,0.002548
n6300,U6480/Y,AOI22X1,AND2X2/B,1,0.00186944,0.00186944,0.00182011,0.00182011,0.00186944,0.0,0.00186944,0.0,0.001869
n6301,U6479/Y,AOI22X1,AND2X2/A,1,0.00179784,0.00179784,0.00176278,0.00176278,0.00179784,0.0,0.00179784,0.0,0.001798
n6303,U6478/Y,AOI22X1,NAND3X1/A,1,0.00254759,0.00254759,0.00220852,0.00220852,0.00254759,0.0,0.00254759,0.0,0.002548
n6304,U6477/Y,AOI22X1,NAND3X1/B,1,0.00283213,0.00283213,0.00259978,0.00259978,0.00283213,0.0,0.00283213,0.0,0.002832
n6305,U6482/Y,NAND3X1,OR2X2/A,1,0.00230117,0.00229176,0.00230117,0.00229176,0.00230117,0.0,0.00230117,0.0,0.002301
n6306,U6476/Y,NAND3X1,OR2X2/B,1,0.00234214,0.00228252,0.00234214,0.00228252,0.00234214,0.0,0.00234214,0.0,0.002342
n6307,U6487/Y,AOI22X1,AND2X2/B,1,0.00186944,0.00186944,0.00182011,0.00182011,0.00186944,0.0,0.00186944,0.0,0.001869
n6308,U6486/Y,AOI22X1,AND2X2/A,1,0.00179784,0.00179784,0.00176278,0.00176278,0.00179784,0.0,0.00179784,0.0,0.001798
n6310,U6485/Y,AOI22X1,NAND3X1/B,1,0.00283213,0.00283213,0.00259978,0.00259978,0.00283213,0.0,0.00283213,0.0,0.002832
n6311,U6484/Y,AOI22X1,NAND3X1/A,1,0.00254759,0.00254759,0.00220852,0.00220852,0.00254759,0.0,0.00254759,0.0,0.002548
n6313,U6492/Y,AOI22X1,AND2X2/A,1,0.00179784,0.00179784,0.00176278,0.00176278,0.00179784,0.0,0.00179784,0.0,0.001798
n6315,U6491/Y,AOI22X1,NAND3X1/A,1,0.00254759,0.00254759,0.00220852,0.00220852,0.00254759,0.0,0.00254759,0.0,0.002548
n6316,U6490/Y,AOI22X1,NAND3X1/B,1,0.00283213,0.00283213,0.00259978,0.00259978,0.00283213,0.0,0.00283213,0.0,0.002832
n6317,U6494/Y,NAND3X1,OR2X2/A,1,0.00230117,0.00229176,0.00230117,0.00229176,0.00230117,0.0,0.00230117,0.0,0.002301
n6318,U6489/Y,NAND3X1,OR2X2/B,1,0.00234214,0.00228252,0.00234214,0.00228252,0.00234214,0.0,0.00234214,0.0,0.002342
n6319,U6499/Y,AOI22X1,AND2X2/B,1,0.00186944,0.00186944,0.00182011,0.00182011,0.00186944,0.0,0.00186944,0.0,0.001869
n6320,U6498/Y,AOI22X1,AND2X2/A,1,0.00179784,0.00179784,0.00176278,0.00176278,0.00179784,0.0,0.00179784,0.0,0.001798
n6322,U6497/Y,AOI22X1,NAND3X1/B,1,0.00283213,0.00283213,0.00259978,0.00259978,0.00283213,0.0,0.00283213,0.0,0.002832
n6323,U6496/Y,AOI22X1,NAND3X1/A,1,0.00254759,0.00254759,0.00220852,0.00220852,0.00254759,0.0,0.00254759,0.0,0.002548
n6324,U6504/Y,AOI22X1,AND2X2/B,1,0.00186944,0.00186944,0.00182011,0.00182011,0.00186944,0.0,0.00186944,0.0,0.001869
n6325,U6503/Y,AOI22X1,AND2X2/A,1,0.00179784,0.00179784,0.00176278,0.00176278,0.00179784,0.0,0.00179784,0.0,0.001798
n6327,U1826/Y,NOR2X1,NAND3X1/A,1,0.00254759,0.00254759,0.00220852,0.00220852,0.00254759,0.0,0.00254759,0.0,0.002548
n6328,U6502/Y,AOI22X1,NAND3X1/B,1,0.00283213,0.00283213,0.00259978,0.00259978,0.00283213,0.0,0.00283213,0.0,0.002832
n6329,U6506/Y,NAND3X1,OR2X2/A,1,0.00230117,0.00229176,0.00230117,0.00229176,0.00230117,0.0,0.00230117,0.0,0.002301
n6330,U6501/Y,NAND3X1,OR2X2/B,1,0.00234214,0.00228252,0.00234214,0.00228252,0.00234214,0.0,0.00234214,0.0,0.002342
n6331,U6510/Y,AOI22X1,AND2X2/B,1,0.00186944,0.00186944,0.00182011,0.00182011,0.00186944,0.0,0.00186944,0.0,0.001869
n6332,U6509/Y,AOI22X1,AND2X2/A,1,0.00179784,0.00179784,0.00176278,0.00176278,0.00179784,0.0,0.00179784,0.0,0.001798
n6334,U6508/Y,AOI22X1,NAND3X1/A,1,0.00254759,0.00254759,0.00220852,0.00220852,0.00254759,0.0,0.00254759,0.0,0.002548
n6336,U6514/Y,AOI22X1,OAI21X1/C,1,0.00200991,0.00200991,0.0019239,0.0019239,0.00200991,0.0,0.00200991,0.0,0.00201
n6339,U6516/Y,AOI21X1,NAND3X1/A,1,0.00254759,0.00254759,0.00220852,0.00220852,0.00254759,0.0,0.00254759,0.0,0.002548
n6340,U6513/Y,AOI22X1,NAND3X1/B,1,0.00283213,0.00283213,0.00259978,0.00259978,0.00283213,0.0,0.00283213,0.0,0.002832
n6342,U6517/Y,NAND3X1,OR2X2/A,1,0.00230117,0.00229176,0.00230117,0.00229176,0.00230117,0.0,0.00230117,0.0,0.002301
n6343,U6512/Y,NAND3X1,OR2X2/B,1,0.00234214,0.00228252,0.00234214,0.00228252,0.00234214,0.0,0.00234214,0.0,0.002342
n6344,U6522/Y,AOI22X1,AND2X2/B,1,0.00186944,0.00186944,0.00182011,0.00182011,0.00186944,0.0,0.00186944,0.0,0.001869
n6345,U6521/Y,AOI22X1,AND2X2/A,1,0.00179784,0.00179784,0.00176278,0.00176278,0.00179784,0.0,0.00179784,0.0,0.001798
n6347,U6520/Y,AOI22X1,NAND2X1/B,1,0.00202749,0.00202749,0.00194421,0.00194421,0.00202749,0.0,0.00202749,0.0,0.002027
n6348,U6519/Y,AOI22X1,NAND2X1/B,1,0.00202749,0.00202749,0.00194421,0.00194421,0.00202749,0.0,0.00202749,0.0,0.002027
n6349,U6526/Y,AOI22X1,OAI21X1/C,1,0.00200991,0.00200991,0.0019239,0.0019239,0.00200991,0.0,0.00200991,0.0,0.00201
n6352,U6528/Y,AOI21X1,NAND3X1/C,1,0.00296109,0.00296109,0.0028316,0.0028316,0.00296109,0.0,0.00296109,0.0,0.002961
n6353,U6525/Y,AOI22X1,NAND3X1/B,1,0.00283213,0.00283213,0.00259978,0.00259978,0.00283213,0.0,0.00283213,0.0,0.002832
n6354,U6524/Y,AOI22X1,NAND3X1/A,1,0.00254759,0.00254759,0.00220852,0.00220852,0.00254759,0.0,0.00254759,0.0,0.002548
n6355,U6529/Y,NAND3X1,OR2X2/A,1,0.00230117,0.00229176,0.00230117,0.00229176,0.00230117,0.0,0.00230117,0.0,0.002301
n6356,U3422/Y,NAND2X1,OR2X2/B,1,0.00234214,0.00228252,0.00234214,0.00228252,0.00234214,0.0,0.00234214,0.0,0.002342
n6357,U6531/Y,NAND2X1,INVX1/A;OR2X2/B,2,0.0038931699999999996,0.00383355,0.0038183,0.0038183,0.00383355,0.0,0.00383355,0.0,0.003893
n6359,U6536/Y,AOI22X1,AND2X2/B,1,0.00186944,0.00186944,0.00182011,0.00182011,0.00186944,0.0,0.00186944,0.0,0.001869
n6360,U6535/Y,AOI22X1,AND2X2/A,1,0.00179784,0.00179784,0.00176278,0.00176278,0.00179784,0.0,0.00179784,0.0,0.001798
n6362,U6534/Y,AOI22X1,NAND3X1/B,1,0.00283213,0.00283213,0.00259978,0.00259978,0.00283213,0.0,0.00283213,0.0,0.002832
n6363,U6533/Y,AOI22X1,NAND3X1/A,1,0.00254759,0.00254759,0.00220852,0.00220852,0.00254759,0.0,0.00254759,0.0,0.002548
n6364,U6542/Y,AOI22X1,AND2X2/B,1,0.00186944,0.00186944,0.00182011,0.00182011,0.00186944,0.0,0.00186944,0.0,0.001869
n6365,U6541/Y,AOI22X1,AND2X2/A,1,0.00179784,0.00179784,0.00176278,0.00176278,0.00179784,0.0,0.00179784,0.0,0.001798
n6367,U6540/Y,AOI22X1,NAND3X1/B,1,0.00283213,0.00283213,0.00259978,0.00259978,0.00283213,0.0,0.00283213,0.0,0.002832
n6368,U6539/Y,AOI22X1,NAND3X1/A,1,0.00254759,0.00254759,0.00220852,0.00220852,0.00254759,0.0,0.00254759,0.0,0.002548
n6369,U6544/Y,NAND3X1,OR2X2/A,1,0.00230117,0.00229176,0.00230117,0.00229176,0.00230117,0.0,0.00230117,0.0,0.002301
n6370,U6538/Y,NAND3X1,OR2X2/B,1,0.00234214,0.00228252,0.00234214,0.00228252,0.00234214,0.0,0.00234214,0.0,0.002342
n6371,U6549/Y,AOI22X1,AND2X2/B,1,0.00186944,0.00186944,0.00182011,0.00182011,0.00186944,0.0,0.00186944,0.0,0.001869
n6372,U6548/Y,AOI22X1,AND2X2/A,1,0.00179784,0.00179784,0.00176278,0.00176278,0.00179784,0.0,0.00179784,0.0,0.001798
n6374,U6547/Y,AOI22X1,NAND3X1/B,1,0.00283213,0.00283213,0.00259978,0.00259978,0.00283213,0.0,0.00283213,0.0,0.002832
n6375,U6546/Y,AOI22X1,NAND3X1/A,1,0.00254759,0.00254759,0.00220852,0.00220852,0.00254759,0.0,0.00254759,0.0,0.002548
n6376,U6555/Y,AOI22X1,AND2X2/B,1,0.00186944,0.00186944,0.00182011,0.00182011,0.00186944,0.0,0.00186944,0.0,0.001869
n6377,U6554/Y,AOI22X1,AND2X2/A,1,0.00179784,0.00179784,0.00176278,0.00176278,0.00179784,0.0,0.00179784,0.0,0.001798
n6379,U6553/Y,AOI22X1,NAND3X1/B,1,0.00283213,0.00283213,0.00259978,0.00259978,0.00283213,0.0,0.00283213,0.0,0.002832
n6380,U6552/Y,AOI22X1,NAND3X1/A,1,0.00254759,0.00254759,0.00220852,0.00220852,0.00254759,0.0,0.00254759,0.0,0.002548
n6381,U6557/Y,NAND3X1,OR2X2/A,1,0.00230117,0.00229176,0.00230117,0.00229176,0.00230117,0.0,0.00230117,0.0,0.002301
n6382,U6551/Y,NAND3X1,OR2X2/B,1,0.00234214,0.00228252,0.00234214,0.00228252,0.00234214,0.0,0.00234214,0.0,0.002342
n6383,U6562/Y,AOI22X1,AND2X2/B,1,0.00186944,0.00186944,0.00182011,0.00182011,0.00186944,0.0,0.00186944,0.0,0.001869
n6384,U6561/Y,AOI22X1,AND2X2/A,1,0.00179784,0.00179784,0.00176278,0.00176278,0.00179784,0.0,0.00179784,0.0,0.001798
n6386,U6560/Y,AOI22X1,NAND3X1/B,1,0.00283213,0.00283213,0.00259978,0.00259978,0.00283213,0.0,0.00283213,0.0,0.002832
n6387,U6559/Y,AOI22X1,NAND3X1/A,1,0.00254759,0.00254759,0.00220852,0.00220852,0.00254759,0.0,0.00254759,0.0,0.002548
n6388,U6568/Y,AOI22X1,AND2X2/B,1,0.00186944,0.00186944,0.00182011,0.00182011,0.00186944,0.0,0.00186944,0.0,0.001869
n6389,U6567/Y,AOI22X1,AND2X2/A,1,0.00179784,0.00179784,0.00176278,0.00176278,0.00179784,0.0,0.00179784,0.0,0.001798
n6391,U6566/Y,AOI22X1,NAND3X1/C,1,0.00296109,0.00296109,0.0028316,0.0028316,0.00296109,0.0,0.00296109,0.0,0.002961
n6392,U6565/Y,AOI22X1,NAND3X1/A,1,0.00254759,0.00254759,0.00220852,0.00220852,0.00254759,0.0,0.00254759,0.0,0.002548
n6393,U6570/Y,NAND3X1,OR2X2/A,1,0.00230117,0.00229176,0.00230117,0.00229176,0.00230117,0.0,0.00230117,0.0,0.002301
n6394,U6564/Y,NAND3X1,OR2X2/B,1,0.00234214,0.00228252,0.00234214,0.00228252,0.00234214,0.0,0.00234214,0.0,0.002342
n6395,U6575/Y,AOI22X1,AND2X2/B,1,0.00186944,0.00186944,0.00182011,0.00182011,0.00186944,0.0,0.00186944,0.0,0.001869
n6396,U6574/Y,AOI22X1,AND2X2/A,1,0.00179784,0.00179784,0.00176278,0.00176278,0.00179784,0.0,0.00179784,0.0,0.001798
n6398,U6573/Y,AOI22X1,NAND3X1/B,1,0.00283213,0.00283213,0.00259978,0.00259978,0.00283213,0.0,0.00283213,0.0,0.002832
n6399,U6572/Y,AOI22X1,NAND3X1/A,1,0.00254759,0.00254759,0.00220852,0.00220852,0.00254759,0.0,0.00254759,0.0,0.002548
n6400,U6581/Y,AOI22X1,AND2X2/B,1,0.00186944,0.00186944,0.00182011,0.00182011,0.00186944,0.0,0.00186944,0.0,0.001869
n6401,U6580/Y,AOI22X1,AND2X2/A,1,0.00179784,0.00179784,0.00176278,0.00176278,0.00179784,0.0,0.00179784,0.0,0.001798
n6403,U6579/Y,AOI22X1,NAND3X1/B,1,0.00283213,0.00283213,0.00259978,0.00259978,0.00283213,0.0,0.00283213,0.0,0.002832
n6404,U6578/Y,AOI22X1,NAND3X1/A,1,0.00254759,0.00254759,0.00220852,0.00220852,0.00254759,0.0,0.00254759,0.0,0.002548
n6405,U6583/Y,NAND3X1,OR2X2/A,1,0.00230117,0.00229176,0.00230117,0.00229176,0.00230117,0.0,0.00230117,0.0,0.002301
n6406,U6577/Y,NAND3X1,OR2X2/B,1,0.00234214,0.00228252,0.00234214,0.00228252,0.00234214,0.0,0.00234214,0.0,0.002342
n6407,U6588/Y,AOI22X1,AND2X2/B,1,0.00186944,0.00186944,0.00182011,0.00182011,0.00186944,0.0,0.00186944,0.0,0.001869
n6408,U6587/Y,AOI22X1,AND2X2/A,1,0.00179784,0.00179784,0.00176278,0.00176278,0.00179784,0.0,0.00179784,0.0,0.001798
n6410,U6586/Y,AOI22X1,NAND3X1/B,1,0.00283213,0.00283213,0.00259978,0.00259978,0.00283213,0.0,0.00283213,0.0,0.002832
n6411,U6585/Y,AOI22X1,NAND3X1/A,1,0.00254759,0.00254759,0.00220852,0.00220852,0.00254759,0.0,0.00254759,0.0,0.002548
n6412,U6594/Y,AOI22X1,AND2X2/B,1,0.00186944,0.00186944,0.00182011,0.00182011,0.00186944,0.0,0.00186944,0.0,0.001869
n6413,U6593/Y,AOI22X1,AND2X2/A,1,0.00179784,0.00179784,0.00176278,0.00176278,0.00179784,0.0,0.00179784,0.0,0.001798
n6415,U6592/Y,AOI22X1,NAND3X1/C,1,0.00296109,0.00296109,0.0028316,0.0028316,0.00296109,0.0,0.00296109,0.0,0.002961
n6416,U6591/Y,AOI22X1,NAND3X1/A,1,0.00254759,0.00254759,0.00220852,0.00220852,0.00254759,0.0,0.00254759,0.0,0.002548
n6417,U6596/Y,NAND3X1,OR2X2/A,1,0.00230117,0.00229176,0.00230117,0.00229176,0.00230117,0.0,0.00230117,0.0,0.002301
n6418,U6590/Y,NAND3X1,OR2X2/B,1,0.00234214,0.00228252,0.00234214,0.00228252,0.00234214,0.0,0.00234214,0.0,0.002342
n6419,U6601/Y,AOI22X1,AND2X2/B,1,0.00186944,0.00186944,0.00182011,0.00182011,0.00186944,0.0,0.00186944,0.0,0.001869
n6420,U6600/Y,AOI22X1,AND2X2/A,1,0.00179784,0.00179784,0.00176278,0.00176278,0.00179784,0.0,0.00179784,0.0,0.001798
n6422,U6599/Y,AOI22X1,NAND3X1/B,1,0.00283213,0.00283213,0.00259978,0.00259978,0.00283213,0.0,0.00283213,0.0,0.002832
n6423,U6598/Y,AOI22X1,NAND3X1/A,1,0.00254759,0.00254759,0.00220852,0.00220852,0.00254759,0.0,0.00254759,0.0,0.002548
n6424,U6607/Y,AOI22X1,AND2X2/B,1,0.00186944,0.00186944,0.00182011,0.00182011,0.00186944,0.0,0.00186944,0.0,0.001869
n6425,U6606/Y,AOI22X1,AND2X2/A,1,0.00179784,0.00179784,0.00176278,0.00176278,0.00179784,0.0,0.00179784,0.0,0.001798
n6427,U6605/Y,AOI22X1,NAND3X1/B,1,0.00283213,0.00283213,0.00259978,0.00259978,0.00283213,0.0,0.00283213,0.0,0.002832
n6428,U6604/Y,AOI22X1,NAND3X1/A,1,0.00254759,0.00254759,0.00220852,0.00220852,0.00254759,0.0,0.00254759,0.0,0.002548
n6429,U6609/Y,NAND3X1,OR2X2/A,1,0.00230117,0.00229176,0.00230117,0.00229176,0.00230117,0.0,0.00230117,0.0,0.002301
n6430,U6603/Y,NAND3X1,OR2X2/B,1,0.00234214,0.00228252,0.00234214,0.00228252,0.00234214,0.0,0.00234214,0.0,0.002342
n6431,U6614/Y,AOI22X1,AND2X2/B,1,0.00186944,0.00186944,0.00182011,0.00182011,0.00186944,0.0,0.00186944,0.0,0.001869
n6432,U6613/Y,AOI22X1,AND2X2/A,1,0.00179784,0.00179784,0.00176278,0.00176278,0.00179784,0.0,0.00179784,0.0,0.001798
n6434,U6612/Y,AOI22X1,NAND3X1/B,1,0.00283213,0.00283213,0.00259978,0.00259978,0.00283213,0.0,0.00283213,0.0,0.002832
n6435,U6611/Y,AOI22X1,NAND3X1/A,1,0.00254759,0.00254759,0.00220852,0.00220852,0.00254759,0.0,0.00254759,0.0,0.002548
n6436,U6620/Y,AOI22X1,AND2X2/B,1,0.00186944,0.00186944,0.00182011,0.00182011,0.00186944,0.0,0.00186944,0.0,0.001869
n6437,U6619/Y,AOI22X1,AND2X2/A,1,0.00179784,0.00179784,0.00176278,0.00176278,0.00179784,0.0,0.00179784,0.0,0.001798
n6439,U6618/Y,AOI22X1,NAND3X1/C,1,0.00296109,0.00296109,0.0028316,0.0028316,0.00296109,0.0,0.00296109,0.0,0.002961
n6440,U6617/Y,AOI22X1,NAND3X1/A,1,0.00254759,0.00254759,0.00220852,0.00220852,0.00254759,0.0,0.00254759,0.0,0.002548
n6441,U6622/Y,NAND3X1,OR2X2/A,1,0.00230117,0.00229176,0.00230117,0.00229176,0.00230117,0.0,0.00230117,0.0,0.002301
n6442,U6616/Y,NAND3X1,OR2X2/B,1,0.00234214,0.00228252,0.00234214,0.00228252,0.00234214,0.0,0.00234214,0.0,0.002342
n6443,U6627/Y,AOI22X1,AND2X2/B,1,0.00186944,0.00186944,0.00182011,0.00182011,0.00186944,0.0,0.00186944,0.0,0.001869
n6444,U6626/Y,AOI22X1,AND2X2/A,1,0.00179784,0.00179784,0.00176278,0.00176278,0.00179784,0.0,0.00179784,0.0,0.001798
n6446,U6625/Y,AOI22X1,NAND3X1/B,1,0.00283213,0.00283213,0.00259978,0.00259978,0.00283213,0.0,0.00283213,0.0,0.002832
n6447,U6624/Y,AOI22X1,NAND3X1/A,1,0.00254759,0.00254759,0.00220852,0.00220852,0.00254759,0.0,0.00254759,0.0,0.002548
n6448,U6633/Y,AOI22X1,AND2X2/B,1,0.00186944,0.00186944,0.00182011,0.00182011,0.00186944,0.0,0.00186944,0.0,0.001869
n6449,U6632/Y,AOI22X1,AND2X2/A,1,0.00179784,0.00179784,0.00176278,0.00176278,0.00179784,0.0,0.00179784,0.0,0.001798
n6451,U6631/Y,AOI22X1,NAND3X1/B,1,0.00283213,0.00283213,0.00259978,0.00259978,0.00283213,0.0,0.00283213,0.0,0.002832
n6452,U6630/Y,AOI22X1,NAND3X1/A,1,0.00254759,0.00254759,0.00220852,0.00220852,0.00254759,0.0,0.00254759,0.0,0.002548
n6453,U6635/Y,NAND3X1,OR2X2/A,1,0.00230117,0.00229176,0.00230117,0.00229176,0.00230117,0.0,0.00230117,0.0,0.002301
n6454,U6629/Y,NAND3X1,OR2X2/B,1,0.00234214,0.00228252,0.00234214,0.00228252,0.00234214,0.0,0.00234214,0.0,0.002342
n6455,U6640/Y,AOI22X1,AND2X2/B,1,0.00186944,0.00186944,0.00182011,0.00182011,0.00186944,0.0,0.00186944,0.0,0.001869
n6456,U6639/Y,AOI22X1,AND2X2/A,1,0.00179784,0.00179784,0.00176278,0.00176278,0.00179784,0.0,0.00179784,0.0,0.001798
n6458,U6638/Y,AOI22X1,NAND3X1/B,1,0.00283213,0.00283213,0.00259978,0.00259978,0.00283213,0.0,0.00283213,0.0,0.002832
n6459,U6637/Y,AOI22X1,NAND3X1/A,1,0.00254759,0.00254759,0.00220852,0.00220852,0.00254759,0.0,0.00254759,0.0,0.002548
n6460,U6646/Y,AOI22X1,AND2X2/B,1,0.00186944,0.00186944,0.00182011,0.00182011,0.00186944,0.0,0.00186944,0.0,0.001869
n6461,U6645/Y,AOI22X1,AND2X2/A,1,0.00179784,0.00179784,0.00176278,0.00176278,0.00179784,0.0,0.00179784,0.0,0.001798
n6463,U6644/Y,AOI22X1,NAND3X1/C,1,0.00296109,0.00296109,0.0028316,0.0028316,0.00296109,0.0,0.00296109,0.0,0.002961
n6464,U6643/Y,AOI22X1,NAND3X1/A,1,0.00254759,0.00254759,0.00220852,0.00220852,0.00254759,0.0,0.00254759,0.0,0.002548
n6465,U6648/Y,NAND3X1,OR2X2/A,1,0.00230117,0.00229176,0.00230117,0.00229176,0.00230117,0.0,0.00230117,0.0,0.002301
n6466,U6642/Y,NAND3X1,OR2X2/B,1,0.00234214,0.00228252,0.00234214,0.00228252,0.00234214,0.0,0.00234214,0.0,0.002342
n6467,U6653/Y,AOI22X1,AND2X2/B,1,0.00186944,0.00186944,0.00182011,0.00182011,0.00186944,0.0,0.00186944,0.0,0.001869
n6468,U6652/Y,AOI22X1,AND2X2/A,1,0.00179784,0.00179784,0.00176278,0.00176278,0.00179784,0.0,0.00179784,0.0,0.001798
n6470,U6651/Y,AOI22X1,NAND3X1/B,1,0.00283213,0.00283213,0.00259978,0.00259978,0.00283213,0.0,0.00283213,0.0,0.002832
n6471,U6650/Y,AOI22X1,NAND3X1/A,1,0.00254759,0.00254759,0.00220852,0.00220852,0.00254759,0.0,0.00254759,0.0,0.002548
n6472,U6659/Y,AOI22X1,AND2X2/B,1,0.00186944,0.00186944,0.00182011,0.00182011,0.00186944,0.0,0.00186944,0.0,0.001869
n6473,U6658/Y,AOI22X1,AND2X2/A,1,0.00179784,0.00179784,0.00176278,0.00176278,0.00179784,0.0,0.00179784,0.0,0.001798
n6475,U6657/Y,AOI22X1,NAND3X1/B,1,0.00283213,0.00283213,0.00259978,0.00259978,0.00283213,0.0,0.00283213,0.0,0.002832
n6476,U6656/Y,AOI22X1,NAND3X1/A,1,0.00254759,0.00254759,0.00220852,0.00220852,0.00254759,0.0,0.00254759,0.0,0.002548
n6477,U6661/Y,NAND3X1,OR2X2/A,1,0.00230117,0.00229176,0.00230117,0.00229176,0.00230117,0.0,0.00230117,0.0,0.002301
n6478,U6655/Y,NAND3X1,OR2X2/B,1,0.00234214,0.00228252,0.00234214,0.00228252,0.00234214,0.0,0.00234214,0.0,0.002342
n6479,U6666/Y,AOI22X1,AND2X2/B,1,0.00186944,0.00186944,0.00182011,0.00182011,0.00186944,0.0,0.00186944,0.0,0.001869
n6480,U6665/Y,AOI22X1,AND2X2/A,1,0.00179784,0.00179784,0.00176278,0.00176278,0.00179784,0.0,0.00179784,0.0,0.001798
n6482,U6664/Y,AOI22X1,NAND3X1/B,1,0.00283213,0.00283213,0.00259978,0.00259978,0.00283213,0.0,0.00283213,0.0,0.002832
n6483,U6663/Y,AOI22X1,NAND3X1/A,1,0.00254759,0.00254759,0.00220852,0.00220852,0.00254759,0.0,0.00254759,0.0,0.002548
n6484,U6672/Y,AOI22X1,AND2X2/B,1,0.00186944,0.00186944,0.00182011,0.00182011,0.00186944,0.0,0.00186944,0.0,0.001869
n6485,U6671/Y,AOI22X1,AND2X2/A,1,0.00179784,0.00179784,0.00176278,0.00176278,0.00179784,0.0,0.00179784,0.0,0.001798
n6487,U6670/Y,AOI22X1,NAND3X1/C,1,0.00296109,0.00296109,0.0028316,0.0028316,0.00296109,0.0,0.00296109,0.0,0.002961
n6488,U6669/Y,AOI22X1,NAND3X1/A,1,0.00254759,0.00254759,0.00220852,0.00220852,0.00254759,0.0,0.00254759,0.0,0.002548
n6489,U6674/Y,NAND3X1,OR2X2/A,1,0.00230117,0.00229176,0.00230117,0.00229176,0.00230117,0.0,0.00230117,0.0,0.002301
n6490,U6668/Y,NAND3X1,OR2X2/B,1,0.00234214,0.00228252,0.00234214,0.00228252,0.00234214,0.0,0.00234214,0.0,0.002342
n6491,U6679/Y,AOI22X1,AND2X2/B,1,0.00186944,0.00186944,0.00182011,0.00182011,0.00186944,0.0,0.00186944,0.0,0.001869
n6492,U6678/Y,AOI22X1,AND2X2/A,1,0.00179784,0.00179784,0.00176278,0.00176278,0.00179784,0.0,0.00179784,0.0,0.001798
n6494,U6677/Y,AOI22X1,NAND3X1/B,1,0.00283213,0.00283213,0.00259978,0.00259978,0.00283213,0.0,0.00283213,0.0,0.002832
n6495,U6676/Y,AOI22X1,NAND3X1/A,1,0.00254759,0.00254759,0.00220852,0.00220852,0.00254759,0.0,0.00254759,0.0,0.002548
n6496,U6685/Y,AOI22X1,AND2X2/B,1,0.00186944,0.00186944,0.00182011,0.00182011,0.00186944,0.0,0.00186944,0.0,0.001869
n6497,U6684/Y,AOI22X1,AND2X2/A,1,0.00179784,0.00179784,0.00176278,0.00176278,0.00179784,0.0,0.00179784,0.0,0.001798
n6499,U6683/Y,AOI22X1,NAND3X1/C,1,0.00296109,0.00296109,0.0028316,0.0028316,0.00296109,0.0,0.00296109,0.0,0.002961
n6500,U6682/Y,AOI22X1,NAND3X1/A,1,0.00254759,0.00254759,0.00220852,0.00220852,0.00254759,0.0,0.00254759,0.0,0.002548
n6501,U6687/Y,NAND3X1,OR2X2/A,1,0.00230117,0.00229176,0.00230117,0.00229176,0.00230117,0.0,0.00230117,0.0,0.002301
n6502,U6681/Y,NAND3X1,OR2X2/B,1,0.00234214,0.00228252,0.00234214,0.00228252,0.00234214,0.0,0.00234214,0.0,0.002342
n6503,U6692/Y,AOI22X1,AND2X2/B,1,0.00186944,0.00186944,0.00182011,0.00182011,0.00186944,0.0,0.00186944,0.0,0.001869
n6504,U6691/Y,AOI22X1,AND2X2/A,1,0.00179784,0.00179784,0.00176278,0.00176278,0.00179784,0.0,0.00179784,0.0,0.001798
n6506,U6690/Y,AOI22X1,NAND3X1/B,1,0.00283213,0.00283213,0.00259978,0.00259978,0.00283213,0.0,0.00283213,0.0,0.002832
n6507,U6689/Y,AOI22X1,NAND3X1/A,1,0.00254759,0.00254759,0.00220852,0.00220852,0.00254759,0.0,0.00254759,0.0,0.002548
n6508,U6698/Y,AOI22X1,AND2X2/B,1,0.00186944,0.00186944,0.00182011,0.00182011,0.00186944,0.0,0.00186944,0.0,0.001869
n6509,U6697/Y,AOI22X1,AND2X2/A,1,0.00179784,0.00179784,0.00176278,0.00176278,0.00179784,0.0,0.00179784,0.0,0.001798
n6511,U6696/Y,AOI22X1,NAND3X1/B,1,0.00283213,0.00283213,0.00259978,0.00259978,0.00283213,0.0,0.00283213,0.0,0.002832
n6512,U6695/Y,AOI22X1,NAND3X1/A,1,0.00254759,0.00254759,0.00220852,0.00220852,0.00254759,0.0,0.00254759,0.0,0.002548
n6513,U6700/Y,NAND3X1,OR2X2/A,1,0.00230117,0.00229176,0.00230117,0.00229176,0.00230117,0.0,0.00230117,0.0,0.002301
n6514,U6694/Y,NAND3X1,OR2X2/B,1,0.00234214,0.00228252,0.00234214,0.00228252,0.00234214,0.0,0.00234214,0.0,0.002342
n6515,U6705/Y,AOI22X1,AND2X2/B,1,0.00186944,0.00186944,0.00182011,0.00182011,0.00186944,0.0,0.00186944,0.0,0.001869
n6516,U6704/Y,AOI22X1,AND2X2/A,1,0.00179784,0.00179784,0.00176278,0.00176278,0.00179784,0.0,0.00179784,0.0,0.001798
n6518,U6703/Y,AOI22X1,NAND3X1/B,1,0.00283213,0.00283213,0.00259978,0.00259978,0.00283213,0.0,0.00283213,0.0,0.002832
n6519,U6702/Y,AOI22X1,NAND3X1/A,1,0.00254759,0.00254759,0.00220852,0.00220852,0.00254759,0.0,0.00254759,0.0,0.002548
n6520,U6711/Y,AOI22X1,AND2X2/B,1,0.00186944,0.00186944,0.00182011,0.00182011,0.00186944,0.0,0.00186944,0.0,0.001869
n6521,U6710/Y,AOI22X1,AND2X2/A,1,0.00179784,0.00179784,0.00176278,0.00176278,0.00179784,0.0,0.00179784,0.0,0.001798
n6523,U6709/Y,AOI22X1,NAND3X1/B,1,0.00283213,0.00283213,0.00259978,0.00259978,0.00283213,0.0,0.00283213,0.0,0.002832
n6524,U6708/Y,AOI22X1,NAND3X1/A,1,0.00254759,0.00254759,0.00220852,0.00220852,0.00254759,0.0,0.00254759,0.0,0.002548
n6525,U6713/Y,NAND3X1,OR2X2/A,1,0.00230117,0.00229176,0.00230117,0.00229176,0.00230117,0.0,0.00230117,0.0,0.002301
n6526,U6707/Y,NAND3X1,OR2X2/B,1,0.00234214,0.00228252,0.00234214,0.00228252,0.00234214,0.0,0.00234214,0.0,0.002342
n6527,U6718/Y,AOI22X1,AND2X2/B,1,0.00186944,0.00186944,0.00182011,0.00182011,0.00186944,0.0,0.00186944,0.0,0.001869
n6528,U6717/Y,AOI22X1,AND2X2/A,1,0.00179784,0.00179784,0.00176278,0.00176278,0.00179784,0.0,0.00179784,0.0,0.001798
n6530,U6716/Y,AOI22X1,NAND3X1/B,1,0.00283213,0.00283213,0.00259978,0.00259978,0.00283213,0.0,0.00283213,0.0,0.002832
n6531,U6715/Y,AOI22X1,NAND3X1/A,1,0.00254759,0.00254759,0.00220852,0.00220852,0.00254759,0.0,0.00254759,0.0,0.002548
n6532,U6724/Y,AOI22X1,AND2X2/B,1,0.00186944,0.00186944,0.00182011,0.00182011,0.00186944,0.0,0.00186944,0.0,0.001869
n6533,U6723/Y,AOI22X1,AND2X2/A,1,0.00179784,0.00179784,0.00176278,0.00176278,0.00179784,0.0,0.00179784,0.0,0.001798
n6535,U6722/Y,AOI22X1,NAND3X1/B,1,0.00283213,0.00283213,0.00259978,0.00259978,0.00283213,0.0,0.00283213,0.0,0.002832
n6536,U6721/Y,AOI22X1,NAND3X1/A,1,0.00254759,0.00254759,0.00220852,0.00220852,0.00254759,0.0,0.00254759,0.0,0.002548
n6537,U6726/Y,NAND3X1,OR2X2/A,1,0.00230117,0.00229176,0.00230117,0.00229176,0.00230117,0.0,0.00230117,0.0,0.002301
n6538,U6720/Y,NAND3X1,OR2X2/B,1,0.00234214,0.00228252,0.00234214,0.00228252,0.00234214,0.0,0.00234214,0.0,0.002342
n6539,U6731/Y,AOI22X1,AND2X2/B,1,0.00186944,0.00186944,0.00182011,0.00182011,0.00186944,0.0,0.00186944,0.0,0.001869
n6540,U6730/Y,AOI22X1,AND2X2/A,1,0.00179784,0.00179784,0.00176278,0.00176278,0.00179784,0.0,0.00179784,0.0,0.001798
n6542,U6729/Y,AOI22X1,NAND3X1/B,1,0.00283213,0.00283213,0.00259978,0.00259978,0.00283213,0.0,0.00283213,0.0,0.002832
n6543,U6728/Y,AOI22X1,NAND3X1/A,1,0.00254759,0.00254759,0.00220852,0.00220852,0.00254759,0.0,0.00254759,0.0,0.002548
n6544,U6737/Y,AOI22X1,AND2X2/B,1,0.00186944,0.00186944,0.00182011,0.00182011,0.00186944,0.0,0.00186944,0.0,0.001869
n6545,U6736/Y,AOI22X1,AND2X2/A,1,0.00179784,0.00179784,0.00176278,0.00176278,0.00179784,0.0,0.00179784,0.0,0.001798
n6547,U6735/Y,AOI22X1,NAND3X1/B,1,0.00283213,0.00283213,0.00259978,0.00259978,0.00283213,0.0,0.00283213,0.0,0.002832
n6548,U6734/Y,AOI22X1,NAND3X1/A,1,0.00254759,0.00254759,0.00220852,0.00220852,0.00254759,0.0,0.00254759,0.0,0.002548
n6549,U6739/Y,NAND3X1,OR2X2/A,1,0.00230117,0.00229176,0.00230117,0.00229176,0.00230117,0.0,0.00230117,0.0,0.002301
n6550,U6733/Y,NAND3X1,OR2X2/B,1,0.00234214,0.00228252,0.00234214,0.00228252,0.00234214,0.0,0.00234214,0.0,0.002342
n6551,U6744/Y,AOI22X1,AND2X2/B,1,0.00186944,0.00186944,0.00182011,0.00182011,0.00186944,0.0,0.00186944,0.0,0.001869
n6552,U6743/Y,AOI22X1,AND2X2/A,1,0.00179784,0.00179784,0.00176278,0.00176278,0.00179784,0.0,0.00179784,0.0,0.001798
n6554,U6742/Y,AOI22X1,NAND3X1/B,1,0.00283213,0.00283213,0.00259978,0.00259978,0.00283213,0.0,0.00283213,0.0,0.002832
n6555,U6741/Y,AOI22X1,NAND3X1/A,1,0.00254759,0.00254759,0.00220852,0.00220852,0.00254759,0.0,0.00254759,0.0,0.002548
n6556,U6750/Y,AOI22X1,AND2X2/B,1,0.00186944,0.00186944,0.00182011,0.00182011,0.00186944,0.0,0.00186944,0.0,0.001869
n6557,U6749/Y,AOI22X1,AND2X2/A,1,0.00179784,0.00179784,0.00176278,0.00176278,0.00179784,0.0,0.00179784,0.0,0.001798
n6559,U6748/Y,AOI22X1,NAND3X1/B,1,0.00283213,0.00283213,0.00259978,0.00259978,0.00283213,0.0,0.00283213,0.0,0.002832
n6560,U6747/Y,AOI22X1,NAND3X1/A,1,0.00254759,0.00254759,0.00220852,0.00220852,0.00254759,0.0,0.00254759,0.0,0.002548
n6561,U6752/Y,NAND3X1,OR2X2/A,1,0.00230117,0.00229176,0.00230117,0.00229176,0.00230117,0.0,0.00230117,0.0,0.002301
n6562,U6746/Y,NAND3X1,OR2X2/B,1,0.00234214,0.00228252,0.00234214,0.00228252,0.00234214,0.0,0.00234214,0.0,0.002342
n6563,U6757/Y,AOI22X1,AND2X2/B,1,0.00186944,0.00186944,0.00182011,0.00182011,0.00186944,0.0,0.00186944,0.0,0.001869
n6564,U6756/Y,AOI22X1,AND2X2/A,1,0.00179784,0.00179784,0.00176278,0.00176278,0.00179784,0.0,0.00179784,0.0,0.001798
n6566,U6755/Y,AOI22X1,NAND3X1/B,1,0.00283213,0.00283213,0.00259978,0.00259978,0.00283213,0.0,0.00283213,0.0,0.002832
n6567,U6754/Y,AOI22X1,NAND3X1/A,1,0.00254759,0.00254759,0.00220852,0.00220852,0.00254759,0.0,0.00254759,0.0,0.002548
n6568,U6763/Y,AOI22X1,AND2X2/B,1,0.00186944,0.00186944,0.00182011,0.00182011,0.00186944,0.0,0.00186944,0.0,0.001869
n6569,U6762/Y,AOI22X1,AND2X2/A,1,0.00179784,0.00179784,0.00176278,0.00176278,0.00179784,0.0,0.00179784,0.0,0.001798
n6571,U6761/Y,AOI22X1,NAND3X1/B,1,0.00283213,0.00283213,0.00259978,0.00259978,0.00283213,0.0,0.00283213,0.0,0.002832
n6572,U6760/Y,AOI22X1,NAND3X1/A,1,0.00254759,0.00254759,0.00220852,0.00220852,0.00254759,0.0,0.00254759,0.0,0.002548
n6573,U6765/Y,NAND3X1,OR2X2/A,1,0.00230117,0.00229176,0.00230117,0.00229176,0.00230117,0.0,0.00230117,0.0,0.002301
n6574,U6759/Y,NAND3X1,OR2X2/B,1,0.00234214,0.00228252,0.00234214,0.00228252,0.00234214,0.0,0.00234214,0.0,0.002342
n6575,U6770/Y,AOI22X1,AND2X2/B,1,0.00186944,0.00186944,0.00182011,0.00182011,0.00186944,0.0,0.00186944,0.0,0.001869
n6576,U6769/Y,AOI22X1,AND2X2/A,1,0.00179784,0.00179784,0.00176278,0.00176278,0.00179784,0.0,0.00179784,0.0,0.001798
n6578,U6768/Y,AOI22X1,NAND3X1/B,1,0.00283213,0.00283213,0.00259978,0.00259978,0.00283213,0.0,0.00283213,0.0,0.002832
n6579,U6767/Y,AOI22X1,NAND3X1/A,1,0.00254759,0.00254759,0.00220852,0.00220852,0.00254759,0.0,0.00254759,0.0,0.002548
n6580,U6776/Y,AOI22X1,AND2X2/B,1,0.00186944,0.00186944,0.00182011,0.00182011,0.00186944,0.0,0.00186944,0.0,0.001869
n6581,U6775/Y,AOI22X1,AND2X2/A,1,0.00179784,0.00179784,0.00176278,0.00176278,0.00179784,0.0,0.00179784,0.0,0.001798
n6583,U6774/Y,AOI22X1,NAND3X1/B,1,0.00283213,0.00283213,0.00259978,0.00259978,0.00283213,0.0,0.00283213,0.0,0.002832
n6584,U6773/Y,AOI22X1,NAND3X1/A,1,0.00254759,0.00254759,0.00220852,0.00220852,0.00254759,0.0,0.00254759,0.0,0.002548
n6585,U6778/Y,NAND3X1,OR2X2/A,1,0.00230117,0.00229176,0.00230117,0.00229176,0.00230117,0.0,0.00230117,0.0,0.002301
n6586,U6772/Y,NAND3X1,OR2X2/B,1,0.00234214,0.00228252,0.00234214,0.00228252,0.00234214,0.0,0.00234214,0.0,0.002342
n6587,U6783/Y,AOI22X1,AND2X2/B,1,0.00186944,0.00186944,0.00182011,0.00182011,0.00186944,0.0,0.00186944,0.0,0.001869
n6588,U6782/Y,AOI22X1,AND2X2/A,1,0.00179784,0.00179784,0.00176278,0.00176278,0.00179784,0.0,0.00179784,0.0,0.001798
n6590,U6781/Y,AOI22X1,NAND3X1/B,1,0.00283213,0.00283213,0.00259978,0.00259978,0.00283213,0.0,0.00283213,0.0,0.002832
n6591,U6780/Y,AOI22X1,NAND3X1/A,1,0.00254759,0.00254759,0.00220852,0.00220852,0.00254759,0.0,0.00254759,0.0,0.002548
n6592,U6789/Y,AOI22X1,AND2X2/B,1,0.00186944,0.00186944,0.00182011,0.00182011,0.00186944,0.0,0.00186944,0.0,0.001869
n6593,U6788/Y,AOI22X1,AND2X2/A,1,0.00179784,0.00179784,0.00176278,0.00176278,0.00179784,0.0,0.00179784,0.0,0.001798
n6595,U6787/Y,AOI22X1,NAND3X1/B,1,0.00283213,0.00283213,0.00259978,0.00259978,0.00283213,0.0,0.00283213,0.0,0.002832
n6596,U6786/Y,AOI22X1,NAND3X1/A,1,0.00254759,0.00254759,0.00220852,0.00220852,0.00254759,0.0,0.00254759,0.0,0.002548
n6597,U6791/Y,NAND3X1,OR2X2/A,1,0.00230117,0.00229176,0.00230117,0.00229176,0.00230117,0.0,0.00230117,0.0,0.002301
n6598,U6785/Y,NAND3X1,OR2X2/B,1,0.00234214,0.00228252,0.00234214,0.00228252,0.00234214,0.0,0.00234214,0.0,0.002342
n6599,U6796/Y,AOI22X1,AND2X2/B,1,0.00186944,0.00186944,0.00182011,0.00182011,0.00186944,0.0,0.00186944,0.0,0.001869
n6600,U6795/Y,AOI22X1,AND2X2/A,1,0.00179784,0.00179784,0.00176278,0.00176278,0.00179784,0.0,0.00179784,0.0,0.001798
n6602,U6794/Y,AOI22X1,NAND3X1/B,1,0.00283213,0.00283213,0.00259978,0.00259978,0.00283213,0.0,0.00283213,0.0,0.002832
n6603,U6793/Y,AOI22X1,NAND3X1/A,1,0.00254759,0.00254759,0.00220852,0.00220852,0.00254759,0.0,0.00254759,0.0,0.002548
n6604,U6802/Y,AOI22X1,AND2X2/B,1,0.00186944,0.00186944,0.00182011,0.00182011,0.00186944,0.0,0.00186944,0.0,0.001869
n6605,U6801/Y,AOI22X1,AND2X2/A,1,0.00179784,0.00179784,0.00176278,0.00176278,0.00179784,0.0,0.00179784,0.0,0.001798
n6607,U6800/Y,AOI22X1,NAND3X1/B,1,0.00283213,0.00283213,0.00259978,0.00259978,0.00283213,0.0,0.00283213,0.0,0.002832
n6608,U6799/Y,AOI22X1,NAND3X1/A,1,0.00254759,0.00254759,0.00220852,0.00220852,0.00254759,0.0,0.00254759,0.0,0.002548
n6609,U6804/Y,NAND3X1,OR2X2/A,1,0.00230117,0.00229176,0.00230117,0.00229176,0.00230117,0.0,0.00230117,0.0,0.002301
n6610,U6798/Y,NAND3X1,OR2X2/B,1,0.00234214,0.00228252,0.00234214,0.00228252,0.00234214,0.0,0.00234214,0.0,0.002342
n6611,U6809/Y,AOI22X1,AND2X2/B,1,0.00186944,0.00186944,0.00182011,0.00182011,0.00186944,0.0,0.00186944,0.0,0.001869
n6612,U6808/Y,AOI22X1,AND2X2/A,1,0.00179784,0.00179784,0.00176278,0.00176278,0.00179784,0.0,0.00179784,0.0,0.001798
n6614,U6807/Y,AOI22X1,NAND3X1/B,1,0.00283213,0.00283213,0.00259978,0.00259978,0.00283213,0.0,0.00283213,0.0,0.002832
n6615,U6806/Y,AOI22X1,NAND3X1/A,1,0.00254759,0.00254759,0.00220852,0.00220852,0.00254759,0.0,0.00254759,0.0,0.002548
n6616,U6815/Y,AOI22X1,AND2X2/B,1,0.00186944,0.00186944,0.00182011,0.00182011,0.00186944,0.0,0.00186944,0.0,0.001869
n6617,U6814/Y,AOI22X1,AND2X2/A,1,0.00179784,0.00179784,0.00176278,0.00176278,0.00179784,0.0,0.00179784,0.0,0.001798
n6619,U6813/Y,AOI22X1,NAND3X1/B,1,0.00283213,0.00283213,0.00259978,0.00259978,0.00283213,0.0,0.00283213,0.0,0.002832
n6620,U6812/Y,AOI22X1,NAND3X1/A,1,0.00254759,0.00254759,0.00220852,0.00220852,0.00254759,0.0,0.00254759,0.0,0.002548
n6621,U6817/Y,NAND3X1,OR2X2/A,1,0.00230117,0.00229176,0.00230117,0.00229176,0.00230117,0.0,0.00230117,0.0,0.002301
n6622,U6811/Y,NAND3X1,OR2X2/B,1,0.00234214,0.00228252,0.00234214,0.00228252,0.00234214,0.0,0.00234214,0.0,0.002342
n6623,U6822/Y,AOI22X1,AND2X2/B,1,0.00186944,0.00186944,0.00182011,0.00182011,0.00186944,0.0,0.00186944,0.0,0.001869
n6624,U6821/Y,AOI22X1,AND2X2/A,1,0.00179784,0.00179784,0.00176278,0.00176278,0.00179784,0.0,0.00179784,0.0,0.001798
n6626,U6820/Y,AOI22X1,NAND3X1/B,1,0.00283213,0.00283213,0.00259978,0.00259978,0.00283213,0.0,0.00283213,0.0,0.002832
n6627,U6819/Y,AOI22X1,NAND3X1/A,1,0.00254759,0.00254759,0.00220852,0.00220852,0.00254759,0.0,0.00254759,0.0,0.002548
n6628,U6828/Y,AOI22X1,AND2X2/B,1,0.00186944,0.00186944,0.00182011,0.00182011,0.00186944,0.0,0.00186944,0.0,0.001869
n6629,U6827/Y,AOI22X1,AND2X2/A,1,0.00179784,0.00179784,0.00176278,0.00176278,0.00179784,0.0,0.00179784,0.0,0.001798
n6631,U6826/Y,AOI22X1,NAND3X1/B,1,0.00283213,0.00283213,0.00259978,0.00259978,0.00283213,0.0,0.00283213,0.0,0.002832
n6632,U6825/Y,AOI22X1,NAND3X1/A,1,0.00254759,0.00254759,0.00220852,0.00220852,0.00254759,0.0,0.00254759,0.0,0.002548
n6633,U6830/Y,NAND3X1,OR2X2/A,1,0.00230117,0.00229176,0.00230117,0.00229176,0.00230117,0.0,0.00230117,0.0,0.002301
n6634,U6824/Y,NAND3X1,OR2X2/B,1,0.00234214,0.00228252,0.00234214,0.00228252,0.00234214,0.0,0.00234214,0.0,0.002342
n6635,U6835/Y,AOI22X1,AND2X2/B,1,0.00186944,0.00186944,0.00182011,0.00182011,0.00186944,0.0,0.00186944,0.0,0.001869
n6636,U6834/Y,AOI22X1,AND2X2/A,1,0.00179784,0.00179784,0.00176278,0.00176278,0.00179784,0.0,0.00179784,0.0,0.001798
n6638,U6833/Y,AOI22X1,NAND3X1/B,1,0.00283213,0.00283213,0.00259978,0.00259978,0.00283213,0.0,0.00283213,0.0,0.002832
n6639,U6832/Y,AOI22X1,NAND3X1/A,1,0.00254759,0.00254759,0.00220852,0.00220852,0.00254759,0.0,0.00254759,0.0,0.002548
n6640,U6841/Y,AOI22X1,AND2X2/B,1,0.00186944,0.00186944,0.00182011,0.00182011,0.00186944,0.0,0.00186944,0.0,0.001869
n6641,U6840/Y,AOI22X1,AND2X2/A,1,0.00179784,0.00179784,0.00176278,0.00176278,0.00179784,0.0,0.00179784,0.0,0.001798
n6643,U6839/Y,AOI22X1,NAND3X1/B,1,0.00283213,0.00283213,0.00259978,0.00259978,0.00283213,0.0,0.00283213,0.0,0.002832
n6644,U6838/Y,AOI22X1,NAND3X1/A,1,0.00254759,0.00254759,0.00220852,0.00220852,0.00254759,0.0,0.00254759,0.0,0.002548
n6645,U6843/Y,NAND3X1,OR2X2/A,1,0.00230117,0.00229176,0.00230117,0.00229176,0.00230117,0.0,0.00230117,0.0,0.002301
n6646,U6837/Y,NAND3X1,OR2X2/B,1,0.00234214,0.00228252,0.00234214,0.00228252,0.00234214,0.0,0.00234214,0.0,0.002342
n6647,U6848/Y,AOI22X1,AND2X2/B,1,0.00186944,0.00186944,0.00182011,0.00182011,0.00186944,0.0,0.00186944,0.0,0.001869
n6648,U6847/Y,AOI22X1,AND2X2/A,1,0.00179784,0.00179784,0.00176278,0.00176278,0.00179784,0.0,0.00179784,0.0,0.001798
n6650,U6846/Y,AOI22X1,NAND3X1/B,1,0.00283213,0.00283213,0.00259978,0.00259978,0.00283213,0.0,0.00283213,0.0,0.002832
n6651,U6845/Y,AOI22X1,NAND3X1/A,1,0.00254759,0.00254759,0.00220852,0.00220852,0.00254759,0.0,0.00254759,0.0,0.002548
n6652,U6852/Y,AOI22X1,AND2X2/B,1,0.00186944,0.00186944,0.00182011,0.00182011,0.00186944,0.0,0.00186944,0.0,0.001869
n6655,U3661/Y,NOR2X1,NAND3X1/B,1,0.00283213,0.00283213,0.00259978,0.00259978,0.00283213,0.0,0.00283213,0.0,0.002832
n6656,U6851/Y,AOI22X1,NAND3X1/A,1,0.00254759,0.00254759,0.00220852,0.00220852,0.00254759,0.0,0.00254759,0.0,0.002548
n6657,U6854/Y,NAND3X1,OR2X2/A,1,0.00230117,0.00229176,0.00230117,0.00229176,0.00230117,0.0,0.00230117,0.0,0.002301
n6658,U6850/Y,NAND3X1,OR2X2/B,1,0.00234214,0.00228252,0.00234214,0.00228252,0.00234214,0.0,0.00234214,0.0,0.002342
n6659,U6859/Y,AOI22X1,AND2X2/B,1,0.00186944,0.00186944,0.00182011,0.00182011,0.00186944,0.0,0.00186944,0.0,0.001869
n6660,U6858/Y,AOI22X1,AND2X2/A,1,0.00179784,0.00179784,0.00176278,0.00176278,0.00179784,0.0,0.00179784,0.0,0.001798
n6662,U6857/Y,AOI22X1,NAND3X1/B,1,0.00283213,0.00283213,0.00259978,0.00259978,0.00283213,0.0,0.00283213,0.0,0.002832
n6663,U6856/Y,AOI22X1,NAND3X1/A,1,0.00254759,0.00254759,0.00220852,0.00220852,0.00254759,0.0,0.00254759,0.0,0.002548
n6664,U6865/Y,AOI22X1,AND2X2/B,1,0.00186944,0.00186944,0.00182011,0.00182011,0.00186944,0.0,0.00186944,0.0,0.001869
n6665,U6864/Y,AOI22X1,AND2X2/A,1,0.00179784,0.00179784,0.00176278,0.00176278,0.00179784,0.0,0.00179784,0.0,0.001798
n6667,U6863/Y,AOI22X1,NAND3X1/B,1,0.00283213,0.00283213,0.00259978,0.00259978,0.00283213,0.0,0.00283213,0.0,0.002832
n6668,U6862/Y,AOI22X1,NAND3X1/A,1,0.00254759,0.00254759,0.00220852,0.00220852,0.00254759,0.0,0.00254759,0.0,0.002548
n6669,U6867/Y,NAND3X1,OR2X2/A,1,0.00230117,0.00229176,0.00230117,0.00229176,0.00230117,0.0,0.00230117,0.0,0.002301
n6670,U6861/Y,NAND3X1,OR2X2/B,1,0.00234214,0.00228252,0.00234214,0.00228252,0.00234214,0.0,0.00234214,0.0,0.002342
n6671,U6872/Y,AOI22X1,AND2X2/B,1,0.00186944,0.00186944,0.00182011,0.00182011,0.00186944,0.0,0.00186944,0.0,0.001869
n6672,U6871/Y,AOI22X1,AND2X2/A,1,0.00179784,0.00179784,0.00176278,0.00176278,0.00179784,0.0,0.00179784,0.0,0.001798
n6674,U6870/Y,AOI22X1,NAND3X1/B,1,0.00283213,0.00283213,0.00259978,0.00259978,0.00283213,0.0,0.00283213,0.0,0.002832
n6675,U6869/Y,AOI22X1,NAND3X1/A,1,0.00254759,0.00254759,0.00220852,0.00220852,0.00254759,0.0,0.00254759,0.0,0.002548
n6676,U6878/Y,AOI22X1,AND2X2/B,1,0.00186944,0.00186944,0.00182011,0.00182011,0.00186944,0.0,0.00186944,0.0,0.001869
n6677,U6877/Y,AOI22X1,AND2X2/A,1,0.00179784,0.00179784,0.00176278,0.00176278,0.00179784,0.0,0.00179784,0.0,0.001798
n6679,U6876/Y,AOI22X1,NAND3X1/B,1,0.00283213,0.00283213,0.00259978,0.00259978,0.00283213,0.0,0.00283213,0.0,0.002832
n6680,U6875/Y,AOI22X1,NAND3X1/A,1,0.00254759,0.00254759,0.00220852,0.00220852,0.00254759,0.0,0.00254759,0.0,0.002548
n6681,U6880/Y,NAND3X1,OR2X2/A,1,0.00230117,0.00229176,0.00230117,0.00229176,0.00230117,0.0,0.00230117,0.0,0.002301
n6682,U6874/Y,NAND3X1,OR2X2/B,1,0.00234214,0.00228252,0.00234214,0.00228252,0.00234214,0.0,0.00234214,0.0,0.002342
n6683,U6885/Y,AOI22X1,AND2X2/B,1,0.00186944,0.00186944,0.00182011,0.00182011,0.00186944,0.0,0.00186944,0.0,0.001869
n6684,U6884/Y,AOI22X1,AND2X2/A,1,0.00179784,0.00179784,0.00176278,0.00176278,0.00179784,0.0,0.00179784,0.0,0.001798
n6686,U6883/Y,AOI22X1,NAND3X1/B,1,0.00283213,0.00283213,0.00259978,0.00259978,0.00283213,0.0,0.00283213,0.0,0.002832
n6687,U6882/Y,AOI22X1,NAND3X1/A,1,0.00254759,0.00254759,0.00220852,0.00220852,0.00254759,0.0,0.00254759,0.0,0.002548
n6688,U6891/Y,AOI22X1,AND2X2/B,1,0.00186944,0.00186944,0.00182011,0.00182011,0.00186944,0.0,0.00186944,0.0,0.001869
n6689,U6890/Y,AOI22X1,AND2X2/A,1,0.00179784,0.00179784,0.00176278,0.00176278,0.00179784,0.0,0.00179784,0.0,0.001798
n6691,U6889/Y,AOI22X1,NAND3X1/B,1,0.00283213,0.00283213,0.00259978,0.00259978,0.00283213,0.0,0.00283213,0.0,0.002832
n6692,U6888/Y,AOI22X1,NAND3X1/A,1,0.00254759,0.00254759,0.00220852,0.00220852,0.00254759,0.0,0.00254759,0.0,0.002548
n6693,U6893/Y,NAND3X1,OR2X2/A,1,0.00230117,0.00229176,0.00230117,0.00229176,0.00230117,0.0,0.00230117,0.0,0.002301
n6694,U6887/Y,NAND3X1,OR2X2/B,1,0.00234214,0.00228252,0.00234214,0.00228252,0.00234214,0.0,0.00234214,0.0,0.002342
n6695,U6898/Y,AOI22X1,AND2X2/B,1,0.00186944,0.00186944,0.00182011,0.00182011,0.00186944,0.0,0.00186944,0.0,0.001869
n6696,U6897/Y,AOI22X1,AND2X2/A,1,0.00179784,0.00179784,0.00176278,0.00176278,0.00179784,0.0,0.00179784,0.0,0.001798
n6698,U6896/Y,AOI22X1,NAND3X1/B,1,0.00283213,0.00283213,0.00259978,0.00259978,0.00283213,0.0,0.00283213,0.0,0.002832
n6699,U6895/Y,AOI22X1,NAND3X1/A,1,0.00254759,0.00254759,0.00220852,0.00220852,0.00254759,0.0,0.00254759,0.0,0.002548
n6700,U6904/Y,AOI22X1,AND2X2/B,1,0.00186944,0.00186944,0.00182011,0.00182011,0.00186944,0.0,0.00186944,0.0,0.001869
n6701,U6903/Y,AOI22X1,AND2X2/A,1,0.00179784,0.00179784,0.00176278,0.00176278,0.00179784,0.0,0.00179784,0.0,0.001798
n6703,U6902/Y,AOI22X1,NAND3X1/B,1,0.00283213,0.00283213,0.00259978,0.00259978,0.00283213,0.0,0.00283213,0.0,0.002832
n6704,U6901/Y,AOI22X1,NAND3X1/A,1,0.00254759,0.00254759,0.00220852,0.00220852,0.00254759,0.0,0.00254759,0.0,0.002548
n6705,U6906/Y,NAND3X1,OR2X2/A,1,0.00230117,0.00229176,0.00230117,0.00229176,0.00230117,0.0,0.00230117,0.0,0.002301
n6706,U6900/Y,NAND3X1,OR2X2/B,1,0.00234214,0.00228252,0.00234214,0.00228252,0.00234214,0.0,0.00234214,0.0,0.002342
n6707,U6911/Y,AOI22X1,AND2X2/B,1,0.00186944,0.00186944,0.00182011,0.00182011,0.00186944,0.0,0.00186944,0.0,0.001869
n6708,U6910/Y,AOI22X1,AND2X2/A,1,0.00179784,0.00179784,0.00176278,0.00176278,0.00179784,0.0,0.00179784,0.0,0.001798
n6710,U6909/Y,AOI22X1,NAND3X1/B,1,0.00283213,0.00283213,0.00259978,0.00259978,0.00283213,0.0,0.00283213,0.0,0.002832
n6711,U6908/Y,AOI22X1,NAND3X1/A,1,0.00254759,0.00254759,0.00220852,0.00220852,0.00254759,0.0,0.00254759,0.0,0.002548
n6712,U6917/Y,AOI22X1,AND2X2/B,1,0.00186944,0.00186944,0.00182011,0.00182011,0.00186944,0.0,0.00186944,0.0,0.001869
n6713,U6916/Y,AOI22X1,AND2X2/A,1,0.00179784,0.00179784,0.00176278,0.00176278,0.00179784,0.0,0.00179784,0.0,0.001798
n6715,U6915/Y,AOI22X1,NAND3X1/B,1,0.00283213,0.00283213,0.00259978,0.00259978,0.00283213,0.0,0.00283213,0.0,0.002832
n6716,U6914/Y,AOI22X1,NAND3X1/A,1,0.00254759,0.00254759,0.00220852,0.00220852,0.00254759,0.0,0.00254759,0.0,0.002548
n6717,U6919/Y,NAND3X1,OR2X2/A,1,0.00230117,0.00229176,0.00230117,0.00229176,0.00230117,0.0,0.00230117,0.0,0.002301
n6718,U6913/Y,NAND3X1,OR2X2/B,1,0.00234214,0.00228252,0.00234214,0.00228252,0.00234214,0.0,0.00234214,0.0,0.002342
n6719,U6924/Y,AOI22X1,AND2X2/B,1,0.00186944,0.00186944,0.00182011,0.00182011,0.00186944,0.0,0.00186944,0.0,0.001869
n6720,U6923/Y,AOI22X1,AND2X2/A,1,0.00179784,0.00179784,0.00176278,0.00176278,0.00179784,0.0,0.00179784,0.0,0.001798
n6722,U6922/Y,AOI22X1,NAND3X1/B,1,0.00283213,0.00283213,0.00259978,0.00259978,0.00283213,0.0,0.00283213,0.0,0.002832
n6723,U6921/Y,AOI22X1,NAND3X1/A,1,0.00254759,0.00254759,0.00220852,0.00220852,0.00254759,0.0,0.00254759,0.0,0.002548
n6724,U6930/Y,AOI22X1,AND2X2/B,1,0.00186944,0.00186944,0.00182011,0.00182011,0.00186944,0.0,0.00186944,0.0,0.001869
n6725,U6929/Y,AOI22X1,AND2X2/A,1,0.00179784,0.00179784,0.00176278,0.00176278,0.00179784,0.0,0.00179784,0.0,0.001798
n6727,U6928/Y,AOI22X1,NAND3X1/B,1,0.00283213,0.00283213,0.00259978,0.00259978,0.00283213,0.0,0.00283213,0.0,0.002832
n6728,U6927/Y,AOI22X1,NAND3X1/A,1,0.00254759,0.00254759,0.00220852,0.00220852,0.00254759,0.0,0.00254759,0.0,0.002548
n6729,U6932/Y,NAND3X1,OR2X2/A,1,0.00230117,0.00229176,0.00230117,0.00229176,0.00230117,0.0,0.00230117,0.0,0.002301
n6730,U6926/Y,NAND3X1,OR2X2/B,1,0.00234214,0.00228252,0.00234214,0.00228252,0.00234214,0.0,0.00234214,0.0,0.002342
n6731,U6937/Y,AOI22X1,AND2X2/B,1,0.00186944,0.00186944,0.00182011,0.00182011,0.00186944,0.0,0.00186944,0.0,0.001869
n6732,U6936/Y,AOI22X1,AND2X2/A,1,0.00179784,0.00179784,0.00176278,0.00176278,0.00179784,0.0,0.00179784,0.0,0.001798
n6734,U6935/Y,AOI22X1,NAND3X1/B,1,0.00283213,0.00283213,0.00259978,0.00259978,0.00283213,0.0,0.00283213,0.0,0.002832
n6735,U6934/Y,AOI22X1,NAND3X1/A,1,0.00254759,0.00254759,0.00220852,0.00220852,0.00254759,0.0,0.00254759,0.0,0.002548
n6736,U6943/Y,AOI22X1,AND2X2/B,1,0.00186944,0.00186944,0.00182011,0.00182011,0.00186944,0.0,0.00186944,0.0,0.001869
n6737,U6942/Y,AOI22X1,AND2X2/A,1,0.00179784,0.00179784,0.00176278,0.00176278,0.00179784,0.0,0.00179784,0.0,0.001798
n6739,U6941/Y,AOI22X1,NAND3X1/B,1,0.00283213,0.00283213,0.00259978,0.00259978,0.00283213,0.0,0.00283213,0.0,0.002832
n6740,U6940/Y,AOI22X1,NAND3X1/A,1,0.00254759,0.00254759,0.00220852,0.00220852,0.00254759,0.0,0.00254759,0.0,0.002548
n6741,U6945/Y,NAND3X1,OR2X2/A,1,0.00230117,0.00229176,0.00230117,0.00229176,0.00230117,0.0,0.00230117,0.0,0.002301
n6742,U6939/Y,NAND3X1,OR2X2/B,1,0.00234214,0.00228252,0.00234214,0.00228252,0.00234214,0.0,0.00234214,0.0,0.002342
n6743,U6950/Y,AOI22X1,AND2X2/B,1,0.00186944,0.00186944,0.00182011,0.00182011,0.00186944,0.0,0.00186944,0.0,0.001869
n6744,U6949/Y,AOI22X1,AND2X2/A,1,0.00179784,0.00179784,0.00176278,0.00176278,0.00179784,0.0,0.00179784,0.0,0.001798
n6746,U6948/Y,AOI22X1,NAND3X1/B,1,0.00283213,0.00283213,0.00259978,0.00259978,0.00283213,0.0,0.00283213,0.0,0.002832
n6747,U6947/Y,AOI22X1,NAND3X1/A,1,0.00254759,0.00254759,0.00220852,0.00220852,0.00254759,0.0,0.00254759,0.0,0.002548
n6748,U6956/Y,AOI22X1,AND2X2/B,1,0.00186944,0.00186944,0.00182011,0.00182011,0.00186944,0.0,0.00186944,0.0,0.001869
n6749,U6955/Y,AOI22X1,AND2X2/A,1,0.00179784,0.00179784,0.00176278,0.00176278,0.00179784,0.0,0.00179784,0.0,0.001798
n6751,U6954/Y,AOI22X1,NAND3X1/B,1,0.00283213,0.00283213,0.00259978,0.00259978,0.00283213,0.0,0.00283213,0.0,0.002832
n6752,U6953/Y,AOI22X1,NAND3X1/A,1,0.00254759,0.00254759,0.00220852,0.00220852,0.00254759,0.0,0.00254759,0.0,0.002548
n6753,U6958/Y,NAND3X1,OR2X2/A,1,0.00230117,0.00229176,0.00230117,0.00229176,0.00230117,0.0,0.00230117,0.0,0.002301
n6754,U6952/Y,NAND3X1,OR2X2/B,1,0.00234214,0.00228252,0.00234214,0.00228252,0.00234214,0.0,0.00234214,0.0,0.002342
n6755,U6963/Y,AOI22X1,AND2X2/B,1,0.00186944,0.00186944,0.00182011,0.00182011,0.00186944,0.0,0.00186944,0.0,0.001869
n6756,U6962/Y,AOI22X1,AND2X2/A,1,0.00179784,0.00179784,0.00176278,0.00176278,0.00179784,0.0,0.00179784,0.0,0.001798
n6758,U6961/Y,AOI22X1,NAND3X1/B,1,0.00283213,0.00283213,0.00259978,0.00259978,0.00283213,0.0,0.00283213,0.0,0.002832
n6759,U6960/Y,AOI22X1,NAND3X1/A,1,0.00254759,0.00254759,0.00220852,0.00220852,0.00254759,0.0,0.00254759,0.0,0.002548
n6760,U6969/Y,AOI22X1,AND2X2/B,1,0.00186944,0.00186944,0.00182011,0.00182011,0.00186944,0.0,0.00186944,0.0,0.001869
n6761,U6968/Y,AOI22X1,AND2X2/A,1,0.00179784,0.00179784,0.00176278,0.00176278,0.00179784,0.0,0.00179784,0.0,0.001798
n6763,U6967/Y,AOI22X1,NAND3X1/B,1,0.00283213,0.00283213,0.00259978,0.00259978,0.00283213,0.0,0.00283213,0.0,0.002832
n6764,U6966/Y,AOI22X1,NAND3X1/A,1,0.00254759,0.00254759,0.00220852,0.00220852,0.00254759,0.0,0.00254759,0.0,0.002548
n6765,U6971/Y,NAND3X1,OR2X2/A,1,0.00230117,0.00229176,0.00230117,0.00229176,0.00230117,0.0,0.00230117,0.0,0.002301
n6766,U6965/Y,NAND3X1,OR2X2/B,1,0.00234214,0.00228252,0.00234214,0.00228252,0.00234214,0.0,0.00234214,0.0,0.002342
n6767,U6976/Y,AOI22X1,AND2X2/B,1,0.00186944,0.00186944,0.00182011,0.00182011,0.00186944,0.0,0.00186944,0.0,0.001869
n6768,U6975/Y,AOI22X1,AND2X2/A,1,0.00179784,0.00179784,0.00176278,0.00176278,0.00179784,0.0,0.00179784,0.0,0.001798
n6770,U6974/Y,AOI22X1,NAND3X1/B,1,0.00283213,0.00283213,0.00259978,0.00259978,0.00283213,0.0,0.00283213,0.0,0.002832
n6771,U6973/Y,AOI22X1,NAND3X1/A,1,0.00254759,0.00254759,0.00220852,0.00220852,0.00254759,0.0,0.00254759,0.0,0.002548
n6772,U6982/Y,AOI22X1,AND2X2/B,1,0.00186944,0.00186944,0.00182011,0.00182011,0.00186944,0.0,0.00186944,0.0,0.001869
n6773,U6981/Y,AOI22X1,AND2X2/A,1,0.00179784,0.00179784,0.00176278,0.00176278,0.00179784,0.0,0.00179784,0.0,0.001798
n6775,U6980/Y,AOI22X1,NAND3X1/B,1,0.00283213,0.00283213,0.00259978,0.00259978,0.00283213,0.0,0.00283213,0.0,0.002832
n6776,U6979/Y,AOI22X1,NAND3X1/A,1,0.00254759,0.00254759,0.00220852,0.00220852,0.00254759,0.0,0.00254759,0.0,0.002548
n6777,U6984/Y,NAND3X1,OR2X2/A,1,0.00230117,0.00229176,0.00230117,0.00229176,0.00230117,0.0,0.00230117,0.0,0.002301
n6778,U6978/Y,NAND3X1,OR2X2/B,1,0.00234214,0.00228252,0.00234214,0.00228252,0.00234214,0.0,0.00234214,0.0,0.002342
n6779,U6989/Y,AOI22X1,AND2X2/B,1,0.00186944,0.00186944,0.00182011,0.00182011,0.00186944,0.0,0.00186944,0.0,0.001869
n6780,U6988/Y,AOI22X1,AND2X2/A,1,0.00179784,0.00179784,0.00176278,0.00176278,0.00179784,0.0,0.00179784,0.0,0.001798
n6782,U6987/Y,AOI22X1,NAND3X1/B,1,0.00283213,0.00283213,0.00259978,0.00259978,0.00283213,0.0,0.00283213,0.0,0.002832
n6783,U6986/Y,AOI22X1,NAND3X1/A,1,0.00254759,0.00254759,0.00220852,0.00220852,0.00254759,0.0,0.00254759,0.0,0.002548
n6784,U6993/Y,AOI22X1,AND2X2/B,1,0.00186944,0.00186944,0.00182011,0.00182011,0.00186944,0.0,0.00186944,0.0,0.001869
n6785,U3650/Y,NOR2X1,AND2X2/A,1,0.00179784,0.00179784,0.00176278,0.00176278,0.00179784,0.0,0.00179784,0.0,0.001798
n6787,U3652/Y,NOR2X1,NAND3X1/B,1,0.00283213,0.00283213,0.00259978,0.00259978,0.00283213,0.0,0.00283213,0.0,0.002832
n6788,U6992/Y,AOI22X1,NAND3X1/A,1,0.00254759,0.00254759,0.00220852,0.00220852,0.00254759,0.0,0.00254759,0.0,0.002548
n6789,U6994/Y,NAND3X1,OR2X2/A,1,0.00230117,0.00229176,0.00230117,0.00229176,0.00230117,0.0,0.00230117,0.0,0.002301
n6790,U6991/Y,NAND3X1,OR2X2/B,1,0.00234214,0.00228252,0.00234214,0.00228252,0.00234214,0.0,0.00234214,0.0,0.002342
n6791,U6999/Y,AOI22X1,AND2X2/B,1,0.00186944,0.00186944,0.00182011,0.00182011,0.00186944,0.0,0.00186944,0.0,0.001869
n6792,U6998/Y,AOI22X1,AND2X2/A,1,0.00179784,0.00179784,0.00176278,0.00176278,0.00179784,0.0,0.00179784,0.0,0.001798
n6794,U6997/Y,AOI22X1,NAND3X1/B,1,0.00283213,0.00283213,0.00259978,0.00259978,0.00283213,0.0,0.00283213,0.0,0.002832
n6795,U6996/Y,AOI22X1,NAND3X1/A,1,0.00254759,0.00254759,0.00220852,0.00220852,0.00254759,0.0,0.00254759,0.0,0.002548
n6796,U7005/Y,AOI22X1,AND2X2/A,1,0.00179784,0.00179784,0.00176278,0.00176278,0.00179784,0.0,0.00179784,0.0,0.001798
n6797,U7004/Y,AOI22X1,AND2X2/B,1,0.00186944,0.00186944,0.00182011,0.00182011,0.00186944,0.0,0.00186944,0.0,0.001869
n6799,U7003/Y,AOI22X1,NAND3X1/B,1,0.00283213,0.00283213,0.00259978,0.00259978,0.00283213,0.0,0.00283213,0.0,0.002832
n6800,U7002/Y,AOI22X1,NAND3X1/A,1,0.00254759,0.00254759,0.00220852,0.00220852,0.00254759,0.0,0.00254759,0.0,0.002548
n6801,U7007/Y,NAND3X1,OR2X2/A,1,0.00230117,0.00229176,0.00230117,0.00229176,0.00230117,0.0,0.00230117,0.0,0.002301
n6802,U7001/Y,NAND3X1,OR2X2/B,1,0.00234214,0.00228252,0.00234214,0.00228252,0.00234214,0.0,0.00234214,0.0,0.002342
n6803,U7012/Y,AOI22X1,AND2X2/A,1,0.00179784,0.00179784,0.00176278,0.00176278,0.00179784,0.0,0.00179784,0.0,0.001798
n6804,U7011/Y,AOI22X1,AND2X2/B,1,0.00186944,0.00186944,0.00182011,0.00182011,0.00186944,0.0,0.00186944,0.0,0.001869
n6806,U7010/Y,AOI22X1,NAND3X1/B,1,0.00283213,0.00283213,0.00259978,0.00259978,0.00283213,0.0,0.00283213,0.0,0.002832
n6807,U7009/Y,AOI22X1,NAND3X1/A,1,0.00254759,0.00254759,0.00220852,0.00220852,0.00254759,0.0,0.00254759,0.0,0.002548
n6808,U7017/Y,AOI22X1,AND2X2/B,1,0.00186944,0.00186944,0.00182011,0.00182011,0.00186944,0.0,0.00186944,0.0,0.001869
n6809,U7016/Y,AOI22X1,AND2X2/A,1,0.00179784,0.00179784,0.00176278,0.00176278,0.00179784,0.0,0.00179784,0.0,0.001798
n6811,U1754/Y,NOR2X1,NAND3X1/B,1,0.00283213,0.00283213,0.00259978,0.00259978,0.00283213,0.0,0.00283213,0.0,0.002832
n6812,U7015/Y,AOI22X1,NAND3X1/A,1,0.00254759,0.00254759,0.00220852,0.00220852,0.00254759,0.0,0.00254759,0.0,0.002548
n6813,U7019/Y,NAND3X1,OR2X2/A,1,0.00230117,0.00229176,0.00230117,0.00229176,0.00230117,0.0,0.00230117,0.0,0.002301
n6814,U7014/Y,NAND3X1,OR2X2/B,1,0.00234214,0.00228252,0.00234214,0.00228252,0.00234214,0.0,0.00234214,0.0,0.002342
n6815,U3244/Y,NOR2X1,BUFX2/A;BUFX2/A;BUFX2/A,3,0.00461688,0.00461688,0.00451245,0.00451245,0.00461688,0.0,0.00461688,0.0,0.004617
n6819,U6339/Y,NOR2X1,INVX1/A;NAND3X1/A,2,0.00409862,0.00409862,0.00368468,0.00368468,0.00409862,0.0,0.00409862,0.0,0.004099
n6822,U6245/Y,NOR2X1,BUFX2/A;BUFX2/A;NAND2X1/A,3,0.0051884900000000005,0.0051884900000000005,0.00489265,0.00489265,0.00518849,0.0,0.00518849,0.0,0.005188
n6825,U6173/Y,NOR2X1,NAND3X1/A,1,0.00254759,0.00254759,0.00220852,0.00220852,0.00254759,0.0,0.00254759,0.0,0.002548
n6826,U6146/Y,NOR2X1,BUFX2/A;INVX1/A,2,0.00308999,0.00308999,0.00298031,0.00298031,0.00308999,0.0,0.00308999,0.0,0.00309
n6827,U6129/Y,NOR2X1,BUFX2/A;NAND2X1/B,2,0.0035664499999999997,0.0035664499999999997,0.00344836,0.00344836,0.00356645,0.0,0.00356645,0.0,0.003566
n6828,U6112/Y,NOR2X1,NAND3X1/C,1,0.00296109,0.00296109,0.0028316,0.0028316,0.00296109,0.0,0.00296109,0.0,0.002961
n6830,U6074/Y,NOR2X1,NAND3X1/C,1,0.00296109,0.00296109,0.0028316,0.0028316,0.00296109,0.0,0.00296109,0.0,0.002961
n6831,U6054/Y,NOR2X1,NAND3X1/C,1,0.00296109,0.00296109,0.0028316,0.0028316,0.00296109,0.0,0.00296109,0.0,0.002961
n6832,U6040/Y,NOR2X1,NAND2X1/B,1,0.00202749,0.00202749,0.00194421,0.00194421,0.00202749,0.0,0.00202749,0.0,0.002027
n6834,U6012/Y,NOR2X1,INVX1/A,1,0.00155103,0.00155103,0.00147616,0.00147616,0.00155103,0.0,0.00155103,0.0,0.001551
n6835,U5982/Y,NOR2X1,INVX1/A;INVX1/A,2,0.00310206,0.00310206,0.00295232,0.00295232,0.00310206,0.0,0.00310206,0.0,0.003102
n6836,U5948/Y,NOR2X1,INVX1/A;NAND2X1/B,2,0.00357852,0.00357852,0.00342037,0.00342037,0.00357852,0.0,0.00357852,0.0,0.003579
n6839,U5913/Y,NOR2X1,NAND2X1/B,1,0.00202749,0.00202749,0.00194421,0.00194421,0.00202749,0.0,0.00202749,0.0,0.002027
n6843,U5865/Y,NOR2X1,NAND2X1/B,1,0.00202749,0.00202749,0.00194421,0.00194421,0.00202749,0.0,0.00202749,0.0,0.002027
n6844,U5851/Y,NOR2X1,NAND3X1/C,1,0.00296109,0.00296109,0.0028316,0.0028316,0.00296109,0.0,0.00296109,0.0,0.002961
n6846,U5824/Y,NOR2X1,NAND3X1/C,1,0.00296109,0.00296109,0.0028316,0.0028316,0.00296109,0.0,0.00296109,0.0,0.002961
n6847,U5806/Y,NOR2X1,BUFX2/A;INVX1/A,2,0.00308999,0.00308999,0.00298031,0.00298031,0.00308999,0.0,0.00308999,0.0,0.00309
n6849,U5777/Y,NOR2X1,NAND3X1/C,1,0.00296109,0.00296109,0.0028316,0.0028316,0.00296109,0.0,0.00296109,0.0,0.002961
n6851,U5734/Y,NOR2X1,AOI21X1/B,1,0.00272419,0.00272419,0.00267874,0.00267874,0.00272419,0.0,0.00272419,0.0,0.002724
n6852,U5723/Y,NOR2X1,INVX1/A;INVX1/A,2,0.00310206,0.00310206,0.00295232,0.00295232,0.00310206,0.0,0.00310206,0.0,0.003102
n6853,U5693/Y,NOR2X1,NAND2X1/B,1,0.00202749,0.00202749,0.00194421,0.00194421,0.00202749,0.0,0.00202749,0.0,0.002027
n6854,U5677/Y,NOR2X1,NAND2X1/B,1,0.00202749,0.00202749,0.00194421,0.00194421,0.00202749,0.0,0.00202749,0.0,0.002027
n6855,U5659/Y,NOR2X1,NAND3X1/C,1,0.00296109,0.00296109,0.0028316,0.0028316,0.00296109,0.0,0.00296109,0.0,0.002961
n6856,U5641/Y,NOR2X1,INVX1/A,1,0.00155103,0.00155103,0.00147616,0.00147616,0.00155103,0.0,0.00155103,0.0,0.001551
n6859,U5591/Y,NOR2X1,NAND2X1/B,1,0.00202749,0.00202749,0.00194421,0.00194421,0.00202749,0.0,0.00202749,0.0,0.002027
n6860,U5572/Y,NOR2X1,NAND2X1/B,1,0.00202749,0.00202749,0.00194421,0.00194421,0.00202749,0.0,0.00202749,0.0,0.002027
n6865,U5478/Y,NOR2X1,NAND2X1/A,1,0.00211057,0.00211057,0.00188435,0.00188435,0.00211057,0.0,0.00211057,0.0,0.002111
n6869,U5358/Y,NOR2X1,INVX1/A;NAND2X1/B,2,0.00357852,0.00357852,0.00342037,0.00342037,0.00357852,0.0,0.00357852,0.0,0.003579
n6870,U5337/Y,NOR2X1,INVX1/A;NAND3X1/C,2,0.00451212,0.00451212,0.00430776,0.00430776,0.00451212,0.0,0.00451212,0.0,0.004512
n6871,U5317/Y,NOR2X1,BUFX2/A;INVX1/A,2,0.00308999,0.00308999,0.00298031,0.00298031,0.00308999,0.0,0.00308999,0.0,0.00309
n6873,U5278/Y,NOR2X1,INVX1/A;NAND2X1/B,2,0.00357852,0.00357852,0.00342037,0.00342037,0.00357852,0.0,0.00357852,0.0,0.003579
n6874,U5262/Y,NOR2X1,NAND2X1/B;NAND2X1/B;NAND3X1/C;NAND3X1/C,4,0.009977159999999999,0.009977159999999999,0.00955162,0.00955162,0.00997716,0.0,0.00997716,0.0,0.009977
n6875,U5248/Y,NOR2X1,INVX1/A;NAND2X1/A,2,0.0036616,0.0036616,0.0033605099999999997,0.00336051,0.0036616,0.0,0.0036616,0.0,0.003662
n6878,U5193/Y,NOR2X1,NAND3X1/B,1,0.00283213,0.00283213,0.00259978,0.00259978,0.00283213,0.0,0.00283213,0.0,0.002832
n6879,U5178/Y,NOR2X1,INVX1/A;NAND3X1/C,2,0.00451212,0.00451212,0.00430776,0.00430776,0.00451212,0.0,0.00451212,0.0,0.004512
n6883,U5094/Y,NOR2X1,INVX1/A;NAND3X1/C,2,0.00451212,0.00451212,0.00430776,0.00430776,0.00451212,0.0,0.00451212,0.0,0.004512
n6884,U5074/Y,NOR2X1,INVX1/A;NAND3X1/C,2,0.00451212,0.00451212,0.00430776,0.00430776,0.00451212,0.0,0.00451212,0.0,0.004512
n6885,U5058/Y,NOR2X1,NAND2X1/B,1,0.00202749,0.00202749,0.00194421,0.00194421,0.00202749,0.0,0.00202749,0.0,0.002027
n6886,U5038/Y,NOR2X1,INVX1/A;NAND3X1/A,2,0.00409862,0.00409862,0.00368468,0.00368468,0.00409862,0.0,0.00409862,0.0,0.004099
n6888,U5003/Y,NOR2X1,INVX1/A;NAND3X1/C,2,0.00451212,0.00451212,0.00430776,0.00430776,0.00451212,0.0,0.00451212,0.0,0.004512
n6889,U4984/Y,NOR2X1,BUFX2/A;NAND3X1/C,2,0.00450005,0.00450005,0.00433575,0.00433575,0.00450005,0.0,0.00450005,0.0,0.0045
n6890,U4966/Y,NOR2X1,NAND2X1/B,1,0.00202749,0.00202749,0.00194421,0.00194421,0.00202749,0.0,0.00202749,0.0,0.002027
n6891,U4946/Y,NOR2X1,INVX1/A,1,0.00155103,0.00155103,0.00147616,0.00147616,0.00155103,0.0,0.00155103,0.0,0.001551
n6892,U4931/Y,NOR2X1,NAND2X1/A,1,0.00211057,0.00211057,0.00188435,0.00188435,0.00211057,0.0,0.00211057,0.0,0.002111
n6893,U4913/Y,NOR2X1,INVX1/A,1,0.00155103,0.00155103,0.00147616,0.00147616,0.00155103,0.0,0.00155103,0.0,0.001551
n6894,U4893/Y,NOR2X1,NAND2X1/B,1,0.00202749,0.00202749,0.00194421,0.00194421,0.00202749,0.0,0.00202749,0.0,0.002027
n6895,U4873/Y,NOR2X1,BUFX2/A;NAND3X1/A,2,0.00408655,0.00408655,0.00371267,0.00371267,0.00408655,0.0,0.00408655,0.0,0.004087
n6896,U4857/Y,NOR2X1,INVX1/A,1,0.00155103,0.00155103,0.00147616,0.00147616,0.00155103,0.0,0.00155103,0.0,0.001551
n6897,U4835/Y,NOR2X1,BUFX2/A;NAND3X1/C,2,0.00450005,0.00450005,0.00433575,0.00433575,0.00450005,0.0,0.00450005,0.0,0.0045
n6898,U4823/Y,NOR2X1,NAND2X1/B,1,0.00202749,0.00202749,0.00194421,0.00194421,0.00202749,0.0,0.00202749,0.0,0.002027
n6899,U4803/Y,NOR2X1,BUFX2/A;NAND2X1/B,2,0.0035664499999999997,0.0035664499999999997,0.00344836,0.00344836,0.00356645,0.0,0.00356645,0.0,0.003566
n6900,U4784/Y,NOR2X1,NAND2X1/A;NAND2X1/B,2,0.00413806,0.00413806,0.00382856,0.00382856,0.00413806,0.0,0.00413806,0.0,0.004138
n6901,U4765/Y,NOR2X1,NAND2X1/B,1,0.00202749,0.00202749,0.00194421,0.00194421,0.00202749,0.0,0.00202749,0.0,0.002027
n6903,U4732/Y,NOR2X1,NAND3X1/C,1,0.00296109,0.00296109,0.0028316,0.0028316,0.00296109,0.0,0.00296109,0.0,0.002961
n6904,U4711/Y,NOR2X1,BUFX2/A;NAND2X1/B;NAND2X1/B,3,0.0055939399999999995,0.0055939399999999995,0.00539257,0.00539257,0.00559394,0.0,0.00559394,0.0,0.005594
n6905,U4691/Y,NOR2X1,NAND2X1/B,1,0.00202749,0.00202749,0.00194421,0.00194421,0.00202749,0.0,0.00202749,0.0,0.002027
n6907,U4642/Y,NOR2X1,NAND3X1/C,1,0.00296109,0.00296109,0.0028316,0.0028316,0.00296109,0.0,0.00296109,0.0,0.002961
n6908,U4621/Y,NOR2X1,BUFX2/A;BUFX2/A,2,0.00307792,0.00307792,0.0030083,0.0030083,0.00307792,0.0,0.00307792,0.0,0.003078
n6909,U4599/Y,NOR2X1,BUFX2/A;NAND3X1/C;NAND3X1/C,3,0.00746114,0.00746114,0.00716735,0.00716735,0.00746114,0.0,0.00746114,0.0,0.007461
n6910,U4579/Y,NOR2X1,NAND3X1/C,1,0.00296109,0.00296109,0.0028316,0.0028316,0.00296109,0.0,0.00296109,0.0,0.002961
n6911,U4561/Y,NOR2X1,BUFX2/A;NAND2X1/A,2,0.00364953,0.00364953,0.0033885,0.0033885,0.00364953,0.0,0.00364953,0.0,0.00365
n6912,U4543/Y,NOR2X1,NAND2X1/B,1,0.00202749,0.00202749,0.00194421,0.00194421,0.00202749,0.0,0.00202749,0.0,0.002027
n6913,U4523/Y,NOR2X1,BUFX2/A;INVX1/A,2,0.00308999,0.00308999,0.00298031,0.00298031,0.00308999,0.0,0.00308999,0.0,0.00309
n6914,U4503/Y,NOR2X1,NAND2X1/B,1,0.00202749,0.00202749,0.00194421,0.00194421,0.00202749,0.0,0.00202749,0.0,0.002027
n6915,U4484/Y,NOR2X1,INVX1/A;NAND2X1/B,2,0.00357852,0.00357852,0.00342037,0.00342037,0.00357852,0.0,0.00357852,0.0,0.003579
n6916,U4464/Y,NOR2X1,NAND3X1/C,1,0.00296109,0.00296109,0.0028316,0.0028316,0.00296109,0.0,0.00296109,0.0,0.002961
n898,U1465/Y,NOR2X1,AND2X2/B,1,0.00186944,0.00186944,0.00182011,0.00182011,0.00186944,0.0,0.00186944,0.0,0.001869
n943,U1578/Y,NAND3X1,NOR2X1/B,1,0.00236501,0.00236501,0.00229711,0.00229711,0.00236501,0.0,0.00236501,0.0,0.002365
n998,U1708/Y,NOR2X1,AND2X2/B,1,0.00186944,0.00186944,0.00182011,0.00182011,0.00186944,0.0,0.00186944,0.0,0.001869
response_i/n1000,response_i/U433/Y,NAND3X1,NAND3X1/B,1,0.00283213,0.00283213,0.00259978,0.00259978,0.00283213,0.0,0.00283213,0.0,0.002832
response_i/n1002,response_i/U432/Y,NAND3X1,AND2X2/A,1,0.00179784,0.00179784,0.00176278,0.00176278,0.00179784,0.0,0.00179784,0.0,0.001798
response_i/n1003,response_i/U431/Y,NAND3X1,AND2X2/B,1,0.00186944,0.00186944,0.00182011,0.00182011,0.00186944,0.0,0.00186944,0.0,0.001869
response_i/n1004,response_i/U443/Y,NAND3X1,NOR3X1/A,1,0.00302113,0.00302113,0.00301081,0.00301081,0.00302113,0.0,0.00302113,0.0,0.003021
response_i/n1005,response_i/U439/Y,NAND3X1,NOR3X1/B,1,0.003067,0.00306333,0.003067,0.00306333,0.003067,0.0,0.003067,0.0,0.003067
response_i/n1006,response_i/U436/Y,NAND2X1,NOR3X1/C,1,0.00328822,0.00328822,0.00322576,0.00322576,0.00328822,0.0,0.00328822,0.0,0.003288
response_i/n1007,response_i/U438/Y,NAND3X1,NAND2X1/A,1,0.00211057,0.00211057,0.00188435,0.00188435,0.00211057,0.0,0.00211057,0.0,0.002111
response_i/n1008,response_i/U437/Y,NAND3X1,NAND2X1/B,1,0.00202749,0.00202749,0.00194421,0.00194421,0.00202749,0.0,0.00202749,0.0,0.002027
response_i/n1009,response_i/U442/Y,NAND3X1,NAND3X1/A,1,0.00254759,0.00254759,0.00220852,0.00220852,0.00254759,0.0,0.00254759,0.0,0.002548
response_i/n1010,response_i/U441/Y,NAND3X1,NAND3X1/B,1,0.00283213,0.00283213,0.00259978,0.00259978,0.00283213,0.0,0.00283213,0.0,0.002832
response_i/n1011,response_i/U440/Y,NAND2X1,NAND3X1/C,1,0.00296109,0.00296109,0.0028316,0.0028316,0.00296109,0.0,0.00296109,0.0,0.002961
response_i/n1012,response_i/U445/Y,NAND3X1,NAND3X1/A,1,0.00254759,0.00254759,0.00220852,0.00220852,0.00254759,0.0,0.00254759,0.0,0.002548
response_i/n1013,response_i/U444/Y,NAND3X1,NAND3X1/B,1,0.00283213,0.00283213,0.00259978,0.00259978,0.00283213,0.0,0.00283213,0.0,0.002832
response_i/n1019,response_i/U455/Y,NAND3X1,NOR3X1/A,1,0.00302113,0.00302113,0.00301081,0.00301081,0.00302113,0.0,0.00302113,0.0,0.003021
response_i/n1020,response_i/U451/Y,NAND3X1,NOR3X1/B,1,0.003067,0.00306333,0.003067,0.00306333,0.003067,0.0,0.003067,0.0,0.003067
response_i/n1021,response_i/U448/Y,NAND2X1,NOR3X1/C,1,0.00328822,0.00328822,0.00322576,0.00322576,0.00328822,0.0,0.00328822,0.0,0.003288
response_i/n1022,response_i/U450/Y,NAND3X1,NAND2X1/A,1,0.00211057,0.00211057,0.00188435,0.00188435,0.00211057,0.0,0.00211057,0.0,0.002111
response_i/n1023,response_i/U449/Y,NAND3X1,NAND2X1/B,1,0.00202749,0.00202749,0.00194421,0.00194421,0.00202749,0.0,0.00202749,0.0,0.002027
response_i/n1024,response_i/U454/Y,NAND3X1,NAND3X1/A,1,0.00254759,0.00254759,0.00220852,0.00220852,0.00254759,0.0,0.00254759,0.0,0.002548
response_i/n1025,response_i/U453/Y,NAND3X1,NAND3X1/B,1,0.00283213,0.00283213,0.00259978,0.00259978,0.00283213,0.0,0.00283213,0.0,0.002832
response_i/n1026,response_i/U452/Y,NAND3X1,NAND3X1/C,1,0.00296109,0.00296109,0.0028316,0.0028316,0.00296109,0.0,0.00296109,0.0,0.002961
response_i/n1027,response_i/U459/Y,NAND3X1,NAND3X1/A,1,0.00254759,0.00254759,0.00220852,0.00220852,0.00254759,0.0,0.00254759,0.0,0.002548
response_i/n1028,response_i/U458/Y,NAND3X1,NAND3X1/B,1,0.00283213,0.00283213,0.00259978,0.00259978,0.00283213,0.0,0.00283213,0.0,0.002832
response_i/n1030,response_i/U457/Y,NAND3X1,AND2X2/A,1,0.00179784,0.00179784,0.00176278,0.00176278,0.00179784,0.0,0.00179784,0.0,0.001798
response_i/n1031,response_i/U456/Y,NAND3X1,AND2X2/B,1,0.00186944,0.00186944,0.00182011,0.00182011,0.00186944,0.0,0.00186944,0.0,0.001869
response_i/n1032,response_i/U468/Y,NAND3X1,NOR3X1/A,1,0.00302113,0.00302113,0.00301081,0.00301081,0.00302113,0.0,0.00302113,0.0,0.003021
response_i/n1033,response_i/U464/Y,NAND3X1,NOR3X1/B,1,0.003067,0.00306333,0.003067,0.00306333,0.003067,0.0,0.003067,0.0,0.003067
response_i/n1034,response_i/U461/Y,NAND2X1,NOR3X1/C,1,0.00328822,0.00328822,0.00322576,0.00322576,0.00328822,0.0,0.00328822,0.0,0.003288
response_i/n1035,response_i/U463/Y,NAND3X1,NAND2X1/A,1,0.00211057,0.00211057,0.00188435,0.00188435,0.00211057,0.0,0.00211057,0.0,0.002111
response_i/n1036,response_i/U462/Y,NAND2X1,NAND2X1/B,1,0.00202749,0.00202749,0.00194421,0.00194421,0.00202749,0.0,0.00202749,0.0,0.002027
response_i/n1037,response_i/U467/Y,NAND3X1,NAND3X1/A,1,0.00254759,0.00254759,0.00220852,0.00220852,0.00254759,0.0,0.00254759,0.0,0.002548
response_i/n1038,response_i/U466/Y,NAND3X1,NAND3X1/B,1,0.00283213,0.00283213,0.00259978,0.00259978,0.00283213,0.0,0.00283213,0.0,0.002832
response_i/n1039,response_i/U465/Y,NAND3X1,NAND3X1/C,1,0.00296109,0.00296109,0.0028316,0.0028316,0.00296109,0.0,0.00296109,0.0,0.002961
response_i/n1040,response_i/U470/Y,NAND3X1,NAND3X1/A,1,0.00254759,0.00254759,0.00220852,0.00220852,0.00254759,0.0,0.00254759,0.0,0.002548
response_i/n1041,response_i/U469/Y,NAND3X1,NAND3X1/B,1,0.00283213,0.00283213,0.00259978,0.00259978,0.00283213,0.0,0.00283213,0.0,0.002832
response_i/n1046,response_i/U481/Y,NAND3X1,NOR3X1/A,1,0.00302113,0.00302113,0.00301081,0.00301081,0.00302113,0.0,0.00302113,0.0,0.003021
response_i/n1047,response_i/U477/Y,NAND3X1,NOR3X1/B,1,0.003067,0.00306333,0.003067,0.00306333,0.003067,0.0,0.003067,0.0,0.003067
response_i/n1048,response_i/U474/Y,NAND2X1,NOR3X1/C,1,0.00328822,0.00328822,0.00322576,0.00322576,0.00328822,0.0,0.00328822,0.0,0.003288
response_i/n1049,response_i/U476/Y,NAND3X1,NAND2X1/A,1,0.00211057,0.00211057,0.00188435,0.00188435,0.00211057,0.0,0.00211057,0.0,0.002111
response_i/n1050,response_i/U475/Y,NAND3X1,NAND2X1/B,1,0.00202749,0.00202749,0.00194421,0.00194421,0.00202749,0.0,0.00202749,0.0,0.002027
response_i/n1051,response_i/U480/Y,NAND3X1,NAND3X1/A,1,0.00254759,0.00254759,0.00220852,0.00220852,0.00254759,0.0,0.00254759,0.0,0.002548
response_i/n1052,response_i/U479/Y,NAND3X1,NAND3X1/B,1,0.00283213,0.00283213,0.00259978,0.00259978,0.00283213,0.0,0.00283213,0.0,0.002832
response_i/n1053,response_i/U478/Y,NAND3X1,NAND3X1/C,1,0.00296109,0.00296109,0.0028316,0.0028316,0.00296109,0.0,0.00296109,0.0,0.002961
response_i/n1054,response_i/U485/Y,NAND3X1,NAND3X1/A,1,0.00254759,0.00254759,0.00220852,0.00220852,0.00254759,0.0,0.00254759,0.0,0.002548
response_i/n1055,response_i/U484/Y,NAND3X1,NAND3X1/B,1,0.00283213,0.00283213,0.00259978,0.00259978,0.00283213,0.0,0.00283213,0.0,0.002832
response_i/n1057,response_i/U483/Y,NAND3X1,AND2X2/A,1,0.00179784,0.00179784,0.00176278,0.00176278,0.00179784,0.0,0.00179784,0.0,0.001798
response_i/n1058,response_i/U482/Y,NAND3X1,AND2X2/B,1,0.00186944,0.00186944,0.00182011,0.00182011,0.00186944,0.0,0.00186944,0.0,0.001869
response_i/n1059,response_i/U494/Y,NAND3X1,NOR3X1/A,1,0.00302113,0.00302113,0.00301081,0.00301081,0.00302113,0.0,0.00302113,0.0,0.003021
response_i/n1060,response_i/U490/Y,NAND3X1,NOR3X1/B,1,0.003067,0.00306333,0.003067,0.00306333,0.003067,0.0,0.003067,0.0,0.003067
response_i/n1061,response_i/U487/Y,NAND2X1,NOR3X1/C,1,0.00328822,0.00328822,0.00322576,0.00322576,0.00328822,0.0,0.00328822,0.0,0.003288
response_i/n1062,response_i/U489/Y,NAND3X1,NAND2X1/A,1,0.00211057,0.00211057,0.00188435,0.00188435,0.00211057,0.0,0.00211057,0.0,0.002111
response_i/n1063,response_i/U488/Y,NAND3X1,NAND2X1/B,1,0.00202749,0.00202749,0.00194421,0.00194421,0.00202749,0.0,0.00202749,0.0,0.002027
response_i/n1064,response_i/U493/Y,NAND3X1,NAND3X1/A,1,0.00254759,0.00254759,0.00220852,0.00220852,0.00254759,0.0,0.00254759,0.0,0.002548
response_i/n1065,response_i/U492/Y,NAND2X1,NAND3X1/B,1,0.00283213,0.00283213,0.00259978,0.00259978,0.00283213,0.0,0.00283213,0.0,0.002832
response_i/n1066,response_i/U491/Y,NAND3X1,NAND3X1/C,1,0.00296109,0.00296109,0.0028316,0.0028316,0.00296109,0.0,0.00296109,0.0,0.002961
response_i/n1067,response_i/U496/Y,NAND3X1,NAND3X1/A,1,0.00254759,0.00254759,0.00220852,0.00220852,0.00254759,0.0,0.00254759,0.0,0.002548
response_i/n1068,response_i/U495/Y,NAND3X1,NAND3X1/B,1,0.00283213,0.00283213,0.00259978,0.00259978,0.00283213,0.0,0.00283213,0.0,0.002832
response_i/n1070,response_i/U574/Y,NOR2X1,AND2X2/A;AND2X2/A,2,0.00359568,0.00359568,0.00352556,0.00352556,0.00359568,0.0,0.00359568,0.0,0.003596
response_i/n1073,response_i/U507/Y,NAND3X1,NOR3X1/A,1,0.00302113,0.00302113,0.00301081,0.00301081,0.00302113,0.0,0.00302113,0.0,0.003021
response_i/n1074,response_i/U503/Y,NAND3X1,NOR3X1/B,1,0.003067,0.00306333,0.003067,0.00306333,0.003067,0.0,0.003067,0.0,0.003067
response_i/n1075,response_i/U500/Y,NAND2X1,NOR3X1/C,1,0.00328822,0.00328822,0.00322576,0.00322576,0.00328822,0.0,0.00328822,0.0,0.003288
response_i/n1076,response_i/U502/Y,NAND3X1,NAND2X1/A,1,0.00211057,0.00211057,0.00188435,0.00188435,0.00211057,0.0,0.00211057,0.0,0.002111
response_i/n1077,response_i/U501/Y,NAND3X1,NAND2X1/B,1,0.00202749,0.00202749,0.00194421,0.00194421,0.00202749,0.0,0.00202749,0.0,0.002027
response_i/n1078,response_i/U506/Y,NAND3X1,NAND3X1/A,1,0.00254759,0.00254759,0.00220852,0.00220852,0.00254759,0.0,0.00254759,0.0,0.002548
response_i/n1079,response_i/U505/Y,NAND3X1,NAND3X1/B,1,0.00283213,0.00283213,0.00259978,0.00259978,0.00283213,0.0,0.00283213,0.0,0.002832
response_i/n1080,response_i/U504/Y,NAND3X1,NAND3X1/C,1,0.00296109,0.00296109,0.0028316,0.0028316,0.00296109,0.0,0.00296109,0.0,0.002961
response_i/n1081,response_i/U511/Y,NAND3X1,NAND3X1/A,1,0.00254759,0.00254759,0.00220852,0.00220852,0.00254759,0.0,0.00254759,0.0,0.002548
response_i/n1082,response_i/U510/Y,NAND3X1,NAND3X1/B,1,0.00283213,0.00283213,0.00259978,0.00259978,0.00283213,0.0,0.00283213,0.0,0.002832
response_i/n1084,response_i/U509/Y,NAND3X1,AND2X2/A,1,0.00179784,0.00179784,0.00176278,0.00176278,0.00179784,0.0,0.00179784,0.0,0.001798
response_i/n1085,response_i/U508/Y,NAND3X1,AND2X2/B,1,0.00186944,0.00186944,0.00182011,0.00182011,0.00186944,0.0,0.00186944,0.0,0.001869
response_i/n1086,response_i/U520/Y,NAND3X1,NOR3X1/A,1,0.00302113,0.00302113,0.00301081,0.00301081,0.00302113,0.0,0.00302113,0.0,0.003021
response_i/n1087,response_i/U516/Y,NAND3X1,NOR3X1/B,1,0.003067,0.00306333,0.003067,0.00306333,0.003067,0.0,0.003067,0.0,0.003067
response_i/n1088,response_i/U513/Y,NAND2X1,NOR3X1/C,1,0.00328822,0.00328822,0.00322576,0.00322576,0.00328822,0.0,0.00328822,0.0,0.003288
response_i/n1089,response_i/U515/Y,NAND3X1,NAND2X1/A,1,0.00211057,0.00211057,0.00188435,0.00188435,0.00211057,0.0,0.00211057,0.0,0.002111
response_i/n1090,response_i/U514/Y,NAND3X1,NAND2X1/B,1,0.00202749,0.00202749,0.00194421,0.00194421,0.00202749,0.0,0.00202749,0.0,0.002027
response_i/n1091,response_i/U519/Y,NAND2X1,NAND3X1/A,1,0.00254759,0.00254759,0.00220852,0.00220852,0.00254759,0.0,0.00254759,0.0,0.002548
response_i/n1092,response_i/U518/Y,NAND3X1,NAND3X1/B,1,0.00283213,0.00283213,0.00259978,0.00259978,0.00283213,0.0,0.00283213,0.0,0.002832
response_i/n1093,response_i/U517/Y,NAND3X1,NAND3X1/C,1,0.00296109,0.00296109,0.0028316,0.0028316,0.00296109,0.0,0.00296109,0.0,0.002961
response_i/n1094,response_i/U522/Y,NAND3X1,NAND3X1/A,1,0.00254759,0.00254759,0.00220852,0.00220852,0.00254759,0.0,0.00254759,0.0,0.002548
response_i/n1095,response_i/U521/Y,NAND3X1,NAND3X1/B,1,0.00283213,0.00283213,0.00259978,0.00259978,0.00283213,0.0,0.00283213,0.0,0.002832
response_i/n1100,response_i/U533/Y,NAND3X1,NOR3X1/A,1,0.00302113,0.00302113,0.00301081,0.00301081,0.00302113,0.0,0.00302113,0.0,0.003021
response_i/n1101,response_i/U529/Y,NAND3X1,NOR3X1/B,1,0.003067,0.00306333,0.003067,0.00306333,0.003067,0.0,0.003067,0.0,0.003067
response_i/n1102,response_i/U526/Y,NAND2X1,NOR3X1/C,1,0.00328822,0.00328822,0.00322576,0.00322576,0.00328822,0.0,0.00328822,0.0,0.003288
response_i/n1103,response_i/U528/Y,NAND3X1,NAND2X1/A,1,0.00211057,0.00211057,0.00188435,0.00188435,0.00211057,0.0,0.00211057,0.0,0.002111
response_i/n1104,response_i/U527/Y,NAND3X1,NAND2X1/B,1,0.00202749,0.00202749,0.00194421,0.00194421,0.00202749,0.0,0.00202749,0.0,0.002027
response_i/n1105,response_i/U532/Y,NAND3X1,NAND3X1/A,1,0.00254759,0.00254759,0.00220852,0.00220852,0.00254759,0.0,0.00254759,0.0,0.002548
response_i/n1106,response_i/U531/Y,NAND2X1,NAND3X1/B,1,0.00283213,0.00283213,0.00259978,0.00259978,0.00283213,0.0,0.00283213,0.0,0.002832
response_i/n1107,response_i/U530/Y,NAND3X1,NAND3X1/C,1,0.00296109,0.00296109,0.0028316,0.0028316,0.00296109,0.0,0.00296109,0.0,0.002961
response_i/n1108,response_i/U537/Y,NAND3X1,NAND3X1/A,1,0.00254759,0.00254759,0.00220852,0.00220852,0.00254759,0.0,0.00254759,0.0,0.002548
response_i/n1109,response_i/U536/Y,NAND3X1,NAND3X1/B,1,0.00283213,0.00283213,0.00259978,0.00259978,0.00283213,0.0,0.00283213,0.0,0.002832
response_i/n1111,response_i/U535/Y,NAND3X1,AND2X2/A,1,0.00179784,0.00179784,0.00176278,0.00176278,0.00179784,0.0,0.00179784,0.0,0.001798
response_i/n1112,response_i/U534/Y,NAND3X1,AND2X2/B,1,0.00186944,0.00186944,0.00182011,0.00182011,0.00186944,0.0,0.00186944,0.0,0.001869
response_i/n1113,response_i/U546/Y,NAND3X1,NOR3X1/A,1,0.00302113,0.00302113,0.00301081,0.00301081,0.00302113,0.0,0.00302113,0.0,0.003021
response_i/n1114,response_i/U542/Y,NAND3X1,NOR3X1/B,1,0.003067,0.00306333,0.003067,0.00306333,0.003067,0.0,0.003067,0.0,0.003067
response_i/n1115,response_i/U539/Y,NAND2X1,NOR3X1/C,1,0.00328822,0.00328822,0.00322576,0.00322576,0.00328822,0.0,0.00328822,0.0,0.003288
response_i/n1116,response_i/U541/Y,NAND3X1,NAND2X1/A,1,0.00211057,0.00211057,0.00188435,0.00188435,0.00211057,0.0,0.00211057,0.0,0.002111
response_i/n1117,response_i/U540/Y,NAND3X1,NAND2X1/B,1,0.00202749,0.00202749,0.00194421,0.00194421,0.00202749,0.0,0.00202749,0.0,0.002027
response_i/n1118,response_i/U545/Y,NAND3X1,NAND3X1/A,1,0.00254759,0.00254759,0.00220852,0.00220852,0.00254759,0.0,0.00254759,0.0,0.002548
response_i/n1119,response_i/U544/Y,NAND3X1,NAND3X1/B,1,0.00283213,0.00283213,0.00259978,0.00259978,0.00283213,0.0,0.00283213,0.0,0.002832
response_i/n1120,response_i/U543/Y,NAND3X1,NAND3X1/C,1,0.00296109,0.00296109,0.0028316,0.0028316,0.00296109,0.0,0.00296109,0.0,0.002961
response_i/n1121,response_i/U548/Y,NAND3X1,NAND3X1/A,1,0.00254759,0.00254759,0.00220852,0.00220852,0.00254759,0.0,0.00254759,0.0,0.002548
response_i/n1122,response_i/U547/Y,NAND3X1,NAND3X1/B,1,0.00283213,0.00283213,0.00259978,0.00259978,0.00283213,0.0,0.00283213,0.0,0.002832
response_i/n1126,response_i/U558/Y,NAND3X1,NOR3X1/A,1,0.00302113,0.00302113,0.00301081,0.00301081,0.00302113,0.0,0.00302113,0.0,0.003021
response_i/n1127,response_i/U554/Y,NAND3X1,NOR3X1/B,1,0.003067,0.00306333,0.003067,0.00306333,0.003067,0.0,0.003067,0.0,0.003067
response_i/n1129,response_i/U553/Y,NAND3X1,BUFX2/A,1,0.00153896,0.00153896,0.00150415,0.00150415,0.00153896,0.0,0.00153896,0.0,0.001539
response_i/n1130,response_i/U552/Y,NAND3X1,BUFX2/A,1,0.00153896,0.00153896,0.00150415,0.00150415,0.00153896,0.0,0.00153896,0.0,0.001539
response_i/n1131,response_i/U557/Y,NAND3X1,NAND3X1/A,1,0.00254759,0.00254759,0.00220852,0.00220852,0.00254759,0.0,0.00254759,0.0,0.002548
response_i/n1132,response_i/U556/Y,NAND3X1,NAND3X1/B,1,0.00283213,0.00283213,0.00259978,0.00259978,0.00283213,0.0,0.00283213,0.0,0.002832
response_i/n1133,response_i/U555/Y,NAND3X1,NAND3X1/C,1,0.00296109,0.00296109,0.0028316,0.0028316,0.00296109,0.0,0.00296109,0.0,0.002961
response_i/n1134,response_i/U561/Y,NAND3X1,NAND3X1/A,1,0.00254759,0.00254759,0.00220852,0.00220852,0.00254759,0.0,0.00254759,0.0,0.002548
response_i/n1135,response_i/U560/Y,NAND3X1,NAND3X1/B,1,0.00283213,0.00283213,0.00259978,0.00259978,0.00283213,0.0,0.00283213,0.0,0.002832
response_i/n1136,response_i/U559/Y,AOI22X1,NAND3X1/C,1,0.00296109,0.00296109,0.0028316,0.0028316,0.00296109,0.0,0.00296109,0.0,0.002961
response_i/n1138,response_i/U570/Y,NAND3X1,NOR3X1/A,1,0.00302113,0.00302113,0.00301081,0.00301081,0.00302113,0.0,0.00302113,0.0,0.003021
response_i/n1139,response_i/U566/Y,NAND3X1,NOR3X1/B,1,0.003067,0.00306333,0.003067,0.00306333,0.003067,0.0,0.003067,0.0,0.003067
response_i/n1140,response_i/U563/Y,NAND2X1,NOR3X1/C,1,0.00328822,0.00328822,0.00322576,0.00322576,0.00328822,0.0,0.00328822,0.0,0.003288
response_i/n1141,response_i/U565/Y,NAND3X1,NAND2X1/A,1,0.00211057,0.00211057,0.00188435,0.00188435,0.00211057,0.0,0.00211057,0.0,0.002111
response_i/n1142,response_i/U564/Y,NAND3X1,NAND2X1/B,1,0.00202749,0.00202749,0.00194421,0.00194421,0.00202749,0.0,0.00202749,0.0,0.002027
response_i/n1143,response_i/U569/Y,NAND3X1,NAND3X1/A,1,0.00254759,0.00254759,0.00220852,0.00220852,0.00254759,0.0,0.00254759,0.0,0.002548
response_i/n1144,response_i/U568/Y,NAND3X1,NAND3X1/B,1,0.00283213,0.00283213,0.00259978,0.00259978,0.00283213,0.0,0.00283213,0.0,0.002832
response_i/n1145,response_i/U567/Y,NAND3X1,NAND3X1/C,1,0.00296109,0.00296109,0.0028316,0.0028316,0.00296109,0.0,0.00296109,0.0,0.002961
response_i/n1146,response_i/U572/Y,NAND3X1,NAND3X1/A,1,0.00254759,0.00254759,0.00220852,0.00220852,0.00254759,0.0,0.00254759,0.0,0.002548
response_i/n1147,response_i/U571/Y,NAND3X1,NAND3X1/B,1,0.00283213,0.00283213,0.00259978,0.00259978,0.00283213,0.0,0.00283213,0.0,0.002832
response_i/n1149,response_i/U704/Y,AOI22X1,NAND3X1/A,1,0.00254759,0.00254759,0.00220852,0.00220852,0.00254759,0.0,0.00254759,0.0,0.002548
response_i/n1150,response_i/U679/Y,AOI21X1,NAND3X1/B,1,0.00283213,0.00283213,0.00259978,0.00259978,0.00283213,0.0,0.00283213,0.0,0.002832
response_i/n1152,response_i/U627/Y,AOI22X1,AND2X2/A,1,0.00179784,0.00179784,0.00176278,0.00176278,0.00179784,0.0,0.00179784,0.0,0.001798
response_i/n1153,response_i/U576/Y,AOI22X1,AND2X2/B,1,0.00186944,0.00186944,0.00182011,0.00182011,0.00186944,0.0,0.00186944,0.0,0.001869
response_i/n1157,response_i/U586/Y,NAND3X1,NOR3X1/A,1,0.00302113,0.00302113,0.00301081,0.00301081,0.00302113,0.0,0.00302113,0.0,0.003021
response_i/n1158,response_i/U582/Y,NAND3X1,NOR3X1/B,1,0.003067,0.00306333,0.003067,0.00306333,0.003067,0.0,0.003067,0.0,0.003067
response_i/n1160,response_i/U581/Y,NAND3X1,BUFX2/A,1,0.00153896,0.00153896,0.00150415,0.00150415,0.00153896,0.0,0.00153896,0.0,0.001539
response_i/n1161,response_i/U580/Y,NAND3X1,BUFX2/A,1,0.00153896,0.00153896,0.00150415,0.00150415,0.00153896,0.0,0.00153896,0.0,0.001539
response_i/n1162,response_i/U585/Y,NAND3X1,NAND3X1/A,1,0.00254759,0.00254759,0.00220852,0.00220852,0.00254759,0.0,0.00254759,0.0,0.002548
response_i/n1163,response_i/U584/Y,NAND3X1,NAND3X1/B,1,0.00283213,0.00283213,0.00259978,0.00259978,0.00283213,0.0,0.00283213,0.0,0.002832
response_i/n1164,response_i/U583/Y,NAND2X1,NAND3X1/C,1,0.00296109,0.00296109,0.0028316,0.0028316,0.00296109,0.0,0.00296109,0.0,0.002961
response_i/n1165,response_i/U590/Y,NAND3X1,NAND3X1/A,1,0.00254759,0.00254759,0.00220852,0.00220852,0.00254759,0.0,0.00254759,0.0,0.002548
response_i/n1166,response_i/U589/Y,NAND3X1,NAND3X1/B,1,0.00283213,0.00283213,0.00259978,0.00259978,0.00283213,0.0,0.00283213,0.0,0.002832
response_i/n1168,response_i/U588/Y,NAND3X1,AND2X2/A,1,0.00179784,0.00179784,0.00176278,0.00176278,0.00179784,0.0,0.00179784,0.0,0.001798
response_i/n1169,response_i/U587/Y,NAND3X1,AND2X2/B,1,0.00186944,0.00186944,0.00182011,0.00182011,0.00186944,0.0,0.00186944,0.0,0.001869
response_i/n1170,response_i/U599/Y,NAND3X1,NOR3X1/A,1,0.00302113,0.00302113,0.00301081,0.00301081,0.00302113,0.0,0.00302113,0.0,0.003021
response_i/n1171,response_i/U595/Y,NAND3X1,NOR3X1/B,1,0.003067,0.00306333,0.003067,0.00306333,0.003067,0.0,0.003067,0.0,0.003067
response_i/n1172,response_i/U592/Y,NAND2X1,NOR3X1/C,1,0.00328822,0.00328822,0.00322576,0.00322576,0.00328822,0.0,0.00328822,0.0,0.003288
response_i/n1173,response_i/U594/Y,NAND3X1,NAND2X1/A,1,0.00211057,0.00211057,0.00188435,0.00188435,0.00211057,0.0,0.00211057,0.0,0.002111
response_i/n1174,response_i/U593/Y,NAND3X1,NAND2X1/B,1,0.00202749,0.00202749,0.00194421,0.00194421,0.00202749,0.0,0.00202749,0.0,0.002027
response_i/n1175,response_i/U598/Y,NAND3X1,NAND3X1/A,1,0.00254759,0.00254759,0.00220852,0.00220852,0.00254759,0.0,0.00254759,0.0,0.002548
response_i/n1176,response_i/U597/Y,NAND3X1,NAND3X1/B,1,0.00283213,0.00283213,0.00259978,0.00259978,0.00283213,0.0,0.00283213,0.0,0.002832
response_i/n1177,response_i/U596/Y,NAND3X1,NAND3X1/C,1,0.00296109,0.00296109,0.0028316,0.0028316,0.00296109,0.0,0.00296109,0.0,0.002961
response_i/n1178,response_i/U601/Y,NAND3X1,NAND3X1/A,1,0.00254759,0.00254759,0.00220852,0.00220852,0.00254759,0.0,0.00254759,0.0,0.002548
response_i/n1179,response_i/U600/Y,NAND3X1,NAND3X1/B,1,0.00283213,0.00283213,0.00259978,0.00259978,0.00283213,0.0,0.00283213,0.0,0.002832
response_i/n1183,response_i/U611/Y,NAND3X1,NOR3X1/A,1,0.00302113,0.00302113,0.00301081,0.00301081,0.00302113,0.0,0.00302113,0.0,0.003021
response_i/n1184,response_i/U607/Y,NAND3X1,NOR3X1/B,1,0.003067,0.00306333,0.003067,0.00306333,0.003067,0.0,0.003067,0.0,0.003067
response_i/n1185,response_i/U604/Y,NAND2X1,NOR3X1/C,1,0.00328822,0.00328822,0.00322576,0.00322576,0.00328822,0.0,0.00328822,0.0,0.003288
response_i/n1186,response_i/U606/Y,NAND3X1,NAND2X1/A,1,0.00211057,0.00211057,0.00188435,0.00188435,0.00211057,0.0,0.00211057,0.0,0.002111
response_i/n1187,response_i/U605/Y,NAND2X1,NAND2X1/B,1,0.00202749,0.00202749,0.00194421,0.00194421,0.00202749,0.0,0.00202749,0.0,0.002027
response_i/n1188,response_i/U610/Y,NAND3X1,NAND3X1/A,1,0.00254759,0.00254759,0.00220852,0.00220852,0.00254759,0.0,0.00254759,0.0,0.002548
response_i/n1189,response_i/U609/Y,NAND3X1,NAND3X1/B,1,0.00283213,0.00283213,0.00259978,0.00259978,0.00283213,0.0,0.00283213,0.0,0.002832
response_i/n1190,response_i/U608/Y,NAND3X1,NAND3X1/C,1,0.00296109,0.00296109,0.0028316,0.0028316,0.00296109,0.0,0.00296109,0.0,0.002961
response_i/n1191,response_i/U615/Y,NAND3X1,NAND3X1/A,1,0.00254759,0.00254759,0.00220852,0.00220852,0.00254759,0.0,0.00254759,0.0,0.002548
response_i/n1192,response_i/U614/Y,NAND3X1,NAND3X1/B,1,0.00283213,0.00283213,0.00259978,0.00259978,0.00283213,0.0,0.00283213,0.0,0.002832
response_i/n1194,response_i/U613/Y,NAND3X1,AND2X2/A,1,0.00179784,0.00179784,0.00176278,0.00176278,0.00179784,0.0,0.00179784,0.0,0.001798
response_i/n1195,response_i/U612/Y,NAND3X1,AND2X2/B,1,0.00186944,0.00186944,0.00182011,0.00182011,0.00186944,0.0,0.00186944,0.0,0.001869
response_i/n1196,response_i/U624/Y,NAND3X1,NOR3X1/A,1,0.00302113,0.00302113,0.00301081,0.00301081,0.00302113,0.0,0.00302113,0.0,0.003021
response_i/n1197,response_i/U620/Y,NAND3X1,NOR3X1/B,1,0.003067,0.00306333,0.003067,0.00306333,0.003067,0.0,0.003067,0.0,0.003067
response_i/n1198,response_i/U617/Y,NAND2X1,NOR3X1/C,1,0.00328822,0.00328822,0.00322576,0.00322576,0.00328822,0.0,0.00328822,0.0,0.003288
response_i/n1199,response_i/U619/Y,NAND3X1,NAND2X1/A,1,0.00211057,0.00211057,0.00188435,0.00188435,0.00211057,0.0,0.00211057,0.0,0.002111
response_i/n1200,response_i/U618/Y,NAND3X1,NAND2X1/B,1,0.00202749,0.00202749,0.00194421,0.00194421,0.00202749,0.0,0.00202749,0.0,0.002027
response_i/n1201,response_i/U623/Y,NAND3X1,NAND3X1/A,1,0.00254759,0.00254759,0.00220852,0.00220852,0.00254759,0.0,0.00254759,0.0,0.002548
response_i/n1202,response_i/U622/Y,NAND3X1,NAND3X1/B,1,0.00283213,0.00283213,0.00259978,0.00259978,0.00283213,0.0,0.00283213,0.0,0.002832
response_i/n1203,response_i/U621/Y,NAND3X1,NAND3X1/C,1,0.00296109,0.00296109,0.0028316,0.0028316,0.00296109,0.0,0.00296109,0.0,0.002961
response_i/n1204,response_i/U626/Y,NAND3X1,NAND3X1/A,1,0.00254759,0.00254759,0.00220852,0.00220852,0.00254759,0.0,0.00254759,0.0,0.002548
response_i/n1205,response_i/U625/Y,NAND3X1,NAND3X1/B,1,0.00283213,0.00283213,0.00259978,0.00259978,0.00283213,0.0,0.00283213,0.0,0.002832
response_i/n1209,response_i/U637/Y,NAND3X1,NOR3X1/A,1,0.00302113,0.00302113,0.00301081,0.00301081,0.00302113,0.0,0.00302113,0.0,0.003021
response_i/n1210,response_i/U633/Y,NAND3X1,NOR3X1/B,1,0.003067,0.00306333,0.003067,0.00306333,0.003067,0.0,0.003067,0.0,0.003067
response_i/n1211,response_i/U630/Y,NAND2X1,NOR3X1/C,1,0.00328822,0.00328822,0.00322576,0.00322576,0.00328822,0.0,0.00328822,0.0,0.003288
response_i/n1212,response_i/U632/Y,NAND3X1,NAND2X1/A,1,0.00211057,0.00211057,0.00188435,0.00188435,0.00211057,0.0,0.00211057,0.0,0.002111
response_i/n1213,response_i/U631/Y,NAND3X1,NAND2X1/B,1,0.00202749,0.00202749,0.00194421,0.00194421,0.00202749,0.0,0.00202749,0.0,0.002027
response_i/n1214,response_i/U636/Y,NAND3X1,NAND3X1/A,1,0.00254759,0.00254759,0.00220852,0.00220852,0.00254759,0.0,0.00254759,0.0,0.002548
response_i/n1215,response_i/U635/Y,NAND3X1,NAND3X1/B,1,0.00283213,0.00283213,0.00259978,0.00259978,0.00283213,0.0,0.00283213,0.0,0.002832
response_i/n1216,response_i/U634/Y,NAND3X1,NAND3X1/C,1,0.00296109,0.00296109,0.0028316,0.0028316,0.00296109,0.0,0.00296109,0.0,0.002961
response_i/n1217,response_i/U641/Y,NAND3X1,NAND3X1/A,1,0.00254759,0.00254759,0.00220852,0.00220852,0.00254759,0.0,0.00254759,0.0,0.002548
response_i/n1218,response_i/U640/Y,NAND3X1,NAND3X1/B,1,0.00283213,0.00283213,0.00259978,0.00259978,0.00283213,0.0,0.00283213,0.0,0.002832
response_i/n1220,response_i/U639/Y,NAND3X1,AND2X2/A,1,0.00179784,0.00179784,0.00176278,0.00176278,0.00179784,0.0,0.00179784,0.0,0.001798
response_i/n1221,response_i/U638/Y,NAND3X1,AND2X2/B,1,0.00186944,0.00186944,0.00182011,0.00182011,0.00186944,0.0,0.00186944,0.0,0.001869
response_i/n1222,response_i/U650/Y,NAND3X1,NOR3X1/A,1,0.00302113,0.00302113,0.00301081,0.00301081,0.00302113,0.0,0.00302113,0.0,0.003021
response_i/n1223,response_i/U646/Y,NAND3X1,NOR3X1/B,1,0.003067,0.00306333,0.003067,0.00306333,0.003067,0.0,0.003067,0.0,0.003067
response_i/n1224,response_i/U643/Y,NAND2X1,NOR3X1/C,1,0.00328822,0.00328822,0.00322576,0.00322576,0.00328822,0.0,0.00328822,0.0,0.003288
response_i/n1225,response_i/U645/Y,NAND3X1,NAND2X1/A,1,0.00211057,0.00211057,0.00188435,0.00188435,0.00211057,0.0,0.00211057,0.0,0.002111
response_i/n1226,response_i/U644/Y,NAND3X1,NAND2X1/B,1,0.00202749,0.00202749,0.00194421,0.00194421,0.00202749,0.0,0.00202749,0.0,0.002027
response_i/n1227,response_i/U649/Y,NAND3X1,NAND3X1/A,1,0.00254759,0.00254759,0.00220852,0.00220852,0.00254759,0.0,0.00254759,0.0,0.002548
response_i/n1228,response_i/U648/Y,NAND3X1,NAND3X1/B,1,0.00283213,0.00283213,0.00259978,0.00259978,0.00283213,0.0,0.00283213,0.0,0.002832
response_i/n1229,response_i/U647/Y,NAND3X1,NAND3X1/C,1,0.00296109,0.00296109,0.0028316,0.0028316,0.00296109,0.0,0.00296109,0.0,0.002961
response_i/n1230,response_i/U651/Y,AOI22X1,NAND3X1/C,1,0.00296109,0.00296109,0.0028316,0.0028316,0.00296109,0.0,0.00296109,0.0,0.002961
response_i/n1234,response_i/U662/Y,NAND3X1,NOR3X1/A,1,0.00302113,0.00302113,0.00301081,0.00301081,0.00302113,0.0,0.00302113,0.0,0.003021
response_i/n1235,response_i/U658/Y,NAND3X1,NOR3X1/B,1,0.003067,0.00306333,0.003067,0.00306333,0.003067,0.0,0.003067,0.0,0.003067
response_i/n1236,response_i/U655/Y,NAND2X1,NOR3X1/C,1,0.00328822,0.00328822,0.00322576,0.00322576,0.00328822,0.0,0.00328822,0.0,0.003288
response_i/n1237,response_i/U657/Y,NAND3X1,NAND2X1/A,1,0.00211057,0.00211057,0.00188435,0.00188435,0.00211057,0.0,0.00211057,0.0,0.002111
response_i/n1238,response_i/U656/Y,NAND3X1,NAND2X1/B,1,0.00202749,0.00202749,0.00194421,0.00194421,0.00202749,0.0,0.00202749,0.0,0.002027
response_i/n1239,response_i/U661/Y,NAND2X1,NAND3X1/A,1,0.00254759,0.00254759,0.00220852,0.00220852,0.00254759,0.0,0.00254759,0.0,0.002548
response_i/n1240,response_i/U660/Y,NAND3X1,NAND3X1/B,1,0.00283213,0.00283213,0.00259978,0.00259978,0.00283213,0.0,0.00283213,0.0,0.002832
response_i/n1241,response_i/U659/Y,NAND3X1,NAND3X1/C,1,0.00296109,0.00296109,0.0028316,0.0028316,0.00296109,0.0,0.00296109,0.0,0.002961
response_i/n1242,response_i/U666/Y,NAND3X1,NAND3X1/A,1,0.00254759,0.00254759,0.00220852,0.00220852,0.00254759,0.0,0.00254759,0.0,0.002548
response_i/n1243,response_i/U665/Y,NAND3X1,NAND3X1/B,1,0.00283213,0.00283213,0.00259978,0.00259978,0.00283213,0.0,0.00283213,0.0,0.002832
response_i/n1245,response_i/U664/Y,NAND3X1,AND2X2/A,1,0.00179784,0.00179784,0.00176278,0.00176278,0.00179784,0.0,0.00179784,0.0,0.001798
response_i/n1246,response_i/U663/Y,NAND3X1,AND2X2/B,1,0.00186944,0.00186944,0.00182011,0.00182011,0.00186944,0.0,0.00186944,0.0,0.001869
response_i/n1247,response_i/U675/Y,NAND3X1,NOR3X1/A,1,0.00302113,0.00302113,0.00301081,0.00301081,0.00302113,0.0,0.00302113,0.0,0.003021
response_i/n1248,response_i/U671/Y,NAND3X1,NOR3X1/B,1,0.003067,0.00306333,0.003067,0.00306333,0.003067,0.0,0.003067,0.0,0.003067
response_i/n1249,response_i/U668/Y,NAND2X1,NOR3X1/C,1,0.00328822,0.00328822,0.00322576,0.00322576,0.00328822,0.0,0.00328822,0.0,0.003288
response_i/n1250,response_i/U670/Y,NAND3X1,NAND2X1/A,1,0.00211057,0.00211057,0.00188435,0.00188435,0.00211057,0.0,0.00211057,0.0,0.002111
response_i/n1251,response_i/U669/Y,NAND3X1,NAND2X1/B,1,0.00202749,0.00202749,0.00194421,0.00194421,0.00202749,0.0,0.00202749,0.0,0.002027
response_i/n1252,response_i/U674/Y,NAND3X1,NAND3X1/A,1,0.00254759,0.00254759,0.00220852,0.00220852,0.00254759,0.0,0.00254759,0.0,0.002548
response_i/n1253,response_i/U673/Y,NAND3X1,NAND3X1/B,1,0.00283213,0.00283213,0.00259978,0.00259978,0.00283213,0.0,0.00283213,0.0,0.002832
response_i/n1254,response_i/U672/Y,NAND3X1,NAND3X1/C,1,0.00296109,0.00296109,0.0028316,0.0028316,0.00296109,0.0,0.00296109,0.0,0.002961
response_i/n1255,response_i/U677/Y,NAND3X1,NAND3X1/A,1,0.00254759,0.00254759,0.00220852,0.00220852,0.00254759,0.0,0.00254759,0.0,0.002548
response_i/n1256,response_i/U676/Y,NAND3X1,NAND3X1/B,1,0.00283213,0.00283213,0.00259978,0.00259978,0.00283213,0.0,0.00283213,0.0,0.002832
response_i/n1260,response_i/U689/Y,NAND3X1,NOR3X1/A,1,0.00302113,0.00302113,0.00301081,0.00301081,0.00302113,0.0,0.00302113,0.0,0.003021
response_i/n1261,response_i/U685/Y,NAND3X1,NOR3X1/B,1,0.003067,0.00306333,0.003067,0.00306333,0.003067,0.0,0.003067,0.0,0.003067
response_i/n1263,response_i/U684/Y,NAND3X1,BUFX2/A,1,0.00153896,0.00153896,0.00150415,0.00150415,0.00153896,0.0,0.00153896,0.0,0.001539
response_i/n1264,response_i/U683/Y,NAND3X1,BUFX2/A,1,0.00153896,0.00153896,0.00150415,0.00150415,0.00153896,0.0,0.00153896,0.0,0.001539
response_i/n1265,response_i/U688/Y,NAND3X1,NAND3X1/A,1,0.00254759,0.00254759,0.00220852,0.00220852,0.00254759,0.0,0.00254759,0.0,0.002548
response_i/n1266,response_i/U687/Y,NAND3X1,NAND3X1/B,1,0.00283213,0.00283213,0.00259978,0.00259978,0.00283213,0.0,0.00283213,0.0,0.002832
response_i/n1267,response_i/U686/Y,NAND3X1,NAND3X1/C,1,0.00296109,0.00296109,0.0028316,0.0028316,0.00296109,0.0,0.00296109,0.0,0.002961
response_i/n1268,response_i/U692/Y,NAND3X1,NAND3X1/A,1,0.00254759,0.00254759,0.00220852,0.00220852,0.00254759,0.0,0.00254759,0.0,0.002548
response_i/n1269,response_i/U691/Y,NAND3X1,NAND3X1/B,1,0.00283213,0.00283213,0.00259978,0.00259978,0.00283213,0.0,0.00283213,0.0,0.002832
response_i/n1270,response_i/U690/Y,AOI22X1,NAND3X1/C,1,0.00296109,0.00296109,0.0028316,0.0028316,0.00296109,0.0,0.00296109,0.0,0.002961
response_i/n1272,response_i/U701/Y,NAND3X1,NOR3X1/A,1,0.00302113,0.00302113,0.00301081,0.00301081,0.00302113,0.0,0.00302113,0.0,0.003021
response_i/n1273,response_i/U697/Y,NAND3X1,NOR3X1/B,1,0.003067,0.00306333,0.003067,0.00306333,0.003067,0.0,0.003067,0.0,0.003067
response_i/n1274,response_i/U694/Y,NAND2X1,NOR3X1/C,1,0.00328822,0.00328822,0.00322576,0.00322576,0.00328822,0.0,0.00328822,0.0,0.003288
response_i/n1275,response_i/U696/Y,NAND3X1,NAND2X1/A,1,0.00211057,0.00211057,0.00188435,0.00188435,0.00211057,0.0,0.00211057,0.0,0.002111
response_i/n1276,response_i/U695/Y,NAND3X1,NAND2X1/B,1,0.00202749,0.00202749,0.00194421,0.00194421,0.00202749,0.0,0.00202749,0.0,0.002027
response_i/n1277,response_i/U700/Y,NAND3X1,NAND3X1/A,1,0.00254759,0.00254759,0.00220852,0.00220852,0.00254759,0.0,0.00254759,0.0,0.002548
response_i/n1278,response_i/U699/Y,NAND3X1,NAND3X1/B,1,0.00283213,0.00283213,0.00259978,0.00259978,0.00283213,0.0,0.00283213,0.0,0.002832
response_i/n1279,response_i/U698/Y,NAND3X1,NAND3X1/C,1,0.00296109,0.00296109,0.0028316,0.0028316,0.00296109,0.0,0.00296109,0.0,0.002961
response_i/n1280,response_i/U703/Y,NAND3X1,NAND3X1/A,1,0.00254759,0.00254759,0.00220852,0.00220852,0.00254759,0.0,0.00254759,0.0,0.002548
response_i/n1281,response_i/U702/Y,NAND3X1,NAND3X1/B,1,0.00283213,0.00283213,0.00259978,0.00259978,0.00283213,0.0,0.00283213,0.0,0.002832
response_i/n1285,response_i/U714/Y,NAND3X1,NOR3X1/A,1,0.00302113,0.00302113,0.00301081,0.00301081,0.00302113,0.0,0.00302113,0.0,0.003021
response_i/n1286,response_i/U710/Y,NAND3X1,NOR3X1/B,1,0.003067,0.00306333,0.003067,0.00306333,0.003067,0.0,0.003067,0.0,0.003067
response_i/n1289,response_i/U708/Y,NAND3X1,BUFX2/A,1,0.00153896,0.00153896,0.00150415,0.00150415,0.00153896,0.0,0.00153896,0.0,0.001539
response_i/n1290,response_i/U713/Y,NAND3X1,NAND3X1/A,1,0.00254759,0.00254759,0.00220852,0.00220852,0.00254759,0.0,0.00254759,0.0,0.002548
response_i/n1291,response_i/U712/Y,NAND3X1,NAND3X1/B,1,0.00283213,0.00283213,0.00259978,0.00259978,0.00283213,0.0,0.00283213,0.0,0.002832
response_i/n1292,response_i/U711/Y,NAND3X1,NAND3X1/C,1,0.00296109,0.00296109,0.0028316,0.0028316,0.00296109,0.0,0.00296109,0.0,0.002961
response_i/n1293,response_i/U718/Y,NAND3X1,NAND3X1/A,1,0.00254759,0.00254759,0.00220852,0.00220852,0.00254759,0.0,0.00254759,0.0,0.002548
response_i/n1294,response_i/U717/Y,NAND3X1,NAND3X1/B,1,0.00283213,0.00283213,0.00259978,0.00259978,0.00283213,0.0,0.00283213,0.0,0.002832
response_i/n1296,response_i/U716/Y,NAND3X1,AND2X2/A,1,0.00179784,0.00179784,0.00176278,0.00176278,0.00179784,0.0,0.00179784,0.0,0.001798
response_i/n1297,response_i/U715/Y,NAND3X1,AND2X2/B,1,0.00186944,0.00186944,0.00182011,0.00182011,0.00186944,0.0,0.00186944,0.0,0.001869
response_i/n1298,response_i/U727/Y,NAND3X1,NOR3X1/A,1,0.00302113,0.00302113,0.00301081,0.00301081,0.00302113,0.0,0.00302113,0.0,0.003021
response_i/n1299,response_i/U723/Y,NAND3X1,NOR3X1/B,1,0.003067,0.00306333,0.003067,0.00306333,0.003067,0.0,0.003067,0.0,0.003067
response_i/n1301,response_i/U722/Y,NAND3X1,BUFX2/A,1,0.00153896,0.00153896,0.00150415,0.00150415,0.00153896,0.0,0.00153896,0.0,0.001539
response_i/n1302,response_i/U721/Y,NAND3X1,BUFX2/A,1,0.00153896,0.00153896,0.00150415,0.00150415,0.00153896,0.0,0.00153896,0.0,0.001539
response_i/n1303,response_i/U726/Y,NAND3X1,NAND3X1/A,1,0.00254759,0.00254759,0.00220852,0.00220852,0.00254759,0.0,0.00254759,0.0,0.002548
response_i/n1304,response_i/U725/Y,NAND3X1,NAND3X1/B,1,0.00283213,0.00283213,0.00259978,0.00259978,0.00283213,0.0,0.00283213,0.0,0.002832
response_i/n1305,response_i/U724/Y,NAND3X1,NAND3X1/C,1,0.00296109,0.00296109,0.0028316,0.0028316,0.00296109,0.0,0.00296109,0.0,0.002961
response_i/n1306,response_i/U729/Y,NAND3X1,NAND3X1/A,1,0.00254759,0.00254759,0.00220852,0.00220852,0.00254759,0.0,0.00254759,0.0,0.002548
response_i/n1307,response_i/U728/Y,NAND3X1,NAND3X1/B,1,0.00283213,0.00283213,0.00259978,0.00259978,0.00283213,0.0,0.00283213,0.0,0.002832
response_i/n1312,response_i/U741/Y,NAND3X1,NOR3X1/A,1,0.00302113,0.00302113,0.00301081,0.00301081,0.00302113,0.0,0.00302113,0.0,0.003021
response_i/n1313,response_i/U737/Y,NAND3X1,NOR3X1/B,1,0.003067,0.00306333,0.003067,0.00306333,0.003067,0.0,0.003067,0.0,0.003067
response_i/n1314,response_i/U734/Y,NAND2X1,NOR3X1/C,1,0.00328822,0.00328822,0.00322576,0.00322576,0.00328822,0.0,0.00328822,0.0,0.003288
response_i/n1315,response_i/U736/Y,NAND3X1,NAND2X1/A,1,0.00211057,0.00211057,0.00188435,0.00188435,0.00211057,0.0,0.00211057,0.0,0.002111
response_i/n1316,response_i/U735/Y,NAND3X1,NAND2X1/B,1,0.00202749,0.00202749,0.00194421,0.00194421,0.00202749,0.0,0.00202749,0.0,0.002027
response_i/n1317,response_i/U740/Y,NAND3X1,NAND3X1/A,1,0.00254759,0.00254759,0.00220852,0.00220852,0.00254759,0.0,0.00254759,0.0,0.002548
response_i/n1318,response_i/U739/Y,NAND3X1,NAND3X1/B,1,0.00283213,0.00283213,0.00259978,0.00259978,0.00283213,0.0,0.00283213,0.0,0.002832
response_i/n1319,response_i/U738/Y,NAND3X1,NAND3X1/C,1,0.00296109,0.00296109,0.0028316,0.0028316,0.00296109,0.0,0.00296109,0.0,0.002961
response_i/n1320,response_i/U744/Y,NAND3X1,NAND3X1/A,1,0.00254759,0.00254759,0.00220852,0.00220852,0.00254759,0.0,0.00254759,0.0,0.002548
response_i/n1321,response_i/U743/Y,NAND3X1,NAND3X1/B,1,0.00283213,0.00283213,0.00259978,0.00259978,0.00283213,0.0,0.00283213,0.0,0.002832
response_i/n1322,response_i/U742/Y,AOI22X1,NAND3X1/C,1,0.00296109,0.00296109,0.0028316,0.0028316,0.00296109,0.0,0.00296109,0.0,0.002961
response_i/n1324,response_i/U753/Y,NAND3X1,NOR3X1/A,1,0.00302113,0.00302113,0.00301081,0.00301081,0.00302113,0.0,0.00302113,0.0,0.003021
response_i/n1325,response_i/U749/Y,NAND3X1,NOR3X1/B,1,0.003067,0.00306333,0.003067,0.00306333,0.003067,0.0,0.003067,0.0,0.003067
response_i/n1326,response_i/U746/Y,NAND2X1,NOR3X1/C,1,0.00328822,0.00328822,0.00322576,0.00322576,0.00328822,0.0,0.00328822,0.0,0.003288
response_i/n1327,response_i/U748/Y,NAND3X1,NAND2X1/A,1,0.00211057,0.00211057,0.00188435,0.00188435,0.00211057,0.0,0.00211057,0.0,0.002111
response_i/n1328,response_i/U747/Y,NAND3X1,NAND2X1/B,1,0.00202749,0.00202749,0.00194421,0.00194421,0.00202749,0.0,0.00202749,0.0,0.002027
response_i/n1329,response_i/U752/Y,NAND3X1,NAND3X1/A,1,0.00254759,0.00254759,0.00220852,0.00220852,0.00254759,0.0,0.00254759,0.0,0.002548
response_i/n1330,response_i/U751/Y,NAND3X1,NAND3X1/B,1,0.00283213,0.00283213,0.00259978,0.00259978,0.00283213,0.0,0.00283213,0.0,0.002832
response_i/n1331,response_i/U750/Y,NAND3X1,NAND3X1/C,1,0.00296109,0.00296109,0.0028316,0.0028316,0.00296109,0.0,0.00296109,0.0,0.002961
response_i/n1332,response_i/U755/Y,NAND3X1,NAND3X1/A,1,0.00254759,0.00254759,0.00220852,0.00220852,0.00254759,0.0,0.00254759,0.0,0.002548
response_i/n1333,response_i/U754/Y,NAND3X1,NAND3X1/B,1,0.00283213,0.00283213,0.00259978,0.00259978,0.00283213,0.0,0.00283213,0.0,0.002832
response_i/n648,response_i/U142/Y,NAND2X1,OAI21X1/C,1,0.00200991,0.00200991,0.0019239,0.0019239,0.00200991,0.0,0.00200991,0.0,0.00201
response_i/n652,response_i/U215/Y,NAND3X1,BUFX2/A,1,0.00153896,0.00153896,0.00150415,0.00150415,0.00153896,0.0,0.00153896,0.0,0.001539
response_i/n653,response_i/U170/Y,NAND3X1,BUFX2/A,1,0.00153896,0.00153896,0.00150415,0.00150415,0.00153896,0.0,0.00153896,0.0,0.001539
response_i/n654,response_i/U260/Y,NAND3X1,INVX1/A;NOR3X1/B,2,0.0046180299999999995,0.00461436,0.00454316,0.00454316,0.00461436,0.0,0.00461436,0.0,0.004618
response_i/n655,response_i/U147/Y,NAND2X1,OAI21X1/C,1,0.00200991,0.00200991,0.0019239,0.0019239,0.00200991,0.0,0.00200991,0.0,0.00201
response_i/n656,response_i/U148/Y,NAND3X1,NAND2X1/B,1,0.00202749,0.00202749,0.00194421,0.00194421,0.00202749,0.0,0.00202749,0.0,0.002027
response_i/n659,response_i/U149/Y,NAND3X1,NAND3X1/C,1,0.00296109,0.00296109,0.0028316,0.0028316,0.00296109,0.0,0.00296109,0.0,0.002961
response_i/n662,response_i/U150/Y,NAND3X1,NAND3X1/C,1,0.00296109,0.00296109,0.0028316,0.0028316,0.00296109,0.0,0.00296109,0.0,0.002961
response_i/n665,response_i/U151/Y,NAND3X1,NAND3X1/C,1,0.00296109,0.00296109,0.0028316,0.0028316,0.00296109,0.0,0.00296109,0.0,0.002961
response_i/n668,response_i/U152/Y,NAND2X1,NAND3X1/C,1,0.00296109,0.00296109,0.0028316,0.0028316,0.00296109,0.0,0.00296109,0.0,0.002961
response_i/n669,response_i/U261/Y,AOI21X1,NAND2X1/A;NAND3X1/C,2,0.00507166,0.00507166,0.00471595,0.00471595,0.00507166,0.0,0.00507166,0.0,0.005072
response_i/n670,response_i/U153/Y,NAND3X1,NAND2X1/B,1,0.00202749,0.00202749,0.00194421,0.00194421,0.00202749,0.0,0.00202749,0.0,0.002027
response_i/n673,response_i/U295/Y,NAND2X1,NAND3X1/A;NAND3X1/C,2,0.00550868,0.00550868,0.00504012,0.00504012,0.00550868,0.0,0.00550868,0.0,0.005509
response_i/n674,response_i/U156/Y,AOI21X1,OAI21X1/A,1,0.00274222,0.00274222,0.00257258,0.00257258,0.00274222,0.0,0.00274222,0.0,0.002742
response_i/n675,response_i/U155/Y,NAND2X1,OAI21X1/C,1,0.00200991,0.00200991,0.0019239,0.0019239,0.00200991,0.0,0.00200991,0.0,0.00201
response_i/n677,response_i/U158/Y,AOI21X1,OAI21X1/B,1,0.00283226,0.00283226,0.00263248,0.00263248,0.00283226,0.0,0.00283226,0.0,0.002832
response_i/n679,response_i/U160/Y,AOI21X1,OAI21X1/B,1,0.00283226,0.00283226,0.00263248,0.00263248,0.00283226,0.0,0.00283226,0.0,0.002832
response_i/n680,response_i/U262/Y,NOR2X1,AND2X2/A;AOI21X1/A,2,0.00453913,0.00453913,0.00432837,0.00432837,0.00453913,0.0,0.00453913,0.0,0.004539
response_i/n681,response_i/U161/Y,AOI21X1,AOI21X1/C,1,0.00238603,0.00238603,0.00231224,0.00231224,0.00238603,0.0,0.00238603,0.0,0.002386
response_i/n682,response_i/U273/Y,NOR2X1,AOI21X1/A;AOI21X1/B,2,0.00546548,0.00546548,0.00524433,0.00524433,0.00546548,0.0,0.00546548,0.0,0.005465
response_i/n683,response_i/U162/Y,AOI22X1,AOI21X1/C,1,0.00238603,0.00238603,0.00231224,0.00231224,0.00238603,0.0,0.00238603,0.0,0.002386
response_i/n685,response_i/U296/Y,NOR2X1,AOI22X1/C;NAND2X1/A,2,0.0049882,0.0049882,0.00455403,0.00455403,0.0049882,0.0,0.0049882,0.0,0.004988
response_i/n688,response_i/U164/Y,NAND3X1,OAI21X1/C,1,0.00200991,0.00200991,0.0019239,0.0019239,0.00200991,0.0,0.00200991,0.0,0.00201
response_i/n692,response_i/U307/Y,NAND2X1,NOR3X1/A,1,0.00302113,0.00302113,0.00301081,0.00301081,0.00302113,0.0,0.00302113,0.0,0.003021
response_i/n693,response_i/U176/Y,NAND3X1,OR2X2/A,1,0.00230117,0.00229176,0.00230117,0.00229176,0.00230117,0.0,0.00230117,0.0,0.002301
response_i/n694,response_i/U171/Y,NAND3X1,OR2X2/B,1,0.00234214,0.00228252,0.00234214,0.00228252,0.00234214,0.0,0.00234214,0.0,0.002342
response_i/n695,response_i/U175/Y,AOI21X1,NAND3X1/A,1,0.00254759,0.00254759,0.00220852,0.00220852,0.00254759,0.0,0.00254759,0.0,0.002548
response_i/n696,response_i/U174/Y,AOI22X1,NAND3X1/B,1,0.00283213,0.00283213,0.00259978,0.00259978,0.00283213,0.0,0.00283213,0.0,0.002832
response_i/n698,response_i/U173/Y,AOI22X1,AND2X2/A,1,0.00179784,0.00179784,0.00176278,0.00176278,0.00179784,0.0,0.00179784,0.0,0.001798
response_i/n699,response_i/U172/Y,AOI22X1,AND2X2/B,1,0.00186944,0.00186944,0.00182011,0.00182011,0.00186944,0.0,0.00186944,0.0,0.001869
response_i/n701,response_i/U181/Y,AOI22X1,NAND3X1/A,1,0.00254759,0.00254759,0.00220852,0.00220852,0.00254759,0.0,0.00254759,0.0,0.002548
response_i/n702,response_i/U179/Y,AOI21X1,NAND3X1/B,1,0.00283213,0.00283213,0.00259978,0.00259978,0.00283213,0.0,0.00283213,0.0,0.002832
response_i/n704,response_i/U178/Y,AOI22X1,AND2X2/A,1,0.00179784,0.00179784,0.00176278,0.00176278,0.00179784,0.0,0.00179784,0.0,0.001798
response_i/n705,response_i/U177/Y,AOI22X1,AND2X2/B,1,0.00186944,0.00186944,0.00182011,0.00182011,0.00186944,0.0,0.00186944,0.0,0.001869
response_i/n706,response_i/U180/Y,AOI21X1,INVX1/A,1,0.00155103,0.00155103,0.00147616,0.00147616,0.00155103,0.0,0.00155103,0.0,0.001551
response_i/n707,response_i/U187/Y,NAND3X1,OR2X2/A,1,0.00230117,0.00229176,0.00230117,0.00229176,0.00230117,0.0,0.00230117,0.0,0.002301
response_i/n708,response_i/U182/Y,NAND3X1,OR2X2/B,1,0.00234214,0.00228252,0.00234214,0.00228252,0.00234214,0.0,0.00234214,0.0,0.002342
response_i/n709,response_i/U186/Y,AOI21X1,NAND3X1/A,1,0.00254759,0.00254759,0.00220852,0.00220852,0.00254759,0.0,0.00254759,0.0,0.002548
response_i/n710,response_i/U185/Y,AOI22X1,NAND3X1/B,1,0.00283213,0.00283213,0.00259978,0.00259978,0.00283213,0.0,0.00283213,0.0,0.002832
response_i/n712,response_i/U184/Y,AOI22X1,AND2X2/A,1,0.00179784,0.00179784,0.00176278,0.00176278,0.00179784,0.0,0.00179784,0.0,0.001798
response_i/n713,response_i/U183/Y,AOI22X1,AND2X2/B,1,0.00186944,0.00186944,0.00182011,0.00182011,0.00186944,0.0,0.00186944,0.0,0.001869
response_i/n715,response_i/U192/Y,AOI22X1,NAND3X1/A,1,0.00254759,0.00254759,0.00220852,0.00220852,0.00254759,0.0,0.00254759,0.0,0.002548
response_i/n716,response_i/U190/Y,AOI21X1,NAND3X1/B,1,0.00283213,0.00283213,0.00259978,0.00259978,0.00283213,0.0,0.00283213,0.0,0.002832
response_i/n718,response_i/U189/Y,AOI22X1,AND2X2/A,1,0.00179784,0.00179784,0.00176278,0.00176278,0.00179784,0.0,0.00179784,0.0,0.001798
response_i/n719,response_i/U188/Y,AOI22X1,AND2X2/B,1,0.00186944,0.00186944,0.00182011,0.00182011,0.00186944,0.0,0.00186944,0.0,0.001869
response_i/n720,response_i/U191/Y,AOI21X1,INVX1/A,1,0.00155103,0.00155103,0.00147616,0.00147616,0.00155103,0.0,0.00155103,0.0,0.001551
response_i/n721,response_i/U198/Y,NAND3X1,OR2X2/A,1,0.00230117,0.00229176,0.00230117,0.00229176,0.00230117,0.0,0.00230117,0.0,0.002301
response_i/n722,response_i/U193/Y,NAND3X1,OR2X2/B,1,0.00234214,0.00228252,0.00234214,0.00228252,0.00234214,0.0,0.00234214,0.0,0.002342
response_i/n723,response_i/U197/Y,AOI21X1,NAND3X1/A,1,0.00254759,0.00254759,0.00220852,0.00220852,0.00254759,0.0,0.00254759,0.0,0.002548
response_i/n724,response_i/U196/Y,AOI22X1,NAND3X1/B,1,0.00283213,0.00283213,0.00259978,0.00259978,0.00283213,0.0,0.00283213,0.0,0.002832
response_i/n726,response_i/U195/Y,AOI22X1,AND2X2/A,1,0.00179784,0.00179784,0.00176278,0.00176278,0.00179784,0.0,0.00179784,0.0,0.001798
response_i/n727,response_i/U194/Y,AOI22X1,AND2X2/B,1,0.00186944,0.00186944,0.00182011,0.00182011,0.00186944,0.0,0.00186944,0.0,0.001869
response_i/n729,response_i/U203/Y,AOI22X1,NAND3X1/A,1,0.00254759,0.00254759,0.00220852,0.00220852,0.00254759,0.0,0.00254759,0.0,0.002548
response_i/n730,response_i/U201/Y,AOI21X1,NAND3X1/B,1,0.00283213,0.00283213,0.00259978,0.00259978,0.00283213,0.0,0.00283213,0.0,0.002832
response_i/n732,response_i/U200/Y,AOI22X1,AND2X2/A,1,0.00179784,0.00179784,0.00176278,0.00176278,0.00179784,0.0,0.00179784,0.0,0.001798
response_i/n733,response_i/U199/Y,AOI22X1,AND2X2/B,1,0.00186944,0.00186944,0.00182011,0.00182011,0.00186944,0.0,0.00186944,0.0,0.001869
response_i/n734,response_i/U202/Y,AOI21X1,INVX1/A,1,0.00155103,0.00155103,0.00147616,0.00147616,0.00155103,0.0,0.00155103,0.0,0.001551
response_i/n735,response_i/U209/Y,NAND3X1,OR2X2/A,1,0.00230117,0.00229176,0.00230117,0.00229176,0.00230117,0.0,0.00230117,0.0,0.002301
response_i/n736,response_i/U204/Y,NAND3X1,OR2X2/B,1,0.00234214,0.00228252,0.00234214,0.00228252,0.00234214,0.0,0.00234214,0.0,0.002342
response_i/n737,response_i/U208/Y,AOI21X1,NAND3X1/A,1,0.00254759,0.00254759,0.00220852,0.00220852,0.00254759,0.0,0.00254759,0.0,0.002548
response_i/n738,response_i/U207/Y,AOI22X1,NAND3X1/B,1,0.00283213,0.00283213,0.00259978,0.00259978,0.00283213,0.0,0.00283213,0.0,0.002832
response_i/n740,response_i/U206/Y,AOI22X1,AND2X2/A,1,0.00179784,0.00179784,0.00176278,0.00176278,0.00179784,0.0,0.00179784,0.0,0.001798
response_i/n741,response_i/U205/Y,AOI22X1,AND2X2/B,1,0.00186944,0.00186944,0.00182011,0.00182011,0.00186944,0.0,0.00186944,0.0,0.001869
response_i/n743,response_i/U214/Y,AOI22X1,NAND3X1/A,1,0.00254759,0.00254759,0.00220852,0.00220852,0.00254759,0.0,0.00254759,0.0,0.002548
response_i/n744,response_i/U212/Y,AOI21X1,NAND3X1/B,1,0.00283213,0.00283213,0.00259978,0.00259978,0.00283213,0.0,0.00283213,0.0,0.002832
response_i/n746,response_i/U211/Y,AOI22X1,AND2X2/A,1,0.00179784,0.00179784,0.00176278,0.00176278,0.00179784,0.0,0.00179784,0.0,0.001798
response_i/n747,response_i/U210/Y,AOI22X1,AND2X2/B,1,0.00186944,0.00186944,0.00182011,0.00182011,0.00186944,0.0,0.00186944,0.0,0.001869
response_i/n748,response_i/U213/Y,AOI21X1,INVX1/A,1,0.00155103,0.00155103,0.00147616,0.00147616,0.00155103,0.0,0.00155103,0.0,0.001551
response_i/n750,response_i/U221/Y,NAND3X1,OR2X2/A,1,0.00230117,0.00229176,0.00230117,0.00229176,0.00230117,0.0,0.00230117,0.0,0.002301
response_i/n751,response_i/U216/Y,NAND3X1,OR2X2/B,1,0.00234214,0.00228252,0.00234214,0.00228252,0.00234214,0.0,0.00234214,0.0,0.002342
response_i/n752,response_i/U220/Y,AOI21X1,NAND3X1/A,1,0.00254759,0.00254759,0.00220852,0.00220852,0.00254759,0.0,0.00254759,0.0,0.002548
response_i/n753,response_i/U219/Y,AOI22X1,NAND3X1/B,1,0.00283213,0.00283213,0.00259978,0.00259978,0.00283213,0.0,0.00283213,0.0,0.002832
response_i/n755,response_i/U218/Y,AOI22X1,AND2X2/A,1,0.00179784,0.00179784,0.00176278,0.00176278,0.00179784,0.0,0.00179784,0.0,0.001798
response_i/n756,response_i/U217/Y,AOI22X1,AND2X2/B,1,0.00186944,0.00186944,0.00182011,0.00182011,0.00186944,0.0,0.00186944,0.0,0.001869
response_i/n758,response_i/U226/Y,AOI22X1,NAND3X1/A,1,0.00254759,0.00254759,0.00220852,0.00220852,0.00254759,0.0,0.00254759,0.0,0.002548
response_i/n759,response_i/U224/Y,AOI21X1,NAND3X1/B,1,0.00283213,0.00283213,0.00259978,0.00259978,0.00283213,0.0,0.00283213,0.0,0.002832
response_i/n761,response_i/U223/Y,AOI22X1,AND2X2/A,1,0.00179784,0.00179784,0.00176278,0.00176278,0.00179784,0.0,0.00179784,0.0,0.001798
response_i/n762,response_i/U222/Y,AOI22X1,AND2X2/B,1,0.00186944,0.00186944,0.00182011,0.00182011,0.00186944,0.0,0.00186944,0.0,0.001869
response_i/n763,response_i/U225/Y,AOI21X1,INVX1/A,1,0.00155103,0.00155103,0.00147616,0.00147616,0.00155103,0.0,0.00155103,0.0,0.001551
response_i/n764,response_i/U232/Y,NAND3X1,OR2X2/A,1,0.00230117,0.00229176,0.00230117,0.00229176,0.00230117,0.0,0.00230117,0.0,0.002301
response_i/n765,response_i/U227/Y,NAND3X1,OR2X2/B,1,0.00234214,0.00228252,0.00234214,0.00228252,0.00234214,0.0,0.00234214,0.0,0.002342
response_i/n766,response_i/U231/Y,AOI21X1,NAND3X1/A,1,0.00254759,0.00254759,0.00220852,0.00220852,0.00254759,0.0,0.00254759,0.0,0.002548
response_i/n767,response_i/U230/Y,AOI22X1,NAND3X1/B,1,0.00283213,0.00283213,0.00259978,0.00259978,0.00283213,0.0,0.00283213,0.0,0.002832
response_i/n769,response_i/U229/Y,AOI22X1,AND2X2/A,1,0.00179784,0.00179784,0.00176278,0.00176278,0.00179784,0.0,0.00179784,0.0,0.001798
response_i/n770,response_i/U228/Y,AOI22X1,AND2X2/B,1,0.00186944,0.00186944,0.00182011,0.00182011,0.00186944,0.0,0.00186944,0.0,0.001869
response_i/n772,response_i/U237/Y,AOI22X1,NAND3X1/A,1,0.00254759,0.00254759,0.00220852,0.00220852,0.00254759,0.0,0.00254759,0.0,0.002548
response_i/n773,response_i/U235/Y,AOI21X1,NAND3X1/B,1,0.00283213,0.00283213,0.00259978,0.00259978,0.00283213,0.0,0.00283213,0.0,0.002832
response_i/n775,response_i/U234/Y,AOI22X1,AND2X2/A,1,0.00179784,0.00179784,0.00176278,0.00176278,0.00179784,0.0,0.00179784,0.0,0.001798
response_i/n776,response_i/U233/Y,AOI22X1,AND2X2/B,1,0.00186944,0.00186944,0.00182011,0.00182011,0.00186944,0.0,0.00186944,0.0,0.001869
response_i/n777,response_i/U236/Y,AOI21X1,INVX1/A,1,0.00155103,0.00155103,0.00147616,0.00147616,0.00155103,0.0,0.00155103,0.0,0.001551
response_i/n778,response_i/U243/Y,NAND3X1,OR2X2/A,1,0.00230117,0.00229176,0.00230117,0.00229176,0.00230117,0.0,0.00230117,0.0,0.002301
response_i/n779,response_i/U238/Y,NAND3X1,OR2X2/B,1,0.00234214,0.00228252,0.00234214,0.00228252,0.00234214,0.0,0.00234214,0.0,0.002342
response_i/n780,response_i/U242/Y,AOI21X1,NAND3X1/A,1,0.00254759,0.00254759,0.00220852,0.00220852,0.00254759,0.0,0.00254759,0.0,0.002548
response_i/n781,response_i/U241/Y,AOI22X1,NAND3X1/B,1,0.00283213,0.00283213,0.00259978,0.00259978,0.00283213,0.0,0.00283213,0.0,0.002832
response_i/n783,response_i/U240/Y,AOI22X1,AND2X2/A,1,0.00179784,0.00179784,0.00176278,0.00176278,0.00179784,0.0,0.00179784,0.0,0.001798
response_i/n784,response_i/U239/Y,AOI22X1,AND2X2/B,1,0.00186944,0.00186944,0.00182011,0.00182011,0.00186944,0.0,0.00186944,0.0,0.001869
response_i/n786,response_i/U248/Y,AOI22X1,NAND3X1/A,1,0.00254759,0.00254759,0.00220852,0.00220852,0.00254759,0.0,0.00254759,0.0,0.002548
response_i/n787,response_i/U246/Y,AOI21X1,NAND3X1/B,1,0.00283213,0.00283213,0.00259978,0.00259978,0.00283213,0.0,0.00283213,0.0,0.002832
response_i/n789,response_i/U245/Y,AOI22X1,AND2X2/A,1,0.00179784,0.00179784,0.00176278,0.00176278,0.00179784,0.0,0.00179784,0.0,0.001798
response_i/n790,response_i/U244/Y,AOI22X1,AND2X2/B,1,0.00186944,0.00186944,0.00182011,0.00182011,0.00186944,0.0,0.00186944,0.0,0.001869
response_i/n791,response_i/U247/Y,AOI21X1,INVX1/A,1,0.00155103,0.00155103,0.00147616,0.00147616,0.00155103,0.0,0.00155103,0.0,0.001551
response_i/n792,response_i/U254/Y,NAND3X1,OR2X2/A,1,0.00230117,0.00229176,0.00230117,0.00229176,0.00230117,0.0,0.00230117,0.0,0.002301
response_i/n793,response_i/U249/Y,NAND3X1,OR2X2/B,1,0.00234214,0.00228252,0.00234214,0.00228252,0.00234214,0.0,0.00234214,0.0,0.002342
response_i/n794,response_i/U253/Y,AOI21X1,NAND3X1/A,1,0.00254759,0.00254759,0.00220852,0.00220852,0.00254759,0.0,0.00254759,0.0,0.002548
response_i/n795,response_i/U252/Y,AOI22X1,NAND3X1/B,1,0.00283213,0.00283213,0.00259978,0.00259978,0.00283213,0.0,0.00283213,0.0,0.002832
response_i/n797,response_i/U251/Y,AOI22X1,AND2X2/A,1,0.00179784,0.00179784,0.00176278,0.00176278,0.00179784,0.0,0.00179784,0.0,0.001798
response_i/n798,response_i/U250/Y,AOI22X1,AND2X2/B,1,0.00186944,0.00186944,0.00182011,0.00182011,0.00186944,0.0,0.00186944,0.0,0.001869
response_i/n800,response_i/U259/Y,AOI22X1,NAND3X1/A,1,0.00254759,0.00254759,0.00220852,0.00220852,0.00254759,0.0,0.00254759,0.0,0.002548
response_i/n801,response_i/U257/Y,AOI21X1,NAND3X1/B,1,0.00283213,0.00283213,0.00259978,0.00259978,0.00283213,0.0,0.00283213,0.0,0.002832
response_i/n803,response_i/U256/Y,AOI22X1,AND2X2/A,1,0.00179784,0.00179784,0.00176278,0.00176278,0.00179784,0.0,0.00179784,0.0,0.001798
response_i/n804,response_i/U255/Y,AOI22X1,AND2X2/B,1,0.00186944,0.00186944,0.00182011,0.00182011,0.00186944,0.0,0.00186944,0.0,0.001869
response_i/n805,response_i/U258/Y,AOI21X1,INVX1/A,1,0.00155103,0.00155103,0.00147616,0.00147616,0.00155103,0.0,0.00155103,0.0,0.001551
response_i/n807,response_i/U268/Y,NAND3X1,NOR2X1/A,1,0.00224248,0.00224248,0.00220861,0.00220861,0.00224248,0.0,0.00224248,0.0,0.002242
response_i/n808,response_i/U263/Y,NAND3X1,NOR2X1/B,1,0.00236501,0.00236501,0.00229711,0.00229711,0.00236501,0.0,0.00236501,0.0,0.002365
response_i/n809,response_i/U267/Y,AOI22X1,NAND3X1/A,1,0.00254759,0.00254759,0.00220852,0.00220852,0.00254759,0.0,0.00254759,0.0,0.002548
response_i/n810,response_i/U266/Y,AOI22X1,NAND3X1/B,1,0.00283213,0.00283213,0.00259978,0.00259978,0.00283213,0.0,0.00283213,0.0,0.002832
response_i/n812,response_i/U265/Y,AOI22X1,AND2X2/A,1,0.00179784,0.00179784,0.00176278,0.00176278,0.00179784,0.0,0.00179784,0.0,0.001798
response_i/n813,response_i/U264/Y,AOI22X1,AND2X2/B,1,0.00186944,0.00186944,0.00182011,0.00182011,0.00186944,0.0,0.00186944,0.0,0.001869
response_i/n814,response_i/U272/Y,AOI22X1,NAND3X1/A,1,0.00254759,0.00254759,0.00220852,0.00220852,0.00254759,0.0,0.00254759,0.0,0.002548
response_i/n815,response_i/U271/Y,AOI21X1,NAND3X1/B,1,0.00283213,0.00283213,0.00259978,0.00259978,0.00283213,0.0,0.00283213,0.0,0.002832
response_i/n817,response_i/U270/Y,AOI22X1,AND2X2/A,1,0.00179784,0.00179784,0.00176278,0.00176278,0.00179784,0.0,0.00179784,0.0,0.001798
response_i/n818,response_i/U269/Y,AOI22X1,AND2X2/B,1,0.00186944,0.00186944,0.00182011,0.00182011,0.00186944,0.0,0.00186944,0.0,0.001869
response_i/n819,response_i/U279/Y,NAND3X1,NOR2X1/A,1,0.00224248,0.00224248,0.00220861,0.00220861,0.00224248,0.0,0.00224248,0.0,0.002242
response_i/n820,response_i/U274/Y,NAND3X1,NOR2X1/B,1,0.00236501,0.00236501,0.00229711,0.00229711,0.00236501,0.0,0.00236501,0.0,0.002365
response_i/n821,response_i/U278/Y,AOI22X1,NAND3X1/A,1,0.00254759,0.00254759,0.00220852,0.00220852,0.00254759,0.0,0.00254759,0.0,0.002548
response_i/n822,response_i/U277/Y,AOI22X1,NAND3X1/B,1,0.00283213,0.00283213,0.00259978,0.00259978,0.00283213,0.0,0.00283213,0.0,0.002832
response_i/n824,response_i/U276/Y,AOI22X1,AND2X2/A,1,0.00179784,0.00179784,0.00176278,0.00176278,0.00179784,0.0,0.00179784,0.0,0.001798
response_i/n825,response_i/U275/Y,AOI22X1,AND2X2/B,1,0.00186944,0.00186944,0.00182011,0.00182011,0.00186944,0.0,0.00186944,0.0,0.001869
response_i/n826,response_i/U283/Y,AOI22X1,NAND3X1/A,1,0.00254759,0.00254759,0.00220852,0.00220852,0.00254759,0.0,0.00254759,0.0,0.002548
response_i/n827,response_i/U282/Y,AOI21X1,NAND3X1/B,1,0.00283213,0.00283213,0.00259978,0.00259978,0.00283213,0.0,0.00283213,0.0,0.002832
response_i/n829,response_i/U281/Y,AOI22X1,AND2X2/A,1,0.00179784,0.00179784,0.00176278,0.00176278,0.00179784,0.0,0.00179784,0.0,0.001798
response_i/n830,response_i/U280/Y,AOI22X1,AND2X2/B,1,0.00186944,0.00186944,0.00182011,0.00182011,0.00186944,0.0,0.00186944,0.0,0.001869
response_i/n831,response_i/U289/Y,NAND3X1,OR2X2/A,1,0.00230117,0.00229176,0.00230117,0.00229176,0.00230117,0.0,0.00230117,0.0,0.002301
response_i/n832,response_i/U284/Y,NAND3X1,OR2X2/B,1,0.00234214,0.00228252,0.00234214,0.00228252,0.00234214,0.0,0.00234214,0.0,0.002342
response_i/n833,response_i/U288/Y,AOI21X1,NAND3X1/A,1,0.00254759,0.00254759,0.00220852,0.00220852,0.00254759,0.0,0.00254759,0.0,0.002548
response_i/n834,response_i/U287/Y,AOI22X1,NAND3X1/B,1,0.00283213,0.00283213,0.00259978,0.00259978,0.00283213,0.0,0.00283213,0.0,0.002832
response_i/n836,response_i/U286/Y,AOI22X1,AND2X2/A,1,0.00179784,0.00179784,0.00176278,0.00176278,0.00179784,0.0,0.00179784,0.0,0.001798
response_i/n837,response_i/U285/Y,AOI22X1,AND2X2/B,1,0.00186944,0.00186944,0.00182011,0.00182011,0.00186944,0.0,0.00186944,0.0,0.001869
response_i/n839,response_i/U294/Y,AOI22X1,NAND3X1/A,1,0.00254759,0.00254759,0.00220852,0.00220852,0.00254759,0.0,0.00254759,0.0,0.002548
response_i/n840,response_i/U292/Y,AOI21X1,NAND3X1/B,1,0.00283213,0.00283213,0.00259978,0.00259978,0.00283213,0.0,0.00283213,0.0,0.002832
response_i/n842,response_i/U291/Y,AOI22X1,AND2X2/A,1,0.00179784,0.00179784,0.00176278,0.00176278,0.00179784,0.0,0.00179784,0.0,0.001798
response_i/n843,response_i/U290/Y,AOI22X1,AND2X2/B,1,0.00186944,0.00186944,0.00182011,0.00182011,0.00186944,0.0,0.00186944,0.0,0.001869
response_i/n844,response_i/U293/Y,AOI21X1,INVX1/A,1,0.00155103,0.00155103,0.00147616,0.00147616,0.00155103,0.0,0.00155103,0.0,0.001551
response_i/n845,response_i/U302/Y,NAND3X1,NOR2X1/A,1,0.00224248,0.00224248,0.00220861,0.00220861,0.00224248,0.0,0.00224248,0.0,0.002242
response_i/n846,response_i/U297/Y,NAND3X1,NOR2X1/B,1,0.00236501,0.00236501,0.00229711,0.00229711,0.00236501,0.0,0.00236501,0.0,0.002365
response_i/n847,response_i/U301/Y,AOI22X1,NAND3X1/A,1,0.00254759,0.00254759,0.00220852,0.00220852,0.00254759,0.0,0.00254759,0.0,0.002548
response_i/n848,response_i/U300/Y,AOI22X1,NAND3X1/B,1,0.00283213,0.00283213,0.00259978,0.00259978,0.00283213,0.0,0.00283213,0.0,0.002832
response_i/n850,response_i/U299/Y,AOI22X1,AND2X2/A,1,0.00179784,0.00179784,0.00176278,0.00176278,0.00179784,0.0,0.00179784,0.0,0.001798
response_i/n851,response_i/U298/Y,AOI22X1,AND2X2/B,1,0.00186944,0.00186944,0.00182011,0.00182011,0.00186944,0.0,0.00186944,0.0,0.001869
response_i/n852,response_i/U306/Y,AOI22X1,NAND3X1/A,1,0.00254759,0.00254759,0.00220852,0.00220852,0.00254759,0.0,0.00254759,0.0,0.002548
response_i/n853,response_i/U305/Y,AOI21X1,NAND3X1/B,1,0.00283213,0.00283213,0.00259978,0.00259978,0.00283213,0.0,0.00283213,0.0,0.002832
response_i/n855,response_i/U304/Y,AOI22X1,AND2X2/A,1,0.00179784,0.00179784,0.00176278,0.00176278,0.00179784,0.0,0.00179784,0.0,0.001798
response_i/n856,response_i/U303/Y,AOI22X1,AND2X2/B,1,0.00186944,0.00186944,0.00182011,0.00182011,0.00186944,0.0,0.00186944,0.0,0.001869
response_i/n857,response_i/U330/Y,AOI21X1,NAND2X1/A,1,0.00211057,0.00211057,0.00188435,0.00188435,0.00211057,0.0,0.00211057,0.0,0.002111
response_i/n858,response_i/U314/Y,NAND3X1,OR2X2/A,1,0.00230117,0.00229176,0.00230117,0.00229176,0.00230117,0.0,0.00230117,0.0,0.002301
response_i/n859,response_i/U309/Y,NAND3X1,OR2X2/B,1,0.00234214,0.00228252,0.00234214,0.00228252,0.00234214,0.0,0.00234214,0.0,0.002342
response_i/n860,response_i/U313/Y,AOI21X1,NAND3X1/A,1,0.00254759,0.00254759,0.00220852,0.00220852,0.00254759,0.0,0.00254759,0.0,0.002548
response_i/n861,response_i/U312/Y,AOI22X1,NAND3X1/B,1,0.00283213,0.00283213,0.00259978,0.00259978,0.00283213,0.0,0.00283213,0.0,0.002832
response_i/n863,response_i/U311/Y,AOI22X1,AND2X2/A,1,0.00179784,0.00179784,0.00176278,0.00176278,0.00179784,0.0,0.00179784,0.0,0.001798
response_i/n864,response_i/U310/Y,AOI22X1,AND2X2/B,1,0.00186944,0.00186944,0.00182011,0.00182011,0.00186944,0.0,0.00186944,0.0,0.001869
response_i/n866,response_i/U319/Y,AOI22X1,NAND3X1/A,1,0.00254759,0.00254759,0.00220852,0.00220852,0.00254759,0.0,0.00254759,0.0,0.002548
response_i/n867,response_i/U317/Y,AOI21X1,NAND3X1/B,1,0.00283213,0.00283213,0.00259978,0.00259978,0.00283213,0.0,0.00283213,0.0,0.002832
response_i/n869,response_i/U316/Y,AOI22X1,AND2X2/A,1,0.00179784,0.00179784,0.00176278,0.00176278,0.00179784,0.0,0.00179784,0.0,0.001798
response_i/n870,response_i/U315/Y,AOI22X1,AND2X2/B,1,0.00186944,0.00186944,0.00182011,0.00182011,0.00186944,0.0,0.00186944,0.0,0.001869
response_i/n871,response_i/U318/Y,AOI21X1,INVX1/A,1,0.00155103,0.00155103,0.00147616,0.00147616,0.00155103,0.0,0.00155103,0.0,0.001551
response_i/n872,response_i/U325/Y,NAND3X1,OR2X2/A,1,0.00230117,0.00229176,0.00230117,0.00229176,0.00230117,0.0,0.00230117,0.0,0.002301
response_i/n873,response_i/U320/Y,NAND3X1,OR2X2/B,1,0.00234214,0.00228252,0.00234214,0.00228252,0.00234214,0.0,0.00234214,0.0,0.002342
response_i/n874,response_i/U324/Y,AOI22X1,NAND3X1/A,1,0.00254759,0.00254759,0.00220852,0.00220852,0.00254759,0.0,0.00254759,0.0,0.002548
response_i/n875,response_i/U323/Y,AOI22X1,NAND3X1/B,1,0.00283213,0.00283213,0.00259978,0.00259978,0.00283213,0.0,0.00283213,0.0,0.002832
response_i/n877,response_i/U322/Y,AOI22X1,AND2X2/A,1,0.00179784,0.00179784,0.00176278,0.00176278,0.00179784,0.0,0.00179784,0.0,0.001798
response_i/n878,response_i/U321/Y,AOI22X1,AND2X2/B,1,0.00186944,0.00186944,0.00182011,0.00182011,0.00186944,0.0,0.00186944,0.0,0.001869
response_i/n879,response_i/U329/Y,AOI22X1,NAND3X1/A,1,0.00254759,0.00254759,0.00220852,0.00220852,0.00254759,0.0,0.00254759,0.0,0.002548
response_i/n880,response_i/U328/Y,AOI21X1,NAND3X1/B,1,0.00283213,0.00283213,0.00259978,0.00259978,0.00283213,0.0,0.00283213,0.0,0.002832
response_i/n882,response_i/U327/Y,AOI22X1,AND2X2/A,1,0.00179784,0.00179784,0.00176278,0.00176278,0.00179784,0.0,0.00179784,0.0,0.001798
response_i/n883,response_i/U326/Y,AOI22X1,AND2X2/B,1,0.00186944,0.00186944,0.00182011,0.00182011,0.00186944,0.0,0.00186944,0.0,0.001869
response_i/n885,response_i/U338/Y,NAND3X1,NOR3X1/A,1,0.00302113,0.00302113,0.00301081,0.00301081,0.00302113,0.0,0.00302113,0.0,0.003021
response_i/n886,response_i/U335/Y,NAND2X1,NOR3X1/B,1,0.003067,0.00306333,0.003067,0.00306333,0.003067,0.0,0.003067,0.0,0.003067
response_i/n887,response_i/U332/Y,NAND3X1,NOR3X1/C,1,0.00328822,0.00328822,0.00322576,0.00322576,0.00328822,0.0,0.00328822,0.0,0.003288
response_i/n888,response_i/U334/Y,NAND2X1,NAND3X1/B,1,0.00283213,0.00283213,0.00259978,0.00259978,0.00283213,0.0,0.00283213,0.0,0.002832
response_i/n889,response_i/U333/Y,AOI22X1,NAND3X1/C,1,0.00296109,0.00296109,0.0028316,0.0028316,0.00296109,0.0,0.00296109,0.0,0.002961
response_i/n890,response_i/U337/Y,AOI22X1,NAND2X1/A,1,0.00211057,0.00211057,0.00188435,0.00188435,0.00211057,0.0,0.00211057,0.0,0.002111
response_i/n891,response_i/U336/Y,AOI22X1,NAND2X1/B,1,0.00202749,0.00202749,0.00194421,0.00194421,0.00202749,0.0,0.00202749,0.0,0.002027
response_i/n892,response_i/U343/Y,AOI22X1,NAND3X1/A,1,0.00254759,0.00254759,0.00220852,0.00220852,0.00254759,0.0,0.00254759,0.0,0.002548
response_i/n893,response_i/U341/Y,AOI21X1,NAND3X1/B,1,0.00283213,0.00283213,0.00259978,0.00259978,0.00283213,0.0,0.00283213,0.0,0.002832
response_i/n895,response_i/U340/Y,AOI22X1,AND2X2/A,1,0.00179784,0.00179784,0.00176278,0.00176278,0.00179784,0.0,0.00179784,0.0,0.001798
response_i/n896,response_i/U339/Y,AOI22X1,AND2X2/B,1,0.00186944,0.00186944,0.00182011,0.00182011,0.00186944,0.0,0.00186944,0.0,0.001869
response_i/n897,response_i/U342/Y,AOI21X1,INVX1/A,1,0.00155103,0.00155103,0.00147616,0.00147616,0.00155103,0.0,0.00155103,0.0,0.001551
response_i/n903,response_i/U353/Y,NAND3X1,NOR3X1/A,1,0.00302113,0.00302113,0.00301081,0.00301081,0.00302113,0.0,0.00302113,0.0,0.003021
response_i/n904,response_i/U349/Y,NAND3X1,NOR3X1/B,1,0.003067,0.00306333,0.003067,0.00306333,0.003067,0.0,0.003067,0.0,0.003067
response_i/n905,response_i/U346/Y,NAND2X1,NOR3X1/C,1,0.00328822,0.00328822,0.00322576,0.00322576,0.00328822,0.0,0.00328822,0.0,0.003288
response_i/n906,response_i/U348/Y,NAND3X1,NAND2X1/A,1,0.00211057,0.00211057,0.00188435,0.00188435,0.00211057,0.0,0.00211057,0.0,0.002111
response_i/n907,response_i/U347/Y,NAND3X1,NAND2X1/B,1,0.00202749,0.00202749,0.00194421,0.00194421,0.00202749,0.0,0.00202749,0.0,0.002027
response_i/n908,response_i/U352/Y,NAND3X1,NAND3X1/A,1,0.00254759,0.00254759,0.00220852,0.00220852,0.00254759,0.0,0.00254759,0.0,0.002548
response_i/n909,response_i/U351/Y,NAND3X1,NAND3X1/B,1,0.00283213,0.00283213,0.00259978,0.00259978,0.00283213,0.0,0.00283213,0.0,0.002832
response_i/n910,response_i/U350/Y,NAND3X1,NAND3X1/C,1,0.00296109,0.00296109,0.0028316,0.0028316,0.00296109,0.0,0.00296109,0.0,0.002961
response_i/n911,response_i/U356/Y,NAND3X1,NAND3X1/A,1,0.00254759,0.00254759,0.00220852,0.00220852,0.00254759,0.0,0.00254759,0.0,0.002548
response_i/n912,response_i/U355/Y,NAND3X1,NAND3X1/B,1,0.00283213,0.00283213,0.00259978,0.00259978,0.00283213,0.0,0.00283213,0.0,0.002832
response_i/n913,response_i/U354/Y,AOI22X1,NAND3X1/C,1,0.00296109,0.00296109,0.0028316,0.0028316,0.00296109,0.0,0.00296109,0.0,0.002961
response_i/n915,response_i/U365/Y,NAND3X1,NOR3X1/A,1,0.00302113,0.00302113,0.00301081,0.00301081,0.00302113,0.0,0.00302113,0.0,0.003021
response_i/n916,response_i/U361/Y,NAND3X1,NOR3X1/B,1,0.003067,0.00306333,0.003067,0.00306333,0.003067,0.0,0.003067,0.0,0.003067
response_i/n917,response_i/U358/Y,NAND2X1,NOR3X1/C,1,0.00328822,0.00328822,0.00322576,0.00322576,0.00328822,0.0,0.00328822,0.0,0.003288
response_i/n918,response_i/U360/Y,NAND3X1,NAND2X1/A,1,0.00211057,0.00211057,0.00188435,0.00188435,0.00211057,0.0,0.00211057,0.0,0.002111
response_i/n919,response_i/U359/Y,NAND3X1,NAND2X1/B,1,0.00202749,0.00202749,0.00194421,0.00194421,0.00202749,0.0,0.00202749,0.0,0.002027
response_i/n920,response_i/U364/Y,NAND3X1,NAND3X1/A,1,0.00254759,0.00254759,0.00220852,0.00220852,0.00254759,0.0,0.00254759,0.0,0.002548
response_i/n921,response_i/U363/Y,NAND3X1,NAND3X1/B,1,0.00283213,0.00283213,0.00259978,0.00259978,0.00283213,0.0,0.00283213,0.0,0.002832
response_i/n922,response_i/U362/Y,NAND3X1,NAND3X1/C,1,0.00296109,0.00296109,0.0028316,0.0028316,0.00296109,0.0,0.00296109,0.0,0.002961
response_i/n923,response_i/U367/Y,NAND3X1,NAND3X1/A,1,0.00254759,0.00254759,0.00220852,0.00220852,0.00254759,0.0,0.00254759,0.0,0.002548
response_i/n924,response_i/U366/Y,NAND3X1,NAND3X1/B,1,0.00283213,0.00283213,0.00259978,0.00259978,0.00283213,0.0,0.00283213,0.0,0.002832
response_i/n926,response_i/U575/Y,NAND3X1,OR2X2/A,1,0.00230117,0.00229176,0.00230117,0.00229176,0.00230117,0.0,0.00230117,0.0,0.002301
response_i/n927,response_i/U369/Y,NAND3X1,OR2X2/B,1,0.00234214,0.00228252,0.00234214,0.00228252,0.00234214,0.0,0.00234214,0.0,0.002342
response_i/n928,response_i/U523/Y,AOI22X1,NAND3X1/A,1,0.00254759,0.00254759,0.00220852,0.00220852,0.00254759,0.0,0.00254759,0.0,0.002548
response_i/n929,response_i/U471/Y,AOI22X1,NAND3X1/B,1,0.00283213,0.00283213,0.00259978,0.00259978,0.00283213,0.0,0.00283213,0.0,0.002832
response_i/n931,response_i/U420/Y,AOI22X1,AND2X2/A,1,0.00179784,0.00179784,0.00176278,0.00176278,0.00179784,0.0,0.00179784,0.0,0.001798
response_i/n932,response_i/U370/Y,AOI22X1,AND2X2/B,1,0.00186944,0.00186944,0.00182011,0.00182011,0.00186944,0.0,0.00186944,0.0,0.001869
response_i/n937,response_i/U380/Y,NAND3X1,NOR3X1/A,1,0.00302113,0.00302113,0.00301081,0.00301081,0.00302113,0.0,0.00302113,0.0,0.003021
response_i/n938,response_i/U376/Y,NAND3X1,NOR3X1/B,1,0.003067,0.00306333,0.003067,0.00306333,0.003067,0.0,0.003067,0.0,0.003067
response_i/n939,response_i/U373/Y,NAND2X1,NOR3X1/C,1,0.00328822,0.00328822,0.00322576,0.00322576,0.00328822,0.0,0.00328822,0.0,0.003288
response_i/n940,response_i/U375/Y,NAND3X1,NAND2X1/A,1,0.00211057,0.00211057,0.00188435,0.00188435,0.00211057,0.0,0.00211057,0.0,0.002111
response_i/n941,response_i/U374/Y,NAND3X1,NAND2X1/B,1,0.00202749,0.00202749,0.00194421,0.00194421,0.00202749,0.0,0.00202749,0.0,0.002027
response_i/n942,response_i/U379/Y,NAND3X1,NAND3X1/A,1,0.00254759,0.00254759,0.00220852,0.00220852,0.00254759,0.0,0.00254759,0.0,0.002548
response_i/n943,response_i/U378/Y,NAND3X1,NAND3X1/B,1,0.00283213,0.00283213,0.00259978,0.00259978,0.00283213,0.0,0.00283213,0.0,0.002832
response_i/n944,response_i/U377/Y,NAND3X1,NAND3X1/C,1,0.00296109,0.00296109,0.0028316,0.0028316,0.00296109,0.0,0.00296109,0.0,0.002961
response_i/n945,response_i/U384/Y,NAND3X1,NAND3X1/A,1,0.00254759,0.00254759,0.00220852,0.00220852,0.00254759,0.0,0.00254759,0.0,0.002548
response_i/n946,response_i/U383/Y,NAND3X1,NAND3X1/B,1,0.00283213,0.00283213,0.00259978,0.00259978,0.00283213,0.0,0.00283213,0.0,0.002832
response_i/n948,response_i/U382/Y,NAND3X1,AND2X2/A,1,0.00179784,0.00179784,0.00176278,0.00176278,0.00179784,0.0,0.00179784,0.0,0.001798
response_i/n949,response_i/U381/Y,NAND3X1,AND2X2/B,1,0.00186944,0.00186944,0.00182011,0.00182011,0.00186944,0.0,0.00186944,0.0,0.001869
response_i/n950,response_i/U393/Y,NAND3X1,NOR3X1/A,1,0.00302113,0.00302113,0.00301081,0.00301081,0.00302113,0.0,0.00302113,0.0,0.003021
response_i/n951,response_i/U389/Y,NAND3X1,NOR3X1/B,1,0.003067,0.00306333,0.003067,0.00306333,0.003067,0.0,0.003067,0.0,0.003067
response_i/n952,response_i/U386/Y,NAND2X1,NOR3X1/C,1,0.00328822,0.00328822,0.00322576,0.00322576,0.00328822,0.0,0.00328822,0.0,0.003288
response_i/n953,response_i/U388/Y,NAND2X1,NAND2X1/A,1,0.00211057,0.00211057,0.00188435,0.00188435,0.00211057,0.0,0.00211057,0.0,0.002111
response_i/n954,response_i/U387/Y,NAND3X1,NAND2X1/B,1,0.00202749,0.00202749,0.00194421,0.00194421,0.00202749,0.0,0.00202749,0.0,0.002027
response_i/n955,response_i/U392/Y,NAND3X1,NAND3X1/A,1,0.00254759,0.00254759,0.00220852,0.00220852,0.00254759,0.0,0.00254759,0.0,0.002548
response_i/n956,response_i/U391/Y,NAND3X1,NAND3X1/B,1,0.00283213,0.00283213,0.00259978,0.00259978,0.00283213,0.0,0.00283213,0.0,0.002832
response_i/n957,response_i/U390/Y,NAND3X1,NAND3X1/C,1,0.00296109,0.00296109,0.0028316,0.0028316,0.00296109,0.0,0.00296109,0.0,0.002961
response_i/n958,response_i/U395/Y,NAND3X1,NAND3X1/A,1,0.00254759,0.00254759,0.00220852,0.00220852,0.00254759,0.0,0.00254759,0.0,0.002548
response_i/n959,response_i/U394/Y,NAND3X1,NAND3X1/B,1,0.00283213,0.00283213,0.00259978,0.00259978,0.00283213,0.0,0.00283213,0.0,0.002832
response_i/n964,response_i/U405/Y,NAND3X1,NOR3X1/A,1,0.00302113,0.00302113,0.00301081,0.00301081,0.00302113,0.0,0.00302113,0.0,0.003021
response_i/n965,response_i/U401/Y,NAND3X1,NOR3X1/B,1,0.003067,0.00306333,0.003067,0.00306333,0.003067,0.0,0.003067,0.0,0.003067
response_i/n966,response_i/U398/Y,NAND2X1,NOR3X1/C,1,0.00328822,0.00328822,0.00322576,0.00322576,0.00328822,0.0,0.00328822,0.0,0.003288
response_i/n967,response_i/U400/Y,NAND3X1,NAND2X1/A,1,0.00211057,0.00211057,0.00188435,0.00188435,0.00211057,0.0,0.00211057,0.0,0.002111
response_i/n968,response_i/U399/Y,NAND3X1,NAND2X1/B,1,0.00202749,0.00202749,0.00194421,0.00194421,0.00202749,0.0,0.00202749,0.0,0.002027
response_i/n969,response_i/U404/Y,NAND3X1,NAND3X1/A,1,0.00254759,0.00254759,0.00220852,0.00220852,0.00254759,0.0,0.00254759,0.0,0.002548
response_i/n970,response_i/U403/Y,NAND3X1,NAND3X1/B,1,0.00283213,0.00283213,0.00259978,0.00259978,0.00283213,0.0,0.00283213,0.0,0.002832
response_i/n971,response_i/U402/Y,NAND3X1,NAND3X1/C,1,0.00296109,0.00296109,0.0028316,0.0028316,0.00296109,0.0,0.00296109,0.0,0.002961
response_i/n972,response_i/U409/Y,NAND3X1,NAND3X1/A,1,0.00254759,0.00254759,0.00220852,0.00220852,0.00254759,0.0,0.00254759,0.0,0.002548
response_i/n973,response_i/U408/Y,NAND3X1,NAND3X1/B,1,0.00283213,0.00283213,0.00259978,0.00259978,0.00283213,0.0,0.00283213,0.0,0.002832
response_i/n975,response_i/U407/Y,NAND3X1,AND2X2/A,1,0.00179784,0.00179784,0.00176278,0.00176278,0.00179784,0.0,0.00179784,0.0,0.001798
response_i/n976,response_i/U406/Y,NAND3X1,AND2X2/B,1,0.00186944,0.00186944,0.00182011,0.00182011,0.00186944,0.0,0.00186944,0.0,0.001869
response_i/n977,response_i/U418/Y,NAND3X1,NOR3X1/A,1,0.00302113,0.00302113,0.00301081,0.00301081,0.00302113,0.0,0.00302113,0.0,0.003021
response_i/n978,response_i/U414/Y,NAND3X1,NOR3X1/B,1,0.003067,0.00306333,0.003067,0.00306333,0.003067,0.0,0.003067,0.0,0.003067
response_i/n979,response_i/U411/Y,NAND2X1,NOR3X1/C,1,0.00328822,0.00328822,0.00322576,0.00322576,0.00328822,0.0,0.00328822,0.0,0.003288
response_i/n980,response_i/U413/Y,NAND3X1,NAND2X1/A,1,0.00211057,0.00211057,0.00188435,0.00188435,0.00211057,0.0,0.00211057,0.0,0.002111
response_i/n981,response_i/U412/Y,NAND3X1,NAND2X1/B,1,0.00202749,0.00202749,0.00194421,0.00194421,0.00202749,0.0,0.00202749,0.0,0.002027
response_i/n982,response_i/U417/Y,NAND3X1,NAND3X1/A,1,0.00254759,0.00254759,0.00220852,0.00220852,0.00254759,0.0,0.00254759,0.0,0.002548
response_i/n983,response_i/U416/Y,NAND3X1,NAND3X1/B,1,0.00283213,0.00283213,0.00259978,0.00259978,0.00283213,0.0,0.00283213,0.0,0.002832
response_i/n984,response_i/U415/Y,NAND3X1,NAND3X1/C,1,0.00296109,0.00296109,0.0028316,0.0028316,0.00296109,0.0,0.00296109,0.0,0.002961
response_i/n985,response_i/U419/Y,AOI22X1,NAND3X1/C,1,0.00296109,0.00296109,0.0028316,0.0028316,0.00296109,0.0,0.00296109,0.0,0.002961
response_i/n991,response_i/U430/Y,NAND3X1,NOR3X1/A,1,0.00302113,0.00302113,0.00301081,0.00301081,0.00302113,0.0,0.00302113,0.0,0.003021
response_i/n992,response_i/U426/Y,NAND3X1,NOR3X1/B,1,0.003067,0.00306333,0.003067,0.00306333,0.003067,0.0,0.003067,0.0,0.003067
response_i/n993,response_i/U423/Y,NAND2X1,NOR3X1/C,1,0.00328822,0.00328822,0.00322576,0.00322576,0.00328822,0.0,0.00328822,0.0,0.003288
response_i/n994,response_i/U425/Y,NAND3X1,NAND2X1/A,1,0.00211057,0.00211057,0.00188435,0.00188435,0.00211057,0.0,0.00211057,0.0,0.002111
response_i/n995,response_i/U424/Y,NAND3X1,NAND2X1/B,1,0.00202749,0.00202749,0.00194421,0.00194421,0.00202749,0.0,0.00202749,0.0,0.002027
response_i/n996,response_i/U429/Y,NAND3X1,NAND3X1/A,1,0.00254759,0.00254759,0.00220852,0.00220852,0.00254759,0.0,0.00254759,0.0,0.002548
response_i/n997,response_i/U428/Y,NAND3X1,NAND3X1/B,1,0.00283213,0.00283213,0.00259978,0.00259978,0.00283213,0.0,0.00283213,0.0,0.002832
response_i/n998,response_i/U427/Y,NAND3X1,NAND3X1/C,1,0.00296109,0.00296109,0.0028316,0.0028316,0.00296109,0.0,0.00296109,0.0,0.002961
response_i/n999,response_i/U434/Y,NAND3X1,NAND3X1/A,1,0.00254759,0.00254759,0.00220852,0.00220852,0.00254759,0.0,0.00254759,0.0,0.002548
select_mask[0],frfcfs_scheduler_i/U481/Y,NAND2X1,INVX1/A;INVX2/A,2,0.0042236899999999996,0.00420624,0.00414882,0.00414882,0.00420624,0.0,0.00420624,0.0,0.004224
select_mask[3],frfcfs_scheduler_i/U509/Y,NAND2X1,INVX4/A,1,0.0050916,0.00508038,0.0050916,0.00508038,0.0050916,0.0,0.0050916,0.0,0.005092
select_mask[7],frfcfs_scheduler_i/U565/Y,NAND2X1,INVX4/A,1,0.0050916,0.00508038,0.0050916,0.00508038,0.0050916,0.0,0.0050916,0.0,0.005092
select_valid,frfcfs_scheduler_i/U2063/Y,NAND3X1,NAND2X1/A;NAND3X1/B,2,0.0049426999999999995,0.0049426999999999995,0.004484129999999999,0.00448413,0.0049427,0.0,0.0049427,0.0,0.004943
table_i/n1160,table_i/U5671/Y,NAND2X1,BUFX2/A,1,0.00153896,0.00153896,0.00150415,0.00150415,0.00153896,0.0,0.00153896,0.0,0.001539
table_i/n1203,table_i/U4554/Y,NAND3X1,BUFX2/A,1,0.00153896,0.00153896,0.00150415,0.00150415,0.00153896,0.0,0.00153896,0.0,0.001539
table_i/n1206,table_i/U1946/Y,AOI21X1,NAND3X1/C,1,0.00296109,0.00296109,0.0028316,0.0028316,0.00296109,0.0,0.00296109,0.0,0.002961
table_i/n1209,table_i/U4539/Y,NAND3X1,BUFX2/A,1,0.00153896,0.00153896,0.00150415,0.00150415,0.00153896,0.0,0.00153896,0.0,0.001539
table_i/n1242,table_i/U1978/Y,AOI21X1,NAND3X1/C,1,0.00296109,0.00296109,0.0028316,0.0028316,0.00296109,0.0,0.00296109,0.0,0.002961
table_i/n1245,table_i/U4532/Y,NAND3X1,BUFX2/A,1,0.00153896,0.00153896,0.00150415,0.00150415,0.00153896,0.0,0.00153896,0.0,0.001539
table_i/n1248,table_i/U5696/Y,NAND2X1,BUFX2/A;BUFX2/A,2,0.00307792,0.00307792,0.0030083,0.0030083,0.00307792,0.0,0.00307792,0.0,0.003078
table_i/n1279,table_i/U4526/Y,NAND3X1,BUFX2/A,1,0.00153896,0.00153896,0.00150415,0.00150415,0.00153896,0.0,0.00153896,0.0,0.001539
table_i/n1281,table_i/U2012/Y,AOI21X1,NAND3X1/C,1,0.00296109,0.00296109,0.0028316,0.0028316,0.00296109,0.0,0.00296109,0.0,0.002961
table_i/n1284,table_i/U2015/Y,AOI21X1,NAND3X1/C,1,0.00296109,0.00296109,0.0028316,0.0028316,0.00296109,0.0,0.00296109,0.0,0.002961
table_i/n1311,table_i/U2043/Y,AOI21X1,NAND3X1/C,1,0.00296109,0.00296109,0.0028316,0.0028316,0.00296109,0.0,0.00296109,0.0,0.002961
table_i/n1312,table_i/U4518/Y,NAND3X1,BUFX2/A,1,0.00153896,0.00153896,0.00150415,0.00150415,0.00153896,0.0,0.00153896,0.0,0.001539
table_i/n1344,table_i/U4512/Y,NAND3X1,BUFX2/A,1,0.00153896,0.00153896,0.00150415,0.00150415,0.00153896,0.0,0.00153896,0.0,0.001539
table_i/n1346,table_i/U2077/Y,AOI21X1,NAND3X1/C,1,0.00296109,0.00296109,0.0028316,0.0028316,0.00296109,0.0,0.00296109,0.0,0.002961
table_i/n1352,table_i/U2084/Y,AOI21X1,BUFX2/A,1,0.00153896,0.00153896,0.00150415,0.00150415,0.00153896,0.0,0.00153896,0.0,0.001539
table_i/n1375,table_i/U4506/Y,NAND3X1,BUFX2/A,1,0.00153896,0.00153896,0.00150415,0.00150415,0.00153896,0.0,0.00153896,0.0,0.001539
table_i/n1379,table_i/U2112/Y,AOI21X1,NAND3X1/C,1,0.00296109,0.00296109,0.0028316,0.0028316,0.00296109,0.0,0.00296109,0.0,0.002961
table_i/n1380,table_i/U4562/Y,NAND3X1,BUFX2/A,1,0.00153896,0.00153896,0.00150415,0.00150415,0.00153896,0.0,0.00153896,0.0,0.001539
table_i/n1384,table_i/U2117/Y,AOI21X1,NAND3X1/C,1,0.00296109,0.00296109,0.0028316,0.0028316,0.00296109,0.0,0.00296109,0.0,0.002961
table_i/n1405,table_i/U4500/Y,NAND3X1,BUFX2/A,1,0.00153896,0.00153896,0.00150415,0.00150415,0.00153896,0.0,0.00153896,0.0,0.001539
table_i/n1411,table_i/U2147/Y,AOI21X1,NAND3X1/C,1,0.00296109,0.00296109,0.0028316,0.0028316,0.00296109,0.0,0.00296109,0.0,0.002961
table_i/n1415,table_i/U2152/Y,AOI21X1,NAND3X1/C,1,0.00296109,0.00296109,0.0028316,0.0028316,0.00296109,0.0,0.00296109,0.0,0.002961
table_i/n1416,table_i/U4567/Y,NAND3X1,BUFX2/A,1,0.00153896,0.00153896,0.00150415,0.00150415,0.00153896,0.0,0.00153896,0.0,0.001539
table_i/n1418,table_i/U2155/Y,AOI21X1,BUFX2/A,1,0.00153896,0.00153896,0.00150415,0.00150415,0.00153896,0.0,0.00153896,0.0,0.001539
table_i/n1434,table_i/U2176/Y,AOI21X1,NAND3X1/C,1,0.00296109,0.00296109,0.0028316,0.0028316,0.00296109,0.0,0.00296109,0.0,0.002961
table_i/n1477,table_i/U2218/Y,AOI21X1,NAND3X1/C,1,0.00296109,0.00296109,0.0028316,0.0028316,0.00296109,0.0,0.00296109,0.0,0.002961
table_i/n1498,table_i/U2239/Y,AOI21X1,NAND3X1/C,1,0.00296109,0.00296109,0.0028316,0.0028316,0.00296109,0.0,0.00296109,0.0,0.002961
table_i/n1520,table_i/U2261/Y,AOI21X1,NAND3X1/C,1,0.00296109,0.00296109,0.0028316,0.0028316,0.00296109,0.0,0.00296109,0.0,0.002961
table_i/n1537,table_i/U2279/Y,AOI21X1,NAND3X1/C,1,0.00296109,0.00296109,0.0028316,0.0028316,0.00296109,0.0,0.00296109,0.0,0.002961
table_i/n1540,table_i/U2282/Y,NAND3X1,INVX1/A,1,0.00155103,0.00155103,0.00147616,0.00147616,0.00155103,0.0,0.00155103,0.0,0.001551
table_i/n1564,table_i/U2305/Y,AOI21X1,NAND3X1/C,1,0.00296109,0.00296109,0.0028316,0.0028316,0.00296109,0.0,0.00296109,0.0,0.002961
table_i/n1578,table_i/U2320/Y,NAND3X1,INVX1/A,1,0.00155103,0.00155103,0.00147616,0.00147616,0.00155103,0.0,0.00155103,0.0,0.001551
table_i/n1581,table_i/U2323/Y,AOI21X1,NAND3X1/C,1,0.00296109,0.00296109,0.0028316,0.0028316,0.00296109,0.0,0.00296109,0.0,0.002961
table_i/n1584,table_i/U2326/Y,AOI21X1,NAND3X1/C,1,0.00296109,0.00296109,0.0028316,0.0028316,0.00296109,0.0,0.00296109,0.0,0.002961
table_i/n1607,table_i/U2350/Y,AOI21X1,NAND3X1/C,1,0.00296109,0.00296109,0.0028316,0.0028316,0.00296109,0.0,0.00296109,0.0,0.002961
table_i/n1618,table_i/U2362/Y,AOI21X1,NAND3X1/C,1,0.00296109,0.00296109,0.0028316,0.0028316,0.00296109,0.0,0.00296109,0.0,0.002961
table_i/n1620,table_i/U2365/Y,NAND3X1,INVX1/A,1,0.00155103,0.00155103,0.00147616,0.00147616,0.00155103,0.0,0.00155103,0.0,0.001551
table_i/n1623,table_i/U2368/Y,NAND3X1,INVX1/A,1,0.00155103,0.00155103,0.00147616,0.00147616,0.00155103,0.0,0.00155103,0.0,0.001551
table_i/n1626,table_i/U2371/Y,NAND3X1,INVX1/A,1,0.00155103,0.00155103,0.00147616,0.00147616,0.00155103,0.0,0.00155103,0.0,0.001551
table_i/n1656,table_i/U2396/Y,AOI21X1,NAND3X1/C,1,0.00296109,0.00296109,0.0028316,0.0028316,0.00296109,0.0,0.00296109,0.0,0.002961
table_i/n1664,table_i/U2405/Y,NAND3X1,INVX1/A,1,0.00155103,0.00155103,0.00147616,0.00147616,0.00155103,0.0,0.00155103,0.0,0.001551
table_i/n1667,table_i/U2408/Y,AOI21X1,NAND3X1/C,1,0.00296109,0.00296109,0.0028316,0.0028316,0.00296109,0.0,0.00296109,0.0,0.002961
table_i/n1669,table_i/U2411/Y,NAND3X1,INVX1/A,1,0.00155103,0.00155103,0.00147616,0.00147616,0.00155103,0.0,0.00155103,0.0,0.001551
table_i/n1672,table_i/U2414/Y,NAND3X1,INVX1/A,1,0.00155103,0.00155103,0.00147616,0.00147616,0.00155103,0.0,0.00155103,0.0,0.001551
table_i/n1675,table_i/U2417/Y,AOI21X1,NAND3X1/C,1,0.00296109,0.00296109,0.0028316,0.0028316,0.00296109,0.0,0.00296109,0.0,0.002961
table_i/n1700,table_i/U2443/Y,AOI21X1,NAND3X1/C,1,0.00296109,0.00296109,0.0028316,0.0028316,0.00296109,0.0,0.00296109,0.0,0.002961
table_i/n1705,table_i/U2450/Y,NAND3X1,INVX1/A,1,0.00155103,0.00155103,0.00147616,0.00147616,0.00155103,0.0,0.00155103,0.0,0.001551
table_i/n1708,table_i/U2453/Y,NAND3X1,INVX1/A,1,0.00155103,0.00155103,0.00147616,0.00147616,0.00155103,0.0,0.00155103,0.0,0.001551
table_i/n1711,table_i/U2456/Y,AOI21X1,NAND3X1/C,1,0.00296109,0.00296109,0.0028316,0.0028316,0.00296109,0.0,0.00296109,0.0,0.002961
table_i/n1713,table_i/U2459/Y,NAND3X1,INVX1/A,1,0.00155103,0.00155103,0.00147616,0.00147616,0.00155103,0.0,0.00155103,0.0,0.001551
table_i/n1716,table_i/U2462/Y,AOI21X1,NAND3X1/C,1,0.00296109,0.00296109,0.0028316,0.0028316,0.00296109,0.0,0.00296109,0.0,0.002961
table_i/n1718,table_i/U2465/Y,NAND3X1,INVX1/A,1,0.00155103,0.00155103,0.00147616,0.00147616,0.00155103,0.0,0.00155103,0.0,0.001551
table_i/n1746,table_i/U2493/Y,AOI21X1,NAND3X1/C,1,0.00296109,0.00296109,0.0028316,0.0028316,0.00296109,0.0,0.00296109,0.0,0.002961
table_i/n1748,table_i/U2497/Y,NAND3X1,INVX1/A,1,0.00155103,0.00155103,0.00147616,0.00147616,0.00155103,0.0,0.00155103,0.0,0.001551
table_i/n1751,table_i/U2500/Y,NAND3X1,INVX1/A,1,0.00155103,0.00155103,0.00147616,0.00147616,0.00155103,0.0,0.00155103,0.0,0.001551
table_i/n1754,table_i/U2503/Y,NAND3X1,INVX1/A,1,0.00155103,0.00155103,0.00147616,0.00147616,0.00155103,0.0,0.00155103,0.0,0.001551
table_i/n1757,table_i/U2506/Y,AOI21X1,NAND3X1/C,1,0.00296109,0.00296109,0.0028316,0.0028316,0.00296109,0.0,0.00296109,0.0,0.002961
table_i/n1759,table_i/U2509/Y,NAND3X1,INVX1/A,1,0.00155103,0.00155103,0.00147616,0.00147616,0.00155103,0.0,0.00155103,0.0,0.001551
table_i/n1762,table_i/U2512/Y,AOI21X1,NAND3X1/C,1,0.00296109,0.00296109,0.0028316,0.0028316,0.00296109,0.0,0.00296109,0.0,0.002961
table_i/n1764,table_i/U2515/Y,AOI21X1,NAND3X1/C,1,0.00296109,0.00296109,0.0028316,0.0028316,0.00296109,0.0,0.00296109,0.0,0.002961
table_i/n1942,table_i/U2823/Y,NAND2X1,OAI21X1/C,1,0.00200991,0.00200991,0.0019239,0.0019239,0.00200991,0.0,0.00200991,0.0,0.00201
table_i/n1984,table_i/U2885/Y,NAND2X1,OAI21X1/C,1,0.00200991,0.00200991,0.0019239,0.0019239,0.00200991,0.0,0.00200991,0.0,0.00201
table_i/n2016,table_i/U2949/Y,NAND2X1,OAI21X1/C,1,0.00200991,0.00200991,0.0019239,0.0019239,0.00200991,0.0,0.00200991,0.0,0.00201
table_i/n2017,table_i/U2951/Y,NAND2X1,OAI21X1/C,1,0.00200991,0.00200991,0.0019239,0.0019239,0.00200991,0.0,0.00200991,0.0,0.00201
table_i/n2049,table_i/U3015/Y,NAND2X1,OAI21X1/C,1,0.00200991,0.00200991,0.0019239,0.0019239,0.00200991,0.0,0.00200991,0.0,0.00201
table_i/n2079,table_i/U3075/Y,NAND2X1,OAI21X1/C,1,0.00200991,0.00200991,0.0019239,0.0019239,0.00200991,0.0,0.00200991,0.0,0.00201
table_i/n2110,table_i/U3137/Y,NAND2X1,OAI21X1/C,1,0.00200991,0.00200991,0.0019239,0.0019239,0.00200991,0.0,0.00200991,0.0,0.00201
table_i/n2111,table_i/U3139/Y,NAND2X1,OAI21X1/C,1,0.00200991,0.00200991,0.0019239,0.0019239,0.00200991,0.0,0.00200991,0.0,0.00201
table_i/n2113,table_i/U3143/Y,NAND2X1,OAI21X1/C,1,0.00200991,0.00200991,0.0019239,0.0019239,0.00200991,0.0,0.00200991,0.0,0.00201
table_i/n2145,table_i/U3207/Y,NAND2X1,OAI21X1/C,1,0.00200991,0.00200991,0.0019239,0.0019239,0.00200991,0.0,0.00200991,0.0,0.00201
table_i/n2176,table_i/U3269/Y,NAND2X1,OAI21X1/C,1,0.00200991,0.00200991,0.0019239,0.0019239,0.00200991,0.0,0.00200991,0.0,0.00201
table_i/n2218,table_i/U3353/Y,NAND2X1,OAI21X1/C,1,0.00200991,0.00200991,0.0019239,0.0019239,0.00200991,0.0,0.00200991,0.0,0.00201
table_i/n2239,table_i/U3395/Y,NAND2X1,OAI21X1/C,1,0.00200991,0.00200991,0.0019239,0.0019239,0.00200991,0.0,0.00200991,0.0,0.00201
table_i/n2270,table_i/U3457/Y,NAND2X1,OAI21X1/C,1,0.00200991,0.00200991,0.0019239,0.0019239,0.00200991,0.0,0.00200991,0.0,0.00201
table_i/n2314,table_i/U3545/Y,NAND2X1,OAI21X1/C,1,0.00200991,0.00200991,0.0019239,0.0019239,0.00200991,0.0,0.00200991,0.0,0.00201
table_i/n2335,table_i/U3587/Y,NAND2X1,OAI21X1/C,1,0.00200991,0.00200991,0.0019239,0.0019239,0.00200991,0.0,0.00200991,0.0,0.00201
table_i/n2346,table_i/U3609/Y,NAND2X1,OAI21X1/C,1,0.00200991,0.00200991,0.0019239,0.0019239,0.00200991,0.0,0.00200991,0.0,0.00201
table_i/n2367,table_i/U3651/Y,NAND2X1,OAI21X1/C,1,0.00200991,0.00200991,0.0019239,0.0019239,0.00200991,0.0,0.00200991,0.0,0.00201
table_i/n2378,table_i/U3673/Y,NAND2X1,OAI21X1/C,1,0.00200991,0.00200991,0.0019239,0.0019239,0.00200991,0.0,0.00200991,0.0,0.00201
table_i/n2410,table_i/U3737/Y,NAND2X1,OAI21X1/C,1,0.00200991,0.00200991,0.0019239,0.0019239,0.00200991,0.0,0.00200991,0.0,0.00201
table_i/n2428,table_i/U3788/Y,NAND2X1,OAI21X1/C,1,0.00200991,0.00200991,0.0019239,0.0019239,0.00200991,0.0,0.00200991,0.0,0.00201
table_i/n2429,table_i/U3791/Y,NAND2X1,OAI21X1/C,1,0.00200991,0.00200991,0.0019239,0.0019239,0.00200991,0.0,0.00200991,0.0,0.00201
table_i/n2430,table_i/U3794/Y,NAND2X1,OAI21X1/C,1,0.00200991,0.00200991,0.0019239,0.0019239,0.00200991,0.0,0.00200991,0.0,0.00201
table_i/n2738,table_i/U4411/Y,NOR2X1,AND2X2/A,1,0.00179784,0.00179784,0.00176278,0.00176278,0.00179784,0.0,0.00179784,0.0,0.001798
table_i/n2754,table_i/U4424/Y,NOR2X1,AND2X2/A,1,0.00179784,0.00179784,0.00176278,0.00176278,0.00179784,0.0,0.00179784,0.0,0.001798
table_i/n2767,table_i/U4437/Y,NOR2X1,AND2X2/A,1,0.00179784,0.00179784,0.00176278,0.00176278,0.00179784,0.0,0.00179784,0.0,0.001798
table_i/n2780,table_i/U4454/Y,NOR2X1,AND2X2/A,1,0.00179784,0.00179784,0.00176278,0.00176278,0.00179784,0.0,0.00179784,0.0,0.001798
table_i/n2809,table_i/U4586/Y,NAND3X1,BUFX2/A,1,0.00153896,0.00153896,0.00150415,0.00150415,0.00153896,0.0,0.00153896,0.0,0.001539
table_i/n2810,table_i/U4587/Y,NAND3X1,BUFX4/A,1,0.0039795,0.0039795,0.003854,0.003854,0.0039795,0.0,0.0039795,0.0,0.003979
table_i/n2811,table_i/U4574/Y,NAND3X1,AND2X2/B;NAND3X1/C,2,0.0048305299999999995,0.0048305299999999995,0.00465171,0.00465171,0.00483053,0.0,0.00483053,0.0,0.004831
table_i/n2812,table_i/U4585/Y,NAND3X1,BUFX2/A,1,0.00153896,0.00153896,0.00150415,0.00150415,0.00153896,0.0,0.00153896,0.0,0.001539
table_i/n2813,table_i/U4573/Y,NAND3X1,NOR3X1/C;OR2X2/B,2,0.00563036,0.00557074,0.0055679,0.0055679,0.00557074,0.0,0.00557074,0.0,0.00563
table_i/n2814,table_i/U4569/Y,AOI21X1,NAND3X1/A,1,0.00254759,0.00254759,0.00220852,0.00220852,0.00254759,0.0,0.00254759,0.0,0.002548
table_i/n2816,table_i/U4568/Y,NAND3X1,INVX1/A,1,0.00155103,0.00155103,0.00147616,0.00147616,0.00155103,0.0,0.00155103,0.0,0.001551
table_i/n2818,table_i/U4582/Y,NAND3X1,AND2X2/A;NAND3X1/C,2,0.00475893,0.00475893,0.00459438,0.00459438,0.00475893,0.0,0.00475893,0.0,0.004759
table_i/n2820,table_i/U4591/Y,NAND3X1,BUFX2/A,1,0.00153896,0.00153896,0.00150415,0.00150415,0.00153896,0.0,0.00153896,0.0,0.001539
table_i/n2826,table_i/U4577/Y,NAND3X1,NAND3X1/A;NAND3X1/B,2,0.00537972,0.00537972,0.0048083,0.0048083,0.00537972,0.0,0.00537972,0.0,0.00538
table_i/n2827,table_i/U4576/Y,NAND3X1,INVX1/A,1,0.00155103,0.00155103,0.00147616,0.00147616,0.00155103,0.0,0.00155103,0.0,0.001551
table_i/n2829,table_i/U4584/Y,NAND3X1,BUFX2/A,1,0.00153896,0.00153896,0.00150415,0.00150415,0.00153896,0.0,0.00153896,0.0,0.001539
table_i/n2830,table_i/U4583/Y,NAND2X1,AND2X2/B;NAND3X1/A,2,0.004417030000000001,0.004417030000000001,0.00402863,0.00402863,0.00441703,0.0,0.00441703,0.0,0.004417
table_i/n2833,table_i/U4590/Y,NAND3X1,BUFX2/A,1,0.00153896,0.00153896,0.00150415,0.00150415,0.00153896,0.0,0.00153896,0.0,0.001539
table_i/n2835,table_i/U4589/Y,NAND3X1,INVX1/A,1,0.00155103,0.00155103,0.00147616,0.00147616,0.00155103,0.0,0.00155103,0.0,0.001551
table_i/n3415,table_i/U5939/Y,NOR2X1,DFFPOSX1/D,1,0.00181554,0.00181554,0.00129019,0.00129019,0.00181554,0.0,0.00181554,0.0,0.001816
table_i/n3449,table_i/U6019/Y,NOR2X1,DFFPOSX1/D,1,0.00181554,0.00181554,0.00129019,0.00129019,0.00181554,0.0,0.00181554,0.0,0.001816
table_i/n3466,table_i/U6055/Y,NOR2X1,DFFPOSX1/D,1,0.00181554,0.00181554,0.00129019,0.00129019,0.00181554,0.0,0.00181554,0.0,0.001816
table_i/n3483,table_i/U6090/Y,NOR2X1,DFFPOSX1/D,1,0.00181554,0.00181554,0.00129019,0.00129019,0.00181554,0.0,0.00181554,0.0,0.001816
table_i/n3500,table_i/U6128/Y,NOR2X1,DFFPOSX1/D,1,0.00181554,0.00181554,0.00129019,0.00129019,0.00181554,0.0,0.00181554,0.0,0.001816
table_i/n3636,table_i/U6374/Y,NOR2X1,DFFPOSX1/D,1,0.00181554,0.00181554,0.00129019,0.00129019,0.00181554,0.0,0.00181554,0.0,0.001816
table_i/n4549,table_i/U5673/Y,AOI21X1,DFFPOSX1/D,1,0.00181554,0.00181554,0.00129019,0.00129019,0.00181554,0.0,0.00181554,0.0,0.001816
table_i/n4550,table_i/U5685/Y,AOI21X1,DFFPOSX1/D,1,0.00181554,0.00181554,0.00129019,0.00129019,0.00181554,0.0,0.00181554,0.0,0.001816
table_i/n4551,table_i/U5698/Y,AOI21X1,DFFPOSX1/D,1,0.00181554,0.00181554,0.00129019,0.00129019,0.00181554,0.0,0.00181554,0.0,0.001816
table_i/n4552,table_i/U5710/Y,AOI21X1,DFFPOSX1/D,1,0.00181554,0.00181554,0.00129019,0.00129019,0.00181554,0.0,0.00181554,0.0,0.001816
table_i/n4553,table_i/U5722/Y,AOI21X1,DFFPOSX1/D,1,0.00181554,0.00181554,0.00129019,0.00129019,0.00181554,0.0,0.00181554,0.0,0.001816
table_i/n4554,table_i/U5734/Y,AOI21X1,DFFPOSX1/D,1,0.00181554,0.00181554,0.00129019,0.00129019,0.00181554,0.0,0.00181554,0.0,0.001816
table_i/n4555,table_i/U5746/Y,AOI21X1,DFFPOSX1/D,1,0.00181554,0.00181554,0.00129019,0.00129019,0.00181554,0.0,0.00181554,0.0,0.001816
table_i/n4556,table_i/U5758/Y,AOI21X1,DFFPOSX1/D,1,0.00181554,0.00181554,0.00129019,0.00129019,0.00181554,0.0,0.00181554,0.0,0.001816
table_i/n4557,table_i/U5770/Y,AOI21X1,DFFPOSX1/D,1,0.00181554,0.00181554,0.00129019,0.00129019,0.00181554,0.0,0.00181554,0.0,0.001816
table_i/n4558,table_i/U5782/Y,AOI21X1,DFFPOSX1/D,1,0.00181554,0.00181554,0.00129019,0.00129019,0.00181554,0.0,0.00181554,0.0,0.001816
table_i/n4559,table_i/U5793/Y,AOI21X1,BUFX2/A,1,0.00153896,0.00153896,0.00150415,0.00150415,0.00153896,0.0,0.00153896,0.0,0.001539
table_i/n4560,table_i/U5804/Y,AOI21X1,BUFX2/A,1,0.00153896,0.00153896,0.00150415,0.00150415,0.00153896,0.0,0.00153896,0.0,0.001539
table_i/n4561,table_i/U5816/Y,AOI21X1,DFFPOSX1/D,1,0.00181554,0.00181554,0.00129019,0.00129019,0.00181554,0.0,0.00181554,0.0,0.001816
table_i/n4562,table_i/U5828/Y,AOI21X1,DFFPOSX1/D,1,0.00181554,0.00181554,0.00129019,0.00129019,0.00181554,0.0,0.00181554,0.0,0.001816
table_i/n4563,table_i/U5839/Y,AOI21X1,BUFX2/A,1,0.00153896,0.00153896,0.00150415,0.00150415,0.00153896,0.0,0.00153896,0.0,0.001539
table_i/n4564,table_i/U5850/Y,AOI21X1,BUFX2/A,1,0.00153896,0.00153896,0.00150415,0.00150415,0.00153896,0.0,0.00153896,0.0,0.001539
table_i/n5067,table_i/U5636/Y,NOR2X1,NOR3X1/B,1,0.003067,0.00306333,0.003067,0.00306333,0.003067,0.0,0.003067,0.0,0.003067
table_i/n5071,table_i/U5640/Y,NOR2X1,NOR3X1/B,1,0.003067,0.00306333,0.003067,0.00306333,0.003067,0.0,0.003067,0.0,0.003067
table_i/n5394,table_i/U5672/Y,NAND2X1,AOI21X1/A,1,0.00274129,0.00274129,0.00256559,0.00256559,0.00274129,0.0,0.00274129,0.0,0.002741
table_i/n5412,table_i/U5684/Y,NAND2X1,AOI21X1/A,1,0.00274129,0.00274129,0.00256559,0.00256559,0.00274129,0.0,0.00274129,0.0,0.002741
table_i/n5433,table_i/U5697/Y,NAND2X1,AOI21X1/A,1,0.00274129,0.00274129,0.00256559,0.00256559,0.00274129,0.0,0.00274129,0.0,0.002741
table_i/n5453,table_i/U5709/Y,NAND2X1,AOI21X1/A,1,0.00274129,0.00274129,0.00256559,0.00256559,0.00274129,0.0,0.00274129,0.0,0.002741
table_i/n5473,table_i/U5721/Y,NAND2X1,AOI21X1/A,1,0.00274129,0.00274129,0.00256559,0.00256559,0.00274129,0.0,0.00274129,0.0,0.002741
table_i/n5493,table_i/U5733/Y,NAND2X1,AOI21X1/A,1,0.00274129,0.00274129,0.00256559,0.00256559,0.00274129,0.0,0.00274129,0.0,0.002741
table_i/n5513,table_i/U5745/Y,NAND2X1,AOI21X1/A,1,0.00274129,0.00274129,0.00256559,0.00256559,0.00274129,0.0,0.00274129,0.0,0.002741
table_i/n5533,table_i/U5757/Y,NAND2X1,AOI21X1/A,1,0.00274129,0.00274129,0.00256559,0.00256559,0.00274129,0.0,0.00274129,0.0,0.002741
table_i/n5553,table_i/U5769/Y,NAND2X1,AOI21X1/A,1,0.00274129,0.00274129,0.00256559,0.00256559,0.00274129,0.0,0.00274129,0.0,0.002741
table_i/n5573,table_i/U5781/Y,NAND2X1,AOI21X1/A,1,0.00274129,0.00274129,0.00256559,0.00256559,0.00274129,0.0,0.00274129,0.0,0.002741
table_i/n5633,table_i/U5815/Y,NAND2X1,AOI21X1/A,1,0.00274129,0.00274129,0.00256559,0.00256559,0.00274129,0.0,0.00274129,0.0,0.002741
table_i/n5653,table_i/U5827/Y,NAND2X1,AOI21X1/A,1,0.00274129,0.00274129,0.00256559,0.00256559,0.00274129,0.0,0.00274129,0.0,0.002741
table_i/n5712,table_i/U5860/Y,NOR2X1,NAND3X1/C,1,0.00296109,0.00296109,0.0028316,0.0028316,0.00296109,0.0,0.00296109,0.0,0.002961
table_i/n5713,table_i/U5861/Y,NAND3X1,OAI21X1/C,1,0.00200991,0.00200991,0.0019239,0.0019239,0.00200991,0.0,0.00200991,0.0,0.00201
table_i/n5714,table_i/U5683/Y,NAND2X1,INVX1/A;OAI21X1/A,2,0.00429325,0.00429325,0.00404874,0.00404874,0.00429325,0.0,0.00429325,0.0,0.004293
table_i/n5715,table_i/U5863/Y,NOR2X1,NAND3X1/C,1,0.00296109,0.00296109,0.0028316,0.0028316,0.00296109,0.0,0.00296109,0.0,0.002961
table_i/n5716,table_i/U5864/Y,NAND3X1,OAI21X1/C,1,0.00200991,0.00200991,0.0019239,0.0019239,0.00200991,0.0,0.00200991,0.0,0.00201
table_i/n5718,table_i/U5866/Y,NAND3X1,BUFX2/A,1,0.00153896,0.00153896,0.00150415,0.00150415,0.00153896,0.0,0.00153896,0.0,0.001539
table_i/n5720,table_i/U5868/Y,NAND3X1,BUFX2/A,1,0.00153896,0.00153896,0.00150415,0.00150415,0.00153896,0.0,0.00153896,0.0,0.001539
table_i/n5722,table_i/U5870/Y,NAND3X1,BUFX2/A,1,0.00153896,0.00153896,0.00150415,0.00150415,0.00153896,0.0,0.00153896,0.0,0.001539
table_i/n5723,table_i/U5872/Y,NOR2X1,NAND3X1/C,1,0.00296109,0.00296109,0.0028316,0.0028316,0.00296109,0.0,0.00296109,0.0,0.002961
table_i/n5724,table_i/U5873/Y,NAND3X1,OAI21X1/C,1,0.00200991,0.00200991,0.0019239,0.0019239,0.00200991,0.0,0.00200991,0.0,0.00201
table_i/n5726,table_i/U5875/Y,NAND3X1,BUFX2/A,1,0.00153896,0.00153896,0.00150415,0.00150415,0.00153896,0.0,0.00153896,0.0,0.001539
table_i/n5728,table_i/U5877/Y,NOR2X1,NAND3X1/C,1,0.00296109,0.00296109,0.0028316,0.0028316,0.00296109,0.0,0.00296109,0.0,0.002961
table_i/n5729,table_i/U5878/Y,NAND3X1,OAI21X1/C,1,0.00200991,0.00200991,0.0019239,0.0019239,0.00200991,0.0,0.00200991,0.0,0.00201
table_i/n5730,table_i/U5880/Y,NOR2X1,NAND3X1/C,1,0.00296109,0.00296109,0.0028316,0.0028316,0.00296109,0.0,0.00296109,0.0,0.002961
table_i/n5731,table_i/U5881/Y,NAND3X1,OAI21X1/C,1,0.00200991,0.00200991,0.0019239,0.0019239,0.00200991,0.0,0.00200991,0.0,0.00201
table_i/n5732,table_i/U5883/Y,NOR2X1,NAND3X1/C,1,0.00296109,0.00296109,0.0028316,0.0028316,0.00296109,0.0,0.00296109,0.0,0.002961
table_i/n5733,table_i/U5884/Y,NAND3X1,OAI21X1/C,1,0.00200991,0.00200991,0.0019239,0.0019239,0.00200991,0.0,0.00200991,0.0,0.00201
table_i/n5735,table_i/U5886/Y,NAND3X1,BUFX2/A,1,0.00153896,0.00153896,0.00150415,0.00150415,0.00153896,0.0,0.00153896,0.0,0.001539
table_i/n5737,table_i/U5888/Y,NAND3X1,BUFX2/A,1,0.00153896,0.00153896,0.00150415,0.00150415,0.00153896,0.0,0.00153896,0.0,0.001539
table_i/n5739,table_i/U5890/Y,NAND3X1,BUFX2/A,1,0.00153896,0.00153896,0.00150415,0.00150415,0.00153896,0.0,0.00153896,0.0,0.001539
table_i/n5741,table_i/U5892/Y,NAND3X1,BUFX2/A,1,0.00153896,0.00153896,0.00150415,0.00150415,0.00153896,0.0,0.00153896,0.0,0.001539
table_i/n5743,table_i/U5894/Y,NAND3X1,BUFX2/A,1,0.00153896,0.00153896,0.00150415,0.00150415,0.00153896,0.0,0.00153896,0.0,0.001539
table_i/n5745,table_i/U5896/Y,NAND3X1,OAI21X1/C,1,0.00200991,0.00200991,0.0019239,0.0019239,0.00200991,0.0,0.00200991,0.0,0.00201
table_i/n5748,table_i/U5898/Y,NOR2X1,NAND3X1/C,1,0.00296109,0.00296109,0.0028316,0.0028316,0.00296109,0.0,0.00296109,0.0,0.002961
table_i/n5749,table_i/U5899/Y,NAND3X1,OAI21X1/C,1,0.00200991,0.00200991,0.0019239,0.0019239,0.00200991,0.0,0.00200991,0.0,0.00201
table_i/n5751,table_i/U5901/Y,NOR2X1,NAND3X1/C,1,0.00296109,0.00296109,0.0028316,0.0028316,0.00296109,0.0,0.00296109,0.0,0.002961
table_i/n5752,table_i/U5902/Y,NAND3X1,OAI21X1/C,1,0.00200991,0.00200991,0.0019239,0.0019239,0.00200991,0.0,0.00200991,0.0,0.00201
table_i/n5753,table_i/U5904/Y,NOR2X1,NAND3X1/C,1,0.00296109,0.00296109,0.0028316,0.0028316,0.00296109,0.0,0.00296109,0.0,0.002961
table_i/n5754,table_i/U5905/Y,NAND3X1,OAI21X1/C,1,0.00200991,0.00200991,0.0019239,0.0019239,0.00200991,0.0,0.00200991,0.0,0.00201
table_i/n5756,table_i/U5907/Y,NAND3X1,BUFX2/A,1,0.00153896,0.00153896,0.00150415,0.00150415,0.00153896,0.0,0.00153896,0.0,0.001539
table_i/n5757,table_i/U5909/Y,NOR2X1,NAND3X1/C,1,0.00296109,0.00296109,0.0028316,0.0028316,0.00296109,0.0,0.00296109,0.0,0.002961
table_i/n5758,table_i/U5910/Y,NAND3X1,OAI21X1/C,1,0.00200991,0.00200991,0.0019239,0.0019239,0.00200991,0.0,0.00200991,0.0,0.00201
table_i/n5760,table_i/U5912/Y,NAND3X1,BUFX2/A,1,0.00153896,0.00153896,0.00150415,0.00150415,0.00153896,0.0,0.00153896,0.0,0.001539
table_i/n5761,table_i/U5914/Y,NOR2X1,NAND3X1/C,1,0.00296109,0.00296109,0.0028316,0.0028316,0.00296109,0.0,0.00296109,0.0,0.002961
table_i/n5762,table_i/U5915/Y,NAND3X1,OAI21X1/C,1,0.00200991,0.00200991,0.0019239,0.0019239,0.00200991,0.0,0.00200991,0.0,0.00201
table_i/n5763,table_i/U5917/Y,NOR2X1,NAND3X1/C,1,0.00296109,0.00296109,0.0028316,0.0028316,0.00296109,0.0,0.00296109,0.0,0.002961
table_i/n5764,table_i/U5918/Y,NAND3X1,OAI21X1/C,1,0.00200991,0.00200991,0.0019239,0.0019239,0.00200991,0.0,0.00200991,0.0,0.00201
table_i/n5765,table_i/U5920/Y,NOR2X1,NAND3X1/C,1,0.00296109,0.00296109,0.0028316,0.0028316,0.00296109,0.0,0.00296109,0.0,0.002961
table_i/n5766,table_i/U5921/Y,NAND3X1,OAI21X1/C,1,0.00200991,0.00200991,0.0019239,0.0019239,0.00200991,0.0,0.00200991,0.0,0.00201
table_i/n5768,table_i/U5923/Y,NAND3X1,BUFX2/A,1,0.00153896,0.00153896,0.00150415,0.00150415,0.00153896,0.0,0.00153896,0.0,0.001539
table_i/n5770,table_i/U5925/Y,NAND3X1,BUFX2/A,1,0.00153896,0.00153896,0.00150415,0.00150415,0.00153896,0.0,0.00153896,0.0,0.001539
table_i/n5771,table_i/U5927/Y,NOR2X1,NAND3X1/C,1,0.00296109,0.00296109,0.0028316,0.0028316,0.00296109,0.0,0.00296109,0.0,0.002961
table_i/n5772,table_i/U5928/Y,NAND3X1,OAI21X1/C,1,0.00200991,0.00200991,0.0019239,0.0019239,0.00200991,0.0,0.00200991,0.0,0.00201
table_i/n5774,table_i/U5930/Y,NAND3X1,BUFX2/A,1,0.00153896,0.00153896,0.00150415,0.00150415,0.00153896,0.0,0.00153896,0.0,0.001539
table_i/n5776,table_i/U5932/Y,NAND3X1,BUFX2/A,1,0.00153896,0.00153896,0.00150415,0.00150415,0.00153896,0.0,0.00153896,0.0,0.001539
table_i/n5778,table_i/U5934/Y,NAND3X1,OAI21X1/C,1,0.00200991,0.00200991,0.0019239,0.0019239,0.00200991,0.0,0.00200991,0.0,0.00201
table_i/n5779,table_i/U5936/Y,NOR2X1,NAND3X1/C,1,0.00296109,0.00296109,0.0028316,0.0028316,0.00296109,0.0,0.00296109,0.0,0.002961
table_i/n5780,table_i/U5937/Y,NAND3X1,OAI21X1/C,1,0.00200991,0.00200991,0.0019239,0.0019239,0.00200991,0.0,0.00200991,0.0,0.00201
table_i/n5783,table_i/U5940/Y,NOR2X1,NAND3X1/C,1,0.00296109,0.00296109,0.0028316,0.0028316,0.00296109,0.0,0.00296109,0.0,0.002961
table_i/n5784,table_i/U5941/Y,NAND3X1,OAI21X1/C,1,0.00200991,0.00200991,0.0019239,0.0019239,0.00200991,0.0,0.00200991,0.0,0.00201
table_i/n5786,table_i/U5943/Y,NOR2X1,NAND3X1/C,1,0.00296109,0.00296109,0.0028316,0.0028316,0.00296109,0.0,0.00296109,0.0,0.002961
table_i/n5787,table_i/U5944/Y,NAND3X1,OAI21X1/C,1,0.00200991,0.00200991,0.0019239,0.0019239,0.00200991,0.0,0.00200991,0.0,0.00201
table_i/n5789,table_i/U5946/Y,NAND3X1,BUFX2/A,1,0.00153896,0.00153896,0.00150415,0.00150415,0.00153896,0.0,0.00153896,0.0,0.001539
table_i/n5790,table_i/U5948/Y,NOR2X1,NAND3X1/C,1,0.00296109,0.00296109,0.0028316,0.0028316,0.00296109,0.0,0.00296109,0.0,0.002961
table_i/n5791,table_i/U5949/Y,NAND3X1,OAI21X1/C,1,0.00200991,0.00200991,0.0019239,0.0019239,0.00200991,0.0,0.00200991,0.0,0.00201
table_i/n5793,table_i/U5951/Y,NAND3X1,BUFX2/A,1,0.00153896,0.00153896,0.00150415,0.00150415,0.00153896,0.0,0.00153896,0.0,0.001539
table_i/n5794,table_i/U5953/Y,NOR2X1,NAND3X1/C,1,0.00296109,0.00296109,0.0028316,0.0028316,0.00296109,0.0,0.00296109,0.0,0.002961
table_i/n5795,table_i/U5954/Y,NAND3X1,OAI21X1/C,1,0.00200991,0.00200991,0.0019239,0.0019239,0.00200991,0.0,0.00200991,0.0,0.00201
table_i/n5796,table_i/U5956/Y,NOR2X1,NAND3X1/C,1,0.00296109,0.00296109,0.0028316,0.0028316,0.00296109,0.0,0.00296109,0.0,0.002961
table_i/n5797,table_i/U5957/Y,NAND3X1,OAI21X1/C,1,0.00200991,0.00200991,0.0019239,0.0019239,0.00200991,0.0,0.00200991,0.0,0.00201
table_i/n5798,table_i/U5959/Y,NOR2X1,NAND3X1/C,1,0.00296109,0.00296109,0.0028316,0.0028316,0.00296109,0.0,0.00296109,0.0,0.002961
table_i/n5799,table_i/U5960/Y,NAND3X1,OAI21X1/C,1,0.00200991,0.00200991,0.0019239,0.0019239,0.00200991,0.0,0.00200991,0.0,0.00201
table_i/n5801,table_i/U5962/Y,NAND3X1,BUFX2/A,1,0.00153896,0.00153896,0.00150415,0.00150415,0.00153896,0.0,0.00153896,0.0,0.001539
table_i/n5803,table_i/U5964/Y,NAND3X1,BUFX2/A,1,0.00153896,0.00153896,0.00150415,0.00150415,0.00153896,0.0,0.00153896,0.0,0.001539
table_i/n5804,table_i/U5966/Y,NOR2X1,NAND3X1/C,1,0.00296109,0.00296109,0.0028316,0.0028316,0.00296109,0.0,0.00296109,0.0,0.002961
table_i/n5805,table_i/U5967/Y,NAND3X1,OAI21X1/C,1,0.00200991,0.00200991,0.0019239,0.0019239,0.00200991,0.0,0.00200991,0.0,0.00201
table_i/n5807,table_i/U5969/Y,NAND3X1,BUFX2/A,1,0.00153896,0.00153896,0.00150415,0.00150415,0.00153896,0.0,0.00153896,0.0,0.001539
table_i/n5809,table_i/U5971/Y,NAND3X1,BUFX2/A,1,0.00153896,0.00153896,0.00150415,0.00150415,0.00153896,0.0,0.00153896,0.0,0.001539
table_i/n5812,table_i/U5973/Y,NAND3X1,BUFX2/A,1,0.00153896,0.00153896,0.00150415,0.00150415,0.00153896,0.0,0.00153896,0.0,0.001539
table_i/n5813,table_i/U5975/Y,NAND3X1,OAI21X1/C,1,0.00200991,0.00200991,0.0019239,0.0019239,0.00200991,0.0,0.00200991,0.0,0.00201
table_i/n5814,table_i/U5977/Y,NAND3X1,OAI21X1/C,1,0.00200991,0.00200991,0.0019239,0.0019239,0.00200991,0.0,0.00200991,0.0,0.00201
table_i/n5817,table_i/U5979/Y,NOR2X1,NAND3X1/C,1,0.00296109,0.00296109,0.0028316,0.0028316,0.00296109,0.0,0.00296109,0.0,0.002961
table_i/n5818,table_i/U5980/Y,NAND3X1,OAI21X1/C,1,0.00200991,0.00200991,0.0019239,0.0019239,0.00200991,0.0,0.00200991,0.0,0.00201
table_i/n5821,table_i/U5982/Y,NAND3X1,BUFX2/A,1,0.00153896,0.00153896,0.00150415,0.00150415,0.00153896,0.0,0.00153896,0.0,0.001539
table_i/n5822,table_i/U5984/Y,NOR2X1,NAND3X1/C,1,0.00296109,0.00296109,0.0028316,0.0028316,0.00296109,0.0,0.00296109,0.0,0.002961
table_i/n5823,table_i/U5985/Y,NAND3X1,OAI21X1/C,1,0.00200991,0.00200991,0.0019239,0.0019239,0.00200991,0.0,0.00200991,0.0,0.00201
table_i/n5825,table_i/U5987/Y,NAND3X1,BUFX2/A,1,0.00153896,0.00153896,0.00150415,0.00150415,0.00153896,0.0,0.00153896,0.0,0.001539
table_i/n5826,table_i/U5989/Y,NOR2X1,NAND3X1/C,1,0.00296109,0.00296109,0.0028316,0.0028316,0.00296109,0.0,0.00296109,0.0,0.002961
table_i/n5827,table_i/U5990/Y,NAND3X1,OAI21X1/C,1,0.00200991,0.00200991,0.0019239,0.0019239,0.00200991,0.0,0.00200991,0.0,0.00201
table_i/n5828,table_i/U5992/Y,NOR2X1,NAND3X1/C,1,0.00296109,0.00296109,0.0028316,0.0028316,0.00296109,0.0,0.00296109,0.0,0.002961
table_i/n5829,table_i/U5993/Y,NAND3X1,OAI21X1/C,1,0.00200991,0.00200991,0.0019239,0.0019239,0.00200991,0.0,0.00200991,0.0,0.00201
table_i/n5830,table_i/U5995/Y,NOR2X1,NAND3X1/C,1,0.00296109,0.00296109,0.0028316,0.0028316,0.00296109,0.0,0.00296109,0.0,0.002961
table_i/n5831,table_i/U5996/Y,NAND3X1,OAI21X1/C,1,0.00200991,0.00200991,0.0019239,0.0019239,0.00200991,0.0,0.00200991,0.0,0.00201
table_i/n5833,table_i/U5998/Y,NAND3X1,BUFX2/A,1,0.00153896,0.00153896,0.00150415,0.00150415,0.00153896,0.0,0.00153896,0.0,0.001539
table_i/n5835,table_i/U6000/Y,NAND3X1,BUFX2/A,1,0.00153896,0.00153896,0.00150415,0.00150415,0.00153896,0.0,0.00153896,0.0,0.001539
table_i/n5836,table_i/U6002/Y,NOR2X1,NAND3X1/C,1,0.00296109,0.00296109,0.0028316,0.0028316,0.00296109,0.0,0.00296109,0.0,0.002961
table_i/n5837,table_i/U6003/Y,NAND3X1,OAI21X1/C,1,0.00200991,0.00200991,0.0019239,0.0019239,0.00200991,0.0,0.00200991,0.0,0.00201
table_i/n5839,table_i/U6005/Y,NAND3X1,BUFX2/A,1,0.00153896,0.00153896,0.00150415,0.00150415,0.00153896,0.0,0.00153896,0.0,0.001539
table_i/n5841,table_i/U6007/Y,NAND3X1,BUFX2/A,1,0.00153896,0.00153896,0.00150415,0.00150415,0.00153896,0.0,0.00153896,0.0,0.001539
table_i/n5843,table_i/U6009/Y,NAND3X1,OAI21X1/C,1,0.00200991,0.00200991,0.0019239,0.0019239,0.00200991,0.0,0.00200991,0.0,0.00201
table_i/n5844,table_i/U6011/Y,NOR2X1,NAND3X1/C,1,0.00296109,0.00296109,0.0028316,0.0028316,0.00296109,0.0,0.00296109,0.0,0.002961
table_i/n5845,table_i/U6012/Y,NAND3X1,OAI21X1/C,1,0.00200991,0.00200991,0.0019239,0.0019239,0.00200991,0.0,0.00200991,0.0,0.00201
table_i/n5846,table_i/U6014/Y,NOR2X1,NAND3X1/C,1,0.00296109,0.00296109,0.0028316,0.0028316,0.00296109,0.0,0.00296109,0.0,0.002961
table_i/n5847,table_i/U6015/Y,NAND3X1,OAI21X1/C,1,0.00200991,0.00200991,0.0019239,0.0019239,0.00200991,0.0,0.00200991,0.0,0.00201
table_i/n5849,table_i/U6017/Y,NAND3X1,BUFX2/A,1,0.00153896,0.00153896,0.00150415,0.00150415,0.00153896,0.0,0.00153896,0.0,0.001539
table_i/n5853,table_i/U6020/Y,NAND3X1,BUFX2/A,1,0.00153896,0.00153896,0.00150415,0.00150415,0.00153896,0.0,0.00153896,0.0,0.001539
table_i/n5856,table_i/U6022/Y,NAND3X1,BUFX2/A,1,0.00153896,0.00153896,0.00150415,0.00150415,0.00153896,0.0,0.00153896,0.0,0.001539
table_i/n5858,table_i/U6024/Y,NAND3X1,BUFX2/A,1,0.00153896,0.00153896,0.00150415,0.00150415,0.00153896,0.0,0.00153896,0.0,0.001539
table_i/n5859,table_i/U6026/Y,NOR2X1,NAND3X1/C,1,0.00296109,0.00296109,0.0028316,0.0028316,0.00296109,0.0,0.00296109,0.0,0.002961
table_i/n5860,table_i/U6027/Y,NAND3X1,OAI21X1/C,1,0.00200991,0.00200991,0.0019239,0.0019239,0.00200991,0.0,0.00200991,0.0,0.00201
table_i/n5861,table_i/U6029/Y,NOR2X1,NAND3X1/C,1,0.00296109,0.00296109,0.0028316,0.0028316,0.00296109,0.0,0.00296109,0.0,0.002961
table_i/n5862,table_i/U6030/Y,NAND3X1,OAI21X1/C,1,0.00200991,0.00200991,0.0019239,0.0019239,0.00200991,0.0,0.00200991,0.0,0.00201
table_i/n5864,table_i/U6032/Y,NAND3X1,BUFX2/A,1,0.00153896,0.00153896,0.00150415,0.00150415,0.00153896,0.0,0.00153896,0.0,0.001539
table_i/n5866,table_i/U6034/Y,NAND3X1,BUFX2/A,1,0.00153896,0.00153896,0.00150415,0.00150415,0.00153896,0.0,0.00153896,0.0,0.001539
table_i/n5868,table_i/U6036/Y,NAND3X1,BUFX2/A,1,0.00153896,0.00153896,0.00150415,0.00150415,0.00153896,0.0,0.00153896,0.0,0.001539
table_i/n5870,table_i/U6038/Y,NAND3X1,BUFX2/A,1,0.00153896,0.00153896,0.00150415,0.00150415,0.00153896,0.0,0.00153896,0.0,0.001539
table_i/n5872,table_i/U6040/Y,NAND3X1,BUFX2/A,1,0.00153896,0.00153896,0.00150415,0.00150415,0.00153896,0.0,0.00153896,0.0,0.001539
table_i/n5874,table_i/U6042/Y,NAND3X1,BUFX2/A,1,0.00153896,0.00153896,0.00150415,0.00150415,0.00153896,0.0,0.00153896,0.0,0.001539
table_i/n5877,table_i/U6044/Y,NAND3X1,BUFX2/A,1,0.00153896,0.00153896,0.00150415,0.00150415,0.00153896,0.0,0.00153896,0.0,0.001539
table_i/n5878,table_i/U6046/Y,NAND3X1,OAI21X1/C,1,0.00200991,0.00200991,0.0019239,0.0019239,0.00200991,0.0,0.00200991,0.0,0.00201
table_i/n5879,table_i/U6048/Y,NOR2X1,NAND3X1/C,1,0.00296109,0.00296109,0.0028316,0.0028316,0.00296109,0.0,0.00296109,0.0,0.002961
table_i/n5880,table_i/U6049/Y,NAND3X1,OAI21X1/C,1,0.00200991,0.00200991,0.0019239,0.0019239,0.00200991,0.0,0.00200991,0.0,0.00201
table_i/n5882,table_i/U6051/Y,NAND3X1,BUFX2/A,1,0.00153896,0.00153896,0.00150415,0.00150415,0.00153896,0.0,0.00153896,0.0,0.001539
table_i/n5883,table_i/U6053/Y,NAND3X1,BUFX2/A,1,0.00153896,0.00153896,0.00150415,0.00150415,0.00153896,0.0,0.00153896,0.0,0.001539
table_i/n5888,table_i/U6056/Y,NAND3X1,BUFX2/A,1,0.00153896,0.00153896,0.00150415,0.00150415,0.00153896,0.0,0.00153896,0.0,0.001539
table_i/n5891,table_i/U6058/Y,NAND3X1,BUFX2/A,1,0.00153896,0.00153896,0.00150415,0.00150415,0.00153896,0.0,0.00153896,0.0,0.001539
table_i/n5893,table_i/U6060/Y,NAND3X1,BUFX2/A,1,0.00153896,0.00153896,0.00150415,0.00150415,0.00153896,0.0,0.00153896,0.0,0.001539
table_i/n5895,table_i/U6062/Y,NAND3X1,BUFX2/A,1,0.00153896,0.00153896,0.00150415,0.00150415,0.00153896,0.0,0.00153896,0.0,0.001539
table_i/n5897,table_i/U6064/Y,NAND3X1,BUFX2/A,1,0.00153896,0.00153896,0.00150415,0.00150415,0.00153896,0.0,0.00153896,0.0,0.001539
table_i/n5899,table_i/U6066/Y,NAND3X1,BUFX2/A,1,0.00153896,0.00153896,0.00150415,0.00150415,0.00153896,0.0,0.00153896,0.0,0.001539
table_i/n5901,table_i/U6068/Y,NAND3X1,BUFX2/A,1,0.00153896,0.00153896,0.00150415,0.00150415,0.00153896,0.0,0.00153896,0.0,0.001539
table_i/n5903,table_i/U6070/Y,NAND3X1,BUFX2/A,1,0.00153896,0.00153896,0.00150415,0.00150415,0.00153896,0.0,0.00153896,0.0,0.001539
table_i/n5905,table_i/U6072/Y,NAND3X1,BUFX2/A,1,0.00153896,0.00153896,0.00150415,0.00150415,0.00153896,0.0,0.00153896,0.0,0.001539
table_i/n5907,table_i/U6074/Y,NAND3X1,BUFX2/A,1,0.00153896,0.00153896,0.00150415,0.00150415,0.00153896,0.0,0.00153896,0.0,0.001539
table_i/n5909,table_i/U6076/Y,NOR2X1,NAND3X1/C,1,0.00296109,0.00296109,0.0028316,0.0028316,0.00296109,0.0,0.00296109,0.0,0.002961
table_i/n5910,table_i/U6077/Y,NAND3X1,OAI21X1/C,1,0.00200991,0.00200991,0.0019239,0.0019239,0.00200991,0.0,0.00200991,0.0,0.00201
table_i/n5911,table_i/U6079/Y,NOR2X1,NAND3X1/C,1,0.00296109,0.00296109,0.0028316,0.0028316,0.00296109,0.0,0.00296109,0.0,0.002961
table_i/n5912,table_i/U6080/Y,NAND3X1,OAI21X1/C,1,0.00200991,0.00200991,0.0019239,0.0019239,0.00200991,0.0,0.00200991,0.0,0.00201
table_i/n5913,table_i/U6082/Y,NAND3X1,OAI21X1/C,1,0.00200991,0.00200991,0.0019239,0.0019239,0.00200991,0.0,0.00200991,0.0,0.00201
table_i/n5916,table_i/U6084/Y,NAND3X1,BUFX2/A,1,0.00153896,0.00153896,0.00150415,0.00150415,0.00153896,0.0,0.00153896,0.0,0.001539
table_i/n5917,table_i/U6086/Y,NAND3X1,OAI21X1/C,1,0.00200991,0.00200991,0.0019239,0.0019239,0.00200991,0.0,0.00200991,0.0,0.00201
table_i/n5920,table_i/U6088/Y,NAND3X1,BUFX2/A,1,0.00153896,0.00153896,0.00150415,0.00150415,0.00153896,0.0,0.00153896,0.0,0.001539
table_i/n5925,table_i/U6091/Y,NAND3X1,BUFX2/A,1,0.00153896,0.00153896,0.00150415,0.00150415,0.00153896,0.0,0.00153896,0.0,0.001539
table_i/n5927,table_i/U6093/Y,NOR2X1,NAND3X1/C,1,0.00296109,0.00296109,0.0028316,0.0028316,0.00296109,0.0,0.00296109,0.0,0.002961
table_i/n5928,table_i/U6094/Y,NAND3X1,OAI21X1/C,1,0.00200991,0.00200991,0.0019239,0.0019239,0.00200991,0.0,0.00200991,0.0,0.00201
table_i/n5929,table_i/U6096/Y,NOR2X1,NAND3X1/C,1,0.00296109,0.00296109,0.0028316,0.0028316,0.00296109,0.0,0.00296109,0.0,0.002961
table_i/n5930,table_i/U6097/Y,NAND3X1,OAI21X1/C,1,0.00200991,0.00200991,0.0019239,0.0019239,0.00200991,0.0,0.00200991,0.0,0.00201
table_i/n5931,table_i/U6099/Y,NOR2X1,NAND3X1/C,1,0.00296109,0.00296109,0.0028316,0.0028316,0.00296109,0.0,0.00296109,0.0,0.002961
table_i/n5932,table_i/U6100/Y,NAND3X1,OAI21X1/C,1,0.00200991,0.00200991,0.0019239,0.0019239,0.00200991,0.0,0.00200991,0.0,0.00201
table_i/n5934,table_i/U6102/Y,NAND3X1,BUFX2/A,1,0.00153896,0.00153896,0.00150415,0.00150415,0.00153896,0.0,0.00153896,0.0,0.001539
table_i/n5936,table_i/U6104/Y,NAND3X1,BUFX2/A,1,0.00153896,0.00153896,0.00150415,0.00150415,0.00153896,0.0,0.00153896,0.0,0.001539
table_i/n5938,table_i/U6106/Y,NAND3X1,BUFX2/A,1,0.00153896,0.00153896,0.00150415,0.00150415,0.00153896,0.0,0.00153896,0.0,0.001539
table_i/n5940,table_i/U6108/Y,NAND3X1,BUFX2/A,1,0.00153896,0.00153896,0.00150415,0.00150415,0.00153896,0.0,0.00153896,0.0,0.001539
table_i/n5942,table_i/U6110/Y,NAND3X1,BUFX2/A,1,0.00153896,0.00153896,0.00150415,0.00150415,0.00153896,0.0,0.00153896,0.0,0.001539
table_i/n5946,table_i/U6112/Y,NAND3X1,BUFX2/A,1,0.00153896,0.00153896,0.00150415,0.00150415,0.00153896,0.0,0.00153896,0.0,0.001539
table_i/n5948,table_i/U6114/Y,NOR2X1,NAND3X1/C,1,0.00296109,0.00296109,0.0028316,0.0028316,0.00296109,0.0,0.00296109,0.0,0.002961
table_i/n5949,table_i/U6115/Y,NAND3X1,OAI21X1/C,1,0.00200991,0.00200991,0.0019239,0.0019239,0.00200991,0.0,0.00200991,0.0,0.00201
table_i/n5951,table_i/U6117/Y,NOR2X1,NAND3X1/C,1,0.00296109,0.00296109,0.0028316,0.0028316,0.00296109,0.0,0.00296109,0.0,0.002961
table_i/n5952,table_i/U6118/Y,NAND3X1,OAI21X1/C,1,0.00200991,0.00200991,0.0019239,0.0019239,0.00200991,0.0,0.00200991,0.0,0.00201
table_i/n5953,table_i/U6120/Y,NAND3X1,OAI21X1/C,1,0.00200991,0.00200991,0.0019239,0.0019239,0.00200991,0.0,0.00200991,0.0,0.00201
table_i/n5956,table_i/U6122/Y,NAND3X1,BUFX2/A,1,0.00153896,0.00153896,0.00150415,0.00150415,0.00153896,0.0,0.00153896,0.0,0.001539
table_i/n5957,table_i/U6124/Y,NAND3X1,OAI21X1/C,1,0.00200991,0.00200991,0.0019239,0.0019239,0.00200991,0.0,0.00200991,0.0,0.00201
table_i/n5958,table_i/U6126/Y,NAND3X1,BUFX2/A,1,0.00153896,0.00153896,0.00150415,0.00150415,0.00153896,0.0,0.00153896,0.0,0.001539
table_i/n5962,table_i/U6129/Y,NOR2X1,NAND3X1/C,1,0.00296109,0.00296109,0.0028316,0.0028316,0.00296109,0.0,0.00296109,0.0,0.002961
table_i/n5963,table_i/U6130/Y,NAND3X1,OAI21X1/C,1,0.00200991,0.00200991,0.0019239,0.0019239,0.00200991,0.0,0.00200991,0.0,0.00201
table_i/n5966,table_i/U6132/Y,NOR2X1,NAND3X1/C,1,0.00296109,0.00296109,0.0028316,0.0028316,0.00296109,0.0,0.00296109,0.0,0.002961
table_i/n5967,table_i/U6133/Y,NAND3X1,OAI21X1/C,1,0.00200991,0.00200991,0.0019239,0.0019239,0.00200991,0.0,0.00200991,0.0,0.00201
table_i/n5970,table_i/U6135/Y,NAND3X1,BUFX2/A,1,0.00153896,0.00153896,0.00150415,0.00150415,0.00153896,0.0,0.00153896,0.0,0.001539
table_i/n5973,table_i/U6137/Y,NAND3X1,BUFX2/A,1,0.00153896,0.00153896,0.00150415,0.00150415,0.00153896,0.0,0.00153896,0.0,0.001539
table_i/n5976,table_i/U6139/Y,NAND3X1,BUFX2/A,1,0.00153896,0.00153896,0.00150415,0.00150415,0.00153896,0.0,0.00153896,0.0,0.001539
table_i/n5979,table_i/U6141/Y,NAND3X1,BUFX2/A,1,0.00153896,0.00153896,0.00150415,0.00150415,0.00153896,0.0,0.00153896,0.0,0.001539
table_i/n5982,table_i/U6143/Y,NAND3X1,BUFX2/A,1,0.00153896,0.00153896,0.00150415,0.00150415,0.00153896,0.0,0.00153896,0.0,0.001539
table_i/n5984,table_i/U6145/Y,NAND3X1,BUFX2/A,1,0.00153896,0.00153896,0.00150415,0.00150415,0.00153896,0.0,0.00153896,0.0,0.001539
table_i/n5986,table_i/U6147/Y,NAND3X1,OAI21X1/C,1,0.00200991,0.00200991,0.0019239,0.0019239,0.00200991,0.0,0.00200991,0.0,0.00201
table_i/n5987,table_i/U6149/Y,NAND3X1,MUX2X1/B,1,0.00274447,0.00274447,0.00256937,0.00256937,0.00274447,0.0,0.00274447,0.0,0.002744
table_i/n5988,table_i/U6151/Y,NAND3X1,MUX2X1/B,1,0.00274447,0.00274447,0.00256937,0.00256937,0.00274447,0.0,0.00274447,0.0,0.002744
table_i/n5989,table_i/U6153/Y,NAND3X1,MUX2X1/B,1,0.00274447,0.00274447,0.00256937,0.00256937,0.00274447,0.0,0.00274447,0.0,0.002744
table_i/n5990,table_i/U6155/Y,NAND3X1,MUX2X1/B,1,0.00274447,0.00274447,0.00256937,0.00256937,0.00274447,0.0,0.00274447,0.0,0.002744
table_i/n5991,table_i/U6157/Y,NAND3X1,MUX2X1/B,1,0.00274447,0.00274447,0.00256937,0.00256937,0.00274447,0.0,0.00274447,0.0,0.002744
table_i/n5992,table_i/U6159/Y,NAND3X1,MUX2X1/B,1,0.00274447,0.00274447,0.00256937,0.00256937,0.00274447,0.0,0.00274447,0.0,0.002744
table_i/n5993,table_i/U6161/Y,NAND3X1,MUX2X1/B,1,0.00274447,0.00274447,0.00256937,0.00256937,0.00274447,0.0,0.00274447,0.0,0.002744
table_i/n5997,table_i/U6163/Y,NOR2X1,NAND3X1/C,1,0.00296109,0.00296109,0.0028316,0.0028316,0.00296109,0.0,0.00296109,0.0,0.002961
table_i/n5998,table_i/U6164/Y,NAND3X1,OAI21X1/C,1,0.00200991,0.00200991,0.0019239,0.0019239,0.00200991,0.0,0.00200991,0.0,0.00201
table_i/n6001,table_i/U6166/Y,NOR2X1,NAND3X1/C,1,0.00296109,0.00296109,0.0028316,0.0028316,0.00296109,0.0,0.00296109,0.0,0.002961
table_i/n6002,table_i/U6167/Y,NAND3X1,OAI21X1/C,1,0.00200991,0.00200991,0.0019239,0.0019239,0.00200991,0.0,0.00200991,0.0,0.00201
table_i/n6005,table_i/U6170/Y,NOR2X1,NAND3X1/C,1,0.00296109,0.00296109,0.0028316,0.0028316,0.00296109,0.0,0.00296109,0.0,0.002961
table_i/n6006,table_i/U6171/Y,NAND3X1,OAI21X1/C,1,0.00200991,0.00200991,0.0019239,0.0019239,0.00200991,0.0,0.00200991,0.0,0.00201
table_i/n6007,table_i/U6173/Y,NAND2X1,OAI21X1/C,1,0.00200991,0.00200991,0.0019239,0.0019239,0.00200991,0.0,0.00200991,0.0,0.00201
table_i/n6011,table_i/U6177/Y,NAND3X1,MUX2X1/B,1,0.00274447,0.00274447,0.00256937,0.00256937,0.00274447,0.0,0.00274447,0.0,0.002744
table_i/n6012,table_i/U6179/Y,NAND3X1,OAI21X1/C,1,0.00200991,0.00200991,0.0019239,0.0019239,0.00200991,0.0,0.00200991,0.0,0.00201
table_i/n6013,table_i/U6181/Y,NAND3X1,MUX2X1/B,1,0.00274447,0.00274447,0.00256937,0.00256937,0.00274447,0.0,0.00274447,0.0,0.002744
table_i/n6014,table_i/U6183/Y,NAND3X1,MUX2X1/B,1,0.00274447,0.00274447,0.00256937,0.00256937,0.00274447,0.0,0.00274447,0.0,0.002744
table_i/n6015,table_i/U6185/Y,NAND3X1,MUX2X1/B,1,0.00274447,0.00274447,0.00256937,0.00256937,0.00274447,0.0,0.00274447,0.0,0.002744
table_i/n6016,table_i/U6187/Y,NAND3X1,BUFX2/A,1,0.00153896,0.00153896,0.00150415,0.00150415,0.00153896,0.0,0.00153896,0.0,0.001539
table_i/n6017,table_i/U6189/Y,NAND3X1,MUX2X1/B,1,0.00274447,0.00274447,0.00256937,0.00256937,0.00274447,0.0,0.00274447,0.0,0.002744
table_i/n6018,table_i/U6191/Y,NAND3X1,MUX2X1/B,1,0.00274447,0.00274447,0.00256937,0.00256937,0.00274447,0.0,0.00274447,0.0,0.002744
table_i/n6019,table_i/U6193/Y,NAND3X1,OAI21X1/C,1,0.00200991,0.00200991,0.0019239,0.0019239,0.00200991,0.0,0.00200991,0.0,0.00201
table_i/n6022,table_i/U6195/Y,NAND2X1,OAI21X1/C,1,0.00200991,0.00200991,0.0019239,0.0019239,0.00200991,0.0,0.00200991,0.0,0.00201
table_i/n6025,table_i/U6197/Y,NAND3X1,BUFX2/A,1,0.00153896,0.00153896,0.00150415,0.00150415,0.00153896,0.0,0.00153896,0.0,0.001539
table_i/n6028,table_i/U6200/Y,NAND3X1,BUFX2/A,1,0.00153896,0.00153896,0.00150415,0.00150415,0.00153896,0.0,0.00153896,0.0,0.001539
table_i/n6032,table_i/U6204/Y,NAND3X1,MUX2X1/B,1,0.00274447,0.00274447,0.00256937,0.00256937,0.00274447,0.0,0.00274447,0.0,0.002744
table_i/n6033,table_i/U6206/Y,NAND3X1,MUX2X1/B,1,0.00274447,0.00274447,0.00256937,0.00256937,0.00274447,0.0,0.00274447,0.0,0.002744
table_i/n6034,table_i/U6208/Y,NAND3X1,OAI21X1/C,1,0.00200991,0.00200991,0.0019239,0.0019239,0.00200991,0.0,0.00200991,0.0,0.00201
table_i/n6035,table_i/U6210/Y,NAND3X1,BUFX2/A,1,0.00153896,0.00153896,0.00150415,0.00150415,0.00153896,0.0,0.00153896,0.0,0.001539
table_i/n6036,table_i/U6212/Y,NAND3X1,MUX2X1/B,1,0.00274447,0.00274447,0.00256937,0.00256937,0.00274447,0.0,0.00274447,0.0,0.002744
table_i/n6037,table_i/U6214/Y,NAND3X1,BUFX2/A,1,0.00153896,0.00153896,0.00150415,0.00150415,0.00153896,0.0,0.00153896,0.0,0.001539
table_i/n6038,table_i/U6216/Y,NAND3X1,MUX2X1/B,1,0.00274447,0.00274447,0.00256937,0.00256937,0.00274447,0.0,0.00274447,0.0,0.002744
table_i/n6039,table_i/U6218/Y,NAND3X1,MUX2X1/B,1,0.00274447,0.00274447,0.00256937,0.00256937,0.00274447,0.0,0.00274447,0.0,0.002744
table_i/n6040,table_i/U6220/Y,NAND3X1,OAI21X1/C,1,0.00200991,0.00200991,0.0019239,0.0019239,0.00200991,0.0,0.00200991,0.0,0.00201
table_i/n6042,table_i/U6222/Y,NAND2X1,OAI21X1/C,1,0.00200991,0.00200991,0.0019239,0.0019239,0.00200991,0.0,0.00200991,0.0,0.00201
table_i/n6047,table_i/U6224/Y,NAND3X1,BUFX2/A,1,0.00153896,0.00153896,0.00150415,0.00150415,0.00153896,0.0,0.00153896,0.0,0.001539
table_i/n6051,table_i/U6227/Y,NAND2X1,OAI21X1/C,1,0.00200991,0.00200991,0.0019239,0.0019239,0.00200991,0.0,0.00200991,0.0,0.00201
table_i/n6054,table_i/U6229/Y,NAND3X1,BUFX2/A,1,0.00153896,0.00153896,0.00150415,0.00150415,0.00153896,0.0,0.00153896,0.0,0.001539
table_i/n6059,table_i/U6232/Y,NAND3X1,BUFX2/A,1,0.00153896,0.00153896,0.00150415,0.00150415,0.00153896,0.0,0.00153896,0.0,0.001539
table_i/n6060,table_i/U6234/Y,NAND3X1,BUFX2/A,1,0.00153896,0.00153896,0.00150415,0.00150415,0.00153896,0.0,0.00153896,0.0,0.001539
table_i/n6061,table_i/U6236/Y,NAND3X1,BUFX2/A,1,0.00153896,0.00153896,0.00150415,0.00150415,0.00153896,0.0,0.00153896,0.0,0.001539
table_i/n6062,table_i/U6238/Y,NAND3X1,OAI21X1/C,1,0.00200991,0.00200991,0.0019239,0.0019239,0.00200991,0.0,0.00200991,0.0,0.00201
table_i/n6063,table_i/U6240/Y,NAND3X1,BUFX2/A,1,0.00153896,0.00153896,0.00150415,0.00150415,0.00153896,0.0,0.00153896,0.0,0.001539
table_i/n6064,table_i/U6242/Y,NAND3X1,BUFX2/A,1,0.00153896,0.00153896,0.00150415,0.00150415,0.00153896,0.0,0.00153896,0.0,0.001539
table_i/n6065,table_i/U6244/Y,NAND3X1,BUFX2/A,1,0.00153896,0.00153896,0.00150415,0.00150415,0.00153896,0.0,0.00153896,0.0,0.001539
table_i/n6066,table_i/U6246/Y,NAND3X1,BUFX2/A,1,0.00153896,0.00153896,0.00150415,0.00150415,0.00153896,0.0,0.00153896,0.0,0.001539
table_i/n6068,table_i/U6248/Y,NAND2X1,OAI21X1/C,1,0.00200991,0.00200991,0.0019239,0.0019239,0.00200991,0.0,0.00200991,0.0,0.00201
table_i/n6069,table_i/U6250/Y,NAND3X1,OAI21X1/C,1,0.00200991,0.00200991,0.0019239,0.0019239,0.00200991,0.0,0.00200991,0.0,0.00201
table_i/n6070,table_i/U6252/Y,NAND3X1,OAI21X1/C,1,0.00200991,0.00200991,0.0019239,0.0019239,0.00200991,0.0,0.00200991,0.0,0.00201
table_i/n6072,table_i/U6254/Y,NAND2X1,OAI21X1/C,1,0.00200991,0.00200991,0.0019239,0.0019239,0.00200991,0.0,0.00200991,0.0,0.00201
table_i/n6075,table_i/U6258/Y,NOR2X1,NAND3X1/C,1,0.00296109,0.00296109,0.0028316,0.0028316,0.00296109,0.0,0.00296109,0.0,0.002961
table_i/n6076,table_i/U6259/Y,NAND3X1,OAI21X1/C,1,0.00200991,0.00200991,0.0019239,0.0019239,0.00200991,0.0,0.00200991,0.0,0.00201
table_i/n6078,table_i/U6261/Y,NAND3X1,MUX2X1/B,1,0.00274447,0.00274447,0.00256937,0.00256937,0.00274447,0.0,0.00274447,0.0,0.002744
table_i/n6079,table_i/U6263/Y,NAND3X1,MUX2X1/B,1,0.00274447,0.00274447,0.00256937,0.00256937,0.00274447,0.0,0.00274447,0.0,0.002744
table_i/n6080,table_i/U6265/Y,NAND3X1,MUX2X1/B,1,0.00274447,0.00274447,0.00256937,0.00256937,0.00274447,0.0,0.00274447,0.0,0.002744
table_i/n6081,table_i/U6267/Y,NAND3X1,BUFX2/A,1,0.00153896,0.00153896,0.00150415,0.00150415,0.00153896,0.0,0.00153896,0.0,0.001539
table_i/n6082,table_i/U6269/Y,NAND3X1,OAI21X1/C,1,0.00200991,0.00200991,0.0019239,0.0019239,0.00200991,0.0,0.00200991,0.0,0.00201
table_i/n6083,table_i/U6271/Y,NAND3X1,BUFX2/A,1,0.00153896,0.00153896,0.00150415,0.00150415,0.00153896,0.0,0.00153896,0.0,0.001539
table_i/n6084,table_i/U6273/Y,NAND3X1,MUX2X1/B,1,0.00274447,0.00274447,0.00256937,0.00256937,0.00274447,0.0,0.00274447,0.0,0.002744
table_i/n6085,table_i/U6275/Y,NAND3X1,MUX2X1/B,1,0.00274447,0.00274447,0.00256937,0.00256937,0.00274447,0.0,0.00274447,0.0,0.002744
table_i/n6086,table_i/U6277/Y,NAND3X1,OAI21X1/C,1,0.00200991,0.00200991,0.0019239,0.0019239,0.00200991,0.0,0.00200991,0.0,0.00201
table_i/n6088,table_i/U6279/Y,NAND2X1,OAI21X1/C,1,0.00200991,0.00200991,0.0019239,0.0019239,0.00200991,0.0,0.00200991,0.0,0.00201
table_i/n6096,table_i/U6283/Y,NAND3X1,BUFX2/A,1,0.00153896,0.00153896,0.00150415,0.00150415,0.00153896,0.0,0.00153896,0.0,0.001539
table_i/n6098,table_i/U6285/Y,NOR2X1,NAND3X1/C,1,0.00296109,0.00296109,0.0028316,0.0028316,0.00296109,0.0,0.00296109,0.0,0.002961
table_i/n6099,table_i/U6286/Y,NAND3X1,OAI21X1/C,1,0.00200991,0.00200991,0.0019239,0.0019239,0.00200991,0.0,0.00200991,0.0,0.00201
table_i/n6102,table_i/U6289/Y,NAND3X1,MUX2X1/B,1,0.00274447,0.00274447,0.00256937,0.00256937,0.00274447,0.0,0.00274447,0.0,0.002744
table_i/n6103,table_i/U6291/Y,NAND3X1,MUX2X1/B,1,0.00274447,0.00274447,0.00256937,0.00256937,0.00274447,0.0,0.00274447,0.0,0.002744
table_i/n6104,table_i/U6293/Y,NAND3X1,MUX2X1/B,1,0.00274447,0.00274447,0.00256937,0.00256937,0.00274447,0.0,0.00274447,0.0,0.002744
table_i/n6105,table_i/U6295/Y,NAND3X1,MUX2X1/B,1,0.00274447,0.00274447,0.00256937,0.00256937,0.00274447,0.0,0.00274447,0.0,0.002744
table_i/n6106,table_i/U6297/Y,NAND3X1,MUX2X1/B,1,0.00274447,0.00274447,0.00256937,0.00256937,0.00274447,0.0,0.00274447,0.0,0.002744
table_i/n6107,table_i/U6299/Y,NAND3X1,OAI21X1/C,1,0.00200991,0.00200991,0.0019239,0.0019239,0.00200991,0.0,0.00200991,0.0,0.00201
table_i/n6108,table_i/U6301/Y,NAND3X1,MUX2X1/B,1,0.00274447,0.00274447,0.00256937,0.00256937,0.00274447,0.0,0.00274447,0.0,0.002744
table_i/n6109,table_i/U6303/Y,NAND3X1,MUX2X1/B,1,0.00274447,0.00274447,0.00256937,0.00256937,0.00274447,0.0,0.00274447,0.0,0.002744
table_i/n6111,table_i/U6305/Y,NAND2X1,OAI21X1/C,1,0.00200991,0.00200991,0.0019239,0.0019239,0.00200991,0.0,0.00200991,0.0,0.00201
table_i/n6112,table_i/U6307/Y,NAND3X1,OAI21X1/C,1,0.00200991,0.00200991,0.0019239,0.0019239,0.00200991,0.0,0.00200991,0.0,0.00201
table_i/n6117,table_i/U6311/Y,NAND3X1,OAI21X1/C,1,0.00200991,0.00200991,0.0019239,0.0019239,0.00200991,0.0,0.00200991,0.0,0.00201
table_i/n6120,table_i/U6314/Y,NOR2X1,NAND3X1/C,1,0.00296109,0.00296109,0.0028316,0.0028316,0.00296109,0.0,0.00296109,0.0,0.002961
table_i/n6121,table_i/U6315/Y,NAND3X1,OAI21X1/C,1,0.00200991,0.00200991,0.0019239,0.0019239,0.00200991,0.0,0.00200991,0.0,0.00201
table_i/n6123,table_i/U6317/Y,NAND3X1,BUFX2/A,1,0.00153896,0.00153896,0.00150415,0.00150415,0.00153896,0.0,0.00153896,0.0,0.001539
table_i/n6124,table_i/U6319/Y,NAND3X1,BUFX2/A,1,0.00153896,0.00153896,0.00150415,0.00150415,0.00153896,0.0,0.00153896,0.0,0.001539
table_i/n6125,table_i/U6321/Y,NAND3X1,BUFX2/A,1,0.00153896,0.00153896,0.00150415,0.00150415,0.00153896,0.0,0.00153896,0.0,0.001539
table_i/n6126,table_i/U6323/Y,NAND3X1,BUFX2/A,1,0.00153896,0.00153896,0.00150415,0.00150415,0.00153896,0.0,0.00153896,0.0,0.001539
table_i/n6127,table_i/U6325/Y,NAND3X1,BUFX2/A,1,0.00153896,0.00153896,0.00150415,0.00150415,0.00153896,0.0,0.00153896,0.0,0.001539
table_i/n6128,table_i/U6327/Y,NAND3X1,MUX2X1/B,1,0.00274447,0.00274447,0.00256937,0.00256937,0.00274447,0.0,0.00274447,0.0,0.002744
table_i/n6129,table_i/U6329/Y,NAND3X1,OAI21X1/C,1,0.00200991,0.00200991,0.0019239,0.0019239,0.00200991,0.0,0.00200991,0.0,0.00201
table_i/n6130,table_i/U6331/Y,NAND3X1,BUFX2/A,1,0.00153896,0.00153896,0.00150415,0.00150415,0.00153896,0.0,0.00153896,0.0,0.001539
table_i/n6132,table_i/U6333/Y,NAND2X1,OAI21X1/C,1,0.00200991,0.00200991,0.0019239,0.0019239,0.00200991,0.0,0.00200991,0.0,0.00201
table_i/n6134,table_i/U6335/Y,NAND2X1,OAI21X1/C,1,0.00200991,0.00200991,0.0019239,0.0019239,0.00200991,0.0,0.00200991,0.0,0.00201
table_i/n6135,table_i/U6337/Y,NAND3X1,OAI21X1/C,1,0.00200991,0.00200991,0.0019239,0.0019239,0.00200991,0.0,0.00200991,0.0,0.00201
table_i/n6138,table_i/U6340/Y,NAND3X1,OAI21X1/C,1,0.00200991,0.00200991,0.0019239,0.0019239,0.00200991,0.0,0.00200991,0.0,0.00201
table_i/n6143,table_i/U6343/Y,NOR2X1,NAND3X1/C,1,0.00296109,0.00296109,0.0028316,0.0028316,0.00296109,0.0,0.00296109,0.0,0.002961
table_i/n6144,table_i/U6344/Y,NAND3X1,OAI21X1/C,1,0.00200991,0.00200991,0.0019239,0.0019239,0.00200991,0.0,0.00200991,0.0,0.00201
table_i/n6147,table_i/U6346/Y,NAND3X1,BUFX2/A,1,0.00153896,0.00153896,0.00150415,0.00150415,0.00153896,0.0,0.00153896,0.0,0.001539
table_i/n6148,table_i/U6348/Y,NAND3X1,BUFX2/A,1,0.00153896,0.00153896,0.00150415,0.00150415,0.00153896,0.0,0.00153896,0.0,0.001539
table_i/n6150,table_i/U6350/Y,NAND3X1,BUFX2/A,1,0.00153896,0.00153896,0.00150415,0.00150415,0.00153896,0.0,0.00153896,0.0,0.001539
table_i/n6151,table_i/U6352/Y,NAND3X1,BUFX2/A,1,0.00153896,0.00153896,0.00150415,0.00150415,0.00153896,0.0,0.00153896,0.0,0.001539
table_i/n6153,table_i/U6354/Y,NAND3X1,BUFX2/A,1,0.00153896,0.00153896,0.00150415,0.00150415,0.00153896,0.0,0.00153896,0.0,0.001539
table_i/n6155,table_i/U6356/Y,NAND3X1,MUX2X1/B,1,0.00274447,0.00274447,0.00256937,0.00256937,0.00274447,0.0,0.00274447,0.0,0.002744
table_i/n6156,table_i/U6358/Y,NAND3X1,BUFX2/A,1,0.00153896,0.00153896,0.00150415,0.00150415,0.00153896,0.0,0.00153896,0.0,0.001539
table_i/n6157,table_i/U6360/Y,NAND3X1,OAI21X1/C,1,0.00200991,0.00200991,0.0019239,0.0019239,0.00200991,0.0,0.00200991,0.0,0.00201
table_i/n6159,table_i/U6362/Y,NAND2X1,OAI21X1/C,1,0.00200991,0.00200991,0.0019239,0.0019239,0.00200991,0.0,0.00200991,0.0,0.00201
table_i/n6161,table_i/U6364/Y,NAND2X1,OAI21X1/C,1,0.00200991,0.00200991,0.0019239,0.0019239,0.00200991,0.0,0.00200991,0.0,0.00201
table_i/n6164,table_i/U6367/Y,NAND3X1,OAI21X1/C,1,0.00200991,0.00200991,0.0019239,0.0019239,0.00200991,0.0,0.00200991,0.0,0.00201
table_i/n6167,table_i/U6370/Y,NAND3X1,OAI21X1/C,1,0.00200991,0.00200991,0.0019239,0.0019239,0.00200991,0.0,0.00200991,0.0,0.00201
table_i/n6168,table_i/U6372/Y,NAND3X1,OAI21X1/C,1,0.00200991,0.00200991,0.0019239,0.0019239,0.00200991,0.0,0.00200991,0.0,0.00201
table_i/n6612,table_i/U4560/Y,AOI21X1,BUFX2/A,1,0.00153896,0.00153896,0.00150415,0.00150415,0.00153896,0.0,0.00153896,0.0,0.001539
table_i/n664,table_i/U1710/Y,AOI21X1,BUFX2/A,1,0.00153896,0.00153896,0.00150415,0.00150415,0.00153896,0.0,0.00153896,0.0,0.001539
table_i/n700,table_i/U1713/Y,AOI21X1,AND2X2/B;OAI21X1/B,2,0.0047017,0.0047017,0.00445259,0.00445259,0.0047017,0.0,0.0047017,0.0,0.004702
table_i/n736,table_i/U1716/Y,AOI21X1,AND2X2/B;OAI21X1/B,2,0.0047017,0.0047017,0.00445259,0.00445259,0.0047017,0.0,0.0047017,0.0,0.004702
table_i/n772,table_i/U1719/Y,AOI21X1,AND2X2/B;OAI21X1/B,2,0.0047017,0.0047017,0.00445259,0.00445259,0.0047017,0.0,0.0047017,0.0,0.004702
table_i/n808,table_i/U1722/Y,AOI21X1,BUFX2/A,1,0.00153896,0.00153896,0.00150415,0.00150415,0.00153896,0.0,0.00153896,0.0,0.001539
table_i/n844,table_i/U1725/Y,AOI21X1,BUFX2/A,1,0.00153896,0.00153896,0.00150415,0.00150415,0.00153896,0.0,0.00153896,0.0,0.001539
table_i/n880,table_i/U1729/Y,AOI21X1,BUFX2/A,1,0.00153896,0.00153896,0.00150415,0.00150415,0.00153896,0.0,0.00153896,0.0,0.001539
table_i/n916,table_i/U1732/Y,AOI21X1,AND2X2/B;OAI21X1/B,2,0.0047017,0.0047017,0.00445259,0.00445259,0.0047017,0.0,0.0047017,0.0,0.004702
table_i/n918,table_i/U1686/Y,AOI21X1,BUFX2/A,1,0.00153896,0.00153896,0.00150415,0.00150415,0.00153896,0.0,0.00153896,0.0,0.001539
table_i/n919,table_i/U1685/Y,NAND3X1,OAI21X1/C,1,0.00200991,0.00200991,0.0019239,0.0019239,0.00200991,0.0,0.00200991,0.0,0.00201
table_i/n920,table_i/U4547/Y,NAND3X1,INVX1/A,1,0.00155103,0.00155103,0.00147616,0.00147616,0.00155103,0.0,0.00155103,0.0,0.001551
table_i/n923,table_i/U1689/Y,AOI21X1,AND2X2/B;OAI21X1/B,2,0.0047017,0.0047017,0.00445259,0.00445259,0.0047017,0.0,0.0047017,0.0,0.004702
table_i/n924,table_i/U1688/Y,NAND3X1,OAI21X1/C,1,0.00200991,0.00200991,0.0019239,0.0019239,0.00200991,0.0,0.00200991,0.0,0.00201
table_i/n925,table_i/U4458/Y,NAND3X1,BUFX2/A,1,0.00153896,0.00153896,0.00150415,0.00150415,0.00153896,0.0,0.00153896,0.0,0.001539
table_i/n928,table_i/U1692/Y,AOI21X1,AND2X2/B;OAI21X1/B,2,0.0047017,0.0047017,0.00445259,0.00445259,0.0047017,0.0,0.0047017,0.0,0.004702
table_i/n929,table_i/U1691/Y,NAND3X1,OAI21X1/C,1,0.00200991,0.00200991,0.0019239,0.0019239,0.00200991,0.0,0.00200991,0.0,0.00201
table_i/n930,table_i/U4463/Y,NAND3X1,BUFX2/A;BUFX2/A,2,0.00307792,0.00307792,0.0030083,0.0030083,0.00307792,0.0,0.00307792,0.0,0.003078
table_i/n932,table_i/U1695/Y,AOI21X1,AND2X2/B;OAI21X1/B,2,0.0047017,0.0047017,0.00445259,0.00445259,0.0047017,0.0,0.0047017,0.0,0.004702
table_i/n933,table_i/U1694/Y,NAND3X1,OAI21X1/C,1,0.00200991,0.00200991,0.0019239,0.0019239,0.00200991,0.0,0.00200991,0.0,0.00201
table_i/n934,table_i/U4469/Y,NAND3X1,BUFX2/A,1,0.00153896,0.00153896,0.00150415,0.00150415,0.00153896,0.0,0.00153896,0.0,0.001539
table_i/n935,table_i/U1698/Y,AOI21X1,BUFX2/A,1,0.00153896,0.00153896,0.00150415,0.00150415,0.00153896,0.0,0.00153896,0.0,0.001539
table_i/n936,table_i/U1697/Y,NAND3X1,OAI21X1/C,1,0.00200991,0.00200991,0.0019239,0.0019239,0.00200991,0.0,0.00200991,0.0,0.00201
table_i/n937,table_i/U4475/Y,NAND3X1,BUFX2/A,1,0.00153896,0.00153896,0.00150415,0.00150415,0.00153896,0.0,0.00153896,0.0,0.001539
table_i/n939,table_i/U1701/Y,AOI21X1,BUFX2/A,1,0.00153896,0.00153896,0.00150415,0.00150415,0.00153896,0.0,0.00153896,0.0,0.001539
table_i/n940,table_i/U1700/Y,NAND3X1,OAI21X1/C,1,0.00200991,0.00200991,0.0019239,0.0019239,0.00200991,0.0,0.00200991,0.0,0.00201
table_i/n941,table_i/U4481/Y,NAND3X1,BUFX2/A,1,0.00153896,0.00153896,0.00150415,0.00150415,0.00153896,0.0,0.00153896,0.0,0.001539
table_i/n942,table_i/U1704/Y,AOI21X1,BUFX2/A,1,0.00153896,0.00153896,0.00150415,0.00150415,0.00153896,0.0,0.00153896,0.0,0.001539
table_i/n943,table_i/U1703/Y,NAND3X1,OAI21X1/C,1,0.00200991,0.00200991,0.0019239,0.0019239,0.00200991,0.0,0.00200991,0.0,0.00201
table_i/n944,table_i/U4487/Y,NAND3X1,BUFX2/A,1,0.00153896,0.00153896,0.00150415,0.00150415,0.00153896,0.0,0.00153896,0.0,0.001539
table_i/n947,table_i/U1707/Y,AOI21X1,AND2X2/B;OAI21X1/B,2,0.0047017,0.0047017,0.00445259,0.00445259,0.0047017,0.0,0.0047017,0.0,0.004702
table_i/n948,table_i/U1706/Y,NAND3X1,OAI21X1/C,1,0.00200991,0.00200991,0.0019239,0.0019239,0.00200991,0.0,0.00200991,0.0,0.00201
table_i/n949,table_i/U4493/Y,NAND3X1,BUFX2/A,1,0.00153896,0.00153896,0.00150415,0.00150415,0.00153896,0.0,0.00153896,0.0,0.001539
table_i/n953,table_i/U1712/Y,NAND2X1,OAI21X1/C,1,0.00200991,0.00200991,0.0019239,0.0019239,0.00200991,0.0,0.00200991,0.0,0.00201
table_i/n955,table_i/U1715/Y,NAND2X1,OAI21X1/C,1,0.00200991,0.00200991,0.0019239,0.0019239,0.00200991,0.0,0.00200991,0.0,0.00201
table_i/n956,table_i/U1718/Y,NAND2X1,OAI21X1/C,1,0.00200991,0.00200991,0.0019239,0.0019239,0.00200991,0.0,0.00200991,0.0,0.00201
table_i/n958,table_i/U1724/Y,NAND2X1,OAI21X1/C,1,0.00200991,0.00200991,0.0019239,0.0019239,0.00200991,0.0,0.00200991,0.0,0.00201
