net,driver_pin,reference,sink_library_pins,sink_count,nominal_pin_sum_pf,rise_pin_sum_pf,fall_pin_sum_pf,report_net_pin_min_pf,report_net_pin_max_pf,wire_capacitance_pf,report_net_total_max_pf,constraint_required_pf,constraint_actual_pf
banks_i/n105,banks_i/U118/Y,NAND3X1,NAND2X1/B,1,0.00202749,0.00202749,0.00194421,0.00194421,0.00202749,0.0,0.00202749,0.0,0.002027
banks_i/n108,banks_i/U123/Y,NAND3X1,BUFX2/A,1,0.00153896,0.00153896,0.00150415,0.00150415,0.00153896,0.0,0.00153896,0.0,0.001539
banks_i/n110,banks_i/U128/Y,NAND3X1,BUFX2/A,1,0.00153896,0.00153896,0.00150415,0.00150415,0.00153896,0.0,0.00153896,0.0,0.001539
banks_i/n111,banks_i/U131/Y,NAND3X1,BUFX2/A,1,0.00153896,0.00153896,0.00150415,0.00150415,0.00153896,0.0,0.00153896,0.0,0.001539
banks_i/n118,banks_i/U140/Y,NAND3X1,BUFX2/A,1,0.00153896,0.00153896,0.00150415,0.00150415,0.00153896,0.0,0.00153896,0.0,0.001539
banks_i/n122,banks_i/U144/Y,NAND3X1,BUFX2/A,1,0.00153896,0.00153896,0.00150415,0.00150415,0.00153896,0.0,0.00153896,0.0,0.001539
banks_i/n126,banks_i/U148/Y,NAND3X1,BUFX2/A,1,0.00153896,0.00153896,0.00150415,0.00150415,0.00153896,0.0,0.00153896,0.0,0.001539
banks_i/n127,banks_i/U150/Y,NAND3X1,BUFX2/A,1,0.00153896,0.00153896,0.00150415,0.00150415,0.00153896,0.0,0.00153896,0.0,0.001539
banks_i/n136,banks_i/U161/Y,NAND2X1,OAI21X1/C,1,0.00200991,0.00200991,0.0019239,0.0019239,0.00200991,0.0,0.00200991,0.0,0.00201
banks_i/n138,banks_i/U163/Y,NAND2X1,OAI21X1/C,1,0.00200991,0.00200991,0.0019239,0.0019239,0.00200991,0.0,0.00200991,0.0,0.00201
banks_i/n140,banks_i/U165/Y,NAND2X1,OAI21X1/C,1,0.00200991,0.00200991,0.0019239,0.0019239,0.00200991,0.0,0.00200991,0.0,0.00201
banks_i/n142,banks_i/U167/Y,NAND2X1,OAI21X1/C,1,0.00200991,0.00200991,0.0019239,0.0019239,0.00200991,0.0,0.00200991,0.0,0.00201
banks_i/n144,banks_i/U169/Y,NAND2X1,OAI21X1/C,1,0.00200991,0.00200991,0.0019239,0.0019239,0.00200991,0.0,0.00200991,0.0,0.00201
banks_i/n145,banks_i/U171/Y,NAND2X1,OAI21X1/C,1,0.00200991,0.00200991,0.0019239,0.0019239,0.00200991,0.0,0.00200991,0.0,0.00201
banks_i/n146,banks_i/U173/Y,NAND2X1,OAI21X1/C,1,0.00200991,0.00200991,0.0019239,0.0019239,0.00200991,0.0,0.00200991,0.0,0.00201
banks_i/n147,banks_i/U175/Y,NAND2X1,OAI21X1/C,1,0.00200991,0.00200991,0.0019239,0.0019239,0.00200991,0.0,0.00200991,0.0,0.00201
banks_i/n149,banks_i/U177/Y,NAND2X1,OAI21X1/C,1,0.00200991,0.00200991,0.0019239,0.0019239,0.00200991,0.0,0.00200991,0.0,0.00201
banks_i/n150,banks_i/U179/Y,NAND2X1,OAI21X1/C,1,0.00200991,0.00200991,0.0019239,0.0019239,0.00200991,0.0,0.00200991,0.0,0.00201
banks_i/n151,banks_i/U181/Y,NAND2X1,OAI21X1/C,1,0.00200991,0.00200991,0.0019239,0.0019239,0.00200991,0.0,0.00200991,0.0,0.00201
banks_i/n152,banks_i/U183/Y,NAND2X1,OAI21X1/C,1,0.00200991,0.00200991,0.0019239,0.0019239,0.00200991,0.0,0.00200991,0.0,0.00201
banks_i/n154,banks_i/U185/Y,NAND2X1,OAI21X1/C,1,0.00200991,0.00200991,0.0019239,0.0019239,0.00200991,0.0,0.00200991,0.0,0.00201
banks_i/n155,banks_i/U188/Y,NAND2X1,OAI21X1/C,1,0.00200991,0.00200991,0.0019239,0.0019239,0.00200991,0.0,0.00200991,0.0,0.00201
banks_i/n156,banks_i/U191/Y,NAND2X1,OAI21X1/C,1,0.00200991,0.00200991,0.0019239,0.0019239,0.00200991,0.0,0.00200991,0.0,0.00201
banks_i/n157,banks_i/U194/Y,NAND2X1,OAI21X1/C,1,0.00200991,0.00200991,0.0019239,0.0019239,0.00200991,0.0,0.00200991,0.0,0.00201
banks_i/n159,banks_i/U197/Y,NAND3X1,OAI21X1/C,1,0.00200991,0.00200991,0.0019239,0.0019239,0.00200991,0.0,0.00200991,0.0,0.00201
banks_i/n160,banks_i/U199/Y,NAND3X1,OAI21X1/C,1,0.00200991,0.00200991,0.0019239,0.0019239,0.00200991,0.0,0.00200991,0.0,0.00201
banks_i/n161,banks_i/U201/Y,NAND3X1,OAI21X1/C,1,0.00200991,0.00200991,0.0019239,0.0019239,0.00200991,0.0,0.00200991,0.0,0.00201
banks_i/n162,banks_i/U203/Y,NAND3X1,OAI21X1/C,1,0.00200991,0.00200991,0.0019239,0.0019239,0.00200991,0.0,0.00200991,0.0,0.00201
banks_i/n165,banks_i/U207/Y,NAND2X1,OAI21X1/C,1,0.00200991,0.00200991,0.0019239,0.0019239,0.00200991,0.0,0.00200991,0.0,0.00201
banks_i/n166,banks_i/U209/Y,NAND2X1,OAI21X1/C,1,0.00200991,0.00200991,0.0019239,0.0019239,0.00200991,0.0,0.00200991,0.0,0.00201
banks_i/n167,banks_i/U211/Y,NAND2X1,OAI21X1/C,1,0.00200991,0.00200991,0.0019239,0.0019239,0.00200991,0.0,0.00200991,0.0,0.00201
banks_i/n168,banks_i/U213/Y,NAND2X1,OAI21X1/C,1,0.00200991,0.00200991,0.0019239,0.0019239,0.00200991,0.0,0.00200991,0.0,0.00201
banks_i/n169,banks_i/U215/Y,NAND2X1,OAI21X1/C,1,0.00200991,0.00200991,0.0019239,0.0019239,0.00200991,0.0,0.00200991,0.0,0.00201
banks_i/n170,banks_i/U217/Y,NAND2X1,OAI21X1/C,1,0.00200991,0.00200991,0.0019239,0.0019239,0.00200991,0.0,0.00200991,0.0,0.00201
banks_i/n171,banks_i/U219/Y,NAND2X1,OAI21X1/C,1,0.00200991,0.00200991,0.0019239,0.0019239,0.00200991,0.0,0.00200991,0.0,0.00201
banks_i/n172,banks_i/U221/Y,NAND2X1,OAI21X1/C,1,0.00200991,0.00200991,0.0019239,0.0019239,0.00200991,0.0,0.00200991,0.0,0.00201
banks_i/n188,banks_i/U251/Y,NAND2X1,OAI21X1/C,1,0.00200991,0.00200991,0.0019239,0.0019239,0.00200991,0.0,0.00200991,0.0,0.00201
banks_i/n190,banks_i/U255/Y,NAND2X1,OAI21X1/C,1,0.00200991,0.00200991,0.0019239,0.0019239,0.00200991,0.0,0.00200991,0.0,0.00201
banks_i/n193,banks_i/U260/Y,NAND2X1,OAI21X1/C,1,0.00200991,0.00200991,0.0019239,0.0019239,0.00200991,0.0,0.00200991,0.0,0.00201
banks_i/n194,banks_i/U262/Y,NAND2X1,OAI21X1/C,1,0.00200991,0.00200991,0.0019239,0.0019239,0.00200991,0.0,0.00200991,0.0,0.00201
banks_i/n195,banks_i/U264/Y,NAND2X1,OAI21X1/C,1,0.00200991,0.00200991,0.0019239,0.0019239,0.00200991,0.0,0.00200991,0.0,0.00201
banks_i/n196,banks_i/U266/Y,NAND2X1,OAI21X1/C,1,0.00200991,0.00200991,0.0019239,0.0019239,0.00200991,0.0,0.00200991,0.0,0.00201
banks_i/n197,banks_i/U268/Y,NAND2X1,OAI21X1/C,1,0.00200991,0.00200991,0.0019239,0.0019239,0.00200991,0.0,0.00200991,0.0,0.00201
banks_i/n198,banks_i/U270/Y,NAND2X1,OAI21X1/C,1,0.00200991,0.00200991,0.0019239,0.0019239,0.00200991,0.0,0.00200991,0.0,0.00201
banks_i/n199,banks_i/U272/Y,NAND2X1,OAI21X1/C,1,0.00200991,0.00200991,0.0019239,0.0019239,0.00200991,0.0,0.00200991,0.0,0.00201
banks_i/n204,banks_i/U293/Y,NAND2X1,OAI21X1/C,1,0.00200991,0.00200991,0.0019239,0.0019239,0.00200991,0.0,0.00200991,0.0,0.00201
banks_i/n206,banks_i/U72/Y,AOI21X1,DFFPOSX1/D,1,0.00181554,0.00181554,0.00129019,0.00129019,0.00181554,0.0,0.00181554,0.0,0.001816
banks_i/n208,banks_i/U77/Y,NAND2X1,BUFX2/A,1,0.00153896,0.00153896,0.00150415,0.00150415,0.00153896,0.0,0.00153896,0.0,0.001539
banks_i/n209,banks_i/U79/Y,AOI21X1,DFFPOSX1/D,1,0.00181554,0.00181554,0.00129019,0.00129019,0.00181554,0.0,0.00181554,0.0,0.001816
banks_i/n212,banks_i/U86/Y,AOI21X1,DFFPOSX1/D,1,0.00181554,0.00181554,0.00129019,0.00129019,0.00181554,0.0,0.00181554,0.0,0.001816
banks_i/n216,banks_i/U95/Y,AOI21X1,DFFPOSX1/D,1,0.00181554,0.00181554,0.00129019,0.00129019,0.00181554,0.0,0.00181554,0.0,0.001816
banks_i/n226,banks_i/U117/Y,NAND2X1,BUFX2/A,1,0.00153896,0.00153896,0.00150415,0.00150415,0.00153896,0.0,0.00153896,0.0,0.001539
banks_i/n241,banks_i/U156/Y,NOR2X1,DFFPOSX1/D,1,0.00181554,0.00181554,0.00129019,0.00129019,0.00181554,0.0,0.00181554,0.0,0.001816
banks_i/n45,banks_i/U116/Y,AOI21X1,BUFX2/A,1,0.00153896,0.00153896,0.00150415,0.00150415,0.00153896,0.0,0.00153896,0.0,0.001539
banks_i/n46,banks_i/U71/Y,AOI21X1,NOR3X1/B,1,0.003067,0.00306333,0.003067,0.00306333,0.003067,0.0,0.003067,0.0,0.003067
banks_i/n54,banks_i/U121/Y,AOI21X1,BUFX2/A,1,0.00153896,0.00153896,0.00150415,0.00150415,0.00153896,0.0,0.00153896,0.0,0.001539
banks_i/n55,banks_i/U76/Y,AOI21X1,NOR3X1/B,1,0.003067,0.00306333,0.003067,0.00306333,0.003067,0.0,0.003067,0.0,0.003067
banks_i/n59,banks_i/U78/Y,NAND3X1,NAND2X1/B,1,0.00202749,0.00202749,0.00194421,0.00194421,0.00202749,0.0,0.00202749,0.0,0.002027
banks_i/n63,banks_i/U126/Y,AOI21X1,BUFX2/A,1,0.00153896,0.00153896,0.00150415,0.00150415,0.00153896,0.0,0.00153896,0.0,0.001539
banks_i/n64,banks_i/U83/Y,AOI21X1,NOR3X1/B,1,0.003067,0.00306333,0.003067,0.00306333,0.003067,0.0,0.003067,0.0,0.003067
banks_i/n68,banks_i/U85/Y,NAND3X1,BUFX2/A,1,0.00153896,0.00153896,0.00150415,0.00150415,0.00153896,0.0,0.00153896,0.0,0.001539
banks_i/n72,banks_i/U135/Y,AOI21X1,BUFX2/A,1,0.00153896,0.00153896,0.00150415,0.00150415,0.00153896,0.0,0.00153896,0.0,0.001539
banks_i/n73,banks_i/U90/Y,AOI21X1,NOR3X1/B,1,0.003067,0.00306333,0.003067,0.00306333,0.003067,0.0,0.003067,0.0,0.003067
banks_i/n77,banks_i/U92/Y,NAND3X1,BUFX2/A,1,0.00153896,0.00153896,0.00150415,0.00150415,0.00153896,0.0,0.00153896,0.0,0.001539
banks_i/n78,banks_i/U94/Y,NAND3X1,BUFX2/A,1,0.00153896,0.00153896,0.00150415,0.00150415,0.00153896,0.0,0.00153896,0.0,0.001539
banks_i/n82,banks_i/U99/Y,AOI21X1,NOR3X1/A,1,0.00302113,0.00302113,0.00301081,0.00301081,0.00302113,0.0,0.00302113,0.0,0.003021
banks_i/n88,banks_i/U101/Y,NAND3X1,BUFX2/A,1,0.00153896,0.00153896,0.00150415,0.00150415,0.00153896,0.0,0.00153896,0.0,0.001539
banks_i/n89,banks_i/U103/Y,AOI21X1,NOR3X1/A,1,0.00302113,0.00302113,0.00301081,0.00301081,0.00302113,0.0,0.00302113,0.0,0.003021
banks_i/n92,banks_i/U105/Y,NAND3X1,BUFX2/A,1,0.00153896,0.00153896,0.00150415,0.00150415,0.00153896,0.0,0.00153896,0.0,0.001539
banks_i/n93,banks_i/U107/Y,AOI21X1,NOR3X1/A,1,0.00302113,0.00302113,0.00301081,0.00301081,0.00302113,0.0,0.00302113,0.0,0.003021
banks_i/n96,banks_i/U109/Y,NAND3X1,BUFX2/A,1,0.00153896,0.00153896,0.00150415,0.00150415,0.00153896,0.0,0.00153896,0.0,0.001539
banks_i/n97,banks_i/U111/Y,NAND3X1,BUFX2/A,1,0.00153896,0.00153896,0.00150415,0.00150415,0.00153896,0.0,0.00153896,0.0,0.001539
banks_i/n99,banks_i/U113/Y,AOI21X1,NOR3X1/A,1,0.00302113,0.00302113,0.00301081,0.00301081,0.00302113,0.0,0.00302113,0.0,0.003021
candidate_mask[0],candidates_i/U652/Y,NAND2X1,NAND3X1/A,1,0.00254759,0.00254759,0.00220852,0.00220852,0.00254759,0.0,0.00254759,0.0,0.002548
candidate_mask[10],candidates_i/U645/Y,NAND3X1,NAND3X1/A,1,0.00254759,0.00254759,0.00220852,0.00220852,0.00254759,0.0,0.00254759,0.0,0.002548
candidate_mask[11],candidates_i/U642/Y,NAND2X1,INVX1/A,1,0.00155103,0.00155103,0.00147616,0.00147616,0.00155103,0.0,0.00155103,0.0,0.001551
candidate_mask[12],candidates_i/U635/Y,NAND3X1,NAND3X1/A,1,0.00254759,0.00254759,0.00220852,0.00220852,0.00254759,0.0,0.00254759,0.0,0.002548
candidate_mask[13],candidates_i/U632/Y,NAND2X1,NAND3X1/A,1,0.00254759,0.00254759,0.00220852,0.00220852,0.00254759,0.0,0.00254759,0.0,0.002548
candidate_mask[14],candidates_i/U627/Y,NAND3X1,NAND3X1/A,1,0.00254759,0.00254759,0.00220852,0.00220852,0.00254759,0.0,0.00254759,0.0,0.002548
candidate_mask[15],candidates_i/U626/Y,NAND3X1,INVX1/A,1,0.00155103,0.00155103,0.00147616,0.00147616,0.00155103,0.0,0.00155103,0.0,0.001551
candidate_mask[1],candidates_i/U623/Y,NAND2X1,NAND3X1/A,1,0.00254759,0.00254759,0.00220852,0.00220852,0.00254759,0.0,0.00254759,0.0,0.002548
candidate_mask[2],candidates_i/U618/Y,NAND3X1,NAND3X1/A,1,0.00254759,0.00254759,0.00220852,0.00220852,0.00254759,0.0,0.00254759,0.0,0.002548
candidate_mask[3],candidates_i/U615/Y,NAND2X1,NAND3X1/A,1,0.00254759,0.00254759,0.00220852,0.00220852,0.00254759,0.0,0.00254759,0.0,0.002548
candidate_mask[4],candidates_i/U607/Y,NAND3X1,INVX1/A,1,0.00155103,0.00155103,0.00147616,0.00147616,0.00155103,0.0,0.00155103,0.0,0.001551
candidate_mask[5],candidates_i/U604/Y,NAND2X1,INVX1/A,1,0.00155103,0.00155103,0.00147616,0.00147616,0.00155103,0.0,0.00155103,0.0,0.001551
candidate_mask[6],candidates_i/U599/Y,NAND3X1,NAND3X1/A,1,0.00254759,0.00254759,0.00220852,0.00220852,0.00254759,0.0,0.00254759,0.0,0.002548
candidate_mask[7],candidates_i/U596/Y,NAND2X1,NAND3X1/A,1,0.00254759,0.00254759,0.00220852,0.00220852,0.00254759,0.0,0.00254759,0.0,0.002548
candidate_mask[8],candidates_i/U588/Y,NAND3X1,INVX1/A,1,0.00155103,0.00155103,0.00147616,0.00147616,0.00155103,0.0,0.00155103,0.0,0.001551
candidate_mask[9],candidates_i/U585/Y,NAND2X1,NAND3X1/A,1,0.00254759,0.00254759,0.00220852,0.00220852,0.00254759,0.0,0.00254759,0.0,0.002548
candidates_i/N1295,candidates_i/U3737/Y,NAND2X1,NOR2X1/B,1,0.00236501,0.00236501,0.00229711,0.00229711,0.00236501,0.0,0.00236501,0.0,0.002365
candidates_i/N1314,candidates_i/U3301/Y,NAND2X1,NAND2X1/A,1,0.00211057,0.00211057,0.00188435,0.00188435,0.00211057,0.0,0.00211057,0.0,0.002111
candidates_i/N1316,candidates_i/U3298/Y,NAND2X1,AOI22X1/A,1,0.00281659,0.00281659,0.00265821,0.00265821,0.00281659,0.0,0.00281659,0.0,0.002817
candidates_i/N1319,candidates_i/U3295/Y,NAND2X1,AOI22X1/C,1,0.00287763,0.00287763,0.00266968,0.00266968,0.00287763,0.0,0.00287763,0.0,0.002878
candidates_i/N1368,candidates_i/U3762/Y,NAND2X1,NAND3X1/A,1,0.00254759,0.00254759,0.00220852,0.00220852,0.00254759,0.0,0.00254759,0.0,0.002548
candidates_i/N1387,candidates_i/U3316/Y,NAND2X1,NAND2X1/A,1,0.00211057,0.00211057,0.00188435,0.00188435,0.00211057,0.0,0.00211057,0.0,0.002111
candidates_i/N1389,candidates_i/U3313/Y,NAND2X1,AOI22X1/A,1,0.00281659,0.00281659,0.00265821,0.00265821,0.00281659,0.0,0.00281659,0.0,0.002817
candidates_i/N1392,candidates_i/U3310/Y,NAND2X1,AOI22X1/C,1,0.00287763,0.00287763,0.00266968,0.00266968,0.00287763,0.0,0.00287763,0.0,0.002878
candidates_i/N1442,candidates_i/U3789/Y,NAND2X1,NAND3X1/A,1,0.00254759,0.00254759,0.00220852,0.00220852,0.00254759,0.0,0.00254759,0.0,0.002548
candidates_i/N1460,candidates_i/U3331/Y,NAND2X1,NAND2X1/A,1,0.00211057,0.00211057,0.00188435,0.00188435,0.00211057,0.0,0.00211057,0.0,0.002111
candidates_i/N1462,candidates_i/U3328/Y,NAND2X1,AOI22X1/A,1,0.00281659,0.00281659,0.00265821,0.00265821,0.00281659,0.0,0.00281659,0.0,0.002817
candidates_i/N1465,candidates_i/U3325/Y,NAND2X1,AOI22X1/C,1,0.00287763,0.00287763,0.00266968,0.00266968,0.00287763,0.0,0.00287763,0.0,0.002878
candidates_i/N1514,candidates_i/U3812/Y,NAND2X1,NAND3X1/B,1,0.00283213,0.00283213,0.00259978,0.00259978,0.00283213,0.0,0.00283213,0.0,0.002832
candidates_i/N1515,candidates_i/U3815/Y,NAND2X1,NAND3X1/A,1,0.00254759,0.00254759,0.00220852,0.00220852,0.00254759,0.0,0.00254759,0.0,0.002548
candidates_i/N1533,candidates_i/U3346/Y,NAND2X1,NAND2X1/A,1,0.00211057,0.00211057,0.00188435,0.00188435,0.00211057,0.0,0.00211057,0.0,0.002111
candidates_i/N1535,candidates_i/U3343/Y,NAND2X1,AOI22X1/A,1,0.00281659,0.00281659,0.00265821,0.00265821,0.00281659,0.0,0.00281659,0.0,0.002817
candidates_i/N1538,candidates_i/U3340/Y,NAND2X1,AOI22X1/C,1,0.00287763,0.00287763,0.00266968,0.00266968,0.00287763,0.0,0.00287763,0.0,0.002878
candidates_i/N1589,candidates_i/U3842/Y,NAND2X1,NAND3X1/A,1,0.00254759,0.00254759,0.00220852,0.00220852,0.00254759,0.0,0.00254759,0.0,0.002548
candidates_i/N1606,candidates_i/U3360/Y,NAND2X1,NAND2X1/A,1,0.00211057,0.00211057,0.00188435,0.00188435,0.00211057,0.0,0.00211057,0.0,0.002111
candidates_i/N1608,candidates_i/U3357/Y,NAND2X1,AOI22X1/A,1,0.00281659,0.00281659,0.00265821,0.00265821,0.00281659,0.0,0.00281659,0.0,0.002817
candidates_i/N1611,candidates_i/U3354/Y,NAND2X1,AOI22X1/C,1,0.00287763,0.00287763,0.00266968,0.00266968,0.00287763,0.0,0.00287763,0.0,0.002878
candidates_i/N1660,candidates_i/U3863/Y,NAND2X1,NAND3X1/B,1,0.00283213,0.00283213,0.00259978,0.00259978,0.00283213,0.0,0.00283213,0.0,0.002832
candidates_i/N1662,candidates_i/U3868/Y,NAND2X1,NAND3X1/A,1,0.00254759,0.00254759,0.00220852,0.00220852,0.00254759,0.0,0.00254759,0.0,0.002548
candidates_i/N1679,candidates_i/U3375/Y,NAND2X1,NAND2X1/A,1,0.00211057,0.00211057,0.00188435,0.00188435,0.00211057,0.0,0.00211057,0.0,0.002111
candidates_i/N1681,candidates_i/U3372/Y,NAND2X1,AOI22X1/A,1,0.00281659,0.00281659,0.00265821,0.00265821,0.00281659,0.0,0.00281659,0.0,0.002817
candidates_i/N1684,candidates_i/U3369/Y,NAND2X1,AOI22X1/C,1,0.00287763,0.00287763,0.00266968,0.00266968,0.00287763,0.0,0.00287763,0.0,0.002878
candidates_i/N1734,candidates_i/U3891/Y,NAND2X1,NAND3X1/B,1,0.00283213,0.00283213,0.00259978,0.00259978,0.00283213,0.0,0.00283213,0.0,0.002832
candidates_i/N1735,candidates_i/U3894/Y,NAND2X1,NAND3X1/A,1,0.00254759,0.00254759,0.00220852,0.00220852,0.00254759,0.0,0.00254759,0.0,0.002548
candidates_i/N1752,candidates_i/U3390/Y,NAND2X1,NAND2X1/A,1,0.00211057,0.00211057,0.00188435,0.00188435,0.00211057,0.0,0.00211057,0.0,0.002111
candidates_i/N1754,candidates_i/U3387/Y,NAND2X1,AOI22X1/A,1,0.00281659,0.00281659,0.00265821,0.00265821,0.00281659,0.0,0.00281659,0.0,0.002817
candidates_i/N1757,candidates_i/U3384/Y,NAND2X1,AOI22X1/C,1,0.00287763,0.00287763,0.00266968,0.00266968,0.00287763,0.0,0.00287763,0.0,0.002878
candidates_i/N1806,candidates_i/U3915/Y,NAND2X1,NAND3X1/A,1,0.00254759,0.00254759,0.00220852,0.00220852,0.00254759,0.0,0.00254759,0.0,0.002548
candidates_i/N1825,candidates_i/U3404/Y,NAND2X1,NAND2X1/A,1,0.00211057,0.00211057,0.00188435,0.00188435,0.00211057,0.0,0.00211057,0.0,0.002111
candidates_i/N1827,candidates_i/U3401/Y,NAND2X1,AOI22X1/A,1,0.00281659,0.00281659,0.00265821,0.00265821,0.00281659,0.0,0.00281659,0.0,0.002817
candidates_i/N1830,candidates_i/U3398/Y,NAND2X1,AOI22X1/C,1,0.00287763,0.00287763,0.00266968,0.00266968,0.00287763,0.0,0.00287763,0.0,0.002878
candidates_i/N1882,candidates_i/U3946/Y,NAND2X1,NAND3X1/A,1,0.00254759,0.00254759,0.00220852,0.00220852,0.00254759,0.0,0.00254759,0.0,0.002548
candidates_i/N1898,candidates_i/U3418/Y,NAND2X1,NAND2X1/A,1,0.00211057,0.00211057,0.00188435,0.00188435,0.00211057,0.0,0.00211057,0.0,0.002111
candidates_i/N1900,candidates_i/U3415/Y,NAND2X1,AOI22X1/A,1,0.00281659,0.00281659,0.00265821,0.00265821,0.00281659,0.0,0.00281659,0.0,0.002817
candidates_i/N1903,candidates_i/U3412/Y,NAND2X1,AOI22X1/C,1,0.00287763,0.00287763,0.00266968,0.00266968,0.00287763,0.0,0.00287763,0.0,0.002878
candidates_i/N1952,candidates_i/U3965/Y,NAND2X1,NAND3X1/B,1,0.00283213,0.00283213,0.00259978,0.00259978,0.00283213,0.0,0.00283213,0.0,0.002832
candidates_i/N1955,candidates_i/U3972/Y,NAND2X1,NAND3X1/A,1,0.00254759,0.00254759,0.00220852,0.00220852,0.00254759,0.0,0.00254759,0.0,0.002548
candidates_i/N1971,candidates_i/U3433/Y,NAND2X1,NAND2X1/A,1,0.00211057,0.00211057,0.00188435,0.00188435,0.00211057,0.0,0.00211057,0.0,0.002111
candidates_i/N1973,candidates_i/U3430/Y,NAND2X1,AOI22X1/A,1,0.00281659,0.00281659,0.00265821,0.00265821,0.00281659,0.0,0.00281659,0.0,0.002817
candidates_i/N1976,candidates_i/U3427/Y,NAND2X1,AOI22X1/C,1,0.00287763,0.00287763,0.00266968,0.00266968,0.00287763,0.0,0.00287763,0.0,0.002878
candidates_i/N2026,candidates_i/U3993/Y,NAND2X1,NAND3X1/B,1,0.00283213,0.00283213,0.00259978,0.00259978,0.00283213,0.0,0.00283213,0.0,0.002832
candidates_i/N2028,candidates_i/U3998/Y,NAND2X1,NAND3X1/A,1,0.00254759,0.00254759,0.00220852,0.00220852,0.00254759,0.0,0.00254759,0.0,0.002548
candidates_i/N2044,candidates_i/U3448/Y,NAND2X1,NAND2X1/A,1,0.00211057,0.00211057,0.00188435,0.00188435,0.00211057,0.0,0.00211057,0.0,0.002111
candidates_i/N2046,candidates_i/U3445/Y,NAND2X1,AOI22X1/A,1,0.00281659,0.00281659,0.00265821,0.00265821,0.00281659,0.0,0.00281659,0.0,0.002817
candidates_i/N2049,candidates_i/U3442/Y,NAND2X1,AOI22X1/C,1,0.00287763,0.00287763,0.00266968,0.00266968,0.00287763,0.0,0.00287763,0.0,0.002878
candidates_i/N2098,candidates_i/U4017/Y,NAND2X1,NAND3X1/A,1,0.00254759,0.00254759,0.00220852,0.00220852,0.00254759,0.0,0.00254759,0.0,0.002548
candidates_i/N2119,candidates_i/U3460/Y,NAND2X1,AOI22X1/A,1,0.00281659,0.00281659,0.00265821,0.00265821,0.00281659,0.0,0.00281659,0.0,0.002817
candidates_i/N2122,candidates_i/U3457/Y,NAND2X1,AOI22X1/C,1,0.00287763,0.00287763,0.00266968,0.00266968,0.00287763,0.0,0.00287763,0.0,0.002878
candidates_i/N2173,candidates_i/U4046/Y,NAND2X1,NAND3X1/B,1,0.00283213,0.00283213,0.00259978,0.00259978,0.00283213,0.0,0.00283213,0.0,0.002832
candidates_i/N2174,candidates_i/U4049/Y,NAND2X1,NAND3X1/A,1,0.00254759,0.00254759,0.00220852,0.00220852,0.00254759,0.0,0.00254759,0.0,0.002548
candidates_i/N2190,candidates_i/U3477/Y,NAND2X1,NAND2X1/A,1,0.00211057,0.00211057,0.00188435,0.00188435,0.00211057,0.0,0.00211057,0.0,0.002111
candidates_i/N2192,candidates_i/U3474/Y,NAND2X1,AOI22X1/A,1,0.00281659,0.00281659,0.00265821,0.00265821,0.00281659,0.0,0.00281659,0.0,0.002817
candidates_i/N2195,candidates_i/U3471/Y,NAND2X1,AOI22X1/C,1,0.00287763,0.00287763,0.00266968,0.00266968,0.00287763,0.0,0.00287763,0.0,0.002878
candidates_i/N2244,candidates_i/U4068/Y,NAND2X1,NAND3X1/A,1,0.00254759,0.00254759,0.00220852,0.00220852,0.00254759,0.0,0.00254759,0.0,0.002548
candidates_i/N2263,candidates_i/U3490/Y,NAND2X1,NAND2X1/A,1,0.00211057,0.00211057,0.00188435,0.00188435,0.00211057,0.0,0.00211057,0.0,0.002111
candidates_i/N2265,candidates_i/U3487/Y,NAND2X1,AOI22X1/A,1,0.00281659,0.00281659,0.00265821,0.00265821,0.00281659,0.0,0.00281659,0.0,0.002817
candidates_i/N2268,candidates_i/U3484/Y,NAND2X1,AOI22X1/C,1,0.00287763,0.00287763,0.00266968,0.00266968,0.00287763,0.0,0.00287763,0.0,0.002878
candidates_i/N2318,candidates_i/U4095/Y,NAND2X1,NAND3X1/A,1,0.00254759,0.00254759,0.00220852,0.00220852,0.00254759,0.0,0.00254759,0.0,0.002548
candidates_i/N2336,candidates_i/U3503/Y,NAND2X1,NAND2X1/A,1,0.00211057,0.00211057,0.00188435,0.00188435,0.00211057,0.0,0.00211057,0.0,0.002111
candidates_i/N2338,candidates_i/U3500/Y,NAND2X1,AOI22X1/A,1,0.00281659,0.00281659,0.00265821,0.00265821,0.00281659,0.0,0.00281659,0.0,0.002817
candidates_i/N2341,candidates_i/U3497/Y,NAND2X1,AOI22X1/C,1,0.00287763,0.00287763,0.00266968,0.00266968,0.00287763,0.0,0.00287763,0.0,0.002878
candidates_i/N2389,candidates_i/U3522/Y,NAND2X1,AOI21X1/A,1,0.00274129,0.00274129,0.00256559,0.00256559,0.00274129,0.0,0.00274129,0.0,0.002741
candidates_i/N2392,candidates_i/U4122/Y,NAND2X1,NAND3X1/B,1,0.00283213,0.00283213,0.00259978,0.00259978,0.00283213,0.0,0.00283213,0.0,0.002832
candidates_i/N2393,candidates_i/U4125/Y,NAND2X1,NAND3X1/A,1,0.00254759,0.00254759,0.00220852,0.00220852,0.00254759,0.0,0.00254759,0.0,0.002548
candidates_i/N2409,candidates_i/U3517/Y,NAND2X1,NAND2X1/A,1,0.00211057,0.00211057,0.00188435,0.00188435,0.00211057,0.0,0.00211057,0.0,0.002111
candidates_i/N2411,candidates_i/U3514/Y,NAND2X1,AOI22X1/A,1,0.00281659,0.00281659,0.00265821,0.00265821,0.00281659,0.0,0.00281659,0.0,0.002817
candidates_i/N2414,candidates_i/U3511/Y,NAND2X1,AOI22X1/C,1,0.00287763,0.00287763,0.00266968,0.00266968,0.00287763,0.0,0.00287763,0.0,0.002878
candidates_i/n1025,candidates_i/U539/Y,AOI22X1,OAI21X1/A,1,0.00274222,0.00274222,0.00257258,0.00257258,0.00274222,0.0,0.00274222,0.0,0.002742
candidates_i/n1026,candidates_i/U538/Y,NAND2X1,OAI21X1/C,1,0.00200991,0.00200991,0.0019239,0.0019239,0.00200991,0.0,0.00200991,0.0,0.00201
candidates_i/n1028,candidates_i/U542/Y,AOI22X1,OAI21X1/A,1,0.00274222,0.00274222,0.00257258,0.00257258,0.00274222,0.0,0.00274222,0.0,0.002742
candidates_i/n1029,candidates_i/U541/Y,NAND2X1,OAI21X1/C,1,0.00200991,0.00200991,0.0019239,0.0019239,0.00200991,0.0,0.00200991,0.0,0.00201
candidates_i/n1031,candidates_i/U545/Y,AOI22X1,OAI21X1/A,1,0.00274222,0.00274222,0.00257258,0.00257258,0.00274222,0.0,0.00274222,0.0,0.002742
candidates_i/n1032,candidates_i/U544/Y,NAND2X1,OAI21X1/C,1,0.00200991,0.00200991,0.0019239,0.0019239,0.00200991,0.0,0.00200991,0.0,0.00201
candidates_i/n1034,candidates_i/U548/Y,AOI22X1,OAI21X1/A,1,0.00274222,0.00274222,0.00257258,0.00257258,0.00274222,0.0,0.00274222,0.0,0.002742
candidates_i/n1035,candidates_i/U547/Y,NAND2X1,OAI21X1/C,1,0.00200991,0.00200991,0.0019239,0.0019239,0.00200991,0.0,0.00200991,0.0,0.00201
candidates_i/n1037,candidates_i/U551/Y,AOI22X1,OAI21X1/A,1,0.00274222,0.00274222,0.00257258,0.00257258,0.00274222,0.0,0.00274222,0.0,0.002742
candidates_i/n1038,candidates_i/U550/Y,NAND2X1,OAI21X1/C,1,0.00200991,0.00200991,0.0019239,0.0019239,0.00200991,0.0,0.00200991,0.0,0.00201
candidates_i/n1040,candidates_i/U554/Y,AOI22X1,OAI21X1/A,1,0.00274222,0.00274222,0.00257258,0.00257258,0.00274222,0.0,0.00274222,0.0,0.002742
candidates_i/n1041,candidates_i/U553/Y,NAND2X1,OAI21X1/C,1,0.00200991,0.00200991,0.0019239,0.0019239,0.00200991,0.0,0.00200991,0.0,0.00201
candidates_i/n1043,candidates_i/U557/Y,AOI22X1,OAI21X1/A,1,0.00274222,0.00274222,0.00257258,0.00257258,0.00274222,0.0,0.00274222,0.0,0.002742
candidates_i/n1044,candidates_i/U556/Y,NAND2X1,OAI21X1/C,1,0.00200991,0.00200991,0.0019239,0.0019239,0.00200991,0.0,0.00200991,0.0,0.00201
candidates_i/n1046,candidates_i/U560/Y,AOI22X1,OAI21X1/A,1,0.00274222,0.00274222,0.00257258,0.00257258,0.00274222,0.0,0.00274222,0.0,0.002742
candidates_i/n1047,candidates_i/U559/Y,NAND2X1,OAI21X1/C,1,0.00200991,0.00200991,0.0019239,0.0019239,0.00200991,0.0,0.00200991,0.0,0.00201
candidates_i/n1049,candidates_i/U563/Y,AOI22X1,OAI21X1/A,1,0.00274222,0.00274222,0.00257258,0.00257258,0.00274222,0.0,0.00274222,0.0,0.002742
candidates_i/n1050,candidates_i/U562/Y,NAND2X1,OAI21X1/C,1,0.00200991,0.00200991,0.0019239,0.0019239,0.00200991,0.0,0.00200991,0.0,0.00201
candidates_i/n1052,candidates_i/U566/Y,AOI22X1,OAI21X1/A,1,0.00274222,0.00274222,0.00257258,0.00257258,0.00274222,0.0,0.00274222,0.0,0.002742
candidates_i/n1053,candidates_i/U565/Y,NAND2X1,OAI21X1/C,1,0.00200991,0.00200991,0.0019239,0.0019239,0.00200991,0.0,0.00200991,0.0,0.00201
candidates_i/n1055,candidates_i/U569/Y,AOI22X1,OAI21X1/A,1,0.00274222,0.00274222,0.00257258,0.00257258,0.00274222,0.0,0.00274222,0.0,0.002742
candidates_i/n1056,candidates_i/U568/Y,NAND2X1,OAI21X1/C,1,0.00200991,0.00200991,0.0019239,0.0019239,0.00200991,0.0,0.00200991,0.0,0.00201
candidates_i/n1058,candidates_i/U572/Y,AOI22X1,OAI21X1/A,1,0.00274222,0.00274222,0.00257258,0.00257258,0.00274222,0.0,0.00274222,0.0,0.002742
candidates_i/n1059,candidates_i/U571/Y,NAND2X1,OAI21X1/C,1,0.00200991,0.00200991,0.0019239,0.0019239,0.00200991,0.0,0.00200991,0.0,0.00201
candidates_i/n1061,candidates_i/U575/Y,AOI22X1,OAI21X1/A,1,0.00274222,0.00274222,0.00257258,0.00257258,0.00274222,0.0,0.00274222,0.0,0.002742
candidates_i/n1062,candidates_i/U574/Y,NAND2X1,OAI21X1/C,1,0.00200991,0.00200991,0.0019239,0.0019239,0.00200991,0.0,0.00200991,0.0,0.00201
candidates_i/n1064,candidates_i/U578/Y,AOI22X1,OAI21X1/A,1,0.00274222,0.00274222,0.00257258,0.00257258,0.00274222,0.0,0.00274222,0.0,0.002742
candidates_i/n1065,candidates_i/U577/Y,NAND2X1,OAI21X1/C,1,0.00200991,0.00200991,0.0019239,0.0019239,0.00200991,0.0,0.00200991,0.0,0.00201
candidates_i/n1067,candidates_i/U581/Y,AOI22X1,OAI21X1/A,1,0.00274222,0.00274222,0.00257258,0.00257258,0.00274222,0.0,0.00274222,0.0,0.002742
candidates_i/n1068,candidates_i/U580/Y,NAND2X1,OAI21X1/C,1,0.00200991,0.00200991,0.0019239,0.0019239,0.00200991,0.0,0.00200991,0.0,0.00201
candidates_i/n1070,candidates_i/U584/Y,AOI22X1,OAI21X1/A,1,0.00274222,0.00274222,0.00257258,0.00257258,0.00274222,0.0,0.00274222,0.0,0.002742
candidates_i/n1071,candidates_i/U583/Y,NAND2X1,OAI21X1/C,1,0.00200991,0.00200991,0.0019239,0.0019239,0.00200991,0.0,0.00200991,0.0,0.00201
candidates_i/n1072,candidates_i/U587/Y,AOI22X1,NAND2X1/A,1,0.00211057,0.00211057,0.00188435,0.00188435,0.00211057,0.0,0.00211057,0.0,0.002111
candidates_i/n1073,candidates_i/U586/Y,AOI22X1,NAND2X1/B,1,0.00202749,0.00202749,0.00194421,0.00194421,0.00202749,0.0,0.00202749,0.0,0.002027
candidates_i/n1080,candidates_i/U595/Y,NAND3X1,NAND3X1/A,1,0.00254759,0.00254759,0.00220852,0.00220852,0.00254759,0.0,0.00254759,0.0,0.002548
candidates_i/n1081,candidates_i/U594/Y,NAND3X1,NAND3X1/B,1,0.00283213,0.00283213,0.00259978,0.00259978,0.00283213,0.0,0.00283213,0.0,0.002832
candidates_i/n1082,candidates_i/U589/Y,NOR2X1,NAND3X1/C,1,0.00296109,0.00296109,0.0028316,0.0028316,0.00296109,0.0,0.00296109,0.0,0.002961
candidates_i/n1085,candidates_i/U591/Y,NAND2X1,NOR3X1/A,1,0.00302113,0.00302113,0.00301081,0.00301081,0.00302113,0.0,0.00302113,0.0,0.003021
candidates_i/n1086,candidates_i/U1197/Y,NAND3X1,INVX1/A,1,0.00155103,0.00155103,0.00147616,0.00147616,0.00155103,0.0,0.00155103,0.0,0.001551
candidates_i/n1088,candidates_i/U593/Y,NAND2X1,NOR3X1/A,1,0.00302113,0.00302113,0.00301081,0.00301081,0.00302113,0.0,0.00302113,0.0,0.003021
candidates_i/n1089,candidates_i/U1452/Y,NAND3X1,INVX1/A,1,0.00155103,0.00155103,0.00147616,0.00147616,0.00155103,0.0,0.00155103,0.0,0.001551
candidates_i/n1095,candidates_i/U598/Y,AOI22X1,NAND2X1/A,1,0.00211057,0.00211057,0.00188435,0.00188435,0.00211057,0.0,0.00211057,0.0,0.002111
candidates_i/n1096,candidates_i/U597/Y,AOI22X1,NAND2X1/B,1,0.00202749,0.00202749,0.00194421,0.00194421,0.00202749,0.0,0.00202749,0.0,0.002027
candidates_i/n1101,candidates_i/U603/Y,NAND3X1,NAND3X1/A,1,0.00254759,0.00254759,0.00220852,0.00220852,0.00254759,0.0,0.00254759,0.0,0.002548
candidates_i/n1102,candidates_i/U602/Y,NAND3X1,NAND3X1/B,1,0.00283213,0.00283213,0.00259978,0.00259978,0.00283213,0.0,0.00283213,0.0,0.002832
candidates_i/n1104,candidates_i/U601/Y,NAND3X1,AND2X2/A,1,0.00179784,0.00179784,0.00176278,0.00176278,0.00179784,0.0,0.00179784,0.0,0.001798
candidates_i/n1105,candidates_i/U600/Y,NAND3X1,AND2X2/B,1,0.00186944,0.00186944,0.00182011,0.00182011,0.00186944,0.0,0.00186944,0.0,0.001869
candidates_i/n1114,candidates_i/U606/Y,AOI22X1,NAND2X1/A,1,0.00211057,0.00211057,0.00188435,0.00188435,0.00211057,0.0,0.00211057,0.0,0.002111
candidates_i/n1115,candidates_i/U605/Y,AOI22X1,NAND2X1/B,1,0.00202749,0.00202749,0.00194421,0.00194421,0.00202749,0.0,0.00202749,0.0,0.002027
candidates_i/n1120,candidates_i/U614/Y,NAND3X1,NAND3X1/A,1,0.00254759,0.00254759,0.00220852,0.00220852,0.00254759,0.0,0.00254759,0.0,0.002548
candidates_i/n1121,candidates_i/U613/Y,NAND3X1,NAND3X1/B,1,0.00283213,0.00283213,0.00259978,0.00259978,0.00283213,0.0,0.00283213,0.0,0.002832
candidates_i/n1122,candidates_i/U608/Y,NOR2X1,NAND3X1/C,1,0.00296109,0.00296109,0.0028316,0.0028316,0.00296109,0.0,0.00296109,0.0,0.002961
candidates_i/n1125,candidates_i/U610/Y,NAND2X1,NOR3X1/A,1,0.00302113,0.00302113,0.00301081,0.00301081,0.00302113,0.0,0.00302113,0.0,0.003021
candidates_i/n1126,candidates_i/U1195/Y,NAND3X1,INVX2/A,1,0.00267266,0.00265521,0.00267266,0.00265521,0.00267266,0.0,0.00267266,0.0,0.002673
candidates_i/n1128,candidates_i/U612/Y,NAND2X1,NOR3X1/A,1,0.00302113,0.00302113,0.00301081,0.00301081,0.00302113,0.0,0.00302113,0.0,0.003021
candidates_i/n1129,candidates_i/U1450/Y,NAND3X1,INVX1/A,1,0.00155103,0.00155103,0.00147616,0.00147616,0.00155103,0.0,0.00155103,0.0,0.001551
candidates_i/n1135,candidates_i/U617/Y,AOI22X1,NAND2X1/A,1,0.00211057,0.00211057,0.00188435,0.00188435,0.00211057,0.0,0.00211057,0.0,0.002111
candidates_i/n1136,candidates_i/U616/Y,AOI22X1,NAND2X1/B,1,0.00202749,0.00202749,0.00194421,0.00194421,0.00202749,0.0,0.00202749,0.0,0.002027
candidates_i/n1141,candidates_i/U622/Y,NAND3X1,NAND3X1/A,1,0.00254759,0.00254759,0.00220852,0.00220852,0.00254759,0.0,0.00254759,0.0,0.002548
candidates_i/n1142,candidates_i/U621/Y,NAND3X1,NAND3X1/B,1,0.00283213,0.00283213,0.00259978,0.00259978,0.00283213,0.0,0.00283213,0.0,0.002832
candidates_i/n1144,candidates_i/U620/Y,NAND3X1,AND2X2/A,1,0.00179784,0.00179784,0.00176278,0.00176278,0.00179784,0.0,0.00179784,0.0,0.001798
candidates_i/n1145,candidates_i/U619/Y,NAND3X1,AND2X2/B,1,0.00186944,0.00186944,0.00182011,0.00182011,0.00186944,0.0,0.00186944,0.0,0.001869
candidates_i/n1154,candidates_i/U625/Y,AOI22X1,NAND2X1/A,1,0.00211057,0.00211057,0.00188435,0.00188435,0.00211057,0.0,0.00211057,0.0,0.002111
candidates_i/n1155,candidates_i/U624/Y,AOI22X1,NAND2X1/B,1,0.00202749,0.00202749,0.00194421,0.00194421,0.00202749,0.0,0.00202749,0.0,0.002027
candidates_i/n1163,candidates_i/U631/Y,NAND3X1,NAND3X1/A,1,0.00254759,0.00254759,0.00220852,0.00220852,0.00254759,0.0,0.00254759,0.0,0.002548
candidates_i/n1164,candidates_i/U630/Y,NAND3X1,NAND3X1/B,1,0.00283213,0.00283213,0.00259978,0.00259978,0.00283213,0.0,0.00283213,0.0,0.002832
candidates_i/n1166,candidates_i/U629/Y,NAND3X1,AND2X2/A,1,0.00179784,0.00179784,0.00176278,0.00176278,0.00179784,0.0,0.00179784,0.0,0.001798
candidates_i/n1167,candidates_i/U628/Y,NAND3X1,AND2X2/B,1,0.00186944,0.00186944,0.00182011,0.00182011,0.00186944,0.0,0.00186944,0.0,0.001869
candidates_i/n1169,candidates_i/U1455/Y,NOR2X1,AOI21X1/C;INVX1/A,2,0.00393706,0.00393706,0.0037884,0.0037884,0.00393706,0.0,0.00393706,0.0,0.003937
candidates_i/n1170,candidates_i/U1212/Y,NOR2X1,INVX1/A,1,0.00155103,0.00155103,0.00147616,0.00147616,0.00155103,0.0,0.00155103,0.0,0.001551
candidates_i/n1171,candidates_i/U1200/Y,NOR2X1,AOI21X1/C;INVX1/A,2,0.00393706,0.00393706,0.0037884,0.0037884,0.00393706,0.0,0.00393706,0.0,0.003937
candidates_i/n1173,candidates_i/U696/Y,NOR2X1,INVX1/A,1,0.00155103,0.00155103,0.00147616,0.00147616,0.00155103,0.0,0.00155103,0.0,0.001551
candidates_i/n1174,candidates_i/U634/Y,AOI22X1,NAND2X1/A,1,0.00211057,0.00211057,0.00188435,0.00188435,0.00211057,0.0,0.00211057,0.0,0.002111
candidates_i/n1175,candidates_i/U633/Y,AOI22X1,NAND2X1/B,1,0.00202749,0.00202749,0.00194421,0.00194421,0.00202749,0.0,0.00202749,0.0,0.002027
candidates_i/n1177,candidates_i/U941/Y,AOI21X1,BUFX2/A,1,0.00153896,0.00153896,0.00150415,0.00150415,0.00153896,0.0,0.00153896,0.0,0.001539
candidates_i/n1179,candidates_i/U684/Y,AOI21X1,BUFX2/A,1,0.00153896,0.00153896,0.00150415,0.00150415,0.00153896,0.0,0.00153896,0.0,0.001539
candidates_i/n1181,candidates_i/U1454/Y,AOI21X1,BUFX2/A,1,0.00153896,0.00153896,0.00150415,0.00150415,0.00153896,0.0,0.00153896,0.0,0.001539
candidates_i/n1182,candidates_i/U3410/Y,AOI22X1,NAND2X1/A,1,0.00211057,0.00211057,0.00188435,0.00188435,0.00211057,0.0,0.00211057,0.0,0.002111
candidates_i/n1183,candidates_i/U1199/Y,AOI21X1,INVX1/A,1,0.00155103,0.00155103,0.00147616,0.00147616,0.00155103,0.0,0.00155103,0.0,0.001551
candidates_i/n1184,candidates_i/U641/Y,NAND3X1,NAND3X1/A,1,0.00254759,0.00254759,0.00220852,0.00220852,0.00254759,0.0,0.00254759,0.0,0.002548
candidates_i/n1185,candidates_i/U640/Y,NAND3X1,NAND3X1/B,1,0.00283213,0.00283213,0.00259978,0.00259978,0.00283213,0.0,0.00283213,0.0,0.002832
candidates_i/n1187,candidates_i/U638/Y,NAND3X1,AND2X2/A,1,0.00179784,0.00179784,0.00176278,0.00176278,0.00179784,0.0,0.00179784,0.0,0.001798
candidates_i/n1188,candidates_i/U636/Y,NAND3X1,AND2X2/B,1,0.00186944,0.00186944,0.00182011,0.00182011,0.00186944,0.0,0.00186944,0.0,0.001869
candidates_i/n1189,candidates_i/U637/Y,NOR2X1,NAND3X1/A,1,0.00254759,0.00254759,0.00220852,0.00220852,0.00254759,0.0,0.00254759,0.0,0.002548
candidates_i/n1191,candidates_i/U1378/Y,NAND3X1,INVX1/A;NOR2X1/A,2,0.00379351,0.00379351,0.0036847700000000004,0.00368477,0.00379351,0.0,0.00379351,0.0,0.003794
candidates_i/n1192,candidates_i/U639/Y,NOR2X1,NAND3X1/A,1,0.00254759,0.00254759,0.00220852,0.00220852,0.00254759,0.0,0.00254759,0.0,0.002548
candidates_i/n1194,candidates_i/U1633/Y,NAND3X1,INVX1/A;NOR2X1/A,2,0.00379351,0.00379351,0.0036847700000000004,0.00368477,0.00379351,0.0,0.00379351,0.0,0.003794
candidates_i/n1199,candidates_i/U644/Y,AOI22X1,NAND2X1/A,1,0.00211057,0.00211057,0.00188435,0.00188435,0.00211057,0.0,0.00211057,0.0,0.002111
candidates_i/n1200,candidates_i/U643/Y,AOI22X1,NAND2X1/B,1,0.00202749,0.00202749,0.00194421,0.00194421,0.00202749,0.0,0.00202749,0.0,0.002027
candidates_i/n1205,candidates_i/U650/Y,NAND3X1,NAND3X1/A,1,0.00254759,0.00254759,0.00220852,0.00220852,0.00254759,0.0,0.00254759,0.0,0.002548
candidates_i/n1206,candidates_i/U648/Y,NAND3X1,NAND3X1/B,1,0.00283213,0.00283213,0.00259978,0.00259978,0.00283213,0.0,0.00283213,0.0,0.002832
candidates_i/n1208,candidates_i/U647/Y,NAND3X1,AND2X2/A,1,0.00179784,0.00179784,0.00176278,0.00176278,0.00179784,0.0,0.00179784,0.0,0.001798
candidates_i/n1209,candidates_i/U646/Y,NAND3X1,AND2X2/B,1,0.00186944,0.00186944,0.00182011,0.00182011,0.00186944,0.0,0.00186944,0.0,0.001869
candidates_i/n1215,candidates_i/U649/Y,NOR2X1,NAND3X1/C,1,0.00296109,0.00296109,0.0028316,0.0028316,0.00296109,0.0,0.00296109,0.0,0.002961
candidates_i/n1216,candidates_i/U1127/Y,NAND3X1,INVX1/A;NOR2X1/B,2,0.00391604,0.00391604,0.0037732700000000004,0.00377327,0.00391604,0.0,0.00391604,0.0,0.003916
candidates_i/n1217,candidates_i/U940/Y,NAND3X1,BUFX2/A,1,0.00153896,0.00153896,0.00150415,0.00150415,0.00153896,0.0,0.00153896,0.0,0.001539
candidates_i/n1219,candidates_i/U651/Y,NOR2X1,NAND3X1/C,1,0.00296109,0.00296109,0.0028316,0.0028316,0.00296109,0.0,0.00296109,0.0,0.002961
candidates_i/n1220,candidates_i/U870/Y,NAND3X1,INVX1/A;NOR2X1/B,2,0.00391604,0.00391604,0.0037732700000000004,0.00377327,0.00391604,0.0,0.00391604,0.0,0.003916
candidates_i/n1221,candidates_i/U683/Y,NAND3X1,INVX1/A,1,0.00155103,0.00155103,0.00147616,0.00147616,0.00155103,0.0,0.00155103,0.0,0.001551
candidates_i/n1222,candidates_i/U1168/Y,AOI22X1,NAND2X1/A,1,0.00211057,0.00211057,0.00188435,0.00188435,0.00211057,0.0,0.00211057,0.0,0.002111
candidates_i/n1223,candidates_i/U653/Y,AOI22X1,NAND2X1/B,1,0.00202749,0.00202749,0.00194421,0.00194421,0.00202749,0.0,0.00202749,0.0,0.002027
candidates_i/n1224,candidates_i/U932/Y,NOR2X1,AOI22X1/A,1,0.00281659,0.00281659,0.00265821,0.00265821,0.00281659,0.0,0.00281659,0.0,0.002817
candidates_i/n1226,candidates_i/U675/Y,NOR2X1,AOI22X1/C,1,0.00287763,0.00287763,0.00266968,0.00266968,0.00287763,0.0,0.00287763,0.0,0.002878
candidates_i/n1228,candidates_i/U671/Y,NAND3X1,NOR3X1/A,1,0.00302113,0.00302113,0.00301081,0.00301081,0.00302113,0.0,0.00302113,0.0,0.003021
candidates_i/n1229,candidates_i/U657/Y,NAND3X1,NOR3X1/B,1,0.003067,0.00306333,0.003067,0.00306333,0.003067,0.0,0.003067,0.0,0.003067
candidates_i/n1231,candidates_i/U858/Y,NAND3X1,BUFX2/A,1,0.00153896,0.00153896,0.00150415,0.00150415,0.00153896,0.0,0.00153896,0.0,0.001539
candidates_i/n1232,candidates_i/U656/Y,NAND2X1,OAI21X1/C,1,0.00200991,0.00200991,0.0019239,0.0019239,0.00200991,0.0,0.00200991,0.0,0.00201
candidates_i/n1233,candidates_i/U658/Y,NAND2X1,NAND3X1/C,1,0.00296109,0.00296109,0.0028316,0.0028316,0.00296109,0.0,0.00296109,0.0,0.002961
candidates_i/n1234,candidates_i/U665/Y,NAND3X1,OR2X2/A,1,0.00230117,0.00229176,0.00230117,0.00229176,0.00230117,0.0,0.00230117,0.0,0.002301
candidates_i/n1235,candidates_i/U660/Y,NAND3X1,OR2X2/B,1,0.00234214,0.00228252,0.00234214,0.00228252,0.00234214,0.0,0.00234214,0.0,0.002342
candidates_i/n1236,candidates_i/U664/Y,AOI21X1,NAND3X1/A,1,0.00254759,0.00254759,0.00220852,0.00220852,0.00254759,0.0,0.00254759,0.0,0.002548
candidates_i/n1237,candidates_i/U663/Y,AOI22X1,NAND3X1/B,1,0.00283213,0.00283213,0.00259978,0.00259978,0.00283213,0.0,0.00283213,0.0,0.002832
candidates_i/n1239,candidates_i/U662/Y,AOI22X1,AND2X2/A,1,0.00179784,0.00179784,0.00176278,0.00176278,0.00179784,0.0,0.00179784,0.0,0.001798
candidates_i/n1240,candidates_i/U661/Y,AOI22X1,AND2X2/B,1,0.00186944,0.00186944,0.00182011,0.00182011,0.00186944,0.0,0.00186944,0.0,0.001869
candidates_i/n1241,candidates_i/U851/Y,NAND3X1,BUFX2/A,1,0.00153896,0.00153896,0.00150415,0.00150415,0.00153896,0.0,0.00153896,0.0,0.001539
candidates_i/n1242,candidates_i/U670/Y,AOI22X1,NAND3X1/A,1,0.00254759,0.00254759,0.00220852,0.00220852,0.00254759,0.0,0.00254759,0.0,0.002548
candidates_i/n1243,candidates_i/U668/Y,AOI21X1,NAND3X1/B,1,0.00283213,0.00283213,0.00259978,0.00259978,0.00283213,0.0,0.00283213,0.0,0.002832
candidates_i/n1245,candidates_i/U667/Y,AOI22X1,AND2X2/A,1,0.00179784,0.00179784,0.00176278,0.00176278,0.00179784,0.0,0.00179784,0.0,0.001798
candidates_i/n1246,candidates_i/U666/Y,AOI22X1,AND2X2/B,1,0.00186944,0.00186944,0.00182011,0.00182011,0.00186944,0.0,0.00186944,0.0,0.001869
candidates_i/n1248,candidates_i/U855/Y,NAND3X1,BUFX2/A,1,0.00153896,0.00153896,0.00150415,0.00150415,0.00153896,0.0,0.00153896,0.0,0.001539
candidates_i/n1249,candidates_i/U674/Y,AOI22X1,NAND3X1/A,1,0.00254759,0.00254759,0.00220852,0.00220852,0.00254759,0.0,0.00254759,0.0,0.002548
candidates_i/n1250,candidates_i/U673/Y,NAND2X1,NAND3X1/B,1,0.00283213,0.00283213,0.00259978,0.00259978,0.00283213,0.0,0.00283213,0.0,0.002832
candidates_i/n1251,candidates_i/U672/Y,AOI22X1,NAND3X1/C,1,0.00296109,0.00296109,0.0028316,0.0028316,0.00296109,0.0,0.00296109,0.0,0.002961
candidates_i/n1252,candidates_i/U872/Y,NAND3X1,NOR2X1/A,1,0.00224248,0.00224248,0.00220861,0.00220861,0.00224248,0.0,0.00224248,0.0,0.002242
candidates_i/n1253,candidates_i/U676/Y,NAND3X1,NOR2X1/B,1,0.00236501,0.00236501,0.00229711,0.00229711,0.00236501,0.0,0.00236501,0.0,0.002365
candidates_i/n1254,candidates_i/U677/Y,AOI22X1,NAND3X1/C,1,0.00296109,0.00296109,0.0028316,0.0028316,0.00296109,0.0,0.00296109,0.0,0.002961
candidates_i/n1255,candidates_i/U678/Y,NAND3X1,INVX1/A,1,0.00155103,0.00155103,0.00147616,0.00147616,0.00155103,0.0,0.00155103,0.0,0.001551
candidates_i/n1256,candidates_i/U838/Y,NAND2X1,NAND3X1/A,1,0.00254759,0.00254759,0.00220852,0.00220852,0.00254759,0.0,0.00254759,0.0,0.002548
candidates_i/n1257,candidates_i/U679/Y,NAND3X1,INVX1/A,1,0.00155103,0.00155103,0.00147616,0.00147616,0.00155103,0.0,0.00155103,0.0,0.001551
candidates_i/n1258,candidates_i/U814/Y,NAND2X1,NAND3X1/A,1,0.00254759,0.00254759,0.00220852,0.00220852,0.00254759,0.0,0.00254759,0.0,0.002548
candidates_i/n1259,candidates_i/U680/Y,NAND3X1,INVX1/A,1,0.00155103,0.00155103,0.00147616,0.00147616,0.00155103,0.0,0.00155103,0.0,0.001551
candidates_i/n1260,candidates_i/U790/Y,NAND2X1,NAND3X1/A,1,0.00254759,0.00254759,0.00220852,0.00220852,0.00254759,0.0,0.00254759,0.0,0.002548
candidates_i/n1261,candidates_i/U681/Y,NAND3X1,INVX1/A,1,0.00155103,0.00155103,0.00147616,0.00147616,0.00155103,0.0,0.00155103,0.0,0.001551
candidates_i/n1262,candidates_i/U766/Y,NAND2X1,NAND3X1/A,1,0.00254759,0.00254759,0.00220852,0.00220852,0.00254759,0.0,0.00254759,0.0,0.002548
candidates_i/n1264,candidates_i/U719/Y,NAND2X1,NAND3X1/A,1,0.00254759,0.00254759,0.00220852,0.00220852,0.00254759,0.0,0.00254759,0.0,0.002548
candidates_i/n1265,candidates_i/U690/Y,NAND3X1,OR2X2/A,1,0.00230117,0.00229176,0.00230117,0.00229176,0.00230117,0.0,0.00230117,0.0,0.002301
candidates_i/n1266,candidates_i/U685/Y,NAND3X1,OR2X2/B,1,0.00234214,0.00228252,0.00234214,0.00228252,0.00234214,0.0,0.00234214,0.0,0.002342
candidates_i/n1267,candidates_i/U689/Y,AOI21X1,NAND3X1/A,1,0.00254759,0.00254759,0.00220852,0.00220852,0.00254759,0.0,0.00254759,0.0,0.002548
candidates_i/n1268,candidates_i/U688/Y,AOI22X1,NAND3X1/B,1,0.00283213,0.00283213,0.00259978,0.00259978,0.00283213,0.0,0.00283213,0.0,0.002832
candidates_i/n1270,candidates_i/U687/Y,AOI22X1,AND2X2/A,1,0.00179784,0.00179784,0.00176278,0.00176278,0.00179784,0.0,0.00179784,0.0,0.001798
candidates_i/n1271,candidates_i/U686/Y,AOI22X1,AND2X2/B,1,0.00186944,0.00186944,0.00182011,0.00182011,0.00186944,0.0,0.00186944,0.0,0.001869
candidates_i/n1272,candidates_i/U695/Y,AOI22X1,NAND3X1/A,1,0.00254759,0.00254759,0.00220852,0.00220852,0.00254759,0.0,0.00254759,0.0,0.002548
candidates_i/n1273,candidates_i/U693/Y,AOI21X1,NAND3X1/B,1,0.00283213,0.00283213,0.00259978,0.00259978,0.00283213,0.0,0.00283213,0.0,0.002832
candidates_i/n1275,candidates_i/U692/Y,AOI22X1,AND2X2/A,1,0.00179784,0.00179784,0.00176278,0.00176278,0.00179784,0.0,0.00179784,0.0,0.001798
candidates_i/n1276,candidates_i/U691/Y,AOI22X1,AND2X2/B,1,0.00186944,0.00186944,0.00182011,0.00182011,0.00186944,0.0,0.00186944,0.0,0.001869
candidates_i/n1278,candidates_i/U860/Y,NAND3X1,BUFX2/A,1,0.00153896,0.00153896,0.00150415,0.00150415,0.00153896,0.0,0.00153896,0.0,0.001539
candidates_i/n1279,candidates_i/U702/Y,NAND3X1,NOR2X1/A,1,0.00224248,0.00224248,0.00220861,0.00220861,0.00224248,0.0,0.00224248,0.0,0.002242
candidates_i/n1280,candidates_i/U697/Y,NAND3X1,NOR2X1/B,1,0.00236501,0.00236501,0.00229711,0.00229711,0.00236501,0.0,0.00236501,0.0,0.002365
candidates_i/n1281,candidates_i/U701/Y,AOI22X1,NAND3X1/A,1,0.00254759,0.00254759,0.00220852,0.00220852,0.00254759,0.0,0.00254759,0.0,0.002548
candidates_i/n1282,candidates_i/U700/Y,AOI22X1,NAND3X1/B,1,0.00283213,0.00283213,0.00259978,0.00259978,0.00283213,0.0,0.00283213,0.0,0.002832
candidates_i/n1284,candidates_i/U699/Y,AOI22X1,AND2X2/A,1,0.00179784,0.00179784,0.00176278,0.00176278,0.00179784,0.0,0.00179784,0.0,0.001798
candidates_i/n1285,candidates_i/U698/Y,AOI22X1,AND2X2/B,1,0.00186944,0.00186944,0.00182011,0.00182011,0.00186944,0.0,0.00186944,0.0,0.001869
candidates_i/n1286,candidates_i/U706/Y,AOI22X1,NAND3X1/A,1,0.00254759,0.00254759,0.00220852,0.00220852,0.00254759,0.0,0.00254759,0.0,0.002548
candidates_i/n1287,candidates_i/U705/Y,AOI22X1,NAND3X1/B,1,0.00283213,0.00283213,0.00259978,0.00259978,0.00283213,0.0,0.00283213,0.0,0.002832
candidates_i/n1289,candidates_i/U704/Y,AOI22X1,AND2X2/A,1,0.00179784,0.00179784,0.00176278,0.00176278,0.00179784,0.0,0.00179784,0.0,0.001798
candidates_i/n1290,candidates_i/U703/Y,AOI21X1,AND2X2/B,1,0.00186944,0.00186944,0.00182011,0.00182011,0.00186944,0.0,0.00186944,0.0,0.001869
candidates_i/n1291,candidates_i/U713/Y,NAND3X1,OR2X2/A,1,0.00230117,0.00229176,0.00230117,0.00229176,0.00230117,0.0,0.00230117,0.0,0.002301
candidates_i/n1292,candidates_i/U708/Y,NAND3X1,OR2X2/B,1,0.00234214,0.00228252,0.00234214,0.00228252,0.00234214,0.0,0.00234214,0.0,0.002342
candidates_i/n1293,candidates_i/U712/Y,AOI21X1,NAND3X1/A,1,0.00254759,0.00254759,0.00220852,0.00220852,0.00254759,0.0,0.00254759,0.0,0.002548
candidates_i/n1294,candidates_i/U711/Y,AOI22X1,NAND3X1/B,1,0.00283213,0.00283213,0.00259978,0.00259978,0.00283213,0.0,0.00283213,0.0,0.002832
candidates_i/n1296,candidates_i/U710/Y,AOI22X1,AND2X2/A,1,0.00179784,0.00179784,0.00176278,0.00176278,0.00179784,0.0,0.00179784,0.0,0.001798
candidates_i/n1297,candidates_i/U709/Y,AOI22X1,AND2X2/B,1,0.00186944,0.00186944,0.00182011,0.00182011,0.00186944,0.0,0.00186944,0.0,0.001869
candidates_i/n1298,candidates_i/U718/Y,AOI22X1,NAND3X1/A,1,0.00254759,0.00254759,0.00220852,0.00220852,0.00254759,0.0,0.00254759,0.0,0.002548
candidates_i/n1299,candidates_i/U716/Y,AOI21X1,NAND3X1/B,1,0.00283213,0.00283213,0.00259978,0.00259978,0.00283213,0.0,0.00283213,0.0,0.002832
candidates_i/n1301,candidates_i/U715/Y,AOI22X1,AND2X2/A,1,0.00179784,0.00179784,0.00176278,0.00176278,0.00179784,0.0,0.00179784,0.0,0.001798
candidates_i/n1302,candidates_i/U714/Y,AOI22X1,AND2X2/B,1,0.00186944,0.00186944,0.00182011,0.00182011,0.00186944,0.0,0.00186944,0.0,0.001869
candidates_i/n1304,candidates_i/U726/Y,NAND3X1,OR2X2/A,1,0.00230117,0.00229176,0.00230117,0.00229176,0.00230117,0.0,0.00230117,0.0,0.002301
candidates_i/n1305,candidates_i/U721/Y,NAND3X1,OR2X2/B,1,0.00234214,0.00228252,0.00234214,0.00228252,0.00234214,0.0,0.00234214,0.0,0.002342
candidates_i/n1306,candidates_i/U725/Y,AOI22X1,NAND3X1/A,1,0.00254759,0.00254759,0.00220852,0.00220852,0.00254759,0.0,0.00254759,0.0,0.002548
candidates_i/n1307,candidates_i/U724/Y,AOI22X1,NAND3X1/B,1,0.00283213,0.00283213,0.00259978,0.00259978,0.00283213,0.0,0.00283213,0.0,0.002832
candidates_i/n1309,candidates_i/U723/Y,AOI22X1,AND2X2/A,1,0.00179784,0.00179784,0.00176278,0.00176278,0.00179784,0.0,0.00179784,0.0,0.001798
candidates_i/n1310,candidates_i/U722/Y,AOI22X1,AND2X2/B,1,0.00186944,0.00186944,0.00182011,0.00182011,0.00186944,0.0,0.00186944,0.0,0.001869
candidates_i/n1311,candidates_i/U730/Y,AOI22X1,NAND3X1/A,1,0.00254759,0.00254759,0.00220852,0.00220852,0.00254759,0.0,0.00254759,0.0,0.002548
candidates_i/n1312,candidates_i/U729/Y,AOI22X1,NAND3X1/B,1,0.00283213,0.00283213,0.00259978,0.00259978,0.00283213,0.0,0.00283213,0.0,0.002832
candidates_i/n1314,candidates_i/U728/Y,AOI22X1,AND2X2/A,1,0.00179784,0.00179784,0.00176278,0.00176278,0.00179784,0.0,0.00179784,0.0,0.001798
candidates_i/n1315,candidates_i/U727/Y,AOI21X1,AND2X2/B,1,0.00186944,0.00186944,0.00182011,0.00182011,0.00186944,0.0,0.00186944,0.0,0.001869
candidates_i/n1316,candidates_i/U737/Y,NAND3X1,OR2X2/A,1,0.00230117,0.00229176,0.00230117,0.00229176,0.00230117,0.0,0.00230117,0.0,0.002301
candidates_i/n1317,candidates_i/U732/Y,NAND3X1,OR2X2/B,1,0.00234214,0.00228252,0.00234214,0.00228252,0.00234214,0.0,0.00234214,0.0,0.002342
candidates_i/n1318,candidates_i/U736/Y,AOI21X1,NAND3X1/A,1,0.00254759,0.00254759,0.00220852,0.00220852,0.00254759,0.0,0.00254759,0.0,0.002548
candidates_i/n1319,candidates_i/U735/Y,AOI22X1,NAND3X1/B,1,0.00283213,0.00283213,0.00259978,0.00259978,0.00283213,0.0,0.00283213,0.0,0.002832
candidates_i/n1321,candidates_i/U734/Y,AOI22X1,AND2X2/A,1,0.00179784,0.00179784,0.00176278,0.00176278,0.00179784,0.0,0.00179784,0.0,0.001798
candidates_i/n1322,candidates_i/U733/Y,AOI22X1,AND2X2/B,1,0.00186944,0.00186944,0.00182011,0.00182011,0.00186944,0.0,0.00186944,0.0,0.001869
candidates_i/n1323,candidates_i/U863/Y,NAND3X1,BUFX2/A,1,0.00153896,0.00153896,0.00150415,0.00150415,0.00153896,0.0,0.00153896,0.0,0.001539
candidates_i/n1324,candidates_i/U742/Y,AOI22X1,NAND3X1/A,1,0.00254759,0.00254759,0.00220852,0.00220852,0.00254759,0.0,0.00254759,0.0,0.002548
candidates_i/n1325,candidates_i/U740/Y,AOI21X1,NAND3X1/B,1,0.00283213,0.00283213,0.00259978,0.00259978,0.00283213,0.0,0.00283213,0.0,0.002832
candidates_i/n1327,candidates_i/U739/Y,AOI22X1,AND2X2/A,1,0.00179784,0.00179784,0.00176278,0.00176278,0.00179784,0.0,0.00179784,0.0,0.001798
candidates_i/n1328,candidates_i/U738/Y,AOI22X1,AND2X2/B,1,0.00186944,0.00186944,0.00182011,0.00182011,0.00186944,0.0,0.00186944,0.0,0.001869
candidates_i/n1330,candidates_i/U749/Y,NAND3X1,OR2X2/A,1,0.00230117,0.00229176,0.00230117,0.00229176,0.00230117,0.0,0.00230117,0.0,0.002301
candidates_i/n1331,candidates_i/U744/Y,NAND3X1,OR2X2/B,1,0.00234214,0.00228252,0.00234214,0.00228252,0.00234214,0.0,0.00234214,0.0,0.002342
candidates_i/n1332,candidates_i/U748/Y,AOI22X1,NAND3X1/A,1,0.00254759,0.00254759,0.00220852,0.00220852,0.00254759,0.0,0.00254759,0.0,0.002548
candidates_i/n1333,candidates_i/U747/Y,AOI22X1,NAND3X1/B,1,0.00283213,0.00283213,0.00259978,0.00259978,0.00283213,0.0,0.00283213,0.0,0.002832
candidates_i/n1335,candidates_i/U746/Y,AOI22X1,AND2X2/A,1,0.00179784,0.00179784,0.00176278,0.00176278,0.00179784,0.0,0.00179784,0.0,0.001798
candidates_i/n1336,candidates_i/U745/Y,AOI22X1,AND2X2/B,1,0.00186944,0.00186944,0.00182011,0.00182011,0.00186944,0.0,0.00186944,0.0,0.001869
candidates_i/n1337,candidates_i/U753/Y,AOI22X1,NAND3X1/A,1,0.00254759,0.00254759,0.00220852,0.00220852,0.00254759,0.0,0.00254759,0.0,0.002548
candidates_i/n1338,candidates_i/U752/Y,AOI22X1,NAND3X1/B,1,0.00283213,0.00283213,0.00259978,0.00259978,0.00283213,0.0,0.00283213,0.0,0.002832
candidates_i/n1340,candidates_i/U751/Y,AOI22X1,AND2X2/A,1,0.00179784,0.00179784,0.00176278,0.00176278,0.00179784,0.0,0.00179784,0.0,0.001798
candidates_i/n1341,candidates_i/U750/Y,AOI21X1,AND2X2/B,1,0.00186944,0.00186944,0.00182011,0.00182011,0.00186944,0.0,0.00186944,0.0,0.001869
candidates_i/n1342,candidates_i/U760/Y,NAND3X1,OR2X2/A,1,0.00230117,0.00229176,0.00230117,0.00229176,0.00230117,0.0,0.00230117,0.0,0.002301
candidates_i/n1343,candidates_i/U755/Y,NAND3X1,OR2X2/B,1,0.00234214,0.00228252,0.00234214,0.00228252,0.00234214,0.0,0.00234214,0.0,0.002342
candidates_i/n1344,candidates_i/U759/Y,AOI21X1,NAND3X1/A,1,0.00254759,0.00254759,0.00220852,0.00220852,0.00254759,0.0,0.00254759,0.0,0.002548
candidates_i/n1345,candidates_i/U758/Y,AOI22X1,NAND3X1/B,1,0.00283213,0.00283213,0.00259978,0.00259978,0.00283213,0.0,0.00283213,0.0,0.002832
candidates_i/n1347,candidates_i/U757/Y,AOI22X1,AND2X2/A,1,0.00179784,0.00179784,0.00176278,0.00176278,0.00179784,0.0,0.00179784,0.0,0.001798
candidates_i/n1348,candidates_i/U756/Y,AOI22X1,AND2X2/B,1,0.00186944,0.00186944,0.00182011,0.00182011,0.00186944,0.0,0.00186944,0.0,0.001869
candidates_i/n1349,candidates_i/U868/Y,NAND3X1,AOI21X1/C;INVX1/A,2,0.00393706,0.00393706,0.0037884,0.0037884,0.00393706,0.0,0.00393706,0.0,0.003937
candidates_i/n1350,candidates_i/U765/Y,AOI22X1,NAND3X1/A,1,0.00254759,0.00254759,0.00220852,0.00220852,0.00254759,0.0,0.00254759,0.0,0.002548
candidates_i/n1351,candidates_i/U763/Y,AOI21X1,NAND3X1/B,1,0.00283213,0.00283213,0.00259978,0.00259978,0.00283213,0.0,0.00283213,0.0,0.002832
candidates_i/n1353,candidates_i/U762/Y,AOI22X1,AND2X2/A,1,0.00179784,0.00179784,0.00176278,0.00176278,0.00179784,0.0,0.00179784,0.0,0.001798
candidates_i/n1354,candidates_i/U761/Y,AOI22X1,AND2X2/B,1,0.00186944,0.00186944,0.00182011,0.00182011,0.00186944,0.0,0.00186944,0.0,0.001869
candidates_i/n1356,candidates_i/U773/Y,NAND3X1,OR2X2/A,1,0.00230117,0.00229176,0.00230117,0.00229176,0.00230117,0.0,0.00230117,0.0,0.002301
candidates_i/n1357,candidates_i/U768/Y,NAND3X1,OR2X2/B,1,0.00234214,0.00228252,0.00234214,0.00228252,0.00234214,0.0,0.00234214,0.0,0.002342
candidates_i/n1358,candidates_i/U772/Y,AOI22X1,NAND3X1/A,1,0.00254759,0.00254759,0.00220852,0.00220852,0.00254759,0.0,0.00254759,0.0,0.002548
candidates_i/n1359,candidates_i/U771/Y,AOI22X1,NAND3X1/B,1,0.00283213,0.00283213,0.00259978,0.00259978,0.00283213,0.0,0.00283213,0.0,0.002832
candidates_i/n1361,candidates_i/U770/Y,AOI22X1,AND2X2/A,1,0.00179784,0.00179784,0.00176278,0.00176278,0.00179784,0.0,0.00179784,0.0,0.001798
candidates_i/n1362,candidates_i/U769/Y,AOI22X1,AND2X2/B,1,0.00186944,0.00186944,0.00182011,0.00182011,0.00186944,0.0,0.00186944,0.0,0.001869
candidates_i/n1363,candidates_i/U777/Y,AOI22X1,NAND3X1/A,1,0.00254759,0.00254759,0.00220852,0.00220852,0.00254759,0.0,0.00254759,0.0,0.002548
candidates_i/n1364,candidates_i/U776/Y,AOI22X1,NAND3X1/B,1,0.00283213,0.00283213,0.00259978,0.00259978,0.00283213,0.0,0.00283213,0.0,0.002832
candidates_i/n1366,candidates_i/U775/Y,AOI22X1,AND2X2/A,1,0.00179784,0.00179784,0.00176278,0.00176278,0.00179784,0.0,0.00179784,0.0,0.001798
candidates_i/n1367,candidates_i/U774/Y,AOI21X1,AND2X2/B,1,0.00186944,0.00186944,0.00182011,0.00182011,0.00186944,0.0,0.00186944,0.0,0.001869
candidates_i/n1368,candidates_i/U784/Y,NAND3X1,OR2X2/A,1,0.00230117,0.00229176,0.00230117,0.00229176,0.00230117,0.0,0.00230117,0.0,0.002301
candidates_i/n1369,candidates_i/U779/Y,NAND3X1,OR2X2/B,1,0.00234214,0.00228252,0.00234214,0.00228252,0.00234214,0.0,0.00234214,0.0,0.002342
candidates_i/n1370,candidates_i/U783/Y,AOI21X1,NAND3X1/A,1,0.00254759,0.00254759,0.00220852,0.00220852,0.00254759,0.0,0.00254759,0.0,0.002548
candidates_i/n1371,candidates_i/U782/Y,AOI22X1,NAND3X1/B,1,0.00283213,0.00283213,0.00259978,0.00259978,0.00283213,0.0,0.00283213,0.0,0.002832
candidates_i/n1373,candidates_i/U781/Y,AOI22X1,AND2X2/A,1,0.00179784,0.00179784,0.00176278,0.00176278,0.00179784,0.0,0.00179784,0.0,0.001798
candidates_i/n1374,candidates_i/U780/Y,AOI22X1,AND2X2/B,1,0.00186944,0.00186944,0.00182011,0.00182011,0.00186944,0.0,0.00186944,0.0,0.001869
candidates_i/n1375,candidates_i/U884/Y,NAND3X1,BUFX2/A,1,0.00153896,0.00153896,0.00150415,0.00150415,0.00153896,0.0,0.00153896,0.0,0.001539
candidates_i/n1376,candidates_i/U789/Y,AOI22X1,NAND3X1/A,1,0.00254759,0.00254759,0.00220852,0.00220852,0.00254759,0.0,0.00254759,0.0,0.002548
candidates_i/n1377,candidates_i/U787/Y,AOI21X1,NAND3X1/B,1,0.00283213,0.00283213,0.00259978,0.00259978,0.00283213,0.0,0.00283213,0.0,0.002832
candidates_i/n1379,candidates_i/U786/Y,AOI22X1,AND2X2/A,1,0.00179784,0.00179784,0.00176278,0.00176278,0.00179784,0.0,0.00179784,0.0,0.001798
candidates_i/n1380,candidates_i/U785/Y,AOI22X1,AND2X2/B,1,0.00186944,0.00186944,0.00182011,0.00182011,0.00186944,0.0,0.00186944,0.0,0.001869
candidates_i/n1382,candidates_i/U797/Y,NAND3X1,OR2X2/A,1,0.00230117,0.00229176,0.00230117,0.00229176,0.00230117,0.0,0.00230117,0.0,0.002301
candidates_i/n1383,candidates_i/U792/Y,NAND3X1,OR2X2/B,1,0.00234214,0.00228252,0.00234214,0.00228252,0.00234214,0.0,0.00234214,0.0,0.002342
candidates_i/n1384,candidates_i/U796/Y,AOI22X1,NAND3X1/A,1,0.00254759,0.00254759,0.00220852,0.00220852,0.00254759,0.0,0.00254759,0.0,0.002548
candidates_i/n1385,candidates_i/U795/Y,AOI22X1,NAND3X1/B,1,0.00283213,0.00283213,0.00259978,0.00259978,0.00283213,0.0,0.00283213,0.0,0.002832
candidates_i/n1387,candidates_i/U794/Y,AOI22X1,AND2X2/A,1,0.00179784,0.00179784,0.00176278,0.00176278,0.00179784,0.0,0.00179784,0.0,0.001798
candidates_i/n1388,candidates_i/U793/Y,AOI22X1,AND2X2/B,1,0.00186944,0.00186944,0.00182011,0.00182011,0.00186944,0.0,0.00186944,0.0,0.001869
candidates_i/n1389,candidates_i/U801/Y,AOI22X1,NAND3X1/A,1,0.00254759,0.00254759,0.00220852,0.00220852,0.00254759,0.0,0.00254759,0.0,0.002548
candidates_i/n1390,candidates_i/U800/Y,AOI22X1,NAND3X1/B,1,0.00283213,0.00283213,0.00259978,0.00259978,0.00283213,0.0,0.00283213,0.0,0.002832
candidates_i/n1392,candidates_i/U799/Y,AOI22X1,AND2X2/A,1,0.00179784,0.00179784,0.00176278,0.00176278,0.00179784,0.0,0.00179784,0.0,0.001798
candidates_i/n1393,candidates_i/U798/Y,AOI21X1,AND2X2/B,1,0.00186944,0.00186944,0.00182011,0.00182011,0.00186944,0.0,0.00186944,0.0,0.001869
candidates_i/n1394,candidates_i/U808/Y,NAND3X1,OR2X2/A,1,0.00230117,0.00229176,0.00230117,0.00229176,0.00230117,0.0,0.00230117,0.0,0.002301
candidates_i/n1395,candidates_i/U803/Y,NAND3X1,OR2X2/B,1,0.00234214,0.00228252,0.00234214,0.00228252,0.00234214,0.0,0.00234214,0.0,0.002342
candidates_i/n1396,candidates_i/U807/Y,AOI21X1,NAND3X1/A,1,0.00254759,0.00254759,0.00220852,0.00220852,0.00254759,0.0,0.00254759,0.0,0.002548
candidates_i/n1397,candidates_i/U806/Y,AOI22X1,NAND3X1/B,1,0.00283213,0.00283213,0.00259978,0.00259978,0.00283213,0.0,0.00283213,0.0,0.002832
candidates_i/n1399,candidates_i/U805/Y,AOI22X1,AND2X2/A,1,0.00179784,0.00179784,0.00176278,0.00176278,0.00179784,0.0,0.00179784,0.0,0.001798
candidates_i/n1400,candidates_i/U804/Y,AOI22X1,AND2X2/B,1,0.00186944,0.00186944,0.00182011,0.00182011,0.00186944,0.0,0.00186944,0.0,0.001869
candidates_i/n1401,candidates_i/U879/Y,NAND3X1,BUFX2/A,1,0.00153896,0.00153896,0.00150415,0.00150415,0.00153896,0.0,0.00153896,0.0,0.001539
candidates_i/n1402,candidates_i/U813/Y,AOI22X1,NAND3X1/A,1,0.00254759,0.00254759,0.00220852,0.00220852,0.00254759,0.0,0.00254759,0.0,0.002548
candidates_i/n1403,candidates_i/U811/Y,AOI21X1,NAND3X1/B,1,0.00283213,0.00283213,0.00259978,0.00259978,0.00283213,0.0,0.00283213,0.0,0.002832
candidates_i/n1405,candidates_i/U810/Y,AOI22X1,AND2X2/A,1,0.00179784,0.00179784,0.00176278,0.00176278,0.00179784,0.0,0.00179784,0.0,0.001798
candidates_i/n1406,candidates_i/U809/Y,AOI22X1,AND2X2/B,1,0.00186944,0.00186944,0.00182011,0.00182011,0.00186944,0.0,0.00186944,0.0,0.001869
candidates_i/n1408,candidates_i/U821/Y,NAND3X1,OR2X2/A,1,0.00230117,0.00229176,0.00230117,0.00229176,0.00230117,0.0,0.00230117,0.0,0.002301
candidates_i/n1409,candidates_i/U816/Y,NAND3X1,OR2X2/B,1,0.00234214,0.00228252,0.00234214,0.00228252,0.00234214,0.0,0.00234214,0.0,0.002342
candidates_i/n1410,candidates_i/U820/Y,AOI22X1,NAND3X1/A,1,0.00254759,0.00254759,0.00220852,0.00220852,0.00254759,0.0,0.00254759,0.0,0.002548
candidates_i/n1411,candidates_i/U819/Y,AOI22X1,NAND3X1/B,1,0.00283213,0.00283213,0.00259978,0.00259978,0.00283213,0.0,0.00283213,0.0,0.002832
candidates_i/n1413,candidates_i/U818/Y,AOI22X1,AND2X2/A,1,0.00179784,0.00179784,0.00176278,0.00176278,0.00179784,0.0,0.00179784,0.0,0.001798
candidates_i/n1414,candidates_i/U817/Y,AOI22X1,AND2X2/B,1,0.00186944,0.00186944,0.00182011,0.00182011,0.00186944,0.0,0.00186944,0.0,0.001869
candidates_i/n1415,candidates_i/U825/Y,AOI22X1,NAND3X1/A,1,0.00254759,0.00254759,0.00220852,0.00220852,0.00254759,0.0,0.00254759,0.0,0.002548
candidates_i/n1416,candidates_i/U824/Y,AOI22X1,NAND3X1/B,1,0.00283213,0.00283213,0.00259978,0.00259978,0.00283213,0.0,0.00283213,0.0,0.002832
candidates_i/n1418,candidates_i/U823/Y,AOI22X1,AND2X2/A,1,0.00179784,0.00179784,0.00176278,0.00176278,0.00179784,0.0,0.00179784,0.0,0.001798
candidates_i/n1419,candidates_i/U822/Y,AOI21X1,AND2X2/B,1,0.00186944,0.00186944,0.00182011,0.00182011,0.00186944,0.0,0.00186944,0.0,0.001869
candidates_i/n1420,candidates_i/U832/Y,NAND3X1,OR2X2/A,1,0.00230117,0.00229176,0.00230117,0.00229176,0.00230117,0.0,0.00230117,0.0,0.002301
candidates_i/n1421,candidates_i/U827/Y,NAND3X1,OR2X2/B,1,0.00234214,0.00228252,0.00234214,0.00228252,0.00234214,0.0,0.00234214,0.0,0.002342
candidates_i/n1422,candidates_i/U831/Y,AOI21X1,NAND3X1/A,1,0.00254759,0.00254759,0.00220852,0.00220852,0.00254759,0.0,0.00254759,0.0,0.002548
candidates_i/n1423,candidates_i/U830/Y,AOI22X1,NAND3X1/B,1,0.00283213,0.00283213,0.00259978,0.00259978,0.00283213,0.0,0.00283213,0.0,0.002832
candidates_i/n1425,candidates_i/U829/Y,AOI22X1,AND2X2/A,1,0.00179784,0.00179784,0.00176278,0.00176278,0.00179784,0.0,0.00179784,0.0,0.001798
candidates_i/n1426,candidates_i/U828/Y,AOI22X1,AND2X2/B,1,0.00186944,0.00186944,0.00182011,0.00182011,0.00186944,0.0,0.00186944,0.0,0.001869
candidates_i/n1427,candidates_i/U874/Y,NAND3X1,AOI21X1/C;INVX1/A,2,0.00393706,0.00393706,0.0037884,0.0037884,0.00393706,0.0,0.00393706,0.0,0.003937
candidates_i/n1428,candidates_i/U837/Y,AOI22X1,NAND3X1/A,1,0.00254759,0.00254759,0.00220852,0.00220852,0.00254759,0.0,0.00254759,0.0,0.002548
candidates_i/n1429,candidates_i/U835/Y,AOI21X1,NAND3X1/B,1,0.00283213,0.00283213,0.00259978,0.00259978,0.00283213,0.0,0.00283213,0.0,0.002832
candidates_i/n1431,candidates_i/U834/Y,AOI22X1,AND2X2/A,1,0.00179784,0.00179784,0.00176278,0.00176278,0.00179784,0.0,0.00179784,0.0,0.001798
candidates_i/n1432,candidates_i/U833/Y,AOI22X1,AND2X2/B,1,0.00186944,0.00186944,0.00182011,0.00182011,0.00186944,0.0,0.00186944,0.0,0.001869
candidates_i/n1434,candidates_i/U839/Y,NAND3X1,INVX1/A,1,0.00155103,0.00155103,0.00147616,0.00147616,0.00155103,0.0,0.00155103,0.0,0.001551
candidates_i/n1435,candidates_i/U840/Y,NAND2X1,NAND3X1/A,1,0.00254759,0.00254759,0.00220852,0.00220852,0.00254759,0.0,0.00254759,0.0,0.002548
candidates_i/n1438,candidates_i/U853/Y,NAND3X1,OR2X2/A,1,0.00230117,0.00229176,0.00230117,0.00229176,0.00230117,0.0,0.00230117,0.0,0.002301
candidates_i/n1439,candidates_i/U842/Y,NAND3X1,OR2X2/B,1,0.00234214,0.00228252,0.00234214,0.00228252,0.00234214,0.0,0.00234214,0.0,0.002342
candidates_i/n1440,candidates_i/U848/Y,AOI22X1,NAND3X1/A,1,0.00254759,0.00254759,0.00220852,0.00220852,0.00254759,0.0,0.00254759,0.0,0.002548
candidates_i/n1441,candidates_i/U847/Y,AOI22X1,NAND3X1/B,1,0.00283213,0.00283213,0.00259978,0.00259978,0.00283213,0.0,0.00283213,0.0,0.002832
candidates_i/n1443,candidates_i/U846/Y,AOI22X1,AND2X2/A,1,0.00179784,0.00179784,0.00176278,0.00176278,0.00179784,0.0,0.00179784,0.0,0.001798
candidates_i/n1444,candidates_i/U843/Y,AOI22X1,AND2X2/B,1,0.00186944,0.00186944,0.00182011,0.00182011,0.00186944,0.0,0.00186944,0.0,0.001869
candidates_i/n1445,candidates_i/U844/Y,NAND3X1,INVX1/A,1,0.00155103,0.00155103,0.00147616,0.00147616,0.00155103,0.0,0.00155103,0.0,0.001551
candidates_i/n1446,candidates_i/U845/Y,NAND2X1,NAND3X1/A,1,0.00254759,0.00254759,0.00220852,0.00220852,0.00254759,0.0,0.00254759,0.0,0.002548
candidates_i/n1448,candidates_i/U849/Y,NAND3X1,INVX1/A,1,0.00155103,0.00155103,0.00147616,0.00147616,0.00155103,0.0,0.00155103,0.0,0.001551
candidates_i/n1449,candidates_i/U850/Y,NAND2X1,NAND3X1/A,1,0.00254759,0.00254759,0.00220852,0.00220852,0.00254759,0.0,0.00254759,0.0,0.002548
candidates_i/n1453,candidates_i/U867/Y,AOI22X1,NAND3X1/A,1,0.00254759,0.00254759,0.00220852,0.00220852,0.00254759,0.0,0.00254759,0.0,0.002548
candidates_i/n1454,candidates_i/U862/Y,AOI22X1,NAND3X1/B,1,0.00283213,0.00283213,0.00259978,0.00259978,0.00283213,0.0,0.00283213,0.0,0.002832
candidates_i/n1456,candidates_i/U857/Y,AOI22X1,AND2X2/A,1,0.00179784,0.00179784,0.00176278,0.00176278,0.00179784,0.0,0.00179784,0.0,0.001798
candidates_i/n1457,candidates_i/U854/Y,AOI21X1,AND2X2/B,1,0.00186944,0.00186944,0.00182011,0.00182011,0.00186944,0.0,0.00186944,0.0,0.001869
candidates_i/n1466,candidates_i/U865/Y,NAND3X1,INVX1/A,1,0.00155103,0.00155103,0.00147616,0.00147616,0.00155103,0.0,0.00155103,0.0,0.001551
candidates_i/n1467,candidates_i/U866/Y,NAND2X1,NAND3X1/A,1,0.00254759,0.00254759,0.00220852,0.00220852,0.00254759,0.0,0.00254759,0.0,0.002548
candidates_i/n1469,candidates_i/U869/Y,NAND2X1,NAND3X1/A,1,0.00254759,0.00254759,0.00220852,0.00220852,0.00254759,0.0,0.00254759,0.0,0.002548
candidates_i/n1471,candidates_i/U871/Y,NAND2X1,NAND3X1/A,1,0.00254759,0.00254759,0.00220852,0.00220852,0.00254759,0.0,0.00254759,0.0,0.002548
candidates_i/n1473,candidates_i/U881/Y,AOI22X1,NAND3X1/A,1,0.00254759,0.00254759,0.00220852,0.00220852,0.00254759,0.0,0.00254759,0.0,0.002548
candidates_i/n1474,candidates_i/U878/Y,NAND2X1,NAND3X1/B,1,0.00283213,0.00283213,0.00259978,0.00259978,0.00283213,0.0,0.00283213,0.0,0.002832
candidates_i/n1475,candidates_i/U873/Y,AOI22X1,NAND3X1/C,1,0.00296109,0.00296109,0.0028316,0.0028316,0.00296109,0.0,0.00296109,0.0,0.002961
candidates_i/n1476,candidates_i/U875/Y,NAND2X1,NAND3X1/A,1,0.00254759,0.00254759,0.00220852,0.00220852,0.00254759,0.0,0.00254759,0.0,0.002548
candidates_i/n1478,candidates_i/U876/Y,NAND3X1,INVX1/A,1,0.00155103,0.00155103,0.00147616,0.00147616,0.00155103,0.0,0.00155103,0.0,0.001551
candidates_i/n1479,candidates_i/U877/Y,NAND2X1,NAND3X1/A,1,0.00254759,0.00254759,0.00220852,0.00220852,0.00254759,0.0,0.00254759,0.0,0.002548
candidates_i/n1483,candidates_i/U882/Y,NAND3X1,INVX1/A,1,0.00155103,0.00155103,0.00147616,0.00147616,0.00155103,0.0,0.00155103,0.0,0.001551
candidates_i/n1484,candidates_i/U883/Y,NAND2X1,NAND3X1/A,1,0.00254759,0.00254759,0.00220852,0.00220852,0.00254759,0.0,0.00254759,0.0,0.002548
candidates_i/n1490,candidates_i/U894/Y,NAND3X1,NOR3X1/A,1,0.00302113,0.00302113,0.00301081,0.00301081,0.00302113,0.0,0.00302113,0.0,0.003021
candidates_i/n1491,candidates_i/U891/Y,NAND2X1,NOR3X1/B,1,0.003067,0.00306333,0.003067,0.00306333,0.003067,0.0,0.003067,0.0,0.003067
candidates_i/n1492,candidates_i/U888/Y,NAND2X1,NOR3X1/C,1,0.00328822,0.00328822,0.00322576,0.00322576,0.00328822,0.0,0.00328822,0.0,0.003288
candidates_i/n1493,candidates_i/U890/Y,NAND3X1,NAND2X1/A,1,0.00211057,0.00211057,0.00188435,0.00188435,0.00211057,0.0,0.00211057,0.0,0.002111
candidates_i/n1494,candidates_i/U889/Y,NAND3X1,NAND2X1/B,1,0.00202749,0.00202749,0.00194421,0.00194421,0.00202749,0.0,0.00202749,0.0,0.002027
candidates_i/n1495,candidates_i/U893/Y,NAND3X1,NAND2X1/A,1,0.00211057,0.00211057,0.00188435,0.00188435,0.00211057,0.0,0.00211057,0.0,0.002111
candidates_i/n1496,candidates_i/U892/Y,NAND3X1,NAND2X1/B,1,0.00202749,0.00202749,0.00194421,0.00194421,0.00202749,0.0,0.00202749,0.0,0.002027
candidates_i/n1497,candidates_i/U898/Y,NAND3X1,NAND3X1/A,1,0.00254759,0.00254759,0.00220852,0.00220852,0.00254759,0.0,0.00254759,0.0,0.002548
candidates_i/n1498,candidates_i/U897/Y,NAND3X1,NAND3X1/B,1,0.00283213,0.00283213,0.00259978,0.00259978,0.00283213,0.0,0.00283213,0.0,0.002832
candidates_i/n1500,candidates_i/U896/Y,NAND3X1,AND2X2/A,1,0.00179784,0.00179784,0.00176278,0.00176278,0.00179784,0.0,0.00179784,0.0,0.001798
candidates_i/n1501,candidates_i/U895/Y,NAND3X1,AND2X2/B,1,0.00186944,0.00186944,0.00182011,0.00182011,0.00186944,0.0,0.00186944,0.0,0.001869
candidates_i/n1502,candidates_i/U906/Y,NAND3X1,NOR3X1/A,1,0.00302113,0.00302113,0.00301081,0.00301081,0.00302113,0.0,0.00302113,0.0,0.003021
candidates_i/n1503,candidates_i/U903/Y,NAND2X1,NOR3X1/B,1,0.003067,0.00306333,0.003067,0.00306333,0.003067,0.0,0.003067,0.0,0.003067
candidates_i/n1504,candidates_i/U900/Y,NAND2X1,NOR3X1/C,1,0.00328822,0.00328822,0.00322576,0.00322576,0.00328822,0.0,0.00328822,0.0,0.003288
candidates_i/n1505,candidates_i/U902/Y,NAND3X1,NAND2X1/A,1,0.00211057,0.00211057,0.00188435,0.00188435,0.00211057,0.0,0.00211057,0.0,0.002111
candidates_i/n1506,candidates_i/U901/Y,NAND3X1,NAND2X1/B,1,0.00202749,0.00202749,0.00194421,0.00194421,0.00202749,0.0,0.00202749,0.0,0.002027
candidates_i/n1507,candidates_i/U905/Y,NAND3X1,NAND2X1/A,1,0.00211057,0.00211057,0.00188435,0.00188435,0.00211057,0.0,0.00211057,0.0,0.002111
candidates_i/n1508,candidates_i/U904/Y,NAND3X1,NAND2X1/B,1,0.00202749,0.00202749,0.00194421,0.00194421,0.00202749,0.0,0.00202749,0.0,0.002027
candidates_i/n1509,candidates_i/U910/Y,NAND3X1,NAND3X1/A,1,0.00254759,0.00254759,0.00220852,0.00220852,0.00254759,0.0,0.00254759,0.0,0.002548
candidates_i/n1510,candidates_i/U909/Y,NAND3X1,NAND3X1/B,1,0.00283213,0.00283213,0.00259978,0.00259978,0.00283213,0.0,0.00283213,0.0,0.002832
candidates_i/n1512,candidates_i/U908/Y,NAND3X1,AND2X2/A,1,0.00179784,0.00179784,0.00176278,0.00176278,0.00179784,0.0,0.00179784,0.0,0.001798
candidates_i/n1513,candidates_i/U907/Y,NAND3X1,AND2X2/B,1,0.00186944,0.00186944,0.00182011,0.00182011,0.00186944,0.0,0.00186944,0.0,0.001869
candidates_i/n1514,candidates_i/U928/Y,NAND3X1,NOR3X1/A,1,0.00302113,0.00302113,0.00301081,0.00301081,0.00302113,0.0,0.00302113,0.0,0.003021
candidates_i/n1515,candidates_i/U914/Y,NAND3X1,NOR3X1/B,1,0.003067,0.00306333,0.003067,0.00306333,0.003067,0.0,0.003067,0.0,0.003067
candidates_i/n1517,candidates_i/U1115/Y,NAND3X1,BUFX2/A,1,0.00153896,0.00153896,0.00150415,0.00150415,0.00153896,0.0,0.00153896,0.0,0.001539
candidates_i/n1518,candidates_i/U913/Y,NAND2X1,OAI21X1/C,1,0.00200991,0.00200991,0.0019239,0.0019239,0.00200991,0.0,0.00200991,0.0,0.00201
candidates_i/n1519,candidates_i/U915/Y,NAND2X1,NAND3X1/C,1,0.00296109,0.00296109,0.0028316,0.0028316,0.00296109,0.0,0.00296109,0.0,0.002961
candidates_i/n1520,candidates_i/U922/Y,NAND3X1,OR2X2/A,1,0.00230117,0.00229176,0.00230117,0.00229176,0.00230117,0.0,0.00230117,0.0,0.002301
candidates_i/n1521,candidates_i/U917/Y,NAND3X1,OR2X2/B,1,0.00234214,0.00228252,0.00234214,0.00228252,0.00234214,0.0,0.00234214,0.0,0.002342
candidates_i/n1522,candidates_i/U921/Y,AOI21X1,NAND3X1/A,1,0.00254759,0.00254759,0.00220852,0.00220852,0.00254759,0.0,0.00254759,0.0,0.002548
candidates_i/n1523,candidates_i/U920/Y,AOI22X1,NAND3X1/B,1,0.00283213,0.00283213,0.00259978,0.00259978,0.00283213,0.0,0.00283213,0.0,0.002832
candidates_i/n1525,candidates_i/U919/Y,AOI22X1,AND2X2/A,1,0.00179784,0.00179784,0.00176278,0.00176278,0.00179784,0.0,0.00179784,0.0,0.001798
candidates_i/n1526,candidates_i/U918/Y,AOI22X1,AND2X2/B,1,0.00186944,0.00186944,0.00182011,0.00182011,0.00186944,0.0,0.00186944,0.0,0.001869
candidates_i/n1527,candidates_i/U1108/Y,NAND3X1,AOI21X1/C;INVX1/A,2,0.00393706,0.00393706,0.0037884,0.0037884,0.00393706,0.0,0.00393706,0.0,0.003937
candidates_i/n1528,candidates_i/U927/Y,AOI22X1,NAND3X1/A,1,0.00254759,0.00254759,0.00220852,0.00220852,0.00254759,0.0,0.00254759,0.0,0.002548
candidates_i/n1529,candidates_i/U925/Y,AOI21X1,NAND3X1/B,1,0.00283213,0.00283213,0.00259978,0.00259978,0.00283213,0.0,0.00283213,0.0,0.002832
candidates_i/n1531,candidates_i/U924/Y,AOI22X1,AND2X2/A,1,0.00179784,0.00179784,0.00176278,0.00176278,0.00179784,0.0,0.00179784,0.0,0.001798
candidates_i/n1532,candidates_i/U923/Y,AOI22X1,AND2X2/B,1,0.00186944,0.00186944,0.00182011,0.00182011,0.00186944,0.0,0.00186944,0.0,0.001869
candidates_i/n1534,candidates_i/U1112/Y,NAND3X1,BUFX2/A,1,0.00153896,0.00153896,0.00150415,0.00150415,0.00153896,0.0,0.00153896,0.0,0.001539
candidates_i/n1535,candidates_i/U931/Y,AOI22X1,NAND3X1/A,1,0.00254759,0.00254759,0.00220852,0.00220852,0.00254759,0.0,0.00254759,0.0,0.002548
candidates_i/n1536,candidates_i/U930/Y,NAND2X1,NAND3X1/B,1,0.00283213,0.00283213,0.00259978,0.00259978,0.00283213,0.0,0.00283213,0.0,0.002832
candidates_i/n1537,candidates_i/U929/Y,AOI22X1,NAND3X1/C,1,0.00296109,0.00296109,0.0028316,0.0028316,0.00296109,0.0,0.00296109,0.0,0.002961
candidates_i/n1538,candidates_i/U1129/Y,NAND3X1,NOR2X1/A,1,0.00224248,0.00224248,0.00220861,0.00220861,0.00224248,0.0,0.00224248,0.0,0.002242
candidates_i/n1539,candidates_i/U933/Y,NAND3X1,NOR2X1/B,1,0.00236501,0.00236501,0.00229711,0.00229711,0.00236501,0.0,0.00236501,0.0,0.002365
candidates_i/n1540,candidates_i/U934/Y,AOI22X1,NAND3X1/C,1,0.00296109,0.00296109,0.0028316,0.0028316,0.00296109,0.0,0.00296109,0.0,0.002961
candidates_i/n1541,candidates_i/U935/Y,NAND3X1,INVX1/A,1,0.00155103,0.00155103,0.00147616,0.00147616,0.00155103,0.0,0.00155103,0.0,0.001551
candidates_i/n1542,candidates_i/U1095/Y,NAND2X1,NAND3X1/A,1,0.00254759,0.00254759,0.00220852,0.00220852,0.00254759,0.0,0.00254759,0.0,0.002548
candidates_i/n1543,candidates_i/U936/Y,NAND3X1,INVX1/A,1,0.00155103,0.00155103,0.00147616,0.00147616,0.00155103,0.0,0.00155103,0.0,0.001551
candidates_i/n1544,candidates_i/U1071/Y,NAND2X1,NAND3X1/A,1,0.00254759,0.00254759,0.00220852,0.00220852,0.00254759,0.0,0.00254759,0.0,0.002548
candidates_i/n1545,candidates_i/U937/Y,NAND3X1,INVX1/A,1,0.00155103,0.00155103,0.00147616,0.00147616,0.00155103,0.0,0.00155103,0.0,0.001551
candidates_i/n1546,candidates_i/U1047/Y,NAND2X1,NAND3X1/A,1,0.00254759,0.00254759,0.00220852,0.00220852,0.00254759,0.0,0.00254759,0.0,0.002548
candidates_i/n1547,candidates_i/U938/Y,NAND3X1,INVX1/A,1,0.00155103,0.00155103,0.00147616,0.00147616,0.00155103,0.0,0.00155103,0.0,0.001551
candidates_i/n1548,candidates_i/U1023/Y,NAND2X1,NAND3X1/A,1,0.00254759,0.00254759,0.00220852,0.00220852,0.00254759,0.0,0.00254759,0.0,0.002548
candidates_i/n1550,candidates_i/U976/Y,NAND2X1,NAND3X1/A,1,0.00254759,0.00254759,0.00220852,0.00220852,0.00254759,0.0,0.00254759,0.0,0.002548
candidates_i/n1551,candidates_i/U947/Y,NAND3X1,OR2X2/A,1,0.00230117,0.00229176,0.00230117,0.00229176,0.00230117,0.0,0.00230117,0.0,0.002301
candidates_i/n1552,candidates_i/U942/Y,NAND3X1,OR2X2/B,1,0.00234214,0.00228252,0.00234214,0.00228252,0.00234214,0.0,0.00234214,0.0,0.002342
candidates_i/n1553,candidates_i/U946/Y,AOI21X1,NAND3X1/A,1,0.00254759,0.00254759,0.00220852,0.00220852,0.00254759,0.0,0.00254759,0.0,0.002548
candidates_i/n1554,candidates_i/U945/Y,AOI22X1,NAND3X1/B,1,0.00283213,0.00283213,0.00259978,0.00259978,0.00283213,0.0,0.00283213,0.0,0.002832
candidates_i/n1556,candidates_i/U944/Y,AOI22X1,AND2X2/A,1,0.00179784,0.00179784,0.00176278,0.00176278,0.00179784,0.0,0.00179784,0.0,0.001798
candidates_i/n1557,candidates_i/U943/Y,AOI22X1,AND2X2/B,1,0.00186944,0.00186944,0.00182011,0.00182011,0.00186944,0.0,0.00186944,0.0,0.001869
candidates_i/n1558,candidates_i/U952/Y,AOI22X1,NAND3X1/A,1,0.00254759,0.00254759,0.00220852,0.00220852,0.00254759,0.0,0.00254759,0.0,0.002548
candidates_i/n1559,candidates_i/U950/Y,AOI21X1,NAND3X1/B,1,0.00283213,0.00283213,0.00259978,0.00259978,0.00283213,0.0,0.00283213,0.0,0.002832
candidates_i/n1561,candidates_i/U949/Y,AOI22X1,AND2X2/A,1,0.00179784,0.00179784,0.00176278,0.00176278,0.00179784,0.0,0.00179784,0.0,0.001798
candidates_i/n1562,candidates_i/U948/Y,AOI22X1,AND2X2/B,1,0.00186944,0.00186944,0.00182011,0.00182011,0.00186944,0.0,0.00186944,0.0,0.001869
candidates_i/n1564,candidates_i/U1117/Y,NAND3X1,BUFX2/A,1,0.00153896,0.00153896,0.00150415,0.00150415,0.00153896,0.0,0.00153896,0.0,0.001539
candidates_i/n1565,candidates_i/U959/Y,NAND3X1,OR2X2/A,1,0.00230117,0.00229176,0.00230117,0.00229176,0.00230117,0.0,0.00230117,0.0,0.002301
candidates_i/n1566,candidates_i/U954/Y,NAND3X1,OR2X2/B,1,0.00234214,0.00228252,0.00234214,0.00228252,0.00234214,0.0,0.00234214,0.0,0.002342
candidates_i/n1567,candidates_i/U958/Y,AOI22X1,NAND3X1/A,1,0.00254759,0.00254759,0.00220852,0.00220852,0.00254759,0.0,0.00254759,0.0,0.002548
candidates_i/n1568,candidates_i/U957/Y,AOI22X1,NAND3X1/B,1,0.00283213,0.00283213,0.00259978,0.00259978,0.00283213,0.0,0.00283213,0.0,0.002832
candidates_i/n1570,candidates_i/U956/Y,AOI22X1,AND2X2/A,1,0.00179784,0.00179784,0.00176278,0.00176278,0.00179784,0.0,0.00179784,0.0,0.001798
candidates_i/n1571,candidates_i/U955/Y,AOI22X1,AND2X2/B,1,0.00186944,0.00186944,0.00182011,0.00182011,0.00186944,0.0,0.00186944,0.0,0.001869
candidates_i/n1572,candidates_i/U963/Y,AOI22X1,NAND3X1/A,1,0.00254759,0.00254759,0.00220852,0.00220852,0.00254759,0.0,0.00254759,0.0,0.002548
candidates_i/n1573,candidates_i/U962/Y,AOI22X1,NAND3X1/B,1,0.00283213,0.00283213,0.00259978,0.00259978,0.00283213,0.0,0.00283213,0.0,0.002832
candidates_i/n1575,candidates_i/U961/Y,AOI22X1,AND2X2/A,1,0.00179784,0.00179784,0.00176278,0.00176278,0.00179784,0.0,0.00179784,0.0,0.001798
candidates_i/n1576,candidates_i/U960/Y,AOI21X1,AND2X2/B,1,0.00186944,0.00186944,0.00182011,0.00182011,0.00186944,0.0,0.00186944,0.0,0.001869
candidates_i/n1577,candidates_i/U970/Y,NAND3X1,OR2X2/A,1,0.00230117,0.00229176,0.00230117,0.00229176,0.00230117,0.0,0.00230117,0.0,0.002301
candidates_i/n1578,candidates_i/U965/Y,NAND3X1,OR2X2/B,1,0.00234214,0.00228252,0.00234214,0.00228252,0.00234214,0.0,0.00234214,0.0,0.002342
candidates_i/n1579,candidates_i/U969/Y,AOI21X1,NAND3X1/A,1,0.00254759,0.00254759,0.00220852,0.00220852,0.00254759,0.0,0.00254759,0.0,0.002548
candidates_i/n1580,candidates_i/U968/Y,AOI22X1,NAND3X1/B,1,0.00283213,0.00283213,0.00259978,0.00259978,0.00283213,0.0,0.00283213,0.0,0.002832
candidates_i/n1582,candidates_i/U967/Y,AOI22X1,AND2X2/A,1,0.00179784,0.00179784,0.00176278,0.00176278,0.00179784,0.0,0.00179784,0.0,0.001798
candidates_i/n1583,candidates_i/U966/Y,AOI22X1,AND2X2/B,1,0.00186944,0.00186944,0.00182011,0.00182011,0.00186944,0.0,0.00186944,0.0,0.001869
candidates_i/n1584,candidates_i/U975/Y,AOI22X1,NAND3X1/A,1,0.00254759,0.00254759,0.00220852,0.00220852,0.00254759,0.0,0.00254759,0.0,0.002548
candidates_i/n1585,candidates_i/U973/Y,AOI21X1,NAND3X1/B,1,0.00283213,0.00283213,0.00259978,0.00259978,0.00283213,0.0,0.00283213,0.0,0.002832
candidates_i/n1587,candidates_i/U972/Y,AOI22X1,AND2X2/A,1,0.00179784,0.00179784,0.00176278,0.00176278,0.00179784,0.0,0.00179784,0.0,0.001798
candidates_i/n1588,candidates_i/U971/Y,AOI22X1,AND2X2/B,1,0.00186944,0.00186944,0.00182011,0.00182011,0.00186944,0.0,0.00186944,0.0,0.001869
candidates_i/n1590,candidates_i/U983/Y,NAND3X1,OR2X2/A,1,0.00230117,0.00229176,0.00230117,0.00229176,0.00230117,0.0,0.00230117,0.0,0.002301
candidates_i/n1591,candidates_i/U978/Y,NAND3X1,OR2X2/B,1,0.00234214,0.00228252,0.00234214,0.00228252,0.00234214,0.0,0.00234214,0.0,0.002342
candidates_i/n1592,candidates_i/U982/Y,AOI22X1,NAND3X1/A,1,0.00254759,0.00254759,0.00220852,0.00220852,0.00254759,0.0,0.00254759,0.0,0.002548
candidates_i/n1593,candidates_i/U981/Y,AOI22X1,NAND3X1/B,1,0.00283213,0.00283213,0.00259978,0.00259978,0.00283213,0.0,0.00283213,0.0,0.002832
candidates_i/n1595,candidates_i/U980/Y,AOI22X1,AND2X2/A,1,0.00179784,0.00179784,0.00176278,0.00176278,0.00179784,0.0,0.00179784,0.0,0.001798
candidates_i/n1596,candidates_i/U979/Y,AOI22X1,AND2X2/B,1,0.00186944,0.00186944,0.00182011,0.00182011,0.00186944,0.0,0.00186944,0.0,0.001869
candidates_i/n1597,candidates_i/U987/Y,AOI22X1,NAND3X1/A,1,0.00254759,0.00254759,0.00220852,0.00220852,0.00254759,0.0,0.00254759,0.0,0.002548
candidates_i/n1598,candidates_i/U986/Y,AOI22X1,NAND3X1/B,1,0.00283213,0.00283213,0.00259978,0.00259978,0.00283213,0.0,0.00283213,0.0,0.002832
candidates_i/n1600,candidates_i/U985/Y,AOI22X1,AND2X2/A,1,0.00179784,0.00179784,0.00176278,0.00176278,0.00179784,0.0,0.00179784,0.0,0.001798
candidates_i/n1601,candidates_i/U984/Y,AOI21X1,AND2X2/B,1,0.00186944,0.00186944,0.00182011,0.00182011,0.00186944,0.0,0.00186944,0.0,0.001869
candidates_i/n1602,candidates_i/U994/Y,NAND3X1,OR2X2/A,1,0.00230117,0.00229176,0.00230117,0.00229176,0.00230117,0.0,0.00230117,0.0,0.002301
candidates_i/n1603,candidates_i/U989/Y,NAND3X1,OR2X2/B,1,0.00234214,0.00228252,0.00234214,0.00228252,0.00234214,0.0,0.00234214,0.0,0.002342
candidates_i/n1604,candidates_i/U993/Y,AOI21X1,NAND3X1/A,1,0.00254759,0.00254759,0.00220852,0.00220852,0.00254759,0.0,0.00254759,0.0,0.002548
candidates_i/n1605,candidates_i/U992/Y,AOI22X1,NAND3X1/B,1,0.00283213,0.00283213,0.00259978,0.00259978,0.00283213,0.0,0.00283213,0.0,0.002832
candidates_i/n1607,candidates_i/U991/Y,AOI22X1,AND2X2/A,1,0.00179784,0.00179784,0.00176278,0.00176278,0.00179784,0.0,0.00179784,0.0,0.001798
candidates_i/n1608,candidates_i/U990/Y,AOI22X1,AND2X2/B,1,0.00186944,0.00186944,0.00182011,0.00182011,0.00186944,0.0,0.00186944,0.0,0.001869
candidates_i/n1609,candidates_i/U1120/Y,NAND3X1,AOI21X1/C;INVX1/A,2,0.00393706,0.00393706,0.0037884,0.0037884,0.00393706,0.0,0.00393706,0.0,0.003937
candidates_i/n1610,candidates_i/U999/Y,AOI22X1,NAND3X1/A,1,0.00254759,0.00254759,0.00220852,0.00220852,0.00254759,0.0,0.00254759,0.0,0.002548
candidates_i/n1611,candidates_i/U997/Y,AOI21X1,NAND3X1/B,1,0.00283213,0.00283213,0.00259978,0.00259978,0.00283213,0.0,0.00283213,0.0,0.002832
candidates_i/n1613,candidates_i/U996/Y,AOI22X1,AND2X2/A,1,0.00179784,0.00179784,0.00176278,0.00176278,0.00179784,0.0,0.00179784,0.0,0.001798
candidates_i/n1614,candidates_i/U995/Y,AOI22X1,AND2X2/B,1,0.00186944,0.00186944,0.00182011,0.00182011,0.00186944,0.0,0.00186944,0.0,0.001869
candidates_i/n1616,candidates_i/U1006/Y,NAND3X1,OR2X2/A,1,0.00230117,0.00229176,0.00230117,0.00229176,0.00230117,0.0,0.00230117,0.0,0.002301
candidates_i/n1617,candidates_i/U1001/Y,NAND3X1,OR2X2/B,1,0.00234214,0.00228252,0.00234214,0.00228252,0.00234214,0.0,0.00234214,0.0,0.002342
candidates_i/n1618,candidates_i/U1005/Y,AOI22X1,NAND3X1/A,1,0.00254759,0.00254759,0.00220852,0.00220852,0.00254759,0.0,0.00254759,0.0,0.002548
candidates_i/n1619,candidates_i/U1004/Y,AOI22X1,NAND3X1/B,1,0.00283213,0.00283213,0.00259978,0.00259978,0.00283213,0.0,0.00283213,0.0,0.002832
candidates_i/n1621,candidates_i/U1003/Y,AOI22X1,AND2X2/A,1,0.00179784,0.00179784,0.00176278,0.00176278,0.00179784,0.0,0.00179784,0.0,0.001798
candidates_i/n1622,candidates_i/U1002/Y,AOI22X1,AND2X2/B,1,0.00186944,0.00186944,0.00182011,0.00182011,0.00186944,0.0,0.00186944,0.0,0.001869
candidates_i/n1623,candidates_i/U1010/Y,AOI22X1,NAND3X1/A,1,0.00254759,0.00254759,0.00220852,0.00220852,0.00254759,0.0,0.00254759,0.0,0.002548
candidates_i/n1624,candidates_i/U1009/Y,AOI22X1,NAND3X1/B,1,0.00283213,0.00283213,0.00259978,0.00259978,0.00283213,0.0,0.00283213,0.0,0.002832
candidates_i/n1626,candidates_i/U1008/Y,AOI22X1,AND2X2/A,1,0.00179784,0.00179784,0.00176278,0.00176278,0.00179784,0.0,0.00179784,0.0,0.001798
candidates_i/n1627,candidates_i/U1007/Y,AOI21X1,AND2X2/B,1,0.00186944,0.00186944,0.00182011,0.00182011,0.00186944,0.0,0.00186944,0.0,0.001869
candidates_i/n1628,candidates_i/U1017/Y,NAND3X1,OR2X2/A,1,0.00230117,0.00229176,0.00230117,0.00229176,0.00230117,0.0,0.00230117,0.0,0.002301
candidates_i/n1629,candidates_i/U1012/Y,NAND3X1,OR2X2/B,1,0.00234214,0.00228252,0.00234214,0.00228252,0.00234214,0.0,0.00234214,0.0,0.002342
candidates_i/n1630,candidates_i/U1016/Y,AOI21X1,NAND3X1/A,1,0.00254759,0.00254759,0.00220852,0.00220852,0.00254759,0.0,0.00254759,0.0,0.002548
candidates_i/n1631,candidates_i/U1015/Y,AOI22X1,NAND3X1/B,1,0.00283213,0.00283213,0.00259978,0.00259978,0.00283213,0.0,0.00283213,0.0,0.002832
candidates_i/n1633,candidates_i/U1014/Y,AOI22X1,AND2X2/A,1,0.00179784,0.00179784,0.00176278,0.00176278,0.00179784,0.0,0.00179784,0.0,0.001798
candidates_i/n1634,candidates_i/U1013/Y,AOI22X1,AND2X2/B,1,0.00186944,0.00186944,0.00182011,0.00182011,0.00186944,0.0,0.00186944,0.0,0.001869
candidates_i/n1635,candidates_i/U1125/Y,NAND3X1,AOI21X1/C;INVX1/A,2,0.00393706,0.00393706,0.0037884,0.0037884,0.00393706,0.0,0.00393706,0.0,0.003937
candidates_i/n1636,candidates_i/U1022/Y,AOI22X1,NAND3X1/A,1,0.00254759,0.00254759,0.00220852,0.00220852,0.00254759,0.0,0.00254759,0.0,0.002548
candidates_i/n1637,candidates_i/U1020/Y,AOI21X1,NAND3X1/B,1,0.00283213,0.00283213,0.00259978,0.00259978,0.00283213,0.0,0.00283213,0.0,0.002832
candidates_i/n1639,candidates_i/U1019/Y,AOI22X1,AND2X2/A,1,0.00179784,0.00179784,0.00176278,0.00176278,0.00179784,0.0,0.00179784,0.0,0.001798
candidates_i/n1640,candidates_i/U1018/Y,AOI22X1,AND2X2/B,1,0.00186944,0.00186944,0.00182011,0.00182011,0.00186944,0.0,0.00186944,0.0,0.001869
candidates_i/n1642,candidates_i/U1030/Y,NAND3X1,OR2X2/A,1,0.00230117,0.00229176,0.00230117,0.00229176,0.00230117,0.0,0.00230117,0.0,0.002301
candidates_i/n1643,candidates_i/U1025/Y,NAND3X1,OR2X2/B,1,0.00234214,0.00228252,0.00234214,0.00228252,0.00234214,0.0,0.00234214,0.0,0.002342
candidates_i/n1644,candidates_i/U1029/Y,AOI22X1,NAND3X1/A,1,0.00254759,0.00254759,0.00220852,0.00220852,0.00254759,0.0,0.00254759,0.0,0.002548
candidates_i/n1645,candidates_i/U1028/Y,AOI22X1,NAND3X1/B,1,0.00283213,0.00283213,0.00259978,0.00259978,0.00283213,0.0,0.00283213,0.0,0.002832
candidates_i/n1647,candidates_i/U1027/Y,AOI22X1,AND2X2/A,1,0.00179784,0.00179784,0.00176278,0.00176278,0.00179784,0.0,0.00179784,0.0,0.001798
candidates_i/n1648,candidates_i/U1026/Y,AOI22X1,AND2X2/B,1,0.00186944,0.00186944,0.00182011,0.00182011,0.00186944,0.0,0.00186944,0.0,0.001869
candidates_i/n1649,candidates_i/U1034/Y,AOI22X1,NAND3X1/A,1,0.00254759,0.00254759,0.00220852,0.00220852,0.00254759,0.0,0.00254759,0.0,0.002548
candidates_i/n1650,candidates_i/U1033/Y,AOI22X1,NAND3X1/B,1,0.00283213,0.00283213,0.00259978,0.00259978,0.00283213,0.0,0.00283213,0.0,0.002832
candidates_i/n1652,candidates_i/U1032/Y,AOI22X1,AND2X2/A,1,0.00179784,0.00179784,0.00176278,0.00176278,0.00179784,0.0,0.00179784,0.0,0.001798
candidates_i/n1653,candidates_i/U1031/Y,AOI21X1,AND2X2/B,1,0.00186944,0.00186944,0.00182011,0.00182011,0.00186944,0.0,0.00186944,0.0,0.001869
candidates_i/n1654,candidates_i/U1041/Y,NAND3X1,OR2X2/A,1,0.00230117,0.00229176,0.00230117,0.00229176,0.00230117,0.0,0.00230117,0.0,0.002301
candidates_i/n1655,candidates_i/U1036/Y,NAND3X1,OR2X2/B,1,0.00234214,0.00228252,0.00234214,0.00228252,0.00234214,0.0,0.00234214,0.0,0.002342
candidates_i/n1656,candidates_i/U1040/Y,AOI21X1,NAND3X1/A,1,0.00254759,0.00254759,0.00220852,0.00220852,0.00254759,0.0,0.00254759,0.0,0.002548
candidates_i/n1657,candidates_i/U1039/Y,AOI22X1,NAND3X1/B,1,0.00283213,0.00283213,0.00259978,0.00259978,0.00283213,0.0,0.00283213,0.0,0.002832
candidates_i/n1659,candidates_i/U1038/Y,AOI22X1,AND2X2/A,1,0.00179784,0.00179784,0.00176278,0.00176278,0.00179784,0.0,0.00179784,0.0,0.001798
candidates_i/n1660,candidates_i/U1037/Y,AOI22X1,AND2X2/B,1,0.00186944,0.00186944,0.00182011,0.00182011,0.00186944,0.0,0.00186944,0.0,0.001869
candidates_i/n1661,candidates_i/U1141/Y,NAND3X1,BUFX2/A,1,0.00153896,0.00153896,0.00150415,0.00150415,0.00153896,0.0,0.00153896,0.0,0.001539
candidates_i/n1662,candidates_i/U1046/Y,AOI22X1,NAND3X1/A,1,0.00254759,0.00254759,0.00220852,0.00220852,0.00254759,0.0,0.00254759,0.0,0.002548
candidates_i/n1663,candidates_i/U1044/Y,AOI21X1,NAND3X1/B,1,0.00283213,0.00283213,0.00259978,0.00259978,0.00283213,0.0,0.00283213,0.0,0.002832
candidates_i/n1665,candidates_i/U1043/Y,AOI22X1,AND2X2/A,1,0.00179784,0.00179784,0.00176278,0.00176278,0.00179784,0.0,0.00179784,0.0,0.001798
candidates_i/n1666,candidates_i/U1042/Y,AOI22X1,AND2X2/B,1,0.00186944,0.00186944,0.00182011,0.00182011,0.00186944,0.0,0.00186944,0.0,0.001869
candidates_i/n1668,candidates_i/U1054/Y,NAND3X1,OR2X2/A,1,0.00230117,0.00229176,0.00230117,0.00229176,0.00230117,0.0,0.00230117,0.0,0.002301
candidates_i/n1669,candidates_i/U1049/Y,NAND3X1,OR2X2/B,1,0.00234214,0.00228252,0.00234214,0.00228252,0.00234214,0.0,0.00234214,0.0,0.002342
candidates_i/n1670,candidates_i/U1053/Y,AOI22X1,NAND3X1/A,1,0.00254759,0.00254759,0.00220852,0.00220852,0.00254759,0.0,0.00254759,0.0,0.002548
candidates_i/n1671,candidates_i/U1052/Y,AOI22X1,NAND3X1/B,1,0.00283213,0.00283213,0.00259978,0.00259978,0.00283213,0.0,0.00283213,0.0,0.002832
candidates_i/n1673,candidates_i/U1051/Y,AOI22X1,AND2X2/A,1,0.00179784,0.00179784,0.00176278,0.00176278,0.00179784,0.0,0.00179784,0.0,0.001798
candidates_i/n1674,candidates_i/U1050/Y,AOI22X1,AND2X2/B,1,0.00186944,0.00186944,0.00182011,0.00182011,0.00186944,0.0,0.00186944,0.0,0.001869
candidates_i/n1675,candidates_i/U1058/Y,AOI22X1,NAND3X1/A,1,0.00254759,0.00254759,0.00220852,0.00220852,0.00254759,0.0,0.00254759,0.0,0.002548
candidates_i/n1676,candidates_i/U1057/Y,AOI22X1,NAND3X1/B,1,0.00283213,0.00283213,0.00259978,0.00259978,0.00283213,0.0,0.00283213,0.0,0.002832
candidates_i/n1678,candidates_i/U1056/Y,AOI22X1,AND2X2/A,1,0.00179784,0.00179784,0.00176278,0.00176278,0.00179784,0.0,0.00179784,0.0,0.001798
candidates_i/n1679,candidates_i/U1055/Y,AOI21X1,AND2X2/B,1,0.00186944,0.00186944,0.00182011,0.00182011,0.00186944,0.0,0.00186944,0.0,0.001869
candidates_i/n1680,candidates_i/U1065/Y,NAND3X1,OR2X2/A,1,0.00230117,0.00229176,0.00230117,0.00229176,0.00230117,0.0,0.00230117,0.0,0.002301
candidates_i/n1681,candidates_i/U1060/Y,NAND3X1,OR2X2/B,1,0.00234214,0.00228252,0.00234214,0.00228252,0.00234214,0.0,0.00234214,0.0,0.002342
candidates_i/n1682,candidates_i/U1064/Y,AOI21X1,NAND3X1/A,1,0.00254759,0.00254759,0.00220852,0.00220852,0.00254759,0.0,0.00254759,0.0,0.002548
candidates_i/n1683,candidates_i/U1063/Y,AOI22X1,NAND3X1/B,1,0.00283213,0.00283213,0.00259978,0.00259978,0.00283213,0.0,0.00283213,0.0,0.002832
candidates_i/n1685,candidates_i/U1062/Y,AOI22X1,AND2X2/A,1,0.00179784,0.00179784,0.00176278,0.00176278,0.00179784,0.0,0.00179784,0.0,0.001798
candidates_i/n1686,candidates_i/U1061/Y,AOI22X1,AND2X2/B,1,0.00186944,0.00186944,0.00182011,0.00182011,0.00186944,0.0,0.00186944,0.0,0.001869
candidates_i/n1687,candidates_i/U1136/Y,NAND3X1,AOI21X1/C;INVX1/A,2,0.00393706,0.00393706,0.0037884,0.0037884,0.00393706,0.0,0.00393706,0.0,0.003937
candidates_i/n1688,candidates_i/U1070/Y,AOI22X1,NAND3X1/A,1,0.00254759,0.00254759,0.00220852,0.00220852,0.00254759,0.0,0.00254759,0.0,0.002548
candidates_i/n1689,candidates_i/U1068/Y,AOI21X1,NAND3X1/B,1,0.00283213,0.00283213,0.00259978,0.00259978,0.00283213,0.0,0.00283213,0.0,0.002832
candidates_i/n1691,candidates_i/U1067/Y,AOI22X1,AND2X2/A,1,0.00179784,0.00179784,0.00176278,0.00176278,0.00179784,0.0,0.00179784,0.0,0.001798
candidates_i/n1692,candidates_i/U1066/Y,AOI22X1,AND2X2/B,1,0.00186944,0.00186944,0.00182011,0.00182011,0.00186944,0.0,0.00186944,0.0,0.001869
candidates_i/n1694,candidates_i/U1078/Y,NAND3X1,OR2X2/A,1,0.00230117,0.00229176,0.00230117,0.00229176,0.00230117,0.0,0.00230117,0.0,0.002301
candidates_i/n1695,candidates_i/U1073/Y,NAND3X1,OR2X2/B,1,0.00234214,0.00228252,0.00234214,0.00228252,0.00234214,0.0,0.00234214,0.0,0.002342
candidates_i/n1696,candidates_i/U1077/Y,AOI22X1,NAND3X1/A,1,0.00254759,0.00254759,0.00220852,0.00220852,0.00254759,0.0,0.00254759,0.0,0.002548
candidates_i/n1697,candidates_i/U1076/Y,AOI22X1,NAND3X1/B,1,0.00283213,0.00283213,0.00259978,0.00259978,0.00283213,0.0,0.00283213,0.0,0.002832
candidates_i/n1699,candidates_i/U1075/Y,AOI22X1,AND2X2/A,1,0.00179784,0.00179784,0.00176278,0.00176278,0.00179784,0.0,0.00179784,0.0,0.001798
candidates_i/n1700,candidates_i/U1074/Y,AOI22X1,AND2X2/B,1,0.00186944,0.00186944,0.00182011,0.00182011,0.00186944,0.0,0.00186944,0.0,0.001869
candidates_i/n1701,candidates_i/U1082/Y,AOI22X1,NAND3X1/A,1,0.00254759,0.00254759,0.00220852,0.00220852,0.00254759,0.0,0.00254759,0.0,0.002548
candidates_i/n1702,candidates_i/U1081/Y,AOI22X1,NAND3X1/B,1,0.00283213,0.00283213,0.00259978,0.00259978,0.00283213,0.0,0.00283213,0.0,0.002832
candidates_i/n1704,candidates_i/U1080/Y,AOI22X1,AND2X2/A,1,0.00179784,0.00179784,0.00176278,0.00176278,0.00179784,0.0,0.00179784,0.0,0.001798
candidates_i/n1705,candidates_i/U1079/Y,AOI21X1,AND2X2/B,1,0.00186944,0.00186944,0.00182011,0.00182011,0.00186944,0.0,0.00186944,0.0,0.001869
candidates_i/n1706,candidates_i/U1089/Y,NAND3X1,OR2X2/A,1,0.00230117,0.00229176,0.00230117,0.00229176,0.00230117,0.0,0.00230117,0.0,0.002301
candidates_i/n1707,candidates_i/U1084/Y,NAND3X1,OR2X2/B,1,0.00234214,0.00228252,0.00234214,0.00228252,0.00234214,0.0,0.00234214,0.0,0.002342
candidates_i/n1708,candidates_i/U1088/Y,AOI21X1,NAND3X1/A,1,0.00254759,0.00254759,0.00220852,0.00220852,0.00254759,0.0,0.00254759,0.0,0.002548
candidates_i/n1709,candidates_i/U1087/Y,AOI22X1,NAND3X1/B,1,0.00283213,0.00283213,0.00259978,0.00259978,0.00283213,0.0,0.00283213,0.0,0.002832
candidates_i/n1711,candidates_i/U1086/Y,AOI22X1,AND2X2/A,1,0.00179784,0.00179784,0.00176278,0.00176278,0.00179784,0.0,0.00179784,0.0,0.001798
candidates_i/n1712,candidates_i/U1085/Y,AOI22X1,AND2X2/B,1,0.00186944,0.00186944,0.00182011,0.00182011,0.00186944,0.0,0.00186944,0.0,0.001869
candidates_i/n1713,candidates_i/U1131/Y,NAND3X1,AOI21X1/C;INVX1/A,2,0.00393706,0.00393706,0.0037884,0.0037884,0.00393706,0.0,0.00393706,0.0,0.003937
candidates_i/n1714,candidates_i/U1094/Y,AOI22X1,NAND3X1/A,1,0.00254759,0.00254759,0.00220852,0.00220852,0.00254759,0.0,0.00254759,0.0,0.002548
candidates_i/n1715,candidates_i/U1092/Y,AOI21X1,NAND3X1/B,1,0.00283213,0.00283213,0.00259978,0.00259978,0.00283213,0.0,0.00283213,0.0,0.002832
candidates_i/n1717,candidates_i/U1091/Y,AOI22X1,AND2X2/A,1,0.00179784,0.00179784,0.00176278,0.00176278,0.00179784,0.0,0.00179784,0.0,0.001798
candidates_i/n1718,candidates_i/U1090/Y,AOI22X1,AND2X2/B,1,0.00186944,0.00186944,0.00182011,0.00182011,0.00186944,0.0,0.00186944,0.0,0.001869
candidates_i/n1720,candidates_i/U1096/Y,NAND3X1,INVX1/A,1,0.00155103,0.00155103,0.00147616,0.00147616,0.00155103,0.0,0.00155103,0.0,0.001551
candidates_i/n1721,candidates_i/U1097/Y,NAND2X1,NAND3X1/B,1,0.00283213,0.00283213,0.00259978,0.00259978,0.00283213,0.0,0.00283213,0.0,0.002832
candidates_i/n1723,candidates_i/U1110/Y,NAND3X1,OR2X2/A,1,0.00230117,0.00229176,0.00230117,0.00229176,0.00230117,0.0,0.00230117,0.0,0.002301
candidates_i/n1724,candidates_i/U1099/Y,NAND3X1,OR2X2/B,1,0.00234214,0.00228252,0.00234214,0.00228252,0.00234214,0.0,0.00234214,0.0,0.002342
candidates_i/n1725,candidates_i/U1105/Y,AOI22X1,NAND3X1/A,1,0.00254759,0.00254759,0.00220852,0.00220852,0.00254759,0.0,0.00254759,0.0,0.002548
candidates_i/n1726,candidates_i/U1104/Y,AOI22X1,NAND3X1/B,1,0.00283213,0.00283213,0.00259978,0.00259978,0.00283213,0.0,0.00283213,0.0,0.002832
candidates_i/n1728,candidates_i/U1103/Y,AOI22X1,AND2X2/A,1,0.00179784,0.00179784,0.00176278,0.00176278,0.00179784,0.0,0.00179784,0.0,0.001798
candidates_i/n1729,candidates_i/U1100/Y,AOI22X1,AND2X2/B,1,0.00186944,0.00186944,0.00182011,0.00182011,0.00186944,0.0,0.00186944,0.0,0.001869
candidates_i/n1730,candidates_i/U1101/Y,NAND3X1,INVX1/A,1,0.00155103,0.00155103,0.00147616,0.00147616,0.00155103,0.0,0.00155103,0.0,0.001551
candidates_i/n1731,candidates_i/U1102/Y,NAND2X1,NAND3X1/B,1,0.00283213,0.00283213,0.00259978,0.00259978,0.00283213,0.0,0.00283213,0.0,0.002832
candidates_i/n1732,candidates_i/U1106/Y,NAND3X1,INVX1/A,1,0.00155103,0.00155103,0.00147616,0.00147616,0.00155103,0.0,0.00155103,0.0,0.001551
candidates_i/n1733,candidates_i/U1107/Y,NAND2X1,NAND3X1/B,1,0.00283213,0.00283213,0.00259978,0.00259978,0.00283213,0.0,0.00283213,0.0,0.002832
candidates_i/n1734,candidates_i/U1109/Y,NAND2X1,NAND3X1/B,1,0.00283213,0.00283213,0.00259978,0.00259978,0.00283213,0.0,0.00283213,0.0,0.002832
candidates_i/n1735,candidates_i/U1124/Y,AOI22X1,NAND3X1/A,1,0.00254759,0.00254759,0.00220852,0.00220852,0.00254759,0.0,0.00254759,0.0,0.002548
candidates_i/n1736,candidates_i/U1119/Y,AOI22X1,NAND3X1/B,1,0.00283213,0.00283213,0.00259978,0.00259978,0.00283213,0.0,0.00283213,0.0,0.002832
candidates_i/n1738,candidates_i/U1114/Y,AOI22X1,AND2X2/A,1,0.00179784,0.00179784,0.00176278,0.00176278,0.00179784,0.0,0.00179784,0.0,0.001798
candidates_i/n1739,candidates_i/U1111/Y,AOI21X1,AND2X2/B,1,0.00186944,0.00186944,0.00182011,0.00182011,0.00186944,0.0,0.00186944,0.0,0.001869
candidates_i/n1743,candidates_i/U1121/Y,NAND2X1,NAND3X1/B,1,0.00283213,0.00283213,0.00259978,0.00259978,0.00283213,0.0,0.00283213,0.0,0.002832
candidates_i/n1744,candidates_i/U1122/Y,NAND3X1,INVX1/A,1,0.00155103,0.00155103,0.00147616,0.00147616,0.00155103,0.0,0.00155103,0.0,0.001551
candidates_i/n1745,candidates_i/U1123/Y,NAND2X1,NAND3X1/B,1,0.00283213,0.00283213,0.00259978,0.00259978,0.00283213,0.0,0.00283213,0.0,0.002832
candidates_i/n1746,candidates_i/U1126/Y,NAND2X1,NAND3X1/B,1,0.00283213,0.00283213,0.00259978,0.00259978,0.00283213,0.0,0.00283213,0.0,0.002832
candidates_i/n1747,candidates_i/U1128/Y,NAND2X1,NAND3X1/B,1,0.00283213,0.00283213,0.00259978,0.00259978,0.00283213,0.0,0.00283213,0.0,0.002832
candidates_i/n1748,candidates_i/U1138/Y,AOI22X1,NAND3X1/A,1,0.00254759,0.00254759,0.00220852,0.00220852,0.00254759,0.0,0.00254759,0.0,0.002548
candidates_i/n1749,candidates_i/U1135/Y,NAND2X1,NAND3X1/B,1,0.00283213,0.00283213,0.00259978,0.00259978,0.00283213,0.0,0.00283213,0.0,0.002832
candidates_i/n1750,candidates_i/U1130/Y,AOI22X1,NAND3X1/C,1,0.00296109,0.00296109,0.0028316,0.0028316,0.00296109,0.0,0.00296109,0.0,0.002961
candidates_i/n1751,candidates_i/U1132/Y,NAND2X1,NAND3X1/B,1,0.00283213,0.00283213,0.00259978,0.00259978,0.00283213,0.0,0.00283213,0.0,0.002832
candidates_i/n1752,candidates_i/U1133/Y,NAND3X1,INVX1/A,1,0.00155103,0.00155103,0.00147616,0.00147616,0.00155103,0.0,0.00155103,0.0,0.001551
candidates_i/n1753,candidates_i/U1134/Y,NAND2X1,NAND3X1/B,1,0.00283213,0.00283213,0.00259978,0.00259978,0.00283213,0.0,0.00283213,0.0,0.002832
candidates_i/n1754,candidates_i/U1137/Y,NAND2X1,NAND3X1/B,1,0.00283213,0.00283213,0.00259978,0.00259978,0.00283213,0.0,0.00283213,0.0,0.002832
candidates_i/n1755,candidates_i/U1139/Y,NAND3X1,INVX1/A,1,0.00155103,0.00155103,0.00147616,0.00147616,0.00155103,0.0,0.00155103,0.0,0.001551
candidates_i/n1756,candidates_i/U1140/Y,NAND2X1,NAND3X1/B,1,0.00283213,0.00283213,0.00259978,0.00259978,0.00283213,0.0,0.00283213,0.0,0.002832
candidates_i/n1760,candidates_i/U1151/Y,NAND3X1,NOR3X1/A,1,0.00302113,0.00302113,0.00301081,0.00301081,0.00302113,0.0,0.00302113,0.0,0.003021
candidates_i/n1761,candidates_i/U1148/Y,NAND2X1,NOR3X1/B,1,0.003067,0.00306333,0.003067,0.00306333,0.003067,0.0,0.003067,0.0,0.003067
candidates_i/n1762,candidates_i/U1145/Y,NAND2X1,NOR3X1/C,1,0.00328822,0.00328822,0.00322576,0.00322576,0.00328822,0.0,0.00328822,0.0,0.003288
candidates_i/n1763,candidates_i/U1147/Y,NAND3X1,NAND2X1/A,1,0.00211057,0.00211057,0.00188435,0.00188435,0.00211057,0.0,0.00211057,0.0,0.002111
candidates_i/n1764,candidates_i/U1146/Y,NAND3X1,NAND2X1/B,1,0.00202749,0.00202749,0.00194421,0.00194421,0.00202749,0.0,0.00202749,0.0,0.002027
candidates_i/n1765,candidates_i/U1659/Y,NAND2X1,INVX1/A;OR2X2/A,2,0.0038522,0.0038427899999999996,0.0037773299999999998,0.00377733,0.00384279,0.0,0.00384279,0.0,0.003852
candidates_i/n1766,candidates_i/U1689/Y,NAND2X1,INVX1/A;OR2X2/A,2,0.0038522,0.0038427899999999996,0.0037773299999999998,0.00377733,0.00384279,0.0,0.00384279,0.0,0.003852
candidates_i/n1767,candidates_i/U1150/Y,NAND3X1,NAND2X1/A,1,0.00211057,0.00211057,0.00188435,0.00188435,0.00211057,0.0,0.00211057,0.0,0.002111
candidates_i/n1768,candidates_i/U1149/Y,NAND3X1,NAND2X1/B,1,0.00202749,0.00202749,0.00194421,0.00194421,0.00202749,0.0,0.00202749,0.0,0.002027
candidates_i/n1769,candidates_i/U1719/Y,NAND2X1,INVX1/A;OR2X2/A,2,0.0038522,0.0038427899999999996,0.0037773299999999998,0.00377733,0.00384279,0.0,0.00384279,0.0,0.003852
candidates_i/n1770,candidates_i/U1750/Y,NAND2X1,INVX1/A;OR2X2/A,2,0.0038522,0.0038427899999999996,0.0037773299999999998,0.00377733,0.00384279,0.0,0.00384279,0.0,0.003852
candidates_i/n1771,candidates_i/U1155/Y,NAND3X1,NAND3X1/A,1,0.00254759,0.00254759,0.00220852,0.00220852,0.00254759,0.0,0.00254759,0.0,0.002548
candidates_i/n1772,candidates_i/U1154/Y,NAND3X1,NAND3X1/B,1,0.00283213,0.00283213,0.00259978,0.00259978,0.00283213,0.0,0.00283213,0.0,0.002832
candidates_i/n1774,candidates_i/U1153/Y,NAND3X1,AND2X2/A,1,0.00179784,0.00179784,0.00176278,0.00176278,0.00179784,0.0,0.00179784,0.0,0.001798
candidates_i/n1775,candidates_i/U1152/Y,NAND3X1,AND2X2/B,1,0.00186944,0.00186944,0.00182011,0.00182011,0.00186944,0.0,0.00186944,0.0,0.001869
candidates_i/n1776,candidates_i/U1783/Y,NAND2X1,INVX1/A;OR2X2/A,2,0.0038522,0.0038427899999999996,0.0037773299999999998,0.00377733,0.00384279,0.0,0.00384279,0.0,0.003852
candidates_i/n1777,candidates_i/U1814/Y,NAND2X1,INVX2/A;OR2X2/A,2,0.00497383,0.00494697,0.00497383,0.00494697,0.00497383,0.0,0.00497383,0.0,0.004974
candidates_i/n1778,candidates_i/U1874/Y,NAND2X1,INVX1/A;OR2X2/A,2,0.0038522,0.0038427899999999996,0.0037773299999999998,0.00377733,0.00384279,0.0,0.00384279,0.0,0.003852
candidates_i/n1779,candidates_i/U1163/Y,NAND3X1,NOR3X1/A,1,0.00302113,0.00302113,0.00301081,0.00301081,0.00302113,0.0,0.00302113,0.0,0.003021
candidates_i/n1780,candidates_i/U1160/Y,NAND2X1,NOR3X1/B,1,0.003067,0.00306333,0.003067,0.00306333,0.003067,0.0,0.003067,0.0,0.003067
candidates_i/n1781,candidates_i/U1157/Y,NAND2X1,NOR3X1/C,1,0.00328822,0.00328822,0.00322576,0.00322576,0.00328822,0.0,0.00328822,0.0,0.003288
candidates_i/n1782,candidates_i/U1159/Y,NAND3X1,NAND2X1/A,1,0.00211057,0.00211057,0.00188435,0.00188435,0.00211057,0.0,0.00211057,0.0,0.002111
candidates_i/n1783,candidates_i/U1158/Y,NAND3X1,NAND2X1/B,1,0.00202749,0.00202749,0.00194421,0.00194421,0.00202749,0.0,0.00202749,0.0,0.002027
candidates_i/n1784,candidates_i/U1907/Y,NAND2X1,INVX1/A;OR2X2/A,2,0.0038522,0.0038427899999999996,0.0037773299999999998,0.00377733,0.00384279,0.0,0.00384279,0.0,0.003852
candidates_i/n1785,candidates_i/U1938/Y,NAND2X1,INVX1/A;OR2X2/A,2,0.0038522,0.0038427899999999996,0.0037773299999999998,0.00377733,0.00384279,0.0,0.00384279,0.0,0.003852
candidates_i/n1786,candidates_i/U1162/Y,NAND3X1,NAND2X1/A,1,0.00211057,0.00211057,0.00188435,0.00188435,0.00211057,0.0,0.00211057,0.0,0.002111
candidates_i/n1787,candidates_i/U1161/Y,NAND3X1,NAND2X1/B,1,0.00202749,0.00202749,0.00194421,0.00194421,0.00202749,0.0,0.00202749,0.0,0.002027
candidates_i/n1788,candidates_i/U1970/Y,NAND2X1,INVX1/A;OR2X2/A,2,0.0038522,0.0038427899999999996,0.0037773299999999998,0.00377733,0.00384279,0.0,0.00384279,0.0,0.003852
candidates_i/n1789,candidates_i/U2000/Y,NAND2X1,INVX1/A;OR2X2/A,2,0.0038522,0.0038427899999999996,0.0037773299999999998,0.00377733,0.00384279,0.0,0.00384279,0.0,0.003852
candidates_i/n1790,candidates_i/U1167/Y,NAND3X1,NAND3X1/A,1,0.00254759,0.00254759,0.00220852,0.00220852,0.00254759,0.0,0.00254759,0.0,0.002548
candidates_i/n1791,candidates_i/U1166/Y,NAND3X1,NAND3X1/B,1,0.00283213,0.00283213,0.00259978,0.00259978,0.00283213,0.0,0.00283213,0.0,0.002832
candidates_i/n1793,candidates_i/U1165/Y,NAND3X1,AND2X2/A,1,0.00179784,0.00179784,0.00176278,0.00176278,0.00179784,0.0,0.00179784,0.0,0.001798
candidates_i/n1794,candidates_i/U1164/Y,NAND3X1,AND2X2/B,1,0.00186944,0.00186944,0.00182011,0.00182011,0.00186944,0.0,0.00186944,0.0,0.001869
candidates_i/n1795,candidates_i/U2032/Y,NAND2X1,INVX1/A;OR2X2/A,2,0.0038522,0.0038427899999999996,0.0037773299999999998,0.00377733,0.00384279,0.0,0.00384279,0.0,0.003852
candidates_i/n1796,candidates_i/U2062/Y,NAND2X1,INVX1/A;OR2X2/A,2,0.0038522,0.0038427899999999996,0.0037773299999999998,0.00377733,0.00384279,0.0,0.00384279,0.0,0.003852
candidates_i/n1797,candidates_i/U2091/Y,NAND2X1,INVX1/A;OR2X2/A,2,0.0038522,0.0038427899999999996,0.0037773299999999998,0.00377733,0.00384279,0.0,0.00384279,0.0,0.003852
candidates_i/n1798,candidates_i/U2121/Y,NAND2X1,INVX1/A;OR2X2/A,2,0.0038522,0.0038427899999999996,0.0037773299999999998,0.00377733,0.00384279,0.0,0.00384279,0.0,0.003852
candidates_i/n1799,candidates_i/U1845/Y,NAND2X1,INVX1/A;OR2X2/A,2,0.0038522,0.0038427899999999996,0.0037773299999999998,0.00377733,0.00384279,0.0,0.00384279,0.0,0.003852
candidates_i/n1800,candidates_i/U1445/Y,NOR2X1,AOI22X1/A,1,0.00281659,0.00281659,0.00265821,0.00265821,0.00281659,0.0,0.00281659,0.0,0.002817
candidates_i/n1802,candidates_i/U1190/Y,NOR2X1,AOI22X1/C,1,0.00287763,0.00287763,0.00266968,0.00266968,0.00287763,0.0,0.00287763,0.0,0.002878
candidates_i/n1804,candidates_i/U1186/Y,NAND3X1,NOR3X1/A,1,0.00302113,0.00302113,0.00301081,0.00301081,0.00302113,0.0,0.00302113,0.0,0.003021
candidates_i/n1805,candidates_i/U1172/Y,NAND3X1,NOR3X1/B,1,0.003067,0.00306333,0.003067,0.00306333,0.003067,0.0,0.003067,0.0,0.003067
candidates_i/n1807,candidates_i/U1371/Y,NAND3X1,BUFX2/A,1,0.00153896,0.00153896,0.00150415,0.00150415,0.00153896,0.0,0.00153896,0.0,0.001539
candidates_i/n1808,candidates_i/U1171/Y,NAND2X1,OAI21X1/C,1,0.00200991,0.00200991,0.0019239,0.0019239,0.00200991,0.0,0.00200991,0.0,0.00201
candidates_i/n1809,candidates_i/U1173/Y,NAND2X1,NAND3X1/C,1,0.00296109,0.00296109,0.0028316,0.0028316,0.00296109,0.0,0.00296109,0.0,0.002961
candidates_i/n1810,candidates_i/U1180/Y,NAND3X1,OR2X2/A,1,0.00230117,0.00229176,0.00230117,0.00229176,0.00230117,0.0,0.00230117,0.0,0.002301
candidates_i/n1811,candidates_i/U1175/Y,NAND3X1,OR2X2/B,1,0.00234214,0.00228252,0.00234214,0.00228252,0.00234214,0.0,0.00234214,0.0,0.002342
candidates_i/n1812,candidates_i/U1179/Y,AOI21X1,NAND3X1/A,1,0.00254759,0.00254759,0.00220852,0.00220852,0.00254759,0.0,0.00254759,0.0,0.002548
candidates_i/n1813,candidates_i/U1178/Y,AOI22X1,NAND3X1/B,1,0.00283213,0.00283213,0.00259978,0.00259978,0.00283213,0.0,0.00283213,0.0,0.002832
candidates_i/n1815,candidates_i/U1177/Y,AOI22X1,AND2X2/A,1,0.00179784,0.00179784,0.00176278,0.00176278,0.00179784,0.0,0.00179784,0.0,0.001798
candidates_i/n1816,candidates_i/U1176/Y,AOI22X1,AND2X2/B,1,0.00186944,0.00186944,0.00182011,0.00182011,0.00186944,0.0,0.00186944,0.0,0.001869
candidates_i/n1817,candidates_i/U1364/Y,NAND3X1,AOI21X1/C;INVX1/A,2,0.00393706,0.00393706,0.0037884,0.0037884,0.00393706,0.0,0.00393706,0.0,0.003937
candidates_i/n1818,candidates_i/U1185/Y,AOI22X1,NAND3X1/A,1,0.00254759,0.00254759,0.00220852,0.00220852,0.00254759,0.0,0.00254759,0.0,0.002548
candidates_i/n1819,candidates_i/U1183/Y,AOI21X1,NAND3X1/B,1,0.00283213,0.00283213,0.00259978,0.00259978,0.00283213,0.0,0.00283213,0.0,0.002832
candidates_i/n1821,candidates_i/U1182/Y,AOI22X1,AND2X2/A,1,0.00179784,0.00179784,0.00176278,0.00176278,0.00179784,0.0,0.00179784,0.0,0.001798
candidates_i/n1822,candidates_i/U1181/Y,AOI22X1,AND2X2/B,1,0.00186944,0.00186944,0.00182011,0.00182011,0.00186944,0.0,0.00186944,0.0,0.001869
candidates_i/n1825,candidates_i/U1189/Y,AOI22X1,NAND3X1/A,1,0.00254759,0.00254759,0.00220852,0.00220852,0.00254759,0.0,0.00254759,0.0,0.002548
candidates_i/n1826,candidates_i/U1188/Y,NAND2X1,NAND3X1/B,1,0.00283213,0.00283213,0.00259978,0.00259978,0.00283213,0.0,0.00283213,0.0,0.002832
candidates_i/n1827,candidates_i/U1187/Y,AOI22X1,NAND3X1/C,1,0.00296109,0.00296109,0.0028316,0.0028316,0.00296109,0.0,0.00296109,0.0,0.002961
candidates_i/n1828,candidates_i/U1385/Y,NAND3X1,NOR2X1/A,1,0.00224248,0.00224248,0.00220861,0.00220861,0.00224248,0.0,0.00224248,0.0,0.002242
candidates_i/n1829,candidates_i/U1191/Y,NAND3X1,NOR2X1/B,1,0.00236501,0.00236501,0.00229711,0.00229711,0.00236501,0.0,0.00236501,0.0,0.002365
candidates_i/n1830,candidates_i/U1192/Y,AOI22X1,NAND3X1/C,1,0.00296109,0.00296109,0.0028316,0.0028316,0.00296109,0.0,0.00296109,0.0,0.002961
candidates_i/n1831,candidates_i/U1193/Y,NAND3X1,INVX2/A,1,0.00267266,0.00265521,0.00267266,0.00265521,0.00267266,0.0,0.00267266,0.0,0.002673
candidates_i/n1832,candidates_i/U1351/Y,NAND2X1,NAND3X1/A,1,0.00254759,0.00254759,0.00220852,0.00220852,0.00254759,0.0,0.00254759,0.0,0.002548
candidates_i/n1833,candidates_i/U1194/Y,NAND3X1,INVX1/A,1,0.00155103,0.00155103,0.00147616,0.00147616,0.00155103,0.0,0.00155103,0.0,0.001551
candidates_i/n1835,candidates_i/U1305/Y,NAND2X1,NAND3X1/A,1,0.00254759,0.00254759,0.00220852,0.00220852,0.00254759,0.0,0.00254759,0.0,0.002548
candidates_i/n1836,candidates_i/U1196/Y,NAND3X1,INVX1/A,1,0.00155103,0.00155103,0.00147616,0.00147616,0.00155103,0.0,0.00155103,0.0,0.001551
candidates_i/n1838,candidates_i/U1259/Y,NAND2X1,NAND3X1/A,1,0.00254759,0.00254759,0.00220852,0.00220852,0.00254759,0.0,0.00254759,0.0,0.002548
candidates_i/n1839,candidates_i/U1198/Y,NAND3X1,INVX1/A,1,0.00155103,0.00155103,0.00147616,0.00147616,0.00155103,0.0,0.00155103,0.0,0.001551
candidates_i/n1840,candidates_i/U1235/Y,NAND2X1,NAND3X1/A,1,0.00254759,0.00254759,0.00220852,0.00220852,0.00254759,0.0,0.00254759,0.0,0.002548
candidates_i/n1841,candidates_i/U1206/Y,NAND3X1,NOR2X1/A,1,0.00224248,0.00224248,0.00220861,0.00220861,0.00224248,0.0,0.00224248,0.0,0.002242
candidates_i/n1842,candidates_i/U1201/Y,NAND3X1,NOR2X1/B,1,0.00236501,0.00236501,0.00229711,0.00229711,0.00236501,0.0,0.00236501,0.0,0.002365
candidates_i/n1843,candidates_i/U1205/Y,AOI21X1,NAND3X1/A,1,0.00254759,0.00254759,0.00220852,0.00220852,0.00254759,0.0,0.00254759,0.0,0.002548
candidates_i/n1844,candidates_i/U1204/Y,AOI22X1,NAND3X1/B,1,0.00283213,0.00283213,0.00259978,0.00259978,0.00283213,0.0,0.00283213,0.0,0.002832
candidates_i/n1846,candidates_i/U1203/Y,AOI22X1,AND2X2/A,1,0.00179784,0.00179784,0.00176278,0.00176278,0.00179784,0.0,0.00179784,0.0,0.001798
candidates_i/n1847,candidates_i/U1202/Y,AOI22X1,AND2X2/B,1,0.00186944,0.00186944,0.00182011,0.00182011,0.00186944,0.0,0.00186944,0.0,0.001869
candidates_i/n1848,candidates_i/U1211/Y,AOI22X1,NAND3X1/A,1,0.00254759,0.00254759,0.00220852,0.00220852,0.00254759,0.0,0.00254759,0.0,0.002548
candidates_i/n1849,candidates_i/U1209/Y,AOI21X1,NAND3X1/B,1,0.00283213,0.00283213,0.00259978,0.00259978,0.00283213,0.0,0.00283213,0.0,0.002832
candidates_i/n1851,candidates_i/U1208/Y,AOI22X1,AND2X2/A,1,0.00179784,0.00179784,0.00176278,0.00176278,0.00179784,0.0,0.00179784,0.0,0.001798
candidates_i/n1852,candidates_i/U1207/Y,AOI22X1,AND2X2/B,1,0.00186944,0.00186944,0.00182011,0.00182011,0.00186944,0.0,0.00186944,0.0,0.001869
candidates_i/n1854,candidates_i/U1373/Y,NAND3X1,BUFX2/A,1,0.00153896,0.00153896,0.00150415,0.00150415,0.00153896,0.0,0.00153896,0.0,0.001539
candidates_i/n1855,candidates_i/U1218/Y,NAND3X1,NOR2X1/A,1,0.00224248,0.00224248,0.00220861,0.00220861,0.00224248,0.0,0.00224248,0.0,0.002242
candidates_i/n1856,candidates_i/U1213/Y,NAND3X1,NOR2X1/B,1,0.00236501,0.00236501,0.00229711,0.00229711,0.00236501,0.0,0.00236501,0.0,0.002365
candidates_i/n1857,candidates_i/U1217/Y,AOI22X1,NAND3X1/A,1,0.00254759,0.00254759,0.00220852,0.00220852,0.00254759,0.0,0.00254759,0.0,0.002548
candidates_i/n1858,candidates_i/U1216/Y,AOI22X1,NAND3X1/B,1,0.00283213,0.00283213,0.00259978,0.00259978,0.00283213,0.0,0.00283213,0.0,0.002832
candidates_i/n1860,candidates_i/U1215/Y,AOI22X1,AND2X2/A,1,0.00179784,0.00179784,0.00176278,0.00176278,0.00179784,0.0,0.00179784,0.0,0.001798
candidates_i/n1861,candidates_i/U1214/Y,AOI22X1,AND2X2/B,1,0.00186944,0.00186944,0.00182011,0.00182011,0.00186944,0.0,0.00186944,0.0,0.001869
candidates_i/n1862,candidates_i/U1222/Y,AOI22X1,NAND3X1/A,1,0.00254759,0.00254759,0.00220852,0.00220852,0.00254759,0.0,0.00254759,0.0,0.002548
candidates_i/n1863,candidates_i/U1221/Y,AOI22X1,NAND3X1/B,1,0.00283213,0.00283213,0.00259978,0.00259978,0.00283213,0.0,0.00283213,0.0,0.002832
candidates_i/n1865,candidates_i/U1220/Y,AOI22X1,AND2X2/A,1,0.00179784,0.00179784,0.00176278,0.00176278,0.00179784,0.0,0.00179784,0.0,0.001798
candidates_i/n1866,candidates_i/U1219/Y,AOI21X1,AND2X2/B,1,0.00186944,0.00186944,0.00182011,0.00182011,0.00186944,0.0,0.00186944,0.0,0.001869
candidates_i/n1867,candidates_i/U1229/Y,NAND3X1,OR2X2/A,1,0.00230117,0.00229176,0.00230117,0.00229176,0.00230117,0.0,0.00230117,0.0,0.002301
candidates_i/n1868,candidates_i/U1224/Y,NAND3X1,OR2X2/B,1,0.00234214,0.00228252,0.00234214,0.00228252,0.00234214,0.0,0.00234214,0.0,0.002342
candidates_i/n1869,candidates_i/U1228/Y,AOI21X1,NAND3X1/A,1,0.00254759,0.00254759,0.00220852,0.00220852,0.00254759,0.0,0.00254759,0.0,0.002548
candidates_i/n1870,candidates_i/U1227/Y,AOI22X1,NAND3X1/B,1,0.00283213,0.00283213,0.00259978,0.00259978,0.00283213,0.0,0.00283213,0.0,0.002832
candidates_i/n1872,candidates_i/U1226/Y,AOI22X1,AND2X2/A,1,0.00179784,0.00179784,0.00176278,0.00176278,0.00179784,0.0,0.00179784,0.0,0.001798
candidates_i/n1873,candidates_i/U1225/Y,AOI22X1,AND2X2/B,1,0.00186944,0.00186944,0.00182011,0.00182011,0.00186944,0.0,0.00186944,0.0,0.001869
candidates_i/n1874,candidates_i/U1234/Y,AOI22X1,NAND3X1/A,1,0.00254759,0.00254759,0.00220852,0.00220852,0.00254759,0.0,0.00254759,0.0,0.002548
candidates_i/n1875,candidates_i/U1232/Y,AOI21X1,NAND3X1/B,1,0.00283213,0.00283213,0.00259978,0.00259978,0.00283213,0.0,0.00283213,0.0,0.002832
candidates_i/n1877,candidates_i/U1231/Y,AOI22X1,AND2X2/A,1,0.00179784,0.00179784,0.00176278,0.00176278,0.00179784,0.0,0.00179784,0.0,0.001798
candidates_i/n1878,candidates_i/U1230/Y,AOI22X1,AND2X2/B,1,0.00186944,0.00186944,0.00182011,0.00182011,0.00186944,0.0,0.00186944,0.0,0.001869
candidates_i/n1880,candidates_i/U1242/Y,NAND3X1,OR2X2/A,1,0.00230117,0.00229176,0.00230117,0.00229176,0.00230117,0.0,0.00230117,0.0,0.002301
candidates_i/n1881,candidates_i/U1237/Y,NAND3X1,OR2X2/B,1,0.00234214,0.00228252,0.00234214,0.00228252,0.00234214,0.0,0.00234214,0.0,0.002342
candidates_i/n1882,candidates_i/U1241/Y,AOI22X1,NAND3X1/A,1,0.00254759,0.00254759,0.00220852,0.00220852,0.00254759,0.0,0.00254759,0.0,0.002548
candidates_i/n1883,candidates_i/U1240/Y,AOI22X1,NAND3X1/B,1,0.00283213,0.00283213,0.00259978,0.00259978,0.00283213,0.0,0.00283213,0.0,0.002832
candidates_i/n1885,candidates_i/U1239/Y,AOI22X1,AND2X2/A,1,0.00179784,0.00179784,0.00176278,0.00176278,0.00179784,0.0,0.00179784,0.0,0.001798
candidates_i/n1886,candidates_i/U1238/Y,AOI22X1,AND2X2/B,1,0.00186944,0.00186944,0.00182011,0.00182011,0.00186944,0.0,0.00186944,0.0,0.001869
candidates_i/n1887,candidates_i/U1246/Y,AOI22X1,NAND3X1/A,1,0.00254759,0.00254759,0.00220852,0.00220852,0.00254759,0.0,0.00254759,0.0,0.002548
candidates_i/n1888,candidates_i/U1245/Y,AOI22X1,NAND3X1/B,1,0.00283213,0.00283213,0.00259978,0.00259978,0.00283213,0.0,0.00283213,0.0,0.002832
candidates_i/n1890,candidates_i/U1244/Y,AOI22X1,AND2X2/A,1,0.00179784,0.00179784,0.00176278,0.00176278,0.00179784,0.0,0.00179784,0.0,0.001798
candidates_i/n1891,candidates_i/U1243/Y,AOI21X1,AND2X2/B,1,0.00186944,0.00186944,0.00182011,0.00182011,0.00186944,0.0,0.00186944,0.0,0.001869
candidates_i/n1892,candidates_i/U1253/Y,NAND3X1,OR2X2/A,1,0.00230117,0.00229176,0.00230117,0.00229176,0.00230117,0.0,0.00230117,0.0,0.002301
candidates_i/n1893,candidates_i/U1248/Y,NAND3X1,OR2X2/B,1,0.00234214,0.00228252,0.00234214,0.00228252,0.00234214,0.0,0.00234214,0.0,0.002342
candidates_i/n1894,candidates_i/U1252/Y,AOI21X1,NAND3X1/A,1,0.00254759,0.00254759,0.00220852,0.00220852,0.00254759,0.0,0.00254759,0.0,0.002548
candidates_i/n1895,candidates_i/U1251/Y,AOI22X1,NAND3X1/B,1,0.00283213,0.00283213,0.00259978,0.00259978,0.00283213,0.0,0.00283213,0.0,0.002832
candidates_i/n1897,candidates_i/U1250/Y,AOI22X1,AND2X2/A,1,0.00179784,0.00179784,0.00176278,0.00176278,0.00179784,0.0,0.00179784,0.0,0.001798
candidates_i/n1898,candidates_i/U1249/Y,AOI22X1,AND2X2/B,1,0.00186944,0.00186944,0.00182011,0.00182011,0.00186944,0.0,0.00186944,0.0,0.001869
candidates_i/n1899,candidates_i/U1376/Y,NAND3X1,BUFX2/A,1,0.00153896,0.00153896,0.00150415,0.00150415,0.00153896,0.0,0.00153896,0.0,0.001539
candidates_i/n1900,candidates_i/U1258/Y,AOI22X1,NAND3X1/A,1,0.00254759,0.00254759,0.00220852,0.00220852,0.00254759,0.0,0.00254759,0.0,0.002548
candidates_i/n1901,candidates_i/U1256/Y,AOI21X1,NAND3X1/B,1,0.00283213,0.00283213,0.00259978,0.00259978,0.00283213,0.0,0.00283213,0.0,0.002832
candidates_i/n1903,candidates_i/U1255/Y,AOI22X1,AND2X2/A,1,0.00179784,0.00179784,0.00176278,0.00176278,0.00179784,0.0,0.00179784,0.0,0.001798
candidates_i/n1904,candidates_i/U1254/Y,AOI22X1,AND2X2/B,1,0.00186944,0.00186944,0.00182011,0.00182011,0.00186944,0.0,0.00186944,0.0,0.001869
candidates_i/n1906,candidates_i/U1266/Y,NAND3X1,OR2X2/A,1,0.00230117,0.00229176,0.00230117,0.00229176,0.00230117,0.0,0.00230117,0.0,0.002301
candidates_i/n1907,candidates_i/U1261/Y,NAND3X1,OR2X2/B,1,0.00234214,0.00228252,0.00234214,0.00228252,0.00234214,0.0,0.00234214,0.0,0.002342
candidates_i/n1908,candidates_i/U1265/Y,AOI22X1,NAND3X1/A,1,0.00254759,0.00254759,0.00220852,0.00220852,0.00254759,0.0,0.00254759,0.0,0.002548
candidates_i/n1909,candidates_i/U1264/Y,AOI22X1,NAND3X1/B,1,0.00283213,0.00283213,0.00259978,0.00259978,0.00283213,0.0,0.00283213,0.0,0.002832
candidates_i/n1911,candidates_i/U1263/Y,AOI22X1,AND2X2/A,1,0.00179784,0.00179784,0.00176278,0.00176278,0.00179784,0.0,0.00179784,0.0,0.001798
candidates_i/n1912,candidates_i/U1262/Y,AOI22X1,AND2X2/B,1,0.00186944,0.00186944,0.00182011,0.00182011,0.00186944,0.0,0.00186944,0.0,0.001869
candidates_i/n1913,candidates_i/U1270/Y,AOI22X1,NAND3X1/A,1,0.00254759,0.00254759,0.00220852,0.00220852,0.00254759,0.0,0.00254759,0.0,0.002548
candidates_i/n1914,candidates_i/U1269/Y,AOI22X1,NAND3X1/B,1,0.00283213,0.00283213,0.00259978,0.00259978,0.00283213,0.0,0.00283213,0.0,0.002832
candidates_i/n1916,candidates_i/U1268/Y,AOI22X1,AND2X2/A,1,0.00179784,0.00179784,0.00176278,0.00176278,0.00179784,0.0,0.00179784,0.0,0.001798
candidates_i/n1917,candidates_i/U1267/Y,AOI21X1,AND2X2/B,1,0.00186944,0.00186944,0.00182011,0.00182011,0.00186944,0.0,0.00186944,0.0,0.001869
candidates_i/n1918,candidates_i/U1277/Y,NAND3X1,OR2X2/A,1,0.00230117,0.00229176,0.00230117,0.00229176,0.00230117,0.0,0.00230117,0.0,0.002301
candidates_i/n1919,candidates_i/U1272/Y,NAND3X1,OR2X2/B,1,0.00234214,0.00228252,0.00234214,0.00228252,0.00234214,0.0,0.00234214,0.0,0.002342
candidates_i/n1920,candidates_i/U1276/Y,AOI21X1,NAND3X1/A,1,0.00254759,0.00254759,0.00220852,0.00220852,0.00254759,0.0,0.00254759,0.0,0.002548
candidates_i/n1921,candidates_i/U1275/Y,AOI22X1,NAND3X1/B,1,0.00283213,0.00283213,0.00259978,0.00259978,0.00283213,0.0,0.00283213,0.0,0.002832
candidates_i/n1923,candidates_i/U1274/Y,AOI22X1,AND2X2/A,1,0.00179784,0.00179784,0.00176278,0.00176278,0.00179784,0.0,0.00179784,0.0,0.001798
candidates_i/n1924,candidates_i/U1273/Y,AOI22X1,AND2X2/B,1,0.00186944,0.00186944,0.00182011,0.00182011,0.00186944,0.0,0.00186944,0.0,0.001869
candidates_i/n1925,candidates_i/U1381/Y,NAND3X1,AOI21X1/C;INVX1/A,2,0.00393706,0.00393706,0.0037884,0.0037884,0.00393706,0.0,0.00393706,0.0,0.003937
candidates_i/n1926,candidates_i/U1282/Y,AOI22X1,NAND3X1/A,1,0.00254759,0.00254759,0.00220852,0.00220852,0.00254759,0.0,0.00254759,0.0,0.002548
candidates_i/n1927,candidates_i/U1280/Y,AOI21X1,NAND3X1/B,1,0.00283213,0.00283213,0.00259978,0.00259978,0.00283213,0.0,0.00283213,0.0,0.002832
candidates_i/n1929,candidates_i/U1279/Y,AOI22X1,AND2X2/A,1,0.00179784,0.00179784,0.00176278,0.00176278,0.00179784,0.0,0.00179784,0.0,0.001798
candidates_i/n1930,candidates_i/U1278/Y,AOI22X1,AND2X2/B,1,0.00186944,0.00186944,0.00182011,0.00182011,0.00186944,0.0,0.00186944,0.0,0.001869
candidates_i/n1932,candidates_i/U1357/Y,NAND3X1,BUFX2/A,1,0.00153896,0.00153896,0.00150415,0.00150415,0.00153896,0.0,0.00153896,0.0,0.001539
candidates_i/n1933,candidates_i/U1288/Y,NAND3X1,OR2X2/A,1,0.00230117,0.00229176,0.00230117,0.00229176,0.00230117,0.0,0.00230117,0.0,0.002301
candidates_i/n1934,candidates_i/U1283/Y,NAND3X1,OR2X2/B,1,0.00234214,0.00228252,0.00234214,0.00228252,0.00234214,0.0,0.00234214,0.0,0.002342
candidates_i/n1935,candidates_i/U1287/Y,AOI22X1,NAND3X1/A,1,0.00254759,0.00254759,0.00220852,0.00220852,0.00254759,0.0,0.00254759,0.0,0.002548
candidates_i/n1936,candidates_i/U1286/Y,AOI22X1,NAND3X1/B,1,0.00283213,0.00283213,0.00259978,0.00259978,0.00283213,0.0,0.00283213,0.0,0.002832
candidates_i/n1938,candidates_i/U1285/Y,AOI22X1,AND2X2/A,1,0.00179784,0.00179784,0.00176278,0.00176278,0.00179784,0.0,0.00179784,0.0,0.001798
candidates_i/n1939,candidates_i/U1284/Y,AOI22X1,AND2X2/B,1,0.00186944,0.00186944,0.00182011,0.00182011,0.00186944,0.0,0.00186944,0.0,0.001869
candidates_i/n1940,candidates_i/U1292/Y,AOI22X1,NAND3X1/A,1,0.00254759,0.00254759,0.00220852,0.00220852,0.00254759,0.0,0.00254759,0.0,0.002548
candidates_i/n1941,candidates_i/U1291/Y,AOI22X1,NAND3X1/B,1,0.00283213,0.00283213,0.00259978,0.00259978,0.00283213,0.0,0.00283213,0.0,0.002832
candidates_i/n1943,candidates_i/U1290/Y,AOI22X1,AND2X2/A,1,0.00179784,0.00179784,0.00176278,0.00176278,0.00179784,0.0,0.00179784,0.0,0.001798
candidates_i/n1944,candidates_i/U1289/Y,AOI21X1,AND2X2/B,1,0.00186944,0.00186944,0.00182011,0.00182011,0.00186944,0.0,0.00186944,0.0,0.001869
candidates_i/n1945,candidates_i/U1299/Y,NAND3X1,OR2X2/A,1,0.00230117,0.00229176,0.00230117,0.00229176,0.00230117,0.0,0.00230117,0.0,0.002301
candidates_i/n1946,candidates_i/U1294/Y,NAND3X1,OR2X2/B,1,0.00234214,0.00228252,0.00234214,0.00228252,0.00234214,0.0,0.00234214,0.0,0.002342
candidates_i/n1947,candidates_i/U1298/Y,AOI21X1,NAND3X1/A,1,0.00254759,0.00254759,0.00220852,0.00220852,0.00254759,0.0,0.00254759,0.0,0.002548
candidates_i/n1948,candidates_i/U1297/Y,AOI22X1,NAND3X1/B,1,0.00283213,0.00283213,0.00259978,0.00259978,0.00283213,0.0,0.00283213,0.0,0.002832
candidates_i/n1950,candidates_i/U1296/Y,AOI22X1,AND2X2/A,1,0.00179784,0.00179784,0.00176278,0.00176278,0.00179784,0.0,0.00179784,0.0,0.001798
candidates_i/n1951,candidates_i/U1295/Y,AOI22X1,AND2X2/B,1,0.00186944,0.00186944,0.00182011,0.00182011,0.00186944,0.0,0.00186944,0.0,0.001869
candidates_i/n1952,candidates_i/U1397/Y,NAND3X1,BUFX2/A,1,0.00153896,0.00153896,0.00150415,0.00150415,0.00153896,0.0,0.00153896,0.0,0.001539
candidates_i/n1953,candidates_i/U1304/Y,AOI22X1,NAND3X1/A,1,0.00254759,0.00254759,0.00220852,0.00220852,0.00254759,0.0,0.00254759,0.0,0.002548
candidates_i/n1954,candidates_i/U1302/Y,AOI21X1,NAND3X1/B,1,0.00283213,0.00283213,0.00259978,0.00259978,0.00283213,0.0,0.00283213,0.0,0.002832
candidates_i/n1956,candidates_i/U1301/Y,AOI22X1,AND2X2/A,1,0.00179784,0.00179784,0.00176278,0.00176278,0.00179784,0.0,0.00179784,0.0,0.001798
candidates_i/n1957,candidates_i/U1300/Y,AOI22X1,AND2X2/B,1,0.00186944,0.00186944,0.00182011,0.00182011,0.00186944,0.0,0.00186944,0.0,0.001869
candidates_i/n1959,candidates_i/U1312/Y,NAND3X1,OR2X2/A,1,0.00230117,0.00229176,0.00230117,0.00229176,0.00230117,0.0,0.00230117,0.0,0.002301
candidates_i/n1960,candidates_i/U1307/Y,NAND3X1,OR2X2/B,1,0.00234214,0.00228252,0.00234214,0.00228252,0.00234214,0.0,0.00234214,0.0,0.002342
candidates_i/n1961,candidates_i/U1311/Y,AOI22X1,NAND3X1/A,1,0.00254759,0.00254759,0.00220852,0.00220852,0.00254759,0.0,0.00254759,0.0,0.002548
candidates_i/n1962,candidates_i/U1310/Y,AOI22X1,NAND3X1/B,1,0.00283213,0.00283213,0.00259978,0.00259978,0.00283213,0.0,0.00283213,0.0,0.002832
candidates_i/n1964,candidates_i/U1309/Y,AOI22X1,AND2X2/A,1,0.00179784,0.00179784,0.00176278,0.00176278,0.00179784,0.0,0.00179784,0.0,0.001798
candidates_i/n1965,candidates_i/U1308/Y,AOI22X1,AND2X2/B,1,0.00186944,0.00186944,0.00182011,0.00182011,0.00186944,0.0,0.00186944,0.0,0.001869
candidates_i/n1966,candidates_i/U1316/Y,AOI22X1,NAND3X1/A,1,0.00254759,0.00254759,0.00220852,0.00220852,0.00254759,0.0,0.00254759,0.0,0.002548
candidates_i/n1967,candidates_i/U1315/Y,AOI22X1,NAND3X1/B,1,0.00283213,0.00283213,0.00259978,0.00259978,0.00283213,0.0,0.00283213,0.0,0.002832
candidates_i/n1969,candidates_i/U1314/Y,AOI22X1,AND2X2/A,1,0.00179784,0.00179784,0.00176278,0.00176278,0.00179784,0.0,0.00179784,0.0,0.001798
candidates_i/n1970,candidates_i/U1313/Y,AOI21X1,AND2X2/B,1,0.00186944,0.00186944,0.00182011,0.00182011,0.00186944,0.0,0.00186944,0.0,0.001869
candidates_i/n1971,candidates_i/U1323/Y,NAND3X1,OR2X2/A,1,0.00230117,0.00229176,0.00230117,0.00229176,0.00230117,0.0,0.00230117,0.0,0.002301
candidates_i/n1972,candidates_i/U1318/Y,NAND3X1,OR2X2/B,1,0.00234214,0.00228252,0.00234214,0.00228252,0.00234214,0.0,0.00234214,0.0,0.002342
candidates_i/n1973,candidates_i/U1322/Y,AOI21X1,NAND3X1/A,1,0.00254759,0.00254759,0.00220852,0.00220852,0.00254759,0.0,0.00254759,0.0,0.002548
candidates_i/n1974,candidates_i/U1321/Y,AOI22X1,NAND3X1/B,1,0.00283213,0.00283213,0.00259978,0.00259978,0.00283213,0.0,0.00283213,0.0,0.002832
candidates_i/n1976,candidates_i/U1320/Y,AOI22X1,AND2X2/A,1,0.00179784,0.00179784,0.00176278,0.00176278,0.00179784,0.0,0.00179784,0.0,0.001798
candidates_i/n1977,candidates_i/U1319/Y,AOI22X1,AND2X2/B,1,0.00186944,0.00186944,0.00182011,0.00182011,0.00186944,0.0,0.00186944,0.0,0.001869
candidates_i/n1978,candidates_i/U1392/Y,NAND3X1,BUFX2/A,1,0.00153896,0.00153896,0.00150415,0.00150415,0.00153896,0.0,0.00153896,0.0,0.001539
candidates_i/n1979,candidates_i/U1328/Y,AOI22X1,NAND3X1/A,1,0.00254759,0.00254759,0.00220852,0.00220852,0.00254759,0.0,0.00254759,0.0,0.002548
candidates_i/n1980,candidates_i/U1326/Y,AOI21X1,NAND3X1/B,1,0.00283213,0.00283213,0.00259978,0.00259978,0.00283213,0.0,0.00283213,0.0,0.002832
candidates_i/n1982,candidates_i/U1325/Y,AOI22X1,AND2X2/A,1,0.00179784,0.00179784,0.00176278,0.00176278,0.00179784,0.0,0.00179784,0.0,0.001798
candidates_i/n1983,candidates_i/U1324/Y,AOI22X1,AND2X2/B,1,0.00186944,0.00186944,0.00182011,0.00182011,0.00186944,0.0,0.00186944,0.0,0.001869
candidates_i/n1985,candidates_i/U1389/Y,NAND3X1,BUFX2/A,1,0.00153896,0.00153896,0.00150415,0.00150415,0.00153896,0.0,0.00153896,0.0,0.001539
candidates_i/n1986,candidates_i/U1334/Y,NAND3X1,OR2X2/A,1,0.00230117,0.00229176,0.00230117,0.00229176,0.00230117,0.0,0.00230117,0.0,0.002301
candidates_i/n1987,candidates_i/U1329/Y,NAND3X1,OR2X2/B,1,0.00234214,0.00228252,0.00234214,0.00228252,0.00234214,0.0,0.00234214,0.0,0.002342
candidates_i/n1988,candidates_i/U1333/Y,AOI22X1,NAND3X1/A,1,0.00254759,0.00254759,0.00220852,0.00220852,0.00254759,0.0,0.00254759,0.0,0.002548
candidates_i/n1989,candidates_i/U1332/Y,AOI22X1,NAND3X1/B,1,0.00283213,0.00283213,0.00259978,0.00259978,0.00283213,0.0,0.00283213,0.0,0.002832
candidates_i/n1991,candidates_i/U1331/Y,AOI22X1,AND2X2/A,1,0.00179784,0.00179784,0.00176278,0.00176278,0.00179784,0.0,0.00179784,0.0,0.001798
candidates_i/n1992,candidates_i/U1330/Y,AOI22X1,AND2X2/B,1,0.00186944,0.00186944,0.00182011,0.00182011,0.00186944,0.0,0.00186944,0.0,0.001869
candidates_i/n1993,candidates_i/U1338/Y,AOI22X1,NAND3X1/A,1,0.00254759,0.00254759,0.00220852,0.00220852,0.00254759,0.0,0.00254759,0.0,0.002548
candidates_i/n1994,candidates_i/U1337/Y,AOI22X1,NAND3X1/B,1,0.00283213,0.00283213,0.00259978,0.00259978,0.00283213,0.0,0.00283213,0.0,0.002832
candidates_i/n1996,candidates_i/U1336/Y,AOI22X1,AND2X2/A,1,0.00179784,0.00179784,0.00176278,0.00176278,0.00179784,0.0,0.00179784,0.0,0.001798
candidates_i/n1997,candidates_i/U1335/Y,AOI21X1,AND2X2/B,1,0.00186944,0.00186944,0.00182011,0.00182011,0.00186944,0.0,0.00186944,0.0,0.001869
candidates_i/n1998,candidates_i/U1345/Y,NAND3X1,OR2X2/A,1,0.00230117,0.00229176,0.00230117,0.00229176,0.00230117,0.0,0.00230117,0.0,0.002301
candidates_i/n1999,candidates_i/U1340/Y,NAND3X1,OR2X2/B,1,0.00234214,0.00228252,0.00234214,0.00228252,0.00234214,0.0,0.00234214,0.0,0.002342
candidates_i/n2000,candidates_i/U1344/Y,AOI21X1,NAND3X1/A,1,0.00254759,0.00254759,0.00220852,0.00220852,0.00254759,0.0,0.00254759,0.0,0.002548
candidates_i/n2001,candidates_i/U1343/Y,AOI22X1,NAND3X1/B,1,0.00283213,0.00283213,0.00259978,0.00259978,0.00283213,0.0,0.00283213,0.0,0.002832
candidates_i/n2003,candidates_i/U1342/Y,AOI22X1,AND2X2/A,1,0.00179784,0.00179784,0.00176278,0.00176278,0.00179784,0.0,0.00179784,0.0,0.001798
candidates_i/n2004,candidates_i/U1341/Y,AOI22X1,AND2X2/B,1,0.00186944,0.00186944,0.00182011,0.00182011,0.00186944,0.0,0.00186944,0.0,0.001869
candidates_i/n2005,candidates_i/U1387/Y,NAND3X1,AOI21X1/C;INVX1/A,2,0.00393706,0.00393706,0.0037884,0.0037884,0.00393706,0.0,0.00393706,0.0,0.003937
candidates_i/n2006,candidates_i/U1350/Y,AOI22X1,NAND3X1/A,1,0.00254759,0.00254759,0.00220852,0.00220852,0.00254759,0.0,0.00254759,0.0,0.002548
candidates_i/n2007,candidates_i/U1348/Y,AOI21X1,NAND3X1/B,1,0.00283213,0.00283213,0.00259978,0.00259978,0.00283213,0.0,0.00283213,0.0,0.002832
candidates_i/n2009,candidates_i/U1347/Y,AOI22X1,AND2X2/A,1,0.00179784,0.00179784,0.00176278,0.00176278,0.00179784,0.0,0.00179784,0.0,0.001798
candidates_i/n2010,candidates_i/U1346/Y,AOI22X1,AND2X2/B,1,0.00186944,0.00186944,0.00182011,0.00182011,0.00186944,0.0,0.00186944,0.0,0.001869
candidates_i/n2012,candidates_i/U1352/Y,NAND3X1,INVX1/A,1,0.00155103,0.00155103,0.00147616,0.00147616,0.00155103,0.0,0.00155103,0.0,0.001551
candidates_i/n2013,candidates_i/U1353/Y,NAND2X1,NAND3X1/A,1,0.00254759,0.00254759,0.00220852,0.00220852,0.00254759,0.0,0.00254759,0.0,0.002548
candidates_i/n2016,candidates_i/U1366/Y,NAND3X1,OR2X2/A,1,0.00230117,0.00229176,0.00230117,0.00229176,0.00230117,0.0,0.00230117,0.0,0.002301
candidates_i/n2017,candidates_i/U1355/Y,NAND3X1,OR2X2/B,1,0.00234214,0.00228252,0.00234214,0.00228252,0.00234214,0.0,0.00234214,0.0,0.002342
candidates_i/n2018,candidates_i/U1361/Y,AOI22X1,NAND3X1/A,1,0.00254759,0.00254759,0.00220852,0.00220852,0.00254759,0.0,0.00254759,0.0,0.002548
candidates_i/n2019,candidates_i/U1360/Y,AOI22X1,NAND3X1/B,1,0.00283213,0.00283213,0.00259978,0.00259978,0.00283213,0.0,0.00283213,0.0,0.002832
candidates_i/n2021,candidates_i/U1359/Y,AOI22X1,AND2X2/A,1,0.00179784,0.00179784,0.00176278,0.00176278,0.00179784,0.0,0.00179784,0.0,0.001798
candidates_i/n2022,candidates_i/U1356/Y,AOI22X1,AND2X2/B,1,0.00186944,0.00186944,0.00182011,0.00182011,0.00186944,0.0,0.00186944,0.0,0.001869
candidates_i/n2025,candidates_i/U1362/Y,NAND3X1,INVX1/A,1,0.00155103,0.00155103,0.00147616,0.00147616,0.00155103,0.0,0.00155103,0.0,0.001551
candidates_i/n2026,candidates_i/U1363/Y,NAND2X1,NAND3X1/A,1,0.00254759,0.00254759,0.00220852,0.00220852,0.00254759,0.0,0.00254759,0.0,0.002548
candidates_i/n2028,candidates_i/U1365/Y,NAND2X1,NAND3X1/A,1,0.00254759,0.00254759,0.00220852,0.00220852,0.00254759,0.0,0.00254759,0.0,0.002548
candidates_i/n2030,candidates_i/U1380/Y,AOI22X1,NAND3X1/A,1,0.00254759,0.00254759,0.00220852,0.00220852,0.00254759,0.0,0.00254759,0.0,0.002548
candidates_i/n2031,candidates_i/U1375/Y,AOI22X1,NAND3X1/B,1,0.00283213,0.00283213,0.00259978,0.00259978,0.00283213,0.0,0.00283213,0.0,0.002832
candidates_i/n2033,candidates_i/U1370/Y,AOI22X1,AND2X2/A,1,0.00179784,0.00179784,0.00176278,0.00176278,0.00179784,0.0,0.00179784,0.0,0.001798
candidates_i/n2034,candidates_i/U1367/Y,AOI21X1,AND2X2/B,1,0.00186944,0.00186944,0.00182011,0.00182011,0.00186944,0.0,0.00186944,0.0,0.001869
candidates_i/n2035,candidates_i/U3414/Y,AOI22X1,NAND2X1/B,1,0.00202749,0.00202749,0.00194421,0.00194421,0.00202749,0.0,0.00202749,0.0,0.002027
candidates_i/n2043,candidates_i/U1379/Y,NAND2X1,NAND3X1/A,1,0.00254759,0.00254759,0.00220852,0.00220852,0.00254759,0.0,0.00254759,0.0,0.002548
candidates_i/n2045,candidates_i/U1382/Y,NAND2X1,NAND3X1/A,1,0.00254759,0.00254759,0.00220852,0.00220852,0.00254759,0.0,0.00254759,0.0,0.002548
candidates_i/n2047,candidates_i/U1383/Y,NAND3X1,INVX1/A,1,0.00155103,0.00155103,0.00147616,0.00147616,0.00155103,0.0,0.00155103,0.0,0.001551
candidates_i/n2048,candidates_i/U1384/Y,NAND2X1,NAND3X1/A,1,0.00254759,0.00254759,0.00220852,0.00220852,0.00254759,0.0,0.00254759,0.0,0.002548
candidates_i/n2050,candidates_i/U1394/Y,AOI22X1,NAND3X1/A,1,0.00254759,0.00254759,0.00220852,0.00220852,0.00254759,0.0,0.00254759,0.0,0.002548
candidates_i/n2051,candidates_i/U1391/Y,NAND2X1,NAND3X1/B,1,0.00283213,0.00283213,0.00259978,0.00259978,0.00283213,0.0,0.00283213,0.0,0.002832
candidates_i/n2052,candidates_i/U1386/Y,AOI22X1,NAND3X1/C,1,0.00296109,0.00296109,0.0028316,0.0028316,0.00296109,0.0,0.00296109,0.0,0.002961
candidates_i/n2053,candidates_i/U1388/Y,NAND2X1,NAND3X1/A,1,0.00254759,0.00254759,0.00220852,0.00220852,0.00254759,0.0,0.00254759,0.0,0.002548
candidates_i/n2059,candidates_i/U1395/Y,NAND3X1,INVX1/A,1,0.00155103,0.00155103,0.00147616,0.00147616,0.00155103,0.0,0.00155103,0.0,0.001551
candidates_i/n2060,candidates_i/U1396/Y,NAND2X1,NAND3X1/A,1,0.00254759,0.00254759,0.00220852,0.00220852,0.00254759,0.0,0.00254759,0.0,0.002548
candidates_i/n2066,candidates_i/U1407/Y,NAND3X1,NOR3X1/A,1,0.00302113,0.00302113,0.00301081,0.00301081,0.00302113,0.0,0.00302113,0.0,0.003021
candidates_i/n2067,candidates_i/U1404/Y,NAND2X1,NOR3X1/B,1,0.003067,0.00306333,0.003067,0.00306333,0.003067,0.0,0.003067,0.0,0.003067
candidates_i/n2068,candidates_i/U1401/Y,NAND2X1,NOR3X1/C,1,0.00328822,0.00328822,0.00322576,0.00322576,0.00328822,0.0,0.00328822,0.0,0.003288
candidates_i/n2069,candidates_i/U1403/Y,NAND3X1,NAND2X1/A,1,0.00211057,0.00211057,0.00188435,0.00188435,0.00211057,0.0,0.00211057,0.0,0.002111
candidates_i/n2070,candidates_i/U1402/Y,NAND3X1,NAND2X1/B,1,0.00202749,0.00202749,0.00194421,0.00194421,0.00202749,0.0,0.00202749,0.0,0.002027
candidates_i/n2071,candidates_i/U1406/Y,NAND3X1,NAND2X1/A,1,0.00211057,0.00211057,0.00188435,0.00188435,0.00211057,0.0,0.00211057,0.0,0.002111
candidates_i/n2072,candidates_i/U1405/Y,NAND3X1,NAND2X1/B,1,0.00202749,0.00202749,0.00194421,0.00194421,0.00202749,0.0,0.00202749,0.0,0.002027
candidates_i/n2073,candidates_i/U1411/Y,NAND3X1,NAND3X1/A,1,0.00254759,0.00254759,0.00220852,0.00220852,0.00254759,0.0,0.00254759,0.0,0.002548
candidates_i/n2074,candidates_i/U1410/Y,NAND3X1,NAND3X1/B,1,0.00283213,0.00283213,0.00259978,0.00259978,0.00283213,0.0,0.00283213,0.0,0.002832
candidates_i/n2076,candidates_i/U1409/Y,NAND3X1,AND2X2/A,1,0.00179784,0.00179784,0.00176278,0.00176278,0.00179784,0.0,0.00179784,0.0,0.001798
candidates_i/n2077,candidates_i/U1408/Y,NAND3X1,AND2X2/B,1,0.00186944,0.00186944,0.00182011,0.00182011,0.00186944,0.0,0.00186944,0.0,0.001869
candidates_i/n2078,candidates_i/U1419/Y,NAND3X1,NOR3X1/A,1,0.00302113,0.00302113,0.00301081,0.00301081,0.00302113,0.0,0.00302113,0.0,0.003021
candidates_i/n2079,candidates_i/U1416/Y,NAND2X1,NOR3X1/B,1,0.003067,0.00306333,0.003067,0.00306333,0.003067,0.0,0.003067,0.0,0.003067
candidates_i/n2080,candidates_i/U1413/Y,NAND2X1,NOR3X1/C,1,0.00328822,0.00328822,0.00322576,0.00322576,0.00328822,0.0,0.00328822,0.0,0.003288
candidates_i/n2081,candidates_i/U1415/Y,NAND3X1,NAND2X1/A,1,0.00211057,0.00211057,0.00188435,0.00188435,0.00211057,0.0,0.00211057,0.0,0.002111
candidates_i/n2082,candidates_i/U1414/Y,NAND3X1,NAND2X1/B,1,0.00202749,0.00202749,0.00194421,0.00194421,0.00202749,0.0,0.00202749,0.0,0.002027
candidates_i/n2083,candidates_i/U1418/Y,NAND3X1,NAND2X1/A,1,0.00211057,0.00211057,0.00188435,0.00188435,0.00211057,0.0,0.00211057,0.0,0.002111
candidates_i/n2084,candidates_i/U1417/Y,NAND3X1,NAND2X1/B,1,0.00202749,0.00202749,0.00194421,0.00194421,0.00202749,0.0,0.00202749,0.0,0.002027
candidates_i/n2085,candidates_i/U1423/Y,NAND3X1,NAND3X1/A,1,0.00254759,0.00254759,0.00220852,0.00220852,0.00254759,0.0,0.00254759,0.0,0.002548
candidates_i/n2086,candidates_i/U1422/Y,NAND3X1,NAND3X1/B,1,0.00283213,0.00283213,0.00259978,0.00259978,0.00283213,0.0,0.00283213,0.0,0.002832
candidates_i/n2088,candidates_i/U1421/Y,NAND3X1,AND2X2/A,1,0.00179784,0.00179784,0.00176278,0.00176278,0.00179784,0.0,0.00179784,0.0,0.001798
candidates_i/n2089,candidates_i/U1420/Y,NAND3X1,AND2X2/B,1,0.00186944,0.00186944,0.00182011,0.00182011,0.00186944,0.0,0.00186944,0.0,0.001869
candidates_i/n2090,candidates_i/U1441/Y,NAND3X1,NOR3X1/A,1,0.00302113,0.00302113,0.00301081,0.00301081,0.00302113,0.0,0.00302113,0.0,0.003021
candidates_i/n2091,candidates_i/U1427/Y,NAND3X1,NOR3X1/B,1,0.003067,0.00306333,0.003067,0.00306333,0.003067,0.0,0.003067,0.0,0.003067
candidates_i/n2093,candidates_i/U1626/Y,NAND3X1,BUFX2/A,1,0.00153896,0.00153896,0.00150415,0.00150415,0.00153896,0.0,0.00153896,0.0,0.001539
candidates_i/n2094,candidates_i/U1426/Y,NAND2X1,OAI21X1/C,1,0.00200991,0.00200991,0.0019239,0.0019239,0.00200991,0.0,0.00200991,0.0,0.00201
candidates_i/n2095,candidates_i/U1428/Y,NAND2X1,NAND3X1/C,1,0.00296109,0.00296109,0.0028316,0.0028316,0.00296109,0.0,0.00296109,0.0,0.002961
candidates_i/n2096,candidates_i/U1435/Y,NAND3X1,OR2X2/A,1,0.00230117,0.00229176,0.00230117,0.00229176,0.00230117,0.0,0.00230117,0.0,0.002301
candidates_i/n2097,candidates_i/U1430/Y,NAND3X1,OR2X2/B,1,0.00234214,0.00228252,0.00234214,0.00228252,0.00234214,0.0,0.00234214,0.0,0.002342
candidates_i/n2098,candidates_i/U1434/Y,AOI21X1,NAND3X1/A,1,0.00254759,0.00254759,0.00220852,0.00220852,0.00254759,0.0,0.00254759,0.0,0.002548
candidates_i/n2099,candidates_i/U1433/Y,AOI22X1,NAND3X1/B,1,0.00283213,0.00283213,0.00259978,0.00259978,0.00283213,0.0,0.00283213,0.0,0.002832
candidates_i/n2101,candidates_i/U1432/Y,AOI22X1,AND2X2/A,1,0.00179784,0.00179784,0.00176278,0.00176278,0.00179784,0.0,0.00179784,0.0,0.001798
candidates_i/n2102,candidates_i/U1431/Y,AOI22X1,AND2X2/B,1,0.00186944,0.00186944,0.00182011,0.00182011,0.00186944,0.0,0.00186944,0.0,0.001869
candidates_i/n2103,candidates_i/U1619/Y,NAND3X1,AOI21X1/C;INVX1/A,2,0.00393706,0.00393706,0.0037884,0.0037884,0.00393706,0.0,0.00393706,0.0,0.003937
candidates_i/n2104,candidates_i/U1440/Y,AOI22X1,NAND3X1/A,1,0.00254759,0.00254759,0.00220852,0.00220852,0.00254759,0.0,0.00254759,0.0,0.002548
candidates_i/n2105,candidates_i/U1438/Y,AOI21X1,NAND3X1/B,1,0.00283213,0.00283213,0.00259978,0.00259978,0.00283213,0.0,0.00283213,0.0,0.002832
candidates_i/n2107,candidates_i/U1437/Y,AOI22X1,AND2X2/A,1,0.00179784,0.00179784,0.00176278,0.00176278,0.00179784,0.0,0.00179784,0.0,0.001798
candidates_i/n2108,candidates_i/U1436/Y,AOI22X1,AND2X2/B,1,0.00186944,0.00186944,0.00182011,0.00182011,0.00186944,0.0,0.00186944,0.0,0.001869
candidates_i/n2110,candidates_i/U1623/Y,NAND3X1,BUFX2/A,1,0.00153896,0.00153896,0.00150415,0.00150415,0.00153896,0.0,0.00153896,0.0,0.001539
candidates_i/n2111,candidates_i/U1444/Y,AOI22X1,NAND3X1/A,1,0.00254759,0.00254759,0.00220852,0.00220852,0.00254759,0.0,0.00254759,0.0,0.002548
candidates_i/n2112,candidates_i/U1443/Y,NAND2X1,NAND3X1/B,1,0.00283213,0.00283213,0.00259978,0.00259978,0.00283213,0.0,0.00283213,0.0,0.002832
candidates_i/n2113,candidates_i/U1442/Y,AOI22X1,NAND3X1/C,1,0.00296109,0.00296109,0.0028316,0.0028316,0.00296109,0.0,0.00296109,0.0,0.002961
candidates_i/n2114,candidates_i/U1640/Y,NAND3X1,NOR2X1/A,1,0.00224248,0.00224248,0.00220861,0.00220861,0.00224248,0.0,0.00224248,0.0,0.002242
candidates_i/n2115,candidates_i/U1446/Y,NAND3X1,NOR2X1/B,1,0.00236501,0.00236501,0.00229711,0.00229711,0.00236501,0.0,0.00236501,0.0,0.002365
candidates_i/n2116,candidates_i/U1447/Y,AOI22X1,NAND3X1/C,1,0.00296109,0.00296109,0.0028316,0.0028316,0.00296109,0.0,0.00296109,0.0,0.002961
candidates_i/n2117,candidates_i/U1448/Y,NAND3X1,INVX1/A,1,0.00155103,0.00155103,0.00147616,0.00147616,0.00155103,0.0,0.00155103,0.0,0.001551
candidates_i/n2118,candidates_i/U1606/Y,NAND2X1,NAND3X1/A,1,0.00254759,0.00254759,0.00220852,0.00220852,0.00254759,0.0,0.00254759,0.0,0.002548
candidates_i/n2119,candidates_i/U1449/Y,NAND3X1,INVX1/A,1,0.00155103,0.00155103,0.00147616,0.00147616,0.00155103,0.0,0.00155103,0.0,0.001551
candidates_i/n2121,candidates_i/U1560/Y,NAND2X1,NAND3X1/A,1,0.00254759,0.00254759,0.00220852,0.00220852,0.00254759,0.0,0.00254759,0.0,0.002548
candidates_i/n2122,candidates_i/U1451/Y,NAND3X1,INVX1/A,1,0.00155103,0.00155103,0.00147616,0.00147616,0.00155103,0.0,0.00155103,0.0,0.001551
candidates_i/n2124,candidates_i/U1514/Y,NAND2X1,NAND3X1/A,1,0.00254759,0.00254759,0.00220852,0.00220852,0.00254759,0.0,0.00254759,0.0,0.002548
candidates_i/n2125,candidates_i/U1453/Y,NAND3X1,INVX1/A,1,0.00155103,0.00155103,0.00147616,0.00147616,0.00155103,0.0,0.00155103,0.0,0.001551
candidates_i/n2126,candidates_i/U1490/Y,NAND2X1,NAND3X1/A,1,0.00254759,0.00254759,0.00220852,0.00220852,0.00254759,0.0,0.00254759,0.0,0.002548
candidates_i/n2127,candidates_i/U1461/Y,NAND3X1,NOR2X1/A,1,0.00224248,0.00224248,0.00220861,0.00220861,0.00224248,0.0,0.00224248,0.0,0.002242
candidates_i/n2128,candidates_i/U1456/Y,NAND3X1,NOR2X1/B,1,0.00236501,0.00236501,0.00229711,0.00229711,0.00236501,0.0,0.00236501,0.0,0.002365
candidates_i/n2129,candidates_i/U1460/Y,AOI21X1,NAND3X1/A,1,0.00254759,0.00254759,0.00220852,0.00220852,0.00254759,0.0,0.00254759,0.0,0.002548
candidates_i/n2130,candidates_i/U1459/Y,AOI22X1,NAND3X1/B,1,0.00283213,0.00283213,0.00259978,0.00259978,0.00283213,0.0,0.00283213,0.0,0.002832
candidates_i/n2132,candidates_i/U1458/Y,AOI22X1,AND2X2/A,1,0.00179784,0.00179784,0.00176278,0.00176278,0.00179784,0.0,0.00179784,0.0,0.001798
candidates_i/n2133,candidates_i/U1457/Y,AOI22X1,AND2X2/B,1,0.00186944,0.00186944,0.00182011,0.00182011,0.00186944,0.0,0.00186944,0.0,0.001869
candidates_i/n2134,candidates_i/U1466/Y,AOI22X1,NAND3X1/A,1,0.00254759,0.00254759,0.00220852,0.00220852,0.00254759,0.0,0.00254759,0.0,0.002548
candidates_i/n2135,candidates_i/U1464/Y,AOI21X1,NAND3X1/B,1,0.00283213,0.00283213,0.00259978,0.00259978,0.00283213,0.0,0.00283213,0.0,0.002832
candidates_i/n2137,candidates_i/U1463/Y,AOI22X1,AND2X2/A,1,0.00179784,0.00179784,0.00176278,0.00176278,0.00179784,0.0,0.00179784,0.0,0.001798
candidates_i/n2138,candidates_i/U1462/Y,AOI22X1,AND2X2/B,1,0.00186944,0.00186944,0.00182011,0.00182011,0.00186944,0.0,0.00186944,0.0,0.001869
candidates_i/n2140,candidates_i/U1628/Y,NAND3X1,BUFX2/A,1,0.00153896,0.00153896,0.00150415,0.00150415,0.00153896,0.0,0.00153896,0.0,0.001539
candidates_i/n2141,candidates_i/U1473/Y,NAND3X1,OR2X2/A,1,0.00230117,0.00229176,0.00230117,0.00229176,0.00230117,0.0,0.00230117,0.0,0.002301
candidates_i/n2142,candidates_i/U1468/Y,NAND3X1,OR2X2/B,1,0.00234214,0.00228252,0.00234214,0.00228252,0.00234214,0.0,0.00234214,0.0,0.002342
candidates_i/n2143,candidates_i/U1472/Y,AOI22X1,NAND3X1/A,1,0.00254759,0.00254759,0.00220852,0.00220852,0.00254759,0.0,0.00254759,0.0,0.002548
candidates_i/n2144,candidates_i/U1471/Y,AOI22X1,NAND3X1/B,1,0.00283213,0.00283213,0.00259978,0.00259978,0.00283213,0.0,0.00283213,0.0,0.002832
candidates_i/n2146,candidates_i/U1470/Y,AOI22X1,AND2X2/A,1,0.00179784,0.00179784,0.00176278,0.00176278,0.00179784,0.0,0.00179784,0.0,0.001798
candidates_i/n2147,candidates_i/U1469/Y,AOI22X1,AND2X2/B,1,0.00186944,0.00186944,0.00182011,0.00182011,0.00186944,0.0,0.00186944,0.0,0.001869
candidates_i/n2148,candidates_i/U1477/Y,AOI22X1,NAND3X1/A,1,0.00254759,0.00254759,0.00220852,0.00220852,0.00254759,0.0,0.00254759,0.0,0.002548
candidates_i/n2149,candidates_i/U1476/Y,AOI22X1,NAND3X1/B,1,0.00283213,0.00283213,0.00259978,0.00259978,0.00283213,0.0,0.00283213,0.0,0.002832
candidates_i/n2151,candidates_i/U1475/Y,AOI22X1,AND2X2/A,1,0.00179784,0.00179784,0.00176278,0.00176278,0.00179784,0.0,0.00179784,0.0,0.001798
candidates_i/n2152,candidates_i/U1474/Y,AOI21X1,AND2X2/B,1,0.00186944,0.00186944,0.00182011,0.00182011,0.00186944,0.0,0.00186944,0.0,0.001869
candidates_i/n2153,candidates_i/U1484/Y,NAND3X1,OR2X2/A,1,0.00230117,0.00229176,0.00230117,0.00229176,0.00230117,0.0,0.00230117,0.0,0.002301
candidates_i/n2154,candidates_i/U1479/Y,NAND3X1,OR2X2/B,1,0.00234214,0.00228252,0.00234214,0.00228252,0.00234214,0.0,0.00234214,0.0,0.002342
candidates_i/n2155,candidates_i/U1483/Y,AOI21X1,NAND3X1/A,1,0.00254759,0.00254759,0.00220852,0.00220852,0.00254759,0.0,0.00254759,0.0,0.002548
candidates_i/n2156,candidates_i/U1482/Y,AOI22X1,NAND3X1/B,1,0.00283213,0.00283213,0.00259978,0.00259978,0.00283213,0.0,0.00283213,0.0,0.002832
candidates_i/n2158,candidates_i/U1481/Y,AOI22X1,AND2X2/A,1,0.00179784,0.00179784,0.00176278,0.00176278,0.00179784,0.0,0.00179784,0.0,0.001798
candidates_i/n2159,candidates_i/U1480/Y,AOI22X1,AND2X2/B,1,0.00186944,0.00186944,0.00182011,0.00182011,0.00186944,0.0,0.00186944,0.0,0.001869
candidates_i/n2160,candidates_i/U1489/Y,AOI22X1,NAND3X1/A,1,0.00254759,0.00254759,0.00220852,0.00220852,0.00254759,0.0,0.00254759,0.0,0.002548
candidates_i/n2161,candidates_i/U1487/Y,AOI21X1,NAND3X1/B,1,0.00283213,0.00283213,0.00259978,0.00259978,0.00283213,0.0,0.00283213,0.0,0.002832
candidates_i/n2163,candidates_i/U1486/Y,AOI22X1,AND2X2/A,1,0.00179784,0.00179784,0.00176278,0.00176278,0.00179784,0.0,0.00179784,0.0,0.001798
candidates_i/n2164,candidates_i/U1485/Y,AOI22X1,AND2X2/B,1,0.00186944,0.00186944,0.00182011,0.00182011,0.00186944,0.0,0.00186944,0.0,0.001869
candidates_i/n2166,candidates_i/U1497/Y,NAND3X1,OR2X2/A,1,0.00230117,0.00229176,0.00230117,0.00229176,0.00230117,0.0,0.00230117,0.0,0.002301
candidates_i/n2167,candidates_i/U1492/Y,NAND3X1,OR2X2/B,1,0.00234214,0.00228252,0.00234214,0.00228252,0.00234214,0.0,0.00234214,0.0,0.002342
candidates_i/n2168,candidates_i/U1496/Y,AOI22X1,NAND3X1/A,1,0.00254759,0.00254759,0.00220852,0.00220852,0.00254759,0.0,0.00254759,0.0,0.002548
candidates_i/n2169,candidates_i/U1495/Y,AOI22X1,NAND3X1/B,1,0.00283213,0.00283213,0.00259978,0.00259978,0.00283213,0.0,0.00283213,0.0,0.002832
candidates_i/n2171,candidates_i/U1494/Y,AOI22X1,AND2X2/A,1,0.00179784,0.00179784,0.00176278,0.00176278,0.00179784,0.0,0.00179784,0.0,0.001798
candidates_i/n2172,candidates_i/U1493/Y,AOI22X1,AND2X2/B,1,0.00186944,0.00186944,0.00182011,0.00182011,0.00186944,0.0,0.00186944,0.0,0.001869
candidates_i/n2173,candidates_i/U1501/Y,AOI22X1,NAND3X1/A,1,0.00254759,0.00254759,0.00220852,0.00220852,0.00254759,0.0,0.00254759,0.0,0.002548
candidates_i/n2174,candidates_i/U1500/Y,AOI22X1,NAND3X1/B,1,0.00283213,0.00283213,0.00259978,0.00259978,0.00283213,0.0,0.00283213,0.0,0.002832
candidates_i/n2176,candidates_i/U1499/Y,AOI22X1,AND2X2/A,1,0.00179784,0.00179784,0.00176278,0.00176278,0.00179784,0.0,0.00179784,0.0,0.001798
candidates_i/n2177,candidates_i/U1498/Y,AOI21X1,AND2X2/B,1,0.00186944,0.00186944,0.00182011,0.00182011,0.00186944,0.0,0.00186944,0.0,0.001869
candidates_i/n2178,candidates_i/U1508/Y,NAND3X1,OR2X2/A,1,0.00230117,0.00229176,0.00230117,0.00229176,0.00230117,0.0,0.00230117,0.0,0.002301
candidates_i/n2179,candidates_i/U1503/Y,NAND3X1,OR2X2/B,1,0.00234214,0.00228252,0.00234214,0.00228252,0.00234214,0.0,0.00234214,0.0,0.002342
candidates_i/n2180,candidates_i/U1507/Y,AOI21X1,NAND3X1/A,1,0.00254759,0.00254759,0.00220852,0.00220852,0.00254759,0.0,0.00254759,0.0,0.002548
candidates_i/n2181,candidates_i/U1506/Y,AOI22X1,NAND3X1/B,1,0.00283213,0.00283213,0.00259978,0.00259978,0.00283213,0.0,0.00283213,0.0,0.002832
candidates_i/n2183,candidates_i/U1505/Y,AOI22X1,AND2X2/A,1,0.00179784,0.00179784,0.00176278,0.00176278,0.00179784,0.0,0.00179784,0.0,0.001798
candidates_i/n2184,candidates_i/U1504/Y,AOI22X1,AND2X2/B,1,0.00186944,0.00186944,0.00182011,0.00182011,0.00186944,0.0,0.00186944,0.0,0.001869
candidates_i/n2185,candidates_i/U1631/Y,NAND3X1,AOI21X1/C;INVX1/A,2,0.00393706,0.00393706,0.0037884,0.0037884,0.00393706,0.0,0.00393706,0.0,0.003937
candidates_i/n2186,candidates_i/U1513/Y,AOI22X1,NAND3X1/A,1,0.00254759,0.00254759,0.00220852,0.00220852,0.00254759,0.0,0.00254759,0.0,0.002548
candidates_i/n2187,candidates_i/U1511/Y,AOI21X1,NAND3X1/B,1,0.00283213,0.00283213,0.00259978,0.00259978,0.00283213,0.0,0.00283213,0.0,0.002832
candidates_i/n2189,candidates_i/U1510/Y,AOI22X1,AND2X2/A,1,0.00179784,0.00179784,0.00176278,0.00176278,0.00179784,0.0,0.00179784,0.0,0.001798
candidates_i/n2190,candidates_i/U1509/Y,AOI22X1,AND2X2/B,1,0.00186944,0.00186944,0.00182011,0.00182011,0.00186944,0.0,0.00186944,0.0,0.001869
candidates_i/n2192,candidates_i/U1521/Y,NAND3X1,OR2X2/A,1,0.00230117,0.00229176,0.00230117,0.00229176,0.00230117,0.0,0.00230117,0.0,0.002301
candidates_i/n2193,candidates_i/U1516/Y,NAND3X1,OR2X2/B,1,0.00234214,0.00228252,0.00234214,0.00228252,0.00234214,0.0,0.00234214,0.0,0.002342
candidates_i/n2194,candidates_i/U1520/Y,AOI22X1,NAND3X1/A,1,0.00254759,0.00254759,0.00220852,0.00220852,0.00254759,0.0,0.00254759,0.0,0.002548
candidates_i/n2195,candidates_i/U1519/Y,AOI22X1,NAND3X1/B,1,0.00283213,0.00283213,0.00259978,0.00259978,0.00283213,0.0,0.00283213,0.0,0.002832
candidates_i/n2197,candidates_i/U1518/Y,AOI22X1,AND2X2/A,1,0.00179784,0.00179784,0.00176278,0.00176278,0.00179784,0.0,0.00179784,0.0,0.001798
candidates_i/n2198,candidates_i/U1517/Y,AOI22X1,AND2X2/B,1,0.00186944,0.00186944,0.00182011,0.00182011,0.00186944,0.0,0.00186944,0.0,0.001869
candidates_i/n2199,candidates_i/U1525/Y,AOI22X1,NAND3X1/A,1,0.00254759,0.00254759,0.00220852,0.00220852,0.00254759,0.0,0.00254759,0.0,0.002548
candidates_i/n2200,candidates_i/U1524/Y,AOI22X1,NAND3X1/B,1,0.00283213,0.00283213,0.00259978,0.00259978,0.00283213,0.0,0.00283213,0.0,0.002832
candidates_i/n2202,candidates_i/U1523/Y,AOI22X1,AND2X2/A,1,0.00179784,0.00179784,0.00176278,0.00176278,0.00179784,0.0,0.00179784,0.0,0.001798
candidates_i/n2203,candidates_i/U1522/Y,AOI21X1,AND2X2/B,1,0.00186944,0.00186944,0.00182011,0.00182011,0.00186944,0.0,0.00186944,0.0,0.001869
candidates_i/n2204,candidates_i/U1532/Y,NAND3X1,OR2X2/A,1,0.00230117,0.00229176,0.00230117,0.00229176,0.00230117,0.0,0.00230117,0.0,0.002301
candidates_i/n2205,candidates_i/U1527/Y,NAND3X1,OR2X2/B,1,0.00234214,0.00228252,0.00234214,0.00228252,0.00234214,0.0,0.00234214,0.0,0.002342
candidates_i/n2206,candidates_i/U1531/Y,AOI21X1,NAND3X1/A,1,0.00254759,0.00254759,0.00220852,0.00220852,0.00254759,0.0,0.00254759,0.0,0.002548
candidates_i/n2207,candidates_i/U1530/Y,AOI22X1,NAND3X1/B,1,0.00283213,0.00283213,0.00259978,0.00259978,0.00283213,0.0,0.00283213,0.0,0.002832
candidates_i/n2209,candidates_i/U1529/Y,AOI22X1,AND2X2/A,1,0.00179784,0.00179784,0.00176278,0.00176278,0.00179784,0.0,0.00179784,0.0,0.001798
candidates_i/n2210,candidates_i/U1528/Y,AOI22X1,AND2X2/B,1,0.00186944,0.00186944,0.00182011,0.00182011,0.00186944,0.0,0.00186944,0.0,0.001869
candidates_i/n2211,candidates_i/U1636/Y,NAND3X1,AOI21X1/C;INVX1/A,2,0.00393706,0.00393706,0.0037884,0.0037884,0.00393706,0.0,0.00393706,0.0,0.003937
candidates_i/n2212,candidates_i/U1537/Y,AOI22X1,NAND3X1/A,1,0.00254759,0.00254759,0.00220852,0.00220852,0.00254759,0.0,0.00254759,0.0,0.002548
candidates_i/n2213,candidates_i/U1535/Y,AOI21X1,NAND3X1/B,1,0.00283213,0.00283213,0.00259978,0.00259978,0.00283213,0.0,0.00283213,0.0,0.002832
candidates_i/n2215,candidates_i/U1534/Y,AOI22X1,AND2X2/A,1,0.00179784,0.00179784,0.00176278,0.00176278,0.00179784,0.0,0.00179784,0.0,0.001798
candidates_i/n2216,candidates_i/U1533/Y,AOI22X1,AND2X2/B,1,0.00186944,0.00186944,0.00182011,0.00182011,0.00186944,0.0,0.00186944,0.0,0.001869
candidates_i/n2218,candidates_i/U1612/Y,NAND3X1,INVX1/A;OR2X2/B,2,0.0038931699999999996,0.00383355,0.0038183,0.0038183,0.00383355,0.0,0.00383355,0.0,0.003893
candidates_i/n2219,candidates_i/U1543/Y,NAND3X1,OR2X2/A,1,0.00230117,0.00229176,0.00230117,0.00229176,0.00230117,0.0,0.00230117,0.0,0.002301
candidates_i/n2220,candidates_i/U1538/Y,NAND3X1,OR2X2/B,1,0.00234214,0.00228252,0.00234214,0.00228252,0.00234214,0.0,0.00234214,0.0,0.002342
candidates_i/n2221,candidates_i/U1542/Y,AOI22X1,NAND3X1/A,1,0.00254759,0.00254759,0.00220852,0.00220852,0.00254759,0.0,0.00254759,0.0,0.002548
candidates_i/n2222,candidates_i/U1541/Y,AOI22X1,NAND3X1/B,1,0.00283213,0.00283213,0.00259978,0.00259978,0.00283213,0.0,0.00283213,0.0,0.002832
candidates_i/n2224,candidates_i/U1540/Y,AOI22X1,AND2X2/A,1,0.00179784,0.00179784,0.00176278,0.00176278,0.00179784,0.0,0.00179784,0.0,0.001798
candidates_i/n2225,candidates_i/U1539/Y,AOI22X1,AND2X2/B,1,0.00186944,0.00186944,0.00182011,0.00182011,0.00186944,0.0,0.00186944,0.0,0.001869
candidates_i/n2226,candidates_i/U1547/Y,AOI22X1,NAND3X1/A,1,0.00254759,0.00254759,0.00220852,0.00220852,0.00254759,0.0,0.00254759,0.0,0.002548
candidates_i/n2227,candidates_i/U1546/Y,AOI22X1,NAND3X1/B,1,0.00283213,0.00283213,0.00259978,0.00259978,0.00283213,0.0,0.00283213,0.0,0.002832
candidates_i/n2229,candidates_i/U1545/Y,AOI22X1,AND2X2/A,1,0.00179784,0.00179784,0.00176278,0.00176278,0.00179784,0.0,0.00179784,0.0,0.001798
candidates_i/n2230,candidates_i/U1544/Y,AOI21X1,AND2X2/B,1,0.00186944,0.00186944,0.00182011,0.00182011,0.00186944,0.0,0.00186944,0.0,0.001869
candidates_i/n2231,candidates_i/U1554/Y,NAND3X1,OR2X2/A,1,0.00230117,0.00229176,0.00230117,0.00229176,0.00230117,0.0,0.00230117,0.0,0.002301
candidates_i/n2232,candidates_i/U1549/Y,NAND3X1,OR2X2/B,1,0.00234214,0.00228252,0.00234214,0.00228252,0.00234214,0.0,0.00234214,0.0,0.002342
candidates_i/n2233,candidates_i/U1553/Y,AOI21X1,NAND3X1/A,1,0.00254759,0.00254759,0.00220852,0.00220852,0.00254759,0.0,0.00254759,0.0,0.002548
candidates_i/n2234,candidates_i/U1552/Y,AOI22X1,NAND3X1/B,1,0.00283213,0.00283213,0.00259978,0.00259978,0.00283213,0.0,0.00283213,0.0,0.002832
candidates_i/n2236,candidates_i/U1551/Y,AOI22X1,AND2X2/A,1,0.00179784,0.00179784,0.00176278,0.00176278,0.00179784,0.0,0.00179784,0.0,0.001798
candidates_i/n2237,candidates_i/U1550/Y,AOI22X1,AND2X2/B,1,0.00186944,0.00186944,0.00182011,0.00182011,0.00186944,0.0,0.00186944,0.0,0.001869
candidates_i/n2238,candidates_i/U1652/Y,NAND3X1,AOI21X1/C;INVX2/A,2,0.005058689999999999,0.00504124,0.0049849000000000004,0.0049849,0.00504124,0.0,0.00504124,0.0,0.005059
candidates_i/n2239,candidates_i/U1559/Y,AOI22X1,NAND3X1/A,1,0.00254759,0.00254759,0.00220852,0.00220852,0.00254759,0.0,0.00254759,0.0,0.002548
candidates_i/n2240,candidates_i/U1557/Y,AOI21X1,NAND3X1/B,1,0.00283213,0.00283213,0.00259978,0.00259978,0.00283213,0.0,0.00283213,0.0,0.002832
candidates_i/n2242,candidates_i/U1556/Y,AOI22X1,AND2X2/A,1,0.00179784,0.00179784,0.00176278,0.00176278,0.00179784,0.0,0.00179784,0.0,0.001798
candidates_i/n2243,candidates_i/U1555/Y,AOI22X1,AND2X2/B,1,0.00186944,0.00186944,0.00182011,0.00182011,0.00186944,0.0,0.00186944,0.0,0.001869
candidates_i/n2245,candidates_i/U1567/Y,NAND3X1,OR2X2/A,1,0.00230117,0.00229176,0.00230117,0.00229176,0.00230117,0.0,0.00230117,0.0,0.002301
candidates_i/n2246,candidates_i/U1562/Y,NAND3X1,OR2X2/B,1,0.00234214,0.00228252,0.00234214,0.00228252,0.00234214,0.0,0.00234214,0.0,0.002342
candidates_i/n2247,candidates_i/U1566/Y,AOI22X1,NAND3X1/A,1,0.00254759,0.00254759,0.00220852,0.00220852,0.00254759,0.0,0.00254759,0.0,0.002548
candidates_i/n2248,candidates_i/U1565/Y,AOI22X1,NAND3X1/B,1,0.00283213,0.00283213,0.00259978,0.00259978,0.00283213,0.0,0.00283213,0.0,0.002832
candidates_i/n2250,candidates_i/U1564/Y,AOI22X1,AND2X2/A,1,0.00179784,0.00179784,0.00176278,0.00176278,0.00179784,0.0,0.00179784,0.0,0.001798
candidates_i/n2251,candidates_i/U1563/Y,AOI22X1,AND2X2/B,1,0.00186944,0.00186944,0.00182011,0.00182011,0.00186944,0.0,0.00186944,0.0,0.001869
candidates_i/n2252,candidates_i/U1571/Y,AOI22X1,NAND3X1/A,1,0.00254759,0.00254759,0.00220852,0.00220852,0.00254759,0.0,0.00254759,0.0,0.002548
candidates_i/n2253,candidates_i/U1570/Y,AOI22X1,NAND3X1/B,1,0.00283213,0.00283213,0.00259978,0.00259978,0.00283213,0.0,0.00283213,0.0,0.002832
candidates_i/n2255,candidates_i/U1569/Y,AOI22X1,AND2X2/A,1,0.00179784,0.00179784,0.00176278,0.00176278,0.00179784,0.0,0.00179784,0.0,0.001798
candidates_i/n2256,candidates_i/U1568/Y,AOI21X1,AND2X2/B,1,0.00186944,0.00186944,0.00182011,0.00182011,0.00186944,0.0,0.00186944,0.0,0.001869
candidates_i/n2257,candidates_i/U1578/Y,NAND3X1,OR2X2/A,1,0.00230117,0.00229176,0.00230117,0.00229176,0.00230117,0.0,0.00230117,0.0,0.002301
candidates_i/n2258,candidates_i/U1573/Y,NAND3X1,OR2X2/B,1,0.00234214,0.00228252,0.00234214,0.00228252,0.00234214,0.0,0.00234214,0.0,0.002342
candidates_i/n2259,candidates_i/U1577/Y,AOI21X1,NAND3X1/A,1,0.00254759,0.00254759,0.00220852,0.00220852,0.00254759,0.0,0.00254759,0.0,0.002548
candidates_i/n2260,candidates_i/U1576/Y,AOI22X1,NAND3X1/B,1,0.00283213,0.00283213,0.00259978,0.00259978,0.00283213,0.0,0.00283213,0.0,0.002832
candidates_i/n2262,candidates_i/U1575/Y,AOI22X1,AND2X2/A,1,0.00179784,0.00179784,0.00176278,0.00176278,0.00179784,0.0,0.00179784,0.0,0.001798
candidates_i/n2263,candidates_i/U1574/Y,AOI22X1,AND2X2/B,1,0.00186944,0.00186944,0.00182011,0.00182011,0.00186944,0.0,0.00186944,0.0,0.001869
candidates_i/n2264,candidates_i/U1647/Y,NAND3X1,AOI21X1/C;INVX1/A,2,0.00393706,0.00393706,0.0037884,0.0037884,0.00393706,0.0,0.00393706,0.0,0.003937
candidates_i/n2265,candidates_i/U1583/Y,AOI22X1,NAND3X1/A,1,0.00254759,0.00254759,0.00220852,0.00220852,0.00254759,0.0,0.00254759,0.0,0.002548
candidates_i/n2266,candidates_i/U1581/Y,AOI21X1,NAND3X1/B,1,0.00283213,0.00283213,0.00259978,0.00259978,0.00283213,0.0,0.00283213,0.0,0.002832
candidates_i/n2268,candidates_i/U1580/Y,AOI22X1,AND2X2/A,1,0.00179784,0.00179784,0.00176278,0.00176278,0.00179784,0.0,0.00179784,0.0,0.001798
candidates_i/n2269,candidates_i/U1579/Y,AOI22X1,AND2X2/B,1,0.00186944,0.00186944,0.00182011,0.00182011,0.00186944,0.0,0.00186944,0.0,0.001869
candidates_i/n2271,candidates_i/U1644/Y,NAND3X1,INVX1/A;OR2X2/B,2,0.0038931699999999996,0.00383355,0.0038183,0.0038183,0.00383355,0.0,0.00383355,0.0,0.003893
candidates_i/n2272,candidates_i/U1589/Y,NAND3X1,OR2X2/A,1,0.00230117,0.00229176,0.00230117,0.00229176,0.00230117,0.0,0.00230117,0.0,0.002301
candidates_i/n2273,candidates_i/U1584/Y,NAND3X1,OR2X2/B,1,0.00234214,0.00228252,0.00234214,0.00228252,0.00234214,0.0,0.00234214,0.0,0.002342
candidates_i/n2274,candidates_i/U1588/Y,AOI22X1,NAND3X1/A,1,0.00254759,0.00254759,0.00220852,0.00220852,0.00254759,0.0,0.00254759,0.0,0.002548
candidates_i/n2275,candidates_i/U1587/Y,AOI22X1,NAND3X1/B,1,0.00283213,0.00283213,0.00259978,0.00259978,0.00283213,0.0,0.00283213,0.0,0.002832
candidates_i/n2277,candidates_i/U1586/Y,AOI22X1,AND2X2/A,1,0.00179784,0.00179784,0.00176278,0.00176278,0.00179784,0.0,0.00179784,0.0,0.001798
candidates_i/n2278,candidates_i/U1585/Y,AOI22X1,AND2X2/B,1,0.00186944,0.00186944,0.00182011,0.00182011,0.00186944,0.0,0.00186944,0.0,0.001869
candidates_i/n2279,candidates_i/U1593/Y,AOI22X1,NAND3X1/A,1,0.00254759,0.00254759,0.00220852,0.00220852,0.00254759,0.0,0.00254759,0.0,0.002548
candidates_i/n2280,candidates_i/U1592/Y,AOI22X1,NAND3X1/B,1,0.00283213,0.00283213,0.00259978,0.00259978,0.00283213,0.0,0.00283213,0.0,0.002832
candidates_i/n2282,candidates_i/U1591/Y,AOI22X1,AND2X2/A,1,0.00179784,0.00179784,0.00176278,0.00176278,0.00179784,0.0,0.00179784,0.0,0.001798
candidates_i/n2283,candidates_i/U1590/Y,AOI21X1,AND2X2/B,1,0.00186944,0.00186944,0.00182011,0.00182011,0.00186944,0.0,0.00186944,0.0,0.001869
candidates_i/n2284,candidates_i/U1600/Y,NAND3X1,OR2X2/A,1,0.00230117,0.00229176,0.00230117,0.00229176,0.00230117,0.0,0.00230117,0.0,0.002301
candidates_i/n2285,candidates_i/U1595/Y,NAND3X1,OR2X2/B,1,0.00234214,0.00228252,0.00234214,0.00228252,0.00234214,0.0,0.00234214,0.0,0.002342
candidates_i/n2286,candidates_i/U1599/Y,AOI21X1,NAND3X1/A,1,0.00254759,0.00254759,0.00220852,0.00220852,0.00254759,0.0,0.00254759,0.0,0.002548
candidates_i/n2287,candidates_i/U1598/Y,AOI22X1,NAND3X1/B,1,0.00283213,0.00283213,0.00259978,0.00259978,0.00283213,0.0,0.00283213,0.0,0.002832
candidates_i/n2289,candidates_i/U1597/Y,AOI22X1,AND2X2/A,1,0.00179784,0.00179784,0.00176278,0.00176278,0.00179784,0.0,0.00179784,0.0,0.001798
candidates_i/n2290,candidates_i/U1596/Y,AOI22X1,AND2X2/B,1,0.00186944,0.00186944,0.00182011,0.00182011,0.00186944,0.0,0.00186944,0.0,0.001869
candidates_i/n2291,candidates_i/U1642/Y,NAND3X1,AOI21X1/C;INVX1/A,2,0.00393706,0.00393706,0.0037884,0.0037884,0.00393706,0.0,0.00393706,0.0,0.003937
candidates_i/n2292,candidates_i/U1605/Y,AOI22X1,NAND3X1/A,1,0.00254759,0.00254759,0.00220852,0.00220852,0.00254759,0.0,0.00254759,0.0,0.002548
candidates_i/n2293,candidates_i/U1603/Y,AOI21X1,NAND3X1/B,1,0.00283213,0.00283213,0.00259978,0.00259978,0.00283213,0.0,0.00283213,0.0,0.002832
candidates_i/n2295,candidates_i/U1602/Y,AOI22X1,AND2X2/A,1,0.00179784,0.00179784,0.00176278,0.00176278,0.00179784,0.0,0.00179784,0.0,0.001798
candidates_i/n2296,candidates_i/U1601/Y,AOI22X1,AND2X2/B,1,0.00186944,0.00186944,0.00182011,0.00182011,0.00186944,0.0,0.00186944,0.0,0.001869
candidates_i/n2298,candidates_i/U1607/Y,NAND3X1,INVX1/A,1,0.00155103,0.00155103,0.00147616,0.00147616,0.00155103,0.0,0.00155103,0.0,0.001551
candidates_i/n2299,candidates_i/U1608/Y,NAND2X1,NAND3X1/B,1,0.00283213,0.00283213,0.00259978,0.00259978,0.00283213,0.0,0.00283213,0.0,0.002832
candidates_i/n2301,candidates_i/U1621/Y,NAND3X1,OR2X2/A,1,0.00230117,0.00229176,0.00230117,0.00229176,0.00230117,0.0,0.00230117,0.0,0.002301
candidates_i/n2302,candidates_i/U1610/Y,NAND3X1,OR2X2/B,1,0.00234214,0.00228252,0.00234214,0.00228252,0.00234214,0.0,0.00234214,0.0,0.002342
candidates_i/n2303,candidates_i/U1616/Y,AOI22X1,NAND3X1/A,1,0.00254759,0.00254759,0.00220852,0.00220852,0.00254759,0.0,0.00254759,0.0,0.002548
candidates_i/n2304,candidates_i/U1615/Y,AOI22X1,NAND3X1/B,1,0.00283213,0.00283213,0.00259978,0.00259978,0.00283213,0.0,0.00283213,0.0,0.002832
candidates_i/n2306,candidates_i/U1614/Y,AOI22X1,AND2X2/A,1,0.00179784,0.00179784,0.00176278,0.00176278,0.00179784,0.0,0.00179784,0.0,0.001798
candidates_i/n2307,candidates_i/U1611/Y,AOI22X1,AND2X2/B,1,0.00186944,0.00186944,0.00182011,0.00182011,0.00186944,0.0,0.00186944,0.0,0.001869
candidates_i/n2308,candidates_i/U1613/Y,NAND2X1,NAND3X1/B,1,0.00283213,0.00283213,0.00259978,0.00259978,0.00283213,0.0,0.00283213,0.0,0.002832
candidates_i/n2309,candidates_i/U1617/Y,NAND3X1,INVX1/A,1,0.00155103,0.00155103,0.00147616,0.00147616,0.00155103,0.0,0.00155103,0.0,0.001551
candidates_i/n2310,candidates_i/U1618/Y,NAND2X1,NAND3X1/B,1,0.00283213,0.00283213,0.00259978,0.00259978,0.00283213,0.0,0.00283213,0.0,0.002832
candidates_i/n2311,candidates_i/U1620/Y,NAND2X1,NAND3X1/B,1,0.00283213,0.00283213,0.00259978,0.00259978,0.00283213,0.0,0.00283213,0.0,0.002832
candidates_i/n2312,candidates_i/U1635/Y,AOI22X1,NAND3X1/A,1,0.00254759,0.00254759,0.00220852,0.00220852,0.00254759,0.0,0.00254759,0.0,0.002548
candidates_i/n2313,candidates_i/U1630/Y,AOI22X1,NAND3X1/B,1,0.00283213,0.00283213,0.00259978,0.00259978,0.00283213,0.0,0.00283213,0.0,0.002832
candidates_i/n2315,candidates_i/U1625/Y,AOI22X1,AND2X2/A,1,0.00179784,0.00179784,0.00176278,0.00176278,0.00179784,0.0,0.00179784,0.0,0.001798
candidates_i/n2316,candidates_i/U1622/Y,AOI21X1,AND2X2/B,1,0.00186944,0.00186944,0.00182011,0.00182011,0.00186944,0.0,0.00186944,0.0,0.001869
candidates_i/n2317,candidates_i/U1624/Y,NAND2X1,NAND3X1/B,1,0.00283213,0.00283213,0.00259978,0.00259978,0.00283213,0.0,0.00283213,0.0,0.002832
candidates_i/n2320,candidates_i/U1632/Y,NAND2X1,NAND3X1/B,1,0.00283213,0.00283213,0.00259978,0.00259978,0.00283213,0.0,0.00283213,0.0,0.002832
candidates_i/n2321,candidates_i/U1634/Y,NAND2X1,NAND3X1/B,1,0.00283213,0.00283213,0.00259978,0.00259978,0.00283213,0.0,0.00283213,0.0,0.002832
candidates_i/n2322,candidates_i/U1637/Y,NAND2X1,NAND3X1/B,1,0.00283213,0.00283213,0.00259978,0.00259978,0.00283213,0.0,0.00283213,0.0,0.002832
candidates_i/n2323,candidates_i/U1638/Y,NAND3X1,INVX1/A,1,0.00155103,0.00155103,0.00147616,0.00147616,0.00155103,0.0,0.00155103,0.0,0.001551
candidates_i/n2324,candidates_i/U1639/Y,NAND2X1,NAND3X1/B,1,0.00283213,0.00283213,0.00259978,0.00259978,0.00283213,0.0,0.00283213,0.0,0.002832
candidates_i/n2325,candidates_i/U1649/Y,AOI22X1,NAND3X1/A,1,0.00254759,0.00254759,0.00220852,0.00220852,0.00254759,0.0,0.00254759,0.0,0.002548
candidates_i/n2326,candidates_i/U1646/Y,NAND2X1,NAND3X1/B,1,0.00283213,0.00283213,0.00259978,0.00259978,0.00283213,0.0,0.00283213,0.0,0.002832
candidates_i/n2327,candidates_i/U1641/Y,AOI22X1,NAND3X1/C,1,0.00296109,0.00296109,0.0028316,0.0028316,0.00296109,0.0,0.00296109,0.0,0.002961
candidates_i/n2328,candidates_i/U1643/Y,NAND2X1,NAND3X1/B,1,0.00283213,0.00283213,0.00259978,0.00259978,0.00283213,0.0,0.00283213,0.0,0.002832
candidates_i/n2329,candidates_i/U1645/Y,NAND2X1,NAND3X1/B,1,0.00283213,0.00283213,0.00259978,0.00259978,0.00283213,0.0,0.00283213,0.0,0.002832
candidates_i/n2330,candidates_i/U1648/Y,NAND2X1,NAND3X1/B,1,0.00283213,0.00283213,0.00259978,0.00259978,0.00283213,0.0,0.00283213,0.0,0.002832
candidates_i/n2331,candidates_i/U1650/Y,NAND3X1,INVX1/A,1,0.00155103,0.00155103,0.00147616,0.00147616,0.00155103,0.0,0.00155103,0.0,0.001551
candidates_i/n2332,candidates_i/U1651/Y,NAND2X1,NAND3X1/B,1,0.00283213,0.00283213,0.00259978,0.00259978,0.00283213,0.0,0.00283213,0.0,0.002832
candidates_i/n2333,candidates_i/U1653/Y,NAND2X1,NAND3X1/B,1,0.00283213,0.00283213,0.00259978,0.00259978,0.00283213,0.0,0.00283213,0.0,0.002832
candidates_i/n2336,candidates_i/U1780/Y,NAND3X1,NOR3X1/A,1,0.00302113,0.00302113,0.00301081,0.00301081,0.00302113,0.0,0.00302113,0.0,0.003021
candidates_i/n2337,candidates_i/U1716/Y,NAND2X1,NOR3X1/B,1,0.003067,0.00306333,0.003067,0.00306333,0.003067,0.0,0.003067,0.0,0.003067
candidates_i/n2338,candidates_i/U1656/Y,NAND2X1,NOR3X1/C,1,0.00328822,0.00328822,0.00322576,0.00322576,0.00328822,0.0,0.00328822,0.0,0.003288
candidates_i/n2339,candidates_i/U1687/Y,NAND3X1,NAND2X1/A,1,0.00211057,0.00211057,0.00188435,0.00188435,0.00211057,0.0,0.00211057,0.0,0.002111
candidates_i/n2340,candidates_i/U1657/Y,NAND3X1,NAND2X1/B,1,0.00202749,0.00202749,0.00194421,0.00194421,0.00202749,0.0,0.00202749,0.0,0.002027
candidates_i/n2343,candidates_i/U1668/Y,NAND3X1,NOR3X1/A,1,0.00302113,0.00302113,0.00301081,0.00301081,0.00302113,0.0,0.00302113,0.0,0.003021
candidates_i/n2344,candidates_i/U1664/Y,NAND3X1,NOR3X1/B,1,0.003067,0.00306333,0.003067,0.00306333,0.003067,0.0,0.003067,0.0,0.003067
candidates_i/n2345,candidates_i/U1661/Y,NAND2X1,NOR3X1/C,1,0.00328822,0.00328822,0.00322576,0.00322576,0.00328822,0.0,0.00328822,0.0,0.003288
candidates_i/n2346,candidates_i/U1663/Y,NAND3X1,NAND2X1/A,1,0.00211057,0.00211057,0.00188435,0.00188435,0.00211057,0.0,0.00211057,0.0,0.002111
candidates_i/n2347,candidates_i/U1662/Y,NAND3X1,NAND2X1/B,1,0.00202749,0.00202749,0.00194421,0.00194421,0.00202749,0.0,0.00202749,0.0,0.002027
candidates_i/n2348,candidates_i/U1667/Y,NAND3X1,NAND3X1/A,1,0.00254759,0.00254759,0.00220852,0.00220852,0.00254759,0.0,0.00254759,0.0,0.002548
candidates_i/n2349,candidates_i/U1666/Y,NAND3X1,NAND3X1/B,1,0.00283213,0.00283213,0.00259978,0.00259978,0.00283213,0.0,0.00283213,0.0,0.002832
candidates_i/n2350,candidates_i/U1665/Y,NAND3X1,NAND3X1/C,1,0.00296109,0.00296109,0.0028316,0.0028316,0.00296109,0.0,0.00296109,0.0,0.002961
candidates_i/n2351,candidates_i/U1671/Y,NAND3X1,NAND3X1/A,1,0.00254759,0.00254759,0.00220852,0.00220852,0.00254759,0.0,0.00254759,0.0,0.002548
candidates_i/n2352,candidates_i/U1670/Y,NAND3X1,NAND3X1/B,1,0.00283213,0.00283213,0.00259978,0.00259978,0.00283213,0.0,0.00283213,0.0,0.002832
candidates_i/n2353,candidates_i/U1669/Y,AOI22X1,NAND3X1/C,1,0.00296109,0.00296109,0.0028316,0.0028316,0.00296109,0.0,0.00296109,0.0,0.002961
candidates_i/n2355,candidates_i/U1680/Y,NAND3X1,NOR3X1/A,1,0.00302113,0.00302113,0.00301081,0.00301081,0.00302113,0.0,0.00302113,0.0,0.003021
candidates_i/n2356,candidates_i/U1676/Y,NAND3X1,NOR3X1/B,1,0.003067,0.00306333,0.003067,0.00306333,0.003067,0.0,0.003067,0.0,0.003067
candidates_i/n2357,candidates_i/U1673/Y,NAND2X1,NOR3X1/C,1,0.00328822,0.00328822,0.00322576,0.00322576,0.00328822,0.0,0.00328822,0.0,0.003288
candidates_i/n2358,candidates_i/U1675/Y,NAND3X1,NAND2X1/A,1,0.00211057,0.00211057,0.00188435,0.00188435,0.00211057,0.0,0.00211057,0.0,0.002111
candidates_i/n2359,candidates_i/U1674/Y,NAND3X1,NAND2X1/B,1,0.00202749,0.00202749,0.00194421,0.00194421,0.00202749,0.0,0.00202749,0.0,0.002027
candidates_i/n2360,candidates_i/U1679/Y,NAND3X1,NAND3X1/A,1,0.00254759,0.00254759,0.00220852,0.00220852,0.00254759,0.0,0.00254759,0.0,0.002548
candidates_i/n2361,candidates_i/U1678/Y,NAND3X1,NAND3X1/B,1,0.00283213,0.00283213,0.00259978,0.00259978,0.00283213,0.0,0.00283213,0.0,0.002832
candidates_i/n2362,candidates_i/U1677/Y,NAND3X1,NAND3X1/C,1,0.00296109,0.00296109,0.0028316,0.0028316,0.00296109,0.0,0.00296109,0.0,0.002961
candidates_i/n2363,candidates_i/U1685/Y,NAND3X1,NAND3X1/A,1,0.00254759,0.00254759,0.00220852,0.00220852,0.00254759,0.0,0.00254759,0.0,0.002548
candidates_i/n2364,candidates_i/U1684/Y,NAND3X1,NAND3X1/B,1,0.00283213,0.00283213,0.00259978,0.00259978,0.00283213,0.0,0.00283213,0.0,0.002832
candidates_i/n2365,candidates_i/U1681/Y,AOI21X1,NAND3X1/C,1,0.00296109,0.00296109,0.0028316,0.0028316,0.00296109,0.0,0.00296109,0.0,0.002961
candidates_i/n2366,candidates_i/U1682/Y,NAND3X1,AOI21X1/B,1,0.00272419,0.00272419,0.00267874,0.00267874,0.00272419,0.0,0.00272419,0.0,0.002724
candidates_i/n2367,candidates_i/U1683/Y,NOR2X1,NAND3X1/C,1,0.00296109,0.00296109,0.0028316,0.0028316,0.00296109,0.0,0.00296109,0.0,0.002961
candidates_i/n2370,candidates_i/U1698/Y,NAND3X1,NOR3X1/A,1,0.00302113,0.00302113,0.00301081,0.00301081,0.00302113,0.0,0.00302113,0.0,0.003021
candidates_i/n2371,candidates_i/U1694/Y,NAND3X1,NOR3X1/B,1,0.003067,0.00306333,0.003067,0.00306333,0.003067,0.0,0.003067,0.0,0.003067
candidates_i/n2372,candidates_i/U1691/Y,NAND2X1,NOR3X1/C,1,0.00328822,0.00328822,0.00322576,0.00322576,0.00328822,0.0,0.00328822,0.0,0.003288
candidates_i/n2373,candidates_i/U1693/Y,NAND3X1,NAND2X1/A,1,0.00211057,0.00211057,0.00188435,0.00188435,0.00211057,0.0,0.00211057,0.0,0.002111
candidates_i/n2374,candidates_i/U1692/Y,NAND3X1,NAND2X1/B,1,0.00202749,0.00202749,0.00194421,0.00194421,0.00202749,0.0,0.00202749,0.0,0.002027
candidates_i/n2375,candidates_i/U1697/Y,NAND3X1,NAND3X1/A,1,0.00254759,0.00254759,0.00220852,0.00220852,0.00254759,0.0,0.00254759,0.0,0.002548
candidates_i/n2376,candidates_i/U1696/Y,NAND3X1,NAND3X1/B,1,0.00283213,0.00283213,0.00259978,0.00259978,0.00283213,0.0,0.00283213,0.0,0.002832
candidates_i/n2377,candidates_i/U1695/Y,NAND3X1,NAND3X1/C,1,0.00296109,0.00296109,0.0028316,0.0028316,0.00296109,0.0,0.00296109,0.0,0.002961
candidates_i/n2378,candidates_i/U1701/Y,NAND3X1,NAND3X1/A,1,0.00254759,0.00254759,0.00220852,0.00220852,0.00254759,0.0,0.00254759,0.0,0.002548
candidates_i/n2379,candidates_i/U1700/Y,NAND3X1,NAND3X1/B,1,0.00283213,0.00283213,0.00259978,0.00259978,0.00283213,0.0,0.00283213,0.0,0.002832
candidates_i/n2380,candidates_i/U1699/Y,AOI22X1,NAND3X1/C,1,0.00296109,0.00296109,0.0028316,0.0028316,0.00296109,0.0,0.00296109,0.0,0.002961
candidates_i/n2382,candidates_i/U1710/Y,NAND3X1,NOR3X1/A,1,0.00302113,0.00302113,0.00301081,0.00301081,0.00302113,0.0,0.00302113,0.0,0.003021
candidates_i/n2383,candidates_i/U1706/Y,NAND3X1,NOR3X1/B,1,0.003067,0.00306333,0.003067,0.00306333,0.003067,0.0,0.003067,0.0,0.003067
candidates_i/n2384,candidates_i/U1703/Y,NAND2X1,NOR3X1/C,1,0.00328822,0.00328822,0.00322576,0.00322576,0.00328822,0.0,0.00328822,0.0,0.003288
candidates_i/n2385,candidates_i/U1705/Y,NAND3X1,NAND2X1/A,1,0.00211057,0.00211057,0.00188435,0.00188435,0.00211057,0.0,0.00211057,0.0,0.002111
candidates_i/n2386,candidates_i/U1704/Y,NAND3X1,NAND2X1/B,1,0.00202749,0.00202749,0.00194421,0.00194421,0.00202749,0.0,0.00202749,0.0,0.002027
candidates_i/n2387,candidates_i/U1709/Y,NAND3X1,NAND3X1/A,1,0.00254759,0.00254759,0.00220852,0.00220852,0.00254759,0.0,0.00254759,0.0,0.002548
candidates_i/n2388,candidates_i/U1708/Y,NAND3X1,NAND3X1/B,1,0.00283213,0.00283213,0.00259978,0.00259978,0.00283213,0.0,0.00283213,0.0,0.002832
candidates_i/n2389,candidates_i/U1707/Y,NAND3X1,NAND3X1/C,1,0.00296109,0.00296109,0.0028316,0.0028316,0.00296109,0.0,0.00296109,0.0,0.002961
candidates_i/n2390,candidates_i/U1714/Y,NAND3X1,NAND3X1/A,1,0.00254759,0.00254759,0.00220852,0.00220852,0.00254759,0.0,0.00254759,0.0,0.002548
candidates_i/n2391,candidates_i/U1713/Y,NAND3X1,NAND3X1/B,1,0.00283213,0.00283213,0.00259978,0.00259978,0.00283213,0.0,0.00283213,0.0,0.002832
candidates_i/n2392,candidates_i/U1711/Y,AOI21X1,NAND3X1/C,1,0.00296109,0.00296109,0.0028316,0.0028316,0.00296109,0.0,0.00296109,0.0,0.002961
candidates_i/n2393,candidates_i/U1712/Y,NAND3X1,AOI21X1/B,1,0.00272419,0.00272419,0.00267874,0.00267874,0.00272419,0.0,0.00272419,0.0,0.002724
candidates_i/n2395,candidates_i/U1748/Y,NAND3X1,NAND2X1/A,1,0.00211057,0.00211057,0.00188435,0.00188435,0.00211057,0.0,0.00211057,0.0,0.002111
candidates_i/n2396,candidates_i/U1717/Y,NAND3X1,NAND2X1/B,1,0.00202749,0.00202749,0.00194421,0.00194421,0.00202749,0.0,0.00202749,0.0,0.002027
candidates_i/n2399,candidates_i/U1728/Y,NAND3X1,NOR3X1/A,1,0.00302113,0.00302113,0.00301081,0.00301081,0.00302113,0.0,0.00302113,0.0,0.003021
candidates_i/n2400,candidates_i/U1724/Y,NAND3X1,NOR3X1/B,1,0.003067,0.00306333,0.003067,0.00306333,0.003067,0.0,0.003067,0.0,0.003067
candidates_i/n2401,candidates_i/U1721/Y,NAND2X1,NOR3X1/C,1,0.00328822,0.00328822,0.00322576,0.00322576,0.00328822,0.0,0.00328822,0.0,0.003288
candidates_i/n2402,candidates_i/U1723/Y,NAND3X1,NAND2X1/A,1,0.00211057,0.00211057,0.00188435,0.00188435,0.00211057,0.0,0.00211057,0.0,0.002111
candidates_i/n2403,candidates_i/U1722/Y,NAND2X1,NAND2X1/B,1,0.00202749,0.00202749,0.00194421,0.00194421,0.00202749,0.0,0.00202749,0.0,0.002027
candidates_i/n2404,candidates_i/U1727/Y,NAND3X1,NAND3X1/A,1,0.00254759,0.00254759,0.00220852,0.00220852,0.00254759,0.0,0.00254759,0.0,0.002548
candidates_i/n2405,candidates_i/U1726/Y,NAND3X1,NAND3X1/B,1,0.00283213,0.00283213,0.00259978,0.00259978,0.00283213,0.0,0.00283213,0.0,0.002832
candidates_i/n2406,candidates_i/U1725/Y,NAND3X1,NAND3X1/C,1,0.00296109,0.00296109,0.0028316,0.0028316,0.00296109,0.0,0.00296109,0.0,0.002961
candidates_i/n2407,candidates_i/U1732/Y,NAND3X1,NAND3X1/A,1,0.00254759,0.00254759,0.00220852,0.00220852,0.00254759,0.0,0.00254759,0.0,0.002548
candidates_i/n2408,candidates_i/U1731/Y,NAND3X1,NAND3X1/B,1,0.00283213,0.00283213,0.00259978,0.00259978,0.00283213,0.0,0.00283213,0.0,0.002832
candidates_i/n2410,candidates_i/U1730/Y,NAND3X1,AND2X2/A,1,0.00179784,0.00179784,0.00176278,0.00176278,0.00179784,0.0,0.00179784,0.0,0.001798
candidates_i/n2411,candidates_i/U1729/Y,NAND3X1,AND2X2/B,1,0.00186944,0.00186944,0.00182011,0.00182011,0.00186944,0.0,0.00186944,0.0,0.001869
candidates_i/n2412,candidates_i/U1741/Y,NAND3X1,NOR3X1/A,1,0.00302113,0.00302113,0.00301081,0.00301081,0.00302113,0.0,0.00302113,0.0,0.003021
candidates_i/n2413,candidates_i/U1737/Y,NAND3X1,NOR3X1/B,1,0.003067,0.00306333,0.003067,0.00306333,0.003067,0.0,0.003067,0.0,0.003067
candidates_i/n2414,candidates_i/U1734/Y,NAND2X1,NOR3X1/C,1,0.00328822,0.00328822,0.00322576,0.00322576,0.00328822,0.0,0.00328822,0.0,0.003288
candidates_i/n2415,candidates_i/U1736/Y,NAND3X1,NAND2X1/A,1,0.00211057,0.00211057,0.00188435,0.00188435,0.00211057,0.0,0.00211057,0.0,0.002111
candidates_i/n2416,candidates_i/U1735/Y,NAND3X1,NAND2X1/B,1,0.00202749,0.00202749,0.00194421,0.00194421,0.00202749,0.0,0.00202749,0.0,0.002027
candidates_i/n2417,candidates_i/U1740/Y,NAND3X1,NAND3X1/A,1,0.00254759,0.00254759,0.00220852,0.00220852,0.00254759,0.0,0.00254759,0.0,0.002548
candidates_i/n2418,candidates_i/U1739/Y,NAND3X1,NAND3X1/B,1,0.00283213,0.00283213,0.00259978,0.00259978,0.00283213,0.0,0.00283213,0.0,0.002832
candidates_i/n2419,candidates_i/U1738/Y,NAND3X1,NAND3X1/C,1,0.00296109,0.00296109,0.0028316,0.0028316,0.00296109,0.0,0.00296109,0.0,0.002961
candidates_i/n2420,candidates_i/U1746/Y,NAND3X1,NAND3X1/A,1,0.00254759,0.00254759,0.00220852,0.00220852,0.00254759,0.0,0.00254759,0.0,0.002548
candidates_i/n2421,candidates_i/U1745/Y,NAND3X1,NAND3X1/B,1,0.00283213,0.00283213,0.00259978,0.00259978,0.00283213,0.0,0.00283213,0.0,0.002832
candidates_i/n2422,candidates_i/U1742/Y,AOI21X1,NAND3X1/C,1,0.00296109,0.00296109,0.0028316,0.0028316,0.00296109,0.0,0.00296109,0.0,0.002961
candidates_i/n2423,candidates_i/U1743/Y,NAND3X1,AOI21X1/B,1,0.00272419,0.00272419,0.00267874,0.00267874,0.00272419,0.0,0.00272419,0.0,0.002724
candidates_i/n2424,candidates_i/U1744/Y,NOR2X1,NAND3X1/C,1,0.00296109,0.00296109,0.0028316,0.0028316,0.00296109,0.0,0.00296109,0.0,0.002961
candidates_i/n2427,candidates_i/U1759/Y,NAND3X1,NOR3X1/A,1,0.00302113,0.00302113,0.00301081,0.00301081,0.00302113,0.0,0.00302113,0.0,0.003021
candidates_i/n2428,candidates_i/U1755/Y,NAND3X1,NOR3X1/B,1,0.003067,0.00306333,0.003067,0.00306333,0.003067,0.0,0.003067,0.0,0.003067
candidates_i/n2429,candidates_i/U1752/Y,NAND2X1,NOR3X1/C,1,0.00328822,0.00328822,0.00322576,0.00322576,0.00328822,0.0,0.00328822,0.0,0.003288
candidates_i/n2430,candidates_i/U1754/Y,NAND3X1,NAND2X1/A,1,0.00211057,0.00211057,0.00188435,0.00188435,0.00211057,0.0,0.00211057,0.0,0.002111
candidates_i/n2431,candidates_i/U1753/Y,NAND3X1,NAND2X1/B,1,0.00202749,0.00202749,0.00194421,0.00194421,0.00202749,0.0,0.00202749,0.0,0.002027
candidates_i/n2432,candidates_i/U1758/Y,NAND3X1,NAND3X1/A,1,0.00254759,0.00254759,0.00220852,0.00220852,0.00254759,0.0,0.00254759,0.0,0.002548
candidates_i/n2433,candidates_i/U1757/Y,NAND2X1,NAND3X1/B,1,0.00283213,0.00283213,0.00259978,0.00259978,0.00283213,0.0,0.00283213,0.0,0.002832
candidates_i/n2434,candidates_i/U1756/Y,NAND3X1,NAND3X1/C,1,0.00296109,0.00296109,0.0028316,0.0028316,0.00296109,0.0,0.00296109,0.0,0.002961
candidates_i/n2435,candidates_i/U1763/Y,NAND3X1,NAND3X1/A,1,0.00254759,0.00254759,0.00220852,0.00220852,0.00254759,0.0,0.00254759,0.0,0.002548
candidates_i/n2436,candidates_i/U1762/Y,NAND3X1,NAND3X1/B,1,0.00283213,0.00283213,0.00259978,0.00259978,0.00283213,0.0,0.00283213,0.0,0.002832
candidates_i/n2438,candidates_i/U1761/Y,NAND3X1,AND2X2/A,1,0.00179784,0.00179784,0.00176278,0.00176278,0.00179784,0.0,0.00179784,0.0,0.001798
candidates_i/n2439,candidates_i/U1760/Y,NAND3X1,AND2X2/B,1,0.00186944,0.00186944,0.00182011,0.00182011,0.00186944,0.0,0.00186944,0.0,0.001869
candidates_i/n2440,candidates_i/U1772/Y,NAND3X1,NOR3X1/A,1,0.00302113,0.00302113,0.00301081,0.00301081,0.00302113,0.0,0.00302113,0.0,0.003021
candidates_i/n2441,candidates_i/U1768/Y,NAND3X1,NOR3X1/B,1,0.003067,0.00306333,0.003067,0.00306333,0.003067,0.0,0.003067,0.0,0.003067
candidates_i/n2442,candidates_i/U1765/Y,NAND2X1,NOR3X1/C,1,0.00328822,0.00328822,0.00322576,0.00322576,0.00328822,0.0,0.00328822,0.0,0.003288
candidates_i/n2443,candidates_i/U1767/Y,NAND3X1,NAND2X1/A,1,0.00211057,0.00211057,0.00188435,0.00188435,0.00211057,0.0,0.00211057,0.0,0.002111
candidates_i/n2444,candidates_i/U1766/Y,NAND3X1,NAND2X1/B,1,0.00202749,0.00202749,0.00194421,0.00194421,0.00202749,0.0,0.00202749,0.0,0.002027
candidates_i/n2445,candidates_i/U1771/Y,NAND3X1,NAND3X1/A,1,0.00254759,0.00254759,0.00220852,0.00220852,0.00254759,0.0,0.00254759,0.0,0.002548
candidates_i/n2446,candidates_i/U1770/Y,NAND3X1,NAND3X1/B,1,0.00283213,0.00283213,0.00259978,0.00259978,0.00283213,0.0,0.00283213,0.0,0.002832
candidates_i/n2447,candidates_i/U1769/Y,NAND3X1,NAND3X1/C,1,0.00296109,0.00296109,0.0028316,0.0028316,0.00296109,0.0,0.00296109,0.0,0.002961
candidates_i/n2448,candidates_i/U1778/Y,NAND3X1,NAND3X1/A,1,0.00254759,0.00254759,0.00220852,0.00220852,0.00254759,0.0,0.00254759,0.0,0.002548
candidates_i/n2449,candidates_i/U1777/Y,NAND3X1,NAND3X1/B,1,0.00283213,0.00283213,0.00259978,0.00259978,0.00283213,0.0,0.00283213,0.0,0.002832
candidates_i/n2450,candidates_i/U1773/Y,AOI21X1,NAND3X1/C,1,0.00296109,0.00296109,0.0028316,0.0028316,0.00296109,0.0,0.00296109,0.0,0.002961
candidates_i/n2451,candidates_i/U1774/Y,NAND2X1,AOI21X1/B,1,0.00272419,0.00272419,0.00267874,0.00267874,0.00272419,0.0,0.00272419,0.0,0.002724
candidates_i/n2452,candidates_i/U1776/Y,NOR2X1,NAND2X1/A,1,0.00211057,0.00211057,0.00188435,0.00188435,0.00211057,0.0,0.00211057,0.0,0.002111
candidates_i/n2453,candidates_i/U1775/Y,NOR2X1,NAND2X1/B,1,0.00202749,0.00202749,0.00194421,0.00194421,0.00202749,0.0,0.00202749,0.0,0.002027
candidates_i/n2454,candidates_i/U1872/Y,NAND3X1,NAND3X1/A,1,0.00254759,0.00254759,0.00220852,0.00220852,0.00254759,0.0,0.00254759,0.0,0.002548
candidates_i/n2455,candidates_i/U1843/Y,NAND3X1,NAND3X1/B,1,0.00283213,0.00283213,0.00259978,0.00259978,0.00283213,0.0,0.00283213,0.0,0.002832
candidates_i/n2457,candidates_i/U1812/Y,NAND3X1,AND2X2/A,1,0.00179784,0.00179784,0.00176278,0.00176278,0.00179784,0.0,0.00179784,0.0,0.001798
candidates_i/n2458,candidates_i/U1781/Y,NAND3X1,AND2X2/B,1,0.00186944,0.00186944,0.00182011,0.00182011,0.00186944,0.0,0.00186944,0.0,0.001869
candidates_i/n2461,candidates_i/U1792/Y,NAND3X1,NOR3X1/A,1,0.00302113,0.00302113,0.00301081,0.00301081,0.00302113,0.0,0.00302113,0.0,0.003021
candidates_i/n2462,candidates_i/U1788/Y,NAND3X1,NOR3X1/B,1,0.003067,0.00306333,0.003067,0.00306333,0.003067,0.0,0.003067,0.0,0.003067
candidates_i/n2463,candidates_i/U1785/Y,NAND2X1,NOR3X1/C,1,0.00328822,0.00328822,0.00322576,0.00322576,0.00328822,0.0,0.00328822,0.0,0.003288
candidates_i/n2464,candidates_i/U1787/Y,NAND3X1,NAND2X1/A,1,0.00211057,0.00211057,0.00188435,0.00188435,0.00211057,0.0,0.00211057,0.0,0.002111
candidates_i/n2465,candidates_i/U1786/Y,NAND3X1,NAND2X1/B,1,0.00202749,0.00202749,0.00194421,0.00194421,0.00202749,0.0,0.00202749,0.0,0.002027
candidates_i/n2466,candidates_i/U1791/Y,NAND3X1,NAND3X1/A,1,0.00254759,0.00254759,0.00220852,0.00220852,0.00254759,0.0,0.00254759,0.0,0.002548
candidates_i/n2467,candidates_i/U1790/Y,NAND3X1,NAND3X1/B,1,0.00283213,0.00283213,0.00259978,0.00259978,0.00283213,0.0,0.00283213,0.0,0.002832
candidates_i/n2468,candidates_i/U1789/Y,NAND3X1,NAND3X1/C,1,0.00296109,0.00296109,0.0028316,0.0028316,0.00296109,0.0,0.00296109,0.0,0.002961
candidates_i/n2469,candidates_i/U1796/Y,NAND3X1,NAND3X1/A,1,0.00254759,0.00254759,0.00220852,0.00220852,0.00254759,0.0,0.00254759,0.0,0.002548
candidates_i/n2470,candidates_i/U1795/Y,NAND3X1,NAND3X1/B,1,0.00283213,0.00283213,0.00259978,0.00259978,0.00283213,0.0,0.00283213,0.0,0.002832
candidates_i/n2472,candidates_i/U1794/Y,NAND3X1,AND2X2/A,1,0.00179784,0.00179784,0.00176278,0.00176278,0.00179784,0.0,0.00179784,0.0,0.001798
candidates_i/n2473,candidates_i/U1793/Y,NAND3X1,AND2X2/B,1,0.00186944,0.00186944,0.00182011,0.00182011,0.00186944,0.0,0.00186944,0.0,0.001869
candidates_i/n2474,candidates_i/U1805/Y,NAND3X1,NOR3X1/A,1,0.00302113,0.00302113,0.00301081,0.00301081,0.00302113,0.0,0.00302113,0.0,0.003021
candidates_i/n2475,candidates_i/U1801/Y,NAND3X1,NOR3X1/B,1,0.003067,0.00306333,0.003067,0.00306333,0.003067,0.0,0.003067,0.0,0.003067
candidates_i/n2476,candidates_i/U1798/Y,NAND2X1,NOR3X1/C,1,0.00328822,0.00328822,0.00322576,0.00322576,0.00328822,0.0,0.00328822,0.0,0.003288
candidates_i/n2477,candidates_i/U1800/Y,NAND3X1,NAND2X1/A,1,0.00211057,0.00211057,0.00188435,0.00188435,0.00211057,0.0,0.00211057,0.0,0.002111
candidates_i/n2478,candidates_i/U1799/Y,NAND3X1,NAND2X1/B,1,0.00202749,0.00202749,0.00194421,0.00194421,0.00202749,0.0,0.00202749,0.0,0.002027
candidates_i/n2479,candidates_i/U1804/Y,NAND3X1,NAND3X1/A,1,0.00254759,0.00254759,0.00220852,0.00220852,0.00254759,0.0,0.00254759,0.0,0.002548
candidates_i/n2480,candidates_i/U1803/Y,NAND3X1,NAND3X1/B,1,0.00283213,0.00283213,0.00259978,0.00259978,0.00283213,0.0,0.00283213,0.0,0.002832
candidates_i/n2481,candidates_i/U1802/Y,NAND3X1,NAND3X1/C,1,0.00296109,0.00296109,0.0028316,0.0028316,0.00296109,0.0,0.00296109,0.0,0.002961
candidates_i/n2482,candidates_i/U1810/Y,NAND2X1,NAND3X1/A,1,0.00254759,0.00254759,0.00220852,0.00220852,0.00254759,0.0,0.00254759,0.0,0.002548
candidates_i/n2483,candidates_i/U1809/Y,NAND3X1,NAND3X1/B,1,0.00283213,0.00283213,0.00259978,0.00259978,0.00283213,0.0,0.00283213,0.0,0.002832
candidates_i/n2484,candidates_i/U1806/Y,AOI21X1,NAND3X1/C,1,0.00296109,0.00296109,0.0028316,0.0028316,0.00296109,0.0,0.00296109,0.0,0.002961
candidates_i/n2485,candidates_i/U1807/Y,NAND3X1,AOI21X1/B,1,0.00272419,0.00272419,0.00267874,0.00267874,0.00272419,0.0,0.00272419,0.0,0.002724
candidates_i/n2486,candidates_i/U1808/Y,NOR2X1,NAND3X1/C,1,0.00296109,0.00296109,0.0028316,0.0028316,0.00296109,0.0,0.00296109,0.0,0.002961
candidates_i/n2489,candidates_i/U1823/Y,NAND3X1,NOR3X1/A,1,0.00302113,0.00302113,0.00301081,0.00301081,0.00302113,0.0,0.00302113,0.0,0.003021
candidates_i/n2490,candidates_i/U1819/Y,NAND3X1,NOR3X1/B,1,0.003067,0.00306333,0.003067,0.00306333,0.003067,0.0,0.003067,0.0,0.003067
candidates_i/n2491,candidates_i/U1816/Y,NAND2X1,NOR3X1/C,1,0.00328822,0.00328822,0.00322576,0.00322576,0.00328822,0.0,0.00328822,0.0,0.003288
candidates_i/n2492,candidates_i/U1818/Y,NAND3X1,NAND2X1/A,1,0.00211057,0.00211057,0.00188435,0.00188435,0.00211057,0.0,0.00211057,0.0,0.002111
candidates_i/n2493,candidates_i/U1817/Y,NAND3X1,NAND2X1/B,1,0.00202749,0.00202749,0.00194421,0.00194421,0.00202749,0.0,0.00202749,0.0,0.002027
candidates_i/n2494,candidates_i/U1822/Y,NAND3X1,NAND3X1/A,1,0.00254759,0.00254759,0.00220852,0.00220852,0.00254759,0.0,0.00254759,0.0,0.002548
candidates_i/n2495,candidates_i/U1821/Y,NAND2X1,NAND3X1/B,1,0.00283213,0.00283213,0.00259978,0.00259978,0.00283213,0.0,0.00283213,0.0,0.002832
candidates_i/n2496,candidates_i/U1820/Y,NAND3X1,NAND3X1/C,1,0.00296109,0.00296109,0.0028316,0.0028316,0.00296109,0.0,0.00296109,0.0,0.002961
candidates_i/n2497,candidates_i/U1827/Y,NAND3X1,NAND3X1/A,1,0.00254759,0.00254759,0.00220852,0.00220852,0.00254759,0.0,0.00254759,0.0,0.002548
candidates_i/n2498,candidates_i/U1826/Y,NAND3X1,NAND3X1/B,1,0.00283213,0.00283213,0.00259978,0.00259978,0.00283213,0.0,0.00283213,0.0,0.002832
candidates_i/n2500,candidates_i/U1825/Y,NAND3X1,AND2X2/A,1,0.00179784,0.00179784,0.00176278,0.00176278,0.00179784,0.0,0.00179784,0.0,0.001798
candidates_i/n2501,candidates_i/U1824/Y,NAND3X1,AND2X2/B,1,0.00186944,0.00186944,0.00182011,0.00182011,0.00186944,0.0,0.00186944,0.0,0.001869
candidates_i/n2502,candidates_i/U1836/Y,NAND3X1,NOR3X1/A,1,0.00302113,0.00302113,0.00301081,0.00301081,0.00302113,0.0,0.00302113,0.0,0.003021
candidates_i/n2503,candidates_i/U1832/Y,NAND3X1,NOR3X1/B,1,0.003067,0.00306333,0.003067,0.00306333,0.003067,0.0,0.003067,0.0,0.003067
candidates_i/n2504,candidates_i/U1829/Y,NAND2X1,NOR3X1/C,1,0.00328822,0.00328822,0.00322576,0.00322576,0.00328822,0.0,0.00328822,0.0,0.003288
candidates_i/n2505,candidates_i/U1831/Y,NAND3X1,NAND2X1/A,1,0.00211057,0.00211057,0.00188435,0.00188435,0.00211057,0.0,0.00211057,0.0,0.002111
candidates_i/n2506,candidates_i/U1830/Y,NAND3X1,NAND2X1/B,1,0.00202749,0.00202749,0.00194421,0.00194421,0.00202749,0.0,0.00202749,0.0,0.002027
candidates_i/n2507,candidates_i/U1835/Y,NAND3X1,NAND3X1/A,1,0.00254759,0.00254759,0.00220852,0.00220852,0.00254759,0.0,0.00254759,0.0,0.002548
candidates_i/n2508,candidates_i/U1834/Y,NAND3X1,NAND3X1/B,1,0.00283213,0.00283213,0.00259978,0.00259978,0.00283213,0.0,0.00283213,0.0,0.002832
candidates_i/n2509,candidates_i/U1833/Y,NAND3X1,NAND3X1/C,1,0.00296109,0.00296109,0.0028316,0.0028316,0.00296109,0.0,0.00296109,0.0,0.002961
candidates_i/n2510,candidates_i/U1841/Y,NAND3X1,NAND3X1/A,1,0.00254759,0.00254759,0.00220852,0.00220852,0.00254759,0.0,0.00254759,0.0,0.002548
candidates_i/n2511,candidates_i/U1840/Y,NAND3X1,NAND3X1/B,1,0.00283213,0.00283213,0.00259978,0.00259978,0.00283213,0.0,0.00283213,0.0,0.002832
candidates_i/n2512,candidates_i/U1837/Y,AOI21X1,NAND3X1/C,1,0.00296109,0.00296109,0.0028316,0.0028316,0.00296109,0.0,0.00296109,0.0,0.002961
candidates_i/n2513,candidates_i/U1838/Y,NAND3X1,AOI21X1/B,1,0.00272419,0.00272419,0.00267874,0.00267874,0.00272419,0.0,0.00272419,0.0,0.002724
candidates_i/n2514,candidates_i/U1839/Y,NOR2X1,NAND3X1/C,1,0.00296109,0.00296109,0.0028316,0.0028316,0.00296109,0.0,0.00296109,0.0,0.002961
candidates_i/n2517,candidates_i/U1854/Y,NAND3X1,NOR3X1/A,1,0.00302113,0.00302113,0.00301081,0.00301081,0.00302113,0.0,0.00302113,0.0,0.003021
candidates_i/n2518,candidates_i/U1850/Y,NAND3X1,NOR3X1/B,1,0.003067,0.00306333,0.003067,0.00306333,0.003067,0.0,0.003067,0.0,0.003067
candidates_i/n2519,candidates_i/U1847/Y,NAND2X1,NOR3X1/C,1,0.00328822,0.00328822,0.00322576,0.00322576,0.00328822,0.0,0.00328822,0.0,0.003288
candidates_i/n2520,candidates_i/U1849/Y,NAND3X1,NAND2X1/A,1,0.00211057,0.00211057,0.00188435,0.00188435,0.00211057,0.0,0.00211057,0.0,0.002111
candidates_i/n2521,candidates_i/U1848/Y,NAND3X1,NAND2X1/B,1,0.00202749,0.00202749,0.00194421,0.00194421,0.00202749,0.0,0.00202749,0.0,0.002027
candidates_i/n2522,candidates_i/U1853/Y,NAND2X1,NAND3X1/A,1,0.00254759,0.00254759,0.00220852,0.00220852,0.00254759,0.0,0.00254759,0.0,0.002548
candidates_i/n2523,candidates_i/U1852/Y,NAND3X1,NAND3X1/B,1,0.00283213,0.00283213,0.00259978,0.00259978,0.00283213,0.0,0.00283213,0.0,0.002832
candidates_i/n2524,candidates_i/U1851/Y,NAND3X1,NAND3X1/C,1,0.00296109,0.00296109,0.0028316,0.0028316,0.00296109,0.0,0.00296109,0.0,0.002961
candidates_i/n2525,candidates_i/U1858/Y,NAND3X1,NAND3X1/A,1,0.00254759,0.00254759,0.00220852,0.00220852,0.00254759,0.0,0.00254759,0.0,0.002548
candidates_i/n2526,candidates_i/U1857/Y,NAND3X1,NAND3X1/B,1,0.00283213,0.00283213,0.00259978,0.00259978,0.00283213,0.0,0.00283213,0.0,0.002832
candidates_i/n2528,candidates_i/U1856/Y,NAND3X1,AND2X2/A,1,0.00179784,0.00179784,0.00176278,0.00176278,0.00179784,0.0,0.00179784,0.0,0.001798
candidates_i/n2529,candidates_i/U1855/Y,NAND3X1,AND2X2/B,1,0.00186944,0.00186944,0.00182011,0.00182011,0.00186944,0.0,0.00186944,0.0,0.001869
candidates_i/n2530,candidates_i/U1867/Y,NAND3X1,NOR3X1/A,1,0.00302113,0.00302113,0.00301081,0.00301081,0.00302113,0.0,0.00302113,0.0,0.003021
candidates_i/n2531,candidates_i/U1863/Y,NAND3X1,NOR3X1/B,1,0.003067,0.00306333,0.003067,0.00306333,0.003067,0.0,0.003067,0.0,0.003067
candidates_i/n2532,candidates_i/U1860/Y,NAND2X1,NOR3X1/C,1,0.00328822,0.00328822,0.00322576,0.00322576,0.00328822,0.0,0.00328822,0.0,0.003288
candidates_i/n2533,candidates_i/U1862/Y,NAND3X1,NAND2X1/A,1,0.00211057,0.00211057,0.00188435,0.00188435,0.00211057,0.0,0.00211057,0.0,0.002111
candidates_i/n2534,candidates_i/U1861/Y,NAND3X1,NAND2X1/B,1,0.00202749,0.00202749,0.00194421,0.00194421,0.00202749,0.0,0.00202749,0.0,0.002027
candidates_i/n2535,candidates_i/U1866/Y,NAND3X1,NAND3X1/A,1,0.00254759,0.00254759,0.00220852,0.00220852,0.00254759,0.0,0.00254759,0.0,0.002548
candidates_i/n2536,candidates_i/U1865/Y,NAND3X1,NAND3X1/B,1,0.00283213,0.00283213,0.00259978,0.00259978,0.00283213,0.0,0.00283213,0.0,0.002832
candidates_i/n2537,candidates_i/U1864/Y,NAND3X1,NAND3X1/C,1,0.00296109,0.00296109,0.0028316,0.0028316,0.00296109,0.0,0.00296109,0.0,0.002961
candidates_i/n2538,candidates_i/U1871/Y,NAND3X1,NAND3X1/A,1,0.00254759,0.00254759,0.00220852,0.00220852,0.00254759,0.0,0.00254759,0.0,0.002548
candidates_i/n2539,candidates_i/U1870/Y,NAND3X1,NAND3X1/B,1,0.00283213,0.00283213,0.00259978,0.00259978,0.00283213,0.0,0.00283213,0.0,0.002832
candidates_i/n2540,candidates_i/U1868/Y,AOI21X1,NAND3X1/C,1,0.00296109,0.00296109,0.0028316,0.0028316,0.00296109,0.0,0.00296109,0.0,0.002961
candidates_i/n2541,candidates_i/U1869/Y,NAND3X1,AOI21X1/B,1,0.00272419,0.00272419,0.00267874,0.00267874,0.00272419,0.0,0.00272419,0.0,0.002724
candidates_i/n2545,candidates_i/U1883/Y,NAND3X1,NOR3X1/A,1,0.00302113,0.00302113,0.00301081,0.00301081,0.00302113,0.0,0.00302113,0.0,0.003021
candidates_i/n2546,candidates_i/U1879/Y,NAND3X1,NOR3X1/B,1,0.003067,0.00306333,0.003067,0.00306333,0.003067,0.0,0.003067,0.0,0.003067
candidates_i/n2547,candidates_i/U1876/Y,NAND2X1,NOR3X1/C,1,0.00328822,0.00328822,0.00322576,0.00322576,0.00328822,0.0,0.00328822,0.0,0.003288
candidates_i/n2548,candidates_i/U1878/Y,NAND3X1,NAND2X1/A,1,0.00211057,0.00211057,0.00188435,0.00188435,0.00211057,0.0,0.00211057,0.0,0.002111
candidates_i/n2549,candidates_i/U1877/Y,NAND3X1,NAND2X1/B,1,0.00202749,0.00202749,0.00194421,0.00194421,0.00202749,0.0,0.00202749,0.0,0.002027
candidates_i/n2550,candidates_i/U1882/Y,NAND3X1,NAND3X1/A,1,0.00254759,0.00254759,0.00220852,0.00220852,0.00254759,0.0,0.00254759,0.0,0.002548
candidates_i/n2551,candidates_i/U1881/Y,NAND3X1,NAND3X1/B,1,0.00283213,0.00283213,0.00259978,0.00259978,0.00283213,0.0,0.00283213,0.0,0.002832
candidates_i/n2552,candidates_i/U1880/Y,NAND2X1,NAND3X1/C,1,0.00296109,0.00296109,0.0028316,0.0028316,0.00296109,0.0,0.00296109,0.0,0.002961
candidates_i/n2553,candidates_i/U1887/Y,NAND3X1,NAND3X1/A,1,0.00254759,0.00254759,0.00220852,0.00220852,0.00254759,0.0,0.00254759,0.0,0.002548
candidates_i/n2554,candidates_i/U1886/Y,NAND3X1,NAND3X1/B,1,0.00283213,0.00283213,0.00259978,0.00259978,0.00283213,0.0,0.00283213,0.0,0.002832
candidates_i/n2556,candidates_i/U1885/Y,NAND3X1,AND2X2/A,1,0.00179784,0.00179784,0.00176278,0.00176278,0.00179784,0.0,0.00179784,0.0,0.001798
candidates_i/n2557,candidates_i/U1884/Y,NAND3X1,AND2X2/B,1,0.00186944,0.00186944,0.00182011,0.00182011,0.00186944,0.0,0.00186944,0.0,0.001869
candidates_i/n2558,candidates_i/U1896/Y,NAND3X1,NOR3X1/A,1,0.00302113,0.00302113,0.00301081,0.00301081,0.00302113,0.0,0.00302113,0.0,0.003021
candidates_i/n2559,candidates_i/U1892/Y,NAND3X1,NOR3X1/B,1,0.003067,0.00306333,0.003067,0.00306333,0.003067,0.0,0.003067,0.0,0.003067
candidates_i/n2560,candidates_i/U1889/Y,NAND2X1,NOR3X1/C,1,0.00328822,0.00328822,0.00322576,0.00322576,0.00328822,0.0,0.00328822,0.0,0.003288
candidates_i/n2561,candidates_i/U1891/Y,NAND3X1,NAND2X1/A,1,0.00211057,0.00211057,0.00188435,0.00188435,0.00211057,0.0,0.00211057,0.0,0.002111
candidates_i/n2562,candidates_i/U1890/Y,NAND3X1,NAND2X1/B,1,0.00202749,0.00202749,0.00194421,0.00194421,0.00202749,0.0,0.00202749,0.0,0.002027
candidates_i/n2563,candidates_i/U1895/Y,NAND3X1,NAND3X1/A,1,0.00254759,0.00254759,0.00220852,0.00220852,0.00254759,0.0,0.00254759,0.0,0.002548
candidates_i/n2564,candidates_i/U1894/Y,NAND3X1,NAND3X1/B,1,0.00283213,0.00283213,0.00259978,0.00259978,0.00283213,0.0,0.00283213,0.0,0.002832
candidates_i/n2565,candidates_i/U1893/Y,NAND3X1,NAND3X1/C,1,0.00296109,0.00296109,0.0028316,0.0028316,0.00296109,0.0,0.00296109,0.0,0.002961
candidates_i/n2566,candidates_i/U1901/Y,NAND3X1,NAND3X1/A,1,0.00254759,0.00254759,0.00220852,0.00220852,0.00254759,0.0,0.00254759,0.0,0.002548
candidates_i/n2567,candidates_i/U1900/Y,NAND3X1,NAND3X1/B,1,0.00283213,0.00283213,0.00259978,0.00259978,0.00283213,0.0,0.00283213,0.0,0.002832
candidates_i/n2568,candidates_i/U1897/Y,AOI21X1,NAND3X1/C,1,0.00296109,0.00296109,0.0028316,0.0028316,0.00296109,0.0,0.00296109,0.0,0.002961
candidates_i/n2569,candidates_i/U1898/Y,NAND3X1,AOI21X1/B,1,0.00272419,0.00272419,0.00267874,0.00267874,0.00272419,0.0,0.00272419,0.0,0.002724
candidates_i/n2570,candidates_i/U1899/Y,NOR2X1,NAND3X1/C,1,0.00296109,0.00296109,0.0028316,0.0028316,0.00296109,0.0,0.00296109,0.0,0.002961
candidates_i/n2571,candidates_i/U2029/Y,NAND3X1,NOR3X1/A,1,0.00302113,0.00302113,0.00301081,0.00301081,0.00302113,0.0,0.00302113,0.0,0.003021
candidates_i/n2572,candidates_i/U1967/Y,NAND2X1,NOR3X1/B,1,0.003067,0.00306333,0.003067,0.00306333,0.003067,0.0,0.003067,0.0,0.003067
candidates_i/n2573,candidates_i/U1904/Y,NAND2X1,NOR3X1/C,1,0.00328822,0.00328822,0.00322576,0.00322576,0.00328822,0.0,0.00328822,0.0,0.003288
candidates_i/n2574,candidates_i/U1936/Y,NAND3X1,NAND2X1/A,1,0.00211057,0.00211057,0.00188435,0.00188435,0.00211057,0.0,0.00211057,0.0,0.002111
candidates_i/n2575,candidates_i/U1905/Y,NAND3X1,NAND2X1/B,1,0.00202749,0.00202749,0.00194421,0.00194421,0.00202749,0.0,0.00202749,0.0,0.002027
candidates_i/n2578,candidates_i/U1916/Y,NAND3X1,NOR3X1/A,1,0.00302113,0.00302113,0.00301081,0.00301081,0.00302113,0.0,0.00302113,0.0,0.003021
candidates_i/n2579,candidates_i/U1912/Y,NAND3X1,NOR3X1/B,1,0.003067,0.00306333,0.003067,0.00306333,0.003067,0.0,0.003067,0.0,0.003067
candidates_i/n2580,candidates_i/U1909/Y,NAND2X1,NOR3X1/C,1,0.00328822,0.00328822,0.00322576,0.00322576,0.00328822,0.0,0.00328822,0.0,0.003288
candidates_i/n2581,candidates_i/U1911/Y,NAND3X1,NAND2X1/A,1,0.00211057,0.00211057,0.00188435,0.00188435,0.00211057,0.0,0.00211057,0.0,0.002111
candidates_i/n2582,candidates_i/U1910/Y,NAND3X1,NAND2X1/B,1,0.00202749,0.00202749,0.00194421,0.00194421,0.00202749,0.0,0.00202749,0.0,0.002027
candidates_i/n2583,candidates_i/U1915/Y,NAND3X1,NAND3X1/A,1,0.00254759,0.00254759,0.00220852,0.00220852,0.00254759,0.0,0.00254759,0.0,0.002548
candidates_i/n2584,candidates_i/U1914/Y,NAND3X1,NAND3X1/B,1,0.00283213,0.00283213,0.00259978,0.00259978,0.00283213,0.0,0.00283213,0.0,0.002832
candidates_i/n2585,candidates_i/U1913/Y,NAND3X1,NAND3X1/C,1,0.00296109,0.00296109,0.0028316,0.0028316,0.00296109,0.0,0.00296109,0.0,0.002961
candidates_i/n2586,candidates_i/U1920/Y,NAND3X1,NAND3X1/A,1,0.00254759,0.00254759,0.00220852,0.00220852,0.00254759,0.0,0.00254759,0.0,0.002548
candidates_i/n2587,candidates_i/U1919/Y,NAND3X1,NAND3X1/B,1,0.00283213,0.00283213,0.00259978,0.00259978,0.00283213,0.0,0.00283213,0.0,0.002832
candidates_i/n2589,candidates_i/U1918/Y,NAND3X1,AND2X2/A,1,0.00179784,0.00179784,0.00176278,0.00176278,0.00179784,0.0,0.00179784,0.0,0.001798
candidates_i/n2590,candidates_i/U1917/Y,NAND3X1,AND2X2/B,1,0.00186944,0.00186944,0.00182011,0.00182011,0.00186944,0.0,0.00186944,0.0,0.001869
candidates_i/n2591,candidates_i/U1929/Y,NAND3X1,NOR3X1/A,1,0.00302113,0.00302113,0.00301081,0.00301081,0.00302113,0.0,0.00302113,0.0,0.003021
candidates_i/n2592,candidates_i/U1925/Y,NAND3X1,NOR3X1/B,1,0.003067,0.00306333,0.003067,0.00306333,0.003067,0.0,0.003067,0.0,0.003067
candidates_i/n2593,candidates_i/U1922/Y,NAND2X1,NOR3X1/C,1,0.00328822,0.00328822,0.00322576,0.00322576,0.00328822,0.0,0.00328822,0.0,0.003288
candidates_i/n2594,candidates_i/U1924/Y,NAND3X1,NAND2X1/A,1,0.00211057,0.00211057,0.00188435,0.00188435,0.00211057,0.0,0.00211057,0.0,0.002111
candidates_i/n2595,candidates_i/U1923/Y,NAND2X1,NAND2X1/B,1,0.00202749,0.00202749,0.00194421,0.00194421,0.00202749,0.0,0.00202749,0.0,0.002027
candidates_i/n2596,candidates_i/U1928/Y,NAND3X1,NAND3X1/A,1,0.00254759,0.00254759,0.00220852,0.00220852,0.00254759,0.0,0.00254759,0.0,0.002548
candidates_i/n2597,candidates_i/U1927/Y,NAND3X1,NAND3X1/B,1,0.00283213,0.00283213,0.00259978,0.00259978,0.00283213,0.0,0.00283213,0.0,0.002832
candidates_i/n2598,candidates_i/U1926/Y,NAND3X1,NAND3X1/C,1,0.00296109,0.00296109,0.0028316,0.0028316,0.00296109,0.0,0.00296109,0.0,0.002961
candidates_i/n2599,candidates_i/U1934/Y,NAND3X1,NAND3X1/A,1,0.00254759,0.00254759,0.00220852,0.00220852,0.00254759,0.0,0.00254759,0.0,0.002548
candidates_i/n2600,candidates_i/U1933/Y,NAND3X1,NAND3X1/B,1,0.00283213,0.00283213,0.00259978,0.00259978,0.00283213,0.0,0.00283213,0.0,0.002832
candidates_i/n2601,candidates_i/U1930/Y,AOI21X1,NAND3X1/C,1,0.00296109,0.00296109,0.0028316,0.0028316,0.00296109,0.0,0.00296109,0.0,0.002961
candidates_i/n2602,candidates_i/U1931/Y,NAND3X1,AOI21X1/B,1,0.00272419,0.00272419,0.00267874,0.00267874,0.00272419,0.0,0.00272419,0.0,0.002724
candidates_i/n2603,candidates_i/U1932/Y,NOR2X1,NAND3X1/C,1,0.00296109,0.00296109,0.0028316,0.0028316,0.00296109,0.0,0.00296109,0.0,0.002961
candidates_i/n2606,candidates_i/U1947/Y,NAND3X1,NOR3X1/A,1,0.00302113,0.00302113,0.00301081,0.00301081,0.00302113,0.0,0.00302113,0.0,0.003021
candidates_i/n2607,candidates_i/U1943/Y,NAND3X1,NOR3X1/B,1,0.003067,0.00306333,0.003067,0.00306333,0.003067,0.0,0.003067,0.0,0.003067
candidates_i/n2608,candidates_i/U1940/Y,NAND2X1,NOR3X1/C,1,0.00328822,0.00328822,0.00322576,0.00322576,0.00328822,0.0,0.00328822,0.0,0.003288
candidates_i/n2609,candidates_i/U1942/Y,NAND3X1,NAND2X1/A,1,0.00211057,0.00211057,0.00188435,0.00188435,0.00211057,0.0,0.00211057,0.0,0.002111
candidates_i/n2610,candidates_i/U1941/Y,NAND3X1,NAND2X1/B,1,0.00202749,0.00202749,0.00194421,0.00194421,0.00202749,0.0,0.00202749,0.0,0.002027
candidates_i/n2611,candidates_i/U1946/Y,NAND3X1,NAND3X1/A,1,0.00254759,0.00254759,0.00220852,0.00220852,0.00254759,0.0,0.00254759,0.0,0.002548
candidates_i/n2612,candidates_i/U1945/Y,NAND3X1,NAND3X1/B,1,0.00283213,0.00283213,0.00259978,0.00259978,0.00283213,0.0,0.00283213,0.0,0.002832
candidates_i/n2613,candidates_i/U1944/Y,NAND3X1,NAND3X1/C,1,0.00296109,0.00296109,0.0028316,0.0028316,0.00296109,0.0,0.00296109,0.0,0.002961
candidates_i/n2614,candidates_i/U1951/Y,NAND3X1,NAND3X1/A,1,0.00254759,0.00254759,0.00220852,0.00220852,0.00254759,0.0,0.00254759,0.0,0.002548
candidates_i/n2615,candidates_i/U1950/Y,NAND3X1,NAND3X1/B,1,0.00283213,0.00283213,0.00259978,0.00259978,0.00283213,0.0,0.00283213,0.0,0.002832
candidates_i/n2617,candidates_i/U1949/Y,NAND3X1,AND2X2/A,1,0.00179784,0.00179784,0.00176278,0.00176278,0.00179784,0.0,0.00179784,0.0,0.001798
candidates_i/n2618,candidates_i/U1948/Y,NAND3X1,AND2X2/B,1,0.00186944,0.00186944,0.00182011,0.00182011,0.00186944,0.0,0.00186944,0.0,0.001869
candidates_i/n2619,candidates_i/U1960/Y,NAND3X1,NOR3X1/A,1,0.00302113,0.00302113,0.00301081,0.00301081,0.00302113,0.0,0.00302113,0.0,0.003021
candidates_i/n2620,candidates_i/U1956/Y,NAND3X1,NOR3X1/B,1,0.003067,0.00306333,0.003067,0.00306333,0.003067,0.0,0.003067,0.0,0.003067
candidates_i/n2621,candidates_i/U1953/Y,NAND2X1,NOR3X1/C,1,0.00328822,0.00328822,0.00322576,0.00322576,0.00328822,0.0,0.00328822,0.0,0.003288
candidates_i/n2622,candidates_i/U1955/Y,NAND3X1,NAND2X1/A,1,0.00211057,0.00211057,0.00188435,0.00188435,0.00211057,0.0,0.00211057,0.0,0.002111
candidates_i/n2623,candidates_i/U1954/Y,NAND3X1,NAND2X1/B,1,0.00202749,0.00202749,0.00194421,0.00194421,0.00202749,0.0,0.00202749,0.0,0.002027
candidates_i/n2624,candidates_i/U1959/Y,NAND3X1,NAND3X1/A,1,0.00254759,0.00254759,0.00220852,0.00220852,0.00254759,0.0,0.00254759,0.0,0.002548
candidates_i/n2625,candidates_i/U1958/Y,NAND3X1,NAND3X1/B,1,0.00283213,0.00283213,0.00259978,0.00259978,0.00283213,0.0,0.00283213,0.0,0.002832
candidates_i/n2626,candidates_i/U1957/Y,NAND3X1,NAND3X1/C,1,0.00296109,0.00296109,0.0028316,0.0028316,0.00296109,0.0,0.00296109,0.0,0.002961
candidates_i/n2627,candidates_i/U1965/Y,NAND3X1,NAND3X1/A,1,0.00254759,0.00254759,0.00220852,0.00220852,0.00254759,0.0,0.00254759,0.0,0.002548
candidates_i/n2628,candidates_i/U1964/Y,NAND2X1,NAND3X1/B,1,0.00283213,0.00283213,0.00259978,0.00259978,0.00283213,0.0,0.00283213,0.0,0.002832
candidates_i/n2629,candidates_i/U1961/Y,AOI21X1,NAND3X1/C,1,0.00296109,0.00296109,0.0028316,0.0028316,0.00296109,0.0,0.00296109,0.0,0.002961
candidates_i/n2630,candidates_i/U1962/Y,NAND3X1,AOI21X1/B,1,0.00272419,0.00272419,0.00267874,0.00267874,0.00272419,0.0,0.00272419,0.0,0.002724
candidates_i/n2631,candidates_i/U1963/Y,NOR2X1,NAND3X1/C,1,0.00296109,0.00296109,0.0028316,0.0028316,0.00296109,0.0,0.00296109,0.0,0.002961
candidates_i/n2632,candidates_i/U1998/Y,NAND3X1,NAND2X1/A,1,0.00211057,0.00211057,0.00188435,0.00188435,0.00211057,0.0,0.00211057,0.0,0.002111
candidates_i/n2633,candidates_i/U1968/Y,NAND3X1,NAND2X1/B,1,0.00202749,0.00202749,0.00194421,0.00194421,0.00202749,0.0,0.00202749,0.0,0.002027
candidates_i/n2636,candidates_i/U1979/Y,NAND3X1,NOR3X1/A,1,0.00302113,0.00302113,0.00301081,0.00301081,0.00302113,0.0,0.00302113,0.0,0.003021
candidates_i/n2637,candidates_i/U1975/Y,NAND3X1,NOR3X1/B,1,0.003067,0.00306333,0.003067,0.00306333,0.003067,0.0,0.003067,0.0,0.003067
candidates_i/n2638,candidates_i/U1972/Y,NAND2X1,NOR3X1/C,1,0.00328822,0.00328822,0.00322576,0.00322576,0.00328822,0.0,0.00328822,0.0,0.003288
candidates_i/n2639,candidates_i/U1974/Y,NAND3X1,NAND2X1/A,1,0.00211057,0.00211057,0.00188435,0.00188435,0.00211057,0.0,0.00211057,0.0,0.002111
candidates_i/n2640,candidates_i/U1973/Y,NAND3X1,NAND2X1/B,1,0.00202749,0.00202749,0.00194421,0.00194421,0.00202749,0.0,0.00202749,0.0,0.002027
candidates_i/n2641,candidates_i/U1978/Y,NAND3X1,NAND3X1/A,1,0.00254759,0.00254759,0.00220852,0.00220852,0.00254759,0.0,0.00254759,0.0,0.002548
candidates_i/n2642,candidates_i/U1977/Y,NAND3X1,NAND3X1/B,1,0.00283213,0.00283213,0.00259978,0.00259978,0.00283213,0.0,0.00283213,0.0,0.002832
candidates_i/n2643,candidates_i/U1976/Y,NAND3X1,NAND3X1/C,1,0.00296109,0.00296109,0.0028316,0.0028316,0.00296109,0.0,0.00296109,0.0,0.002961
candidates_i/n2644,candidates_i/U1982/Y,NAND3X1,NAND3X1/A,1,0.00254759,0.00254759,0.00220852,0.00220852,0.00254759,0.0,0.00254759,0.0,0.002548
candidates_i/n2645,candidates_i/U1981/Y,NAND3X1,NAND3X1/B,1,0.00283213,0.00283213,0.00259978,0.00259978,0.00283213,0.0,0.00283213,0.0,0.002832
candidates_i/n2646,candidates_i/U1980/Y,AOI22X1,NAND3X1/C,1,0.00296109,0.00296109,0.0028316,0.0028316,0.00296109,0.0,0.00296109,0.0,0.002961
candidates_i/n2648,candidates_i/U1991/Y,NAND3X1,NOR3X1/A,1,0.00302113,0.00302113,0.00301081,0.00301081,0.00302113,0.0,0.00302113,0.0,0.003021
candidates_i/n2649,candidates_i/U1987/Y,NAND3X1,NOR3X1/B,1,0.003067,0.00306333,0.003067,0.00306333,0.003067,0.0,0.003067,0.0,0.003067
candidates_i/n2650,candidates_i/U1984/Y,NAND2X1,NOR3X1/C,1,0.00328822,0.00328822,0.00322576,0.00322576,0.00328822,0.0,0.00328822,0.0,0.003288
candidates_i/n2651,candidates_i/U1986/Y,NAND3X1,NAND2X1/A,1,0.00211057,0.00211057,0.00188435,0.00188435,0.00211057,0.0,0.00211057,0.0,0.002111
candidates_i/n2652,candidates_i/U1985/Y,NAND3X1,NAND2X1/B,1,0.00202749,0.00202749,0.00194421,0.00194421,0.00202749,0.0,0.00202749,0.0,0.002027
candidates_i/n2653,candidates_i/U1990/Y,NAND3X1,NAND3X1/A,1,0.00254759,0.00254759,0.00220852,0.00220852,0.00254759,0.0,0.00254759,0.0,0.002548
candidates_i/n2654,candidates_i/U1989/Y,NAND3X1,NAND3X1/B,1,0.00283213,0.00283213,0.00259978,0.00259978,0.00283213,0.0,0.00283213,0.0,0.002832
candidates_i/n2655,candidates_i/U1988/Y,NAND3X1,NAND3X1/C,1,0.00296109,0.00296109,0.0028316,0.0028316,0.00296109,0.0,0.00296109,0.0,0.002961
candidates_i/n2656,candidates_i/U1996/Y,NAND3X1,NAND3X1/A,1,0.00254759,0.00254759,0.00220852,0.00220852,0.00254759,0.0,0.00254759,0.0,0.002548
candidates_i/n2657,candidates_i/U1995/Y,NAND3X1,NAND3X1/B,1,0.00283213,0.00283213,0.00259978,0.00259978,0.00283213,0.0,0.00283213,0.0,0.002832
candidates_i/n2658,candidates_i/U1992/Y,AOI21X1,NAND3X1/C,1,0.00296109,0.00296109,0.0028316,0.0028316,0.00296109,0.0,0.00296109,0.0,0.002961
candidates_i/n2659,candidates_i/U1993/Y,NAND3X1,AOI21X1/B,1,0.00272419,0.00272419,0.00267874,0.00267874,0.00272419,0.0,0.00272419,0.0,0.002724
candidates_i/n2660,candidates_i/U1994/Y,NOR2X1,NAND3X1/C,1,0.00296109,0.00296109,0.0028316,0.0028316,0.00296109,0.0,0.00296109,0.0,0.002961
candidates_i/n2663,candidates_i/U2009/Y,NAND3X1,NOR3X1/A,1,0.00302113,0.00302113,0.00301081,0.00301081,0.00302113,0.0,0.00302113,0.0,0.003021
candidates_i/n2664,candidates_i/U2005/Y,NAND3X1,NOR3X1/B,1,0.003067,0.00306333,0.003067,0.00306333,0.003067,0.0,0.003067,0.0,0.003067
candidates_i/n2665,candidates_i/U2002/Y,NAND2X1,NOR3X1/C,1,0.00328822,0.00328822,0.00322576,0.00322576,0.00328822,0.0,0.00328822,0.0,0.003288
candidates_i/n2666,candidates_i/U2004/Y,NAND3X1,NAND2X1/A,1,0.00211057,0.00211057,0.00188435,0.00188435,0.00211057,0.0,0.00211057,0.0,0.002111
candidates_i/n2667,candidates_i/U2003/Y,NAND3X1,NAND2X1/B,1,0.00202749,0.00202749,0.00194421,0.00194421,0.00202749,0.0,0.00202749,0.0,0.002027
candidates_i/n2668,candidates_i/U2008/Y,NAND3X1,NAND3X1/A,1,0.00254759,0.00254759,0.00220852,0.00220852,0.00254759,0.0,0.00254759,0.0,0.002548
candidates_i/n2669,candidates_i/U2007/Y,NAND3X1,NAND3X1/B,1,0.00283213,0.00283213,0.00259978,0.00259978,0.00283213,0.0,0.00283213,0.0,0.002832
candidates_i/n2670,candidates_i/U2006/Y,NAND3X1,NAND3X1/C,1,0.00296109,0.00296109,0.0028316,0.0028316,0.00296109,0.0,0.00296109,0.0,0.002961
candidates_i/n2671,candidates_i/U2013/Y,NAND3X1,NAND3X1/A,1,0.00254759,0.00254759,0.00220852,0.00220852,0.00254759,0.0,0.00254759,0.0,0.002548
candidates_i/n2672,candidates_i/U2012/Y,NAND3X1,NAND3X1/B,1,0.00283213,0.00283213,0.00259978,0.00259978,0.00283213,0.0,0.00283213,0.0,0.002832
candidates_i/n2674,candidates_i/U2011/Y,NAND3X1,AND2X2/A,1,0.00179784,0.00179784,0.00176278,0.00176278,0.00179784,0.0,0.00179784,0.0,0.001798
candidates_i/n2675,candidates_i/U2010/Y,NAND3X1,AND2X2/B,1,0.00186944,0.00186944,0.00182011,0.00182011,0.00186944,0.0,0.00186944,0.0,0.001869
candidates_i/n2676,candidates_i/U2022/Y,NAND3X1,NOR3X1/A,1,0.00302113,0.00302113,0.00301081,0.00301081,0.00302113,0.0,0.00302113,0.0,0.003021
candidates_i/n2677,candidates_i/U2018/Y,NAND3X1,NOR3X1/B,1,0.003067,0.00306333,0.003067,0.00306333,0.003067,0.0,0.003067,0.0,0.003067
candidates_i/n2678,candidates_i/U2015/Y,NAND2X1,NOR3X1/C,1,0.00328822,0.00328822,0.00322576,0.00322576,0.00328822,0.0,0.00328822,0.0,0.003288
candidates_i/n2679,candidates_i/U2017/Y,NAND3X1,NAND2X1/A,1,0.00211057,0.00211057,0.00188435,0.00188435,0.00211057,0.0,0.00211057,0.0,0.002111
candidates_i/n2680,candidates_i/U2016/Y,NAND3X1,NAND2X1/B,1,0.00202749,0.00202749,0.00194421,0.00194421,0.00202749,0.0,0.00202749,0.0,0.002027
candidates_i/n2681,candidates_i/U2021/Y,NAND3X1,NAND3X1/A,1,0.00254759,0.00254759,0.00220852,0.00220852,0.00254759,0.0,0.00254759,0.0,0.002548
candidates_i/n2682,candidates_i/U2020/Y,NAND3X1,NAND3X1/B,1,0.00283213,0.00283213,0.00259978,0.00259978,0.00283213,0.0,0.00283213,0.0,0.002832
candidates_i/n2683,candidates_i/U2019/Y,NAND2X1,NAND3X1/C,1,0.00296109,0.00296109,0.0028316,0.0028316,0.00296109,0.0,0.00296109,0.0,0.002961
candidates_i/n2684,candidates_i/U2027/Y,NAND3X1,NAND3X1/A,1,0.00254759,0.00254759,0.00220852,0.00220852,0.00254759,0.0,0.00254759,0.0,0.002548
candidates_i/n2685,candidates_i/U2026/Y,NAND3X1,NAND3X1/B,1,0.00283213,0.00283213,0.00259978,0.00259978,0.00283213,0.0,0.00283213,0.0,0.002832
candidates_i/n2686,candidates_i/U2023/Y,AOI21X1,NAND3X1/C,1,0.00296109,0.00296109,0.0028316,0.0028316,0.00296109,0.0,0.00296109,0.0,0.002961
candidates_i/n2687,candidates_i/U2024/Y,NAND3X1,AOI21X1/B,1,0.00272419,0.00272419,0.00267874,0.00267874,0.00272419,0.0,0.00272419,0.0,0.002724
candidates_i/n2688,candidates_i/U2025/Y,NOR2X1,NAND3X1/C,1,0.00296109,0.00296109,0.0028316,0.0028316,0.00296109,0.0,0.00296109,0.0,0.002961
candidates_i/n2689,candidates_i/U2119/Y,NAND3X1,NAND3X1/A,1,0.00254759,0.00254759,0.00220852,0.00220852,0.00254759,0.0,0.00254759,0.0,0.002548
candidates_i/n2690,candidates_i/U2089/Y,NAND3X1,NAND3X1/B,1,0.00283213,0.00283213,0.00259978,0.00259978,0.00283213,0.0,0.00283213,0.0,0.002832
candidates_i/n2692,candidates_i/U2060/Y,NAND3X1,AND2X2/A,1,0.00179784,0.00179784,0.00176278,0.00176278,0.00179784,0.0,0.00179784,0.0,0.001798
candidates_i/n2693,candidates_i/U2030/Y,NAND3X1,AND2X2/B,1,0.00186944,0.00186944,0.00182011,0.00182011,0.00186944,0.0,0.00186944,0.0,0.001869
candidates_i/n2696,candidates_i/U2041/Y,NAND3X1,NOR3X1/A,1,0.00302113,0.00302113,0.00301081,0.00301081,0.00302113,0.0,0.00302113,0.0,0.003021
candidates_i/n2697,candidates_i/U2037/Y,NAND3X1,NOR3X1/B,1,0.003067,0.00306333,0.003067,0.00306333,0.003067,0.0,0.003067,0.0,0.003067
candidates_i/n2698,candidates_i/U2034/Y,NAND2X1,NOR3X1/C,1,0.00328822,0.00328822,0.00322576,0.00322576,0.00328822,0.0,0.00328822,0.0,0.003288
candidates_i/n2699,candidates_i/U2036/Y,NAND3X1,NAND2X1/A,1,0.00211057,0.00211057,0.00188435,0.00188435,0.00211057,0.0,0.00211057,0.0,0.002111
candidates_i/n2700,candidates_i/U2035/Y,NAND3X1,NAND2X1/B,1,0.00202749,0.00202749,0.00194421,0.00194421,0.00202749,0.0,0.00202749,0.0,0.002027
candidates_i/n2701,candidates_i/U2040/Y,NAND3X1,NAND3X1/A,1,0.00254759,0.00254759,0.00220852,0.00220852,0.00254759,0.0,0.00254759,0.0,0.002548
candidates_i/n2702,candidates_i/U2039/Y,NAND3X1,NAND3X1/B,1,0.00283213,0.00283213,0.00259978,0.00259978,0.00283213,0.0,0.00283213,0.0,0.002832
candidates_i/n2703,candidates_i/U2038/Y,NAND3X1,NAND3X1/C,1,0.00296109,0.00296109,0.0028316,0.0028316,0.00296109,0.0,0.00296109,0.0,0.002961
candidates_i/n2704,candidates_i/U2044/Y,NAND3X1,NAND3X1/A,1,0.00254759,0.00254759,0.00220852,0.00220852,0.00254759,0.0,0.00254759,0.0,0.002548
candidates_i/n2705,candidates_i/U2043/Y,NAND3X1,NAND3X1/B,1,0.00283213,0.00283213,0.00259978,0.00259978,0.00283213,0.0,0.00283213,0.0,0.002832
candidates_i/n2706,candidates_i/U2042/Y,AOI22X1,NAND3X1/C,1,0.00296109,0.00296109,0.0028316,0.0028316,0.00296109,0.0,0.00296109,0.0,0.002961
candidates_i/n2708,candidates_i/U2053/Y,NAND3X1,NOR3X1/A,1,0.00302113,0.00302113,0.00301081,0.00301081,0.00302113,0.0,0.00302113,0.0,0.003021
candidates_i/n2709,candidates_i/U2049/Y,NAND3X1,NOR3X1/B,1,0.003067,0.00306333,0.003067,0.00306333,0.003067,0.0,0.003067,0.0,0.003067
candidates_i/n2710,candidates_i/U2046/Y,NAND2X1,NOR3X1/C,1,0.00328822,0.00328822,0.00322576,0.00322576,0.00328822,0.0,0.00328822,0.0,0.003288
candidates_i/n2711,candidates_i/U2048/Y,NAND3X1,NAND2X1/A,1,0.00211057,0.00211057,0.00188435,0.00188435,0.00211057,0.0,0.00211057,0.0,0.002111
candidates_i/n2712,candidates_i/U2047/Y,NAND3X1,NAND2X1/B,1,0.00202749,0.00202749,0.00194421,0.00194421,0.00202749,0.0,0.00202749,0.0,0.002027
candidates_i/n2713,candidates_i/U2052/Y,NAND3X1,NAND3X1/A,1,0.00254759,0.00254759,0.00220852,0.00220852,0.00254759,0.0,0.00254759,0.0,0.002548
candidates_i/n2714,candidates_i/U2051/Y,NAND3X1,NAND3X1/B,1,0.00283213,0.00283213,0.00259978,0.00259978,0.00283213,0.0,0.00283213,0.0,0.002832
candidates_i/n2715,candidates_i/U2050/Y,NAND3X1,NAND3X1/C,1,0.00296109,0.00296109,0.0028316,0.0028316,0.00296109,0.0,0.00296109,0.0,0.002961
candidates_i/n2716,candidates_i/U2058/Y,NAND3X1,NAND3X1/A,1,0.00254759,0.00254759,0.00220852,0.00220852,0.00254759,0.0,0.00254759,0.0,0.002548
candidates_i/n2717,candidates_i/U2057/Y,NAND3X1,NAND3X1/B,1,0.00283213,0.00283213,0.00259978,0.00259978,0.00283213,0.0,0.00283213,0.0,0.002832
candidates_i/n2718,candidates_i/U2054/Y,AOI21X1,NAND3X1/C,1,0.00296109,0.00296109,0.0028316,0.0028316,0.00296109,0.0,0.00296109,0.0,0.002961
candidates_i/n2719,candidates_i/U2055/Y,NAND3X1,AOI21X1/B,1,0.00272419,0.00272419,0.00267874,0.00267874,0.00272419,0.0,0.00272419,0.0,0.002724
candidates_i/n2720,candidates_i/U2056/Y,NOR2X1,NAND3X1/C,1,0.00296109,0.00296109,0.0028316,0.0028316,0.00296109,0.0,0.00296109,0.0,0.002961
candidates_i/n2723,candidates_i/U2071/Y,NAND3X1,NOR3X1/A,1,0.00302113,0.00302113,0.00301081,0.00301081,0.00302113,0.0,0.00302113,0.0,0.003021
candidates_i/n2724,candidates_i/U2067/Y,NAND3X1,NOR3X1/B,1,0.003067,0.00306333,0.003067,0.00306333,0.003067,0.0,0.003067,0.0,0.003067
candidates_i/n2725,candidates_i/U2064/Y,NAND2X1,NOR3X1/C,1,0.00328822,0.00328822,0.00322576,0.00322576,0.00328822,0.0,0.00328822,0.0,0.003288
candidates_i/n2726,candidates_i/U2066/Y,NAND3X1,NAND2X1/A,1,0.00211057,0.00211057,0.00188435,0.00188435,0.00211057,0.0,0.00211057,0.0,0.002111
candidates_i/n2727,candidates_i/U2065/Y,NAND3X1,NAND2X1/B,1,0.00202749,0.00202749,0.00194421,0.00194421,0.00202749,0.0,0.00202749,0.0,0.002027
candidates_i/n2728,candidates_i/U2070/Y,NAND3X1,NAND3X1/A,1,0.00254759,0.00254759,0.00220852,0.00220852,0.00254759,0.0,0.00254759,0.0,0.002548
candidates_i/n2729,candidates_i/U2069/Y,NAND3X1,NAND3X1/B,1,0.00283213,0.00283213,0.00259978,0.00259978,0.00283213,0.0,0.00283213,0.0,0.002832
candidates_i/n2730,candidates_i/U2068/Y,NAND3X1,NAND3X1/C,1,0.00296109,0.00296109,0.0028316,0.0028316,0.00296109,0.0,0.00296109,0.0,0.002961
candidates_i/n2731,candidates_i/U2074/Y,NAND3X1,NAND3X1/A,1,0.00254759,0.00254759,0.00220852,0.00220852,0.00254759,0.0,0.00254759,0.0,0.002548
candidates_i/n2732,candidates_i/U2073/Y,NAND3X1,NAND3X1/B,1,0.00283213,0.00283213,0.00259978,0.00259978,0.00283213,0.0,0.00283213,0.0,0.002832
candidates_i/n2733,candidates_i/U2072/Y,AOI22X1,NAND3X1/C,1,0.00296109,0.00296109,0.0028316,0.0028316,0.00296109,0.0,0.00296109,0.0,0.002961
candidates_i/n2735,candidates_i/U2083/Y,NAND3X1,NOR3X1/A,1,0.00302113,0.00302113,0.00301081,0.00301081,0.00302113,0.0,0.00302113,0.0,0.003021
candidates_i/n2736,candidates_i/U2079/Y,NAND3X1,NOR3X1/B,1,0.003067,0.00306333,0.003067,0.00306333,0.003067,0.0,0.003067,0.0,0.003067
candidates_i/n2737,candidates_i/U2076/Y,NAND2X1,NOR3X1/C,1,0.00328822,0.00328822,0.00322576,0.00322576,0.00328822,0.0,0.00328822,0.0,0.003288
candidates_i/n2738,candidates_i/U2078/Y,NAND3X1,NAND2X1/A,1,0.00211057,0.00211057,0.00188435,0.00188435,0.00211057,0.0,0.00211057,0.0,0.002111
candidates_i/n2739,candidates_i/U2077/Y,NAND3X1,NAND2X1/B,1,0.00202749,0.00202749,0.00194421,0.00194421,0.00202749,0.0,0.00202749,0.0,0.002027
candidates_i/n2740,candidates_i/U2082/Y,NAND3X1,NAND3X1/A,1,0.00254759,0.00254759,0.00220852,0.00220852,0.00254759,0.0,0.00254759,0.0,0.002548
candidates_i/n2741,candidates_i/U2081/Y,NAND3X1,NAND3X1/B,1,0.00283213,0.00283213,0.00259978,0.00259978,0.00283213,0.0,0.00283213,0.0,0.002832
candidates_i/n2742,candidates_i/U2080/Y,NAND3X1,NAND3X1/C,1,0.00296109,0.00296109,0.0028316,0.0028316,0.00296109,0.0,0.00296109,0.0,0.002961
candidates_i/n2743,candidates_i/U2087/Y,NAND3X1,NAND3X1/A,1,0.00254759,0.00254759,0.00220852,0.00220852,0.00254759,0.0,0.00254759,0.0,0.002548
candidates_i/n2744,candidates_i/U2086/Y,NAND3X1,NAND3X1/B,1,0.00283213,0.00283213,0.00259978,0.00259978,0.00283213,0.0,0.00283213,0.0,0.002832
candidates_i/n2745,candidates_i/U2084/Y,AOI21X1,NAND3X1/C,1,0.00296109,0.00296109,0.0028316,0.0028316,0.00296109,0.0,0.00296109,0.0,0.002961
candidates_i/n2746,candidates_i/U2085/Y,NAND3X1,AOI21X1/B,1,0.00272419,0.00272419,0.00267874,0.00267874,0.00272419,0.0,0.00272419,0.0,0.002724
candidates_i/n2750,candidates_i/U2100/Y,NAND3X1,NOR3X1/A,1,0.00302113,0.00302113,0.00301081,0.00301081,0.00302113,0.0,0.00302113,0.0,0.003021
candidates_i/n2751,candidates_i/U2096/Y,NAND3X1,NOR3X1/B,1,0.003067,0.00306333,0.003067,0.00306333,0.003067,0.0,0.003067,0.0,0.003067
candidates_i/n2752,candidates_i/U2093/Y,NAND2X1,NOR3X1/C,1,0.00328822,0.00328822,0.00322576,0.00322576,0.00328822,0.0,0.00328822,0.0,0.003288
candidates_i/n2753,candidates_i/U2095/Y,NAND3X1,NAND2X1/A,1,0.00211057,0.00211057,0.00188435,0.00188435,0.00211057,0.0,0.00211057,0.0,0.002111
candidates_i/n2754,candidates_i/U2094/Y,NAND3X1,NAND2X1/B,1,0.00202749,0.00202749,0.00194421,0.00194421,0.00202749,0.0,0.00202749,0.0,0.002027
candidates_i/n2755,candidates_i/U2099/Y,NAND3X1,NAND3X1/A,1,0.00254759,0.00254759,0.00220852,0.00220852,0.00254759,0.0,0.00254759,0.0,0.002548
candidates_i/n2756,candidates_i/U2098/Y,NAND3X1,NAND3X1/B,1,0.00283213,0.00283213,0.00259978,0.00259978,0.00283213,0.0,0.00283213,0.0,0.002832
candidates_i/n2757,candidates_i/U2097/Y,NAND3X1,NAND3X1/C,1,0.00296109,0.00296109,0.0028316,0.0028316,0.00296109,0.0,0.00296109,0.0,0.002961
candidates_i/n2758,candidates_i/U2104/Y,NAND3X1,NAND3X1/A,1,0.00254759,0.00254759,0.00220852,0.00220852,0.00254759,0.0,0.00254759,0.0,0.002548
candidates_i/n2759,candidates_i/U2103/Y,NAND3X1,NAND3X1/B,1,0.00283213,0.00283213,0.00259978,0.00259978,0.00283213,0.0,0.00283213,0.0,0.002832
candidates_i/n2761,candidates_i/U2102/Y,NAND3X1,AND2X2/A,1,0.00179784,0.00179784,0.00176278,0.00176278,0.00179784,0.0,0.00179784,0.0,0.001798
candidates_i/n2762,candidates_i/U2101/Y,NAND3X1,AND2X2/B,1,0.00186944,0.00186944,0.00182011,0.00182011,0.00186944,0.0,0.00186944,0.0,0.001869
candidates_i/n2763,candidates_i/U2113/Y,NAND3X1,NOR3X1/A,1,0.00302113,0.00302113,0.00301081,0.00301081,0.00302113,0.0,0.00302113,0.0,0.003021
candidates_i/n2764,candidates_i/U2109/Y,NAND3X1,NOR3X1/B,1,0.003067,0.00306333,0.003067,0.00306333,0.003067,0.0,0.003067,0.0,0.003067
candidates_i/n2765,candidates_i/U2106/Y,NAND2X1,NOR3X1/C,1,0.00328822,0.00328822,0.00322576,0.00322576,0.00328822,0.0,0.00328822,0.0,0.003288
candidates_i/n2766,candidates_i/U2108/Y,NAND3X1,NAND2X1/A,1,0.00211057,0.00211057,0.00188435,0.00188435,0.00211057,0.0,0.00211057,0.0,0.002111
candidates_i/n2767,candidates_i/U2107/Y,NAND3X1,NAND2X1/B,1,0.00202749,0.00202749,0.00194421,0.00194421,0.00202749,0.0,0.00202749,0.0,0.002027
candidates_i/n2768,candidates_i/U2112/Y,NAND3X1,NAND3X1/A,1,0.00254759,0.00254759,0.00220852,0.00220852,0.00254759,0.0,0.00254759,0.0,0.002548
candidates_i/n2769,candidates_i/U2111/Y,NAND2X1,NAND3X1/B,1,0.00283213,0.00283213,0.00259978,0.00259978,0.00283213,0.0,0.00283213,0.0,0.002832
candidates_i/n2770,candidates_i/U2110/Y,NAND3X1,NAND3X1/C,1,0.00296109,0.00296109,0.0028316,0.0028316,0.00296109,0.0,0.00296109,0.0,0.002961
candidates_i/n2771,candidates_i/U2117/Y,NAND3X1,NAND3X1/A,1,0.00254759,0.00254759,0.00220852,0.00220852,0.00254759,0.0,0.00254759,0.0,0.002548
candidates_i/n2772,candidates_i/U2116/Y,NAND3X1,NAND3X1/B,1,0.00283213,0.00283213,0.00259978,0.00259978,0.00283213,0.0,0.00283213,0.0,0.002832
candidates_i/n2773,candidates_i/U2114/Y,AOI21X1,NAND3X1/C,1,0.00296109,0.00296109,0.0028316,0.0028316,0.00296109,0.0,0.00296109,0.0,0.002961
candidates_i/n2774,candidates_i/U2115/Y,NAND3X1,AOI21X1/B,1,0.00272419,0.00272419,0.00267874,0.00267874,0.00272419,0.0,0.00272419,0.0,0.002724
candidates_i/n2778,candidates_i/U2130/Y,NAND3X1,NOR3X1/A,1,0.00302113,0.00302113,0.00301081,0.00301081,0.00302113,0.0,0.00302113,0.0,0.003021
candidates_i/n2779,candidates_i/U2126/Y,NAND3X1,NOR3X1/B,1,0.003067,0.00306333,0.003067,0.00306333,0.003067,0.0,0.003067,0.0,0.003067
candidates_i/n2780,candidates_i/U2123/Y,NAND2X1,NOR3X1/C,1,0.00328822,0.00328822,0.00322576,0.00322576,0.00328822,0.0,0.00328822,0.0,0.003288
candidates_i/n2781,candidates_i/U2125/Y,NAND3X1,NAND2X1/A,1,0.00211057,0.00211057,0.00188435,0.00188435,0.00211057,0.0,0.00211057,0.0,0.002111
candidates_i/n2782,candidates_i/U2124/Y,NAND3X1,NAND2X1/B,1,0.00202749,0.00202749,0.00194421,0.00194421,0.00202749,0.0,0.00202749,0.0,0.002027
candidates_i/n2783,candidates_i/U2129/Y,NAND3X1,NAND3X1/A,1,0.00254759,0.00254759,0.00220852,0.00220852,0.00254759,0.0,0.00254759,0.0,0.002548
candidates_i/n2784,candidates_i/U2128/Y,NAND3X1,NAND3X1/B,1,0.00283213,0.00283213,0.00259978,0.00259978,0.00283213,0.0,0.00283213,0.0,0.002832
candidates_i/n2785,candidates_i/U2127/Y,NAND3X1,NAND3X1/C,1,0.00296109,0.00296109,0.0028316,0.0028316,0.00296109,0.0,0.00296109,0.0,0.002961
candidates_i/n2786,candidates_i/U2134/Y,NAND3X1,NAND3X1/A,1,0.00254759,0.00254759,0.00220852,0.00220852,0.00254759,0.0,0.00254759,0.0,0.002548
candidates_i/n2787,candidates_i/U2133/Y,NAND3X1,NAND3X1/B,1,0.00283213,0.00283213,0.00259978,0.00259978,0.00283213,0.0,0.00283213,0.0,0.002832
candidates_i/n2789,candidates_i/U2132/Y,NAND3X1,AND2X2/A,1,0.00179784,0.00179784,0.00176278,0.00176278,0.00179784,0.0,0.00179784,0.0,0.001798
candidates_i/n2790,candidates_i/U2131/Y,NAND3X1,AND2X2/B,1,0.00186944,0.00186944,0.00182011,0.00182011,0.00186944,0.0,0.00186944,0.0,0.001869
candidates_i/n2791,candidates_i/U2143/Y,NAND3X1,NOR3X1/A,1,0.00302113,0.00302113,0.00301081,0.00301081,0.00302113,0.0,0.00302113,0.0,0.003021
candidates_i/n2792,candidates_i/U2139/Y,NAND3X1,NOR3X1/B,1,0.003067,0.00306333,0.003067,0.00306333,0.003067,0.0,0.003067,0.0,0.003067
candidates_i/n2793,candidates_i/U2136/Y,NAND2X1,NOR3X1/C,1,0.00328822,0.00328822,0.00322576,0.00322576,0.00328822,0.0,0.00328822,0.0,0.003288
candidates_i/n2794,candidates_i/U2138/Y,NAND3X1,NAND2X1/A,1,0.00211057,0.00211057,0.00188435,0.00188435,0.00211057,0.0,0.00211057,0.0,0.002111
candidates_i/n2795,candidates_i/U2137/Y,NAND3X1,NAND2X1/B,1,0.00202749,0.00202749,0.00194421,0.00194421,0.00202749,0.0,0.00202749,0.0,0.002027
candidates_i/n2796,candidates_i/U2142/Y,NAND2X1,NAND3X1/A,1,0.00254759,0.00254759,0.00220852,0.00220852,0.00254759,0.0,0.00254759,0.0,0.002548
candidates_i/n2797,candidates_i/U2141/Y,NAND3X1,NAND3X1/B,1,0.00283213,0.00283213,0.00259978,0.00259978,0.00283213,0.0,0.00283213,0.0,0.002832
candidates_i/n2798,candidates_i/U2140/Y,NAND3X1,NAND3X1/C,1,0.00296109,0.00296109,0.0028316,0.0028316,0.00296109,0.0,0.00296109,0.0,0.002961
candidates_i/n2799,candidates_i/U2147/Y,NAND3X1,NAND3X1/A,1,0.00254759,0.00254759,0.00220852,0.00220852,0.00254759,0.0,0.00254759,0.0,0.002548
candidates_i/n2800,candidates_i/U2146/Y,NAND3X1,NAND3X1/B,1,0.00283213,0.00283213,0.00259978,0.00259978,0.00283213,0.0,0.00283213,0.0,0.002832
candidates_i/n2801,candidates_i/U2144/Y,AOI21X1,NAND3X1/C,1,0.00296109,0.00296109,0.0028316,0.0028316,0.00296109,0.0,0.00296109,0.0,0.002961
candidates_i/n2802,candidates_i/U2145/Y,NAND3X1,AOI21X1/B,1,0.00272419,0.00272419,0.00267874,0.00267874,0.00272419,0.0,0.00272419,0.0,0.002724
candidates_i/n2804,candidates_i/U3413/Y,AOI22X1,NAND2X1/A,1,0.00211057,0.00211057,0.00188435,0.00188435,0.00211057,0.0,0.00211057,0.0,0.002111
candidates_i/n2805,candidates_i/U3417/Y,AOI22X1,NAND2X1/B,1,0.00202749,0.00202749,0.00194421,0.00194421,0.00202749,0.0,0.00202749,0.0,0.002027
candidates_i/n2806,candidates_i/U3416/Y,AOI22X1,NAND2X1/A,1,0.00211057,0.00211057,0.00188435,0.00188435,0.00211057,0.0,0.00211057,0.0,0.002111
candidates_i/n2807,candidates_i/U3420/Y,AOI22X1,BUFX2/A,1,0.00153896,0.00153896,0.00150415,0.00150415,0.00153896,0.0,0.00153896,0.0,0.001539
candidates_i/n2808,candidates_i/U3419/Y,AOI22X1,BUFX2/A,1,0.00153896,0.00153896,0.00150415,0.00150415,0.00153896,0.0,0.00153896,0.0,0.001539
candidates_i/n2811,candidates_i/U3422/Y,AOI22X1,BUFX2/A,1,0.00153896,0.00153896,0.00150415,0.00150415,0.00153896,0.0,0.00153896,0.0,0.001539
candidates_i/n2812,candidates_i/U3421/Y,AOI22X1,BUFX2/A,1,0.00153896,0.00153896,0.00150415,0.00150415,0.00153896,0.0,0.00153896,0.0,0.001539
candidates_i/n2813,candidates_i/U3426/Y,AOI22X1,NAND2X1/B,1,0.00202749,0.00202749,0.00194421,0.00194421,0.00202749,0.0,0.00202749,0.0,0.002027
candidates_i/n2814,candidates_i/U3425/Y,AOI22X1,NAND2X1/A,1,0.00211057,0.00211057,0.00188435,0.00188435,0.00211057,0.0,0.00211057,0.0,0.002111
candidates_i/n2815,candidates_i/U3429/Y,AOI22X1,NAND2X1/B,1,0.00202749,0.00202749,0.00194421,0.00194421,0.00202749,0.0,0.00202749,0.0,0.002027
candidates_i/n2816,candidates_i/U3428/Y,AOI22X1,NAND2X1/A,1,0.00211057,0.00211057,0.00188435,0.00188435,0.00211057,0.0,0.00211057,0.0,0.002111
candidates_i/n2817,candidates_i/U3432/Y,AOI22X1,NAND2X1/B,1,0.00202749,0.00202749,0.00194421,0.00194421,0.00202749,0.0,0.00202749,0.0,0.002027
candidates_i/n2818,candidates_i/U3431/Y,AOI22X1,NAND2X1/A,1,0.00211057,0.00211057,0.00188435,0.00188435,0.00211057,0.0,0.00211057,0.0,0.002111
candidates_i/n2819,candidates_i/U3435/Y,AOI22X1,BUFX2/A,1,0.00153896,0.00153896,0.00150415,0.00150415,0.00153896,0.0,0.00153896,0.0,0.001539
candidates_i/n2820,candidates_i/U3434/Y,AOI22X1,BUFX2/A,1,0.00153896,0.00153896,0.00150415,0.00150415,0.00153896,0.0,0.00153896,0.0,0.001539
candidates_i/n2823,candidates_i/U3437/Y,AOI22X1,BUFX2/A,1,0.00153896,0.00153896,0.00150415,0.00150415,0.00153896,0.0,0.00153896,0.0,0.001539
candidates_i/n2824,candidates_i/U3436/Y,AOI22X1,BUFX2/A,1,0.00153896,0.00153896,0.00150415,0.00150415,0.00153896,0.0,0.00153896,0.0,0.001539
candidates_i/n2825,candidates_i/U3441/Y,AOI22X1,NAND2X1/B,1,0.00202749,0.00202749,0.00194421,0.00194421,0.00202749,0.0,0.00202749,0.0,0.002027
candidates_i/n2826,candidates_i/U3440/Y,AOI22X1,NAND2X1/A,1,0.00211057,0.00211057,0.00188435,0.00188435,0.00211057,0.0,0.00211057,0.0,0.002111
candidates_i/n2827,candidates_i/U3444/Y,AOI22X1,NAND2X1/B,1,0.00202749,0.00202749,0.00194421,0.00194421,0.00202749,0.0,0.00202749,0.0,0.002027
candidates_i/n2828,candidates_i/U3443/Y,AOI22X1,NAND2X1/A,1,0.00211057,0.00211057,0.00188435,0.00188435,0.00211057,0.0,0.00211057,0.0,0.002111
candidates_i/n2829,candidates_i/U3447/Y,AOI22X1,NAND2X1/B,1,0.00202749,0.00202749,0.00194421,0.00194421,0.00202749,0.0,0.00202749,0.0,0.002027
candidates_i/n2830,candidates_i/U3446/Y,AOI22X1,NAND2X1/A,1,0.00211057,0.00211057,0.00188435,0.00188435,0.00211057,0.0,0.00211057,0.0,0.002111
candidates_i/n2831,candidates_i/U3450/Y,AOI22X1,BUFX2/A,1,0.00153896,0.00153896,0.00150415,0.00150415,0.00153896,0.0,0.00153896,0.0,0.001539
candidates_i/n2832,candidates_i/U3449/Y,AOI22X1,BUFX2/A,1,0.00153896,0.00153896,0.00150415,0.00150415,0.00153896,0.0,0.00153896,0.0,0.001539
candidates_i/n2836,candidates_i/U3452/Y,AOI22X1,BUFX2/A,1,0.00153896,0.00153896,0.00150415,0.00150415,0.00153896,0.0,0.00153896,0.0,0.001539
candidates_i/n2837,candidates_i/U3451/Y,AOI22X1,BUFX2/A,1,0.00153896,0.00153896,0.00150415,0.00150415,0.00153896,0.0,0.00153896,0.0,0.001539
candidates_i/n2838,candidates_i/U3456/Y,AOI22X1,NAND2X1/B,1,0.00202749,0.00202749,0.00194421,0.00194421,0.00202749,0.0,0.00202749,0.0,0.002027
candidates_i/n2839,candidates_i/U3455/Y,AOI22X1,NAND2X1/A,1,0.00211057,0.00211057,0.00188435,0.00188435,0.00211057,0.0,0.00211057,0.0,0.002111
candidates_i/n2840,candidates_i/U3459/Y,AOI22X1,NAND2X1/B,1,0.00202749,0.00202749,0.00194421,0.00194421,0.00202749,0.0,0.00202749,0.0,0.002027
candidates_i/n2841,candidates_i/U3458/Y,AOI22X1,NAND2X1/A,1,0.00211057,0.00211057,0.00188435,0.00188435,0.00211057,0.0,0.00211057,0.0,0.002111
candidates_i/n2842,candidates_i/U3462/Y,AOI22X1,BUFX2/A,1,0.00153896,0.00153896,0.00150415,0.00150415,0.00153896,0.0,0.00153896,0.0,0.001539
candidates_i/n2843,candidates_i/U3461/Y,AOI22X1,BUFX2/A,1,0.00153896,0.00153896,0.00150415,0.00150415,0.00153896,0.0,0.00153896,0.0,0.001539
candidates_i/n2844,candidates_i/U3464/Y,AOI22X1,BUFX2/A,1,0.00153896,0.00153896,0.00150415,0.00150415,0.00153896,0.0,0.00153896,0.0,0.001539
candidates_i/n2845,candidates_i/U3463/Y,AOI22X1,BUFX2/A,1,0.00153896,0.00153896,0.00150415,0.00150415,0.00153896,0.0,0.00153896,0.0,0.001539
candidates_i/n2848,candidates_i/U3466/Y,AOI22X1,BUFX2/A,1,0.00153896,0.00153896,0.00150415,0.00150415,0.00153896,0.0,0.00153896,0.0,0.001539
candidates_i/n2849,candidates_i/U3465/Y,AOI22X1,BUFX2/A,1,0.00153896,0.00153896,0.00150415,0.00150415,0.00153896,0.0,0.00153896,0.0,0.001539
candidates_i/n2850,candidates_i/U3470/Y,AOI22X1,NAND2X1/B,1,0.00202749,0.00202749,0.00194421,0.00194421,0.00202749,0.0,0.00202749,0.0,0.002027
candidates_i/n2851,candidates_i/U3469/Y,AOI22X1,NAND2X1/A,1,0.00211057,0.00211057,0.00188435,0.00188435,0.00211057,0.0,0.00211057,0.0,0.002111
candidates_i/n2852,candidates_i/U3473/Y,AOI22X1,NAND2X1/B,1,0.00202749,0.00202749,0.00194421,0.00194421,0.00202749,0.0,0.00202749,0.0,0.002027
candidates_i/n2853,candidates_i/U3472/Y,AOI22X1,NAND2X1/A,1,0.00211057,0.00211057,0.00188435,0.00188435,0.00211057,0.0,0.00211057,0.0,0.002111
candidates_i/n2854,candidates_i/U3476/Y,AOI22X1,NAND2X1/B,1,0.00202749,0.00202749,0.00194421,0.00194421,0.00202749,0.0,0.00202749,0.0,0.002027
candidates_i/n2855,candidates_i/U3475/Y,AOI22X1,NAND2X1/A,1,0.00211057,0.00211057,0.00188435,0.00188435,0.00211057,0.0,0.00211057,0.0,0.002111
candidates_i/n2856,candidates_i/U3479/Y,AOI22X1,BUFX2/A,1,0.00153896,0.00153896,0.00150415,0.00150415,0.00153896,0.0,0.00153896,0.0,0.001539
candidates_i/n2857,candidates_i/U3478/Y,AOI22X1,BUFX2/A,1,0.00153896,0.00153896,0.00150415,0.00150415,0.00153896,0.0,0.00153896,0.0,0.001539
candidates_i/n2860,candidates_i/U3481/Y,AOI22X1,BUFX2/A,1,0.00153896,0.00153896,0.00150415,0.00150415,0.00153896,0.0,0.00153896,0.0,0.001539
candidates_i/n2861,candidates_i/U3480/Y,AOI22X1,BUFX2/A,1,0.00153896,0.00153896,0.00150415,0.00150415,0.00153896,0.0,0.00153896,0.0,0.001539
candidates_i/n2862,candidates_i/U3483/Y,AOI22X1,NAND2X1/B,1,0.00202749,0.00202749,0.00194421,0.00194421,0.00202749,0.0,0.00202749,0.0,0.002027
candidates_i/n2863,candidates_i/U3482/Y,AOI22X1,NAND2X1/A,1,0.00211057,0.00211057,0.00188435,0.00188435,0.00211057,0.0,0.00211057,0.0,0.002111
candidates_i/n2864,candidates_i/U3486/Y,AOI22X1,NAND2X1/B,1,0.00202749,0.00202749,0.00194421,0.00194421,0.00202749,0.0,0.00202749,0.0,0.002027
candidates_i/n2865,candidates_i/U3485/Y,AOI22X1,NAND2X1/A,1,0.00211057,0.00211057,0.00188435,0.00188435,0.00211057,0.0,0.00211057,0.0,0.002111
candidates_i/n2866,candidates_i/U3489/Y,AOI22X1,NAND2X1/B,1,0.00202749,0.00202749,0.00194421,0.00194421,0.00202749,0.0,0.00202749,0.0,0.002027
candidates_i/n2867,candidates_i/U3488/Y,AOI22X1,NAND2X1/A,1,0.00211057,0.00211057,0.00188435,0.00188435,0.00211057,0.0,0.00211057,0.0,0.002111
candidates_i/n2868,candidates_i/U3492/Y,AOI22X1,BUFX2/A,1,0.00153896,0.00153896,0.00150415,0.00150415,0.00153896,0.0,0.00153896,0.0,0.001539
candidates_i/n2869,candidates_i/U3491/Y,AOI22X1,BUFX2/A,1,0.00153896,0.00153896,0.00150415,0.00150415,0.00153896,0.0,0.00153896,0.0,0.001539
candidates_i/n2873,candidates_i/U3494/Y,AOI22X1,BUFX2/A,1,0.00153896,0.00153896,0.00150415,0.00150415,0.00153896,0.0,0.00153896,0.0,0.001539
candidates_i/n2874,candidates_i/U3493/Y,AOI22X1,BUFX2/A,1,0.00153896,0.00153896,0.00150415,0.00150415,0.00153896,0.0,0.00153896,0.0,0.001539
candidates_i/n2875,candidates_i/U3496/Y,AOI22X1,NAND2X1/B,1,0.00202749,0.00202749,0.00194421,0.00194421,0.00202749,0.0,0.00202749,0.0,0.002027
candidates_i/n2876,candidates_i/U3495/Y,AOI22X1,NAND2X1/A,1,0.00211057,0.00211057,0.00188435,0.00188435,0.00211057,0.0,0.00211057,0.0,0.002111
candidates_i/n2877,candidates_i/U3499/Y,AOI22X1,NAND2X1/B,1,0.00202749,0.00202749,0.00194421,0.00194421,0.00202749,0.0,0.00202749,0.0,0.002027
candidates_i/n2878,candidates_i/U3498/Y,AOI22X1,NAND2X1/A,1,0.00211057,0.00211057,0.00188435,0.00188435,0.00211057,0.0,0.00211057,0.0,0.002111
candidates_i/n2879,candidates_i/U3502/Y,AOI22X1,NAND2X1/B,1,0.00202749,0.00202749,0.00194421,0.00194421,0.00202749,0.0,0.00202749,0.0,0.002027
candidates_i/n2880,candidates_i/U3501/Y,AOI22X1,NAND2X1/A,1,0.00211057,0.00211057,0.00188435,0.00188435,0.00211057,0.0,0.00211057,0.0,0.002111
candidates_i/n2881,candidates_i/U3505/Y,AOI22X1,BUFX2/A,1,0.00153896,0.00153896,0.00150415,0.00150415,0.00153896,0.0,0.00153896,0.0,0.001539
candidates_i/n2882,candidates_i/U3504/Y,AOI22X1,BUFX2/A,1,0.00153896,0.00153896,0.00150415,0.00150415,0.00153896,0.0,0.00153896,0.0,0.001539
candidates_i/n2886,candidates_i/U3507/Y,AOI22X1,BUFX2/A,1,0.00153896,0.00153896,0.00150415,0.00150415,0.00153896,0.0,0.00153896,0.0,0.001539
candidates_i/n2887,candidates_i/U3506/Y,AOI22X1,BUFX2/A,1,0.00153896,0.00153896,0.00150415,0.00150415,0.00153896,0.0,0.00153896,0.0,0.001539
candidates_i/n2888,candidates_i/U3510/Y,AOI22X1,NAND2X1/B,1,0.00202749,0.00202749,0.00194421,0.00194421,0.00202749,0.0,0.00202749,0.0,0.002027
candidates_i/n2889,candidates_i/U3509/Y,AOI22X1,NAND2X1/A,1,0.00211057,0.00211057,0.00188435,0.00188435,0.00211057,0.0,0.00211057,0.0,0.002111
candidates_i/n2890,candidates_i/U3513/Y,AOI22X1,NAND2X1/B,1,0.00202749,0.00202749,0.00194421,0.00194421,0.00202749,0.0,0.00202749,0.0,0.002027
candidates_i/n2891,candidates_i/U3512/Y,AOI22X1,NAND2X1/A,1,0.00211057,0.00211057,0.00188435,0.00188435,0.00211057,0.0,0.00211057,0.0,0.002111
candidates_i/n2892,candidates_i/U3516/Y,AOI22X1,NAND2X1/B,1,0.00202749,0.00202749,0.00194421,0.00194421,0.00202749,0.0,0.00202749,0.0,0.002027
candidates_i/n2893,candidates_i/U3515/Y,AOI22X1,NAND2X1/A,1,0.00211057,0.00211057,0.00188435,0.00188435,0.00211057,0.0,0.00211057,0.0,0.002111
candidates_i/n2894,candidates_i/U3519/Y,AOI22X1,BUFX2/A,1,0.00153896,0.00153896,0.00150415,0.00150415,0.00153896,0.0,0.00153896,0.0,0.001539
candidates_i/n2895,candidates_i/U3518/Y,AOI22X1,BUFX2/A,1,0.00153896,0.00153896,0.00150415,0.00150415,0.00153896,0.0,0.00153896,0.0,0.001539
candidates_i/n2898,candidates_i/U3521/Y,AOI22X1,NAND2X1/B,1,0.00202749,0.00202749,0.00194421,0.00194421,0.00202749,0.0,0.00202749,0.0,0.002027
candidates_i/n2899,candidates_i/U3520/Y,AOI22X1,NAND2X1/A,1,0.00211057,0.00211057,0.00188435,0.00188435,0.00211057,0.0,0.00211057,0.0,0.002111
candidates_i/n2902,candidates_i/U3528/Y,NAND2X1,AOI22X1/D,1,0.00290653,0.00290653,0.00282572,0.00282572,0.00290653,0.0,0.00290653,0.0,0.002907
candidates_i/n2903,candidates_i/U3527/Y,NAND2X1,AOI22X1/C,1,0.00287763,0.00287763,0.00266968,0.00266968,0.00287763,0.0,0.00287763,0.0,0.002878
candidates_i/n2904,candidates_i/U3526/Y,NAND2X1,AOI22X1/B,1,0.00276444,0.00276444,0.00272615,0.00272615,0.00276444,0.0,0.00276444,0.0,0.002764
candidates_i/n2905,candidates_i/U3525/Y,NAND2X1,AOI22X1/A,1,0.00281659,0.00281659,0.00265821,0.00265821,0.00281659,0.0,0.00281659,0.0,0.002817
candidates_i/n2906,candidates_i/U3529/Y,AOI22X1,NAND3X1/C,1,0.00296109,0.00296109,0.0028316,0.0028316,0.00296109,0.0,0.00296109,0.0,0.002961
candidates_i/n2915,candidates_i/U3530/Y,NAND3X1,NOR3X1/A,1,0.00302113,0.00302113,0.00301081,0.00301081,0.00302113,0.0,0.00302113,0.0,0.003021
candidates_i/n2920,candidates_i/U3541/Y,NAND2X1,AOI22X1/D,1,0.00290653,0.00290653,0.00282572,0.00282572,0.00290653,0.0,0.00290653,0.0,0.002907
candidates_i/n2921,candidates_i/U3540/Y,NAND2X1,AOI22X1/C,1,0.00287763,0.00287763,0.00266968,0.00266968,0.00287763,0.0,0.00287763,0.0,0.002878
candidates_i/n2922,candidates_i/U3539/Y,NAND2X1,AOI22X1/B,1,0.00276444,0.00276444,0.00272615,0.00272615,0.00276444,0.0,0.00276444,0.0,0.002764
candidates_i/n2923,candidates_i/U3538/Y,NAND2X1,AOI22X1/A,1,0.00281659,0.00281659,0.00265821,0.00265821,0.00281659,0.0,0.00281659,0.0,0.002817
candidates_i/n2924,candidates_i/U3542/Y,AOI22X1,NAND3X1/C,1,0.00296109,0.00296109,0.0028316,0.0028316,0.00296109,0.0,0.00296109,0.0,0.002961
candidates_i/n2933,candidates_i/U3543/Y,NAND3X1,NOR3X1/A,1,0.00302113,0.00302113,0.00301081,0.00301081,0.00302113,0.0,0.00302113,0.0,0.003021
candidates_i/n2938,candidates_i/U3554/Y,NAND2X1,AOI22X1/D,1,0.00290653,0.00290653,0.00282572,0.00282572,0.00290653,0.0,0.00290653,0.0,0.002907
candidates_i/n2939,candidates_i/U3553/Y,NAND2X1,AOI22X1/C,1,0.00287763,0.00287763,0.00266968,0.00266968,0.00287763,0.0,0.00287763,0.0,0.002878
candidates_i/n2940,candidates_i/U3552/Y,NAND2X1,AOI22X1/B,1,0.00276444,0.00276444,0.00272615,0.00272615,0.00276444,0.0,0.00276444,0.0,0.002764
candidates_i/n2941,candidates_i/U3551/Y,NAND2X1,AOI22X1/A,1,0.00281659,0.00281659,0.00265821,0.00265821,0.00281659,0.0,0.00281659,0.0,0.002817
candidates_i/n2942,candidates_i/U3555/Y,AOI22X1,NAND3X1/C,1,0.00296109,0.00296109,0.0028316,0.0028316,0.00296109,0.0,0.00296109,0.0,0.002961
candidates_i/n2949,candidates_i/U3562/Y,NAND2X1,NOR3X1/C,1,0.00328822,0.00328822,0.00322576,0.00322576,0.00328822,0.0,0.00328822,0.0,0.003288
candidates_i/n2950,candidates_i/U3559/Y,NAND2X1,NOR3X1/B,1,0.003067,0.00306333,0.003067,0.00306333,0.003067,0.0,0.003067,0.0,0.003067
candidates_i/n2951,candidates_i/U3556/Y,NAND3X1,NOR3X1/A,1,0.00302113,0.00302113,0.00301081,0.00301081,0.00302113,0.0,0.00302113,0.0,0.003021
candidates_i/n2956,candidates_i/U3569/Y,NAND2X1,AOI22X1/D,1,0.00290653,0.00290653,0.00282572,0.00282572,0.00290653,0.0,0.00290653,0.0,0.002907
candidates_i/n2957,candidates_i/U3568/Y,NAND2X1,AOI22X1/C,1,0.00287763,0.00287763,0.00266968,0.00266968,0.00287763,0.0,0.00287763,0.0,0.002878
candidates_i/n2958,candidates_i/U3567/Y,NAND2X1,AOI22X1/B,1,0.00276444,0.00276444,0.00272615,0.00272615,0.00276444,0.0,0.00276444,0.0,0.002764
candidates_i/n2959,candidates_i/U3566/Y,NAND2X1,AOI22X1/A,1,0.00281659,0.00281659,0.00265821,0.00265821,0.00281659,0.0,0.00281659,0.0,0.002817
candidates_i/n2960,candidates_i/U3570/Y,AOI22X1,NAND3X1/C,1,0.00296109,0.00296109,0.0028316,0.0028316,0.00296109,0.0,0.00296109,0.0,0.002961
candidates_i/n2969,candidates_i/U3571/Y,NAND3X1,NOR3X1/A,1,0.00302113,0.00302113,0.00301081,0.00301081,0.00302113,0.0,0.00302113,0.0,0.003021
candidates_i/n2974,candidates_i/U3582/Y,NAND2X1,AOI22X1/D,1,0.00290653,0.00290653,0.00282572,0.00282572,0.00290653,0.0,0.00290653,0.0,0.002907
candidates_i/n2975,candidates_i/U3581/Y,NAND2X1,AOI22X1/C,1,0.00287763,0.00287763,0.00266968,0.00266968,0.00287763,0.0,0.00287763,0.0,0.002878
candidates_i/n2976,candidates_i/U3580/Y,NAND2X1,AOI22X1/B,1,0.00276444,0.00276444,0.00272615,0.00272615,0.00276444,0.0,0.00276444,0.0,0.002764
candidates_i/n2977,candidates_i/U3579/Y,NAND2X1,AOI22X1/A,1,0.00281659,0.00281659,0.00265821,0.00265821,0.00281659,0.0,0.00281659,0.0,0.002817
candidates_i/n2978,candidates_i/U3583/Y,AOI22X1,NAND3X1/C,1,0.00296109,0.00296109,0.0028316,0.0028316,0.00296109,0.0,0.00296109,0.0,0.002961
candidates_i/n2987,candidates_i/U3584/Y,NAND3X1,NOR3X1/A,1,0.00302113,0.00302113,0.00301081,0.00301081,0.00302113,0.0,0.00302113,0.0,0.003021
candidates_i/n2992,candidates_i/U3595/Y,NAND2X1,AOI22X1/D,1,0.00290653,0.00290653,0.00282572,0.00282572,0.00290653,0.0,0.00290653,0.0,0.002907
candidates_i/n2993,candidates_i/U3594/Y,NAND2X1,AOI22X1/C,1,0.00287763,0.00287763,0.00266968,0.00266968,0.00287763,0.0,0.00287763,0.0,0.002878
candidates_i/n2994,candidates_i/U3593/Y,NAND2X1,AOI22X1/B,1,0.00276444,0.00276444,0.00272615,0.00272615,0.00276444,0.0,0.00276444,0.0,0.002764
candidates_i/n2995,candidates_i/U3592/Y,NAND2X1,AOI22X1/A,1,0.00281659,0.00281659,0.00265821,0.00265821,0.00281659,0.0,0.00281659,0.0,0.002817
candidates_i/n2996,candidates_i/U3596/Y,AOI22X1,NAND3X1/C,1,0.00296109,0.00296109,0.0028316,0.0028316,0.00296109,0.0,0.00296109,0.0,0.002961
candidates_i/n3005,candidates_i/U3597/Y,NAND3X1,NOR3X1/A,1,0.00302113,0.00302113,0.00301081,0.00301081,0.00302113,0.0,0.00302113,0.0,0.003021
candidates_i/n3010,candidates_i/U3608/Y,NAND2X1,AOI22X1/D,1,0.00290653,0.00290653,0.00282572,0.00282572,0.00290653,0.0,0.00290653,0.0,0.002907
candidates_i/n3011,candidates_i/U3607/Y,NAND2X1,AOI22X1/C,1,0.00287763,0.00287763,0.00266968,0.00266968,0.00287763,0.0,0.00287763,0.0,0.002878
candidates_i/n3012,candidates_i/U3606/Y,NAND2X1,AOI22X1/B,1,0.00276444,0.00276444,0.00272615,0.00272615,0.00276444,0.0,0.00276444,0.0,0.002764
candidates_i/n3013,candidates_i/U3605/Y,NAND2X1,AOI22X1/A,1,0.00281659,0.00281659,0.00265821,0.00265821,0.00281659,0.0,0.00281659,0.0,0.002817
candidates_i/n3014,candidates_i/U3609/Y,AOI22X1,NAND3X1/C,1,0.00296109,0.00296109,0.0028316,0.0028316,0.00296109,0.0,0.00296109,0.0,0.002961
candidates_i/n3023,candidates_i/U3610/Y,NAND3X1,NOR3X1/A,1,0.00302113,0.00302113,0.00301081,0.00301081,0.00302113,0.0,0.00302113,0.0,0.003021
candidates_i/n3028,candidates_i/U3621/Y,NAND2X1,AOI22X1/D,1,0.00290653,0.00290653,0.00282572,0.00282572,0.00290653,0.0,0.00290653,0.0,0.002907
candidates_i/n3029,candidates_i/U3620/Y,NAND2X1,AOI22X1/C,1,0.00287763,0.00287763,0.00266968,0.00266968,0.00287763,0.0,0.00287763,0.0,0.002878
candidates_i/n3030,candidates_i/U3619/Y,NAND2X1,AOI22X1/B,1,0.00276444,0.00276444,0.00272615,0.00272615,0.00276444,0.0,0.00276444,0.0,0.002764
candidates_i/n3031,candidates_i/U3618/Y,NAND2X1,AOI22X1/A,1,0.00281659,0.00281659,0.00265821,0.00265821,0.00281659,0.0,0.00281659,0.0,0.002817
candidates_i/n3032,candidates_i/U3622/Y,AOI22X1,NAND3X1/C,1,0.00296109,0.00296109,0.0028316,0.0028316,0.00296109,0.0,0.00296109,0.0,0.002961
candidates_i/n3041,candidates_i/U3623/Y,NAND3X1,NOR3X1/A,1,0.00302113,0.00302113,0.00301081,0.00301081,0.00302113,0.0,0.00302113,0.0,0.003021
candidates_i/n3046,candidates_i/U3634/Y,NAND2X1,AOI22X1/D,1,0.00290653,0.00290653,0.00282572,0.00282572,0.00290653,0.0,0.00290653,0.0,0.002907
candidates_i/n3047,candidates_i/U3633/Y,NAND2X1,AOI22X1/C,1,0.00287763,0.00287763,0.00266968,0.00266968,0.00287763,0.0,0.00287763,0.0,0.002878
candidates_i/n3048,candidates_i/U3632/Y,NAND2X1,AOI22X1/B,1,0.00276444,0.00276444,0.00272615,0.00272615,0.00276444,0.0,0.00276444,0.0,0.002764
candidates_i/n3049,candidates_i/U3631/Y,NAND2X1,AOI22X1/A,1,0.00281659,0.00281659,0.00265821,0.00265821,0.00281659,0.0,0.00281659,0.0,0.002817
candidates_i/n3050,candidates_i/U3635/Y,AOI22X1,NAND3X1/C,1,0.00296109,0.00296109,0.0028316,0.0028316,0.00296109,0.0,0.00296109,0.0,0.002961
candidates_i/n3059,candidates_i/U3636/Y,NAND3X1,NOR3X1/A,1,0.00302113,0.00302113,0.00301081,0.00301081,0.00302113,0.0,0.00302113,0.0,0.003021
candidates_i/n3064,candidates_i/U3647/Y,NAND2X1,AOI22X1/D,1,0.00290653,0.00290653,0.00282572,0.00282572,0.00290653,0.0,0.00290653,0.0,0.002907
candidates_i/n3065,candidates_i/U3646/Y,NAND2X1,AOI22X1/C,1,0.00287763,0.00287763,0.00266968,0.00266968,0.00287763,0.0,0.00287763,0.0,0.002878
candidates_i/n3066,candidates_i/U3645/Y,NAND2X1,AOI22X1/B,1,0.00276444,0.00276444,0.00272615,0.00272615,0.00276444,0.0,0.00276444,0.0,0.002764
candidates_i/n3067,candidates_i/U3644/Y,NAND2X1,AOI22X1/A,1,0.00281659,0.00281659,0.00265821,0.00265821,0.00281659,0.0,0.00281659,0.0,0.002817
candidates_i/n3068,candidates_i/U3648/Y,AOI22X1,NAND3X1/C,1,0.00296109,0.00296109,0.0028316,0.0028316,0.00296109,0.0,0.00296109,0.0,0.002961
candidates_i/n3077,candidates_i/U3649/Y,NAND3X1,NOR3X1/A,1,0.00302113,0.00302113,0.00301081,0.00301081,0.00302113,0.0,0.00302113,0.0,0.003021
candidates_i/n3082,candidates_i/U3660/Y,NAND2X1,AOI22X1/D,1,0.00290653,0.00290653,0.00282572,0.00282572,0.00290653,0.0,0.00290653,0.0,0.002907
candidates_i/n3083,candidates_i/U3659/Y,NAND2X1,AOI22X1/C,1,0.00287763,0.00287763,0.00266968,0.00266968,0.00287763,0.0,0.00287763,0.0,0.002878
candidates_i/n3084,candidates_i/U3658/Y,NAND2X1,AOI22X1/B,1,0.00276444,0.00276444,0.00272615,0.00272615,0.00276444,0.0,0.00276444,0.0,0.002764
candidates_i/n3085,candidates_i/U3657/Y,NAND2X1,AOI22X1/A,1,0.00281659,0.00281659,0.00265821,0.00265821,0.00281659,0.0,0.00281659,0.0,0.002817
candidates_i/n3086,candidates_i/U3661/Y,AOI22X1,NAND3X1/C,1,0.00296109,0.00296109,0.0028316,0.0028316,0.00296109,0.0,0.00296109,0.0,0.002961
candidates_i/n3095,candidates_i/U3662/Y,NAND3X1,NOR3X1/A,1,0.00302113,0.00302113,0.00301081,0.00301081,0.00302113,0.0,0.00302113,0.0,0.003021
candidates_i/n3100,candidates_i/U3673/Y,NAND2X1,AOI22X1/D,1,0.00290653,0.00290653,0.00282572,0.00282572,0.00290653,0.0,0.00290653,0.0,0.002907
candidates_i/n3101,candidates_i/U3672/Y,NAND2X1,AOI22X1/C,1,0.00287763,0.00287763,0.00266968,0.00266968,0.00287763,0.0,0.00287763,0.0,0.002878
candidates_i/n3102,candidates_i/U3671/Y,NAND2X1,AOI22X1/B,1,0.00276444,0.00276444,0.00272615,0.00272615,0.00276444,0.0,0.00276444,0.0,0.002764
candidates_i/n3103,candidates_i/U3670/Y,NAND2X1,AOI22X1/A,1,0.00281659,0.00281659,0.00265821,0.00265821,0.00281659,0.0,0.00281659,0.0,0.002817
candidates_i/n3104,candidates_i/U3674/Y,AOI22X1,NAND3X1/C,1,0.00296109,0.00296109,0.0028316,0.0028316,0.00296109,0.0,0.00296109,0.0,0.002961
candidates_i/n3113,candidates_i/U3675/Y,NAND3X1,NOR3X1/A,1,0.00302113,0.00302113,0.00301081,0.00301081,0.00302113,0.0,0.00302113,0.0,0.003021
candidates_i/n3118,candidates_i/U3686/Y,NAND2X1,AOI22X1/D,1,0.00290653,0.00290653,0.00282572,0.00282572,0.00290653,0.0,0.00290653,0.0,0.002907
candidates_i/n3119,candidates_i/U3685/Y,NAND2X1,AOI22X1/C,1,0.00287763,0.00287763,0.00266968,0.00266968,0.00287763,0.0,0.00287763,0.0,0.002878
candidates_i/n3120,candidates_i/U3684/Y,NAND2X1,AOI22X1/B,1,0.00276444,0.00276444,0.00272615,0.00272615,0.00276444,0.0,0.00276444,0.0,0.002764
candidates_i/n3121,candidates_i/U3683/Y,NAND2X1,AOI22X1/A,1,0.00281659,0.00281659,0.00265821,0.00265821,0.00281659,0.0,0.00281659,0.0,0.002817
candidates_i/n3122,candidates_i/U3687/Y,AOI22X1,NAND3X1/C,1,0.00296109,0.00296109,0.0028316,0.0028316,0.00296109,0.0,0.00296109,0.0,0.002961
candidates_i/n3129,candidates_i/U3694/Y,NAND2X1,NOR3X1/C,1,0.00328822,0.00328822,0.00322576,0.00322576,0.00328822,0.0,0.00328822,0.0,0.003288
candidates_i/n3130,candidates_i/U3691/Y,NAND2X1,NOR3X1/B,1,0.003067,0.00306333,0.003067,0.00306333,0.003067,0.0,0.003067,0.0,0.003067
candidates_i/n3131,candidates_i/U3688/Y,NAND3X1,NOR3X1/A,1,0.00302113,0.00302113,0.00301081,0.00301081,0.00302113,0.0,0.00302113,0.0,0.003021
candidates_i/n3136,candidates_i/U3701/Y,NAND2X1,AOI22X1/D,1,0.00290653,0.00290653,0.00282572,0.00282572,0.00290653,0.0,0.00290653,0.0,0.002907
candidates_i/n3137,candidates_i/U3700/Y,NAND2X1,AOI22X1/C,1,0.00287763,0.00287763,0.00266968,0.00266968,0.00287763,0.0,0.00287763,0.0,0.002878
candidates_i/n3138,candidates_i/U3699/Y,NAND2X1,AOI22X1/B,1,0.00276444,0.00276444,0.00272615,0.00272615,0.00276444,0.0,0.00276444,0.0,0.002764
candidates_i/n3139,candidates_i/U3698/Y,NAND2X1,AOI22X1/A,1,0.00281659,0.00281659,0.00265821,0.00265821,0.00281659,0.0,0.00281659,0.0,0.002817
candidates_i/n3140,candidates_i/U3702/Y,AOI22X1,NAND3X1/C,1,0.00296109,0.00296109,0.0028316,0.0028316,0.00296109,0.0,0.00296109,0.0,0.002961
candidates_i/n3149,candidates_i/U3703/Y,NAND3X1,NOR3X1/A,1,0.00302113,0.00302113,0.00301081,0.00301081,0.00302113,0.0,0.00302113,0.0,0.003021
candidates_i/n3154,candidates_i/U3714/Y,NAND2X1,AOI22X1/D,1,0.00290653,0.00290653,0.00282572,0.00282572,0.00290653,0.0,0.00290653,0.0,0.002907
candidates_i/n3155,candidates_i/U3713/Y,NAND2X1,AOI22X1/C,1,0.00287763,0.00287763,0.00266968,0.00266968,0.00287763,0.0,0.00287763,0.0,0.002878
candidates_i/n3156,candidates_i/U3712/Y,NAND2X1,AOI22X1/B,1,0.00276444,0.00276444,0.00272615,0.00272615,0.00276444,0.0,0.00276444,0.0,0.002764
candidates_i/n3157,candidates_i/U3711/Y,NAND2X1,AOI22X1/A,1,0.00281659,0.00281659,0.00265821,0.00265821,0.00281659,0.0,0.00281659,0.0,0.002817
candidates_i/n3158,candidates_i/U3715/Y,AOI22X1,NAND3X1/C,1,0.00296109,0.00296109,0.0028316,0.0028316,0.00296109,0.0,0.00296109,0.0,0.002961
candidates_i/n3167,candidates_i/U3716/Y,NAND3X1,NOR3X1/A,1,0.00302113,0.00302113,0.00301081,0.00301081,0.00302113,0.0,0.00302113,0.0,0.003021
candidates_i/n3172,candidates_i/U3727/Y,NAND2X1,AOI22X1/D,1,0.00290653,0.00290653,0.00282572,0.00282572,0.00290653,0.0,0.00290653,0.0,0.002907
candidates_i/n3173,candidates_i/U3726/Y,NAND2X1,AOI22X1/C,1,0.00287763,0.00287763,0.00266968,0.00266968,0.00287763,0.0,0.00287763,0.0,0.002878
candidates_i/n3174,candidates_i/U3725/Y,NAND2X1,AOI22X1/B,1,0.00276444,0.00276444,0.00272615,0.00272615,0.00276444,0.0,0.00276444,0.0,0.002764
candidates_i/n3175,candidates_i/U3724/Y,NAND2X1,AOI22X1/A,1,0.00281659,0.00281659,0.00265821,0.00265821,0.00281659,0.0,0.00281659,0.0,0.002817
candidates_i/n3176,candidates_i/U3728/Y,AOI22X1,NAND3X1/C,1,0.00296109,0.00296109,0.0028316,0.0028316,0.00296109,0.0,0.00296109,0.0,0.002961
candidates_i/n3185,candidates_i/U3729/Y,NAND3X1,NOR3X1/A,1,0.00302113,0.00302113,0.00301081,0.00301081,0.00302113,0.0,0.00302113,0.0,0.003021
candidates_i/n3327,candidates_i/U3736/Y,AOI22X1,NAND2X1/B,1,0.00202749,0.00202749,0.00194421,0.00194421,0.00202749,0.0,0.00202749,0.0,0.002027
candidates_i/n3328,candidates_i/U3735/Y,AOI22X1,NAND2X1/A,1,0.00211057,0.00211057,0.00188435,0.00188435,0.00211057,0.0,0.00211057,0.0,0.002111
candidates_i/n3329,candidates_i/U3739/Y,AOI22X1,BUFX2/A,1,0.00153896,0.00153896,0.00150415,0.00150415,0.00153896,0.0,0.00153896,0.0,0.001539
candidates_i/n3330,candidates_i/U3738/Y,AOI22X1,BUFX2/A,1,0.00153896,0.00153896,0.00150415,0.00150415,0.00153896,0.0,0.00153896,0.0,0.001539
candidates_i/n3331,candidates_i/U3741/Y,AOI22X1,BUFX2/A,1,0.00153896,0.00153896,0.00150415,0.00150415,0.00153896,0.0,0.00153896,0.0,0.001539
candidates_i/n3332,candidates_i/U3740/Y,AOI22X1,BUFX2/A,1,0.00153896,0.00153896,0.00150415,0.00150415,0.00153896,0.0,0.00153896,0.0,0.001539
candidates_i/n3335,candidates_i/U3743/Y,AOI22X1,BUFX2/A,1,0.00153896,0.00153896,0.00150415,0.00150415,0.00153896,0.0,0.00153896,0.0,0.001539
candidates_i/n3336,candidates_i/U3742/Y,AOI22X1,BUFX2/A,1,0.00153896,0.00153896,0.00150415,0.00150415,0.00153896,0.0,0.00153896,0.0,0.001539
candidates_i/n3337,candidates_i/U3745/Y,AOI22X1,BUFX2/A,1,0.00153896,0.00153896,0.00150415,0.00150415,0.00153896,0.0,0.00153896,0.0,0.001539
candidates_i/n3338,candidates_i/U3744/Y,AOI22X1,BUFX2/A,1,0.00153896,0.00153896,0.00150415,0.00150415,0.00153896,0.0,0.00153896,0.0,0.001539
candidates_i/n3339,candidates_i/U3747/Y,AOI22X1,BUFX2/A,1,0.00153896,0.00153896,0.00150415,0.00150415,0.00153896,0.0,0.00153896,0.0,0.001539
candidates_i/n3340,candidates_i/U3746/Y,AOI22X1,BUFX2/A,1,0.00153896,0.00153896,0.00150415,0.00150415,0.00153896,0.0,0.00153896,0.0,0.001539
candidates_i/n3341,candidates_i/U3749/Y,AOI22X1,BUFX2/A,1,0.00153896,0.00153896,0.00150415,0.00150415,0.00153896,0.0,0.00153896,0.0,0.001539
candidates_i/n3342,candidates_i/U3748/Y,AOI22X1,BUFX2/A,1,0.00153896,0.00153896,0.00150415,0.00150415,0.00153896,0.0,0.00153896,0.0,0.001539
candidates_i/n3343,candidates_i/U3751/Y,AOI22X1,BUFX2/A,1,0.00153896,0.00153896,0.00150415,0.00150415,0.00153896,0.0,0.00153896,0.0,0.001539
candidates_i/n3344,candidates_i/U3750/Y,AOI22X1,BUFX2/A,1,0.00153896,0.00153896,0.00150415,0.00150415,0.00153896,0.0,0.00153896,0.0,0.001539
candidates_i/n3345,candidates_i/U3753/Y,AOI22X1,BUFX2/A,1,0.00153896,0.00153896,0.00150415,0.00150415,0.00153896,0.0,0.00153896,0.0,0.001539
candidates_i/n3346,candidates_i/U3752/Y,AOI22X1,BUFX2/A,1,0.00153896,0.00153896,0.00150415,0.00150415,0.00153896,0.0,0.00153896,0.0,0.001539
candidates_i/n3347,candidates_i/U3755/Y,AOI22X1,AND2X2/B,1,0.00186944,0.00186944,0.00182011,0.00182011,0.00186944,0.0,0.00186944,0.0,0.001869
candidates_i/n3348,candidates_i/U3754/Y,AOI22X1,AND2X2/A,1,0.00179784,0.00179784,0.00176278,0.00176278,0.00179784,0.0,0.00179784,0.0,0.001798
candidates_i/n3349,candidates_i/U3757/Y,AOI22X1,AND2X2/B,1,0.00186944,0.00186944,0.00182011,0.00182011,0.00186944,0.0,0.00186944,0.0,0.001869
candidates_i/n3350,candidates_i/U3756/Y,AOI22X1,AND2X2/A,1,0.00179784,0.00179784,0.00176278,0.00176278,0.00179784,0.0,0.00179784,0.0,0.001798
candidates_i/n3355,candidates_i/U3759/Y,AOI22X1,BUFX2/A,1,0.00153896,0.00153896,0.00150415,0.00150415,0.00153896,0.0,0.00153896,0.0,0.001539
candidates_i/n3356,candidates_i/U3758/Y,AOI22X1,BUFX2/A,1,0.00153896,0.00153896,0.00150415,0.00150415,0.00153896,0.0,0.00153896,0.0,0.001539
candidates_i/n3357,candidates_i/U3761/Y,AOI22X1,NAND2X1/B,1,0.00202749,0.00202749,0.00194421,0.00194421,0.00202749,0.0,0.00202749,0.0,0.002027
candidates_i/n3358,candidates_i/U3760/Y,AOI22X1,NAND2X1/A,1,0.00211057,0.00211057,0.00188435,0.00188435,0.00211057,0.0,0.00211057,0.0,0.002111
candidates_i/n3359,candidates_i/U3764/Y,AOI22X1,BUFX2/A,1,0.00153896,0.00153896,0.00150415,0.00150415,0.00153896,0.0,0.00153896,0.0,0.001539
candidates_i/n3360,candidates_i/U3763/Y,AOI22X1,BUFX2/A,1,0.00153896,0.00153896,0.00150415,0.00150415,0.00153896,0.0,0.00153896,0.0,0.001539
candidates_i/n3361,candidates_i/U3766/Y,AOI22X1,BUFX2/A,1,0.00153896,0.00153896,0.00150415,0.00150415,0.00153896,0.0,0.00153896,0.0,0.001539
candidates_i/n3362,candidates_i/U3765/Y,AOI22X1,BUFX2/A,1,0.00153896,0.00153896,0.00150415,0.00150415,0.00153896,0.0,0.00153896,0.0,0.001539
candidates_i/n3365,candidates_i/U3768/Y,AOI22X1,BUFX2/A,1,0.00153896,0.00153896,0.00150415,0.00150415,0.00153896,0.0,0.00153896,0.0,0.001539
candidates_i/n3366,candidates_i/U3767/Y,AOI22X1,BUFX2/A,1,0.00153896,0.00153896,0.00150415,0.00150415,0.00153896,0.0,0.00153896,0.0,0.001539
candidates_i/n3367,candidates_i/U3770/Y,AOI22X1,BUFX2/A,1,0.00153896,0.00153896,0.00150415,0.00150415,0.00153896,0.0,0.00153896,0.0,0.001539
candidates_i/n3368,candidates_i/U3769/Y,AOI22X1,BUFX2/A,1,0.00153896,0.00153896,0.00150415,0.00150415,0.00153896,0.0,0.00153896,0.0,0.001539
candidates_i/n3369,candidates_i/U3772/Y,AOI22X1,BUFX2/A,1,0.00153896,0.00153896,0.00150415,0.00150415,0.00153896,0.0,0.00153896,0.0,0.001539
candidates_i/n3370,candidates_i/U3771/Y,AOI22X1,BUFX2/A,1,0.00153896,0.00153896,0.00150415,0.00150415,0.00153896,0.0,0.00153896,0.0,0.001539
candidates_i/n3371,candidates_i/U3774/Y,AOI22X1,BUFX2/A,1,0.00153896,0.00153896,0.00150415,0.00150415,0.00153896,0.0,0.00153896,0.0,0.001539
candidates_i/n3372,candidates_i/U3773/Y,AOI22X1,BUFX2/A,1,0.00153896,0.00153896,0.00150415,0.00150415,0.00153896,0.0,0.00153896,0.0,0.001539
candidates_i/n3373,candidates_i/U3776/Y,AOI22X1,BUFX2/A,1,0.00153896,0.00153896,0.00150415,0.00150415,0.00153896,0.0,0.00153896,0.0,0.001539
candidates_i/n3374,candidates_i/U3775/Y,AOI22X1,BUFX2/A,1,0.00153896,0.00153896,0.00150415,0.00150415,0.00153896,0.0,0.00153896,0.0,0.001539
candidates_i/n3375,candidates_i/U3778/Y,AOI22X1,BUFX2/A,1,0.00153896,0.00153896,0.00150415,0.00150415,0.00153896,0.0,0.00153896,0.0,0.001539
candidates_i/n3376,candidates_i/U3777/Y,AOI22X1,BUFX2/A,1,0.00153896,0.00153896,0.00150415,0.00150415,0.00153896,0.0,0.00153896,0.0,0.001539
candidates_i/n3377,candidates_i/U3780/Y,AOI22X1,BUFX2/A,1,0.00153896,0.00153896,0.00150415,0.00150415,0.00153896,0.0,0.00153896,0.0,0.001539
candidates_i/n3378,candidates_i/U3779/Y,AOI22X1,BUFX2/A,1,0.00153896,0.00153896,0.00150415,0.00150415,0.00153896,0.0,0.00153896,0.0,0.001539
candidates_i/n3379,candidates_i/U3782/Y,AOI22X1,BUFX2/A,1,0.00153896,0.00153896,0.00150415,0.00150415,0.00153896,0.0,0.00153896,0.0,0.001539
candidates_i/n3380,candidates_i/U3781/Y,AOI22X1,BUFX2/A,1,0.00153896,0.00153896,0.00150415,0.00150415,0.00153896,0.0,0.00153896,0.0,0.001539
candidates_i/n3385,candidates_i/U3784/Y,AOI22X1,BUFX2/A,1,0.00153896,0.00153896,0.00150415,0.00150415,0.00153896,0.0,0.00153896,0.0,0.001539
candidates_i/n3386,candidates_i/U3783/Y,AOI22X1,BUFX2/A,1,0.00153896,0.00153896,0.00150415,0.00150415,0.00153896,0.0,0.00153896,0.0,0.001539
candidates_i/n3387,candidates_i/U3786/Y,AOI22X1,BUFX2/A,1,0.00153896,0.00153896,0.00150415,0.00150415,0.00153896,0.0,0.00153896,0.0,0.001539
candidates_i/n3388,candidates_i/U3785/Y,AOI22X1,BUFX2/A,1,0.00153896,0.00153896,0.00150415,0.00150415,0.00153896,0.0,0.00153896,0.0,0.001539
candidates_i/n3389,candidates_i/U3788/Y,AOI22X1,NAND2X1/B,1,0.00202749,0.00202749,0.00194421,0.00194421,0.00202749,0.0,0.00202749,0.0,0.002027
candidates_i/n3390,candidates_i/U3787/Y,AOI22X1,NAND2X1/A,1,0.00211057,0.00211057,0.00188435,0.00188435,0.00211057,0.0,0.00211057,0.0,0.002111
candidates_i/n3391,candidates_i/U3791/Y,AOI22X1,BUFX2/A,1,0.00153896,0.00153896,0.00150415,0.00150415,0.00153896,0.0,0.00153896,0.0,0.001539
candidates_i/n3392,candidates_i/U3790/Y,AOI22X1,BUFX2/A,1,0.00153896,0.00153896,0.00150415,0.00150415,0.00153896,0.0,0.00153896,0.0,0.001539
candidates_i/n3395,candidates_i/U3793/Y,AOI22X1,BUFX2/A,1,0.00153896,0.00153896,0.00150415,0.00150415,0.00153896,0.0,0.00153896,0.0,0.001539
candidates_i/n3396,candidates_i/U3792/Y,AOI22X1,BUFX2/A,1,0.00153896,0.00153896,0.00150415,0.00150415,0.00153896,0.0,0.00153896,0.0,0.001539
candidates_i/n3397,candidates_i/U3795/Y,AOI22X1,BUFX2/A,1,0.00153896,0.00153896,0.00150415,0.00150415,0.00153896,0.0,0.00153896,0.0,0.001539
candidates_i/n3398,candidates_i/U3794/Y,AOI22X1,BUFX2/A,1,0.00153896,0.00153896,0.00150415,0.00150415,0.00153896,0.0,0.00153896,0.0,0.001539
candidates_i/n3399,candidates_i/U3797/Y,AOI22X1,BUFX2/A,1,0.00153896,0.00153896,0.00150415,0.00150415,0.00153896,0.0,0.00153896,0.0,0.001539
candidates_i/n3400,candidates_i/U3796/Y,AOI22X1,BUFX2/A,1,0.00153896,0.00153896,0.00150415,0.00150415,0.00153896,0.0,0.00153896,0.0,0.001539
candidates_i/n3401,candidates_i/U3799/Y,AOI22X1,BUFX2/A,1,0.00153896,0.00153896,0.00150415,0.00150415,0.00153896,0.0,0.00153896,0.0,0.001539
candidates_i/n3402,candidates_i/U3798/Y,AOI22X1,BUFX2/A,1,0.00153896,0.00153896,0.00150415,0.00150415,0.00153896,0.0,0.00153896,0.0,0.001539
candidates_i/n3403,candidates_i/U3801/Y,AOI22X1,BUFX2/A,1,0.00153896,0.00153896,0.00150415,0.00150415,0.00153896,0.0,0.00153896,0.0,0.001539
candidates_i/n3404,candidates_i/U3800/Y,AOI22X1,BUFX2/A,1,0.00153896,0.00153896,0.00150415,0.00150415,0.00153896,0.0,0.00153896,0.0,0.001539
candidates_i/n3405,candidates_i/U3803/Y,AOI22X1,BUFX2/A,1,0.00153896,0.00153896,0.00150415,0.00150415,0.00153896,0.0,0.00153896,0.0,0.001539
candidates_i/n3406,candidates_i/U3802/Y,AOI22X1,BUFX2/A,1,0.00153896,0.00153896,0.00150415,0.00150415,0.00153896,0.0,0.00153896,0.0,0.001539
candidates_i/n3407,candidates_i/U3805/Y,AOI22X1,BUFX2/A,1,0.00153896,0.00153896,0.00150415,0.00150415,0.00153896,0.0,0.00153896,0.0,0.001539
candidates_i/n3408,candidates_i/U3804/Y,AOI22X1,BUFX2/A,1,0.00153896,0.00153896,0.00150415,0.00150415,0.00153896,0.0,0.00153896,0.0,0.001539
candidates_i/n3409,candidates_i/U3807/Y,AOI22X1,BUFX2/A,1,0.00153896,0.00153896,0.00150415,0.00150415,0.00153896,0.0,0.00153896,0.0,0.001539
candidates_i/n3410,candidates_i/U3806/Y,AOI22X1,BUFX2/A,1,0.00153896,0.00153896,0.00150415,0.00150415,0.00153896,0.0,0.00153896,0.0,0.001539
candidates_i/n3415,candidates_i/U3809/Y,AOI22X1,BUFX2/A,1,0.00153896,0.00153896,0.00150415,0.00150415,0.00153896,0.0,0.00153896,0.0,0.001539
candidates_i/n3416,candidates_i/U3808/Y,AOI22X1,BUFX2/A,1,0.00153896,0.00153896,0.00150415,0.00150415,0.00153896,0.0,0.00153896,0.0,0.001539
candidates_i/n3417,candidates_i/U3811/Y,AOI22X1,NAND2X1/B,1,0.00202749,0.00202749,0.00194421,0.00194421,0.00202749,0.0,0.00202749,0.0,0.002027
candidates_i/n3418,candidates_i/U3810/Y,AOI22X1,NAND2X1/A,1,0.00211057,0.00211057,0.00188435,0.00188435,0.00211057,0.0,0.00211057,0.0,0.002111
candidates_i/n3419,candidates_i/U3814/Y,AOI22X1,NAND2X1/B,1,0.00202749,0.00202749,0.00194421,0.00194421,0.00202749,0.0,0.00202749,0.0,0.002027
candidates_i/n3420,candidates_i/U3813/Y,AOI22X1,NAND2X1/A,1,0.00211057,0.00211057,0.00188435,0.00188435,0.00211057,0.0,0.00211057,0.0,0.002111
candidates_i/n3421,candidates_i/U3817/Y,AOI22X1,BUFX2/A,1,0.00153896,0.00153896,0.00150415,0.00150415,0.00153896,0.0,0.00153896,0.0,0.001539
candidates_i/n3422,candidates_i/U3816/Y,AOI22X1,BUFX2/A,1,0.00153896,0.00153896,0.00150415,0.00150415,0.00153896,0.0,0.00153896,0.0,0.001539
candidates_i/n3425,candidates_i/U3819/Y,AOI22X1,BUFX2/A,1,0.00153896,0.00153896,0.00150415,0.00150415,0.00153896,0.0,0.00153896,0.0,0.001539
candidates_i/n3426,candidates_i/U3818/Y,AOI22X1,BUFX2/A,1,0.00153896,0.00153896,0.00150415,0.00150415,0.00153896,0.0,0.00153896,0.0,0.001539
candidates_i/n3427,candidates_i/U3821/Y,AOI22X1,BUFX2/A,1,0.00153896,0.00153896,0.00150415,0.00150415,0.00153896,0.0,0.00153896,0.0,0.001539
candidates_i/n3428,candidates_i/U3820/Y,AOI22X1,BUFX2/A,1,0.00153896,0.00153896,0.00150415,0.00150415,0.00153896,0.0,0.00153896,0.0,0.001539
candidates_i/n3429,candidates_i/U3823/Y,AOI22X1,BUFX2/A,1,0.00153896,0.00153896,0.00150415,0.00150415,0.00153896,0.0,0.00153896,0.0,0.001539
candidates_i/n3430,candidates_i/U3822/Y,AOI22X1,BUFX2/A,1,0.00153896,0.00153896,0.00150415,0.00150415,0.00153896,0.0,0.00153896,0.0,0.001539
candidates_i/n3431,candidates_i/U3825/Y,AOI22X1,BUFX2/A,1,0.00153896,0.00153896,0.00150415,0.00150415,0.00153896,0.0,0.00153896,0.0,0.001539
candidates_i/n3432,candidates_i/U3824/Y,AOI22X1,BUFX2/A,1,0.00153896,0.00153896,0.00150415,0.00150415,0.00153896,0.0,0.00153896,0.0,0.001539
candidates_i/n3433,candidates_i/U3827/Y,AOI22X1,BUFX2/A,1,0.00153896,0.00153896,0.00150415,0.00150415,0.00153896,0.0,0.00153896,0.0,0.001539
candidates_i/n3434,candidates_i/U3826/Y,AOI22X1,BUFX2/A,1,0.00153896,0.00153896,0.00150415,0.00150415,0.00153896,0.0,0.00153896,0.0,0.001539
candidates_i/n3435,candidates_i/U3829/Y,AOI22X1,BUFX2/A,1,0.00153896,0.00153896,0.00150415,0.00150415,0.00153896,0.0,0.00153896,0.0,0.001539
candidates_i/n3436,candidates_i/U3828/Y,AOI22X1,BUFX2/A,1,0.00153896,0.00153896,0.00150415,0.00150415,0.00153896,0.0,0.00153896,0.0,0.001539
candidates_i/n3437,candidates_i/U3831/Y,AOI22X1,BUFX2/A,1,0.00153896,0.00153896,0.00150415,0.00150415,0.00153896,0.0,0.00153896,0.0,0.001539
candidates_i/n3438,candidates_i/U3830/Y,AOI22X1,BUFX2/A,1,0.00153896,0.00153896,0.00150415,0.00150415,0.00153896,0.0,0.00153896,0.0,0.001539
candidates_i/n3439,candidates_i/U3833/Y,AOI22X1,BUFX2/A,1,0.00153896,0.00153896,0.00150415,0.00150415,0.00153896,0.0,0.00153896,0.0,0.001539
candidates_i/n3440,candidates_i/U3832/Y,AOI22X1,BUFX2/A,1,0.00153896,0.00153896,0.00150415,0.00150415,0.00153896,0.0,0.00153896,0.0,0.001539
candidates_i/n3445,candidates_i/U3835/Y,AOI22X1,BUFX2/A,1,0.00153896,0.00153896,0.00150415,0.00150415,0.00153896,0.0,0.00153896,0.0,0.001539
candidates_i/n3446,candidates_i/U3834/Y,AOI22X1,BUFX2/A,1,0.00153896,0.00153896,0.00150415,0.00150415,0.00153896,0.0,0.00153896,0.0,0.001539
candidates_i/n3447,candidates_i/U3837/Y,AOI22X1,BUFX2/A,1,0.00153896,0.00153896,0.00150415,0.00150415,0.00153896,0.0,0.00153896,0.0,0.001539
candidates_i/n3448,candidates_i/U3836/Y,AOI22X1,BUFX2/A,1,0.00153896,0.00153896,0.00150415,0.00150415,0.00153896,0.0,0.00153896,0.0,0.001539
candidates_i/n3449,candidates_i/U3839/Y,AOI22X1,BUFX2/A,1,0.00153896,0.00153896,0.00150415,0.00150415,0.00153896,0.0,0.00153896,0.0,0.001539
candidates_i/n3450,candidates_i/U3838/Y,AOI22X1,BUFX2/A,1,0.00153896,0.00153896,0.00150415,0.00150415,0.00153896,0.0,0.00153896,0.0,0.001539
candidates_i/n3451,candidates_i/U3841/Y,AOI22X1,NAND2X1/B,1,0.00202749,0.00202749,0.00194421,0.00194421,0.00202749,0.0,0.00202749,0.0,0.002027
candidates_i/n3452,candidates_i/U3840/Y,AOI22X1,NAND2X1/A,1,0.00211057,0.00211057,0.00188435,0.00188435,0.00211057,0.0,0.00211057,0.0,0.002111
candidates_i/n3455,candidates_i/U3844/Y,AOI22X1,BUFX2/A,1,0.00153896,0.00153896,0.00150415,0.00150415,0.00153896,0.0,0.00153896,0.0,0.001539
candidates_i/n3456,candidates_i/U3843/Y,AOI22X1,BUFX2/A,1,0.00153896,0.00153896,0.00150415,0.00150415,0.00153896,0.0,0.00153896,0.0,0.001539
candidates_i/n3457,candidates_i/U3846/Y,AOI22X1,BUFX2/A,1,0.00153896,0.00153896,0.00150415,0.00150415,0.00153896,0.0,0.00153896,0.0,0.001539
candidates_i/n3458,candidates_i/U3845/Y,AOI22X1,BUFX2/A,1,0.00153896,0.00153896,0.00150415,0.00150415,0.00153896,0.0,0.00153896,0.0,0.001539
candidates_i/n3459,candidates_i/U3848/Y,AOI22X1,BUFX2/A,1,0.00153896,0.00153896,0.00150415,0.00150415,0.00153896,0.0,0.00153896,0.0,0.001539
candidates_i/n3460,candidates_i/U3847/Y,AOI22X1,BUFX2/A,1,0.00153896,0.00153896,0.00150415,0.00150415,0.00153896,0.0,0.00153896,0.0,0.001539
candidates_i/n3461,candidates_i/U3850/Y,AOI22X1,BUFX2/A,1,0.00153896,0.00153896,0.00150415,0.00150415,0.00153896,0.0,0.00153896,0.0,0.001539
candidates_i/n3462,candidates_i/U3849/Y,AOI22X1,BUFX2/A,1,0.00153896,0.00153896,0.00150415,0.00150415,0.00153896,0.0,0.00153896,0.0,0.001539
candidates_i/n3463,candidates_i/U3852/Y,AOI22X1,BUFX2/A,1,0.00153896,0.00153896,0.00150415,0.00150415,0.00153896,0.0,0.00153896,0.0,0.001539
candidates_i/n3464,candidates_i/U3851/Y,AOI22X1,BUFX2/A,1,0.00153896,0.00153896,0.00150415,0.00150415,0.00153896,0.0,0.00153896,0.0,0.001539
candidates_i/n3465,candidates_i/U3854/Y,AOI22X1,BUFX2/A,1,0.00153896,0.00153896,0.00150415,0.00150415,0.00153896,0.0,0.00153896,0.0,0.001539
candidates_i/n3466,candidates_i/U3853/Y,AOI22X1,BUFX2/A,1,0.00153896,0.00153896,0.00150415,0.00150415,0.00153896,0.0,0.00153896,0.0,0.001539
candidates_i/n3467,candidates_i/U3856/Y,AOI22X1,BUFX2/A,1,0.00153896,0.00153896,0.00150415,0.00150415,0.00153896,0.0,0.00153896,0.0,0.001539
candidates_i/n3468,candidates_i/U3855/Y,AOI22X1,BUFX2/A,1,0.00153896,0.00153896,0.00150415,0.00150415,0.00153896,0.0,0.00153896,0.0,0.001539
candidates_i/n3469,candidates_i/U3858/Y,AOI22X1,BUFX2/A,1,0.00153896,0.00153896,0.00150415,0.00150415,0.00153896,0.0,0.00153896,0.0,0.001539
candidates_i/n3470,candidates_i/U3857/Y,AOI22X1,BUFX2/A,1,0.00153896,0.00153896,0.00150415,0.00150415,0.00153896,0.0,0.00153896,0.0,0.001539
candidates_i/n3475,candidates_i/U3860/Y,AOI22X1,BUFX2/A,1,0.00153896,0.00153896,0.00150415,0.00150415,0.00153896,0.0,0.00153896,0.0,0.001539
candidates_i/n3476,candidates_i/U3859/Y,AOI22X1,BUFX2/A,1,0.00153896,0.00153896,0.00150415,0.00150415,0.00153896,0.0,0.00153896,0.0,0.001539
candidates_i/n3477,candidates_i/U3862/Y,AOI22X1,NAND2X1/B,1,0.00202749,0.00202749,0.00194421,0.00194421,0.00202749,0.0,0.00202749,0.0,0.002027
candidates_i/n3478,candidates_i/U3861/Y,AOI22X1,NAND2X1/A,1,0.00211057,0.00211057,0.00188435,0.00188435,0.00211057,0.0,0.00211057,0.0,0.002111
candidates_i/n3479,candidates_i/U3865/Y,AOI22X1,BUFX2/A,1,0.00153896,0.00153896,0.00150415,0.00150415,0.00153896,0.0,0.00153896,0.0,0.001539
candidates_i/n3480,candidates_i/U3864/Y,AOI22X1,BUFX2/A,1,0.00153896,0.00153896,0.00150415,0.00150415,0.00153896,0.0,0.00153896,0.0,0.001539
candidates_i/n3481,candidates_i/U3867/Y,AOI22X1,NAND2X1/B,1,0.00202749,0.00202749,0.00194421,0.00194421,0.00202749,0.0,0.00202749,0.0,0.002027
candidates_i/n3482,candidates_i/U3866/Y,AOI22X1,NAND2X1/A,1,0.00211057,0.00211057,0.00188435,0.00188435,0.00211057,0.0,0.00211057,0.0,0.002111
candidates_i/n3485,candidates_i/U3870/Y,AOI22X1,BUFX2/A,1,0.00153896,0.00153896,0.00150415,0.00150415,0.00153896,0.0,0.00153896,0.0,0.001539
candidates_i/n3486,candidates_i/U3869/Y,AOI22X1,BUFX2/A,1,0.00153896,0.00153896,0.00150415,0.00150415,0.00153896,0.0,0.00153896,0.0,0.001539
candidates_i/n3487,candidates_i/U3872/Y,AOI22X1,BUFX2/A,1,0.00153896,0.00153896,0.00150415,0.00150415,0.00153896,0.0,0.00153896,0.0,0.001539
candidates_i/n3488,candidates_i/U3871/Y,AOI22X1,BUFX2/A,1,0.00153896,0.00153896,0.00150415,0.00150415,0.00153896,0.0,0.00153896,0.0,0.001539
candidates_i/n3489,candidates_i/U3874/Y,AOI22X1,BUFX2/A,1,0.00153896,0.00153896,0.00150415,0.00150415,0.00153896,0.0,0.00153896,0.0,0.001539
candidates_i/n3490,candidates_i/U3873/Y,AOI22X1,BUFX2/A,1,0.00153896,0.00153896,0.00150415,0.00150415,0.00153896,0.0,0.00153896,0.0,0.001539
candidates_i/n3491,candidates_i/U3876/Y,AOI22X1,BUFX2/A,1,0.00153896,0.00153896,0.00150415,0.00150415,0.00153896,0.0,0.00153896,0.0,0.001539
candidates_i/n3492,candidates_i/U3875/Y,AOI22X1,BUFX2/A,1,0.00153896,0.00153896,0.00150415,0.00150415,0.00153896,0.0,0.00153896,0.0,0.001539
candidates_i/n3493,candidates_i/U3878/Y,AOI22X1,BUFX2/A,1,0.00153896,0.00153896,0.00150415,0.00150415,0.00153896,0.0,0.00153896,0.0,0.001539
candidates_i/n3494,candidates_i/U3877/Y,AOI22X1,BUFX2/A,1,0.00153896,0.00153896,0.00150415,0.00150415,0.00153896,0.0,0.00153896,0.0,0.001539
candidates_i/n3495,candidates_i/U3880/Y,AOI22X1,BUFX2/A,1,0.00153896,0.00153896,0.00150415,0.00150415,0.00153896,0.0,0.00153896,0.0,0.001539
candidates_i/n3496,candidates_i/U3879/Y,AOI22X1,BUFX2/A,1,0.00153896,0.00153896,0.00150415,0.00150415,0.00153896,0.0,0.00153896,0.0,0.001539
candidates_i/n3497,candidates_i/U3882/Y,AOI22X1,BUFX2/A,1,0.00153896,0.00153896,0.00150415,0.00150415,0.00153896,0.0,0.00153896,0.0,0.001539
candidates_i/n3498,candidates_i/U3881/Y,AOI22X1,BUFX2/A,1,0.00153896,0.00153896,0.00150415,0.00150415,0.00153896,0.0,0.00153896,0.0,0.001539
candidates_i/n3499,candidates_i/U3884/Y,AOI22X1,BUFX2/A,1,0.00153896,0.00153896,0.00150415,0.00150415,0.00153896,0.0,0.00153896,0.0,0.001539
candidates_i/n3500,candidates_i/U3883/Y,AOI22X1,BUFX2/A,1,0.00153896,0.00153896,0.00150415,0.00150415,0.00153896,0.0,0.00153896,0.0,0.001539
candidates_i/n3505,candidates_i/U3886/Y,AOI22X1,BUFX2/A,1,0.00153896,0.00153896,0.00150415,0.00150415,0.00153896,0.0,0.00153896,0.0,0.001539
candidates_i/n3506,candidates_i/U3885/Y,AOI22X1,BUFX2/A,1,0.00153896,0.00153896,0.00150415,0.00150415,0.00153896,0.0,0.00153896,0.0,0.001539
candidates_i/n3507,candidates_i/U3888/Y,AOI22X1,BUFX2/A,1,0.00153896,0.00153896,0.00150415,0.00150415,0.00153896,0.0,0.00153896,0.0,0.001539
candidates_i/n3508,candidates_i/U3887/Y,AOI22X1,BUFX2/A,1,0.00153896,0.00153896,0.00150415,0.00150415,0.00153896,0.0,0.00153896,0.0,0.001539
candidates_i/n3509,candidates_i/U3890/Y,AOI22X1,NAND2X1/B,1,0.00202749,0.00202749,0.00194421,0.00194421,0.00202749,0.0,0.00202749,0.0,0.002027
candidates_i/n3510,candidates_i/U3889/Y,AOI22X1,NAND2X1/A,1,0.00211057,0.00211057,0.00188435,0.00188435,0.00211057,0.0,0.00211057,0.0,0.002111
candidates_i/n3511,candidates_i/U3893/Y,AOI22X1,NAND2X1/B,1,0.00202749,0.00202749,0.00194421,0.00194421,0.00202749,0.0,0.00202749,0.0,0.002027
candidates_i/n3512,candidates_i/U3892/Y,AOI22X1,NAND2X1/A,1,0.00211057,0.00211057,0.00188435,0.00188435,0.00211057,0.0,0.00211057,0.0,0.002111
candidates_i/n3515,candidates_i/U3896/Y,AOI22X1,BUFX2/A,1,0.00153896,0.00153896,0.00150415,0.00150415,0.00153896,0.0,0.00153896,0.0,0.001539
candidates_i/n3516,candidates_i/U3895/Y,AOI22X1,BUFX2/A,1,0.00153896,0.00153896,0.00150415,0.00150415,0.00153896,0.0,0.00153896,0.0,0.001539
candidates_i/n3517,candidates_i/U3898/Y,AOI22X1,BUFX2/A,1,0.00153896,0.00153896,0.00150415,0.00150415,0.00153896,0.0,0.00153896,0.0,0.001539
candidates_i/n3518,candidates_i/U3897/Y,AOI22X1,BUFX2/A,1,0.00153896,0.00153896,0.00150415,0.00150415,0.00153896,0.0,0.00153896,0.0,0.001539
candidates_i/n3519,candidates_i/U3900/Y,AOI22X1,BUFX2/A,1,0.00153896,0.00153896,0.00150415,0.00150415,0.00153896,0.0,0.00153896,0.0,0.001539
candidates_i/n3520,candidates_i/U3899/Y,AOI22X1,BUFX2/A,1,0.00153896,0.00153896,0.00150415,0.00150415,0.00153896,0.0,0.00153896,0.0,0.001539
candidates_i/n3521,candidates_i/U3902/Y,AOI22X1,BUFX2/A,1,0.00153896,0.00153896,0.00150415,0.00150415,0.00153896,0.0,0.00153896,0.0,0.001539
candidates_i/n3522,candidates_i/U3901/Y,AOI22X1,BUFX2/A,1,0.00153896,0.00153896,0.00150415,0.00150415,0.00153896,0.0,0.00153896,0.0,0.001539
candidates_i/n3523,candidates_i/U3904/Y,AOI22X1,AND2X2/B,1,0.00186944,0.00186944,0.00182011,0.00182011,0.00186944,0.0,0.00186944,0.0,0.001869
candidates_i/n3524,candidates_i/U3903/Y,AOI22X1,AND2X2/A,1,0.00179784,0.00179784,0.00176278,0.00176278,0.00179784,0.0,0.00179784,0.0,0.001798
candidates_i/n3525,candidates_i/U3906/Y,AOI22X1,BUFX2/A,1,0.00153896,0.00153896,0.00150415,0.00150415,0.00153896,0.0,0.00153896,0.0,0.001539
candidates_i/n3526,candidates_i/U3905/Y,AOI22X1,BUFX2/A,1,0.00153896,0.00153896,0.00150415,0.00150415,0.00153896,0.0,0.00153896,0.0,0.001539
candidates_i/n3527,candidates_i/U3908/Y,AOI22X1,BUFX2/A,1,0.00153896,0.00153896,0.00150415,0.00150415,0.00153896,0.0,0.00153896,0.0,0.001539
candidates_i/n3528,candidates_i/U3907/Y,AOI22X1,BUFX2/A,1,0.00153896,0.00153896,0.00150415,0.00150415,0.00153896,0.0,0.00153896,0.0,0.001539
candidates_i/n3529,candidates_i/U3910/Y,AOI22X1,AND2X2/B,1,0.00186944,0.00186944,0.00182011,0.00182011,0.00186944,0.0,0.00186944,0.0,0.001869
candidates_i/n3530,candidates_i/U3909/Y,AOI22X1,AND2X2/A,1,0.00179784,0.00179784,0.00176278,0.00176278,0.00179784,0.0,0.00179784,0.0,0.001798
candidates_i/n3535,candidates_i/U3912/Y,AOI22X1,BUFX2/A,1,0.00153896,0.00153896,0.00150415,0.00150415,0.00153896,0.0,0.00153896,0.0,0.001539
candidates_i/n3536,candidates_i/U3911/Y,AOI22X1,BUFX2/A,1,0.00153896,0.00153896,0.00150415,0.00150415,0.00153896,0.0,0.00153896,0.0,0.001539
candidates_i/n3537,candidates_i/U3914/Y,AOI22X1,NAND2X1/B,1,0.00202749,0.00202749,0.00194421,0.00194421,0.00202749,0.0,0.00202749,0.0,0.002027
candidates_i/n3538,candidates_i/U3913/Y,AOI22X1,NAND2X1/A,1,0.00211057,0.00211057,0.00188435,0.00188435,0.00211057,0.0,0.00211057,0.0,0.002111
candidates_i/n3539,candidates_i/U3917/Y,AOI22X1,BUFX2/A,1,0.00153896,0.00153896,0.00150415,0.00150415,0.00153896,0.0,0.00153896,0.0,0.001539
candidates_i/n3540,candidates_i/U3916/Y,AOI22X1,BUFX2/A,1,0.00153896,0.00153896,0.00150415,0.00150415,0.00153896,0.0,0.00153896,0.0,0.001539
candidates_i/n3541,candidates_i/U3919/Y,AOI22X1,BUFX2/A,1,0.00153896,0.00153896,0.00150415,0.00150415,0.00153896,0.0,0.00153896,0.0,0.001539
candidates_i/n3542,candidates_i/U3918/Y,AOI22X1,BUFX2/A,1,0.00153896,0.00153896,0.00150415,0.00150415,0.00153896,0.0,0.00153896,0.0,0.001539
candidates_i/n3545,candidates_i/U3921/Y,AOI22X1,BUFX2/A,1,0.00153896,0.00153896,0.00150415,0.00150415,0.00153896,0.0,0.00153896,0.0,0.001539
candidates_i/n3546,candidates_i/U3920/Y,AOI22X1,BUFX2/A,1,0.00153896,0.00153896,0.00150415,0.00150415,0.00153896,0.0,0.00153896,0.0,0.001539
candidates_i/n3547,candidates_i/U3923/Y,AOI22X1,BUFX2/A,1,0.00153896,0.00153896,0.00150415,0.00150415,0.00153896,0.0,0.00153896,0.0,0.001539
candidates_i/n3548,candidates_i/U3922/Y,AOI22X1,BUFX2/A,1,0.00153896,0.00153896,0.00150415,0.00150415,0.00153896,0.0,0.00153896,0.0,0.001539
candidates_i/n3549,candidates_i/U3925/Y,AOI22X1,BUFX2/A,1,0.00153896,0.00153896,0.00150415,0.00150415,0.00153896,0.0,0.00153896,0.0,0.001539
candidates_i/n3550,candidates_i/U3924/Y,AOI22X1,BUFX2/A,1,0.00153896,0.00153896,0.00150415,0.00150415,0.00153896,0.0,0.00153896,0.0,0.001539
candidates_i/n3551,candidates_i/U3927/Y,AOI22X1,BUFX2/A,1,0.00153896,0.00153896,0.00150415,0.00150415,0.00153896,0.0,0.00153896,0.0,0.001539
candidates_i/n3552,candidates_i/U3926/Y,AOI22X1,BUFX2/A,1,0.00153896,0.00153896,0.00150415,0.00150415,0.00153896,0.0,0.00153896,0.0,0.001539
candidates_i/n3553,candidates_i/U3929/Y,AOI22X1,BUFX2/A,1,0.00153896,0.00153896,0.00150415,0.00150415,0.00153896,0.0,0.00153896,0.0,0.001539
candidates_i/n3554,candidates_i/U3928/Y,AOI22X1,BUFX2/A,1,0.00153896,0.00153896,0.00150415,0.00150415,0.00153896,0.0,0.00153896,0.0,0.001539
candidates_i/n3555,candidates_i/U3931/Y,AOI22X1,BUFX2/A,1,0.00153896,0.00153896,0.00150415,0.00150415,0.00153896,0.0,0.00153896,0.0,0.001539
candidates_i/n3556,candidates_i/U3930/Y,AOI22X1,BUFX2/A,1,0.00153896,0.00153896,0.00150415,0.00150415,0.00153896,0.0,0.00153896,0.0,0.001539
candidates_i/n3557,candidates_i/U3933/Y,AOI22X1,BUFX2/A,1,0.00153896,0.00153896,0.00150415,0.00150415,0.00153896,0.0,0.00153896,0.0,0.001539
candidates_i/n3558,candidates_i/U3932/Y,AOI22X1,BUFX2/A,1,0.00153896,0.00153896,0.00150415,0.00150415,0.00153896,0.0,0.00153896,0.0,0.001539
candidates_i/n3559,candidates_i/U3935/Y,AOI22X1,BUFX2/A,1,0.00153896,0.00153896,0.00150415,0.00150415,0.00153896,0.0,0.00153896,0.0,0.001539
candidates_i/n3560,candidates_i/U3934/Y,AOI22X1,BUFX2/A,1,0.00153896,0.00153896,0.00150415,0.00150415,0.00153896,0.0,0.00153896,0.0,0.001539
candidates_i/n3565,candidates_i/U3937/Y,AOI22X1,BUFX2/A,1,0.00153896,0.00153896,0.00150415,0.00150415,0.00153896,0.0,0.00153896,0.0,0.001539
candidates_i/n3566,candidates_i/U3936/Y,AOI22X1,BUFX2/A,1,0.00153896,0.00153896,0.00150415,0.00150415,0.00153896,0.0,0.00153896,0.0,0.001539
candidates_i/n3567,candidates_i/U3939/Y,AOI22X1,BUFX2/A,1,0.00153896,0.00153896,0.00150415,0.00150415,0.00153896,0.0,0.00153896,0.0,0.001539
candidates_i/n3568,candidates_i/U3938/Y,AOI22X1,BUFX2/A,1,0.00153896,0.00153896,0.00150415,0.00150415,0.00153896,0.0,0.00153896,0.0,0.001539
candidates_i/n3569,candidates_i/U3941/Y,AOI22X1,BUFX2/A,1,0.00153896,0.00153896,0.00150415,0.00150415,0.00153896,0.0,0.00153896,0.0,0.001539
candidates_i/n3570,candidates_i/U3940/Y,AOI22X1,BUFX2/A,1,0.00153896,0.00153896,0.00150415,0.00150415,0.00153896,0.0,0.00153896,0.0,0.001539
candidates_i/n3571,candidates_i/U3943/Y,AOI22X1,BUFX2/A,1,0.00153896,0.00153896,0.00150415,0.00150415,0.00153896,0.0,0.00153896,0.0,0.001539
candidates_i/n3572,candidates_i/U3942/Y,AOI22X1,BUFX2/A,1,0.00153896,0.00153896,0.00150415,0.00150415,0.00153896,0.0,0.00153896,0.0,0.001539
candidates_i/n3576,candidates_i/U3945/Y,AOI22X1,NAND2X1/B,1,0.00202749,0.00202749,0.00194421,0.00194421,0.00202749,0.0,0.00202749,0.0,0.002027
candidates_i/n3577,candidates_i/U3944/Y,AOI22X1,NAND2X1/A,1,0.00211057,0.00211057,0.00188435,0.00188435,0.00211057,0.0,0.00211057,0.0,0.002111
candidates_i/n3578,candidates_i/U3948/Y,AOI22X1,BUFX2/A,1,0.00153896,0.00153896,0.00150415,0.00150415,0.00153896,0.0,0.00153896,0.0,0.001539
candidates_i/n3579,candidates_i/U3947/Y,AOI22X1,BUFX2/A,1,0.00153896,0.00153896,0.00150415,0.00150415,0.00153896,0.0,0.00153896,0.0,0.001539
candidates_i/n3580,candidates_i/U3950/Y,AOI22X1,BUFX2/A,1,0.00153896,0.00153896,0.00150415,0.00150415,0.00153896,0.0,0.00153896,0.0,0.001539
candidates_i/n3581,candidates_i/U3949/Y,AOI22X1,BUFX2/A,1,0.00153896,0.00153896,0.00150415,0.00150415,0.00153896,0.0,0.00153896,0.0,0.001539
candidates_i/n3582,candidates_i/U3952/Y,AOI22X1,BUFX2/A,1,0.00153896,0.00153896,0.00150415,0.00150415,0.00153896,0.0,0.00153896,0.0,0.001539
candidates_i/n3583,candidates_i/U3951/Y,AOI22X1,BUFX2/A,1,0.00153896,0.00153896,0.00150415,0.00150415,0.00153896,0.0,0.00153896,0.0,0.001539
candidates_i/n3584,candidates_i/U3954/Y,AOI22X1,BUFX2/A,1,0.00153896,0.00153896,0.00150415,0.00150415,0.00153896,0.0,0.00153896,0.0,0.001539
candidates_i/n3585,candidates_i/U3953/Y,AOI22X1,BUFX2/A,1,0.00153896,0.00153896,0.00150415,0.00150415,0.00153896,0.0,0.00153896,0.0,0.001539
candidates_i/n3586,candidates_i/U3956/Y,AOI22X1,BUFX2/A,1,0.00153896,0.00153896,0.00150415,0.00150415,0.00153896,0.0,0.00153896,0.0,0.001539
candidates_i/n3587,candidates_i/U3955/Y,AOI22X1,BUFX2/A,1,0.00153896,0.00153896,0.00150415,0.00150415,0.00153896,0.0,0.00153896,0.0,0.001539
candidates_i/n3588,candidates_i/U3958/Y,AOI22X1,BUFX2/A,1,0.00153896,0.00153896,0.00150415,0.00150415,0.00153896,0.0,0.00153896,0.0,0.001539
candidates_i/n3589,candidates_i/U3957/Y,AOI22X1,BUFX2/A,1,0.00153896,0.00153896,0.00150415,0.00150415,0.00153896,0.0,0.00153896,0.0,0.001539
candidates_i/n3590,candidates_i/U3960/Y,AOI22X1,BUFX2/A,1,0.00153896,0.00153896,0.00150415,0.00150415,0.00153896,0.0,0.00153896,0.0,0.001539
candidates_i/n3591,candidates_i/U3959/Y,AOI22X1,BUFX2/A,1,0.00153896,0.00153896,0.00150415,0.00150415,0.00153896,0.0,0.00153896,0.0,0.001539
candidates_i/n3595,candidates_i/U3962/Y,AOI22X1,BUFX2/A,1,0.00153896,0.00153896,0.00150415,0.00150415,0.00153896,0.0,0.00153896,0.0,0.001539
candidates_i/n3596,candidates_i/U3961/Y,AOI22X1,BUFX2/A,1,0.00153896,0.00153896,0.00150415,0.00150415,0.00153896,0.0,0.00153896,0.0,0.001539
candidates_i/n3597,candidates_i/U3964/Y,AOI22X1,NAND2X1/B,1,0.00202749,0.00202749,0.00194421,0.00194421,0.00202749,0.0,0.00202749,0.0,0.002027
candidates_i/n3598,candidates_i/U3963/Y,AOI22X1,NAND2X1/A,1,0.00211057,0.00211057,0.00188435,0.00188435,0.00211057,0.0,0.00211057,0.0,0.002111
candidates_i/n3599,candidates_i/U3967/Y,AOI22X1,BUFX2/A,1,0.00153896,0.00153896,0.00150415,0.00150415,0.00153896,0.0,0.00153896,0.0,0.001539
candidates_i/n3600,candidates_i/U3966/Y,AOI22X1,BUFX2/A,1,0.00153896,0.00153896,0.00150415,0.00150415,0.00153896,0.0,0.00153896,0.0,0.001539
candidates_i/n3601,candidates_i/U3969/Y,AOI22X1,BUFX2/A,1,0.00153896,0.00153896,0.00150415,0.00150415,0.00153896,0.0,0.00153896,0.0,0.001539
candidates_i/n3602,candidates_i/U3968/Y,AOI22X1,BUFX2/A,1,0.00153896,0.00153896,0.00150415,0.00150415,0.00153896,0.0,0.00153896,0.0,0.001539
candidates_i/n3605,candidates_i/U3971/Y,AOI22X1,NAND2X1/B,1,0.00202749,0.00202749,0.00194421,0.00194421,0.00202749,0.0,0.00202749,0.0,0.002027
candidates_i/n3606,candidates_i/U3970/Y,AOI22X1,NAND2X1/A,1,0.00211057,0.00211057,0.00188435,0.00188435,0.00211057,0.0,0.00211057,0.0,0.002111
candidates_i/n3607,candidates_i/U3974/Y,AOI22X1,BUFX2/A,1,0.00153896,0.00153896,0.00150415,0.00150415,0.00153896,0.0,0.00153896,0.0,0.001539
candidates_i/n3608,candidates_i/U3973/Y,AOI22X1,BUFX2/A,1,0.00153896,0.00153896,0.00150415,0.00150415,0.00153896,0.0,0.00153896,0.0,0.001539
candidates_i/n3609,candidates_i/U3976/Y,AOI22X1,BUFX2/A,1,0.00153896,0.00153896,0.00150415,0.00150415,0.00153896,0.0,0.00153896,0.0,0.001539
candidates_i/n3610,candidates_i/U3975/Y,AOI22X1,BUFX2/A,1,0.00153896,0.00153896,0.00150415,0.00150415,0.00153896,0.0,0.00153896,0.0,0.001539
candidates_i/n3611,candidates_i/U3978/Y,AOI22X1,BUFX2/A,1,0.00153896,0.00153896,0.00150415,0.00150415,0.00153896,0.0,0.00153896,0.0,0.001539
candidates_i/n3612,candidates_i/U3977/Y,AOI22X1,BUFX2/A,1,0.00153896,0.00153896,0.00150415,0.00150415,0.00153896,0.0,0.00153896,0.0,0.001539
candidates_i/n3613,candidates_i/U3980/Y,AOI22X1,BUFX2/A,1,0.00153896,0.00153896,0.00150415,0.00150415,0.00153896,0.0,0.00153896,0.0,0.001539
candidates_i/n3614,candidates_i/U3979/Y,AOI22X1,BUFX2/A,1,0.00153896,0.00153896,0.00150415,0.00150415,0.00153896,0.0,0.00153896,0.0,0.001539
candidates_i/n3615,candidates_i/U3982/Y,AOI22X1,BUFX2/A,1,0.00153896,0.00153896,0.00150415,0.00150415,0.00153896,0.0,0.00153896,0.0,0.001539
candidates_i/n3616,candidates_i/U3981/Y,AOI22X1,BUFX2/A,1,0.00153896,0.00153896,0.00150415,0.00150415,0.00153896,0.0,0.00153896,0.0,0.001539
candidates_i/n3617,candidates_i/U3984/Y,AOI22X1,BUFX2/A,1,0.00153896,0.00153896,0.00150415,0.00150415,0.00153896,0.0,0.00153896,0.0,0.001539
candidates_i/n3618,candidates_i/U3983/Y,AOI22X1,BUFX2/A,1,0.00153896,0.00153896,0.00150415,0.00150415,0.00153896,0.0,0.00153896,0.0,0.001539
candidates_i/n3619,candidates_i/U3986/Y,AOI22X1,BUFX2/A,1,0.00153896,0.00153896,0.00150415,0.00150415,0.00153896,0.0,0.00153896,0.0,0.001539
candidates_i/n3620,candidates_i/U3985/Y,AOI22X1,BUFX2/A,1,0.00153896,0.00153896,0.00150415,0.00150415,0.00153896,0.0,0.00153896,0.0,0.001539
candidates_i/n3625,candidates_i/U3988/Y,AOI22X1,BUFX2/A,1,0.00153896,0.00153896,0.00150415,0.00150415,0.00153896,0.0,0.00153896,0.0,0.001539
candidates_i/n3626,candidates_i/U3987/Y,AOI22X1,BUFX2/A,1,0.00153896,0.00153896,0.00150415,0.00150415,0.00153896,0.0,0.00153896,0.0,0.001539
candidates_i/n3627,candidates_i/U3990/Y,AOI22X1,BUFX2/A,1,0.00153896,0.00153896,0.00150415,0.00150415,0.00153896,0.0,0.00153896,0.0,0.001539
candidates_i/n3628,candidates_i/U3989/Y,AOI22X1,BUFX2/A,1,0.00153896,0.00153896,0.00150415,0.00150415,0.00153896,0.0,0.00153896,0.0,0.001539
candidates_i/n3629,candidates_i/U3992/Y,AOI22X1,BUFX2/A,1,0.00153896,0.00153896,0.00150415,0.00150415,0.00153896,0.0,0.00153896,0.0,0.001539
candidates_i/n3630,candidates_i/U3991/Y,AOI22X1,NAND2X1/A,1,0.00211057,0.00211057,0.00188435,0.00188435,0.00211057,0.0,0.00211057,0.0,0.002111
candidates_i/n3631,candidates_i/U3995/Y,AOI22X1,BUFX2/A,1,0.00153896,0.00153896,0.00150415,0.00150415,0.00153896,0.0,0.00153896,0.0,0.001539
candidates_i/n3632,candidates_i/U3994/Y,AOI22X1,BUFX2/A,1,0.00153896,0.00153896,0.00150415,0.00150415,0.00153896,0.0,0.00153896,0.0,0.001539
candidates_i/n3635,candidates_i/U3997/Y,AOI22X1,NAND2X1/B,1,0.00202749,0.00202749,0.00194421,0.00194421,0.00202749,0.0,0.00202749,0.0,0.002027
candidates_i/n3636,candidates_i/U3996/Y,AOI22X1,NAND2X1/A,1,0.00211057,0.00211057,0.00188435,0.00188435,0.00211057,0.0,0.00211057,0.0,0.002111
candidates_i/n3637,candidates_i/U4000/Y,AOI22X1,BUFX2/A,1,0.00153896,0.00153896,0.00150415,0.00150415,0.00153896,0.0,0.00153896,0.0,0.001539
candidates_i/n3638,candidates_i/U3999/Y,AOI22X1,BUFX2/A,1,0.00153896,0.00153896,0.00150415,0.00150415,0.00153896,0.0,0.00153896,0.0,0.001539
candidates_i/n3639,candidates_i/U4002/Y,AOI22X1,BUFX2/A,1,0.00153896,0.00153896,0.00150415,0.00150415,0.00153896,0.0,0.00153896,0.0,0.001539
candidates_i/n3640,candidates_i/U4001/Y,AOI22X1,BUFX2/A,1,0.00153896,0.00153896,0.00150415,0.00150415,0.00153896,0.0,0.00153896,0.0,0.001539
candidates_i/n3641,candidates_i/U4004/Y,AOI22X1,BUFX2/A,1,0.00153896,0.00153896,0.00150415,0.00150415,0.00153896,0.0,0.00153896,0.0,0.001539
candidates_i/n3642,candidates_i/U4003/Y,AOI22X1,BUFX2/A,1,0.00153896,0.00153896,0.00150415,0.00150415,0.00153896,0.0,0.00153896,0.0,0.001539
candidates_i/n3643,candidates_i/U4006/Y,AOI22X1,BUFX2/A,1,0.00153896,0.00153896,0.00150415,0.00150415,0.00153896,0.0,0.00153896,0.0,0.001539
candidates_i/n3644,candidates_i/U4005/Y,AOI22X1,BUFX2/A,1,0.00153896,0.00153896,0.00150415,0.00150415,0.00153896,0.0,0.00153896,0.0,0.001539
candidates_i/n3645,candidates_i/U4008/Y,AOI22X1,BUFX2/A,1,0.00153896,0.00153896,0.00150415,0.00150415,0.00153896,0.0,0.00153896,0.0,0.001539
candidates_i/n3646,candidates_i/U4007/Y,AOI22X1,BUFX2/A,1,0.00153896,0.00153896,0.00150415,0.00150415,0.00153896,0.0,0.00153896,0.0,0.001539
candidates_i/n3647,candidates_i/U4010/Y,AOI22X1,BUFX2/A,1,0.00153896,0.00153896,0.00150415,0.00150415,0.00153896,0.0,0.00153896,0.0,0.001539
candidates_i/n3648,candidates_i/U4009/Y,AOI22X1,BUFX2/A,1,0.00153896,0.00153896,0.00150415,0.00150415,0.00153896,0.0,0.00153896,0.0,0.001539
candidates_i/n3649,candidates_i/U4012/Y,AOI22X1,BUFX2/A,1,0.00153896,0.00153896,0.00150415,0.00150415,0.00153896,0.0,0.00153896,0.0,0.001539
candidates_i/n3650,candidates_i/U4011/Y,AOI22X1,BUFX2/A,1,0.00153896,0.00153896,0.00150415,0.00150415,0.00153896,0.0,0.00153896,0.0,0.001539
candidates_i/n3654,candidates_i/U4014/Y,AOI22X1,BUFX2/A,1,0.00153896,0.00153896,0.00150415,0.00150415,0.00153896,0.0,0.00153896,0.0,0.001539
candidates_i/n3655,candidates_i/U4013/Y,AOI22X1,BUFX2/A,1,0.00153896,0.00153896,0.00150415,0.00150415,0.00153896,0.0,0.00153896,0.0,0.001539
candidates_i/n3656,candidates_i/U4016/Y,AOI22X1,NAND2X1/B,1,0.00202749,0.00202749,0.00194421,0.00194421,0.00202749,0.0,0.00202749,0.0,0.002027
candidates_i/n3657,candidates_i/U4015/Y,AOI22X1,NAND2X1/A,1,0.00211057,0.00211057,0.00188435,0.00188435,0.00211057,0.0,0.00211057,0.0,0.002111
candidates_i/n3658,candidates_i/U4019/Y,AOI22X1,BUFX2/A,1,0.00153896,0.00153896,0.00150415,0.00150415,0.00153896,0.0,0.00153896,0.0,0.001539
candidates_i/n3659,candidates_i/U4018/Y,AOI22X1,BUFX2/A,1,0.00153896,0.00153896,0.00150415,0.00150415,0.00153896,0.0,0.00153896,0.0,0.001539
candidates_i/n3660,candidates_i/U4021/Y,AOI22X1,BUFX2/A,1,0.00153896,0.00153896,0.00150415,0.00150415,0.00153896,0.0,0.00153896,0.0,0.001539
candidates_i/n3661,candidates_i/U4020/Y,AOI22X1,BUFX2/A,1,0.00153896,0.00153896,0.00150415,0.00150415,0.00153896,0.0,0.00153896,0.0,0.001539
candidates_i/n3664,candidates_i/U4023/Y,AOI22X1,BUFX2/A,1,0.00153896,0.00153896,0.00150415,0.00150415,0.00153896,0.0,0.00153896,0.0,0.001539
candidates_i/n3665,candidates_i/U4022/Y,AOI22X1,BUFX2/A,1,0.00153896,0.00153896,0.00150415,0.00150415,0.00153896,0.0,0.00153896,0.0,0.001539
candidates_i/n3666,candidates_i/U4025/Y,AOI22X1,BUFX2/A,1,0.00153896,0.00153896,0.00150415,0.00150415,0.00153896,0.0,0.00153896,0.0,0.001539
candidates_i/n3667,candidates_i/U4024/Y,AOI22X1,BUFX2/A,1,0.00153896,0.00153896,0.00150415,0.00150415,0.00153896,0.0,0.00153896,0.0,0.001539
candidates_i/n3668,candidates_i/U4027/Y,AOI22X1,BUFX2/A,1,0.00153896,0.00153896,0.00150415,0.00150415,0.00153896,0.0,0.00153896,0.0,0.001539
candidates_i/n3669,candidates_i/U4026/Y,AOI22X1,BUFX2/A,1,0.00153896,0.00153896,0.00150415,0.00150415,0.00153896,0.0,0.00153896,0.0,0.001539
candidates_i/n3670,candidates_i/U4029/Y,AOI22X1,BUFX2/A,1,0.00153896,0.00153896,0.00150415,0.00150415,0.00153896,0.0,0.00153896,0.0,0.001539
candidates_i/n3671,candidates_i/U4028/Y,AOI22X1,BUFX2/A,1,0.00153896,0.00153896,0.00150415,0.00150415,0.00153896,0.0,0.00153896,0.0,0.001539
candidates_i/n3672,candidates_i/U4031/Y,AOI22X1,BUFX2/A,1,0.00153896,0.00153896,0.00150415,0.00150415,0.00153896,0.0,0.00153896,0.0,0.001539
candidates_i/n3673,candidates_i/U4030/Y,AOI22X1,BUFX2/A,1,0.00153896,0.00153896,0.00150415,0.00150415,0.00153896,0.0,0.00153896,0.0,0.001539
candidates_i/n3674,candidates_i/U4033/Y,AOI22X1,BUFX2/A,1,0.00153896,0.00153896,0.00150415,0.00150415,0.00153896,0.0,0.00153896,0.0,0.001539
candidates_i/n3675,candidates_i/U4032/Y,AOI22X1,BUFX2/A,1,0.00153896,0.00153896,0.00150415,0.00150415,0.00153896,0.0,0.00153896,0.0,0.001539
candidates_i/n3676,candidates_i/U4035/Y,AOI22X1,BUFX2/A,1,0.00153896,0.00153896,0.00150415,0.00150415,0.00153896,0.0,0.00153896,0.0,0.001539
candidates_i/n3677,candidates_i/U4034/Y,AOI22X1,BUFX2/A,1,0.00153896,0.00153896,0.00150415,0.00150415,0.00153896,0.0,0.00153896,0.0,0.001539
candidates_i/n3678,candidates_i/U4037/Y,AOI22X1,BUFX2/A,1,0.00153896,0.00153896,0.00150415,0.00150415,0.00153896,0.0,0.00153896,0.0,0.001539
candidates_i/n3679,candidates_i/U4036/Y,AOI22X1,BUFX2/A,1,0.00153896,0.00153896,0.00150415,0.00150415,0.00153896,0.0,0.00153896,0.0,0.001539
candidates_i/n3684,candidates_i/U4039/Y,AOI22X1,BUFX2/A,1,0.00153896,0.00153896,0.00150415,0.00150415,0.00153896,0.0,0.00153896,0.0,0.001539
candidates_i/n3685,candidates_i/U4038/Y,AOI22X1,BUFX2/A,1,0.00153896,0.00153896,0.00150415,0.00150415,0.00153896,0.0,0.00153896,0.0,0.001539
candidates_i/n3686,candidates_i/U4041/Y,AOI22X1,BUFX2/A,1,0.00153896,0.00153896,0.00150415,0.00150415,0.00153896,0.0,0.00153896,0.0,0.001539
candidates_i/n3687,candidates_i/U4040/Y,AOI22X1,BUFX2/A,1,0.00153896,0.00153896,0.00150415,0.00150415,0.00153896,0.0,0.00153896,0.0,0.001539
candidates_i/n3688,candidates_i/U4043/Y,AOI22X1,BUFX2/A,1,0.00153896,0.00153896,0.00150415,0.00150415,0.00153896,0.0,0.00153896,0.0,0.001539
candidates_i/n3689,candidates_i/U4042/Y,AOI22X1,BUFX2/A,1,0.00153896,0.00153896,0.00150415,0.00150415,0.00153896,0.0,0.00153896,0.0,0.001539
candidates_i/n3690,candidates_i/U4045/Y,AOI22X1,NAND2X1/B,1,0.00202749,0.00202749,0.00194421,0.00194421,0.00202749,0.0,0.00202749,0.0,0.002027
candidates_i/n3691,candidates_i/U4044/Y,AOI22X1,NAND2X1/A,1,0.00211057,0.00211057,0.00188435,0.00188435,0.00211057,0.0,0.00211057,0.0,0.002111
candidates_i/n3694,candidates_i/U4048/Y,AOI22X1,NAND2X1/B,1,0.00202749,0.00202749,0.00194421,0.00194421,0.00202749,0.0,0.00202749,0.0,0.002027
candidates_i/n3695,candidates_i/U4047/Y,AOI22X1,NAND2X1/A,1,0.00211057,0.00211057,0.00188435,0.00188435,0.00211057,0.0,0.00211057,0.0,0.002111
candidates_i/n3696,candidates_i/U4051/Y,AOI22X1,BUFX2/A,1,0.00153896,0.00153896,0.00150415,0.00150415,0.00153896,0.0,0.00153896,0.0,0.001539
candidates_i/n3697,candidates_i/U4050/Y,AOI22X1,BUFX2/A,1,0.00153896,0.00153896,0.00150415,0.00150415,0.00153896,0.0,0.00153896,0.0,0.001539
candidates_i/n3698,candidates_i/U4053/Y,AOI22X1,BUFX2/A,1,0.00153896,0.00153896,0.00150415,0.00150415,0.00153896,0.0,0.00153896,0.0,0.001539
candidates_i/n3699,candidates_i/U4052/Y,AOI22X1,BUFX2/A,1,0.00153896,0.00153896,0.00150415,0.00150415,0.00153896,0.0,0.00153896,0.0,0.001539
candidates_i/n3700,candidates_i/U4055/Y,AOI22X1,BUFX2/A,1,0.00153896,0.00153896,0.00150415,0.00150415,0.00153896,0.0,0.00153896,0.0,0.001539
candidates_i/n3701,candidates_i/U4054/Y,AOI22X1,BUFX2/A,1,0.00153896,0.00153896,0.00150415,0.00150415,0.00153896,0.0,0.00153896,0.0,0.001539
candidates_i/n3702,candidates_i/U4057/Y,AOI22X1,BUFX2/A,1,0.00153896,0.00153896,0.00150415,0.00150415,0.00153896,0.0,0.00153896,0.0,0.001539
candidates_i/n3703,candidates_i/U4056/Y,AOI22X1,BUFX2/A,1,0.00153896,0.00153896,0.00150415,0.00150415,0.00153896,0.0,0.00153896,0.0,0.001539
candidates_i/n3704,candidates_i/U4059/Y,AOI22X1,BUFX2/A,1,0.00153896,0.00153896,0.00150415,0.00150415,0.00153896,0.0,0.00153896,0.0,0.001539
candidates_i/n3705,candidates_i/U4058/Y,AOI22X1,BUFX2/A,1,0.00153896,0.00153896,0.00150415,0.00150415,0.00153896,0.0,0.00153896,0.0,0.001539
candidates_i/n3706,candidates_i/U4061/Y,AOI22X1,BUFX2/A,1,0.00153896,0.00153896,0.00150415,0.00150415,0.00153896,0.0,0.00153896,0.0,0.001539
candidates_i/n3707,candidates_i/U4060/Y,AOI22X1,BUFX2/A,1,0.00153896,0.00153896,0.00150415,0.00150415,0.00153896,0.0,0.00153896,0.0,0.001539
candidates_i/n3708,candidates_i/U4063/Y,AOI22X1,BUFX2/A,1,0.00153896,0.00153896,0.00150415,0.00150415,0.00153896,0.0,0.00153896,0.0,0.001539
candidates_i/n3709,candidates_i/U4062/Y,AOI22X1,BUFX2/A,1,0.00153896,0.00153896,0.00150415,0.00150415,0.00153896,0.0,0.00153896,0.0,0.001539
candidates_i/n3714,candidates_i/U4065/Y,AOI22X1,BUFX2/A,1,0.00153896,0.00153896,0.00150415,0.00150415,0.00153896,0.0,0.00153896,0.0,0.001539
candidates_i/n3715,candidates_i/U4064/Y,AOI22X1,BUFX2/A,1,0.00153896,0.00153896,0.00150415,0.00150415,0.00153896,0.0,0.00153896,0.0,0.001539
candidates_i/n3716,candidates_i/U4067/Y,AOI22X1,NAND2X1/B,1,0.00202749,0.00202749,0.00194421,0.00194421,0.00202749,0.0,0.00202749,0.0,0.002027
candidates_i/n3717,candidates_i/U4066/Y,AOI22X1,NAND2X1/A,1,0.00211057,0.00211057,0.00188435,0.00188435,0.00211057,0.0,0.00211057,0.0,0.002111
candidates_i/n3718,candidates_i/U4070/Y,AOI22X1,BUFX2/A,1,0.00153896,0.00153896,0.00150415,0.00150415,0.00153896,0.0,0.00153896,0.0,0.001539
candidates_i/n3719,candidates_i/U4069/Y,AOI22X1,BUFX2/A,1,0.00153896,0.00153896,0.00150415,0.00150415,0.00153896,0.0,0.00153896,0.0,0.001539
candidates_i/n3720,candidates_i/U4072/Y,AOI22X1,BUFX2/A,1,0.00153896,0.00153896,0.00150415,0.00150415,0.00153896,0.0,0.00153896,0.0,0.001539
candidates_i/n3721,candidates_i/U4071/Y,AOI22X1,BUFX2/A,1,0.00153896,0.00153896,0.00150415,0.00150415,0.00153896,0.0,0.00153896,0.0,0.001539
candidates_i/n3724,candidates_i/U4074/Y,AOI22X1,BUFX2/A,1,0.00153896,0.00153896,0.00150415,0.00150415,0.00153896,0.0,0.00153896,0.0,0.001539
candidates_i/n3725,candidates_i/U4073/Y,AOI22X1,BUFX2/A,1,0.00153896,0.00153896,0.00150415,0.00150415,0.00153896,0.0,0.00153896,0.0,0.001539
candidates_i/n3726,candidates_i/U4076/Y,AOI22X1,BUFX2/A,1,0.00153896,0.00153896,0.00150415,0.00150415,0.00153896,0.0,0.00153896,0.0,0.001539
candidates_i/n3727,candidates_i/U4075/Y,AOI22X1,BUFX2/A,1,0.00153896,0.00153896,0.00150415,0.00150415,0.00153896,0.0,0.00153896,0.0,0.001539
candidates_i/n3728,candidates_i/U4078/Y,AOI22X1,BUFX2/A,1,0.00153896,0.00153896,0.00150415,0.00150415,0.00153896,0.0,0.00153896,0.0,0.001539
candidates_i/n3729,candidates_i/U4077/Y,AOI22X1,BUFX2/A,1,0.00153896,0.00153896,0.00150415,0.00150415,0.00153896,0.0,0.00153896,0.0,0.001539
candidates_i/n3730,candidates_i/U4080/Y,AOI22X1,BUFX2/A,1,0.00153896,0.00153896,0.00150415,0.00150415,0.00153896,0.0,0.00153896,0.0,0.001539
candidates_i/n3731,candidates_i/U4079/Y,AOI22X1,BUFX2/A,1,0.00153896,0.00153896,0.00150415,0.00150415,0.00153896,0.0,0.00153896,0.0,0.001539
candidates_i/n3732,candidates_i/U4082/Y,AOI22X1,BUFX2/A,1,0.00153896,0.00153896,0.00150415,0.00150415,0.00153896,0.0,0.00153896,0.0,0.001539
candidates_i/n3733,candidates_i/U4081/Y,AOI22X1,BUFX2/A,1,0.00153896,0.00153896,0.00150415,0.00150415,0.00153896,0.0,0.00153896,0.0,0.001539
candidates_i/n3734,candidates_i/U4084/Y,AOI22X1,BUFX2/A,1,0.00153896,0.00153896,0.00150415,0.00150415,0.00153896,0.0,0.00153896,0.0,0.001539
candidates_i/n3735,candidates_i/U4083/Y,AOI22X1,BUFX2/A,1,0.00153896,0.00153896,0.00150415,0.00150415,0.00153896,0.0,0.00153896,0.0,0.001539
candidates_i/n3736,candidates_i/U4086/Y,AOI22X1,BUFX2/A,1,0.00153896,0.00153896,0.00150415,0.00150415,0.00153896,0.0,0.00153896,0.0,0.001539
candidates_i/n3737,candidates_i/U4085/Y,AOI22X1,BUFX2/A,1,0.00153896,0.00153896,0.00150415,0.00150415,0.00153896,0.0,0.00153896,0.0,0.001539
candidates_i/n3738,candidates_i/U4088/Y,AOI22X1,BUFX2/A,1,0.00153896,0.00153896,0.00150415,0.00150415,0.00153896,0.0,0.00153896,0.0,0.001539
candidates_i/n3739,candidates_i/U4087/Y,AOI22X1,BUFX2/A,1,0.00153896,0.00153896,0.00150415,0.00150415,0.00153896,0.0,0.00153896,0.0,0.001539
candidates_i/n3743,candidates_i/U4090/Y,AOI22X1,BUFX2/A,1,0.00153896,0.00153896,0.00150415,0.00150415,0.00153896,0.0,0.00153896,0.0,0.001539
candidates_i/n3744,candidates_i/U4089/Y,AOI22X1,BUFX2/A,1,0.00153896,0.00153896,0.00150415,0.00150415,0.00153896,0.0,0.00153896,0.0,0.001539
candidates_i/n3745,candidates_i/U4092/Y,AOI22X1,BUFX2/A,1,0.00153896,0.00153896,0.00150415,0.00150415,0.00153896,0.0,0.00153896,0.0,0.001539
candidates_i/n3746,candidates_i/U4091/Y,AOI22X1,BUFX2/A,1,0.00153896,0.00153896,0.00150415,0.00150415,0.00153896,0.0,0.00153896,0.0,0.001539
candidates_i/n3747,candidates_i/U4094/Y,AOI22X1,NAND2X1/B,1,0.00202749,0.00202749,0.00194421,0.00194421,0.00202749,0.0,0.00202749,0.0,0.002027
candidates_i/n3748,candidates_i/U4093/Y,AOI22X1,NAND2X1/A,1,0.00211057,0.00211057,0.00188435,0.00188435,0.00211057,0.0,0.00211057,0.0,0.002111
candidates_i/n3749,candidates_i/U4097/Y,AOI22X1,BUFX2/A,1,0.00153896,0.00153896,0.00150415,0.00150415,0.00153896,0.0,0.00153896,0.0,0.001539
candidates_i/n3750,candidates_i/U4096/Y,AOI22X1,BUFX2/A,1,0.00153896,0.00153896,0.00150415,0.00150415,0.00153896,0.0,0.00153896,0.0,0.001539
candidates_i/n3753,candidates_i/U4099/Y,AOI22X1,BUFX2/A,1,0.00153896,0.00153896,0.00150415,0.00150415,0.00153896,0.0,0.00153896,0.0,0.001539
candidates_i/n3754,candidates_i/U4098/Y,AOI22X1,BUFX2/A,1,0.00153896,0.00153896,0.00150415,0.00150415,0.00153896,0.0,0.00153896,0.0,0.001539
candidates_i/n3755,candidates_i/U4101/Y,AOI22X1,BUFX2/A,1,0.00153896,0.00153896,0.00150415,0.00150415,0.00153896,0.0,0.00153896,0.0,0.001539
candidates_i/n3756,candidates_i/U4100/Y,AOI22X1,BUFX2/A,1,0.00153896,0.00153896,0.00150415,0.00150415,0.00153896,0.0,0.00153896,0.0,0.001539
candidates_i/n3757,candidates_i/U4103/Y,AOI22X1,BUFX2/A,1,0.00153896,0.00153896,0.00150415,0.00150415,0.00153896,0.0,0.00153896,0.0,0.001539
candidates_i/n3758,candidates_i/U4102/Y,AOI22X1,BUFX2/A,1,0.00153896,0.00153896,0.00150415,0.00150415,0.00153896,0.0,0.00153896,0.0,0.001539
candidates_i/n3759,candidates_i/U4105/Y,AOI22X1,BUFX2/A,1,0.00153896,0.00153896,0.00150415,0.00150415,0.00153896,0.0,0.00153896,0.0,0.001539
candidates_i/n3760,candidates_i/U4104/Y,AOI22X1,BUFX2/A,1,0.00153896,0.00153896,0.00150415,0.00150415,0.00153896,0.0,0.00153896,0.0,0.001539
candidates_i/n3761,candidates_i/U4107/Y,AOI22X1,BUFX2/A,1,0.00153896,0.00153896,0.00150415,0.00150415,0.00153896,0.0,0.00153896,0.0,0.001539
candidates_i/n3762,candidates_i/U4106/Y,AOI22X1,BUFX2/A,1,0.00153896,0.00153896,0.00150415,0.00150415,0.00153896,0.0,0.00153896,0.0,0.001539
candidates_i/n3763,candidates_i/U4109/Y,AOI22X1,BUFX2/A,1,0.00153896,0.00153896,0.00150415,0.00150415,0.00153896,0.0,0.00153896,0.0,0.001539
candidates_i/n3764,candidates_i/U4108/Y,AOI22X1,BUFX2/A,1,0.00153896,0.00153896,0.00150415,0.00150415,0.00153896,0.0,0.00153896,0.0,0.001539
candidates_i/n3765,candidates_i/U4111/Y,AOI22X1,BUFX2/A,1,0.00153896,0.00153896,0.00150415,0.00150415,0.00153896,0.0,0.00153896,0.0,0.001539
candidates_i/n3766,candidates_i/U4110/Y,AOI22X1,BUFX2/A,1,0.00153896,0.00153896,0.00150415,0.00150415,0.00153896,0.0,0.00153896,0.0,0.001539
candidates_i/n3767,candidates_i/U4113/Y,AOI22X1,BUFX2/A,1,0.00153896,0.00153896,0.00150415,0.00150415,0.00153896,0.0,0.00153896,0.0,0.001539
candidates_i/n3768,candidates_i/U4112/Y,AOI22X1,BUFX2/A,1,0.00153896,0.00153896,0.00150415,0.00150415,0.00153896,0.0,0.00153896,0.0,0.001539
candidates_i/n3772,candidates_i/U4115/Y,AOI22X1,BUFX2/A,1,0.00153896,0.00153896,0.00150415,0.00150415,0.00153896,0.0,0.00153896,0.0,0.001539
candidates_i/n3773,candidates_i/U4114/Y,AOI22X1,BUFX2/A,1,0.00153896,0.00153896,0.00150415,0.00150415,0.00153896,0.0,0.00153896,0.0,0.001539
candidates_i/n3774,candidates_i/U4117/Y,AOI22X1,BUFX2/A,1,0.00153896,0.00153896,0.00150415,0.00150415,0.00153896,0.0,0.00153896,0.0,0.001539
candidates_i/n3775,candidates_i/U4116/Y,AOI22X1,BUFX2/A,1,0.00153896,0.00153896,0.00150415,0.00150415,0.00153896,0.0,0.00153896,0.0,0.001539
candidates_i/n3776,candidates_i/U4119/Y,AOI22X1,BUFX2/A,1,0.00153896,0.00153896,0.00150415,0.00150415,0.00153896,0.0,0.00153896,0.0,0.001539
candidates_i/n3777,candidates_i/U4118/Y,AOI22X1,BUFX2/A,1,0.00153896,0.00153896,0.00150415,0.00150415,0.00153896,0.0,0.00153896,0.0,0.001539
candidates_i/n3778,candidates_i/U4121/Y,AOI22X1,NAND2X1/B,1,0.00202749,0.00202749,0.00194421,0.00194421,0.00202749,0.0,0.00202749,0.0,0.002027
candidates_i/n3779,candidates_i/U4120/Y,AOI22X1,NAND2X1/A,1,0.00211057,0.00211057,0.00188435,0.00188435,0.00211057,0.0,0.00211057,0.0,0.002111
candidates_i/n3782,candidates_i/U4124/Y,AOI22X1,NAND2X1/B,1,0.00202749,0.00202749,0.00194421,0.00194421,0.00202749,0.0,0.00202749,0.0,0.002027
candidates_i/n3783,candidates_i/U4123/Y,AOI22X1,NAND2X1/A,1,0.00211057,0.00211057,0.00188435,0.00188435,0.00211057,0.0,0.00211057,0.0,0.002111
candidates_i/n3784,candidates_i/U4127/Y,AOI22X1,BUFX2/A,1,0.00153896,0.00153896,0.00150415,0.00150415,0.00153896,0.0,0.00153896,0.0,0.001539
candidates_i/n3785,candidates_i/U4126/Y,AOI22X1,BUFX2/A,1,0.00153896,0.00153896,0.00150415,0.00150415,0.00153896,0.0,0.00153896,0.0,0.001539
candidates_i/n3786,candidates_i/U4129/Y,AOI22X1,BUFX2/A,1,0.00153896,0.00153896,0.00150415,0.00150415,0.00153896,0.0,0.00153896,0.0,0.001539
candidates_i/n3787,candidates_i/U4128/Y,AOI22X1,BUFX2/A,1,0.00153896,0.00153896,0.00150415,0.00150415,0.00153896,0.0,0.00153896,0.0,0.001539
candidates_i/n3788,candidates_i/U4131/Y,AOI22X1,BUFX2/A,1,0.00153896,0.00153896,0.00150415,0.00150415,0.00153896,0.0,0.00153896,0.0,0.001539
candidates_i/n3789,candidates_i/U4130/Y,AOI22X1,BUFX2/A,1,0.00153896,0.00153896,0.00150415,0.00150415,0.00153896,0.0,0.00153896,0.0,0.001539
candidates_i/n3790,candidates_i/U4133/Y,AOI22X1,BUFX2/A,1,0.00153896,0.00153896,0.00150415,0.00150415,0.00153896,0.0,0.00153896,0.0,0.001539
candidates_i/n3791,candidates_i/U4132/Y,AOI22X1,BUFX2/A,1,0.00153896,0.00153896,0.00150415,0.00150415,0.00153896,0.0,0.00153896,0.0,0.001539
candidates_i/n3792,candidates_i/U4135/Y,AOI22X1,BUFX2/A,1,0.00153896,0.00153896,0.00150415,0.00150415,0.00153896,0.0,0.00153896,0.0,0.001539
candidates_i/n3793,candidates_i/U4134/Y,AOI22X1,BUFX2/A,1,0.00153896,0.00153896,0.00150415,0.00150415,0.00153896,0.0,0.00153896,0.0,0.001539
candidates_i/n3794,candidates_i/U4137/Y,AOI22X1,BUFX2/A,1,0.00153896,0.00153896,0.00150415,0.00150415,0.00153896,0.0,0.00153896,0.0,0.001539
candidates_i/n3795,candidates_i/U4136/Y,AOI22X1,BUFX2/A,1,0.00153896,0.00153896,0.00150415,0.00150415,0.00153896,0.0,0.00153896,0.0,0.001539
candidates_i/n3796,candidates_i/U4139/Y,AOI22X1,BUFX2/A,1,0.00153896,0.00153896,0.00150415,0.00150415,0.00153896,0.0,0.00153896,0.0,0.001539
candidates_i/n3797,candidates_i/U4138/Y,AOI22X1,BUFX2/A,1,0.00153896,0.00153896,0.00150415,0.00150415,0.00153896,0.0,0.00153896,0.0,0.001539
candidates_i/n3802,candidates_i/U4141/Y,AOI22X1,BUFX2/A,1,0.00153896,0.00153896,0.00150415,0.00150415,0.00153896,0.0,0.00153896,0.0,0.001539
candidates_i/n3803,candidates_i/U4140/Y,AOI22X1,BUFX2/A,1,0.00153896,0.00153896,0.00150415,0.00150415,0.00153896,0.0,0.00153896,0.0,0.001539
candidates_i/n3804,candidates_i/U513/Y,AOI21X1,BUFX2/A,1,0.00153896,0.00153896,0.00150415,0.00150415,0.00153896,0.0,0.00153896,0.0,0.001539
candidates_i/n3805,candidates_i/U516/Y,AOI21X1,BUFX2/A,1,0.00153896,0.00153896,0.00150415,0.00150415,0.00153896,0.0,0.00153896,0.0,0.001539
candidates_i/n3806,candidates_i/U518/Y,AOI21X1,BUFX2/A,1,0.00153896,0.00153896,0.00150415,0.00150415,0.00153896,0.0,0.00153896,0.0,0.001539
candidates_i/n3807,candidates_i/U520/Y,AOI21X1,BUFX2/A,1,0.00153896,0.00153896,0.00150415,0.00150415,0.00153896,0.0,0.00153896,0.0,0.001539
candidates_i/n3808,candidates_i/U522/Y,AOI21X1,BUFX2/A,1,0.00153896,0.00153896,0.00150415,0.00150415,0.00153896,0.0,0.00153896,0.0,0.001539
candidates_i/n3809,candidates_i/U524/Y,AOI21X1,BUFX2/A,1,0.00153896,0.00153896,0.00150415,0.00150415,0.00153896,0.0,0.00153896,0.0,0.001539
candidates_i/n3810,candidates_i/U527/Y,AOI21X1,BUFX2/A,1,0.00153896,0.00153896,0.00150415,0.00150415,0.00153896,0.0,0.00153896,0.0,0.001539
candidates_i/n3811,candidates_i/U529/Y,AOI21X1,BUFX2/A,1,0.00153896,0.00153896,0.00150415,0.00150415,0.00153896,0.0,0.00153896,0.0,0.001539
candidates_i/n3812,candidates_i/U531/Y,AOI21X1,BUFX2/A,1,0.00153896,0.00153896,0.00150415,0.00150415,0.00153896,0.0,0.00153896,0.0,0.001539
candidates_i/n3813,candidates_i/U533/Y,AOI21X1,BUFX2/A,1,0.00153896,0.00153896,0.00150415,0.00150415,0.00153896,0.0,0.00153896,0.0,0.001539
candidates_i/n3814,candidates_i/U535/Y,AOI21X1,BUFX2/A,1,0.00153896,0.00153896,0.00150415,0.00150415,0.00153896,0.0,0.00153896,0.0,0.001539
candidates_i/n3815,candidates_i/U506/Y,AOI21X1,BUFX2/A,1,0.00153896,0.00153896,0.00150415,0.00150415,0.00153896,0.0,0.00153896,0.0,0.001539
candidates_i/n3816,candidates_i/U508/Y,AOI21X1,BUFX2/A,1,0.00153896,0.00153896,0.00150415,0.00150415,0.00153896,0.0,0.00153896,0.0,0.001539
candidates_i/n3817,candidates_i/U510/Y,AOI21X1,BUFX2/A,1,0.00153896,0.00153896,0.00150415,0.00150415,0.00153896,0.0,0.00153896,0.0,0.001539
candidates_i/n3818,candidates_i/U514/Y,AOI21X1,BUFX2/A,1,0.00153896,0.00153896,0.00150415,0.00150415,0.00153896,0.0,0.00153896,0.0,0.001539
candidates_i/n3819,candidates_i/U536/Y,AOI21X1,BUFX2/A,1,0.00153896,0.00153896,0.00150415,0.00150415,0.00153896,0.0,0.00153896,0.0,0.001539
candidates_i/n895,candidates_i/U3294/Y,AOI22X1,NAND2X1/B,1,0.00202749,0.00202749,0.00194421,0.00194421,0.00202749,0.0,0.00202749,0.0,0.002027
candidates_i/n896,candidates_i/U3293/Y,AOI22X1,NAND2X1/A,1,0.00211057,0.00211057,0.00188435,0.00188435,0.00211057,0.0,0.00211057,0.0,0.002111
candidates_i/n897,candidates_i/U3297/Y,AOI22X1,NAND2X1/B,1,0.00202749,0.00202749,0.00194421,0.00194421,0.00202749,0.0,0.00202749,0.0,0.002027
candidates_i/n898,candidates_i/U3296/Y,AOI22X1,NAND2X1/A,1,0.00211057,0.00211057,0.00188435,0.00188435,0.00211057,0.0,0.00211057,0.0,0.002111
candidates_i/n899,candidates_i/U3300/Y,AOI22X1,NAND2X1/B,1,0.00202749,0.00202749,0.00194421,0.00194421,0.00202749,0.0,0.00202749,0.0,0.002027
candidates_i/n900,candidates_i/U3299/Y,AOI22X1,NAND2X1/A,1,0.00211057,0.00211057,0.00188435,0.00188435,0.00211057,0.0,0.00211057,0.0,0.002111
candidates_i/n901,candidates_i/U3303/Y,AOI22X1,BUFX2/A,1,0.00153896,0.00153896,0.00150415,0.00150415,0.00153896,0.0,0.00153896,0.0,0.001539
candidates_i/n902,candidates_i/U3302/Y,AOI22X1,BUFX2/A,1,0.00153896,0.00153896,0.00150415,0.00150415,0.00153896,0.0,0.00153896,0.0,0.001539
candidates_i/n905,candidates_i/U3305/Y,AOI22X1,BUFX2/A,1,0.00153896,0.00153896,0.00150415,0.00150415,0.00153896,0.0,0.00153896,0.0,0.001539
candidates_i/n906,candidates_i/U3304/Y,AOI22X1,BUFX2/A,1,0.00153896,0.00153896,0.00150415,0.00150415,0.00153896,0.0,0.00153896,0.0,0.001539
candidates_i/n907,candidates_i/U3309/Y,AOI22X1,NAND2X1/B,1,0.00202749,0.00202749,0.00194421,0.00194421,0.00202749,0.0,0.00202749,0.0,0.002027
candidates_i/n908,candidates_i/U3308/Y,AOI22X1,NAND2X1/A,1,0.00211057,0.00211057,0.00188435,0.00188435,0.00211057,0.0,0.00211057,0.0,0.002111
candidates_i/n909,candidates_i/U3312/Y,AOI22X1,NAND2X1/B,1,0.00202749,0.00202749,0.00194421,0.00194421,0.00202749,0.0,0.00202749,0.0,0.002027
candidates_i/n910,candidates_i/U3311/Y,AOI22X1,NAND2X1/A,1,0.00211057,0.00211057,0.00188435,0.00188435,0.00211057,0.0,0.00211057,0.0,0.002111
candidates_i/n911,candidates_i/U3315/Y,AOI22X1,NAND2X1/B,1,0.00202749,0.00202749,0.00194421,0.00194421,0.00202749,0.0,0.00202749,0.0,0.002027
candidates_i/n912,candidates_i/U3314/Y,AOI22X1,NAND2X1/A,1,0.00211057,0.00211057,0.00188435,0.00188435,0.00211057,0.0,0.00211057,0.0,0.002111
candidates_i/n913,candidates_i/U3318/Y,AOI22X1,BUFX2/A,1,0.00153896,0.00153896,0.00150415,0.00150415,0.00153896,0.0,0.00153896,0.0,0.001539
candidates_i/n914,candidates_i/U3317/Y,AOI22X1,BUFX2/A,1,0.00153896,0.00153896,0.00150415,0.00150415,0.00153896,0.0,0.00153896,0.0,0.001539
candidates_i/n917,candidates_i/U3320/Y,AOI22X1,BUFX2/A,1,0.00153896,0.00153896,0.00150415,0.00150415,0.00153896,0.0,0.00153896,0.0,0.001539
candidates_i/n918,candidates_i/U3319/Y,AOI22X1,BUFX2/A,1,0.00153896,0.00153896,0.00150415,0.00150415,0.00153896,0.0,0.00153896,0.0,0.001539
candidates_i/n919,candidates_i/U3324/Y,AOI22X1,NAND2X1/B,1,0.00202749,0.00202749,0.00194421,0.00194421,0.00202749,0.0,0.00202749,0.0,0.002027
candidates_i/n920,candidates_i/U3323/Y,AOI22X1,NAND2X1/A,1,0.00211057,0.00211057,0.00188435,0.00188435,0.00211057,0.0,0.00211057,0.0,0.002111
candidates_i/n921,candidates_i/U3327/Y,AOI22X1,NAND2X1/B,1,0.00202749,0.00202749,0.00194421,0.00194421,0.00202749,0.0,0.00202749,0.0,0.002027
candidates_i/n922,candidates_i/U3326/Y,AOI22X1,NAND2X1/A,1,0.00211057,0.00211057,0.00188435,0.00188435,0.00211057,0.0,0.00211057,0.0,0.002111
candidates_i/n923,candidates_i/U3330/Y,AOI22X1,NAND2X1/B,1,0.00202749,0.00202749,0.00194421,0.00194421,0.00202749,0.0,0.00202749,0.0,0.002027
candidates_i/n924,candidates_i/U3329/Y,AOI22X1,NAND2X1/A,1,0.00211057,0.00211057,0.00188435,0.00188435,0.00211057,0.0,0.00211057,0.0,0.002111
candidates_i/n925,candidates_i/U3333/Y,AOI22X1,BUFX2/A,1,0.00153896,0.00153896,0.00150415,0.00150415,0.00153896,0.0,0.00153896,0.0,0.001539
candidates_i/n926,candidates_i/U3332/Y,AOI22X1,BUFX2/A,1,0.00153896,0.00153896,0.00150415,0.00150415,0.00153896,0.0,0.00153896,0.0,0.001539
candidates_i/n929,candidates_i/U3335/Y,AOI22X1,BUFX2/A,1,0.00153896,0.00153896,0.00150415,0.00150415,0.00153896,0.0,0.00153896,0.0,0.001539
candidates_i/n930,candidates_i/U3334/Y,AOI22X1,BUFX2/A,1,0.00153896,0.00153896,0.00150415,0.00150415,0.00153896,0.0,0.00153896,0.0,0.001539
candidates_i/n931,candidates_i/U3339/Y,AOI22X1,NAND2X1/B,1,0.00202749,0.00202749,0.00194421,0.00194421,0.00202749,0.0,0.00202749,0.0,0.002027
candidates_i/n932,candidates_i/U3338/Y,AOI22X1,NAND2X1/A,1,0.00211057,0.00211057,0.00188435,0.00188435,0.00211057,0.0,0.00211057,0.0,0.002111
candidates_i/n933,candidates_i/U3342/Y,AOI22X1,NAND2X1/B,1,0.00202749,0.00202749,0.00194421,0.00194421,0.00202749,0.0,0.00202749,0.0,0.002027
candidates_i/n934,candidates_i/U3341/Y,AOI22X1,NAND2X1/A,1,0.00211057,0.00211057,0.00188435,0.00188435,0.00211057,0.0,0.00211057,0.0,0.002111
candidates_i/n935,candidates_i/U3345/Y,AOI22X1,NAND2X1/B,1,0.00202749,0.00202749,0.00194421,0.00194421,0.00202749,0.0,0.00202749,0.0,0.002027
candidates_i/n936,candidates_i/U3344/Y,AOI22X1,NAND2X1/A,1,0.00211057,0.00211057,0.00188435,0.00188435,0.00211057,0.0,0.00211057,0.0,0.002111
candidates_i/n937,candidates_i/U3348/Y,AOI22X1,BUFX2/A,1,0.00153896,0.00153896,0.00150415,0.00150415,0.00153896,0.0,0.00153896,0.0,0.001539
candidates_i/n938,candidates_i/U3347/Y,AOI22X1,BUFX2/A,1,0.00153896,0.00153896,0.00150415,0.00150415,0.00153896,0.0,0.00153896,0.0,0.001539
candidates_i/n941,candidates_i/U3350/Y,AOI22X1,BUFX2/A,1,0.00153896,0.00153896,0.00150415,0.00150415,0.00153896,0.0,0.00153896,0.0,0.001539
candidates_i/n942,candidates_i/U3349/Y,AOI22X1,BUFX2/A,1,0.00153896,0.00153896,0.00150415,0.00150415,0.00153896,0.0,0.00153896,0.0,0.001539
candidates_i/n943,candidates_i/U3353/Y,AOI22X1,NAND2X1/B,1,0.00202749,0.00202749,0.00194421,0.00194421,0.00202749,0.0,0.00202749,0.0,0.002027
candidates_i/n944,candidates_i/U3352/Y,AOI22X1,NAND2X1/A,1,0.00211057,0.00211057,0.00188435,0.00188435,0.00211057,0.0,0.00211057,0.0,0.002111
candidates_i/n945,candidates_i/U3356/Y,AOI22X1,NAND2X1/B,1,0.00202749,0.00202749,0.00194421,0.00194421,0.00202749,0.0,0.00202749,0.0,0.002027
candidates_i/n946,candidates_i/U3355/Y,AOI22X1,NAND2X1/A,1,0.00211057,0.00211057,0.00188435,0.00188435,0.00211057,0.0,0.00211057,0.0,0.002111
candidates_i/n947,candidates_i/U3359/Y,AOI22X1,NAND2X1/B,1,0.00202749,0.00202749,0.00194421,0.00194421,0.00202749,0.0,0.00202749,0.0,0.002027
candidates_i/n948,candidates_i/U3358/Y,AOI22X1,NAND2X1/A,1,0.00211057,0.00211057,0.00188435,0.00188435,0.00211057,0.0,0.00211057,0.0,0.002111
candidates_i/n949,candidates_i/U3362/Y,AOI22X1,BUFX2/A,1,0.00153896,0.00153896,0.00150415,0.00150415,0.00153896,0.0,0.00153896,0.0,0.001539
candidates_i/n950,candidates_i/U3361/Y,AOI22X1,BUFX2/A,1,0.00153896,0.00153896,0.00150415,0.00150415,0.00153896,0.0,0.00153896,0.0,0.001539
candidates_i/n953,candidates_i/U3364/Y,AOI22X1,BUFX2/A,1,0.00153896,0.00153896,0.00150415,0.00150415,0.00153896,0.0,0.00153896,0.0,0.001539
candidates_i/n954,candidates_i/U3363/Y,AOI22X1,BUFX2/A,1,0.00153896,0.00153896,0.00150415,0.00150415,0.00153896,0.0,0.00153896,0.0,0.001539
candidates_i/n955,candidates_i/U3368/Y,AOI22X1,NAND2X1/B,1,0.00202749,0.00202749,0.00194421,0.00194421,0.00202749,0.0,0.00202749,0.0,0.002027
candidates_i/n956,candidates_i/U3367/Y,AOI22X1,NAND2X1/A,1,0.00211057,0.00211057,0.00188435,0.00188435,0.00211057,0.0,0.00211057,0.0,0.002111
candidates_i/n957,candidates_i/U3371/Y,AOI22X1,NAND2X1/B,1,0.00202749,0.00202749,0.00194421,0.00194421,0.00202749,0.0,0.00202749,0.0,0.002027
candidates_i/n958,candidates_i/U3370/Y,AOI22X1,NAND2X1/A,1,0.00211057,0.00211057,0.00188435,0.00188435,0.00211057,0.0,0.00211057,0.0,0.002111
candidates_i/n959,candidates_i/U3374/Y,AOI22X1,NAND2X1/B,1,0.00202749,0.00202749,0.00194421,0.00194421,0.00202749,0.0,0.00202749,0.0,0.002027
candidates_i/n960,candidates_i/U3373/Y,AOI22X1,NAND2X1/A,1,0.00211057,0.00211057,0.00188435,0.00188435,0.00211057,0.0,0.00211057,0.0,0.002111
candidates_i/n961,candidates_i/U3377/Y,AOI22X1,BUFX2/A,1,0.00153896,0.00153896,0.00150415,0.00150415,0.00153896,0.0,0.00153896,0.0,0.001539
candidates_i/n962,candidates_i/U3376/Y,AOI22X1,BUFX2/A,1,0.00153896,0.00153896,0.00150415,0.00150415,0.00153896,0.0,0.00153896,0.0,0.001539
candidates_i/n965,candidates_i/U3379/Y,AOI22X1,BUFX2/A,1,0.00153896,0.00153896,0.00150415,0.00150415,0.00153896,0.0,0.00153896,0.0,0.001539
candidates_i/n966,candidates_i/U3378/Y,AOI22X1,BUFX2/A,1,0.00153896,0.00153896,0.00150415,0.00150415,0.00153896,0.0,0.00153896,0.0,0.001539
candidates_i/n967,candidates_i/U3383/Y,AOI22X1,NAND2X1/B,1,0.00202749,0.00202749,0.00194421,0.00194421,0.00202749,0.0,0.00202749,0.0,0.002027
candidates_i/n968,candidates_i/U3382/Y,AOI22X1,NAND2X1/A,1,0.00211057,0.00211057,0.00188435,0.00188435,0.00211057,0.0,0.00211057,0.0,0.002111
candidates_i/n969,candidates_i/U3386/Y,AOI22X1,NAND2X1/B,1,0.00202749,0.00202749,0.00194421,0.00194421,0.00202749,0.0,0.00202749,0.0,0.002027
candidates_i/n970,candidates_i/U3385/Y,AOI22X1,NAND2X1/A,1,0.00211057,0.00211057,0.00188435,0.00188435,0.00211057,0.0,0.00211057,0.0,0.002111
candidates_i/n971,candidates_i/U3389/Y,AOI22X1,NAND2X1/B,1,0.00202749,0.00202749,0.00194421,0.00194421,0.00202749,0.0,0.00202749,0.0,0.002027
candidates_i/n972,candidates_i/U3388/Y,AOI22X1,NAND2X1/A,1,0.00211057,0.00211057,0.00188435,0.00188435,0.00211057,0.0,0.00211057,0.0,0.002111
candidates_i/n973,candidates_i/U3392/Y,AOI22X1,BUFX2/A,1,0.00153896,0.00153896,0.00150415,0.00150415,0.00153896,0.0,0.00153896,0.0,0.001539
candidates_i/n974,candidates_i/U3391/Y,AOI22X1,BUFX2/A,1,0.00153896,0.00153896,0.00150415,0.00150415,0.00153896,0.0,0.00153896,0.0,0.001539
candidates_i/n977,candidates_i/U3394/Y,AOI22X1,BUFX2/A,1,0.00153896,0.00153896,0.00150415,0.00150415,0.00153896,0.0,0.00153896,0.0,0.001539
candidates_i/n978,candidates_i/U3393/Y,AOI22X1,BUFX2/A,1,0.00153896,0.00153896,0.00150415,0.00150415,0.00153896,0.0,0.00153896,0.0,0.001539
candidates_i/n979,candidates_i/U3397/Y,AOI22X1,NAND2X1/B,1,0.00202749,0.00202749,0.00194421,0.00194421,0.00202749,0.0,0.00202749,0.0,0.002027
candidates_i/n980,candidates_i/U3396/Y,AOI22X1,NAND2X1/A,1,0.00211057,0.00211057,0.00188435,0.00188435,0.00211057,0.0,0.00211057,0.0,0.002111
candidates_i/n981,candidates_i/U3400/Y,AOI22X1,NAND2X1/B,1,0.00202749,0.00202749,0.00194421,0.00194421,0.00202749,0.0,0.00202749,0.0,0.002027
candidates_i/n982,candidates_i/U3399/Y,AOI22X1,NAND2X1/A,1,0.00211057,0.00211057,0.00188435,0.00188435,0.00211057,0.0,0.00211057,0.0,0.002111
candidates_i/n983,candidates_i/U3403/Y,AOI22X1,NAND2X1/B,1,0.00202749,0.00202749,0.00194421,0.00194421,0.00202749,0.0,0.00202749,0.0,0.002027
candidates_i/n984,candidates_i/U3402/Y,AOI22X1,NAND2X1/A,1,0.00211057,0.00211057,0.00188435,0.00188435,0.00211057,0.0,0.00211057,0.0,0.002111
candidates_i/n985,candidates_i/U3406/Y,AOI22X1,BUFX2/A,1,0.00153896,0.00153896,0.00150415,0.00150415,0.00153896,0.0,0.00153896,0.0,0.001539
candidates_i/n986,candidates_i/U3405/Y,AOI22X1,BUFX2/A,1,0.00153896,0.00153896,0.00150415,0.00150415,0.00153896,0.0,0.00153896,0.0,0.001539
candidates_i/n989,candidates_i/U3408/Y,AOI22X1,BUFX2/A,1,0.00153896,0.00153896,0.00150415,0.00150415,0.00153896,0.0,0.00153896,0.0,0.001539
candidates_i/n990,candidates_i/U3407/Y,AOI22X1,BUFX2/A,1,0.00153896,0.00153896,0.00150415,0.00150415,0.00153896,0.0,0.00153896,0.0,0.001539
candidates_i/n991,candidates_i/U3411/Y,AOI22X1,NAND2X1/B,1,0.00202749,0.00202749,0.00194421,0.00194421,0.00202749,0.0,0.00202749,0.0,0.002027
frfcfs_scheduler_i/N1600,frfcfs_scheduler_i/U1546/Y,NAND2X1,NAND2X1/A,1,0.00211057,0.00211057,0.00188435,0.00188435,0.00211057,0.0,0.00211057,0.0,0.002111
frfcfs_scheduler_i/N1601,frfcfs_scheduler_i/U1549/Y,NAND2X1,NAND2X1/A,1,0.00211057,0.00211057,0.00188435,0.00188435,0.00211057,0.0,0.00211057,0.0,0.002111
frfcfs_scheduler_i/N1602,frfcfs_scheduler_i/U1552/Y,NAND2X1,NAND2X1/A,1,0.00211057,0.00211057,0.00188435,0.00188435,0.00211057,0.0,0.00211057,0.0,0.002111
frfcfs_scheduler_i/N1603,frfcfs_scheduler_i/U1555/Y,NAND2X1,NAND2X1/A,1,0.00211057,0.00211057,0.00188435,0.00188435,0.00211057,0.0,0.00211057,0.0,0.002111
frfcfs_scheduler_i/n1002,frfcfs_scheduler_i/U611/Y,NAND3X1,NOR3X1/A,1,0.00302113,0.00302113,0.00301081,0.00301081,0.00302113,0.0,0.00302113,0.0,0.003021
frfcfs_scheduler_i/n1003,frfcfs_scheduler_i/U608/Y,NAND2X1,NOR3X1/B,1,0.003067,0.00306333,0.003067,0.00306333,0.003067,0.0,0.003067,0.0,0.003067
frfcfs_scheduler_i/n1004,frfcfs_scheduler_i/U605/Y,NAND3X1,NOR3X1/C,1,0.00328822,0.00328822,0.00322576,0.00322576,0.00328822,0.0,0.00328822,0.0,0.003288
frfcfs_scheduler_i/n1005,frfcfs_scheduler_i/U607/Y,NAND2X1,NAND3X1/B,1,0.00283213,0.00283213,0.00259978,0.00259978,0.00283213,0.0,0.00283213,0.0,0.002832
frfcfs_scheduler_i/n1006,frfcfs_scheduler_i/U606/Y,AOI22X1,NAND3X1/C,1,0.00296109,0.00296109,0.0028316,0.0028316,0.00296109,0.0,0.00296109,0.0,0.002961
frfcfs_scheduler_i/n1007,frfcfs_scheduler_i/U610/Y,AOI22X1,NAND2X1/A,1,0.00211057,0.00211057,0.00188435,0.00188435,0.00211057,0.0,0.00211057,0.0,0.002111
frfcfs_scheduler_i/n1008,frfcfs_scheduler_i/U609/Y,AOI22X1,NAND2X1/B,1,0.00202749,0.00202749,0.00194421,0.00194421,0.00202749,0.0,0.00202749,0.0,0.002027
frfcfs_scheduler_i/n1009,frfcfs_scheduler_i/U616/Y,AOI22X1,NAND3X1/A,1,0.00254759,0.00254759,0.00220852,0.00220852,0.00254759,0.0,0.00254759,0.0,0.002548
frfcfs_scheduler_i/n1010,frfcfs_scheduler_i/U614/Y,AOI21X1,NAND3X1/B,1,0.00283213,0.00283213,0.00259978,0.00259978,0.00283213,0.0,0.00283213,0.0,0.002832
frfcfs_scheduler_i/n1012,frfcfs_scheduler_i/U613/Y,AOI22X1,AND2X2/A,1,0.00179784,0.00179784,0.00176278,0.00176278,0.00179784,0.0,0.00179784,0.0,0.001798
frfcfs_scheduler_i/n1013,frfcfs_scheduler_i/U612/Y,AOI22X1,AND2X2/B,1,0.00186944,0.00186944,0.00182011,0.00182011,0.00186944,0.0,0.00186944,0.0,0.001869
frfcfs_scheduler_i/n1014,frfcfs_scheduler_i/U615/Y,AOI21X1,INVX1/A,1,0.00155103,0.00155103,0.00147616,0.00147616,0.00155103,0.0,0.00155103,0.0,0.001551
frfcfs_scheduler_i/n1015,frfcfs_scheduler_i/U624/Y,NAND3X1,NOR3X1/A,1,0.00302113,0.00302113,0.00301081,0.00301081,0.00302113,0.0,0.00302113,0.0,0.003021
frfcfs_scheduler_i/n1016,frfcfs_scheduler_i/U620/Y,NAND3X1,NOR3X1/B,1,0.003067,0.00306333,0.003067,0.00306333,0.003067,0.0,0.003067,0.0,0.003067
frfcfs_scheduler_i/n1017,frfcfs_scheduler_i/U618/Y,NAND3X1,NOR3X1/C,1,0.00328822,0.00328822,0.00322576,0.00322576,0.00328822,0.0,0.00328822,0.0,0.003288
frfcfs_scheduler_i/n1018,frfcfs_scheduler_i/U619/Y,AOI22X1,NAND3X1/C,1,0.00296109,0.00296109,0.0028316,0.0028316,0.00296109,0.0,0.00296109,0.0,0.002961
frfcfs_scheduler_i/n1019,frfcfs_scheduler_i/U623/Y,AOI22X1,NAND3X1/A,1,0.00254759,0.00254759,0.00220852,0.00220852,0.00254759,0.0,0.00254759,0.0,0.002548
frfcfs_scheduler_i/n1020,frfcfs_scheduler_i/U622/Y,NAND2X1,NAND3X1/B,1,0.00283213,0.00283213,0.00259978,0.00259978,0.00283213,0.0,0.00283213,0.0,0.002832
frfcfs_scheduler_i/n1021,frfcfs_scheduler_i/U621/Y,AOI22X1,NAND3X1/C,1,0.00296109,0.00296109,0.0028316,0.0028316,0.00296109,0.0,0.00296109,0.0,0.002961
frfcfs_scheduler_i/n1022,frfcfs_scheduler_i/U629/Y,AOI22X1,NAND3X1/A,1,0.00254759,0.00254759,0.00220852,0.00220852,0.00254759,0.0,0.00254759,0.0,0.002548
frfcfs_scheduler_i/n1023,frfcfs_scheduler_i/U627/Y,AOI21X1,NAND3X1/B,1,0.00283213,0.00283213,0.00259978,0.00259978,0.00283213,0.0,0.00283213,0.0,0.002832
frfcfs_scheduler_i/n1025,frfcfs_scheduler_i/U626/Y,AOI22X1,AND2X2/A,1,0.00179784,0.00179784,0.00176278,0.00176278,0.00179784,0.0,0.00179784,0.0,0.001798
frfcfs_scheduler_i/n1026,frfcfs_scheduler_i/U625/Y,AOI22X1,AND2X2/B,1,0.00186944,0.00186944,0.00182011,0.00182011,0.00186944,0.0,0.00186944,0.0,0.001869
frfcfs_scheduler_i/n1027,frfcfs_scheduler_i/U628/Y,AOI21X1,INVX1/A,1,0.00155103,0.00155103,0.00147616,0.00147616,0.00155103,0.0,0.00155103,0.0,0.001551
frfcfs_scheduler_i/n1030,frfcfs_scheduler_i/U638/Y,NAND3X1,NOR3X1/A,1,0.00302113,0.00302113,0.00301081,0.00301081,0.00302113,0.0,0.00302113,0.0,0.003021
frfcfs_scheduler_i/n1031,frfcfs_scheduler_i/U635/Y,NAND2X1,NOR3X1/B,1,0.003067,0.00306333,0.003067,0.00306333,0.003067,0.0,0.003067,0.0,0.003067
frfcfs_scheduler_i/n1032,frfcfs_scheduler_i/U632/Y,NAND3X1,NOR3X1/C,1,0.00328822,0.00328822,0.00322576,0.00322576,0.00328822,0.0,0.00328822,0.0,0.003288
frfcfs_scheduler_i/n1033,frfcfs_scheduler_i/U634/Y,NAND2X1,NAND3X1/B,1,0.00283213,0.00283213,0.00259978,0.00259978,0.00283213,0.0,0.00283213,0.0,0.002832
frfcfs_scheduler_i/n1034,frfcfs_scheduler_i/U633/Y,AOI22X1,NAND3X1/C,1,0.00296109,0.00296109,0.0028316,0.0028316,0.00296109,0.0,0.00296109,0.0,0.002961
frfcfs_scheduler_i/n1035,frfcfs_scheduler_i/U637/Y,AOI22X1,NAND2X1/A,1,0.00211057,0.00211057,0.00188435,0.00188435,0.00211057,0.0,0.00211057,0.0,0.002111
frfcfs_scheduler_i/n1036,frfcfs_scheduler_i/U636/Y,AOI22X1,NAND2X1/B,1,0.00202749,0.00202749,0.00194421,0.00194421,0.00202749,0.0,0.00202749,0.0,0.002027
frfcfs_scheduler_i/n1037,frfcfs_scheduler_i/U643/Y,AOI22X1,NAND3X1/A,1,0.00254759,0.00254759,0.00220852,0.00220852,0.00254759,0.0,0.00254759,0.0,0.002548
frfcfs_scheduler_i/n1038,frfcfs_scheduler_i/U641/Y,AOI21X1,NAND3X1/B,1,0.00283213,0.00283213,0.00259978,0.00259978,0.00283213,0.0,0.00283213,0.0,0.002832
frfcfs_scheduler_i/n1040,frfcfs_scheduler_i/U640/Y,AOI22X1,AND2X2/A,1,0.00179784,0.00179784,0.00176278,0.00176278,0.00179784,0.0,0.00179784,0.0,0.001798
frfcfs_scheduler_i/n1041,frfcfs_scheduler_i/U639/Y,AOI22X1,AND2X2/B,1,0.00186944,0.00186944,0.00182011,0.00182011,0.00186944,0.0,0.00186944,0.0,0.001869
frfcfs_scheduler_i/n1043,frfcfs_scheduler_i/U651/Y,NAND3X1,NOR3X1/A,1,0.00302113,0.00302113,0.00301081,0.00301081,0.00302113,0.0,0.00302113,0.0,0.003021
frfcfs_scheduler_i/n1044,frfcfs_scheduler_i/U647/Y,NAND3X1,NOR3X1/B,1,0.003067,0.00306333,0.003067,0.00306333,0.003067,0.0,0.003067,0.0,0.003067
frfcfs_scheduler_i/n1045,frfcfs_scheduler_i/U645/Y,NAND3X1,NOR3X1/C,1,0.00328822,0.00328822,0.00322576,0.00322576,0.00328822,0.0,0.00328822,0.0,0.003288
frfcfs_scheduler_i/n1046,frfcfs_scheduler_i/U646/Y,AOI22X1,NAND3X1/C,1,0.00296109,0.00296109,0.0028316,0.0028316,0.00296109,0.0,0.00296109,0.0,0.002961
frfcfs_scheduler_i/n1047,frfcfs_scheduler_i/U650/Y,AOI22X1,NAND3X1/A,1,0.00254759,0.00254759,0.00220852,0.00220852,0.00254759,0.0,0.00254759,0.0,0.002548
frfcfs_scheduler_i/n1048,frfcfs_scheduler_i/U649/Y,NAND2X1,NAND3X1/B,1,0.00283213,0.00283213,0.00259978,0.00259978,0.00283213,0.0,0.00283213,0.0,0.002832
frfcfs_scheduler_i/n1049,frfcfs_scheduler_i/U648/Y,AOI22X1,NAND3X1/C,1,0.00296109,0.00296109,0.0028316,0.0028316,0.00296109,0.0,0.00296109,0.0,0.002961
frfcfs_scheduler_i/n1050,frfcfs_scheduler_i/U656/Y,AOI22X1,NAND3X1/A,1,0.00254759,0.00254759,0.00220852,0.00220852,0.00254759,0.0,0.00254759,0.0,0.002548
frfcfs_scheduler_i/n1051,frfcfs_scheduler_i/U654/Y,AOI21X1,NAND3X1/B,1,0.00283213,0.00283213,0.00259978,0.00259978,0.00283213,0.0,0.00283213,0.0,0.002832
frfcfs_scheduler_i/n1053,frfcfs_scheduler_i/U653/Y,AOI22X1,AND2X2/A,1,0.00179784,0.00179784,0.00176278,0.00176278,0.00179784,0.0,0.00179784,0.0,0.001798
frfcfs_scheduler_i/n1054,frfcfs_scheduler_i/U652/Y,AOI22X1,AND2X2/B,1,0.00186944,0.00186944,0.00182011,0.00182011,0.00186944,0.0,0.00186944,0.0,0.001869
frfcfs_scheduler_i/n1058,frfcfs_scheduler_i/U665/Y,NAND3X1,NOR3X1/A,1,0.00302113,0.00302113,0.00301081,0.00301081,0.00302113,0.0,0.00302113,0.0,0.003021
frfcfs_scheduler_i/n1059,frfcfs_scheduler_i/U662/Y,NAND2X1,NOR3X1/B,1,0.003067,0.00306333,0.003067,0.00306333,0.003067,0.0,0.003067,0.0,0.003067
frfcfs_scheduler_i/n1060,frfcfs_scheduler_i/U659/Y,NAND3X1,NOR3X1/C,1,0.00328822,0.00328822,0.00322576,0.00322576,0.00328822,0.0,0.00328822,0.0,0.003288
frfcfs_scheduler_i/n1061,frfcfs_scheduler_i/U661/Y,NAND2X1,NAND3X1/B,1,0.00283213,0.00283213,0.00259978,0.00259978,0.00283213,0.0,0.00283213,0.0,0.002832
frfcfs_scheduler_i/n1062,frfcfs_scheduler_i/U660/Y,AOI22X1,NAND3X1/C,1,0.00296109,0.00296109,0.0028316,0.0028316,0.00296109,0.0,0.00296109,0.0,0.002961
frfcfs_scheduler_i/n1063,frfcfs_scheduler_i/U664/Y,AOI22X1,NAND2X1/A,1,0.00211057,0.00211057,0.00188435,0.00188435,0.00211057,0.0,0.00211057,0.0,0.002111
frfcfs_scheduler_i/n1064,frfcfs_scheduler_i/U663/Y,AOI22X1,NAND2X1/B,1,0.00202749,0.00202749,0.00194421,0.00194421,0.00202749,0.0,0.00202749,0.0,0.002027
frfcfs_scheduler_i/n1065,frfcfs_scheduler_i/U670/Y,AOI22X1,NAND3X1/A,1,0.00254759,0.00254759,0.00220852,0.00220852,0.00254759,0.0,0.00254759,0.0,0.002548
frfcfs_scheduler_i/n1066,frfcfs_scheduler_i/U668/Y,AOI21X1,NAND3X1/B,1,0.00283213,0.00283213,0.00259978,0.00259978,0.00283213,0.0,0.00283213,0.0,0.002832
frfcfs_scheduler_i/n1068,frfcfs_scheduler_i/U667/Y,AOI22X1,AND2X2/A,1,0.00179784,0.00179784,0.00176278,0.00176278,0.00179784,0.0,0.00179784,0.0,0.001798
frfcfs_scheduler_i/n1069,frfcfs_scheduler_i/U666/Y,AOI22X1,AND2X2/B,1,0.00186944,0.00186944,0.00182011,0.00182011,0.00186944,0.0,0.00186944,0.0,0.001869
frfcfs_scheduler_i/n1071,frfcfs_scheduler_i/U678/Y,NAND3X1,NOR3X1/A,1,0.00302113,0.00302113,0.00301081,0.00301081,0.00302113,0.0,0.00302113,0.0,0.003021
frfcfs_scheduler_i/n1072,frfcfs_scheduler_i/U674/Y,NAND3X1,NOR3X1/B,1,0.003067,0.00306333,0.003067,0.00306333,0.003067,0.0,0.003067,0.0,0.003067
frfcfs_scheduler_i/n1073,frfcfs_scheduler_i/U672/Y,NAND3X1,NOR3X1/C,1,0.00328822,0.00328822,0.00322576,0.00322576,0.00328822,0.0,0.00328822,0.0,0.003288
frfcfs_scheduler_i/n1074,frfcfs_scheduler_i/U673/Y,AOI22X1,NAND3X1/C,1,0.00296109,0.00296109,0.0028316,0.0028316,0.00296109,0.0,0.00296109,0.0,0.002961
frfcfs_scheduler_i/n1075,frfcfs_scheduler_i/U677/Y,AOI22X1,NAND3X1/A,1,0.00254759,0.00254759,0.00220852,0.00220852,0.00254759,0.0,0.00254759,0.0,0.002548
frfcfs_scheduler_i/n1076,frfcfs_scheduler_i/U676/Y,NAND2X1,NAND3X1/B,1,0.00283213,0.00283213,0.00259978,0.00259978,0.00283213,0.0,0.00283213,0.0,0.002832
frfcfs_scheduler_i/n1077,frfcfs_scheduler_i/U675/Y,AOI22X1,NAND3X1/C,1,0.00296109,0.00296109,0.0028316,0.0028316,0.00296109,0.0,0.00296109,0.0,0.002961
frfcfs_scheduler_i/n1078,frfcfs_scheduler_i/U683/Y,AOI22X1,NAND3X1/A,1,0.00254759,0.00254759,0.00220852,0.00220852,0.00254759,0.0,0.00254759,0.0,0.002548
frfcfs_scheduler_i/n1079,frfcfs_scheduler_i/U681/Y,AOI21X1,NAND3X1/B,1,0.00283213,0.00283213,0.00259978,0.00259978,0.00283213,0.0,0.00283213,0.0,0.002832
frfcfs_scheduler_i/n1081,frfcfs_scheduler_i/U680/Y,AOI22X1,AND2X2/A,1,0.00179784,0.00179784,0.00176278,0.00176278,0.00179784,0.0,0.00179784,0.0,0.001798
frfcfs_scheduler_i/n1082,frfcfs_scheduler_i/U679/Y,AOI22X1,AND2X2/B,1,0.00186944,0.00186944,0.00182011,0.00182011,0.00186944,0.0,0.00186944,0.0,0.001869
frfcfs_scheduler_i/n1086,frfcfs_scheduler_i/U692/Y,NAND3X1,NOR3X1/A,1,0.00302113,0.00302113,0.00301081,0.00301081,0.00302113,0.0,0.00302113,0.0,0.003021
frfcfs_scheduler_i/n1087,frfcfs_scheduler_i/U689/Y,NAND2X1,NOR3X1/B,1,0.003067,0.00306333,0.003067,0.00306333,0.003067,0.0,0.003067,0.0,0.003067
frfcfs_scheduler_i/n1088,frfcfs_scheduler_i/U686/Y,NAND3X1,NOR3X1/C,1,0.00328822,0.00328822,0.00322576,0.00322576,0.00328822,0.0,0.00328822,0.0,0.003288
frfcfs_scheduler_i/n1089,frfcfs_scheduler_i/U688/Y,NAND2X1,NAND3X1/B,1,0.00283213,0.00283213,0.00259978,0.00259978,0.00283213,0.0,0.00283213,0.0,0.002832
frfcfs_scheduler_i/n1090,frfcfs_scheduler_i/U687/Y,AOI22X1,NAND3X1/C,1,0.00296109,0.00296109,0.0028316,0.0028316,0.00296109,0.0,0.00296109,0.0,0.002961
frfcfs_scheduler_i/n1091,frfcfs_scheduler_i/U691/Y,AOI22X1,NAND2X1/A,1,0.00211057,0.00211057,0.00188435,0.00188435,0.00211057,0.0,0.00211057,0.0,0.002111
frfcfs_scheduler_i/n1092,frfcfs_scheduler_i/U690/Y,AOI22X1,NAND2X1/B,1,0.00202749,0.00202749,0.00194421,0.00194421,0.00202749,0.0,0.00202749,0.0,0.002027
frfcfs_scheduler_i/n1093,frfcfs_scheduler_i/U697/Y,AOI22X1,NAND3X1/A,1,0.00254759,0.00254759,0.00220852,0.00220852,0.00254759,0.0,0.00254759,0.0,0.002548
frfcfs_scheduler_i/n1094,frfcfs_scheduler_i/U695/Y,AOI21X1,NAND3X1/B,1,0.00283213,0.00283213,0.00259978,0.00259978,0.00283213,0.0,0.00283213,0.0,0.002832
frfcfs_scheduler_i/n1096,frfcfs_scheduler_i/U694/Y,AOI22X1,AND2X2/A,1,0.00179784,0.00179784,0.00176278,0.00176278,0.00179784,0.0,0.00179784,0.0,0.001798
frfcfs_scheduler_i/n1097,frfcfs_scheduler_i/U693/Y,AOI22X1,AND2X2/B,1,0.00186944,0.00186944,0.00182011,0.00182011,0.00186944,0.0,0.00186944,0.0,0.001869
frfcfs_scheduler_i/n1099,frfcfs_scheduler_i/U705/Y,NAND3X1,NOR3X1/A,1,0.00302113,0.00302113,0.00301081,0.00301081,0.00302113,0.0,0.00302113,0.0,0.003021
frfcfs_scheduler_i/n1100,frfcfs_scheduler_i/U701/Y,NAND3X1,NOR3X1/B,1,0.003067,0.00306333,0.003067,0.00306333,0.003067,0.0,0.003067,0.0,0.003067
frfcfs_scheduler_i/n1101,frfcfs_scheduler_i/U699/Y,NAND3X1,NOR3X1/C,1,0.00328822,0.00328822,0.00322576,0.00322576,0.00328822,0.0,0.00328822,0.0,0.003288
frfcfs_scheduler_i/n1102,frfcfs_scheduler_i/U700/Y,AOI22X1,NAND3X1/C,1,0.00296109,0.00296109,0.0028316,0.0028316,0.00296109,0.0,0.00296109,0.0,0.002961
frfcfs_scheduler_i/n1103,frfcfs_scheduler_i/U704/Y,AOI22X1,NAND3X1/A,1,0.00254759,0.00254759,0.00220852,0.00220852,0.00254759,0.0,0.00254759,0.0,0.002548
frfcfs_scheduler_i/n1104,frfcfs_scheduler_i/U703/Y,NAND2X1,NAND3X1/B,1,0.00283213,0.00283213,0.00259978,0.00259978,0.00283213,0.0,0.00283213,0.0,0.002832
frfcfs_scheduler_i/n1105,frfcfs_scheduler_i/U702/Y,AOI22X1,NAND3X1/C,1,0.00296109,0.00296109,0.0028316,0.0028316,0.00296109,0.0,0.00296109,0.0,0.002961
frfcfs_scheduler_i/n1106,frfcfs_scheduler_i/U710/Y,AOI22X1,NAND3X1/A,1,0.00254759,0.00254759,0.00220852,0.00220852,0.00254759,0.0,0.00254759,0.0,0.002548
frfcfs_scheduler_i/n1107,frfcfs_scheduler_i/U708/Y,AOI21X1,NAND3X1/B,1,0.00283213,0.00283213,0.00259978,0.00259978,0.00283213,0.0,0.00283213,0.0,0.002832
frfcfs_scheduler_i/n1109,frfcfs_scheduler_i/U707/Y,AOI22X1,AND2X2/A,1,0.00179784,0.00179784,0.00176278,0.00176278,0.00179784,0.0,0.00179784,0.0,0.001798
frfcfs_scheduler_i/n1110,frfcfs_scheduler_i/U706/Y,AOI22X1,AND2X2/B,1,0.00186944,0.00186944,0.00182011,0.00182011,0.00186944,0.0,0.00186944,0.0,0.001869
frfcfs_scheduler_i/n1114,frfcfs_scheduler_i/U719/Y,NAND3X1,NOR3X1/A,1,0.00302113,0.00302113,0.00301081,0.00301081,0.00302113,0.0,0.00302113,0.0,0.003021
frfcfs_scheduler_i/n1115,frfcfs_scheduler_i/U716/Y,NAND2X1,NOR3X1/B,1,0.003067,0.00306333,0.003067,0.00306333,0.003067,0.0,0.003067,0.0,0.003067
frfcfs_scheduler_i/n1116,frfcfs_scheduler_i/U713/Y,NAND3X1,NOR3X1/C,1,0.00328822,0.00328822,0.00322576,0.00322576,0.00328822,0.0,0.00328822,0.0,0.003288
frfcfs_scheduler_i/n1117,frfcfs_scheduler_i/U715/Y,NAND2X1,NAND3X1/B,1,0.00283213,0.00283213,0.00259978,0.00259978,0.00283213,0.0,0.00283213,0.0,0.002832
frfcfs_scheduler_i/n1118,frfcfs_scheduler_i/U714/Y,AOI22X1,NAND3X1/C,1,0.00296109,0.00296109,0.0028316,0.0028316,0.00296109,0.0,0.00296109,0.0,0.002961
frfcfs_scheduler_i/n1120,frfcfs_scheduler_i/U718/Y,AOI22X1,NAND2X1/A,1,0.00211057,0.00211057,0.00188435,0.00188435,0.00211057,0.0,0.00211057,0.0,0.002111
frfcfs_scheduler_i/n1121,frfcfs_scheduler_i/U717/Y,AOI22X1,NAND2X1/B,1,0.00202749,0.00202749,0.00194421,0.00194421,0.00202749,0.0,0.00202749,0.0,0.002027
frfcfs_scheduler_i/n1123,frfcfs_scheduler_i/U724/Y,AOI22X1,NAND3X1/A,1,0.00254759,0.00254759,0.00220852,0.00220852,0.00254759,0.0,0.00254759,0.0,0.002548
frfcfs_scheduler_i/n1124,frfcfs_scheduler_i/U722/Y,AOI21X1,NAND3X1/B,1,0.00283213,0.00283213,0.00259978,0.00259978,0.00283213,0.0,0.00283213,0.0,0.002832
frfcfs_scheduler_i/n1126,frfcfs_scheduler_i/U721/Y,AOI22X1,AND2X2/A,1,0.00179784,0.00179784,0.00176278,0.00176278,0.00179784,0.0,0.00179784,0.0,0.001798
frfcfs_scheduler_i/n1127,frfcfs_scheduler_i/U720/Y,AOI22X1,AND2X2/B,1,0.00186944,0.00186944,0.00182011,0.00182011,0.00186944,0.0,0.00186944,0.0,0.001869
frfcfs_scheduler_i/n1129,frfcfs_scheduler_i/U799/Y,NAND3X1,NOR3X1/A,1,0.00302113,0.00302113,0.00301081,0.00301081,0.00302113,0.0,0.00302113,0.0,0.003021
frfcfs_scheduler_i/n1130,frfcfs_scheduler_i/U765/Y,NAND3X1,NOR3X1/B,1,0.003067,0.00306333,0.003067,0.00306333,0.003067,0.0,0.003067,0.0,0.003067
frfcfs_scheduler_i/n1131,frfcfs_scheduler_i/U726/Y,NAND3X1,NOR3X1/C,1,0.00328822,0.00328822,0.00322576,0.00322576,0.00328822,0.0,0.00328822,0.0,0.003288
frfcfs_scheduler_i/n1132,frfcfs_scheduler_i/U727/Y,AOI22X1,NAND3X1/C,1,0.00296109,0.00296109,0.0028316,0.0028316,0.00296109,0.0,0.00296109,0.0,0.002961
frfcfs_scheduler_i/n1133,frfcfs_scheduler_i/U1564/Y,NOR2X1,NOR3X1/C,1,0.00328822,0.00328822,0.00322576,0.00322576,0.00328822,0.0,0.00328822,0.0,0.003288
frfcfs_scheduler_i/n1134,frfcfs_scheduler_i/U744/Y,NAND3X1,INVX1/A;OR2X2/A,2,0.0038522,0.0038427899999999996,0.0037773299999999998,0.00377733,0.00384279,0.0,0.00384279,0.0,0.003852
frfcfs_scheduler_i/n1136,frfcfs_scheduler_i/U728/Y,NAND3X1,INVX1/A,1,0.00155103,0.00155103,0.00147616,0.00147616,0.00155103,0.0,0.00155103,0.0,0.001551
frfcfs_scheduler_i/n1140,frfcfs_scheduler_i/U734/Y,NAND3X1,NOR3X1/A,1,0.00302113,0.00302113,0.00301081,0.00301081,0.00302113,0.0,0.00302113,0.0,0.003021
frfcfs_scheduler_i/n1145,frfcfs_scheduler_i/U814/Y,NAND3X1,INVX1/A;OR2X2/A,2,0.0038522,0.0038427899999999996,0.0037773299999999998,0.00377733,0.00384279,0.0,0.00384279,0.0,0.003852
frfcfs_scheduler_i/n1147,frfcfs_scheduler_i/U780/Y,NAND3X1,INVX1/A;OR2X2/A,2,0.0038522,0.0038427899999999996,0.0037773299999999998,0.00377733,0.00384279,0.0,0.00384279,0.0,0.003852
frfcfs_scheduler_i/n1151,frfcfs_scheduler_i/U735/Y,NOR2X1,NAND3X1/C,1,0.00296109,0.00296109,0.0028316,0.0028316,0.00296109,0.0,0.00296109,0.0,0.002961
frfcfs_scheduler_i/n1153,frfcfs_scheduler_i/U1567/Y,NOR2X1,NOR3X1/C,1,0.00328822,0.00328822,0.00322576,0.00322576,0.00328822,0.0,0.00328822,0.0,0.003288
frfcfs_scheduler_i/n1158,frfcfs_scheduler_i/U745/Y,NAND2X1,NAND3X1/B,1,0.00283213,0.00283213,0.00259978,0.00259978,0.00283213,0.0,0.00283213,0.0,0.002832
frfcfs_scheduler_i/n1162,frfcfs_scheduler_i/U767/Y,NAND3X1,INVX1/A;OR2X2/A,2,0.0038522,0.0038427899999999996,0.0037773299999999998,0.00377733,0.00384279,0.0,0.00384279,0.0,0.003852
frfcfs_scheduler_i/n1164,frfcfs_scheduler_i/U773/Y,NAND3X1,INVX1/A;OR2X2/A,2,0.0038522,0.0038427899999999996,0.0037773299999999998,0.00377733,0.00384279,0.0,0.00384279,0.0,0.003852
frfcfs_scheduler_i/n1167,frfcfs_scheduler_i/U841/Y,NAND3X1,INVX1/A;OR2X1/A,2,0.0040763,0.0040763,0.00378955,0.00378955,0.0040763,0.0,0.0040763,0.0,0.004076
frfcfs_scheduler_i/n1169,frfcfs_scheduler_i/U807/Y,NAND3X1,INVX1/A;OR2X1/A,2,0.0040763,0.0040763,0.00378955,0.00378955,0.0040763,0.0,0.0040763,0.0,0.004076
frfcfs_scheduler_i/n1171,frfcfs_scheduler_i/U820/Y,NAND3X1,INVX1/A;OR2X2/A,2,0.0038522,0.0038427899999999996,0.0037773299999999998,0.00377733,0.00384279,0.0,0.00384279,0.0,0.003852
frfcfs_scheduler_i/n1177,frfcfs_scheduler_i/U834/Y,NAND3X1,INVX1/A;OR2X1/A,2,0.0040763,0.0040763,0.00378955,0.00378955,0.0040763,0.0,0.0040763,0.0,0.004076
frfcfs_scheduler_i/n1184,frfcfs_scheduler_i/U847/Y,NAND3X1,INVX1/A;OR2X1/A,2,0.0040763,0.0040763,0.00378955,0.00378955,0.0040763,0.0,0.0040763,0.0,0.004076
frfcfs_scheduler_i/n1186,frfcfs_scheduler_i/U786/Y,AOI22X1,NAND3X1/A,1,0.00254759,0.00254759,0.00220852,0.00220852,0.00254759,0.0,0.00254759,0.0,0.002548
frfcfs_scheduler_i/n1187,frfcfs_scheduler_i/U779/Y,NAND2X1,NAND3X1/B,1,0.00283213,0.00283213,0.00259978,0.00259978,0.00283213,0.0,0.00283213,0.0,0.002832
frfcfs_scheduler_i/n1188,frfcfs_scheduler_i/U766/Y,AOI22X1,NAND3X1/C,1,0.00296109,0.00296109,0.0028316,0.0028316,0.00296109,0.0,0.00296109,0.0,0.002961
frfcfs_scheduler_i/n1189,frfcfs_scheduler_i/U768/Y,NAND2X1,NAND3X1/B,1,0.00283213,0.00283213,0.00259978,0.00259978,0.00283213,0.0,0.00283213,0.0,0.002832
frfcfs_scheduler_i/n1193,frfcfs_scheduler_i/U774/Y,NAND2X1,NAND3X1/B,1,0.00283213,0.00283213,0.00259978,0.00259978,0.00283213,0.0,0.00283213,0.0,0.002832
frfcfs_scheduler_i/n1197,frfcfs_scheduler_i/U781/Y,NAND2X1,NAND3X1/B,1,0.00283213,0.00283213,0.00259978,0.00259978,0.00283213,0.0,0.00283213,0.0,0.002832
frfcfs_scheduler_i/n1209,frfcfs_scheduler_i/U840/Y,AOI22X1,NAND3X1/A,1,0.00254759,0.00254759,0.00220852,0.00220852,0.00254759,0.0,0.00254759,0.0,0.002548
frfcfs_scheduler_i/n1210,frfcfs_scheduler_i/U826/Y,AOI21X1,NAND3X1/B,1,0.00283213,0.00283213,0.00259978,0.00259978,0.00283213,0.0,0.00283213,0.0,0.002832
frfcfs_scheduler_i/n1212,frfcfs_scheduler_i/U813/Y,AOI22X1,AND2X2/A,1,0.00179784,0.00179784,0.00176278,0.00176278,0.00179784,0.0,0.00179784,0.0,0.001798
frfcfs_scheduler_i/n1213,frfcfs_scheduler_i/U800/Y,AOI22X1,AND2X2/B,1,0.00186944,0.00186944,0.00182011,0.00182011,0.00186944,0.0,0.00186944,0.0,0.001869
frfcfs_scheduler_i/n1218,frfcfs_scheduler_i/U808/Y,NAND2X1,NAND3X1/B,1,0.00283213,0.00283213,0.00259978,0.00259978,0.00283213,0.0,0.00283213,0.0,0.002832
frfcfs_scheduler_i/n1222,frfcfs_scheduler_i/U815/Y,NAND2X1,NAND3X1/B,1,0.00283213,0.00283213,0.00259978,0.00259978,0.00283213,0.0,0.00283213,0.0,0.002832
frfcfs_scheduler_i/n1226,frfcfs_scheduler_i/U821/Y,NAND2X1,NAND3X1/B,1,0.00283213,0.00283213,0.00259978,0.00259978,0.00283213,0.0,0.00283213,0.0,0.002832
frfcfs_scheduler_i/n1231,frfcfs_scheduler_i/U829/Y,NAND2X1,NAND3X1/B,1,0.00283213,0.00283213,0.00259978,0.00259978,0.00283213,0.0,0.00283213,0.0,0.002832
frfcfs_scheduler_i/n1235,frfcfs_scheduler_i/U835/Y,NAND2X1,NAND3X1/B,1,0.00283213,0.00283213,0.00259978,0.00259978,0.00283213,0.0,0.00283213,0.0,0.002832
frfcfs_scheduler_i/n1239,frfcfs_scheduler_i/U842/Y,NAND2X1,NAND3X1/B,1,0.00283213,0.00283213,0.00259978,0.00259978,0.00283213,0.0,0.00283213,0.0,0.002832
frfcfs_scheduler_i/n1243,frfcfs_scheduler_i/U848/Y,NAND2X1,NAND3X1/B,1,0.00283213,0.00283213,0.00259978,0.00259978,0.00283213,0.0,0.00283213,0.0,0.002832
frfcfs_scheduler_i/n1247,frfcfs_scheduler_i/U855/Y,NAND2X1,NAND2X1/B,1,0.00202749,0.00202749,0.00194421,0.00194421,0.00202749,0.0,0.00202749,0.0,0.002027
frfcfs_scheduler_i/n1248,frfcfs_scheduler_i/U856/Y,NAND3X1,NAND2X1/B,1,0.00202749,0.00202749,0.00194421,0.00194421,0.00202749,0.0,0.00202749,0.0,0.002027
frfcfs_scheduler_i/n1249,frfcfs_scheduler_i/U857/Y,AOI21X1,NAND3X1/C,1,0.00296109,0.00296109,0.0028316,0.0028316,0.00296109,0.0,0.00296109,0.0,0.002961
frfcfs_scheduler_i/n1252,frfcfs_scheduler_i/U864/Y,NAND3X1,OAI21X1/A,1,0.00274222,0.00274222,0.00257258,0.00257258,0.00274222,0.0,0.00274222,0.0,0.002742
frfcfs_scheduler_i/n1253,frfcfs_scheduler_i/U859/Y,NAND3X1,OAI21X1/B,1,0.00283226,0.00283226,0.00263248,0.00263248,0.00283226,0.0,0.00283226,0.0,0.002832
frfcfs_scheduler_i/n1254,frfcfs_scheduler_i/U863/Y,AOI21X1,NAND3X1/A,1,0.00254759,0.00254759,0.00220852,0.00220852,0.00254759,0.0,0.00254759,0.0,0.002548
frfcfs_scheduler_i/n1255,frfcfs_scheduler_i/U862/Y,AOI22X1,NAND3X1/B,1,0.00283213,0.00283213,0.00259978,0.00259978,0.00283213,0.0,0.00283213,0.0,0.002832
frfcfs_scheduler_i/n1257,frfcfs_scheduler_i/U861/Y,AOI22X1,AND2X2/A,1,0.00179784,0.00179784,0.00176278,0.00176278,0.00179784,0.0,0.00179784,0.0,0.001798
frfcfs_scheduler_i/n1258,frfcfs_scheduler_i/U860/Y,AOI22X1,AND2X2/B,1,0.00186944,0.00186944,0.00182011,0.00182011,0.00186944,0.0,0.00186944,0.0,0.001869
frfcfs_scheduler_i/n1259,frfcfs_scheduler_i/U869/Y,AOI22X1,NAND3X1/A,1,0.00254759,0.00254759,0.00220852,0.00220852,0.00254759,0.0,0.00254759,0.0,0.002548
frfcfs_scheduler_i/n1260,frfcfs_scheduler_i/U867/Y,AOI21X1,NAND3X1/B,1,0.00283213,0.00283213,0.00259978,0.00259978,0.00283213,0.0,0.00283213,0.0,0.002832
frfcfs_scheduler_i/n1262,frfcfs_scheduler_i/U866/Y,AOI22X1,AND2X2/A,1,0.00179784,0.00179784,0.00176278,0.00176278,0.00179784,0.0,0.00179784,0.0,0.001798
frfcfs_scheduler_i/n1263,frfcfs_scheduler_i/U865/Y,AOI22X1,AND2X2/B,1,0.00186944,0.00186944,0.00182011,0.00182011,0.00186944,0.0,0.00186944,0.0,0.001869
frfcfs_scheduler_i/n1264,frfcfs_scheduler_i/U868/Y,AOI21X1,INVX1/A,1,0.00155103,0.00155103,0.00147616,0.00147616,0.00155103,0.0,0.00155103,0.0,0.001551
frfcfs_scheduler_i/n1266,frfcfs_scheduler_i/U882/Y,NAND3X1,INVX1/A;NAND2X1/A,2,0.0036616,0.0036616,0.0033605099999999997,0.00336051,0.0036616,0.0,0.0036616,0.0,0.003662
frfcfs_scheduler_i/n1267,frfcfs_scheduler_i/U871/Y,NAND2X1,OAI21X1/C,1,0.00200991,0.00200991,0.0019239,0.0019239,0.00200991,0.0,0.00200991,0.0,0.00201
frfcfs_scheduler_i/n1270,frfcfs_scheduler_i/U883/Y,NAND3X1,BUFX2/A,1,0.00153896,0.00153896,0.00150415,0.00150415,0.00153896,0.0,0.00153896,0.0,0.001539
frfcfs_scheduler_i/n1271,frfcfs_scheduler_i/U876/Y,NAND2X1,OAI21X1/C,1,0.00200991,0.00200991,0.0019239,0.0019239,0.00200991,0.0,0.00200991,0.0,0.00201
frfcfs_scheduler_i/n1272,frfcfs_scheduler_i/U878/Y,NOR2X1,AOI21X1/C,1,0.00238603,0.00238603,0.00231224,0.00231224,0.00238603,0.0,0.00238603,0.0,0.002386
frfcfs_scheduler_i/n1273,frfcfs_scheduler_i/U881/Y,NAND2X1,OAI21X1/B,1,0.00283226,0.00283226,0.00263248,0.00263248,0.00283226,0.0,0.00283226,0.0,0.002832
frfcfs_scheduler_i/n1274,frfcfs_scheduler_i/U880/Y,NAND3X1,INVX1/A,1,0.00155103,0.00155103,0.00147616,0.00147616,0.00155103,0.0,0.00155103,0.0,0.001551
frfcfs_scheduler_i/n1280,frfcfs_scheduler_i/U896/Y,AOI21X1,BUFX2/A,1,0.00153896,0.00153896,0.00150415,0.00150415,0.00153896,0.0,0.00153896,0.0,0.001539
frfcfs_scheduler_i/n1283,frfcfs_scheduler_i/U885/Y,NAND2X1,OAI21X1/C,1,0.00200991,0.00200991,0.0019239,0.0019239,0.00200991,0.0,0.00200991,0.0,0.00201
frfcfs_scheduler_i/n1284,frfcfs_scheduler_i/U887/Y,NAND2X1,OAI21X1/C,1,0.00200991,0.00200991,0.0019239,0.0019239,0.00200991,0.0,0.00200991,0.0,0.00201
frfcfs_scheduler_i/n1285,frfcfs_scheduler_i/U889/Y,NAND3X1,NAND3X1/C,1,0.00296109,0.00296109,0.0028316,0.0028316,0.00296109,0.0,0.00296109,0.0,0.002961
frfcfs_scheduler_i/n1286,frfcfs_scheduler_i/U890/Y,NAND3X1,NAND3X1/C,1,0.00296109,0.00296109,0.0028316,0.0028316,0.00296109,0.0,0.00296109,0.0,0.002961
frfcfs_scheduler_i/n1287,frfcfs_scheduler_i/U891/Y,NAND3X1,NAND3X1/C,1,0.00296109,0.00296109,0.0028316,0.0028316,0.00296109,0.0,0.00296109,0.0,0.002961
frfcfs_scheduler_i/n1288,frfcfs_scheduler_i/U892/Y,NAND2X1,NAND3X1/C,1,0.00296109,0.00296109,0.0028316,0.0028316,0.00296109,0.0,0.00296109,0.0,0.002961
frfcfs_scheduler_i/n1289,frfcfs_scheduler_i/U893/Y,NAND3X1,NAND2X1/B,1,0.00202749,0.00202749,0.00194421,0.00194421,0.00202749,0.0,0.00202749,0.0,0.002027
frfcfs_scheduler_i/n1297,frfcfs_scheduler_i/U927/Y,NOR2X1,AOI21X1/C;INVX1/A,2,0.00393706,0.00393706,0.0037884,0.0037884,0.00393706,0.0,0.00393706,0.0,0.003937
frfcfs_scheduler_i/n1299,frfcfs_scheduler_i/U898/Y,NAND2X1,OAI21X1/C,1,0.00200991,0.00200991,0.0019239,0.0019239,0.00200991,0.0,0.00200991,0.0,0.00201
frfcfs_scheduler_i/n1302,frfcfs_scheduler_i/U926/Y,AOI21X1,BUFX2/A,1,0.00153896,0.00153896,0.00150415,0.00150415,0.00153896,0.0,0.00153896,0.0,0.001539
frfcfs_scheduler_i/n1303,frfcfs_scheduler_i/U908/Y,NAND3X1,OR2X2/A,1,0.00230117,0.00229176,0.00230117,0.00229176,0.00230117,0.0,0.00230117,0.0,0.002301
frfcfs_scheduler_i/n1304,frfcfs_scheduler_i/U903/Y,NAND3X1,OR2X2/B,1,0.00234214,0.00228252,0.00234214,0.00228252,0.00234214,0.0,0.00234214,0.0,0.002342
frfcfs_scheduler_i/n1305,frfcfs_scheduler_i/U907/Y,AOI21X1,NAND3X1/A,1,0.00254759,0.00254759,0.00220852,0.00220852,0.00254759,0.0,0.00254759,0.0,0.002548
frfcfs_scheduler_i/n1306,frfcfs_scheduler_i/U906/Y,AOI22X1,NAND3X1/B,1,0.00283213,0.00283213,0.00259978,0.00259978,0.00283213,0.0,0.00283213,0.0,0.002832
frfcfs_scheduler_i/n1308,frfcfs_scheduler_i/U905/Y,AOI22X1,AND2X2/A,1,0.00179784,0.00179784,0.00176278,0.00176278,0.00179784,0.0,0.00179784,0.0,0.001798
frfcfs_scheduler_i/n1309,frfcfs_scheduler_i/U904/Y,AOI22X1,AND2X2/B,1,0.00186944,0.00186944,0.00182011,0.00182011,0.00186944,0.0,0.00186944,0.0,0.001869
frfcfs_scheduler_i/n1310,frfcfs_scheduler_i/U913/Y,AOI22X1,NAND3X1/A,1,0.00254759,0.00254759,0.00220852,0.00220852,0.00254759,0.0,0.00254759,0.0,0.002548
frfcfs_scheduler_i/n1311,frfcfs_scheduler_i/U911/Y,AOI21X1,NAND3X1/B,1,0.00283213,0.00283213,0.00259978,0.00259978,0.00283213,0.0,0.00283213,0.0,0.002832
frfcfs_scheduler_i/n1313,frfcfs_scheduler_i/U910/Y,AOI22X1,AND2X2/A,1,0.00179784,0.00179784,0.00176278,0.00176278,0.00179784,0.0,0.00179784,0.0,0.001798
frfcfs_scheduler_i/n1314,frfcfs_scheduler_i/U909/Y,AOI22X1,AND2X2/B,1,0.00186944,0.00186944,0.00182011,0.00182011,0.00186944,0.0,0.00186944,0.0,0.001869
frfcfs_scheduler_i/n1315,frfcfs_scheduler_i/U912/Y,AOI21X1,INVX1/A,1,0.00155103,0.00155103,0.00147616,0.00147616,0.00155103,0.0,0.00155103,0.0,0.001551
frfcfs_scheduler_i/n1316,frfcfs_scheduler_i/U920/Y,NAND3X1,OR2X2/A,1,0.00230117,0.00229176,0.00230117,0.00229176,0.00230117,0.0,0.00230117,0.0,0.002301
frfcfs_scheduler_i/n1317,frfcfs_scheduler_i/U915/Y,NAND3X1,OR2X2/B,1,0.00234214,0.00228252,0.00234214,0.00228252,0.00234214,0.0,0.00234214,0.0,0.002342
frfcfs_scheduler_i/n1318,frfcfs_scheduler_i/U919/Y,AOI21X1,NAND3X1/A,1,0.00254759,0.00254759,0.00220852,0.00220852,0.00254759,0.0,0.00254759,0.0,0.002548
frfcfs_scheduler_i/n1319,frfcfs_scheduler_i/U918/Y,AOI22X1,NAND3X1/B,1,0.00283213,0.00283213,0.00259978,0.00259978,0.00283213,0.0,0.00283213,0.0,0.002832
frfcfs_scheduler_i/n1321,frfcfs_scheduler_i/U917/Y,AOI22X1,AND2X2/A,1,0.00179784,0.00179784,0.00176278,0.00176278,0.00179784,0.0,0.00179784,0.0,0.001798
frfcfs_scheduler_i/n1322,frfcfs_scheduler_i/U916/Y,AOI22X1,AND2X2/B,1,0.00186944,0.00186944,0.00182011,0.00182011,0.00186944,0.0,0.00186944,0.0,0.001869
frfcfs_scheduler_i/n1323,frfcfs_scheduler_i/U925/Y,AOI22X1,NAND3X1/A,1,0.00254759,0.00254759,0.00220852,0.00220852,0.00254759,0.0,0.00254759,0.0,0.002548
frfcfs_scheduler_i/n1324,frfcfs_scheduler_i/U923/Y,AOI21X1,NAND3X1/B,1,0.00283213,0.00283213,0.00259978,0.00259978,0.00283213,0.0,0.00283213,0.0,0.002832
frfcfs_scheduler_i/n1326,frfcfs_scheduler_i/U922/Y,AOI22X1,AND2X2/A,1,0.00179784,0.00179784,0.00176278,0.00176278,0.00179784,0.0,0.00179784,0.0,0.001798
frfcfs_scheduler_i/n1327,frfcfs_scheduler_i/U921/Y,AOI22X1,AND2X2/B,1,0.00186944,0.00186944,0.00182011,0.00182011,0.00186944,0.0,0.00186944,0.0,0.001869
frfcfs_scheduler_i/n1328,frfcfs_scheduler_i/U924/Y,AOI21X1,INVX1/A,1,0.00155103,0.00155103,0.00147616,0.00147616,0.00155103,0.0,0.00155103,0.0,0.001551
frfcfs_scheduler_i/n1330,frfcfs_scheduler_i/U933/Y,NAND3X1,NOR2X1/A,1,0.00224248,0.00224248,0.00220861,0.00220861,0.00224248,0.0,0.00224248,0.0,0.002242
frfcfs_scheduler_i/n1331,frfcfs_scheduler_i/U928/Y,NAND3X1,NOR2X1/B,1,0.00236501,0.00236501,0.00229711,0.00229711,0.00236501,0.0,0.00236501,0.0,0.002365
frfcfs_scheduler_i/n1332,frfcfs_scheduler_i/U932/Y,AOI21X1,NAND3X1/A,1,0.00254759,0.00254759,0.00220852,0.00220852,0.00254759,0.0,0.00254759,0.0,0.002548
frfcfs_scheduler_i/n1333,frfcfs_scheduler_i/U931/Y,AOI22X1,NAND3X1/B,1,0.00283213,0.00283213,0.00259978,0.00259978,0.00283213,0.0,0.00283213,0.0,0.002832
frfcfs_scheduler_i/n1335,frfcfs_scheduler_i/U930/Y,AOI22X1,AND2X2/A,1,0.00179784,0.00179784,0.00176278,0.00176278,0.00179784,0.0,0.00179784,0.0,0.001798
frfcfs_scheduler_i/n1336,frfcfs_scheduler_i/U929/Y,AOI22X1,AND2X2/B,1,0.00186944,0.00186944,0.00182011,0.00182011,0.00186944,0.0,0.00186944,0.0,0.001869
frfcfs_scheduler_i/n1337,frfcfs_scheduler_i/U938/Y,AOI22X1,NAND3X1/A,1,0.00254759,0.00254759,0.00220852,0.00220852,0.00254759,0.0,0.00254759,0.0,0.002548
frfcfs_scheduler_i/n1338,frfcfs_scheduler_i/U936/Y,AOI21X1,NAND3X1/B,1,0.00283213,0.00283213,0.00259978,0.00259978,0.00283213,0.0,0.00283213,0.0,0.002832
frfcfs_scheduler_i/n1340,frfcfs_scheduler_i/U935/Y,AOI22X1,AND2X2/A,1,0.00179784,0.00179784,0.00176278,0.00176278,0.00179784,0.0,0.00179784,0.0,0.001798
frfcfs_scheduler_i/n1341,frfcfs_scheduler_i/U934/Y,AOI22X1,AND2X2/B,1,0.00186944,0.00186944,0.00182011,0.00182011,0.00186944,0.0,0.00186944,0.0,0.001869
frfcfs_scheduler_i/n1342,frfcfs_scheduler_i/U937/Y,AOI21X1,INVX1/A,1,0.00155103,0.00155103,0.00147616,0.00147616,0.00155103,0.0,0.00155103,0.0,0.001551
frfcfs_scheduler_i/n1344,frfcfs_scheduler_i/U945/Y,NAND3X1,OR2X2/A,1,0.00230117,0.00229176,0.00230117,0.00229176,0.00230117,0.0,0.00230117,0.0,0.002301
frfcfs_scheduler_i/n1345,frfcfs_scheduler_i/U940/Y,NAND3X1,OR2X2/B,1,0.00234214,0.00228252,0.00234214,0.00228252,0.00234214,0.0,0.00234214,0.0,0.002342
frfcfs_scheduler_i/n1346,frfcfs_scheduler_i/U944/Y,AOI21X1,NAND3X1/A,1,0.00254759,0.00254759,0.00220852,0.00220852,0.00254759,0.0,0.00254759,0.0,0.002548
frfcfs_scheduler_i/n1347,frfcfs_scheduler_i/U943/Y,AOI22X1,NAND3X1/B,1,0.00283213,0.00283213,0.00259978,0.00259978,0.00283213,0.0,0.00283213,0.0,0.002832
frfcfs_scheduler_i/n1349,frfcfs_scheduler_i/U942/Y,AOI22X1,AND2X2/A,1,0.00179784,0.00179784,0.00176278,0.00176278,0.00179784,0.0,0.00179784,0.0,0.001798
frfcfs_scheduler_i/n1350,frfcfs_scheduler_i/U941/Y,AOI22X1,AND2X2/B,1,0.00186944,0.00186944,0.00182011,0.00182011,0.00186944,0.0,0.00186944,0.0,0.001869
frfcfs_scheduler_i/n1351,frfcfs_scheduler_i/U950/Y,AOI22X1,NAND3X1/A,1,0.00254759,0.00254759,0.00220852,0.00220852,0.00254759,0.0,0.00254759,0.0,0.002548
frfcfs_scheduler_i/n1352,frfcfs_scheduler_i/U948/Y,AOI21X1,NAND3X1/B,1,0.00283213,0.00283213,0.00259978,0.00259978,0.00283213,0.0,0.00283213,0.0,0.002832
frfcfs_scheduler_i/n1354,frfcfs_scheduler_i/U947/Y,AOI22X1,AND2X2/A,1,0.00179784,0.00179784,0.00176278,0.00176278,0.00179784,0.0,0.00179784,0.0,0.001798
frfcfs_scheduler_i/n1355,frfcfs_scheduler_i/U946/Y,AOI22X1,AND2X2/B,1,0.00186944,0.00186944,0.00182011,0.00182011,0.00186944,0.0,0.00186944,0.0,0.001869
frfcfs_scheduler_i/n1356,frfcfs_scheduler_i/U949/Y,AOI21X1,INVX1/A,1,0.00155103,0.00155103,0.00147616,0.00147616,0.00155103,0.0,0.00155103,0.0,0.001551
frfcfs_scheduler_i/n1357,frfcfs_scheduler_i/U963/Y,AOI21X1,OAI21X1/B,1,0.00283226,0.00283226,0.00263248,0.00263248,0.00283226,0.0,0.00283226,0.0,0.002832
frfcfs_scheduler_i/n1358,frfcfs_scheduler_i/U957/Y,NAND3X1,OR2X2/A,1,0.00230117,0.00229176,0.00230117,0.00229176,0.00230117,0.0,0.00230117,0.0,0.002301
frfcfs_scheduler_i/n1359,frfcfs_scheduler_i/U952/Y,NAND3X1,OR2X2/B,1,0.00234214,0.00228252,0.00234214,0.00228252,0.00234214,0.0,0.00234214,0.0,0.002342
frfcfs_scheduler_i/n1360,frfcfs_scheduler_i/U956/Y,AOI21X1,NAND3X1/A,1,0.00254759,0.00254759,0.00220852,0.00220852,0.00254759,0.0,0.00254759,0.0,0.002548
frfcfs_scheduler_i/n1361,frfcfs_scheduler_i/U955/Y,AOI22X1,NAND3X1/B,1,0.00283213,0.00283213,0.00259978,0.00259978,0.00283213,0.0,0.00283213,0.0,0.002832
frfcfs_scheduler_i/n1363,frfcfs_scheduler_i/U954/Y,AOI22X1,AND2X2/A,1,0.00179784,0.00179784,0.00176278,0.00176278,0.00179784,0.0,0.00179784,0.0,0.001798
frfcfs_scheduler_i/n1364,frfcfs_scheduler_i/U953/Y,AOI22X1,AND2X2/B,1,0.00186944,0.00186944,0.00182011,0.00182011,0.00186944,0.0,0.00186944,0.0,0.001869
frfcfs_scheduler_i/n1365,frfcfs_scheduler_i/U962/Y,AOI22X1,NAND3X1/A,1,0.00254759,0.00254759,0.00220852,0.00220852,0.00254759,0.0,0.00254759,0.0,0.002548
frfcfs_scheduler_i/n1366,frfcfs_scheduler_i/U960/Y,AOI21X1,NAND3X1/B,1,0.00283213,0.00283213,0.00259978,0.00259978,0.00283213,0.0,0.00283213,0.0,0.002832
frfcfs_scheduler_i/n1368,frfcfs_scheduler_i/U959/Y,AOI22X1,AND2X2/A,1,0.00179784,0.00179784,0.00176278,0.00176278,0.00179784,0.0,0.00179784,0.0,0.001798
frfcfs_scheduler_i/n1369,frfcfs_scheduler_i/U958/Y,AOI22X1,AND2X2/B,1,0.00186944,0.00186944,0.00182011,0.00182011,0.00186944,0.0,0.00186944,0.0,0.001869
frfcfs_scheduler_i/n1370,frfcfs_scheduler_i/U961/Y,AOI21X1,INVX1/A,1,0.00155103,0.00155103,0.00147616,0.00147616,0.00155103,0.0,0.00155103,0.0,0.001551
frfcfs_scheduler_i/n1371,frfcfs_scheduler_i/U964/Y,AOI21X1,AOI21X1/C,1,0.00238603,0.00238603,0.00231224,0.00231224,0.00238603,0.0,0.00238603,0.0,0.002386
frfcfs_scheduler_i/n1372,frfcfs_scheduler_i/U965/Y,AOI22X1,AOI21X1/C,1,0.00238603,0.00238603,0.00231224,0.00231224,0.00238603,0.0,0.00238603,0.0,0.002386
frfcfs_scheduler_i/n1374,frfcfs_scheduler_i/U972/Y,NAND3X1,OR2X2/A,1,0.00230117,0.00229176,0.00230117,0.00229176,0.00230117,0.0,0.00230117,0.0,0.002301
frfcfs_scheduler_i/n1375,frfcfs_scheduler_i/U967/Y,NAND3X1,OR2X2/B,1,0.00234214,0.00228252,0.00234214,0.00228252,0.00234214,0.0,0.00234214,0.0,0.002342
frfcfs_scheduler_i/n1376,frfcfs_scheduler_i/U971/Y,AOI22X1,NAND3X1/A,1,0.00254759,0.00254759,0.00220852,0.00220852,0.00254759,0.0,0.00254759,0.0,0.002548
frfcfs_scheduler_i/n1377,frfcfs_scheduler_i/U970/Y,AOI22X1,NAND3X1/B,1,0.00283213,0.00283213,0.00259978,0.00259978,0.00283213,0.0,0.00283213,0.0,0.002832
frfcfs_scheduler_i/n1379,frfcfs_scheduler_i/U969/Y,AOI22X1,AND2X2/A,1,0.00179784,0.00179784,0.00176278,0.00176278,0.00179784,0.0,0.00179784,0.0,0.001798
frfcfs_scheduler_i/n1380,frfcfs_scheduler_i/U968/Y,AOI22X1,AND2X2/B,1,0.00186944,0.00186944,0.00182011,0.00182011,0.00186944,0.0,0.00186944,0.0,0.001869
frfcfs_scheduler_i/n1381,frfcfs_scheduler_i/U976/Y,AOI22X1,NAND3X1/A,1,0.00254759,0.00254759,0.00220852,0.00220852,0.00254759,0.0,0.00254759,0.0,0.002548
frfcfs_scheduler_i/n1382,frfcfs_scheduler_i/U975/Y,AOI22X1,NAND3X1/B,1,0.00283213,0.00283213,0.00259978,0.00259978,0.00283213,0.0,0.00283213,0.0,0.002832
frfcfs_scheduler_i/n1384,frfcfs_scheduler_i/U974/Y,AOI22X1,AND2X2/A,1,0.00179784,0.00179784,0.00176278,0.00176278,0.00179784,0.0,0.00179784,0.0,0.001798
frfcfs_scheduler_i/n1385,frfcfs_scheduler_i/U973/Y,AOI21X1,AND2X2/B,1,0.00186944,0.00186944,0.00182011,0.00182011,0.00186944,0.0,0.00186944,0.0,0.001869
frfcfs_scheduler_i/n1386,frfcfs_scheduler_i/U982/Y,NAND3X1,OR2X2/A,1,0.00230117,0.00229176,0.00230117,0.00229176,0.00230117,0.0,0.00230117,0.0,0.002301
frfcfs_scheduler_i/n1387,frfcfs_scheduler_i/U977/Y,NAND3X1,OR2X2/B,1,0.00234214,0.00228252,0.00234214,0.00228252,0.00234214,0.0,0.00234214,0.0,0.002342
frfcfs_scheduler_i/n1388,frfcfs_scheduler_i/U981/Y,AOI21X1,NAND3X1/A,1,0.00254759,0.00254759,0.00220852,0.00220852,0.00254759,0.0,0.00254759,0.0,0.002548
frfcfs_scheduler_i/n1389,frfcfs_scheduler_i/U980/Y,AOI22X1,NAND3X1/B,1,0.00283213,0.00283213,0.00259978,0.00259978,0.00283213,0.0,0.00283213,0.0,0.002832
frfcfs_scheduler_i/n1391,frfcfs_scheduler_i/U979/Y,AOI22X1,AND2X2/A,1,0.00179784,0.00179784,0.00176278,0.00176278,0.00179784,0.0,0.00179784,0.0,0.001798
frfcfs_scheduler_i/n1392,frfcfs_scheduler_i/U978/Y,AOI22X1,AND2X2/B,1,0.00186944,0.00186944,0.00182011,0.00182011,0.00186944,0.0,0.00186944,0.0,0.001869
frfcfs_scheduler_i/n1393,frfcfs_scheduler_i/U987/Y,AOI22X1,NAND3X1/A,1,0.00254759,0.00254759,0.00220852,0.00220852,0.00254759,0.0,0.00254759,0.0,0.002548
frfcfs_scheduler_i/n1394,frfcfs_scheduler_i/U985/Y,AOI21X1,NAND3X1/B,1,0.00283213,0.00283213,0.00259978,0.00259978,0.00283213,0.0,0.00283213,0.0,0.002832
frfcfs_scheduler_i/n1396,frfcfs_scheduler_i/U984/Y,AOI22X1,AND2X2/A,1,0.00179784,0.00179784,0.00176278,0.00176278,0.00179784,0.0,0.00179784,0.0,0.001798
frfcfs_scheduler_i/n1397,frfcfs_scheduler_i/U983/Y,AOI22X1,AND2X2/B,1,0.00186944,0.00186944,0.00182011,0.00182011,0.00186944,0.0,0.00186944,0.0,0.001869
frfcfs_scheduler_i/n1398,frfcfs_scheduler_i/U986/Y,AOI21X1,INVX1/A,1,0.00155103,0.00155103,0.00147616,0.00147616,0.00155103,0.0,0.00155103,0.0,0.001551
frfcfs_scheduler_i/n1399,frfcfs_scheduler_i/U989/Y,NAND3X1,OAI21X1/C,1,0.00200991,0.00200991,0.0019239,0.0019239,0.00200991,0.0,0.00200991,0.0,0.00201
frfcfs_scheduler_i/n1400,frfcfs_scheduler_i/U996/Y,NAND3X1,OR2X2/A,1,0.00230117,0.00229176,0.00230117,0.00229176,0.00230117,0.0,0.00230117,0.0,0.002301
frfcfs_scheduler_i/n1401,frfcfs_scheduler_i/U991/Y,NAND3X1,OR2X2/B,1,0.00234214,0.00228252,0.00234214,0.00228252,0.00234214,0.0,0.00234214,0.0,0.002342
frfcfs_scheduler_i/n1402,frfcfs_scheduler_i/U995/Y,AOI22X1,NAND3X1/A,1,0.00254759,0.00254759,0.00220852,0.00220852,0.00254759,0.0,0.00254759,0.0,0.002548
frfcfs_scheduler_i/n1403,frfcfs_scheduler_i/U994/Y,AOI22X1,NAND3X1/B,1,0.00283213,0.00283213,0.00259978,0.00259978,0.00283213,0.0,0.00283213,0.0,0.002832
frfcfs_scheduler_i/n1405,frfcfs_scheduler_i/U993/Y,AOI22X1,AND2X2/A,1,0.00179784,0.00179784,0.00176278,0.00176278,0.00179784,0.0,0.00179784,0.0,0.001798
frfcfs_scheduler_i/n1406,frfcfs_scheduler_i/U992/Y,AOI22X1,AND2X2/B,1,0.00186944,0.00186944,0.00182011,0.00182011,0.00186944,0.0,0.00186944,0.0,0.001869
frfcfs_scheduler_i/n1407,frfcfs_scheduler_i/U1000/Y,AOI22X1,NAND3X1/A,1,0.00254759,0.00254759,0.00220852,0.00220852,0.00254759,0.0,0.00254759,0.0,0.002548
frfcfs_scheduler_i/n1408,frfcfs_scheduler_i/U999/Y,AOI22X1,NAND3X1/B,1,0.00283213,0.00283213,0.00259978,0.00259978,0.00283213,0.0,0.00283213,0.0,0.002832
frfcfs_scheduler_i/n1410,frfcfs_scheduler_i/U998/Y,AOI22X1,AND2X2/A,1,0.00179784,0.00179784,0.00176278,0.00176278,0.00179784,0.0,0.00179784,0.0,0.001798
frfcfs_scheduler_i/n1411,frfcfs_scheduler_i/U997/Y,AOI21X1,AND2X2/B,1,0.00186944,0.00186944,0.00182011,0.00182011,0.00186944,0.0,0.00186944,0.0,0.001869
frfcfs_scheduler_i/n1412,frfcfs_scheduler_i/U1006/Y,NAND3X1,OR2X2/A,1,0.00230117,0.00229176,0.00230117,0.00229176,0.00230117,0.0,0.00230117,0.0,0.002301
frfcfs_scheduler_i/n1413,frfcfs_scheduler_i/U1001/Y,NAND3X1,OR2X2/B,1,0.00234214,0.00228252,0.00234214,0.00228252,0.00234214,0.0,0.00234214,0.0,0.002342
frfcfs_scheduler_i/n1414,frfcfs_scheduler_i/U1005/Y,AOI21X1,NAND3X1/A,1,0.00254759,0.00254759,0.00220852,0.00220852,0.00254759,0.0,0.00254759,0.0,0.002548
frfcfs_scheduler_i/n1415,frfcfs_scheduler_i/U1004/Y,AOI22X1,NAND3X1/B,1,0.00283213,0.00283213,0.00259978,0.00259978,0.00283213,0.0,0.00283213,0.0,0.002832
frfcfs_scheduler_i/n1417,frfcfs_scheduler_i/U1003/Y,AOI22X1,AND2X2/A,1,0.00179784,0.00179784,0.00176278,0.00176278,0.00179784,0.0,0.00179784,0.0,0.001798
frfcfs_scheduler_i/n1418,frfcfs_scheduler_i/U1002/Y,AOI22X1,AND2X2/B,1,0.00186944,0.00186944,0.00182011,0.00182011,0.00186944,0.0,0.00186944,0.0,0.001869
frfcfs_scheduler_i/n1419,frfcfs_scheduler_i/U1011/Y,AOI22X1,NAND3X1/A,1,0.00254759,0.00254759,0.00220852,0.00220852,0.00254759,0.0,0.00254759,0.0,0.002548
frfcfs_scheduler_i/n1420,frfcfs_scheduler_i/U1009/Y,AOI21X1,NAND3X1/B,1,0.00283213,0.00283213,0.00259978,0.00259978,0.00283213,0.0,0.00283213,0.0,0.002832
frfcfs_scheduler_i/n1422,frfcfs_scheduler_i/U1008/Y,AOI22X1,AND2X2/A,1,0.00179784,0.00179784,0.00176278,0.00176278,0.00179784,0.0,0.00179784,0.0,0.001798
frfcfs_scheduler_i/n1423,frfcfs_scheduler_i/U1007/Y,AOI22X1,AND2X2/B,1,0.00186944,0.00186944,0.00182011,0.00182011,0.00186944,0.0,0.00186944,0.0,0.001869
frfcfs_scheduler_i/n1424,frfcfs_scheduler_i/U1010/Y,AOI21X1,INVX1/A,1,0.00155103,0.00155103,0.00147616,0.00147616,0.00155103,0.0,0.00155103,0.0,0.001551
frfcfs_scheduler_i/n1425,frfcfs_scheduler_i/U1017/Y,NAND3X1,OR2X2/A,1,0.00230117,0.00229176,0.00230117,0.00229176,0.00230117,0.0,0.00230117,0.0,0.002301
frfcfs_scheduler_i/n1426,frfcfs_scheduler_i/U1012/Y,NAND3X1,OR2X2/B,1,0.00234214,0.00228252,0.00234214,0.00228252,0.00234214,0.0,0.00234214,0.0,0.002342
frfcfs_scheduler_i/n1427,frfcfs_scheduler_i/U1016/Y,AOI22X1,NAND3X1/A,1,0.00254759,0.00254759,0.00220852,0.00220852,0.00254759,0.0,0.00254759,0.0,0.002548
frfcfs_scheduler_i/n1428,frfcfs_scheduler_i/U1015/Y,AOI22X1,NAND3X1/B,1,0.00283213,0.00283213,0.00259978,0.00259978,0.00283213,0.0,0.00283213,0.0,0.002832
frfcfs_scheduler_i/n1430,frfcfs_scheduler_i/U1014/Y,AOI22X1,AND2X2/A,1,0.00179784,0.00179784,0.00176278,0.00176278,0.00179784,0.0,0.00179784,0.0,0.001798
frfcfs_scheduler_i/n1431,frfcfs_scheduler_i/U1013/Y,AOI22X1,AND2X2/B,1,0.00186944,0.00186944,0.00182011,0.00182011,0.00186944,0.0,0.00186944,0.0,0.001869
frfcfs_scheduler_i/n1432,frfcfs_scheduler_i/U1021/Y,AOI22X1,NAND3X1/A,1,0.00254759,0.00254759,0.00220852,0.00220852,0.00254759,0.0,0.00254759,0.0,0.002548
frfcfs_scheduler_i/n1433,frfcfs_scheduler_i/U1020/Y,AOI22X1,NAND3X1/B,1,0.00283213,0.00283213,0.00259978,0.00259978,0.00283213,0.0,0.00283213,0.0,0.002832
frfcfs_scheduler_i/n1435,frfcfs_scheduler_i/U1019/Y,AOI22X1,AND2X2/A,1,0.00179784,0.00179784,0.00176278,0.00176278,0.00179784,0.0,0.00179784,0.0,0.001798
frfcfs_scheduler_i/n1436,frfcfs_scheduler_i/U1018/Y,AOI21X1,AND2X2/B,1,0.00186944,0.00186944,0.00182011,0.00182011,0.00186944,0.0,0.00186944,0.0,0.001869
frfcfs_scheduler_i/n1437,frfcfs_scheduler_i/U1028/Y,NAND3X1,OR2X2/A,1,0.00230117,0.00229176,0.00230117,0.00229176,0.00230117,0.0,0.00230117,0.0,0.002301
frfcfs_scheduler_i/n1438,frfcfs_scheduler_i/U1023/Y,NAND3X1,OR2X2/B,1,0.00234214,0.00228252,0.00234214,0.00228252,0.00234214,0.0,0.00234214,0.0,0.002342
frfcfs_scheduler_i/n1439,frfcfs_scheduler_i/U1027/Y,AOI22X1,NAND3X1/A,1,0.00254759,0.00254759,0.00220852,0.00220852,0.00254759,0.0,0.00254759,0.0,0.002548
frfcfs_scheduler_i/n1440,frfcfs_scheduler_i/U1026/Y,AOI22X1,NAND3X1/B,1,0.00283213,0.00283213,0.00259978,0.00259978,0.00283213,0.0,0.00283213,0.0,0.002832
frfcfs_scheduler_i/n1442,frfcfs_scheduler_i/U1025/Y,AOI22X1,AND2X2/A,1,0.00179784,0.00179784,0.00176278,0.00176278,0.00179784,0.0,0.00179784,0.0,0.001798
frfcfs_scheduler_i/n1443,frfcfs_scheduler_i/U1024/Y,AOI22X1,AND2X2/B,1,0.00186944,0.00186944,0.00182011,0.00182011,0.00186944,0.0,0.00186944,0.0,0.001869
frfcfs_scheduler_i/n1444,frfcfs_scheduler_i/U1032/Y,AOI22X1,NAND3X1/A,1,0.00254759,0.00254759,0.00220852,0.00220852,0.00254759,0.0,0.00254759,0.0,0.002548
frfcfs_scheduler_i/n1445,frfcfs_scheduler_i/U1031/Y,AOI22X1,NAND3X1/B,1,0.00283213,0.00283213,0.00259978,0.00259978,0.00283213,0.0,0.00283213,0.0,0.002832
frfcfs_scheduler_i/n1447,frfcfs_scheduler_i/U1030/Y,AOI22X1,AND2X2/A,1,0.00179784,0.00179784,0.00176278,0.00176278,0.00179784,0.0,0.00179784,0.0,0.001798
frfcfs_scheduler_i/n1448,frfcfs_scheduler_i/U1029/Y,AOI21X1,AND2X2/B,1,0.00186944,0.00186944,0.00182011,0.00182011,0.00186944,0.0,0.00186944,0.0,0.001869
frfcfs_scheduler_i/n1449,frfcfs_scheduler_i/U1039/Y,NAND3X1,OR2X2/A,1,0.00230117,0.00229176,0.00230117,0.00229176,0.00230117,0.0,0.00230117,0.0,0.002301
frfcfs_scheduler_i/n1450,frfcfs_scheduler_i/U1034/Y,NAND3X1,OR2X2/B,1,0.00234214,0.00228252,0.00234214,0.00228252,0.00234214,0.0,0.00234214,0.0,0.002342
frfcfs_scheduler_i/n1451,frfcfs_scheduler_i/U1038/Y,AOI22X1,NAND3X1/A,1,0.00254759,0.00254759,0.00220852,0.00220852,0.00254759,0.0,0.00254759,0.0,0.002548
frfcfs_scheduler_i/n1452,frfcfs_scheduler_i/U1037/Y,AOI22X1,NAND3X1/B,1,0.00283213,0.00283213,0.00259978,0.00259978,0.00283213,0.0,0.00283213,0.0,0.002832
frfcfs_scheduler_i/n1454,frfcfs_scheduler_i/U1036/Y,AOI22X1,AND2X2/A,1,0.00179784,0.00179784,0.00176278,0.00176278,0.00179784,0.0,0.00179784,0.0,0.001798
frfcfs_scheduler_i/n1455,frfcfs_scheduler_i/U1035/Y,AOI22X1,AND2X2/B,1,0.00186944,0.00186944,0.00182011,0.00182011,0.00186944,0.0,0.00186944,0.0,0.001869
frfcfs_scheduler_i/n1456,frfcfs_scheduler_i/U1043/Y,AOI22X1,NAND3X1/A,1,0.00254759,0.00254759,0.00220852,0.00220852,0.00254759,0.0,0.00254759,0.0,0.002548
frfcfs_scheduler_i/n1457,frfcfs_scheduler_i/U1042/Y,AOI22X1,NAND3X1/B,1,0.00283213,0.00283213,0.00259978,0.00259978,0.00283213,0.0,0.00283213,0.0,0.002832
frfcfs_scheduler_i/n1459,frfcfs_scheduler_i/U1041/Y,AOI22X1,AND2X2/A,1,0.00179784,0.00179784,0.00176278,0.00176278,0.00179784,0.0,0.00179784,0.0,0.001798
frfcfs_scheduler_i/n1460,frfcfs_scheduler_i/U1040/Y,AOI21X1,AND2X2/B,1,0.00186944,0.00186944,0.00182011,0.00182011,0.00186944,0.0,0.00186944,0.0,0.001869
frfcfs_scheduler_i/n1461,frfcfs_scheduler_i/U1050/Y,NAND3X1,OR2X2/A,1,0.00230117,0.00229176,0.00230117,0.00229176,0.00230117,0.0,0.00230117,0.0,0.002301
frfcfs_scheduler_i/n1462,frfcfs_scheduler_i/U1045/Y,NAND3X1,OR2X2/B,1,0.00234214,0.00228252,0.00234214,0.00228252,0.00234214,0.0,0.00234214,0.0,0.002342
frfcfs_scheduler_i/n1463,frfcfs_scheduler_i/U1049/Y,AOI21X1,NAND3X1/A,1,0.00254759,0.00254759,0.00220852,0.00220852,0.00254759,0.0,0.00254759,0.0,0.002548
frfcfs_scheduler_i/n1464,frfcfs_scheduler_i/U1048/Y,AOI22X1,NAND3X1/B,1,0.00283213,0.00283213,0.00259978,0.00259978,0.00283213,0.0,0.00283213,0.0,0.002832
frfcfs_scheduler_i/n1466,frfcfs_scheduler_i/U1047/Y,AOI22X1,AND2X2/A,1,0.00179784,0.00179784,0.00176278,0.00176278,0.00179784,0.0,0.00179784,0.0,0.001798
frfcfs_scheduler_i/n1467,frfcfs_scheduler_i/U1046/Y,AOI22X1,AND2X2/B,1,0.00186944,0.00186944,0.00182011,0.00182011,0.00186944,0.0,0.00186944,0.0,0.001869
frfcfs_scheduler_i/n1468,frfcfs_scheduler_i/U1055/Y,AOI22X1,NAND3X1/A,1,0.00254759,0.00254759,0.00220852,0.00220852,0.00254759,0.0,0.00254759,0.0,0.002548
frfcfs_scheduler_i/n1469,frfcfs_scheduler_i/U1053/Y,AOI21X1,NAND3X1/B,1,0.00283213,0.00283213,0.00259978,0.00259978,0.00283213,0.0,0.00283213,0.0,0.002832
frfcfs_scheduler_i/n1471,frfcfs_scheduler_i/U1052/Y,AOI22X1,AND2X2/A,1,0.00179784,0.00179784,0.00176278,0.00176278,0.00179784,0.0,0.00179784,0.0,0.001798
frfcfs_scheduler_i/n1472,frfcfs_scheduler_i/U1051/Y,AOI22X1,AND2X2/B,1,0.00186944,0.00186944,0.00182011,0.00182011,0.00186944,0.0,0.00186944,0.0,0.001869
frfcfs_scheduler_i/n1473,frfcfs_scheduler_i/U1054/Y,AOI21X1,INVX1/A,1,0.00155103,0.00155103,0.00147616,0.00147616,0.00155103,0.0,0.00155103,0.0,0.001551
frfcfs_scheduler_i/n1474,frfcfs_scheduler_i/U1061/Y,NAND3X1,OR2X2/A,1,0.00230117,0.00229176,0.00230117,0.00229176,0.00230117,0.0,0.00230117,0.0,0.002301
frfcfs_scheduler_i/n1475,frfcfs_scheduler_i/U1056/Y,NAND3X1,OR2X2/B,1,0.00234214,0.00228252,0.00234214,0.00228252,0.00234214,0.0,0.00234214,0.0,0.002342
frfcfs_scheduler_i/n1476,frfcfs_scheduler_i/U1060/Y,AOI21X1,NAND3X1/A,1,0.00254759,0.00254759,0.00220852,0.00220852,0.00254759,0.0,0.00254759,0.0,0.002548
frfcfs_scheduler_i/n1477,frfcfs_scheduler_i/U1059/Y,AOI22X1,NAND3X1/B,1,0.00283213,0.00283213,0.00259978,0.00259978,0.00283213,0.0,0.00283213,0.0,0.002832
frfcfs_scheduler_i/n1479,frfcfs_scheduler_i/U1058/Y,AOI22X1,AND2X2/A,1,0.00179784,0.00179784,0.00176278,0.00176278,0.00179784,0.0,0.00179784,0.0,0.001798
frfcfs_scheduler_i/n1480,frfcfs_scheduler_i/U1057/Y,AOI22X1,AND2X2/B,1,0.00186944,0.00186944,0.00182011,0.00182011,0.00186944,0.0,0.00186944,0.0,0.001869
frfcfs_scheduler_i/n1481,frfcfs_scheduler_i/U1066/Y,AOI22X1,NAND3X1/A,1,0.00254759,0.00254759,0.00220852,0.00220852,0.00254759,0.0,0.00254759,0.0,0.002548
frfcfs_scheduler_i/n1482,frfcfs_scheduler_i/U1064/Y,AOI21X1,NAND3X1/B,1,0.00283213,0.00283213,0.00259978,0.00259978,0.00283213,0.0,0.00283213,0.0,0.002832
frfcfs_scheduler_i/n1484,frfcfs_scheduler_i/U1063/Y,AOI22X1,AND2X2/A,1,0.00179784,0.00179784,0.00176278,0.00176278,0.00179784,0.0,0.00179784,0.0,0.001798
frfcfs_scheduler_i/n1485,frfcfs_scheduler_i/U1062/Y,AOI22X1,AND2X2/B,1,0.00186944,0.00186944,0.00182011,0.00182011,0.00186944,0.0,0.00186944,0.0,0.001869
frfcfs_scheduler_i/n1486,frfcfs_scheduler_i/U1065/Y,AOI21X1,INVX1/A,1,0.00155103,0.00155103,0.00147616,0.00147616,0.00155103,0.0,0.00155103,0.0,0.001551
frfcfs_scheduler_i/n1487,frfcfs_scheduler_i/U1072/Y,NAND3X1,OR2X2/A,1,0.00230117,0.00229176,0.00230117,0.00229176,0.00230117,0.0,0.00230117,0.0,0.002301
frfcfs_scheduler_i/n1488,frfcfs_scheduler_i/U1067/Y,NAND3X1,OR2X2/B,1,0.00234214,0.00228252,0.00234214,0.00228252,0.00234214,0.0,0.00234214,0.0,0.002342
frfcfs_scheduler_i/n1489,frfcfs_scheduler_i/U1071/Y,AOI21X1,NAND3X1/A,1,0.00254759,0.00254759,0.00220852,0.00220852,0.00254759,0.0,0.00254759,0.0,0.002548
frfcfs_scheduler_i/n1490,frfcfs_scheduler_i/U1070/Y,AOI22X1,NAND3X1/B,1,0.00283213,0.00283213,0.00259978,0.00259978,0.00283213,0.0,0.00283213,0.0,0.002832
frfcfs_scheduler_i/n1492,frfcfs_scheduler_i/U1069/Y,AOI22X1,AND2X2/A,1,0.00179784,0.00179784,0.00176278,0.00176278,0.00179784,0.0,0.00179784,0.0,0.001798
frfcfs_scheduler_i/n1493,frfcfs_scheduler_i/U1068/Y,AOI22X1,AND2X2/B,1,0.00186944,0.00186944,0.00182011,0.00182011,0.00186944,0.0,0.00186944,0.0,0.001869
frfcfs_scheduler_i/n1494,frfcfs_scheduler_i/U1077/Y,AOI22X1,NAND3X1/A,1,0.00254759,0.00254759,0.00220852,0.00220852,0.00254759,0.0,0.00254759,0.0,0.002548
frfcfs_scheduler_i/n1495,frfcfs_scheduler_i/U1075/Y,AOI21X1,NAND3X1/B,1,0.00283213,0.00283213,0.00259978,0.00259978,0.00283213,0.0,0.00283213,0.0,0.002832
frfcfs_scheduler_i/n1497,frfcfs_scheduler_i/U1074/Y,AOI22X1,AND2X2/A,1,0.00179784,0.00179784,0.00176278,0.00176278,0.00179784,0.0,0.00179784,0.0,0.001798
frfcfs_scheduler_i/n1498,frfcfs_scheduler_i/U1073/Y,AOI22X1,AND2X2/B,1,0.00186944,0.00186944,0.00182011,0.00182011,0.00186944,0.0,0.00186944,0.0,0.001869
frfcfs_scheduler_i/n1499,frfcfs_scheduler_i/U1076/Y,AOI21X1,INVX1/A,1,0.00155103,0.00155103,0.00147616,0.00147616,0.00155103,0.0,0.00155103,0.0,0.001551
frfcfs_scheduler_i/n1511,frfcfs_scheduler_i/U1574/Y,NOR2X1,NOR3X1/C,1,0.00328822,0.00328822,0.00322576,0.00322576,0.00328822,0.0,0.00328822,0.0,0.003288
frfcfs_scheduler_i/n1532,frfcfs_scheduler_i/U297/Y,NAND3X1,BUFX2/A,1,0.00153896,0.00153896,0.00150415,0.00150415,0.00153896,0.0,0.00153896,0.0,0.001539
frfcfs_scheduler_i/n1533,frfcfs_scheduler_i/U854/Y,NAND2X1,BUFX2/A;BUFX2/A,2,0.00307792,0.00307792,0.0030083,0.0030083,0.00307792,0.0,0.00307792,0.0,0.003078
frfcfs_scheduler_i/n233,frfcfs_scheduler_i/U1420/Y,AOI22X1,INVX1/A,1,0.00155103,0.00155103,0.00147616,0.00147616,0.00155103,0.0,0.00155103,0.0,0.001551
frfcfs_scheduler_i/n234,frfcfs_scheduler_i/U1421/Y,NAND2X1,OAI21X1/C,1,0.00200991,0.00200991,0.0019239,0.0019239,0.00200991,0.0,0.00200991,0.0,0.00201
frfcfs_scheduler_i/n235,frfcfs_scheduler_i/U1419/Y,AOI22X1,OAI21X1/B,1,0.00283226,0.00283226,0.00263248,0.00263248,0.00283226,0.0,0.00283226,0.0,0.002832
frfcfs_scheduler_i/n240,frfcfs_scheduler_i/U1423/Y,NAND3X1,BUFX2/A,1,0.00153896,0.00153896,0.00150415,0.00150415,0.00153896,0.0,0.00153896,0.0,0.001539
frfcfs_scheduler_i/n338,frfcfs_scheduler_i/U1428/Y,NOR2X1,AND2X2/A;AND2X2/B,2,0.00366728,0.00366728,0.00358289,0.00358289,0.00366728,0.0,0.00366728,0.0,0.003667
frfcfs_scheduler_i/n495,frfcfs_scheduler_i/U1427/Y,NAND2X1,BUFX2/A;BUFX2/A,2,0.00307792,0.00307792,0.0030083,0.0030083,0.00307792,0.0,0.00307792,0.0,0.003078
frfcfs_scheduler_i/n498,frfcfs_scheduler_i/U1430/Y,NAND2X1,BUFX2/A;BUFX2/A,2,0.00307792,0.00307792,0.0030083,0.0030083,0.00307792,0.0,0.00307792,0.0,0.003078
frfcfs_scheduler_i/n503,frfcfs_scheduler_i/U1432/Y,NAND2X1,BUFX2/A;BUFX2/A,2,0.00307792,0.00307792,0.0030083,0.0030083,0.00307792,0.0,0.00307792,0.0,0.003078
frfcfs_scheduler_i/n506,frfcfs_scheduler_i/U1434/Y,NAND2X1,BUFX2/A;BUFX2/A,2,0.00307792,0.00307792,0.0030083,0.0030083,0.00307792,0.0,0.00307792,0.0,0.003078
frfcfs_scheduler_i/n524,frfcfs_scheduler_i/U1526/Y,NOR2X1,NOR3X1/C,1,0.00328822,0.00328822,0.00322576,0.00322576,0.00328822,0.0,0.00328822,0.0,0.003288
frfcfs_scheduler_i/n546,frfcfs_scheduler_i/U1538/Y,NOR2X1,NOR3X1/C,1,0.00328822,0.00328822,0.00322576,0.00322576,0.00328822,0.0,0.00328822,0.0,0.003288
frfcfs_scheduler_i/n561,frfcfs_scheduler_i/U1545/Y,AOI22X1,NAND2X1/B,1,0.00202749,0.00202749,0.00194421,0.00194421,0.00202749,0.0,0.00202749,0.0,0.002027
frfcfs_scheduler_i/n562,frfcfs_scheduler_i/U1544/Y,AOI22X1,NAND2X1/A,1,0.00211057,0.00211057,0.00188435,0.00188435,0.00211057,0.0,0.00211057,0.0,0.002111
frfcfs_scheduler_i/n563,frfcfs_scheduler_i/U1548/Y,AOI22X1,NAND2X1/B,1,0.00202749,0.00202749,0.00194421,0.00194421,0.00202749,0.0,0.00202749,0.0,0.002027
frfcfs_scheduler_i/n564,frfcfs_scheduler_i/U1547/Y,AOI22X1,NAND2X1/A,1,0.00211057,0.00211057,0.00188435,0.00188435,0.00211057,0.0,0.00211057,0.0,0.002111
frfcfs_scheduler_i/n565,frfcfs_scheduler_i/U1551/Y,AOI22X1,NAND2X1/B,1,0.00202749,0.00202749,0.00194421,0.00194421,0.00202749,0.0,0.00202749,0.0,0.002027
frfcfs_scheduler_i/n566,frfcfs_scheduler_i/U1550/Y,AOI22X1,NAND2X1/A,1,0.00211057,0.00211057,0.00188435,0.00188435,0.00211057,0.0,0.00211057,0.0,0.002111
frfcfs_scheduler_i/n571,frfcfs_scheduler_i/U1554/Y,AOI22X1,NAND2X1/B,1,0.00202749,0.00202749,0.00194421,0.00194421,0.00202749,0.0,0.00202749,0.0,0.002027
frfcfs_scheduler_i/n572,frfcfs_scheduler_i/U1553/Y,AOI22X1,NAND2X1/A,1,0.00211057,0.00211057,0.00188435,0.00188435,0.00211057,0.0,0.00211057,0.0,0.002111
frfcfs_scheduler_i/n574,frfcfs_scheduler_i/U1557/Y,NOR2X1,NOR3X1/C,1,0.00328822,0.00328822,0.00322576,0.00322576,0.00328822,0.0,0.00328822,0.0,0.003288
frfcfs_scheduler_i/n578,frfcfs_scheduler_i/U1560/Y,NOR2X1,NOR3X1/C,1,0.00328822,0.00328822,0.00322576,0.00322576,0.00328822,0.0,0.00328822,0.0,0.003288
frfcfs_scheduler_i/n584,frfcfs_scheduler_i/U276/Y,AOI21X1,BUFX2/A,1,0.00153896,0.00153896,0.00150415,0.00150415,0.00153896,0.0,0.00153896,0.0,0.001539
frfcfs_scheduler_i/n587,frfcfs_scheduler_i/U219/Y,NAND3X1,OAI21X1/C,1,0.00200991,0.00200991,0.0019239,0.0019239,0.00200991,0.0,0.00200991,0.0,0.00201
frfcfs_scheduler_i/n590,frfcfs_scheduler_i/U221/Y,NAND3X1,OAI21X1/C,1,0.00200991,0.00200991,0.0019239,0.0019239,0.00200991,0.0,0.00200991,0.0,0.00201
frfcfs_scheduler_i/n593,frfcfs_scheduler_i/U250/Y,NAND3X1,BUFX2/A,1,0.00153896,0.00153896,0.00150415,0.00150415,0.00153896,0.0,0.00153896,0.0,0.001539
frfcfs_scheduler_i/n596,frfcfs_scheduler_i/U223/Y,NAND2X1,OAI21X1/C,1,0.00200991,0.00200991,0.0019239,0.0019239,0.00200991,0.0,0.00200991,0.0,0.00201
frfcfs_scheduler_i/n597,frfcfs_scheduler_i/U517/Y,NOR2X1,INVX1/A,1,0.00155103,0.00155103,0.00147616,0.00147616,0.00155103,0.0,0.00155103,0.0,0.001551
frfcfs_scheduler_i/n604,frfcfs_scheduler_i/U226/Y,NAND3X1,OAI21X1/C,1,0.00200991,0.00200991,0.0019239,0.0019239,0.00200991,0.0,0.00200991,0.0,0.00201
frfcfs_scheduler_i/n605,frfcfs_scheduler_i/U228/Y,NAND3X1,OAI21X1/C,1,0.00200991,0.00200991,0.0019239,0.0019239,0.00200991,0.0,0.00200991,0.0,0.00201
frfcfs_scheduler_i/n606,frfcfs_scheduler_i/U229/Y,NOR2X1,NAND3X1/C,1,0.00296109,0.00296109,0.0028316,0.0028316,0.00296109,0.0,0.00296109,0.0,0.002961
frfcfs_scheduler_i/n612,frfcfs_scheduler_i/U233/Y,NAND3X1,OAI21X1/C,1,0.00200991,0.00200991,0.0019239,0.0019239,0.00200991,0.0,0.00200991,0.0,0.00201
frfcfs_scheduler_i/n613,frfcfs_scheduler_i/U235/Y,NAND3X1,OAI21X1/C,1,0.00200991,0.00200991,0.0019239,0.0019239,0.00200991,0.0,0.00200991,0.0,0.00201
frfcfs_scheduler_i/n615,frfcfs_scheduler_i/U256/Y,NOR2X1,AND2X2/A;AND2X2/A,2,0.00359568,0.00359568,0.00352556,0.00352556,0.00359568,0.0,0.00359568,0.0,0.003596
frfcfs_scheduler_i/n616,frfcfs_scheduler_i/U630/Y,NOR2X1,INVX1/A,1,0.00155103,0.00155103,0.00147616,0.00147616,0.00155103,0.0,0.00155103,0.0,0.001551
frfcfs_scheduler_i/n618,frfcfs_scheduler_i/U603/Y,NOR2X1,INVX1/A,1,0.00155103,0.00155103,0.00147616,0.00147616,0.00155103,0.0,0.00155103,0.0,0.001551
frfcfs_scheduler_i/n621,frfcfs_scheduler_i/U241/Y,NAND3X1,OAI21X1/C,1,0.00200991,0.00200991,0.0019239,0.0019239,0.00200991,0.0,0.00200991,0.0,0.00201
frfcfs_scheduler_i/n622,frfcfs_scheduler_i/U549/Y,NOR2X1,INVX1/A,1,0.00155103,0.00155103,0.00147616,0.00147616,0.00155103,0.0,0.00155103,0.0,0.001551
frfcfs_scheduler_i/n623,frfcfs_scheduler_i/U576/Y,NOR2X1,AND2X2/A;BUFX2/A,2,0.0033368,0.0033368,0.0032669300000000004,0.00326693,0.0033368,0.0,0.0033368,0.0,0.003337
frfcfs_scheduler_i/n624,frfcfs_scheduler_i/U251/Y,NAND3X1,INVX1/A,1,0.00155103,0.00155103,0.00147616,0.00147616,0.00155103,0.0,0.00155103,0.0,0.001551
frfcfs_scheduler_i/n626,frfcfs_scheduler_i/U245/Y,NAND3X1,OAI21X1/C,1,0.00200991,0.00200991,0.0019239,0.0019239,0.00200991,0.0,0.00200991,0.0,0.00201
frfcfs_scheduler_i/n631,frfcfs_scheduler_i/U254/Y,NAND3X1,OAI21X1/C,1,0.00200991,0.00200991,0.0019239,0.0019239,0.00200991,0.0,0.00200991,0.0,0.00201
frfcfs_scheduler_i/n638,frfcfs_scheduler_i/U265/Y,NAND2X1,OAI21X1/C,1,0.00200991,0.00200991,0.0019239,0.0019239,0.00200991,0.0,0.00200991,0.0,0.00201
frfcfs_scheduler_i/n639,frfcfs_scheduler_i/U268/Y,NOR2X1,NOR3X1/C,1,0.00328822,0.00328822,0.00322576,0.00322576,0.00328822,0.0,0.00328822,0.0,0.003288
frfcfs_scheduler_i/n640,frfcfs_scheduler_i/U286/Y,NAND3X1,NOR2X1/A,1,0.00224248,0.00224248,0.00220861,0.00220861,0.00224248,0.0,0.00224248,0.0,0.002242
frfcfs_scheduler_i/n641,frfcfs_scheduler_i/U269/Y,NAND3X1,NOR2X1/B,1,0.00236501,0.00236501,0.00229711,0.00229711,0.00236501,0.0,0.00236501,0.0,0.002365
frfcfs_scheduler_i/n647,frfcfs_scheduler_i/U548/Y,NAND3X1,INVX1/A,1,0.00155103,0.00155103,0.00147616,0.00147616,0.00155103,0.0,0.00155103,0.0,0.001551
frfcfs_scheduler_i/n648,frfcfs_scheduler_i/U274/Y,NAND3X1,NOR3X1/A,1,0.00302113,0.00302113,0.00301081,0.00301081,0.00302113,0.0,0.00302113,0.0,0.003021
frfcfs_scheduler_i/n650,frfcfs_scheduler_i/U408/Y,NAND3X1,BUFX2/A,1,0.00153896,0.00153896,0.00150415,0.00150415,0.00153896,0.0,0.00153896,0.0,0.001539
frfcfs_scheduler_i/n651,frfcfs_scheduler_i/U877/Y,AOI21X1,BUFX2/A,1,0.00153896,0.00153896,0.00150415,0.00150415,0.00153896,0.0,0.00153896,0.0,0.001539
frfcfs_scheduler_i/n652,frfcfs_scheduler_i/U519/Y,NAND3X1,INVX1/A,1,0.00155103,0.00155103,0.00147616,0.00147616,0.00155103,0.0,0.00155103,0.0,0.001551
frfcfs_scheduler_i/n653,frfcfs_scheduler_i/U279/Y,NAND2X1,OAI21X1/C,1,0.00200991,0.00200991,0.0019239,0.0019239,0.00200991,0.0,0.00200991,0.0,0.00201
frfcfs_scheduler_i/n654,frfcfs_scheduler_i/U280/Y,NAND3X1,NAND2X1/A,1,0.00211057,0.00211057,0.00188435,0.00188435,0.00211057,0.0,0.00211057,0.0,0.002111
frfcfs_scheduler_i/n655,frfcfs_scheduler_i/U281/Y,NAND3X1,NAND3X1/B,1,0.00283213,0.00283213,0.00259978,0.00259978,0.00283213,0.0,0.00283213,0.0,0.002832
frfcfs_scheduler_i/n656,frfcfs_scheduler_i/U282/Y,NAND3X1,NAND3X1/B,1,0.00283213,0.00283213,0.00259978,0.00259978,0.00283213,0.0,0.00283213,0.0,0.002832
frfcfs_scheduler_i/n657,frfcfs_scheduler_i/U283/Y,NAND3X1,NAND3X1/B,1,0.00283213,0.00283213,0.00259978,0.00259978,0.00283213,0.0,0.00283213,0.0,0.002832
frfcfs_scheduler_i/n658,frfcfs_scheduler_i/U284/Y,NAND3X1,NAND3X1/B,1,0.00283213,0.00283213,0.00259978,0.00259978,0.00283213,0.0,0.00283213,0.0,0.002832
frfcfs_scheduler_i/n659,frfcfs_scheduler_i/U285/Y,NAND3X1,NAND3X1/B,1,0.00283213,0.00283213,0.00259978,0.00259978,0.00283213,0.0,0.00283213,0.0,0.002832
frfcfs_scheduler_i/n663,frfcfs_scheduler_i/U899/Y,AOI21X1,BUFX2/A,1,0.00153896,0.00153896,0.00150415,0.00150415,0.00153896,0.0,0.00153896,0.0,0.001539
frfcfs_scheduler_i/n665,frfcfs_scheduler_i/U290/Y,AOI21X1,OAI21X1/A,1,0.00274222,0.00274222,0.00257258,0.00257258,0.00274222,0.0,0.00274222,0.0,0.002742
frfcfs_scheduler_i/n667,frfcfs_scheduler_i/U292/Y,AOI21X1,OAI21X1/A,1,0.00274222,0.00274222,0.00257258,0.00257258,0.00274222,0.0,0.00274222,0.0,0.002742
frfcfs_scheduler_i/n668,frfcfs_scheduler_i/U293/Y,NAND2X1,AOI21X1/B,1,0.00272419,0.00272419,0.00267874,0.00267874,0.00272419,0.0,0.00272419,0.0,0.002724
frfcfs_scheduler_i/n670,frfcfs_scheduler_i/U295/Y,AOI21X1,OAI21X1/A,1,0.00274222,0.00274222,0.00257258,0.00257258,0.00274222,0.0,0.00274222,0.0,0.002742
frfcfs_scheduler_i/n672,frfcfs_scheduler_i/U326/Y,NOR2X1,AND2X2/B;INVX1/A,2,0.00342047,0.00342047,0.00329627,0.00329627,0.00342047,0.0,0.00342047,0.0,0.00342
frfcfs_scheduler_i/n676,frfcfs_scheduler_i/U306/Y,NAND3X1,NOR3X1/A,1,0.00302113,0.00302113,0.00301081,0.00301081,0.00302113,0.0,0.00302113,0.0,0.003021
frfcfs_scheduler_i/n677,frfcfs_scheduler_i/U303/Y,NAND2X1,NOR3X1/B,1,0.003067,0.00306333,0.003067,0.00306333,0.003067,0.0,0.003067,0.0,0.003067
frfcfs_scheduler_i/n678,frfcfs_scheduler_i/U300/Y,NAND3X1,NOR3X1/C,1,0.00328822,0.00328822,0.00322576,0.00322576,0.00328822,0.0,0.00328822,0.0,0.003288
frfcfs_scheduler_i/n680,frfcfs_scheduler_i/U302/Y,NAND2X1,NAND3X1/B,1,0.00283213,0.00283213,0.00259978,0.00259978,0.00283213,0.0,0.00283213,0.0,0.002832
frfcfs_scheduler_i/n681,frfcfs_scheduler_i/U301/Y,AOI22X1,NAND3X1/C,1,0.00296109,0.00296109,0.0028316,0.0028316,0.00296109,0.0,0.00296109,0.0,0.002961
frfcfs_scheduler_i/n683,frfcfs_scheduler_i/U305/Y,AOI22X1,NAND2X1/A,1,0.00211057,0.00211057,0.00188435,0.00188435,0.00211057,0.0,0.00211057,0.0,0.002111
frfcfs_scheduler_i/n684,frfcfs_scheduler_i/U304/Y,AOI22X1,NAND2X1/B,1,0.00202749,0.00202749,0.00194421,0.00194421,0.00202749,0.0,0.00202749,0.0,0.002027
frfcfs_scheduler_i/n689,frfcfs_scheduler_i/U311/Y,AOI22X1,NAND3X1/A,1,0.00254759,0.00254759,0.00220852,0.00220852,0.00254759,0.0,0.00254759,0.0,0.002548
frfcfs_scheduler_i/n690,frfcfs_scheduler_i/U309/Y,AOI21X1,NAND3X1/B,1,0.00283213,0.00283213,0.00259978,0.00259978,0.00283213,0.0,0.00283213,0.0,0.002832
frfcfs_scheduler_i/n692,frfcfs_scheduler_i/U308/Y,AOI22X1,AND2X2/A,1,0.00179784,0.00179784,0.00176278,0.00176278,0.00179784,0.0,0.00179784,0.0,0.001798
frfcfs_scheduler_i/n693,frfcfs_scheduler_i/U307/Y,AOI22X1,AND2X2/B,1,0.00186944,0.00186944,0.00182011,0.00182011,0.00186944,0.0,0.00186944,0.0,0.001869
frfcfs_scheduler_i/n703,frfcfs_scheduler_i/U319/Y,NAND3X1,NOR3X1/A,1,0.00302113,0.00302113,0.00301081,0.00301081,0.00302113,0.0,0.00302113,0.0,0.003021
frfcfs_scheduler_i/n704,frfcfs_scheduler_i/U315/Y,NAND3X1,NOR3X1/B,1,0.003067,0.00306333,0.003067,0.00306333,0.003067,0.0,0.003067,0.0,0.003067
frfcfs_scheduler_i/n705,frfcfs_scheduler_i/U313/Y,NAND3X1,NOR3X1/C,1,0.00328822,0.00328822,0.00322576,0.00322576,0.00328822,0.0,0.00328822,0.0,0.003288
frfcfs_scheduler_i/n706,frfcfs_scheduler_i/U314/Y,AOI22X1,NAND3X1/C,1,0.00296109,0.00296109,0.0028316,0.0028316,0.00296109,0.0,0.00296109,0.0,0.002961
frfcfs_scheduler_i/n707,frfcfs_scheduler_i/U318/Y,AOI22X1,NAND3X1/A,1,0.00254759,0.00254759,0.00220852,0.00220852,0.00254759,0.0,0.00254759,0.0,0.002548
frfcfs_scheduler_i/n708,frfcfs_scheduler_i/U317/Y,NAND2X1,NAND3X1/B,1,0.00283213,0.00283213,0.00259978,0.00259978,0.00283213,0.0,0.00283213,0.0,0.002832
frfcfs_scheduler_i/n709,frfcfs_scheduler_i/U316/Y,AOI22X1,NAND3X1/C,1,0.00296109,0.00296109,0.0028316,0.0028316,0.00296109,0.0,0.00296109,0.0,0.002961
frfcfs_scheduler_i/n710,frfcfs_scheduler_i/U324/Y,AOI22X1,NAND3X1/A,1,0.00254759,0.00254759,0.00220852,0.00220852,0.00254759,0.0,0.00254759,0.0,0.002548
frfcfs_scheduler_i/n711,frfcfs_scheduler_i/U322/Y,AOI21X1,NAND3X1/B,1,0.00283213,0.00283213,0.00259978,0.00259978,0.00283213,0.0,0.00283213,0.0,0.002832
frfcfs_scheduler_i/n713,frfcfs_scheduler_i/U321/Y,AOI22X1,AND2X2/A,1,0.00179784,0.00179784,0.00176278,0.00176278,0.00179784,0.0,0.00179784,0.0,0.001798
frfcfs_scheduler_i/n714,frfcfs_scheduler_i/U320/Y,AOI22X1,AND2X2/B,1,0.00186944,0.00186944,0.00182011,0.00182011,0.00186944,0.0,0.00186944,0.0,0.001869
frfcfs_scheduler_i/n716,frfcfs_scheduler_i/U828/Y,NAND3X1,BUFX2/A;BUFX2/A,2,0.00307792,0.00307792,0.0030083,0.0030083,0.00307792,0.0,0.00307792,0.0,0.003078
frfcfs_scheduler_i/n719,frfcfs_scheduler_i/U334/Y,NAND3X1,NOR3X1/A,1,0.00302113,0.00302113,0.00301081,0.00301081,0.00302113,0.0,0.00302113,0.0,0.003021
frfcfs_scheduler_i/n721,frfcfs_scheduler_i/U328/Y,NAND3X1,NOR3X1/C,1,0.00328822,0.00328822,0.00322576,0.00322576,0.00328822,0.0,0.00328822,0.0,0.003288
frfcfs_scheduler_i/n722,frfcfs_scheduler_i/U330/Y,NAND2X1,NAND3X1/B,1,0.00283213,0.00283213,0.00259978,0.00259978,0.00283213,0.0,0.00283213,0.0,0.002832
frfcfs_scheduler_i/n723,frfcfs_scheduler_i/U329/Y,AOI22X1,NAND3X1/C,1,0.00296109,0.00296109,0.0028316,0.0028316,0.00296109,0.0,0.00296109,0.0,0.002961
frfcfs_scheduler_i/n724,frfcfs_scheduler_i/U333/Y,AOI22X1,BUFX2/A,1,0.00153896,0.00153896,0.00150415,0.00150415,0.00153896,0.0,0.00153896,0.0,0.001539
frfcfs_scheduler_i/n725,frfcfs_scheduler_i/U332/Y,AOI22X1,BUFX2/A,1,0.00153896,0.00153896,0.00150415,0.00150415,0.00153896,0.0,0.00153896,0.0,0.001539
frfcfs_scheduler_i/n726,frfcfs_scheduler_i/U339/Y,AOI22X1,NAND3X1/A,1,0.00254759,0.00254759,0.00220852,0.00220852,0.00254759,0.0,0.00254759,0.0,0.002548
frfcfs_scheduler_i/n727,frfcfs_scheduler_i/U337/Y,AOI21X1,NAND3X1/B,1,0.00283213,0.00283213,0.00259978,0.00259978,0.00283213,0.0,0.00283213,0.0,0.002832
frfcfs_scheduler_i/n729,frfcfs_scheduler_i/U336/Y,AOI22X1,AND2X2/A,1,0.00179784,0.00179784,0.00176278,0.00176278,0.00179784,0.0,0.00179784,0.0,0.001798
frfcfs_scheduler_i/n730,frfcfs_scheduler_i/U335/Y,AOI22X1,AND2X2/B,1,0.00186944,0.00186944,0.00182011,0.00182011,0.00186944,0.0,0.00186944,0.0,0.001869
frfcfs_scheduler_i/n732,frfcfs_scheduler_i/U347/Y,NAND3X1,NOR3X1/A,1,0.00302113,0.00302113,0.00301081,0.00301081,0.00302113,0.0,0.00302113,0.0,0.003021
frfcfs_scheduler_i/n733,frfcfs_scheduler_i/U343/Y,NAND3X1,NOR3X1/B,1,0.003067,0.00306333,0.003067,0.00306333,0.003067,0.0,0.003067,0.0,0.003067
frfcfs_scheduler_i/n734,frfcfs_scheduler_i/U341/Y,NAND3X1,NOR3X1/C,1,0.00328822,0.00328822,0.00322576,0.00322576,0.00328822,0.0,0.00328822,0.0,0.003288
frfcfs_scheduler_i/n735,frfcfs_scheduler_i/U342/Y,AOI22X1,NAND3X1/C,1,0.00296109,0.00296109,0.0028316,0.0028316,0.00296109,0.0,0.00296109,0.0,0.002961
frfcfs_scheduler_i/n736,frfcfs_scheduler_i/U346/Y,AOI22X1,NAND3X1/A,1,0.00254759,0.00254759,0.00220852,0.00220852,0.00254759,0.0,0.00254759,0.0,0.002548
frfcfs_scheduler_i/n737,frfcfs_scheduler_i/U345/Y,NAND2X1,NAND3X1/B,1,0.00283213,0.00283213,0.00259978,0.00259978,0.00283213,0.0,0.00283213,0.0,0.002832
frfcfs_scheduler_i/n738,frfcfs_scheduler_i/U344/Y,AOI22X1,NAND3X1/C,1,0.00296109,0.00296109,0.0028316,0.0028316,0.00296109,0.0,0.00296109,0.0,0.002961
frfcfs_scheduler_i/n739,frfcfs_scheduler_i/U352/Y,AOI22X1,NAND3X1/A,1,0.00254759,0.00254759,0.00220852,0.00220852,0.00254759,0.0,0.00254759,0.0,0.002548
frfcfs_scheduler_i/n740,frfcfs_scheduler_i/U350/Y,AOI21X1,NAND3X1/B,1,0.00283213,0.00283213,0.00259978,0.00259978,0.00283213,0.0,0.00283213,0.0,0.002832
frfcfs_scheduler_i/n742,frfcfs_scheduler_i/U349/Y,AOI22X1,AND2X2/A,1,0.00179784,0.00179784,0.00176278,0.00176278,0.00179784,0.0,0.00179784,0.0,0.001798
frfcfs_scheduler_i/n743,frfcfs_scheduler_i/U348/Y,AOI22X1,AND2X2/B,1,0.00186944,0.00186944,0.00182011,0.00182011,0.00186944,0.0,0.00186944,0.0,0.001869
frfcfs_scheduler_i/n747,frfcfs_scheduler_i/U361/Y,NAND3X1,NOR3X1/A,1,0.00302113,0.00302113,0.00301081,0.00301081,0.00302113,0.0,0.00302113,0.0,0.003021
frfcfs_scheduler_i/n748,frfcfs_scheduler_i/U358/Y,NAND2X1,NOR3X1/B,1,0.003067,0.00306333,0.003067,0.00306333,0.003067,0.0,0.003067,0.0,0.003067
frfcfs_scheduler_i/n749,frfcfs_scheduler_i/U355/Y,NAND3X1,NOR3X1/C,1,0.00328822,0.00328822,0.00322576,0.00322576,0.00328822,0.0,0.00328822,0.0,0.003288
frfcfs_scheduler_i/n750,frfcfs_scheduler_i/U357/Y,NAND2X1,NAND3X1/B,1,0.00283213,0.00283213,0.00259978,0.00259978,0.00283213,0.0,0.00283213,0.0,0.002832
frfcfs_scheduler_i/n751,frfcfs_scheduler_i/U356/Y,AOI22X1,NAND3X1/C,1,0.00296109,0.00296109,0.0028316,0.0028316,0.00296109,0.0,0.00296109,0.0,0.002961
frfcfs_scheduler_i/n752,frfcfs_scheduler_i/U360/Y,AOI22X1,NAND2X1/A,1,0.00211057,0.00211057,0.00188435,0.00188435,0.00211057,0.0,0.00211057,0.0,0.002111
frfcfs_scheduler_i/n753,frfcfs_scheduler_i/U359/Y,AOI22X1,NAND2X1/B,1,0.00202749,0.00202749,0.00194421,0.00194421,0.00202749,0.0,0.00202749,0.0,0.002027
frfcfs_scheduler_i/n754,frfcfs_scheduler_i/U366/Y,AOI22X1,NAND3X1/A,1,0.00254759,0.00254759,0.00220852,0.00220852,0.00254759,0.0,0.00254759,0.0,0.002548
frfcfs_scheduler_i/n755,frfcfs_scheduler_i/U364/Y,AOI21X1,NAND3X1/B,1,0.00283213,0.00283213,0.00259978,0.00259978,0.00283213,0.0,0.00283213,0.0,0.002832
frfcfs_scheduler_i/n757,frfcfs_scheduler_i/U363/Y,AOI22X1,AND2X2/A,1,0.00179784,0.00179784,0.00176278,0.00176278,0.00179784,0.0,0.00179784,0.0,0.001798
frfcfs_scheduler_i/n758,frfcfs_scheduler_i/U362/Y,AOI22X1,AND2X2/B,1,0.00186944,0.00186944,0.00182011,0.00182011,0.00186944,0.0,0.00186944,0.0,0.001869
frfcfs_scheduler_i/n760,frfcfs_scheduler_i/U374/Y,NAND3X1,NOR3X1/A,1,0.00302113,0.00302113,0.00301081,0.00301081,0.00302113,0.0,0.00302113,0.0,0.003021
frfcfs_scheduler_i/n761,frfcfs_scheduler_i/U370/Y,NAND3X1,NOR3X1/B,1,0.003067,0.00306333,0.003067,0.00306333,0.003067,0.0,0.003067,0.0,0.003067
frfcfs_scheduler_i/n762,frfcfs_scheduler_i/U368/Y,NAND3X1,NOR3X1/C,1,0.00328822,0.00328822,0.00322576,0.00322576,0.00328822,0.0,0.00328822,0.0,0.003288
frfcfs_scheduler_i/n763,frfcfs_scheduler_i/U369/Y,AOI22X1,NAND3X1/C,1,0.00296109,0.00296109,0.0028316,0.0028316,0.00296109,0.0,0.00296109,0.0,0.002961
frfcfs_scheduler_i/n764,frfcfs_scheduler_i/U373/Y,AOI22X1,NAND3X1/A,1,0.00254759,0.00254759,0.00220852,0.00220852,0.00254759,0.0,0.00254759,0.0,0.002548
frfcfs_scheduler_i/n765,frfcfs_scheduler_i/U372/Y,NAND2X1,NAND3X1/B,1,0.00283213,0.00283213,0.00259978,0.00259978,0.00283213,0.0,0.00283213,0.0,0.002832
frfcfs_scheduler_i/n766,frfcfs_scheduler_i/U371/Y,AOI22X1,NAND3X1/C,1,0.00296109,0.00296109,0.0028316,0.0028316,0.00296109,0.0,0.00296109,0.0,0.002961
frfcfs_scheduler_i/n767,frfcfs_scheduler_i/U379/Y,AOI22X1,NAND3X1/A,1,0.00254759,0.00254759,0.00220852,0.00220852,0.00254759,0.0,0.00254759,0.0,0.002548
frfcfs_scheduler_i/n768,frfcfs_scheduler_i/U377/Y,AOI21X1,NAND3X1/B,1,0.00283213,0.00283213,0.00259978,0.00259978,0.00283213,0.0,0.00283213,0.0,0.002832
frfcfs_scheduler_i/n770,frfcfs_scheduler_i/U376/Y,AOI22X1,AND2X2/A,1,0.00179784,0.00179784,0.00176278,0.00176278,0.00179784,0.0,0.00179784,0.0,0.001798
frfcfs_scheduler_i/n771,frfcfs_scheduler_i/U375/Y,AOI22X1,AND2X2/B,1,0.00186944,0.00186944,0.00182011,0.00182011,0.00186944,0.0,0.00186944,0.0,0.001869
frfcfs_scheduler_i/n775,frfcfs_scheduler_i/U388/Y,NAND3X1,NOR3X1/A,1,0.00302113,0.00302113,0.00301081,0.00301081,0.00302113,0.0,0.00302113,0.0,0.003021
frfcfs_scheduler_i/n777,frfcfs_scheduler_i/U382/Y,NAND3X1,NOR3X1/C,1,0.00328822,0.00328822,0.00322576,0.00322576,0.00328822,0.0,0.00328822,0.0,0.003288
frfcfs_scheduler_i/n778,frfcfs_scheduler_i/U384/Y,NAND2X1,NAND3X1/B,1,0.00283213,0.00283213,0.00259978,0.00259978,0.00283213,0.0,0.00283213,0.0,0.002832
frfcfs_scheduler_i/n779,frfcfs_scheduler_i/U383/Y,AOI22X1,NAND3X1/C,1,0.00296109,0.00296109,0.0028316,0.0028316,0.00296109,0.0,0.00296109,0.0,0.002961
frfcfs_scheduler_i/n780,frfcfs_scheduler_i/U387/Y,AOI22X1,BUFX2/A,1,0.00153896,0.00153896,0.00150415,0.00150415,0.00153896,0.0,0.00153896,0.0,0.001539
frfcfs_scheduler_i/n781,frfcfs_scheduler_i/U386/Y,AOI22X1,BUFX2/A,1,0.00153896,0.00153896,0.00150415,0.00150415,0.00153896,0.0,0.00153896,0.0,0.001539
frfcfs_scheduler_i/n782,frfcfs_scheduler_i/U393/Y,AOI22X1,NAND3X1/A,1,0.00254759,0.00254759,0.00220852,0.00220852,0.00254759,0.0,0.00254759,0.0,0.002548
frfcfs_scheduler_i/n783,frfcfs_scheduler_i/U391/Y,AOI21X1,NAND3X1/B,1,0.00283213,0.00283213,0.00259978,0.00259978,0.00283213,0.0,0.00283213,0.0,0.002832
frfcfs_scheduler_i/n785,frfcfs_scheduler_i/U390/Y,AOI22X1,AND2X2/A,1,0.00179784,0.00179784,0.00176278,0.00176278,0.00179784,0.0,0.00179784,0.0,0.001798
frfcfs_scheduler_i/n786,frfcfs_scheduler_i/U389/Y,AOI22X1,AND2X2/B,1,0.00186944,0.00186944,0.00182011,0.00182011,0.00186944,0.0,0.00186944,0.0,0.001869
frfcfs_scheduler_i/n788,frfcfs_scheduler_i/U401/Y,NAND3X1,NOR3X1/A,1,0.00302113,0.00302113,0.00301081,0.00301081,0.00302113,0.0,0.00302113,0.0,0.003021
frfcfs_scheduler_i/n789,frfcfs_scheduler_i/U397/Y,NAND3X1,NOR3X1/B,1,0.003067,0.00306333,0.003067,0.00306333,0.003067,0.0,0.003067,0.0,0.003067
frfcfs_scheduler_i/n790,frfcfs_scheduler_i/U395/Y,NAND3X1,NOR3X1/C,1,0.00328822,0.00328822,0.00322576,0.00322576,0.00328822,0.0,0.00328822,0.0,0.003288
frfcfs_scheduler_i/n791,frfcfs_scheduler_i/U396/Y,AOI22X1,NAND3X1/C,1,0.00296109,0.00296109,0.0028316,0.0028316,0.00296109,0.0,0.00296109,0.0,0.002961
frfcfs_scheduler_i/n792,frfcfs_scheduler_i/U400/Y,AOI22X1,NAND3X1/A,1,0.00254759,0.00254759,0.00220852,0.00220852,0.00254759,0.0,0.00254759,0.0,0.002548
frfcfs_scheduler_i/n793,frfcfs_scheduler_i/U399/Y,NAND2X1,NAND3X1/B,1,0.00283213,0.00283213,0.00259978,0.00259978,0.00283213,0.0,0.00283213,0.0,0.002832
frfcfs_scheduler_i/n794,frfcfs_scheduler_i/U398/Y,AOI22X1,NAND3X1/C,1,0.00296109,0.00296109,0.0028316,0.0028316,0.00296109,0.0,0.00296109,0.0,0.002961
frfcfs_scheduler_i/n795,frfcfs_scheduler_i/U406/Y,AOI22X1,NAND3X1/A,1,0.00254759,0.00254759,0.00220852,0.00220852,0.00254759,0.0,0.00254759,0.0,0.002548
frfcfs_scheduler_i/n796,frfcfs_scheduler_i/U404/Y,AOI21X1,NAND3X1/B,1,0.00283213,0.00283213,0.00259978,0.00259978,0.00283213,0.0,0.00283213,0.0,0.002832
frfcfs_scheduler_i/n798,frfcfs_scheduler_i/U403/Y,AOI22X1,AND2X2/A,1,0.00179784,0.00179784,0.00176278,0.00176278,0.00179784,0.0,0.00179784,0.0,0.001798
frfcfs_scheduler_i/n799,frfcfs_scheduler_i/U402/Y,AOI22X1,AND2X2/B,1,0.00186944,0.00186944,0.00182011,0.00182011,0.00186944,0.0,0.00186944,0.0,0.001869
frfcfs_scheduler_i/n804,frfcfs_scheduler_i/U417/Y,NAND3X1,NOR3X1/A,1,0.00302113,0.00302113,0.00301081,0.00301081,0.00302113,0.0,0.00302113,0.0,0.003021
frfcfs_scheduler_i/n805,frfcfs_scheduler_i/U414/Y,NAND2X1,NOR3X1/B,1,0.003067,0.00306333,0.003067,0.00306333,0.003067,0.0,0.003067,0.0,0.003067
frfcfs_scheduler_i/n806,frfcfs_scheduler_i/U411/Y,NAND3X1,NOR3X1/C,1,0.00328822,0.00328822,0.00322576,0.00322576,0.00328822,0.0,0.00328822,0.0,0.003288
frfcfs_scheduler_i/n807,frfcfs_scheduler_i/U413/Y,NAND2X1,NAND3X1/B,1,0.00283213,0.00283213,0.00259978,0.00259978,0.00283213,0.0,0.00283213,0.0,0.002832
frfcfs_scheduler_i/n808,frfcfs_scheduler_i/U412/Y,AOI22X1,NAND3X1/C,1,0.00296109,0.00296109,0.0028316,0.0028316,0.00296109,0.0,0.00296109,0.0,0.002961
frfcfs_scheduler_i/n809,frfcfs_scheduler_i/U416/Y,AOI22X1,NAND2X1/A,1,0.00211057,0.00211057,0.00188435,0.00188435,0.00211057,0.0,0.00211057,0.0,0.002111
frfcfs_scheduler_i/n810,frfcfs_scheduler_i/U415/Y,AOI22X1,NAND2X1/B,1,0.00202749,0.00202749,0.00194421,0.00194421,0.00202749,0.0,0.00202749,0.0,0.002027
frfcfs_scheduler_i/n811,frfcfs_scheduler_i/U422/Y,AOI22X1,NAND3X1/A,1,0.00254759,0.00254759,0.00220852,0.00220852,0.00254759,0.0,0.00254759,0.0,0.002548
frfcfs_scheduler_i/n812,frfcfs_scheduler_i/U420/Y,AOI21X1,NAND3X1/B,1,0.00283213,0.00283213,0.00259978,0.00259978,0.00283213,0.0,0.00283213,0.0,0.002832
frfcfs_scheduler_i/n814,frfcfs_scheduler_i/U419/Y,AOI22X1,AND2X2/A,1,0.00179784,0.00179784,0.00176278,0.00176278,0.00179784,0.0,0.00179784,0.0,0.001798
frfcfs_scheduler_i/n815,frfcfs_scheduler_i/U418/Y,AOI22X1,AND2X2/B,1,0.00186944,0.00186944,0.00182011,0.00182011,0.00186944,0.0,0.00186944,0.0,0.001869
frfcfs_scheduler_i/n817,frfcfs_scheduler_i/U430/Y,NAND3X1,NOR3X1/A,1,0.00302113,0.00302113,0.00301081,0.00301081,0.00302113,0.0,0.00302113,0.0,0.003021
frfcfs_scheduler_i/n818,frfcfs_scheduler_i/U426/Y,NAND3X1,NOR3X1/B,1,0.003067,0.00306333,0.003067,0.00306333,0.003067,0.0,0.003067,0.0,0.003067
frfcfs_scheduler_i/n819,frfcfs_scheduler_i/U424/Y,NAND3X1,NOR3X1/C,1,0.00328822,0.00328822,0.00322576,0.00322576,0.00328822,0.0,0.00328822,0.0,0.003288
frfcfs_scheduler_i/n820,frfcfs_scheduler_i/U425/Y,AOI22X1,NAND3X1/C,1,0.00296109,0.00296109,0.0028316,0.0028316,0.00296109,0.0,0.00296109,0.0,0.002961
frfcfs_scheduler_i/n821,frfcfs_scheduler_i/U429/Y,AOI22X1,NAND3X1/A,1,0.00254759,0.00254759,0.00220852,0.00220852,0.00254759,0.0,0.00254759,0.0,0.002548
frfcfs_scheduler_i/n822,frfcfs_scheduler_i/U428/Y,NAND2X1,NAND3X1/B,1,0.00283213,0.00283213,0.00259978,0.00259978,0.00283213,0.0,0.00283213,0.0,0.002832
frfcfs_scheduler_i/n823,frfcfs_scheduler_i/U427/Y,AOI22X1,NAND3X1/C,1,0.00296109,0.00296109,0.0028316,0.0028316,0.00296109,0.0,0.00296109,0.0,0.002961
frfcfs_scheduler_i/n824,frfcfs_scheduler_i/U435/Y,AOI22X1,NAND3X1/A,1,0.00254759,0.00254759,0.00220852,0.00220852,0.00254759,0.0,0.00254759,0.0,0.002548
frfcfs_scheduler_i/n825,frfcfs_scheduler_i/U433/Y,AOI21X1,NAND3X1/B,1,0.00283213,0.00283213,0.00259978,0.00259978,0.00283213,0.0,0.00283213,0.0,0.002832
frfcfs_scheduler_i/n827,frfcfs_scheduler_i/U432/Y,AOI22X1,AND2X2/A,1,0.00179784,0.00179784,0.00176278,0.00176278,0.00179784,0.0,0.00179784,0.0,0.001798
frfcfs_scheduler_i/n828,frfcfs_scheduler_i/U431/Y,AOI22X1,AND2X2/B,1,0.00186944,0.00186944,0.00182011,0.00182011,0.00186944,0.0,0.00186944,0.0,0.001869
frfcfs_scheduler_i/n832,frfcfs_scheduler_i/U444/Y,NAND3X1,NOR3X1/A,1,0.00302113,0.00302113,0.00301081,0.00301081,0.00302113,0.0,0.00302113,0.0,0.003021
frfcfs_scheduler_i/n834,frfcfs_scheduler_i/U438/Y,NAND3X1,NOR3X1/C,1,0.00328822,0.00328822,0.00322576,0.00322576,0.00328822,0.0,0.00328822,0.0,0.003288
frfcfs_scheduler_i/n835,frfcfs_scheduler_i/U440/Y,NAND2X1,NAND3X1/B,1,0.00283213,0.00283213,0.00259978,0.00259978,0.00283213,0.0,0.00283213,0.0,0.002832
frfcfs_scheduler_i/n836,frfcfs_scheduler_i/U439/Y,AOI22X1,NAND3X1/C,1,0.00296109,0.00296109,0.0028316,0.0028316,0.00296109,0.0,0.00296109,0.0,0.002961
frfcfs_scheduler_i/n837,frfcfs_scheduler_i/U443/Y,AOI22X1,BUFX2/A,1,0.00153896,0.00153896,0.00150415,0.00150415,0.00153896,0.0,0.00153896,0.0,0.001539
frfcfs_scheduler_i/n838,frfcfs_scheduler_i/U442/Y,AOI22X1,BUFX2/A,1,0.00153896,0.00153896,0.00150415,0.00150415,0.00153896,0.0,0.00153896,0.0,0.001539
frfcfs_scheduler_i/n839,frfcfs_scheduler_i/U449/Y,AOI22X1,NAND3X1/A,1,0.00254759,0.00254759,0.00220852,0.00220852,0.00254759,0.0,0.00254759,0.0,0.002548
frfcfs_scheduler_i/n840,frfcfs_scheduler_i/U447/Y,AOI21X1,NAND3X1/B,1,0.00283213,0.00283213,0.00259978,0.00259978,0.00283213,0.0,0.00283213,0.0,0.002832
frfcfs_scheduler_i/n842,frfcfs_scheduler_i/U446/Y,AOI22X1,AND2X2/A,1,0.00179784,0.00179784,0.00176278,0.00176278,0.00179784,0.0,0.00179784,0.0,0.001798
frfcfs_scheduler_i/n843,frfcfs_scheduler_i/U445/Y,AOI22X1,AND2X2/B,1,0.00186944,0.00186944,0.00182011,0.00182011,0.00186944,0.0,0.00186944,0.0,0.001869
frfcfs_scheduler_i/n845,frfcfs_scheduler_i/U457/Y,NAND3X1,NOR3X1/A,1,0.00302113,0.00302113,0.00301081,0.00301081,0.00302113,0.0,0.00302113,0.0,0.003021
frfcfs_scheduler_i/n846,frfcfs_scheduler_i/U453/Y,NAND3X1,NOR3X1/B,1,0.003067,0.00306333,0.003067,0.00306333,0.003067,0.0,0.003067,0.0,0.003067
frfcfs_scheduler_i/n847,frfcfs_scheduler_i/U451/Y,NAND3X1,NOR3X1/C,1,0.00328822,0.00328822,0.00322576,0.00322576,0.00328822,0.0,0.00328822,0.0,0.003288
frfcfs_scheduler_i/n848,frfcfs_scheduler_i/U452/Y,AOI22X1,NAND3X1/C,1,0.00296109,0.00296109,0.0028316,0.0028316,0.00296109,0.0,0.00296109,0.0,0.002961
frfcfs_scheduler_i/n849,frfcfs_scheduler_i/U456/Y,AOI22X1,NAND3X1/A,1,0.00254759,0.00254759,0.00220852,0.00220852,0.00254759,0.0,0.00254759,0.0,0.002548
frfcfs_scheduler_i/n850,frfcfs_scheduler_i/U455/Y,NAND2X1,NAND3X1/B,1,0.00283213,0.00283213,0.00259978,0.00259978,0.00283213,0.0,0.00283213,0.0,0.002832
frfcfs_scheduler_i/n851,frfcfs_scheduler_i/U454/Y,AOI22X1,NAND3X1/C,1,0.00296109,0.00296109,0.0028316,0.0028316,0.00296109,0.0,0.00296109,0.0,0.002961
frfcfs_scheduler_i/n852,frfcfs_scheduler_i/U462/Y,AOI22X1,NAND3X1/A,1,0.00254759,0.00254759,0.00220852,0.00220852,0.00254759,0.0,0.00254759,0.0,0.002548
frfcfs_scheduler_i/n853,frfcfs_scheduler_i/U460/Y,AOI21X1,NAND3X1/B,1,0.00283213,0.00283213,0.00259978,0.00259978,0.00283213,0.0,0.00283213,0.0,0.002832
frfcfs_scheduler_i/n855,frfcfs_scheduler_i/U459/Y,AOI22X1,AND2X2/A,1,0.00179784,0.00179784,0.00176278,0.00176278,0.00179784,0.0,0.00179784,0.0,0.001798
frfcfs_scheduler_i/n856,frfcfs_scheduler_i/U458/Y,AOI22X1,AND2X2/B,1,0.00186944,0.00186944,0.00182011,0.00182011,0.00186944,0.0,0.00186944,0.0,0.001869
frfcfs_scheduler_i/n860,frfcfs_scheduler_i/U471/Y,NAND3X1,NOR3X1/A,1,0.00302113,0.00302113,0.00301081,0.00301081,0.00302113,0.0,0.00302113,0.0,0.003021
frfcfs_scheduler_i/n861,frfcfs_scheduler_i/U468/Y,NAND2X1,NOR3X1/B,1,0.003067,0.00306333,0.003067,0.00306333,0.003067,0.0,0.003067,0.0,0.003067
frfcfs_scheduler_i/n862,frfcfs_scheduler_i/U465/Y,NAND3X1,NOR3X1/C,1,0.00328822,0.00328822,0.00322576,0.00322576,0.00328822,0.0,0.00328822,0.0,0.003288
frfcfs_scheduler_i/n863,frfcfs_scheduler_i/U467/Y,NAND2X1,NAND3X1/B,1,0.00283213,0.00283213,0.00259978,0.00259978,0.00283213,0.0,0.00283213,0.0,0.002832
frfcfs_scheduler_i/n864,frfcfs_scheduler_i/U466/Y,AOI22X1,NAND3X1/C,1,0.00296109,0.00296109,0.0028316,0.0028316,0.00296109,0.0,0.00296109,0.0,0.002961
frfcfs_scheduler_i/n865,frfcfs_scheduler_i/U470/Y,AOI22X1,NAND2X1/A,1,0.00211057,0.00211057,0.00188435,0.00188435,0.00211057,0.0,0.00211057,0.0,0.002111
frfcfs_scheduler_i/n866,frfcfs_scheduler_i/U469/Y,AOI22X1,NAND2X1/B,1,0.00202749,0.00202749,0.00194421,0.00194421,0.00202749,0.0,0.00202749,0.0,0.002027
frfcfs_scheduler_i/n867,frfcfs_scheduler_i/U476/Y,AOI22X1,NAND3X1/A,1,0.00254759,0.00254759,0.00220852,0.00220852,0.00254759,0.0,0.00254759,0.0,0.002548
frfcfs_scheduler_i/n868,frfcfs_scheduler_i/U474/Y,AOI21X1,NAND3X1/B,1,0.00283213,0.00283213,0.00259978,0.00259978,0.00283213,0.0,0.00283213,0.0,0.002832
frfcfs_scheduler_i/n870,frfcfs_scheduler_i/U473/Y,AOI22X1,AND2X2/A,1,0.00179784,0.00179784,0.00176278,0.00176278,0.00179784,0.0,0.00179784,0.0,0.001798
frfcfs_scheduler_i/n871,frfcfs_scheduler_i/U472/Y,AOI22X1,AND2X2/B,1,0.00186944,0.00186944,0.00182011,0.00182011,0.00186944,0.0,0.00186944,0.0,0.001869
frfcfs_scheduler_i/n873,frfcfs_scheduler_i/U484/Y,NAND3X1,NOR3X1/A,1,0.00302113,0.00302113,0.00301081,0.00301081,0.00302113,0.0,0.00302113,0.0,0.003021
frfcfs_scheduler_i/n874,frfcfs_scheduler_i/U480/Y,NAND3X1,NOR3X1/B,1,0.003067,0.00306333,0.003067,0.00306333,0.003067,0.0,0.003067,0.0,0.003067
frfcfs_scheduler_i/n875,frfcfs_scheduler_i/U478/Y,NAND3X1,NOR3X1/C,1,0.00328822,0.00328822,0.00322576,0.00322576,0.00328822,0.0,0.00328822,0.0,0.003288
frfcfs_scheduler_i/n876,frfcfs_scheduler_i/U479/Y,AOI22X1,NAND3X1/C,1,0.00296109,0.00296109,0.0028316,0.0028316,0.00296109,0.0,0.00296109,0.0,0.002961
frfcfs_scheduler_i/n877,frfcfs_scheduler_i/U483/Y,AOI22X1,NAND3X1/A,1,0.00254759,0.00254759,0.00220852,0.00220852,0.00254759,0.0,0.00254759,0.0,0.002548
frfcfs_scheduler_i/n878,frfcfs_scheduler_i/U482/Y,NAND2X1,NAND3X1/B,1,0.00283213,0.00283213,0.00259978,0.00259978,0.00283213,0.0,0.00283213,0.0,0.002832
frfcfs_scheduler_i/n879,frfcfs_scheduler_i/U481/Y,AOI22X1,NAND3X1/C,1,0.00296109,0.00296109,0.0028316,0.0028316,0.00296109,0.0,0.00296109,0.0,0.002961
frfcfs_scheduler_i/n880,frfcfs_scheduler_i/U489/Y,AOI22X1,NAND3X1/A,1,0.00254759,0.00254759,0.00220852,0.00220852,0.00254759,0.0,0.00254759,0.0,0.002548
frfcfs_scheduler_i/n881,frfcfs_scheduler_i/U487/Y,AOI21X1,NAND3X1/B,1,0.00283213,0.00283213,0.00259978,0.00259978,0.00283213,0.0,0.00283213,0.0,0.002832
frfcfs_scheduler_i/n883,frfcfs_scheduler_i/U486/Y,AOI22X1,AND2X2/A,1,0.00179784,0.00179784,0.00176278,0.00176278,0.00179784,0.0,0.00179784,0.0,0.001798
frfcfs_scheduler_i/n884,frfcfs_scheduler_i/U485/Y,AOI22X1,AND2X2/B,1,0.00186944,0.00186944,0.00182011,0.00182011,0.00186944,0.0,0.00186944,0.0,0.001869
frfcfs_scheduler_i/n888,frfcfs_scheduler_i/U498/Y,NAND3X1,NOR3X1/A,1,0.00302113,0.00302113,0.00301081,0.00301081,0.00302113,0.0,0.00302113,0.0,0.003021
frfcfs_scheduler_i/n890,frfcfs_scheduler_i/U492/Y,NAND3X1,NOR3X1/C,1,0.00328822,0.00328822,0.00322576,0.00322576,0.00328822,0.0,0.00328822,0.0,0.003288
frfcfs_scheduler_i/n891,frfcfs_scheduler_i/U494/Y,NAND2X1,NAND3X1/B,1,0.00283213,0.00283213,0.00259978,0.00259978,0.00283213,0.0,0.00283213,0.0,0.002832
frfcfs_scheduler_i/n892,frfcfs_scheduler_i/U493/Y,AOI22X1,NAND3X1/C,1,0.00296109,0.00296109,0.0028316,0.0028316,0.00296109,0.0,0.00296109,0.0,0.002961
frfcfs_scheduler_i/n893,frfcfs_scheduler_i/U497/Y,AOI22X1,BUFX2/A,1,0.00153896,0.00153896,0.00150415,0.00150415,0.00153896,0.0,0.00153896,0.0,0.001539
frfcfs_scheduler_i/n894,frfcfs_scheduler_i/U496/Y,AOI22X1,BUFX2/A,1,0.00153896,0.00153896,0.00150415,0.00150415,0.00153896,0.0,0.00153896,0.0,0.001539
frfcfs_scheduler_i/n895,frfcfs_scheduler_i/U503/Y,AOI22X1,NAND3X1/A,1,0.00254759,0.00254759,0.00220852,0.00220852,0.00254759,0.0,0.00254759,0.0,0.002548
frfcfs_scheduler_i/n896,frfcfs_scheduler_i/U501/Y,AOI21X1,NAND3X1/B,1,0.00283213,0.00283213,0.00259978,0.00259978,0.00283213,0.0,0.00283213,0.0,0.002832
frfcfs_scheduler_i/n898,frfcfs_scheduler_i/U500/Y,AOI22X1,AND2X2/A,1,0.00179784,0.00179784,0.00176278,0.00176278,0.00179784,0.0,0.00179784,0.0,0.001798
frfcfs_scheduler_i/n899,frfcfs_scheduler_i/U499/Y,AOI22X1,AND2X2/B,1,0.00186944,0.00186944,0.00182011,0.00182011,0.00186944,0.0,0.00186944,0.0,0.001869
frfcfs_scheduler_i/n901,frfcfs_scheduler_i/U511/Y,NAND3X1,NOR3X1/A,1,0.00302113,0.00302113,0.00301081,0.00301081,0.00302113,0.0,0.00302113,0.0,0.003021
frfcfs_scheduler_i/n902,frfcfs_scheduler_i/U507/Y,NAND3X1,NOR3X1/B,1,0.003067,0.00306333,0.003067,0.00306333,0.003067,0.0,0.003067,0.0,0.003067
frfcfs_scheduler_i/n903,frfcfs_scheduler_i/U505/Y,NAND3X1,NOR3X1/C,1,0.00328822,0.00328822,0.00322576,0.00322576,0.00328822,0.0,0.00328822,0.0,0.003288
frfcfs_scheduler_i/n904,frfcfs_scheduler_i/U506/Y,AOI22X1,NAND3X1/C,1,0.00296109,0.00296109,0.0028316,0.0028316,0.00296109,0.0,0.00296109,0.0,0.002961
frfcfs_scheduler_i/n905,frfcfs_scheduler_i/U510/Y,AOI22X1,NAND3X1/A,1,0.00254759,0.00254759,0.00220852,0.00220852,0.00254759,0.0,0.00254759,0.0,0.002548
frfcfs_scheduler_i/n906,frfcfs_scheduler_i/U509/Y,NAND2X1,NAND3X1/B,1,0.00283213,0.00283213,0.00259978,0.00259978,0.00283213,0.0,0.00283213,0.0,0.002832
frfcfs_scheduler_i/n907,frfcfs_scheduler_i/U508/Y,AOI22X1,NAND3X1/C,1,0.00296109,0.00296109,0.0028316,0.0028316,0.00296109,0.0,0.00296109,0.0,0.002961
frfcfs_scheduler_i/n908,frfcfs_scheduler_i/U516/Y,AOI22X1,NAND3X1/A,1,0.00254759,0.00254759,0.00220852,0.00220852,0.00254759,0.0,0.00254759,0.0,0.002548
frfcfs_scheduler_i/n909,frfcfs_scheduler_i/U514/Y,AOI21X1,NAND3X1/B,1,0.00283213,0.00283213,0.00259978,0.00259978,0.00283213,0.0,0.00283213,0.0,0.002832
frfcfs_scheduler_i/n911,frfcfs_scheduler_i/U513/Y,AOI22X1,AND2X2/A,1,0.00179784,0.00179784,0.00176278,0.00176278,0.00179784,0.0,0.00179784,0.0,0.001798
frfcfs_scheduler_i/n912,frfcfs_scheduler_i/U512/Y,AOI22X1,AND2X2/B,1,0.00186944,0.00186944,0.00182011,0.00182011,0.00186944,0.0,0.00186944,0.0,0.001869
frfcfs_scheduler_i/n917,frfcfs_scheduler_i/U529/Y,NAND3X1,NOR3X1/A,1,0.00302113,0.00302113,0.00301081,0.00301081,0.00302113,0.0,0.00302113,0.0,0.003021
frfcfs_scheduler_i/n918,frfcfs_scheduler_i/U526/Y,NAND2X1,NOR3X1/B,1,0.003067,0.00306333,0.003067,0.00306333,0.003067,0.0,0.003067,0.0,0.003067
frfcfs_scheduler_i/n919,frfcfs_scheduler_i/U523/Y,NAND3X1,NOR3X1/C,1,0.00328822,0.00328822,0.00322576,0.00322576,0.00328822,0.0,0.00328822,0.0,0.003288
frfcfs_scheduler_i/n920,frfcfs_scheduler_i/U525/Y,NAND2X1,NAND3X1/B,1,0.00283213,0.00283213,0.00259978,0.00259978,0.00283213,0.0,0.00283213,0.0,0.002832
frfcfs_scheduler_i/n921,frfcfs_scheduler_i/U524/Y,AOI22X1,NAND3X1/C,1,0.00296109,0.00296109,0.0028316,0.0028316,0.00296109,0.0,0.00296109,0.0,0.002961
frfcfs_scheduler_i/n922,frfcfs_scheduler_i/U528/Y,AOI22X1,NAND2X1/A,1,0.00211057,0.00211057,0.00188435,0.00188435,0.00211057,0.0,0.00211057,0.0,0.002111
frfcfs_scheduler_i/n923,frfcfs_scheduler_i/U527/Y,AOI22X1,NAND2X1/B,1,0.00202749,0.00202749,0.00194421,0.00194421,0.00202749,0.0,0.00202749,0.0,0.002027
frfcfs_scheduler_i/n924,frfcfs_scheduler_i/U534/Y,AOI22X1,NAND3X1/A,1,0.00254759,0.00254759,0.00220852,0.00220852,0.00254759,0.0,0.00254759,0.0,0.002548
frfcfs_scheduler_i/n925,frfcfs_scheduler_i/U532/Y,AOI21X1,NAND3X1/B,1,0.00283213,0.00283213,0.00259978,0.00259978,0.00283213,0.0,0.00283213,0.0,0.002832
frfcfs_scheduler_i/n927,frfcfs_scheduler_i/U531/Y,AOI22X1,AND2X2/A,1,0.00179784,0.00179784,0.00176278,0.00176278,0.00179784,0.0,0.00179784,0.0,0.001798
frfcfs_scheduler_i/n928,frfcfs_scheduler_i/U530/Y,AOI22X1,AND2X2/B,1,0.00186944,0.00186944,0.00182011,0.00182011,0.00186944,0.0,0.00186944,0.0,0.001869
frfcfs_scheduler_i/n930,frfcfs_scheduler_i/U542/Y,NAND3X1,NOR3X1/A,1,0.00302113,0.00302113,0.00301081,0.00301081,0.00302113,0.0,0.00302113,0.0,0.003021
frfcfs_scheduler_i/n931,frfcfs_scheduler_i/U538/Y,NAND3X1,NOR3X1/B,1,0.003067,0.00306333,0.003067,0.00306333,0.003067,0.0,0.003067,0.0,0.003067
frfcfs_scheduler_i/n932,frfcfs_scheduler_i/U536/Y,NAND3X1,NOR3X1/C,1,0.00328822,0.00328822,0.00322576,0.00322576,0.00328822,0.0,0.00328822,0.0,0.003288
frfcfs_scheduler_i/n933,frfcfs_scheduler_i/U537/Y,AOI22X1,NAND3X1/C,1,0.00296109,0.00296109,0.0028316,0.0028316,0.00296109,0.0,0.00296109,0.0,0.002961
frfcfs_scheduler_i/n934,frfcfs_scheduler_i/U541/Y,AOI22X1,NAND3X1/A,1,0.00254759,0.00254759,0.00220852,0.00220852,0.00254759,0.0,0.00254759,0.0,0.002548
frfcfs_scheduler_i/n935,frfcfs_scheduler_i/U540/Y,NAND2X1,NAND3X1/B,1,0.00283213,0.00283213,0.00259978,0.00259978,0.00283213,0.0,0.00283213,0.0,0.002832
frfcfs_scheduler_i/n936,frfcfs_scheduler_i/U539/Y,AOI22X1,NAND3X1/C,1,0.00296109,0.00296109,0.0028316,0.0028316,0.00296109,0.0,0.00296109,0.0,0.002961
frfcfs_scheduler_i/n937,frfcfs_scheduler_i/U547/Y,AOI22X1,NAND3X1/A,1,0.00254759,0.00254759,0.00220852,0.00220852,0.00254759,0.0,0.00254759,0.0,0.002548
frfcfs_scheduler_i/n938,frfcfs_scheduler_i/U545/Y,AOI21X1,NAND3X1/B,1,0.00283213,0.00283213,0.00259978,0.00259978,0.00283213,0.0,0.00283213,0.0,0.002832
frfcfs_scheduler_i/n940,frfcfs_scheduler_i/U544/Y,AOI22X1,AND2X2/A,1,0.00179784,0.00179784,0.00176278,0.00176278,0.00179784,0.0,0.00179784,0.0,0.001798
frfcfs_scheduler_i/n941,frfcfs_scheduler_i/U543/Y,AOI22X1,AND2X2/B,1,0.00186944,0.00186944,0.00182011,0.00182011,0.00186944,0.0,0.00186944,0.0,0.001869
frfcfs_scheduler_i/n946,frfcfs_scheduler_i/U557/Y,NAND3X1,NOR3X1/A,1,0.00302113,0.00302113,0.00301081,0.00301081,0.00302113,0.0,0.00302113,0.0,0.003021
frfcfs_scheduler_i/n947,frfcfs_scheduler_i/U554/Y,NAND2X1,NOR3X1/B,1,0.003067,0.00306333,0.003067,0.00306333,0.003067,0.0,0.003067,0.0,0.003067
frfcfs_scheduler_i/n948,frfcfs_scheduler_i/U551/Y,NAND3X1,NOR3X1/C,1,0.00328822,0.00328822,0.00322576,0.00322576,0.00328822,0.0,0.00328822,0.0,0.003288
frfcfs_scheduler_i/n949,frfcfs_scheduler_i/U553/Y,NAND2X1,NAND3X1/B,1,0.00283213,0.00283213,0.00259978,0.00259978,0.00283213,0.0,0.00283213,0.0,0.002832
frfcfs_scheduler_i/n950,frfcfs_scheduler_i/U552/Y,AOI22X1,NAND3X1/C,1,0.00296109,0.00296109,0.0028316,0.0028316,0.00296109,0.0,0.00296109,0.0,0.002961
frfcfs_scheduler_i/n951,frfcfs_scheduler_i/U556/Y,AOI22X1,NAND2X1/A,1,0.00211057,0.00211057,0.00188435,0.00188435,0.00211057,0.0,0.00211057,0.0,0.002111
frfcfs_scheduler_i/n952,frfcfs_scheduler_i/U555/Y,AOI22X1,NAND2X1/B,1,0.00202749,0.00202749,0.00194421,0.00194421,0.00202749,0.0,0.00202749,0.0,0.002027
frfcfs_scheduler_i/n953,frfcfs_scheduler_i/U562/Y,AOI22X1,NAND3X1/A,1,0.00254759,0.00254759,0.00220852,0.00220852,0.00254759,0.0,0.00254759,0.0,0.002548
frfcfs_scheduler_i/n954,frfcfs_scheduler_i/U560/Y,AOI21X1,NAND3X1/B,1,0.00283213,0.00283213,0.00259978,0.00259978,0.00283213,0.0,0.00283213,0.0,0.002832
frfcfs_scheduler_i/n956,frfcfs_scheduler_i/U559/Y,AOI22X1,AND2X2/A,1,0.00179784,0.00179784,0.00176278,0.00176278,0.00179784,0.0,0.00179784,0.0,0.001798
frfcfs_scheduler_i/n957,frfcfs_scheduler_i/U558/Y,AOI22X1,AND2X2/B,1,0.00186944,0.00186944,0.00182011,0.00182011,0.00186944,0.0,0.00186944,0.0,0.001869
frfcfs_scheduler_i/n959,frfcfs_scheduler_i/U570/Y,NAND3X1,NOR3X1/A,1,0.00302113,0.00302113,0.00301081,0.00301081,0.00302113,0.0,0.00302113,0.0,0.003021
frfcfs_scheduler_i/n960,frfcfs_scheduler_i/U566/Y,NAND3X1,NOR3X1/B,1,0.003067,0.00306333,0.003067,0.00306333,0.003067,0.0,0.003067,0.0,0.003067
frfcfs_scheduler_i/n961,frfcfs_scheduler_i/U564/Y,NAND3X1,NOR3X1/C,1,0.00328822,0.00328822,0.00322576,0.00322576,0.00328822,0.0,0.00328822,0.0,0.003288
frfcfs_scheduler_i/n962,frfcfs_scheduler_i/U565/Y,AOI22X1,NAND3X1/C,1,0.00296109,0.00296109,0.0028316,0.0028316,0.00296109,0.0,0.00296109,0.0,0.002961
frfcfs_scheduler_i/n963,frfcfs_scheduler_i/U569/Y,AOI22X1,NAND3X1/A,1,0.00254759,0.00254759,0.00220852,0.00220852,0.00254759,0.0,0.00254759,0.0,0.002548
frfcfs_scheduler_i/n964,frfcfs_scheduler_i/U568/Y,NAND2X1,NAND3X1/B,1,0.00283213,0.00283213,0.00259978,0.00259978,0.00283213,0.0,0.00283213,0.0,0.002832
frfcfs_scheduler_i/n965,frfcfs_scheduler_i/U567/Y,AOI22X1,NAND3X1/C,1,0.00296109,0.00296109,0.0028316,0.0028316,0.00296109,0.0,0.00296109,0.0,0.002961
frfcfs_scheduler_i/n966,frfcfs_scheduler_i/U575/Y,AOI22X1,NAND3X1/A,1,0.00254759,0.00254759,0.00220852,0.00220852,0.00254759,0.0,0.00254759,0.0,0.002548
frfcfs_scheduler_i/n967,frfcfs_scheduler_i/U573/Y,AOI21X1,NAND3X1/B,1,0.00283213,0.00283213,0.00259978,0.00259978,0.00283213,0.0,0.00283213,0.0,0.002832
frfcfs_scheduler_i/n969,frfcfs_scheduler_i/U572/Y,AOI22X1,AND2X2/A,1,0.00179784,0.00179784,0.00176278,0.00176278,0.00179784,0.0,0.00179784,0.0,0.001798
frfcfs_scheduler_i/n970,frfcfs_scheduler_i/U571/Y,AOI22X1,AND2X2/B,1,0.00186944,0.00186944,0.00182011,0.00182011,0.00186944,0.0,0.00186944,0.0,0.001869
frfcfs_scheduler_i/n974,frfcfs_scheduler_i/U584/Y,NAND3X1,NOR3X1/A,1,0.00302113,0.00302113,0.00301081,0.00301081,0.00302113,0.0,0.00302113,0.0,0.003021
frfcfs_scheduler_i/n975,frfcfs_scheduler_i/U581/Y,NAND2X1,NOR3X1/B,1,0.003067,0.00306333,0.003067,0.00306333,0.003067,0.0,0.003067,0.0,0.003067
frfcfs_scheduler_i/n976,frfcfs_scheduler_i/U578/Y,NAND3X1,NOR3X1/C,1,0.00328822,0.00328822,0.00322576,0.00322576,0.00328822,0.0,0.00328822,0.0,0.003288
frfcfs_scheduler_i/n977,frfcfs_scheduler_i/U580/Y,NAND2X1,NAND3X1/B,1,0.00283213,0.00283213,0.00259978,0.00259978,0.00283213,0.0,0.00283213,0.0,0.002832
frfcfs_scheduler_i/n978,frfcfs_scheduler_i/U579/Y,AOI22X1,NAND3X1/C,1,0.00296109,0.00296109,0.0028316,0.0028316,0.00296109,0.0,0.00296109,0.0,0.002961
frfcfs_scheduler_i/n979,frfcfs_scheduler_i/U583/Y,AOI22X1,NAND2X1/A,1,0.00211057,0.00211057,0.00188435,0.00188435,0.00211057,0.0,0.00211057,0.0,0.002111
frfcfs_scheduler_i/n980,frfcfs_scheduler_i/U582/Y,AOI22X1,NAND2X1/B,1,0.00202749,0.00202749,0.00194421,0.00194421,0.00202749,0.0,0.00202749,0.0,0.002027
frfcfs_scheduler_i/n981,frfcfs_scheduler_i/U589/Y,AOI22X1,NAND3X1/A,1,0.00254759,0.00254759,0.00220852,0.00220852,0.00254759,0.0,0.00254759,0.0,0.002548
frfcfs_scheduler_i/n982,frfcfs_scheduler_i/U587/Y,AOI21X1,NAND3X1/B,1,0.00283213,0.00283213,0.00259978,0.00259978,0.00283213,0.0,0.00283213,0.0,0.002832
frfcfs_scheduler_i/n984,frfcfs_scheduler_i/U586/Y,AOI22X1,AND2X2/A,1,0.00179784,0.00179784,0.00176278,0.00176278,0.00179784,0.0,0.00179784,0.0,0.001798
frfcfs_scheduler_i/n985,frfcfs_scheduler_i/U585/Y,AOI22X1,AND2X2/B,1,0.00186944,0.00186944,0.00182011,0.00182011,0.00186944,0.0,0.00186944,0.0,0.001869
frfcfs_scheduler_i/n987,frfcfs_scheduler_i/U597/Y,NAND3X1,NOR3X1/A,1,0.00302113,0.00302113,0.00301081,0.00301081,0.00302113,0.0,0.00302113,0.0,0.003021
frfcfs_scheduler_i/n988,frfcfs_scheduler_i/U593/Y,NAND3X1,NOR3X1/B,1,0.003067,0.00306333,0.003067,0.00306333,0.003067,0.0,0.003067,0.0,0.003067
frfcfs_scheduler_i/n989,frfcfs_scheduler_i/U591/Y,NAND3X1,NOR3X1/C,1,0.00328822,0.00328822,0.00322576,0.00322576,0.00328822,0.0,0.00328822,0.0,0.003288
frfcfs_scheduler_i/n990,frfcfs_scheduler_i/U592/Y,AOI22X1,NAND3X1/C,1,0.00296109,0.00296109,0.0028316,0.0028316,0.00296109,0.0,0.00296109,0.0,0.002961
frfcfs_scheduler_i/n991,frfcfs_scheduler_i/U596/Y,AOI22X1,NAND3X1/A,1,0.00254759,0.00254759,0.00220852,0.00220852,0.00254759,0.0,0.00254759,0.0,0.002548
frfcfs_scheduler_i/n992,frfcfs_scheduler_i/U595/Y,NAND2X1,NAND3X1/B,1,0.00283213,0.00283213,0.00259978,0.00259978,0.00283213,0.0,0.00283213,0.0,0.002832
frfcfs_scheduler_i/n993,frfcfs_scheduler_i/U594/Y,AOI22X1,NAND3X1/C,1,0.00296109,0.00296109,0.0028316,0.0028316,0.00296109,0.0,0.00296109,0.0,0.002961
frfcfs_scheduler_i/n994,frfcfs_scheduler_i/U602/Y,AOI22X1,NAND3X1/A,1,0.00254759,0.00254759,0.00220852,0.00220852,0.00254759,0.0,0.00254759,0.0,0.002548
frfcfs_scheduler_i/n995,frfcfs_scheduler_i/U600/Y,AOI21X1,NAND3X1/B,1,0.00283213,0.00283213,0.00259978,0.00259978,0.00283213,0.0,0.00283213,0.0,0.002832
frfcfs_scheduler_i/n997,frfcfs_scheduler_i/U599/Y,AOI22X1,AND2X2/A,1,0.00179784,0.00179784,0.00176278,0.00176278,0.00179784,0.0,0.00179784,0.0,0.001798
frfcfs_scheduler_i/n998,frfcfs_scheduler_i/U598/Y,AOI22X1,AND2X2/B,1,0.00186944,0.00186944,0.00182011,0.00182011,0.00186944,0.0,0.00186944,0.0,0.001869
frfcfs_scheduler_i/oldest_slot[1],frfcfs_scheduler_i/U888/Y,NAND3X1,BUFX2/A,1,0.00153896,0.00153896,0.00150415,0.00150415,0.00153896,0.0,0.00153896,0.0,0.001539
frfcfs_scheduler_i/oldest_slot[3],frfcfs_scheduler_i/U874/Y,NAND3X1,BUFX2/A,1,0.00153896,0.00153896,0.00150415,0.00150415,0.00153896,0.0,0.00153896,0.0,0.001539
issue_column,U274/Y,NOR2X1,BUFX2/A;BUFX2/A,2,0.00307792,0.00307792,0.0030083,0.0030083,0.00307792,0.0,0.00307792,0.0,0.003078
n124,U596/Y,NAND2X1,INVX1/A;NOR2X1/B,2,0.00391604,0.00391604,0.0037732700000000004,0.00377327,0.00391604,0.0,0.00391604,0.0,0.003916
n125,U281/Y,NAND3X1,OR2X2/A,1,0.00230117,0.00229176,0.00230117,0.00229176,0.00230117,0.0,0.00230117,0.0,0.002301
n126,U276/Y,NAND3X1,OR2X2/B,1,0.00234214,0.00228252,0.00234214,0.00228252,0.00234214,0.0,0.00234214,0.0,0.002342
n127,U280/Y,AOI22X1,NAND3X1/A,1,0.00254759,0.00254759,0.00220852,0.00220852,0.00254759,0.0,0.00254759,0.0,0.002548
n128,U279/Y,AOI22X1,NAND3X1/B,1,0.00283213,0.00283213,0.00259978,0.00259978,0.00283213,0.0,0.00283213,0.0,0.002832
n130,U278/Y,AOI22X1,AND2X2/A,1,0.00179784,0.00179784,0.00176278,0.00176278,0.00179784,0.0,0.00179784,0.0,0.001798
n131,U277/Y,AOI22X1,AND2X2/B,1,0.00186944,0.00186944,0.00182011,0.00182011,0.00186944,0.0,0.00186944,0.0,0.001869
n132,U285/Y,AOI22X1,NAND3X1/A,1,0.00254759,0.00254759,0.00220852,0.00220852,0.00254759,0.0,0.00254759,0.0,0.002548
n133,U284/Y,AOI22X1,NAND3X1/B,1,0.00283213,0.00283213,0.00259978,0.00259978,0.00283213,0.0,0.00283213,0.0,0.002832
n135,U283/Y,AOI22X1,AND2X2/A,1,0.00179784,0.00179784,0.00176278,0.00176278,0.00179784,0.0,0.00179784,0.0,0.001798
n136,U282/Y,AOI22X1,AND2X2/B,1,0.00186944,0.00186944,0.00182011,0.00182011,0.00186944,0.0,0.00186944,0.0,0.001869
n137,U291/Y,NAND3X1,OR2X2/A,1,0.00230117,0.00229176,0.00230117,0.00229176,0.00230117,0.0,0.00230117,0.0,0.002301
n138,U286/Y,NAND3X1,OR2X2/B,1,0.00234214,0.00228252,0.00234214,0.00228252,0.00234214,0.0,0.00234214,0.0,0.002342
n139,U290/Y,AOI22X1,NAND3X1/A,1,0.00254759,0.00254759,0.00220852,0.00220852,0.00254759,0.0,0.00254759,0.0,0.002548
n140,U289/Y,AOI22X1,NAND3X1/B,1,0.00283213,0.00283213,0.00259978,0.00259978,0.00283213,0.0,0.00283213,0.0,0.002832
n142,U288/Y,AOI22X1,AND2X2/A,1,0.00179784,0.00179784,0.00176278,0.00176278,0.00179784,0.0,0.00179784,0.0,0.001798
n143,U287/Y,AOI22X1,AND2X2/B,1,0.00186944,0.00186944,0.00182011,0.00182011,0.00186944,0.0,0.00186944,0.0,0.001869
n144,U295/Y,AOI22X1,NAND3X1/A,1,0.00254759,0.00254759,0.00220852,0.00220852,0.00254759,0.0,0.00254759,0.0,0.002548
n145,U294/Y,AOI22X1,NAND3X1/B,1,0.00283213,0.00283213,0.00259978,0.00259978,0.00283213,0.0,0.00283213,0.0,0.002832
n147,U293/Y,AOI22X1,AND2X2/A,1,0.00179784,0.00179784,0.00176278,0.00176278,0.00179784,0.0,0.00179784,0.0,0.001798
n148,U292/Y,AOI22X1,AND2X2/B,1,0.00186944,0.00186944,0.00182011,0.00182011,0.00186944,0.0,0.00186944,0.0,0.001869
n149,U301/Y,NAND3X1,OR2X2/A,1,0.00230117,0.00229176,0.00230117,0.00229176,0.00230117,0.0,0.00230117,0.0,0.002301
n1490,U2008/Y,NAND2X1,NAND2X1/A;NAND2X1/B,2,0.00413806,0.00413806,0.00382856,0.00382856,0.00413806,0.0,0.00413806,0.0,0.004138
n1491,U2010/Y,NAND2X1,AOI22X1/D,1,0.00290653,0.00290653,0.00282572,0.00282572,0.00290653,0.0,0.00290653,0.0,0.002907
n1492,U2009/Y,NAND2X1,AOI22X1/C,1,0.00287763,0.00287763,0.00266968,0.00266968,0.00287763,0.0,0.00287763,0.0,0.002878
n1493,U2007/Y,NAND2X1,AOI22X1/B,1,0.00276444,0.00276444,0.00272615,0.00272615,0.00276444,0.0,0.00276444,0.0,0.002764
n1494,U2006/Y,NAND2X1,AOI22X1/A,1,0.00281659,0.00281659,0.00265821,0.00265821,0.00281659,0.0,0.00281659,0.0,0.002817
n1495,U2011/Y,AOI22X1,NAND3X1/C,1,0.00296109,0.00296109,0.0028316,0.0028316,0.00296109,0.0,0.00296109,0.0,0.002961
n150,U296/Y,NAND3X1,OR2X2/B,1,0.00234214,0.00228252,0.00234214,0.00228252,0.00234214,0.0,0.00234214,0.0,0.002342
n1503,U2017/Y,NAND3X1,NOR3X1/C,1,0.00328822,0.00328822,0.00322576,0.00322576,0.00328822,0.0,0.00328822,0.0,0.003288
n1504,U2012/Y,NAND3X1,NOR3X1/B,1,0.003067,0.00306333,0.003067,0.00306333,0.003067,0.0,0.003067,0.0,0.003067
n1505,U2002/Y,NAND2X1,NOR3X1/A,1,0.00302113,0.00302113,0.00301081,0.00301081,0.00302113,0.0,0.00302113,0.0,0.003021
n151,U300/Y,AOI22X1,NAND3X1/A,1,0.00254759,0.00254759,0.00220852,0.00220852,0.00254759,0.0,0.00254759,0.0,0.002548
n1519,U2035/Y,NAND2X1,NAND2X1/A;NAND2X1/B,2,0.00413806,0.00413806,0.00382856,0.00382856,0.00413806,0.0,0.00413806,0.0,0.004138
n152,U299/Y,AOI22X1,NAND3X1/B,1,0.00283213,0.00283213,0.00259978,0.00259978,0.00283213,0.0,0.00283213,0.0,0.002832
n1520,U2037/Y,NAND2X1,AOI22X1/D,1,0.00290653,0.00290653,0.00282572,0.00282572,0.00290653,0.0,0.00290653,0.0,0.002907
n1521,U2036/Y,NAND2X1,AOI22X1/C,1,0.00287763,0.00287763,0.00266968,0.00266968,0.00287763,0.0,0.00287763,0.0,0.002878
n1522,U2034/Y,NAND2X1,AOI22X1/B,1,0.00276444,0.00276444,0.00272615,0.00272615,0.00276444,0.0,0.00276444,0.0,0.002764
n1523,U2033/Y,NAND2X1,AOI22X1/A,1,0.00281659,0.00281659,0.00265821,0.00265821,0.00281659,0.0,0.00281659,0.0,0.002817
n1524,U2038/Y,AOI22X1,NAND3X1/C,1,0.00296109,0.00296109,0.0028316,0.0028316,0.00296109,0.0,0.00296109,0.0,0.002961
n1530,U2042/Y,NAND3X1,NOR3X1/C,1,0.00328822,0.00328822,0.00322576,0.00322576,0.00328822,0.0,0.00328822,0.0,0.003288
n1531,U2039/Y,NAND3X1,NOR3X1/B,1,0.003067,0.00306333,0.003067,0.00306333,0.003067,0.0,0.003067,0.0,0.003067
n1532,U2029/Y,NAND2X1,NOR3X1/A,1,0.00302113,0.00302113,0.00301081,0.00301081,0.00302113,0.0,0.00302113,0.0,0.003021
n154,U298/Y,AOI22X1,AND2X2/A,1,0.00179784,0.00179784,0.00176278,0.00176278,0.00179784,0.0,0.00179784,0.0,0.001798
n1546,U2060/Y,NAND2X1,NAND2X1/A;NAND2X1/B,2,0.00413806,0.00413806,0.00382856,0.00382856,0.00413806,0.0,0.00413806,0.0,0.004138
n1547,U2062/Y,NAND2X1,AOI22X1/D,1,0.00290653,0.00290653,0.00282572,0.00282572,0.00290653,0.0,0.00290653,0.0,0.002907
n1548,U2061/Y,NAND2X1,AOI22X1/C,1,0.00287763,0.00287763,0.00266968,0.00266968,0.00287763,0.0,0.00287763,0.0,0.002878
n1549,U2059/Y,NAND2X1,AOI22X1/B,1,0.00276444,0.00276444,0.00272615,0.00272615,0.00276444,0.0,0.00276444,0.0,0.002764
n155,U297/Y,AOI22X1,AND2X2/B,1,0.00186944,0.00186944,0.00182011,0.00182011,0.00186944,0.0,0.00186944,0.0,0.001869
n1550,U2058/Y,NAND2X1,AOI22X1/A,1,0.00281659,0.00281659,0.00265821,0.00265821,0.00281659,0.0,0.00281659,0.0,0.002817
n1551,U2063/Y,AOI22X1,NAND3X1/C,1,0.00296109,0.00296109,0.0028316,0.0028316,0.00296109,0.0,0.00296109,0.0,0.002961
n1557,U2067/Y,NAND3X1,NOR3X1/C,1,0.00328822,0.00328822,0.00322576,0.00322576,0.00328822,0.0,0.00328822,0.0,0.003288
n1558,U2064/Y,NAND3X1,NOR3X1/B,1,0.003067,0.00306333,0.003067,0.00306333,0.003067,0.0,0.003067,0.0,0.003067
n1559,U2054/Y,NAND2X1,NOR3X1/A,1,0.00302113,0.00302113,0.00301081,0.00301081,0.00302113,0.0,0.00302113,0.0,0.003021
n156,U305/Y,AOI22X1,NAND3X1/A,1,0.00254759,0.00254759,0.00220852,0.00220852,0.00254759,0.0,0.00254759,0.0,0.002548
n157,U304/Y,AOI22X1,NAND3X1/B,1,0.00283213,0.00283213,0.00259978,0.00259978,0.00283213,0.0,0.00283213,0.0,0.002832
n1573,U2085/Y,NAND2X1,NAND2X1/A;NAND2X1/B,2,0.00413806,0.00413806,0.00382856,0.00382856,0.00413806,0.0,0.00413806,0.0,0.004138
n1574,U2087/Y,NAND2X1,AOI22X1/D,1,0.00290653,0.00290653,0.00282572,0.00282572,0.00290653,0.0,0.00290653,0.0,0.002907
n1575,U2086/Y,NAND2X1,AOI22X1/C,1,0.00287763,0.00287763,0.00266968,0.00266968,0.00287763,0.0,0.00287763,0.0,0.002878
n1576,U2084/Y,NAND2X1,AOI22X1/B,1,0.00276444,0.00276444,0.00272615,0.00272615,0.00276444,0.0,0.00276444,0.0,0.002764
n1577,U2083/Y,NAND2X1,AOI22X1/A,1,0.00281659,0.00281659,0.00265821,0.00265821,0.00281659,0.0,0.00281659,0.0,0.002817
n1578,U2088/Y,AOI22X1,NAND3X1/C,1,0.00296109,0.00296109,0.0028316,0.0028316,0.00296109,0.0,0.00296109,0.0,0.002961
n1584,U2092/Y,NAND3X1,NOR3X1/C,1,0.00328822,0.00328822,0.00322576,0.00322576,0.00328822,0.0,0.00328822,0.0,0.003288
n1585,U2089/Y,NAND3X1,NOR3X1/B,1,0.003067,0.00306333,0.003067,0.00306333,0.003067,0.0,0.003067,0.0,0.003067
n1586,U2079/Y,NAND2X1,NOR3X1/A,1,0.00302113,0.00302113,0.00301081,0.00301081,0.00302113,0.0,0.00302113,0.0,0.003021
n159,U303/Y,AOI22X1,AND2X2/A,1,0.00179784,0.00179784,0.00176278,0.00176278,0.00179784,0.0,0.00179784,0.0,0.001798
n160,U302/Y,AOI22X1,AND2X2/B,1,0.00186944,0.00186944,0.00182011,0.00182011,0.00186944,0.0,0.00186944,0.0,0.001869
n1601,U2111/Y,NAND2X1,AOI22X1/D,1,0.00290653,0.00290653,0.00282572,0.00282572,0.00290653,0.0,0.00290653,0.0,0.002907
n1602,U2110/Y,NAND2X1,AOI22X1/C,1,0.00287763,0.00287763,0.00266968,0.00266968,0.00287763,0.0,0.00287763,0.0,0.002878
n1603,U2109/Y,NAND2X1,AOI22X1/B,1,0.00276444,0.00276444,0.00272615,0.00272615,0.00276444,0.0,0.00276444,0.0,0.002764
n1604,U2108/Y,NAND2X1,AOI22X1/A,1,0.00281659,0.00281659,0.00265821,0.00265821,0.00281659,0.0,0.00281659,0.0,0.002817
n1605,U2112/Y,AOI22X1,NAND3X1/C,1,0.00296109,0.00296109,0.0028316,0.0028316,0.00296109,0.0,0.00296109,0.0,0.002961
n161,U311/Y,NAND3X1,OR2X2/A,1,0.00230117,0.00229176,0.00230117,0.00229176,0.00230117,0.0,0.00230117,0.0,0.002301
n1611,U2116/Y,NAND3X1,NOR3X1/C,1,0.00328822,0.00328822,0.00322576,0.00322576,0.00328822,0.0,0.00328822,0.0,0.003288
n1612,U2113/Y,NAND3X1,NOR3X1/B,1,0.003067,0.00306333,0.003067,0.00306333,0.003067,0.0,0.003067,0.0,0.003067
n1613,U2104/Y,NAND2X1,NOR3X1/A,1,0.00302113,0.00302113,0.00301081,0.00301081,0.00302113,0.0,0.00302113,0.0,0.003021
n162,U306/Y,NAND3X1,OR2X2/B,1,0.00234214,0.00228252,0.00234214,0.00228252,0.00234214,0.0,0.00234214,0.0,0.002342
n1627,U2134/Y,NAND2X1,NAND2X1/A;NAND2X1/B,2,0.00413806,0.00413806,0.00382856,0.00382856,0.00413806,0.0,0.00413806,0.0,0.004138
n1628,U2136/Y,NAND2X1,AOI22X1/D,1,0.00290653,0.00290653,0.00282572,0.00282572,0.00290653,0.0,0.00290653,0.0,0.002907
n1629,U2135/Y,NAND2X1,AOI22X1/C,1,0.00287763,0.00287763,0.00266968,0.00266968,0.00287763,0.0,0.00287763,0.0,0.002878
n163,U310/Y,AOI22X1,NAND3X1/A,1,0.00254759,0.00254759,0.00220852,0.00220852,0.00254759,0.0,0.00254759,0.0,0.002548
n1630,U2133/Y,NAND2X1,AOI22X1/B,1,0.00276444,0.00276444,0.00272615,0.00272615,0.00276444,0.0,0.00276444,0.0,0.002764
n1631,U2132/Y,NAND2X1,AOI22X1/A,1,0.00281659,0.00281659,0.00265821,0.00265821,0.00281659,0.0,0.00281659,0.0,0.002817
n1632,U2137/Y,AOI22X1,NAND3X1/C,1,0.00296109,0.00296109,0.0028316,0.0028316,0.00296109,0.0,0.00296109,0.0,0.002961
n1638,U2141/Y,NAND3X1,NOR3X1/C,1,0.00328822,0.00328822,0.00322576,0.00322576,0.00328822,0.0,0.00328822,0.0,0.003288
n1639,U2138/Y,NAND3X1,NOR3X1/B,1,0.003067,0.00306333,0.003067,0.00306333,0.003067,0.0,0.003067,0.0,0.003067
n164,U309/Y,AOI22X1,NAND3X1/B,1,0.00283213,0.00283213,0.00259978,0.00259978,0.00283213,0.0,0.00283213,0.0,0.002832
n1640,U2128/Y,NAND2X1,NOR3X1/A,1,0.00302113,0.00302113,0.00301081,0.00301081,0.00302113,0.0,0.00302113,0.0,0.003021
n1654,U2159/Y,NAND2X1,NAND2X1/A;NAND2X1/B,2,0.00413806,0.00413806,0.00382856,0.00382856,0.00413806,0.0,0.00413806,0.0,0.004138
n1655,U2161/Y,NAND2X1,AOI22X1/D,1,0.00290653,0.00290653,0.00282572,0.00282572,0.00290653,0.0,0.00290653,0.0,0.002907
n1656,U2160/Y,NAND2X1,AOI22X1/C,1,0.00287763,0.00287763,0.00266968,0.00266968,0.00287763,0.0,0.00287763,0.0,0.002878
n1657,U2158/Y,NAND2X1,AOI22X1/B,1,0.00276444,0.00276444,0.00272615,0.00272615,0.00276444,0.0,0.00276444,0.0,0.002764
n1658,U2157/Y,NAND2X1,AOI22X1/A,1,0.00281659,0.00281659,0.00265821,0.00265821,0.00281659,0.0,0.00281659,0.0,0.002817
n1659,U2162/Y,AOI22X1,NAND3X1/C,1,0.00296109,0.00296109,0.0028316,0.0028316,0.00296109,0.0,0.00296109,0.0,0.002961
n166,U308/Y,AOI22X1,AND2X2/A,1,0.00179784,0.00179784,0.00176278,0.00176278,0.00179784,0.0,0.00179784,0.0,0.001798
n1667,U2168/Y,NAND3X1,NOR3X1/C,1,0.00328822,0.00328822,0.00322576,0.00322576,0.00328822,0.0,0.00328822,0.0,0.003288
n1668,U2163/Y,NAND3X1,NOR3X1/B,1,0.003067,0.00306333,0.003067,0.00306333,0.003067,0.0,0.003067,0.0,0.003067
n1669,U2153/Y,NAND2X1,NOR3X1/A,1,0.00302113,0.00302113,0.00301081,0.00301081,0.00302113,0.0,0.00302113,0.0,0.003021
n167,U307/Y,AOI22X1,AND2X2/B,1,0.00186944,0.00186944,0.00182011,0.00182011,0.00186944,0.0,0.00186944,0.0,0.001869
n168,U315/Y,AOI22X1,NAND3X1/A,1,0.00254759,0.00254759,0.00220852,0.00220852,0.00254759,0.0,0.00254759,0.0,0.002548
n1683,U2186/Y,NAND2X1,NAND2X1/A;NAND2X1/B,2,0.00413806,0.00413806,0.00382856,0.00382856,0.00413806,0.0,0.00413806,0.0,0.004138
n1684,U2188/Y,NAND2X1,AOI22X1/D,1,0.00290653,0.00290653,0.00282572,0.00282572,0.00290653,0.0,0.00290653,0.0,0.002907
n1685,U2187/Y,NAND2X1,AOI22X1/C,1,0.00287763,0.00287763,0.00266968,0.00266968,0.00287763,0.0,0.00287763,0.0,0.002878
n1686,U2185/Y,NAND2X1,AOI22X1/B,1,0.00276444,0.00276444,0.00272615,0.00272615,0.00276444,0.0,0.00276444,0.0,0.002764
n1687,U2184/Y,NAND2X1,AOI22X1/A,1,0.00281659,0.00281659,0.00265821,0.00265821,0.00281659,0.0,0.00281659,0.0,0.002817
n1688,U2189/Y,AOI22X1,NAND3X1/C,1,0.00296109,0.00296109,0.0028316,0.0028316,0.00296109,0.0,0.00296109,0.0,0.002961
n169,U314/Y,AOI22X1,NAND3X1/B,1,0.00283213,0.00283213,0.00259978,0.00259978,0.00283213,0.0,0.00283213,0.0,0.002832
n1696,U2195/Y,NAND3X1,NOR3X1/C,1,0.00328822,0.00328822,0.00322576,0.00322576,0.00328822,0.0,0.00328822,0.0,0.003288
n1697,U2190/Y,NAND3X1,NOR3X1/B,1,0.003067,0.00306333,0.003067,0.00306333,0.003067,0.0,0.003067,0.0,0.003067
n1698,U2180/Y,NAND2X1,NOR3X1/A,1,0.00302113,0.00302113,0.00301081,0.00301081,0.00302113,0.0,0.00302113,0.0,0.003021
n171,U313/Y,AOI22X1,AND2X2/A,1,0.00179784,0.00179784,0.00176278,0.00176278,0.00179784,0.0,0.00179784,0.0,0.001798
n1712,U2213/Y,NAND2X1,NAND2X1/A;NAND2X1/B,2,0.00413806,0.00413806,0.00382856,0.00382856,0.00413806,0.0,0.00413806,0.0,0.004138
n1713,U2215/Y,NAND2X1,AOI22X1/D,1,0.00290653,0.00290653,0.00282572,0.00282572,0.00290653,0.0,0.00290653,0.0,0.002907
n1714,U2214/Y,NAND2X1,AOI22X1/C,1,0.00287763,0.00287763,0.00266968,0.00266968,0.00287763,0.0,0.00287763,0.0,0.002878
n1715,U2212/Y,NAND2X1,AOI22X1/B,1,0.00276444,0.00276444,0.00272615,0.00272615,0.00276444,0.0,0.00276444,0.0,0.002764
n1716,U2211/Y,NAND2X1,AOI22X1/A,1,0.00281659,0.00281659,0.00265821,0.00265821,0.00281659,0.0,0.00281659,0.0,0.002817
n1717,U2216/Y,AOI22X1,NAND3X1/C,1,0.00296109,0.00296109,0.0028316,0.0028316,0.00296109,0.0,0.00296109,0.0,0.002961
n172,U312/Y,AOI22X1,AND2X2/B,1,0.00186944,0.00186944,0.00182011,0.00182011,0.00186944,0.0,0.00186944,0.0,0.001869
n1725,U2222/Y,NAND3X1,NOR3X1/C,1,0.00328822,0.00328822,0.00322576,0.00322576,0.00328822,0.0,0.00328822,0.0,0.003288
n1726,U2217/Y,NAND3X1,NOR3X1/B,1,0.003067,0.00306333,0.003067,0.00306333,0.003067,0.0,0.003067,0.0,0.003067
n1727,U2207/Y,NAND2X1,NOR3X1/A,1,0.00302113,0.00302113,0.00301081,0.00301081,0.00302113,0.0,0.00302113,0.0,0.003021
n173,U321/Y,NAND3X1,OR2X2/A,1,0.00230117,0.00229176,0.00230117,0.00229176,0.00230117,0.0,0.00230117,0.0,0.002301
n174,U316/Y,NAND3X1,OR2X2/B,1,0.00234214,0.00228252,0.00234214,0.00228252,0.00234214,0.0,0.00234214,0.0,0.002342
n1741,U2240/Y,NAND2X1,NAND2X1/A;NAND2X1/B,2,0.00413806,0.00413806,0.00382856,0.00382856,0.00413806,0.0,0.00413806,0.0,0.004138
n1742,U2242/Y,NAND2X1,AOI22X1/D,1,0.00290653,0.00290653,0.00282572,0.00282572,0.00290653,0.0,0.00290653,0.0,0.002907
n1743,U2241/Y,NAND2X1,AOI22X1/C,1,0.00287763,0.00287763,0.00266968,0.00266968,0.00287763,0.0,0.00287763,0.0,0.002878
n1744,U2239/Y,NAND2X1,AOI22X1/B,1,0.00276444,0.00276444,0.00272615,0.00272615,0.00276444,0.0,0.00276444,0.0,0.002764
n1745,U2238/Y,NAND2X1,AOI22X1/A,1,0.00281659,0.00281659,0.00265821,0.00265821,0.00281659,0.0,0.00281659,0.0,0.002817
n1746,U2243/Y,AOI22X1,NAND3X1/C,1,0.00296109,0.00296109,0.0028316,0.0028316,0.00296109,0.0,0.00296109,0.0,0.002961
n175,U320/Y,AOI22X1,NAND3X1/A,1,0.00254759,0.00254759,0.00220852,0.00220852,0.00254759,0.0,0.00254759,0.0,0.002548
n1752,U2247/Y,NAND3X1,NOR3X1/C,1,0.00328822,0.00328822,0.00322576,0.00322576,0.00328822,0.0,0.00328822,0.0,0.003288
n1753,U2244/Y,NAND3X1,NOR3X1/B,1,0.003067,0.00306333,0.003067,0.00306333,0.003067,0.0,0.003067,0.0,0.003067
n1754,U2234/Y,NAND2X1,NOR3X1/A,1,0.00302113,0.00302113,0.00301081,0.00301081,0.00302113,0.0,0.00302113,0.0,0.003021
n176,U319/Y,AOI22X1,NAND3X1/B,1,0.00283213,0.00283213,0.00259978,0.00259978,0.00283213,0.0,0.00283213,0.0,0.002832
n1768,U2265/Y,NAND2X1,NAND2X1/A;NAND2X1/B,2,0.00413806,0.00413806,0.00382856,0.00382856,0.00413806,0.0,0.00413806,0.0,0.004138
n1769,U2267/Y,NAND2X1,AOI22X1/D,1,0.00290653,0.00290653,0.00282572,0.00282572,0.00290653,0.0,0.00290653,0.0,0.002907
n1770,U2266/Y,NAND2X1,AOI22X1/C,1,0.00287763,0.00287763,0.00266968,0.00266968,0.00287763,0.0,0.00287763,0.0,0.002878
n1771,U2264/Y,NAND2X1,AOI22X1/B,1,0.00276444,0.00276444,0.00272615,0.00272615,0.00276444,0.0,0.00276444,0.0,0.002764
n1772,U2263/Y,NAND2X1,AOI22X1/A,1,0.00281659,0.00281659,0.00265821,0.00265821,0.00281659,0.0,0.00281659,0.0,0.002817
n1773,U2268/Y,AOI22X1,NAND3X1/C,1,0.00296109,0.00296109,0.0028316,0.0028316,0.00296109,0.0,0.00296109,0.0,0.002961
n1779,U2272/Y,NAND3X1,NOR3X1/C,1,0.00328822,0.00328822,0.00322576,0.00322576,0.00328822,0.0,0.00328822,0.0,0.003288
n178,U318/Y,AOI22X1,AND2X2/A,1,0.00179784,0.00179784,0.00176278,0.00176278,0.00179784,0.0,0.00179784,0.0,0.001798
n1780,U2269/Y,NAND3X1,NOR3X1/B,1,0.003067,0.00306333,0.003067,0.00306333,0.003067,0.0,0.003067,0.0,0.003067
n1781,U2259/Y,NAND2X1,NOR3X1/A,1,0.00302113,0.00302113,0.00301081,0.00301081,0.00302113,0.0,0.00302113,0.0,0.003021
n179,U317/Y,AOI22X1,AND2X2/B,1,0.00186944,0.00186944,0.00182011,0.00182011,0.00186944,0.0,0.00186944,0.0,0.001869
n1795,U2289/Y,NAND2X1,NAND2X1/A;NAND2X1/B,2,0.00413806,0.00413806,0.00382856,0.00382856,0.00413806,0.0,0.00413806,0.0,0.004138
n1796,U2291/Y,NAND2X1,AOI22X1/D,1,0.00290653,0.00290653,0.00282572,0.00282572,0.00290653,0.0,0.00290653,0.0,0.002907
n1797,U2290/Y,NAND2X1,AOI22X1/C,1,0.00287763,0.00287763,0.00266968,0.00266968,0.00287763,0.0,0.00287763,0.0,0.002878
n1798,U2288/Y,NAND2X1,AOI22X1/B,1,0.00276444,0.00276444,0.00272615,0.00272615,0.00276444,0.0,0.00276444,0.0,0.002764
n1799,U2287/Y,NAND2X1,AOI22X1/A,1,0.00281659,0.00281659,0.00265821,0.00265821,0.00281659,0.0,0.00281659,0.0,0.002817
n180,U325/Y,AOI22X1,NAND3X1/A,1,0.00254759,0.00254759,0.00220852,0.00220852,0.00254759,0.0,0.00254759,0.0,0.002548
n1800,U2292/Y,AOI22X1,NAND3X1/C,1,0.00296109,0.00296109,0.0028316,0.0028316,0.00296109,0.0,0.00296109,0.0,0.002961
n1806,U2296/Y,NAND3X1,NOR3X1/C,1,0.00328822,0.00328822,0.00322576,0.00322576,0.00328822,0.0,0.00328822,0.0,0.003288
n1807,U2293/Y,NAND3X1,NOR3X1/B,1,0.003067,0.00306333,0.003067,0.00306333,0.003067,0.0,0.003067,0.0,0.003067
n1808,U2284/Y,NAND2X1,NOR3X1/A,1,0.00302113,0.00302113,0.00301081,0.00301081,0.00302113,0.0,0.00302113,0.0,0.003021
n181,U324/Y,AOI22X1,NAND3X1/B,1,0.00283213,0.00283213,0.00259978,0.00259978,0.00283213,0.0,0.00283213,0.0,0.002832
n1822,U2314/Y,NAND2X1,NAND2X1/A;NAND2X1/B,2,0.00413806,0.00413806,0.00382856,0.00382856,0.00413806,0.0,0.00413806,0.0,0.004138
n1823,U2316/Y,NAND2X1,AOI22X1/D,1,0.00290653,0.00290653,0.00282572,0.00282572,0.00290653,0.0,0.00290653,0.0,0.002907
n1824,U2315/Y,NAND2X1,AOI22X1/C,1,0.00287763,0.00287763,0.00266968,0.00266968,0.00287763,0.0,0.00287763,0.0,0.002878
n1825,U2313/Y,NAND2X1,AOI22X1/B,1,0.00276444,0.00276444,0.00272615,0.00272615,0.00276444,0.0,0.00276444,0.0,0.002764
n1826,U2312/Y,NAND2X1,AOI22X1/A,1,0.00281659,0.00281659,0.00265821,0.00265821,0.00281659,0.0,0.00281659,0.0,0.002817
n1827,U2317/Y,AOI22X1,NAND3X1/C,1,0.00296109,0.00296109,0.0028316,0.0028316,0.00296109,0.0,0.00296109,0.0,0.002961
n183,U323/Y,AOI22X1,AND2X2/A,1,0.00179784,0.00179784,0.00176278,0.00176278,0.00179784,0.0,0.00179784,0.0,0.001798
n1833,U2321/Y,NAND3X1,NOR3X1/C,1,0.00328822,0.00328822,0.00322576,0.00322576,0.00328822,0.0,0.00328822,0.0,0.003288
n1834,U2318/Y,NAND3X1,NOR3X1/B,1,0.003067,0.00306333,0.003067,0.00306333,0.003067,0.0,0.003067,0.0,0.003067
n1835,U2308/Y,NAND2X1,NOR3X1/A,1,0.00302113,0.00302113,0.00301081,0.00301081,0.00302113,0.0,0.00302113,0.0,0.003021
n184,U322/Y,AOI22X1,AND2X2/B,1,0.00186944,0.00186944,0.00182011,0.00182011,0.00186944,0.0,0.00186944,0.0,0.001869
n1849,U2338/Y,NAND2X1,NAND2X1/A;NAND2X1/B,2,0.00413806,0.00413806,0.00382856,0.00382856,0.00413806,0.0,0.00413806,0.0,0.004138
n185,U331/Y,NAND3X1,OR2X2/A,1,0.00230117,0.00229176,0.00230117,0.00229176,0.00230117,0.0,0.00230117,0.0,0.002301
n1850,U2340/Y,NAND2X1,AOI22X1/D,1,0.00290653,0.00290653,0.00282572,0.00282572,0.00290653,0.0,0.00290653,0.0,0.002907
n1851,U2339/Y,NAND2X1,AOI22X1/C,1,0.00287763,0.00287763,0.00266968,0.00266968,0.00287763,0.0,0.00287763,0.0,0.002878
n1852,U2337/Y,NAND2X1,AOI22X1/B,1,0.00276444,0.00276444,0.00272615,0.00272615,0.00276444,0.0,0.00276444,0.0,0.002764
n1853,U2336/Y,NAND2X1,AOI22X1/A,1,0.00281659,0.00281659,0.00265821,0.00265821,0.00281659,0.0,0.00281659,0.0,0.002817
n1854,U2341/Y,AOI22X1,NAND3X1/C,1,0.00296109,0.00296109,0.0028316,0.0028316,0.00296109,0.0,0.00296109,0.0,0.002961
n186,U326/Y,NAND3X1,OR2X2/B,1,0.00234214,0.00228252,0.00234214,0.00228252,0.00234214,0.0,0.00234214,0.0,0.002342
n1860,U2345/Y,NAND3X1,NOR3X1/C,1,0.00328822,0.00328822,0.00322576,0.00322576,0.00328822,0.0,0.00328822,0.0,0.003288
n1861,U2342/Y,NAND3X1,NOR3X1/B,1,0.003067,0.00306333,0.003067,0.00306333,0.003067,0.0,0.003067,0.0,0.003067
n1862,U2333/Y,NAND2X1,NOR3X1/A,1,0.00302113,0.00302113,0.00301081,0.00301081,0.00302113,0.0,0.00302113,0.0,0.003021
n187,U330/Y,AOI22X1,NAND3X1/A,1,0.00254759,0.00254759,0.00220852,0.00220852,0.00254759,0.0,0.00254759,0.0,0.002548
n1876,U2362/Y,NAND2X1,NAND2X1/A;NAND2X1/B,2,0.00413806,0.00413806,0.00382856,0.00382856,0.00413806,0.0,0.00413806,0.0,0.004138
n1877,U2364/Y,NAND2X1,AOI22X1/D,1,0.00290653,0.00290653,0.00282572,0.00282572,0.00290653,0.0,0.00290653,0.0,0.002907
n1878,U2363/Y,NAND2X1,AOI22X1/C,1,0.00287763,0.00287763,0.00266968,0.00266968,0.00287763,0.0,0.00287763,0.0,0.002878
n1879,U2361/Y,NAND2X1,AOI22X1/B,1,0.00276444,0.00276444,0.00272615,0.00272615,0.00276444,0.0,0.00276444,0.0,0.002764
n188,U329/Y,AOI22X1,NAND3X1/B,1,0.00283213,0.00283213,0.00259978,0.00259978,0.00283213,0.0,0.00283213,0.0,0.002832
n1880,U2360/Y,NAND2X1,AOI22X1/A,1,0.00281659,0.00281659,0.00265821,0.00265821,0.00281659,0.0,0.00281659,0.0,0.002817
n1881,U2365/Y,AOI22X1,NAND3X1/C,1,0.00296109,0.00296109,0.0028316,0.0028316,0.00296109,0.0,0.00296109,0.0,0.002961
n1887,U2369/Y,NAND3X1,NOR3X1/C,1,0.00328822,0.00328822,0.00322576,0.00322576,0.00328822,0.0,0.00328822,0.0,0.003288
n1888,U2366/Y,NAND3X1,NOR3X1/B,1,0.003067,0.00306333,0.003067,0.00306333,0.003067,0.0,0.003067,0.0,0.003067
n1889,U2357/Y,NAND2X1,NOR3X1/A,1,0.00302113,0.00302113,0.00301081,0.00301081,0.00302113,0.0,0.00302113,0.0,0.003021
n190,U328/Y,AOI22X1,AND2X2/A,1,0.00179784,0.00179784,0.00176278,0.00176278,0.00179784,0.0,0.00179784,0.0,0.001798
n1903,U2387/Y,NAND2X1,NAND2X1/A;NAND2X1/B,2,0.00413806,0.00413806,0.00382856,0.00382856,0.00413806,0.0,0.00413806,0.0,0.004138
n1904,U2389/Y,NAND2X1,AOI22X1/D,1,0.00290653,0.00290653,0.00282572,0.00282572,0.00290653,0.0,0.00290653,0.0,0.002907
n1905,U2388/Y,NAND2X1,AOI22X1/C,1,0.00287763,0.00287763,0.00266968,0.00266968,0.00287763,0.0,0.00287763,0.0,0.002878
n1906,U2386/Y,NAND2X1,AOI22X1/B,1,0.00276444,0.00276444,0.00272615,0.00272615,0.00276444,0.0,0.00276444,0.0,0.002764
n1907,U2385/Y,NAND2X1,AOI22X1/A,1,0.00281659,0.00281659,0.00265821,0.00265821,0.00281659,0.0,0.00281659,0.0,0.002817
n1908,U2390/Y,AOI22X1,NAND3X1/C,1,0.00296109,0.00296109,0.0028316,0.0028316,0.00296109,0.0,0.00296109,0.0,0.002961
n191,U327/Y,AOI22X1,AND2X2/B,1,0.00186944,0.00186944,0.00182011,0.00182011,0.00186944,0.0,0.00186944,0.0,0.001869
n1914,U2394/Y,NAND3X1,NOR3X1/C,1,0.00328822,0.00328822,0.00322576,0.00322576,0.00328822,0.0,0.00328822,0.0,0.003288
n1915,U2391/Y,NAND3X1,NOR3X1/B,1,0.003067,0.00306333,0.003067,0.00306333,0.003067,0.0,0.003067,0.0,0.003067
n1916,U2381/Y,NAND2X1,NOR3X1/A,1,0.00302113,0.00302113,0.00301081,0.00301081,0.00302113,0.0,0.00302113,0.0,0.003021
n192,U335/Y,AOI22X1,NAND3X1/A,1,0.00254759,0.00254759,0.00220852,0.00220852,0.00254759,0.0,0.00254759,0.0,0.002548
n193,U334/Y,AOI22X1,NAND3X1/B,1,0.00283213,0.00283213,0.00259978,0.00259978,0.00283213,0.0,0.00283213,0.0,0.002832
n1930,U2412/Y,NAND2X1,NAND2X1/A;NAND2X1/B,2,0.00413806,0.00413806,0.00382856,0.00382856,0.00413806,0.0,0.00413806,0.0,0.004138
n1931,U2414/Y,NAND2X1,AOI22X1/D,1,0.00290653,0.00290653,0.00282572,0.00282572,0.00290653,0.0,0.00290653,0.0,0.002907
n1932,U2413/Y,NAND2X1,AOI22X1/C,1,0.00287763,0.00287763,0.00266968,0.00266968,0.00287763,0.0,0.00287763,0.0,0.002878
n1933,U2411/Y,NAND2X1,AOI22X1/B,1,0.00276444,0.00276444,0.00272615,0.00272615,0.00276444,0.0,0.00276444,0.0,0.002764
n1934,U2410/Y,NAND2X1,AOI22X1/A,1,0.00281659,0.00281659,0.00265821,0.00265821,0.00281659,0.0,0.00281659,0.0,0.002817
n1935,U2415/Y,AOI22X1,NAND3X1/C,1,0.00296109,0.00296109,0.0028316,0.0028316,0.00296109,0.0,0.00296109,0.0,0.002961
n1941,U2419/Y,NAND3X1,NOR3X1/C,1,0.00328822,0.00328822,0.00322576,0.00322576,0.00328822,0.0,0.00328822,0.0,0.003288
n1942,U2416/Y,NAND3X1,NOR3X1/B,1,0.003067,0.00306333,0.003067,0.00306333,0.003067,0.0,0.003067,0.0,0.003067
n1943,U2406/Y,NAND2X1,NOR3X1/A,1,0.00302113,0.00302113,0.00301081,0.00301081,0.00302113,0.0,0.00302113,0.0,0.003021
n195,U333/Y,AOI22X1,AND2X2/A,1,0.00179784,0.00179784,0.00176278,0.00176278,0.00179784,0.0,0.00179784,0.0,0.001798
n1957,U2437/Y,NAND2X1,NAND2X1/A;NAND2X1/B,2,0.00413806,0.00413806,0.00382856,0.00382856,0.00413806,0.0,0.00413806,0.0,0.004138
n1958,U2439/Y,NAND2X1,AOI22X1/D,1,0.00290653,0.00290653,0.00282572,0.00282572,0.00290653,0.0,0.00290653,0.0,0.002907
n1959,U2438/Y,NAND2X1,AOI22X1/C,1,0.00287763,0.00287763,0.00266968,0.00266968,0.00287763,0.0,0.00287763,0.0,0.002878
n196,U332/Y,AOI22X1,AND2X2/B,1,0.00186944,0.00186944,0.00182011,0.00182011,0.00186944,0.0,0.00186944,0.0,0.001869
n1960,U2436/Y,NAND2X1,AOI22X1/B,1,0.00276444,0.00276444,0.00272615,0.00272615,0.00276444,0.0,0.00276444,0.0,0.002764
n1961,U2435/Y,NAND2X1,AOI22X1/A,1,0.00281659,0.00281659,0.00265821,0.00265821,0.00281659,0.0,0.00281659,0.0,0.002817
n1962,U2440/Y,AOI22X1,NAND3X1/C,1,0.00296109,0.00296109,0.0028316,0.0028316,0.00296109,0.0,0.00296109,0.0,0.002961
n1968,U2444/Y,NAND3X1,NOR3X1/C,1,0.00328822,0.00328822,0.00322576,0.00322576,0.00328822,0.0,0.00328822,0.0,0.003288
n1969,U2441/Y,NAND3X1,NOR3X1/B,1,0.003067,0.00306333,0.003067,0.00306333,0.003067,0.0,0.003067,0.0,0.003067
n197,U341/Y,NAND3X1,OR2X2/A,1,0.00230117,0.00229176,0.00230117,0.00229176,0.00230117,0.0,0.00230117,0.0,0.002301
n1970,U2431/Y,NAND2X1,NOR3X1/A,1,0.00302113,0.00302113,0.00301081,0.00301081,0.00302113,0.0,0.00302113,0.0,0.003021
n198,U336/Y,NAND3X1,OR2X2/B,1,0.00234214,0.00228252,0.00234214,0.00228252,0.00234214,0.0,0.00234214,0.0,0.002342
n1984,U2462/Y,NAND2X1,NAND2X1/A;NAND2X1/B,2,0.00413806,0.00413806,0.00382856,0.00382856,0.00413806,0.0,0.00413806,0.0,0.004138
n1985,U2464/Y,NAND2X1,AOI22X1/D,1,0.00290653,0.00290653,0.00282572,0.00282572,0.00290653,0.0,0.00290653,0.0,0.002907
n1986,U2463/Y,NAND2X1,AOI22X1/C,1,0.00287763,0.00287763,0.00266968,0.00266968,0.00287763,0.0,0.00287763,0.0,0.002878
n1987,U2461/Y,NAND2X1,AOI22X1/B,1,0.00276444,0.00276444,0.00272615,0.00272615,0.00276444,0.0,0.00276444,0.0,0.002764
n1988,U2460/Y,NAND2X1,AOI22X1/A,1,0.00281659,0.00281659,0.00265821,0.00265821,0.00281659,0.0,0.00281659,0.0,0.002817
n1989,U2465/Y,AOI22X1,NAND3X1/C,1,0.00296109,0.00296109,0.0028316,0.0028316,0.00296109,0.0,0.00296109,0.0,0.002961
n199,U340/Y,AOI22X1,NAND3X1/A,1,0.00254759,0.00254759,0.00220852,0.00220852,0.00254759,0.0,0.00254759,0.0,0.002548
n1995,U2469/Y,NAND3X1,NOR3X1/C,1,0.00328822,0.00328822,0.00322576,0.00322576,0.00328822,0.0,0.00328822,0.0,0.003288
n1996,U2466/Y,NAND3X1,NOR3X1/B,1,0.003067,0.00306333,0.003067,0.00306333,0.003067,0.0,0.003067,0.0,0.003067
n1997,U2456/Y,NAND2X1,NOR3X1/A,1,0.00302113,0.00302113,0.00301081,0.00301081,0.00302113,0.0,0.00302113,0.0,0.003021
n200,U339/Y,AOI22X1,NAND3X1/B,1,0.00283213,0.00283213,0.00259978,0.00259978,0.00283213,0.0,0.00283213,0.0,0.002832
n2011,U2487/Y,NAND2X1,NAND2X1/A;NAND2X1/B,2,0.00413806,0.00413806,0.00382856,0.00382856,0.00413806,0.0,0.00413806,0.0,0.004138
n2012,U2489/Y,NAND2X1,AOI22X1/D,1,0.00290653,0.00290653,0.00282572,0.00282572,0.00290653,0.0,0.00290653,0.0,0.002907
n2013,U2488/Y,NAND2X1,AOI22X1/C,1,0.00287763,0.00287763,0.00266968,0.00266968,0.00287763,0.0,0.00287763,0.0,0.002878
n2014,U2486/Y,NAND2X1,AOI22X1/B,1,0.00276444,0.00276444,0.00272615,0.00272615,0.00276444,0.0,0.00276444,0.0,0.002764
n2015,U2485/Y,NAND2X1,AOI22X1/A,1,0.00281659,0.00281659,0.00265821,0.00265821,0.00281659,0.0,0.00281659,0.0,0.002817
n2016,U2490/Y,AOI22X1,NAND3X1/C,1,0.00296109,0.00296109,0.0028316,0.0028316,0.00296109,0.0,0.00296109,0.0,0.002961
n202,U338/Y,AOI22X1,AND2X2/A,1,0.00179784,0.00179784,0.00176278,0.00176278,0.00179784,0.0,0.00179784,0.0,0.001798
n2022,U2494/Y,NAND3X1,NOR3X1/C,1,0.00328822,0.00328822,0.00322576,0.00322576,0.00328822,0.0,0.00328822,0.0,0.003288
n2023,U2491/Y,NAND3X1,NOR3X1/B,1,0.003067,0.00306333,0.003067,0.00306333,0.003067,0.0,0.003067,0.0,0.003067
n2024,U2481/Y,NAND2X1,NOR3X1/A,1,0.00302113,0.00302113,0.00301081,0.00301081,0.00302113,0.0,0.00302113,0.0,0.003021
n203,U337/Y,AOI22X1,AND2X2/B,1,0.00186944,0.00186944,0.00182011,0.00182011,0.00186944,0.0,0.00186944,0.0,0.001869
n2038,U2512/Y,NAND2X1,NAND2X1/A;NAND2X1/B,2,0.00413806,0.00413806,0.00382856,0.00382856,0.00413806,0.0,0.00413806,0.0,0.004138
n2039,U2514/Y,NAND2X1,AOI22X1/D,1,0.00290653,0.00290653,0.00282572,0.00282572,0.00290653,0.0,0.00290653,0.0,0.002907
n204,U345/Y,AOI22X1,NAND3X1/A,1,0.00254759,0.00254759,0.00220852,0.00220852,0.00254759,0.0,0.00254759,0.0,0.002548
n2040,U2513/Y,NAND2X1,AOI22X1/C,1,0.00287763,0.00287763,0.00266968,0.00266968,0.00287763,0.0,0.00287763,0.0,0.002878
n2041,U2511/Y,NAND2X1,AOI22X1/B,1,0.00276444,0.00276444,0.00272615,0.00272615,0.00276444,0.0,0.00276444,0.0,0.002764
n2042,U2510/Y,NAND2X1,AOI22X1/A,1,0.00281659,0.00281659,0.00265821,0.00265821,0.00281659,0.0,0.00281659,0.0,0.002817
n2043,U2515/Y,AOI22X1,NAND3X1/C,1,0.00296109,0.00296109,0.0028316,0.0028316,0.00296109,0.0,0.00296109,0.0,0.002961
n2049,U2519/Y,NAND3X1,NOR3X1/C,1,0.00328822,0.00328822,0.00322576,0.00322576,0.00328822,0.0,0.00328822,0.0,0.003288
n205,U344/Y,AOI22X1,NAND3X1/B,1,0.00283213,0.00283213,0.00259978,0.00259978,0.00283213,0.0,0.00283213,0.0,0.002832
n2050,U2516/Y,NAND3X1,NOR3X1/B,1,0.003067,0.00306333,0.003067,0.00306333,0.003067,0.0,0.003067,0.0,0.003067
n2051,U2506/Y,NAND2X1,NOR3X1/A,1,0.00302113,0.00302113,0.00301081,0.00301081,0.00302113,0.0,0.00302113,0.0,0.003021
n2065,U2537/Y,NAND2X1,NAND2X1/A;NAND2X1/B,2,0.00413806,0.00413806,0.00382856,0.00382856,0.00413806,0.0,0.00413806,0.0,0.004138
n2066,U2539/Y,NAND2X1,AOI22X1/D,1,0.00290653,0.00290653,0.00282572,0.00282572,0.00290653,0.0,0.00290653,0.0,0.002907
n2067,U2538/Y,NAND2X1,AOI22X1/C,1,0.00287763,0.00287763,0.00266968,0.00266968,0.00287763,0.0,0.00287763,0.0,0.002878
n2068,U2536/Y,NAND2X1,AOI22X1/B,1,0.00276444,0.00276444,0.00272615,0.00272615,0.00276444,0.0,0.00276444,0.0,0.002764
n2069,U2535/Y,NAND2X1,AOI22X1/A,1,0.00281659,0.00281659,0.00265821,0.00265821,0.00281659,0.0,0.00281659,0.0,0.002817
n207,U343/Y,AOI22X1,AND2X2/A,1,0.00179784,0.00179784,0.00176278,0.00176278,0.00179784,0.0,0.00179784,0.0,0.001798
n2070,U2540/Y,AOI22X1,NAND3X1/C,1,0.00296109,0.00296109,0.0028316,0.0028316,0.00296109,0.0,0.00296109,0.0,0.002961
n2076,U2544/Y,NAND3X1,NOR3X1/C,1,0.00328822,0.00328822,0.00322576,0.00322576,0.00328822,0.0,0.00328822,0.0,0.003288
n2077,U2541/Y,NAND3X1,NOR3X1/B,1,0.003067,0.00306333,0.003067,0.00306333,0.003067,0.0,0.003067,0.0,0.003067
n2078,U2531/Y,NAND2X1,NOR3X1/A,1,0.00302113,0.00302113,0.00301081,0.00301081,0.00302113,0.0,0.00302113,0.0,0.003021
n208,U342/Y,AOI22X1,AND2X2/B,1,0.00186944,0.00186944,0.00182011,0.00182011,0.00186944,0.0,0.00186944,0.0,0.001869
n209,U351/Y,NAND3X1,OR2X2/A,1,0.00230117,0.00229176,0.00230117,0.00229176,0.00230117,0.0,0.00230117,0.0,0.002301
n2092,U2562/Y,NAND2X1,NAND2X1/A;NAND2X1/B,2,0.00413806,0.00413806,0.00382856,0.00382856,0.00413806,0.0,0.00413806,0.0,0.004138
n2093,U2564/Y,NAND2X1,AOI22X1/D,1,0.00290653,0.00290653,0.00282572,0.00282572,0.00290653,0.0,0.00290653,0.0,0.002907
n2094,U2563/Y,NAND2X1,AOI22X1/C,1,0.00287763,0.00287763,0.00266968,0.00266968,0.00287763,0.0,0.00287763,0.0,0.002878
n2095,U2561/Y,NAND2X1,AOI22X1/B,1,0.00276444,0.00276444,0.00272615,0.00272615,0.00276444,0.0,0.00276444,0.0,0.002764
n2096,U2560/Y,NAND2X1,AOI22X1/A,1,0.00281659,0.00281659,0.00265821,0.00265821,0.00281659,0.0,0.00281659,0.0,0.002817
n2097,U2565/Y,AOI22X1,NAND3X1/C,1,0.00296109,0.00296109,0.0028316,0.0028316,0.00296109,0.0,0.00296109,0.0,0.002961
n210,U346/Y,NAND3X1,OR2X2/B,1,0.00234214,0.00228252,0.00234214,0.00228252,0.00234214,0.0,0.00234214,0.0,0.002342
n2103,U2569/Y,NAND3X1,NOR3X1/C,1,0.00328822,0.00328822,0.00322576,0.00322576,0.00328822,0.0,0.00328822,0.0,0.003288
n2104,U2566/Y,NAND3X1,NOR3X1/B,1,0.003067,0.00306333,0.003067,0.00306333,0.003067,0.0,0.003067,0.0,0.003067
n2105,U2556/Y,NAND2X1,NOR3X1/A,1,0.00302113,0.00302113,0.00301081,0.00301081,0.00302113,0.0,0.00302113,0.0,0.003021
n211,U350/Y,AOI22X1,NAND3X1/A,1,0.00254759,0.00254759,0.00220852,0.00220852,0.00254759,0.0,0.00254759,0.0,0.002548
n2119,U2587/Y,NAND2X1,NAND2X1/A;NAND2X1/B,2,0.00413806,0.00413806,0.00382856,0.00382856,0.00413806,0.0,0.00413806,0.0,0.004138
n212,U349/Y,AOI22X1,NAND3X1/B,1,0.00283213,0.00283213,0.00259978,0.00259978,0.00283213,0.0,0.00283213,0.0,0.002832
n2120,U2589/Y,NAND2X1,AOI22X1/D,1,0.00290653,0.00290653,0.00282572,0.00282572,0.00290653,0.0,0.00290653,0.0,0.002907
n2121,U2588/Y,NAND2X1,AOI22X1/C,1,0.00287763,0.00287763,0.00266968,0.00266968,0.00287763,0.0,0.00287763,0.0,0.002878
n2122,U2586/Y,NAND2X1,AOI22X1/B,1,0.00276444,0.00276444,0.00272615,0.00272615,0.00276444,0.0,0.00276444,0.0,0.002764
n2123,U2585/Y,NAND2X1,AOI22X1/A,1,0.00281659,0.00281659,0.00265821,0.00265821,0.00281659,0.0,0.00281659,0.0,0.002817
n2124,U2590/Y,AOI22X1,NAND3X1/C,1,0.00296109,0.00296109,0.0028316,0.0028316,0.00296109,0.0,0.00296109,0.0,0.002961
n2130,U2594/Y,NAND3X1,NOR3X1/C,1,0.00328822,0.00328822,0.00322576,0.00322576,0.00328822,0.0,0.00328822,0.0,0.003288
n2131,U2591/Y,NAND3X1,NOR3X1/B,1,0.003067,0.00306333,0.003067,0.00306333,0.003067,0.0,0.003067,0.0,0.003067
n2132,U2581/Y,NAND2X1,NOR3X1/A,1,0.00302113,0.00302113,0.00301081,0.00301081,0.00302113,0.0,0.00302113,0.0,0.003021
n214,U348/Y,AOI22X1,AND2X2/A,1,0.00179784,0.00179784,0.00176278,0.00176278,0.00179784,0.0,0.00179784,0.0,0.001798
n2146,U2612/Y,NAND2X1,NAND2X1/A;NAND2X1/B,2,0.00413806,0.00413806,0.00382856,0.00382856,0.00413806,0.0,0.00413806,0.0,0.004138
n2147,U2614/Y,NAND2X1,AOI22X1/D,1,0.00290653,0.00290653,0.00282572,0.00282572,0.00290653,0.0,0.00290653,0.0,0.002907
n2148,U2613/Y,NAND2X1,AOI22X1/C,1,0.00287763,0.00287763,0.00266968,0.00266968,0.00287763,0.0,0.00287763,0.0,0.002878
n2149,U2611/Y,NAND2X1,AOI22X1/B,1,0.00276444,0.00276444,0.00272615,0.00272615,0.00276444,0.0,0.00276444,0.0,0.002764
n215,U347/Y,AOI22X1,AND2X2/B,1,0.00186944,0.00186944,0.00182011,0.00182011,0.00186944,0.0,0.00186944,0.0,0.001869
n2150,U2610/Y,NAND2X1,AOI22X1/A,1,0.00281659,0.00281659,0.00265821,0.00265821,0.00281659,0.0,0.00281659,0.0,0.002817
n2151,U2615/Y,AOI22X1,NAND3X1/C,1,0.00296109,0.00296109,0.0028316,0.0028316,0.00296109,0.0,0.00296109,0.0,0.002961
n2157,U2619/Y,NAND3X1,NOR3X1/C,1,0.00328822,0.00328822,0.00322576,0.00322576,0.00328822,0.0,0.00328822,0.0,0.003288
n2158,U2616/Y,NAND3X1,NOR3X1/B,1,0.003067,0.00306333,0.003067,0.00306333,0.003067,0.0,0.003067,0.0,0.003067
n2159,U2606/Y,NAND2X1,NOR3X1/A,1,0.00302113,0.00302113,0.00301081,0.00301081,0.00302113,0.0,0.00302113,0.0,0.003021
n216,U355/Y,AOI22X1,NAND3X1/A,1,0.00254759,0.00254759,0.00220852,0.00220852,0.00254759,0.0,0.00254759,0.0,0.002548
n217,U354/Y,AOI22X1,NAND3X1/B,1,0.00283213,0.00283213,0.00259978,0.00259978,0.00283213,0.0,0.00283213,0.0,0.002832
n2173,U2636/Y,NAND2X1,NAND2X1/A;NAND2X1/B,2,0.00413806,0.00413806,0.00382856,0.00382856,0.00413806,0.0,0.00413806,0.0,0.004138
n2174,U2638/Y,NAND2X1,AOI22X1/D,1,0.00290653,0.00290653,0.00282572,0.00282572,0.00290653,0.0,0.00290653,0.0,0.002907
n2175,U2637/Y,NAND2X1,AOI22X1/C,1,0.00287763,0.00287763,0.00266968,0.00266968,0.00287763,0.0,0.00287763,0.0,0.002878
n2176,U2635/Y,NAND2X1,AOI22X1/B,1,0.00276444,0.00276444,0.00272615,0.00272615,0.00276444,0.0,0.00276444,0.0,0.002764
n2177,U2634/Y,NAND2X1,AOI22X1/A,1,0.00281659,0.00281659,0.00265821,0.00265821,0.00281659,0.0,0.00281659,0.0,0.002817
n2178,U2639/Y,AOI22X1,NAND3X1/C,1,0.00296109,0.00296109,0.0028316,0.0028316,0.00296109,0.0,0.00296109,0.0,0.002961
n2184,U2643/Y,NAND3X1,NOR3X1/C,1,0.00328822,0.00328822,0.00322576,0.00322576,0.00328822,0.0,0.00328822,0.0,0.003288
n2185,U2640/Y,NAND3X1,NOR3X1/B,1,0.003067,0.00306333,0.003067,0.00306333,0.003067,0.0,0.003067,0.0,0.003067
n2186,U2631/Y,NAND2X1,NOR3X1/A,1,0.00302113,0.00302113,0.00301081,0.00301081,0.00302113,0.0,0.00302113,0.0,0.003021
n219,U353/Y,AOI22X1,AND2X2/A,1,0.00179784,0.00179784,0.00176278,0.00176278,0.00179784,0.0,0.00179784,0.0,0.001798
n220,U352/Y,AOI22X1,AND2X2/B,1,0.00186944,0.00186944,0.00182011,0.00182011,0.00186944,0.0,0.00186944,0.0,0.001869
n2200,U2661/Y,NAND2X1,NAND2X1/A;NAND2X1/B,2,0.00413806,0.00413806,0.00382856,0.00382856,0.00413806,0.0,0.00413806,0.0,0.004138
n2201,U2663/Y,NAND2X1,AOI22X1/D,1,0.00290653,0.00290653,0.00282572,0.00282572,0.00290653,0.0,0.00290653,0.0,0.002907
n2202,U2662/Y,NAND2X1,AOI22X1/C,1,0.00287763,0.00287763,0.00266968,0.00266968,0.00287763,0.0,0.00287763,0.0,0.002878
n2203,U2660/Y,NAND2X1,AOI22X1/B,1,0.00276444,0.00276444,0.00272615,0.00272615,0.00276444,0.0,0.00276444,0.0,0.002764
n2204,U2659/Y,NAND2X1,AOI22X1/A,1,0.00281659,0.00281659,0.00265821,0.00265821,0.00281659,0.0,0.00281659,0.0,0.002817
n2205,U2664/Y,AOI22X1,NAND3X1/C,1,0.00296109,0.00296109,0.0028316,0.0028316,0.00296109,0.0,0.00296109,0.0,0.002961
n221,U361/Y,NAND3X1,OR2X2/A,1,0.00230117,0.00229176,0.00230117,0.00229176,0.00230117,0.0,0.00230117,0.0,0.002301
n2211,U2668/Y,NAND3X1,NOR3X1/C,1,0.00328822,0.00328822,0.00322576,0.00322576,0.00328822,0.0,0.00328822,0.0,0.003288
n2212,U2665/Y,NAND3X1,NOR3X1/B,1,0.003067,0.00306333,0.003067,0.00306333,0.003067,0.0,0.003067,0.0,0.003067
n2213,U2655/Y,NAND2X1,NOR3X1/A,1,0.00302113,0.00302113,0.00301081,0.00301081,0.00302113,0.0,0.00302113,0.0,0.003021
n222,U356/Y,NAND3X1,OR2X2/B,1,0.00234214,0.00228252,0.00234214,0.00228252,0.00234214,0.0,0.00234214,0.0,0.002342
n2227,U2685/Y,NAND2X1,NAND2X1/A;NAND2X1/B,2,0.00413806,0.00413806,0.00382856,0.00382856,0.00413806,0.0,0.00413806,0.0,0.004138
n2228,U2687/Y,NAND2X1,AOI22X1/D,1,0.00290653,0.00290653,0.00282572,0.00282572,0.00290653,0.0,0.00290653,0.0,0.002907
n2229,U2686/Y,NAND2X1,AOI22X1/C,1,0.00287763,0.00287763,0.00266968,0.00266968,0.00287763,0.0,0.00287763,0.0,0.002878
n223,U360/Y,AOI22X1,NAND3X1/A,1,0.00254759,0.00254759,0.00220852,0.00220852,0.00254759,0.0,0.00254759,0.0,0.002548
n2230,U2684/Y,NAND2X1,AOI22X1/B,1,0.00276444,0.00276444,0.00272615,0.00272615,0.00276444,0.0,0.00276444,0.0,0.002764
n2231,U2683/Y,NAND2X1,AOI22X1/A,1,0.00281659,0.00281659,0.00265821,0.00265821,0.00281659,0.0,0.00281659,0.0,0.002817
n2232,U2688/Y,AOI22X1,NAND3X1/C,1,0.00296109,0.00296109,0.0028316,0.0028316,0.00296109,0.0,0.00296109,0.0,0.002961
n2238,U2692/Y,NAND3X1,NOR3X1/C,1,0.00328822,0.00328822,0.00322576,0.00322576,0.00328822,0.0,0.00328822,0.0,0.003288
n2239,U2689/Y,NAND3X1,NOR3X1/B,1,0.003067,0.00306333,0.003067,0.00306333,0.003067,0.0,0.003067,0.0,0.003067
n224,U359/Y,AOI22X1,NAND3X1/B,1,0.00283213,0.00283213,0.00259978,0.00259978,0.00283213,0.0,0.00283213,0.0,0.002832
n2240,U2680/Y,NAND2X1,NOR3X1/A,1,0.00302113,0.00302113,0.00301081,0.00301081,0.00302113,0.0,0.00302113,0.0,0.003021
n2254,U2709/Y,NAND2X1,NAND2X1/A;NAND2X1/B,2,0.00413806,0.00413806,0.00382856,0.00382856,0.00413806,0.0,0.00413806,0.0,0.004138
n2255,U2711/Y,NAND2X1,AOI22X1/D,1,0.00290653,0.00290653,0.00282572,0.00282572,0.00290653,0.0,0.00290653,0.0,0.002907
n2256,U2710/Y,NAND2X1,AOI22X1/C,1,0.00287763,0.00287763,0.00266968,0.00266968,0.00287763,0.0,0.00287763,0.0,0.002878
n2257,U2708/Y,NAND2X1,AOI22X1/B,1,0.00276444,0.00276444,0.00272615,0.00272615,0.00276444,0.0,0.00276444,0.0,0.002764
n2258,U2707/Y,NAND2X1,AOI22X1/A,1,0.00281659,0.00281659,0.00265821,0.00265821,0.00281659,0.0,0.00281659,0.0,0.002817
n2259,U2712/Y,AOI22X1,NAND3X1/C,1,0.00296109,0.00296109,0.0028316,0.0028316,0.00296109,0.0,0.00296109,0.0,0.002961
n226,U358/Y,AOI22X1,AND2X2/A,1,0.00179784,0.00179784,0.00176278,0.00176278,0.00179784,0.0,0.00179784,0.0,0.001798
n2265,U2716/Y,NAND3X1,NOR3X1/C,1,0.00328822,0.00328822,0.00322576,0.00322576,0.00328822,0.0,0.00328822,0.0,0.003288
n2266,U2713/Y,NAND3X1,NOR3X1/B,1,0.003067,0.00306333,0.003067,0.00306333,0.003067,0.0,0.003067,0.0,0.003067
n2267,U2704/Y,NAND2X1,NOR3X1/A,1,0.00302113,0.00302113,0.00301081,0.00301081,0.00302113,0.0,0.00302113,0.0,0.003021
n227,U357/Y,AOI22X1,AND2X2/B,1,0.00186944,0.00186944,0.00182011,0.00182011,0.00186944,0.0,0.00186944,0.0,0.001869
n228,U365/Y,AOI22X1,NAND3X1/A,1,0.00254759,0.00254759,0.00220852,0.00220852,0.00254759,0.0,0.00254759,0.0,0.002548
n2281,U2734/Y,NAND2X1,NAND2X1/A;NAND2X1/B,2,0.00413806,0.00413806,0.00382856,0.00382856,0.00413806,0.0,0.00413806,0.0,0.004138
n2282,U2736/Y,NAND2X1,AOI22X1/D,1,0.00290653,0.00290653,0.00282572,0.00282572,0.00290653,0.0,0.00290653,0.0,0.002907
n2283,U2735/Y,NAND2X1,AOI22X1/C,1,0.00287763,0.00287763,0.00266968,0.00266968,0.00287763,0.0,0.00287763,0.0,0.002878
n2284,U2733/Y,NAND2X1,AOI22X1/B,1,0.00276444,0.00276444,0.00272615,0.00272615,0.00276444,0.0,0.00276444,0.0,0.002764
n2285,U2732/Y,NAND2X1,AOI22X1/A,1,0.00281659,0.00281659,0.00265821,0.00265821,0.00281659,0.0,0.00281659,0.0,0.002817
n2286,U2737/Y,AOI22X1,NAND3X1/C,1,0.00296109,0.00296109,0.0028316,0.0028316,0.00296109,0.0,0.00296109,0.0,0.002961
n229,U364/Y,AOI22X1,NAND3X1/B,1,0.00283213,0.00283213,0.00259978,0.00259978,0.00283213,0.0,0.00283213,0.0,0.002832
n2292,U2741/Y,NAND3X1,NOR3X1/C,1,0.00328822,0.00328822,0.00322576,0.00322576,0.00328822,0.0,0.00328822,0.0,0.003288
n2293,U2738/Y,NAND3X1,NOR3X1/B,1,0.003067,0.00306333,0.003067,0.00306333,0.003067,0.0,0.003067,0.0,0.003067
n2294,U2728/Y,NAND2X1,NOR3X1/A,1,0.00302113,0.00302113,0.00301081,0.00301081,0.00302113,0.0,0.00302113,0.0,0.003021
n2308,U2759/Y,NAND2X1,NAND2X1/A;NAND2X1/B,2,0.00413806,0.00413806,0.00382856,0.00382856,0.00413806,0.0,0.00413806,0.0,0.004138
n2309,U2761/Y,NAND2X1,AOI22X1/D,1,0.00290653,0.00290653,0.00282572,0.00282572,0.00290653,0.0,0.00290653,0.0,0.002907
n231,U363/Y,AOI22X1,AND2X2/A,1,0.00179784,0.00179784,0.00176278,0.00176278,0.00179784,0.0,0.00179784,0.0,0.001798
n2310,U2760/Y,NAND2X1,AOI22X1/C,1,0.00287763,0.00287763,0.00266968,0.00266968,0.00287763,0.0,0.00287763,0.0,0.002878
n2311,U2758/Y,NAND2X1,AOI22X1/B,1,0.00276444,0.00276444,0.00272615,0.00272615,0.00276444,0.0,0.00276444,0.0,0.002764
n2312,U2757/Y,NAND2X1,AOI22X1/A,1,0.00281659,0.00281659,0.00265821,0.00265821,0.00281659,0.0,0.00281659,0.0,0.002817
n2313,U2762/Y,AOI22X1,NAND3X1/C,1,0.00296109,0.00296109,0.0028316,0.0028316,0.00296109,0.0,0.00296109,0.0,0.002961
n2319,U2766/Y,NAND3X1,NOR3X1/C,1,0.00328822,0.00328822,0.00322576,0.00322576,0.00328822,0.0,0.00328822,0.0,0.003288
n232,U362/Y,AOI22X1,AND2X2/B,1,0.00186944,0.00186944,0.00182011,0.00182011,0.00186944,0.0,0.00186944,0.0,0.001869
n2320,U2763/Y,NAND3X1,NOR3X1/B,1,0.003067,0.00306333,0.003067,0.00306333,0.003067,0.0,0.003067,0.0,0.003067
n2321,U2753/Y,NAND2X1,NOR3X1/A,1,0.00302113,0.00302113,0.00301081,0.00301081,0.00302113,0.0,0.00302113,0.0,0.003021
n233,U371/Y,NAND3X1,OR2X2/A,1,0.00230117,0.00229176,0.00230117,0.00229176,0.00230117,0.0,0.00230117,0.0,0.002301
n2335,U2784/Y,NAND2X1,NAND2X1/A;NAND2X1/B,2,0.00413806,0.00413806,0.00382856,0.00382856,0.00413806,0.0,0.00413806,0.0,0.004138
n2336,U2786/Y,NAND2X1,AOI22X1/D,1,0.00290653,0.00290653,0.00282572,0.00282572,0.00290653,0.0,0.00290653,0.0,0.002907
n2337,U2785/Y,NAND2X1,AOI22X1/C,1,0.00287763,0.00287763,0.00266968,0.00266968,0.00287763,0.0,0.00287763,0.0,0.002878
n2338,U2783/Y,NAND2X1,AOI22X1/B,1,0.00276444,0.00276444,0.00272615,0.00272615,0.00276444,0.0,0.00276444,0.0,0.002764
n2339,U2782/Y,NAND2X1,AOI22X1/A,1,0.00281659,0.00281659,0.00265821,0.00265821,0.00281659,0.0,0.00281659,0.0,0.002817
n234,U366/Y,NAND3X1,OR2X2/B,1,0.00234214,0.00228252,0.00234214,0.00228252,0.00234214,0.0,0.00234214,0.0,0.002342
n2340,U2787/Y,AOI22X1,NAND3X1/C,1,0.00296109,0.00296109,0.0028316,0.0028316,0.00296109,0.0,0.00296109,0.0,0.002961
n2346,U2791/Y,NAND3X1,NOR3X1/C,1,0.00328822,0.00328822,0.00322576,0.00322576,0.00328822,0.0,0.00328822,0.0,0.003288
n2347,U2788/Y,NAND3X1,NOR3X1/B,1,0.003067,0.00306333,0.003067,0.00306333,0.003067,0.0,0.003067,0.0,0.003067
n2348,U2778/Y,NAND2X1,NOR3X1/A,1,0.00302113,0.00302113,0.00301081,0.00301081,0.00302113,0.0,0.00302113,0.0,0.003021
n235,U370/Y,AOI22X1,NAND3X1/A,1,0.00254759,0.00254759,0.00220852,0.00220852,0.00254759,0.0,0.00254759,0.0,0.002548
n236,U369/Y,AOI22X1,NAND3X1/B,1,0.00283213,0.00283213,0.00259978,0.00259978,0.00283213,0.0,0.00283213,0.0,0.002832
n2362,U2809/Y,NAND2X1,NAND2X1/A;NAND2X1/B,2,0.00413806,0.00413806,0.00382856,0.00382856,0.00413806,0.0,0.00413806,0.0,0.004138
n2363,U2811/Y,NAND2X1,AOI22X1/D,1,0.00290653,0.00290653,0.00282572,0.00282572,0.00290653,0.0,0.00290653,0.0,0.002907
n2364,U2810/Y,NAND2X1,AOI22X1/C,1,0.00287763,0.00287763,0.00266968,0.00266968,0.00287763,0.0,0.00287763,0.0,0.002878
n2365,U2808/Y,NAND2X1,AOI22X1/B,1,0.00276444,0.00276444,0.00272615,0.00272615,0.00276444,0.0,0.00276444,0.0,0.002764
n2366,U2807/Y,NAND2X1,AOI22X1/A,1,0.00281659,0.00281659,0.00265821,0.00265821,0.00281659,0.0,0.00281659,0.0,0.002817
n2367,U2812/Y,AOI22X1,NAND3X1/C,1,0.00296109,0.00296109,0.0028316,0.0028316,0.00296109,0.0,0.00296109,0.0,0.002961
n2373,U2816/Y,NAND3X1,NOR3X1/C,1,0.00328822,0.00328822,0.00322576,0.00322576,0.00328822,0.0,0.00328822,0.0,0.003288
n2374,U2813/Y,NAND3X1,NOR3X1/B,1,0.003067,0.00306333,0.003067,0.00306333,0.003067,0.0,0.003067,0.0,0.003067
n2375,U2803/Y,NAND2X1,NOR3X1/A,1,0.00302113,0.00302113,0.00301081,0.00301081,0.00302113,0.0,0.00302113,0.0,0.003021
n238,U368/Y,AOI22X1,AND2X2/A,1,0.00179784,0.00179784,0.00176278,0.00176278,0.00179784,0.0,0.00179784,0.0,0.001798
n2389,U2834/Y,NAND2X1,NAND2X1/A;NAND2X1/B,2,0.00413806,0.00413806,0.00382856,0.00382856,0.00413806,0.0,0.00413806,0.0,0.004138
n239,U367/Y,AOI22X1,AND2X2/B,1,0.00186944,0.00186944,0.00182011,0.00182011,0.00186944,0.0,0.00186944,0.0,0.001869
n2390,U2836/Y,NAND2X1,AOI22X1/D,1,0.00290653,0.00290653,0.00282572,0.00282572,0.00290653,0.0,0.00290653,0.0,0.002907
n2391,U2835/Y,NAND2X1,AOI22X1/C,1,0.00287763,0.00287763,0.00266968,0.00266968,0.00287763,0.0,0.00287763,0.0,0.002878
n2392,U2833/Y,NAND2X1,AOI22X1/B,1,0.00276444,0.00276444,0.00272615,0.00272615,0.00276444,0.0,0.00276444,0.0,0.002764
n2393,U2832/Y,NAND2X1,AOI22X1/A,1,0.00281659,0.00281659,0.00265821,0.00265821,0.00281659,0.0,0.00281659,0.0,0.002817
n2394,U2837/Y,AOI22X1,NAND3X1/C,1,0.00296109,0.00296109,0.0028316,0.0028316,0.00296109,0.0,0.00296109,0.0,0.002961
n240,U375/Y,AOI22X1,NAND3X1/A,1,0.00254759,0.00254759,0.00220852,0.00220852,0.00254759,0.0,0.00254759,0.0,0.002548
n2400,U2841/Y,NAND3X1,NOR3X1/C,1,0.00328822,0.00328822,0.00322576,0.00322576,0.00328822,0.0,0.00328822,0.0,0.003288
n2401,U2838/Y,NAND3X1,NOR3X1/B,1,0.003067,0.00306333,0.003067,0.00306333,0.003067,0.0,0.003067,0.0,0.003067
n2402,U2828/Y,NAND2X1,NOR3X1/A,1,0.00302113,0.00302113,0.00301081,0.00301081,0.00302113,0.0,0.00302113,0.0,0.003021
n241,U374/Y,AOI22X1,NAND3X1/B,1,0.00283213,0.00283213,0.00259978,0.00259978,0.00283213,0.0,0.00283213,0.0,0.002832
n2416,U2859/Y,NAND2X1,NAND2X1/A;NAND2X1/B,2,0.00413806,0.00413806,0.00382856,0.00382856,0.00413806,0.0,0.00413806,0.0,0.004138
n2417,U2861/Y,NAND2X1,AOI22X1/D,1,0.00290653,0.00290653,0.00282572,0.00282572,0.00290653,0.0,0.00290653,0.0,0.002907
n2418,U2860/Y,NAND2X1,AOI22X1/C,1,0.00287763,0.00287763,0.00266968,0.00266968,0.00287763,0.0,0.00287763,0.0,0.002878
n2419,U2858/Y,NAND2X1,AOI22X1/B,1,0.00276444,0.00276444,0.00272615,0.00272615,0.00276444,0.0,0.00276444,0.0,0.002764
n2420,U2857/Y,NAND2X1,AOI22X1/A,1,0.00281659,0.00281659,0.00265821,0.00265821,0.00281659,0.0,0.00281659,0.0,0.002817
n2421,U2862/Y,AOI22X1,NAND3X1/C,1,0.00296109,0.00296109,0.0028316,0.0028316,0.00296109,0.0,0.00296109,0.0,0.002961
n2427,U2866/Y,NAND3X1,NOR3X1/C,1,0.00328822,0.00328822,0.00322576,0.00322576,0.00328822,0.0,0.00328822,0.0,0.003288
n2428,U2863/Y,NAND3X1,NOR3X1/B,1,0.003067,0.00306333,0.003067,0.00306333,0.003067,0.0,0.003067,0.0,0.003067
n2429,U2853/Y,NAND2X1,NOR3X1/A,1,0.00302113,0.00302113,0.00301081,0.00301081,0.00302113,0.0,0.00302113,0.0,0.003021
n243,U373/Y,AOI22X1,AND2X2/A,1,0.00179784,0.00179784,0.00176278,0.00176278,0.00179784,0.0,0.00179784,0.0,0.001798
n244,U372/Y,AOI22X1,AND2X2/B,1,0.00186944,0.00186944,0.00182011,0.00182011,0.00186944,0.0,0.00186944,0.0,0.001869
n2443,U2884/Y,NAND2X1,NAND2X1/A;NAND2X1/B,2,0.00413806,0.00413806,0.00382856,0.00382856,0.00413806,0.0,0.00413806,0.0,0.004138
n2444,U2886/Y,NAND2X1,AOI22X1/D,1,0.00290653,0.00290653,0.00282572,0.00282572,0.00290653,0.0,0.00290653,0.0,0.002907
n2445,U2885/Y,NAND2X1,AOI22X1/C,1,0.00287763,0.00287763,0.00266968,0.00266968,0.00287763,0.0,0.00287763,0.0,0.002878
n2446,U2883/Y,NAND2X1,AOI22X1/B,1,0.00276444,0.00276444,0.00272615,0.00272615,0.00276444,0.0,0.00276444,0.0,0.002764
n2447,U2882/Y,NAND2X1,AOI22X1/A,1,0.00281659,0.00281659,0.00265821,0.00265821,0.00281659,0.0,0.00281659,0.0,0.002817
n2448,U2887/Y,AOI22X1,NAND3X1/C,1,0.00296109,0.00296109,0.0028316,0.0028316,0.00296109,0.0,0.00296109,0.0,0.002961
n245,U381/Y,NAND3X1,OR2X2/A,1,0.00230117,0.00229176,0.00230117,0.00229176,0.00230117,0.0,0.00230117,0.0,0.002301
n2454,U2891/Y,NAND3X1,NOR3X1/C,1,0.00328822,0.00328822,0.00322576,0.00322576,0.00328822,0.0,0.00328822,0.0,0.003288
n2455,U2888/Y,NAND3X1,NOR3X1/B,1,0.003067,0.00306333,0.003067,0.00306333,0.003067,0.0,0.003067,0.0,0.003067
n2456,U2878/Y,NAND2X1,NOR3X1/A,1,0.00302113,0.00302113,0.00301081,0.00301081,0.00302113,0.0,0.00302113,0.0,0.003021
n246,U376/Y,NAND3X1,OR2X2/B,1,0.00234214,0.00228252,0.00234214,0.00228252,0.00234214,0.0,0.00234214,0.0,0.002342
n247,U380/Y,AOI22X1,NAND3X1/A,1,0.00254759,0.00254759,0.00220852,0.00220852,0.00254759,0.0,0.00254759,0.0,0.002548
n2470,U2909/Y,NAND2X1,NAND2X1/A;NAND2X1/B,2,0.00413806,0.00413806,0.00382856,0.00382856,0.00413806,0.0,0.00413806,0.0,0.004138
n2471,U2911/Y,NAND2X1,AOI22X1/D,1,0.00290653,0.00290653,0.00282572,0.00282572,0.00290653,0.0,0.00290653,0.0,0.002907
n2472,U2910/Y,NAND2X1,AOI22X1/C,1,0.00287763,0.00287763,0.00266968,0.00266968,0.00287763,0.0,0.00287763,0.0,0.002878
n2473,U2908/Y,NAND2X1,AOI22X1/B,1,0.00276444,0.00276444,0.00272615,0.00272615,0.00276444,0.0,0.00276444,0.0,0.002764
n2474,U2907/Y,NAND2X1,AOI22X1/A,1,0.00281659,0.00281659,0.00265821,0.00265821,0.00281659,0.0,0.00281659,0.0,0.002817
n2475,U2912/Y,AOI22X1,NAND3X1/C,1,0.00296109,0.00296109,0.0028316,0.0028316,0.00296109,0.0,0.00296109,0.0,0.002961
n248,U379/Y,AOI22X1,NAND3X1/B,1,0.00283213,0.00283213,0.00259978,0.00259978,0.00283213,0.0,0.00283213,0.0,0.002832
n2481,U2916/Y,NAND3X1,NOR3X1/C,1,0.00328822,0.00328822,0.00322576,0.00322576,0.00328822,0.0,0.00328822,0.0,0.003288
n2482,U2913/Y,NAND3X1,NOR3X1/B,1,0.003067,0.00306333,0.003067,0.00306333,0.003067,0.0,0.003067,0.0,0.003067
n2483,U2903/Y,NAND2X1,NOR3X1/A,1,0.00302113,0.00302113,0.00301081,0.00301081,0.00302113,0.0,0.00302113,0.0,0.003021
n2497,U2934/Y,NAND2X1,NAND2X1/A;NAND2X1/B,2,0.00413806,0.00413806,0.00382856,0.00382856,0.00413806,0.0,0.00413806,0.0,0.004138
n2498,U2936/Y,NAND2X1,AOI22X1/D,1,0.00290653,0.00290653,0.00282572,0.00282572,0.00290653,0.0,0.00290653,0.0,0.002907
n2499,U2935/Y,NAND2X1,AOI22X1/C,1,0.00287763,0.00287763,0.00266968,0.00266968,0.00287763,0.0,0.00287763,0.0,0.002878
n250,U378/Y,AOI22X1,AND2X2/A,1,0.00179784,0.00179784,0.00176278,0.00176278,0.00179784,0.0,0.00179784,0.0,0.001798
n2500,U2933/Y,NAND2X1,AOI22X1/B,1,0.00276444,0.00276444,0.00272615,0.00272615,0.00276444,0.0,0.00276444,0.0,0.002764
n2501,U2932/Y,NAND2X1,AOI22X1/A,1,0.00281659,0.00281659,0.00265821,0.00265821,0.00281659,0.0,0.00281659,0.0,0.002817
n2502,U2937/Y,AOI22X1,NAND3X1/C,1,0.00296109,0.00296109,0.0028316,0.0028316,0.00296109,0.0,0.00296109,0.0,0.002961
n2508,U2941/Y,NAND3X1,NOR3X1/C,1,0.00328822,0.00328822,0.00322576,0.00322576,0.00328822,0.0,0.00328822,0.0,0.003288
n2509,U2938/Y,NAND3X1,NOR3X1/B,1,0.003067,0.00306333,0.003067,0.00306333,0.003067,0.0,0.003067,0.0,0.003067
n251,U377/Y,AOI22X1,AND2X2/B,1,0.00186944,0.00186944,0.00182011,0.00182011,0.00186944,0.0,0.00186944,0.0,0.001869
n2510,U2928/Y,NAND2X1,NOR3X1/A,1,0.00302113,0.00302113,0.00301081,0.00301081,0.00302113,0.0,0.00302113,0.0,0.003021
n252,U385/Y,AOI22X1,NAND3X1/A,1,0.00254759,0.00254759,0.00220852,0.00220852,0.00254759,0.0,0.00254759,0.0,0.002548
n2524,U2958/Y,NAND2X1,NAND2X1/A;NAND2X1/B,2,0.00413806,0.00413806,0.00382856,0.00382856,0.00413806,0.0,0.00413806,0.0,0.004138
n2525,U2960/Y,NAND2X1,AOI22X1/D,1,0.00290653,0.00290653,0.00282572,0.00282572,0.00290653,0.0,0.00290653,0.0,0.002907
n2526,U2959/Y,NAND2X1,AOI22X1/C,1,0.00287763,0.00287763,0.00266968,0.00266968,0.00287763,0.0,0.00287763,0.0,0.002878
n2527,U2957/Y,NAND2X1,AOI22X1/B,1,0.00276444,0.00276444,0.00272615,0.00272615,0.00276444,0.0,0.00276444,0.0,0.002764
n2528,U2956/Y,NAND2X1,AOI22X1/A,1,0.00281659,0.00281659,0.00265821,0.00265821,0.00281659,0.0,0.00281659,0.0,0.002817
n2529,U2961/Y,AOI22X1,NAND3X1/C,1,0.00296109,0.00296109,0.0028316,0.0028316,0.00296109,0.0,0.00296109,0.0,0.002961
n253,U384/Y,AOI22X1,NAND3X1/B,1,0.00283213,0.00283213,0.00259978,0.00259978,0.00283213,0.0,0.00283213,0.0,0.002832
n2535,U2965/Y,NAND3X1,NOR3X1/C,1,0.00328822,0.00328822,0.00322576,0.00322576,0.00328822,0.0,0.00328822,0.0,0.003288
n2536,U2962/Y,NAND3X1,NOR3X1/B,1,0.003067,0.00306333,0.003067,0.00306333,0.003067,0.0,0.003067,0.0,0.003067
n2537,U2953/Y,NAND2X1,NOR3X1/A,1,0.00302113,0.00302113,0.00301081,0.00301081,0.00302113,0.0,0.00302113,0.0,0.003021
n255,U383/Y,AOI22X1,AND2X2/A,1,0.00179784,0.00179784,0.00176278,0.00176278,0.00179784,0.0,0.00179784,0.0,0.001798
n2551,U2983/Y,NAND2X1,NAND2X1/A;NAND2X1/B,2,0.00413806,0.00413806,0.00382856,0.00382856,0.00413806,0.0,0.00413806,0.0,0.004138
n2552,U2985/Y,NAND2X1,AOI22X1/D,1,0.00290653,0.00290653,0.00282572,0.00282572,0.00290653,0.0,0.00290653,0.0,0.002907
n2553,U2984/Y,NAND2X1,AOI22X1/C,1,0.00287763,0.00287763,0.00266968,0.00266968,0.00287763,0.0,0.00287763,0.0,0.002878
n2554,U2982/Y,NAND2X1,AOI22X1/B,1,0.00276444,0.00276444,0.00272615,0.00272615,0.00276444,0.0,0.00276444,0.0,0.002764
n2555,U2981/Y,NAND2X1,AOI22X1/A,1,0.00281659,0.00281659,0.00265821,0.00265821,0.00281659,0.0,0.00281659,0.0,0.002817
n2556,U2986/Y,AOI22X1,NAND3X1/C,1,0.00296109,0.00296109,0.0028316,0.0028316,0.00296109,0.0,0.00296109,0.0,0.002961
n256,U382/Y,AOI22X1,AND2X2/B,1,0.00186944,0.00186944,0.00182011,0.00182011,0.00186944,0.0,0.00186944,0.0,0.001869
n2562,U2990/Y,NAND3X1,NOR3X1/C,1,0.00328822,0.00328822,0.00322576,0.00322576,0.00328822,0.0,0.00328822,0.0,0.003288
n2563,U2987/Y,NAND3X1,NOR3X1/B,1,0.003067,0.00306333,0.003067,0.00306333,0.003067,0.0,0.003067,0.0,0.003067
n2564,U2977/Y,NAND2X1,NOR3X1/A,1,0.00302113,0.00302113,0.00301081,0.00301081,0.00302113,0.0,0.00302113,0.0,0.003021
n257,U391/Y,NAND3X1,OR2X2/A,1,0.00230117,0.00229176,0.00230117,0.00229176,0.00230117,0.0,0.00230117,0.0,0.002301
n2579,U3008/Y,NAND2X1,AOI22X1/D,1,0.00290653,0.00290653,0.00282572,0.00282572,0.00290653,0.0,0.00290653,0.0,0.002907
n258,U386/Y,NAND3X1,OR2X2/B,1,0.00234214,0.00228252,0.00234214,0.00228252,0.00234214,0.0,0.00234214,0.0,0.002342
n2580,U3007/Y,NAND2X1,AOI22X1/C,1,0.00287763,0.00287763,0.00266968,0.00266968,0.00287763,0.0,0.00287763,0.0,0.002878
n2581,U3006/Y,NAND2X1,AOI22X1/B,1,0.00276444,0.00276444,0.00272615,0.00272615,0.00276444,0.0,0.00276444,0.0,0.002764
n2582,U3005/Y,NAND2X1,AOI22X1/A,1,0.00281659,0.00281659,0.00265821,0.00265821,0.00281659,0.0,0.00281659,0.0,0.002817
n2583,U3009/Y,AOI22X1,NAND3X1/C,1,0.00296109,0.00296109,0.0028316,0.0028316,0.00296109,0.0,0.00296109,0.0,0.002961
n2589,U3013/Y,NAND3X1,NOR3X1/C,1,0.00328822,0.00328822,0.00322576,0.00322576,0.00328822,0.0,0.00328822,0.0,0.003288
n259,U390/Y,AOI22X1,NAND3X1/A,1,0.00254759,0.00254759,0.00220852,0.00220852,0.00254759,0.0,0.00254759,0.0,0.002548
n2590,U3010/Y,NAND3X1,NOR3X1/B,1,0.003067,0.00306333,0.003067,0.00306333,0.003067,0.0,0.003067,0.0,0.003067
n2591,U3002/Y,NAND2X1,NOR3X1/A,1,0.00302113,0.00302113,0.00301081,0.00301081,0.00302113,0.0,0.00302113,0.0,0.003021
n260,U389/Y,AOI22X1,NAND3X1/B,1,0.00283213,0.00283213,0.00259978,0.00259978,0.00283213,0.0,0.00283213,0.0,0.002832
n2605,U3030/Y,NAND2X1,NAND2X1/A;NAND2X1/B,2,0.00413806,0.00413806,0.00382856,0.00382856,0.00413806,0.0,0.00413806,0.0,0.004138
n2606,U3032/Y,NAND2X1,AOI22X1/D,1,0.00290653,0.00290653,0.00282572,0.00282572,0.00290653,0.0,0.00290653,0.0,0.002907
n2607,U3031/Y,NAND2X1,AOI22X1/C,1,0.00287763,0.00287763,0.00266968,0.00266968,0.00287763,0.0,0.00287763,0.0,0.002878
n2608,U3029/Y,NAND2X1,AOI22X1/B,1,0.00276444,0.00276444,0.00272615,0.00272615,0.00276444,0.0,0.00276444,0.0,0.002764
n2609,U3028/Y,NAND2X1,AOI22X1/A,1,0.00281659,0.00281659,0.00265821,0.00265821,0.00281659,0.0,0.00281659,0.0,0.002817
n2610,U3033/Y,AOI22X1,NAND3X1/C,1,0.00296109,0.00296109,0.0028316,0.0028316,0.00296109,0.0,0.00296109,0.0,0.002961
n2616,U3037/Y,NAND3X1,NOR3X1/C,1,0.00328822,0.00328822,0.00322576,0.00322576,0.00328822,0.0,0.00328822,0.0,0.003288
n2617,U3034/Y,NAND3X1,NOR3X1/B,1,0.003067,0.00306333,0.003067,0.00306333,0.003067,0.0,0.003067,0.0,0.003067
n2618,U3025/Y,NAND2X1,NOR3X1/A,1,0.00302113,0.00302113,0.00301081,0.00301081,0.00302113,0.0,0.00302113,0.0,0.003021
n262,U388/Y,AOI22X1,AND2X2/A,1,0.00179784,0.00179784,0.00176278,0.00176278,0.00179784,0.0,0.00179784,0.0,0.001798
n263,U387/Y,AOI22X1,AND2X2/B,1,0.00186944,0.00186944,0.00182011,0.00182011,0.00186944,0.0,0.00186944,0.0,0.001869
n2632,U3055/Y,NAND2X1,NAND2X1/A;NAND2X1/B,2,0.00413806,0.00413806,0.00382856,0.00382856,0.00413806,0.0,0.00413806,0.0,0.004138
n2633,U3057/Y,NAND2X1,AOI22X1/D,1,0.00290653,0.00290653,0.00282572,0.00282572,0.00290653,0.0,0.00290653,0.0,0.002907
n2634,U3056/Y,NAND2X1,AOI22X1/C,1,0.00287763,0.00287763,0.00266968,0.00266968,0.00287763,0.0,0.00287763,0.0,0.002878
n2635,U3054/Y,NAND2X1,AOI22X1/B,1,0.00276444,0.00276444,0.00272615,0.00272615,0.00276444,0.0,0.00276444,0.0,0.002764
n2636,U3053/Y,NAND2X1,AOI22X1/A,1,0.00281659,0.00281659,0.00265821,0.00265821,0.00281659,0.0,0.00281659,0.0,0.002817
n2637,U3058/Y,AOI22X1,NAND3X1/C,1,0.00296109,0.00296109,0.0028316,0.0028316,0.00296109,0.0,0.00296109,0.0,0.002961
n264,U395/Y,AOI22X1,NAND3X1/A,1,0.00254759,0.00254759,0.00220852,0.00220852,0.00254759,0.0,0.00254759,0.0,0.002548
n2643,U3062/Y,NAND3X1,NOR3X1/C,1,0.00328822,0.00328822,0.00322576,0.00322576,0.00328822,0.0,0.00328822,0.0,0.003288
n2644,U3059/Y,NAND3X1,NOR3X1/B,1,0.003067,0.00306333,0.003067,0.00306333,0.003067,0.0,0.003067,0.0,0.003067
n2645,U3049/Y,NAND2X1,NOR3X1/A,1,0.00302113,0.00302113,0.00301081,0.00301081,0.00302113,0.0,0.00302113,0.0,0.003021
n265,U394/Y,AOI22X1,NAND3X1/B,1,0.00283213,0.00283213,0.00259978,0.00259978,0.00283213,0.0,0.00283213,0.0,0.002832
n2659,U3080/Y,NAND2X1,NAND2X1/A;NAND2X1/B,2,0.00413806,0.00413806,0.00382856,0.00382856,0.00413806,0.0,0.00413806,0.0,0.004138
n2660,U3082/Y,NAND2X1,AOI22X1/D,1,0.00290653,0.00290653,0.00282572,0.00282572,0.00290653,0.0,0.00290653,0.0,0.002907
n2661,U3081/Y,NAND2X1,AOI22X1/C,1,0.00287763,0.00287763,0.00266968,0.00266968,0.00287763,0.0,0.00287763,0.0,0.002878
n2662,U3079/Y,NAND2X1,AOI22X1/B,1,0.00276444,0.00276444,0.00272615,0.00272615,0.00276444,0.0,0.00276444,0.0,0.002764
n2663,U3078/Y,NAND2X1,AOI22X1/A,1,0.00281659,0.00281659,0.00265821,0.00265821,0.00281659,0.0,0.00281659,0.0,0.002817
n2664,U3083/Y,AOI22X1,NAND3X1/C,1,0.00296109,0.00296109,0.0028316,0.0028316,0.00296109,0.0,0.00296109,0.0,0.002961
n267,U393/Y,AOI22X1,AND2X2/A,1,0.00179784,0.00179784,0.00176278,0.00176278,0.00179784,0.0,0.00179784,0.0,0.001798
n2670,U3087/Y,NAND3X1,NOR3X1/C,1,0.00328822,0.00328822,0.00322576,0.00322576,0.00328822,0.0,0.00328822,0.0,0.003288
n2671,U3084/Y,NAND3X1,NOR3X1/B,1,0.003067,0.00306333,0.003067,0.00306333,0.003067,0.0,0.003067,0.0,0.003067
n2672,U3074/Y,NAND2X1,NOR3X1/A,1,0.00302113,0.00302113,0.00301081,0.00301081,0.00302113,0.0,0.00302113,0.0,0.003021
n268,U392/Y,AOI22X1,AND2X2/B,1,0.00186944,0.00186944,0.00182011,0.00182011,0.00186944,0.0,0.00186944,0.0,0.001869
n2686,U3105/Y,NAND2X1,NAND2X1/A;NAND2X1/B,2,0.00413806,0.00413806,0.00382856,0.00382856,0.00413806,0.0,0.00413806,0.0,0.004138
n2687,U3107/Y,NAND2X1,AOI22X1/D,1,0.00290653,0.00290653,0.00282572,0.00282572,0.00290653,0.0,0.00290653,0.0,0.002907
n2688,U3106/Y,NAND2X1,AOI22X1/C,1,0.00287763,0.00287763,0.00266968,0.00266968,0.00287763,0.0,0.00287763,0.0,0.002878
n2689,U3104/Y,NAND2X1,AOI22X1/B,1,0.00276444,0.00276444,0.00272615,0.00272615,0.00276444,0.0,0.00276444,0.0,0.002764
n269,U401/Y,NAND3X1,OR2X2/A,1,0.00230117,0.00229176,0.00230117,0.00229176,0.00230117,0.0,0.00230117,0.0,0.002301
n2690,U3103/Y,NAND2X1,AOI22X1/A,1,0.00281659,0.00281659,0.00265821,0.00265821,0.00281659,0.0,0.00281659,0.0,0.002817
n2691,U3108/Y,AOI22X1,NAND3X1/C,1,0.00296109,0.00296109,0.0028316,0.0028316,0.00296109,0.0,0.00296109,0.0,0.002961
n2697,U3112/Y,NAND3X1,NOR3X1/C,1,0.00328822,0.00328822,0.00322576,0.00322576,0.00328822,0.0,0.00328822,0.0,0.003288
n2698,U3109/Y,NAND3X1,NOR3X1/B,1,0.003067,0.00306333,0.003067,0.00306333,0.003067,0.0,0.003067,0.0,0.003067
n2699,U3099/Y,NAND2X1,NOR3X1/A,1,0.00302113,0.00302113,0.00301081,0.00301081,0.00302113,0.0,0.00302113,0.0,0.003021
n270,U396/Y,NAND3X1,OR2X2/B,1,0.00234214,0.00228252,0.00234214,0.00228252,0.00234214,0.0,0.00234214,0.0,0.002342
n271,U400/Y,AOI22X1,NAND3X1/A,1,0.00254759,0.00254759,0.00220852,0.00220852,0.00254759,0.0,0.00254759,0.0,0.002548
n2713,U3130/Y,NAND2X1,NAND2X1/A;NAND2X1/B,2,0.00413806,0.00413806,0.00382856,0.00382856,0.00413806,0.0,0.00413806,0.0,0.004138
n2714,U3132/Y,NAND2X1,AOI22X1/D,1,0.00290653,0.00290653,0.00282572,0.00282572,0.00290653,0.0,0.00290653,0.0,0.002907
n2715,U3131/Y,NAND2X1,AOI22X1/C,1,0.00287763,0.00287763,0.00266968,0.00266968,0.00287763,0.0,0.00287763,0.0,0.002878
n2716,U3129/Y,NAND2X1,AOI22X1/B,1,0.00276444,0.00276444,0.00272615,0.00272615,0.00276444,0.0,0.00276444,0.0,0.002764
n2717,U3128/Y,NAND2X1,AOI22X1/A,1,0.00281659,0.00281659,0.00265821,0.00265821,0.00281659,0.0,0.00281659,0.0,0.002817
n2718,U3133/Y,AOI22X1,NAND3X1/C,1,0.00296109,0.00296109,0.0028316,0.0028316,0.00296109,0.0,0.00296109,0.0,0.002961
n272,U399/Y,AOI22X1,NAND3X1/B,1,0.00283213,0.00283213,0.00259978,0.00259978,0.00283213,0.0,0.00283213,0.0,0.002832
n2724,U3137/Y,NAND3X1,NOR3X1/C,1,0.00328822,0.00328822,0.00322576,0.00322576,0.00328822,0.0,0.00328822,0.0,0.003288
n2725,U3134/Y,NAND3X1,NOR3X1/B,1,0.003067,0.00306333,0.003067,0.00306333,0.003067,0.0,0.003067,0.0,0.003067
n2726,U3124/Y,NAND2X1,NOR3X1/A,1,0.00302113,0.00302113,0.00301081,0.00301081,0.00302113,0.0,0.00302113,0.0,0.003021
n274,U398/Y,AOI22X1,AND2X2/A,1,0.00179784,0.00179784,0.00176278,0.00176278,0.00179784,0.0,0.00179784,0.0,0.001798
n2740,U3155/Y,NAND2X1,NAND2X1/A;NAND2X1/B,2,0.00413806,0.00413806,0.00382856,0.00382856,0.00413806,0.0,0.00413806,0.0,0.004138
n2741,U3157/Y,NAND2X1,AOI22X1/D,1,0.00290653,0.00290653,0.00282572,0.00282572,0.00290653,0.0,0.00290653,0.0,0.002907
n2742,U3156/Y,NAND2X1,AOI22X1/C,1,0.00287763,0.00287763,0.00266968,0.00266968,0.00287763,0.0,0.00287763,0.0,0.002878
n2743,U3154/Y,NAND2X1,AOI22X1/B,1,0.00276444,0.00276444,0.00272615,0.00272615,0.00276444,0.0,0.00276444,0.0,0.002764
n2744,U3153/Y,NAND2X1,AOI22X1/A,1,0.00281659,0.00281659,0.00265821,0.00265821,0.00281659,0.0,0.00281659,0.0,0.002817
n2745,U3158/Y,AOI22X1,NAND3X1/C,1,0.00296109,0.00296109,0.0028316,0.0028316,0.00296109,0.0,0.00296109,0.0,0.002961
n275,U397/Y,AOI22X1,AND2X2/B,1,0.00186944,0.00186944,0.00182011,0.00182011,0.00186944,0.0,0.00186944,0.0,0.001869
n2751,U3162/Y,NAND3X1,NOR3X1/C,1,0.00328822,0.00328822,0.00322576,0.00322576,0.00328822,0.0,0.00328822,0.0,0.003288
n2752,U3159/Y,NAND3X1,NOR3X1/B,1,0.003067,0.00306333,0.003067,0.00306333,0.003067,0.0,0.003067,0.0,0.003067
n2753,U3149/Y,NAND2X1,NOR3X1/A,1,0.00302113,0.00302113,0.00301081,0.00301081,0.00302113,0.0,0.00302113,0.0,0.003021
n276,U405/Y,AOI22X1,NAND3X1/A,1,0.00254759,0.00254759,0.00220852,0.00220852,0.00254759,0.0,0.00254759,0.0,0.002548
n2767,U3180/Y,NAND2X1,NAND2X1/A;NAND2X1/B,2,0.00413806,0.00413806,0.00382856,0.00382856,0.00413806,0.0,0.00413806,0.0,0.004138
n2768,U3182/Y,NAND2X1,AOI22X1/D,1,0.00290653,0.00290653,0.00282572,0.00282572,0.00290653,0.0,0.00290653,0.0,0.002907
n2769,U3181/Y,NAND2X1,AOI22X1/C,1,0.00287763,0.00287763,0.00266968,0.00266968,0.00287763,0.0,0.00287763,0.0,0.002878
n277,U404/Y,AOI22X1,NAND3X1/B,1,0.00283213,0.00283213,0.00259978,0.00259978,0.00283213,0.0,0.00283213,0.0,0.002832
n2770,U3179/Y,NAND2X1,AOI22X1/B,1,0.00276444,0.00276444,0.00272615,0.00272615,0.00276444,0.0,0.00276444,0.0,0.002764
n2771,U3178/Y,NAND2X1,AOI22X1/A,1,0.00281659,0.00281659,0.00265821,0.00265821,0.00281659,0.0,0.00281659,0.0,0.002817
n2772,U3183/Y,AOI22X1,NAND3X1/C,1,0.00296109,0.00296109,0.0028316,0.0028316,0.00296109,0.0,0.00296109,0.0,0.002961
n2778,U3187/Y,NAND3X1,NOR3X1/C,1,0.00328822,0.00328822,0.00322576,0.00322576,0.00328822,0.0,0.00328822,0.0,0.003288
n2779,U3184/Y,NAND3X1,NOR3X1/B,1,0.003067,0.00306333,0.003067,0.00306333,0.003067,0.0,0.003067,0.0,0.003067
n2780,U3174/Y,NAND2X1,NOR3X1/A,1,0.00302113,0.00302113,0.00301081,0.00301081,0.00302113,0.0,0.00302113,0.0,0.003021
n279,U403/Y,AOI22X1,AND2X2/A,1,0.00179784,0.00179784,0.00176278,0.00176278,0.00179784,0.0,0.00179784,0.0,0.001798
n2794,U3205/Y,NAND2X1,NAND2X1/A;NAND2X1/B,2,0.00413806,0.00413806,0.00382856,0.00382856,0.00413806,0.0,0.00413806,0.0,0.004138
n2795,U3207/Y,NAND2X1,AOI22X1/D,1,0.00290653,0.00290653,0.00282572,0.00282572,0.00290653,0.0,0.00290653,0.0,0.002907
n2796,U3206/Y,NAND2X1,AOI22X1/C,1,0.00287763,0.00287763,0.00266968,0.00266968,0.00287763,0.0,0.00287763,0.0,0.002878
n2797,U3204/Y,NAND2X1,AOI22X1/B,1,0.00276444,0.00276444,0.00272615,0.00272615,0.00276444,0.0,0.00276444,0.0,0.002764
n2798,U3203/Y,NAND2X1,AOI22X1/A,1,0.00281659,0.00281659,0.00265821,0.00265821,0.00281659,0.0,0.00281659,0.0,0.002817
n2799,U3208/Y,AOI22X1,NAND3X1/C,1,0.00296109,0.00296109,0.0028316,0.0028316,0.00296109,0.0,0.00296109,0.0,0.002961
n280,U402/Y,AOI22X1,AND2X2/B,1,0.00186944,0.00186944,0.00182011,0.00182011,0.00186944,0.0,0.00186944,0.0,0.001869
n2805,U3212/Y,NAND3X1,NOR3X1/C,1,0.00328822,0.00328822,0.00322576,0.00322576,0.00328822,0.0,0.00328822,0.0,0.003288
n2806,U3209/Y,NAND3X1,NOR3X1/B,1,0.003067,0.00306333,0.003067,0.00306333,0.003067,0.0,0.003067,0.0,0.003067
n2807,U3199/Y,NAND2X1,NOR3X1/A,1,0.00302113,0.00302113,0.00301081,0.00301081,0.00302113,0.0,0.00302113,0.0,0.003021
n281,U411/Y,NAND3X1,OR2X2/A,1,0.00230117,0.00229176,0.00230117,0.00229176,0.00230117,0.0,0.00230117,0.0,0.002301
n282,U406/Y,NAND3X1,OR2X2/B,1,0.00234214,0.00228252,0.00234214,0.00228252,0.00234214,0.0,0.00234214,0.0,0.002342
n2821,U3230/Y,NAND2X1,NAND2X1/A;NAND2X1/B,2,0.00413806,0.00413806,0.00382856,0.00382856,0.00413806,0.0,0.00413806,0.0,0.004138
n2822,U3232/Y,NAND2X1,AOI22X1/D,1,0.00290653,0.00290653,0.00282572,0.00282572,0.00290653,0.0,0.00290653,0.0,0.002907
n2823,U3231/Y,NAND2X1,AOI22X1/C,1,0.00287763,0.00287763,0.00266968,0.00266968,0.00287763,0.0,0.00287763,0.0,0.002878
n2824,U3229/Y,NAND2X1,AOI22X1/B,1,0.00276444,0.00276444,0.00272615,0.00272615,0.00276444,0.0,0.00276444,0.0,0.002764
n2825,U3228/Y,NAND2X1,AOI22X1/A,1,0.00281659,0.00281659,0.00265821,0.00265821,0.00281659,0.0,0.00281659,0.0,0.002817
n2826,U3233/Y,AOI22X1,NAND3X1/C,1,0.00296109,0.00296109,0.0028316,0.0028316,0.00296109,0.0,0.00296109,0.0,0.002961
n283,U410/Y,AOI22X1,NAND3X1/A,1,0.00254759,0.00254759,0.00220852,0.00220852,0.00254759,0.0,0.00254759,0.0,0.002548
n2832,U3237/Y,NAND3X1,NOR3X1/C,1,0.00328822,0.00328822,0.00322576,0.00322576,0.00328822,0.0,0.00328822,0.0,0.003288
n2833,U3234/Y,NAND3X1,NOR3X1/B,1,0.003067,0.00306333,0.003067,0.00306333,0.003067,0.0,0.003067,0.0,0.003067
n2834,U3224/Y,NAND2X1,NOR3X1/A,1,0.00302113,0.00302113,0.00301081,0.00301081,0.00302113,0.0,0.00302113,0.0,0.003021
n284,U409/Y,AOI22X1,NAND3X1/B,1,0.00283213,0.00283213,0.00259978,0.00259978,0.00283213,0.0,0.00283213,0.0,0.002832
n2848,U3254/Y,NAND2X1,NAND2X1/A;NAND2X1/B,2,0.00413806,0.00413806,0.00382856,0.00382856,0.00413806,0.0,0.00413806,0.0,0.004138
n2849,U3256/Y,NAND2X1,AOI22X1/D,1,0.00290653,0.00290653,0.00282572,0.00282572,0.00290653,0.0,0.00290653,0.0,0.002907
n2850,U3255/Y,NAND2X1,AOI22X1/C,1,0.00287763,0.00287763,0.00266968,0.00266968,0.00287763,0.0,0.00287763,0.0,0.002878
n2851,U3253/Y,NAND2X1,AOI22X1/B,1,0.00276444,0.00276444,0.00272615,0.00272615,0.00276444,0.0,0.00276444,0.0,0.002764
n2852,U3252/Y,NAND2X1,AOI22X1/A,1,0.00281659,0.00281659,0.00265821,0.00265821,0.00281659,0.0,0.00281659,0.0,0.002817
n2853,U3257/Y,AOI22X1,NAND3X1/C,1,0.00296109,0.00296109,0.0028316,0.0028316,0.00296109,0.0,0.00296109,0.0,0.002961
n2859,U3261/Y,NAND3X1,NOR3X1/C,1,0.00328822,0.00328822,0.00322576,0.00322576,0.00328822,0.0,0.00328822,0.0,0.003288
n286,U408/Y,AOI22X1,AND2X2/A,1,0.00179784,0.00179784,0.00176278,0.00176278,0.00179784,0.0,0.00179784,0.0,0.001798
n2860,U3258/Y,NAND3X1,NOR3X1/B,1,0.003067,0.00306333,0.003067,0.00306333,0.003067,0.0,0.003067,0.0,0.003067
n2861,U3249/Y,NAND2X1,NOR3X1/A,1,0.00302113,0.00302113,0.00301081,0.00301081,0.00302113,0.0,0.00302113,0.0,0.003021
n287,U407/Y,AOI22X1,AND2X2/B,1,0.00186944,0.00186944,0.00182011,0.00182011,0.00186944,0.0,0.00186944,0.0,0.001869
n2875,U3279/Y,NAND2X1,NAND2X1/A;NAND2X1/B,2,0.00413806,0.00413806,0.00382856,0.00382856,0.00413806,0.0,0.00413806,0.0,0.004138
n2876,U3281/Y,NAND2X1,AOI22X1/D,1,0.00290653,0.00290653,0.00282572,0.00282572,0.00290653,0.0,0.00290653,0.0,0.002907
n2877,U3280/Y,NAND2X1,AOI22X1/C,1,0.00287763,0.00287763,0.00266968,0.00266968,0.00287763,0.0,0.00287763,0.0,0.002878
n2878,U3278/Y,NAND2X1,AOI22X1/B,1,0.00276444,0.00276444,0.00272615,0.00272615,0.00276444,0.0,0.00276444,0.0,0.002764
n2879,U3277/Y,NAND2X1,AOI22X1/A,1,0.00281659,0.00281659,0.00265821,0.00265821,0.00281659,0.0,0.00281659,0.0,0.002817
n288,U415/Y,AOI22X1,NAND3X1/A,1,0.00254759,0.00254759,0.00220852,0.00220852,0.00254759,0.0,0.00254759,0.0,0.002548
n2880,U3282/Y,AOI22X1,NAND3X1/C,1,0.00296109,0.00296109,0.0028316,0.0028316,0.00296109,0.0,0.00296109,0.0,0.002961
n2886,U3286/Y,NAND3X1,NOR3X1/C,1,0.00328822,0.00328822,0.00322576,0.00322576,0.00328822,0.0,0.00328822,0.0,0.003288
n2887,U3283/Y,NAND3X1,NOR3X1/B,1,0.003067,0.00306333,0.003067,0.00306333,0.003067,0.0,0.003067,0.0,0.003067
n2888,U3273/Y,NAND2X1,NOR3X1/A,1,0.00302113,0.00302113,0.00301081,0.00301081,0.00302113,0.0,0.00302113,0.0,0.003021
n289,U414/Y,AOI22X1,NAND3X1/B,1,0.00283213,0.00283213,0.00259978,0.00259978,0.00283213,0.0,0.00283213,0.0,0.002832
n2902,U3303/Y,NAND2X1,NAND2X1/A;NAND2X1/B,2,0.00413806,0.00413806,0.00382856,0.00382856,0.00413806,0.0,0.00413806,0.0,0.004138
n2903,U3305/Y,NAND2X1,AOI22X1/D,1,0.00290653,0.00290653,0.00282572,0.00282572,0.00290653,0.0,0.00290653,0.0,0.002907
n2904,U3304/Y,NAND2X1,AOI22X1/C,1,0.00287763,0.00287763,0.00266968,0.00266968,0.00287763,0.0,0.00287763,0.0,0.002878
n2905,U3302/Y,NAND2X1,AOI22X1/B,1,0.00276444,0.00276444,0.00272615,0.00272615,0.00276444,0.0,0.00276444,0.0,0.002764
n2906,U3301/Y,NAND2X1,AOI22X1/A,1,0.00281659,0.00281659,0.00265821,0.00265821,0.00281659,0.0,0.00281659,0.0,0.002817
n2907,U3306/Y,AOI22X1,NAND3X1/C,1,0.00296109,0.00296109,0.0028316,0.0028316,0.00296109,0.0,0.00296109,0.0,0.002961
n291,U413/Y,AOI22X1,AND2X2/A,1,0.00179784,0.00179784,0.00176278,0.00176278,0.00179784,0.0,0.00179784,0.0,0.001798
n2913,U3310/Y,NAND3X1,NOR3X1/C,1,0.00328822,0.00328822,0.00322576,0.00322576,0.00328822,0.0,0.00328822,0.0,0.003288
n2914,U3307/Y,NAND3X1,NOR3X1/B,1,0.003067,0.00306333,0.003067,0.00306333,0.003067,0.0,0.003067,0.0,0.003067
n2915,U3298/Y,NAND2X1,NOR3X1/A,1,0.00302113,0.00302113,0.00301081,0.00301081,0.00302113,0.0,0.00302113,0.0,0.003021
n292,U412/Y,AOI22X1,AND2X2/B,1,0.00186944,0.00186944,0.00182011,0.00182011,0.00186944,0.0,0.00186944,0.0,0.001869
n2929,U3327/Y,NAND2X1,NAND2X1/A;NAND2X1/B,2,0.00413806,0.00413806,0.00382856,0.00382856,0.00413806,0.0,0.00413806,0.0,0.004138
n293,U421/Y,NAND3X1,OR2X2/A,1,0.00230117,0.00229176,0.00230117,0.00229176,0.00230117,0.0,0.00230117,0.0,0.002301
n2930,U3329/Y,NAND2X1,AOI22X1/D,1,0.00290653,0.00290653,0.00282572,0.00282572,0.00290653,0.0,0.00290653,0.0,0.002907
n2931,U3328/Y,NAND2X1,AOI22X1/C,1,0.00287763,0.00287763,0.00266968,0.00266968,0.00287763,0.0,0.00287763,0.0,0.002878
n2932,U3326/Y,NAND2X1,AOI22X1/B,1,0.00276444,0.00276444,0.00272615,0.00272615,0.00276444,0.0,0.00276444,0.0,0.002764
n2933,U3325/Y,NAND2X1,AOI22X1/A,1,0.00281659,0.00281659,0.00265821,0.00265821,0.00281659,0.0,0.00281659,0.0,0.002817
n2934,U3330/Y,AOI22X1,NAND3X1/C,1,0.00296109,0.00296109,0.0028316,0.0028316,0.00296109,0.0,0.00296109,0.0,0.002961
n294,U416/Y,NAND3X1,OR2X2/B,1,0.00234214,0.00228252,0.00234214,0.00228252,0.00234214,0.0,0.00234214,0.0,0.002342
n2940,U3334/Y,NAND3X1,NOR3X1/C,1,0.00328822,0.00328822,0.00322576,0.00322576,0.00328822,0.0,0.00328822,0.0,0.003288
n2941,U3331/Y,NAND3X1,NOR3X1/B,1,0.003067,0.00306333,0.003067,0.00306333,0.003067,0.0,0.003067,0.0,0.003067
n2942,U3322/Y,NAND2X1,NOR3X1/A,1,0.00302113,0.00302113,0.00301081,0.00301081,0.00302113,0.0,0.00302113,0.0,0.003021
n295,U420/Y,AOI22X1,NAND3X1/A,1,0.00254759,0.00254759,0.00220852,0.00220852,0.00254759,0.0,0.00254759,0.0,0.002548
n2957,U3353/Y,NAND2X1,AOI22X1/D,1,0.00290653,0.00290653,0.00282572,0.00282572,0.00290653,0.0,0.00290653,0.0,0.002907
n2958,U3352/Y,NAND2X1,AOI22X1/C,1,0.00287763,0.00287763,0.00266968,0.00266968,0.00287763,0.0,0.00287763,0.0,0.002878
n2959,U3351/Y,NAND2X1,AOI22X1/B,1,0.00276444,0.00276444,0.00272615,0.00272615,0.00276444,0.0,0.00276444,0.0,0.002764
n296,U419/Y,AOI22X1,NAND3X1/B,1,0.00283213,0.00283213,0.00259978,0.00259978,0.00283213,0.0,0.00283213,0.0,0.002832
n2960,U3350/Y,NAND2X1,AOI22X1/A,1,0.00281659,0.00281659,0.00265821,0.00265821,0.00281659,0.0,0.00281659,0.0,0.002817
n2961,U3354/Y,AOI22X1,NAND3X1/C,1,0.00296109,0.00296109,0.0028316,0.0028316,0.00296109,0.0,0.00296109,0.0,0.002961
n2967,U3358/Y,NAND3X1,NOR3X1/C,1,0.00328822,0.00328822,0.00322576,0.00322576,0.00328822,0.0,0.00328822,0.0,0.003288
n2968,U3355/Y,NAND3X1,NOR3X1/B,1,0.003067,0.00306333,0.003067,0.00306333,0.003067,0.0,0.003067,0.0,0.003067
n2969,U3346/Y,NAND2X1,NOR3X1/A,1,0.00302113,0.00302113,0.00301081,0.00301081,0.00302113,0.0,0.00302113,0.0,0.003021
n298,U418/Y,AOI22X1,AND2X2/A,1,0.00179784,0.00179784,0.00176278,0.00176278,0.00179784,0.0,0.00179784,0.0,0.001798
n2984,U3377/Y,NAND2X1,AOI22X1/D,1,0.00290653,0.00290653,0.00282572,0.00282572,0.00290653,0.0,0.00290653,0.0,0.002907
n2985,U3376/Y,NAND2X1,AOI22X1/C,1,0.00287763,0.00287763,0.00266968,0.00266968,0.00287763,0.0,0.00287763,0.0,0.002878
n2986,U3375/Y,NAND2X1,AOI22X1/B,1,0.00276444,0.00276444,0.00272615,0.00272615,0.00276444,0.0,0.00276444,0.0,0.002764
n2987,U3374/Y,NAND2X1,AOI22X1/A,1,0.00281659,0.00281659,0.00265821,0.00265821,0.00281659,0.0,0.00281659,0.0,0.002817
n2988,U3378/Y,AOI22X1,NAND3X1/C,1,0.00296109,0.00296109,0.0028316,0.0028316,0.00296109,0.0,0.00296109,0.0,0.002961
n299,U417/Y,AOI22X1,AND2X2/B,1,0.00186944,0.00186944,0.00182011,0.00182011,0.00186944,0.0,0.00186944,0.0,0.001869
n2994,U3382/Y,NAND3X1,NOR3X1/C,1,0.00328822,0.00328822,0.00322576,0.00322576,0.00328822,0.0,0.00328822,0.0,0.003288
n2995,U3379/Y,NAND3X1,NOR3X1/B,1,0.003067,0.00306333,0.003067,0.00306333,0.003067,0.0,0.003067,0.0,0.003067
n2996,U3370/Y,NAND2X1,NOR3X1/A,1,0.00302113,0.00302113,0.00301081,0.00301081,0.00302113,0.0,0.00302113,0.0,0.003021
n300,U425/Y,AOI22X1,NAND3X1/A,1,0.00254759,0.00254759,0.00220852,0.00220852,0.00254759,0.0,0.00254759,0.0,0.002548
n301,U424/Y,AOI22X1,NAND3X1/B,1,0.00283213,0.00283213,0.00259978,0.00259978,0.00283213,0.0,0.00283213,0.0,0.002832
n3011,U3401/Y,NAND2X1,AOI22X1/D,1,0.00290653,0.00290653,0.00282572,0.00282572,0.00290653,0.0,0.00290653,0.0,0.002907
n3012,U3400/Y,NAND2X1,AOI22X1/C,1,0.00287763,0.00287763,0.00266968,0.00266968,0.00287763,0.0,0.00287763,0.0,0.002878
n3013,U3399/Y,NAND2X1,AOI22X1/B,1,0.00276444,0.00276444,0.00272615,0.00272615,0.00276444,0.0,0.00276444,0.0,0.002764
n3014,U3398/Y,NAND2X1,AOI22X1/A,1,0.00281659,0.00281659,0.00265821,0.00265821,0.00281659,0.0,0.00281659,0.0,0.002817
n3015,U3402/Y,AOI22X1,NAND3X1/C,1,0.00296109,0.00296109,0.0028316,0.0028316,0.00296109,0.0,0.00296109,0.0,0.002961
n3021,U3406/Y,NAND3X1,NOR3X1/C,1,0.00328822,0.00328822,0.00322576,0.00322576,0.00328822,0.0,0.00328822,0.0,0.003288
n3022,U3403/Y,NAND3X1,NOR3X1/B,1,0.003067,0.00306333,0.003067,0.00306333,0.003067,0.0,0.003067,0.0,0.003067
n3023,U3394/Y,NAND2X1,NOR3X1/A,1,0.00302113,0.00302113,0.00301081,0.00301081,0.00302113,0.0,0.00302113,0.0,0.003021
n303,U423/Y,AOI22X1,AND2X2/A,1,0.00179784,0.00179784,0.00176278,0.00176278,0.00179784,0.0,0.00179784,0.0,0.001798
n3038,U3425/Y,NAND2X1,AOI22X1/D,1,0.00290653,0.00290653,0.00282572,0.00282572,0.00290653,0.0,0.00290653,0.0,0.002907
n3039,U3424/Y,NAND2X1,AOI22X1/C,1,0.00287763,0.00287763,0.00266968,0.00266968,0.00287763,0.0,0.00287763,0.0,0.002878
n304,U422/Y,AOI22X1,AND2X2/B,1,0.00186944,0.00186944,0.00182011,0.00182011,0.00186944,0.0,0.00186944,0.0,0.001869
n3040,U3423/Y,NAND2X1,AOI22X1/B,1,0.00276444,0.00276444,0.00272615,0.00272615,0.00276444,0.0,0.00276444,0.0,0.002764
n3041,U3422/Y,NAND2X1,AOI22X1/A,1,0.00281659,0.00281659,0.00265821,0.00265821,0.00281659,0.0,0.00281659,0.0,0.002817
n3042,U3426/Y,AOI22X1,NAND3X1/C,1,0.00296109,0.00296109,0.0028316,0.0028316,0.00296109,0.0,0.00296109,0.0,0.002961
n3048,U3430/Y,NAND3X1,NOR3X1/C,1,0.00328822,0.00328822,0.00322576,0.00322576,0.00328822,0.0,0.00328822,0.0,0.003288
n3049,U3427/Y,NAND3X1,NOR3X1/B,1,0.003067,0.00306333,0.003067,0.00306333,0.003067,0.0,0.003067,0.0,0.003067
n305,U431/Y,NAND3X1,OR2X2/A,1,0.00230117,0.00229176,0.00230117,0.00229176,0.00230117,0.0,0.00230117,0.0,0.002301
n3050,U3418/Y,NAND2X1,NOR3X1/A,1,0.00302113,0.00302113,0.00301081,0.00301081,0.00302113,0.0,0.00302113,0.0,0.003021
n306,U426/Y,NAND3X1,OR2X2/B,1,0.00234214,0.00228252,0.00234214,0.00228252,0.00234214,0.0,0.00234214,0.0,0.002342
n3065,U3449/Y,NAND2X1,AOI22X1/D,1,0.00290653,0.00290653,0.00282572,0.00282572,0.00290653,0.0,0.00290653,0.0,0.002907
n3066,U3448/Y,NAND2X1,AOI22X1/C,1,0.00287763,0.00287763,0.00266968,0.00266968,0.00287763,0.0,0.00287763,0.0,0.002878
n3067,U3447/Y,NAND2X1,AOI22X1/B,1,0.00276444,0.00276444,0.00272615,0.00272615,0.00276444,0.0,0.00276444,0.0,0.002764
n3068,U3446/Y,NAND2X1,AOI22X1/A,1,0.00281659,0.00281659,0.00265821,0.00265821,0.00281659,0.0,0.00281659,0.0,0.002817
n3069,U3450/Y,AOI22X1,NAND3X1/C,1,0.00296109,0.00296109,0.0028316,0.0028316,0.00296109,0.0,0.00296109,0.0,0.002961
n307,U430/Y,AOI22X1,NAND3X1/A,1,0.00254759,0.00254759,0.00220852,0.00220852,0.00254759,0.0,0.00254759,0.0,0.002548
n3075,U3454/Y,NAND3X1,NOR3X1/C,1,0.00328822,0.00328822,0.00322576,0.00322576,0.00328822,0.0,0.00328822,0.0,0.003288
n3076,U3451/Y,NAND3X1,NOR3X1/B,1,0.003067,0.00306333,0.003067,0.00306333,0.003067,0.0,0.003067,0.0,0.003067
n3077,U3442/Y,NAND2X1,NOR3X1/A,1,0.00302113,0.00302113,0.00301081,0.00301081,0.00302113,0.0,0.00302113,0.0,0.003021
n308,U429/Y,AOI22X1,NAND3X1/B,1,0.00283213,0.00283213,0.00259978,0.00259978,0.00283213,0.0,0.00283213,0.0,0.002832
n3092,U3473/Y,NAND2X1,AOI22X1/D,1,0.00290653,0.00290653,0.00282572,0.00282572,0.00290653,0.0,0.00290653,0.0,0.002907
n3093,U3472/Y,NAND2X1,AOI22X1/C,1,0.00287763,0.00287763,0.00266968,0.00266968,0.00287763,0.0,0.00287763,0.0,0.002878
n3094,U3471/Y,NAND2X1,AOI22X1/B,1,0.00276444,0.00276444,0.00272615,0.00272615,0.00276444,0.0,0.00276444,0.0,0.002764
n3095,U3470/Y,NAND2X1,AOI22X1/A,1,0.00281659,0.00281659,0.00265821,0.00265821,0.00281659,0.0,0.00281659,0.0,0.002817
n3096,U3474/Y,AOI22X1,NAND3X1/C,1,0.00296109,0.00296109,0.0028316,0.0028316,0.00296109,0.0,0.00296109,0.0,0.002961
n310,U428/Y,AOI22X1,AND2X2/A,1,0.00179784,0.00179784,0.00176278,0.00176278,0.00179784,0.0,0.00179784,0.0,0.001798
n3102,U3478/Y,NAND3X1,NOR3X1/C,1,0.00328822,0.00328822,0.00322576,0.00322576,0.00328822,0.0,0.00328822,0.0,0.003288
n3103,U3475/Y,NAND3X1,NOR3X1/B,1,0.003067,0.00306333,0.003067,0.00306333,0.003067,0.0,0.003067,0.0,0.003067
n3104,U3466/Y,NAND2X1,NOR3X1/A,1,0.00302113,0.00302113,0.00301081,0.00301081,0.00302113,0.0,0.00302113,0.0,0.003021
n311,U427/Y,AOI22X1,AND2X2/B,1,0.00186944,0.00186944,0.00182011,0.00182011,0.00186944,0.0,0.00186944,0.0,0.001869
n3119,U3497/Y,NAND2X1,AOI22X1/D,1,0.00290653,0.00290653,0.00282572,0.00282572,0.00290653,0.0,0.00290653,0.0,0.002907
n312,U435/Y,AOI22X1,NAND3X1/A,1,0.00254759,0.00254759,0.00220852,0.00220852,0.00254759,0.0,0.00254759,0.0,0.002548
n3120,U3496/Y,NAND2X1,AOI22X1/C,1,0.00287763,0.00287763,0.00266968,0.00266968,0.00287763,0.0,0.00287763,0.0,0.002878
n3121,U3495/Y,NAND2X1,AOI22X1/B,1,0.00276444,0.00276444,0.00272615,0.00272615,0.00276444,0.0,0.00276444,0.0,0.002764
n3122,U3494/Y,NAND2X1,AOI22X1/A,1,0.00281659,0.00281659,0.00265821,0.00265821,0.00281659,0.0,0.00281659,0.0,0.002817
n3123,U3498/Y,AOI22X1,NAND3X1/C,1,0.00296109,0.00296109,0.0028316,0.0028316,0.00296109,0.0,0.00296109,0.0,0.002961
n3129,U3502/Y,NAND3X1,NOR3X1/C,1,0.00328822,0.00328822,0.00322576,0.00322576,0.00328822,0.0,0.00328822,0.0,0.003288
n313,U434/Y,AOI22X1,NAND3X1/B,1,0.00283213,0.00283213,0.00259978,0.00259978,0.00283213,0.0,0.00283213,0.0,0.002832
n3130,U3499/Y,NAND3X1,NOR3X1/B,1,0.003067,0.00306333,0.003067,0.00306333,0.003067,0.0,0.003067,0.0,0.003067
n3131,U3490/Y,NAND2X1,NOR3X1/A,1,0.00302113,0.00302113,0.00301081,0.00301081,0.00302113,0.0,0.00302113,0.0,0.003021
n3146,U3520/Y,NAND2X1,AOI22X1/D,1,0.00290653,0.00290653,0.00282572,0.00282572,0.00290653,0.0,0.00290653,0.0,0.002907
n3147,U3519/Y,NAND2X1,AOI22X1/C,1,0.00287763,0.00287763,0.00266968,0.00266968,0.00287763,0.0,0.00287763,0.0,0.002878
n3148,U3518/Y,NAND2X1,AOI22X1/B,1,0.00276444,0.00276444,0.00272615,0.00272615,0.00276444,0.0,0.00276444,0.0,0.002764
n3149,U3517/Y,NAND2X1,AOI22X1/A,1,0.00281659,0.00281659,0.00265821,0.00265821,0.00281659,0.0,0.00281659,0.0,0.002817
n315,U433/Y,AOI22X1,AND2X2/A,1,0.00179784,0.00179784,0.00176278,0.00176278,0.00179784,0.0,0.00179784,0.0,0.001798
n3150,U3521/Y,AOI22X1,NAND3X1/C,1,0.00296109,0.00296109,0.0028316,0.0028316,0.00296109,0.0,0.00296109,0.0,0.002961
n3156,U3525/Y,NAND3X1,NOR3X1/C,1,0.00328822,0.00328822,0.00322576,0.00322576,0.00328822,0.0,0.00328822,0.0,0.003288
n3157,U3522/Y,NAND3X1,NOR3X1/B,1,0.003067,0.00306333,0.003067,0.00306333,0.003067,0.0,0.003067,0.0,0.003067
n3158,U3514/Y,NAND2X1,NOR3X1/A,1,0.00302113,0.00302113,0.00301081,0.00301081,0.00302113,0.0,0.00302113,0.0,0.003021
n316,U432/Y,AOI22X1,AND2X2/B,1,0.00186944,0.00186944,0.00182011,0.00182011,0.00186944,0.0,0.00186944,0.0,0.001869
n317,U441/Y,NAND3X1,OR2X2/A,1,0.00230117,0.00229176,0.00230117,0.00229176,0.00230117,0.0,0.00230117,0.0,0.002301
n3173,U3544/Y,NAND2X1,AOI22X1/D,1,0.00290653,0.00290653,0.00282572,0.00282572,0.00290653,0.0,0.00290653,0.0,0.002907
n3174,U3543/Y,NAND2X1,AOI22X1/C,1,0.00287763,0.00287763,0.00266968,0.00266968,0.00287763,0.0,0.00287763,0.0,0.002878
n3175,U3542/Y,NAND2X1,AOI22X1/B,1,0.00276444,0.00276444,0.00272615,0.00272615,0.00276444,0.0,0.00276444,0.0,0.002764
n3176,U3541/Y,NAND2X1,AOI22X1/A,1,0.00281659,0.00281659,0.00265821,0.00265821,0.00281659,0.0,0.00281659,0.0,0.002817
n3177,U3545/Y,AOI22X1,NAND3X1/C,1,0.00296109,0.00296109,0.0028316,0.0028316,0.00296109,0.0,0.00296109,0.0,0.002961
n318,U436/Y,NAND3X1,OR2X2/B,1,0.00234214,0.00228252,0.00234214,0.00228252,0.00234214,0.0,0.00234214,0.0,0.002342
n3185,U3551/Y,NAND3X1,NOR3X1/C,1,0.00328822,0.00328822,0.00322576,0.00322576,0.00328822,0.0,0.00328822,0.0,0.003288
n3186,U3546/Y,NAND3X1,NOR3X1/B,1,0.003067,0.00306333,0.003067,0.00306333,0.003067,0.0,0.003067,0.0,0.003067
n3187,U3537/Y,NAND2X1,NOR3X1/A,1,0.00302113,0.00302113,0.00301081,0.00301081,0.00302113,0.0,0.00302113,0.0,0.003021
n319,U440/Y,AOI22X1,NAND3X1/A,1,0.00254759,0.00254759,0.00220852,0.00220852,0.00254759,0.0,0.00254759,0.0,0.002548
n320,U439/Y,AOI22X1,NAND3X1/B,1,0.00283213,0.00283213,0.00259978,0.00259978,0.00283213,0.0,0.00283213,0.0,0.002832
n3202,U3569/Y,NAND2X1,AOI22X1/D,1,0.00290653,0.00290653,0.00282572,0.00282572,0.00290653,0.0,0.00290653,0.0,0.002907
n3203,U3568/Y,NAND2X1,AOI22X1/C,1,0.00287763,0.00287763,0.00266968,0.00266968,0.00287763,0.0,0.00287763,0.0,0.002878
n3204,U3567/Y,NAND2X1,AOI22X1/B,1,0.00276444,0.00276444,0.00272615,0.00272615,0.00276444,0.0,0.00276444,0.0,0.002764
n3205,U3566/Y,NAND2X1,AOI22X1/A,1,0.00281659,0.00281659,0.00265821,0.00265821,0.00281659,0.0,0.00281659,0.0,0.002817
n3206,U3570/Y,AOI22X1,NAND3X1/C,1,0.00296109,0.00296109,0.0028316,0.0028316,0.00296109,0.0,0.00296109,0.0,0.002961
n3212,U3574/Y,NAND3X1,NOR3X1/C,1,0.00328822,0.00328822,0.00322576,0.00322576,0.00328822,0.0,0.00328822,0.0,0.003288
n3213,U3571/Y,NAND3X1,NOR3X1/B,1,0.003067,0.00306333,0.003067,0.00306333,0.003067,0.0,0.003067,0.0,0.003067
n3214,U3563/Y,NAND2X1,NOR3X1/A,1,0.00302113,0.00302113,0.00301081,0.00301081,0.00302113,0.0,0.00302113,0.0,0.003021
n322,U438/Y,AOI22X1,AND2X2/A,1,0.00179784,0.00179784,0.00176278,0.00176278,0.00179784,0.0,0.00179784,0.0,0.001798
n3229,U3592/Y,NAND2X1,AOI22X1/D,1,0.00290653,0.00290653,0.00282572,0.00282572,0.00290653,0.0,0.00290653,0.0,0.002907
n323,U437/Y,AOI22X1,AND2X2/B,1,0.00186944,0.00186944,0.00182011,0.00182011,0.00186944,0.0,0.00186944,0.0,0.001869
n3230,U3591/Y,NAND2X1,AOI22X1/C,1,0.00287763,0.00287763,0.00266968,0.00266968,0.00287763,0.0,0.00287763,0.0,0.002878
n3231,U3590/Y,NAND2X1,AOI22X1/B,1,0.00276444,0.00276444,0.00272615,0.00272615,0.00276444,0.0,0.00276444,0.0,0.002764
n3232,U3589/Y,NAND2X1,AOI22X1/A,1,0.00281659,0.00281659,0.00265821,0.00265821,0.00281659,0.0,0.00281659,0.0,0.002817
n3233,U3593/Y,AOI22X1,NAND3X1/C,1,0.00296109,0.00296109,0.0028316,0.0028316,0.00296109,0.0,0.00296109,0.0,0.002961
n3239,U3597/Y,NAND3X1,NOR3X1/C,1,0.00328822,0.00328822,0.00322576,0.00322576,0.00328822,0.0,0.00328822,0.0,0.003288
n324,U445/Y,AOI22X1,NAND3X1/A,1,0.00254759,0.00254759,0.00220852,0.00220852,0.00254759,0.0,0.00254759,0.0,0.002548
n3240,U3594/Y,NAND3X1,NOR3X1/B,1,0.003067,0.00306333,0.003067,0.00306333,0.003067,0.0,0.003067,0.0,0.003067
n3241,U3586/Y,NAND2X1,NOR3X1/A,1,0.00302113,0.00302113,0.00301081,0.00301081,0.00302113,0.0,0.00302113,0.0,0.003021
n325,U444/Y,AOI22X1,NAND3X1/B,1,0.00283213,0.00283213,0.00259978,0.00259978,0.00283213,0.0,0.00283213,0.0,0.002832
n3256,U3616/Y,NAND2X1,AOI22X1/D,1,0.00290653,0.00290653,0.00282572,0.00282572,0.00290653,0.0,0.00290653,0.0,0.002907
n3257,U3615/Y,NAND2X1,AOI22X1/C,1,0.00287763,0.00287763,0.00266968,0.00266968,0.00287763,0.0,0.00287763,0.0,0.002878
n3258,U3614/Y,NAND2X1,AOI22X1/B,1,0.00276444,0.00276444,0.00272615,0.00272615,0.00276444,0.0,0.00276444,0.0,0.002764
n3259,U3613/Y,NAND2X1,AOI22X1/A,1,0.00281659,0.00281659,0.00265821,0.00265821,0.00281659,0.0,0.00281659,0.0,0.002817
n3260,U3617/Y,AOI22X1,NAND3X1/C,1,0.00296109,0.00296109,0.0028316,0.0028316,0.00296109,0.0,0.00296109,0.0,0.002961
n3266,U3621/Y,NAND3X1,NOR3X1/C,1,0.00328822,0.00328822,0.00322576,0.00322576,0.00328822,0.0,0.00328822,0.0,0.003288
n3267,U3618/Y,NAND3X1,NOR3X1/B,1,0.003067,0.00306333,0.003067,0.00306333,0.003067,0.0,0.003067,0.0,0.003067
n3268,U3609/Y,NAND2X1,NOR3X1/A,1,0.00302113,0.00302113,0.00301081,0.00301081,0.00302113,0.0,0.00302113,0.0,0.003021
n327,U443/Y,AOI22X1,AND2X2/A,1,0.00179784,0.00179784,0.00176278,0.00176278,0.00179784,0.0,0.00179784,0.0,0.001798
n328,U442/Y,AOI22X1,AND2X2/B,1,0.00186944,0.00186944,0.00182011,0.00182011,0.00186944,0.0,0.00186944,0.0,0.001869
n3283,U3640/Y,NAND2X1,AOI22X1/D,1,0.00290653,0.00290653,0.00282572,0.00282572,0.00290653,0.0,0.00290653,0.0,0.002907
n3284,U3639/Y,NAND2X1,AOI22X1/C,1,0.00287763,0.00287763,0.00266968,0.00266968,0.00287763,0.0,0.00287763,0.0,0.002878
n3285,U3638/Y,NAND2X1,AOI22X1/B,1,0.00276444,0.00276444,0.00272615,0.00272615,0.00276444,0.0,0.00276444,0.0,0.002764
n3286,U3637/Y,NAND2X1,AOI22X1/A,1,0.00281659,0.00281659,0.00265821,0.00265821,0.00281659,0.0,0.00281659,0.0,0.002817
n3287,U3641/Y,AOI22X1,NAND3X1/C,1,0.00296109,0.00296109,0.0028316,0.0028316,0.00296109,0.0,0.00296109,0.0,0.002961
n329,U451/Y,NAND3X1,OR2X2/A,1,0.00230117,0.00229176,0.00230117,0.00229176,0.00230117,0.0,0.00230117,0.0,0.002301
n3293,U3645/Y,NAND3X1,NOR3X1/C,1,0.00328822,0.00328822,0.00322576,0.00322576,0.00328822,0.0,0.00328822,0.0,0.003288
n3294,U3642/Y,NAND3X1,NOR3X1/B,1,0.003067,0.00306333,0.003067,0.00306333,0.003067,0.0,0.003067,0.0,0.003067
n3295,U3633/Y,NAND2X1,NOR3X1/A,1,0.00302113,0.00302113,0.00301081,0.00301081,0.00302113,0.0,0.00302113,0.0,0.003021
n330,U446/Y,NAND3X1,OR2X2/B,1,0.00234214,0.00228252,0.00234214,0.00228252,0.00234214,0.0,0.00234214,0.0,0.002342
n331,U450/Y,AOI22X1,NAND3X1/A,1,0.00254759,0.00254759,0.00220852,0.00220852,0.00254759,0.0,0.00254759,0.0,0.002548
n3310,U3664/Y,NAND2X1,AOI22X1/D,1,0.00290653,0.00290653,0.00282572,0.00282572,0.00290653,0.0,0.00290653,0.0,0.002907
n3311,U3663/Y,NAND2X1,AOI22X1/C,1,0.00287763,0.00287763,0.00266968,0.00266968,0.00287763,0.0,0.00287763,0.0,0.002878
n3312,U3662/Y,NAND2X1,AOI22X1/B,1,0.00276444,0.00276444,0.00272615,0.00272615,0.00276444,0.0,0.00276444,0.0,0.002764
n3313,U3661/Y,NAND2X1,AOI22X1/A,1,0.00281659,0.00281659,0.00265821,0.00265821,0.00281659,0.0,0.00281659,0.0,0.002817
n3314,U3665/Y,AOI22X1,NAND3X1/C,1,0.00296109,0.00296109,0.0028316,0.0028316,0.00296109,0.0,0.00296109,0.0,0.002961
n332,U449/Y,AOI22X1,NAND3X1/B,1,0.00283213,0.00283213,0.00259978,0.00259978,0.00283213,0.0,0.00283213,0.0,0.002832
n3320,U3669/Y,NAND3X1,NOR3X1/C,1,0.00328822,0.00328822,0.00322576,0.00322576,0.00328822,0.0,0.00328822,0.0,0.003288
n3321,U3666/Y,NAND3X1,NOR3X1/B,1,0.003067,0.00306333,0.003067,0.00306333,0.003067,0.0,0.003067,0.0,0.003067
n3322,U3657/Y,NAND2X1,NOR3X1/A,1,0.00302113,0.00302113,0.00301081,0.00301081,0.00302113,0.0,0.00302113,0.0,0.003021
n3337,U3688/Y,NAND2X1,AOI22X1/D,1,0.00290653,0.00290653,0.00282572,0.00282572,0.00290653,0.0,0.00290653,0.0,0.002907
n3338,U3687/Y,NAND2X1,AOI22X1/C,1,0.00287763,0.00287763,0.00266968,0.00266968,0.00287763,0.0,0.00287763,0.0,0.002878
n3339,U3686/Y,NAND2X1,AOI22X1/B,1,0.00276444,0.00276444,0.00272615,0.00272615,0.00276444,0.0,0.00276444,0.0,0.002764
n334,U448/Y,AOI22X1,AND2X2/A,1,0.00179784,0.00179784,0.00176278,0.00176278,0.00179784,0.0,0.00179784,0.0,0.001798
n3340,U3685/Y,NAND2X1,AOI22X1/A,1,0.00281659,0.00281659,0.00265821,0.00265821,0.00281659,0.0,0.00281659,0.0,0.002817
n3341,U3689/Y,AOI22X1,NAND3X1/C,1,0.00296109,0.00296109,0.0028316,0.0028316,0.00296109,0.0,0.00296109,0.0,0.002961
n3347,U3693/Y,NAND3X1,NOR3X1/C,1,0.00328822,0.00328822,0.00322576,0.00322576,0.00328822,0.0,0.00328822,0.0,0.003288
n3348,U3690/Y,NAND3X1,NOR3X1/B,1,0.003067,0.00306333,0.003067,0.00306333,0.003067,0.0,0.003067,0.0,0.003067
n3349,U3681/Y,NAND2X1,NOR3X1/A,1,0.00302113,0.00302113,0.00301081,0.00301081,0.00302113,0.0,0.00302113,0.0,0.003021
n335,U447/Y,AOI22X1,AND2X2/B,1,0.00186944,0.00186944,0.00182011,0.00182011,0.00186944,0.0,0.00186944,0.0,0.001869
n336,U455/Y,AOI22X1,NAND3X1/A,1,0.00254759,0.00254759,0.00220852,0.00220852,0.00254759,0.0,0.00254759,0.0,0.002548
n3364,U3712/Y,NAND2X1,AOI22X1/D,1,0.00290653,0.00290653,0.00282572,0.00282572,0.00290653,0.0,0.00290653,0.0,0.002907
n3365,U3711/Y,NAND2X1,AOI22X1/C,1,0.00287763,0.00287763,0.00266968,0.00266968,0.00287763,0.0,0.00287763,0.0,0.002878
n3366,U3710/Y,NAND2X1,AOI22X1/B,1,0.00276444,0.00276444,0.00272615,0.00272615,0.00276444,0.0,0.00276444,0.0,0.002764
n3367,U3709/Y,NAND2X1,AOI22X1/A,1,0.00281659,0.00281659,0.00265821,0.00265821,0.00281659,0.0,0.00281659,0.0,0.002817
n3368,U3713/Y,AOI22X1,NAND3X1/C,1,0.00296109,0.00296109,0.0028316,0.0028316,0.00296109,0.0,0.00296109,0.0,0.002961
n337,U454/Y,AOI22X1,NAND3X1/B,1,0.00283213,0.00283213,0.00259978,0.00259978,0.00283213,0.0,0.00283213,0.0,0.002832
n3374,U3717/Y,NAND3X1,NOR3X1/C,1,0.00328822,0.00328822,0.00322576,0.00322576,0.00328822,0.0,0.00328822,0.0,0.003288
n3375,U3714/Y,NAND3X1,NOR3X1/B,1,0.003067,0.00306333,0.003067,0.00306333,0.003067,0.0,0.003067,0.0,0.003067
n3376,U3705/Y,NAND2X1,NOR3X1/A,1,0.00302113,0.00302113,0.00301081,0.00301081,0.00302113,0.0,0.00302113,0.0,0.003021
n339,U453/Y,AOI22X1,AND2X2/A,1,0.00179784,0.00179784,0.00176278,0.00176278,0.00179784,0.0,0.00179784,0.0,0.001798
n3391,U3736/Y,NAND2X1,AOI22X1/D,1,0.00290653,0.00290653,0.00282572,0.00282572,0.00290653,0.0,0.00290653,0.0,0.002907
n3392,U3735/Y,NAND2X1,AOI22X1/C,1,0.00287763,0.00287763,0.00266968,0.00266968,0.00287763,0.0,0.00287763,0.0,0.002878
n3393,U3734/Y,NAND2X1,AOI22X1/B,1,0.00276444,0.00276444,0.00272615,0.00272615,0.00276444,0.0,0.00276444,0.0,0.002764
n3394,U3733/Y,NAND2X1,AOI22X1/A,1,0.00281659,0.00281659,0.00265821,0.00265821,0.00281659,0.0,0.00281659,0.0,0.002817
n3395,U3737/Y,AOI22X1,NAND3X1/C,1,0.00296109,0.00296109,0.0028316,0.0028316,0.00296109,0.0,0.00296109,0.0,0.002961
n340,U452/Y,AOI22X1,AND2X2/B,1,0.00186944,0.00186944,0.00182011,0.00182011,0.00186944,0.0,0.00186944,0.0,0.001869
n3403,U3743/Y,NAND3X1,NOR3X1/C,1,0.00328822,0.00328822,0.00322576,0.00322576,0.00328822,0.0,0.00328822,0.0,0.003288
n3404,U3738/Y,NAND3X1,NOR3X1/B,1,0.003067,0.00306333,0.003067,0.00306333,0.003067,0.0,0.003067,0.0,0.003067
n3405,U3729/Y,NAND2X1,NOR3X1/A,1,0.00302113,0.00302113,0.00301081,0.00301081,0.00302113,0.0,0.00302113,0.0,0.003021
n341,U461/Y,NAND3X1,OR2X2/A,1,0.00230117,0.00229176,0.00230117,0.00229176,0.00230117,0.0,0.00230117,0.0,0.002301
n342,U456/Y,NAND3X1,OR2X2/B,1,0.00234214,0.00228252,0.00234214,0.00228252,0.00234214,0.0,0.00234214,0.0,0.002342
n3420,U3762/Y,NAND2X1,AOI22X1/D,1,0.00290653,0.00290653,0.00282572,0.00282572,0.00290653,0.0,0.00290653,0.0,0.002907
n3421,U3761/Y,NAND2X1,AOI22X1/C,1,0.00287763,0.00287763,0.00266968,0.00266968,0.00287763,0.0,0.00287763,0.0,0.002878
n3422,U3760/Y,NAND2X1,AOI22X1/B,1,0.00276444,0.00276444,0.00272615,0.00272615,0.00276444,0.0,0.00276444,0.0,0.002764
n3423,U3759/Y,NAND2X1,AOI22X1/A,1,0.00281659,0.00281659,0.00265821,0.00265821,0.00281659,0.0,0.00281659,0.0,0.002817
n3424,U3763/Y,AOI22X1,NAND3X1/C,1,0.00296109,0.00296109,0.0028316,0.0028316,0.00296109,0.0,0.00296109,0.0,0.002961
n343,U460/Y,AOI22X1,NAND3X1/A,1,0.00254759,0.00254759,0.00220852,0.00220852,0.00254759,0.0,0.00254759,0.0,0.002548
n3432,U3769/Y,NAND3X1,NOR3X1/C,1,0.00328822,0.00328822,0.00322576,0.00322576,0.00328822,0.0,0.00328822,0.0,0.003288
n3433,U3764/Y,NAND3X1,NOR3X1/B,1,0.003067,0.00306333,0.003067,0.00306333,0.003067,0.0,0.003067,0.0,0.003067
n3434,U3755/Y,NAND2X1,NOR3X1/A,1,0.00302113,0.00302113,0.00301081,0.00301081,0.00302113,0.0,0.00302113,0.0,0.003021
n344,U459/Y,AOI22X1,NAND3X1/B,1,0.00283213,0.00283213,0.00259978,0.00259978,0.00283213,0.0,0.00283213,0.0,0.002832
n3449,U3788/Y,NAND2X1,AOI22X1/D,1,0.00290653,0.00290653,0.00282572,0.00282572,0.00290653,0.0,0.00290653,0.0,0.002907
n3450,U3787/Y,NAND2X1,AOI22X1/C,1,0.00287763,0.00287763,0.00266968,0.00266968,0.00287763,0.0,0.00287763,0.0,0.002878
n3451,U3786/Y,NAND2X1,AOI22X1/B,1,0.00276444,0.00276444,0.00272615,0.00272615,0.00276444,0.0,0.00276444,0.0,0.002764
n3452,U3785/Y,NAND2X1,AOI22X1/A,1,0.00281659,0.00281659,0.00265821,0.00265821,0.00281659,0.0,0.00281659,0.0,0.002817
n3453,U3789/Y,AOI22X1,NAND3X1/C,1,0.00296109,0.00296109,0.0028316,0.0028316,0.00296109,0.0,0.00296109,0.0,0.002961
n3459,U3793/Y,NAND3X1,NOR3X1/C,1,0.00328822,0.00328822,0.00322576,0.00322576,0.00328822,0.0,0.00328822,0.0,0.003288
n346,U458/Y,AOI22X1,AND2X2/A,1,0.00179784,0.00179784,0.00176278,0.00176278,0.00179784,0.0,0.00179784,0.0,0.001798
n3460,U3790/Y,NAND3X1,NOR3X1/B,1,0.003067,0.00306333,0.003067,0.00306333,0.003067,0.0,0.003067,0.0,0.003067
n3461,U3781/Y,NAND2X1,NOR3X1/A,1,0.00302113,0.00302113,0.00301081,0.00301081,0.00302113,0.0,0.00302113,0.0,0.003021
n347,U457/Y,AOI22X1,AND2X2/B,1,0.00186944,0.00186944,0.00182011,0.00182011,0.00186944,0.0,0.00186944,0.0,0.001869
n3476,U3812/Y,NAND2X1,AOI22X1/D,1,0.00290653,0.00290653,0.00282572,0.00282572,0.00290653,0.0,0.00290653,0.0,0.002907
n3477,U3811/Y,NAND2X1,AOI22X1/C,1,0.00287763,0.00287763,0.00266968,0.00266968,0.00287763,0.0,0.00287763,0.0,0.002878
n3478,U3810/Y,NAND2X1,AOI22X1/B,1,0.00276444,0.00276444,0.00272615,0.00272615,0.00276444,0.0,0.00276444,0.0,0.002764
n3479,U3809/Y,NAND2X1,AOI22X1/A,1,0.00281659,0.00281659,0.00265821,0.00265821,0.00281659,0.0,0.00281659,0.0,0.002817
n348,U465/Y,AOI22X1,NAND3X1/A,1,0.00254759,0.00254759,0.00220852,0.00220852,0.00254759,0.0,0.00254759,0.0,0.002548
n3480,U3813/Y,AOI22X1,NAND3X1/C,1,0.00296109,0.00296109,0.0028316,0.0028316,0.00296109,0.0,0.00296109,0.0,0.002961
n3486,U3817/Y,NAND3X1,NOR3X1/C,1,0.00328822,0.00328822,0.00322576,0.00322576,0.00328822,0.0,0.00328822,0.0,0.003288
n3487,U3814/Y,NAND3X1,NOR3X1/B,1,0.003067,0.00306333,0.003067,0.00306333,0.003067,0.0,0.003067,0.0,0.003067
n3488,U3805/Y,NAND2X1,NOR3X1/A,1,0.00302113,0.00302113,0.00301081,0.00301081,0.00302113,0.0,0.00302113,0.0,0.003021
n349,U464/Y,AOI22X1,NAND3X1/B,1,0.00283213,0.00283213,0.00259978,0.00259978,0.00283213,0.0,0.00283213,0.0,0.002832
n3503,U3835/Y,NAND2X1,AOI22X1/D,1,0.00290653,0.00290653,0.00282572,0.00282572,0.00290653,0.0,0.00290653,0.0,0.002907
n3504,U3834/Y,NAND2X1,AOI22X1/C,1,0.00287763,0.00287763,0.00266968,0.00266968,0.00287763,0.0,0.00287763,0.0,0.002878
n3505,U3833/Y,NAND2X1,AOI22X1/B,1,0.00276444,0.00276444,0.00272615,0.00272615,0.00276444,0.0,0.00276444,0.0,0.002764
n3506,U3832/Y,NAND2X1,AOI22X1/A,1,0.00281659,0.00281659,0.00265821,0.00265821,0.00281659,0.0,0.00281659,0.0,0.002817
n3507,U3836/Y,AOI22X1,NAND3X1/C,1,0.00296109,0.00296109,0.0028316,0.0028316,0.00296109,0.0,0.00296109,0.0,0.002961
n351,U463/Y,AOI22X1,AND2X2/A,1,0.00179784,0.00179784,0.00176278,0.00176278,0.00179784,0.0,0.00179784,0.0,0.001798
n3513,U3840/Y,NAND3X1,NOR3X1/C,1,0.00328822,0.00328822,0.00322576,0.00322576,0.00328822,0.0,0.00328822,0.0,0.003288
n3514,U3837/Y,NAND3X1,NOR3X1/B,1,0.003067,0.00306333,0.003067,0.00306333,0.003067,0.0,0.003067,0.0,0.003067
n3515,U3829/Y,NAND2X1,NOR3X1/A,1,0.00302113,0.00302113,0.00301081,0.00301081,0.00302113,0.0,0.00302113,0.0,0.003021
n352,U462/Y,AOI22X1,AND2X2/B,1,0.00186944,0.00186944,0.00182011,0.00182011,0.00186944,0.0,0.00186944,0.0,0.001869
n353,U471/Y,NAND3X1,OR2X2/A,1,0.00230117,0.00229176,0.00230117,0.00229176,0.00230117,0.0,0.00230117,0.0,0.002301
n3530,U3859/Y,NAND2X1,AOI22X1/D,1,0.00290653,0.00290653,0.00282572,0.00282572,0.00290653,0.0,0.00290653,0.0,0.002907
n3531,U3858/Y,NAND2X1,AOI22X1/C,1,0.00287763,0.00287763,0.00266968,0.00266968,0.00287763,0.0,0.00287763,0.0,0.002878
n3532,U3857/Y,NAND2X1,AOI22X1/B,1,0.00276444,0.00276444,0.00272615,0.00272615,0.00276444,0.0,0.00276444,0.0,0.002764
n3533,U3856/Y,NAND2X1,AOI22X1/A,1,0.00281659,0.00281659,0.00265821,0.00265821,0.00281659,0.0,0.00281659,0.0,0.002817
n3534,U3860/Y,AOI22X1,NAND3X1/C,1,0.00296109,0.00296109,0.0028316,0.0028316,0.00296109,0.0,0.00296109,0.0,0.002961
n354,U466/Y,NAND3X1,OR2X2/B,1,0.00234214,0.00228252,0.00234214,0.00228252,0.00234214,0.0,0.00234214,0.0,0.002342
n3540,U3864/Y,NAND3X1,NOR3X1/C,1,0.00328822,0.00328822,0.00322576,0.00322576,0.00328822,0.0,0.00328822,0.0,0.003288
n3541,U3861/Y,NAND3X1,NOR3X1/B,1,0.003067,0.00306333,0.003067,0.00306333,0.003067,0.0,0.003067,0.0,0.003067
n3542,U3852/Y,NAND2X1,NOR3X1/A,1,0.00302113,0.00302113,0.00301081,0.00301081,0.00302113,0.0,0.00302113,0.0,0.003021
n355,U470/Y,AOI22X1,NAND3X1/A,1,0.00254759,0.00254759,0.00220852,0.00220852,0.00254759,0.0,0.00254759,0.0,0.002548
n3557,U3883/Y,NAND2X1,AOI22X1/D,1,0.00290653,0.00290653,0.00282572,0.00282572,0.00290653,0.0,0.00290653,0.0,0.002907
n3558,U3882/Y,NAND2X1,AOI22X1/C,1,0.00287763,0.00287763,0.00266968,0.00266968,0.00287763,0.0,0.00287763,0.0,0.002878
n3559,U3881/Y,NAND2X1,AOI22X1/B,1,0.00276444,0.00276444,0.00272615,0.00272615,0.00276444,0.0,0.00276444,0.0,0.002764
n356,U469/Y,AOI22X1,NAND3X1/B,1,0.00283213,0.00283213,0.00259978,0.00259978,0.00283213,0.0,0.00283213,0.0,0.002832
n3560,U3880/Y,NAND2X1,AOI22X1/A,1,0.00281659,0.00281659,0.00265821,0.00265821,0.00281659,0.0,0.00281659,0.0,0.002817
n3561,U3884/Y,AOI22X1,NAND3X1/C,1,0.00296109,0.00296109,0.0028316,0.0028316,0.00296109,0.0,0.00296109,0.0,0.002961
n3567,U3888/Y,NAND3X1,NOR3X1/C,1,0.00328822,0.00328822,0.00322576,0.00322576,0.00328822,0.0,0.00328822,0.0,0.003288
n3568,U3885/Y,NAND3X1,NOR3X1/B,1,0.003067,0.00306333,0.003067,0.00306333,0.003067,0.0,0.003067,0.0,0.003067
n3569,U3876/Y,NAND2X1,NOR3X1/A,1,0.00302113,0.00302113,0.00301081,0.00301081,0.00302113,0.0,0.00302113,0.0,0.003021
n358,U468/Y,AOI22X1,AND2X2/A,1,0.00179784,0.00179784,0.00176278,0.00176278,0.00179784,0.0,0.00179784,0.0,0.001798
n3584,U3907/Y,NAND2X1,AOI22X1/D,1,0.00290653,0.00290653,0.00282572,0.00282572,0.00290653,0.0,0.00290653,0.0,0.002907
n3585,U3906/Y,NAND2X1,AOI22X1/C,1,0.00287763,0.00287763,0.00266968,0.00266968,0.00287763,0.0,0.00287763,0.0,0.002878
n3586,U3905/Y,NAND2X1,AOI22X1/B,1,0.00276444,0.00276444,0.00272615,0.00272615,0.00276444,0.0,0.00276444,0.0,0.002764
n3587,U3904/Y,NAND2X1,AOI22X1/A,1,0.00281659,0.00281659,0.00265821,0.00265821,0.00281659,0.0,0.00281659,0.0,0.002817
n3588,U3908/Y,AOI22X1,NAND3X1/C,1,0.00296109,0.00296109,0.0028316,0.0028316,0.00296109,0.0,0.00296109,0.0,0.002961
n359,U467/Y,AOI22X1,AND2X2/B,1,0.00186944,0.00186944,0.00182011,0.00182011,0.00186944,0.0,0.00186944,0.0,0.001869
n3594,U3912/Y,NAND3X1,NOR3X1/C,1,0.00328822,0.00328822,0.00322576,0.00322576,0.00328822,0.0,0.00328822,0.0,0.003288
n3595,U3909/Y,NAND3X1,NOR3X1/B,1,0.003067,0.00306333,0.003067,0.00306333,0.003067,0.0,0.003067,0.0,0.003067
n3596,U3900/Y,NAND2X1,NOR3X1/A,1,0.00302113,0.00302113,0.00301081,0.00301081,0.00302113,0.0,0.00302113,0.0,0.003021
n360,U475/Y,AOI22X1,NAND3X1/A,1,0.00254759,0.00254759,0.00220852,0.00220852,0.00254759,0.0,0.00254759,0.0,0.002548
n361,U474/Y,AOI22X1,NAND3X1/B,1,0.00283213,0.00283213,0.00259978,0.00259978,0.00283213,0.0,0.00283213,0.0,0.002832
n3611,U3931/Y,NAND2X1,AOI22X1/D,1,0.00290653,0.00290653,0.00282572,0.00282572,0.00290653,0.0,0.00290653,0.0,0.002907
n3612,U3930/Y,NAND2X1,AOI22X1/C,1,0.00287763,0.00287763,0.00266968,0.00266968,0.00287763,0.0,0.00287763,0.0,0.002878
n3613,U3929/Y,NAND2X1,AOI22X1/B,1,0.00276444,0.00276444,0.00272615,0.00272615,0.00276444,0.0,0.00276444,0.0,0.002764
n3614,U3928/Y,NAND2X1,AOI22X1/A,1,0.00281659,0.00281659,0.00265821,0.00265821,0.00281659,0.0,0.00281659,0.0,0.002817
n3615,U3932/Y,AOI22X1,NAND3X1/C,1,0.00296109,0.00296109,0.0028316,0.0028316,0.00296109,0.0,0.00296109,0.0,0.002961
n3621,U3936/Y,NAND3X1,NOR3X1/C,1,0.00328822,0.00328822,0.00322576,0.00322576,0.00328822,0.0,0.00328822,0.0,0.003288
n3622,U3933/Y,NAND3X1,NOR3X1/B,1,0.003067,0.00306333,0.003067,0.00306333,0.003067,0.0,0.003067,0.0,0.003067
n3623,U3924/Y,NAND2X1,NOR3X1/A,1,0.00302113,0.00302113,0.00301081,0.00301081,0.00302113,0.0,0.00302113,0.0,0.003021
n363,U473/Y,AOI22X1,AND2X2/A,1,0.00179784,0.00179784,0.00176278,0.00176278,0.00179784,0.0,0.00179784,0.0,0.001798
n3638,U3955/Y,NAND2X1,AOI22X1/D,1,0.00290653,0.00290653,0.00282572,0.00282572,0.00290653,0.0,0.00290653,0.0,0.002907
n3639,U3954/Y,NAND2X1,AOI22X1/C,1,0.00287763,0.00287763,0.00266968,0.00266968,0.00287763,0.0,0.00287763,0.0,0.002878
n364,U472/Y,AOI22X1,AND2X2/B,1,0.00186944,0.00186944,0.00182011,0.00182011,0.00186944,0.0,0.00186944,0.0,0.001869
n3640,U3953/Y,NAND2X1,AOI22X1/B,1,0.00276444,0.00276444,0.00272615,0.00272615,0.00276444,0.0,0.00276444,0.0,0.002764
n3641,U3952/Y,NAND2X1,AOI22X1/A,1,0.00281659,0.00281659,0.00265821,0.00265821,0.00281659,0.0,0.00281659,0.0,0.002817
n3642,U3956/Y,AOI22X1,NAND3X1/C,1,0.00296109,0.00296109,0.0028316,0.0028316,0.00296109,0.0,0.00296109,0.0,0.002961
n365,U481/Y,NAND3X1,OR2X2/A,1,0.00230117,0.00229176,0.00230117,0.00229176,0.00230117,0.0,0.00230117,0.0,0.002301
n3650,U3962/Y,NAND3X1,NOR3X1/C,1,0.00328822,0.00328822,0.00322576,0.00322576,0.00328822,0.0,0.00328822,0.0,0.003288
n3651,U3957/Y,NAND3X1,NOR3X1/B,1,0.003067,0.00306333,0.003067,0.00306333,0.003067,0.0,0.003067,0.0,0.003067
n3652,U3948/Y,NAND2X1,NOR3X1/A,1,0.00302113,0.00302113,0.00301081,0.00301081,0.00302113,0.0,0.00302113,0.0,0.003021
n366,U476/Y,NAND3X1,OR2X2/B,1,0.00234214,0.00228252,0.00234214,0.00228252,0.00234214,0.0,0.00234214,0.0,0.002342
n3667,U3981/Y,NAND2X1,AOI22X1/D,1,0.00290653,0.00290653,0.00282572,0.00282572,0.00290653,0.0,0.00290653,0.0,0.002907
n3668,U3980/Y,NAND2X1,AOI22X1/C,1,0.00287763,0.00287763,0.00266968,0.00266968,0.00287763,0.0,0.00287763,0.0,0.002878
n3669,U3979/Y,NAND2X1,AOI22X1/B,1,0.00276444,0.00276444,0.00272615,0.00272615,0.00276444,0.0,0.00276444,0.0,0.002764
n367,U480/Y,AOI22X1,NAND3X1/A,1,0.00254759,0.00254759,0.00220852,0.00220852,0.00254759,0.0,0.00254759,0.0,0.002548
n3670,U3978/Y,NAND2X1,AOI22X1/A,1,0.00281659,0.00281659,0.00265821,0.00265821,0.00281659,0.0,0.00281659,0.0,0.002817
n3671,U3982/Y,AOI22X1,NAND3X1/C,1,0.00296109,0.00296109,0.0028316,0.0028316,0.00296109,0.0,0.00296109,0.0,0.002961
n3679,U3988/Y,NAND3X1,NOR3X1/C,1,0.00328822,0.00328822,0.00322576,0.00322576,0.00328822,0.0,0.00328822,0.0,0.003288
n368,U479/Y,AOI22X1,NAND3X1/B,1,0.00283213,0.00283213,0.00259978,0.00259978,0.00283213,0.0,0.00283213,0.0,0.002832
n3680,U3983/Y,NAND3X1,NOR3X1/B,1,0.003067,0.00306333,0.003067,0.00306333,0.003067,0.0,0.003067,0.0,0.003067
n3681,U3974/Y,NAND2X1,NOR3X1/A,1,0.00302113,0.00302113,0.00301081,0.00301081,0.00302113,0.0,0.00302113,0.0,0.003021
n3696,U4007/Y,NAND2X1,AOI22X1/D,1,0.00290653,0.00290653,0.00282572,0.00282572,0.00290653,0.0,0.00290653,0.0,0.002907
n3697,U4006/Y,NAND2X1,AOI22X1/C,1,0.00287763,0.00287763,0.00266968,0.00266968,0.00287763,0.0,0.00287763,0.0,0.002878
n3698,U4005/Y,NAND2X1,AOI22X1/B,1,0.00276444,0.00276444,0.00272615,0.00272615,0.00276444,0.0,0.00276444,0.0,0.002764
n3699,U4004/Y,NAND2X1,AOI22X1/A,1,0.00281659,0.00281659,0.00265821,0.00265821,0.00281659,0.0,0.00281659,0.0,0.002817
n370,U478/Y,AOI22X1,AND2X2/A,1,0.00179784,0.00179784,0.00176278,0.00176278,0.00179784,0.0,0.00179784,0.0,0.001798
n3700,U4008/Y,AOI22X1,NAND3X1/C,1,0.00296109,0.00296109,0.0028316,0.0028316,0.00296109,0.0,0.00296109,0.0,0.002961
n3706,U4012/Y,NAND3X1,NOR3X1/C,1,0.00328822,0.00328822,0.00322576,0.00322576,0.00328822,0.0,0.00328822,0.0,0.003288
n3707,U4009/Y,NAND3X1,NOR3X1/B,1,0.003067,0.00306333,0.003067,0.00306333,0.003067,0.0,0.003067,0.0,0.003067
n3708,U4000/Y,NAND2X1,NOR3X1/A,1,0.00302113,0.00302113,0.00301081,0.00301081,0.00302113,0.0,0.00302113,0.0,0.003021
n371,U477/Y,AOI22X1,AND2X2/B,1,0.00186944,0.00186944,0.00182011,0.00182011,0.00186944,0.0,0.00186944,0.0,0.001869
n372,U485/Y,AOI22X1,NAND3X1/A,1,0.00254759,0.00254759,0.00220852,0.00220852,0.00254759,0.0,0.00254759,0.0,0.002548
n3723,U4031/Y,NAND2X1,AOI22X1/D,1,0.00290653,0.00290653,0.00282572,0.00282572,0.00290653,0.0,0.00290653,0.0,0.002907
n3724,U4030/Y,NAND2X1,AOI22X1/C,1,0.00287763,0.00287763,0.00266968,0.00266968,0.00287763,0.0,0.00287763,0.0,0.002878
n3725,U4029/Y,NAND2X1,AOI22X1/B,1,0.00276444,0.00276444,0.00272615,0.00272615,0.00276444,0.0,0.00276444,0.0,0.002764
n3726,U4028/Y,NAND2X1,AOI22X1/A,1,0.00281659,0.00281659,0.00265821,0.00265821,0.00281659,0.0,0.00281659,0.0,0.002817
n3727,U4032/Y,AOI22X1,NAND3X1/C,1,0.00296109,0.00296109,0.0028316,0.0028316,0.00296109,0.0,0.00296109,0.0,0.002961
n373,U484/Y,AOI22X1,NAND3X1/B,1,0.00283213,0.00283213,0.00259978,0.00259978,0.00283213,0.0,0.00283213,0.0,0.002832
n3733,U4036/Y,NAND3X1,NOR3X1/C,1,0.00328822,0.00328822,0.00322576,0.00322576,0.00328822,0.0,0.00328822,0.0,0.003288
n3734,U4033/Y,NAND3X1,NOR3X1/B,1,0.003067,0.00306333,0.003067,0.00306333,0.003067,0.0,0.003067,0.0,0.003067
n3735,U4024/Y,NAND2X1,NOR3X1/A,1,0.00302113,0.00302113,0.00301081,0.00301081,0.00302113,0.0,0.00302113,0.0,0.003021
n375,U483/Y,AOI22X1,AND2X2/A,1,0.00179784,0.00179784,0.00176278,0.00176278,0.00179784,0.0,0.00179784,0.0,0.001798
n3750,U4054/Y,NAND2X1,AOI22X1/D,1,0.00290653,0.00290653,0.00282572,0.00282572,0.00290653,0.0,0.00290653,0.0,0.002907
n3751,U4053/Y,NAND2X1,AOI22X1/C,1,0.00287763,0.00287763,0.00266968,0.00266968,0.00287763,0.0,0.00287763,0.0,0.002878
n3752,U4052/Y,NAND2X1,AOI22X1/B,1,0.00276444,0.00276444,0.00272615,0.00272615,0.00276444,0.0,0.00276444,0.0,0.002764
n3753,U4051/Y,NAND2X1,AOI22X1/A,1,0.00281659,0.00281659,0.00265821,0.00265821,0.00281659,0.0,0.00281659,0.0,0.002817
n3754,U4055/Y,AOI22X1,NAND3X1/C,1,0.00296109,0.00296109,0.0028316,0.0028316,0.00296109,0.0,0.00296109,0.0,0.002961
n376,U482/Y,AOI22X1,AND2X2/B,1,0.00186944,0.00186944,0.00182011,0.00182011,0.00186944,0.0,0.00186944,0.0,0.001869
n3760,U4059/Y,NAND3X1,NOR3X1/C,1,0.00328822,0.00328822,0.00322576,0.00322576,0.00328822,0.0,0.00328822,0.0,0.003288
n3761,U4056/Y,NAND3X1,NOR3X1/B,1,0.003067,0.00306333,0.003067,0.00306333,0.003067,0.0,0.003067,0.0,0.003067
n3762,U4048/Y,NAND2X1,NOR3X1/A,1,0.00302113,0.00302113,0.00301081,0.00301081,0.00302113,0.0,0.00302113,0.0,0.003021
n377,U491/Y,NAND3X1,OR2X2/A,1,0.00230117,0.00229176,0.00230117,0.00229176,0.00230117,0.0,0.00230117,0.0,0.002301
n3777,U4078/Y,NAND2X1,AOI22X1/D,1,0.00290653,0.00290653,0.00282572,0.00282572,0.00290653,0.0,0.00290653,0.0,0.002907
n3778,U4077/Y,NAND2X1,AOI22X1/C,1,0.00287763,0.00287763,0.00266968,0.00266968,0.00287763,0.0,0.00287763,0.0,0.002878
n3779,U4076/Y,NAND2X1,AOI22X1/B,1,0.00276444,0.00276444,0.00272615,0.00272615,0.00276444,0.0,0.00276444,0.0,0.002764
n378,U486/Y,NAND3X1,OR2X2/B,1,0.00234214,0.00228252,0.00234214,0.00228252,0.00234214,0.0,0.00234214,0.0,0.002342
n3780,U4075/Y,NAND2X1,AOI22X1/A,1,0.00281659,0.00281659,0.00265821,0.00265821,0.00281659,0.0,0.00281659,0.0,0.002817
n3781,U4079/Y,AOI22X1,NAND3X1/C,1,0.00296109,0.00296109,0.0028316,0.0028316,0.00296109,0.0,0.00296109,0.0,0.002961
n3787,U4083/Y,NAND3X1,NOR3X1/C,1,0.00328822,0.00328822,0.00322576,0.00322576,0.00328822,0.0,0.00328822,0.0,0.003288
n3788,U4080/Y,NAND3X1,NOR3X1/B,1,0.003067,0.00306333,0.003067,0.00306333,0.003067,0.0,0.003067,0.0,0.003067
n3789,U4071/Y,NAND2X1,NOR3X1/A,1,0.00302113,0.00302113,0.00301081,0.00301081,0.00302113,0.0,0.00302113,0.0,0.003021
n379,U490/Y,AOI22X1,NAND3X1/A,1,0.00254759,0.00254759,0.00220852,0.00220852,0.00254759,0.0,0.00254759,0.0,0.002548
n380,U489/Y,AOI22X1,NAND3X1/B,1,0.00283213,0.00283213,0.00259978,0.00259978,0.00283213,0.0,0.00283213,0.0,0.002832
n3804,U4102/Y,NAND2X1,AOI22X1/D,1,0.00290653,0.00290653,0.00282572,0.00282572,0.00290653,0.0,0.00290653,0.0,0.002907
n3805,U4101/Y,NAND2X1,AOI22X1/C,1,0.00287763,0.00287763,0.00266968,0.00266968,0.00287763,0.0,0.00287763,0.0,0.002878
n3806,U4100/Y,NAND2X1,AOI22X1/B,1,0.00276444,0.00276444,0.00272615,0.00272615,0.00276444,0.0,0.00276444,0.0,0.002764
n3807,U4099/Y,NAND2X1,AOI22X1/A,1,0.00281659,0.00281659,0.00265821,0.00265821,0.00281659,0.0,0.00281659,0.0,0.002817
n3808,U4103/Y,AOI22X1,NAND3X1/C,1,0.00296109,0.00296109,0.0028316,0.0028316,0.00296109,0.0,0.00296109,0.0,0.002961
n3814,U4107/Y,NAND3X1,NOR3X1/C,1,0.00328822,0.00328822,0.00322576,0.00322576,0.00328822,0.0,0.00328822,0.0,0.003288
n3815,U4104/Y,NAND3X1,NOR3X1/B,1,0.003067,0.00306333,0.003067,0.00306333,0.003067,0.0,0.003067,0.0,0.003067
n3816,U4095/Y,NAND2X1,NOR3X1/A,1,0.00302113,0.00302113,0.00301081,0.00301081,0.00302113,0.0,0.00302113,0.0,0.003021
n382,U488/Y,AOI22X1,AND2X2/A,1,0.00179784,0.00179784,0.00176278,0.00176278,0.00179784,0.0,0.00179784,0.0,0.001798
n383,U487/Y,AOI22X1,AND2X2/B,1,0.00186944,0.00186944,0.00182011,0.00182011,0.00186944,0.0,0.00186944,0.0,0.001869
n3831,U4126/Y,NAND2X1,AOI22X1/D,1,0.00290653,0.00290653,0.00282572,0.00282572,0.00290653,0.0,0.00290653,0.0,0.002907
n3832,U4125/Y,NAND2X1,AOI22X1/C,1,0.00287763,0.00287763,0.00266968,0.00266968,0.00287763,0.0,0.00287763,0.0,0.002878
n3833,U4124/Y,NAND2X1,AOI22X1/B,1,0.00276444,0.00276444,0.00272615,0.00272615,0.00276444,0.0,0.00276444,0.0,0.002764
n3834,U4123/Y,NAND2X1,AOI22X1/A,1,0.00281659,0.00281659,0.00265821,0.00265821,0.00281659,0.0,0.00281659,0.0,0.002817
n3835,U4127/Y,AOI22X1,NAND3X1/C,1,0.00296109,0.00296109,0.0028316,0.0028316,0.00296109,0.0,0.00296109,0.0,0.002961
n384,U495/Y,AOI22X1,NAND3X1/A,1,0.00254759,0.00254759,0.00220852,0.00220852,0.00254759,0.0,0.00254759,0.0,0.002548
n3841,U4131/Y,NAND3X1,NOR3X1/C,1,0.00328822,0.00328822,0.00322576,0.00322576,0.00328822,0.0,0.00328822,0.0,0.003288
n3842,U4128/Y,NAND3X1,NOR3X1/B,1,0.003067,0.00306333,0.003067,0.00306333,0.003067,0.0,0.003067,0.0,0.003067
n3843,U4119/Y,NAND2X1,NOR3X1/A,1,0.00302113,0.00302113,0.00301081,0.00301081,0.00302113,0.0,0.00302113,0.0,0.003021
n385,U494/Y,AOI22X1,NAND3X1/B,1,0.00283213,0.00283213,0.00259978,0.00259978,0.00283213,0.0,0.00283213,0.0,0.002832
n3858,U4150/Y,NAND2X1,AOI22X1/D,1,0.00290653,0.00290653,0.00282572,0.00282572,0.00290653,0.0,0.00290653,0.0,0.002907
n3859,U4149/Y,NAND2X1,AOI22X1/C,1,0.00287763,0.00287763,0.00266968,0.00266968,0.00287763,0.0,0.00287763,0.0,0.002878
n3860,U4148/Y,NAND2X1,AOI22X1/B,1,0.00276444,0.00276444,0.00272615,0.00272615,0.00276444,0.0,0.00276444,0.0,0.002764
n3861,U4147/Y,NAND2X1,AOI22X1/A,1,0.00281659,0.00281659,0.00265821,0.00265821,0.00281659,0.0,0.00281659,0.0,0.002817
n3862,U4151/Y,AOI22X1,NAND3X1/C,1,0.00296109,0.00296109,0.0028316,0.0028316,0.00296109,0.0,0.00296109,0.0,0.002961
n3868,U4155/Y,NAND3X1,NOR3X1/C,1,0.00328822,0.00328822,0.00322576,0.00322576,0.00328822,0.0,0.00328822,0.0,0.003288
n3869,U4152/Y,NAND3X1,NOR3X1/B,1,0.003067,0.00306333,0.003067,0.00306333,0.003067,0.0,0.003067,0.0,0.003067
n387,U493/Y,AOI22X1,AND2X2/A,1,0.00179784,0.00179784,0.00176278,0.00176278,0.00179784,0.0,0.00179784,0.0,0.001798
n3870,U4143/Y,NAND2X1,NOR3X1/A,1,0.00302113,0.00302113,0.00301081,0.00301081,0.00302113,0.0,0.00302113,0.0,0.003021
n388,U492/Y,AOI22X1,AND2X2/B,1,0.00186944,0.00186944,0.00182011,0.00182011,0.00186944,0.0,0.00186944,0.0,0.001869
n3885,U4173/Y,NAND2X1,AOI22X1/D,1,0.00290653,0.00290653,0.00282572,0.00282572,0.00290653,0.0,0.00290653,0.0,0.002907
n3886,U4172/Y,NAND2X1,AOI22X1/C,1,0.00287763,0.00287763,0.00266968,0.00266968,0.00287763,0.0,0.00287763,0.0,0.002878
n3887,U4171/Y,NAND2X1,AOI22X1/B,1,0.00276444,0.00276444,0.00272615,0.00272615,0.00276444,0.0,0.00276444,0.0,0.002764
n3888,U4170/Y,NAND2X1,AOI22X1/A,1,0.00281659,0.00281659,0.00265821,0.00265821,0.00281659,0.0,0.00281659,0.0,0.002817
n3889,U4174/Y,AOI22X1,NAND3X1/C,1,0.00296109,0.00296109,0.0028316,0.0028316,0.00296109,0.0,0.00296109,0.0,0.002961
n389,U501/Y,NAND3X1,OR2X2/A,1,0.00230117,0.00229176,0.00230117,0.00229176,0.00230117,0.0,0.00230117,0.0,0.002301
n3895,U4178/Y,NAND3X1,NOR3X1/C,1,0.00328822,0.00328822,0.00322576,0.00322576,0.00328822,0.0,0.00328822,0.0,0.003288
n3896,U4175/Y,NAND3X1,NOR3X1/B,1,0.003067,0.00306333,0.003067,0.00306333,0.003067,0.0,0.003067,0.0,0.003067
n3897,U4167/Y,NAND2X1,NOR3X1/A,1,0.00302113,0.00302113,0.00301081,0.00301081,0.00302113,0.0,0.00302113,0.0,0.003021
n390,U496/Y,NAND3X1,OR2X2/B,1,0.00234214,0.00228252,0.00234214,0.00228252,0.00234214,0.0,0.00234214,0.0,0.002342
n391,U500/Y,AOI22X1,NAND3X1/A,1,0.00254759,0.00254759,0.00220852,0.00220852,0.00254759,0.0,0.00254759,0.0,0.002548
n3912,U4197/Y,NAND2X1,AOI22X1/D,1,0.00290653,0.00290653,0.00282572,0.00282572,0.00290653,0.0,0.00290653,0.0,0.002907
n3913,U4196/Y,NAND2X1,AOI22X1/C,1,0.00287763,0.00287763,0.00266968,0.00266968,0.00287763,0.0,0.00287763,0.0,0.002878
n3914,U4195/Y,NAND2X1,AOI22X1/B,1,0.00276444,0.00276444,0.00272615,0.00272615,0.00276444,0.0,0.00276444,0.0,0.002764
n3915,U4194/Y,NAND2X1,AOI22X1/A,1,0.00281659,0.00281659,0.00265821,0.00265821,0.00281659,0.0,0.00281659,0.0,0.002817
n3916,U4198/Y,AOI22X1,NAND3X1/C,1,0.00296109,0.00296109,0.0028316,0.0028316,0.00296109,0.0,0.00296109,0.0,0.002961
n392,U499/Y,AOI22X1,NAND3X1/B,1,0.00283213,0.00283213,0.00259978,0.00259978,0.00283213,0.0,0.00283213,0.0,0.002832
n3922,U4202/Y,NAND3X1,NOR3X1/C,1,0.00328822,0.00328822,0.00322576,0.00322576,0.00328822,0.0,0.00328822,0.0,0.003288
n3923,U4199/Y,NAND3X1,NOR3X1/B,1,0.003067,0.00306333,0.003067,0.00306333,0.003067,0.0,0.003067,0.0,0.003067
n3924,U4190/Y,NAND2X1,NOR3X1/A,1,0.00302113,0.00302113,0.00301081,0.00301081,0.00302113,0.0,0.00302113,0.0,0.003021
n3939,U4220/Y,NAND2X1,AOI22X1/D,1,0.00290653,0.00290653,0.00282572,0.00282572,0.00290653,0.0,0.00290653,0.0,0.002907
n394,U498/Y,AOI22X1,AND2X2/A,1,0.00179784,0.00179784,0.00176278,0.00176278,0.00179784,0.0,0.00179784,0.0,0.001798
n3940,U4219/Y,NAND2X1,AOI22X1/C,1,0.00287763,0.00287763,0.00266968,0.00266968,0.00287763,0.0,0.00287763,0.0,0.002878
n3941,U4218/Y,NAND2X1,AOI22X1/B,1,0.00276444,0.00276444,0.00272615,0.00272615,0.00276444,0.0,0.00276444,0.0,0.002764
n3942,U4217/Y,NAND2X1,AOI22X1/A,1,0.00281659,0.00281659,0.00265821,0.00265821,0.00281659,0.0,0.00281659,0.0,0.002817
n3943,U4221/Y,AOI22X1,NAND3X1/C,1,0.00296109,0.00296109,0.0028316,0.0028316,0.00296109,0.0,0.00296109,0.0,0.002961
n3949,U4225/Y,NAND3X1,NOR3X1/C,1,0.00328822,0.00328822,0.00322576,0.00322576,0.00328822,0.0,0.00328822,0.0,0.003288
n395,U497/Y,AOI22X1,AND2X2/B,1,0.00186944,0.00186944,0.00182011,0.00182011,0.00186944,0.0,0.00186944,0.0,0.001869
n3950,U4222/Y,NAND3X1,NOR3X1/B,1,0.003067,0.00306333,0.003067,0.00306333,0.003067,0.0,0.003067,0.0,0.003067
n3951,U4214/Y,NAND2X1,NOR3X1/A,1,0.00302113,0.00302113,0.00301081,0.00301081,0.00302113,0.0,0.00302113,0.0,0.003021
n396,U505/Y,AOI22X1,NAND3X1/A,1,0.00254759,0.00254759,0.00220852,0.00220852,0.00254759,0.0,0.00254759,0.0,0.002548
n3966,U4243/Y,NAND2X1,AOI22X1/D,1,0.00290653,0.00290653,0.00282572,0.00282572,0.00290653,0.0,0.00290653,0.0,0.002907
n3967,U4242/Y,NAND2X1,AOI22X1/C,1,0.00287763,0.00287763,0.00266968,0.00266968,0.00287763,0.0,0.00287763,0.0,0.002878
n3968,U4241/Y,NAND2X1,AOI22X1/B,1,0.00276444,0.00276444,0.00272615,0.00272615,0.00276444,0.0,0.00276444,0.0,0.002764
n3969,U4240/Y,NAND2X1,AOI22X1/A,1,0.00281659,0.00281659,0.00265821,0.00265821,0.00281659,0.0,0.00281659,0.0,0.002817
n397,U504/Y,AOI22X1,NAND3X1/B,1,0.00283213,0.00283213,0.00259978,0.00259978,0.00283213,0.0,0.00283213,0.0,0.002832
n3970,U4244/Y,AOI22X1,NAND3X1/C,1,0.00296109,0.00296109,0.0028316,0.0028316,0.00296109,0.0,0.00296109,0.0,0.002961
n3976,U4248/Y,NAND3X1,NOR3X1/C,1,0.00328822,0.00328822,0.00322576,0.00322576,0.00328822,0.0,0.00328822,0.0,0.003288
n3977,U4245/Y,NAND3X1,NOR3X1/B,1,0.003067,0.00306333,0.003067,0.00306333,0.003067,0.0,0.003067,0.0,0.003067
n3978,U4237/Y,NAND2X1,NOR3X1/A,1,0.00302113,0.00302113,0.00301081,0.00301081,0.00302113,0.0,0.00302113,0.0,0.003021
n399,U503/Y,AOI22X1,AND2X2/A,1,0.00179784,0.00179784,0.00176278,0.00176278,0.00179784,0.0,0.00179784,0.0,0.001798
n3993,U4267/Y,NAND2X1,AOI22X1/D,1,0.00290653,0.00290653,0.00282572,0.00282572,0.00290653,0.0,0.00290653,0.0,0.002907
n3994,U4266/Y,NAND2X1,AOI22X1/C,1,0.00287763,0.00287763,0.00266968,0.00266968,0.00287763,0.0,0.00287763,0.0,0.002878
n3995,U4265/Y,NAND2X1,AOI22X1/B,1,0.00276444,0.00276444,0.00272615,0.00272615,0.00276444,0.0,0.00276444,0.0,0.002764
n3996,U4264/Y,NAND2X1,AOI22X1/A,1,0.00281659,0.00281659,0.00265821,0.00265821,0.00281659,0.0,0.00281659,0.0,0.002817
n3997,U4268/Y,AOI22X1,NAND3X1/C,1,0.00296109,0.00296109,0.0028316,0.0028316,0.00296109,0.0,0.00296109,0.0,0.002961
n400,U502/Y,AOI22X1,AND2X2/B,1,0.00186944,0.00186944,0.00182011,0.00182011,0.00186944,0.0,0.00186944,0.0,0.001869
n4003,U4272/Y,NAND3X1,NOR3X1/C,1,0.00328822,0.00328822,0.00322576,0.00322576,0.00328822,0.0,0.00328822,0.0,0.003288
n4004,U4269/Y,NAND3X1,NOR3X1/B,1,0.003067,0.00306333,0.003067,0.00306333,0.003067,0.0,0.003067,0.0,0.003067
n4005,U4260/Y,NAND2X1,NOR3X1/A,1,0.00302113,0.00302113,0.00301081,0.00301081,0.00302113,0.0,0.00302113,0.0,0.003021
n401,U511/Y,NAND3X1,OR2X2/A,1,0.00230117,0.00229176,0.00230117,0.00229176,0.00230117,0.0,0.00230117,0.0,0.002301
n402,U506/Y,NAND3X1,OR2X2/B,1,0.00234214,0.00228252,0.00234214,0.00228252,0.00234214,0.0,0.00234214,0.0,0.002342
n4020,U4291/Y,NAND2X1,AOI22X1/D,1,0.00290653,0.00290653,0.00282572,0.00282572,0.00290653,0.0,0.00290653,0.0,0.002907
n4021,U4290/Y,NAND2X1,AOI22X1/C,1,0.00287763,0.00287763,0.00266968,0.00266968,0.00287763,0.0,0.00287763,0.0,0.002878
n4022,U4289/Y,NAND2X1,AOI22X1/B,1,0.00276444,0.00276444,0.00272615,0.00272615,0.00276444,0.0,0.00276444,0.0,0.002764
n4023,U4288/Y,NAND2X1,AOI22X1/A,1,0.00281659,0.00281659,0.00265821,0.00265821,0.00281659,0.0,0.00281659,0.0,0.002817
n4024,U4292/Y,AOI22X1,NAND3X1/C,1,0.00296109,0.00296109,0.0028316,0.0028316,0.00296109,0.0,0.00296109,0.0,0.002961
n403,U510/Y,AOI22X1,NAND3X1/A,1,0.00254759,0.00254759,0.00220852,0.00220852,0.00254759,0.0,0.00254759,0.0,0.002548
n4030,U4296/Y,NAND3X1,NOR3X1/C,1,0.00328822,0.00328822,0.00322576,0.00322576,0.00328822,0.0,0.00328822,0.0,0.003288
n4031,U4293/Y,NAND3X1,NOR3X1/B,1,0.003067,0.00306333,0.003067,0.00306333,0.003067,0.0,0.003067,0.0,0.003067
n4032,U4284/Y,NAND2X1,NOR3X1/A,1,0.00302113,0.00302113,0.00301081,0.00301081,0.00302113,0.0,0.00302113,0.0,0.003021
n404,U509/Y,AOI22X1,NAND3X1/B,1,0.00283213,0.00283213,0.00259978,0.00259978,0.00283213,0.0,0.00283213,0.0,0.002832
n4047,U4315/Y,NAND2X1,AOI22X1/D,1,0.00290653,0.00290653,0.00282572,0.00282572,0.00290653,0.0,0.00290653,0.0,0.002907
n4048,U4314/Y,NAND2X1,AOI22X1/C,1,0.00287763,0.00287763,0.00266968,0.00266968,0.00287763,0.0,0.00287763,0.0,0.002878
n4049,U4313/Y,NAND2X1,AOI22X1/B,1,0.00276444,0.00276444,0.00272615,0.00272615,0.00276444,0.0,0.00276444,0.0,0.002764
n4050,U4312/Y,NAND2X1,AOI22X1/A,1,0.00281659,0.00281659,0.00265821,0.00265821,0.00281659,0.0,0.00281659,0.0,0.002817
n4051,U4316/Y,AOI22X1,NAND3X1/C,1,0.00296109,0.00296109,0.0028316,0.0028316,0.00296109,0.0,0.00296109,0.0,0.002961
n4057,U4320/Y,NAND3X1,NOR3X1/C,1,0.00328822,0.00328822,0.00322576,0.00322576,0.00328822,0.0,0.00328822,0.0,0.003288
n4058,U4317/Y,NAND3X1,NOR3X1/B,1,0.003067,0.00306333,0.003067,0.00306333,0.003067,0.0,0.003067,0.0,0.003067
n4059,U4308/Y,NAND2X1,NOR3X1/A,1,0.00302113,0.00302113,0.00301081,0.00301081,0.00302113,0.0,0.00302113,0.0,0.003021
n406,U508/Y,AOI22X1,AND2X2/A,1,0.00179784,0.00179784,0.00176278,0.00176278,0.00179784,0.0,0.00179784,0.0,0.001798
n407,U507/Y,AOI22X1,AND2X2/B,1,0.00186944,0.00186944,0.00182011,0.00182011,0.00186944,0.0,0.00186944,0.0,0.001869
n4074,U4338/Y,NAND2X1,AOI22X1/D,1,0.00290653,0.00290653,0.00282572,0.00282572,0.00290653,0.0,0.00290653,0.0,0.002907
n4075,U4337/Y,NAND2X1,AOI22X1/C,1,0.00287763,0.00287763,0.00266968,0.00266968,0.00287763,0.0,0.00287763,0.0,0.002878
n4076,U4336/Y,NAND2X1,AOI22X1/B,1,0.00276444,0.00276444,0.00272615,0.00272615,0.00276444,0.0,0.00276444,0.0,0.002764
n4077,U4335/Y,NAND2X1,AOI22X1/A,1,0.00281659,0.00281659,0.00265821,0.00265821,0.00281659,0.0,0.00281659,0.0,0.002817
n4078,U4339/Y,AOI22X1,NAND3X1/C,1,0.00296109,0.00296109,0.0028316,0.0028316,0.00296109,0.0,0.00296109,0.0,0.002961
n408,U515/Y,AOI22X1,NAND3X1/A,1,0.00254759,0.00254759,0.00220852,0.00220852,0.00254759,0.0,0.00254759,0.0,0.002548
n4084,U4343/Y,NAND3X1,NOR3X1/C,1,0.00328822,0.00328822,0.00322576,0.00322576,0.00328822,0.0,0.00328822,0.0,0.003288
n4085,U4340/Y,NAND3X1,NOR3X1/B,1,0.003067,0.00306333,0.003067,0.00306333,0.003067,0.0,0.003067,0.0,0.003067
n4086,U4332/Y,NAND2X1,NOR3X1/A,1,0.00302113,0.00302113,0.00301081,0.00301081,0.00302113,0.0,0.00302113,0.0,0.003021
n409,U514/Y,AOI22X1,NAND3X1/B,1,0.00283213,0.00283213,0.00259978,0.00259978,0.00283213,0.0,0.00283213,0.0,0.002832
n4101,U4362/Y,NAND2X1,AOI22X1/D,1,0.00290653,0.00290653,0.00282572,0.00282572,0.00290653,0.0,0.00290653,0.0,0.002907
n4102,U4361/Y,NAND2X1,AOI22X1/C,1,0.00287763,0.00287763,0.00266968,0.00266968,0.00287763,0.0,0.00287763,0.0,0.002878
n4103,U4360/Y,NAND2X1,AOI22X1/B,1,0.00276444,0.00276444,0.00272615,0.00272615,0.00276444,0.0,0.00276444,0.0,0.002764
n4104,U4359/Y,NAND2X1,AOI22X1/A,1,0.00281659,0.00281659,0.00265821,0.00265821,0.00281659,0.0,0.00281659,0.0,0.002817
n4105,U4363/Y,AOI22X1,NAND3X1/C,1,0.00296109,0.00296109,0.0028316,0.0028316,0.00296109,0.0,0.00296109,0.0,0.002961
n411,U513/Y,AOI22X1,AND2X2/A,1,0.00179784,0.00179784,0.00176278,0.00176278,0.00179784,0.0,0.00179784,0.0,0.001798
n4111,U4367/Y,NAND3X1,NOR3X1/C,1,0.00328822,0.00328822,0.00322576,0.00322576,0.00328822,0.0,0.00328822,0.0,0.003288
n4112,U4364/Y,NAND3X1,NOR3X1/B,1,0.003067,0.00306333,0.003067,0.00306333,0.003067,0.0,0.003067,0.0,0.003067
n4113,U4355/Y,NAND2X1,NOR3X1/A,1,0.00302113,0.00302113,0.00301081,0.00301081,0.00302113,0.0,0.00302113,0.0,0.003021
n412,U512/Y,AOI22X1,AND2X2/B,1,0.00186944,0.00186944,0.00182011,0.00182011,0.00186944,0.0,0.00186944,0.0,0.001869
n4128,U4385/Y,NAND2X1,AOI22X1/D,1,0.00290653,0.00290653,0.00282572,0.00282572,0.00290653,0.0,0.00290653,0.0,0.002907
n4129,U4384/Y,NAND2X1,AOI22X1/C,1,0.00287763,0.00287763,0.00266968,0.00266968,0.00287763,0.0,0.00287763,0.0,0.002878
n413,U521/Y,NAND3X1,OR2X2/A,1,0.00230117,0.00229176,0.00230117,0.00229176,0.00230117,0.0,0.00230117,0.0,0.002301
n4130,U4383/Y,NAND2X1,AOI22X1/B,1,0.00276444,0.00276444,0.00272615,0.00272615,0.00276444,0.0,0.00276444,0.0,0.002764
n4131,U4382/Y,NAND2X1,AOI22X1/A,1,0.00281659,0.00281659,0.00265821,0.00265821,0.00281659,0.0,0.00281659,0.0,0.002817
n4132,U4386/Y,AOI22X1,NAND3X1/C,1,0.00296109,0.00296109,0.0028316,0.0028316,0.00296109,0.0,0.00296109,0.0,0.002961
n4138,U4390/Y,NAND3X1,NOR3X1/C,1,0.00328822,0.00328822,0.00322576,0.00322576,0.00328822,0.0,0.00328822,0.0,0.003288
n4139,U4387/Y,NAND3X1,NOR3X1/B,1,0.003067,0.00306333,0.003067,0.00306333,0.003067,0.0,0.003067,0.0,0.003067
n414,U516/Y,NAND3X1,OR2X2/B,1,0.00234214,0.00228252,0.00234214,0.00228252,0.00234214,0.0,0.00234214,0.0,0.002342
n4140,U4379/Y,NAND2X1,NOR3X1/A,1,0.00302113,0.00302113,0.00301081,0.00301081,0.00302113,0.0,0.00302113,0.0,0.003021
n415,U520/Y,AOI22X1,NAND3X1/A,1,0.00254759,0.00254759,0.00220852,0.00220852,0.00254759,0.0,0.00254759,0.0,0.002548
n4155,U4408/Y,NAND2X1,AOI22X1/D,1,0.00290653,0.00290653,0.00282572,0.00282572,0.00290653,0.0,0.00290653,0.0,0.002907
n4156,U4407/Y,NAND2X1,AOI22X1/C,1,0.00287763,0.00287763,0.00266968,0.00266968,0.00287763,0.0,0.00287763,0.0,0.002878
n4157,U4406/Y,NAND2X1,AOI22X1/B,1,0.00276444,0.00276444,0.00272615,0.00272615,0.00276444,0.0,0.00276444,0.0,0.002764
n4158,U4405/Y,NAND2X1,AOI22X1/A,1,0.00281659,0.00281659,0.00265821,0.00265821,0.00281659,0.0,0.00281659,0.0,0.002817
n4159,U4409/Y,AOI22X1,NAND3X1/C,1,0.00296109,0.00296109,0.0028316,0.0028316,0.00296109,0.0,0.00296109,0.0,0.002961
n416,U519/Y,AOI22X1,NAND3X1/B,1,0.00283213,0.00283213,0.00259978,0.00259978,0.00283213,0.0,0.00283213,0.0,0.002832
n4165,U4413/Y,NAND3X1,NOR3X1/C,1,0.00328822,0.00328822,0.00322576,0.00322576,0.00328822,0.0,0.00328822,0.0,0.003288
n4166,U4410/Y,NAND3X1,NOR3X1/B,1,0.003067,0.00306333,0.003067,0.00306333,0.003067,0.0,0.003067,0.0,0.003067
n4167,U4402/Y,NAND2X1,NOR3X1/A,1,0.00302113,0.00302113,0.00301081,0.00301081,0.00302113,0.0,0.00302113,0.0,0.003021
n418,U518/Y,AOI22X1,AND2X2/A,1,0.00179784,0.00179784,0.00176278,0.00176278,0.00179784,0.0,0.00179784,0.0,0.001798
n4182,U4432/Y,NAND2X1,AOI22X1/D,1,0.00290653,0.00290653,0.00282572,0.00282572,0.00290653,0.0,0.00290653,0.0,0.002907
n4183,U4431/Y,NAND2X1,AOI22X1/C,1,0.00287763,0.00287763,0.00266968,0.00266968,0.00287763,0.0,0.00287763,0.0,0.002878
n4184,U4430/Y,NAND2X1,AOI22X1/B,1,0.00276444,0.00276444,0.00272615,0.00272615,0.00276444,0.0,0.00276444,0.0,0.002764
n4185,U4429/Y,NAND2X1,AOI22X1/A,1,0.00281659,0.00281659,0.00265821,0.00265821,0.00281659,0.0,0.00281659,0.0,0.002817
n4186,U4433/Y,AOI22X1,NAND3X1/C,1,0.00296109,0.00296109,0.0028316,0.0028316,0.00296109,0.0,0.00296109,0.0,0.002961
n419,U517/Y,AOI22X1,AND2X2/B,1,0.00186944,0.00186944,0.00182011,0.00182011,0.00186944,0.0,0.00186944,0.0,0.001869
n4192,U4437/Y,NAND3X1,NOR3X1/C,1,0.00328822,0.00328822,0.00322576,0.00322576,0.00328822,0.0,0.00328822,0.0,0.003288
n4193,U4434/Y,NAND3X1,NOR3X1/B,1,0.003067,0.00306333,0.003067,0.00306333,0.003067,0.0,0.003067,0.0,0.003067
n4194,U4425/Y,NAND2X1,NOR3X1/A,1,0.00302113,0.00302113,0.00301081,0.00301081,0.00302113,0.0,0.00302113,0.0,0.003021
n420,U525/Y,AOI22X1,NAND3X1/A,1,0.00254759,0.00254759,0.00220852,0.00220852,0.00254759,0.0,0.00254759,0.0,0.002548
n4209,U4456/Y,NAND2X1,AOI22X1/D,1,0.00290653,0.00290653,0.00282572,0.00282572,0.00290653,0.0,0.00290653,0.0,0.002907
n421,U524/Y,AOI22X1,NAND3X1/B,1,0.00283213,0.00283213,0.00259978,0.00259978,0.00283213,0.0,0.00283213,0.0,0.002832
n4210,U4455/Y,NAND2X1,AOI22X1/C,1,0.00287763,0.00287763,0.00266968,0.00266968,0.00287763,0.0,0.00287763,0.0,0.002878
n4211,U4454/Y,NAND2X1,AOI22X1/B,1,0.00276444,0.00276444,0.00272615,0.00272615,0.00276444,0.0,0.00276444,0.0,0.002764
n4212,U4453/Y,NAND2X1,AOI22X1/A,1,0.00281659,0.00281659,0.00265821,0.00265821,0.00281659,0.0,0.00281659,0.0,0.002817
n4213,U4457/Y,AOI22X1,NAND3X1/C,1,0.00296109,0.00296109,0.0028316,0.0028316,0.00296109,0.0,0.00296109,0.0,0.002961
n4219,U4461/Y,NAND3X1,NOR3X1/C,1,0.00328822,0.00328822,0.00322576,0.00322576,0.00328822,0.0,0.00328822,0.0,0.003288
n4220,U4458/Y,NAND3X1,NOR3X1/B,1,0.003067,0.00306333,0.003067,0.00306333,0.003067,0.0,0.003067,0.0,0.003067
n4221,U4449/Y,NAND2X1,NOR3X1/A,1,0.00302113,0.00302113,0.00301081,0.00301081,0.00302113,0.0,0.00302113,0.0,0.003021
n423,U523/Y,AOI22X1,AND2X2/A,1,0.00179784,0.00179784,0.00176278,0.00176278,0.00179784,0.0,0.00179784,0.0,0.001798
n4236,U4479/Y,NAND2X1,AOI22X1/D,1,0.00290653,0.00290653,0.00282572,0.00282572,0.00290653,0.0,0.00290653,0.0,0.002907
n4237,U4478/Y,NAND2X1,AOI22X1/C,1,0.00287763,0.00287763,0.00266968,0.00266968,0.00287763,0.0,0.00287763,0.0,0.002878
n4238,U4477/Y,NAND2X1,AOI22X1/B,1,0.00276444,0.00276444,0.00272615,0.00272615,0.00276444,0.0,0.00276444,0.0,0.002764
n4239,U4476/Y,NAND2X1,AOI22X1/A,1,0.00281659,0.00281659,0.00265821,0.00265821,0.00281659,0.0,0.00281659,0.0,0.002817
n424,U522/Y,AOI22X1,AND2X2/B,1,0.00186944,0.00186944,0.00182011,0.00182011,0.00186944,0.0,0.00186944,0.0,0.001869
n4240,U4480/Y,AOI22X1,NAND3X1/C,1,0.00296109,0.00296109,0.0028316,0.0028316,0.00296109,0.0,0.00296109,0.0,0.002961
n4246,U4484/Y,NAND3X1,NOR3X1/C,1,0.00328822,0.00328822,0.00322576,0.00322576,0.00328822,0.0,0.00328822,0.0,0.003288
n4247,U4481/Y,NAND3X1,NOR3X1/B,1,0.003067,0.00306333,0.003067,0.00306333,0.003067,0.0,0.003067,0.0,0.003067
n4248,U4473/Y,NAND2X1,NOR3X1/A,1,0.00302113,0.00302113,0.00301081,0.00301081,0.00302113,0.0,0.00302113,0.0,0.003021
n425,U531/Y,NAND3X1,OR2X2/A,1,0.00230117,0.00229176,0.00230117,0.00229176,0.00230117,0.0,0.00230117,0.0,0.002301
n426,U526/Y,NAND3X1,OR2X2/B,1,0.00234214,0.00228252,0.00234214,0.00228252,0.00234214,0.0,0.00234214,0.0,0.002342
n4263,U4503/Y,NAND2X1,AOI22X1/D,1,0.00290653,0.00290653,0.00282572,0.00282572,0.00290653,0.0,0.00290653,0.0,0.002907
n4264,U4502/Y,NAND2X1,AOI22X1/C,1,0.00287763,0.00287763,0.00266968,0.00266968,0.00287763,0.0,0.00287763,0.0,0.002878
n4265,U4501/Y,NAND2X1,AOI22X1/B,1,0.00276444,0.00276444,0.00272615,0.00272615,0.00276444,0.0,0.00276444,0.0,0.002764
n4266,U4500/Y,NAND2X1,AOI22X1/A,1,0.00281659,0.00281659,0.00265821,0.00265821,0.00281659,0.0,0.00281659,0.0,0.002817
n4267,U4504/Y,AOI22X1,NAND3X1/C,1,0.00296109,0.00296109,0.0028316,0.0028316,0.00296109,0.0,0.00296109,0.0,0.002961
n427,U530/Y,AOI22X1,NAND3X1/A,1,0.00254759,0.00254759,0.00220852,0.00220852,0.00254759,0.0,0.00254759,0.0,0.002548
n4273,U4508/Y,NAND3X1,NOR3X1/C,1,0.00328822,0.00328822,0.00322576,0.00322576,0.00328822,0.0,0.00328822,0.0,0.003288
n4274,U4505/Y,NAND3X1,NOR3X1/B,1,0.003067,0.00306333,0.003067,0.00306333,0.003067,0.0,0.003067,0.0,0.003067
n4275,U4496/Y,NAND2X1,NOR3X1/A,1,0.00302113,0.00302113,0.00301081,0.00301081,0.00302113,0.0,0.00302113,0.0,0.003021
n428,U529/Y,AOI22X1,NAND3X1/B,1,0.00283213,0.00283213,0.00259978,0.00259978,0.00283213,0.0,0.00283213,0.0,0.002832
n4290,U4526/Y,NAND2X1,AOI22X1/D,1,0.00290653,0.00290653,0.00282572,0.00282572,0.00290653,0.0,0.00290653,0.0,0.002907
n4291,U4525/Y,NAND2X1,AOI22X1/C,1,0.00287763,0.00287763,0.00266968,0.00266968,0.00287763,0.0,0.00287763,0.0,0.002878
n4292,U4524/Y,NAND2X1,AOI22X1/B,1,0.00276444,0.00276444,0.00272615,0.00272615,0.00276444,0.0,0.00276444,0.0,0.002764
n4293,U4523/Y,NAND2X1,AOI22X1/A,1,0.00281659,0.00281659,0.00265821,0.00265821,0.00281659,0.0,0.00281659,0.0,0.002817
n4294,U4527/Y,AOI22X1,NAND3X1/C,1,0.00296109,0.00296109,0.0028316,0.0028316,0.00296109,0.0,0.00296109,0.0,0.002961
n430,U528/Y,AOI22X1,AND2X2/A,1,0.00179784,0.00179784,0.00176278,0.00176278,0.00179784,0.0,0.00179784,0.0,0.001798
n4300,U4531/Y,NAND3X1,NOR3X1/C,1,0.00328822,0.00328822,0.00322576,0.00322576,0.00328822,0.0,0.00328822,0.0,0.003288
n4301,U4528/Y,NAND3X1,NOR3X1/B,1,0.003067,0.00306333,0.003067,0.00306333,0.003067,0.0,0.003067,0.0,0.003067
n4302,U4520/Y,NAND2X1,NOR3X1/A,1,0.00302113,0.00302113,0.00301081,0.00301081,0.00302113,0.0,0.00302113,0.0,0.003021
n431,U527/Y,AOI22X1,AND2X2/B,1,0.00186944,0.00186944,0.00182011,0.00182011,0.00186944,0.0,0.00186944,0.0,0.001869
n4317,U4549/Y,NAND2X1,AOI22X1/D,1,0.00290653,0.00290653,0.00282572,0.00282572,0.00290653,0.0,0.00290653,0.0,0.002907
n4318,U4548/Y,NAND2X1,AOI22X1/C,1,0.00287763,0.00287763,0.00266968,0.00266968,0.00287763,0.0,0.00287763,0.0,0.002878
n4319,U4547/Y,NAND2X1,AOI22X1/B,1,0.00276444,0.00276444,0.00272615,0.00272615,0.00276444,0.0,0.00276444,0.0,0.002764
n432,U535/Y,AOI22X1,NAND3X1/A,1,0.00254759,0.00254759,0.00220852,0.00220852,0.00254759,0.0,0.00254759,0.0,0.002548
n4320,U4546/Y,NAND2X1,AOI22X1/A,1,0.00281659,0.00281659,0.00265821,0.00265821,0.00281659,0.0,0.00281659,0.0,0.002817
n4321,U4550/Y,AOI22X1,NAND3X1/C,1,0.00296109,0.00296109,0.0028316,0.0028316,0.00296109,0.0,0.00296109,0.0,0.002961
n4327,U4554/Y,NAND3X1,NOR3X1/C,1,0.00328822,0.00328822,0.00322576,0.00322576,0.00328822,0.0,0.00328822,0.0,0.003288
n4328,U4551/Y,NAND3X1,NOR3X1/B,1,0.003067,0.00306333,0.003067,0.00306333,0.003067,0.0,0.003067,0.0,0.003067
n4329,U4543/Y,NAND2X1,NOR3X1/A,1,0.00302113,0.00302113,0.00301081,0.00301081,0.00302113,0.0,0.00302113,0.0,0.003021
n433,U534/Y,AOI22X1,NAND3X1/B,1,0.00283213,0.00283213,0.00259978,0.00259978,0.00283213,0.0,0.00283213,0.0,0.002832
n4344,U4573/Y,NAND2X1,AOI22X1/D,1,0.00290653,0.00290653,0.00282572,0.00282572,0.00290653,0.0,0.00290653,0.0,0.002907
n4345,U4572/Y,NAND2X1,AOI22X1/C,1,0.00287763,0.00287763,0.00266968,0.00266968,0.00287763,0.0,0.00287763,0.0,0.002878
n4346,U4571/Y,NAND2X1,AOI22X1/B,1,0.00276444,0.00276444,0.00272615,0.00272615,0.00276444,0.0,0.00276444,0.0,0.002764
n4347,U4570/Y,NAND2X1,AOI22X1/A,1,0.00281659,0.00281659,0.00265821,0.00265821,0.00281659,0.0,0.00281659,0.0,0.002817
n4348,U4574/Y,AOI22X1,NAND3X1/C,1,0.00296109,0.00296109,0.0028316,0.0028316,0.00296109,0.0,0.00296109,0.0,0.002961
n435,U533/Y,AOI22X1,AND2X2/A,1,0.00179784,0.00179784,0.00176278,0.00176278,0.00179784,0.0,0.00179784,0.0,0.001798
n4354,U4578/Y,NAND3X1,NOR3X1/C,1,0.00328822,0.00328822,0.00322576,0.00322576,0.00328822,0.0,0.00328822,0.0,0.003288
n4355,U4575/Y,NAND3X1,NOR3X1/B,1,0.003067,0.00306333,0.003067,0.00306333,0.003067,0.0,0.003067,0.0,0.003067
n4356,U4566/Y,NAND2X1,NOR3X1/A,1,0.00302113,0.00302113,0.00301081,0.00301081,0.00302113,0.0,0.00302113,0.0,0.003021
n436,U532/Y,AOI22X1,AND2X2/B,1,0.00186944,0.00186944,0.00182011,0.00182011,0.00186944,0.0,0.00186944,0.0,0.001869
n437,U541/Y,NAND3X1,OR2X2/A,1,0.00230117,0.00229176,0.00230117,0.00229176,0.00230117,0.0,0.00230117,0.0,0.002301
n4371,U4596/Y,NAND2X1,AOI22X1/D,1,0.00290653,0.00290653,0.00282572,0.00282572,0.00290653,0.0,0.00290653,0.0,0.002907
n4372,U4595/Y,NAND2X1,AOI22X1/C,1,0.00287763,0.00287763,0.00266968,0.00266968,0.00287763,0.0,0.00287763,0.0,0.002878
n4373,U4594/Y,NAND2X1,AOI22X1/B,1,0.00276444,0.00276444,0.00272615,0.00272615,0.00276444,0.0,0.00276444,0.0,0.002764
n4374,U4593/Y,NAND2X1,AOI22X1/A,1,0.00281659,0.00281659,0.00265821,0.00265821,0.00281659,0.0,0.00281659,0.0,0.002817
n4375,U4597/Y,AOI22X1,NAND3X1/C,1,0.00296109,0.00296109,0.0028316,0.0028316,0.00296109,0.0,0.00296109,0.0,0.002961
n438,U536/Y,NAND3X1,OR2X2/B,1,0.00234214,0.00228252,0.00234214,0.00228252,0.00234214,0.0,0.00234214,0.0,0.002342
n4381,U4601/Y,NAND3X1,NOR3X1/C,1,0.00328822,0.00328822,0.00322576,0.00322576,0.00328822,0.0,0.00328822,0.0,0.003288
n4382,U4598/Y,NAND3X1,NOR3X1/B,1,0.003067,0.00306333,0.003067,0.00306333,0.003067,0.0,0.003067,0.0,0.003067
n4383,U4590/Y,NAND2X1,NOR3X1/A,1,0.00302113,0.00302113,0.00301081,0.00301081,0.00302113,0.0,0.00302113,0.0,0.003021
n439,U540/Y,AOI22X1,NAND3X1/A,1,0.00254759,0.00254759,0.00220852,0.00220852,0.00254759,0.0,0.00254759,0.0,0.002548
n4398,U4620/Y,NAND2X1,AOI22X1/D,1,0.00290653,0.00290653,0.00282572,0.00282572,0.00290653,0.0,0.00290653,0.0,0.002907
n4399,U4619/Y,NAND2X1,AOI22X1/C,1,0.00287763,0.00287763,0.00266968,0.00266968,0.00287763,0.0,0.00287763,0.0,0.002878
n440,U539/Y,AOI22X1,NAND3X1/B,1,0.00283213,0.00283213,0.00259978,0.00259978,0.00283213,0.0,0.00283213,0.0,0.002832
n4400,U4618/Y,NAND2X1,AOI22X1/B,1,0.00276444,0.00276444,0.00272615,0.00272615,0.00276444,0.0,0.00276444,0.0,0.002764
n4401,U4617/Y,NAND2X1,AOI22X1/A,1,0.00281659,0.00281659,0.00265821,0.00265821,0.00281659,0.0,0.00281659,0.0,0.002817
n4402,U4621/Y,AOI22X1,NAND3X1/C,1,0.00296109,0.00296109,0.0028316,0.0028316,0.00296109,0.0,0.00296109,0.0,0.002961
n4408,U4625/Y,NAND3X1,NOR3X1/C,1,0.00328822,0.00328822,0.00322576,0.00322576,0.00328822,0.0,0.00328822,0.0,0.003288
n4409,U4622/Y,NAND3X1,NOR3X1/B,1,0.003067,0.00306333,0.003067,0.00306333,0.003067,0.0,0.003067,0.0,0.003067
n4410,U4613/Y,NAND2X1,NOR3X1/A,1,0.00302113,0.00302113,0.00301081,0.00301081,0.00302113,0.0,0.00302113,0.0,0.003021
n442,U538/Y,AOI22X1,AND2X2/A,1,0.00179784,0.00179784,0.00176278,0.00176278,0.00179784,0.0,0.00179784,0.0,0.001798
n4425,U4644/Y,NAND2X1,AOI22X1/D,1,0.00290653,0.00290653,0.00282572,0.00282572,0.00290653,0.0,0.00290653,0.0,0.002907
n4426,U4643/Y,NAND2X1,AOI22X1/C,1,0.00287763,0.00287763,0.00266968,0.00266968,0.00287763,0.0,0.00287763,0.0,0.002878
n4427,U4642/Y,NAND2X1,AOI22X1/B,1,0.00276444,0.00276444,0.00272615,0.00272615,0.00276444,0.0,0.00276444,0.0,0.002764
n4428,U4641/Y,NAND2X1,AOI22X1/A,1,0.00281659,0.00281659,0.00265821,0.00265821,0.00281659,0.0,0.00281659,0.0,0.002817
n4429,U4645/Y,AOI22X1,NAND3X1/C,1,0.00296109,0.00296109,0.0028316,0.0028316,0.00296109,0.0,0.00296109,0.0,0.002961
n443,U537/Y,AOI22X1,AND2X2/B,1,0.00186944,0.00186944,0.00182011,0.00182011,0.00186944,0.0,0.00186944,0.0,0.001869
n4437,U4651/Y,NAND3X1,NOR3X1/C,1,0.00328822,0.00328822,0.00322576,0.00322576,0.00328822,0.0,0.00328822,0.0,0.003288
n4438,U4646/Y,NAND3X1,NOR3X1/B,1,0.003067,0.00306333,0.003067,0.00306333,0.003067,0.0,0.003067,0.0,0.003067
n4439,U4637/Y,NAND2X1,NOR3X1/A,1,0.00302113,0.00302113,0.00301081,0.00301081,0.00302113,0.0,0.00302113,0.0,0.003021
n444,U545/Y,AOI22X1,NAND3X1/A,1,0.00254759,0.00254759,0.00220852,0.00220852,0.00254759,0.0,0.00254759,0.0,0.002548
n445,U544/Y,AOI22X1,NAND3X1/B,1,0.00283213,0.00283213,0.00259978,0.00259978,0.00283213,0.0,0.00283213,0.0,0.002832
n4454,U4669/Y,NAND2X1,AOI22X1/D,1,0.00290653,0.00290653,0.00282572,0.00282572,0.00290653,0.0,0.00290653,0.0,0.002907
n4455,U4668/Y,NAND2X1,AOI22X1/C,1,0.00287763,0.00287763,0.00266968,0.00266968,0.00287763,0.0,0.00287763,0.0,0.002878
n4456,U4667/Y,NAND2X1,AOI22X1/B,1,0.00276444,0.00276444,0.00272615,0.00272615,0.00276444,0.0,0.00276444,0.0,0.002764
n4457,U4666/Y,NAND2X1,AOI22X1/A,1,0.00281659,0.00281659,0.00265821,0.00265821,0.00281659,0.0,0.00281659,0.0,0.002817
n4458,U4670/Y,AOI22X1,NAND3X1/C,1,0.00296109,0.00296109,0.0028316,0.0028316,0.00296109,0.0,0.00296109,0.0,0.002961
n4466,U4676/Y,NAND3X1,NOR3X1/C,1,0.00328822,0.00328822,0.00322576,0.00322576,0.00328822,0.0,0.00328822,0.0,0.003288
n4467,U4671/Y,NAND3X1,NOR3X1/B,1,0.003067,0.00306333,0.003067,0.00306333,0.003067,0.0,0.003067,0.0,0.003067
n4468,U4663/Y,NAND2X1,NOR3X1/A,1,0.00302113,0.00302113,0.00301081,0.00301081,0.00302113,0.0,0.00302113,0.0,0.003021
n447,U543/Y,AOI22X1,AND2X2/A,1,0.00179784,0.00179784,0.00176278,0.00176278,0.00179784,0.0,0.00179784,0.0,0.001798
n448,U542/Y,AOI22X1,AND2X2/B,1,0.00186944,0.00186944,0.00182011,0.00182011,0.00186944,0.0,0.00186944,0.0,0.001869
n4483,U4694/Y,NAND2X1,AOI22X1/D,1,0.00290653,0.00290653,0.00282572,0.00282572,0.00290653,0.0,0.00290653,0.0,0.002907
n4484,U4693/Y,NAND2X1,AOI22X1/C,1,0.00287763,0.00287763,0.00266968,0.00266968,0.00287763,0.0,0.00287763,0.0,0.002878
n4485,U4692/Y,NAND2X1,AOI22X1/B,1,0.00276444,0.00276444,0.00272615,0.00272615,0.00276444,0.0,0.00276444,0.0,0.002764
n4486,U4691/Y,NAND2X1,AOI22X1/A,1,0.00281659,0.00281659,0.00265821,0.00265821,0.00281659,0.0,0.00281659,0.0,0.002817
n4487,U4695/Y,AOI22X1,NAND3X1/C,1,0.00296109,0.00296109,0.0028316,0.0028316,0.00296109,0.0,0.00296109,0.0,0.002961
n449,U551/Y,NAND3X1,OR2X2/A,1,0.00230117,0.00229176,0.00230117,0.00229176,0.00230117,0.0,0.00230117,0.0,0.002301
n4493,U4699/Y,NAND3X1,NOR3X1/C,1,0.00328822,0.00328822,0.00322576,0.00322576,0.00328822,0.0,0.00328822,0.0,0.003288
n4494,U4696/Y,NAND3X1,NOR3X1/B,1,0.003067,0.00306333,0.003067,0.00306333,0.003067,0.0,0.003067,0.0,0.003067
n4495,U4688/Y,NAND2X1,NOR3X1/A,1,0.00302113,0.00302113,0.00301081,0.00301081,0.00302113,0.0,0.00302113,0.0,0.003021
n450,U546/Y,NAND3X1,OR2X2/B,1,0.00234214,0.00228252,0.00234214,0.00228252,0.00234214,0.0,0.00234214,0.0,0.002342
n451,U550/Y,AOI22X1,NAND3X1/A,1,0.00254759,0.00254759,0.00220852,0.00220852,0.00254759,0.0,0.00254759,0.0,0.002548
n4510,U4718/Y,NAND2X1,AOI22X1/D,1,0.00290653,0.00290653,0.00282572,0.00282572,0.00290653,0.0,0.00290653,0.0,0.002907
n4511,U4717/Y,NAND2X1,AOI22X1/C,1,0.00287763,0.00287763,0.00266968,0.00266968,0.00287763,0.0,0.00287763,0.0,0.002878
n4512,U4716/Y,NAND2X1,AOI22X1/B,1,0.00276444,0.00276444,0.00272615,0.00272615,0.00276444,0.0,0.00276444,0.0,0.002764
n4513,U4715/Y,NAND2X1,AOI22X1/A,1,0.00281659,0.00281659,0.00265821,0.00265821,0.00281659,0.0,0.00281659,0.0,0.002817
n4514,U4719/Y,AOI22X1,NAND3X1/C,1,0.00296109,0.00296109,0.0028316,0.0028316,0.00296109,0.0,0.00296109,0.0,0.002961
n452,U549/Y,AOI22X1,NAND3X1/B,1,0.00283213,0.00283213,0.00259978,0.00259978,0.00283213,0.0,0.00283213,0.0,0.002832
n4520,U4723/Y,NAND3X1,NOR3X1/C,1,0.00328822,0.00328822,0.00322576,0.00322576,0.00328822,0.0,0.00328822,0.0,0.003288
n4521,U4720/Y,NAND3X1,NOR3X1/B,1,0.003067,0.00306333,0.003067,0.00306333,0.003067,0.0,0.003067,0.0,0.003067
n4522,U4711/Y,NAND2X1,NOR3X1/A,1,0.00302113,0.00302113,0.00301081,0.00301081,0.00302113,0.0,0.00302113,0.0,0.003021
n4537,U4742/Y,NAND2X1,AOI22X1/D,1,0.00290653,0.00290653,0.00282572,0.00282572,0.00290653,0.0,0.00290653,0.0,0.002907
n4538,U4741/Y,NAND2X1,AOI22X1/C,1,0.00287763,0.00287763,0.00266968,0.00266968,0.00287763,0.0,0.00287763,0.0,0.002878
n4539,U4740/Y,NAND2X1,AOI22X1/B,1,0.00276444,0.00276444,0.00272615,0.00272615,0.00276444,0.0,0.00276444,0.0,0.002764
n454,U548/Y,AOI22X1,AND2X2/A,1,0.00179784,0.00179784,0.00176278,0.00176278,0.00179784,0.0,0.00179784,0.0,0.001798
n4540,U4739/Y,NAND2X1,AOI22X1/A,1,0.00281659,0.00281659,0.00265821,0.00265821,0.00281659,0.0,0.00281659,0.0,0.002817
n4541,U4743/Y,AOI22X1,NAND3X1/C,1,0.00296109,0.00296109,0.0028316,0.0028316,0.00296109,0.0,0.00296109,0.0,0.002961
n4547,U4747/Y,NAND3X1,NOR3X1/C,1,0.00328822,0.00328822,0.00322576,0.00322576,0.00328822,0.0,0.00328822,0.0,0.003288
n4548,U4744/Y,NAND3X1,NOR3X1/B,1,0.003067,0.00306333,0.003067,0.00306333,0.003067,0.0,0.003067,0.0,0.003067
n4549,U4735/Y,NAND2X1,NOR3X1/A,1,0.00302113,0.00302113,0.00301081,0.00301081,0.00302113,0.0,0.00302113,0.0,0.003021
n455,U547/Y,AOI22X1,AND2X2/B,1,0.00186944,0.00186944,0.00182011,0.00182011,0.00186944,0.0,0.00186944,0.0,0.001869
n456,U555/Y,AOI22X1,NAND3X1/A,1,0.00254759,0.00254759,0.00220852,0.00220852,0.00254759,0.0,0.00254759,0.0,0.002548
n4564,U4765/Y,NAND2X1,AOI22X1/D,1,0.00290653,0.00290653,0.00282572,0.00282572,0.00290653,0.0,0.00290653,0.0,0.002907
n4565,U4764/Y,NAND2X1,AOI22X1/C,1,0.00287763,0.00287763,0.00266968,0.00266968,0.00287763,0.0,0.00287763,0.0,0.002878
n4566,U4763/Y,NAND2X1,AOI22X1/B,1,0.00276444,0.00276444,0.00272615,0.00272615,0.00276444,0.0,0.00276444,0.0,0.002764
n4567,U4762/Y,NAND2X1,AOI22X1/A,1,0.00281659,0.00281659,0.00265821,0.00265821,0.00281659,0.0,0.00281659,0.0,0.002817
n4568,U4766/Y,AOI22X1,NAND3X1/C,1,0.00296109,0.00296109,0.0028316,0.0028316,0.00296109,0.0,0.00296109,0.0,0.002961
n457,U554/Y,AOI22X1,NAND3X1/B,1,0.00283213,0.00283213,0.00259978,0.00259978,0.00283213,0.0,0.00283213,0.0,0.002832
n4574,U4770/Y,NAND3X1,NOR3X1/C,1,0.00328822,0.00328822,0.00322576,0.00322576,0.00328822,0.0,0.00328822,0.0,0.003288
n4575,U4767/Y,NAND3X1,NOR3X1/B,1,0.003067,0.00306333,0.003067,0.00306333,0.003067,0.0,0.003067,0.0,0.003067
n4576,U4759/Y,NAND2X1,NOR3X1/A,1,0.00302113,0.00302113,0.00301081,0.00301081,0.00302113,0.0,0.00302113,0.0,0.003021
n459,U553/Y,AOI22X1,AND2X2/A,1,0.00179784,0.00179784,0.00176278,0.00176278,0.00179784,0.0,0.00179784,0.0,0.001798
n4591,U4789/Y,NAND2X1,AOI22X1/D,1,0.00290653,0.00290653,0.00282572,0.00282572,0.00290653,0.0,0.00290653,0.0,0.002907
n4592,U4788/Y,NAND2X1,AOI22X1/C,1,0.00287763,0.00287763,0.00266968,0.00266968,0.00287763,0.0,0.00287763,0.0,0.002878
n4593,U4787/Y,NAND2X1,AOI22X1/B,1,0.00276444,0.00276444,0.00272615,0.00272615,0.00276444,0.0,0.00276444,0.0,0.002764
n4594,U4786/Y,NAND2X1,AOI22X1/A,1,0.00281659,0.00281659,0.00265821,0.00265821,0.00281659,0.0,0.00281659,0.0,0.002817
n4595,U4790/Y,AOI22X1,NAND3X1/C,1,0.00296109,0.00296109,0.0028316,0.0028316,0.00296109,0.0,0.00296109,0.0,0.002961
n460,U552/Y,AOI22X1,AND2X2/B,1,0.00186944,0.00186944,0.00182011,0.00182011,0.00186944,0.0,0.00186944,0.0,0.001869
n4601,U4794/Y,NAND3X1,NOR3X1/C,1,0.00328822,0.00328822,0.00322576,0.00322576,0.00328822,0.0,0.00328822,0.0,0.003288
n4602,U4791/Y,NAND3X1,NOR3X1/B,1,0.003067,0.00306333,0.003067,0.00306333,0.003067,0.0,0.003067,0.0,0.003067
n4603,U4782/Y,NAND2X1,NOR3X1/A,1,0.00302113,0.00302113,0.00301081,0.00301081,0.00302113,0.0,0.00302113,0.0,0.003021
n461,U561/Y,NAND3X1,OR2X2/A,1,0.00230117,0.00229176,0.00230117,0.00229176,0.00230117,0.0,0.00230117,0.0,0.002301
n4618,U4812/Y,NAND2X1,AOI22X1/D,1,0.00290653,0.00290653,0.00282572,0.00282572,0.00290653,0.0,0.00290653,0.0,0.002907
n4619,U4811/Y,NAND2X1,AOI22X1/C,1,0.00287763,0.00287763,0.00266968,0.00266968,0.00287763,0.0,0.00287763,0.0,0.002878
n462,U556/Y,NAND3X1,OR2X2/B,1,0.00234214,0.00228252,0.00234214,0.00228252,0.00234214,0.0,0.00234214,0.0,0.002342
n4620,U4810/Y,NAND2X1,AOI22X1/B,1,0.00276444,0.00276444,0.00272615,0.00272615,0.00276444,0.0,0.00276444,0.0,0.002764
n4621,U4809/Y,NAND2X1,AOI22X1/A,1,0.00281659,0.00281659,0.00265821,0.00265821,0.00281659,0.0,0.00281659,0.0,0.002817
n4622,U4813/Y,AOI22X1,NAND3X1/C,1,0.00296109,0.00296109,0.0028316,0.0028316,0.00296109,0.0,0.00296109,0.0,0.002961
n4628,U4817/Y,NAND3X1,NOR3X1/C,1,0.00328822,0.00328822,0.00322576,0.00322576,0.00328822,0.0,0.00328822,0.0,0.003288
n4629,U4814/Y,NAND3X1,NOR3X1/B,1,0.003067,0.00306333,0.003067,0.00306333,0.003067,0.0,0.003067,0.0,0.003067
n463,U560/Y,AOI22X1,NAND3X1/A,1,0.00254759,0.00254759,0.00220852,0.00220852,0.00254759,0.0,0.00254759,0.0,0.002548
n4630,U4806/Y,NAND2X1,NOR3X1/A,1,0.00302113,0.00302113,0.00301081,0.00301081,0.00302113,0.0,0.00302113,0.0,0.003021
n464,U559/Y,AOI22X1,NAND3X1/B,1,0.00283213,0.00283213,0.00259978,0.00259978,0.00283213,0.0,0.00283213,0.0,0.002832
n4645,U4835/Y,NAND2X1,AOI22X1/D,1,0.00290653,0.00290653,0.00282572,0.00282572,0.00290653,0.0,0.00290653,0.0,0.002907
n4646,U4834/Y,NAND2X1,AOI22X1/C,1,0.00287763,0.00287763,0.00266968,0.00266968,0.00287763,0.0,0.00287763,0.0,0.002878
n4647,U4833/Y,NAND2X1,AOI22X1/B,1,0.00276444,0.00276444,0.00272615,0.00272615,0.00276444,0.0,0.00276444,0.0,0.002764
n4648,U4832/Y,NAND2X1,AOI22X1/A,1,0.00281659,0.00281659,0.00265821,0.00265821,0.00281659,0.0,0.00281659,0.0,0.002817
n4649,U4836/Y,AOI22X1,NAND3X1/C,1,0.00296109,0.00296109,0.0028316,0.0028316,0.00296109,0.0,0.00296109,0.0,0.002961
n4655,U4840/Y,NAND3X1,NOR3X1/C,1,0.00328822,0.00328822,0.00322576,0.00322576,0.00328822,0.0,0.00328822,0.0,0.003288
n4656,U4837/Y,NAND3X1,NOR3X1/B,1,0.003067,0.00306333,0.003067,0.00306333,0.003067,0.0,0.003067,0.0,0.003067
n4657,U4829/Y,NAND2X1,NOR3X1/A,1,0.00302113,0.00302113,0.00301081,0.00301081,0.00302113,0.0,0.00302113,0.0,0.003021
n466,U558/Y,AOI22X1,AND2X2/A,1,0.00179784,0.00179784,0.00176278,0.00176278,0.00179784,0.0,0.00179784,0.0,0.001798
n467,U557/Y,AOI22X1,AND2X2/B,1,0.00186944,0.00186944,0.00182011,0.00182011,0.00186944,0.0,0.00186944,0.0,0.001869
n4672,U4859/Y,NAND2X1,AOI22X1/D,1,0.00290653,0.00290653,0.00282572,0.00282572,0.00290653,0.0,0.00290653,0.0,0.002907
n4673,U4858/Y,NAND2X1,AOI22X1/C,1,0.00287763,0.00287763,0.00266968,0.00266968,0.00287763,0.0,0.00287763,0.0,0.002878
n4674,U4857/Y,NAND2X1,AOI22X1/B,1,0.00276444,0.00276444,0.00272615,0.00272615,0.00276444,0.0,0.00276444,0.0,0.002764
n4675,U4856/Y,NAND2X1,AOI22X1/A,1,0.00281659,0.00281659,0.00265821,0.00265821,0.00281659,0.0,0.00281659,0.0,0.002817
n4676,U4860/Y,AOI22X1,NAND3X1/C,1,0.00296109,0.00296109,0.0028316,0.0028316,0.00296109,0.0,0.00296109,0.0,0.002961
n468,U565/Y,AOI22X1,NAND3X1/A,1,0.00254759,0.00254759,0.00220852,0.00220852,0.00254759,0.0,0.00254759,0.0,0.002548
n4682,U4864/Y,NAND3X1,NOR3X1/C,1,0.00328822,0.00328822,0.00322576,0.00322576,0.00328822,0.0,0.00328822,0.0,0.003288
n4683,U4861/Y,NAND3X1,NOR3X1/B,1,0.003067,0.00306333,0.003067,0.00306333,0.003067,0.0,0.003067,0.0,0.003067
n4684,U4852/Y,NAND2X1,NOR3X1/A,1,0.00302113,0.00302113,0.00301081,0.00301081,0.00302113,0.0,0.00302113,0.0,0.003021
n469,U564/Y,AOI22X1,NAND3X1/B,1,0.00283213,0.00283213,0.00259978,0.00259978,0.00283213,0.0,0.00283213,0.0,0.002832
n4699,U4882/Y,NAND2X1,AOI22X1/D,1,0.00290653,0.00290653,0.00282572,0.00282572,0.00290653,0.0,0.00290653,0.0,0.002907
n4700,U4881/Y,NAND2X1,AOI22X1/C,1,0.00287763,0.00287763,0.00266968,0.00266968,0.00287763,0.0,0.00287763,0.0,0.002878
n4701,U4880/Y,NAND2X1,AOI22X1/B,1,0.00276444,0.00276444,0.00272615,0.00272615,0.00276444,0.0,0.00276444,0.0,0.002764
n4702,U4879/Y,NAND2X1,AOI22X1/A,1,0.00281659,0.00281659,0.00265821,0.00265821,0.00281659,0.0,0.00281659,0.0,0.002817
n4703,U4883/Y,AOI22X1,NAND3X1/C,1,0.00296109,0.00296109,0.0028316,0.0028316,0.00296109,0.0,0.00296109,0.0,0.002961
n471,U563/Y,AOI22X1,AND2X2/A,1,0.00179784,0.00179784,0.00176278,0.00176278,0.00179784,0.0,0.00179784,0.0,0.001798
n4711,U4889/Y,NAND3X1,NOR3X1/C,1,0.00328822,0.00328822,0.00322576,0.00322576,0.00328822,0.0,0.00328822,0.0,0.003288
n4712,U4884/Y,NAND3X1,NOR3X1/B,1,0.003067,0.00306333,0.003067,0.00306333,0.003067,0.0,0.003067,0.0,0.003067
n4713,U4876/Y,NAND2X1,NOR3X1/A,1,0.00302113,0.00302113,0.00301081,0.00301081,0.00302113,0.0,0.00302113,0.0,0.003021
n472,U562/Y,AOI22X1,AND2X2/B,1,0.00186944,0.00186944,0.00182011,0.00182011,0.00186944,0.0,0.00186944,0.0,0.001869
n4728,U4907/Y,NAND2X1,AOI22X1/D,1,0.00290653,0.00290653,0.00282572,0.00282572,0.00290653,0.0,0.00290653,0.0,0.002907
n4729,U4906/Y,NAND2X1,AOI22X1/C,1,0.00287763,0.00287763,0.00266968,0.00266968,0.00287763,0.0,0.00287763,0.0,0.002878
n473,U571/Y,NAND3X1,OR2X2/A,1,0.00230117,0.00229176,0.00230117,0.00229176,0.00230117,0.0,0.00230117,0.0,0.002301
n4730,U4905/Y,NAND2X1,AOI22X1/B,1,0.00276444,0.00276444,0.00272615,0.00272615,0.00276444,0.0,0.00276444,0.0,0.002764
n4731,U4904/Y,NAND2X1,AOI22X1/A,1,0.00281659,0.00281659,0.00265821,0.00265821,0.00281659,0.0,0.00281659,0.0,0.002817
n4732,U4908/Y,AOI22X1,NAND3X1/C,1,0.00296109,0.00296109,0.0028316,0.0028316,0.00296109,0.0,0.00296109,0.0,0.002961
n4738,U4912/Y,NAND3X1,NOR3X1/C,1,0.00328822,0.00328822,0.00322576,0.00322576,0.00328822,0.0,0.00328822,0.0,0.003288
n4739,U4909/Y,NAND3X1,NOR3X1/B,1,0.003067,0.00306333,0.003067,0.00306333,0.003067,0.0,0.003067,0.0,0.003067
n474,U566/Y,NAND3X1,OR2X2/B,1,0.00234214,0.00228252,0.00234214,0.00228252,0.00234214,0.0,0.00234214,0.0,0.002342
n4740,U4901/Y,NAND2X1,NOR3X1/A,1,0.00302113,0.00302113,0.00301081,0.00301081,0.00302113,0.0,0.00302113,0.0,0.003021
n475,U570/Y,AOI22X1,NAND3X1/A,1,0.00254759,0.00254759,0.00220852,0.00220852,0.00254759,0.0,0.00254759,0.0,0.002548
n476,U569/Y,AOI22X1,NAND3X1/B,1,0.00283213,0.00283213,0.00259978,0.00259978,0.00283213,0.0,0.00283213,0.0,0.002832
n478,U568/Y,AOI22X1,AND2X2/A,1,0.00179784,0.00179784,0.00176278,0.00176278,0.00179784,0.0,0.00179784,0.0,0.001798
n479,U567/Y,AOI22X1,AND2X2/B,1,0.00186944,0.00186944,0.00182011,0.00182011,0.00186944,0.0,0.00186944,0.0,0.001869
n480,U575/Y,AOI22X1,NAND3X1/A,1,0.00254759,0.00254759,0.00220852,0.00220852,0.00254759,0.0,0.00254759,0.0,0.002548
n481,U574/Y,AOI22X1,NAND3X1/B,1,0.00283213,0.00283213,0.00259978,0.00259978,0.00283213,0.0,0.00283213,0.0,0.002832
n483,U573/Y,AOI22X1,AND2X2/A,1,0.00179784,0.00179784,0.00176278,0.00176278,0.00179784,0.0,0.00179784,0.0,0.001798
n484,U572/Y,AOI22X1,AND2X2/B,1,0.00186944,0.00186944,0.00182011,0.00182011,0.00186944,0.0,0.00186944,0.0,0.001869
n485,U581/Y,NAND3X1,OR2X2/A,1,0.00230117,0.00229176,0.00230117,0.00229176,0.00230117,0.0,0.00230117,0.0,0.002301
n486,U576/Y,NAND3X1,OR2X2/B,1,0.00234214,0.00228252,0.00234214,0.00228252,0.00234214,0.0,0.00234214,0.0,0.002342
n487,U580/Y,AOI22X1,NAND3X1/A,1,0.00254759,0.00254759,0.00220852,0.00220852,0.00254759,0.0,0.00254759,0.0,0.002548
n488,U579/Y,AOI22X1,NAND3X1/B,1,0.00283213,0.00283213,0.00259978,0.00259978,0.00283213,0.0,0.00283213,0.0,0.002832
n490,U578/Y,AOI22X1,AND2X2/A,1,0.00179784,0.00179784,0.00176278,0.00176278,0.00179784,0.0,0.00179784,0.0,0.001798
n491,U577/Y,AOI22X1,AND2X2/B,1,0.00186944,0.00186944,0.00182011,0.00182011,0.00186944,0.0,0.00186944,0.0,0.001869
n492,U585/Y,AOI22X1,NAND3X1/A,1,0.00254759,0.00254759,0.00220852,0.00220852,0.00254759,0.0,0.00254759,0.0,0.002548
n493,U584/Y,AOI22X1,NAND3X1/B,1,0.00283213,0.00283213,0.00259978,0.00259978,0.00283213,0.0,0.00283213,0.0,0.002832
n495,U583/Y,AOI22X1,AND2X2/A,1,0.00179784,0.00179784,0.00176278,0.00176278,0.00179784,0.0,0.00179784,0.0,0.001798
n496,U582/Y,AOI22X1,AND2X2/B,1,0.00186944,0.00186944,0.00182011,0.00182011,0.00186944,0.0,0.00186944,0.0,0.001869
n497,U591/Y,NAND3X1,OR2X2/A,1,0.00230117,0.00229176,0.00230117,0.00229176,0.00230117,0.0,0.00230117,0.0,0.002301
n498,U586/Y,NAND3X1,OR2X2/B,1,0.00234214,0.00228252,0.00234214,0.00228252,0.00234214,0.0,0.00234214,0.0,0.002342
n499,U590/Y,AOI22X1,NAND3X1/A,1,0.00254759,0.00254759,0.00220852,0.00220852,0.00254759,0.0,0.00254759,0.0,0.002548
n500,U589/Y,AOI22X1,NAND3X1/B,1,0.00283213,0.00283213,0.00259978,0.00259978,0.00283213,0.0,0.00283213,0.0,0.002832
n502,U588/Y,AOI22X1,AND2X2/A,1,0.00179784,0.00179784,0.00176278,0.00176278,0.00179784,0.0,0.00179784,0.0,0.001798
n503,U587/Y,AOI22X1,AND2X2/B,1,0.00186944,0.00186944,0.00182011,0.00182011,0.00186944,0.0,0.00186944,0.0,0.001869
n504,U595/Y,AOI22X1,NAND3X1/A,1,0.00254759,0.00254759,0.00220852,0.00220852,0.00254759,0.0,0.00254759,0.0,0.002548
n505,U594/Y,AOI22X1,NAND3X1/B,1,0.00283213,0.00283213,0.00259978,0.00259978,0.00283213,0.0,0.00283213,0.0,0.002832
n507,U593/Y,AOI22X1,AND2X2/A,1,0.00179784,0.00179784,0.00176278,0.00176278,0.00179784,0.0,0.00179784,0.0,0.001798
n508,U592/Y,AOI22X1,AND2X2/B,1,0.00186944,0.00186944,0.00182011,0.00182011,0.00186944,0.0,0.00186944,0.0,0.001869
n509,U602/Y,NAND3X1,OR2X2/A,1,0.00230117,0.00229176,0.00230117,0.00229176,0.00230117,0.0,0.00230117,0.0,0.002301
n510,U597/Y,NAND3X1,OR2X2/B,1,0.00234214,0.00228252,0.00234214,0.00228252,0.00234214,0.0,0.00234214,0.0,0.002342
n511,U601/Y,AOI22X1,NAND3X1/A,1,0.00254759,0.00254759,0.00220852,0.00220852,0.00254759,0.0,0.00254759,0.0,0.002548
n512,U600/Y,AOI22X1,NAND3X1/B,1,0.00283213,0.00283213,0.00259978,0.00259978,0.00283213,0.0,0.00283213,0.0,0.002832
n514,U599/Y,AOI22X1,AND2X2/A,1,0.00179784,0.00179784,0.00176278,0.00176278,0.00179784,0.0,0.00179784,0.0,0.001798
n515,U598/Y,AOI22X1,AND2X2/B,1,0.00186944,0.00186944,0.00182011,0.00182011,0.00186944,0.0,0.00186944,0.0,0.001869
n516,U606/Y,AOI22X1,NAND3X1/A,1,0.00254759,0.00254759,0.00220852,0.00220852,0.00254759,0.0,0.00254759,0.0,0.002548
n517,U605/Y,AOI22X1,NAND3X1/B,1,0.00283213,0.00283213,0.00259978,0.00259978,0.00283213,0.0,0.00283213,0.0,0.002832
n519,U604/Y,AOI22X1,AND2X2/A,1,0.00179784,0.00179784,0.00176278,0.00176278,0.00179784,0.0,0.00179784,0.0,0.001798
n520,U603/Y,AOI22X1,AND2X2/B,1,0.00186944,0.00186944,0.00182011,0.00182011,0.00186944,0.0,0.00186944,0.0,0.001869
n521,U612/Y,NAND3X1,OR2X2/A,1,0.00230117,0.00229176,0.00230117,0.00229176,0.00230117,0.0,0.00230117,0.0,0.002301
n522,U607/Y,NAND3X1,OR2X2/B,1,0.00234214,0.00228252,0.00234214,0.00228252,0.00234214,0.0,0.00234214,0.0,0.002342
n523,U611/Y,AOI22X1,NAND3X1/A,1,0.00254759,0.00254759,0.00220852,0.00220852,0.00254759,0.0,0.00254759,0.0,0.002548
n524,U610/Y,AOI22X1,NAND3X1/B,1,0.00283213,0.00283213,0.00259978,0.00259978,0.00283213,0.0,0.00283213,0.0,0.002832
n526,U609/Y,AOI22X1,AND2X2/A,1,0.00179784,0.00179784,0.00176278,0.00176278,0.00179784,0.0,0.00179784,0.0,0.001798
n527,U608/Y,AOI22X1,AND2X2/B,1,0.00186944,0.00186944,0.00182011,0.00182011,0.00186944,0.0,0.00186944,0.0,0.001869
n528,U616/Y,AOI22X1,NAND3X1/A,1,0.00254759,0.00254759,0.00220852,0.00220852,0.00254759,0.0,0.00254759,0.0,0.002548
n529,U615/Y,AOI22X1,NAND3X1/B,1,0.00283213,0.00283213,0.00259978,0.00259978,0.00283213,0.0,0.00283213,0.0,0.002832
n531,U614/Y,AOI22X1,AND2X2/A,1,0.00179784,0.00179784,0.00176278,0.00176278,0.00179784,0.0,0.00179784,0.0,0.001798
n532,U613/Y,AOI22X1,AND2X2/B,1,0.00186944,0.00186944,0.00182011,0.00182011,0.00186944,0.0,0.00186944,0.0,0.001869
n533,U622/Y,NAND3X1,OR2X2/A,1,0.00230117,0.00229176,0.00230117,0.00229176,0.00230117,0.0,0.00230117,0.0,0.002301
n534,U617/Y,NAND3X1,OR2X2/B,1,0.00234214,0.00228252,0.00234214,0.00228252,0.00234214,0.0,0.00234214,0.0,0.002342
n535,U621/Y,AOI22X1,NAND3X1/A,1,0.00254759,0.00254759,0.00220852,0.00220852,0.00254759,0.0,0.00254759,0.0,0.002548
n536,U620/Y,AOI22X1,NAND3X1/B,1,0.00283213,0.00283213,0.00259978,0.00259978,0.00283213,0.0,0.00283213,0.0,0.002832
n538,U619/Y,AOI22X1,AND2X2/A,1,0.00179784,0.00179784,0.00176278,0.00176278,0.00179784,0.0,0.00179784,0.0,0.001798
n539,U618/Y,AOI22X1,AND2X2/B,1,0.00186944,0.00186944,0.00182011,0.00182011,0.00186944,0.0,0.00186944,0.0,0.001869
n540,U626/Y,AOI22X1,NAND3X1/A,1,0.00254759,0.00254759,0.00220852,0.00220852,0.00254759,0.0,0.00254759,0.0,0.002548
n541,U625/Y,AOI22X1,NAND3X1/B,1,0.00283213,0.00283213,0.00259978,0.00259978,0.00283213,0.0,0.00283213,0.0,0.002832
n543,U624/Y,AOI22X1,AND2X2/A,1,0.00179784,0.00179784,0.00176278,0.00176278,0.00179784,0.0,0.00179784,0.0,0.001798
n544,U623/Y,AOI22X1,AND2X2/B,1,0.00186944,0.00186944,0.00182011,0.00182011,0.00186944,0.0,0.00186944,0.0,0.001869
n545,U632/Y,NAND3X1,OR2X2/A,1,0.00230117,0.00229176,0.00230117,0.00229176,0.00230117,0.0,0.00230117,0.0,0.002301
n546,U627/Y,NAND3X1,OR2X2/B,1,0.00234214,0.00228252,0.00234214,0.00228252,0.00234214,0.0,0.00234214,0.0,0.002342
n547,U631/Y,AOI22X1,NAND3X1/A,1,0.00254759,0.00254759,0.00220852,0.00220852,0.00254759,0.0,0.00254759,0.0,0.002548
n548,U630/Y,AOI22X1,NAND3X1/B,1,0.00283213,0.00283213,0.00259978,0.00259978,0.00283213,0.0,0.00283213,0.0,0.002832
n550,U629/Y,AOI22X1,AND2X2/A,1,0.00179784,0.00179784,0.00176278,0.00176278,0.00179784,0.0,0.00179784,0.0,0.001798
n551,U628/Y,AOI22X1,AND2X2/B,1,0.00186944,0.00186944,0.00182011,0.00182011,0.00186944,0.0,0.00186944,0.0,0.001869
n552,U636/Y,AOI22X1,NAND3X1/A,1,0.00254759,0.00254759,0.00220852,0.00220852,0.00254759,0.0,0.00254759,0.0,0.002548
n553,U635/Y,AOI22X1,NAND3X1/B,1,0.00283213,0.00283213,0.00259978,0.00259978,0.00283213,0.0,0.00283213,0.0,0.002832
n555,U634/Y,AOI22X1,AND2X2/A,1,0.00179784,0.00179784,0.00176278,0.00176278,0.00179784,0.0,0.00179784,0.0,0.001798
n556,U633/Y,AOI22X1,AND2X2/B,1,0.00186944,0.00186944,0.00182011,0.00182011,0.00186944,0.0,0.00186944,0.0,0.001869
n557,U642/Y,NAND3X1,OR2X2/A,1,0.00230117,0.00229176,0.00230117,0.00229176,0.00230117,0.0,0.00230117,0.0,0.002301
n558,U637/Y,NAND3X1,OR2X2/B,1,0.00234214,0.00228252,0.00234214,0.00228252,0.00234214,0.0,0.00234214,0.0,0.002342
n559,U641/Y,AOI22X1,NAND3X1/A,1,0.00254759,0.00254759,0.00220852,0.00220852,0.00254759,0.0,0.00254759,0.0,0.002548
n560,U640/Y,AOI22X1,NAND3X1/B,1,0.00283213,0.00283213,0.00259978,0.00259978,0.00283213,0.0,0.00283213,0.0,0.002832
n562,U639/Y,AOI22X1,AND2X2/A,1,0.00179784,0.00179784,0.00176278,0.00176278,0.00179784,0.0,0.00179784,0.0,0.001798
n563,U638/Y,AOI22X1,AND2X2/B,1,0.00186944,0.00186944,0.00182011,0.00182011,0.00186944,0.0,0.00186944,0.0,0.001869
n564,U646/Y,AOI22X1,NAND3X1/A,1,0.00254759,0.00254759,0.00220852,0.00220852,0.00254759,0.0,0.00254759,0.0,0.002548
n565,U645/Y,AOI22X1,NAND3X1/B,1,0.00283213,0.00283213,0.00259978,0.00259978,0.00283213,0.0,0.00283213,0.0,0.002832
n567,U644/Y,AOI22X1,AND2X2/A,1,0.00179784,0.00179784,0.00176278,0.00176278,0.00179784,0.0,0.00179784,0.0,0.001798
n568,U643/Y,AOI22X1,AND2X2/B,1,0.00186944,0.00186944,0.00182011,0.00182011,0.00186944,0.0,0.00186944,0.0,0.001869
n569,U652/Y,NAND3X1,OR2X2/A,1,0.00230117,0.00229176,0.00230117,0.00229176,0.00230117,0.0,0.00230117,0.0,0.002301
n570,U647/Y,NAND3X1,OR2X2/B,1,0.00234214,0.00228252,0.00234214,0.00228252,0.00234214,0.0,0.00234214,0.0,0.002342
n571,U651/Y,AOI22X1,NAND3X1/A,1,0.00254759,0.00254759,0.00220852,0.00220852,0.00254759,0.0,0.00254759,0.0,0.002548
n572,U650/Y,AOI22X1,NAND3X1/B,1,0.00283213,0.00283213,0.00259978,0.00259978,0.00283213,0.0,0.00283213,0.0,0.002832
n574,U649/Y,AOI22X1,AND2X2/A,1,0.00179784,0.00179784,0.00176278,0.00176278,0.00179784,0.0,0.00179784,0.0,0.001798
n575,U648/Y,AOI22X1,AND2X2/B,1,0.00186944,0.00186944,0.00182011,0.00182011,0.00186944,0.0,0.00186944,0.0,0.001869
n576,U656/Y,AOI22X1,NAND3X1/A,1,0.00254759,0.00254759,0.00220852,0.00220852,0.00254759,0.0,0.00254759,0.0,0.002548
n577,U655/Y,AOI22X1,NAND3X1/B,1,0.00283213,0.00283213,0.00259978,0.00259978,0.00283213,0.0,0.00283213,0.0,0.002832
n579,U654/Y,AOI22X1,AND2X2/A,1,0.00179784,0.00179784,0.00176278,0.00176278,0.00179784,0.0,0.00179784,0.0,0.001798
n580,U653/Y,AOI22X1,AND2X2/B,1,0.00186944,0.00186944,0.00182011,0.00182011,0.00186944,0.0,0.00186944,0.0,0.001869
n581,U662/Y,NAND3X1,OR2X2/A,1,0.00230117,0.00229176,0.00230117,0.00229176,0.00230117,0.0,0.00230117,0.0,0.002301
n582,U657/Y,NAND3X1,OR2X2/B,1,0.00234214,0.00228252,0.00234214,0.00228252,0.00234214,0.0,0.00234214,0.0,0.002342
n583,U661/Y,AOI22X1,NAND3X1/A,1,0.00254759,0.00254759,0.00220852,0.00220852,0.00254759,0.0,0.00254759,0.0,0.002548
n584,U660/Y,AOI22X1,NAND3X1/B,1,0.00283213,0.00283213,0.00259978,0.00259978,0.00283213,0.0,0.00283213,0.0,0.002832
n586,U659/Y,AOI22X1,AND2X2/A,1,0.00179784,0.00179784,0.00176278,0.00176278,0.00179784,0.0,0.00179784,0.0,0.001798
n587,U658/Y,AOI22X1,AND2X2/B,1,0.00186944,0.00186944,0.00182011,0.00182011,0.00186944,0.0,0.00186944,0.0,0.001869
n588,U666/Y,AOI22X1,NAND3X1/A,1,0.00254759,0.00254759,0.00220852,0.00220852,0.00254759,0.0,0.00254759,0.0,0.002548
n589,U665/Y,AOI22X1,NAND3X1/B,1,0.00283213,0.00283213,0.00259978,0.00259978,0.00283213,0.0,0.00283213,0.0,0.002832
n591,U664/Y,AOI22X1,AND2X2/A,1,0.00179784,0.00179784,0.00176278,0.00176278,0.00179784,0.0,0.00179784,0.0,0.001798
n592,U663/Y,AOI22X1,AND2X2/B,1,0.00186944,0.00186944,0.00182011,0.00182011,0.00186944,0.0,0.00186944,0.0,0.001869
n593,U672/Y,NAND3X1,OR2X2/A,1,0.00230117,0.00229176,0.00230117,0.00229176,0.00230117,0.0,0.00230117,0.0,0.002301
n594,U667/Y,NAND3X1,OR2X2/B,1,0.00234214,0.00228252,0.00234214,0.00228252,0.00234214,0.0,0.00234214,0.0,0.002342
n595,U671/Y,AOI22X1,NAND3X1/A,1,0.00254759,0.00254759,0.00220852,0.00220852,0.00254759,0.0,0.00254759,0.0,0.002548
n596,U670/Y,AOI22X1,NAND3X1/B,1,0.00283213,0.00283213,0.00259978,0.00259978,0.00283213,0.0,0.00283213,0.0,0.002832
n598,U669/Y,AOI22X1,AND2X2/A,1,0.00179784,0.00179784,0.00176278,0.00176278,0.00179784,0.0,0.00179784,0.0,0.001798
n599,U668/Y,AOI22X1,AND2X2/B,1,0.00186944,0.00186944,0.00182011,0.00182011,0.00186944,0.0,0.00186944,0.0,0.001869
n600,U676/Y,AOI22X1,NAND3X1/A,1,0.00254759,0.00254759,0.00220852,0.00220852,0.00254759,0.0,0.00254759,0.0,0.002548
n601,U675/Y,AOI22X1,NAND3X1/B,1,0.00283213,0.00283213,0.00259978,0.00259978,0.00283213,0.0,0.00283213,0.0,0.002832
n603,U674/Y,AOI22X1,AND2X2/A,1,0.00179784,0.00179784,0.00176278,0.00176278,0.00179784,0.0,0.00179784,0.0,0.001798
n604,U673/Y,AOI22X1,AND2X2/B,1,0.00186944,0.00186944,0.00182011,0.00182011,0.00186944,0.0,0.00186944,0.0,0.001869
n605,U682/Y,NAND3X1,OR2X2/A,1,0.00230117,0.00229176,0.00230117,0.00229176,0.00230117,0.0,0.00230117,0.0,0.002301
n606,U677/Y,NAND3X1,OR2X2/B,1,0.00234214,0.00228252,0.00234214,0.00228252,0.00234214,0.0,0.00234214,0.0,0.002342
n607,U681/Y,AOI22X1,NAND3X1/A,1,0.00254759,0.00254759,0.00220852,0.00220852,0.00254759,0.0,0.00254759,0.0,0.002548
n608,U680/Y,AOI22X1,NAND3X1/B,1,0.00283213,0.00283213,0.00259978,0.00259978,0.00283213,0.0,0.00283213,0.0,0.002832
n610,U679/Y,AOI22X1,AND2X2/A,1,0.00179784,0.00179784,0.00176278,0.00176278,0.00179784,0.0,0.00179784,0.0,0.001798
n611,U678/Y,AOI22X1,AND2X2/B,1,0.00186944,0.00186944,0.00182011,0.00182011,0.00186944,0.0,0.00186944,0.0,0.001869
n612,U686/Y,AOI22X1,NAND3X1/A,1,0.00254759,0.00254759,0.00220852,0.00220852,0.00254759,0.0,0.00254759,0.0,0.002548
n613,U685/Y,AOI22X1,NAND3X1/B,1,0.00283213,0.00283213,0.00259978,0.00259978,0.00283213,0.0,0.00283213,0.0,0.002832
n615,U684/Y,AOI22X1,AND2X2/A,1,0.00179784,0.00179784,0.00176278,0.00176278,0.00179784,0.0,0.00179784,0.0,0.001798
n616,U683/Y,AOI22X1,AND2X2/B,1,0.00186944,0.00186944,0.00182011,0.00182011,0.00186944,0.0,0.00186944,0.0,0.001869
n617,U692/Y,NAND3X1,OR2X2/A,1,0.00230117,0.00229176,0.00230117,0.00229176,0.00230117,0.0,0.00230117,0.0,0.002301
n618,U687/Y,NAND3X1,OR2X2/B,1,0.00234214,0.00228252,0.00234214,0.00228252,0.00234214,0.0,0.00234214,0.0,0.002342
n619,U691/Y,AOI22X1,NAND3X1/A,1,0.00254759,0.00254759,0.00220852,0.00220852,0.00254759,0.0,0.00254759,0.0,0.002548
n620,U690/Y,AOI22X1,NAND3X1/B,1,0.00283213,0.00283213,0.00259978,0.00259978,0.00283213,0.0,0.00283213,0.0,0.002832
n622,U689/Y,AOI22X1,AND2X2/A,1,0.00179784,0.00179784,0.00176278,0.00176278,0.00179784,0.0,0.00179784,0.0,0.001798
n623,U688/Y,AOI22X1,AND2X2/B,1,0.00186944,0.00186944,0.00182011,0.00182011,0.00186944,0.0,0.00186944,0.0,0.001869
n624,U696/Y,AOI22X1,NAND3X1/A,1,0.00254759,0.00254759,0.00220852,0.00220852,0.00254759,0.0,0.00254759,0.0,0.002548
n625,U695/Y,AOI22X1,NAND3X1/B,1,0.00283213,0.00283213,0.00259978,0.00259978,0.00283213,0.0,0.00283213,0.0,0.002832
n627,U694/Y,AOI22X1,AND2X2/A,1,0.00179784,0.00179784,0.00176278,0.00176278,0.00179784,0.0,0.00179784,0.0,0.001798
n628,U693/Y,AOI22X1,AND2X2/B,1,0.00186944,0.00186944,0.00182011,0.00182011,0.00186944,0.0,0.00186944,0.0,0.001869
n629,U702/Y,NAND3X1,OR2X2/A,1,0.00230117,0.00229176,0.00230117,0.00229176,0.00230117,0.0,0.00230117,0.0,0.002301
n630,U697/Y,NAND3X1,OR2X2/B,1,0.00234214,0.00228252,0.00234214,0.00228252,0.00234214,0.0,0.00234214,0.0,0.002342
n631,U701/Y,AOI22X1,NAND3X1/A,1,0.00254759,0.00254759,0.00220852,0.00220852,0.00254759,0.0,0.00254759,0.0,0.002548
n632,U700/Y,AOI22X1,NAND3X1/B,1,0.00283213,0.00283213,0.00259978,0.00259978,0.00283213,0.0,0.00283213,0.0,0.002832
n634,U699/Y,AOI22X1,AND2X2/A,1,0.00179784,0.00179784,0.00176278,0.00176278,0.00179784,0.0,0.00179784,0.0,0.001798
n635,U698/Y,AOI22X1,AND2X2/B,1,0.00186944,0.00186944,0.00182011,0.00182011,0.00186944,0.0,0.00186944,0.0,0.001869
n636,U706/Y,AOI22X1,NAND3X1/A,1,0.00254759,0.00254759,0.00220852,0.00220852,0.00254759,0.0,0.00254759,0.0,0.002548
n637,U705/Y,AOI22X1,NAND3X1/B,1,0.00283213,0.00283213,0.00259978,0.00259978,0.00283213,0.0,0.00283213,0.0,0.002832
n639,U704/Y,AOI22X1,AND2X2/A,1,0.00179784,0.00179784,0.00176278,0.00176278,0.00179784,0.0,0.00179784,0.0,0.001798
n640,U703/Y,AOI22X1,AND2X2/B,1,0.00186944,0.00186944,0.00182011,0.00182011,0.00186944,0.0,0.00186944,0.0,0.001869
n641,U712/Y,NAND3X1,OR2X2/A,1,0.00230117,0.00229176,0.00230117,0.00229176,0.00230117,0.0,0.00230117,0.0,0.002301
n642,U707/Y,NAND3X1,OR2X2/B,1,0.00234214,0.00228252,0.00234214,0.00228252,0.00234214,0.0,0.00234214,0.0,0.002342
n643,U711/Y,AOI22X1,NAND3X1/A,1,0.00254759,0.00254759,0.00220852,0.00220852,0.00254759,0.0,0.00254759,0.0,0.002548
n644,U710/Y,AOI22X1,NAND3X1/B,1,0.00283213,0.00283213,0.00259978,0.00259978,0.00283213,0.0,0.00283213,0.0,0.002832
n646,U709/Y,AOI22X1,AND2X2/A,1,0.00179784,0.00179784,0.00176278,0.00176278,0.00179784,0.0,0.00179784,0.0,0.001798
n647,U708/Y,AOI22X1,AND2X2/B,1,0.00186944,0.00186944,0.00182011,0.00182011,0.00186944,0.0,0.00186944,0.0,0.001869
n648,U716/Y,AOI22X1,NAND3X1/A,1,0.00254759,0.00254759,0.00220852,0.00220852,0.00254759,0.0,0.00254759,0.0,0.002548
n649,U715/Y,AOI22X1,NAND3X1/B,1,0.00283213,0.00283213,0.00259978,0.00259978,0.00283213,0.0,0.00283213,0.0,0.002832
n651,U714/Y,AOI22X1,AND2X2/A,1,0.00179784,0.00179784,0.00176278,0.00176278,0.00179784,0.0,0.00179784,0.0,0.001798
n652,U713/Y,AOI22X1,AND2X2/B,1,0.00186944,0.00186944,0.00182011,0.00182011,0.00186944,0.0,0.00186944,0.0,0.001869
n653,U722/Y,NAND3X1,OR2X2/A,1,0.00230117,0.00229176,0.00230117,0.00229176,0.00230117,0.0,0.00230117,0.0,0.002301
n654,U717/Y,NAND3X1,OR2X2/B,1,0.00234214,0.00228252,0.00234214,0.00228252,0.00234214,0.0,0.00234214,0.0,0.002342
n655,U721/Y,AOI22X1,NAND3X1/A,1,0.00254759,0.00254759,0.00220852,0.00220852,0.00254759,0.0,0.00254759,0.0,0.002548
n656,U720/Y,AOI22X1,NAND3X1/B,1,0.00283213,0.00283213,0.00259978,0.00259978,0.00283213,0.0,0.00283213,0.0,0.002832
n658,U719/Y,AOI22X1,AND2X2/A,1,0.00179784,0.00179784,0.00176278,0.00176278,0.00179784,0.0,0.00179784,0.0,0.001798
n659,U718/Y,AOI22X1,AND2X2/B,1,0.00186944,0.00186944,0.00182011,0.00182011,0.00186944,0.0,0.00186944,0.0,0.001869
n660,U726/Y,AOI22X1,NAND3X1/A,1,0.00254759,0.00254759,0.00220852,0.00220852,0.00254759,0.0,0.00254759,0.0,0.002548
n661,U725/Y,AOI22X1,NAND3X1/B,1,0.00283213,0.00283213,0.00259978,0.00259978,0.00283213,0.0,0.00283213,0.0,0.002832
n663,U724/Y,AOI22X1,AND2X2/A,1,0.00179784,0.00179784,0.00176278,0.00176278,0.00179784,0.0,0.00179784,0.0,0.001798
n664,U723/Y,AOI22X1,AND2X2/B,1,0.00186944,0.00186944,0.00182011,0.00182011,0.00186944,0.0,0.00186944,0.0,0.001869
n665,U732/Y,NAND3X1,OR2X2/A,1,0.00230117,0.00229176,0.00230117,0.00229176,0.00230117,0.0,0.00230117,0.0,0.002301
n666,U727/Y,NAND3X1,OR2X2/B,1,0.00234214,0.00228252,0.00234214,0.00228252,0.00234214,0.0,0.00234214,0.0,0.002342
n667,U731/Y,AOI22X1,NAND3X1/A,1,0.00254759,0.00254759,0.00220852,0.00220852,0.00254759,0.0,0.00254759,0.0,0.002548
n668,U730/Y,AOI22X1,NAND3X1/B,1,0.00283213,0.00283213,0.00259978,0.00259978,0.00283213,0.0,0.00283213,0.0,0.002832
n670,U729/Y,AOI22X1,AND2X2/A,1,0.00179784,0.00179784,0.00176278,0.00176278,0.00179784,0.0,0.00179784,0.0,0.001798
n671,U728/Y,AOI22X1,AND2X2/B,1,0.00186944,0.00186944,0.00182011,0.00182011,0.00186944,0.0,0.00186944,0.0,0.001869
n672,U736/Y,AOI22X1,NAND3X1/A,1,0.00254759,0.00254759,0.00220852,0.00220852,0.00254759,0.0,0.00254759,0.0,0.002548
n673,U735/Y,AOI22X1,NAND3X1/B,1,0.00283213,0.00283213,0.00259978,0.00259978,0.00283213,0.0,0.00283213,0.0,0.002832
n675,U734/Y,AOI22X1,AND2X2/A,1,0.00179784,0.00179784,0.00176278,0.00176278,0.00179784,0.0,0.00179784,0.0,0.001798
n676,U733/Y,AOI22X1,AND2X2/B,1,0.00186944,0.00186944,0.00182011,0.00182011,0.00186944,0.0,0.00186944,0.0,0.001869
n677,U742/Y,NAND3X1,OR2X2/A,1,0.00230117,0.00229176,0.00230117,0.00229176,0.00230117,0.0,0.00230117,0.0,0.002301
n678,U737/Y,NAND3X1,OR2X2/B,1,0.00234214,0.00228252,0.00234214,0.00228252,0.00234214,0.0,0.00234214,0.0,0.002342
n679,U741/Y,AOI22X1,NAND3X1/A,1,0.00254759,0.00254759,0.00220852,0.00220852,0.00254759,0.0,0.00254759,0.0,0.002548
n680,U740/Y,AOI22X1,NAND3X1/B,1,0.00283213,0.00283213,0.00259978,0.00259978,0.00283213,0.0,0.00283213,0.0,0.002832
n682,U739/Y,AOI22X1,AND2X2/A,1,0.00179784,0.00179784,0.00176278,0.00176278,0.00179784,0.0,0.00179784,0.0,0.001798
n683,U738/Y,AOI22X1,AND2X2/B,1,0.00186944,0.00186944,0.00182011,0.00182011,0.00186944,0.0,0.00186944,0.0,0.001869
n684,U746/Y,AOI22X1,NAND3X1/A,1,0.00254759,0.00254759,0.00220852,0.00220852,0.00254759,0.0,0.00254759,0.0,0.002548
n685,U745/Y,AOI22X1,NAND3X1/B,1,0.00283213,0.00283213,0.00259978,0.00259978,0.00283213,0.0,0.00283213,0.0,0.002832
n687,U744/Y,AOI22X1,AND2X2/A,1,0.00179784,0.00179784,0.00176278,0.00176278,0.00179784,0.0,0.00179784,0.0,0.001798
n688,U743/Y,AOI22X1,AND2X2/B,1,0.00186944,0.00186944,0.00182011,0.00182011,0.00186944,0.0,0.00186944,0.0,0.001869
n689,U752/Y,NAND3X1,OR2X2/A,1,0.00230117,0.00229176,0.00230117,0.00229176,0.00230117,0.0,0.00230117,0.0,0.002301
n690,U747/Y,NAND3X1,OR2X2/B,1,0.00234214,0.00228252,0.00234214,0.00228252,0.00234214,0.0,0.00234214,0.0,0.002342
n691,U751/Y,AOI22X1,NAND3X1/A,1,0.00254759,0.00254759,0.00220852,0.00220852,0.00254759,0.0,0.00254759,0.0,0.002548
n692,U750/Y,AOI22X1,NAND3X1/B,1,0.00283213,0.00283213,0.00259978,0.00259978,0.00283213,0.0,0.00283213,0.0,0.002832
n694,U749/Y,AOI22X1,AND2X2/A,1,0.00179784,0.00179784,0.00176278,0.00176278,0.00179784,0.0,0.00179784,0.0,0.001798
n695,U748/Y,AOI22X1,AND2X2/B,1,0.00186944,0.00186944,0.00182011,0.00182011,0.00186944,0.0,0.00186944,0.0,0.001869
n696,U756/Y,AOI22X1,NAND3X1/A,1,0.00254759,0.00254759,0.00220852,0.00220852,0.00254759,0.0,0.00254759,0.0,0.002548
n697,U755/Y,AOI22X1,NAND3X1/B,1,0.00283213,0.00283213,0.00259978,0.00259978,0.00283213,0.0,0.00283213,0.0,0.002832
n699,U754/Y,AOI22X1,AND2X2/A,1,0.00179784,0.00179784,0.00176278,0.00176278,0.00179784,0.0,0.00179784,0.0,0.001798
n700,U753/Y,AOI22X1,AND2X2/B,1,0.00186944,0.00186944,0.00182011,0.00182011,0.00186944,0.0,0.00186944,0.0,0.001869
n701,U762/Y,NAND3X1,OR2X2/A,1,0.00230117,0.00229176,0.00230117,0.00229176,0.00230117,0.0,0.00230117,0.0,0.002301
n702,U757/Y,NAND3X1,OR2X2/B,1,0.00234214,0.00228252,0.00234214,0.00228252,0.00234214,0.0,0.00234214,0.0,0.002342
n703,U761/Y,AOI22X1,NAND3X1/A,1,0.00254759,0.00254759,0.00220852,0.00220852,0.00254759,0.0,0.00254759,0.0,0.002548
n704,U760/Y,AOI22X1,NAND3X1/B,1,0.00283213,0.00283213,0.00259978,0.00259978,0.00283213,0.0,0.00283213,0.0,0.002832
n706,U759/Y,AOI22X1,AND2X2/A,1,0.00179784,0.00179784,0.00176278,0.00176278,0.00179784,0.0,0.00179784,0.0,0.001798
n707,U758/Y,AOI22X1,AND2X2/B,1,0.00186944,0.00186944,0.00182011,0.00182011,0.00186944,0.0,0.00186944,0.0,0.001869
n708,U766/Y,AOI22X1,NAND3X1/A,1,0.00254759,0.00254759,0.00220852,0.00220852,0.00254759,0.0,0.00254759,0.0,0.002548
n709,U765/Y,AOI22X1,NAND3X1/B,1,0.00283213,0.00283213,0.00259978,0.00259978,0.00283213,0.0,0.00283213,0.0,0.002832
n711,U764/Y,AOI22X1,AND2X2/A,1,0.00179784,0.00179784,0.00176278,0.00176278,0.00179784,0.0,0.00179784,0.0,0.001798
n712,U763/Y,AOI22X1,AND2X2/B,1,0.00186944,0.00186944,0.00182011,0.00182011,0.00186944,0.0,0.00186944,0.0,0.001869
n713,U772/Y,NAND3X1,OR2X2/A,1,0.00230117,0.00229176,0.00230117,0.00229176,0.00230117,0.0,0.00230117,0.0,0.002301
n714,U767/Y,NAND3X1,OR2X2/B,1,0.00234214,0.00228252,0.00234214,0.00228252,0.00234214,0.0,0.00234214,0.0,0.002342
n715,U771/Y,AOI22X1,NAND3X1/A,1,0.00254759,0.00254759,0.00220852,0.00220852,0.00254759,0.0,0.00254759,0.0,0.002548
n716,U770/Y,AOI22X1,NAND3X1/B,1,0.00283213,0.00283213,0.00259978,0.00259978,0.00283213,0.0,0.00283213,0.0,0.002832
n718,U769/Y,AOI22X1,AND2X2/A,1,0.00179784,0.00179784,0.00176278,0.00176278,0.00179784,0.0,0.00179784,0.0,0.001798
n719,U768/Y,AOI22X1,AND2X2/B,1,0.00186944,0.00186944,0.00182011,0.00182011,0.00186944,0.0,0.00186944,0.0,0.001869
n720,U776/Y,AOI22X1,NAND3X1/A,1,0.00254759,0.00254759,0.00220852,0.00220852,0.00254759,0.0,0.00254759,0.0,0.002548
n721,U775/Y,AOI22X1,NAND3X1/B,1,0.00283213,0.00283213,0.00259978,0.00259978,0.00283213,0.0,0.00283213,0.0,0.002832
n723,U774/Y,AOI22X1,AND2X2/A,1,0.00179784,0.00179784,0.00176278,0.00176278,0.00179784,0.0,0.00179784,0.0,0.001798
n724,U773/Y,AOI22X1,AND2X2/B,1,0.00186944,0.00186944,0.00182011,0.00182011,0.00186944,0.0,0.00186944,0.0,0.001869
response_i/n1000,response_i/U433/Y,NAND3X1,NAND3X1/B,1,0.00283213,0.00283213,0.00259978,0.00259978,0.00283213,0.0,0.00283213,0.0,0.002832
response_i/n1002,response_i/U432/Y,NAND3X1,AND2X2/A,1,0.00179784,0.00179784,0.00176278,0.00176278,0.00179784,0.0,0.00179784,0.0,0.001798
response_i/n1003,response_i/U431/Y,NAND3X1,AND2X2/B,1,0.00186944,0.00186944,0.00182011,0.00182011,0.00186944,0.0,0.00186944,0.0,0.001869
response_i/n1004,response_i/U443/Y,NAND3X1,NOR3X1/A,1,0.00302113,0.00302113,0.00301081,0.00301081,0.00302113,0.0,0.00302113,0.0,0.003021
response_i/n1005,response_i/U439/Y,NAND3X1,NOR3X1/B,1,0.003067,0.00306333,0.003067,0.00306333,0.003067,0.0,0.003067,0.0,0.003067
response_i/n1006,response_i/U436/Y,NAND2X1,NOR3X1/C,1,0.00328822,0.00328822,0.00322576,0.00322576,0.00328822,0.0,0.00328822,0.0,0.003288
response_i/n1007,response_i/U438/Y,NAND3X1,NAND2X1/A,1,0.00211057,0.00211057,0.00188435,0.00188435,0.00211057,0.0,0.00211057,0.0,0.002111
response_i/n1008,response_i/U437/Y,NAND3X1,NAND2X1/B,1,0.00202749,0.00202749,0.00194421,0.00194421,0.00202749,0.0,0.00202749,0.0,0.002027
response_i/n1009,response_i/U442/Y,NAND3X1,NAND3X1/A,1,0.00254759,0.00254759,0.00220852,0.00220852,0.00254759,0.0,0.00254759,0.0,0.002548
response_i/n1010,response_i/U441/Y,NAND3X1,NAND3X1/B,1,0.00283213,0.00283213,0.00259978,0.00259978,0.00283213,0.0,0.00283213,0.0,0.002832
response_i/n1011,response_i/U440/Y,NAND2X1,NAND3X1/C,1,0.00296109,0.00296109,0.0028316,0.0028316,0.00296109,0.0,0.00296109,0.0,0.002961
response_i/n1012,response_i/U445/Y,NAND3X1,NAND3X1/A,1,0.00254759,0.00254759,0.00220852,0.00220852,0.00254759,0.0,0.00254759,0.0,0.002548
response_i/n1013,response_i/U444/Y,NAND3X1,NAND3X1/B,1,0.00283213,0.00283213,0.00259978,0.00259978,0.00283213,0.0,0.00283213,0.0,0.002832
response_i/n1019,response_i/U455/Y,NAND3X1,NOR3X1/A,1,0.00302113,0.00302113,0.00301081,0.00301081,0.00302113,0.0,0.00302113,0.0,0.003021
response_i/n1020,response_i/U451/Y,NAND3X1,NOR3X1/B,1,0.003067,0.00306333,0.003067,0.00306333,0.003067,0.0,0.003067,0.0,0.003067
response_i/n1021,response_i/U448/Y,NAND2X1,NOR3X1/C,1,0.00328822,0.00328822,0.00322576,0.00322576,0.00328822,0.0,0.00328822,0.0,0.003288
response_i/n1022,response_i/U450/Y,NAND3X1,NAND2X1/A,1,0.00211057,0.00211057,0.00188435,0.00188435,0.00211057,0.0,0.00211057,0.0,0.002111
response_i/n1023,response_i/U449/Y,NAND3X1,NAND2X1/B,1,0.00202749,0.00202749,0.00194421,0.00194421,0.00202749,0.0,0.00202749,0.0,0.002027
response_i/n1024,response_i/U454/Y,NAND3X1,NAND3X1/A,1,0.00254759,0.00254759,0.00220852,0.00220852,0.00254759,0.0,0.00254759,0.0,0.002548
response_i/n1025,response_i/U453/Y,NAND3X1,NAND3X1/B,1,0.00283213,0.00283213,0.00259978,0.00259978,0.00283213,0.0,0.00283213,0.0,0.002832
response_i/n1026,response_i/U452/Y,NAND3X1,NAND3X1/C,1,0.00296109,0.00296109,0.0028316,0.0028316,0.00296109,0.0,0.00296109,0.0,0.002961
response_i/n1027,response_i/U459/Y,NAND3X1,NAND3X1/A,1,0.00254759,0.00254759,0.00220852,0.00220852,0.00254759,0.0,0.00254759,0.0,0.002548
response_i/n1028,response_i/U458/Y,NAND3X1,NAND3X1/B,1,0.00283213,0.00283213,0.00259978,0.00259978,0.00283213,0.0,0.00283213,0.0,0.002832
response_i/n1030,response_i/U457/Y,NAND3X1,AND2X2/A,1,0.00179784,0.00179784,0.00176278,0.00176278,0.00179784,0.0,0.00179784,0.0,0.001798
response_i/n1031,response_i/U456/Y,NAND3X1,AND2X2/B,1,0.00186944,0.00186944,0.00182011,0.00182011,0.00186944,0.0,0.00186944,0.0,0.001869
response_i/n1032,response_i/U468/Y,NAND3X1,NOR3X1/A,1,0.00302113,0.00302113,0.00301081,0.00301081,0.00302113,0.0,0.00302113,0.0,0.003021
response_i/n1033,response_i/U464/Y,NAND3X1,NOR3X1/B,1,0.003067,0.00306333,0.003067,0.00306333,0.003067,0.0,0.003067,0.0,0.003067
response_i/n1034,response_i/U461/Y,NAND2X1,NOR3X1/C,1,0.00328822,0.00328822,0.00322576,0.00322576,0.00328822,0.0,0.00328822,0.0,0.003288
response_i/n1035,response_i/U463/Y,NAND3X1,NAND2X1/A,1,0.00211057,0.00211057,0.00188435,0.00188435,0.00211057,0.0,0.00211057,0.0,0.002111
response_i/n1036,response_i/U462/Y,NAND2X1,NAND2X1/B,1,0.00202749,0.00202749,0.00194421,0.00194421,0.00202749,0.0,0.00202749,0.0,0.002027
response_i/n1037,response_i/U467/Y,NAND3X1,NAND3X1/A,1,0.00254759,0.00254759,0.00220852,0.00220852,0.00254759,0.0,0.00254759,0.0,0.002548
response_i/n1038,response_i/U466/Y,NAND3X1,NAND3X1/B,1,0.00283213,0.00283213,0.00259978,0.00259978,0.00283213,0.0,0.00283213,0.0,0.002832
response_i/n1039,response_i/U465/Y,NAND3X1,NAND3X1/C,1,0.00296109,0.00296109,0.0028316,0.0028316,0.00296109,0.0,0.00296109,0.0,0.002961
response_i/n1040,response_i/U470/Y,NAND3X1,NAND3X1/A,1,0.00254759,0.00254759,0.00220852,0.00220852,0.00254759,0.0,0.00254759,0.0,0.002548
response_i/n1041,response_i/U469/Y,NAND3X1,NAND3X1/B,1,0.00283213,0.00283213,0.00259978,0.00259978,0.00283213,0.0,0.00283213,0.0,0.002832
response_i/n1046,response_i/U481/Y,NAND3X1,NOR3X1/A,1,0.00302113,0.00302113,0.00301081,0.00301081,0.00302113,0.0,0.00302113,0.0,0.003021
response_i/n1047,response_i/U477/Y,NAND3X1,NOR3X1/B,1,0.003067,0.00306333,0.003067,0.00306333,0.003067,0.0,0.003067,0.0,0.003067
response_i/n1048,response_i/U474/Y,NAND2X1,NOR3X1/C,1,0.00328822,0.00328822,0.00322576,0.00322576,0.00328822,0.0,0.00328822,0.0,0.003288
response_i/n1049,response_i/U476/Y,NAND3X1,NAND2X1/A,1,0.00211057,0.00211057,0.00188435,0.00188435,0.00211057,0.0,0.00211057,0.0,0.002111
response_i/n1050,response_i/U475/Y,NAND3X1,NAND2X1/B,1,0.00202749,0.00202749,0.00194421,0.00194421,0.00202749,0.0,0.00202749,0.0,0.002027
response_i/n1051,response_i/U480/Y,NAND3X1,NAND3X1/A,1,0.00254759,0.00254759,0.00220852,0.00220852,0.00254759,0.0,0.00254759,0.0,0.002548
response_i/n1052,response_i/U479/Y,NAND3X1,NAND3X1/B,1,0.00283213,0.00283213,0.00259978,0.00259978,0.00283213,0.0,0.00283213,0.0,0.002832
response_i/n1053,response_i/U478/Y,NAND3X1,NAND3X1/C,1,0.00296109,0.00296109,0.0028316,0.0028316,0.00296109,0.0,0.00296109,0.0,0.002961
response_i/n1054,response_i/U485/Y,NAND3X1,NAND3X1/A,1,0.00254759,0.00254759,0.00220852,0.00220852,0.00254759,0.0,0.00254759,0.0,0.002548
response_i/n1055,response_i/U484/Y,NAND3X1,NAND3X1/B,1,0.00283213,0.00283213,0.00259978,0.00259978,0.00283213,0.0,0.00283213,0.0,0.002832
response_i/n1057,response_i/U483/Y,NAND3X1,AND2X2/A,1,0.00179784,0.00179784,0.00176278,0.00176278,0.00179784,0.0,0.00179784,0.0,0.001798
response_i/n1058,response_i/U482/Y,NAND3X1,AND2X2/B,1,0.00186944,0.00186944,0.00182011,0.00182011,0.00186944,0.0,0.00186944,0.0,0.001869
response_i/n1059,response_i/U494/Y,NAND3X1,NOR3X1/A,1,0.00302113,0.00302113,0.00301081,0.00301081,0.00302113,0.0,0.00302113,0.0,0.003021
response_i/n1060,response_i/U490/Y,NAND3X1,NOR3X1/B,1,0.003067,0.00306333,0.003067,0.00306333,0.003067,0.0,0.003067,0.0,0.003067
response_i/n1061,response_i/U487/Y,NAND2X1,NOR3X1/C,1,0.00328822,0.00328822,0.00322576,0.00322576,0.00328822,0.0,0.00328822,0.0,0.003288
response_i/n1062,response_i/U489/Y,NAND3X1,NAND2X1/A,1,0.00211057,0.00211057,0.00188435,0.00188435,0.00211057,0.0,0.00211057,0.0,0.002111
response_i/n1063,response_i/U488/Y,NAND3X1,NAND2X1/B,1,0.00202749,0.00202749,0.00194421,0.00194421,0.00202749,0.0,0.00202749,0.0,0.002027
response_i/n1064,response_i/U493/Y,NAND3X1,NAND3X1/A,1,0.00254759,0.00254759,0.00220852,0.00220852,0.00254759,0.0,0.00254759,0.0,0.002548
response_i/n1065,response_i/U492/Y,NAND2X1,NAND3X1/B,1,0.00283213,0.00283213,0.00259978,0.00259978,0.00283213,0.0,0.00283213,0.0,0.002832
response_i/n1066,response_i/U491/Y,NAND3X1,NAND3X1/C,1,0.00296109,0.00296109,0.0028316,0.0028316,0.00296109,0.0,0.00296109,0.0,0.002961
response_i/n1067,response_i/U496/Y,NAND3X1,NAND3X1/A,1,0.00254759,0.00254759,0.00220852,0.00220852,0.00254759,0.0,0.00254759,0.0,0.002548
response_i/n1068,response_i/U495/Y,NAND3X1,NAND3X1/B,1,0.00283213,0.00283213,0.00259978,0.00259978,0.00283213,0.0,0.00283213,0.0,0.002832
response_i/n1070,response_i/U574/Y,NOR2X1,AND2X2/A;AND2X2/A,2,0.00359568,0.00359568,0.00352556,0.00352556,0.00359568,0.0,0.00359568,0.0,0.003596
response_i/n1073,response_i/U507/Y,NAND3X1,NOR3X1/A,1,0.00302113,0.00302113,0.00301081,0.00301081,0.00302113,0.0,0.00302113,0.0,0.003021
response_i/n1074,response_i/U503/Y,NAND3X1,NOR3X1/B,1,0.003067,0.00306333,0.003067,0.00306333,0.003067,0.0,0.003067,0.0,0.003067
response_i/n1075,response_i/U500/Y,NAND2X1,NOR3X1/C,1,0.00328822,0.00328822,0.00322576,0.00322576,0.00328822,0.0,0.00328822,0.0,0.003288
response_i/n1076,response_i/U502/Y,NAND3X1,NAND2X1/A,1,0.00211057,0.00211057,0.00188435,0.00188435,0.00211057,0.0,0.00211057,0.0,0.002111
response_i/n1077,response_i/U501/Y,NAND3X1,NAND2X1/B,1,0.00202749,0.00202749,0.00194421,0.00194421,0.00202749,0.0,0.00202749,0.0,0.002027
response_i/n1078,response_i/U506/Y,NAND3X1,NAND3X1/A,1,0.00254759,0.00254759,0.00220852,0.00220852,0.00254759,0.0,0.00254759,0.0,0.002548
response_i/n1079,response_i/U505/Y,NAND3X1,NAND3X1/B,1,0.00283213,0.00283213,0.00259978,0.00259978,0.00283213,0.0,0.00283213,0.0,0.002832
response_i/n1080,response_i/U504/Y,NAND3X1,NAND3X1/C,1,0.00296109,0.00296109,0.0028316,0.0028316,0.00296109,0.0,0.00296109,0.0,0.002961
response_i/n1081,response_i/U511/Y,NAND3X1,NAND3X1/A,1,0.00254759,0.00254759,0.00220852,0.00220852,0.00254759,0.0,0.00254759,0.0,0.002548
response_i/n1082,response_i/U510/Y,NAND3X1,NAND3X1/B,1,0.00283213,0.00283213,0.00259978,0.00259978,0.00283213,0.0,0.00283213,0.0,0.002832
response_i/n1084,response_i/U509/Y,NAND3X1,AND2X2/A,1,0.00179784,0.00179784,0.00176278,0.00176278,0.00179784,0.0,0.00179784,0.0,0.001798
response_i/n1085,response_i/U508/Y,NAND3X1,AND2X2/B,1,0.00186944,0.00186944,0.00182011,0.00182011,0.00186944,0.0,0.00186944,0.0,0.001869
response_i/n1086,response_i/U520/Y,NAND3X1,NOR3X1/A,1,0.00302113,0.00302113,0.00301081,0.00301081,0.00302113,0.0,0.00302113,0.0,0.003021
response_i/n1087,response_i/U516/Y,NAND3X1,NOR3X1/B,1,0.003067,0.00306333,0.003067,0.00306333,0.003067,0.0,0.003067,0.0,0.003067
response_i/n1088,response_i/U513/Y,NAND2X1,NOR3X1/C,1,0.00328822,0.00328822,0.00322576,0.00322576,0.00328822,0.0,0.00328822,0.0,0.003288
response_i/n1089,response_i/U515/Y,NAND3X1,NAND2X1/A,1,0.00211057,0.00211057,0.00188435,0.00188435,0.00211057,0.0,0.00211057,0.0,0.002111
response_i/n1090,response_i/U514/Y,NAND3X1,NAND2X1/B,1,0.00202749,0.00202749,0.00194421,0.00194421,0.00202749,0.0,0.00202749,0.0,0.002027
response_i/n1091,response_i/U519/Y,NAND2X1,NAND3X1/A,1,0.00254759,0.00254759,0.00220852,0.00220852,0.00254759,0.0,0.00254759,0.0,0.002548
response_i/n1092,response_i/U518/Y,NAND3X1,NAND3X1/B,1,0.00283213,0.00283213,0.00259978,0.00259978,0.00283213,0.0,0.00283213,0.0,0.002832
response_i/n1093,response_i/U517/Y,NAND3X1,NAND3X1/C,1,0.00296109,0.00296109,0.0028316,0.0028316,0.00296109,0.0,0.00296109,0.0,0.002961
response_i/n1094,response_i/U522/Y,NAND3X1,NAND3X1/A,1,0.00254759,0.00254759,0.00220852,0.00220852,0.00254759,0.0,0.00254759,0.0,0.002548
response_i/n1095,response_i/U521/Y,NAND3X1,NAND3X1/B,1,0.00283213,0.00283213,0.00259978,0.00259978,0.00283213,0.0,0.00283213,0.0,0.002832
response_i/n1100,response_i/U533/Y,NAND3X1,NOR3X1/A,1,0.00302113,0.00302113,0.00301081,0.00301081,0.00302113,0.0,0.00302113,0.0,0.003021
response_i/n1101,response_i/U529/Y,NAND3X1,NOR3X1/B,1,0.003067,0.00306333,0.003067,0.00306333,0.003067,0.0,0.003067,0.0,0.003067
response_i/n1102,response_i/U526/Y,NAND2X1,NOR3X1/C,1,0.00328822,0.00328822,0.00322576,0.00322576,0.00328822,0.0,0.00328822,0.0,0.003288
response_i/n1103,response_i/U528/Y,NAND3X1,NAND2X1/A,1,0.00211057,0.00211057,0.00188435,0.00188435,0.00211057,0.0,0.00211057,0.0,0.002111
response_i/n1104,response_i/U527/Y,NAND3X1,NAND2X1/B,1,0.00202749,0.00202749,0.00194421,0.00194421,0.00202749,0.0,0.00202749,0.0,0.002027
response_i/n1105,response_i/U532/Y,NAND3X1,NAND3X1/A,1,0.00254759,0.00254759,0.00220852,0.00220852,0.00254759,0.0,0.00254759,0.0,0.002548
response_i/n1106,response_i/U531/Y,NAND2X1,NAND3X1/B,1,0.00283213,0.00283213,0.00259978,0.00259978,0.00283213,0.0,0.00283213,0.0,0.002832
response_i/n1107,response_i/U530/Y,NAND3X1,NAND3X1/C,1,0.00296109,0.00296109,0.0028316,0.0028316,0.00296109,0.0,0.00296109,0.0,0.002961
response_i/n1108,response_i/U537/Y,NAND3X1,NAND3X1/A,1,0.00254759,0.00254759,0.00220852,0.00220852,0.00254759,0.0,0.00254759,0.0,0.002548
response_i/n1109,response_i/U536/Y,NAND3X1,NAND3X1/B,1,0.00283213,0.00283213,0.00259978,0.00259978,0.00283213,0.0,0.00283213,0.0,0.002832
response_i/n1111,response_i/U535/Y,NAND3X1,AND2X2/A,1,0.00179784,0.00179784,0.00176278,0.00176278,0.00179784,0.0,0.00179784,0.0,0.001798
response_i/n1112,response_i/U534/Y,NAND3X1,AND2X2/B,1,0.00186944,0.00186944,0.00182011,0.00182011,0.00186944,0.0,0.00186944,0.0,0.001869
response_i/n1113,response_i/U546/Y,NAND3X1,NOR3X1/A,1,0.00302113,0.00302113,0.00301081,0.00301081,0.00302113,0.0,0.00302113,0.0,0.003021
response_i/n1114,response_i/U542/Y,NAND3X1,NOR3X1/B,1,0.003067,0.00306333,0.003067,0.00306333,0.003067,0.0,0.003067,0.0,0.003067
response_i/n1115,response_i/U539/Y,NAND2X1,NOR3X1/C,1,0.00328822,0.00328822,0.00322576,0.00322576,0.00328822,0.0,0.00328822,0.0,0.003288
response_i/n1116,response_i/U541/Y,NAND3X1,NAND2X1/A,1,0.00211057,0.00211057,0.00188435,0.00188435,0.00211057,0.0,0.00211057,0.0,0.002111
response_i/n1117,response_i/U540/Y,NAND3X1,NAND2X1/B,1,0.00202749,0.00202749,0.00194421,0.00194421,0.00202749,0.0,0.00202749,0.0,0.002027
response_i/n1118,response_i/U545/Y,NAND3X1,NAND3X1/A,1,0.00254759,0.00254759,0.00220852,0.00220852,0.00254759,0.0,0.00254759,0.0,0.002548
response_i/n1119,response_i/U544/Y,NAND3X1,NAND3X1/B,1,0.00283213,0.00283213,0.00259978,0.00259978,0.00283213,0.0,0.00283213,0.0,0.002832
response_i/n1120,response_i/U543/Y,NAND3X1,NAND3X1/C,1,0.00296109,0.00296109,0.0028316,0.0028316,0.00296109,0.0,0.00296109,0.0,0.002961
response_i/n1121,response_i/U548/Y,NAND3X1,NAND3X1/A,1,0.00254759,0.00254759,0.00220852,0.00220852,0.00254759,0.0,0.00254759,0.0,0.002548
response_i/n1122,response_i/U547/Y,NAND3X1,NAND3X1/B,1,0.00283213,0.00283213,0.00259978,0.00259978,0.00283213,0.0,0.00283213,0.0,0.002832
response_i/n1126,response_i/U558/Y,NAND3X1,NOR3X1/A,1,0.00302113,0.00302113,0.00301081,0.00301081,0.00302113,0.0,0.00302113,0.0,0.003021
response_i/n1127,response_i/U554/Y,NAND3X1,NOR3X1/B,1,0.003067,0.00306333,0.003067,0.00306333,0.003067,0.0,0.003067,0.0,0.003067
response_i/n1128,response_i/U551/Y,NAND2X1,NOR3X1/C,1,0.00328822,0.00328822,0.00322576,0.00322576,0.00328822,0.0,0.00328822,0.0,0.003288
response_i/n1129,response_i/U553/Y,NAND3X1,NAND2X1/A,1,0.00211057,0.00211057,0.00188435,0.00188435,0.00211057,0.0,0.00211057,0.0,0.002111
response_i/n1130,response_i/U552/Y,NAND3X1,NAND2X1/B,1,0.00202749,0.00202749,0.00194421,0.00194421,0.00202749,0.0,0.00202749,0.0,0.002027
response_i/n1131,response_i/U557/Y,NAND3X1,NAND3X1/A,1,0.00254759,0.00254759,0.00220852,0.00220852,0.00254759,0.0,0.00254759,0.0,0.002548
response_i/n1132,response_i/U556/Y,NAND3X1,NAND3X1/B,1,0.00283213,0.00283213,0.00259978,0.00259978,0.00283213,0.0,0.00283213,0.0,0.002832
response_i/n1133,response_i/U555/Y,NAND3X1,NAND3X1/C,1,0.00296109,0.00296109,0.0028316,0.0028316,0.00296109,0.0,0.00296109,0.0,0.002961
response_i/n1134,response_i/U561/Y,NAND3X1,NAND3X1/A,1,0.00254759,0.00254759,0.00220852,0.00220852,0.00254759,0.0,0.00254759,0.0,0.002548
response_i/n1135,response_i/U560/Y,NAND3X1,NAND3X1/B,1,0.00283213,0.00283213,0.00259978,0.00259978,0.00283213,0.0,0.00283213,0.0,0.002832
response_i/n1136,response_i/U559/Y,AOI22X1,NAND3X1/C,1,0.00296109,0.00296109,0.0028316,0.0028316,0.00296109,0.0,0.00296109,0.0,0.002961
response_i/n1138,response_i/U570/Y,NAND3X1,NOR3X1/A,1,0.00302113,0.00302113,0.00301081,0.00301081,0.00302113,0.0,0.00302113,0.0,0.003021
response_i/n1139,response_i/U566/Y,NAND3X1,NOR3X1/B,1,0.003067,0.00306333,0.003067,0.00306333,0.003067,0.0,0.003067,0.0,0.003067
response_i/n1140,response_i/U563/Y,NAND2X1,NOR3X1/C,1,0.00328822,0.00328822,0.00322576,0.00322576,0.00328822,0.0,0.00328822,0.0,0.003288
response_i/n1141,response_i/U565/Y,NAND3X1,NAND2X1/A,1,0.00211057,0.00211057,0.00188435,0.00188435,0.00211057,0.0,0.00211057,0.0,0.002111
response_i/n1142,response_i/U564/Y,NAND3X1,NAND2X1/B,1,0.00202749,0.00202749,0.00194421,0.00194421,0.00202749,0.0,0.00202749,0.0,0.002027
response_i/n1143,response_i/U569/Y,NAND3X1,NAND3X1/A,1,0.00254759,0.00254759,0.00220852,0.00220852,0.00254759,0.0,0.00254759,0.0,0.002548
response_i/n1144,response_i/U568/Y,NAND3X1,NAND3X1/B,1,0.00283213,0.00283213,0.00259978,0.00259978,0.00283213,0.0,0.00283213,0.0,0.002832
response_i/n1145,response_i/U567/Y,NAND3X1,NAND3X1/C,1,0.00296109,0.00296109,0.0028316,0.0028316,0.00296109,0.0,0.00296109,0.0,0.002961
response_i/n1146,response_i/U572/Y,NAND3X1,NAND3X1/A,1,0.00254759,0.00254759,0.00220852,0.00220852,0.00254759,0.0,0.00254759,0.0,0.002548
response_i/n1147,response_i/U571/Y,NAND3X1,NAND3X1/B,1,0.00283213,0.00283213,0.00259978,0.00259978,0.00283213,0.0,0.00283213,0.0,0.002832
response_i/n1149,response_i/U704/Y,AOI22X1,NAND3X1/A,1,0.00254759,0.00254759,0.00220852,0.00220852,0.00254759,0.0,0.00254759,0.0,0.002548
response_i/n1150,response_i/U679/Y,AOI21X1,NAND3X1/B,1,0.00283213,0.00283213,0.00259978,0.00259978,0.00283213,0.0,0.00283213,0.0,0.002832
response_i/n1152,response_i/U627/Y,AOI22X1,AND2X2/A,1,0.00179784,0.00179784,0.00176278,0.00176278,0.00179784,0.0,0.00179784,0.0,0.001798
response_i/n1153,response_i/U576/Y,AOI22X1,AND2X2/B,1,0.00186944,0.00186944,0.00182011,0.00182011,0.00186944,0.0,0.00186944,0.0,0.001869
response_i/n1157,response_i/U586/Y,NAND3X1,NOR3X1/A,1,0.00302113,0.00302113,0.00301081,0.00301081,0.00302113,0.0,0.00302113,0.0,0.003021
response_i/n1158,response_i/U582/Y,NAND3X1,NOR3X1/B,1,0.003067,0.00306333,0.003067,0.00306333,0.003067,0.0,0.003067,0.0,0.003067
response_i/n1159,response_i/U579/Y,NAND2X1,NOR3X1/C,1,0.00328822,0.00328822,0.00322576,0.00322576,0.00328822,0.0,0.00328822,0.0,0.003288
response_i/n1160,response_i/U581/Y,NAND3X1,NAND2X1/A,1,0.00211057,0.00211057,0.00188435,0.00188435,0.00211057,0.0,0.00211057,0.0,0.002111
response_i/n1161,response_i/U580/Y,NAND3X1,NAND2X1/B,1,0.00202749,0.00202749,0.00194421,0.00194421,0.00202749,0.0,0.00202749,0.0,0.002027
response_i/n1162,response_i/U585/Y,NAND3X1,NAND3X1/A,1,0.00254759,0.00254759,0.00220852,0.00220852,0.00254759,0.0,0.00254759,0.0,0.002548
response_i/n1163,response_i/U584/Y,NAND3X1,NAND3X1/B,1,0.00283213,0.00283213,0.00259978,0.00259978,0.00283213,0.0,0.00283213,0.0,0.002832
response_i/n1164,response_i/U583/Y,NAND2X1,NAND3X1/C,1,0.00296109,0.00296109,0.0028316,0.0028316,0.00296109,0.0,0.00296109,0.0,0.002961
response_i/n1165,response_i/U590/Y,NAND3X1,NAND3X1/A,1,0.00254759,0.00254759,0.00220852,0.00220852,0.00254759,0.0,0.00254759,0.0,0.002548
response_i/n1166,response_i/U589/Y,NAND3X1,NAND3X1/B,1,0.00283213,0.00283213,0.00259978,0.00259978,0.00283213,0.0,0.00283213,0.0,0.002832
response_i/n1168,response_i/U588/Y,NAND3X1,AND2X2/A,1,0.00179784,0.00179784,0.00176278,0.00176278,0.00179784,0.0,0.00179784,0.0,0.001798
response_i/n1169,response_i/U587/Y,NAND3X1,AND2X2/B,1,0.00186944,0.00186944,0.00182011,0.00182011,0.00186944,0.0,0.00186944,0.0,0.001869
response_i/n1170,response_i/U599/Y,NAND3X1,NOR3X1/A,1,0.00302113,0.00302113,0.00301081,0.00301081,0.00302113,0.0,0.00302113,0.0,0.003021
response_i/n1171,response_i/U595/Y,NAND3X1,NOR3X1/B,1,0.003067,0.00306333,0.003067,0.00306333,0.003067,0.0,0.003067,0.0,0.003067
response_i/n1172,response_i/U592/Y,NAND2X1,NOR3X1/C,1,0.00328822,0.00328822,0.00322576,0.00322576,0.00328822,0.0,0.00328822,0.0,0.003288
response_i/n1173,response_i/U594/Y,NAND3X1,NAND2X1/A,1,0.00211057,0.00211057,0.00188435,0.00188435,0.00211057,0.0,0.00211057,0.0,0.002111
response_i/n1174,response_i/U593/Y,NAND3X1,NAND2X1/B,1,0.00202749,0.00202749,0.00194421,0.00194421,0.00202749,0.0,0.00202749,0.0,0.002027
response_i/n1175,response_i/U598/Y,NAND3X1,NAND3X1/A,1,0.00254759,0.00254759,0.00220852,0.00220852,0.00254759,0.0,0.00254759,0.0,0.002548
response_i/n1176,response_i/U597/Y,NAND3X1,NAND3X1/B,1,0.00283213,0.00283213,0.00259978,0.00259978,0.00283213,0.0,0.00283213,0.0,0.002832
response_i/n1177,response_i/U596/Y,NAND3X1,NAND3X1/C,1,0.00296109,0.00296109,0.0028316,0.0028316,0.00296109,0.0,0.00296109,0.0,0.002961
response_i/n1178,response_i/U601/Y,NAND3X1,NAND3X1/A,1,0.00254759,0.00254759,0.00220852,0.00220852,0.00254759,0.0,0.00254759,0.0,0.002548
response_i/n1179,response_i/U600/Y,NAND3X1,NAND3X1/B,1,0.00283213,0.00283213,0.00259978,0.00259978,0.00283213,0.0,0.00283213,0.0,0.002832
response_i/n1183,response_i/U611/Y,NAND3X1,NOR3X1/A,1,0.00302113,0.00302113,0.00301081,0.00301081,0.00302113,0.0,0.00302113,0.0,0.003021
response_i/n1184,response_i/U607/Y,NAND3X1,NOR3X1/B,1,0.003067,0.00306333,0.003067,0.00306333,0.003067,0.0,0.003067,0.0,0.003067
response_i/n1185,response_i/U604/Y,NAND2X1,NOR3X1/C,1,0.00328822,0.00328822,0.00322576,0.00322576,0.00328822,0.0,0.00328822,0.0,0.003288
response_i/n1186,response_i/U606/Y,NAND3X1,NAND2X1/A,1,0.00211057,0.00211057,0.00188435,0.00188435,0.00211057,0.0,0.00211057,0.0,0.002111
response_i/n1187,response_i/U605/Y,NAND2X1,NAND2X1/B,1,0.00202749,0.00202749,0.00194421,0.00194421,0.00202749,0.0,0.00202749,0.0,0.002027
response_i/n1188,response_i/U610/Y,NAND3X1,NAND3X1/A,1,0.00254759,0.00254759,0.00220852,0.00220852,0.00254759,0.0,0.00254759,0.0,0.002548
response_i/n1189,response_i/U609/Y,NAND3X1,NAND3X1/B,1,0.00283213,0.00283213,0.00259978,0.00259978,0.00283213,0.0,0.00283213,0.0,0.002832
response_i/n1190,response_i/U608/Y,NAND3X1,NAND3X1/C,1,0.00296109,0.00296109,0.0028316,0.0028316,0.00296109,0.0,0.00296109,0.0,0.002961
response_i/n1191,response_i/U615/Y,NAND3X1,NAND3X1/A,1,0.00254759,0.00254759,0.00220852,0.00220852,0.00254759,0.0,0.00254759,0.0,0.002548
response_i/n1192,response_i/U614/Y,NAND3X1,NAND3X1/B,1,0.00283213,0.00283213,0.00259978,0.00259978,0.00283213,0.0,0.00283213,0.0,0.002832
response_i/n1194,response_i/U613/Y,NAND3X1,AND2X2/A,1,0.00179784,0.00179784,0.00176278,0.00176278,0.00179784,0.0,0.00179784,0.0,0.001798
response_i/n1195,response_i/U612/Y,NAND3X1,AND2X2/B,1,0.00186944,0.00186944,0.00182011,0.00182011,0.00186944,0.0,0.00186944,0.0,0.001869
response_i/n1196,response_i/U624/Y,NAND3X1,NOR3X1/A,1,0.00302113,0.00302113,0.00301081,0.00301081,0.00302113,0.0,0.00302113,0.0,0.003021
response_i/n1197,response_i/U620/Y,NAND3X1,NOR3X1/B,1,0.003067,0.00306333,0.003067,0.00306333,0.003067,0.0,0.003067,0.0,0.003067
response_i/n1198,response_i/U617/Y,NAND2X1,NOR3X1/C,1,0.00328822,0.00328822,0.00322576,0.00322576,0.00328822,0.0,0.00328822,0.0,0.003288
response_i/n1199,response_i/U619/Y,NAND3X1,NAND2X1/A,1,0.00211057,0.00211057,0.00188435,0.00188435,0.00211057,0.0,0.00211057,0.0,0.002111
response_i/n1200,response_i/U618/Y,NAND3X1,NAND2X1/B,1,0.00202749,0.00202749,0.00194421,0.00194421,0.00202749,0.0,0.00202749,0.0,0.002027
response_i/n1201,response_i/U623/Y,NAND3X1,NAND3X1/A,1,0.00254759,0.00254759,0.00220852,0.00220852,0.00254759,0.0,0.00254759,0.0,0.002548
response_i/n1202,response_i/U622/Y,NAND3X1,NAND3X1/B,1,0.00283213,0.00283213,0.00259978,0.00259978,0.00283213,0.0,0.00283213,0.0,0.002832
response_i/n1203,response_i/U621/Y,NAND3X1,NAND3X1/C,1,0.00296109,0.00296109,0.0028316,0.0028316,0.00296109,0.0,0.00296109,0.0,0.002961
response_i/n1204,response_i/U626/Y,NAND3X1,NAND3X1/A,1,0.00254759,0.00254759,0.00220852,0.00220852,0.00254759,0.0,0.00254759,0.0,0.002548
response_i/n1205,response_i/U625/Y,NAND3X1,NAND3X1/B,1,0.00283213,0.00283213,0.00259978,0.00259978,0.00283213,0.0,0.00283213,0.0,0.002832
response_i/n1209,response_i/U637/Y,NAND3X1,NOR3X1/A,1,0.00302113,0.00302113,0.00301081,0.00301081,0.00302113,0.0,0.00302113,0.0,0.003021
response_i/n1210,response_i/U633/Y,NAND3X1,NOR3X1/B,1,0.003067,0.00306333,0.003067,0.00306333,0.003067,0.0,0.003067,0.0,0.003067
response_i/n1211,response_i/U630/Y,NAND2X1,NOR3X1/C,1,0.00328822,0.00328822,0.00322576,0.00322576,0.00328822,0.0,0.00328822,0.0,0.003288
response_i/n1212,response_i/U632/Y,NAND3X1,NAND2X1/A,1,0.00211057,0.00211057,0.00188435,0.00188435,0.00211057,0.0,0.00211057,0.0,0.002111
response_i/n1213,response_i/U631/Y,NAND3X1,NAND2X1/B,1,0.00202749,0.00202749,0.00194421,0.00194421,0.00202749,0.0,0.00202749,0.0,0.002027
response_i/n1214,response_i/U636/Y,NAND3X1,NAND3X1/A,1,0.00254759,0.00254759,0.00220852,0.00220852,0.00254759,0.0,0.00254759,0.0,0.002548
response_i/n1215,response_i/U635/Y,NAND3X1,NAND3X1/B,1,0.00283213,0.00283213,0.00259978,0.00259978,0.00283213,0.0,0.00283213,0.0,0.002832
response_i/n1216,response_i/U634/Y,NAND3X1,NAND3X1/C,1,0.00296109,0.00296109,0.0028316,0.0028316,0.00296109,0.0,0.00296109,0.0,0.002961
response_i/n1217,response_i/U641/Y,NAND3X1,NAND3X1/A,1,0.00254759,0.00254759,0.00220852,0.00220852,0.00254759,0.0,0.00254759,0.0,0.002548
response_i/n1218,response_i/U640/Y,NAND3X1,NAND3X1/B,1,0.00283213,0.00283213,0.00259978,0.00259978,0.00283213,0.0,0.00283213,0.0,0.002832
response_i/n1220,response_i/U639/Y,NAND3X1,AND2X2/A,1,0.00179784,0.00179784,0.00176278,0.00176278,0.00179784,0.0,0.00179784,0.0,0.001798
response_i/n1221,response_i/U638/Y,NAND3X1,AND2X2/B,1,0.00186944,0.00186944,0.00182011,0.00182011,0.00186944,0.0,0.00186944,0.0,0.001869
response_i/n1222,response_i/U650/Y,NAND3X1,NOR3X1/A,1,0.00302113,0.00302113,0.00301081,0.00301081,0.00302113,0.0,0.00302113,0.0,0.003021
response_i/n1223,response_i/U646/Y,NAND3X1,NOR3X1/B,1,0.003067,0.00306333,0.003067,0.00306333,0.003067,0.0,0.003067,0.0,0.003067
response_i/n1224,response_i/U643/Y,NAND2X1,NOR3X1/C,1,0.00328822,0.00328822,0.00322576,0.00322576,0.00328822,0.0,0.00328822,0.0,0.003288
response_i/n1225,response_i/U645/Y,NAND3X1,NAND2X1/A,1,0.00211057,0.00211057,0.00188435,0.00188435,0.00211057,0.0,0.00211057,0.0,0.002111
response_i/n1226,response_i/U644/Y,NAND3X1,NAND2X1/B,1,0.00202749,0.00202749,0.00194421,0.00194421,0.00202749,0.0,0.00202749,0.0,0.002027
response_i/n1227,response_i/U649/Y,NAND3X1,NAND3X1/A,1,0.00254759,0.00254759,0.00220852,0.00220852,0.00254759,0.0,0.00254759,0.0,0.002548
response_i/n1228,response_i/U648/Y,NAND3X1,NAND3X1/B,1,0.00283213,0.00283213,0.00259978,0.00259978,0.00283213,0.0,0.00283213,0.0,0.002832
response_i/n1229,response_i/U647/Y,NAND3X1,NAND3X1/C,1,0.00296109,0.00296109,0.0028316,0.0028316,0.00296109,0.0,0.00296109,0.0,0.002961
response_i/n1230,response_i/U651/Y,AOI22X1,NAND3X1/C,1,0.00296109,0.00296109,0.0028316,0.0028316,0.00296109,0.0,0.00296109,0.0,0.002961
response_i/n1234,response_i/U662/Y,NAND3X1,NOR3X1/A,1,0.00302113,0.00302113,0.00301081,0.00301081,0.00302113,0.0,0.00302113,0.0,0.003021
response_i/n1235,response_i/U658/Y,NAND3X1,NOR3X1/B,1,0.003067,0.00306333,0.003067,0.00306333,0.003067,0.0,0.003067,0.0,0.003067
response_i/n1236,response_i/U655/Y,NAND2X1,NOR3X1/C,1,0.00328822,0.00328822,0.00322576,0.00322576,0.00328822,0.0,0.00328822,0.0,0.003288
response_i/n1237,response_i/U657/Y,NAND3X1,NAND2X1/A,1,0.00211057,0.00211057,0.00188435,0.00188435,0.00211057,0.0,0.00211057,0.0,0.002111
response_i/n1238,response_i/U656/Y,NAND3X1,NAND2X1/B,1,0.00202749,0.00202749,0.00194421,0.00194421,0.00202749,0.0,0.00202749,0.0,0.002027
response_i/n1239,response_i/U661/Y,NAND2X1,NAND3X1/A,1,0.00254759,0.00254759,0.00220852,0.00220852,0.00254759,0.0,0.00254759,0.0,0.002548
response_i/n1240,response_i/U660/Y,NAND3X1,NAND3X1/B,1,0.00283213,0.00283213,0.00259978,0.00259978,0.00283213,0.0,0.00283213,0.0,0.002832
response_i/n1241,response_i/U659/Y,NAND3X1,NAND3X1/C,1,0.00296109,0.00296109,0.0028316,0.0028316,0.00296109,0.0,0.00296109,0.0,0.002961
response_i/n1242,response_i/U666/Y,NAND3X1,NAND3X1/A,1,0.00254759,0.00254759,0.00220852,0.00220852,0.00254759,0.0,0.00254759,0.0,0.002548
response_i/n1243,response_i/U665/Y,NAND3X1,NAND3X1/B,1,0.00283213,0.00283213,0.00259978,0.00259978,0.00283213,0.0,0.00283213,0.0,0.002832
response_i/n1245,response_i/U664/Y,NAND3X1,AND2X2/A,1,0.00179784,0.00179784,0.00176278,0.00176278,0.00179784,0.0,0.00179784,0.0,0.001798
response_i/n1246,response_i/U663/Y,NAND3X1,AND2X2/B,1,0.00186944,0.00186944,0.00182011,0.00182011,0.00186944,0.0,0.00186944,0.0,0.001869
response_i/n1247,response_i/U675/Y,NAND3X1,NOR3X1/A,1,0.00302113,0.00302113,0.00301081,0.00301081,0.00302113,0.0,0.00302113,0.0,0.003021
response_i/n1248,response_i/U671/Y,NAND3X1,NOR3X1/B,1,0.003067,0.00306333,0.003067,0.00306333,0.003067,0.0,0.003067,0.0,0.003067
response_i/n1249,response_i/U668/Y,NAND2X1,NOR3X1/C,1,0.00328822,0.00328822,0.00322576,0.00322576,0.00328822,0.0,0.00328822,0.0,0.003288
response_i/n1250,response_i/U670/Y,NAND3X1,NAND2X1/A,1,0.00211057,0.00211057,0.00188435,0.00188435,0.00211057,0.0,0.00211057,0.0,0.002111
response_i/n1251,response_i/U669/Y,NAND3X1,NAND2X1/B,1,0.00202749,0.00202749,0.00194421,0.00194421,0.00202749,0.0,0.00202749,0.0,0.002027
response_i/n1252,response_i/U674/Y,NAND3X1,NAND3X1/A,1,0.00254759,0.00254759,0.00220852,0.00220852,0.00254759,0.0,0.00254759,0.0,0.002548
response_i/n1253,response_i/U673/Y,NAND3X1,NAND3X1/B,1,0.00283213,0.00283213,0.00259978,0.00259978,0.00283213,0.0,0.00283213,0.0,0.002832
response_i/n1254,response_i/U672/Y,NAND3X1,NAND3X1/C,1,0.00296109,0.00296109,0.0028316,0.0028316,0.00296109,0.0,0.00296109,0.0,0.002961
response_i/n1255,response_i/U677/Y,NAND3X1,NAND3X1/A,1,0.00254759,0.00254759,0.00220852,0.00220852,0.00254759,0.0,0.00254759,0.0,0.002548
response_i/n1256,response_i/U676/Y,NAND3X1,NAND3X1/B,1,0.00283213,0.00283213,0.00259978,0.00259978,0.00283213,0.0,0.00283213,0.0,0.002832
response_i/n1260,response_i/U689/Y,NAND3X1,NOR3X1/A,1,0.00302113,0.00302113,0.00301081,0.00301081,0.00302113,0.0,0.00302113,0.0,0.003021
response_i/n1261,response_i/U685/Y,NAND3X1,NOR3X1/B,1,0.003067,0.00306333,0.003067,0.00306333,0.003067,0.0,0.003067,0.0,0.003067
response_i/n1262,response_i/U682/Y,NAND2X1,NOR3X1/C,1,0.00328822,0.00328822,0.00322576,0.00322576,0.00328822,0.0,0.00328822,0.0,0.003288
response_i/n1263,response_i/U684/Y,NAND3X1,NAND2X1/A,1,0.00211057,0.00211057,0.00188435,0.00188435,0.00211057,0.0,0.00211057,0.0,0.002111
response_i/n1264,response_i/U683/Y,NAND3X1,NAND2X1/B,1,0.00202749,0.00202749,0.00194421,0.00194421,0.00202749,0.0,0.00202749,0.0,0.002027
response_i/n1265,response_i/U688/Y,NAND3X1,NAND3X1/A,1,0.00254759,0.00254759,0.00220852,0.00220852,0.00254759,0.0,0.00254759,0.0,0.002548
response_i/n1266,response_i/U687/Y,NAND3X1,NAND3X1/B,1,0.00283213,0.00283213,0.00259978,0.00259978,0.00283213,0.0,0.00283213,0.0,0.002832
response_i/n1267,response_i/U686/Y,NAND3X1,NAND3X1/C,1,0.00296109,0.00296109,0.0028316,0.0028316,0.00296109,0.0,0.00296109,0.0,0.002961
response_i/n1268,response_i/U692/Y,NAND3X1,NAND3X1/A,1,0.00254759,0.00254759,0.00220852,0.00220852,0.00254759,0.0,0.00254759,0.0,0.002548
response_i/n1269,response_i/U691/Y,NAND3X1,NAND3X1/B,1,0.00283213,0.00283213,0.00259978,0.00259978,0.00283213,0.0,0.00283213,0.0,0.002832
response_i/n1270,response_i/U690/Y,AOI22X1,NAND3X1/C,1,0.00296109,0.00296109,0.0028316,0.0028316,0.00296109,0.0,0.00296109,0.0,0.002961
response_i/n1272,response_i/U701/Y,NAND3X1,NOR3X1/A,1,0.00302113,0.00302113,0.00301081,0.00301081,0.00302113,0.0,0.00302113,0.0,0.003021
response_i/n1273,response_i/U697/Y,NAND3X1,NOR3X1/B,1,0.003067,0.00306333,0.003067,0.00306333,0.003067,0.0,0.003067,0.0,0.003067
response_i/n1274,response_i/U694/Y,NAND2X1,NOR3X1/C,1,0.00328822,0.00328822,0.00322576,0.00322576,0.00328822,0.0,0.00328822,0.0,0.003288
response_i/n1275,response_i/U696/Y,NAND3X1,NAND2X1/A,1,0.00211057,0.00211057,0.00188435,0.00188435,0.00211057,0.0,0.00211057,0.0,0.002111
response_i/n1276,response_i/U695/Y,NAND3X1,NAND2X1/B,1,0.00202749,0.00202749,0.00194421,0.00194421,0.00202749,0.0,0.00202749,0.0,0.002027
response_i/n1277,response_i/U700/Y,NAND3X1,NAND3X1/A,1,0.00254759,0.00254759,0.00220852,0.00220852,0.00254759,0.0,0.00254759,0.0,0.002548
response_i/n1278,response_i/U699/Y,NAND3X1,NAND3X1/B,1,0.00283213,0.00283213,0.00259978,0.00259978,0.00283213,0.0,0.00283213,0.0,0.002832
response_i/n1279,response_i/U698/Y,NAND3X1,NAND3X1/C,1,0.00296109,0.00296109,0.0028316,0.0028316,0.00296109,0.0,0.00296109,0.0,0.002961
response_i/n1280,response_i/U703/Y,NAND3X1,NAND3X1/A,1,0.00254759,0.00254759,0.00220852,0.00220852,0.00254759,0.0,0.00254759,0.0,0.002548
response_i/n1281,response_i/U702/Y,NAND3X1,NAND3X1/B,1,0.00283213,0.00283213,0.00259978,0.00259978,0.00283213,0.0,0.00283213,0.0,0.002832
response_i/n1285,response_i/U714/Y,NAND3X1,NOR3X1/A,1,0.00302113,0.00302113,0.00301081,0.00301081,0.00302113,0.0,0.00302113,0.0,0.003021
response_i/n1286,response_i/U710/Y,NAND3X1,NOR3X1/B,1,0.003067,0.00306333,0.003067,0.00306333,0.003067,0.0,0.003067,0.0,0.003067
response_i/n1287,response_i/U707/Y,NAND2X1,NOR3X1/C,1,0.00328822,0.00328822,0.00322576,0.00322576,0.00328822,0.0,0.00328822,0.0,0.003288
response_i/n1288,response_i/U709/Y,NAND2X1,NAND2X1/A,1,0.00211057,0.00211057,0.00188435,0.00188435,0.00211057,0.0,0.00211057,0.0,0.002111
response_i/n1289,response_i/U708/Y,NAND3X1,NAND2X1/B,1,0.00202749,0.00202749,0.00194421,0.00194421,0.00202749,0.0,0.00202749,0.0,0.002027
response_i/n1290,response_i/U713/Y,NAND3X1,NAND3X1/A,1,0.00254759,0.00254759,0.00220852,0.00220852,0.00254759,0.0,0.00254759,0.0,0.002548
response_i/n1291,response_i/U712/Y,NAND3X1,NAND3X1/B,1,0.00283213,0.00283213,0.00259978,0.00259978,0.00283213,0.0,0.00283213,0.0,0.002832
response_i/n1292,response_i/U711/Y,NAND3X1,NAND3X1/C,1,0.00296109,0.00296109,0.0028316,0.0028316,0.00296109,0.0,0.00296109,0.0,0.002961
response_i/n1293,response_i/U718/Y,NAND3X1,NAND3X1/A,1,0.00254759,0.00254759,0.00220852,0.00220852,0.00254759,0.0,0.00254759,0.0,0.002548
response_i/n1294,response_i/U717/Y,NAND3X1,NAND3X1/B,1,0.00283213,0.00283213,0.00259978,0.00259978,0.00283213,0.0,0.00283213,0.0,0.002832
response_i/n1296,response_i/U716/Y,NAND3X1,AND2X2/A,1,0.00179784,0.00179784,0.00176278,0.00176278,0.00179784,0.0,0.00179784,0.0,0.001798
response_i/n1297,response_i/U715/Y,NAND3X1,AND2X2/B,1,0.00186944,0.00186944,0.00182011,0.00182011,0.00186944,0.0,0.00186944,0.0,0.001869
response_i/n1298,response_i/U727/Y,NAND3X1,NOR3X1/A,1,0.00302113,0.00302113,0.00301081,0.00301081,0.00302113,0.0,0.00302113,0.0,0.003021
response_i/n1299,response_i/U723/Y,NAND3X1,NOR3X1/B,1,0.003067,0.00306333,0.003067,0.00306333,0.003067,0.0,0.003067,0.0,0.003067
response_i/n1300,response_i/U720/Y,NAND2X1,NOR3X1/C,1,0.00328822,0.00328822,0.00322576,0.00322576,0.00328822,0.0,0.00328822,0.0,0.003288
response_i/n1301,response_i/U722/Y,NAND3X1,NAND2X1/A,1,0.00211057,0.00211057,0.00188435,0.00188435,0.00211057,0.0,0.00211057,0.0,0.002111
response_i/n1302,response_i/U721/Y,NAND3X1,NAND2X1/B,1,0.00202749,0.00202749,0.00194421,0.00194421,0.00202749,0.0,0.00202749,0.0,0.002027
response_i/n1303,response_i/U726/Y,NAND3X1,NAND3X1/A,1,0.00254759,0.00254759,0.00220852,0.00220852,0.00254759,0.0,0.00254759,0.0,0.002548
response_i/n1304,response_i/U725/Y,NAND3X1,NAND3X1/B,1,0.00283213,0.00283213,0.00259978,0.00259978,0.00283213,0.0,0.00283213,0.0,0.002832
response_i/n1305,response_i/U724/Y,NAND3X1,NAND3X1/C,1,0.00296109,0.00296109,0.0028316,0.0028316,0.00296109,0.0,0.00296109,0.0,0.002961
response_i/n1306,response_i/U729/Y,NAND3X1,NAND3X1/A,1,0.00254759,0.00254759,0.00220852,0.00220852,0.00254759,0.0,0.00254759,0.0,0.002548
response_i/n1307,response_i/U728/Y,NAND3X1,NAND3X1/B,1,0.00283213,0.00283213,0.00259978,0.00259978,0.00283213,0.0,0.00283213,0.0,0.002832
response_i/n1312,response_i/U741/Y,NAND3X1,NOR3X1/A,1,0.00302113,0.00302113,0.00301081,0.00301081,0.00302113,0.0,0.00302113,0.0,0.003021
response_i/n1313,response_i/U737/Y,NAND3X1,NOR3X1/B,1,0.003067,0.00306333,0.003067,0.00306333,0.003067,0.0,0.003067,0.0,0.003067
response_i/n1314,response_i/U734/Y,NAND2X1,NOR3X1/C,1,0.00328822,0.00328822,0.00322576,0.00322576,0.00328822,0.0,0.00328822,0.0,0.003288
response_i/n1315,response_i/U736/Y,NAND3X1,NAND2X1/A,1,0.00211057,0.00211057,0.00188435,0.00188435,0.00211057,0.0,0.00211057,0.0,0.002111
response_i/n1316,response_i/U735/Y,NAND3X1,NAND2X1/B,1,0.00202749,0.00202749,0.00194421,0.00194421,0.00202749,0.0,0.00202749,0.0,0.002027
response_i/n1317,response_i/U740/Y,NAND3X1,NAND3X1/A,1,0.00254759,0.00254759,0.00220852,0.00220852,0.00254759,0.0,0.00254759,0.0,0.002548
response_i/n1318,response_i/U739/Y,NAND3X1,NAND3X1/B,1,0.00283213,0.00283213,0.00259978,0.00259978,0.00283213,0.0,0.00283213,0.0,0.002832
response_i/n1319,response_i/U738/Y,NAND3X1,NAND3X1/C,1,0.00296109,0.00296109,0.0028316,0.0028316,0.00296109,0.0,0.00296109,0.0,0.002961
response_i/n1320,response_i/U744/Y,NAND3X1,NAND3X1/A,1,0.00254759,0.00254759,0.00220852,0.00220852,0.00254759,0.0,0.00254759,0.0,0.002548
response_i/n1321,response_i/U743/Y,NAND3X1,NAND3X1/B,1,0.00283213,0.00283213,0.00259978,0.00259978,0.00283213,0.0,0.00283213,0.0,0.002832
response_i/n1322,response_i/U742/Y,AOI22X1,NAND3X1/C,1,0.00296109,0.00296109,0.0028316,0.0028316,0.00296109,0.0,0.00296109,0.0,0.002961
response_i/n1324,response_i/U753/Y,NAND3X1,NOR3X1/A,1,0.00302113,0.00302113,0.00301081,0.00301081,0.00302113,0.0,0.00302113,0.0,0.003021
response_i/n1325,response_i/U749/Y,NAND3X1,NOR3X1/B,1,0.003067,0.00306333,0.003067,0.00306333,0.003067,0.0,0.003067,0.0,0.003067
response_i/n1326,response_i/U746/Y,NAND2X1,NOR3X1/C,1,0.00328822,0.00328822,0.00322576,0.00322576,0.00328822,0.0,0.00328822,0.0,0.003288
response_i/n1327,response_i/U748/Y,NAND3X1,NAND2X1/A,1,0.00211057,0.00211057,0.00188435,0.00188435,0.00211057,0.0,0.00211057,0.0,0.002111
response_i/n1328,response_i/U747/Y,NAND3X1,NAND2X1/B,1,0.00202749,0.00202749,0.00194421,0.00194421,0.00202749,0.0,0.00202749,0.0,0.002027
response_i/n1329,response_i/U752/Y,NAND3X1,NAND3X1/A,1,0.00254759,0.00254759,0.00220852,0.00220852,0.00254759,0.0,0.00254759,0.0,0.002548
response_i/n1330,response_i/U751/Y,NAND3X1,NAND3X1/B,1,0.00283213,0.00283213,0.00259978,0.00259978,0.00283213,0.0,0.00283213,0.0,0.002832
response_i/n1331,response_i/U750/Y,NAND3X1,NAND3X1/C,1,0.00296109,0.00296109,0.0028316,0.0028316,0.00296109,0.0,0.00296109,0.0,0.002961
response_i/n1332,response_i/U755/Y,NAND3X1,NAND3X1/A,1,0.00254759,0.00254759,0.00220852,0.00220852,0.00254759,0.0,0.00254759,0.0,0.002548
response_i/n1333,response_i/U754/Y,NAND3X1,NAND3X1/B,1,0.00283213,0.00283213,0.00259978,0.00259978,0.00283213,0.0,0.00283213,0.0,0.002832
response_i/n648,response_i/U142/Y,NAND2X1,OAI21X1/C,1,0.00200991,0.00200991,0.0019239,0.0019239,0.00200991,0.0,0.00200991,0.0,0.00201
response_i/n652,response_i/U215/Y,NAND3X1,BUFX2/A,1,0.00153896,0.00153896,0.00150415,0.00150415,0.00153896,0.0,0.00153896,0.0,0.001539
response_i/n653,response_i/U170/Y,NAND3X1,BUFX2/A,1,0.00153896,0.00153896,0.00150415,0.00150415,0.00153896,0.0,0.00153896,0.0,0.001539
response_i/n654,response_i/U260/Y,NAND3X1,BUFX2/A,1,0.00153896,0.00153896,0.00150415,0.00150415,0.00153896,0.0,0.00153896,0.0,0.001539
response_i/n655,response_i/U147/Y,NAND2X1,OAI21X1/C,1,0.00200991,0.00200991,0.0019239,0.0019239,0.00200991,0.0,0.00200991,0.0,0.00201
response_i/n656,response_i/U148/Y,NAND3X1,NAND2X1/B,1,0.00202749,0.00202749,0.00194421,0.00194421,0.00202749,0.0,0.00202749,0.0,0.002027
response_i/n659,response_i/U149/Y,NAND3X1,NAND3X1/C,1,0.00296109,0.00296109,0.0028316,0.0028316,0.00296109,0.0,0.00296109,0.0,0.002961
response_i/n662,response_i/U150/Y,NAND3X1,NAND3X1/C,1,0.00296109,0.00296109,0.0028316,0.0028316,0.00296109,0.0,0.00296109,0.0,0.002961
response_i/n665,response_i/U151/Y,NAND3X1,NAND3X1/C,1,0.00296109,0.00296109,0.0028316,0.0028316,0.00296109,0.0,0.00296109,0.0,0.002961
response_i/n668,response_i/U152/Y,NAND2X1,NAND3X1/C,1,0.00296109,0.00296109,0.0028316,0.0028316,0.00296109,0.0,0.00296109,0.0,0.002961
response_i/n669,response_i/U261/Y,AOI21X1,BUFX2/A,1,0.00153896,0.00153896,0.00150415,0.00150415,0.00153896,0.0,0.00153896,0.0,0.001539
response_i/n670,response_i/U153/Y,NAND3X1,NAND2X1/B,1,0.00202749,0.00202749,0.00194421,0.00194421,0.00202749,0.0,0.00202749,0.0,0.002027
response_i/n674,response_i/U156/Y,AOI21X1,OAI21X1/A,1,0.00274222,0.00274222,0.00257258,0.00257258,0.00274222,0.0,0.00274222,0.0,0.002742
response_i/n675,response_i/U155/Y,NAND2X1,OAI21X1/C,1,0.00200991,0.00200991,0.0019239,0.0019239,0.00200991,0.0,0.00200991,0.0,0.00201
response_i/n677,response_i/U158/Y,AOI21X1,OAI21X1/B,1,0.00283226,0.00283226,0.00263248,0.00263248,0.00283226,0.0,0.00283226,0.0,0.002832
response_i/n679,response_i/U160/Y,AOI21X1,OAI21X1/B,1,0.00283226,0.00283226,0.00263248,0.00263248,0.00283226,0.0,0.00283226,0.0,0.002832
response_i/n681,response_i/U161/Y,AOI21X1,AOI21X1/C,1,0.00238603,0.00238603,0.00231224,0.00231224,0.00238603,0.0,0.00238603,0.0,0.002386
response_i/n683,response_i/U162/Y,AOI22X1,AOI21X1/C,1,0.00238603,0.00238603,0.00231224,0.00231224,0.00238603,0.0,0.00238603,0.0,0.002386
response_i/n688,response_i/U164/Y,NAND3X1,OAI21X1/C,1,0.00200991,0.00200991,0.0019239,0.0019239,0.00200991,0.0,0.00200991,0.0,0.00201
response_i/n692,response_i/U307/Y,NAND2X1,NOR3X1/A,1,0.00302113,0.00302113,0.00301081,0.00301081,0.00302113,0.0,0.00302113,0.0,0.003021
response_i/n693,response_i/U176/Y,NAND3X1,OR2X2/A,1,0.00230117,0.00229176,0.00230117,0.00229176,0.00230117,0.0,0.00230117,0.0,0.002301
response_i/n694,response_i/U171/Y,NAND3X1,OR2X2/B,1,0.00234214,0.00228252,0.00234214,0.00228252,0.00234214,0.0,0.00234214,0.0,0.002342
response_i/n695,response_i/U175/Y,AOI21X1,NAND3X1/A,1,0.00254759,0.00254759,0.00220852,0.00220852,0.00254759,0.0,0.00254759,0.0,0.002548
response_i/n696,response_i/U174/Y,AOI22X1,NAND3X1/B,1,0.00283213,0.00283213,0.00259978,0.00259978,0.00283213,0.0,0.00283213,0.0,0.002832
response_i/n698,response_i/U173/Y,AOI22X1,AND2X2/A,1,0.00179784,0.00179784,0.00176278,0.00176278,0.00179784,0.0,0.00179784,0.0,0.001798
response_i/n699,response_i/U172/Y,AOI22X1,AND2X2/B,1,0.00186944,0.00186944,0.00182011,0.00182011,0.00186944,0.0,0.00186944,0.0,0.001869
response_i/n701,response_i/U181/Y,AOI22X1,NAND3X1/A,1,0.00254759,0.00254759,0.00220852,0.00220852,0.00254759,0.0,0.00254759,0.0,0.002548
response_i/n702,response_i/U179/Y,AOI21X1,NAND3X1/B,1,0.00283213,0.00283213,0.00259978,0.00259978,0.00283213,0.0,0.00283213,0.0,0.002832
response_i/n704,response_i/U178/Y,AOI22X1,AND2X2/A,1,0.00179784,0.00179784,0.00176278,0.00176278,0.00179784,0.0,0.00179784,0.0,0.001798
response_i/n705,response_i/U177/Y,AOI22X1,AND2X2/B,1,0.00186944,0.00186944,0.00182011,0.00182011,0.00186944,0.0,0.00186944,0.0,0.001869
response_i/n706,response_i/U180/Y,AOI21X1,INVX1/A,1,0.00155103,0.00155103,0.00147616,0.00147616,0.00155103,0.0,0.00155103,0.0,0.001551
response_i/n707,response_i/U187/Y,NAND3X1,OR2X2/A,1,0.00230117,0.00229176,0.00230117,0.00229176,0.00230117,0.0,0.00230117,0.0,0.002301
response_i/n708,response_i/U182/Y,NAND3X1,OR2X2/B,1,0.00234214,0.00228252,0.00234214,0.00228252,0.00234214,0.0,0.00234214,0.0,0.002342
response_i/n709,response_i/U186/Y,AOI21X1,NAND3X1/A,1,0.00254759,0.00254759,0.00220852,0.00220852,0.00254759,0.0,0.00254759,0.0,0.002548
response_i/n710,response_i/U185/Y,AOI22X1,NAND3X1/B,1,0.00283213,0.00283213,0.00259978,0.00259978,0.00283213,0.0,0.00283213,0.0,0.002832
response_i/n712,response_i/U184/Y,AOI22X1,AND2X2/A,1,0.00179784,0.00179784,0.00176278,0.00176278,0.00179784,0.0,0.00179784,0.0,0.001798
response_i/n713,response_i/U183/Y,AOI22X1,AND2X2/B,1,0.00186944,0.00186944,0.00182011,0.00182011,0.00186944,0.0,0.00186944,0.0,0.001869
response_i/n715,response_i/U192/Y,AOI22X1,NAND3X1/A,1,0.00254759,0.00254759,0.00220852,0.00220852,0.00254759,0.0,0.00254759,0.0,0.002548
response_i/n716,response_i/U190/Y,AOI21X1,NAND3X1/B,1,0.00283213,0.00283213,0.00259978,0.00259978,0.00283213,0.0,0.00283213,0.0,0.002832
response_i/n718,response_i/U189/Y,AOI22X1,AND2X2/A,1,0.00179784,0.00179784,0.00176278,0.00176278,0.00179784,0.0,0.00179784,0.0,0.001798
response_i/n719,response_i/U188/Y,AOI22X1,AND2X2/B,1,0.00186944,0.00186944,0.00182011,0.00182011,0.00186944,0.0,0.00186944,0.0,0.001869
response_i/n720,response_i/U191/Y,AOI21X1,INVX1/A,1,0.00155103,0.00155103,0.00147616,0.00147616,0.00155103,0.0,0.00155103,0.0,0.001551
response_i/n721,response_i/U198/Y,NAND3X1,OR2X2/A,1,0.00230117,0.00229176,0.00230117,0.00229176,0.00230117,0.0,0.00230117,0.0,0.002301
response_i/n722,response_i/U193/Y,NAND3X1,OR2X2/B,1,0.00234214,0.00228252,0.00234214,0.00228252,0.00234214,0.0,0.00234214,0.0,0.002342
response_i/n723,response_i/U197/Y,AOI21X1,NAND3X1/A,1,0.00254759,0.00254759,0.00220852,0.00220852,0.00254759,0.0,0.00254759,0.0,0.002548
response_i/n724,response_i/U196/Y,AOI22X1,NAND3X1/B,1,0.00283213,0.00283213,0.00259978,0.00259978,0.00283213,0.0,0.00283213,0.0,0.002832
response_i/n726,response_i/U195/Y,AOI22X1,AND2X2/A,1,0.00179784,0.00179784,0.00176278,0.00176278,0.00179784,0.0,0.00179784,0.0,0.001798
response_i/n727,response_i/U194/Y,AOI22X1,AND2X2/B,1,0.00186944,0.00186944,0.00182011,0.00182011,0.00186944,0.0,0.00186944,0.0,0.001869
response_i/n729,response_i/U203/Y,AOI22X1,NAND3X1/A,1,0.00254759,0.00254759,0.00220852,0.00220852,0.00254759,0.0,0.00254759,0.0,0.002548
response_i/n730,response_i/U201/Y,AOI21X1,NAND3X1/B,1,0.00283213,0.00283213,0.00259978,0.00259978,0.00283213,0.0,0.00283213,0.0,0.002832
response_i/n732,response_i/U200/Y,AOI22X1,AND2X2/A,1,0.00179784,0.00179784,0.00176278,0.00176278,0.00179784,0.0,0.00179784,0.0,0.001798
response_i/n733,response_i/U199/Y,AOI22X1,AND2X2/B,1,0.00186944,0.00186944,0.00182011,0.00182011,0.00186944,0.0,0.00186944,0.0,0.001869
response_i/n734,response_i/U202/Y,AOI21X1,INVX1/A,1,0.00155103,0.00155103,0.00147616,0.00147616,0.00155103,0.0,0.00155103,0.0,0.001551
response_i/n735,response_i/U209/Y,NAND3X1,OR2X2/A,1,0.00230117,0.00229176,0.00230117,0.00229176,0.00230117,0.0,0.00230117,0.0,0.002301
response_i/n736,response_i/U204/Y,NAND3X1,OR2X2/B,1,0.00234214,0.00228252,0.00234214,0.00228252,0.00234214,0.0,0.00234214,0.0,0.002342
response_i/n737,response_i/U208/Y,AOI21X1,NAND3X1/A,1,0.00254759,0.00254759,0.00220852,0.00220852,0.00254759,0.0,0.00254759,0.0,0.002548
response_i/n738,response_i/U207/Y,AOI22X1,NAND3X1/B,1,0.00283213,0.00283213,0.00259978,0.00259978,0.00283213,0.0,0.00283213,0.0,0.002832
response_i/n740,response_i/U206/Y,AOI22X1,AND2X2/A,1,0.00179784,0.00179784,0.00176278,0.00176278,0.00179784,0.0,0.00179784,0.0,0.001798
response_i/n741,response_i/U205/Y,AOI22X1,AND2X2/B,1,0.00186944,0.00186944,0.00182011,0.00182011,0.00186944,0.0,0.00186944,0.0,0.001869
response_i/n743,response_i/U214/Y,AOI22X1,NAND3X1/A,1,0.00254759,0.00254759,0.00220852,0.00220852,0.00254759,0.0,0.00254759,0.0,0.002548
response_i/n744,response_i/U212/Y,AOI21X1,NAND3X1/B,1,0.00283213,0.00283213,0.00259978,0.00259978,0.00283213,0.0,0.00283213,0.0,0.002832
response_i/n746,response_i/U211/Y,AOI22X1,AND2X2/A,1,0.00179784,0.00179784,0.00176278,0.00176278,0.00179784,0.0,0.00179784,0.0,0.001798
response_i/n747,response_i/U210/Y,AOI22X1,AND2X2/B,1,0.00186944,0.00186944,0.00182011,0.00182011,0.00186944,0.0,0.00186944,0.0,0.001869
response_i/n748,response_i/U213/Y,AOI21X1,INVX1/A,1,0.00155103,0.00155103,0.00147616,0.00147616,0.00155103,0.0,0.00155103,0.0,0.001551
response_i/n750,response_i/U221/Y,NAND3X1,OR2X2/A,1,0.00230117,0.00229176,0.00230117,0.00229176,0.00230117,0.0,0.00230117,0.0,0.002301
response_i/n751,response_i/U216/Y,NAND3X1,OR2X2/B,1,0.00234214,0.00228252,0.00234214,0.00228252,0.00234214,0.0,0.00234214,0.0,0.002342
response_i/n752,response_i/U220/Y,AOI21X1,NAND3X1/A,1,0.00254759,0.00254759,0.00220852,0.00220852,0.00254759,0.0,0.00254759,0.0,0.002548
response_i/n753,response_i/U219/Y,AOI22X1,NAND3X1/B,1,0.00283213,0.00283213,0.00259978,0.00259978,0.00283213,0.0,0.00283213,0.0,0.002832
response_i/n755,response_i/U218/Y,AOI22X1,AND2X2/A,1,0.00179784,0.00179784,0.00176278,0.00176278,0.00179784,0.0,0.00179784,0.0,0.001798
response_i/n756,response_i/U217/Y,AOI22X1,AND2X2/B,1,0.00186944,0.00186944,0.00182011,0.00182011,0.00186944,0.0,0.00186944,0.0,0.001869
response_i/n758,response_i/U226/Y,AOI22X1,NAND3X1/A,1,0.00254759,0.00254759,0.00220852,0.00220852,0.00254759,0.0,0.00254759,0.0,0.002548
response_i/n759,response_i/U224/Y,AOI21X1,NAND3X1/B,1,0.00283213,0.00283213,0.00259978,0.00259978,0.00283213,0.0,0.00283213,0.0,0.002832
response_i/n761,response_i/U223/Y,AOI22X1,AND2X2/A,1,0.00179784,0.00179784,0.00176278,0.00176278,0.00179784,0.0,0.00179784,0.0,0.001798
response_i/n762,response_i/U222/Y,AOI22X1,AND2X2/B,1,0.00186944,0.00186944,0.00182011,0.00182011,0.00186944,0.0,0.00186944,0.0,0.001869
response_i/n763,response_i/U225/Y,AOI21X1,INVX1/A,1,0.00155103,0.00155103,0.00147616,0.00147616,0.00155103,0.0,0.00155103,0.0,0.001551
response_i/n764,response_i/U232/Y,NAND3X1,OR2X2/A,1,0.00230117,0.00229176,0.00230117,0.00229176,0.00230117,0.0,0.00230117,0.0,0.002301
response_i/n765,response_i/U227/Y,NAND3X1,OR2X2/B,1,0.00234214,0.00228252,0.00234214,0.00228252,0.00234214,0.0,0.00234214,0.0,0.002342
response_i/n766,response_i/U231/Y,AOI21X1,NAND3X1/A,1,0.00254759,0.00254759,0.00220852,0.00220852,0.00254759,0.0,0.00254759,0.0,0.002548
response_i/n767,response_i/U230/Y,AOI22X1,NAND3X1/B,1,0.00283213,0.00283213,0.00259978,0.00259978,0.00283213,0.0,0.00283213,0.0,0.002832
response_i/n769,response_i/U229/Y,AOI22X1,AND2X2/A,1,0.00179784,0.00179784,0.00176278,0.00176278,0.00179784,0.0,0.00179784,0.0,0.001798
response_i/n770,response_i/U228/Y,AOI22X1,AND2X2/B,1,0.00186944,0.00186944,0.00182011,0.00182011,0.00186944,0.0,0.00186944,0.0,0.001869
response_i/n772,response_i/U237/Y,AOI22X1,NAND3X1/A,1,0.00254759,0.00254759,0.00220852,0.00220852,0.00254759,0.0,0.00254759,0.0,0.002548
response_i/n773,response_i/U235/Y,AOI21X1,NAND3X1/B,1,0.00283213,0.00283213,0.00259978,0.00259978,0.00283213,0.0,0.00283213,0.0,0.002832
response_i/n775,response_i/U234/Y,AOI22X1,AND2X2/A,1,0.00179784,0.00179784,0.00176278,0.00176278,0.00179784,0.0,0.00179784,0.0,0.001798
response_i/n776,response_i/U233/Y,AOI22X1,AND2X2/B,1,0.00186944,0.00186944,0.00182011,0.00182011,0.00186944,0.0,0.00186944,0.0,0.001869
response_i/n777,response_i/U236/Y,AOI21X1,INVX1/A,1,0.00155103,0.00155103,0.00147616,0.00147616,0.00155103,0.0,0.00155103,0.0,0.001551
response_i/n778,response_i/U243/Y,NAND3X1,OR2X2/A,1,0.00230117,0.00229176,0.00230117,0.00229176,0.00230117,0.0,0.00230117,0.0,0.002301
response_i/n779,response_i/U238/Y,NAND3X1,OR2X2/B,1,0.00234214,0.00228252,0.00234214,0.00228252,0.00234214,0.0,0.00234214,0.0,0.002342
response_i/n780,response_i/U242/Y,AOI21X1,NAND3X1/A,1,0.00254759,0.00254759,0.00220852,0.00220852,0.00254759,0.0,0.00254759,0.0,0.002548
response_i/n781,response_i/U241/Y,AOI22X1,NAND3X1/B,1,0.00283213,0.00283213,0.00259978,0.00259978,0.00283213,0.0,0.00283213,0.0,0.002832
response_i/n783,response_i/U240/Y,AOI22X1,AND2X2/A,1,0.00179784,0.00179784,0.00176278,0.00176278,0.00179784,0.0,0.00179784,0.0,0.001798
response_i/n784,response_i/U239/Y,AOI22X1,AND2X2/B,1,0.00186944,0.00186944,0.00182011,0.00182011,0.00186944,0.0,0.00186944,0.0,0.001869
response_i/n786,response_i/U248/Y,AOI22X1,NAND3X1/A,1,0.00254759,0.00254759,0.00220852,0.00220852,0.00254759,0.0,0.00254759,0.0,0.002548
response_i/n787,response_i/U246/Y,AOI21X1,NAND3X1/B,1,0.00283213,0.00283213,0.00259978,0.00259978,0.00283213,0.0,0.00283213,0.0,0.002832
response_i/n789,response_i/U245/Y,AOI22X1,AND2X2/A,1,0.00179784,0.00179784,0.00176278,0.00176278,0.00179784,0.0,0.00179784,0.0,0.001798
response_i/n790,response_i/U244/Y,AOI22X1,AND2X2/B,1,0.00186944,0.00186944,0.00182011,0.00182011,0.00186944,0.0,0.00186944,0.0,0.001869
response_i/n791,response_i/U247/Y,AOI21X1,INVX1/A,1,0.00155103,0.00155103,0.00147616,0.00147616,0.00155103,0.0,0.00155103,0.0,0.001551
response_i/n792,response_i/U254/Y,NAND3X1,OR2X2/A,1,0.00230117,0.00229176,0.00230117,0.00229176,0.00230117,0.0,0.00230117,0.0,0.002301
response_i/n793,response_i/U249/Y,NAND3X1,OR2X2/B,1,0.00234214,0.00228252,0.00234214,0.00228252,0.00234214,0.0,0.00234214,0.0,0.002342
response_i/n794,response_i/U253/Y,AOI21X1,NAND3X1/A,1,0.00254759,0.00254759,0.00220852,0.00220852,0.00254759,0.0,0.00254759,0.0,0.002548
response_i/n795,response_i/U252/Y,AOI22X1,NAND3X1/B,1,0.00283213,0.00283213,0.00259978,0.00259978,0.00283213,0.0,0.00283213,0.0,0.002832
response_i/n797,response_i/U251/Y,AOI22X1,AND2X2/A,1,0.00179784,0.00179784,0.00176278,0.00176278,0.00179784,0.0,0.00179784,0.0,0.001798
response_i/n798,response_i/U250/Y,AOI22X1,AND2X2/B,1,0.00186944,0.00186944,0.00182011,0.00182011,0.00186944,0.0,0.00186944,0.0,0.001869
response_i/n800,response_i/U259/Y,AOI22X1,NAND3X1/A,1,0.00254759,0.00254759,0.00220852,0.00220852,0.00254759,0.0,0.00254759,0.0,0.002548
response_i/n801,response_i/U257/Y,AOI21X1,NAND3X1/B,1,0.00283213,0.00283213,0.00259978,0.00259978,0.00283213,0.0,0.00283213,0.0,0.002832
response_i/n803,response_i/U256/Y,AOI22X1,AND2X2/A,1,0.00179784,0.00179784,0.00176278,0.00176278,0.00179784,0.0,0.00179784,0.0,0.001798
response_i/n804,response_i/U255/Y,AOI22X1,AND2X2/B,1,0.00186944,0.00186944,0.00182011,0.00182011,0.00186944,0.0,0.00186944,0.0,0.001869
response_i/n805,response_i/U258/Y,AOI21X1,INVX1/A,1,0.00155103,0.00155103,0.00147616,0.00147616,0.00155103,0.0,0.00155103,0.0,0.001551
response_i/n807,response_i/U268/Y,NAND3X1,OR2X2/A,1,0.00230117,0.00229176,0.00230117,0.00229176,0.00230117,0.0,0.00230117,0.0,0.002301
response_i/n808,response_i/U263/Y,NAND3X1,OR2X2/B,1,0.00234214,0.00228252,0.00234214,0.00228252,0.00234214,0.0,0.00234214,0.0,0.002342
response_i/n809,response_i/U267/Y,AOI22X1,NAND3X1/A,1,0.00254759,0.00254759,0.00220852,0.00220852,0.00254759,0.0,0.00254759,0.0,0.002548
response_i/n810,response_i/U266/Y,AOI22X1,NAND3X1/B,1,0.00283213,0.00283213,0.00259978,0.00259978,0.00283213,0.0,0.00283213,0.0,0.002832
response_i/n812,response_i/U265/Y,AOI22X1,AND2X2/A,1,0.00179784,0.00179784,0.00176278,0.00176278,0.00179784,0.0,0.00179784,0.0,0.001798
response_i/n813,response_i/U264/Y,AOI22X1,AND2X2/B,1,0.00186944,0.00186944,0.00182011,0.00182011,0.00186944,0.0,0.00186944,0.0,0.001869
response_i/n814,response_i/U272/Y,AOI22X1,NAND3X1/A,1,0.00254759,0.00254759,0.00220852,0.00220852,0.00254759,0.0,0.00254759,0.0,0.002548
response_i/n815,response_i/U271/Y,AOI21X1,NAND3X1/B,1,0.00283213,0.00283213,0.00259978,0.00259978,0.00283213,0.0,0.00283213,0.0,0.002832
response_i/n817,response_i/U270/Y,AOI22X1,AND2X2/A,1,0.00179784,0.00179784,0.00176278,0.00176278,0.00179784,0.0,0.00179784,0.0,0.001798
response_i/n818,response_i/U269/Y,AOI22X1,AND2X2/B,1,0.00186944,0.00186944,0.00182011,0.00182011,0.00186944,0.0,0.00186944,0.0,0.001869
response_i/n819,response_i/U279/Y,NAND3X1,OR2X2/A,1,0.00230117,0.00229176,0.00230117,0.00229176,0.00230117,0.0,0.00230117,0.0,0.002301
response_i/n820,response_i/U274/Y,NAND3X1,OR2X2/B,1,0.00234214,0.00228252,0.00234214,0.00228252,0.00234214,0.0,0.00234214,0.0,0.002342
response_i/n821,response_i/U278/Y,AOI22X1,NAND3X1/A,1,0.00254759,0.00254759,0.00220852,0.00220852,0.00254759,0.0,0.00254759,0.0,0.002548
response_i/n822,response_i/U277/Y,AOI22X1,NAND3X1/B,1,0.00283213,0.00283213,0.00259978,0.00259978,0.00283213,0.0,0.00283213,0.0,0.002832
response_i/n824,response_i/U276/Y,AOI22X1,AND2X2/A,1,0.00179784,0.00179784,0.00176278,0.00176278,0.00179784,0.0,0.00179784,0.0,0.001798
response_i/n825,response_i/U275/Y,AOI22X1,AND2X2/B,1,0.00186944,0.00186944,0.00182011,0.00182011,0.00186944,0.0,0.00186944,0.0,0.001869
response_i/n826,response_i/U283/Y,AOI22X1,NAND3X1/A,1,0.00254759,0.00254759,0.00220852,0.00220852,0.00254759,0.0,0.00254759,0.0,0.002548
response_i/n827,response_i/U282/Y,AOI21X1,NAND3X1/B,1,0.00283213,0.00283213,0.00259978,0.00259978,0.00283213,0.0,0.00283213,0.0,0.002832
response_i/n829,response_i/U281/Y,AOI22X1,AND2X2/A,1,0.00179784,0.00179784,0.00176278,0.00176278,0.00179784,0.0,0.00179784,0.0,0.001798
response_i/n830,response_i/U280/Y,AOI22X1,AND2X2/B,1,0.00186944,0.00186944,0.00182011,0.00182011,0.00186944,0.0,0.00186944,0.0,0.001869
response_i/n831,response_i/U289/Y,NAND3X1,OR2X2/A,1,0.00230117,0.00229176,0.00230117,0.00229176,0.00230117,0.0,0.00230117,0.0,0.002301
response_i/n832,response_i/U284/Y,NAND3X1,OR2X2/B,1,0.00234214,0.00228252,0.00234214,0.00228252,0.00234214,0.0,0.00234214,0.0,0.002342
response_i/n833,response_i/U288/Y,AOI21X1,NAND3X1/A,1,0.00254759,0.00254759,0.00220852,0.00220852,0.00254759,0.0,0.00254759,0.0,0.002548
response_i/n834,response_i/U287/Y,AOI22X1,NAND3X1/B,1,0.00283213,0.00283213,0.00259978,0.00259978,0.00283213,0.0,0.00283213,0.0,0.002832
response_i/n836,response_i/U286/Y,AOI22X1,AND2X2/A,1,0.00179784,0.00179784,0.00176278,0.00176278,0.00179784,0.0,0.00179784,0.0,0.001798
response_i/n837,response_i/U285/Y,AOI22X1,AND2X2/B,1,0.00186944,0.00186944,0.00182011,0.00182011,0.00186944,0.0,0.00186944,0.0,0.001869
response_i/n839,response_i/U294/Y,AOI22X1,NAND3X1/A,1,0.00254759,0.00254759,0.00220852,0.00220852,0.00254759,0.0,0.00254759,0.0,0.002548
response_i/n840,response_i/U292/Y,AOI21X1,NAND3X1/B,1,0.00283213,0.00283213,0.00259978,0.00259978,0.00283213,0.0,0.00283213,0.0,0.002832
response_i/n842,response_i/U291/Y,AOI22X1,AND2X2/A,1,0.00179784,0.00179784,0.00176278,0.00176278,0.00179784,0.0,0.00179784,0.0,0.001798
response_i/n843,response_i/U290/Y,AOI22X1,AND2X2/B,1,0.00186944,0.00186944,0.00182011,0.00182011,0.00186944,0.0,0.00186944,0.0,0.001869
response_i/n844,response_i/U293/Y,AOI21X1,INVX1/A,1,0.00155103,0.00155103,0.00147616,0.00147616,0.00155103,0.0,0.00155103,0.0,0.001551
response_i/n845,response_i/U302/Y,NAND3X1,OR2X2/A,1,0.00230117,0.00229176,0.00230117,0.00229176,0.00230117,0.0,0.00230117,0.0,0.002301
response_i/n846,response_i/U297/Y,NAND3X1,OR2X2/B,1,0.00234214,0.00228252,0.00234214,0.00228252,0.00234214,0.0,0.00234214,0.0,0.002342
response_i/n847,response_i/U301/Y,AOI22X1,NAND3X1/A,1,0.00254759,0.00254759,0.00220852,0.00220852,0.00254759,0.0,0.00254759,0.0,0.002548
response_i/n848,response_i/U300/Y,AOI22X1,NAND3X1/B,1,0.00283213,0.00283213,0.00259978,0.00259978,0.00283213,0.0,0.00283213,0.0,0.002832
response_i/n850,response_i/U299/Y,AOI22X1,AND2X2/A,1,0.00179784,0.00179784,0.00176278,0.00176278,0.00179784,0.0,0.00179784,0.0,0.001798
response_i/n851,response_i/U298/Y,AOI22X1,AND2X2/B,1,0.00186944,0.00186944,0.00182011,0.00182011,0.00186944,0.0,0.00186944,0.0,0.001869
response_i/n852,response_i/U306/Y,AOI22X1,NAND3X1/A,1,0.00254759,0.00254759,0.00220852,0.00220852,0.00254759,0.0,0.00254759,0.0,0.002548
response_i/n853,response_i/U305/Y,AOI21X1,NAND3X1/B,1,0.00283213,0.00283213,0.00259978,0.00259978,0.00283213,0.0,0.00283213,0.0,0.002832
response_i/n855,response_i/U304/Y,AOI22X1,AND2X2/A,1,0.00179784,0.00179784,0.00176278,0.00176278,0.00179784,0.0,0.00179784,0.0,0.001798
response_i/n856,response_i/U303/Y,AOI22X1,AND2X2/B,1,0.00186944,0.00186944,0.00182011,0.00182011,0.00186944,0.0,0.00186944,0.0,0.001869
response_i/n857,response_i/U330/Y,AOI21X1,NAND2X1/A,1,0.00211057,0.00211057,0.00188435,0.00188435,0.00211057,0.0,0.00211057,0.0,0.002111
response_i/n858,response_i/U314/Y,NAND3X1,OR2X2/A,1,0.00230117,0.00229176,0.00230117,0.00229176,0.00230117,0.0,0.00230117,0.0,0.002301
response_i/n859,response_i/U309/Y,NAND3X1,OR2X2/B,1,0.00234214,0.00228252,0.00234214,0.00228252,0.00234214,0.0,0.00234214,0.0,0.002342
response_i/n860,response_i/U313/Y,AOI21X1,NAND3X1/A,1,0.00254759,0.00254759,0.00220852,0.00220852,0.00254759,0.0,0.00254759,0.0,0.002548
response_i/n861,response_i/U312/Y,AOI22X1,NAND3X1/B,1,0.00283213,0.00283213,0.00259978,0.00259978,0.00283213,0.0,0.00283213,0.0,0.002832
response_i/n863,response_i/U311/Y,AOI22X1,AND2X2/A,1,0.00179784,0.00179784,0.00176278,0.00176278,0.00179784,0.0,0.00179784,0.0,0.001798
response_i/n864,response_i/U310/Y,AOI22X1,AND2X2/B,1,0.00186944,0.00186944,0.00182011,0.00182011,0.00186944,0.0,0.00186944,0.0,0.001869
response_i/n866,response_i/U319/Y,AOI22X1,NAND3X1/A,1,0.00254759,0.00254759,0.00220852,0.00220852,0.00254759,0.0,0.00254759,0.0,0.002548
response_i/n867,response_i/U317/Y,AOI21X1,NAND3X1/B,1,0.00283213,0.00283213,0.00259978,0.00259978,0.00283213,0.0,0.00283213,0.0,0.002832
response_i/n869,response_i/U316/Y,AOI22X1,AND2X2/A,1,0.00179784,0.00179784,0.00176278,0.00176278,0.00179784,0.0,0.00179784,0.0,0.001798
response_i/n870,response_i/U315/Y,AOI22X1,AND2X2/B,1,0.00186944,0.00186944,0.00182011,0.00182011,0.00186944,0.0,0.00186944,0.0,0.001869
response_i/n871,response_i/U318/Y,AOI21X1,INVX1/A,1,0.00155103,0.00155103,0.00147616,0.00147616,0.00155103,0.0,0.00155103,0.0,0.001551
response_i/n872,response_i/U325/Y,NAND3X1,OR2X2/A,1,0.00230117,0.00229176,0.00230117,0.00229176,0.00230117,0.0,0.00230117,0.0,0.002301
response_i/n873,response_i/U320/Y,NAND3X1,OR2X2/B,1,0.00234214,0.00228252,0.00234214,0.00228252,0.00234214,0.0,0.00234214,0.0,0.002342
response_i/n874,response_i/U324/Y,AOI22X1,NAND3X1/A,1,0.00254759,0.00254759,0.00220852,0.00220852,0.00254759,0.0,0.00254759,0.0,0.002548
response_i/n875,response_i/U323/Y,AOI22X1,NAND3X1/B,1,0.00283213,0.00283213,0.00259978,0.00259978,0.00283213,0.0,0.00283213,0.0,0.002832
response_i/n877,response_i/U322/Y,AOI22X1,AND2X2/A,1,0.00179784,0.00179784,0.00176278,0.00176278,0.00179784,0.0,0.00179784,0.0,0.001798
response_i/n878,response_i/U321/Y,AOI22X1,AND2X2/B,1,0.00186944,0.00186944,0.00182011,0.00182011,0.00186944,0.0,0.00186944,0.0,0.001869
response_i/n879,response_i/U329/Y,AOI22X1,NAND3X1/A,1,0.00254759,0.00254759,0.00220852,0.00220852,0.00254759,0.0,0.00254759,0.0,0.002548
response_i/n880,response_i/U328/Y,AOI21X1,NAND3X1/B,1,0.00283213,0.00283213,0.00259978,0.00259978,0.00283213,0.0,0.00283213,0.0,0.002832
response_i/n882,response_i/U327/Y,AOI22X1,AND2X2/A,1,0.00179784,0.00179784,0.00176278,0.00176278,0.00179784,0.0,0.00179784,0.0,0.001798
response_i/n883,response_i/U326/Y,AOI22X1,AND2X2/B,1,0.00186944,0.00186944,0.00182011,0.00182011,0.00186944,0.0,0.00186944,0.0,0.001869
response_i/n885,response_i/U338/Y,NAND3X1,NOR3X1/A,1,0.00302113,0.00302113,0.00301081,0.00301081,0.00302113,0.0,0.00302113,0.0,0.003021
response_i/n886,response_i/U335/Y,NAND2X1,NOR3X1/B,1,0.003067,0.00306333,0.003067,0.00306333,0.003067,0.0,0.003067,0.0,0.003067
response_i/n887,response_i/U332/Y,NAND3X1,NOR3X1/C,1,0.00328822,0.00328822,0.00322576,0.00322576,0.00328822,0.0,0.00328822,0.0,0.003288
response_i/n889,response_i/U333/Y,AOI22X1,BUFX2/A,1,0.00153896,0.00153896,0.00150415,0.00150415,0.00153896,0.0,0.00153896,0.0,0.001539
response_i/n890,response_i/U337/Y,AOI22X1,NAND2X1/A,1,0.00211057,0.00211057,0.00188435,0.00188435,0.00211057,0.0,0.00211057,0.0,0.002111
response_i/n891,response_i/U336/Y,AOI22X1,NAND2X1/B,1,0.00202749,0.00202749,0.00194421,0.00194421,0.00202749,0.0,0.00202749,0.0,0.002027
response_i/n892,response_i/U343/Y,AOI22X1,NAND3X1/A,1,0.00254759,0.00254759,0.00220852,0.00220852,0.00254759,0.0,0.00254759,0.0,0.002548
response_i/n893,response_i/U341/Y,AOI21X1,NAND3X1/B,1,0.00283213,0.00283213,0.00259978,0.00259978,0.00283213,0.0,0.00283213,0.0,0.002832
response_i/n895,response_i/U340/Y,AOI22X1,AND2X2/A,1,0.00179784,0.00179784,0.00176278,0.00176278,0.00179784,0.0,0.00179784,0.0,0.001798
response_i/n896,response_i/U339/Y,AOI22X1,AND2X2/B,1,0.00186944,0.00186944,0.00182011,0.00182011,0.00186944,0.0,0.00186944,0.0,0.001869
response_i/n897,response_i/U342/Y,AOI21X1,INVX1/A,1,0.00155103,0.00155103,0.00147616,0.00147616,0.00155103,0.0,0.00155103,0.0,0.001551
response_i/n903,response_i/U353/Y,NAND3X1,NOR3X1/A,1,0.00302113,0.00302113,0.00301081,0.00301081,0.00302113,0.0,0.00302113,0.0,0.003021
response_i/n904,response_i/U349/Y,NAND3X1,NOR3X1/B,1,0.003067,0.00306333,0.003067,0.00306333,0.003067,0.0,0.003067,0.0,0.003067
response_i/n905,response_i/U346/Y,NAND2X1,NOR3X1/C,1,0.00328822,0.00328822,0.00322576,0.00322576,0.00328822,0.0,0.00328822,0.0,0.003288
response_i/n906,response_i/U348/Y,NAND3X1,NAND2X1/A,1,0.00211057,0.00211057,0.00188435,0.00188435,0.00211057,0.0,0.00211057,0.0,0.002111
response_i/n907,response_i/U347/Y,NAND3X1,NAND2X1/B,1,0.00202749,0.00202749,0.00194421,0.00194421,0.00202749,0.0,0.00202749,0.0,0.002027
response_i/n908,response_i/U352/Y,NAND3X1,NAND3X1/A,1,0.00254759,0.00254759,0.00220852,0.00220852,0.00254759,0.0,0.00254759,0.0,0.002548
response_i/n909,response_i/U351/Y,NAND3X1,NAND3X1/B,1,0.00283213,0.00283213,0.00259978,0.00259978,0.00283213,0.0,0.00283213,0.0,0.002832
response_i/n910,response_i/U350/Y,NAND3X1,NAND3X1/C,1,0.00296109,0.00296109,0.0028316,0.0028316,0.00296109,0.0,0.00296109,0.0,0.002961
response_i/n911,response_i/U356/Y,NAND3X1,NAND3X1/A,1,0.00254759,0.00254759,0.00220852,0.00220852,0.00254759,0.0,0.00254759,0.0,0.002548
response_i/n912,response_i/U355/Y,NAND3X1,NAND3X1/B,1,0.00283213,0.00283213,0.00259978,0.00259978,0.00283213,0.0,0.00283213,0.0,0.002832
response_i/n913,response_i/U354/Y,AOI22X1,NAND3X1/C,1,0.00296109,0.00296109,0.0028316,0.0028316,0.00296109,0.0,0.00296109,0.0,0.002961
response_i/n915,response_i/U365/Y,NAND3X1,NOR3X1/A,1,0.00302113,0.00302113,0.00301081,0.00301081,0.00302113,0.0,0.00302113,0.0,0.003021
response_i/n916,response_i/U361/Y,NAND3X1,NOR3X1/B,1,0.003067,0.00306333,0.003067,0.00306333,0.003067,0.0,0.003067,0.0,0.003067
response_i/n917,response_i/U358/Y,NAND2X1,NOR3X1/C,1,0.00328822,0.00328822,0.00322576,0.00322576,0.00328822,0.0,0.00328822,0.0,0.003288
response_i/n918,response_i/U360/Y,NAND3X1,NAND2X1/A,1,0.00211057,0.00211057,0.00188435,0.00188435,0.00211057,0.0,0.00211057,0.0,0.002111
response_i/n919,response_i/U359/Y,NAND3X1,NAND2X1/B,1,0.00202749,0.00202749,0.00194421,0.00194421,0.00202749,0.0,0.00202749,0.0,0.002027
response_i/n920,response_i/U364/Y,NAND3X1,NAND3X1/A,1,0.00254759,0.00254759,0.00220852,0.00220852,0.00254759,0.0,0.00254759,0.0,0.002548
response_i/n921,response_i/U363/Y,NAND3X1,NAND3X1/B,1,0.00283213,0.00283213,0.00259978,0.00259978,0.00283213,0.0,0.00283213,0.0,0.002832
response_i/n922,response_i/U362/Y,NAND3X1,NAND3X1/C,1,0.00296109,0.00296109,0.0028316,0.0028316,0.00296109,0.0,0.00296109,0.0,0.002961
response_i/n923,response_i/U367/Y,NAND3X1,NAND3X1/A,1,0.00254759,0.00254759,0.00220852,0.00220852,0.00254759,0.0,0.00254759,0.0,0.002548
response_i/n924,response_i/U366/Y,NAND3X1,NAND3X1/B,1,0.00283213,0.00283213,0.00259978,0.00259978,0.00283213,0.0,0.00283213,0.0,0.002832
response_i/n926,response_i/U575/Y,NAND3X1,OR2X2/A,1,0.00230117,0.00229176,0.00230117,0.00229176,0.00230117,0.0,0.00230117,0.0,0.002301
response_i/n927,response_i/U369/Y,NAND3X1,OR2X2/B,1,0.00234214,0.00228252,0.00234214,0.00228252,0.00234214,0.0,0.00234214,0.0,0.002342
response_i/n928,response_i/U523/Y,AOI22X1,NAND3X1/A,1,0.00254759,0.00254759,0.00220852,0.00220852,0.00254759,0.0,0.00254759,0.0,0.002548
response_i/n929,response_i/U471/Y,AOI22X1,NAND3X1/B,1,0.00283213,0.00283213,0.00259978,0.00259978,0.00283213,0.0,0.00283213,0.0,0.002832
response_i/n931,response_i/U420/Y,AOI22X1,AND2X2/A,1,0.00179784,0.00179784,0.00176278,0.00176278,0.00179784,0.0,0.00179784,0.0,0.001798
response_i/n932,response_i/U370/Y,AOI22X1,AND2X2/B,1,0.00186944,0.00186944,0.00182011,0.00182011,0.00186944,0.0,0.00186944,0.0,0.001869
response_i/n937,response_i/U380/Y,NAND3X1,NOR3X1/A,1,0.00302113,0.00302113,0.00301081,0.00301081,0.00302113,0.0,0.00302113,0.0,0.003021
response_i/n938,response_i/U376/Y,NAND3X1,NOR3X1/B,1,0.003067,0.00306333,0.003067,0.00306333,0.003067,0.0,0.003067,0.0,0.003067
response_i/n939,response_i/U373/Y,NAND2X1,NOR3X1/C,1,0.00328822,0.00328822,0.00322576,0.00322576,0.00328822,0.0,0.00328822,0.0,0.003288
response_i/n940,response_i/U375/Y,NAND3X1,NAND2X1/A,1,0.00211057,0.00211057,0.00188435,0.00188435,0.00211057,0.0,0.00211057,0.0,0.002111
response_i/n941,response_i/U374/Y,NAND3X1,NAND2X1/B,1,0.00202749,0.00202749,0.00194421,0.00194421,0.00202749,0.0,0.00202749,0.0,0.002027
response_i/n942,response_i/U379/Y,NAND3X1,NAND3X1/A,1,0.00254759,0.00254759,0.00220852,0.00220852,0.00254759,0.0,0.00254759,0.0,0.002548
response_i/n943,response_i/U378/Y,NAND3X1,NAND3X1/B,1,0.00283213,0.00283213,0.00259978,0.00259978,0.00283213,0.0,0.00283213,0.0,0.002832
response_i/n944,response_i/U377/Y,NAND3X1,NAND3X1/C,1,0.00296109,0.00296109,0.0028316,0.0028316,0.00296109,0.0,0.00296109,0.0,0.002961
response_i/n945,response_i/U384/Y,NAND3X1,NAND3X1/A,1,0.00254759,0.00254759,0.00220852,0.00220852,0.00254759,0.0,0.00254759,0.0,0.002548
response_i/n946,response_i/U383/Y,NAND3X1,NAND3X1/B,1,0.00283213,0.00283213,0.00259978,0.00259978,0.00283213,0.0,0.00283213,0.0,0.002832
response_i/n948,response_i/U382/Y,NAND3X1,AND2X2/A,1,0.00179784,0.00179784,0.00176278,0.00176278,0.00179784,0.0,0.00179784,0.0,0.001798
response_i/n949,response_i/U381/Y,NAND3X1,AND2X2/B,1,0.00186944,0.00186944,0.00182011,0.00182011,0.00186944,0.0,0.00186944,0.0,0.001869
response_i/n950,response_i/U393/Y,NAND3X1,NOR3X1/A,1,0.00302113,0.00302113,0.00301081,0.00301081,0.00302113,0.0,0.00302113,0.0,0.003021
response_i/n951,response_i/U389/Y,NAND3X1,NOR3X1/B,1,0.003067,0.00306333,0.003067,0.00306333,0.003067,0.0,0.003067,0.0,0.003067
response_i/n952,response_i/U386/Y,NAND2X1,NOR3X1/C,1,0.00328822,0.00328822,0.00322576,0.00322576,0.00328822,0.0,0.00328822,0.0,0.003288
response_i/n953,response_i/U388/Y,NAND2X1,NAND2X1/A,1,0.00211057,0.00211057,0.00188435,0.00188435,0.00211057,0.0,0.00211057,0.0,0.002111
response_i/n954,response_i/U387/Y,NAND3X1,NAND2X1/B,1,0.00202749,0.00202749,0.00194421,0.00194421,0.00202749,0.0,0.00202749,0.0,0.002027
response_i/n955,response_i/U392/Y,NAND3X1,NAND3X1/A,1,0.00254759,0.00254759,0.00220852,0.00220852,0.00254759,0.0,0.00254759,0.0,0.002548
response_i/n956,response_i/U391/Y,NAND3X1,NAND3X1/B,1,0.00283213,0.00283213,0.00259978,0.00259978,0.00283213,0.0,0.00283213,0.0,0.002832
response_i/n957,response_i/U390/Y,NAND3X1,NAND3X1/C,1,0.00296109,0.00296109,0.0028316,0.0028316,0.00296109,0.0,0.00296109,0.0,0.002961
response_i/n958,response_i/U395/Y,NAND3X1,NAND3X1/A,1,0.00254759,0.00254759,0.00220852,0.00220852,0.00254759,0.0,0.00254759,0.0,0.002548
response_i/n959,response_i/U394/Y,NAND3X1,NAND3X1/B,1,0.00283213,0.00283213,0.00259978,0.00259978,0.00283213,0.0,0.00283213,0.0,0.002832
response_i/n964,response_i/U405/Y,NAND3X1,NOR3X1/A,1,0.00302113,0.00302113,0.00301081,0.00301081,0.00302113,0.0,0.00302113,0.0,0.003021
response_i/n965,response_i/U401/Y,NAND3X1,NOR3X1/B,1,0.003067,0.00306333,0.003067,0.00306333,0.003067,0.0,0.003067,0.0,0.003067
response_i/n966,response_i/U398/Y,NAND2X1,NOR3X1/C,1,0.00328822,0.00328822,0.00322576,0.00322576,0.00328822,0.0,0.00328822,0.0,0.003288
response_i/n967,response_i/U400/Y,NAND3X1,NAND2X1/A,1,0.00211057,0.00211057,0.00188435,0.00188435,0.00211057,0.0,0.00211057,0.0,0.002111
response_i/n968,response_i/U399/Y,NAND3X1,NAND2X1/B,1,0.00202749,0.00202749,0.00194421,0.00194421,0.00202749,0.0,0.00202749,0.0,0.002027
response_i/n969,response_i/U404/Y,NAND3X1,NAND3X1/A,1,0.00254759,0.00254759,0.00220852,0.00220852,0.00254759,0.0,0.00254759,0.0,0.002548
response_i/n970,response_i/U403/Y,NAND3X1,NAND3X1/B,1,0.00283213,0.00283213,0.00259978,0.00259978,0.00283213,0.0,0.00283213,0.0,0.002832
response_i/n971,response_i/U402/Y,NAND3X1,NAND3X1/C,1,0.00296109,0.00296109,0.0028316,0.0028316,0.00296109,0.0,0.00296109,0.0,0.002961
response_i/n972,response_i/U409/Y,NAND3X1,NAND3X1/A,1,0.00254759,0.00254759,0.00220852,0.00220852,0.00254759,0.0,0.00254759,0.0,0.002548
response_i/n973,response_i/U408/Y,NAND3X1,NAND3X1/B,1,0.00283213,0.00283213,0.00259978,0.00259978,0.00283213,0.0,0.00283213,0.0,0.002832
response_i/n975,response_i/U407/Y,NAND3X1,AND2X2/A,1,0.00179784,0.00179784,0.00176278,0.00176278,0.00179784,0.0,0.00179784,0.0,0.001798
response_i/n976,response_i/U406/Y,NAND3X1,AND2X2/B,1,0.00186944,0.00186944,0.00182011,0.00182011,0.00186944,0.0,0.00186944,0.0,0.001869
response_i/n977,response_i/U418/Y,NAND3X1,NOR3X1/A,1,0.00302113,0.00302113,0.00301081,0.00301081,0.00302113,0.0,0.00302113,0.0,0.003021
response_i/n978,response_i/U414/Y,NAND3X1,NOR3X1/B,1,0.003067,0.00306333,0.003067,0.00306333,0.003067,0.0,0.003067,0.0,0.003067
response_i/n979,response_i/U411/Y,NAND2X1,NOR3X1/C,1,0.00328822,0.00328822,0.00322576,0.00322576,0.00328822,0.0,0.00328822,0.0,0.003288
response_i/n980,response_i/U413/Y,NAND3X1,NAND2X1/A,1,0.00211057,0.00211057,0.00188435,0.00188435,0.00211057,0.0,0.00211057,0.0,0.002111
response_i/n981,response_i/U412/Y,NAND3X1,NAND2X1/B,1,0.00202749,0.00202749,0.00194421,0.00194421,0.00202749,0.0,0.00202749,0.0,0.002027
response_i/n982,response_i/U417/Y,NAND3X1,NAND3X1/A,1,0.00254759,0.00254759,0.00220852,0.00220852,0.00254759,0.0,0.00254759,0.0,0.002548
response_i/n983,response_i/U416/Y,NAND3X1,NAND3X1/B,1,0.00283213,0.00283213,0.00259978,0.00259978,0.00283213,0.0,0.00283213,0.0,0.002832
response_i/n984,response_i/U415/Y,NAND3X1,NAND3X1/C,1,0.00296109,0.00296109,0.0028316,0.0028316,0.00296109,0.0,0.00296109,0.0,0.002961
response_i/n985,response_i/U419/Y,AOI22X1,NAND3X1/C,1,0.00296109,0.00296109,0.0028316,0.0028316,0.00296109,0.0,0.00296109,0.0,0.002961
response_i/n991,response_i/U430/Y,NAND3X1,NOR3X1/A,1,0.00302113,0.00302113,0.00301081,0.00301081,0.00302113,0.0,0.00302113,0.0,0.003021
response_i/n992,response_i/U426/Y,NAND3X1,NOR3X1/B,1,0.003067,0.00306333,0.003067,0.00306333,0.003067,0.0,0.003067,0.0,0.003067
response_i/n993,response_i/U423/Y,NAND2X1,NOR3X1/C,1,0.00328822,0.00328822,0.00322576,0.00322576,0.00328822,0.0,0.00328822,0.0,0.003288
response_i/n994,response_i/U425/Y,NAND3X1,NAND2X1/A,1,0.00211057,0.00211057,0.00188435,0.00188435,0.00211057,0.0,0.00211057,0.0,0.002111
response_i/n995,response_i/U424/Y,NAND3X1,NAND2X1/B,1,0.00202749,0.00202749,0.00194421,0.00194421,0.00202749,0.0,0.00202749,0.0,0.002027
response_i/n996,response_i/U429/Y,NAND3X1,NAND3X1/A,1,0.00254759,0.00254759,0.00220852,0.00220852,0.00254759,0.0,0.00254759,0.0,0.002548
response_i/n997,response_i/U428/Y,NAND3X1,NAND3X1/B,1,0.00283213,0.00283213,0.00259978,0.00259978,0.00283213,0.0,0.00283213,0.0,0.002832
response_i/n998,response_i/U427/Y,NAND3X1,NAND3X1/C,1,0.00296109,0.00296109,0.0028316,0.0028316,0.00296109,0.0,0.00296109,0.0,0.002961
response_i/n999,response_i/U434/Y,NAND3X1,NAND3X1/A,1,0.00254759,0.00254759,0.00220852,0.00220852,0.00254759,0.0,0.00254759,0.0,0.002548
table_i/n1000,table_i/U1768/Y,AOI22X1,INVX1/A,1,0.00155103,0.00155103,0.00147616,0.00147616,0.00155103,0.0,0.00155103,0.0,0.001551
table_i/n1001,table_i/U1769/Y,AOI22X1,INVX1/A,1,0.00155103,0.00155103,0.00147616,0.00147616,0.00155103,0.0,0.00155103,0.0,0.001551
table_i/n1002,table_i/U1770/Y,AOI22X1,INVX1/A,1,0.00155103,0.00155103,0.00147616,0.00147616,0.00155103,0.0,0.00155103,0.0,0.001551
table_i/n1003,table_i/U1771/Y,AOI22X1,INVX1/A,1,0.00155103,0.00155103,0.00147616,0.00147616,0.00155103,0.0,0.00155103,0.0,0.001551
table_i/n1007,table_i/U1776/Y,AOI22X1,INVX1/A,1,0.00155103,0.00155103,0.00147616,0.00147616,0.00155103,0.0,0.00155103,0.0,0.001551
table_i/n1009,table_i/U1786/Y,AOI21X1,BUFX2/A,1,0.00153896,0.00153896,0.00150415,0.00150415,0.00153896,0.0,0.00153896,0.0,0.001539
table_i/n1010,table_i/U1777/Y,AOI22X1,INVX1/A,1,0.00155103,0.00155103,0.00147616,0.00147616,0.00155103,0.0,0.00155103,0.0,0.001551
table_i/n1011,table_i/U1778/Y,AOI22X1,INVX1/A,1,0.00155103,0.00155103,0.00147616,0.00147616,0.00155103,0.0,0.00155103,0.0,0.001551
table_i/n1012,table_i/U1779/Y,AOI22X1,INVX1/A,1,0.00155103,0.00155103,0.00147616,0.00147616,0.00155103,0.0,0.00155103,0.0,0.001551
table_i/n1013,table_i/U1780/Y,AOI22X1,INVX1/A,1,0.00155103,0.00155103,0.00147616,0.00147616,0.00155103,0.0,0.00155103,0.0,0.001551
table_i/n1014,table_i/U1781/Y,AOI22X1,INVX1/A,1,0.00155103,0.00155103,0.00147616,0.00147616,0.00155103,0.0,0.00155103,0.0,0.001551
table_i/n1015,table_i/U1782/Y,AOI22X1,INVX1/A,1,0.00155103,0.00155103,0.00147616,0.00147616,0.00155103,0.0,0.00155103,0.0,0.001551
table_i/n1019,table_i/U1787/Y,AOI22X1,INVX1/A,1,0.00155103,0.00155103,0.00147616,0.00147616,0.00155103,0.0,0.00155103,0.0,0.001551
table_i/n1021,table_i/U1797/Y,AOI21X1,BUFX2/A,1,0.00153896,0.00153896,0.00150415,0.00150415,0.00153896,0.0,0.00153896,0.0,0.001539
table_i/n1022,table_i/U1788/Y,AOI22X1,INVX1/A,1,0.00155103,0.00155103,0.00147616,0.00147616,0.00155103,0.0,0.00155103,0.0,0.001551
table_i/n1023,table_i/U1789/Y,AOI22X1,INVX1/A,1,0.00155103,0.00155103,0.00147616,0.00147616,0.00155103,0.0,0.00155103,0.0,0.001551
table_i/n1024,table_i/U1790/Y,AOI22X1,INVX1/A,1,0.00155103,0.00155103,0.00147616,0.00147616,0.00155103,0.0,0.00155103,0.0,0.001551
table_i/n1025,table_i/U1791/Y,AOI22X1,INVX1/A,1,0.00155103,0.00155103,0.00147616,0.00147616,0.00155103,0.0,0.00155103,0.0,0.001551
table_i/n1026,table_i/U1792/Y,AOI22X1,INVX1/A,1,0.00155103,0.00155103,0.00147616,0.00147616,0.00155103,0.0,0.00155103,0.0,0.001551
table_i/n1027,table_i/U1793/Y,AOI22X1,INVX1/A,1,0.00155103,0.00155103,0.00147616,0.00147616,0.00155103,0.0,0.00155103,0.0,0.001551
table_i/n1031,table_i/U1798/Y,AOI22X1,INVX1/A,1,0.00155103,0.00155103,0.00147616,0.00147616,0.00155103,0.0,0.00155103,0.0,0.001551
table_i/n1033,table_i/U1808/Y,AOI21X1,BUFX2/A,1,0.00153896,0.00153896,0.00150415,0.00150415,0.00153896,0.0,0.00153896,0.0,0.001539
table_i/n1034,table_i/U1799/Y,AOI22X1,INVX1/A,1,0.00155103,0.00155103,0.00147616,0.00147616,0.00155103,0.0,0.00155103,0.0,0.001551
table_i/n1035,table_i/U1800/Y,AOI22X1,INVX1/A,1,0.00155103,0.00155103,0.00147616,0.00147616,0.00155103,0.0,0.00155103,0.0,0.001551
table_i/n1036,table_i/U1801/Y,AOI22X1,INVX1/A,1,0.00155103,0.00155103,0.00147616,0.00147616,0.00155103,0.0,0.00155103,0.0,0.001551
table_i/n1037,table_i/U1802/Y,AOI22X1,INVX1/A,1,0.00155103,0.00155103,0.00147616,0.00147616,0.00155103,0.0,0.00155103,0.0,0.001551
table_i/n1038,table_i/U1803/Y,AOI22X1,INVX1/A,1,0.00155103,0.00155103,0.00147616,0.00147616,0.00155103,0.0,0.00155103,0.0,0.001551
table_i/n1039,table_i/U1804/Y,AOI22X1,INVX1/A,1,0.00155103,0.00155103,0.00147616,0.00147616,0.00155103,0.0,0.00155103,0.0,0.001551
table_i/n1043,table_i/U1809/Y,AOI22X1,INVX1/A,1,0.00155103,0.00155103,0.00147616,0.00147616,0.00155103,0.0,0.00155103,0.0,0.001551
table_i/n1045,table_i/U1819/Y,AOI21X1,BUFX2/A,1,0.00153896,0.00153896,0.00150415,0.00150415,0.00153896,0.0,0.00153896,0.0,0.001539
table_i/n1046,table_i/U1810/Y,AOI22X1,INVX1/A,1,0.00155103,0.00155103,0.00147616,0.00147616,0.00155103,0.0,0.00155103,0.0,0.001551
table_i/n1047,table_i/U1811/Y,AOI22X1,INVX1/A,1,0.00155103,0.00155103,0.00147616,0.00147616,0.00155103,0.0,0.00155103,0.0,0.001551
table_i/n1048,table_i/U1812/Y,AOI22X1,INVX1/A,1,0.00155103,0.00155103,0.00147616,0.00147616,0.00155103,0.0,0.00155103,0.0,0.001551
table_i/n1049,table_i/U1813/Y,AOI22X1,INVX1/A,1,0.00155103,0.00155103,0.00147616,0.00147616,0.00155103,0.0,0.00155103,0.0,0.001551
table_i/n1050,table_i/U1814/Y,AOI22X1,INVX1/A,1,0.00155103,0.00155103,0.00147616,0.00147616,0.00155103,0.0,0.00155103,0.0,0.001551
table_i/n1051,table_i/U1815/Y,AOI22X1,INVX1/A,1,0.00155103,0.00155103,0.00147616,0.00147616,0.00155103,0.0,0.00155103,0.0,0.001551
table_i/n1055,table_i/U1820/Y,AOI22X1,INVX1/A,1,0.00155103,0.00155103,0.00147616,0.00147616,0.00155103,0.0,0.00155103,0.0,0.001551
table_i/n1057,table_i/U1830/Y,AOI21X1,BUFX2/A,1,0.00153896,0.00153896,0.00150415,0.00150415,0.00153896,0.0,0.00153896,0.0,0.001539
table_i/n1058,table_i/U1821/Y,AOI22X1,INVX1/A,1,0.00155103,0.00155103,0.00147616,0.00147616,0.00155103,0.0,0.00155103,0.0,0.001551
table_i/n1059,table_i/U1822/Y,AOI22X1,INVX1/A,1,0.00155103,0.00155103,0.00147616,0.00147616,0.00155103,0.0,0.00155103,0.0,0.001551
table_i/n1060,table_i/U1823/Y,AOI22X1,INVX1/A,1,0.00155103,0.00155103,0.00147616,0.00147616,0.00155103,0.0,0.00155103,0.0,0.001551
table_i/n1061,table_i/U1824/Y,AOI22X1,INVX1/A,1,0.00155103,0.00155103,0.00147616,0.00147616,0.00155103,0.0,0.00155103,0.0,0.001551
table_i/n1062,table_i/U1825/Y,AOI22X1,INVX1/A,1,0.00155103,0.00155103,0.00147616,0.00147616,0.00155103,0.0,0.00155103,0.0,0.001551
table_i/n1063,table_i/U1826/Y,AOI22X1,INVX1/A,1,0.00155103,0.00155103,0.00147616,0.00147616,0.00155103,0.0,0.00155103,0.0,0.001551
table_i/n1067,table_i/U1831/Y,AOI22X1,INVX1/A,1,0.00155103,0.00155103,0.00147616,0.00147616,0.00155103,0.0,0.00155103,0.0,0.001551
table_i/n1069,table_i/U1841/Y,AOI21X1,BUFX2/A,1,0.00153896,0.00153896,0.00150415,0.00150415,0.00153896,0.0,0.00153896,0.0,0.001539
table_i/n1070,table_i/U1832/Y,AOI22X1,INVX1/A,1,0.00155103,0.00155103,0.00147616,0.00147616,0.00155103,0.0,0.00155103,0.0,0.001551
table_i/n1071,table_i/U1833/Y,AOI22X1,INVX1/A,1,0.00155103,0.00155103,0.00147616,0.00147616,0.00155103,0.0,0.00155103,0.0,0.001551
table_i/n1072,table_i/U1834/Y,AOI22X1,INVX1/A,1,0.00155103,0.00155103,0.00147616,0.00147616,0.00155103,0.0,0.00155103,0.0,0.001551
table_i/n1073,table_i/U1835/Y,AOI22X1,INVX1/A,1,0.00155103,0.00155103,0.00147616,0.00147616,0.00155103,0.0,0.00155103,0.0,0.001551
table_i/n1074,table_i/U1836/Y,AOI22X1,INVX1/A,1,0.00155103,0.00155103,0.00147616,0.00147616,0.00155103,0.0,0.00155103,0.0,0.001551
table_i/n1075,table_i/U1837/Y,AOI22X1,INVX1/A,1,0.00155103,0.00155103,0.00147616,0.00147616,0.00155103,0.0,0.00155103,0.0,0.001551
table_i/n1079,table_i/U1842/Y,AOI22X1,INVX1/A,1,0.00155103,0.00155103,0.00147616,0.00147616,0.00155103,0.0,0.00155103,0.0,0.001551
table_i/n1081,table_i/U1852/Y,AOI21X1,BUFX2/A,1,0.00153896,0.00153896,0.00150415,0.00150415,0.00153896,0.0,0.00153896,0.0,0.001539
table_i/n1082,table_i/U1843/Y,AOI22X1,INVX1/A,1,0.00155103,0.00155103,0.00147616,0.00147616,0.00155103,0.0,0.00155103,0.0,0.001551
table_i/n1083,table_i/U1844/Y,AOI22X1,INVX1/A,1,0.00155103,0.00155103,0.00147616,0.00147616,0.00155103,0.0,0.00155103,0.0,0.001551
table_i/n1084,table_i/U1845/Y,AOI22X1,INVX1/A,1,0.00155103,0.00155103,0.00147616,0.00147616,0.00155103,0.0,0.00155103,0.0,0.001551
table_i/n1085,table_i/U1846/Y,AOI22X1,INVX1/A,1,0.00155103,0.00155103,0.00147616,0.00147616,0.00155103,0.0,0.00155103,0.0,0.001551
table_i/n1086,table_i/U1847/Y,AOI22X1,INVX1/A,1,0.00155103,0.00155103,0.00147616,0.00147616,0.00155103,0.0,0.00155103,0.0,0.001551
table_i/n1087,table_i/U1848/Y,AOI22X1,INVX1/A,1,0.00155103,0.00155103,0.00147616,0.00147616,0.00155103,0.0,0.00155103,0.0,0.001551
table_i/n1091,table_i/U1853/Y,AOI22X1,INVX1/A,1,0.00155103,0.00155103,0.00147616,0.00147616,0.00155103,0.0,0.00155103,0.0,0.001551
table_i/n1093,table_i/U1863/Y,AOI21X1,BUFX2/A,1,0.00153896,0.00153896,0.00150415,0.00150415,0.00153896,0.0,0.00153896,0.0,0.001539
table_i/n1094,table_i/U1854/Y,AOI22X1,INVX1/A,1,0.00155103,0.00155103,0.00147616,0.00147616,0.00155103,0.0,0.00155103,0.0,0.001551
table_i/n1095,table_i/U1855/Y,AOI22X1,INVX1/A,1,0.00155103,0.00155103,0.00147616,0.00147616,0.00155103,0.0,0.00155103,0.0,0.001551
table_i/n1096,table_i/U1856/Y,AOI22X1,INVX1/A,1,0.00155103,0.00155103,0.00147616,0.00147616,0.00155103,0.0,0.00155103,0.0,0.001551
table_i/n1097,table_i/U1857/Y,AOI22X1,INVX1/A,1,0.00155103,0.00155103,0.00147616,0.00147616,0.00155103,0.0,0.00155103,0.0,0.001551
table_i/n1098,table_i/U1858/Y,AOI22X1,INVX1/A,1,0.00155103,0.00155103,0.00147616,0.00147616,0.00155103,0.0,0.00155103,0.0,0.001551
table_i/n1099,table_i/U1859/Y,AOI22X1,INVX1/A,1,0.00155103,0.00155103,0.00147616,0.00147616,0.00155103,0.0,0.00155103,0.0,0.001551
table_i/n1103,table_i/U1864/Y,AOI22X1,INVX1/A,1,0.00155103,0.00155103,0.00147616,0.00147616,0.00155103,0.0,0.00155103,0.0,0.001551
table_i/n1105,table_i/U1874/Y,AOI21X1,BUFX2/A,1,0.00153896,0.00153896,0.00150415,0.00150415,0.00153896,0.0,0.00153896,0.0,0.001539
table_i/n1106,table_i/U1865/Y,AOI22X1,INVX1/A,1,0.00155103,0.00155103,0.00147616,0.00147616,0.00155103,0.0,0.00155103,0.0,0.001551
table_i/n1107,table_i/U1866/Y,AOI22X1,INVX1/A,1,0.00155103,0.00155103,0.00147616,0.00147616,0.00155103,0.0,0.00155103,0.0,0.001551
table_i/n1108,table_i/U1867/Y,AOI22X1,INVX1/A,1,0.00155103,0.00155103,0.00147616,0.00147616,0.00155103,0.0,0.00155103,0.0,0.001551
table_i/n1109,table_i/U1868/Y,AOI22X1,INVX1/A,1,0.00155103,0.00155103,0.00147616,0.00147616,0.00155103,0.0,0.00155103,0.0,0.001551
table_i/n1110,table_i/U1869/Y,AOI22X1,INVX1/A,1,0.00155103,0.00155103,0.00147616,0.00147616,0.00155103,0.0,0.00155103,0.0,0.001551
table_i/n1111,table_i/U1870/Y,AOI22X1,INVX1/A,1,0.00155103,0.00155103,0.00147616,0.00147616,0.00155103,0.0,0.00155103,0.0,0.001551
table_i/n1115,table_i/U1875/Y,AOI22X1,INVX1/A,1,0.00155103,0.00155103,0.00147616,0.00147616,0.00155103,0.0,0.00155103,0.0,0.001551
table_i/n1117,table_i/U1885/Y,AOI21X1,BUFX2/A,1,0.00153896,0.00153896,0.00150415,0.00150415,0.00153896,0.0,0.00153896,0.0,0.001539
table_i/n1118,table_i/U1876/Y,AOI22X1,INVX1/A,1,0.00155103,0.00155103,0.00147616,0.00147616,0.00155103,0.0,0.00155103,0.0,0.001551
table_i/n1119,table_i/U1877/Y,AOI22X1,INVX1/A,1,0.00155103,0.00155103,0.00147616,0.00147616,0.00155103,0.0,0.00155103,0.0,0.001551
table_i/n1120,table_i/U1878/Y,AOI22X1,INVX1/A,1,0.00155103,0.00155103,0.00147616,0.00147616,0.00155103,0.0,0.00155103,0.0,0.001551
table_i/n1121,table_i/U1879/Y,AOI22X1,INVX1/A,1,0.00155103,0.00155103,0.00147616,0.00147616,0.00155103,0.0,0.00155103,0.0,0.001551
table_i/n1122,table_i/U1880/Y,AOI22X1,INVX1/A,1,0.00155103,0.00155103,0.00147616,0.00147616,0.00155103,0.0,0.00155103,0.0,0.001551
table_i/n1123,table_i/U1881/Y,AOI22X1,INVX1/A,1,0.00155103,0.00155103,0.00147616,0.00147616,0.00155103,0.0,0.00155103,0.0,0.001551
table_i/n1127,table_i/U1886/Y,AOI22X1,INVX1/A,1,0.00155103,0.00155103,0.00147616,0.00147616,0.00155103,0.0,0.00155103,0.0,0.001551
table_i/n1129,table_i/U1896/Y,AOI21X1,BUFX2/A,1,0.00153896,0.00153896,0.00150415,0.00150415,0.00153896,0.0,0.00153896,0.0,0.001539
table_i/n1130,table_i/U1887/Y,AOI22X1,INVX1/A,1,0.00155103,0.00155103,0.00147616,0.00147616,0.00155103,0.0,0.00155103,0.0,0.001551
table_i/n1131,table_i/U1888/Y,AOI22X1,INVX1/A,1,0.00155103,0.00155103,0.00147616,0.00147616,0.00155103,0.0,0.00155103,0.0,0.001551
table_i/n1132,table_i/U1889/Y,AOI22X1,INVX1/A,1,0.00155103,0.00155103,0.00147616,0.00147616,0.00155103,0.0,0.00155103,0.0,0.001551
table_i/n1133,table_i/U1890/Y,AOI22X1,INVX1/A,1,0.00155103,0.00155103,0.00147616,0.00147616,0.00155103,0.0,0.00155103,0.0,0.001551
table_i/n1134,table_i/U1891/Y,AOI22X1,INVX1/A,1,0.00155103,0.00155103,0.00147616,0.00147616,0.00155103,0.0,0.00155103,0.0,0.001551
table_i/n1135,table_i/U1892/Y,AOI22X1,INVX1/A,1,0.00155103,0.00155103,0.00147616,0.00147616,0.00155103,0.0,0.00155103,0.0,0.001551
table_i/n1139,table_i/U1897/Y,AOI22X1,INVX1/A,1,0.00155103,0.00155103,0.00147616,0.00147616,0.00155103,0.0,0.00155103,0.0,0.001551
table_i/n1141,table_i/U1910/Y,AOI21X1,BUFX2/A,1,0.00153896,0.00153896,0.00150415,0.00150415,0.00153896,0.0,0.00153896,0.0,0.001539
table_i/n1142,table_i/U1898/Y,AOI22X1,INVX1/A,1,0.00155103,0.00155103,0.00147616,0.00147616,0.00155103,0.0,0.00155103,0.0,0.001551
table_i/n1143,table_i/U1899/Y,AOI22X1,INVX1/A,1,0.00155103,0.00155103,0.00147616,0.00147616,0.00155103,0.0,0.00155103,0.0,0.001551
table_i/n1144,table_i/U1900/Y,AOI22X1,INVX1/A,1,0.00155103,0.00155103,0.00147616,0.00147616,0.00155103,0.0,0.00155103,0.0,0.001551
table_i/n1145,table_i/U1901/Y,AOI22X1,INVX1/A,1,0.00155103,0.00155103,0.00147616,0.00147616,0.00155103,0.0,0.00155103,0.0,0.001551
table_i/n1146,table_i/U1902/Y,AOI22X1,INVX1/A,1,0.00155103,0.00155103,0.00147616,0.00147616,0.00155103,0.0,0.00155103,0.0,0.001551
table_i/n1150,table_i/U1909/Y,AOI22X1,INVX1/A,1,0.00155103,0.00155103,0.00147616,0.00147616,0.00155103,0.0,0.00155103,0.0,0.001551
table_i/n1157,table_i/U1914/Y,NAND3X1,OAI21X1/C,1,0.00200991,0.00200991,0.0019239,0.0019239,0.00200991,0.0,0.00200991,0.0,0.00201
table_i/n1162,table_i/U1916/Y,NAND3X1,OAI21X1/C,1,0.00200991,0.00200991,0.0019239,0.0019239,0.00200991,0.0,0.00200991,0.0,0.00201
table_i/n1166,table_i/U1918/Y,NAND3X1,OAI21X1/C,1,0.00200991,0.00200991,0.0019239,0.0019239,0.00200991,0.0,0.00200991,0.0,0.00201
table_i/n1170,table_i/U1920/Y,NAND3X1,OAI21X1/C,1,0.00200991,0.00200991,0.0019239,0.0019239,0.00200991,0.0,0.00200991,0.0,0.00201
table_i/n1174,table_i/U1922/Y,NAND3X1,OAI21X1/C,1,0.00200991,0.00200991,0.0019239,0.0019239,0.00200991,0.0,0.00200991,0.0,0.00201
table_i/n1178,table_i/U1924/Y,NAND3X1,OAI21X1/C,1,0.00200991,0.00200991,0.0019239,0.0019239,0.00200991,0.0,0.00200991,0.0,0.00201
table_i/n1182,table_i/U1926/Y,NAND3X1,BUFX2/A,1,0.00153896,0.00153896,0.00150415,0.00150415,0.00153896,0.0,0.00153896,0.0,0.001539
table_i/n1186,table_i/U1928/Y,NAND3X1,OAI21X1/C,1,0.00200991,0.00200991,0.0019239,0.0019239,0.00200991,0.0,0.00200991,0.0,0.00201
table_i/n1203,table_i/U4554/Y,NAND3X1,BUFX2/A,1,0.00153896,0.00153896,0.00150415,0.00150415,0.00153896,0.0,0.00153896,0.0,0.001539
table_i/n1205,table_i/U1945/Y,NAND3X1,BUFX2/A,1,0.00153896,0.00153896,0.00150415,0.00150415,0.00153896,0.0,0.00153896,0.0,0.001539
table_i/n1206,table_i/U1946/Y,AOI21X1,BUFX2/A,1,0.00153896,0.00153896,0.00150415,0.00150415,0.00153896,0.0,0.00153896,0.0,0.001539
table_i/n1209,table_i/U4539/Y,NAND3X1,BUFX2/A,1,0.00153896,0.00153896,0.00150415,0.00150415,0.00153896,0.0,0.00153896,0.0,0.001539
table_i/n1211,table_i/U1948/Y,NAND3X1,OAI21X1/C,1,0.00200991,0.00200991,0.0019239,0.0019239,0.00200991,0.0,0.00200991,0.0,0.00201
table_i/n1215,table_i/U1950/Y,NAND3X1,OAI21X1/C,1,0.00200991,0.00200991,0.0019239,0.0019239,0.00200991,0.0,0.00200991,0.0,0.00201
table_i/n1218,table_i/U1952/Y,NAND3X1,OAI21X1/C,1,0.00200991,0.00200991,0.0019239,0.0019239,0.00200991,0.0,0.00200991,0.0,0.00201
table_i/n1221,table_i/U1954/Y,NAND3X1,OAI21X1/C,1,0.00200991,0.00200991,0.0019239,0.0019239,0.00200991,0.0,0.00200991,0.0,0.00201
table_i/n1224,table_i/U1956/Y,NAND3X1,OAI21X1/C,1,0.00200991,0.00200991,0.0019239,0.0019239,0.00200991,0.0,0.00200991,0.0,0.00201
table_i/n1227,table_i/U1958/Y,NAND3X1,BUFX2/A,1,0.00153896,0.00153896,0.00150415,0.00150415,0.00153896,0.0,0.00153896,0.0,0.001539
table_i/n1230,table_i/U1960/Y,NAND2X1,OAI21X1/C,1,0.00200991,0.00200991,0.0019239,0.0019239,0.00200991,0.0,0.00200991,0.0,0.00201
table_i/n1231,table_i/U1962/Y,NAND3X1,BUFX2/A,1,0.00153896,0.00153896,0.00150415,0.00150415,0.00153896,0.0,0.00153896,0.0,0.001539
table_i/n1241,table_i/U1977/Y,NAND3X1,OAI21X1/C,1,0.00200991,0.00200991,0.0019239,0.0019239,0.00200991,0.0,0.00200991,0.0,0.00201
table_i/n1242,table_i/U1978/Y,AOI21X1,NAND3X1/C,1,0.00296109,0.00296109,0.0028316,0.0028316,0.00296109,0.0,0.00296109,0.0,0.002961
table_i/n1245,table_i/U4532/Y,NAND3X1,BUFX2/A,1,0.00153896,0.00153896,0.00150415,0.00150415,0.00153896,0.0,0.00153896,0.0,0.001539
table_i/n1246,table_i/U1980/Y,NAND3X1,BUFX2/A,1,0.00153896,0.00153896,0.00150415,0.00150415,0.00153896,0.0,0.00153896,0.0,0.001539
table_i/n1250,table_i/U1982/Y,NAND3X1,OAI21X1/C,1,0.00200991,0.00200991,0.0019239,0.0019239,0.00200991,0.0,0.00200991,0.0,0.00201
table_i/n1253,table_i/U1984/Y,NAND3X1,OAI21X1/C,1,0.00200991,0.00200991,0.0019239,0.0019239,0.00200991,0.0,0.00200991,0.0,0.00201
table_i/n1256,table_i/U1986/Y,NAND3X1,OAI21X1/C,1,0.00200991,0.00200991,0.0019239,0.0019239,0.00200991,0.0,0.00200991,0.0,0.00201
table_i/n1259,table_i/U1988/Y,NAND3X1,OAI21X1/C,1,0.00200991,0.00200991,0.0019239,0.0019239,0.00200991,0.0,0.00200991,0.0,0.00201
table_i/n1262,table_i/U1990/Y,NAND3X1,BUFX2/A,1,0.00153896,0.00153896,0.00150415,0.00150415,0.00153896,0.0,0.00153896,0.0,0.001539
table_i/n1265,table_i/U1992/Y,NAND2X1,OAI21X1/C,1,0.00200991,0.00200991,0.0019239,0.0019239,0.00200991,0.0,0.00200991,0.0,0.00201
table_i/n1267,table_i/U1996/Y,NAND3X1,BUFX2/A,1,0.00153896,0.00153896,0.00150415,0.00150415,0.00153896,0.0,0.00153896,0.0,0.001539
table_i/n1276,table_i/U2009/Y,NAND3X1,BUFX2/A,1,0.00153896,0.00153896,0.00150415,0.00150415,0.00153896,0.0,0.00153896,0.0,0.001539
table_i/n1279,table_i/U4526/Y,NAND3X1,BUFX2/A,1,0.00153896,0.00153896,0.00150415,0.00150415,0.00153896,0.0,0.00153896,0.0,0.001539
table_i/n1280,table_i/U2011/Y,NAND3X1,OAI21X1/C,1,0.00200991,0.00200991,0.0019239,0.0019239,0.00200991,0.0,0.00200991,0.0,0.00201
table_i/n1281,table_i/U2012/Y,AOI21X1,NAND3X1/C,1,0.00296109,0.00296109,0.0028316,0.0028316,0.00296109,0.0,0.00296109,0.0,0.002961
table_i/n1283,table_i/U2014/Y,NAND3X1,BUFX2/A,1,0.00153896,0.00153896,0.00150415,0.00150415,0.00153896,0.0,0.00153896,0.0,0.001539
table_i/n1284,table_i/U2015/Y,AOI21X1,BUFX2/A,1,0.00153896,0.00153896,0.00150415,0.00150415,0.00153896,0.0,0.00153896,0.0,0.001539
table_i/n1287,table_i/U2017/Y,NAND3X1,OAI21X1/C,1,0.00200991,0.00200991,0.0019239,0.0019239,0.00200991,0.0,0.00200991,0.0,0.00201
table_i/n1290,table_i/U2019/Y,NAND3X1,OAI21X1/C,1,0.00200991,0.00200991,0.0019239,0.0019239,0.00200991,0.0,0.00200991,0.0,0.00201
table_i/n1293,table_i/U2021/Y,NAND3X1,OAI21X1/C,1,0.00200991,0.00200991,0.0019239,0.0019239,0.00200991,0.0,0.00200991,0.0,0.00201
table_i/n1296,table_i/U2023/Y,NAND3X1,BUFX2/A,1,0.00153896,0.00153896,0.00150415,0.00150415,0.00153896,0.0,0.00153896,0.0,0.001539
table_i/n1299,table_i/U2025/Y,NAND2X1,OAI21X1/C,1,0.00200991,0.00200991,0.0019239,0.0019239,0.00200991,0.0,0.00200991,0.0,0.00201
table_i/n1302,table_i/U2031/Y,NAND3X1,BUFX2/A,1,0.00153896,0.00153896,0.00150415,0.00150415,0.00153896,0.0,0.00153896,0.0,0.001539
table_i/n1310,table_i/U2042/Y,NAND3X1,BUFX2/A,1,0.00153896,0.00153896,0.00150415,0.00150415,0.00153896,0.0,0.00153896,0.0,0.001539
table_i/n1311,table_i/U2043/Y,AOI21X1,BUFX2/A,1,0.00153896,0.00153896,0.00150415,0.00150415,0.00153896,0.0,0.00153896,0.0,0.001539
table_i/n1312,table_i/U4518/Y,NAND3X1,BUFX2/A,1,0.00153896,0.00153896,0.00150415,0.00150415,0.00153896,0.0,0.00153896,0.0,0.001539
table_i/n1313,table_i/U2045/Y,NAND3X1,BUFX2/A,1,0.00153896,0.00153896,0.00150415,0.00150415,0.00153896,0.0,0.00153896,0.0,0.001539
table_i/n1316,table_i/U2047/Y,NAND3X1,BUFX2/A,1,0.00153896,0.00153896,0.00150415,0.00150415,0.00153896,0.0,0.00153896,0.0,0.001539
table_i/n1318,table_i/U2049/Y,NAND3X1,BUFX2/A,1,0.00153896,0.00153896,0.00150415,0.00150415,0.00153896,0.0,0.00153896,0.0,0.001539
table_i/n1321,table_i/U2051/Y,NAND3X1,OAI21X1/C,1,0.00200991,0.00200991,0.0019239,0.0019239,0.00200991,0.0,0.00200991,0.0,0.00201
table_i/n1324,table_i/U2053/Y,NAND3X1,BUFX2/A,1,0.00153896,0.00153896,0.00150415,0.00150415,0.00153896,0.0,0.00153896,0.0,0.001539
table_i/n1327,table_i/U2055/Y,NAND3X1,BUFX2/A,1,0.00153896,0.00153896,0.00150415,0.00150415,0.00153896,0.0,0.00153896,0.0,0.001539
table_i/n1330,table_i/U2057/Y,NAND2X1,OAI21X1/C,1,0.00200991,0.00200991,0.0019239,0.0019239,0.00200991,0.0,0.00200991,0.0,0.00201
table_i/n1334,table_i/U2065/Y,NAND3X1,BUFX2/A,1,0.00153896,0.00153896,0.00150415,0.00150415,0.00153896,0.0,0.00153896,0.0,0.001539
table_i/n1341,table_i/U2074/Y,NAND3X1,BUFX2/A,1,0.00153896,0.00153896,0.00150415,0.00150415,0.00153896,0.0,0.00153896,0.0,0.001539
table_i/n1344,table_i/U4512/Y,NAND3X1,BUFX2/A,1,0.00153896,0.00153896,0.00150415,0.00150415,0.00153896,0.0,0.00153896,0.0,0.001539
table_i/n1345,table_i/U2076/Y,NAND3X1,BUFX2/A,1,0.00153896,0.00153896,0.00150415,0.00150415,0.00153896,0.0,0.00153896,0.0,0.001539
table_i/n1346,table_i/U2077/Y,AOI21X1,BUFX2/A,1,0.00153896,0.00153896,0.00150415,0.00150415,0.00153896,0.0,0.00153896,0.0,0.001539
table_i/n1347,table_i/U2079/Y,NAND3X1,BUFX2/A,1,0.00153896,0.00153896,0.00150415,0.00150415,0.00153896,0.0,0.00153896,0.0,0.001539
table_i/n1349,table_i/U2081/Y,NAND3X1,BUFX2/A,1,0.00153896,0.00153896,0.00150415,0.00150415,0.00153896,0.0,0.00153896,0.0,0.001539
table_i/n1351,table_i/U2083/Y,NAND3X1,OAI21X1/C,1,0.00200991,0.00200991,0.0019239,0.0019239,0.00200991,0.0,0.00200991,0.0,0.00201
table_i/n1352,table_i/U2084/Y,AOI21X1,NAND3X1/C,1,0.00296109,0.00296109,0.0028316,0.0028316,0.00296109,0.0,0.00296109,0.0,0.002961
table_i/n1355,table_i/U2086/Y,NAND3X1,BUFX2/A,1,0.00153896,0.00153896,0.00150415,0.00150415,0.00153896,0.0,0.00153896,0.0,0.001539
table_i/n1358,table_i/U2088/Y,NAND3X1,BUFX2/A,1,0.00153896,0.00153896,0.00150415,0.00150415,0.00153896,0.0,0.00153896,0.0,0.001539
table_i/n1361,table_i/U2090/Y,NAND2X1,OAI21X1/C,1,0.00200991,0.00200991,0.0019239,0.0019239,0.00200991,0.0,0.00200991,0.0,0.00201
table_i/n1366,table_i/U2100/Y,NAND3X1,BUFX2/A,1,0.00153896,0.00153896,0.00150415,0.00150415,0.00153896,0.0,0.00153896,0.0,0.001539
table_i/n1372,table_i/U2107/Y,NAND3X1,BUFX2/A,1,0.00153896,0.00153896,0.00150415,0.00150415,0.00153896,0.0,0.00153896,0.0,0.001539
table_i/n1375,table_i/U4506/Y,NAND3X1,BUFX2/A,1,0.00153896,0.00153896,0.00150415,0.00150415,0.00153896,0.0,0.00153896,0.0,0.001539
table_i/n1376,table_i/U2109/Y,NAND3X1,BUFX2/A,1,0.00153896,0.00153896,0.00150415,0.00150415,0.00153896,0.0,0.00153896,0.0,0.001539
table_i/n1378,table_i/U2111/Y,NAND3X1,OAI21X1/C,1,0.00200991,0.00200991,0.0019239,0.0019239,0.00200991,0.0,0.00200991,0.0,0.00201
table_i/n1379,table_i/U2112/Y,AOI21X1,NAND3X1/C,1,0.00296109,0.00296109,0.0028316,0.0028316,0.00296109,0.0,0.00296109,0.0,0.002961
table_i/n1380,table_i/U4562/Y,NAND3X1,BUFX2/A,1,0.00153896,0.00153896,0.00150415,0.00150415,0.00153896,0.0,0.00153896,0.0,0.001539
table_i/n1381,table_i/U2114/Y,NAND3X1,BUFX2/A,1,0.00153896,0.00153896,0.00150415,0.00150415,0.00153896,0.0,0.00153896,0.0,0.001539
table_i/n1383,table_i/U2116/Y,NAND3X1,BUFX2/A,1,0.00153896,0.00153896,0.00150415,0.00150415,0.00153896,0.0,0.00153896,0.0,0.001539
table_i/n1384,table_i/U2117/Y,AOI21X1,BUFX2/A,1,0.00153896,0.00153896,0.00150415,0.00150415,0.00153896,0.0,0.00153896,0.0,0.001539
table_i/n1385,table_i/U2119/Y,NAND3X1,BUFX2/A,1,0.00153896,0.00153896,0.00150415,0.00150415,0.00153896,0.0,0.00153896,0.0,0.001539
table_i/n1388,table_i/U2121/Y,NAND3X1,BUFX2/A,1,0.00153896,0.00153896,0.00150415,0.00150415,0.00153896,0.0,0.00153896,0.0,0.001539
table_i/n1397,table_i/U2135/Y,NAND3X1,BUFX2/A,1,0.00153896,0.00153896,0.00150415,0.00150415,0.00153896,0.0,0.00153896,0.0,0.001539
table_i/n1402,table_i/U2140/Y,NAND3X1,BUFX2/A,1,0.00153896,0.00153896,0.00150415,0.00150415,0.00153896,0.0,0.00153896,0.0,0.001539
table_i/n1405,table_i/U4500/Y,NAND3X1,BUFX2/A,1,0.00153896,0.00153896,0.00150415,0.00150415,0.00153896,0.0,0.00153896,0.0,0.001539
table_i/n1406,table_i/U2142/Y,NAND3X1,BUFX2/A,1,0.00153896,0.00153896,0.00150415,0.00150415,0.00153896,0.0,0.00153896,0.0,0.001539
table_i/n1408,table_i/U2144/Y,NAND3X1,BUFX2/A,1,0.00153896,0.00153896,0.00150415,0.00150415,0.00153896,0.0,0.00153896,0.0,0.001539
table_i/n1410,table_i/U2146/Y,NAND3X1,OAI21X1/C,1,0.00200991,0.00200991,0.0019239,0.0019239,0.00200991,0.0,0.00200991,0.0,0.00201
table_i/n1411,table_i/U2147/Y,AOI21X1,NAND3X1/C,1,0.00296109,0.00296109,0.0028316,0.0028316,0.00296109,0.0,0.00296109,0.0,0.002961
table_i/n1412,table_i/U2149/Y,NAND3X1,BUFX2/A,1,0.00153896,0.00153896,0.00150415,0.00150415,0.00153896,0.0,0.00153896,0.0,0.001539
table_i/n1414,table_i/U2151/Y,NAND3X1,BUFX2/A,1,0.00153896,0.00153896,0.00150415,0.00150415,0.00153896,0.0,0.00153896,0.0,0.001539
table_i/n1415,table_i/U2152/Y,AOI21X1,BUFX2/A,1,0.00153896,0.00153896,0.00150415,0.00150415,0.00153896,0.0,0.00153896,0.0,0.001539
table_i/n1416,table_i/U4567/Y,NAND3X1,BUFX2/A,1,0.00153896,0.00153896,0.00150415,0.00150415,0.00153896,0.0,0.00153896,0.0,0.001539
table_i/n1417,table_i/U2154/Y,NAND3X1,BUFX2/A,1,0.00153896,0.00153896,0.00150415,0.00150415,0.00153896,0.0,0.00153896,0.0,0.001539
table_i/n1418,table_i/U2155/Y,AOI21X1,BUFX2/A,1,0.00153896,0.00153896,0.00150415,0.00150415,0.00153896,0.0,0.00153896,0.0,0.001539
table_i/n1429,table_i/U2172/Y,NAND3X1,BUFX2/A,1,0.00153896,0.00153896,0.00150415,0.00150415,0.00153896,0.0,0.00153896,0.0,0.001539
table_i/n1433,table_i/U2175/Y,NAND3X1,BUFX2/A,1,0.00153896,0.00153896,0.00150415,0.00150415,0.00153896,0.0,0.00153896,0.0,0.001539
table_i/n1434,table_i/U2176/Y,AOI21X1,BUFX2/A,1,0.00153896,0.00153896,0.00150415,0.00150415,0.00153896,0.0,0.00153896,0.0,0.001539
table_i/n1437,table_i/U2179/Y,NAND3X1,INVX1/A,1,0.00155103,0.00155103,0.00147616,0.00147616,0.00155103,0.0,0.00155103,0.0,0.001551
table_i/n1440,table_i/U2182/Y,NAND3X1,INVX1/A,1,0.00155103,0.00155103,0.00147616,0.00147616,0.00155103,0.0,0.00155103,0.0,0.001551
table_i/n1443,table_i/U2185/Y,NAND3X1,INVX1/A,1,0.00155103,0.00155103,0.00147616,0.00147616,0.00155103,0.0,0.00155103,0.0,0.001551
table_i/n1446,table_i/U2188/Y,NAND3X1,INVX1/A,1,0.00155103,0.00155103,0.00147616,0.00147616,0.00155103,0.0,0.00155103,0.0,0.001551
table_i/n1449,table_i/U2191/Y,NAND3X1,INVX1/A,1,0.00155103,0.00155103,0.00147616,0.00147616,0.00155103,0.0,0.00155103,0.0,0.001551
table_i/n1452,table_i/U2194/Y,NAND3X1,INVX1/A,1,0.00155103,0.00155103,0.00147616,0.00147616,0.00155103,0.0,0.00155103,0.0,0.001551
table_i/n1455,table_i/U2197/Y,NAND3X1,INVX1/A,1,0.00155103,0.00155103,0.00147616,0.00147616,0.00155103,0.0,0.00155103,0.0,0.001551
table_i/n1458,table_i/U2199/Y,NAND3X1,BUFX2/A,1,0.00153896,0.00153896,0.00150415,0.00150415,0.00153896,0.0,0.00153896,0.0,0.001539
table_i/n1462,table_i/U2201/Y,NAND3X1,BUFX2/A,1,0.00153896,0.00153896,0.00150415,0.00150415,0.00153896,0.0,0.00153896,0.0,0.001539
table_i/n1466,table_i/U2205/Y,NAND3X1,BUFX2/A,1,0.00153896,0.00153896,0.00150415,0.00150415,0.00153896,0.0,0.00153896,0.0,0.001539
table_i/n1474,table_i/U2215/Y,NAND3X1,INVX1/A,1,0.00155103,0.00155103,0.00147616,0.00147616,0.00155103,0.0,0.00155103,0.0,0.001551
table_i/n1476,table_i/U2217/Y,NAND3X1,BUFX2/A,1,0.00153896,0.00153896,0.00150415,0.00150415,0.00153896,0.0,0.00153896,0.0,0.001539
table_i/n1477,table_i/U2218/Y,AOI21X1,BUFX2/A,1,0.00153896,0.00153896,0.00150415,0.00150415,0.00153896,0.0,0.00153896,0.0,0.001539
table_i/n1480,table_i/U2221/Y,NAND3X1,INVX1/A,1,0.00155103,0.00155103,0.00147616,0.00147616,0.00155103,0.0,0.00155103,0.0,0.001551
table_i/n1483,table_i/U2224/Y,NAND3X1,INVX1/A,1,0.00155103,0.00155103,0.00147616,0.00147616,0.00155103,0.0,0.00155103,0.0,0.001551
table_i/n1486,table_i/U2227/Y,NAND3X1,INVX1/A,1,0.00155103,0.00155103,0.00147616,0.00147616,0.00155103,0.0,0.00155103,0.0,0.001551
table_i/n1489,table_i/U2230/Y,NAND3X1,INVX1/A,1,0.00155103,0.00155103,0.00147616,0.00147616,0.00155103,0.0,0.00155103,0.0,0.001551
table_i/n1492,table_i/U2233/Y,NAND3X1,INVX1/A,1,0.00155103,0.00155103,0.00147616,0.00147616,0.00155103,0.0,0.00155103,0.0,0.001551
table_i/n1495,table_i/U2236/Y,NAND3X1,INVX1/A,1,0.00155103,0.00155103,0.00147616,0.00147616,0.00155103,0.0,0.00155103,0.0,0.001551
table_i/n1497,table_i/U2238/Y,NAND3X1,BUFX2/A,1,0.00153896,0.00153896,0.00150415,0.00150415,0.00153896,0.0,0.00153896,0.0,0.001539
table_i/n1498,table_i/U2239/Y,AOI21X1,BUFX2/A,1,0.00153896,0.00153896,0.00150415,0.00150415,0.00153896,0.0,0.00153896,0.0,0.001539
table_i/n1502,table_i/U2243/Y,NAND3X1,BUFX2/A,1,0.00153896,0.00153896,0.00150415,0.00150415,0.00153896,0.0,0.00153896,0.0,0.001539
table_i/n1507,table_i/U2247/Y,NAND3X1,BUFX2/A,1,0.00153896,0.00153896,0.00150415,0.00150415,0.00153896,0.0,0.00153896,0.0,0.001539
table_i/n1514,table_i/U2255/Y,NAND3X1,INVX1/A,1,0.00155103,0.00155103,0.00147616,0.00147616,0.00155103,0.0,0.00155103,0.0,0.001551
table_i/n1517,table_i/U2258/Y,NAND3X1,INVX1/A,1,0.00155103,0.00155103,0.00147616,0.00147616,0.00155103,0.0,0.00155103,0.0,0.001551
table_i/n1519,table_i/U2260/Y,NAND3X1,OAI21X1/C,1,0.00200991,0.00200991,0.0019239,0.0019239,0.00200991,0.0,0.00200991,0.0,0.00201
table_i/n1520,table_i/U2261/Y,AOI21X1,NAND3X1/C,1,0.00296109,0.00296109,0.0028316,0.0028316,0.00296109,0.0,0.00296109,0.0,0.002961
table_i/n1522,table_i/U2264/Y,NAND3X1,INVX1/A,1,0.00155103,0.00155103,0.00147616,0.00147616,0.00155103,0.0,0.00155103,0.0,0.001551
table_i/n1525,table_i/U2267/Y,NAND3X1,INVX1/A,1,0.00155103,0.00155103,0.00147616,0.00147616,0.00155103,0.0,0.00155103,0.0,0.001551
table_i/n1528,table_i/U2270/Y,NAND3X1,INVX1/A,1,0.00155103,0.00155103,0.00147616,0.00147616,0.00155103,0.0,0.00155103,0.0,0.001551
table_i/n1531,table_i/U2273/Y,NAND3X1,INVX1/A,1,0.00155103,0.00155103,0.00147616,0.00147616,0.00155103,0.0,0.00155103,0.0,0.001551
table_i/n1534,table_i/U2276/Y,NAND3X1,INVX1/A,1,0.00155103,0.00155103,0.00147616,0.00147616,0.00155103,0.0,0.00155103,0.0,0.001551
table_i/n1536,table_i/U2278/Y,NAND3X1,OAI21X1/C,1,0.00200991,0.00200991,0.0019239,0.0019239,0.00200991,0.0,0.00200991,0.0,0.00201
table_i/n1537,table_i/U2279/Y,AOI21X1,NAND3X1/C,1,0.00296109,0.00296109,0.0028316,0.0028316,0.00296109,0.0,0.00296109,0.0,0.002961
table_i/n1540,table_i/U2282/Y,NAND3X1,INVX1/A,1,0.00155103,0.00155103,0.00147616,0.00147616,0.00155103,0.0,0.00155103,0.0,0.001551
table_i/n1543,table_i/U2284/Y,NAND3X1,BUFX2/A,1,0.00153896,0.00153896,0.00150415,0.00150415,0.00153896,0.0,0.00153896,0.0,0.001539
table_i/n1549,table_i/U2290/Y,NAND3X1,BUFX2/A,1,0.00153896,0.00153896,0.00150415,0.00150415,0.00153896,0.0,0.00153896,0.0,0.001539
table_i/n1555,table_i/U2296/Y,NAND3X1,INVX1/A,1,0.00155103,0.00155103,0.00147616,0.00147616,0.00155103,0.0,0.00155103,0.0,0.001551
table_i/n1558,table_i/U2299/Y,NAND3X1,INVX1/A,1,0.00155103,0.00155103,0.00147616,0.00147616,0.00155103,0.0,0.00155103,0.0,0.001551
table_i/n1561,table_i/U2302/Y,NAND3X1,INVX1/A,1,0.00155103,0.00155103,0.00147616,0.00147616,0.00155103,0.0,0.00155103,0.0,0.001551
table_i/n1563,table_i/U2304/Y,NAND3X1,OAI21X1/C,1,0.00200991,0.00200991,0.0019239,0.0019239,0.00200991,0.0,0.00200991,0.0,0.00201
table_i/n1564,table_i/U2305/Y,AOI21X1,NAND3X1/C,1,0.00296109,0.00296109,0.0028316,0.0028316,0.00296109,0.0,0.00296109,0.0,0.002961
table_i/n1566,table_i/U2308/Y,NAND3X1,INVX1/A,1,0.00155103,0.00155103,0.00147616,0.00147616,0.00155103,0.0,0.00155103,0.0,0.001551
table_i/n1569,table_i/U2311/Y,NAND3X1,INVX1/A,1,0.00155103,0.00155103,0.00147616,0.00147616,0.00155103,0.0,0.00155103,0.0,0.001551
table_i/n1572,table_i/U2314/Y,NAND3X1,INVX1/A,1,0.00155103,0.00155103,0.00147616,0.00147616,0.00155103,0.0,0.00155103,0.0,0.001551
table_i/n1575,table_i/U2317/Y,NAND3X1,INVX1/A,1,0.00155103,0.00155103,0.00147616,0.00147616,0.00155103,0.0,0.00155103,0.0,0.001551
table_i/n1578,table_i/U2320/Y,NAND3X1,INVX1/A,1,0.00155103,0.00155103,0.00147616,0.00147616,0.00155103,0.0,0.00155103,0.0,0.001551
table_i/n1580,table_i/U2322/Y,NAND3X1,OAI21X1/C,1,0.00200991,0.00200991,0.0019239,0.0019239,0.00200991,0.0,0.00200991,0.0,0.00201
table_i/n1581,table_i/U2323/Y,AOI21X1,NAND3X1/C,1,0.00296109,0.00296109,0.0028316,0.0028316,0.00296109,0.0,0.00296109,0.0,0.002961
table_i/n1583,table_i/U2325/Y,NAND3X1,BUFX2/A,1,0.00153896,0.00153896,0.00150415,0.00150415,0.00153896,0.0,0.00153896,0.0,0.001539
table_i/n1584,table_i/U2326/Y,AOI21X1,BUFX2/A,1,0.00153896,0.00153896,0.00150415,0.00150415,0.00153896,0.0,0.00153896,0.0,0.001539
table_i/n1589,table_i/U2334/Y,NAND3X1,BUFX2/A,1,0.00153896,0.00153896,0.00150415,0.00150415,0.00153896,0.0,0.00153896,0.0,0.001539
table_i/n1595,table_i/U2338/Y,NAND3X1,INVX1/A,1,0.00155103,0.00155103,0.00147616,0.00147616,0.00155103,0.0,0.00155103,0.0,0.001551
table_i/n1598,table_i/U2341/Y,NAND3X1,INVX1/A,1,0.00155103,0.00155103,0.00147616,0.00147616,0.00155103,0.0,0.00155103,0.0,0.001551
table_i/n1601,table_i/U2344/Y,NAND3X1,INVX1/A,1,0.00155103,0.00155103,0.00147616,0.00147616,0.00155103,0.0,0.00155103,0.0,0.001551
table_i/n1604,table_i/U2347/Y,NAND3X1,INVX1/A,1,0.00155103,0.00155103,0.00147616,0.00147616,0.00155103,0.0,0.00155103,0.0,0.001551
table_i/n1606,table_i/U2349/Y,NAND3X1,OAI21X1/C,1,0.00200991,0.00200991,0.0019239,0.0019239,0.00200991,0.0,0.00200991,0.0,0.00201
table_i/n1607,table_i/U2350/Y,AOI21X1,NAND3X1/C,1,0.00296109,0.00296109,0.0028316,0.0028316,0.00296109,0.0,0.00296109,0.0,0.002961
table_i/n1609,table_i/U2353/Y,NAND3X1,INVX1/A,1,0.00155103,0.00155103,0.00147616,0.00147616,0.00155103,0.0,0.00155103,0.0,0.001551
table_i/n1612,table_i/U2356/Y,NAND3X1,INVX1/A,1,0.00155103,0.00155103,0.00147616,0.00147616,0.00155103,0.0,0.00155103,0.0,0.001551
table_i/n1615,table_i/U2359/Y,NAND3X1,INVX1/A,1,0.00155103,0.00155103,0.00147616,0.00147616,0.00155103,0.0,0.00155103,0.0,0.001551
table_i/n1617,table_i/U2361/Y,NAND3X1,OAI21X1/C,1,0.00200991,0.00200991,0.0019239,0.0019239,0.00200991,0.0,0.00200991,0.0,0.00201
table_i/n1618,table_i/U2362/Y,AOI21X1,NAND3X1/C,1,0.00296109,0.00296109,0.0028316,0.0028316,0.00296109,0.0,0.00296109,0.0,0.002961
table_i/n1620,table_i/U2365/Y,NAND3X1,INVX1/A,1,0.00155103,0.00155103,0.00147616,0.00147616,0.00155103,0.0,0.00155103,0.0,0.001551
table_i/n1623,table_i/U2368/Y,NAND3X1,INVX1/A,1,0.00155103,0.00155103,0.00147616,0.00147616,0.00155103,0.0,0.00155103,0.0,0.001551
table_i/n1626,table_i/U2371/Y,NAND3X1,INVX1/A,1,0.00155103,0.00155103,0.00147616,0.00147616,0.00155103,0.0,0.00155103,0.0,0.001551
table_i/n1629,table_i/U2373/Y,NAND3X1,BUFX2/A,1,0.00153896,0.00153896,0.00150415,0.00150415,0.00153896,0.0,0.00153896,0.0,0.001539
table_i/n1634,table_i/U2375/Y,NAND3X1,BUFX2/A,1,0.00153896,0.00153896,0.00150415,0.00150415,0.00153896,0.0,0.00153896,0.0,0.001539
table_i/n1641,table_i/U2381/Y,NAND3X1,INVX1/A,1,0.00155103,0.00155103,0.00147616,0.00147616,0.00155103,0.0,0.00155103,0.0,0.001551
table_i/n1644,table_i/U2384/Y,NAND3X1,INVX1/A,1,0.00155103,0.00155103,0.00147616,0.00147616,0.00155103,0.0,0.00155103,0.0,0.001551
table_i/n1647,table_i/U2387/Y,NAND3X1,INVX1/A,1,0.00155103,0.00155103,0.00147616,0.00147616,0.00155103,0.0,0.00155103,0.0,0.001551
table_i/n1650,table_i/U2390/Y,NAND3X1,INVX1/A,1,0.00155103,0.00155103,0.00147616,0.00147616,0.00155103,0.0,0.00155103,0.0,0.001551
table_i/n1653,table_i/U2393/Y,NAND3X1,INVX1/A,1,0.00155103,0.00155103,0.00147616,0.00147616,0.00155103,0.0,0.00155103,0.0,0.001551
table_i/n1655,table_i/U2395/Y,NAND3X1,OAI21X1/C,1,0.00200991,0.00200991,0.0019239,0.0019239,0.00200991,0.0,0.00200991,0.0,0.00201
table_i/n1656,table_i/U2396/Y,AOI21X1,NAND3X1/C,1,0.00296109,0.00296109,0.0028316,0.0028316,0.00296109,0.0,0.00296109,0.0,0.002961
table_i/n1658,table_i/U2399/Y,NAND3X1,INVX1/A,1,0.00155103,0.00155103,0.00147616,0.00147616,0.00155103,0.0,0.00155103,0.0,0.001551
table_i/n1661,table_i/U2402/Y,NAND3X1,INVX1/A,1,0.00155103,0.00155103,0.00147616,0.00147616,0.00155103,0.0,0.00155103,0.0,0.001551
table_i/n1664,table_i/U2405/Y,NAND3X1,INVX1/A,1,0.00155103,0.00155103,0.00147616,0.00147616,0.00155103,0.0,0.00155103,0.0,0.001551
table_i/n1666,table_i/U2407/Y,NAND3X1,OAI21X1/C,1,0.00200991,0.00200991,0.0019239,0.0019239,0.00200991,0.0,0.00200991,0.0,0.00201
table_i/n1667,table_i/U2408/Y,AOI21X1,NAND3X1/C,1,0.00296109,0.00296109,0.0028316,0.0028316,0.00296109,0.0,0.00296109,0.0,0.002961
table_i/n1669,table_i/U2411/Y,NAND3X1,INVX1/A,1,0.00155103,0.00155103,0.00147616,0.00147616,0.00155103,0.0,0.00155103,0.0,0.001551
table_i/n1672,table_i/U2414/Y,NAND3X1,INVX1/A,1,0.00155103,0.00155103,0.00147616,0.00147616,0.00155103,0.0,0.00155103,0.0,0.001551
table_i/n1674,table_i/U2416/Y,NAND3X1,OAI21X1/C,1,0.00200991,0.00200991,0.0019239,0.0019239,0.00200991,0.0,0.00200991,0.0,0.00201
table_i/n1675,table_i/U2417/Y,AOI21X1,NAND3X1/C,1,0.00296109,0.00296109,0.0028316,0.0028316,0.00296109,0.0,0.00296109,0.0,0.002961
table_i/n1677,table_i/U2421/Y,NAND3X1,BUFX2/A,1,0.00153896,0.00153896,0.00150415,0.00150415,0.00153896,0.0,0.00153896,0.0,0.001539
table_i/n1682,table_i/U2425/Y,NAND3X1,INVX1/A,1,0.00155103,0.00155103,0.00147616,0.00147616,0.00155103,0.0,0.00155103,0.0,0.001551
table_i/n1685,table_i/U2428/Y,NAND3X1,INVX1/A,1,0.00155103,0.00155103,0.00147616,0.00147616,0.00155103,0.0,0.00155103,0.0,0.001551
table_i/n1688,table_i/U2431/Y,NAND3X1,INVX1/A,1,0.00155103,0.00155103,0.00147616,0.00147616,0.00155103,0.0,0.00155103,0.0,0.001551
table_i/n1691,table_i/U2434/Y,NAND3X1,INVX1/A,1,0.00155103,0.00155103,0.00147616,0.00147616,0.00155103,0.0,0.00155103,0.0,0.001551
table_i/n1694,table_i/U2437/Y,NAND3X1,INVX1/A,1,0.00155103,0.00155103,0.00147616,0.00147616,0.00155103,0.0,0.00155103,0.0,0.001551
table_i/n1697,table_i/U2440/Y,NAND3X1,INVX1/A,1,0.00155103,0.00155103,0.00147616,0.00147616,0.00155103,0.0,0.00155103,0.0,0.001551
table_i/n1699,table_i/U2442/Y,NAND3X1,BUFX2/A,1,0.00153896,0.00153896,0.00150415,0.00150415,0.00153896,0.0,0.00153896,0.0,0.001539
table_i/n1700,table_i/U2443/Y,AOI21X1,BUFX2/A,1,0.00153896,0.00153896,0.00150415,0.00150415,0.00153896,0.0,0.00153896,0.0,0.001539
table_i/n1702,table_i/U2447/Y,NAND3X1,INVX1/A,1,0.00155103,0.00155103,0.00147616,0.00147616,0.00155103,0.0,0.00155103,0.0,0.001551
table_i/n1705,table_i/U2450/Y,NAND3X1,INVX1/A,1,0.00155103,0.00155103,0.00147616,0.00147616,0.00155103,0.0,0.00155103,0.0,0.001551
table_i/n1708,table_i/U2453/Y,NAND3X1,INVX1/A,1,0.00155103,0.00155103,0.00147616,0.00147616,0.00155103,0.0,0.00155103,0.0,0.001551
table_i/n1710,table_i/U2455/Y,NAND3X1,OAI21X1/C,1,0.00200991,0.00200991,0.0019239,0.0019239,0.00200991,0.0,0.00200991,0.0,0.00201
table_i/n1711,table_i/U2456/Y,AOI21X1,NAND3X1/C,1,0.00296109,0.00296109,0.0028316,0.0028316,0.00296109,0.0,0.00296109,0.0,0.002961
table_i/n1713,table_i/U2459/Y,NAND3X1,INVX1/A,1,0.00155103,0.00155103,0.00147616,0.00147616,0.00155103,0.0,0.00155103,0.0,0.001551
table_i/n1715,table_i/U2461/Y,NAND3X1,BUFX2/A,1,0.00153896,0.00153896,0.00150415,0.00150415,0.00153896,0.0,0.00153896,0.0,0.001539
table_i/n1716,table_i/U2462/Y,AOI21X1,BUFX2/A,1,0.00153896,0.00153896,0.00150415,0.00150415,0.00153896,0.0,0.00153896,0.0,0.001539
table_i/n1718,table_i/U2465/Y,NAND3X1,INVX1/A,1,0.00155103,0.00155103,0.00147616,0.00147616,0.00155103,0.0,0.00155103,0.0,0.001551
table_i/n1720,table_i/U2467/Y,NAND3X1,BUFX2/A,1,0.00153896,0.00153896,0.00150415,0.00150415,0.00153896,0.0,0.00153896,0.0,0.001539
table_i/n1722,table_i/U2468/Y,AOI21X1,BUFX2/A,1,0.00153896,0.00153896,0.00150415,0.00150415,0.00153896,0.0,0.00153896,0.0,0.001539
table_i/n1725,table_i/U2472/Y,NAND3X1,INVX1/A,1,0.00155103,0.00155103,0.00147616,0.00147616,0.00155103,0.0,0.00155103,0.0,0.001551
table_i/n1728,table_i/U2475/Y,NAND3X1,INVX1/A,1,0.00155103,0.00155103,0.00147616,0.00147616,0.00155103,0.0,0.00155103,0.0,0.001551
table_i/n1731,table_i/U2478/Y,NAND3X1,INVX1/A,1,0.00155103,0.00155103,0.00147616,0.00147616,0.00155103,0.0,0.00155103,0.0,0.001551
table_i/n1734,table_i/U2481/Y,NAND3X1,INVX1/A,1,0.00155103,0.00155103,0.00147616,0.00147616,0.00155103,0.0,0.00155103,0.0,0.001551
table_i/n1737,table_i/U2484/Y,NAND3X1,INVX1/A,1,0.00155103,0.00155103,0.00147616,0.00147616,0.00155103,0.0,0.00155103,0.0,0.001551
table_i/n1740,table_i/U2487/Y,NAND3X1,INVX1/A,1,0.00155103,0.00155103,0.00147616,0.00147616,0.00155103,0.0,0.00155103,0.0,0.001551
table_i/n1743,table_i/U2490/Y,NAND3X1,INVX1/A,1,0.00155103,0.00155103,0.00147616,0.00147616,0.00155103,0.0,0.00155103,0.0,0.001551
table_i/n1745,table_i/U2492/Y,NAND3X1,BUFX2/A,1,0.00153896,0.00153896,0.00150415,0.00150415,0.00153896,0.0,0.00153896,0.0,0.001539
table_i/n1746,table_i/U2493/Y,AOI21X1,BUFX2/A,1,0.00153896,0.00153896,0.00150415,0.00150415,0.00153896,0.0,0.00153896,0.0,0.001539
table_i/n1748,table_i/U2497/Y,NAND3X1,INVX1/A,1,0.00155103,0.00155103,0.00147616,0.00147616,0.00155103,0.0,0.00155103,0.0,0.001551
table_i/n1751,table_i/U2500/Y,NAND3X1,INVX1/A,1,0.00155103,0.00155103,0.00147616,0.00147616,0.00155103,0.0,0.00155103,0.0,0.001551
table_i/n1754,table_i/U2503/Y,NAND3X1,INVX1/A,1,0.00155103,0.00155103,0.00147616,0.00147616,0.00155103,0.0,0.00155103,0.0,0.001551
table_i/n1756,table_i/U2505/Y,NAND3X1,OAI21X1/C,1,0.00200991,0.00200991,0.0019239,0.0019239,0.00200991,0.0,0.00200991,0.0,0.00201
table_i/n1757,table_i/U2506/Y,AOI21X1,NAND3X1/C,1,0.00296109,0.00296109,0.0028316,0.0028316,0.00296109,0.0,0.00296109,0.0,0.002961
table_i/n1759,table_i/U2509/Y,NAND3X1,INVX1/A,1,0.00155103,0.00155103,0.00147616,0.00147616,0.00155103,0.0,0.00155103,0.0,0.001551
table_i/n1761,table_i/U2511/Y,NAND3X1,BUFX2/A,1,0.00153896,0.00153896,0.00150415,0.00150415,0.00153896,0.0,0.00153896,0.0,0.001539
table_i/n1762,table_i/U2512/Y,AOI21X1,BUFX2/A,1,0.00153896,0.00153896,0.00150415,0.00150415,0.00153896,0.0,0.00153896,0.0,0.001539
table_i/n1763,table_i/U2514/Y,NAND3X1,BUFX2/A,1,0.00153896,0.00153896,0.00150415,0.00150415,0.00153896,0.0,0.00153896,0.0,0.001539
table_i/n1764,table_i/U2515/Y,AOI21X1,BUFX2/A,1,0.00153896,0.00153896,0.00150415,0.00150415,0.00153896,0.0,0.00153896,0.0,0.001539
table_i/n2734,table_i/U4400/Y,NAND3X1,OAI21X1/C,1,0.00200991,0.00200991,0.0019239,0.0019239,0.00200991,0.0,0.00200991,0.0,0.00201
table_i/n2735,table_i/U4401/Y,NAND3X1,BUFX2/A,1,0.00153896,0.00153896,0.00150415,0.00150415,0.00153896,0.0,0.00153896,0.0,0.001539
table_i/n2739,table_i/U4403/Y,NAND3X1,OAI21X1/C,1,0.00200991,0.00200991,0.0019239,0.0019239,0.00200991,0.0,0.00200991,0.0,0.00201
table_i/n2740,table_i/U4404/Y,NAND3X1,BUFX2/A,1,0.00153896,0.00153896,0.00150415,0.00150415,0.00153896,0.0,0.00153896,0.0,0.001539
table_i/n2743,table_i/U4406/Y,NAND3X1,OAI21X1/C,1,0.00200991,0.00200991,0.0019239,0.0019239,0.00200991,0.0,0.00200991,0.0,0.00201
table_i/n2744,table_i/U4407/Y,NAND3X1,BUFX2/A,1,0.00153896,0.00153896,0.00150415,0.00150415,0.00153896,0.0,0.00153896,0.0,0.001539
table_i/n2747,table_i/U4409/Y,NAND3X1,OAI21X1/C,1,0.00200991,0.00200991,0.0019239,0.0019239,0.00200991,0.0,0.00200991,0.0,0.00201
table_i/n2748,table_i/U4410/Y,NAND3X1,BUFX2/A,1,0.00153896,0.00153896,0.00150415,0.00150415,0.00153896,0.0,0.00153896,0.0,0.001539
table_i/n2751,table_i/U4413/Y,NAND3X1,OAI21X1/C,1,0.00200991,0.00200991,0.0019239,0.0019239,0.00200991,0.0,0.00200991,0.0,0.00201
table_i/n2752,table_i/U4414/Y,NAND3X1,BUFX2/A,1,0.00153896,0.00153896,0.00150415,0.00150415,0.00153896,0.0,0.00153896,0.0,0.001539
table_i/n2755,table_i/U4416/Y,NAND3X1,OAI21X1/C,1,0.00200991,0.00200991,0.0019239,0.0019239,0.00200991,0.0,0.00200991,0.0,0.00201
table_i/n2756,table_i/U4417/Y,NAND3X1,BUFX2/A,1,0.00153896,0.00153896,0.00150415,0.00150415,0.00153896,0.0,0.00153896,0.0,0.001539
table_i/n2758,table_i/U4419/Y,NAND3X1,OAI21X1/C,1,0.00200991,0.00200991,0.0019239,0.0019239,0.00200991,0.0,0.00200991,0.0,0.00201
table_i/n2759,table_i/U4420/Y,NAND3X1,BUFX2/A,1,0.00153896,0.00153896,0.00150415,0.00150415,0.00153896,0.0,0.00153896,0.0,0.001539
table_i/n2761,table_i/U4422/Y,NAND3X1,OAI21X1/C,1,0.00200991,0.00200991,0.0019239,0.0019239,0.00200991,0.0,0.00200991,0.0,0.00201
table_i/n2762,table_i/U4423/Y,NAND3X1,BUFX2/A,1,0.00153896,0.00153896,0.00150415,0.00150415,0.00153896,0.0,0.00153896,0.0,0.001539
table_i/n2764,table_i/U4426/Y,NAND3X1,OAI21X1/C,1,0.00200991,0.00200991,0.0019239,0.0019239,0.00200991,0.0,0.00200991,0.0,0.00201
table_i/n2765,table_i/U4427/Y,NAND3X1,BUFX2/A,1,0.00153896,0.00153896,0.00150415,0.00150415,0.00153896,0.0,0.00153896,0.0,0.001539
table_i/n2768,table_i/U4429/Y,NAND3X1,OAI21X1/C,1,0.00200991,0.00200991,0.0019239,0.0019239,0.00200991,0.0,0.00200991,0.0,0.00201
table_i/n2769,table_i/U4430/Y,NAND3X1,BUFX2/A,1,0.00153896,0.00153896,0.00150415,0.00150415,0.00153896,0.0,0.00153896,0.0,0.001539
table_i/n2771,table_i/U4432/Y,NAND3X1,OAI21X1/C,1,0.00200991,0.00200991,0.0019239,0.0019239,0.00200991,0.0,0.00200991,0.0,0.00201
table_i/n2772,table_i/U4433/Y,NAND3X1,BUFX2/A,1,0.00153896,0.00153896,0.00150415,0.00150415,0.00153896,0.0,0.00153896,0.0,0.001539
table_i/n2774,table_i/U4435/Y,NAND3X1,OAI21X1/C,1,0.00200991,0.00200991,0.0019239,0.0019239,0.00200991,0.0,0.00200991,0.0,0.00201
table_i/n2775,table_i/U4436/Y,NAND3X1,BUFX2/A,1,0.00153896,0.00153896,0.00150415,0.00150415,0.00153896,0.0,0.00153896,0.0,0.001539
table_i/n2777,table_i/U4439/Y,NAND3X1,OAI21X1/C,1,0.00200991,0.00200991,0.0019239,0.0019239,0.00200991,0.0,0.00200991,0.0,0.00201
table_i/n2778,table_i/U4440/Y,NAND3X1,BUFX2/A,1,0.00153896,0.00153896,0.00150415,0.00150415,0.00153896,0.0,0.00153896,0.0,0.001539
table_i/n2781,table_i/U4443/Y,NAND3X1,OAI21X1/C,1,0.00200991,0.00200991,0.0019239,0.0019239,0.00200991,0.0,0.00200991,0.0,0.00201
table_i/n2782,table_i/U4444/Y,NAND3X1,BUFX2/A,1,0.00153896,0.00153896,0.00150415,0.00150415,0.00153896,0.0,0.00153896,0.0,0.001539
table_i/n2784,table_i/U4447/Y,NAND3X1,OAI21X1/C,1,0.00200991,0.00200991,0.0019239,0.0019239,0.00200991,0.0,0.00200991,0.0,0.00201
table_i/n2785,table_i/U4448/Y,NAND3X1,BUFX2/A,1,0.00153896,0.00153896,0.00150415,0.00150415,0.00153896,0.0,0.00153896,0.0,0.001539
table_i/n2787,table_i/U4451/Y,NAND3X1,OAI21X1/C,1,0.00200991,0.00200991,0.0019239,0.0019239,0.00200991,0.0,0.00200991,0.0,0.00201
table_i/n2788,table_i/U4452/Y,NAND3X1,BUFX2/A,1,0.00153896,0.00153896,0.00150415,0.00150415,0.00153896,0.0,0.00153896,0.0,0.001539
table_i/n2809,table_i/U4586/Y,NAND3X1,BUFX2/A,1,0.00153896,0.00153896,0.00150415,0.00150415,0.00153896,0.0,0.00153896,0.0,0.001539
table_i/n2810,table_i/U4587/Y,NAND3X1,BUFX2/A,1,0.00153896,0.00153896,0.00150415,0.00150415,0.00153896,0.0,0.00153896,0.0,0.001539
table_i/n2811,table_i/U4574/Y,NAND3X1,AND2X2/B;INVX1/A,2,0.00342047,0.00342047,0.00329627,0.00329627,0.00342047,0.0,0.00342047,0.0,0.00342
table_i/n2812,table_i/U4585/Y,NAND3X1,BUFX2/A,1,0.00153896,0.00153896,0.00150415,0.00150415,0.00153896,0.0,0.00153896,0.0,0.001539
table_i/n2814,table_i/U4569/Y,AOI21X1,BUFX2/A,1,0.00153896,0.00153896,0.00150415,0.00150415,0.00153896,0.0,0.00153896,0.0,0.001539
table_i/n2816,table_i/U4568/Y,NAND3X1,INVX1/A,1,0.00155103,0.00155103,0.00147616,0.00147616,0.00155103,0.0,0.00155103,0.0,0.001551
table_i/n2818,table_i/U4582/Y,NAND3X1,BUFX2/A,1,0.00153896,0.00153896,0.00150415,0.00150415,0.00153896,0.0,0.00153896,0.0,0.001539
table_i/n2820,table_i/U4591/Y,NAND3X1,BUFX2/A,1,0.00153896,0.00153896,0.00150415,0.00150415,0.00153896,0.0,0.00153896,0.0,0.001539
table_i/n2826,table_i/U4577/Y,NAND3X1,BUFX2/A,1,0.00153896,0.00153896,0.00150415,0.00150415,0.00153896,0.0,0.00153896,0.0,0.001539
table_i/n2827,table_i/U4576/Y,NAND3X1,INVX2/A,1,0.00267266,0.00265521,0.00267266,0.00265521,0.00267266,0.0,0.00267266,0.0,0.002673
table_i/n2829,table_i/U4584/Y,NAND3X1,BUFX2/A,1,0.00153896,0.00153896,0.00150415,0.00150415,0.00153896,0.0,0.00153896,0.0,0.001539
table_i/n2833,table_i/U4590/Y,NAND3X1,BUFX2/A,1,0.00153896,0.00153896,0.00150415,0.00150415,0.00153896,0.0,0.00153896,0.0,0.001539
table_i/n2835,table_i/U4589/Y,NAND3X1,INVX1/A,1,0.00155103,0.00155103,0.00147616,0.00147616,0.00155103,0.0,0.00155103,0.0,0.001551
table_i/n392,table_i/U720/Y,NAND2X1,OAI21X1/C,1,0.00200991,0.00200991,0.0019239,0.0019239,0.00200991,0.0,0.00200991,0.0,0.00201
table_i/n396,table_i/U728/Y,NAND2X1,OAI21X1/C,1,0.00200991,0.00200991,0.0019239,0.0019239,0.00200991,0.0,0.00200991,0.0,0.00201
table_i/n462,table_i/U850/Y,NAND2X1,OAI21X1/C,1,0.00200991,0.00200991,0.0019239,0.0019239,0.00200991,0.0,0.00200991,0.0,0.00201
table_i/n466,table_i/U858/Y,NAND2X1,OAI21X1/C,1,0.00200991,0.00200991,0.0019239,0.0019239,0.00200991,0.0,0.00200991,0.0,0.00201
table_i/n6147,table_i/U6705/Y,NOR2X1,NOR3X1/B,1,0.003067,0.00306333,0.003067,0.00306333,0.003067,0.0,0.003067,0.0,0.003067
table_i/n664,table_i/U1710/Y,AOI21X1,BUFX2/A,1,0.00153896,0.00153896,0.00150415,0.00150415,0.00153896,0.0,0.00153896,0.0,0.001539
table_i/n6700,table_i/U4560/Y,AOI21X1,BUFX2/A,1,0.00153896,0.00153896,0.00150415,0.00150415,0.00153896,0.0,0.00153896,0.0,0.001539
table_i/n700,table_i/U1713/Y,AOI21X1,BUFX2/A,1,0.00153896,0.00153896,0.00150415,0.00150415,0.00153896,0.0,0.00153896,0.0,0.001539
table_i/n736,table_i/U1716/Y,AOI21X1,BUFX2/A,1,0.00153896,0.00153896,0.00150415,0.00150415,0.00153896,0.0,0.00153896,0.0,0.001539
table_i/n772,table_i/U1719/Y,AOI21X1,BUFX2/A,1,0.00153896,0.00153896,0.00150415,0.00150415,0.00153896,0.0,0.00153896,0.0,0.001539
table_i/n808,table_i/U1722/Y,AOI21X1,BUFX2/A,1,0.00153896,0.00153896,0.00150415,0.00150415,0.00153896,0.0,0.00153896,0.0,0.001539
table_i/n844,table_i/U1725/Y,AOI21X1,BUFX2/A,1,0.00153896,0.00153896,0.00150415,0.00150415,0.00153896,0.0,0.00153896,0.0,0.001539
table_i/n880,table_i/U1729/Y,AOI21X1,BUFX2/A,1,0.00153896,0.00153896,0.00150415,0.00150415,0.00153896,0.0,0.00153896,0.0,0.001539
table_i/n916,table_i/U1732/Y,AOI21X1,BUFX2/A,1,0.00153896,0.00153896,0.00150415,0.00150415,0.00153896,0.0,0.00153896,0.0,0.001539
table_i/n918,table_i/U1686/Y,AOI21X1,BUFX2/A,1,0.00153896,0.00153896,0.00150415,0.00150415,0.00153896,0.0,0.00153896,0.0,0.001539
table_i/n919,table_i/U1685/Y,NAND3X1,OAI21X1/C,1,0.00200991,0.00200991,0.0019239,0.0019239,0.00200991,0.0,0.00200991,0.0,0.00201
table_i/n920,table_i/U4547/Y,NAND3X1,INVX1/A,1,0.00155103,0.00155103,0.00147616,0.00147616,0.00155103,0.0,0.00155103,0.0,0.001551
table_i/n923,table_i/U1689/Y,AOI21X1,BUFX2/A,1,0.00153896,0.00153896,0.00150415,0.00150415,0.00153896,0.0,0.00153896,0.0,0.001539
table_i/n924,table_i/U1688/Y,NAND3X1,OAI21X1/C,1,0.00200991,0.00200991,0.0019239,0.0019239,0.00200991,0.0,0.00200991,0.0,0.00201
table_i/n925,table_i/U4458/Y,NAND3X1,BUFX2/A,1,0.00153896,0.00153896,0.00150415,0.00150415,0.00153896,0.0,0.00153896,0.0,0.001539
table_i/n926,table_i/U4459/Y,AOI21X1,INVX1/A,1,0.00155103,0.00155103,0.00147616,0.00147616,0.00155103,0.0,0.00155103,0.0,0.001551
table_i/n928,table_i/U1692/Y,AOI21X1,BUFX2/A,1,0.00153896,0.00153896,0.00150415,0.00150415,0.00153896,0.0,0.00153896,0.0,0.001539
table_i/n929,table_i/U1691/Y,NAND3X1,OAI21X1/C,1,0.00200991,0.00200991,0.0019239,0.0019239,0.00200991,0.0,0.00200991,0.0,0.00201
table_i/n930,table_i/U4463/Y,NAND3X1,BUFX2/A;BUFX2/A,2,0.00307792,0.00307792,0.0030083,0.0030083,0.00307792,0.0,0.00307792,0.0,0.003078
table_i/n932,table_i/U1695/Y,AOI21X1,BUFX2/A,1,0.00153896,0.00153896,0.00150415,0.00150415,0.00153896,0.0,0.00153896,0.0,0.001539
table_i/n933,table_i/U1694/Y,NAND3X1,OAI21X1/C,1,0.00200991,0.00200991,0.0019239,0.0019239,0.00200991,0.0,0.00200991,0.0,0.00201
table_i/n934,table_i/U4469/Y,NAND3X1,BUFX2/A,1,0.00153896,0.00153896,0.00150415,0.00150415,0.00153896,0.0,0.00153896,0.0,0.001539
table_i/n935,table_i/U1698/Y,AOI21X1,BUFX2/A,1,0.00153896,0.00153896,0.00150415,0.00150415,0.00153896,0.0,0.00153896,0.0,0.001539
table_i/n936,table_i/U1697/Y,NAND3X1,OAI21X1/C,1,0.00200991,0.00200991,0.0019239,0.0019239,0.00200991,0.0,0.00200991,0.0,0.00201
table_i/n937,table_i/U4475/Y,NAND3X1,BUFX2/A,1,0.00153896,0.00153896,0.00150415,0.00150415,0.00153896,0.0,0.00153896,0.0,0.001539
table_i/n939,table_i/U1701/Y,AOI21X1,BUFX2/A,1,0.00153896,0.00153896,0.00150415,0.00150415,0.00153896,0.0,0.00153896,0.0,0.001539
table_i/n940,table_i/U1700/Y,NAND3X1,OAI21X1/C,1,0.00200991,0.00200991,0.0019239,0.0019239,0.00200991,0.0,0.00200991,0.0,0.00201
table_i/n941,table_i/U4481/Y,NAND3X1,BUFX2/A,1,0.00153896,0.00153896,0.00150415,0.00150415,0.00153896,0.0,0.00153896,0.0,0.001539
table_i/n942,table_i/U1704/Y,AOI21X1,BUFX2/A,1,0.00153896,0.00153896,0.00150415,0.00150415,0.00153896,0.0,0.00153896,0.0,0.001539
table_i/n943,table_i/U1703/Y,NAND3X1,OAI21X1/C,1,0.00200991,0.00200991,0.0019239,0.0019239,0.00200991,0.0,0.00200991,0.0,0.00201
table_i/n944,table_i/U4487/Y,NAND3X1,BUFX2/A;BUFX2/A,2,0.00307792,0.00307792,0.0030083,0.0030083,0.00307792,0.0,0.00307792,0.0,0.003078
table_i/n947,table_i/U1707/Y,AOI21X1,BUFX2/A,1,0.00153896,0.00153896,0.00150415,0.00150415,0.00153896,0.0,0.00153896,0.0,0.001539
table_i/n948,table_i/U1706/Y,NAND3X1,OAI21X1/C,1,0.00200991,0.00200991,0.0019239,0.0019239,0.00200991,0.0,0.00200991,0.0,0.00201
table_i/n949,table_i/U4493/Y,NAND3X1,BUFX2/A,1,0.00153896,0.00153896,0.00150415,0.00150415,0.00153896,0.0,0.00153896,0.0,0.001539
table_i/n957,table_i/U1721/Y,NAND2X1,OAI21X1/C,1,0.00200991,0.00200991,0.0019239,0.0019239,0.00200991,0.0,0.00200991,0.0,0.00201
table_i/n958,table_i/U1724/Y,NAND2X1,OAI21X1/C,1,0.00200991,0.00200991,0.0019239,0.0019239,0.00200991,0.0,0.00200991,0.0,0.00201
table_i/n962,table_i/U1736/Y,AOI22X1,INVX1/A,1,0.00155103,0.00155103,0.00147616,0.00147616,0.00155103,0.0,0.00155103,0.0,0.001551
table_i/n964,table_i/U1908/Y,AOI21X1,BUFX2/A,1,0.00153896,0.00153896,0.00150415,0.00150415,0.00153896,0.0,0.00153896,0.0,0.001539
table_i/n965,table_i/U1737/Y,AOI22X1,INVX1/A,1,0.00155103,0.00155103,0.00147616,0.00147616,0.00155103,0.0,0.00155103,0.0,0.001551
table_i/n966,table_i/U1738/Y,AOI22X1,INVX1/A,1,0.00155103,0.00155103,0.00147616,0.00147616,0.00155103,0.0,0.00155103,0.0,0.001551
table_i/n967,table_i/U1739/Y,AOI22X1,INVX1/A,1,0.00155103,0.00155103,0.00147616,0.00147616,0.00155103,0.0,0.00155103,0.0,0.001551
table_i/n968,table_i/U1740/Y,AOI22X1,INVX1/A,1,0.00155103,0.00155103,0.00147616,0.00147616,0.00155103,0.0,0.00155103,0.0,0.001551
table_i/n969,table_i/U1741/Y,AOI22X1,INVX1/A,1,0.00155103,0.00155103,0.00147616,0.00147616,0.00155103,0.0,0.00155103,0.0,0.001551
table_i/n970,table_i/U1742/Y,AOI22X1,INVX1/A,1,0.00155103,0.00155103,0.00147616,0.00147616,0.00155103,0.0,0.00155103,0.0,0.001551
table_i/n971,table_i/U1743/Y,AOI22X1,INVX1/A,1,0.00155103,0.00155103,0.00147616,0.00147616,0.00155103,0.0,0.00155103,0.0,0.001551
table_i/n973,table_i/U1744/Y,AOI22X1,INVX1/A,1,0.00155103,0.00155103,0.00147616,0.00147616,0.00155103,0.0,0.00155103,0.0,0.001551
table_i/n974,table_i/U1745/Y,AOI22X1,INVX1/A,1,0.00155103,0.00155103,0.00147616,0.00147616,0.00155103,0.0,0.00155103,0.0,0.001551
table_i/n975,table_i/U1746/Y,AOI22X1,INVX1/A,1,0.00155103,0.00155103,0.00147616,0.00147616,0.00155103,0.0,0.00155103,0.0,0.001551
table_i/n976,table_i/U1747/Y,AOI22X1,INVX1/A,1,0.00155103,0.00155103,0.00147616,0.00147616,0.00155103,0.0,0.00155103,0.0,0.001551
table_i/n977,table_i/U1748/Y,AOI22X1,INVX1/A,1,0.00155103,0.00155103,0.00147616,0.00147616,0.00155103,0.0,0.00155103,0.0,0.001551
table_i/n978,table_i/U1749/Y,AOI22X1,INVX1/A,1,0.00155103,0.00155103,0.00147616,0.00147616,0.00155103,0.0,0.00155103,0.0,0.001551
table_i/n983,table_i/U1754/Y,AOI22X1,INVX1/A,1,0.00155103,0.00155103,0.00147616,0.00147616,0.00155103,0.0,0.00155103,0.0,0.001551
table_i/n985,table_i/U1764/Y,AOI21X1,BUFX2/A,1,0.00153896,0.00153896,0.00150415,0.00150415,0.00153896,0.0,0.00153896,0.0,0.001539
table_i/n986,table_i/U1755/Y,AOI22X1,INVX1/A,1,0.00155103,0.00155103,0.00147616,0.00147616,0.00155103,0.0,0.00155103,0.0,0.001551
table_i/n987,table_i/U1756/Y,AOI22X1,INVX1/A,1,0.00155103,0.00155103,0.00147616,0.00147616,0.00155103,0.0,0.00155103,0.0,0.001551
table_i/n988,table_i/U1757/Y,AOI22X1,INVX1/A,1,0.00155103,0.00155103,0.00147616,0.00147616,0.00155103,0.0,0.00155103,0.0,0.001551
table_i/n989,table_i/U1758/Y,AOI22X1,INVX1/A,1,0.00155103,0.00155103,0.00147616,0.00147616,0.00155103,0.0,0.00155103,0.0,0.001551
table_i/n990,table_i/U1759/Y,AOI22X1,INVX1/A,1,0.00155103,0.00155103,0.00147616,0.00147616,0.00155103,0.0,0.00155103,0.0,0.001551
table_i/n991,table_i/U1760/Y,AOI22X1,INVX1/A,1,0.00155103,0.00155103,0.00147616,0.00147616,0.00155103,0.0,0.00155103,0.0,0.001551
table_i/n995,table_i/U1765/Y,AOI22X1,INVX1/A,1,0.00155103,0.00155103,0.00147616,0.00147616,0.00155103,0.0,0.00155103,0.0,0.001551
table_i/n997,table_i/U1775/Y,AOI21X1,BUFX2/A,1,0.00153896,0.00153896,0.00150415,0.00150415,0.00153896,0.0,0.00153896,0.0,0.001539
table_i/n998,table_i/U1766/Y,AOI22X1,INVX1/A,1,0.00155103,0.00155103,0.00147616,0.00147616,0.00155103,0.0,0.00155103,0.0,0.001551
table_i/n999,table_i/U1767/Y,AOI22X1,INVX1/A,1,0.00155103,0.00155103,0.00147616,0.00147616,0.00155103,0.0,0.00155103,0.0,0.001551
