
****************************************
Report : timing
        -path full
        -delay max
        -input_pins
        -nets
        -max_paths 10
        -transition_time
        -capacitance
Design : mc_top_Q_DEPTH16_SCHED_POLICY1_AGING_ENABLE1
Version: R-2020.09-SP4
Date   : Wed Sep 30 17:37:46 2026
****************************************

 # A fanout number of 1000 was used for high fanout net computations.

Operating Conditions: typical   Library: gscl45nm
Wire Load Model Mode: top

  Startpoint: table_i/addresses_reg[80]
              (rising edge-triggered flip-flop clocked by core_clk)
  Endpoint: cmd_bank[0]
            (output port clocked by core_clk)
  Path Group: core_clk
  Path Type: max

  Point                                       Fanout       Cap     Trans      Incr       Path
  ----------------------------------------------------------------------------------------------
  clock core_clk (rise edge)                                              0.000000   0.000000
  clock network delay (ideal)                                             0.000000   0.000000
  table_i/addresses_reg[80]/CLK (DFFPOSX1)                      0.000000  0.000000 # 0.000000 r
  table_i/addresses_reg[80]/Q (DFFPOSX1)                        0.188646  0.179091   0.179091 r
  table_i/addresses[80] (net)                  33     0.078385            0.000000   0.179091 r
  table_i/addresses[80] (mc_transaction_table_Q_DEPTH16_ADDR_W16_DATA_W32_TAG_W8_READ_LATENCY3_AGE_LIMIT128)
                                                                          0.000000   0.179091 r
  addresses[80] (net)                                 0.078385            0.000000   0.179091 r
  candidates_i/addresses[80] (mc_candidates_Q_DEPTH16_ROW_W8_COL_W6)      0.000000   0.179091 r
  candidates_i/N1286 (net)                            0.078385            0.000000   0.179091 r
  candidates_i/U3034/A (INVX1)                                  0.188646  0.000000   0.179091 r
  candidates_i/U3034/Y (INVX1)                                  0.047725  0.096550   0.275641 f
  candidates_i/n840 (net)                       8     0.018192            0.000000   0.275641 f
  candidates_i/U2887/A (OR2X1)                                  0.047725  0.000000   0.275641 f
  candidates_i/U2887/Y (OR2X1)                                  0.005533  0.041346   0.316987 f
  candidates_i/n3464 (net)                      1     0.001476            0.000000   0.316987 f
  candidates_i/U2888/A (INVX1)                                  0.005533  0.000000   0.316987 f
  candidates_i/U2888/Y (INVX1)                                  0.217422  0.152394   0.469381 r
  candidates_i/n817 (net)                      17     0.049411            0.000000   0.469381 r
  candidates_i/U3840/D (AOI22X1)                                0.217422  0.000000   0.469381 r
  candidates_i/U3840/Y (AOI22X1)                                0.032705  0.068940   0.538321 f
  candidates_i/n3448 (net)                      1     0.001504            0.000000   0.538321 f
  candidates_i/U2188/A (BUFX2)                                  0.032705  0.000000   0.538321 f
  candidates_i/U2188/Y (BUFX2)                                  0.005893  0.037018   0.575339 f
  candidates_i/n203 (net)                       1     0.001827            0.000000   0.575339 f
  candidates_i/U59/B (AND2X1)                                   0.005893  0.000000   0.575339 f
  candidates_i/U59/Y (AND2X1)                                   0.015445  0.041557   0.616896 f
  candidates_i/N1725 (net)                      1     0.001476            0.000000   0.616896 f
  candidates_i/U2186/A (INVX1)                                  0.015445  0.000000   0.616896 f
  candidates_i/U2186/Y (INVX1)                                  0.000000  0.010907   0.627803 r
  candidates_i/n201 (net)                       2     0.004715            0.000000   0.627803 r
  candidates_i/U205/B (OR2X1)                                   0.000000  0.000000   0.627803 r
  candidates_i/U205/Y (OR2X1)                                   0.031431  0.054667   0.682471 r
  candidates_i/n2955 (net)                      2     0.004138            0.000000   0.682471 r
  candidates_i/U3562/B (NAND2X1)                                0.031431  0.000000   0.682471 r
  candidates_i/U3562/Y (NAND2X1)                                0.021608  0.020771   0.703241 f
  candidates_i/n2960 (net)                      1     0.002658            0.000000   0.703241 f
  candidates_i/U3566/A (AOI22X1)                                0.021608  0.000000   0.703241 f
  candidates_i/U3566/Y (AOI22X1)                                0.048950  0.052160   0.755401 r
  candidates_i/n2961 (net)                      1     0.002961            0.000000   0.755401 r
  candidates_i/U3567/C (NAND3X1)                                0.048950  0.000000   0.755401 r
  candidates_i/U3567/Y (NAND3X1)                                0.017777  0.020556   0.775957 f
  candidates_i/n2970 (net)                      1     0.003011            0.000000   0.775957 f
  candidates_i/U3572/A (NOR3X1)                                 0.017777  0.000000   0.775957 f
  candidates_i/U3572/Y (NOR3X1)                                 0.050934  0.049672   0.825629 r
  candidates_i/N1733 (net)                      1     0.002343            0.000000   0.825629 r
  candidates_i/U370/B (AND2X1)                                  0.050934  0.000000   0.825629 r
  candidates_i/U370/Y (AND2X1)                                  0.103699  0.088188   0.913817 r
  candidates_i/hit[5] (net)                     7     0.017941            0.000000   0.913817 r
  candidates_i/U1386/A (NAND3X1)                                0.103699  0.000000   0.913817 r
  candidates_i/U1386/Y (NAND3X1)                                0.013507  0.029455   0.943272 f
  candidates_i/n2033 (net)                      1     0.001820            0.000000   0.943272 f
  candidates_i/U204/B (AND2X2)                                  0.013507  0.000000   0.943272 f
  candidates_i/U204/Y (AND2X2)                                  0.000000  0.038617   0.981889 f
  candidates_i/n2031 (net)                      1     0.002832            0.000000   0.981889 f
  candidates_i/U1385/C (NAND3X1)                                0.000000  0.000000   0.981889 f
  candidates_i/U1385/Y (NAND3X1)                                0.040713  0.029765   1.011655 r
  candidates_i/n2018 (net)                      1     0.003021            0.000000   1.011655 r
  candidates_i/U1378/A (NOR3X1)                                 0.040713  0.000000   1.011655 r
  candidates_i/U1378/Y (NOR3X1)                                 0.025640  0.041017   1.052672 f
  candidates_i/n2017 (net)                      1     0.001827            0.000000   1.052672 f
  candidates_i/U2915/B (AND2X1)                                 0.025640  0.000000   1.052672 f
  candidates_i/U2915/Y (AND2X1)                                 0.014290  0.043980   1.096652 f
  candidates_i/n831 (net)                       1     0.001476            0.000000   1.096652 f
  candidates_i/U2916/A (INVX1)                                  0.014290  0.000000   1.096652 f
  candidates_i/U2916/Y (INVX1)                                  0.150699  0.112642   1.209294 r
  candidates_i/n1990 (net)                     16     0.036225            0.000000   1.209294 r
  candidates_i/U2749/B (AND2X1)                                 0.150699  0.000000   1.209294 r
  candidates_i/U2749/Y (AND2X1)                                 0.014642  0.030154   1.239448 r
  candidates_i/n1994 (net)                      1     0.001551            0.000000   1.239448 r
  candidates_i/U2750/A (INVX1)                                  0.014642  0.000000   1.239448 r
  candidates_i/U2750/Y (INVX1)                                  0.011414  0.017008   1.256456 f
  candidates_i/n731 (net)                       1     0.002209            0.000000   1.256456 f
  candidates_i/U1343/A (NAND3X1)                                0.011414  0.000000   1.256456 f
  candidates_i/U1343/Y (NAND3X1)                                0.032783  0.034528   1.290985 r
  candidates_i/n1150 (net)                      1     0.001539            0.000000   1.290985 r
  candidates_i/U2748/A (BUFX2)                                  0.032783  0.000000   1.290985 r
  candidates_i/U2748/Y (BUFX2)                                  0.020257  0.042100   1.333084 r
  candidates_i/n730 (net)                       3     0.007035            0.000000   1.333084 r
  candidates_i/U2914/A (INVX1)                                  0.020257  0.000000   1.333084 r
  candidates_i/U2914/Y (INVX1)                                  0.123882  0.095906   1.428991 f
  candidates_i/n3210 (net)                     15     0.039942            0.000000   1.428991 f
  candidates_i/U657/A (AOI22X1)                                 0.123882  0.000000   1.428991 f
  candidates_i/U657/Y (AOI22X1)                                 0.039756  0.076728   1.505719 r
  candidates_i/n1174 (net)                      1     0.001869            0.000000   1.505719 r
  candidates_i/U76/B (AND2X2)                                   0.039756  0.000000   1.505719 r
  candidates_i/U76/Y (AND2X2)                                   0.011798  0.034500   1.540219 r
  candidates_i/n1172 (net)                      1     0.002961            0.000000   1.540219 r
  candidates_i/U656/C (NAND3X1)                                 0.011798  0.000000   1.540219 r
  candidates_i/U656/Y (NAND3X1)                                 0.016190  0.010761   1.550980 f
  candidates_i/n1169 (net)                      1     0.002342            0.000000   1.550980 f
  candidates_i/U1369/B (OR2X2)                                  0.016190  0.000000   1.550980 f
  candidates_i/U1369/Y (OR2X2)                                  0.004809  0.046484   1.597464 f
  candidates_i/n1078 (net)                      1     0.001476            0.000000   1.597464 f
  candidates_i/U1371/A (INVX1)                                  0.004809  0.000000   1.597464 f
  candidates_i/U1371/Y (INVX1)                                  0.000000  0.010342   1.607806 r
  candidates_i/n80 (net)                        2     0.005702            0.000000   1.607806 r
  candidates_i/U654/C (NAND3X1)                                 0.000000  0.000000   1.607806 r
  candidates_i/U654/Y (NAND3X1)                                 0.016156  0.007307   1.615113 f
  candidates_i/n1167 (net)                      1     0.001924            0.000000   1.615113 f
  candidates_i/U653/C (OAI21X1)                                 0.016156  0.000000   1.615113 f
  candidates_i/U653/Y (OAI21X1)                                 0.045560  0.022346   1.637458 r
  candidates_i/n1165 (net)                      1     0.002817            0.000000   1.637458 r
  candidates_i/U652/A (AOI22X1)                                 0.045560  0.000000   1.637458 r
  candidates_i/U652/Y (AOI22X1)                                 0.035654  0.040037   1.677495 f
  candidates_i/n1164 (net)                      1     0.002312            0.000000   1.677495 f
  candidates_i/U651/C (AOI21X1)                                 0.035654  0.000000   1.677495 f
  candidates_i/U651/Y (AOI21X1)                                 0.027785  0.025672   1.703166 r
  candidates_i/n1162 (net)                      1     0.002386            0.000000   1.703166 r
  candidates_i/U650/C (AOI21X1)                                 0.027785  0.000000   1.703166 r
  candidates_i/U650/Y (AOI21X1)                                 0.015011  0.017616   1.720782 f
  candidates_i/n1160 (net)                      1     0.002632            0.000000   1.720782 f
  candidates_i/U649/B (OAI21X1)                                 0.015011  0.000000   1.720782 f
  candidates_i/U649/Y (OAI21X1)                                 0.041918  0.040493   1.761274 r
  candidates_i/n1158 (net)                      1     0.002111            0.000000   1.761274 r
  candidates_i/U648/A (NAND2X1)                                 0.041918  0.000000   1.761274 r
  candidates_i/U648/Y (NAND2X1)                                 0.020639  0.018692   1.779966 f
  candidates_i/n1157 (net)                      1     0.001944            0.000000   1.779966 f
  candidates_i/U647/B (NAND2X1)                                 0.020639  0.000000   1.779966 f
  candidates_i/U647/Y (NAND2X1)                                 0.036723  0.017556   1.797522 r
  candidates_i/n1155 (net)                      1     0.002741            0.000000   1.797522 r
  candidates_i/U646/A (AOI21X1)                                 0.036723  0.000000   1.797522 r
  candidates_i/U646/Y (AOI21X1)                                 0.017841  0.022767   1.820289 f
  candidates_i/n1154 (net)                      1     0.002632            0.000000   1.820289 f
  candidates_i/U645/B (OAI21X1)                                 0.017841  0.000000   1.820289 f
  candidates_i/U645/Y (OAI21X1)                                 0.061327  0.054418   1.874707 r
  candidates_i/candidate_slots[8] (net)         3     0.006266            0.000000   1.874707 r
  candidates_i/candidate_slots[8] (mc_candidates_Q_DEPTH16_ROW_W8_COL_W6) 0.000000   1.874707 r
  candidate_slots[8] (net)                            0.006266            0.000000   1.874707 r
  frfcfs.scheduler_i/candidate_slots[8] (mc_scheduler_frfcfs_Q_DEPTH16_ADDR_W16_AGE_LIMIT128_AGING_ENABLE1)
                                                                          0.000000   1.874707 r
  frfcfs.scheduler_i/candidate_slots[8] (net)         0.006266            0.000000   1.874707 r
  frfcfs.scheduler_i/U1038/A (INVX1)                            0.061327  0.000000   1.874707 r
  frfcfs.scheduler_i/U1038/Y (INVX1)                            0.013934  0.033594   1.908301 f
  frfcfs.scheduler_i/n269 (net)                 2     0.004140            0.000000   1.908301 f
  frfcfs.scheduler_i/U51/B (AND2X1)                             0.013934  0.000000   1.908301 f
  frfcfs.scheduler_i/U51/Y (AND2X1)                             0.037226  0.058795   1.967095 f
  frfcfs.scheduler_i/n952 (net)                 4     0.009457            0.000000   1.967095 f
  frfcfs.scheduler_i/U528/A (NAND3X1)                           0.037226  0.000000   1.967095 f
  frfcfs.scheduler_i/U528/Y (NAND3X1)                           0.033609  0.043398   2.010494 r
  frfcfs.scheduler_i/n977 (net)                 1     0.001798            0.000000   2.010494 r
  frfcfs.scheduler_i/U928/A (AND2X2)                            0.033609  0.000000   2.010494 r
  frfcfs.scheduler_i/U928/Y (AND2X2)                            0.008264  0.032709   2.043203 r
  frfcfs.scheduler_i/n976 (net)                 1     0.001551            0.000000   2.043203 r
  frfcfs.scheduler_i/U929/A (INVX1)                             0.008264  0.000000   2.043203 r
  frfcfs.scheduler_i/U929/Y (INVX1)                             0.013128  0.016152   2.059355 f
  frfcfs.scheduler_i/n102 (net)                 1     0.002632            0.000000   2.059355 f
  frfcfs.scheduler_i/U524/B (OAI21X1)                           0.013128  0.000000   2.059355 f
  frfcfs.scheduler_i/U524/Y (OAI21X1)                           0.039206  0.038285   2.097640 r
  frfcfs.scheduler_i/n974 (net)                 1     0.001551            0.000000   2.097640 r
  frfcfs.scheduler_i/U987/A (INVX1)                             0.039206  0.000000   2.097640 r
  frfcfs.scheduler_i/U987/Y (INVX1)                             0.016800  0.028518   2.126157 f
  frfcfs.scheduler_i/n248 (net)                 2     0.004582            0.000000   2.126157 f
  frfcfs.scheduler_i/U511/A (AOI22X1)                           0.016800  0.000000   2.126157 f
  frfcfs.scheduler_i/U511/Y (AOI22X1)                           0.044327  0.047514   2.173672 r
  frfcfs.scheduler_i/n919 (net)                 1     0.001798            0.000000   2.173672 r
  frfcfs.scheduler_i/U50/A (AND2X2)                             0.044327  0.000000   2.173672 r
  frfcfs.scheduler_i/U50/Y (AND2X2)                             0.012059  0.035344   2.209016 r
  frfcfs.scheduler_i/n918 (net)                 1     0.002961            0.000000   2.209016 r
  frfcfs.scheduler_i/U485/C (NAND3X1)                           0.012059  0.000000   2.209016 r
  frfcfs.scheduler_i/U485/Y (NAND3X1)                           0.015997  0.010823   2.219838 f
  frfcfs.scheduler_i/n915 (net)                 1     0.002342            0.000000   2.219838 f
  frfcfs.scheduler_i/U140/B (OR2X2)                             0.015997  0.000000   2.219838 f
  frfcfs.scheduler_i/U140/Y (OR2X2)                             0.006514  0.047760   2.267598 f
  frfcfs.scheduler_i/n133 (net)                 1     0.002673            0.000000   2.267598 f
  frfcfs.scheduler_i/U141/A (INVX2)                             0.006514  0.000000   2.267598 f
  frfcfs.scheduler_i/U141/Y (INVX2)                             0.096080  0.069667   2.337265 r
  frfcfs.scheduler_i/n887 (net)                16     0.043876            0.000000   2.337265 r
  frfcfs.scheduler_i/U476/A (OAI21X1)                           0.096080  0.000000   2.337265 r
  frfcfs.scheduler_i/U476/Y (OAI21X1)                           0.009101  0.035930   2.373195 f
  frfcfs.scheduler_i/n906 (net)                 1     0.001476            0.000000   2.373195 f
  frfcfs.scheduler_i/U1047/A (INVX1)                            0.009101  0.000000   2.373195 f
  frfcfs.scheduler_i/U1047/Y (INVX1)                            0.210291  0.148904   2.522099 r
  frfcfs.scheduler_i/n224 (net)                17     0.047958            0.000000   2.522099 r
  frfcfs.scheduler_i/U395/A (AOI22X1)                           0.210291  0.000000   2.522099 r
  frfcfs.scheduler_i/U395/Y (AOI22X1)                           0.034092  0.071838   2.593937 f
  frfcfs.scheduler_i/n806 (net)                 1     0.001763            0.000000   2.593937 f
  frfcfs.scheduler_i/U34/A (AND2X2)                             0.034092  0.000000   2.593937 f
  frfcfs.scheduler_i/U34/Y (AND2X2)                             0.004683  0.039696   2.633632 f
  frfcfs.scheduler_i/n805 (net)                 1     0.002832            0.000000   2.633632 f
  frfcfs.scheduler_i/U393/C (NAND3X1)                           0.004683  0.000000   2.633632 f
  frfcfs.scheduler_i/U393/Y (NAND3X1)                           0.037240  0.028725   2.662358 r
  frfcfs.scheduler_i/n795 (net)                 1     0.002292            0.000000   2.662358 r
  frfcfs.scheduler_i/U32/A (OR2X2)                              0.037240  0.000000   2.662358 r
  frfcfs.scheduler_i/U32/Y (OR2X2)                              0.022359  0.047394   2.709752 r
  frfcfs.scheduler_i/n658 (net)                 3     0.007105            0.000000   2.709752 r
  frfcfs.scheduler_i/U297/A (NAND3X1)                           0.022359  0.000000   2.709752 r
  frfcfs.scheduler_i/U297/Y (NAND3X1)                           0.014938  0.018232   2.727984 f
  frfcfs.scheduler_i/n690 (net)                 1     0.001476            0.000000   2.727984 f
  frfcfs.scheduler_i/U178/A (INVX1)                             0.014938  0.000000   2.727984 f
  frfcfs.scheduler_i/U178/Y (INVX1)                             0.000000  0.000470   2.728454 r
  frfcfs.scheduler_i/n26 (net)                  1     0.001551            0.000000   2.728454 r
  frfcfs.scheduler_i/U179/A (INVX1)                             0.000000  0.000000   2.728454 r
  frfcfs.scheduler_i/U179/Y (INVX1)                             0.024468  0.021316   2.749770 f
  frfcfs.scheduler_i/n27 (net)                  2     0.006237            0.000000   2.749770 f
  frfcfs.scheduler_i/U291/A (NOR3X1)                            0.024468  0.000000   2.749770 f
  frfcfs.scheduler_i/U291/Y (NOR3X1)                            0.052289  0.051973   2.801743 r
  frfcfs.scheduler_i/n688 (net)                 1     0.002742            0.000000   2.801743 r
  frfcfs.scheduler_i/U290/A (OAI21X1)                           0.052289  0.000000   2.801743 r
  frfcfs.scheduler_i/U290/Y (OAI21X1)                           0.006913  0.025302   2.827045 f
  frfcfs.scheduler_i/n687 (net)                 1     0.001924            0.000000   2.827045 f
  frfcfs.scheduler_i/U289/C (OAI21X1)                           0.006913  0.000000   2.827045 f
  frfcfs.scheduler_i/U289/Y (OAI21X1)                           0.334217  0.213431   3.040475 r
  frfcfs.scheduler_i/select_slot[2] (net)      21     0.064782            0.000000   3.040475 r
  frfcfs.scheduler_i/select_slot[2] (mc_scheduler_frfcfs_Q_DEPTH16_ADDR_W16_AGE_LIMIT128_AGING_ENABLE1)
                                                                          0.000000   3.040475 r
  select_slot[2] (net)                                0.064782            0.000000   3.040475 r
  U1234/B (OR2X1)                                               0.334217  0.000000   3.040475 r
  U1234/Y (OR2X1)                                               0.017794  0.060088   3.100564 r
  n4343 (net)                                   1     0.001551            0.000000   3.100564 r
  U1235/A (INVX1)                                               0.017794  0.000000   3.100564 r
  U1235/Y (INVX1)                                               0.021224  0.024741   3.125305 f
  n732 (net)                                    3     0.005563            0.000000   3.125305 f
  U255/B (AND2X2)                                               0.021224  0.000000   3.125305 f
  U255/Y (AND2X2)                                               0.001461  0.040861   3.166166 f
  n741 (net)                                    2     0.002952            0.000000   3.166166 f
  U1262/A (INVX1)                                               0.001461  0.000000   3.166166 f
  U1262/Y (INVX1)                                               0.594556  0.389416   3.555582 r
  n746 (net)                                   48     0.122877            0.000000   3.555582 r
  U4988/B (OAI21X1)                                             0.594556  0.000000   3.555582 r
  U4988/Y (OAI21X1)                                             0.112799  0.129382   3.684964 f
  n4355 (net)                                   1     0.002313            0.000000   3.684964 f
  U1484/A (OR2X1)                                               0.112799  0.000000   3.684964 f
  U1484/Y (OR2X1)                                               0.015103  0.049448   3.734411 f
  n4360 (net)                                   1     0.003011            0.000000   3.734411 f
  U4992/A (NOR3X1)                                              0.015103  0.000000   3.734411 f
  U4992/Y (NOR3X1)                                              0.053374  0.050841   3.785252 r
  n4361 (net)                                   1     0.002798            0.000000   3.785252 r
  U4993/A (MUX2X1)                                              0.053374  0.000000   3.785252 r
  U4993/Y (MUX2X1)                                              0.090071  0.029904   3.815156 f
  n4363 (net)                                   1     0.001476            0.000000   3.815156 f
  U1298/A (INVX1)                                               0.090071  0.000000   3.815156 f
  U1298/Y (INVX1)                                               0.058682  0.074287   3.889443 r
  cmd_bank[0] (net)                             4     0.016185            0.000000   3.889443 r
  cmd_bank[0] (out)                                             0.058682  0.000000   3.889443 r
  data arrival time                                                                  3.889443

  clock core_clk (rise edge)                                              5.000000   5.000000
  clock network delay (ideal)                                             0.000000   5.000000
  clock uncertainty                                                       -0.100000  4.900000
  output external delay                                                   -1.000000  3.900000
  data required time                                                                 3.900000
  ----------------------------------------------------------------------------------------------
  data required time                                                                 3.900000
  data arrival time                                                                  -3.889443
  ----------------------------------------------------------------------------------------------
  slack (MET)                                                                        0.010557


  Startpoint: table_i/addresses_reg[80]
              (rising edge-triggered flip-flop clocked by core_clk)
  Endpoint: cmd_bank[1]
            (output port clocked by core_clk)
  Path Group: core_clk
  Path Type: max

  Point                                       Fanout       Cap     Trans      Incr       Path
  ----------------------------------------------------------------------------------------------
  clock core_clk (rise edge)                                              0.000000   0.000000
  clock network delay (ideal)                                             0.000000   0.000000
  table_i/addresses_reg[80]/CLK (DFFPOSX1)                      0.000000  0.000000 # 0.000000 r
  table_i/addresses_reg[80]/Q (DFFPOSX1)                        0.188646  0.179091   0.179091 r
  table_i/addresses[80] (net)                  33     0.078385            0.000000   0.179091 r
  table_i/addresses[80] (mc_transaction_table_Q_DEPTH16_ADDR_W16_DATA_W32_TAG_W8_READ_LATENCY3_AGE_LIMIT128)
                                                                          0.000000   0.179091 r
  addresses[80] (net)                                 0.078385            0.000000   0.179091 r
  candidates_i/addresses[80] (mc_candidates_Q_DEPTH16_ROW_W8_COL_W6)      0.000000   0.179091 r
  candidates_i/N1286 (net)                            0.078385            0.000000   0.179091 r
  candidates_i/U3034/A (INVX1)                                  0.188646  0.000000   0.179091 r
  candidates_i/U3034/Y (INVX1)                                  0.047725  0.096550   0.275641 f
  candidates_i/n840 (net)                       8     0.018192            0.000000   0.275641 f
  candidates_i/U2887/A (OR2X1)                                  0.047725  0.000000   0.275641 f
  candidates_i/U2887/Y (OR2X1)                                  0.005533  0.041346   0.316987 f
  candidates_i/n3464 (net)                      1     0.001476            0.000000   0.316987 f
  candidates_i/U2888/A (INVX1)                                  0.005533  0.000000   0.316987 f
  candidates_i/U2888/Y (INVX1)                                  0.217422  0.152394   0.469381 r
  candidates_i/n817 (net)                      17     0.049411            0.000000   0.469381 r
  candidates_i/U3840/D (AOI22X1)                                0.217422  0.000000   0.469381 r
  candidates_i/U3840/Y (AOI22X1)                                0.032705  0.068940   0.538321 f
  candidates_i/n3448 (net)                      1     0.001504            0.000000   0.538321 f
  candidates_i/U2188/A (BUFX2)                                  0.032705  0.000000   0.538321 f
  candidates_i/U2188/Y (BUFX2)                                  0.005893  0.037018   0.575339 f
  candidates_i/n203 (net)                       1     0.001827            0.000000   0.575339 f
  candidates_i/U59/B (AND2X1)                                   0.005893  0.000000   0.575339 f
  candidates_i/U59/Y (AND2X1)                                   0.015445  0.041557   0.616896 f
  candidates_i/N1725 (net)                      1     0.001476            0.000000   0.616896 f
  candidates_i/U2186/A (INVX1)                                  0.015445  0.000000   0.616896 f
  candidates_i/U2186/Y (INVX1)                                  0.000000  0.010907   0.627803 r
  candidates_i/n201 (net)                       2     0.004715            0.000000   0.627803 r
  candidates_i/U205/B (OR2X1)                                   0.000000  0.000000   0.627803 r
  candidates_i/U205/Y (OR2X1)                                   0.031431  0.054667   0.682471 r
  candidates_i/n2955 (net)                      2     0.004138            0.000000   0.682471 r
  candidates_i/U3562/B (NAND2X1)                                0.031431  0.000000   0.682471 r
  candidates_i/U3562/Y (NAND2X1)                                0.021608  0.020771   0.703241 f
  candidates_i/n2960 (net)                      1     0.002658            0.000000   0.703241 f
  candidates_i/U3566/A (AOI22X1)                                0.021608  0.000000   0.703241 f
  candidates_i/U3566/Y (AOI22X1)                                0.048950  0.052160   0.755401 r
  candidates_i/n2961 (net)                      1     0.002961            0.000000   0.755401 r
  candidates_i/U3567/C (NAND3X1)                                0.048950  0.000000   0.755401 r
  candidates_i/U3567/Y (NAND3X1)                                0.017777  0.020556   0.775957 f
  candidates_i/n2970 (net)                      1     0.003011            0.000000   0.775957 f
  candidates_i/U3572/A (NOR3X1)                                 0.017777  0.000000   0.775957 f
  candidates_i/U3572/Y (NOR3X1)                                 0.050934  0.049672   0.825629 r
  candidates_i/N1733 (net)                      1     0.002343            0.000000   0.825629 r
  candidates_i/U370/B (AND2X1)                                  0.050934  0.000000   0.825629 r
  candidates_i/U370/Y (AND2X1)                                  0.103699  0.088188   0.913817 r
  candidates_i/hit[5] (net)                     7     0.017941            0.000000   0.913817 r
  candidates_i/U1386/A (NAND3X1)                                0.103699  0.000000   0.913817 r
  candidates_i/U1386/Y (NAND3X1)                                0.013507  0.029455   0.943272 f
  candidates_i/n2033 (net)                      1     0.001820            0.000000   0.943272 f
  candidates_i/U204/B (AND2X2)                                  0.013507  0.000000   0.943272 f
  candidates_i/U204/Y (AND2X2)                                  0.000000  0.038617   0.981889 f
  candidates_i/n2031 (net)                      1     0.002832            0.000000   0.981889 f
  candidates_i/U1385/C (NAND3X1)                                0.000000  0.000000   0.981889 f
  candidates_i/U1385/Y (NAND3X1)                                0.040713  0.029765   1.011655 r
  candidates_i/n2018 (net)                      1     0.003021            0.000000   1.011655 r
  candidates_i/U1378/A (NOR3X1)                                 0.040713  0.000000   1.011655 r
  candidates_i/U1378/Y (NOR3X1)                                 0.025640  0.041017   1.052672 f
  candidates_i/n2017 (net)                      1     0.001827            0.000000   1.052672 f
  candidates_i/U2915/B (AND2X1)                                 0.025640  0.000000   1.052672 f
  candidates_i/U2915/Y (AND2X1)                                 0.014290  0.043980   1.096652 f
  candidates_i/n831 (net)                       1     0.001476            0.000000   1.096652 f
  candidates_i/U2916/A (INVX1)                                  0.014290  0.000000   1.096652 f
  candidates_i/U2916/Y (INVX1)                                  0.150699  0.112642   1.209294 r
  candidates_i/n1990 (net)                     16     0.036225            0.000000   1.209294 r
  candidates_i/U2749/B (AND2X1)                                 0.150699  0.000000   1.209294 r
  candidates_i/U2749/Y (AND2X1)                                 0.014642  0.030154   1.239448 r
  candidates_i/n1994 (net)                      1     0.001551            0.000000   1.239448 r
  candidates_i/U2750/A (INVX1)                                  0.014642  0.000000   1.239448 r
  candidates_i/U2750/Y (INVX1)                                  0.011414  0.017008   1.256456 f
  candidates_i/n731 (net)                       1     0.002209            0.000000   1.256456 f
  candidates_i/U1343/A (NAND3X1)                                0.011414  0.000000   1.256456 f
  candidates_i/U1343/Y (NAND3X1)                                0.032783  0.034528   1.290985 r
  candidates_i/n1150 (net)                      1     0.001539            0.000000   1.290985 r
  candidates_i/U2748/A (BUFX2)                                  0.032783  0.000000   1.290985 r
  candidates_i/U2748/Y (BUFX2)                                  0.020257  0.042100   1.333084 r
  candidates_i/n730 (net)                       3     0.007035            0.000000   1.333084 r
  candidates_i/U2914/A (INVX1)                                  0.020257  0.000000   1.333084 r
  candidates_i/U2914/Y (INVX1)                                  0.123882  0.095906   1.428991 f
  candidates_i/n3210 (net)                     15     0.039942            0.000000   1.428991 f
  candidates_i/U657/A (AOI22X1)                                 0.123882  0.000000   1.428991 f
  candidates_i/U657/Y (AOI22X1)                                 0.039756  0.076728   1.505719 r
  candidates_i/n1174 (net)                      1     0.001869            0.000000   1.505719 r
  candidates_i/U76/B (AND2X2)                                   0.039756  0.000000   1.505719 r
  candidates_i/U76/Y (AND2X2)                                   0.011798  0.034500   1.540219 r
  candidates_i/n1172 (net)                      1     0.002961            0.000000   1.540219 r
  candidates_i/U656/C (NAND3X1)                                 0.011798  0.000000   1.540219 r
  candidates_i/U656/Y (NAND3X1)                                 0.016190  0.010761   1.550980 f
  candidates_i/n1169 (net)                      1     0.002342            0.000000   1.550980 f
  candidates_i/U1369/B (OR2X2)                                  0.016190  0.000000   1.550980 f
  candidates_i/U1369/Y (OR2X2)                                  0.004809  0.046484   1.597464 f
  candidates_i/n1078 (net)                      1     0.001476            0.000000   1.597464 f
  candidates_i/U1371/A (INVX1)                                  0.004809  0.000000   1.597464 f
  candidates_i/U1371/Y (INVX1)                                  0.000000  0.010342   1.607806 r
  candidates_i/n80 (net)                        2     0.005702            0.000000   1.607806 r
  candidates_i/U654/C (NAND3X1)                                 0.000000  0.000000   1.607806 r
  candidates_i/U654/Y (NAND3X1)                                 0.016156  0.007307   1.615113 f
  candidates_i/n1167 (net)                      1     0.001924            0.000000   1.615113 f
  candidates_i/U653/C (OAI21X1)                                 0.016156  0.000000   1.615113 f
  candidates_i/U653/Y (OAI21X1)                                 0.045560  0.022346   1.637458 r
  candidates_i/n1165 (net)                      1     0.002817            0.000000   1.637458 r
  candidates_i/U652/A (AOI22X1)                                 0.045560  0.000000   1.637458 r
  candidates_i/U652/Y (AOI22X1)                                 0.035654  0.040037   1.677495 f
  candidates_i/n1164 (net)                      1     0.002312            0.000000   1.677495 f
  candidates_i/U651/C (AOI21X1)                                 0.035654  0.000000   1.677495 f
  candidates_i/U651/Y (AOI21X1)                                 0.027785  0.025672   1.703166 r
  candidates_i/n1162 (net)                      1     0.002386            0.000000   1.703166 r
  candidates_i/U650/C (AOI21X1)                                 0.027785  0.000000   1.703166 r
  candidates_i/U650/Y (AOI21X1)                                 0.015011  0.017616   1.720782 f
  candidates_i/n1160 (net)                      1     0.002632            0.000000   1.720782 f
  candidates_i/U649/B (OAI21X1)                                 0.015011  0.000000   1.720782 f
  candidates_i/U649/Y (OAI21X1)                                 0.041918  0.040493   1.761274 r
  candidates_i/n1158 (net)                      1     0.002111            0.000000   1.761274 r
  candidates_i/U648/A (NAND2X1)                                 0.041918  0.000000   1.761274 r
  candidates_i/U648/Y (NAND2X1)                                 0.020639  0.018692   1.779966 f
  candidates_i/n1157 (net)                      1     0.001944            0.000000   1.779966 f
  candidates_i/U647/B (NAND2X1)                                 0.020639  0.000000   1.779966 f
  candidates_i/U647/Y (NAND2X1)                                 0.036723  0.017556   1.797522 r
  candidates_i/n1155 (net)                      1     0.002741            0.000000   1.797522 r
  candidates_i/U646/A (AOI21X1)                                 0.036723  0.000000   1.797522 r
  candidates_i/U646/Y (AOI21X1)                                 0.017841  0.022767   1.820289 f
  candidates_i/n1154 (net)                      1     0.002632            0.000000   1.820289 f
  candidates_i/U645/B (OAI21X1)                                 0.017841  0.000000   1.820289 f
  candidates_i/U645/Y (OAI21X1)                                 0.061327  0.054418   1.874707 r
  candidates_i/candidate_slots[8] (net)         3     0.006266            0.000000   1.874707 r
  candidates_i/candidate_slots[8] (mc_candidates_Q_DEPTH16_ROW_W8_COL_W6) 0.000000   1.874707 r
  candidate_slots[8] (net)                            0.006266            0.000000   1.874707 r
  frfcfs.scheduler_i/candidate_slots[8] (mc_scheduler_frfcfs_Q_DEPTH16_ADDR_W16_AGE_LIMIT128_AGING_ENABLE1)
                                                                          0.000000   1.874707 r
  frfcfs.scheduler_i/candidate_slots[8] (net)         0.006266            0.000000   1.874707 r
  frfcfs.scheduler_i/U1038/A (INVX1)                            0.061327  0.000000   1.874707 r
  frfcfs.scheduler_i/U1038/Y (INVX1)                            0.013934  0.033594   1.908301 f
  frfcfs.scheduler_i/n269 (net)                 2     0.004140            0.000000   1.908301 f
  frfcfs.scheduler_i/U51/B (AND2X1)                             0.013934  0.000000   1.908301 f
  frfcfs.scheduler_i/U51/Y (AND2X1)                             0.037226  0.058795   1.967095 f
  frfcfs.scheduler_i/n952 (net)                 4     0.009457            0.000000   1.967095 f
  frfcfs.scheduler_i/U528/A (NAND3X1)                           0.037226  0.000000   1.967095 f
  frfcfs.scheduler_i/U528/Y (NAND3X1)                           0.033609  0.043398   2.010494 r
  frfcfs.scheduler_i/n977 (net)                 1     0.001798            0.000000   2.010494 r
  frfcfs.scheduler_i/U928/A (AND2X2)                            0.033609  0.000000   2.010494 r
  frfcfs.scheduler_i/U928/Y (AND2X2)                            0.008264  0.032709   2.043203 r
  frfcfs.scheduler_i/n976 (net)                 1     0.001551            0.000000   2.043203 r
  frfcfs.scheduler_i/U929/A (INVX1)                             0.008264  0.000000   2.043203 r
  frfcfs.scheduler_i/U929/Y (INVX1)                             0.013128  0.016152   2.059355 f
  frfcfs.scheduler_i/n102 (net)                 1     0.002632            0.000000   2.059355 f
  frfcfs.scheduler_i/U524/B (OAI21X1)                           0.013128  0.000000   2.059355 f
  frfcfs.scheduler_i/U524/Y (OAI21X1)                           0.039206  0.038285   2.097640 r
  frfcfs.scheduler_i/n974 (net)                 1     0.001551            0.000000   2.097640 r
  frfcfs.scheduler_i/U987/A (INVX1)                             0.039206  0.000000   2.097640 r
  frfcfs.scheduler_i/U987/Y (INVX1)                             0.016800  0.028518   2.126157 f
  frfcfs.scheduler_i/n248 (net)                 2     0.004582            0.000000   2.126157 f
  frfcfs.scheduler_i/U511/A (AOI22X1)                           0.016800  0.000000   2.126157 f
  frfcfs.scheduler_i/U511/Y (AOI22X1)                           0.044327  0.047514   2.173672 r
  frfcfs.scheduler_i/n919 (net)                 1     0.001798            0.000000   2.173672 r
  frfcfs.scheduler_i/U50/A (AND2X2)                             0.044327  0.000000   2.173672 r
  frfcfs.scheduler_i/U50/Y (AND2X2)                             0.012059  0.035344   2.209016 r
  frfcfs.scheduler_i/n918 (net)                 1     0.002961            0.000000   2.209016 r
  frfcfs.scheduler_i/U485/C (NAND3X1)                           0.012059  0.000000   2.209016 r
  frfcfs.scheduler_i/U485/Y (NAND3X1)                           0.015997  0.010823   2.219838 f
  frfcfs.scheduler_i/n915 (net)                 1     0.002342            0.000000   2.219838 f
  frfcfs.scheduler_i/U140/B (OR2X2)                             0.015997  0.000000   2.219838 f
  frfcfs.scheduler_i/U140/Y (OR2X2)                             0.006514  0.047760   2.267598 f
  frfcfs.scheduler_i/n133 (net)                 1     0.002673            0.000000   2.267598 f
  frfcfs.scheduler_i/U141/A (INVX2)                             0.006514  0.000000   2.267598 f
  frfcfs.scheduler_i/U141/Y (INVX2)                             0.096080  0.069667   2.337265 r
  frfcfs.scheduler_i/n887 (net)                16     0.043876            0.000000   2.337265 r
  frfcfs.scheduler_i/U476/A (OAI21X1)                           0.096080  0.000000   2.337265 r
  frfcfs.scheduler_i/U476/Y (OAI21X1)                           0.009101  0.035930   2.373195 f
  frfcfs.scheduler_i/n906 (net)                 1     0.001476            0.000000   2.373195 f
  frfcfs.scheduler_i/U1047/A (INVX1)                            0.009101  0.000000   2.373195 f
  frfcfs.scheduler_i/U1047/Y (INVX1)                            0.210291  0.148904   2.522099 r
  frfcfs.scheduler_i/n224 (net)                17     0.047958            0.000000   2.522099 r
  frfcfs.scheduler_i/U395/A (AOI22X1)                           0.210291  0.000000   2.522099 r
  frfcfs.scheduler_i/U395/Y (AOI22X1)                           0.034092  0.071838   2.593937 f
  frfcfs.scheduler_i/n806 (net)                 1     0.001763            0.000000   2.593937 f
  frfcfs.scheduler_i/U34/A (AND2X2)                             0.034092  0.000000   2.593937 f
  frfcfs.scheduler_i/U34/Y (AND2X2)                             0.004683  0.039696   2.633632 f
  frfcfs.scheduler_i/n805 (net)                 1     0.002832            0.000000   2.633632 f
  frfcfs.scheduler_i/U393/C (NAND3X1)                           0.004683  0.000000   2.633632 f
  frfcfs.scheduler_i/U393/Y (NAND3X1)                           0.037240  0.028725   2.662358 r
  frfcfs.scheduler_i/n795 (net)                 1     0.002292            0.000000   2.662358 r
  frfcfs.scheduler_i/U32/A (OR2X2)                              0.037240  0.000000   2.662358 r
  frfcfs.scheduler_i/U32/Y (OR2X2)                              0.022359  0.047394   2.709752 r
  frfcfs.scheduler_i/n658 (net)                 3     0.007105            0.000000   2.709752 r
  frfcfs.scheduler_i/U297/A (NAND3X1)                           0.022359  0.000000   2.709752 r
  frfcfs.scheduler_i/U297/Y (NAND3X1)                           0.014938  0.018232   2.727984 f
  frfcfs.scheduler_i/n690 (net)                 1     0.001476            0.000000   2.727984 f
  frfcfs.scheduler_i/U178/A (INVX1)                             0.014938  0.000000   2.727984 f
  frfcfs.scheduler_i/U178/Y (INVX1)                             0.000000  0.000470   2.728454 r
  frfcfs.scheduler_i/n26 (net)                  1     0.001551            0.000000   2.728454 r
  frfcfs.scheduler_i/U179/A (INVX1)                             0.000000  0.000000   2.728454 r
  frfcfs.scheduler_i/U179/Y (INVX1)                             0.024468  0.021316   2.749770 f
  frfcfs.scheduler_i/n27 (net)                  2     0.006237            0.000000   2.749770 f
  frfcfs.scheduler_i/U291/A (NOR3X1)                            0.024468  0.000000   2.749770 f
  frfcfs.scheduler_i/U291/Y (NOR3X1)                            0.052289  0.051973   2.801743 r
  frfcfs.scheduler_i/n688 (net)                 1     0.002742            0.000000   2.801743 r
  frfcfs.scheduler_i/U290/A (OAI21X1)                           0.052289  0.000000   2.801743 r
  frfcfs.scheduler_i/U290/Y (OAI21X1)                           0.006913  0.025302   2.827045 f
  frfcfs.scheduler_i/n687 (net)                 1     0.001924            0.000000   2.827045 f
  frfcfs.scheduler_i/U289/C (OAI21X1)                           0.006913  0.000000   2.827045 f
  frfcfs.scheduler_i/U289/Y (OAI21X1)                           0.334217  0.213431   3.040475 r
  frfcfs.scheduler_i/select_slot[2] (net)      21     0.064782            0.000000   3.040475 r
  frfcfs.scheduler_i/select_slot[2] (mc_scheduler_frfcfs_Q_DEPTH16_ADDR_W16_AGE_LIMIT128_AGING_ENABLE1)
                                                                          0.000000   3.040475 r
  select_slot[2] (net)                                0.064782            0.000000   3.040475 r
  U1234/B (OR2X1)                                               0.334217  0.000000   3.040475 r
  U1234/Y (OR2X1)                                               0.017794  0.060088   3.100564 r
  n4343 (net)                                   1     0.001551            0.000000   3.100564 r
  U1235/A (INVX1)                                               0.017794  0.000000   3.100564 r
  U1235/Y (INVX1)                                               0.021224  0.024741   3.125305 f
  n732 (net)                                    3     0.005563            0.000000   3.125305 f
  U255/B (AND2X2)                                               0.021224  0.000000   3.125305 f
  U255/Y (AND2X2)                                               0.001461  0.040861   3.166166 f
  n741 (net)                                    2     0.002952            0.000000   3.166166 f
  U1261/A (INVX1)                                               0.001461  0.000000   3.166166 f
  U1261/Y (INVX1)                                               0.594556  0.389416   3.555582 r
  n747 (net)                                   48     0.122877            0.000000   3.555582 r
  U5065/B (OAI21X1)                                             0.594556  0.000000   3.555582 r
  U5065/Y (OAI21X1)                                             0.112799  0.129382   3.684964 f
  n4502 (net)                                   1     0.002313            0.000000   3.684964 f
  U1344/A (OR2X1)                                               0.112799  0.000000   3.684964 f
  U1344/Y (OR2X1)                                               0.014839  0.049448   3.734411 f
  n4507 (net)                                   1     0.003011            0.000000   3.734411 f
  U5069/A (NOR3X1)                                              0.014839  0.000000   3.734411 f
  U5069/Y (NOR3X1)                                              0.053396  0.050803   3.785215 r
  n4508 (net)                                   1     0.002798            0.000000   3.785215 r
  U5070/A (MUX2X1)                                              0.053396  0.000000   3.785215 r
  U5070/Y (MUX2X1)                                              0.090071  0.029909   3.815124 f
  n4510 (net)                                   1     0.001476            0.000000   3.815124 f
  U1272/A (INVX1)                                               0.090071  0.000000   3.815124 f
  U1272/Y (INVX1)                                               0.058425  0.074122   3.889246 r
  cmd_bank[1] (net)                             4     0.016134            0.000000   3.889246 r
  cmd_bank[1] (out)                                             0.058425  0.000000   3.889246 r
  data arrival time                                                                  3.889246

  clock core_clk (rise edge)                                              5.000000   5.000000
  clock network delay (ideal)                                             0.000000   5.000000
  clock uncertainty                                                       -0.100000  4.900000
  output external delay                                                   -1.000000  3.900000
  data required time                                                                 3.900000
  ----------------------------------------------------------------------------------------------
  data required time                                                                 3.900000
  data arrival time                                                                  -3.889246
  ----------------------------------------------------------------------------------------------
  slack (MET)                                                                        0.010755


  Startpoint: table_i/addresses_reg[80]
              (rising edge-triggered flip-flop clocked by core_clk)
  Endpoint: cmd_row[0] (output port clocked by core_clk)
  Path Group: core_clk
  Path Type: max

  Point                                       Fanout       Cap     Trans      Incr       Path
  ----------------------------------------------------------------------------------------------
  clock core_clk (rise edge)                                              0.000000   0.000000
  clock network delay (ideal)                                             0.000000   0.000000
  table_i/addresses_reg[80]/CLK (DFFPOSX1)                      0.000000  0.000000 # 0.000000 r
  table_i/addresses_reg[80]/Q (DFFPOSX1)                        0.188646  0.179091   0.179091 r
  table_i/addresses[80] (net)                  33     0.078385            0.000000   0.179091 r
  table_i/addresses[80] (mc_transaction_table_Q_DEPTH16_ADDR_W16_DATA_W32_TAG_W8_READ_LATENCY3_AGE_LIMIT128)
                                                                          0.000000   0.179091 r
  addresses[80] (net)                                 0.078385            0.000000   0.179091 r
  candidates_i/addresses[80] (mc_candidates_Q_DEPTH16_ROW_W8_COL_W6)      0.000000   0.179091 r
  candidates_i/N1286 (net)                            0.078385            0.000000   0.179091 r
  candidates_i/U3034/A (INVX1)                                  0.188646  0.000000   0.179091 r
  candidates_i/U3034/Y (INVX1)                                  0.047725  0.096550   0.275641 f
  candidates_i/n840 (net)                       8     0.018192            0.000000   0.275641 f
  candidates_i/U2887/A (OR2X1)                                  0.047725  0.000000   0.275641 f
  candidates_i/U2887/Y (OR2X1)                                  0.005533  0.041346   0.316987 f
  candidates_i/n3464 (net)                      1     0.001476            0.000000   0.316987 f
  candidates_i/U2888/A (INVX1)                                  0.005533  0.000000   0.316987 f
  candidates_i/U2888/Y (INVX1)                                  0.217422  0.152394   0.469381 r
  candidates_i/n817 (net)                      17     0.049411            0.000000   0.469381 r
  candidates_i/U3840/D (AOI22X1)                                0.217422  0.000000   0.469381 r
  candidates_i/U3840/Y (AOI22X1)                                0.032705  0.068940   0.538321 f
  candidates_i/n3448 (net)                      1     0.001504            0.000000   0.538321 f
  candidates_i/U2188/A (BUFX2)                                  0.032705  0.000000   0.538321 f
  candidates_i/U2188/Y (BUFX2)                                  0.005893  0.037018   0.575339 f
  candidates_i/n203 (net)                       1     0.001827            0.000000   0.575339 f
  candidates_i/U59/B (AND2X1)                                   0.005893  0.000000   0.575339 f
  candidates_i/U59/Y (AND2X1)                                   0.015445  0.041557   0.616896 f
  candidates_i/N1725 (net)                      1     0.001476            0.000000   0.616896 f
  candidates_i/U2186/A (INVX1)                                  0.015445  0.000000   0.616896 f
  candidates_i/U2186/Y (INVX1)                                  0.000000  0.010907   0.627803 r
  candidates_i/n201 (net)                       2     0.004715            0.000000   0.627803 r
  candidates_i/U205/B (OR2X1)                                   0.000000  0.000000   0.627803 r
  candidates_i/U205/Y (OR2X1)                                   0.031431  0.054667   0.682471 r
  candidates_i/n2955 (net)                      2     0.004138            0.000000   0.682471 r
  candidates_i/U3562/B (NAND2X1)                                0.031431  0.000000   0.682471 r
  candidates_i/U3562/Y (NAND2X1)                                0.021608  0.020771   0.703241 f
  candidates_i/n2960 (net)                      1     0.002658            0.000000   0.703241 f
  candidates_i/U3566/A (AOI22X1)                                0.021608  0.000000   0.703241 f
  candidates_i/U3566/Y (AOI22X1)                                0.048950  0.052160   0.755401 r
  candidates_i/n2961 (net)                      1     0.002961            0.000000   0.755401 r
  candidates_i/U3567/C (NAND3X1)                                0.048950  0.000000   0.755401 r
  candidates_i/U3567/Y (NAND3X1)                                0.017777  0.020556   0.775957 f
  candidates_i/n2970 (net)                      1     0.003011            0.000000   0.775957 f
  candidates_i/U3572/A (NOR3X1)                                 0.017777  0.000000   0.775957 f
  candidates_i/U3572/Y (NOR3X1)                                 0.050934  0.049672   0.825629 r
  candidates_i/N1733 (net)                      1     0.002343            0.000000   0.825629 r
  candidates_i/U370/B (AND2X1)                                  0.050934  0.000000   0.825629 r
  candidates_i/U370/Y (AND2X1)                                  0.103699  0.088188   0.913817 r
  candidates_i/hit[5] (net)                     7     0.017941            0.000000   0.913817 r
  candidates_i/U1386/A (NAND3X1)                                0.103699  0.000000   0.913817 r
  candidates_i/U1386/Y (NAND3X1)                                0.013507  0.029455   0.943272 f
  candidates_i/n2033 (net)                      1     0.001820            0.000000   0.943272 f
  candidates_i/U204/B (AND2X2)                                  0.013507  0.000000   0.943272 f
  candidates_i/U204/Y (AND2X2)                                  0.000000  0.038617   0.981889 f
  candidates_i/n2031 (net)                      1     0.002832            0.000000   0.981889 f
  candidates_i/U1385/C (NAND3X1)                                0.000000  0.000000   0.981889 f
  candidates_i/U1385/Y (NAND3X1)                                0.040713  0.029765   1.011655 r
  candidates_i/n2018 (net)                      1     0.003021            0.000000   1.011655 r
  candidates_i/U1378/A (NOR3X1)                                 0.040713  0.000000   1.011655 r
  candidates_i/U1378/Y (NOR3X1)                                 0.025640  0.041017   1.052672 f
  candidates_i/n2017 (net)                      1     0.001827            0.000000   1.052672 f
  candidates_i/U2915/B (AND2X1)                                 0.025640  0.000000   1.052672 f
  candidates_i/U2915/Y (AND2X1)                                 0.014290  0.043980   1.096652 f
  candidates_i/n831 (net)                       1     0.001476            0.000000   1.096652 f
  candidates_i/U2916/A (INVX1)                                  0.014290  0.000000   1.096652 f
  candidates_i/U2916/Y (INVX1)                                  0.150699  0.112642   1.209294 r
  candidates_i/n1990 (net)                     16     0.036225            0.000000   1.209294 r
  candidates_i/U2749/B (AND2X1)                                 0.150699  0.000000   1.209294 r
  candidates_i/U2749/Y (AND2X1)                                 0.014642  0.030154   1.239448 r
  candidates_i/n1994 (net)                      1     0.001551            0.000000   1.239448 r
  candidates_i/U2750/A (INVX1)                                  0.014642  0.000000   1.239448 r
  candidates_i/U2750/Y (INVX1)                                  0.011414  0.017008   1.256456 f
  candidates_i/n731 (net)                       1     0.002209            0.000000   1.256456 f
  candidates_i/U1343/A (NAND3X1)                                0.011414  0.000000   1.256456 f
  candidates_i/U1343/Y (NAND3X1)                                0.032783  0.034528   1.290985 r
  candidates_i/n1150 (net)                      1     0.001539            0.000000   1.290985 r
  candidates_i/U2748/A (BUFX2)                                  0.032783  0.000000   1.290985 r
  candidates_i/U2748/Y (BUFX2)                                  0.020257  0.042100   1.333084 r
  candidates_i/n730 (net)                       3     0.007035            0.000000   1.333084 r
  candidates_i/U2914/A (INVX1)                                  0.020257  0.000000   1.333084 r
  candidates_i/U2914/Y (INVX1)                                  0.123882  0.095906   1.428991 f
  candidates_i/n3210 (net)                     15     0.039942            0.000000   1.428991 f
  candidates_i/U657/A (AOI22X1)                                 0.123882  0.000000   1.428991 f
  candidates_i/U657/Y (AOI22X1)                                 0.039756  0.076728   1.505719 r
  candidates_i/n1174 (net)                      1     0.001869            0.000000   1.505719 r
  candidates_i/U76/B (AND2X2)                                   0.039756  0.000000   1.505719 r
  candidates_i/U76/Y (AND2X2)                                   0.011798  0.034500   1.540219 r
  candidates_i/n1172 (net)                      1     0.002961            0.000000   1.540219 r
  candidates_i/U656/C (NAND3X1)                                 0.011798  0.000000   1.540219 r
  candidates_i/U656/Y (NAND3X1)                                 0.016190  0.010761   1.550980 f
  candidates_i/n1169 (net)                      1     0.002342            0.000000   1.550980 f
  candidates_i/U1369/B (OR2X2)                                  0.016190  0.000000   1.550980 f
  candidates_i/U1369/Y (OR2X2)                                  0.004809  0.046484   1.597464 f
  candidates_i/n1078 (net)                      1     0.001476            0.000000   1.597464 f
  candidates_i/U1371/A (INVX1)                                  0.004809  0.000000   1.597464 f
  candidates_i/U1371/Y (INVX1)                                  0.000000  0.010342   1.607806 r
  candidates_i/n80 (net)                        2     0.005702            0.000000   1.607806 r
  candidates_i/U654/C (NAND3X1)                                 0.000000  0.000000   1.607806 r
  candidates_i/U654/Y (NAND3X1)                                 0.016156  0.007307   1.615113 f
  candidates_i/n1167 (net)                      1     0.001924            0.000000   1.615113 f
  candidates_i/U653/C (OAI21X1)                                 0.016156  0.000000   1.615113 f
  candidates_i/U653/Y (OAI21X1)                                 0.045560  0.022346   1.637458 r
  candidates_i/n1165 (net)                      1     0.002817            0.000000   1.637458 r
  candidates_i/U652/A (AOI22X1)                                 0.045560  0.000000   1.637458 r
  candidates_i/U652/Y (AOI22X1)                                 0.035654  0.040037   1.677495 f
  candidates_i/n1164 (net)                      1     0.002312            0.000000   1.677495 f
  candidates_i/U651/C (AOI21X1)                                 0.035654  0.000000   1.677495 f
  candidates_i/U651/Y (AOI21X1)                                 0.027785  0.025672   1.703166 r
  candidates_i/n1162 (net)                      1     0.002386            0.000000   1.703166 r
  candidates_i/U650/C (AOI21X1)                                 0.027785  0.000000   1.703166 r
  candidates_i/U650/Y (AOI21X1)                                 0.015011  0.017616   1.720782 f
  candidates_i/n1160 (net)                      1     0.002632            0.000000   1.720782 f
  candidates_i/U649/B (OAI21X1)                                 0.015011  0.000000   1.720782 f
  candidates_i/U649/Y (OAI21X1)                                 0.041918  0.040493   1.761274 r
  candidates_i/n1158 (net)                      1     0.002111            0.000000   1.761274 r
  candidates_i/U648/A (NAND2X1)                                 0.041918  0.000000   1.761274 r
  candidates_i/U648/Y (NAND2X1)                                 0.020639  0.018692   1.779966 f
  candidates_i/n1157 (net)                      1     0.001944            0.000000   1.779966 f
  candidates_i/U647/B (NAND2X1)                                 0.020639  0.000000   1.779966 f
  candidates_i/U647/Y (NAND2X1)                                 0.036723  0.017556   1.797522 r
  candidates_i/n1155 (net)                      1     0.002741            0.000000   1.797522 r
  candidates_i/U646/A (AOI21X1)                                 0.036723  0.000000   1.797522 r
  candidates_i/U646/Y (AOI21X1)                                 0.017841  0.022767   1.820289 f
  candidates_i/n1154 (net)                      1     0.002632            0.000000   1.820289 f
  candidates_i/U645/B (OAI21X1)                                 0.017841  0.000000   1.820289 f
  candidates_i/U645/Y (OAI21X1)                                 0.061327  0.054418   1.874707 r
  candidates_i/candidate_slots[8] (net)         3     0.006266            0.000000   1.874707 r
  candidates_i/candidate_slots[8] (mc_candidates_Q_DEPTH16_ROW_W8_COL_W6) 0.000000   1.874707 r
  candidate_slots[8] (net)                            0.006266            0.000000   1.874707 r
  frfcfs.scheduler_i/candidate_slots[8] (mc_scheduler_frfcfs_Q_DEPTH16_ADDR_W16_AGE_LIMIT128_AGING_ENABLE1)
                                                                          0.000000   1.874707 r
  frfcfs.scheduler_i/candidate_slots[8] (net)         0.006266            0.000000   1.874707 r
  frfcfs.scheduler_i/U1038/A (INVX1)                            0.061327  0.000000   1.874707 r
  frfcfs.scheduler_i/U1038/Y (INVX1)                            0.013934  0.033594   1.908301 f
  frfcfs.scheduler_i/n269 (net)                 2     0.004140            0.000000   1.908301 f
  frfcfs.scheduler_i/U51/B (AND2X1)                             0.013934  0.000000   1.908301 f
  frfcfs.scheduler_i/U51/Y (AND2X1)                             0.037226  0.058795   1.967095 f
  frfcfs.scheduler_i/n952 (net)                 4     0.009457            0.000000   1.967095 f
  frfcfs.scheduler_i/U528/A (NAND3X1)                           0.037226  0.000000   1.967095 f
  frfcfs.scheduler_i/U528/Y (NAND3X1)                           0.033609  0.043398   2.010494 r
  frfcfs.scheduler_i/n977 (net)                 1     0.001798            0.000000   2.010494 r
  frfcfs.scheduler_i/U928/A (AND2X2)                            0.033609  0.000000   2.010494 r
  frfcfs.scheduler_i/U928/Y (AND2X2)                            0.008264  0.032709   2.043203 r
  frfcfs.scheduler_i/n976 (net)                 1     0.001551            0.000000   2.043203 r
  frfcfs.scheduler_i/U929/A (INVX1)                             0.008264  0.000000   2.043203 r
  frfcfs.scheduler_i/U929/Y (INVX1)                             0.013128  0.016152   2.059355 f
  frfcfs.scheduler_i/n102 (net)                 1     0.002632            0.000000   2.059355 f
  frfcfs.scheduler_i/U524/B (OAI21X1)                           0.013128  0.000000   2.059355 f
  frfcfs.scheduler_i/U524/Y (OAI21X1)                           0.039206  0.038285   2.097640 r
  frfcfs.scheduler_i/n974 (net)                 1     0.001551            0.000000   2.097640 r
  frfcfs.scheduler_i/U987/A (INVX1)                             0.039206  0.000000   2.097640 r
  frfcfs.scheduler_i/U987/Y (INVX1)                             0.016800  0.028518   2.126157 f
  frfcfs.scheduler_i/n248 (net)                 2     0.004582            0.000000   2.126157 f
  frfcfs.scheduler_i/U511/A (AOI22X1)                           0.016800  0.000000   2.126157 f
  frfcfs.scheduler_i/U511/Y (AOI22X1)                           0.044327  0.047514   2.173672 r
  frfcfs.scheduler_i/n919 (net)                 1     0.001798            0.000000   2.173672 r
  frfcfs.scheduler_i/U50/A (AND2X2)                             0.044327  0.000000   2.173672 r
  frfcfs.scheduler_i/U50/Y (AND2X2)                             0.012059  0.035344   2.209016 r
  frfcfs.scheduler_i/n918 (net)                 1     0.002961            0.000000   2.209016 r
  frfcfs.scheduler_i/U485/C (NAND3X1)                           0.012059  0.000000   2.209016 r
  frfcfs.scheduler_i/U485/Y (NAND3X1)                           0.015997  0.010823   2.219838 f
  frfcfs.scheduler_i/n915 (net)                 1     0.002342            0.000000   2.219838 f
  frfcfs.scheduler_i/U140/B (OR2X2)                             0.015997  0.000000   2.219838 f
  frfcfs.scheduler_i/U140/Y (OR2X2)                             0.006514  0.047760   2.267598 f
  frfcfs.scheduler_i/n133 (net)                 1     0.002673            0.000000   2.267598 f
  frfcfs.scheduler_i/U141/A (INVX2)                             0.006514  0.000000   2.267598 f
  frfcfs.scheduler_i/U141/Y (INVX2)                             0.096080  0.069667   2.337265 r
  frfcfs.scheduler_i/n887 (net)                16     0.043876            0.000000   2.337265 r
  frfcfs.scheduler_i/U476/A (OAI21X1)                           0.096080  0.000000   2.337265 r
  frfcfs.scheduler_i/U476/Y (OAI21X1)                           0.009101  0.035930   2.373195 f
  frfcfs.scheduler_i/n906 (net)                 1     0.001476            0.000000   2.373195 f
  frfcfs.scheduler_i/U1047/A (INVX1)                            0.009101  0.000000   2.373195 f
  frfcfs.scheduler_i/U1047/Y (INVX1)                            0.210291  0.148904   2.522099 r
  frfcfs.scheduler_i/n224 (net)                17     0.047958            0.000000   2.522099 r
  frfcfs.scheduler_i/U395/A (AOI22X1)                           0.210291  0.000000   2.522099 r
  frfcfs.scheduler_i/U395/Y (AOI22X1)                           0.034092  0.071838   2.593937 f
  frfcfs.scheduler_i/n806 (net)                 1     0.001763            0.000000   2.593937 f
  frfcfs.scheduler_i/U34/A (AND2X2)                             0.034092  0.000000   2.593937 f
  frfcfs.scheduler_i/U34/Y (AND2X2)                             0.004683  0.039696   2.633632 f
  frfcfs.scheduler_i/n805 (net)                 1     0.002832            0.000000   2.633632 f
  frfcfs.scheduler_i/U393/C (NAND3X1)                           0.004683  0.000000   2.633632 f
  frfcfs.scheduler_i/U393/Y (NAND3X1)                           0.037240  0.028725   2.662358 r
  frfcfs.scheduler_i/n795 (net)                 1     0.002292            0.000000   2.662358 r
  frfcfs.scheduler_i/U32/A (OR2X2)                              0.037240  0.000000   2.662358 r
  frfcfs.scheduler_i/U32/Y (OR2X2)                              0.022359  0.047394   2.709752 r
  frfcfs.scheduler_i/n658 (net)                 3     0.007105            0.000000   2.709752 r
  frfcfs.scheduler_i/U297/A (NAND3X1)                           0.022359  0.000000   2.709752 r
  frfcfs.scheduler_i/U297/Y (NAND3X1)                           0.014938  0.018232   2.727984 f
  frfcfs.scheduler_i/n690 (net)                 1     0.001476            0.000000   2.727984 f
  frfcfs.scheduler_i/U178/A (INVX1)                             0.014938  0.000000   2.727984 f
  frfcfs.scheduler_i/U178/Y (INVX1)                             0.000000  0.000470   2.728454 r
  frfcfs.scheduler_i/n26 (net)                  1     0.001551            0.000000   2.728454 r
  frfcfs.scheduler_i/U179/A (INVX1)                             0.000000  0.000000   2.728454 r
  frfcfs.scheduler_i/U179/Y (INVX1)                             0.024468  0.021316   2.749770 f
  frfcfs.scheduler_i/n27 (net)                  2     0.006237            0.000000   2.749770 f
  frfcfs.scheduler_i/U291/A (NOR3X1)                            0.024468  0.000000   2.749770 f
  frfcfs.scheduler_i/U291/Y (NOR3X1)                            0.052289  0.051973   2.801743 r
  frfcfs.scheduler_i/n688 (net)                 1     0.002742            0.000000   2.801743 r
  frfcfs.scheduler_i/U290/A (OAI21X1)                           0.052289  0.000000   2.801743 r
  frfcfs.scheduler_i/U290/Y (OAI21X1)                           0.006913  0.025302   2.827045 f
  frfcfs.scheduler_i/n687 (net)                 1     0.001924            0.000000   2.827045 f
  frfcfs.scheduler_i/U289/C (OAI21X1)                           0.006913  0.000000   2.827045 f
  frfcfs.scheduler_i/U289/Y (OAI21X1)                           0.334217  0.213431   3.040475 r
  frfcfs.scheduler_i/select_slot[2] (net)      21     0.064782            0.000000   3.040475 r
  frfcfs.scheduler_i/select_slot[2] (mc_scheduler_frfcfs_Q_DEPTH16_ADDR_W16_AGE_LIMIT128_AGING_ENABLE1)
                                                                          0.000000   3.040475 r
  select_slot[2] (net)                                0.064782            0.000000   3.040475 r
  U1234/B (OR2X1)                                               0.334217  0.000000   3.040475 r
  U1234/Y (OR2X1)                                               0.017794  0.060088   3.100564 r
  n4343 (net)                                   1     0.001551            0.000000   3.100564 r
  U1235/A (INVX1)                                               0.017794  0.000000   3.100564 r
  U1235/Y (INVX1)                                               0.021224  0.024741   3.125305 f
  n732 (net)                                    3     0.005563            0.000000   3.125305 f
  U255/B (AND2X2)                                               0.021224  0.000000   3.125305 f
  U255/Y (AND2X2)                                               0.001461  0.040861   3.166166 f
  n741 (net)                                    2     0.002952            0.000000   3.166166 f
  U1262/A (INVX1)                                               0.001461  0.000000   3.166166 f
  U1262/Y (INVX1)                                               0.594556  0.389416   3.555582 r
  n746 (net)                                   48     0.122877            0.000000   3.555582 r
  U5142/B (OAI21X1)                                             0.594556  0.000000   3.555582 r
  U5142/Y (OAI21X1)                                             0.112799  0.129382   3.684964 f
  n4649 (net)                                   1     0.002313            0.000000   3.684964 f
  U1347/A (OR2X1)                                               0.112799  0.000000   3.684964 f
  U1347/Y (OR2X1)                                               0.014625  0.049448   3.734411 f
  n4654 (net)                                   1     0.003011            0.000000   3.734411 f
  U5146/A (NOR3X1)                                              0.014625  0.000000   3.734411 f
  U5146/Y (NOR3X1)                                              0.053415  0.050773   3.785185 r
  n4655 (net)                                   1     0.002798            0.000000   3.785185 r
  U5147/A (MUX2X1)                                              0.053415  0.000000   3.785185 r
  U5147/Y (MUX2X1)                                              0.090071  0.029913   3.815098 f
  n4657 (net)                                   1     0.001476            0.000000   3.815098 f
  U1273/A (INVX1)                                               0.090071  0.000000   3.815098 f
  U1273/Y (INVX1)                                               0.035499  0.059360   3.874458 r
  cmd_row[0] (net)                              2     0.011551            0.000000   3.874458 r
  cmd_row[0] (out)                                              0.035499  0.000000   3.874458 r
  data arrival time                                                                  3.874458

  clock core_clk (rise edge)                                              5.000000   5.000000
  clock network delay (ideal)                                             0.000000   5.000000
  clock uncertainty                                                       -0.100000  4.900000
  output external delay                                                   -1.000000  3.900000
  data required time                                                                 3.900000
  ----------------------------------------------------------------------------------------------
  data required time                                                                 3.900000
  data arrival time                                                                  -3.874458
  ----------------------------------------------------------------------------------------------
  slack (MET)                                                                        0.025542


  Startpoint: table_i/addresses_reg[80]
              (rising edge-triggered flip-flop clocked by core_clk)
  Endpoint: cmd_row[7] (output port clocked by core_clk)
  Path Group: core_clk
  Path Type: max

  Point                                       Fanout       Cap     Trans      Incr       Path
  ----------------------------------------------------------------------------------------------
  clock core_clk (rise edge)                                              0.000000   0.000000
  clock network delay (ideal)                                             0.000000   0.000000
  table_i/addresses_reg[80]/CLK (DFFPOSX1)                      0.000000  0.000000 # 0.000000 r
  table_i/addresses_reg[80]/Q (DFFPOSX1)                        0.188646  0.179091   0.179091 r
  table_i/addresses[80] (net)                  33     0.078385            0.000000   0.179091 r
  table_i/addresses[80] (mc_transaction_table_Q_DEPTH16_ADDR_W16_DATA_W32_TAG_W8_READ_LATENCY3_AGE_LIMIT128)
                                                                          0.000000   0.179091 r
  addresses[80] (net)                                 0.078385            0.000000   0.179091 r
  candidates_i/addresses[80] (mc_candidates_Q_DEPTH16_ROW_W8_COL_W6)      0.000000   0.179091 r
  candidates_i/N1286 (net)                            0.078385            0.000000   0.179091 r
  candidates_i/U3034/A (INVX1)                                  0.188646  0.000000   0.179091 r
  candidates_i/U3034/Y (INVX1)                                  0.047725  0.096550   0.275641 f
  candidates_i/n840 (net)                       8     0.018192            0.000000   0.275641 f
  candidates_i/U2887/A (OR2X1)                                  0.047725  0.000000   0.275641 f
  candidates_i/U2887/Y (OR2X1)                                  0.005533  0.041346   0.316987 f
  candidates_i/n3464 (net)                      1     0.001476            0.000000   0.316987 f
  candidates_i/U2888/A (INVX1)                                  0.005533  0.000000   0.316987 f
  candidates_i/U2888/Y (INVX1)                                  0.217422  0.152394   0.469381 r
  candidates_i/n817 (net)                      17     0.049411            0.000000   0.469381 r
  candidates_i/U3840/D (AOI22X1)                                0.217422  0.000000   0.469381 r
  candidates_i/U3840/Y (AOI22X1)                                0.032705  0.068940   0.538321 f
  candidates_i/n3448 (net)                      1     0.001504            0.000000   0.538321 f
  candidates_i/U2188/A (BUFX2)                                  0.032705  0.000000   0.538321 f
  candidates_i/U2188/Y (BUFX2)                                  0.005893  0.037018   0.575339 f
  candidates_i/n203 (net)                       1     0.001827            0.000000   0.575339 f
  candidates_i/U59/B (AND2X1)                                   0.005893  0.000000   0.575339 f
  candidates_i/U59/Y (AND2X1)                                   0.015445  0.041557   0.616896 f
  candidates_i/N1725 (net)                      1     0.001476            0.000000   0.616896 f
  candidates_i/U2186/A (INVX1)                                  0.015445  0.000000   0.616896 f
  candidates_i/U2186/Y (INVX1)                                  0.000000  0.010907   0.627803 r
  candidates_i/n201 (net)                       2     0.004715            0.000000   0.627803 r
  candidates_i/U205/B (OR2X1)                                   0.000000  0.000000   0.627803 r
  candidates_i/U205/Y (OR2X1)                                   0.031431  0.054667   0.682471 r
  candidates_i/n2955 (net)                      2     0.004138            0.000000   0.682471 r
  candidates_i/U3562/B (NAND2X1)                                0.031431  0.000000   0.682471 r
  candidates_i/U3562/Y (NAND2X1)                                0.021608  0.020771   0.703241 f
  candidates_i/n2960 (net)                      1     0.002658            0.000000   0.703241 f
  candidates_i/U3566/A (AOI22X1)                                0.021608  0.000000   0.703241 f
  candidates_i/U3566/Y (AOI22X1)                                0.048950  0.052160   0.755401 r
  candidates_i/n2961 (net)                      1     0.002961            0.000000   0.755401 r
  candidates_i/U3567/C (NAND3X1)                                0.048950  0.000000   0.755401 r
  candidates_i/U3567/Y (NAND3X1)                                0.017777  0.020556   0.775957 f
  candidates_i/n2970 (net)                      1     0.003011            0.000000   0.775957 f
  candidates_i/U3572/A (NOR3X1)                                 0.017777  0.000000   0.775957 f
  candidates_i/U3572/Y (NOR3X1)                                 0.050934  0.049672   0.825629 r
  candidates_i/N1733 (net)                      1     0.002343            0.000000   0.825629 r
  candidates_i/U370/B (AND2X1)                                  0.050934  0.000000   0.825629 r
  candidates_i/U370/Y (AND2X1)                                  0.103699  0.088188   0.913817 r
  candidates_i/hit[5] (net)                     7     0.017941            0.000000   0.913817 r
  candidates_i/U1386/A (NAND3X1)                                0.103699  0.000000   0.913817 r
  candidates_i/U1386/Y (NAND3X1)                                0.013507  0.029455   0.943272 f
  candidates_i/n2033 (net)                      1     0.001820            0.000000   0.943272 f
  candidates_i/U204/B (AND2X2)                                  0.013507  0.000000   0.943272 f
  candidates_i/U204/Y (AND2X2)                                  0.000000  0.038617   0.981889 f
  candidates_i/n2031 (net)                      1     0.002832            0.000000   0.981889 f
  candidates_i/U1385/C (NAND3X1)                                0.000000  0.000000   0.981889 f
  candidates_i/U1385/Y (NAND3X1)                                0.040713  0.029765   1.011655 r
  candidates_i/n2018 (net)                      1     0.003021            0.000000   1.011655 r
  candidates_i/U1378/A (NOR3X1)                                 0.040713  0.000000   1.011655 r
  candidates_i/U1378/Y (NOR3X1)                                 0.025640  0.041017   1.052672 f
  candidates_i/n2017 (net)                      1     0.001827            0.000000   1.052672 f
  candidates_i/U2915/B (AND2X1)                                 0.025640  0.000000   1.052672 f
  candidates_i/U2915/Y (AND2X1)                                 0.014290  0.043980   1.096652 f
  candidates_i/n831 (net)                       1     0.001476            0.000000   1.096652 f
  candidates_i/U2916/A (INVX1)                                  0.014290  0.000000   1.096652 f
  candidates_i/U2916/Y (INVX1)                                  0.150699  0.112642   1.209294 r
  candidates_i/n1990 (net)                     16     0.036225            0.000000   1.209294 r
  candidates_i/U2749/B (AND2X1)                                 0.150699  0.000000   1.209294 r
  candidates_i/U2749/Y (AND2X1)                                 0.014642  0.030154   1.239448 r
  candidates_i/n1994 (net)                      1     0.001551            0.000000   1.239448 r
  candidates_i/U2750/A (INVX1)                                  0.014642  0.000000   1.239448 r
  candidates_i/U2750/Y (INVX1)                                  0.011414  0.017008   1.256456 f
  candidates_i/n731 (net)                       1     0.002209            0.000000   1.256456 f
  candidates_i/U1343/A (NAND3X1)                                0.011414  0.000000   1.256456 f
  candidates_i/U1343/Y (NAND3X1)                                0.032783  0.034528   1.290985 r
  candidates_i/n1150 (net)                      1     0.001539            0.000000   1.290985 r
  candidates_i/U2748/A (BUFX2)                                  0.032783  0.000000   1.290985 r
  candidates_i/U2748/Y (BUFX2)                                  0.020257  0.042100   1.333084 r
  candidates_i/n730 (net)                       3     0.007035            0.000000   1.333084 r
  candidates_i/U2914/A (INVX1)                                  0.020257  0.000000   1.333084 r
  candidates_i/U2914/Y (INVX1)                                  0.123882  0.095906   1.428991 f
  candidates_i/n3210 (net)                     15     0.039942            0.000000   1.428991 f
  candidates_i/U657/A (AOI22X1)                                 0.123882  0.000000   1.428991 f
  candidates_i/U657/Y (AOI22X1)                                 0.039756  0.076728   1.505719 r
  candidates_i/n1174 (net)                      1     0.001869            0.000000   1.505719 r
  candidates_i/U76/B (AND2X2)                                   0.039756  0.000000   1.505719 r
  candidates_i/U76/Y (AND2X2)                                   0.011798  0.034500   1.540219 r
  candidates_i/n1172 (net)                      1     0.002961            0.000000   1.540219 r
  candidates_i/U656/C (NAND3X1)                                 0.011798  0.000000   1.540219 r
  candidates_i/U656/Y (NAND3X1)                                 0.016190  0.010761   1.550980 f
  candidates_i/n1169 (net)                      1     0.002342            0.000000   1.550980 f
  candidates_i/U1369/B (OR2X2)                                  0.016190  0.000000   1.550980 f
  candidates_i/U1369/Y (OR2X2)                                  0.004809  0.046484   1.597464 f
  candidates_i/n1078 (net)                      1     0.001476            0.000000   1.597464 f
  candidates_i/U1371/A (INVX1)                                  0.004809  0.000000   1.597464 f
  candidates_i/U1371/Y (INVX1)                                  0.000000  0.010342   1.607806 r
  candidates_i/n80 (net)                        2     0.005702            0.000000   1.607806 r
  candidates_i/U654/C (NAND3X1)                                 0.000000  0.000000   1.607806 r
  candidates_i/U654/Y (NAND3X1)                                 0.016156  0.007307   1.615113 f
  candidates_i/n1167 (net)                      1     0.001924            0.000000   1.615113 f
  candidates_i/U653/C (OAI21X1)                                 0.016156  0.000000   1.615113 f
  candidates_i/U653/Y (OAI21X1)                                 0.045560  0.022346   1.637458 r
  candidates_i/n1165 (net)                      1     0.002817            0.000000   1.637458 r
  candidates_i/U652/A (AOI22X1)                                 0.045560  0.000000   1.637458 r
  candidates_i/U652/Y (AOI22X1)                                 0.035654  0.040037   1.677495 f
  candidates_i/n1164 (net)                      1     0.002312            0.000000   1.677495 f
  candidates_i/U651/C (AOI21X1)                                 0.035654  0.000000   1.677495 f
  candidates_i/U651/Y (AOI21X1)                                 0.027785  0.025672   1.703166 r
  candidates_i/n1162 (net)                      1     0.002386            0.000000   1.703166 r
  candidates_i/U650/C (AOI21X1)                                 0.027785  0.000000   1.703166 r
  candidates_i/U650/Y (AOI21X1)                                 0.015011  0.017616   1.720782 f
  candidates_i/n1160 (net)                      1     0.002632            0.000000   1.720782 f
  candidates_i/U649/B (OAI21X1)                                 0.015011  0.000000   1.720782 f
  candidates_i/U649/Y (OAI21X1)                                 0.041918  0.040493   1.761274 r
  candidates_i/n1158 (net)                      1     0.002111            0.000000   1.761274 r
  candidates_i/U648/A (NAND2X1)                                 0.041918  0.000000   1.761274 r
  candidates_i/U648/Y (NAND2X1)                                 0.020639  0.018692   1.779966 f
  candidates_i/n1157 (net)                      1     0.001944            0.000000   1.779966 f
  candidates_i/U647/B (NAND2X1)                                 0.020639  0.000000   1.779966 f
  candidates_i/U647/Y (NAND2X1)                                 0.036723  0.017556   1.797522 r
  candidates_i/n1155 (net)                      1     0.002741            0.000000   1.797522 r
  candidates_i/U646/A (AOI21X1)                                 0.036723  0.000000   1.797522 r
  candidates_i/U646/Y (AOI21X1)                                 0.017841  0.022767   1.820289 f
  candidates_i/n1154 (net)                      1     0.002632            0.000000   1.820289 f
  candidates_i/U645/B (OAI21X1)                                 0.017841  0.000000   1.820289 f
  candidates_i/U645/Y (OAI21X1)                                 0.061327  0.054418   1.874707 r
  candidates_i/candidate_slots[8] (net)         3     0.006266            0.000000   1.874707 r
  candidates_i/candidate_slots[8] (mc_candidates_Q_DEPTH16_ROW_W8_COL_W6) 0.000000   1.874707 r
  candidate_slots[8] (net)                            0.006266            0.000000   1.874707 r
  frfcfs.scheduler_i/candidate_slots[8] (mc_scheduler_frfcfs_Q_DEPTH16_ADDR_W16_AGE_LIMIT128_AGING_ENABLE1)
                                                                          0.000000   1.874707 r
  frfcfs.scheduler_i/candidate_slots[8] (net)         0.006266            0.000000   1.874707 r
  frfcfs.scheduler_i/U1038/A (INVX1)                            0.061327  0.000000   1.874707 r
  frfcfs.scheduler_i/U1038/Y (INVX1)                            0.013934  0.033594   1.908301 f
  frfcfs.scheduler_i/n269 (net)                 2     0.004140            0.000000   1.908301 f
  frfcfs.scheduler_i/U51/B (AND2X1)                             0.013934  0.000000   1.908301 f
  frfcfs.scheduler_i/U51/Y (AND2X1)                             0.037226  0.058795   1.967095 f
  frfcfs.scheduler_i/n952 (net)                 4     0.009457            0.000000   1.967095 f
  frfcfs.scheduler_i/U528/A (NAND3X1)                           0.037226  0.000000   1.967095 f
  frfcfs.scheduler_i/U528/Y (NAND3X1)                           0.033609  0.043398   2.010494 r
  frfcfs.scheduler_i/n977 (net)                 1     0.001798            0.000000   2.010494 r
  frfcfs.scheduler_i/U928/A (AND2X2)                            0.033609  0.000000   2.010494 r
  frfcfs.scheduler_i/U928/Y (AND2X2)                            0.008264  0.032709   2.043203 r
  frfcfs.scheduler_i/n976 (net)                 1     0.001551            0.000000   2.043203 r
  frfcfs.scheduler_i/U929/A (INVX1)                             0.008264  0.000000   2.043203 r
  frfcfs.scheduler_i/U929/Y (INVX1)                             0.013128  0.016152   2.059355 f
  frfcfs.scheduler_i/n102 (net)                 1     0.002632            0.000000   2.059355 f
  frfcfs.scheduler_i/U524/B (OAI21X1)                           0.013128  0.000000   2.059355 f
  frfcfs.scheduler_i/U524/Y (OAI21X1)                           0.039206  0.038285   2.097640 r
  frfcfs.scheduler_i/n974 (net)                 1     0.001551            0.000000   2.097640 r
  frfcfs.scheduler_i/U987/A (INVX1)                             0.039206  0.000000   2.097640 r
  frfcfs.scheduler_i/U987/Y (INVX1)                             0.016800  0.028518   2.126157 f
  frfcfs.scheduler_i/n248 (net)                 2     0.004582            0.000000   2.126157 f
  frfcfs.scheduler_i/U511/A (AOI22X1)                           0.016800  0.000000   2.126157 f
  frfcfs.scheduler_i/U511/Y (AOI22X1)                           0.044327  0.047514   2.173672 r
  frfcfs.scheduler_i/n919 (net)                 1     0.001798            0.000000   2.173672 r
  frfcfs.scheduler_i/U50/A (AND2X2)                             0.044327  0.000000   2.173672 r
  frfcfs.scheduler_i/U50/Y (AND2X2)                             0.012059  0.035344   2.209016 r
  frfcfs.scheduler_i/n918 (net)                 1     0.002961            0.000000   2.209016 r
  frfcfs.scheduler_i/U485/C (NAND3X1)                           0.012059  0.000000   2.209016 r
  frfcfs.scheduler_i/U485/Y (NAND3X1)                           0.015997  0.010823   2.219838 f
  frfcfs.scheduler_i/n915 (net)                 1     0.002342            0.000000   2.219838 f
  frfcfs.scheduler_i/U140/B (OR2X2)                             0.015997  0.000000   2.219838 f
  frfcfs.scheduler_i/U140/Y (OR2X2)                             0.006514  0.047760   2.267598 f
  frfcfs.scheduler_i/n133 (net)                 1     0.002673            0.000000   2.267598 f
  frfcfs.scheduler_i/U141/A (INVX2)                             0.006514  0.000000   2.267598 f
  frfcfs.scheduler_i/U141/Y (INVX2)                             0.096080  0.069667   2.337265 r
  frfcfs.scheduler_i/n887 (net)                16     0.043876            0.000000   2.337265 r
  frfcfs.scheduler_i/U476/A (OAI21X1)                           0.096080  0.000000   2.337265 r
  frfcfs.scheduler_i/U476/Y (OAI21X1)                           0.009101  0.035930   2.373195 f
  frfcfs.scheduler_i/n906 (net)                 1     0.001476            0.000000   2.373195 f
  frfcfs.scheduler_i/U1047/A (INVX1)                            0.009101  0.000000   2.373195 f
  frfcfs.scheduler_i/U1047/Y (INVX1)                            0.210291  0.148904   2.522099 r
  frfcfs.scheduler_i/n224 (net)                17     0.047958            0.000000   2.522099 r
  frfcfs.scheduler_i/U395/A (AOI22X1)                           0.210291  0.000000   2.522099 r
  frfcfs.scheduler_i/U395/Y (AOI22X1)                           0.034092  0.071838   2.593937 f
  frfcfs.scheduler_i/n806 (net)                 1     0.001763            0.000000   2.593937 f
  frfcfs.scheduler_i/U34/A (AND2X2)                             0.034092  0.000000   2.593937 f
  frfcfs.scheduler_i/U34/Y (AND2X2)                             0.004683  0.039696   2.633632 f
  frfcfs.scheduler_i/n805 (net)                 1     0.002832            0.000000   2.633632 f
  frfcfs.scheduler_i/U393/C (NAND3X1)                           0.004683  0.000000   2.633632 f
  frfcfs.scheduler_i/U393/Y (NAND3X1)                           0.037240  0.028725   2.662358 r
  frfcfs.scheduler_i/n795 (net)                 1     0.002292            0.000000   2.662358 r
  frfcfs.scheduler_i/U32/A (OR2X2)                              0.037240  0.000000   2.662358 r
  frfcfs.scheduler_i/U32/Y (OR2X2)                              0.022359  0.047394   2.709752 r
  frfcfs.scheduler_i/n658 (net)                 3     0.007105            0.000000   2.709752 r
  frfcfs.scheduler_i/U297/A (NAND3X1)                           0.022359  0.000000   2.709752 r
  frfcfs.scheduler_i/U297/Y (NAND3X1)                           0.014938  0.018232   2.727984 f
  frfcfs.scheduler_i/n690 (net)                 1     0.001476            0.000000   2.727984 f
  frfcfs.scheduler_i/U178/A (INVX1)                             0.014938  0.000000   2.727984 f
  frfcfs.scheduler_i/U178/Y (INVX1)                             0.000000  0.000470   2.728454 r
  frfcfs.scheduler_i/n26 (net)                  1     0.001551            0.000000   2.728454 r
  frfcfs.scheduler_i/U179/A (INVX1)                             0.000000  0.000000   2.728454 r
  frfcfs.scheduler_i/U179/Y (INVX1)                             0.024468  0.021316   2.749770 f
  frfcfs.scheduler_i/n27 (net)                  2     0.006237            0.000000   2.749770 f
  frfcfs.scheduler_i/U291/A (NOR3X1)                            0.024468  0.000000   2.749770 f
  frfcfs.scheduler_i/U291/Y (NOR3X1)                            0.052289  0.051973   2.801743 r
  frfcfs.scheduler_i/n688 (net)                 1     0.002742            0.000000   2.801743 r
  frfcfs.scheduler_i/U290/A (OAI21X1)                           0.052289  0.000000   2.801743 r
  frfcfs.scheduler_i/U290/Y (OAI21X1)                           0.006913  0.025302   2.827045 f
  frfcfs.scheduler_i/n687 (net)                 1     0.001924            0.000000   2.827045 f
  frfcfs.scheduler_i/U289/C (OAI21X1)                           0.006913  0.000000   2.827045 f
  frfcfs.scheduler_i/U289/Y (OAI21X1)                           0.334217  0.213431   3.040475 r
  frfcfs.scheduler_i/select_slot[2] (net)      21     0.064782            0.000000   3.040475 r
  frfcfs.scheduler_i/select_slot[2] (mc_scheduler_frfcfs_Q_DEPTH16_ADDR_W16_AGE_LIMIT128_AGING_ENABLE1)
                                                                          0.000000   3.040475 r
  select_slot[2] (net)                                0.064782            0.000000   3.040475 r
  U1234/B (OR2X1)                                               0.334217  0.000000   3.040475 r
  U1234/Y (OR2X1)                                               0.017794  0.060088   3.100564 r
  n4343 (net)                                   1     0.001551            0.000000   3.100564 r
  U1235/A (INVX1)                                               0.017794  0.000000   3.100564 r
  U1235/Y (INVX1)                                               0.021224  0.024741   3.125305 f
  n732 (net)                                    3     0.005563            0.000000   3.125305 f
  U255/B (AND2X2)                                               0.021224  0.000000   3.125305 f
  U255/Y (AND2X2)                                               0.001461  0.040861   3.166166 f
  n741 (net)                                    2     0.002952            0.000000   3.166166 f
  U1261/A (INVX1)                                               0.001461  0.000000   3.166166 f
  U1261/Y (INVX1)                                               0.594556  0.389416   3.555582 r
  n747 (net)                                   48     0.122877            0.000000   3.555582 r
  U5054/B (OAI21X1)                                             0.594556  0.000000   3.555582 r
  U5054/Y (OAI21X1)                                             0.112799  0.129382   3.684964 f
  n4481 (net)                                   1     0.002313            0.000000   3.684964 f
  U1349/A (OR2X1)                                               0.112799  0.000000   3.684964 f
  U1349/Y (OR2X1)                                               0.014586  0.049448   3.734411 f
  n4486 (net)                                   1     0.003011            0.000000   3.734411 f
  U5058/A (NOR3X1)                                              0.014586  0.000000   3.734411 f
  U5058/Y (NOR3X1)                                              0.053418  0.050768   3.785179 r
  n4487 (net)                                   1     0.002798            0.000000   3.785179 r
  U5059/A (MUX2X1)                                              0.053418  0.000000   3.785179 r
  U5059/Y (MUX2X1)                                              0.090071  0.029913   3.815093 f
  n4489 (net)                                   1     0.001476            0.000000   3.815093 f
  U1277/A (INVX1)                                               0.090071  0.000000   3.815093 f
  U1277/Y (INVX1)                                               0.035499  0.059360   3.874453 r
  cmd_row[7] (net)                              2     0.011551            0.000000   3.874453 r
  cmd_row[7] (out)                                              0.035499  0.000000   3.874453 r
  data arrival time                                                                  3.874453

  clock core_clk (rise edge)                                              5.000000   5.000000
  clock network delay (ideal)                                             0.000000   5.000000
  clock uncertainty                                                       -0.100000  4.900000
  output external delay                                                   -1.000000  3.900000
  data required time                                                                 3.900000
  ----------------------------------------------------------------------------------------------
  data required time                                                                 3.900000
  data arrival time                                                                  -3.874453
  ----------------------------------------------------------------------------------------------
  slack (MET)                                                                        0.025547


  Startpoint: table_i/addresses_reg[80]
              (rising edge-triggered flip-flop clocked by core_clk)
  Endpoint: cmd_row[4] (output port clocked by core_clk)
  Path Group: core_clk
  Path Type: max

  Point                                       Fanout       Cap     Trans      Incr       Path
  ----------------------------------------------------------------------------------------------
  clock core_clk (rise edge)                                              0.000000   0.000000
  clock network delay (ideal)                                             0.000000   0.000000
  table_i/addresses_reg[80]/CLK (DFFPOSX1)                      0.000000  0.000000 # 0.000000 r
  table_i/addresses_reg[80]/Q (DFFPOSX1)                        0.188646  0.179091   0.179091 r
  table_i/addresses[80] (net)                  33     0.078385            0.000000   0.179091 r
  table_i/addresses[80] (mc_transaction_table_Q_DEPTH16_ADDR_W16_DATA_W32_TAG_W8_READ_LATENCY3_AGE_LIMIT128)
                                                                          0.000000   0.179091 r
  addresses[80] (net)                                 0.078385            0.000000   0.179091 r
  candidates_i/addresses[80] (mc_candidates_Q_DEPTH16_ROW_W8_COL_W6)      0.000000   0.179091 r
  candidates_i/N1286 (net)                            0.078385            0.000000   0.179091 r
  candidates_i/U3034/A (INVX1)                                  0.188646  0.000000   0.179091 r
  candidates_i/U3034/Y (INVX1)                                  0.047725  0.096550   0.275641 f
  candidates_i/n840 (net)                       8     0.018192            0.000000   0.275641 f
  candidates_i/U2887/A (OR2X1)                                  0.047725  0.000000   0.275641 f
  candidates_i/U2887/Y (OR2X1)                                  0.005533  0.041346   0.316987 f
  candidates_i/n3464 (net)                      1     0.001476            0.000000   0.316987 f
  candidates_i/U2888/A (INVX1)                                  0.005533  0.000000   0.316987 f
  candidates_i/U2888/Y (INVX1)                                  0.217422  0.152394   0.469381 r
  candidates_i/n817 (net)                      17     0.049411            0.000000   0.469381 r
  candidates_i/U3840/D (AOI22X1)                                0.217422  0.000000   0.469381 r
  candidates_i/U3840/Y (AOI22X1)                                0.032705  0.068940   0.538321 f
  candidates_i/n3448 (net)                      1     0.001504            0.000000   0.538321 f
  candidates_i/U2188/A (BUFX2)                                  0.032705  0.000000   0.538321 f
  candidates_i/U2188/Y (BUFX2)                                  0.005893  0.037018   0.575339 f
  candidates_i/n203 (net)                       1     0.001827            0.000000   0.575339 f
  candidates_i/U59/B (AND2X1)                                   0.005893  0.000000   0.575339 f
  candidates_i/U59/Y (AND2X1)                                   0.015445  0.041557   0.616896 f
  candidates_i/N1725 (net)                      1     0.001476            0.000000   0.616896 f
  candidates_i/U2186/A (INVX1)                                  0.015445  0.000000   0.616896 f
  candidates_i/U2186/Y (INVX1)                                  0.000000  0.010907   0.627803 r
  candidates_i/n201 (net)                       2     0.004715            0.000000   0.627803 r
  candidates_i/U205/B (OR2X1)                                   0.000000  0.000000   0.627803 r
  candidates_i/U205/Y (OR2X1)                                   0.031431  0.054667   0.682471 r
  candidates_i/n2955 (net)                      2     0.004138            0.000000   0.682471 r
  candidates_i/U3562/B (NAND2X1)                                0.031431  0.000000   0.682471 r
  candidates_i/U3562/Y (NAND2X1)                                0.021608  0.020771   0.703241 f
  candidates_i/n2960 (net)                      1     0.002658            0.000000   0.703241 f
  candidates_i/U3566/A (AOI22X1)                                0.021608  0.000000   0.703241 f
  candidates_i/U3566/Y (AOI22X1)                                0.048950  0.052160   0.755401 r
  candidates_i/n2961 (net)                      1     0.002961            0.000000   0.755401 r
  candidates_i/U3567/C (NAND3X1)                                0.048950  0.000000   0.755401 r
  candidates_i/U3567/Y (NAND3X1)                                0.017777  0.020556   0.775957 f
  candidates_i/n2970 (net)                      1     0.003011            0.000000   0.775957 f
  candidates_i/U3572/A (NOR3X1)                                 0.017777  0.000000   0.775957 f
  candidates_i/U3572/Y (NOR3X1)                                 0.050934  0.049672   0.825629 r
  candidates_i/N1733 (net)                      1     0.002343            0.000000   0.825629 r
  candidates_i/U370/B (AND2X1)                                  0.050934  0.000000   0.825629 r
  candidates_i/U370/Y (AND2X1)                                  0.103699  0.088188   0.913817 r
  candidates_i/hit[5] (net)                     7     0.017941            0.000000   0.913817 r
  candidates_i/U1386/A (NAND3X1)                                0.103699  0.000000   0.913817 r
  candidates_i/U1386/Y (NAND3X1)                                0.013507  0.029455   0.943272 f
  candidates_i/n2033 (net)                      1     0.001820            0.000000   0.943272 f
  candidates_i/U204/B (AND2X2)                                  0.013507  0.000000   0.943272 f
  candidates_i/U204/Y (AND2X2)                                  0.000000  0.038617   0.981889 f
  candidates_i/n2031 (net)                      1     0.002832            0.000000   0.981889 f
  candidates_i/U1385/C (NAND3X1)                                0.000000  0.000000   0.981889 f
  candidates_i/U1385/Y (NAND3X1)                                0.040713  0.029765   1.011655 r
  candidates_i/n2018 (net)                      1     0.003021            0.000000   1.011655 r
  candidates_i/U1378/A (NOR3X1)                                 0.040713  0.000000   1.011655 r
  candidates_i/U1378/Y (NOR3X1)                                 0.025640  0.041017   1.052672 f
  candidates_i/n2017 (net)                      1     0.001827            0.000000   1.052672 f
  candidates_i/U2915/B (AND2X1)                                 0.025640  0.000000   1.052672 f
  candidates_i/U2915/Y (AND2X1)                                 0.014290  0.043980   1.096652 f
  candidates_i/n831 (net)                       1     0.001476            0.000000   1.096652 f
  candidates_i/U2916/A (INVX1)                                  0.014290  0.000000   1.096652 f
  candidates_i/U2916/Y (INVX1)                                  0.150699  0.112642   1.209294 r
  candidates_i/n1990 (net)                     16     0.036225            0.000000   1.209294 r
  candidates_i/U2749/B (AND2X1)                                 0.150699  0.000000   1.209294 r
  candidates_i/U2749/Y (AND2X1)                                 0.014642  0.030154   1.239448 r
  candidates_i/n1994 (net)                      1     0.001551            0.000000   1.239448 r
  candidates_i/U2750/A (INVX1)                                  0.014642  0.000000   1.239448 r
  candidates_i/U2750/Y (INVX1)                                  0.011414  0.017008   1.256456 f
  candidates_i/n731 (net)                       1     0.002209            0.000000   1.256456 f
  candidates_i/U1343/A (NAND3X1)                                0.011414  0.000000   1.256456 f
  candidates_i/U1343/Y (NAND3X1)                                0.032783  0.034528   1.290985 r
  candidates_i/n1150 (net)                      1     0.001539            0.000000   1.290985 r
  candidates_i/U2748/A (BUFX2)                                  0.032783  0.000000   1.290985 r
  candidates_i/U2748/Y (BUFX2)                                  0.020257  0.042100   1.333084 r
  candidates_i/n730 (net)                       3     0.007035            0.000000   1.333084 r
  candidates_i/U2914/A (INVX1)                                  0.020257  0.000000   1.333084 r
  candidates_i/U2914/Y (INVX1)                                  0.123882  0.095906   1.428991 f
  candidates_i/n3210 (net)                     15     0.039942            0.000000   1.428991 f
  candidates_i/U657/A (AOI22X1)                                 0.123882  0.000000   1.428991 f
  candidates_i/U657/Y (AOI22X1)                                 0.039756  0.076728   1.505719 r
  candidates_i/n1174 (net)                      1     0.001869            0.000000   1.505719 r
  candidates_i/U76/B (AND2X2)                                   0.039756  0.000000   1.505719 r
  candidates_i/U76/Y (AND2X2)                                   0.011798  0.034500   1.540219 r
  candidates_i/n1172 (net)                      1     0.002961            0.000000   1.540219 r
  candidates_i/U656/C (NAND3X1)                                 0.011798  0.000000   1.540219 r
  candidates_i/U656/Y (NAND3X1)                                 0.016190  0.010761   1.550980 f
  candidates_i/n1169 (net)                      1     0.002342            0.000000   1.550980 f
  candidates_i/U1369/B (OR2X2)                                  0.016190  0.000000   1.550980 f
  candidates_i/U1369/Y (OR2X2)                                  0.004809  0.046484   1.597464 f
  candidates_i/n1078 (net)                      1     0.001476            0.000000   1.597464 f
  candidates_i/U1371/A (INVX1)                                  0.004809  0.000000   1.597464 f
  candidates_i/U1371/Y (INVX1)                                  0.000000  0.010342   1.607806 r
  candidates_i/n80 (net)                        2     0.005702            0.000000   1.607806 r
  candidates_i/U654/C (NAND3X1)                                 0.000000  0.000000   1.607806 r
  candidates_i/U654/Y (NAND3X1)                                 0.016156  0.007307   1.615113 f
  candidates_i/n1167 (net)                      1     0.001924            0.000000   1.615113 f
  candidates_i/U653/C (OAI21X1)                                 0.016156  0.000000   1.615113 f
  candidates_i/U653/Y (OAI21X1)                                 0.045560  0.022346   1.637458 r
  candidates_i/n1165 (net)                      1     0.002817            0.000000   1.637458 r
  candidates_i/U652/A (AOI22X1)                                 0.045560  0.000000   1.637458 r
  candidates_i/U652/Y (AOI22X1)                                 0.035654  0.040037   1.677495 f
  candidates_i/n1164 (net)                      1     0.002312            0.000000   1.677495 f
  candidates_i/U651/C (AOI21X1)                                 0.035654  0.000000   1.677495 f
  candidates_i/U651/Y (AOI21X1)                                 0.027785  0.025672   1.703166 r
  candidates_i/n1162 (net)                      1     0.002386            0.000000   1.703166 r
  candidates_i/U650/C (AOI21X1)                                 0.027785  0.000000   1.703166 r
  candidates_i/U650/Y (AOI21X1)                                 0.015011  0.017616   1.720782 f
  candidates_i/n1160 (net)                      1     0.002632            0.000000   1.720782 f
  candidates_i/U649/B (OAI21X1)                                 0.015011  0.000000   1.720782 f
  candidates_i/U649/Y (OAI21X1)                                 0.041918  0.040493   1.761274 r
  candidates_i/n1158 (net)                      1     0.002111            0.000000   1.761274 r
  candidates_i/U648/A (NAND2X1)                                 0.041918  0.000000   1.761274 r
  candidates_i/U648/Y (NAND2X1)                                 0.020639  0.018692   1.779966 f
  candidates_i/n1157 (net)                      1     0.001944            0.000000   1.779966 f
  candidates_i/U647/B (NAND2X1)                                 0.020639  0.000000   1.779966 f
  candidates_i/U647/Y (NAND2X1)                                 0.036723  0.017556   1.797522 r
  candidates_i/n1155 (net)                      1     0.002741            0.000000   1.797522 r
  candidates_i/U646/A (AOI21X1)                                 0.036723  0.000000   1.797522 r
  candidates_i/U646/Y (AOI21X1)                                 0.017841  0.022767   1.820289 f
  candidates_i/n1154 (net)                      1     0.002632            0.000000   1.820289 f
  candidates_i/U645/B (OAI21X1)                                 0.017841  0.000000   1.820289 f
  candidates_i/U645/Y (OAI21X1)                                 0.061327  0.054418   1.874707 r
  candidates_i/candidate_slots[8] (net)         3     0.006266            0.000000   1.874707 r
  candidates_i/candidate_slots[8] (mc_candidates_Q_DEPTH16_ROW_W8_COL_W6) 0.000000   1.874707 r
  candidate_slots[8] (net)                            0.006266            0.000000   1.874707 r
  frfcfs.scheduler_i/candidate_slots[8] (mc_scheduler_frfcfs_Q_DEPTH16_ADDR_W16_AGE_LIMIT128_AGING_ENABLE1)
                                                                          0.000000   1.874707 r
  frfcfs.scheduler_i/candidate_slots[8] (net)         0.006266            0.000000   1.874707 r
  frfcfs.scheduler_i/U1038/A (INVX1)                            0.061327  0.000000   1.874707 r
  frfcfs.scheduler_i/U1038/Y (INVX1)                            0.013934  0.033594   1.908301 f
  frfcfs.scheduler_i/n269 (net)                 2     0.004140            0.000000   1.908301 f
  frfcfs.scheduler_i/U51/B (AND2X1)                             0.013934  0.000000   1.908301 f
  frfcfs.scheduler_i/U51/Y (AND2X1)                             0.037226  0.058795   1.967095 f
  frfcfs.scheduler_i/n952 (net)                 4     0.009457            0.000000   1.967095 f
  frfcfs.scheduler_i/U528/A (NAND3X1)                           0.037226  0.000000   1.967095 f
  frfcfs.scheduler_i/U528/Y (NAND3X1)                           0.033609  0.043398   2.010494 r
  frfcfs.scheduler_i/n977 (net)                 1     0.001798            0.000000   2.010494 r
  frfcfs.scheduler_i/U928/A (AND2X2)                            0.033609  0.000000   2.010494 r
  frfcfs.scheduler_i/U928/Y (AND2X2)                            0.008264  0.032709   2.043203 r
  frfcfs.scheduler_i/n976 (net)                 1     0.001551            0.000000   2.043203 r
  frfcfs.scheduler_i/U929/A (INVX1)                             0.008264  0.000000   2.043203 r
  frfcfs.scheduler_i/U929/Y (INVX1)                             0.013128  0.016152   2.059355 f
  frfcfs.scheduler_i/n102 (net)                 1     0.002632            0.000000   2.059355 f
  frfcfs.scheduler_i/U524/B (OAI21X1)                           0.013128  0.000000   2.059355 f
  frfcfs.scheduler_i/U524/Y (OAI21X1)                           0.039206  0.038285   2.097640 r
  frfcfs.scheduler_i/n974 (net)                 1     0.001551            0.000000   2.097640 r
  frfcfs.scheduler_i/U987/A (INVX1)                             0.039206  0.000000   2.097640 r
  frfcfs.scheduler_i/U987/Y (INVX1)                             0.016800  0.028518   2.126157 f
  frfcfs.scheduler_i/n248 (net)                 2     0.004582            0.000000   2.126157 f
  frfcfs.scheduler_i/U511/A (AOI22X1)                           0.016800  0.000000   2.126157 f
  frfcfs.scheduler_i/U511/Y (AOI22X1)                           0.044327  0.047514   2.173672 r
  frfcfs.scheduler_i/n919 (net)                 1     0.001798            0.000000   2.173672 r
  frfcfs.scheduler_i/U50/A (AND2X2)                             0.044327  0.000000   2.173672 r
  frfcfs.scheduler_i/U50/Y (AND2X2)                             0.012059  0.035344   2.209016 r
  frfcfs.scheduler_i/n918 (net)                 1     0.002961            0.000000   2.209016 r
  frfcfs.scheduler_i/U485/C (NAND3X1)                           0.012059  0.000000   2.209016 r
  frfcfs.scheduler_i/U485/Y (NAND3X1)                           0.015997  0.010823   2.219838 f
  frfcfs.scheduler_i/n915 (net)                 1     0.002342            0.000000   2.219838 f
  frfcfs.scheduler_i/U140/B (OR2X2)                             0.015997  0.000000   2.219838 f
  frfcfs.scheduler_i/U140/Y (OR2X2)                             0.006514  0.047760   2.267598 f
  frfcfs.scheduler_i/n133 (net)                 1     0.002673            0.000000   2.267598 f
  frfcfs.scheduler_i/U141/A (INVX2)                             0.006514  0.000000   2.267598 f
  frfcfs.scheduler_i/U141/Y (INVX2)                             0.096080  0.069667   2.337265 r
  frfcfs.scheduler_i/n887 (net)                16     0.043876            0.000000   2.337265 r
  frfcfs.scheduler_i/U476/A (OAI21X1)                           0.096080  0.000000   2.337265 r
  frfcfs.scheduler_i/U476/Y (OAI21X1)                           0.009101  0.035930   2.373195 f
  frfcfs.scheduler_i/n906 (net)                 1     0.001476            0.000000   2.373195 f
  frfcfs.scheduler_i/U1047/A (INVX1)                            0.009101  0.000000   2.373195 f
  frfcfs.scheduler_i/U1047/Y (INVX1)                            0.210291  0.148904   2.522099 r
  frfcfs.scheduler_i/n224 (net)                17     0.047958            0.000000   2.522099 r
  frfcfs.scheduler_i/U395/A (AOI22X1)                           0.210291  0.000000   2.522099 r
  frfcfs.scheduler_i/U395/Y (AOI22X1)                           0.034092  0.071838   2.593937 f
  frfcfs.scheduler_i/n806 (net)                 1     0.001763            0.000000   2.593937 f
  frfcfs.scheduler_i/U34/A (AND2X2)                             0.034092  0.000000   2.593937 f
  frfcfs.scheduler_i/U34/Y (AND2X2)                             0.004683  0.039696   2.633632 f
  frfcfs.scheduler_i/n805 (net)                 1     0.002832            0.000000   2.633632 f
  frfcfs.scheduler_i/U393/C (NAND3X1)                           0.004683  0.000000   2.633632 f
  frfcfs.scheduler_i/U393/Y (NAND3X1)                           0.037240  0.028725   2.662358 r
  frfcfs.scheduler_i/n795 (net)                 1     0.002292            0.000000   2.662358 r
  frfcfs.scheduler_i/U32/A (OR2X2)                              0.037240  0.000000   2.662358 r
  frfcfs.scheduler_i/U32/Y (OR2X2)                              0.022359  0.047394   2.709752 r
  frfcfs.scheduler_i/n658 (net)                 3     0.007105            0.000000   2.709752 r
  frfcfs.scheduler_i/U297/A (NAND3X1)                           0.022359  0.000000   2.709752 r
  frfcfs.scheduler_i/U297/Y (NAND3X1)                           0.014938  0.018232   2.727984 f
  frfcfs.scheduler_i/n690 (net)                 1     0.001476            0.000000   2.727984 f
  frfcfs.scheduler_i/U178/A (INVX1)                             0.014938  0.000000   2.727984 f
  frfcfs.scheduler_i/U178/Y (INVX1)                             0.000000  0.000470   2.728454 r
  frfcfs.scheduler_i/n26 (net)                  1     0.001551            0.000000   2.728454 r
  frfcfs.scheduler_i/U179/A (INVX1)                             0.000000  0.000000   2.728454 r
  frfcfs.scheduler_i/U179/Y (INVX1)                             0.024468  0.021316   2.749770 f
  frfcfs.scheduler_i/n27 (net)                  2     0.006237            0.000000   2.749770 f
  frfcfs.scheduler_i/U291/A (NOR3X1)                            0.024468  0.000000   2.749770 f
  frfcfs.scheduler_i/U291/Y (NOR3X1)                            0.052289  0.051973   2.801743 r
  frfcfs.scheduler_i/n688 (net)                 1     0.002742            0.000000   2.801743 r
  frfcfs.scheduler_i/U290/A (OAI21X1)                           0.052289  0.000000   2.801743 r
  frfcfs.scheduler_i/U290/Y (OAI21X1)                           0.006913  0.025302   2.827045 f
  frfcfs.scheduler_i/n687 (net)                 1     0.001924            0.000000   2.827045 f
  frfcfs.scheduler_i/U289/C (OAI21X1)                           0.006913  0.000000   2.827045 f
  frfcfs.scheduler_i/U289/Y (OAI21X1)                           0.334217  0.213431   3.040475 r
  frfcfs.scheduler_i/select_slot[2] (net)      21     0.064782            0.000000   3.040475 r
  frfcfs.scheduler_i/select_slot[2] (mc_scheduler_frfcfs_Q_DEPTH16_ADDR_W16_AGE_LIMIT128_AGING_ENABLE1)
                                                                          0.000000   3.040475 r
  select_slot[2] (net)                                0.064782            0.000000   3.040475 r
  U1234/B (OR2X1)                                               0.334217  0.000000   3.040475 r
  U1234/Y (OR2X1)                                               0.017794  0.060088   3.100564 r
  n4343 (net)                                   1     0.001551            0.000000   3.100564 r
  U1235/A (INVX1)                                               0.017794  0.000000   3.100564 r
  U1235/Y (INVX1)                                               0.021224  0.024741   3.125305 f
  n732 (net)                                    3     0.005563            0.000000   3.125305 f
  U255/B (AND2X2)                                               0.021224  0.000000   3.125305 f
  U255/Y (AND2X2)                                               0.001461  0.040861   3.166166 f
  n741 (net)                                    2     0.002952            0.000000   3.166166 f
  U1262/A (INVX1)                                               0.001461  0.000000   3.166166 f
  U1262/Y (INVX1)                                               0.594556  0.389416   3.555582 r
  n746 (net)                                   48     0.122877            0.000000   3.555582 r
  U5021/B (OAI21X1)                                             0.594556  0.000000   3.555582 r
  U5021/Y (OAI21X1)                                             0.112799  0.129382   3.684964 f
  n4418 (net)                                   1     0.002313            0.000000   3.684964 f
  U1364/A (OR2X1)                                               0.112799  0.000000   3.684964 f
  U1364/Y (OR2X1)                                               0.014586  0.049448   3.734411 f
  n4423 (net)                                   1     0.003011            0.000000   3.734411 f
  U5025/A (NOR3X1)                                              0.014586  0.000000   3.734411 f
  U5025/Y (NOR3X1)                                              0.053418  0.050768   3.785179 r
  n4424 (net)                                   1     0.002798            0.000000   3.785179 r
  U5026/A (MUX2X1)                                              0.053418  0.000000   3.785179 r
  U5026/Y (MUX2X1)                                              0.090071  0.029913   3.815093 f
  n4426 (net)                                   1     0.001476            0.000000   3.815093 f
  U1280/A (INVX1)                                               0.090071  0.000000   3.815093 f
  U1280/Y (INVX1)                                               0.035499  0.059360   3.874453 r
  cmd_row[4] (net)                              2     0.011551            0.000000   3.874453 r
  cmd_row[4] (out)                                              0.035499  0.000000   3.874453 r
  data arrival time                                                                  3.874453

  clock core_clk (rise edge)                                              5.000000   5.000000
  clock network delay (ideal)                                             0.000000   5.000000
  clock uncertainty                                                       -0.100000  4.900000
  output external delay                                                   -1.000000  3.900000
  data required time                                                                 3.900000
  ----------------------------------------------------------------------------------------------
  data required time                                                                 3.900000
  data arrival time                                                                  -3.874453
  ----------------------------------------------------------------------------------------------
  slack (MET)                                                                        0.025547


  Startpoint: table_i/addresses_reg[80]
              (rising edge-triggered flip-flop clocked by core_clk)
  Endpoint: cmd_row[3] (output port clocked by core_clk)
  Path Group: core_clk
  Path Type: max

  Point                                       Fanout       Cap     Trans      Incr       Path
  ----------------------------------------------------------------------------------------------
  clock core_clk (rise edge)                                              0.000000   0.000000
  clock network delay (ideal)                                             0.000000   0.000000
  table_i/addresses_reg[80]/CLK (DFFPOSX1)                      0.000000  0.000000 # 0.000000 r
  table_i/addresses_reg[80]/Q (DFFPOSX1)                        0.188646  0.179091   0.179091 r
  table_i/addresses[80] (net)                  33     0.078385            0.000000   0.179091 r
  table_i/addresses[80] (mc_transaction_table_Q_DEPTH16_ADDR_W16_DATA_W32_TAG_W8_READ_LATENCY3_AGE_LIMIT128)
                                                                          0.000000   0.179091 r
  addresses[80] (net)                                 0.078385            0.000000   0.179091 r
  candidates_i/addresses[80] (mc_candidates_Q_DEPTH16_ROW_W8_COL_W6)      0.000000   0.179091 r
  candidates_i/N1286 (net)                            0.078385            0.000000   0.179091 r
  candidates_i/U3034/A (INVX1)                                  0.188646  0.000000   0.179091 r
  candidates_i/U3034/Y (INVX1)                                  0.047725  0.096550   0.275641 f
  candidates_i/n840 (net)                       8     0.018192            0.000000   0.275641 f
  candidates_i/U2887/A (OR2X1)                                  0.047725  0.000000   0.275641 f
  candidates_i/U2887/Y (OR2X1)                                  0.005533  0.041346   0.316987 f
  candidates_i/n3464 (net)                      1     0.001476            0.000000   0.316987 f
  candidates_i/U2888/A (INVX1)                                  0.005533  0.000000   0.316987 f
  candidates_i/U2888/Y (INVX1)                                  0.217422  0.152394   0.469381 r
  candidates_i/n817 (net)                      17     0.049411            0.000000   0.469381 r
  candidates_i/U3840/D (AOI22X1)                                0.217422  0.000000   0.469381 r
  candidates_i/U3840/Y (AOI22X1)                                0.032705  0.068940   0.538321 f
  candidates_i/n3448 (net)                      1     0.001504            0.000000   0.538321 f
  candidates_i/U2188/A (BUFX2)                                  0.032705  0.000000   0.538321 f
  candidates_i/U2188/Y (BUFX2)                                  0.005893  0.037018   0.575339 f
  candidates_i/n203 (net)                       1     0.001827            0.000000   0.575339 f
  candidates_i/U59/B (AND2X1)                                   0.005893  0.000000   0.575339 f
  candidates_i/U59/Y (AND2X1)                                   0.015445  0.041557   0.616896 f
  candidates_i/N1725 (net)                      1     0.001476            0.000000   0.616896 f
  candidates_i/U2186/A (INVX1)                                  0.015445  0.000000   0.616896 f
  candidates_i/U2186/Y (INVX1)                                  0.000000  0.010907   0.627803 r
  candidates_i/n201 (net)                       2     0.004715            0.000000   0.627803 r
  candidates_i/U205/B (OR2X1)                                   0.000000  0.000000   0.627803 r
  candidates_i/U205/Y (OR2X1)                                   0.031431  0.054667   0.682471 r
  candidates_i/n2955 (net)                      2     0.004138            0.000000   0.682471 r
  candidates_i/U3562/B (NAND2X1)                                0.031431  0.000000   0.682471 r
  candidates_i/U3562/Y (NAND2X1)                                0.021608  0.020771   0.703241 f
  candidates_i/n2960 (net)                      1     0.002658            0.000000   0.703241 f
  candidates_i/U3566/A (AOI22X1)                                0.021608  0.000000   0.703241 f
  candidates_i/U3566/Y (AOI22X1)                                0.048950  0.052160   0.755401 r
  candidates_i/n2961 (net)                      1     0.002961            0.000000   0.755401 r
  candidates_i/U3567/C (NAND3X1)                                0.048950  0.000000   0.755401 r
  candidates_i/U3567/Y (NAND3X1)                                0.017777  0.020556   0.775957 f
  candidates_i/n2970 (net)                      1     0.003011            0.000000   0.775957 f
  candidates_i/U3572/A (NOR3X1)                                 0.017777  0.000000   0.775957 f
  candidates_i/U3572/Y (NOR3X1)                                 0.050934  0.049672   0.825629 r
  candidates_i/N1733 (net)                      1     0.002343            0.000000   0.825629 r
  candidates_i/U370/B (AND2X1)                                  0.050934  0.000000   0.825629 r
  candidates_i/U370/Y (AND2X1)                                  0.103699  0.088188   0.913817 r
  candidates_i/hit[5] (net)                     7     0.017941            0.000000   0.913817 r
  candidates_i/U1386/A (NAND3X1)                                0.103699  0.000000   0.913817 r
  candidates_i/U1386/Y (NAND3X1)                                0.013507  0.029455   0.943272 f
  candidates_i/n2033 (net)                      1     0.001820            0.000000   0.943272 f
  candidates_i/U204/B (AND2X2)                                  0.013507  0.000000   0.943272 f
  candidates_i/U204/Y (AND2X2)                                  0.000000  0.038617   0.981889 f
  candidates_i/n2031 (net)                      1     0.002832            0.000000   0.981889 f
  candidates_i/U1385/C (NAND3X1)                                0.000000  0.000000   0.981889 f
  candidates_i/U1385/Y (NAND3X1)                                0.040713  0.029765   1.011655 r
  candidates_i/n2018 (net)                      1     0.003021            0.000000   1.011655 r
  candidates_i/U1378/A (NOR3X1)                                 0.040713  0.000000   1.011655 r
  candidates_i/U1378/Y (NOR3X1)                                 0.025640  0.041017   1.052672 f
  candidates_i/n2017 (net)                      1     0.001827            0.000000   1.052672 f
  candidates_i/U2915/B (AND2X1)                                 0.025640  0.000000   1.052672 f
  candidates_i/U2915/Y (AND2X1)                                 0.014290  0.043980   1.096652 f
  candidates_i/n831 (net)                       1     0.001476            0.000000   1.096652 f
  candidates_i/U2916/A (INVX1)                                  0.014290  0.000000   1.096652 f
  candidates_i/U2916/Y (INVX1)                                  0.150699  0.112642   1.209294 r
  candidates_i/n1990 (net)                     16     0.036225            0.000000   1.209294 r
  candidates_i/U2749/B (AND2X1)                                 0.150699  0.000000   1.209294 r
  candidates_i/U2749/Y (AND2X1)                                 0.014642  0.030154   1.239448 r
  candidates_i/n1994 (net)                      1     0.001551            0.000000   1.239448 r
  candidates_i/U2750/A (INVX1)                                  0.014642  0.000000   1.239448 r
  candidates_i/U2750/Y (INVX1)                                  0.011414  0.017008   1.256456 f
  candidates_i/n731 (net)                       1     0.002209            0.000000   1.256456 f
  candidates_i/U1343/A (NAND3X1)                                0.011414  0.000000   1.256456 f
  candidates_i/U1343/Y (NAND3X1)                                0.032783  0.034528   1.290985 r
  candidates_i/n1150 (net)                      1     0.001539            0.000000   1.290985 r
  candidates_i/U2748/A (BUFX2)                                  0.032783  0.000000   1.290985 r
  candidates_i/U2748/Y (BUFX2)                                  0.020257  0.042100   1.333084 r
  candidates_i/n730 (net)                       3     0.007035            0.000000   1.333084 r
  candidates_i/U2914/A (INVX1)                                  0.020257  0.000000   1.333084 r
  candidates_i/U2914/Y (INVX1)                                  0.123882  0.095906   1.428991 f
  candidates_i/n3210 (net)                     15     0.039942            0.000000   1.428991 f
  candidates_i/U657/A (AOI22X1)                                 0.123882  0.000000   1.428991 f
  candidates_i/U657/Y (AOI22X1)                                 0.039756  0.076728   1.505719 r
  candidates_i/n1174 (net)                      1     0.001869            0.000000   1.505719 r
  candidates_i/U76/B (AND2X2)                                   0.039756  0.000000   1.505719 r
  candidates_i/U76/Y (AND2X2)                                   0.011798  0.034500   1.540219 r
  candidates_i/n1172 (net)                      1     0.002961            0.000000   1.540219 r
  candidates_i/U656/C (NAND3X1)                                 0.011798  0.000000   1.540219 r
  candidates_i/U656/Y (NAND3X1)                                 0.016190  0.010761   1.550980 f
  candidates_i/n1169 (net)                      1     0.002342            0.000000   1.550980 f
  candidates_i/U1369/B (OR2X2)                                  0.016190  0.000000   1.550980 f
  candidates_i/U1369/Y (OR2X2)                                  0.004809  0.046484   1.597464 f
  candidates_i/n1078 (net)                      1     0.001476            0.000000   1.597464 f
  candidates_i/U1371/A (INVX1)                                  0.004809  0.000000   1.597464 f
  candidates_i/U1371/Y (INVX1)                                  0.000000  0.010342   1.607806 r
  candidates_i/n80 (net)                        2     0.005702            0.000000   1.607806 r
  candidates_i/U654/C (NAND3X1)                                 0.000000  0.000000   1.607806 r
  candidates_i/U654/Y (NAND3X1)                                 0.016156  0.007307   1.615113 f
  candidates_i/n1167 (net)                      1     0.001924            0.000000   1.615113 f
  candidates_i/U653/C (OAI21X1)                                 0.016156  0.000000   1.615113 f
  candidates_i/U653/Y (OAI21X1)                                 0.045560  0.022346   1.637458 r
  candidates_i/n1165 (net)                      1     0.002817            0.000000   1.637458 r
  candidates_i/U652/A (AOI22X1)                                 0.045560  0.000000   1.637458 r
  candidates_i/U652/Y (AOI22X1)                                 0.035654  0.040037   1.677495 f
  candidates_i/n1164 (net)                      1     0.002312            0.000000   1.677495 f
  candidates_i/U651/C (AOI21X1)                                 0.035654  0.000000   1.677495 f
  candidates_i/U651/Y (AOI21X1)                                 0.027785  0.025672   1.703166 r
  candidates_i/n1162 (net)                      1     0.002386            0.000000   1.703166 r
  candidates_i/U650/C (AOI21X1)                                 0.027785  0.000000   1.703166 r
  candidates_i/U650/Y (AOI21X1)                                 0.015011  0.017616   1.720782 f
  candidates_i/n1160 (net)                      1     0.002632            0.000000   1.720782 f
  candidates_i/U649/B (OAI21X1)                                 0.015011  0.000000   1.720782 f
  candidates_i/U649/Y (OAI21X1)                                 0.041918  0.040493   1.761274 r
  candidates_i/n1158 (net)                      1     0.002111            0.000000   1.761274 r
  candidates_i/U648/A (NAND2X1)                                 0.041918  0.000000   1.761274 r
  candidates_i/U648/Y (NAND2X1)                                 0.020639  0.018692   1.779966 f
  candidates_i/n1157 (net)                      1     0.001944            0.000000   1.779966 f
  candidates_i/U647/B (NAND2X1)                                 0.020639  0.000000   1.779966 f
  candidates_i/U647/Y (NAND2X1)                                 0.036723  0.017556   1.797522 r
  candidates_i/n1155 (net)                      1     0.002741            0.000000   1.797522 r
  candidates_i/U646/A (AOI21X1)                                 0.036723  0.000000   1.797522 r
  candidates_i/U646/Y (AOI21X1)                                 0.017841  0.022767   1.820289 f
  candidates_i/n1154 (net)                      1     0.002632            0.000000   1.820289 f
  candidates_i/U645/B (OAI21X1)                                 0.017841  0.000000   1.820289 f
  candidates_i/U645/Y (OAI21X1)                                 0.061327  0.054418   1.874707 r
  candidates_i/candidate_slots[8] (net)         3     0.006266            0.000000   1.874707 r
  candidates_i/candidate_slots[8] (mc_candidates_Q_DEPTH16_ROW_W8_COL_W6) 0.000000   1.874707 r
  candidate_slots[8] (net)                            0.006266            0.000000   1.874707 r
  frfcfs.scheduler_i/candidate_slots[8] (mc_scheduler_frfcfs_Q_DEPTH16_ADDR_W16_AGE_LIMIT128_AGING_ENABLE1)
                                                                          0.000000   1.874707 r
  frfcfs.scheduler_i/candidate_slots[8] (net)         0.006266            0.000000   1.874707 r
  frfcfs.scheduler_i/U1038/A (INVX1)                            0.061327  0.000000   1.874707 r
  frfcfs.scheduler_i/U1038/Y (INVX1)                            0.013934  0.033594   1.908301 f
  frfcfs.scheduler_i/n269 (net)                 2     0.004140            0.000000   1.908301 f
  frfcfs.scheduler_i/U51/B (AND2X1)                             0.013934  0.000000   1.908301 f
  frfcfs.scheduler_i/U51/Y (AND2X1)                             0.037226  0.058795   1.967095 f
  frfcfs.scheduler_i/n952 (net)                 4     0.009457            0.000000   1.967095 f
  frfcfs.scheduler_i/U528/A (NAND3X1)                           0.037226  0.000000   1.967095 f
  frfcfs.scheduler_i/U528/Y (NAND3X1)                           0.033609  0.043398   2.010494 r
  frfcfs.scheduler_i/n977 (net)                 1     0.001798            0.000000   2.010494 r
  frfcfs.scheduler_i/U928/A (AND2X2)                            0.033609  0.000000   2.010494 r
  frfcfs.scheduler_i/U928/Y (AND2X2)                            0.008264  0.032709   2.043203 r
  frfcfs.scheduler_i/n976 (net)                 1     0.001551            0.000000   2.043203 r
  frfcfs.scheduler_i/U929/A (INVX1)                             0.008264  0.000000   2.043203 r
  frfcfs.scheduler_i/U929/Y (INVX1)                             0.013128  0.016152   2.059355 f
  frfcfs.scheduler_i/n102 (net)                 1     0.002632            0.000000   2.059355 f
  frfcfs.scheduler_i/U524/B (OAI21X1)                           0.013128  0.000000   2.059355 f
  frfcfs.scheduler_i/U524/Y (OAI21X1)                           0.039206  0.038285   2.097640 r
  frfcfs.scheduler_i/n974 (net)                 1     0.001551            0.000000   2.097640 r
  frfcfs.scheduler_i/U987/A (INVX1)                             0.039206  0.000000   2.097640 r
  frfcfs.scheduler_i/U987/Y (INVX1)                             0.016800  0.028518   2.126157 f
  frfcfs.scheduler_i/n248 (net)                 2     0.004582            0.000000   2.126157 f
  frfcfs.scheduler_i/U511/A (AOI22X1)                           0.016800  0.000000   2.126157 f
  frfcfs.scheduler_i/U511/Y (AOI22X1)                           0.044327  0.047514   2.173672 r
  frfcfs.scheduler_i/n919 (net)                 1     0.001798            0.000000   2.173672 r
  frfcfs.scheduler_i/U50/A (AND2X2)                             0.044327  0.000000   2.173672 r
  frfcfs.scheduler_i/U50/Y (AND2X2)                             0.012059  0.035344   2.209016 r
  frfcfs.scheduler_i/n918 (net)                 1     0.002961            0.000000   2.209016 r
  frfcfs.scheduler_i/U485/C (NAND3X1)                           0.012059  0.000000   2.209016 r
  frfcfs.scheduler_i/U485/Y (NAND3X1)                           0.015997  0.010823   2.219838 f
  frfcfs.scheduler_i/n915 (net)                 1     0.002342            0.000000   2.219838 f
  frfcfs.scheduler_i/U140/B (OR2X2)                             0.015997  0.000000   2.219838 f
  frfcfs.scheduler_i/U140/Y (OR2X2)                             0.006514  0.047760   2.267598 f
  frfcfs.scheduler_i/n133 (net)                 1     0.002673            0.000000   2.267598 f
  frfcfs.scheduler_i/U141/A (INVX2)                             0.006514  0.000000   2.267598 f
  frfcfs.scheduler_i/U141/Y (INVX2)                             0.096080  0.069667   2.337265 r
  frfcfs.scheduler_i/n887 (net)                16     0.043876            0.000000   2.337265 r
  frfcfs.scheduler_i/U476/A (OAI21X1)                           0.096080  0.000000   2.337265 r
  frfcfs.scheduler_i/U476/Y (OAI21X1)                           0.009101  0.035930   2.373195 f
  frfcfs.scheduler_i/n906 (net)                 1     0.001476            0.000000   2.373195 f
  frfcfs.scheduler_i/U1047/A (INVX1)                            0.009101  0.000000   2.373195 f
  frfcfs.scheduler_i/U1047/Y (INVX1)                            0.210291  0.148904   2.522099 r
  frfcfs.scheduler_i/n224 (net)                17     0.047958            0.000000   2.522099 r
  frfcfs.scheduler_i/U395/A (AOI22X1)                           0.210291  0.000000   2.522099 r
  frfcfs.scheduler_i/U395/Y (AOI22X1)                           0.034092  0.071838   2.593937 f
  frfcfs.scheduler_i/n806 (net)                 1     0.001763            0.000000   2.593937 f
  frfcfs.scheduler_i/U34/A (AND2X2)                             0.034092  0.000000   2.593937 f
  frfcfs.scheduler_i/U34/Y (AND2X2)                             0.004683  0.039696   2.633632 f
  frfcfs.scheduler_i/n805 (net)                 1     0.002832            0.000000   2.633632 f
  frfcfs.scheduler_i/U393/C (NAND3X1)                           0.004683  0.000000   2.633632 f
  frfcfs.scheduler_i/U393/Y (NAND3X1)                           0.037240  0.028725   2.662358 r
  frfcfs.scheduler_i/n795 (net)                 1     0.002292            0.000000   2.662358 r
  frfcfs.scheduler_i/U32/A (OR2X2)                              0.037240  0.000000   2.662358 r
  frfcfs.scheduler_i/U32/Y (OR2X2)                              0.022359  0.047394   2.709752 r
  frfcfs.scheduler_i/n658 (net)                 3     0.007105            0.000000   2.709752 r
  frfcfs.scheduler_i/U297/A (NAND3X1)                           0.022359  0.000000   2.709752 r
  frfcfs.scheduler_i/U297/Y (NAND3X1)                           0.014938  0.018232   2.727984 f
  frfcfs.scheduler_i/n690 (net)                 1     0.001476            0.000000   2.727984 f
  frfcfs.scheduler_i/U178/A (INVX1)                             0.014938  0.000000   2.727984 f
  frfcfs.scheduler_i/U178/Y (INVX1)                             0.000000  0.000470   2.728454 r
  frfcfs.scheduler_i/n26 (net)                  1     0.001551            0.000000   2.728454 r
  frfcfs.scheduler_i/U179/A (INVX1)                             0.000000  0.000000   2.728454 r
  frfcfs.scheduler_i/U179/Y (INVX1)                             0.024468  0.021316   2.749770 f
  frfcfs.scheduler_i/n27 (net)                  2     0.006237            0.000000   2.749770 f
  frfcfs.scheduler_i/U291/A (NOR3X1)                            0.024468  0.000000   2.749770 f
  frfcfs.scheduler_i/U291/Y (NOR3X1)                            0.052289  0.051973   2.801743 r
  frfcfs.scheduler_i/n688 (net)                 1     0.002742            0.000000   2.801743 r
  frfcfs.scheduler_i/U290/A (OAI21X1)                           0.052289  0.000000   2.801743 r
  frfcfs.scheduler_i/U290/Y (OAI21X1)                           0.006913  0.025302   2.827045 f
  frfcfs.scheduler_i/n687 (net)                 1     0.001924            0.000000   2.827045 f
  frfcfs.scheduler_i/U289/C (OAI21X1)                           0.006913  0.000000   2.827045 f
  frfcfs.scheduler_i/U289/Y (OAI21X1)                           0.334217  0.213431   3.040475 r
  frfcfs.scheduler_i/select_slot[2] (net)      21     0.064782            0.000000   3.040475 r
  frfcfs.scheduler_i/select_slot[2] (mc_scheduler_frfcfs_Q_DEPTH16_ADDR_W16_AGE_LIMIT128_AGING_ENABLE1)
                                                                          0.000000   3.040475 r
  select_slot[2] (net)                                0.064782            0.000000   3.040475 r
  U1234/B (OR2X1)                                               0.334217  0.000000   3.040475 r
  U1234/Y (OR2X1)                                               0.017794  0.060088   3.100564 r
  n4343 (net)                                   1     0.001551            0.000000   3.100564 r
  U1235/A (INVX1)                                               0.017794  0.000000   3.100564 r
  U1235/Y (INVX1)                                               0.021224  0.024741   3.125305 f
  n732 (net)                                    3     0.005563            0.000000   3.125305 f
  U255/B (AND2X2)                                               0.021224  0.000000   3.125305 f
  U255/Y (AND2X2)                                               0.001461  0.040861   3.166166 f
  n741 (net)                                    2     0.002952            0.000000   3.166166 f
  U1262/A (INVX1)                                               0.001461  0.000000   3.166166 f
  U1262/Y (INVX1)                                               0.594556  0.389416   3.555582 r
  n746 (net)                                   48     0.122877            0.000000   3.555582 r
  U5010/B (OAI21X1)                                             0.594556  0.000000   3.555582 r
  U5010/Y (OAI21X1)                                             0.112799  0.129382   3.684964 f
  n4397 (net)                                   1     0.002313            0.000000   3.684964 f
  U1362/A (OR2X1)                                               0.112799  0.000000   3.684964 f
  U1362/Y (OR2X1)                                               0.014586  0.049448   3.734411 f
  n4402 (net)                                   1     0.003011            0.000000   3.734411 f
  U5014/A (NOR3X1)                                              0.014586  0.000000   3.734411 f
  U5014/Y (NOR3X1)                                              0.053418  0.050768   3.785179 r
  n4403 (net)                                   1     0.002798            0.000000   3.785179 r
  U5015/A (MUX2X1)                                              0.053418  0.000000   3.785179 r
  U5015/Y (MUX2X1)                                              0.090071  0.029913   3.815093 f
  n4405 (net)                                   1     0.001476            0.000000   3.815093 f
  U1279/A (INVX1)                                               0.090071  0.000000   3.815093 f
  U1279/Y (INVX1)                                               0.035499  0.059360   3.874453 r
  cmd_row[3] (net)                              2     0.011551            0.000000   3.874453 r
  cmd_row[3] (out)                                              0.035499  0.000000   3.874453 r
  data arrival time                                                                  3.874453

  clock core_clk (rise edge)                                              5.000000   5.000000
  clock network delay (ideal)                                             0.000000   5.000000
  clock uncertainty                                                       -0.100000  4.900000
  output external delay                                                   -1.000000  3.900000
  data required time                                                                 3.900000
  ----------------------------------------------------------------------------------------------
  data required time                                                                 3.900000
  data arrival time                                                                  -3.874453
  ----------------------------------------------------------------------------------------------
  slack (MET)                                                                        0.025547


  Startpoint: table_i/addresses_reg[80]
              (rising edge-triggered flip-flop clocked by core_clk)
  Endpoint: cmd_row[1] (output port clocked by core_clk)
  Path Group: core_clk
  Path Type: max

  Point                                       Fanout       Cap     Trans      Incr       Path
  ----------------------------------------------------------------------------------------------
  clock core_clk (rise edge)                                              0.000000   0.000000
  clock network delay (ideal)                                             0.000000   0.000000
  table_i/addresses_reg[80]/CLK (DFFPOSX1)                      0.000000  0.000000 # 0.000000 r
  table_i/addresses_reg[80]/Q (DFFPOSX1)                        0.188646  0.179091   0.179091 r
  table_i/addresses[80] (net)                  33     0.078385            0.000000   0.179091 r
  table_i/addresses[80] (mc_transaction_table_Q_DEPTH16_ADDR_W16_DATA_W32_TAG_W8_READ_LATENCY3_AGE_LIMIT128)
                                                                          0.000000   0.179091 r
  addresses[80] (net)                                 0.078385            0.000000   0.179091 r
  candidates_i/addresses[80] (mc_candidates_Q_DEPTH16_ROW_W8_COL_W6)      0.000000   0.179091 r
  candidates_i/N1286 (net)                            0.078385            0.000000   0.179091 r
  candidates_i/U3034/A (INVX1)                                  0.188646  0.000000   0.179091 r
  candidates_i/U3034/Y (INVX1)                                  0.047725  0.096550   0.275641 f
  candidates_i/n840 (net)                       8     0.018192            0.000000   0.275641 f
  candidates_i/U2887/A (OR2X1)                                  0.047725  0.000000   0.275641 f
  candidates_i/U2887/Y (OR2X1)                                  0.005533  0.041346   0.316987 f
  candidates_i/n3464 (net)                      1     0.001476            0.000000   0.316987 f
  candidates_i/U2888/A (INVX1)                                  0.005533  0.000000   0.316987 f
  candidates_i/U2888/Y (INVX1)                                  0.217422  0.152394   0.469381 r
  candidates_i/n817 (net)                      17     0.049411            0.000000   0.469381 r
  candidates_i/U3840/D (AOI22X1)                                0.217422  0.000000   0.469381 r
  candidates_i/U3840/Y (AOI22X1)                                0.032705  0.068940   0.538321 f
  candidates_i/n3448 (net)                      1     0.001504            0.000000   0.538321 f
  candidates_i/U2188/A (BUFX2)                                  0.032705  0.000000   0.538321 f
  candidates_i/U2188/Y (BUFX2)                                  0.005893  0.037018   0.575339 f
  candidates_i/n203 (net)                       1     0.001827            0.000000   0.575339 f
  candidates_i/U59/B (AND2X1)                                   0.005893  0.000000   0.575339 f
  candidates_i/U59/Y (AND2X1)                                   0.015445  0.041557   0.616896 f
  candidates_i/N1725 (net)                      1     0.001476            0.000000   0.616896 f
  candidates_i/U2186/A (INVX1)                                  0.015445  0.000000   0.616896 f
  candidates_i/U2186/Y (INVX1)                                  0.000000  0.010907   0.627803 r
  candidates_i/n201 (net)                       2     0.004715            0.000000   0.627803 r
  candidates_i/U205/B (OR2X1)                                   0.000000  0.000000   0.627803 r
  candidates_i/U205/Y (OR2X1)                                   0.031431  0.054667   0.682471 r
  candidates_i/n2955 (net)                      2     0.004138            0.000000   0.682471 r
  candidates_i/U3562/B (NAND2X1)                                0.031431  0.000000   0.682471 r
  candidates_i/U3562/Y (NAND2X1)                                0.021608  0.020771   0.703241 f
  candidates_i/n2960 (net)                      1     0.002658            0.000000   0.703241 f
  candidates_i/U3566/A (AOI22X1)                                0.021608  0.000000   0.703241 f
  candidates_i/U3566/Y (AOI22X1)                                0.048950  0.052160   0.755401 r
  candidates_i/n2961 (net)                      1     0.002961            0.000000   0.755401 r
  candidates_i/U3567/C (NAND3X1)                                0.048950  0.000000   0.755401 r
  candidates_i/U3567/Y (NAND3X1)                                0.017777  0.020556   0.775957 f
  candidates_i/n2970 (net)                      1     0.003011            0.000000   0.775957 f
  candidates_i/U3572/A (NOR3X1)                                 0.017777  0.000000   0.775957 f
  candidates_i/U3572/Y (NOR3X1)                                 0.050934  0.049672   0.825629 r
  candidates_i/N1733 (net)                      1     0.002343            0.000000   0.825629 r
  candidates_i/U370/B (AND2X1)                                  0.050934  0.000000   0.825629 r
  candidates_i/U370/Y (AND2X1)                                  0.103699  0.088188   0.913817 r
  candidates_i/hit[5] (net)                     7     0.017941            0.000000   0.913817 r
  candidates_i/U1386/A (NAND3X1)                                0.103699  0.000000   0.913817 r
  candidates_i/U1386/Y (NAND3X1)                                0.013507  0.029455   0.943272 f
  candidates_i/n2033 (net)                      1     0.001820            0.000000   0.943272 f
  candidates_i/U204/B (AND2X2)                                  0.013507  0.000000   0.943272 f
  candidates_i/U204/Y (AND2X2)                                  0.000000  0.038617   0.981889 f
  candidates_i/n2031 (net)                      1     0.002832            0.000000   0.981889 f
  candidates_i/U1385/C (NAND3X1)                                0.000000  0.000000   0.981889 f
  candidates_i/U1385/Y (NAND3X1)                                0.040713  0.029765   1.011655 r
  candidates_i/n2018 (net)                      1     0.003021            0.000000   1.011655 r
  candidates_i/U1378/A (NOR3X1)                                 0.040713  0.000000   1.011655 r
  candidates_i/U1378/Y (NOR3X1)                                 0.025640  0.041017   1.052672 f
  candidates_i/n2017 (net)                      1     0.001827            0.000000   1.052672 f
  candidates_i/U2915/B (AND2X1)                                 0.025640  0.000000   1.052672 f
  candidates_i/U2915/Y (AND2X1)                                 0.014290  0.043980   1.096652 f
  candidates_i/n831 (net)                       1     0.001476            0.000000   1.096652 f
  candidates_i/U2916/A (INVX1)                                  0.014290  0.000000   1.096652 f
  candidates_i/U2916/Y (INVX1)                                  0.150699  0.112642   1.209294 r
  candidates_i/n1990 (net)                     16     0.036225            0.000000   1.209294 r
  candidates_i/U2749/B (AND2X1)                                 0.150699  0.000000   1.209294 r
  candidates_i/U2749/Y (AND2X1)                                 0.014642  0.030154   1.239448 r
  candidates_i/n1994 (net)                      1     0.001551            0.000000   1.239448 r
  candidates_i/U2750/A (INVX1)                                  0.014642  0.000000   1.239448 r
  candidates_i/U2750/Y (INVX1)                                  0.011414  0.017008   1.256456 f
  candidates_i/n731 (net)                       1     0.002209            0.000000   1.256456 f
  candidates_i/U1343/A (NAND3X1)                                0.011414  0.000000   1.256456 f
  candidates_i/U1343/Y (NAND3X1)                                0.032783  0.034528   1.290985 r
  candidates_i/n1150 (net)                      1     0.001539            0.000000   1.290985 r
  candidates_i/U2748/A (BUFX2)                                  0.032783  0.000000   1.290985 r
  candidates_i/U2748/Y (BUFX2)                                  0.020257  0.042100   1.333084 r
  candidates_i/n730 (net)                       3     0.007035            0.000000   1.333084 r
  candidates_i/U2914/A (INVX1)                                  0.020257  0.000000   1.333084 r
  candidates_i/U2914/Y (INVX1)                                  0.123882  0.095906   1.428991 f
  candidates_i/n3210 (net)                     15     0.039942            0.000000   1.428991 f
  candidates_i/U657/A (AOI22X1)                                 0.123882  0.000000   1.428991 f
  candidates_i/U657/Y (AOI22X1)                                 0.039756  0.076728   1.505719 r
  candidates_i/n1174 (net)                      1     0.001869            0.000000   1.505719 r
  candidates_i/U76/B (AND2X2)                                   0.039756  0.000000   1.505719 r
  candidates_i/U76/Y (AND2X2)                                   0.011798  0.034500   1.540219 r
  candidates_i/n1172 (net)                      1     0.002961            0.000000   1.540219 r
  candidates_i/U656/C (NAND3X1)                                 0.011798  0.000000   1.540219 r
  candidates_i/U656/Y (NAND3X1)                                 0.016190  0.010761   1.550980 f
  candidates_i/n1169 (net)                      1     0.002342            0.000000   1.550980 f
  candidates_i/U1369/B (OR2X2)                                  0.016190  0.000000   1.550980 f
  candidates_i/U1369/Y (OR2X2)                                  0.004809  0.046484   1.597464 f
  candidates_i/n1078 (net)                      1     0.001476            0.000000   1.597464 f
  candidates_i/U1371/A (INVX1)                                  0.004809  0.000000   1.597464 f
  candidates_i/U1371/Y (INVX1)                                  0.000000  0.010342   1.607806 r
  candidates_i/n80 (net)                        2     0.005702            0.000000   1.607806 r
  candidates_i/U654/C (NAND3X1)                                 0.000000  0.000000   1.607806 r
  candidates_i/U654/Y (NAND3X1)                                 0.016156  0.007307   1.615113 f
  candidates_i/n1167 (net)                      1     0.001924            0.000000   1.615113 f
  candidates_i/U653/C (OAI21X1)                                 0.016156  0.000000   1.615113 f
  candidates_i/U653/Y (OAI21X1)                                 0.045560  0.022346   1.637458 r
  candidates_i/n1165 (net)                      1     0.002817            0.000000   1.637458 r
  candidates_i/U652/A (AOI22X1)                                 0.045560  0.000000   1.637458 r
  candidates_i/U652/Y (AOI22X1)                                 0.035654  0.040037   1.677495 f
  candidates_i/n1164 (net)                      1     0.002312            0.000000   1.677495 f
  candidates_i/U651/C (AOI21X1)                                 0.035654  0.000000   1.677495 f
  candidates_i/U651/Y (AOI21X1)                                 0.027785  0.025672   1.703166 r
  candidates_i/n1162 (net)                      1     0.002386            0.000000   1.703166 r
  candidates_i/U650/C (AOI21X1)                                 0.027785  0.000000   1.703166 r
  candidates_i/U650/Y (AOI21X1)                                 0.015011  0.017616   1.720782 f
  candidates_i/n1160 (net)                      1     0.002632            0.000000   1.720782 f
  candidates_i/U649/B (OAI21X1)                                 0.015011  0.000000   1.720782 f
  candidates_i/U649/Y (OAI21X1)                                 0.041918  0.040493   1.761274 r
  candidates_i/n1158 (net)                      1     0.002111            0.000000   1.761274 r
  candidates_i/U648/A (NAND2X1)                                 0.041918  0.000000   1.761274 r
  candidates_i/U648/Y (NAND2X1)                                 0.020639  0.018692   1.779966 f
  candidates_i/n1157 (net)                      1     0.001944            0.000000   1.779966 f
  candidates_i/U647/B (NAND2X1)                                 0.020639  0.000000   1.779966 f
  candidates_i/U647/Y (NAND2X1)                                 0.036723  0.017556   1.797522 r
  candidates_i/n1155 (net)                      1     0.002741            0.000000   1.797522 r
  candidates_i/U646/A (AOI21X1)                                 0.036723  0.000000   1.797522 r
  candidates_i/U646/Y (AOI21X1)                                 0.017841  0.022767   1.820289 f
  candidates_i/n1154 (net)                      1     0.002632            0.000000   1.820289 f
  candidates_i/U645/B (OAI21X1)                                 0.017841  0.000000   1.820289 f
  candidates_i/U645/Y (OAI21X1)                                 0.061327  0.054418   1.874707 r
  candidates_i/candidate_slots[8] (net)         3     0.006266            0.000000   1.874707 r
  candidates_i/candidate_slots[8] (mc_candidates_Q_DEPTH16_ROW_W8_COL_W6) 0.000000   1.874707 r
  candidate_slots[8] (net)                            0.006266            0.000000   1.874707 r
  frfcfs.scheduler_i/candidate_slots[8] (mc_scheduler_frfcfs_Q_DEPTH16_ADDR_W16_AGE_LIMIT128_AGING_ENABLE1)
                                                                          0.000000   1.874707 r
  frfcfs.scheduler_i/candidate_slots[8] (net)         0.006266            0.000000   1.874707 r
  frfcfs.scheduler_i/U1038/A (INVX1)                            0.061327  0.000000   1.874707 r
  frfcfs.scheduler_i/U1038/Y (INVX1)                            0.013934  0.033594   1.908301 f
  frfcfs.scheduler_i/n269 (net)                 2     0.004140            0.000000   1.908301 f
  frfcfs.scheduler_i/U51/B (AND2X1)                             0.013934  0.000000   1.908301 f
  frfcfs.scheduler_i/U51/Y (AND2X1)                             0.037226  0.058795   1.967095 f
  frfcfs.scheduler_i/n952 (net)                 4     0.009457            0.000000   1.967095 f
  frfcfs.scheduler_i/U528/A (NAND3X1)                           0.037226  0.000000   1.967095 f
  frfcfs.scheduler_i/U528/Y (NAND3X1)                           0.033609  0.043398   2.010494 r
  frfcfs.scheduler_i/n977 (net)                 1     0.001798            0.000000   2.010494 r
  frfcfs.scheduler_i/U928/A (AND2X2)                            0.033609  0.000000   2.010494 r
  frfcfs.scheduler_i/U928/Y (AND2X2)                            0.008264  0.032709   2.043203 r
  frfcfs.scheduler_i/n976 (net)                 1     0.001551            0.000000   2.043203 r
  frfcfs.scheduler_i/U929/A (INVX1)                             0.008264  0.000000   2.043203 r
  frfcfs.scheduler_i/U929/Y (INVX1)                             0.013128  0.016152   2.059355 f
  frfcfs.scheduler_i/n102 (net)                 1     0.002632            0.000000   2.059355 f
  frfcfs.scheduler_i/U524/B (OAI21X1)                           0.013128  0.000000   2.059355 f
  frfcfs.scheduler_i/U524/Y (OAI21X1)                           0.039206  0.038285   2.097640 r
  frfcfs.scheduler_i/n974 (net)                 1     0.001551            0.000000   2.097640 r
  frfcfs.scheduler_i/U987/A (INVX1)                             0.039206  0.000000   2.097640 r
  frfcfs.scheduler_i/U987/Y (INVX1)                             0.016800  0.028518   2.126157 f
  frfcfs.scheduler_i/n248 (net)                 2     0.004582            0.000000   2.126157 f
  frfcfs.scheduler_i/U511/A (AOI22X1)                           0.016800  0.000000   2.126157 f
  frfcfs.scheduler_i/U511/Y (AOI22X1)                           0.044327  0.047514   2.173672 r
  frfcfs.scheduler_i/n919 (net)                 1     0.001798            0.000000   2.173672 r
  frfcfs.scheduler_i/U50/A (AND2X2)                             0.044327  0.000000   2.173672 r
  frfcfs.scheduler_i/U50/Y (AND2X2)                             0.012059  0.035344   2.209016 r
  frfcfs.scheduler_i/n918 (net)                 1     0.002961            0.000000   2.209016 r
  frfcfs.scheduler_i/U485/C (NAND3X1)                           0.012059  0.000000   2.209016 r
  frfcfs.scheduler_i/U485/Y (NAND3X1)                           0.015997  0.010823   2.219838 f
  frfcfs.scheduler_i/n915 (net)                 1     0.002342            0.000000   2.219838 f
  frfcfs.scheduler_i/U140/B (OR2X2)                             0.015997  0.000000   2.219838 f
  frfcfs.scheduler_i/U140/Y (OR2X2)                             0.006514  0.047760   2.267598 f
  frfcfs.scheduler_i/n133 (net)                 1     0.002673            0.000000   2.267598 f
  frfcfs.scheduler_i/U141/A (INVX2)                             0.006514  0.000000   2.267598 f
  frfcfs.scheduler_i/U141/Y (INVX2)                             0.096080  0.069667   2.337265 r
  frfcfs.scheduler_i/n887 (net)                16     0.043876            0.000000   2.337265 r
  frfcfs.scheduler_i/U476/A (OAI21X1)                           0.096080  0.000000   2.337265 r
  frfcfs.scheduler_i/U476/Y (OAI21X1)                           0.009101  0.035930   2.373195 f
  frfcfs.scheduler_i/n906 (net)                 1     0.001476            0.000000   2.373195 f
  frfcfs.scheduler_i/U1047/A (INVX1)                            0.009101  0.000000   2.373195 f
  frfcfs.scheduler_i/U1047/Y (INVX1)                            0.210291  0.148904   2.522099 r
  frfcfs.scheduler_i/n224 (net)                17     0.047958            0.000000   2.522099 r
  frfcfs.scheduler_i/U395/A (AOI22X1)                           0.210291  0.000000   2.522099 r
  frfcfs.scheduler_i/U395/Y (AOI22X1)                           0.034092  0.071838   2.593937 f
  frfcfs.scheduler_i/n806 (net)                 1     0.001763            0.000000   2.593937 f
  frfcfs.scheduler_i/U34/A (AND2X2)                             0.034092  0.000000   2.593937 f
  frfcfs.scheduler_i/U34/Y (AND2X2)                             0.004683  0.039696   2.633632 f
  frfcfs.scheduler_i/n805 (net)                 1     0.002832            0.000000   2.633632 f
  frfcfs.scheduler_i/U393/C (NAND3X1)                           0.004683  0.000000   2.633632 f
  frfcfs.scheduler_i/U393/Y (NAND3X1)                           0.037240  0.028725   2.662358 r
  frfcfs.scheduler_i/n795 (net)                 1     0.002292            0.000000   2.662358 r
  frfcfs.scheduler_i/U32/A (OR2X2)                              0.037240  0.000000   2.662358 r
  frfcfs.scheduler_i/U32/Y (OR2X2)                              0.022359  0.047394   2.709752 r
  frfcfs.scheduler_i/n658 (net)                 3     0.007105            0.000000   2.709752 r
  frfcfs.scheduler_i/U297/A (NAND3X1)                           0.022359  0.000000   2.709752 r
  frfcfs.scheduler_i/U297/Y (NAND3X1)                           0.014938  0.018232   2.727984 f
  frfcfs.scheduler_i/n690 (net)                 1     0.001476            0.000000   2.727984 f
  frfcfs.scheduler_i/U178/A (INVX1)                             0.014938  0.000000   2.727984 f
  frfcfs.scheduler_i/U178/Y (INVX1)                             0.000000  0.000470   2.728454 r
  frfcfs.scheduler_i/n26 (net)                  1     0.001551            0.000000   2.728454 r
  frfcfs.scheduler_i/U179/A (INVX1)                             0.000000  0.000000   2.728454 r
  frfcfs.scheduler_i/U179/Y (INVX1)                             0.024468  0.021316   2.749770 f
  frfcfs.scheduler_i/n27 (net)                  2     0.006237            0.000000   2.749770 f
  frfcfs.scheduler_i/U291/A (NOR3X1)                            0.024468  0.000000   2.749770 f
  frfcfs.scheduler_i/U291/Y (NOR3X1)                            0.052289  0.051973   2.801743 r
  frfcfs.scheduler_i/n688 (net)                 1     0.002742            0.000000   2.801743 r
  frfcfs.scheduler_i/U290/A (OAI21X1)                           0.052289  0.000000   2.801743 r
  frfcfs.scheduler_i/U290/Y (OAI21X1)                           0.006913  0.025302   2.827045 f
  frfcfs.scheduler_i/n687 (net)                 1     0.001924            0.000000   2.827045 f
  frfcfs.scheduler_i/U289/C (OAI21X1)                           0.006913  0.000000   2.827045 f
  frfcfs.scheduler_i/U289/Y (OAI21X1)                           0.334217  0.213431   3.040475 r
  frfcfs.scheduler_i/select_slot[2] (net)      21     0.064782            0.000000   3.040475 r
  frfcfs.scheduler_i/select_slot[2] (mc_scheduler_frfcfs_Q_DEPTH16_ADDR_W16_AGE_LIMIT128_AGING_ENABLE1)
                                                                          0.000000   3.040475 r
  select_slot[2] (net)                                0.064782            0.000000   3.040475 r
  U1234/B (OR2X1)                                               0.334217  0.000000   3.040475 r
  U1234/Y (OR2X1)                                               0.017794  0.060088   3.100564 r
  n4343 (net)                                   1     0.001551            0.000000   3.100564 r
  U1235/A (INVX1)                                               0.017794  0.000000   3.100564 r
  U1235/Y (INVX1)                                               0.021224  0.024741   3.125305 f
  n732 (net)                                    3     0.005563            0.000000   3.125305 f
  U255/B (AND2X2)                                               0.021224  0.000000   3.125305 f
  U255/Y (AND2X2)                                               0.001461  0.040861   3.166166 f
  n741 (net)                                    2     0.002952            0.000000   3.166166 f
  U1262/A (INVX1)                                               0.001461  0.000000   3.166166 f
  U1262/Y (INVX1)                                               0.594556  0.389416   3.555582 r
  n746 (net)                                   48     0.122877            0.000000   3.555582 r
  U5153/B (OAI21X1)                                             0.594556  0.000000   3.555582 r
  U5153/Y (OAI21X1)                                             0.112799  0.129382   3.684964 f
  n4670 (net)                                   1     0.002313            0.000000   3.684964 f
  U1351/A (OR2X1)                                               0.112799  0.000000   3.684964 f
  U1351/Y (OR2X1)                                               0.014541  0.049448   3.734411 f
  n4675 (net)                                   1     0.003011            0.000000   3.734411 f
  U5157/A (NOR3X1)                                              0.014541  0.000000   3.734411 f
  U5157/Y (NOR3X1)                                              0.053422  0.050761   3.785173 r
  n4676 (net)                                   1     0.002798            0.000000   3.785173 r
  U5158/A (MUX2X1)                                              0.053422  0.000000   3.785173 r
  U5158/Y (MUX2X1)                                              0.090071  0.029914   3.815087 f
  n4678 (net)                                   1     0.001476            0.000000   3.815087 f
  U1274/A (INVX1)                                               0.090071  0.000000   3.815087 f
  U1274/Y (INVX1)                                               0.035499  0.059360   3.874448 r
  cmd_row[1] (net)                              2     0.011551            0.000000   3.874448 r
  cmd_row[1] (out)                                              0.035499  0.000000   3.874448 r
  data arrival time                                                                  3.874448

  clock core_clk (rise edge)                                              5.000000   5.000000
  clock network delay (ideal)                                             0.000000   5.000000
  clock uncertainty                                                       -0.100000  4.900000
  output external delay                                                   -1.000000  3.900000
  data required time                                                                 3.900000
  ----------------------------------------------------------------------------------------------
  data required time                                                                 3.900000
  data arrival time                                                                  -3.874448
  ----------------------------------------------------------------------------------------------
  slack (MET)                                                                        0.025553


  Startpoint: table_i/addresses_reg[80]
              (rising edge-triggered flip-flop clocked by core_clk)
  Endpoint: cmd_row[6] (output port clocked by core_clk)
  Path Group: core_clk
  Path Type: max

  Point                                       Fanout       Cap     Trans      Incr       Path
  ----------------------------------------------------------------------------------------------
  clock core_clk (rise edge)                                              0.000000   0.000000
  clock network delay (ideal)                                             0.000000   0.000000
  table_i/addresses_reg[80]/CLK (DFFPOSX1)                      0.000000  0.000000 # 0.000000 r
  table_i/addresses_reg[80]/Q (DFFPOSX1)                        0.188646  0.179091   0.179091 r
  table_i/addresses[80] (net)                  33     0.078385            0.000000   0.179091 r
  table_i/addresses[80] (mc_transaction_table_Q_DEPTH16_ADDR_W16_DATA_W32_TAG_W8_READ_LATENCY3_AGE_LIMIT128)
                                                                          0.000000   0.179091 r
  addresses[80] (net)                                 0.078385            0.000000   0.179091 r
  candidates_i/addresses[80] (mc_candidates_Q_DEPTH16_ROW_W8_COL_W6)      0.000000   0.179091 r
  candidates_i/N1286 (net)                            0.078385            0.000000   0.179091 r
  candidates_i/U3034/A (INVX1)                                  0.188646  0.000000   0.179091 r
  candidates_i/U3034/Y (INVX1)                                  0.047725  0.096550   0.275641 f
  candidates_i/n840 (net)                       8     0.018192            0.000000   0.275641 f
  candidates_i/U2887/A (OR2X1)                                  0.047725  0.000000   0.275641 f
  candidates_i/U2887/Y (OR2X1)                                  0.005533  0.041346   0.316987 f
  candidates_i/n3464 (net)                      1     0.001476            0.000000   0.316987 f
  candidates_i/U2888/A (INVX1)                                  0.005533  0.000000   0.316987 f
  candidates_i/U2888/Y (INVX1)                                  0.217422  0.152394   0.469381 r
  candidates_i/n817 (net)                      17     0.049411            0.000000   0.469381 r
  candidates_i/U3840/D (AOI22X1)                                0.217422  0.000000   0.469381 r
  candidates_i/U3840/Y (AOI22X1)                                0.032705  0.068940   0.538321 f
  candidates_i/n3448 (net)                      1     0.001504            0.000000   0.538321 f
  candidates_i/U2188/A (BUFX2)                                  0.032705  0.000000   0.538321 f
  candidates_i/U2188/Y (BUFX2)                                  0.005893  0.037018   0.575339 f
  candidates_i/n203 (net)                       1     0.001827            0.000000   0.575339 f
  candidates_i/U59/B (AND2X1)                                   0.005893  0.000000   0.575339 f
  candidates_i/U59/Y (AND2X1)                                   0.015445  0.041557   0.616896 f
  candidates_i/N1725 (net)                      1     0.001476            0.000000   0.616896 f
  candidates_i/U2186/A (INVX1)                                  0.015445  0.000000   0.616896 f
  candidates_i/U2186/Y (INVX1)                                  0.000000  0.010907   0.627803 r
  candidates_i/n201 (net)                       2     0.004715            0.000000   0.627803 r
  candidates_i/U205/B (OR2X1)                                   0.000000  0.000000   0.627803 r
  candidates_i/U205/Y (OR2X1)                                   0.031431  0.054667   0.682471 r
  candidates_i/n2955 (net)                      2     0.004138            0.000000   0.682471 r
  candidates_i/U3562/B (NAND2X1)                                0.031431  0.000000   0.682471 r
  candidates_i/U3562/Y (NAND2X1)                                0.021608  0.020771   0.703241 f
  candidates_i/n2960 (net)                      1     0.002658            0.000000   0.703241 f
  candidates_i/U3566/A (AOI22X1)                                0.021608  0.000000   0.703241 f
  candidates_i/U3566/Y (AOI22X1)                                0.048950  0.052160   0.755401 r
  candidates_i/n2961 (net)                      1     0.002961            0.000000   0.755401 r
  candidates_i/U3567/C (NAND3X1)                                0.048950  0.000000   0.755401 r
  candidates_i/U3567/Y (NAND3X1)                                0.017777  0.020556   0.775957 f
  candidates_i/n2970 (net)                      1     0.003011            0.000000   0.775957 f
  candidates_i/U3572/A (NOR3X1)                                 0.017777  0.000000   0.775957 f
  candidates_i/U3572/Y (NOR3X1)                                 0.050934  0.049672   0.825629 r
  candidates_i/N1733 (net)                      1     0.002343            0.000000   0.825629 r
  candidates_i/U370/B (AND2X1)                                  0.050934  0.000000   0.825629 r
  candidates_i/U370/Y (AND2X1)                                  0.103699  0.088188   0.913817 r
  candidates_i/hit[5] (net)                     7     0.017941            0.000000   0.913817 r
  candidates_i/U1386/A (NAND3X1)                                0.103699  0.000000   0.913817 r
  candidates_i/U1386/Y (NAND3X1)                                0.013507  0.029455   0.943272 f
  candidates_i/n2033 (net)                      1     0.001820            0.000000   0.943272 f
  candidates_i/U204/B (AND2X2)                                  0.013507  0.000000   0.943272 f
  candidates_i/U204/Y (AND2X2)                                  0.000000  0.038617   0.981889 f
  candidates_i/n2031 (net)                      1     0.002832            0.000000   0.981889 f
  candidates_i/U1385/C (NAND3X1)                                0.000000  0.000000   0.981889 f
  candidates_i/U1385/Y (NAND3X1)                                0.040713  0.029765   1.011655 r
  candidates_i/n2018 (net)                      1     0.003021            0.000000   1.011655 r
  candidates_i/U1378/A (NOR3X1)                                 0.040713  0.000000   1.011655 r
  candidates_i/U1378/Y (NOR3X1)                                 0.025640  0.041017   1.052672 f
  candidates_i/n2017 (net)                      1     0.001827            0.000000   1.052672 f
  candidates_i/U2915/B (AND2X1)                                 0.025640  0.000000   1.052672 f
  candidates_i/U2915/Y (AND2X1)                                 0.014290  0.043980   1.096652 f
  candidates_i/n831 (net)                       1     0.001476            0.000000   1.096652 f
  candidates_i/U2916/A (INVX1)                                  0.014290  0.000000   1.096652 f
  candidates_i/U2916/Y (INVX1)                                  0.150699  0.112642   1.209294 r
  candidates_i/n1990 (net)                     16     0.036225            0.000000   1.209294 r
  candidates_i/U2749/B (AND2X1)                                 0.150699  0.000000   1.209294 r
  candidates_i/U2749/Y (AND2X1)                                 0.014642  0.030154   1.239448 r
  candidates_i/n1994 (net)                      1     0.001551            0.000000   1.239448 r
  candidates_i/U2750/A (INVX1)                                  0.014642  0.000000   1.239448 r
  candidates_i/U2750/Y (INVX1)                                  0.011414  0.017008   1.256456 f
  candidates_i/n731 (net)                       1     0.002209            0.000000   1.256456 f
  candidates_i/U1343/A (NAND3X1)                                0.011414  0.000000   1.256456 f
  candidates_i/U1343/Y (NAND3X1)                                0.032783  0.034528   1.290985 r
  candidates_i/n1150 (net)                      1     0.001539            0.000000   1.290985 r
  candidates_i/U2748/A (BUFX2)                                  0.032783  0.000000   1.290985 r
  candidates_i/U2748/Y (BUFX2)                                  0.020257  0.042100   1.333084 r
  candidates_i/n730 (net)                       3     0.007035            0.000000   1.333084 r
  candidates_i/U2914/A (INVX1)                                  0.020257  0.000000   1.333084 r
  candidates_i/U2914/Y (INVX1)                                  0.123882  0.095906   1.428991 f
  candidates_i/n3210 (net)                     15     0.039942            0.000000   1.428991 f
  candidates_i/U657/A (AOI22X1)                                 0.123882  0.000000   1.428991 f
  candidates_i/U657/Y (AOI22X1)                                 0.039756  0.076728   1.505719 r
  candidates_i/n1174 (net)                      1     0.001869            0.000000   1.505719 r
  candidates_i/U76/B (AND2X2)                                   0.039756  0.000000   1.505719 r
  candidates_i/U76/Y (AND2X2)                                   0.011798  0.034500   1.540219 r
  candidates_i/n1172 (net)                      1     0.002961            0.000000   1.540219 r
  candidates_i/U656/C (NAND3X1)                                 0.011798  0.000000   1.540219 r
  candidates_i/U656/Y (NAND3X1)                                 0.016190  0.010761   1.550980 f
  candidates_i/n1169 (net)                      1     0.002342            0.000000   1.550980 f
  candidates_i/U1369/B (OR2X2)                                  0.016190  0.000000   1.550980 f
  candidates_i/U1369/Y (OR2X2)                                  0.004809  0.046484   1.597464 f
  candidates_i/n1078 (net)                      1     0.001476            0.000000   1.597464 f
  candidates_i/U1371/A (INVX1)                                  0.004809  0.000000   1.597464 f
  candidates_i/U1371/Y (INVX1)                                  0.000000  0.010342   1.607806 r
  candidates_i/n80 (net)                        2     0.005702            0.000000   1.607806 r
  candidates_i/U654/C (NAND3X1)                                 0.000000  0.000000   1.607806 r
  candidates_i/U654/Y (NAND3X1)                                 0.016156  0.007307   1.615113 f
  candidates_i/n1167 (net)                      1     0.001924            0.000000   1.615113 f
  candidates_i/U653/C (OAI21X1)                                 0.016156  0.000000   1.615113 f
  candidates_i/U653/Y (OAI21X1)                                 0.045560  0.022346   1.637458 r
  candidates_i/n1165 (net)                      1     0.002817            0.000000   1.637458 r
  candidates_i/U652/A (AOI22X1)                                 0.045560  0.000000   1.637458 r
  candidates_i/U652/Y (AOI22X1)                                 0.035654  0.040037   1.677495 f
  candidates_i/n1164 (net)                      1     0.002312            0.000000   1.677495 f
  candidates_i/U651/C (AOI21X1)                                 0.035654  0.000000   1.677495 f
  candidates_i/U651/Y (AOI21X1)                                 0.027785  0.025672   1.703166 r
  candidates_i/n1162 (net)                      1     0.002386            0.000000   1.703166 r
  candidates_i/U650/C (AOI21X1)                                 0.027785  0.000000   1.703166 r
  candidates_i/U650/Y (AOI21X1)                                 0.015011  0.017616   1.720782 f
  candidates_i/n1160 (net)                      1     0.002632            0.000000   1.720782 f
  candidates_i/U649/B (OAI21X1)                                 0.015011  0.000000   1.720782 f
  candidates_i/U649/Y (OAI21X1)                                 0.041918  0.040493   1.761274 r
  candidates_i/n1158 (net)                      1     0.002111            0.000000   1.761274 r
  candidates_i/U648/A (NAND2X1)                                 0.041918  0.000000   1.761274 r
  candidates_i/U648/Y (NAND2X1)                                 0.020639  0.018692   1.779966 f
  candidates_i/n1157 (net)                      1     0.001944            0.000000   1.779966 f
  candidates_i/U647/B (NAND2X1)                                 0.020639  0.000000   1.779966 f
  candidates_i/U647/Y (NAND2X1)                                 0.036723  0.017556   1.797522 r
  candidates_i/n1155 (net)                      1     0.002741            0.000000   1.797522 r
  candidates_i/U646/A (AOI21X1)                                 0.036723  0.000000   1.797522 r
  candidates_i/U646/Y (AOI21X1)                                 0.017841  0.022767   1.820289 f
  candidates_i/n1154 (net)                      1     0.002632            0.000000   1.820289 f
  candidates_i/U645/B (OAI21X1)                                 0.017841  0.000000   1.820289 f
  candidates_i/U645/Y (OAI21X1)                                 0.061327  0.054418   1.874707 r
  candidates_i/candidate_slots[8] (net)         3     0.006266            0.000000   1.874707 r
  candidates_i/candidate_slots[8] (mc_candidates_Q_DEPTH16_ROW_W8_COL_W6) 0.000000   1.874707 r
  candidate_slots[8] (net)                            0.006266            0.000000   1.874707 r
  frfcfs.scheduler_i/candidate_slots[8] (mc_scheduler_frfcfs_Q_DEPTH16_ADDR_W16_AGE_LIMIT128_AGING_ENABLE1)
                                                                          0.000000   1.874707 r
  frfcfs.scheduler_i/candidate_slots[8] (net)         0.006266            0.000000   1.874707 r
  frfcfs.scheduler_i/U1038/A (INVX1)                            0.061327  0.000000   1.874707 r
  frfcfs.scheduler_i/U1038/Y (INVX1)                            0.013934  0.033594   1.908301 f
  frfcfs.scheduler_i/n269 (net)                 2     0.004140            0.000000   1.908301 f
  frfcfs.scheduler_i/U51/B (AND2X1)                             0.013934  0.000000   1.908301 f
  frfcfs.scheduler_i/U51/Y (AND2X1)                             0.037226  0.058795   1.967095 f
  frfcfs.scheduler_i/n952 (net)                 4     0.009457            0.000000   1.967095 f
  frfcfs.scheduler_i/U528/A (NAND3X1)                           0.037226  0.000000   1.967095 f
  frfcfs.scheduler_i/U528/Y (NAND3X1)                           0.033609  0.043398   2.010494 r
  frfcfs.scheduler_i/n977 (net)                 1     0.001798            0.000000   2.010494 r
  frfcfs.scheduler_i/U928/A (AND2X2)                            0.033609  0.000000   2.010494 r
  frfcfs.scheduler_i/U928/Y (AND2X2)                            0.008264  0.032709   2.043203 r
  frfcfs.scheduler_i/n976 (net)                 1     0.001551            0.000000   2.043203 r
  frfcfs.scheduler_i/U929/A (INVX1)                             0.008264  0.000000   2.043203 r
  frfcfs.scheduler_i/U929/Y (INVX1)                             0.013128  0.016152   2.059355 f
  frfcfs.scheduler_i/n102 (net)                 1     0.002632            0.000000   2.059355 f
  frfcfs.scheduler_i/U524/B (OAI21X1)                           0.013128  0.000000   2.059355 f
  frfcfs.scheduler_i/U524/Y (OAI21X1)                           0.039206  0.038285   2.097640 r
  frfcfs.scheduler_i/n974 (net)                 1     0.001551            0.000000   2.097640 r
  frfcfs.scheduler_i/U987/A (INVX1)                             0.039206  0.000000   2.097640 r
  frfcfs.scheduler_i/U987/Y (INVX1)                             0.016800  0.028518   2.126157 f
  frfcfs.scheduler_i/n248 (net)                 2     0.004582            0.000000   2.126157 f
  frfcfs.scheduler_i/U511/A (AOI22X1)                           0.016800  0.000000   2.126157 f
  frfcfs.scheduler_i/U511/Y (AOI22X1)                           0.044327  0.047514   2.173672 r
  frfcfs.scheduler_i/n919 (net)                 1     0.001798            0.000000   2.173672 r
  frfcfs.scheduler_i/U50/A (AND2X2)                             0.044327  0.000000   2.173672 r
  frfcfs.scheduler_i/U50/Y (AND2X2)                             0.012059  0.035344   2.209016 r
  frfcfs.scheduler_i/n918 (net)                 1     0.002961            0.000000   2.209016 r
  frfcfs.scheduler_i/U485/C (NAND3X1)                           0.012059  0.000000   2.209016 r
  frfcfs.scheduler_i/U485/Y (NAND3X1)                           0.015997  0.010823   2.219838 f
  frfcfs.scheduler_i/n915 (net)                 1     0.002342            0.000000   2.219838 f
  frfcfs.scheduler_i/U140/B (OR2X2)                             0.015997  0.000000   2.219838 f
  frfcfs.scheduler_i/U140/Y (OR2X2)                             0.006514  0.047760   2.267598 f
  frfcfs.scheduler_i/n133 (net)                 1     0.002673            0.000000   2.267598 f
  frfcfs.scheduler_i/U141/A (INVX2)                             0.006514  0.000000   2.267598 f
  frfcfs.scheduler_i/U141/Y (INVX2)                             0.096080  0.069667   2.337265 r
  frfcfs.scheduler_i/n887 (net)                16     0.043876            0.000000   2.337265 r
  frfcfs.scheduler_i/U476/A (OAI21X1)                           0.096080  0.000000   2.337265 r
  frfcfs.scheduler_i/U476/Y (OAI21X1)                           0.009101  0.035930   2.373195 f
  frfcfs.scheduler_i/n906 (net)                 1     0.001476            0.000000   2.373195 f
  frfcfs.scheduler_i/U1047/A (INVX1)                            0.009101  0.000000   2.373195 f
  frfcfs.scheduler_i/U1047/Y (INVX1)                            0.210291  0.148904   2.522099 r
  frfcfs.scheduler_i/n224 (net)                17     0.047958            0.000000   2.522099 r
  frfcfs.scheduler_i/U395/A (AOI22X1)                           0.210291  0.000000   2.522099 r
  frfcfs.scheduler_i/U395/Y (AOI22X1)                           0.034092  0.071838   2.593937 f
  frfcfs.scheduler_i/n806 (net)                 1     0.001763            0.000000   2.593937 f
  frfcfs.scheduler_i/U34/A (AND2X2)                             0.034092  0.000000   2.593937 f
  frfcfs.scheduler_i/U34/Y (AND2X2)                             0.004683  0.039696   2.633632 f
  frfcfs.scheduler_i/n805 (net)                 1     0.002832            0.000000   2.633632 f
  frfcfs.scheduler_i/U393/C (NAND3X1)                           0.004683  0.000000   2.633632 f
  frfcfs.scheduler_i/U393/Y (NAND3X1)                           0.037240  0.028725   2.662358 r
  frfcfs.scheduler_i/n795 (net)                 1     0.002292            0.000000   2.662358 r
  frfcfs.scheduler_i/U32/A (OR2X2)                              0.037240  0.000000   2.662358 r
  frfcfs.scheduler_i/U32/Y (OR2X2)                              0.022359  0.047394   2.709752 r
  frfcfs.scheduler_i/n658 (net)                 3     0.007105            0.000000   2.709752 r
  frfcfs.scheduler_i/U297/A (NAND3X1)                           0.022359  0.000000   2.709752 r
  frfcfs.scheduler_i/U297/Y (NAND3X1)                           0.014938  0.018232   2.727984 f
  frfcfs.scheduler_i/n690 (net)                 1     0.001476            0.000000   2.727984 f
  frfcfs.scheduler_i/U178/A (INVX1)                             0.014938  0.000000   2.727984 f
  frfcfs.scheduler_i/U178/Y (INVX1)                             0.000000  0.000470   2.728454 r
  frfcfs.scheduler_i/n26 (net)                  1     0.001551            0.000000   2.728454 r
  frfcfs.scheduler_i/U179/A (INVX1)                             0.000000  0.000000   2.728454 r
  frfcfs.scheduler_i/U179/Y (INVX1)                             0.024468  0.021316   2.749770 f
  frfcfs.scheduler_i/n27 (net)                  2     0.006237            0.000000   2.749770 f
  frfcfs.scheduler_i/U291/A (NOR3X1)                            0.024468  0.000000   2.749770 f
  frfcfs.scheduler_i/U291/Y (NOR3X1)                            0.052289  0.051973   2.801743 r
  frfcfs.scheduler_i/n688 (net)                 1     0.002742            0.000000   2.801743 r
  frfcfs.scheduler_i/U290/A (OAI21X1)                           0.052289  0.000000   2.801743 r
  frfcfs.scheduler_i/U290/Y (OAI21X1)                           0.006913  0.025302   2.827045 f
  frfcfs.scheduler_i/n687 (net)                 1     0.001924            0.000000   2.827045 f
  frfcfs.scheduler_i/U289/C (OAI21X1)                           0.006913  0.000000   2.827045 f
  frfcfs.scheduler_i/U289/Y (OAI21X1)                           0.334217  0.213431   3.040475 r
  frfcfs.scheduler_i/select_slot[2] (net)      21     0.064782            0.000000   3.040475 r
  frfcfs.scheduler_i/select_slot[2] (mc_scheduler_frfcfs_Q_DEPTH16_ADDR_W16_AGE_LIMIT128_AGING_ENABLE1)
                                                                          0.000000   3.040475 r
  select_slot[2] (net)                                0.064782            0.000000   3.040475 r
  U1234/B (OR2X1)                                               0.334217  0.000000   3.040475 r
  U1234/Y (OR2X1)                                               0.017794  0.060088   3.100564 r
  n4343 (net)                                   1     0.001551            0.000000   3.100564 r
  U1235/A (INVX1)                                               0.017794  0.000000   3.100564 r
  U1235/Y (INVX1)                                               0.021224  0.024741   3.125305 f
  n732 (net)                                    3     0.005563            0.000000   3.125305 f
  U255/B (AND2X2)                                               0.021224  0.000000   3.125305 f
  U255/Y (AND2X2)                                               0.001461  0.040861   3.166166 f
  n741 (net)                                    2     0.002952            0.000000   3.166166 f
  U1262/A (INVX1)                                               0.001461  0.000000   3.166166 f
  U1262/Y (INVX1)                                               0.594556  0.389416   3.555582 r
  n746 (net)                                   48     0.122877            0.000000   3.555582 r
  U5043/B (OAI21X1)                                             0.594556  0.000000   3.555582 r
  U5043/Y (OAI21X1)                                             0.112799  0.129382   3.684964 f
  n4460 (net)                                   1     0.002313            0.000000   3.684964 f
  U1355/A (OR2X1)                                               0.112799  0.000000   3.684964 f
  U1355/Y (OR2X1)                                               0.014526  0.049448   3.734411 f
  n4465 (net)                                   1     0.003011            0.000000   3.734411 f
  U5047/A (NOR3X1)                                              0.014526  0.000000   3.734411 f
  U5047/Y (NOR3X1)                                              0.053424  0.050759   3.785171 r
  n4466 (net)                                   1     0.002798            0.000000   3.785171 r
  U5048/A (MUX2X1)                                              0.053424  0.000000   3.785171 r
  U5048/Y (MUX2X1)                                              0.090071  0.029915   3.815085 f
  n4468 (net)                                   1     0.001476            0.000000   3.815085 f
  U1276/A (INVX1)                                               0.090071  0.000000   3.815085 f
  U1276/Y (INVX1)                                               0.035499  0.059360   3.874446 r
  cmd_row[6] (net)                              2     0.011551            0.000000   3.874446 r
  cmd_row[6] (out)                                              0.035499  0.000000   3.874446 r
  data arrival time                                                                  3.874446

  clock core_clk (rise edge)                                              5.000000   5.000000
  clock network delay (ideal)                                             0.000000   5.000000
  clock uncertainty                                                       -0.100000  4.900000
  output external delay                                                   -1.000000  3.900000
  data required time                                                                 3.900000
  ----------------------------------------------------------------------------------------------
  data required time                                                                 3.900000
  data arrival time                                                                  -3.874446
  ----------------------------------------------------------------------------------------------
  slack (MET)                                                                        0.025554


  Startpoint: table_i/addresses_reg[80]
              (rising edge-triggered flip-flop clocked by core_clk)
  Endpoint: cmd_row[5] (output port clocked by core_clk)
  Path Group: core_clk
  Path Type: max

  Point                                       Fanout       Cap     Trans      Incr       Path
  ----------------------------------------------------------------------------------------------
  clock core_clk (rise edge)                                              0.000000   0.000000
  clock network delay (ideal)                                             0.000000   0.000000
  table_i/addresses_reg[80]/CLK (DFFPOSX1)                      0.000000  0.000000 # 0.000000 r
  table_i/addresses_reg[80]/Q (DFFPOSX1)                        0.188646  0.179091   0.179091 r
  table_i/addresses[80] (net)                  33     0.078385            0.000000   0.179091 r
  table_i/addresses[80] (mc_transaction_table_Q_DEPTH16_ADDR_W16_DATA_W32_TAG_W8_READ_LATENCY3_AGE_LIMIT128)
                                                                          0.000000   0.179091 r
  addresses[80] (net)                                 0.078385            0.000000   0.179091 r
  candidates_i/addresses[80] (mc_candidates_Q_DEPTH16_ROW_W8_COL_W6)      0.000000   0.179091 r
  candidates_i/N1286 (net)                            0.078385            0.000000   0.179091 r
  candidates_i/U3034/A (INVX1)                                  0.188646  0.000000   0.179091 r
  candidates_i/U3034/Y (INVX1)                                  0.047725  0.096550   0.275641 f
  candidates_i/n840 (net)                       8     0.018192            0.000000   0.275641 f
  candidates_i/U2887/A (OR2X1)                                  0.047725  0.000000   0.275641 f
  candidates_i/U2887/Y (OR2X1)                                  0.005533  0.041346   0.316987 f
  candidates_i/n3464 (net)                      1     0.001476            0.000000   0.316987 f
  candidates_i/U2888/A (INVX1)                                  0.005533  0.000000   0.316987 f
  candidates_i/U2888/Y (INVX1)                                  0.217422  0.152394   0.469381 r
  candidates_i/n817 (net)                      17     0.049411            0.000000   0.469381 r
  candidates_i/U3840/D (AOI22X1)                                0.217422  0.000000   0.469381 r
  candidates_i/U3840/Y (AOI22X1)                                0.032705  0.068940   0.538321 f
  candidates_i/n3448 (net)                      1     0.001504            0.000000   0.538321 f
  candidates_i/U2188/A (BUFX2)                                  0.032705  0.000000   0.538321 f
  candidates_i/U2188/Y (BUFX2)                                  0.005893  0.037018   0.575339 f
  candidates_i/n203 (net)                       1     0.001827            0.000000   0.575339 f
  candidates_i/U59/B (AND2X1)                                   0.005893  0.000000   0.575339 f
  candidates_i/U59/Y (AND2X1)                                   0.015445  0.041557   0.616896 f
  candidates_i/N1725 (net)                      1     0.001476            0.000000   0.616896 f
  candidates_i/U2186/A (INVX1)                                  0.015445  0.000000   0.616896 f
  candidates_i/U2186/Y (INVX1)                                  0.000000  0.010907   0.627803 r
  candidates_i/n201 (net)                       2     0.004715            0.000000   0.627803 r
  candidates_i/U205/B (OR2X1)                                   0.000000  0.000000   0.627803 r
  candidates_i/U205/Y (OR2X1)                                   0.031431  0.054667   0.682471 r
  candidates_i/n2955 (net)                      2     0.004138            0.000000   0.682471 r
  candidates_i/U3562/B (NAND2X1)                                0.031431  0.000000   0.682471 r
  candidates_i/U3562/Y (NAND2X1)                                0.021608  0.020771   0.703241 f
  candidates_i/n2960 (net)                      1     0.002658            0.000000   0.703241 f
  candidates_i/U3566/A (AOI22X1)                                0.021608  0.000000   0.703241 f
  candidates_i/U3566/Y (AOI22X1)                                0.048950  0.052160   0.755401 r
  candidates_i/n2961 (net)                      1     0.002961            0.000000   0.755401 r
  candidates_i/U3567/C (NAND3X1)                                0.048950  0.000000   0.755401 r
  candidates_i/U3567/Y (NAND3X1)                                0.017777  0.020556   0.775957 f
  candidates_i/n2970 (net)                      1     0.003011            0.000000   0.775957 f
  candidates_i/U3572/A (NOR3X1)                                 0.017777  0.000000   0.775957 f
  candidates_i/U3572/Y (NOR3X1)                                 0.050934  0.049672   0.825629 r
  candidates_i/N1733 (net)                      1     0.002343            0.000000   0.825629 r
  candidates_i/U370/B (AND2X1)                                  0.050934  0.000000   0.825629 r
  candidates_i/U370/Y (AND2X1)                                  0.103699  0.088188   0.913817 r
  candidates_i/hit[5] (net)                     7     0.017941            0.000000   0.913817 r
  candidates_i/U1386/A (NAND3X1)                                0.103699  0.000000   0.913817 r
  candidates_i/U1386/Y (NAND3X1)                                0.013507  0.029455   0.943272 f
  candidates_i/n2033 (net)                      1     0.001820            0.000000   0.943272 f
  candidates_i/U204/B (AND2X2)                                  0.013507  0.000000   0.943272 f
  candidates_i/U204/Y (AND2X2)                                  0.000000  0.038617   0.981889 f
  candidates_i/n2031 (net)                      1     0.002832            0.000000   0.981889 f
  candidates_i/U1385/C (NAND3X1)                                0.000000  0.000000   0.981889 f
  candidates_i/U1385/Y (NAND3X1)                                0.040713  0.029765   1.011655 r
  candidates_i/n2018 (net)                      1     0.003021            0.000000   1.011655 r
  candidates_i/U1378/A (NOR3X1)                                 0.040713  0.000000   1.011655 r
  candidates_i/U1378/Y (NOR3X1)                                 0.025640  0.041017   1.052672 f
  candidates_i/n2017 (net)                      1     0.001827            0.000000   1.052672 f
  candidates_i/U2915/B (AND2X1)                                 0.025640  0.000000   1.052672 f
  candidates_i/U2915/Y (AND2X1)                                 0.014290  0.043980   1.096652 f
  candidates_i/n831 (net)                       1     0.001476            0.000000   1.096652 f
  candidates_i/U2916/A (INVX1)                                  0.014290  0.000000   1.096652 f
  candidates_i/U2916/Y (INVX1)                                  0.150699  0.112642   1.209294 r
  candidates_i/n1990 (net)                     16     0.036225            0.000000   1.209294 r
  candidates_i/U2749/B (AND2X1)                                 0.150699  0.000000   1.209294 r
  candidates_i/U2749/Y (AND2X1)                                 0.014642  0.030154   1.239448 r
  candidates_i/n1994 (net)                      1     0.001551            0.000000   1.239448 r
  candidates_i/U2750/A (INVX1)                                  0.014642  0.000000   1.239448 r
  candidates_i/U2750/Y (INVX1)                                  0.011414  0.017008   1.256456 f
  candidates_i/n731 (net)                       1     0.002209            0.000000   1.256456 f
  candidates_i/U1343/A (NAND3X1)                                0.011414  0.000000   1.256456 f
  candidates_i/U1343/Y (NAND3X1)                                0.032783  0.034528   1.290985 r
  candidates_i/n1150 (net)                      1     0.001539            0.000000   1.290985 r
  candidates_i/U2748/A (BUFX2)                                  0.032783  0.000000   1.290985 r
  candidates_i/U2748/Y (BUFX2)                                  0.020257  0.042100   1.333084 r
  candidates_i/n730 (net)                       3     0.007035            0.000000   1.333084 r
  candidates_i/U2914/A (INVX1)                                  0.020257  0.000000   1.333084 r
  candidates_i/U2914/Y (INVX1)                                  0.123882  0.095906   1.428991 f
  candidates_i/n3210 (net)                     15     0.039942            0.000000   1.428991 f
  candidates_i/U657/A (AOI22X1)                                 0.123882  0.000000   1.428991 f
  candidates_i/U657/Y (AOI22X1)                                 0.039756  0.076728   1.505719 r
  candidates_i/n1174 (net)                      1     0.001869            0.000000   1.505719 r
  candidates_i/U76/B (AND2X2)                                   0.039756  0.000000   1.505719 r
  candidates_i/U76/Y (AND2X2)                                   0.011798  0.034500   1.540219 r
  candidates_i/n1172 (net)                      1     0.002961            0.000000   1.540219 r
  candidates_i/U656/C (NAND3X1)                                 0.011798  0.000000   1.540219 r
  candidates_i/U656/Y (NAND3X1)                                 0.016190  0.010761   1.550980 f
  candidates_i/n1169 (net)                      1     0.002342            0.000000   1.550980 f
  candidates_i/U1369/B (OR2X2)                                  0.016190  0.000000   1.550980 f
  candidates_i/U1369/Y (OR2X2)                                  0.004809  0.046484   1.597464 f
  candidates_i/n1078 (net)                      1     0.001476            0.000000   1.597464 f
  candidates_i/U1371/A (INVX1)                                  0.004809  0.000000   1.597464 f
  candidates_i/U1371/Y (INVX1)                                  0.000000  0.010342   1.607806 r
  candidates_i/n80 (net)                        2     0.005702            0.000000   1.607806 r
  candidates_i/U654/C (NAND3X1)                                 0.000000  0.000000   1.607806 r
  candidates_i/U654/Y (NAND3X1)                                 0.016156  0.007307   1.615113 f
  candidates_i/n1167 (net)                      1     0.001924            0.000000   1.615113 f
  candidates_i/U653/C (OAI21X1)                                 0.016156  0.000000   1.615113 f
  candidates_i/U653/Y (OAI21X1)                                 0.045560  0.022346   1.637458 r
  candidates_i/n1165 (net)                      1     0.002817            0.000000   1.637458 r
  candidates_i/U652/A (AOI22X1)                                 0.045560  0.000000   1.637458 r
  candidates_i/U652/Y (AOI22X1)                                 0.035654  0.040037   1.677495 f
  candidates_i/n1164 (net)                      1     0.002312            0.000000   1.677495 f
  candidates_i/U651/C (AOI21X1)                                 0.035654  0.000000   1.677495 f
  candidates_i/U651/Y (AOI21X1)                                 0.027785  0.025672   1.703166 r
  candidates_i/n1162 (net)                      1     0.002386            0.000000   1.703166 r
  candidates_i/U650/C (AOI21X1)                                 0.027785  0.000000   1.703166 r
  candidates_i/U650/Y (AOI21X1)                                 0.015011  0.017616   1.720782 f
  candidates_i/n1160 (net)                      1     0.002632            0.000000   1.720782 f
  candidates_i/U649/B (OAI21X1)                                 0.015011  0.000000   1.720782 f
  candidates_i/U649/Y (OAI21X1)                                 0.041918  0.040493   1.761274 r
  candidates_i/n1158 (net)                      1     0.002111            0.000000   1.761274 r
  candidates_i/U648/A (NAND2X1)                                 0.041918  0.000000   1.761274 r
  candidates_i/U648/Y (NAND2X1)                                 0.020639  0.018692   1.779966 f
  candidates_i/n1157 (net)                      1     0.001944            0.000000   1.779966 f
  candidates_i/U647/B (NAND2X1)                                 0.020639  0.000000   1.779966 f
  candidates_i/U647/Y (NAND2X1)                                 0.036723  0.017556   1.797522 r
  candidates_i/n1155 (net)                      1     0.002741            0.000000   1.797522 r
  candidates_i/U646/A (AOI21X1)                                 0.036723  0.000000   1.797522 r
  candidates_i/U646/Y (AOI21X1)                                 0.017841  0.022767   1.820289 f
  candidates_i/n1154 (net)                      1     0.002632            0.000000   1.820289 f
  candidates_i/U645/B (OAI21X1)                                 0.017841  0.000000   1.820289 f
  candidates_i/U645/Y (OAI21X1)                                 0.061327  0.054418   1.874707 r
  candidates_i/candidate_slots[8] (net)         3     0.006266            0.000000   1.874707 r
  candidates_i/candidate_slots[8] (mc_candidates_Q_DEPTH16_ROW_W8_COL_W6) 0.000000   1.874707 r
  candidate_slots[8] (net)                            0.006266            0.000000   1.874707 r
  frfcfs.scheduler_i/candidate_slots[8] (mc_scheduler_frfcfs_Q_DEPTH16_ADDR_W16_AGE_LIMIT128_AGING_ENABLE1)
                                                                          0.000000   1.874707 r
  frfcfs.scheduler_i/candidate_slots[8] (net)         0.006266            0.000000   1.874707 r
  frfcfs.scheduler_i/U1038/A (INVX1)                            0.061327  0.000000   1.874707 r
  frfcfs.scheduler_i/U1038/Y (INVX1)                            0.013934  0.033594   1.908301 f
  frfcfs.scheduler_i/n269 (net)                 2     0.004140            0.000000   1.908301 f
  frfcfs.scheduler_i/U51/B (AND2X1)                             0.013934  0.000000   1.908301 f
  frfcfs.scheduler_i/U51/Y (AND2X1)                             0.037226  0.058795   1.967095 f
  frfcfs.scheduler_i/n952 (net)                 4     0.009457            0.000000   1.967095 f
  frfcfs.scheduler_i/U528/A (NAND3X1)                           0.037226  0.000000   1.967095 f
  frfcfs.scheduler_i/U528/Y (NAND3X1)                           0.033609  0.043398   2.010494 r
  frfcfs.scheduler_i/n977 (net)                 1     0.001798            0.000000   2.010494 r
  frfcfs.scheduler_i/U928/A (AND2X2)                            0.033609  0.000000   2.010494 r
  frfcfs.scheduler_i/U928/Y (AND2X2)                            0.008264  0.032709   2.043203 r
  frfcfs.scheduler_i/n976 (net)                 1     0.001551            0.000000   2.043203 r
  frfcfs.scheduler_i/U929/A (INVX1)                             0.008264  0.000000   2.043203 r
  frfcfs.scheduler_i/U929/Y (INVX1)                             0.013128  0.016152   2.059355 f
  frfcfs.scheduler_i/n102 (net)                 1     0.002632            0.000000   2.059355 f
  frfcfs.scheduler_i/U524/B (OAI21X1)                           0.013128  0.000000   2.059355 f
  frfcfs.scheduler_i/U524/Y (OAI21X1)                           0.039206  0.038285   2.097640 r
  frfcfs.scheduler_i/n974 (net)                 1     0.001551            0.000000   2.097640 r
  frfcfs.scheduler_i/U987/A (INVX1)                             0.039206  0.000000   2.097640 r
  frfcfs.scheduler_i/U987/Y (INVX1)                             0.016800  0.028518   2.126157 f
  frfcfs.scheduler_i/n248 (net)                 2     0.004582            0.000000   2.126157 f
  frfcfs.scheduler_i/U511/A (AOI22X1)                           0.016800  0.000000   2.126157 f
  frfcfs.scheduler_i/U511/Y (AOI22X1)                           0.044327  0.047514   2.173672 r
  frfcfs.scheduler_i/n919 (net)                 1     0.001798            0.000000   2.173672 r
  frfcfs.scheduler_i/U50/A (AND2X2)                             0.044327  0.000000   2.173672 r
  frfcfs.scheduler_i/U50/Y (AND2X2)                             0.012059  0.035344   2.209016 r
  frfcfs.scheduler_i/n918 (net)                 1     0.002961            0.000000   2.209016 r
  frfcfs.scheduler_i/U485/C (NAND3X1)                           0.012059  0.000000   2.209016 r
  frfcfs.scheduler_i/U485/Y (NAND3X1)                           0.015997  0.010823   2.219838 f
  frfcfs.scheduler_i/n915 (net)                 1     0.002342            0.000000   2.219838 f
  frfcfs.scheduler_i/U140/B (OR2X2)                             0.015997  0.000000   2.219838 f
  frfcfs.scheduler_i/U140/Y (OR2X2)                             0.006514  0.047760   2.267598 f
  frfcfs.scheduler_i/n133 (net)                 1     0.002673            0.000000   2.267598 f
  frfcfs.scheduler_i/U141/A (INVX2)                             0.006514  0.000000   2.267598 f
  frfcfs.scheduler_i/U141/Y (INVX2)                             0.096080  0.069667   2.337265 r
  frfcfs.scheduler_i/n887 (net)                16     0.043876            0.000000   2.337265 r
  frfcfs.scheduler_i/U476/A (OAI21X1)                           0.096080  0.000000   2.337265 r
  frfcfs.scheduler_i/U476/Y (OAI21X1)                           0.009101  0.035930   2.373195 f
  frfcfs.scheduler_i/n906 (net)                 1     0.001476            0.000000   2.373195 f
  frfcfs.scheduler_i/U1047/A (INVX1)                            0.009101  0.000000   2.373195 f
  frfcfs.scheduler_i/U1047/Y (INVX1)                            0.210291  0.148904   2.522099 r
  frfcfs.scheduler_i/n224 (net)                17     0.047958            0.000000   2.522099 r
  frfcfs.scheduler_i/U395/A (AOI22X1)                           0.210291  0.000000   2.522099 r
  frfcfs.scheduler_i/U395/Y (AOI22X1)                           0.034092  0.071838   2.593937 f
  frfcfs.scheduler_i/n806 (net)                 1     0.001763            0.000000   2.593937 f
  frfcfs.scheduler_i/U34/A (AND2X2)                             0.034092  0.000000   2.593937 f
  frfcfs.scheduler_i/U34/Y (AND2X2)                             0.004683  0.039696   2.633632 f
  frfcfs.scheduler_i/n805 (net)                 1     0.002832            0.000000   2.633632 f
  frfcfs.scheduler_i/U393/C (NAND3X1)                           0.004683  0.000000   2.633632 f
  frfcfs.scheduler_i/U393/Y (NAND3X1)                           0.037240  0.028725   2.662358 r
  frfcfs.scheduler_i/n795 (net)                 1     0.002292            0.000000   2.662358 r
  frfcfs.scheduler_i/U32/A (OR2X2)                              0.037240  0.000000   2.662358 r
  frfcfs.scheduler_i/U32/Y (OR2X2)                              0.022359  0.047394   2.709752 r
  frfcfs.scheduler_i/n658 (net)                 3     0.007105            0.000000   2.709752 r
  frfcfs.scheduler_i/U297/A (NAND3X1)                           0.022359  0.000000   2.709752 r
  frfcfs.scheduler_i/U297/Y (NAND3X1)                           0.014938  0.018232   2.727984 f
  frfcfs.scheduler_i/n690 (net)                 1     0.001476            0.000000   2.727984 f
  frfcfs.scheduler_i/U178/A (INVX1)                             0.014938  0.000000   2.727984 f
  frfcfs.scheduler_i/U178/Y (INVX1)                             0.000000  0.000470   2.728454 r
  frfcfs.scheduler_i/n26 (net)                  1     0.001551            0.000000   2.728454 r
  frfcfs.scheduler_i/U179/A (INVX1)                             0.000000  0.000000   2.728454 r
  frfcfs.scheduler_i/U179/Y (INVX1)                             0.024468  0.021316   2.749770 f
  frfcfs.scheduler_i/n27 (net)                  2     0.006237            0.000000   2.749770 f
  frfcfs.scheduler_i/U291/A (NOR3X1)                            0.024468  0.000000   2.749770 f
  frfcfs.scheduler_i/U291/Y (NOR3X1)                            0.052289  0.051973   2.801743 r
  frfcfs.scheduler_i/n688 (net)                 1     0.002742            0.000000   2.801743 r
  frfcfs.scheduler_i/U290/A (OAI21X1)                           0.052289  0.000000   2.801743 r
  frfcfs.scheduler_i/U290/Y (OAI21X1)                           0.006913  0.025302   2.827045 f
  frfcfs.scheduler_i/n687 (net)                 1     0.001924            0.000000   2.827045 f
  frfcfs.scheduler_i/U289/C (OAI21X1)                           0.006913  0.000000   2.827045 f
  frfcfs.scheduler_i/U289/Y (OAI21X1)                           0.334217  0.213431   3.040475 r
  frfcfs.scheduler_i/select_slot[2] (net)      21     0.064782            0.000000   3.040475 r
  frfcfs.scheduler_i/select_slot[2] (mc_scheduler_frfcfs_Q_DEPTH16_ADDR_W16_AGE_LIMIT128_AGING_ENABLE1)
                                                                          0.000000   3.040475 r
  select_slot[2] (net)                                0.064782            0.000000   3.040475 r
  U1234/B (OR2X1)                                               0.334217  0.000000   3.040475 r
  U1234/Y (OR2X1)                                               0.017794  0.060088   3.100564 r
  n4343 (net)                                   1     0.001551            0.000000   3.100564 r
  U1235/A (INVX1)                                               0.017794  0.000000   3.100564 r
  U1235/Y (INVX1)                                               0.021224  0.024741   3.125305 f
  n732 (net)                                    3     0.005563            0.000000   3.125305 f
  U255/B (AND2X2)                                               0.021224  0.000000   3.125305 f
  U255/Y (AND2X2)                                               0.001461  0.040861   3.166166 f
  n741 (net)                                    2     0.002952            0.000000   3.166166 f
  U1262/A (INVX1)                                               0.001461  0.000000   3.166166 f
  U1262/Y (INVX1)                                               0.594556  0.389416   3.555582 r
  n746 (net)                                   48     0.122877            0.000000   3.555582 r
  U5032/B (OAI21X1)                                             0.594556  0.000000   3.555582 r
  U5032/Y (OAI21X1)                                             0.112799  0.129382   3.684964 f
  n4439 (net)                                   1     0.002313            0.000000   3.684964 f
  U1353/A (OR2X1)                                               0.112799  0.000000   3.684964 f
  U1353/Y (OR2X1)                                               0.014526  0.049448   3.734411 f
  n4444 (net)                                   1     0.003011            0.000000   3.734411 f
  U5036/A (NOR3X1)                                              0.014526  0.000000   3.734411 f
  U5036/Y (NOR3X1)                                              0.053424  0.050759   3.785171 r
  n4445 (net)                                   1     0.002798            0.000000   3.785171 r
  U5037/A (MUX2X1)                                              0.053424  0.000000   3.785171 r
  U5037/Y (MUX2X1)                                              0.090071  0.029915   3.815085 f
  n4447 (net)                                   1     0.001476            0.000000   3.815085 f
  U1275/A (INVX1)                                               0.090071  0.000000   3.815085 f
  U1275/Y (INVX1)                                               0.035499  0.059360   3.874446 r
  cmd_row[5] (net)                              2     0.011551            0.000000   3.874446 r
  cmd_row[5] (out)                                              0.035499  0.000000   3.874446 r
  data arrival time                                                                  3.874446

  clock core_clk (rise edge)                                              5.000000   5.000000
  clock network delay (ideal)                                             0.000000   5.000000
  clock uncertainty                                                       -0.100000  4.900000
  output external delay                                                   -1.000000  3.900000
  data required time                                                                 3.900000
  ----------------------------------------------------------------------------------------------
  data required time                                                                 3.900000
  data arrival time                                                                  -3.874446
  ----------------------------------------------------------------------------------------------
  slack (MET)                                                                        0.025554


  Startpoint: table_i/addresses_reg[80]
              (rising edge-triggered flip-flop clocked by core_clk)
  Endpoint: cmd_row[2] (output port clocked by core_clk)
  Path Group: core_clk
  Path Type: max

  Point                                       Fanout       Cap     Trans      Incr       Path
  ----------------------------------------------------------------------------------------------
  clock core_clk (rise edge)                                              0.000000   0.000000
  clock network delay (ideal)                                             0.000000   0.000000
  table_i/addresses_reg[80]/CLK (DFFPOSX1)                      0.000000  0.000000 # 0.000000 r
  table_i/addresses_reg[80]/Q (DFFPOSX1)                        0.188646  0.179091   0.179091 r
  table_i/addresses[80] (net)                  33     0.078385            0.000000   0.179091 r
  table_i/addresses[80] (mc_transaction_table_Q_DEPTH16_ADDR_W16_DATA_W32_TAG_W8_READ_LATENCY3_AGE_LIMIT128)
                                                                          0.000000   0.179091 r
  addresses[80] (net)                                 0.078385            0.000000   0.179091 r
  candidates_i/addresses[80] (mc_candidates_Q_DEPTH16_ROW_W8_COL_W6)      0.000000   0.179091 r
  candidates_i/N1286 (net)                            0.078385            0.000000   0.179091 r
  candidates_i/U3034/A (INVX1)                                  0.188646  0.000000   0.179091 r
  candidates_i/U3034/Y (INVX1)                                  0.047725  0.096550   0.275641 f
  candidates_i/n840 (net)                       8     0.018192            0.000000   0.275641 f
  candidates_i/U2887/A (OR2X1)                                  0.047725  0.000000   0.275641 f
  candidates_i/U2887/Y (OR2X1)                                  0.005533  0.041346   0.316987 f
  candidates_i/n3464 (net)                      1     0.001476            0.000000   0.316987 f
  candidates_i/U2888/A (INVX1)                                  0.005533  0.000000   0.316987 f
  candidates_i/U2888/Y (INVX1)                                  0.217422  0.152394   0.469381 r
  candidates_i/n817 (net)                      17     0.049411            0.000000   0.469381 r
  candidates_i/U3840/D (AOI22X1)                                0.217422  0.000000   0.469381 r
  candidates_i/U3840/Y (AOI22X1)                                0.032705  0.068940   0.538321 f
  candidates_i/n3448 (net)                      1     0.001504            0.000000   0.538321 f
  candidates_i/U2188/A (BUFX2)                                  0.032705  0.000000   0.538321 f
  candidates_i/U2188/Y (BUFX2)                                  0.005893  0.037018   0.575339 f
  candidates_i/n203 (net)                       1     0.001827            0.000000   0.575339 f
  candidates_i/U59/B (AND2X1)                                   0.005893  0.000000   0.575339 f
  candidates_i/U59/Y (AND2X1)                                   0.015445  0.041557   0.616896 f
  candidates_i/N1725 (net)                      1     0.001476            0.000000   0.616896 f
  candidates_i/U2186/A (INVX1)                                  0.015445  0.000000   0.616896 f
  candidates_i/U2186/Y (INVX1)                                  0.000000  0.010907   0.627803 r
  candidates_i/n201 (net)                       2     0.004715            0.000000   0.627803 r
  candidates_i/U205/B (OR2X1)                                   0.000000  0.000000   0.627803 r
  candidates_i/U205/Y (OR2X1)                                   0.031431  0.054667   0.682471 r
  candidates_i/n2955 (net)                      2     0.004138            0.000000   0.682471 r
  candidates_i/U3562/B (NAND2X1)                                0.031431  0.000000   0.682471 r
  candidates_i/U3562/Y (NAND2X1)                                0.021608  0.020771   0.703241 f
  candidates_i/n2960 (net)                      1     0.002658            0.000000   0.703241 f
  candidates_i/U3566/A (AOI22X1)                                0.021608  0.000000   0.703241 f
  candidates_i/U3566/Y (AOI22X1)                                0.048950  0.052160   0.755401 r
  candidates_i/n2961 (net)                      1     0.002961            0.000000   0.755401 r
  candidates_i/U3567/C (NAND3X1)                                0.048950  0.000000   0.755401 r
  candidates_i/U3567/Y (NAND3X1)                                0.017777  0.020556   0.775957 f
  candidates_i/n2970 (net)                      1     0.003011            0.000000   0.775957 f
  candidates_i/U3572/A (NOR3X1)                                 0.017777  0.000000   0.775957 f
  candidates_i/U3572/Y (NOR3X1)                                 0.050934  0.049672   0.825629 r
  candidates_i/N1733 (net)                      1     0.002343            0.000000   0.825629 r
  candidates_i/U370/B (AND2X1)                                  0.050934  0.000000   0.825629 r
  candidates_i/U370/Y (AND2X1)                                  0.103699  0.088188   0.913817 r
  candidates_i/hit[5] (net)                     7     0.017941            0.000000   0.913817 r
  candidates_i/U1386/A (NAND3X1)                                0.103699  0.000000   0.913817 r
  candidates_i/U1386/Y (NAND3X1)                                0.013507  0.029455   0.943272 f
  candidates_i/n2033 (net)                      1     0.001820            0.000000   0.943272 f
  candidates_i/U204/B (AND2X2)                                  0.013507  0.000000   0.943272 f
  candidates_i/U204/Y (AND2X2)                                  0.000000  0.038617   0.981889 f
  candidates_i/n2031 (net)                      1     0.002832            0.000000   0.981889 f
  candidates_i/U1385/C (NAND3X1)                                0.000000  0.000000   0.981889 f
  candidates_i/U1385/Y (NAND3X1)                                0.040713  0.029765   1.011655 r
  candidates_i/n2018 (net)                      1     0.003021            0.000000   1.011655 r
  candidates_i/U1378/A (NOR3X1)                                 0.040713  0.000000   1.011655 r
  candidates_i/U1378/Y (NOR3X1)                                 0.025640  0.041017   1.052672 f
  candidates_i/n2017 (net)                      1     0.001827            0.000000   1.052672 f
  candidates_i/U2915/B (AND2X1)                                 0.025640  0.000000   1.052672 f
  candidates_i/U2915/Y (AND2X1)                                 0.014290  0.043980   1.096652 f
  candidates_i/n831 (net)                       1     0.001476            0.000000   1.096652 f
  candidates_i/U2916/A (INVX1)                                  0.014290  0.000000   1.096652 f
  candidates_i/U2916/Y (INVX1)                                  0.150699  0.112642   1.209294 r
  candidates_i/n1990 (net)                     16     0.036225            0.000000   1.209294 r
  candidates_i/U2749/B (AND2X1)                                 0.150699  0.000000   1.209294 r
  candidates_i/U2749/Y (AND2X1)                                 0.014642  0.030154   1.239448 r
  candidates_i/n1994 (net)                      1     0.001551            0.000000   1.239448 r
  candidates_i/U2750/A (INVX1)                                  0.014642  0.000000   1.239448 r
  candidates_i/U2750/Y (INVX1)                                  0.011414  0.017008   1.256456 f
  candidates_i/n731 (net)                       1     0.002209            0.000000   1.256456 f
  candidates_i/U1343/A (NAND3X1)                                0.011414  0.000000   1.256456 f
  candidates_i/U1343/Y (NAND3X1)                                0.032783  0.034528   1.290985 r
  candidates_i/n1150 (net)                      1     0.001539            0.000000   1.290985 r
  candidates_i/U2748/A (BUFX2)                                  0.032783  0.000000   1.290985 r
  candidates_i/U2748/Y (BUFX2)                                  0.020257  0.042100   1.333084 r
  candidates_i/n730 (net)                       3     0.007035            0.000000   1.333084 r
  candidates_i/U2914/A (INVX1)                                  0.020257  0.000000   1.333084 r
  candidates_i/U2914/Y (INVX1)                                  0.123882  0.095906   1.428991 f
  candidates_i/n3210 (net)                     15     0.039942            0.000000   1.428991 f
  candidates_i/U657/A (AOI22X1)                                 0.123882  0.000000   1.428991 f
  candidates_i/U657/Y (AOI22X1)                                 0.039756  0.076728   1.505719 r
  candidates_i/n1174 (net)                      1     0.001869            0.000000   1.505719 r
  candidates_i/U76/B (AND2X2)                                   0.039756  0.000000   1.505719 r
  candidates_i/U76/Y (AND2X2)                                   0.011798  0.034500   1.540219 r
  candidates_i/n1172 (net)                      1     0.002961            0.000000   1.540219 r
  candidates_i/U656/C (NAND3X1)                                 0.011798  0.000000   1.540219 r
  candidates_i/U656/Y (NAND3X1)                                 0.016190  0.010761   1.550980 f
  candidates_i/n1169 (net)                      1     0.002342            0.000000   1.550980 f
  candidates_i/U1369/B (OR2X2)                                  0.016190  0.000000   1.550980 f
  candidates_i/U1369/Y (OR2X2)                                  0.004809  0.046484   1.597464 f
  candidates_i/n1078 (net)                      1     0.001476            0.000000   1.597464 f
  candidates_i/U1371/A (INVX1)                                  0.004809  0.000000   1.597464 f
  candidates_i/U1371/Y (INVX1)                                  0.000000  0.010342   1.607806 r
  candidates_i/n80 (net)                        2     0.005702            0.000000   1.607806 r
  candidates_i/U654/C (NAND3X1)                                 0.000000  0.000000   1.607806 r
  candidates_i/U654/Y (NAND3X1)                                 0.016156  0.007307   1.615113 f
  candidates_i/n1167 (net)                      1     0.001924            0.000000   1.615113 f
  candidates_i/U653/C (OAI21X1)                                 0.016156  0.000000   1.615113 f
  candidates_i/U653/Y (OAI21X1)                                 0.045560  0.022346   1.637458 r
  candidates_i/n1165 (net)                      1     0.002817            0.000000   1.637458 r
  candidates_i/U652/A (AOI22X1)                                 0.045560  0.000000   1.637458 r
  candidates_i/U652/Y (AOI22X1)                                 0.035654  0.040037   1.677495 f
  candidates_i/n1164 (net)                      1     0.002312            0.000000   1.677495 f
  candidates_i/U651/C (AOI21X1)                                 0.035654  0.000000   1.677495 f
  candidates_i/U651/Y (AOI21X1)                                 0.027785  0.025672   1.703166 r
  candidates_i/n1162 (net)                      1     0.002386            0.000000   1.703166 r
  candidates_i/U650/C (AOI21X1)                                 0.027785  0.000000   1.703166 r
  candidates_i/U650/Y (AOI21X1)                                 0.015011  0.017616   1.720782 f
  candidates_i/n1160 (net)                      1     0.002632            0.000000   1.720782 f
  candidates_i/U649/B (OAI21X1)                                 0.015011  0.000000   1.720782 f
  candidates_i/U649/Y (OAI21X1)                                 0.041918  0.040493   1.761274 r
  candidates_i/n1158 (net)                      1     0.002111            0.000000   1.761274 r
  candidates_i/U648/A (NAND2X1)                                 0.041918  0.000000   1.761274 r
  candidates_i/U648/Y (NAND2X1)                                 0.020639  0.018692   1.779966 f
  candidates_i/n1157 (net)                      1     0.001944            0.000000   1.779966 f
  candidates_i/U647/B (NAND2X1)                                 0.020639  0.000000   1.779966 f
  candidates_i/U647/Y (NAND2X1)                                 0.036723  0.017556   1.797522 r
  candidates_i/n1155 (net)                      1     0.002741            0.000000   1.797522 r
  candidates_i/U646/A (AOI21X1)                                 0.036723  0.000000   1.797522 r
  candidates_i/U646/Y (AOI21X1)                                 0.017841  0.022767   1.820289 f
  candidates_i/n1154 (net)                      1     0.002632            0.000000   1.820289 f
  candidates_i/U645/B (OAI21X1)                                 0.017841  0.000000   1.820289 f
  candidates_i/U645/Y (OAI21X1)                                 0.061327  0.054418   1.874707 r
  candidates_i/candidate_slots[8] (net)         3     0.006266            0.000000   1.874707 r
  candidates_i/candidate_slots[8] (mc_candidates_Q_DEPTH16_ROW_W8_COL_W6) 0.000000   1.874707 r
  candidate_slots[8] (net)                            0.006266            0.000000   1.874707 r
  frfcfs.scheduler_i/candidate_slots[8] (mc_scheduler_frfcfs_Q_DEPTH16_ADDR_W16_AGE_LIMIT128_AGING_ENABLE1)
                                                                          0.000000   1.874707 r
  frfcfs.scheduler_i/candidate_slots[8] (net)         0.006266            0.000000   1.874707 r
  frfcfs.scheduler_i/U1038/A (INVX1)                            0.061327  0.000000   1.874707 r
  frfcfs.scheduler_i/U1038/Y (INVX1)                            0.013934  0.033594   1.908301 f
  frfcfs.scheduler_i/n269 (net)                 2     0.004140            0.000000   1.908301 f
  frfcfs.scheduler_i/U51/B (AND2X1)                             0.013934  0.000000   1.908301 f
  frfcfs.scheduler_i/U51/Y (AND2X1)                             0.037226  0.058795   1.967095 f
  frfcfs.scheduler_i/n952 (net)                 4     0.009457            0.000000   1.967095 f
  frfcfs.scheduler_i/U528/A (NAND3X1)                           0.037226  0.000000   1.967095 f
  frfcfs.scheduler_i/U528/Y (NAND3X1)                           0.033609  0.043398   2.010494 r
  frfcfs.scheduler_i/n977 (net)                 1     0.001798            0.000000   2.010494 r
  frfcfs.scheduler_i/U928/A (AND2X2)                            0.033609  0.000000   2.010494 r
  frfcfs.scheduler_i/U928/Y (AND2X2)                            0.008264  0.032709   2.043203 r
  frfcfs.scheduler_i/n976 (net)                 1     0.001551            0.000000   2.043203 r
  frfcfs.scheduler_i/U929/A (INVX1)                             0.008264  0.000000   2.043203 r
  frfcfs.scheduler_i/U929/Y (INVX1)                             0.013128  0.016152   2.059355 f
  frfcfs.scheduler_i/n102 (net)                 1     0.002632            0.000000   2.059355 f
  frfcfs.scheduler_i/U524/B (OAI21X1)                           0.013128  0.000000   2.059355 f
  frfcfs.scheduler_i/U524/Y (OAI21X1)                           0.039206  0.038285   2.097640 r
  frfcfs.scheduler_i/n974 (net)                 1     0.001551            0.000000   2.097640 r
  frfcfs.scheduler_i/U987/A (INVX1)                             0.039206  0.000000   2.097640 r
  frfcfs.scheduler_i/U987/Y (INVX1)                             0.016800  0.028518   2.126157 f
  frfcfs.scheduler_i/n248 (net)                 2     0.004582            0.000000   2.126157 f
  frfcfs.scheduler_i/U511/A (AOI22X1)                           0.016800  0.000000   2.126157 f
  frfcfs.scheduler_i/U511/Y (AOI22X1)                           0.044327  0.047514   2.173672 r
  frfcfs.scheduler_i/n919 (net)                 1     0.001798            0.000000   2.173672 r
  frfcfs.scheduler_i/U50/A (AND2X2)                             0.044327  0.000000   2.173672 r
  frfcfs.scheduler_i/U50/Y (AND2X2)                             0.012059  0.035344   2.209016 r
  frfcfs.scheduler_i/n918 (net)                 1     0.002961            0.000000   2.209016 r
  frfcfs.scheduler_i/U485/C (NAND3X1)                           0.012059  0.000000   2.209016 r
  frfcfs.scheduler_i/U485/Y (NAND3X1)                           0.015997  0.010823   2.219838 f
  frfcfs.scheduler_i/n915 (net)                 1     0.002342            0.000000   2.219838 f
  frfcfs.scheduler_i/U140/B (OR2X2)                             0.015997  0.000000   2.219838 f
  frfcfs.scheduler_i/U140/Y (OR2X2)                             0.006514  0.047760   2.267598 f
  frfcfs.scheduler_i/n133 (net)                 1     0.002673            0.000000   2.267598 f
  frfcfs.scheduler_i/U141/A (INVX2)                             0.006514  0.000000   2.267598 f
  frfcfs.scheduler_i/U141/Y (INVX2)                             0.096080  0.069667   2.337265 r
  frfcfs.scheduler_i/n887 (net)                16     0.043876            0.000000   2.337265 r
  frfcfs.scheduler_i/U476/A (OAI21X1)                           0.096080  0.000000   2.337265 r
  frfcfs.scheduler_i/U476/Y (OAI21X1)                           0.009101  0.035930   2.373195 f
  frfcfs.scheduler_i/n906 (net)                 1     0.001476            0.000000   2.373195 f
  frfcfs.scheduler_i/U1047/A (INVX1)                            0.009101  0.000000   2.373195 f
  frfcfs.scheduler_i/U1047/Y (INVX1)                            0.210291  0.148904   2.522099 r
  frfcfs.scheduler_i/n224 (net)                17     0.047958            0.000000   2.522099 r
  frfcfs.scheduler_i/U395/A (AOI22X1)                           0.210291  0.000000   2.522099 r
  frfcfs.scheduler_i/U395/Y (AOI22X1)                           0.034092  0.071838   2.593937 f
  frfcfs.scheduler_i/n806 (net)                 1     0.001763            0.000000   2.593937 f
  frfcfs.scheduler_i/U34/A (AND2X2)                             0.034092  0.000000   2.593937 f
  frfcfs.scheduler_i/U34/Y (AND2X2)                             0.004683  0.039696   2.633632 f
  frfcfs.scheduler_i/n805 (net)                 1     0.002832            0.000000   2.633632 f
  frfcfs.scheduler_i/U393/C (NAND3X1)                           0.004683  0.000000   2.633632 f
  frfcfs.scheduler_i/U393/Y (NAND3X1)                           0.037240  0.028725   2.662358 r
  frfcfs.scheduler_i/n795 (net)                 1     0.002292            0.000000   2.662358 r
  frfcfs.scheduler_i/U32/A (OR2X2)                              0.037240  0.000000   2.662358 r
  frfcfs.scheduler_i/U32/Y (OR2X2)                              0.022359  0.047394   2.709752 r
  frfcfs.scheduler_i/n658 (net)                 3     0.007105            0.000000   2.709752 r
  frfcfs.scheduler_i/U297/A (NAND3X1)                           0.022359  0.000000   2.709752 r
  frfcfs.scheduler_i/U297/Y (NAND3X1)                           0.014938  0.018232   2.727984 f
  frfcfs.scheduler_i/n690 (net)                 1     0.001476            0.000000   2.727984 f
  frfcfs.scheduler_i/U178/A (INVX1)                             0.014938  0.000000   2.727984 f
  frfcfs.scheduler_i/U178/Y (INVX1)                             0.000000  0.000470   2.728454 r
  frfcfs.scheduler_i/n26 (net)                  1     0.001551            0.000000   2.728454 r
  frfcfs.scheduler_i/U179/A (INVX1)                             0.000000  0.000000   2.728454 r
  frfcfs.scheduler_i/U179/Y (INVX1)                             0.024468  0.021316   2.749770 f
  frfcfs.scheduler_i/n27 (net)                  2     0.006237            0.000000   2.749770 f
  frfcfs.scheduler_i/U291/A (NOR3X1)                            0.024468  0.000000   2.749770 f
  frfcfs.scheduler_i/U291/Y (NOR3X1)                            0.052289  0.051973   2.801743 r
  frfcfs.scheduler_i/n688 (net)                 1     0.002742            0.000000   2.801743 r
  frfcfs.scheduler_i/U290/A (OAI21X1)                           0.052289  0.000000   2.801743 r
  frfcfs.scheduler_i/U290/Y (OAI21X1)                           0.006913  0.025302   2.827045 f
  frfcfs.scheduler_i/n687 (net)                 1     0.001924            0.000000   2.827045 f
  frfcfs.scheduler_i/U289/C (OAI21X1)                           0.006913  0.000000   2.827045 f
  frfcfs.scheduler_i/U289/Y (OAI21X1)                           0.334217  0.213431   3.040475 r
  frfcfs.scheduler_i/select_slot[2] (net)      21     0.064782            0.000000   3.040475 r
  frfcfs.scheduler_i/select_slot[2] (mc_scheduler_frfcfs_Q_DEPTH16_ADDR_W16_AGE_LIMIT128_AGING_ENABLE1)
                                                                          0.000000   3.040475 r
  select_slot[2] (net)                                0.064782            0.000000   3.040475 r
  U1234/B (OR2X1)                                               0.334217  0.000000   3.040475 r
  U1234/Y (OR2X1)                                               0.017794  0.060088   3.100564 r
  n4343 (net)                                   1     0.001551            0.000000   3.100564 r
  U1235/A (INVX1)                                               0.017794  0.000000   3.100564 r
  U1235/Y (INVX1)                                               0.021224  0.024741   3.125305 f
  n732 (net)                                    3     0.005563            0.000000   3.125305 f
  U255/B (AND2X2)                                               0.021224  0.000000   3.125305 f
  U255/Y (AND2X2)                                               0.001461  0.040861   3.166166 f
  n741 (net)                                    2     0.002952            0.000000   3.166166 f
  U1262/A (INVX1)                                               0.001461  0.000000   3.166166 f
  U1262/Y (INVX1)                                               0.594556  0.389416   3.555582 r
  n746 (net)                                   48     0.122877            0.000000   3.555582 r
  U4999/B (OAI21X1)                                             0.594556  0.000000   3.555582 r
  U4999/Y (OAI21X1)                                             0.112799  0.129382   3.684964 f
  n4376 (net)                                   1     0.002313            0.000000   3.684964 f
  U1366/A (OR2X1)                                               0.112799  0.000000   3.684964 f
  U1366/Y (OR2X1)                                               0.014526  0.049448   3.734411 f
  n4381 (net)                                   1     0.003011            0.000000   3.734411 f
  U5003/A (NOR3X1)                                              0.014526  0.000000   3.734411 f
  U5003/Y (NOR3X1)                                              0.053424  0.050759   3.785171 r
  n4382 (net)                                   1     0.002798            0.000000   3.785171 r
  U5004/A (MUX2X1)                                              0.053424  0.000000   3.785171 r
  U5004/Y (MUX2X1)                                              0.090071  0.029915   3.815085 f
  n4384 (net)                                   1     0.001476            0.000000   3.815085 f
  U1278/A (INVX1)                                               0.090071  0.000000   3.815085 f
  U1278/Y (INVX1)                                               0.035499  0.059360   3.874446 r
  cmd_row[2] (net)                              2     0.011551            0.000000   3.874446 r
  cmd_row[2] (out)                                              0.035499  0.000000   3.874446 r
  data arrival time                                                                  3.874446

  clock core_clk (rise edge)                                              5.000000   5.000000
  clock network delay (ideal)                                             0.000000   5.000000
  clock uncertainty                                                       -0.100000  4.900000
  output external delay                                                   -1.000000  3.900000
  data required time                                                                 3.900000
  ----------------------------------------------------------------------------------------------
  data required time                                                                 3.900000
  data arrival time                                                                  -3.874446
  ----------------------------------------------------------------------------------------------
  slack (MET)                                                                        0.025554


1
