Warning: There are infeasible paths detected in your design that were ignored during optimization. Please run 'report_timing -attributes' and/or 'create_qor_snapshot/query_qor_snapshot -infeasible_paths' to identify these paths.  (OPT-1721)
 
****************************************
Report : timing
        -path full
        -delay max
        -input_pins
        -nets
        -max_paths 10
        -transition_time
        -capacitance
Design : mc_top_Q_DEPTH16_SCHED_POLICY1_AGING_ENABLE0
Version: R-2020.09-SP4
Date   : Tue Sep 22 18:30:21 2026
****************************************

 # A fanout number of 1000 was used for high fanout net computations.

Operating Conditions: typical   Library: gscl45nm
Wire Load Model Mode: top

  Startpoint: table_i/addresses_reg[243]
              (rising edge-triggered flip-flop clocked by core_clk)
  Endpoint: cmd_wdata[3]
            (output port clocked by core_clk)
  Path Group: core_clk
  Path Type: max

  Point                                       Fanout       Cap     Trans      Incr       Path
  ----------------------------------------------------------------------------------------------
  clock core_clk (rise edge)                                              0.000000   0.000000
  clock network delay (ideal)                                             0.000000   0.000000
  table_i/addresses_reg[243]/CLK (DFFPOSX1)                     0.000000  0.000000 # 0.000000 r
  table_i/addresses_reg[243]/Q (DFFPOSX1)                       0.035998  0.115075   0.115075 f
  table_i/addresses[243] (net)                  5     0.014640            0.000000   0.115075 f
  table_i/addresses[243] (mc_transaction_table_Q_DEPTH16_ADDR_W16_DATA_W32_TAG_W8_READ_LATENCY3_AGE_LIMIT128)
                                                                          0.000000   0.115075 f
  addresses[243] (net)                                0.014640            0.000000   0.115075 f
  candidates_i/addresses[243] (mc_candidates_Q_DEPTH16_ROW_W8_COL_W6)     0.000000   0.115075 f
  candidates_i/addresses[243] (net)                   0.014640            0.000000   0.115075 f
  candidates_i/U1376/A (INVX4)                                  0.035998  0.000000   0.115075 f
  candidates_i/U1376/Y (INVX4)                                  0.046398  0.044183   0.159258 r
  candidates_i/n734 (net)                       7     0.036656            0.000000   0.159258 r
  candidates_i/U5989/B (XNOR2X1)                                0.046398  0.000000   0.159258 r
  candidates_i/U5989/Y (XNOR2X1)                                0.056963  0.065136   0.224394 r
  candidates_i/n3365 (net)                      2     0.006127            0.000000   0.224394 r
  candidates_i/U9441/B (NOR3X1)                                 0.056963  0.000000   0.224394 r
  candidates_i/U9441/Y (NOR3X1)                                 0.026519  0.039188   0.263582 f
  candidates_i/n8095 (net)                      1     0.002832            0.000000   0.263582 f
  candidates_i/U9442/C (NAND3X1)                                0.026519  0.000000   0.263582 f
  candidates_i/U9442/Y (NAND3X1)                                0.033417  0.031981   0.295563 r
  candidates_i/n8096 (net)                      1     0.001539            0.000000   0.295563 r
  candidates_i/U3973/A (BUFX2)                                  0.033417  0.000000   0.295563 r
  candidates_i/U3973/Y (BUFX2)                                  0.010960  0.035955   0.331518 r
  candidates_i/n2165 (net)                      1     0.003021            0.000000   0.331518 r
  candidates_i/U9447/A (NOR3X1)                                 0.010960  0.000000   0.331518 r
  candidates_i/U9447/Y (NOR3X1)                                 0.027065  0.034677   0.366195 f
  candidates_i/n8097 (net)                      1     0.002832            0.000000   0.366195 f
  candidates_i/U9448/C (NAND3X1)                                0.027065  0.000000   0.366195 f
  candidates_i/U9448/Y (NAND3X1)                                0.040101  0.036498   0.402693 r
  candidates_i/n8154 (net)                      1     0.002961            0.000000   0.402693 r
  candidates_i/U9472/C (NAND3X1)                                0.040101  0.000000   0.402693 r
  candidates_i/U9472/Y (NAND3X1)                                0.014331  0.015921   0.418614 f
  candidates_i/n8155 (net)                      1     0.001476            0.000000   0.418614 f
  candidates_i/U5723/A (INVX1)                                  0.014331  0.000000   0.418614 f
  candidates_i/U5723/Y (INVX1)                                  0.000000  0.007627   0.426241 r
  candidates_i/n10108 (net)                     2     0.003825            0.000000   0.426241 r
  candidates_i/U10527/B (NAND2X1)                               0.000000  0.000000   0.426241 r
  candidates_i/U10527/Y (NAND2X1)                               0.021982  0.011827   0.438068 f
  candidates_i/n10517 (net)                     1     0.001476            0.000000   0.438068 f
  candidates_i/U6433/A (INVX1)                                  0.021982  0.000000   0.438068 f
  candidates_i/U6433/Y (INVX1)                                  0.000000  0.012147   0.450215 r
  candidates_i/n10110 (net)                     2     0.004383            0.000000   0.450215 r
  candidates_i/U1168/A (INVX1)                                  0.000000  0.000000   0.450215 r
  candidates_i/U1168/Y (INVX1)                                  0.014837  0.014693   0.464908 f
  candidates_i/n635 (net)                       1     0.003011            0.000000   0.464908 f
  candidates_i/U10843/A (NOR3X1)                                0.014837  0.000000   0.464908 f
  candidates_i/U10843/Y (NOR3X1)                                0.050063  0.048467   0.513375 r
  candidates_i/n10518 (net)                     1     0.002111            0.000000   0.513375 r
  candidates_i/U10844/A (NAND2X1)                               0.050063  0.000000   0.513375 r
  candidates_i/U10844/Y (NAND2X1)                               0.023061  0.020400   0.533775 f
  candidates_i/n10519 (net)                     1     0.001924            0.000000   0.533775 f
  candidates_i/U10845/C (OAI21X1)                               0.023061  0.000000   0.533775 f
  candidates_i/U10845/Y (OAI21X1)                               0.043442  0.024148   0.557922 r
  candidates_i/n10522 (net)                     1     0.002655            0.000000   0.557922 r
  candidates_i/U416/A (INVX2)                                   0.043442  0.000000   0.557922 r
  candidates_i/U416/Y (INVX2)                                   0.018272  0.023857   0.581780 f
  candidates_i/n10580 (net)                     3     0.005288            0.000000   0.581780 f
  candidates_i/U415/A (AND2X2)                                  0.018272  0.000000   0.581780 f
  candidates_i/U415/Y (AND2X2)                                  0.003600  0.038268   0.620048 f
  candidates_i/n248 (net)                       2     0.005200            0.000000   0.620048 f
  candidates_i/U2987/B (NAND3X1)                                0.003600  0.000000   0.620048 f
  candidates_i/U2987/Y (NAND3X1)                                0.061700  0.046236   0.666283 r
  candidates_i/n1623 (net)                      4     0.007421            0.000000   0.666283 r
  candidates_i/U1174/A (AND2X2)                                 0.061700  0.000000   0.666283 r
  candidates_i/U1174/Y (AND2X2)                                 0.019639  0.040323   0.706606 r
  candidates_i/n637 (net)                       3     0.005757            0.000000   0.706606 r
  candidates_i/U299/A (INVX2)                                   0.019639  0.000000   0.706606 r
  candidates_i/U299/Y (INVX2)                                   0.010084  0.024932   0.731538 f
  candidates_i/n1293 (net)                      3     0.006128            0.000000   0.731538 f
  candidates_i/U1619/B (AND2X2)                                 0.010084  0.000000   0.731538 f
  candidates_i/U1619/Y (AND2X2)                                 0.014890  0.047058   0.778596 f
  candidates_i/n10767 (net)                     5     0.011696            0.000000   0.778596 f
  candidates_i/U127/A (AND2X2)                                  0.014890  0.000000   0.778596 f
  candidates_i/U127/Y (AND2X2)                                  0.008932  0.034317   0.812914 f
  candidates_i/n239 (net)                       1     0.002297            0.000000   0.812914 f
  candidates_i/U387/B (NOR2X1)                                  0.008932  0.000000   0.812914 f
  candidates_i/U387/Y (NOR2X1)                                  0.029247  0.029231   0.842144 r
  candidates_i/n10842 (net)                     1     0.002548            0.000000   0.842144 r
  candidates_i/U11099/A (NAND3X1)                               0.029247  0.000000   0.842144 r
  candidates_i/U11099/Y (NAND3X1)                               0.013986  0.019134   0.861278 f
  candidates_i/n10844 (net)                     1     0.001476            0.000000   0.861278 f
  candidates_i/U638/A (INVX1)                                   0.013986  0.000000   0.861278 f
  candidates_i/U638/Y (INVX1)                                   0.000000  0.006975   0.868253 r
  candidates_i/n10895 (net)                     2     0.003662            0.000000   0.868253 r
  candidates_i/U318/A (INVX1)                                   0.000000  0.000000   0.868253 r
  candidates_i/U318/Y (INVX1)                                   0.010256  0.011542   0.879795 f
  candidates_i/n191 (net)                       1     0.001476            0.000000   0.879795 f
  candidates_i/U319/A (INVX1)                                   0.010256  0.000000   0.879795 f
  candidates_i/U319/Y (INVX1)                                   0.000000  0.008974   0.888768 r
  candidates_i/n192 (net)                       2     0.004686            0.000000   0.888768 r
  candidates_i/U11130/A (AOI22X1)                               0.000000  0.000000   0.888768 r
  candidates_i/U11130/Y (AOI22X1)                               0.037963  0.032548   0.921316 f
  candidates_i/n10898 (net)                     1     0.003226            0.000000   0.921316 f
  candidates_i/U11131/C (NOR3X1)                                0.037963  0.000000   0.921316 f
  candidates_i/U11131/Y (NOR3X1)                                0.051747  0.030133   0.951449 r
  candidates_i/n10903 (net)                     1     0.002365            0.000000   0.951449 r
  candidates_i/U3098/B (NOR2X1)                                 0.051747  0.000000   0.951449 r
  candidates_i/U3098/Y (NOR2X1)                                 0.004493  0.024333   0.975782 f
  candidates_i/n10917 (net)                     1     0.002632            0.000000   0.975782 f
  candidates_i/U11141/B (OAI21X1)                               0.004493  0.000000   0.975782 f
  candidates_i/U11141/Y (OAI21X1)                               0.051095  0.044852   1.020635 r
  candidates_i/candidate_slots[13] (net)        2     0.004206            0.000000   1.020635 r
  candidates_i/candidate_slots[13] (mc_candidates_Q_DEPTH16_ROW_W8_COL_W6)
                                                                          0.000000   1.020635 r
  candidate_slots[13] (net)                           0.004206            0.000000   1.020635 r
  frfcfs.scheduler_i/candidate_slots[13] (mc_scheduler_frfcfs_Q_DEPTH16_ADDR_W16_AGE_LIMIT128_AGING_ENABLE0)
                                                                          0.000000   1.020635 r
  frfcfs.scheduler_i/N597 (net)                       0.004206            0.000000   1.020635 r
  frfcfs.scheduler_i/U609/A (INVX1)                             0.051095  0.000000   1.020635 r
  frfcfs.scheduler_i/U609/Y (INVX1)                             0.006657  0.025374   1.046009 f
  frfcfs.scheduler_i/n528 (net)                 1     0.001476            0.000000   1.046009 f
  frfcfs.scheduler_i/U766/A (INVX1)                             0.006657  0.000000   1.046009 f
  frfcfs.scheduler_i/U766/Y (INVX1)                             0.000000  0.003594   1.049603 r
  frfcfs.scheduler_i/n671 (net)                 2     0.003420            0.000000   1.049603 r
  frfcfs.scheduler_i/U792/B (AND2X2)                            0.000000  0.000000   1.049603 r
  frfcfs.scheduler_i/U792/Y (AND2X2)                            0.016558  0.037136   1.086738 r
  frfcfs.scheduler_i/n685 (net)                 2     0.005922            0.000000   1.086738 r
  frfcfs.scheduler_i/U991/C (NAND3X1)                           0.016558  0.000000   1.086738 r
  frfcfs.scheduler_i/U991/Y (NAND3X1)                           0.017553  0.012692   1.099431 f
  frfcfs.scheduler_i/n807 (net)                 1     0.002832            0.000000   1.099431 f
  frfcfs.scheduler_i/U990/C (NAND3X1)                           0.017553  0.000000   1.099431 f
  frfcfs.scheduler_i/U990/Y (NAND3X1)                           0.033768  0.029733   1.129164 r
  frfcfs.scheduler_i/n783 (net)                 1     0.001551            0.000000   1.129164 r
  frfcfs.scheduler_i/U999/A (INVX1)                             0.033768  0.000000   1.129164 r
  frfcfs.scheduler_i/U999/Y (INVX1)                             0.010071  0.022184   1.151348 f
  frfcfs.scheduler_i/n814 (net)                 1     0.002209            0.000000   1.151348 f
  frfcfs.scheduler_i/U1001/A (NOR2X1)                           0.010071  0.000000   1.151348 f
  frfcfs.scheduler_i/U1001/Y (NOR2X1)                           0.027598  0.028948   1.180297 r
  frfcfs.scheduler_i/n812 (net)                 1     0.002242            0.000000   1.180297 r
  frfcfs.scheduler_i/U1000/A (NOR2X1)                           0.027598  0.000000   1.180297 r
  frfcfs.scheduler_i/U1000/Y (NOR2X1)                           0.001374  0.017548   1.197844 f
  frfcfs.scheduler_i/N1530 (net)                1     0.001763            0.000000   1.197844 f
  frfcfs.scheduler_i/U619/A (AND2X2)                            0.001374  0.000000   1.197844 f
  frfcfs.scheduler_i/U619/Y (AND2X2)                            0.011236  0.039178   1.237022 f
  frfcfs.scheduler_i/n537 (net)                 4     0.010026            0.000000   1.237022 f
  frfcfs.scheduler_i/U1040/C (NAND3X1)                          0.011236  0.000000   1.237022 f
  frfcfs.scheduler_i/U1040/Y (NAND3X1)                          0.044011  0.035160   1.272182 r
  frfcfs.scheduler_i/n881 (net)                 2     0.003843            0.000000   1.272182 r
  frfcfs.scheduler_i/U526/A (INVX1)                             0.044011  0.000000   1.272182 r
  frfcfs.scheduler_i/U526/Y (INVX1)                             0.020214  0.032378   1.304559 f
  frfcfs.scheduler_i/n936 (net)                 3     0.005833            0.000000   1.304559 f
  frfcfs.scheduler_i/U1121/B (NAND2X1)                          0.020214  0.000000   1.304559 f
  frfcfs.scheduler_i/U1121/Y (NAND2X1)                          0.045086  0.022938   1.327497 r
  frfcfs.scheduler_i/n1001 (net)                2     0.004500            0.000000   1.327497 r
  frfcfs.scheduler_i/U1124/C (NAND3X1)                          0.045086  0.000000   1.327497 r
  frfcfs.scheduler_i/U1124/Y (NAND3X1)                          0.017028  0.019177   1.346675 f
  frfcfs.scheduler_i/n943 (net)                 1     0.002726            0.000000   1.346675 f
  frfcfs.scheduler_i/U1126/B (AOI22X1)                          0.017028  0.000000   1.346675 f
  frfcfs.scheduler_i/U1126/Y (AOI22X1)                          0.045481  0.040733   1.387408 r
  frfcfs.scheduler_i/n955 (net)                 1     0.002111            0.000000   1.387408 r
  frfcfs.scheduler_i/U1142/A (NAND2X1)                          0.045481  0.000000   1.387408 r
  frfcfs.scheduler_i/U1142/Y (NAND2X1)                          0.017309  0.018623   1.406031 f
  frfcfs.scheduler_i/n956 (net)                 1     0.001476            0.000000   1.406031 f
  frfcfs.scheduler_i/U1019/A (INVX1)                            0.017309  0.000000   1.406031 f
  frfcfs.scheduler_i/U1019/Y (INVX1)                            0.000000  0.008403   1.414434 r
  frfcfs.scheduler_i/n998 (net)                 2     0.003739            0.000000   1.414434 r
  frfcfs.scheduler_i/U784/B (AND2X2)                            0.000000  0.000000   1.414434 r
  frfcfs.scheduler_i/U784/Y (AND2X2)                            0.016932  0.037382   1.451816 r
  frfcfs.scheduler_i/n682 (net)                 3     0.006082            0.000000   1.451816 r
  frfcfs.scheduler_i/U712/B (NAND2X1)                           0.016932  0.000000   1.451816 r
  frfcfs.scheduler_i/U712/Y (NAND2X1)                           0.026076  0.019721   1.471537 f
  frfcfs.scheduler_i/n623 (net)                 2     0.003888            0.000000   1.471537 f
  frfcfs.scheduler_i/U742/B (NAND2X1)                           0.026076  0.000000   1.471537 f
  frfcfs.scheduler_i/U742/Y (NAND2X1)                           0.039179  0.021192   1.492729 r
  frfcfs.scheduler_i/n652 (net)                 2     0.003337            0.000000   1.492729 r
  frfcfs.scheduler_i/U777/A (AND2X2)                            0.039179  0.000000   1.492729 r
  frfcfs.scheduler_i/U777/Y (AND2X2)                            0.014476  0.037716   1.530445 r
  frfcfs.scheduler_i/n1219 (net)                3     0.004653            0.000000   1.530445 r
  frfcfs.scheduler_i/U665/A (INVX1)                             0.014476  0.000000   1.530445 r
  frfcfs.scheduler_i/U665/Y (INVX1)                             0.013649  0.018489   1.548934 f
  frfcfs.scheduler_i/n680 (net)                 2     0.002952            0.000000   1.548934 f
  frfcfs.scheduler_i/U91/A (INVX1)                              0.013649  0.000000   1.548934 f
  frfcfs.scheduler_i/U91/Y (INVX1)                              0.000000  0.003946   1.552880 r
  frfcfs.scheduler_i/n45 (net)                  1     0.002764            0.000000   1.552880 r
  frfcfs.scheduler_i/U1387/B (AOI22X1)                          0.000000  0.000000   1.552880 r
  frfcfs.scheduler_i/U1387/Y (AOI22X1)                          0.034631  0.023773   1.576653 f
  frfcfs.scheduler_i/n1271 (net)                1     0.001820            0.000000   1.576653 f
  frfcfs.scheduler_i/U1389/B (AND2X2)                           0.034631  0.000000   1.576653 f
  frfcfs.scheduler_i/U1389/Y (AND2X2)                           0.004806  0.044408   1.621062 f
  frfcfs.scheduler_i/n1272 (net)                1     0.002832            0.000000   1.621062 f
  frfcfs.scheduler_i/U574/C (NAND3X1)                           0.004806  0.000000   1.621062 f
  frfcfs.scheduler_i/U574/Y (NAND3X1)                           0.040438  0.031242   1.652304 r
  frfcfs.scheduler_i/n497 (net)                 2     0.003102            0.000000   1.652304 r
  frfcfs.scheduler_i/U657/A (INVX1)                             0.040438  0.000000   1.652304 r
  frfcfs.scheduler_i/U657/Y (INVX1)                             0.018508  0.030077   1.682380 f
  frfcfs.scheduler_i/n572 (net)                 3     0.005181            0.000000   1.682380 f
  frfcfs.scheduler_i/U740/A (NAND2X1)                           0.018508  0.000000   1.682380 f
  frfcfs.scheduler_i/U740/Y (NAND2X1)                           0.036056  0.029881   1.712261 r
  frfcfs.scheduler_i/n649 (net)                 1     0.002548            0.000000   1.712261 r
  frfcfs.scheduler_i/U1448/A (NAND3X1)                          0.036056  0.000000   1.712261 r
  frfcfs.scheduler_i/U1448/Y (NAND3X1)                          0.017528  0.022282   1.734543 f
  frfcfs.scheduler_i/n1350 (net)                1     0.002832            0.000000   1.734543 f
  frfcfs.scheduler_i/U1449/C (NAND3X1)                          0.017528  0.000000   1.734543 f
  frfcfs.scheduler_i/U1449/Y (NAND3X1)                          0.040718  0.034061   1.768604 r
  frfcfs.scheduler_i/n1352 (net)                1     0.002961            0.000000   1.768604 r
  frfcfs.scheduler_i/U1450/C (NAND3X1)                          0.040718  0.000000   1.768604 r
  frfcfs.scheduler_i/U1450/Y (NAND3X1)                          0.015714  0.016814   1.785418 f
  frfcfs.scheduler_i/n1354 (net)                1     0.001924            0.000000   1.785418 f
  frfcfs.scheduler_i/U1451/C (OAI21X1)                          0.015714  0.000000   1.785418 f
  frfcfs.scheduler_i/U1451/Y (OAI21X1)                          0.043862  0.021692   1.807110 r
  frfcfs.scheduler_i/n1517 (net)                1     0.002655            0.000000   1.807110 r
  frfcfs.scheduler_i/U725/A (INVX2)                             0.043862  0.000000   1.807110 r
  frfcfs.scheduler_i/U725/Y (INVX2)                             0.023419  0.028376   1.835487 f
  frfcfs.scheduler_i/n817 (net)                 1     0.010104            0.000000   1.835487 f
  frfcfs.scheduler_i/U1007/A (INVX8)                            0.023419  0.000000   1.835487 f
  frfcfs.scheduler_i/U1007/Y (INVX8)                            0.011640  0.022521   1.858007 r
  frfcfs.scheduler_i/select_slot[0] (net)       9     0.023427            0.000000   1.858007 r
  frfcfs.scheduler_i/select_slot[0] (mc_scheduler_frfcfs_Q_DEPTH16_ADDR_W16_AGE_LIMIT128_AGING_ENABLE0)
                                                                          0.000000   1.858007 r
  select_slot[0] (net)                                0.023427            0.000000   1.858007 r
  U538/B (NOR2X1)                                               0.011640  0.000000   1.858007 r
  U538/Y (NOR2X1)                                               0.004943  0.014469   1.872476 f
  n1119 (net)                                   2     0.003239            0.000000   1.872476 f
  U648/A (INVX1)                                                0.004943  0.000000   1.872476 f
  U648/Y (INVX1)                                                0.000000  0.004356   1.876833 r
  n340 (net)                                    2     0.003843            0.000000   1.876833 r
  U95/A (INVX1)                                                 0.000000  0.000000   1.876833 r
  U95/Y (INVX1)                                                 0.015519  0.015161   1.891994 f
  n67 (net)                                     2     0.003239            0.000000   1.891994 f
  U1380/A (AND2X2)                                              0.015519  0.000000   1.891994 f
  U1380/Y (AND2X2)                                              0.003943  0.039311   1.931305 f
  n639 (net)                                    3     0.006821            0.000000   1.931305 f
  U62/A (INVX2)                                                 0.003943  0.000000   1.931305 f
  U62/Y (INVX2)                                                 0.025342  0.030898   1.962204 r
  n635 (net)                                    7     0.016088            0.000000   1.962204 r
  U854/B (OR2X2)                                                0.025342  0.000000   1.962204 r
  U854/Y (OR2X2)                                                0.006926  0.044192   2.006395 r
  n1397 (net)                                   1     0.001551            0.000000   2.006395 r
  U855/A (INVX1)                                                0.006926  0.000000   2.006395 r
  U855/Y (INVX1)                                                0.014352  0.016567   2.022962 f
  n446 (net)                                    1     0.003011            0.000000   2.022962 f
  U1789/A (NOR3X1)                                              0.014352  0.000000   2.022962 f
  U1789/Y (NOR3X1)                                              0.053965  0.051104   2.074066 r
  n1405 (net)                                   1     0.002907            0.000000   2.074066 r
  U1793/D (AOI22X1)                                             0.053965  0.000000   2.074066 r
  U1793/Y (AOI22X1)                                             0.036352  0.027548   2.101614 f
  n1408 (net)                                   1     0.002673            0.000000   2.101614 f
  U397/A (INVX2)                                                0.036352  0.000000   2.101614 f
  U397/Y (INVX2)                                                0.024632  0.031911   2.133525 r
  cmd_wdata[3] (net)                            1     0.010000            0.000000   2.133525 r
  cmd_wdata[3] (out)                                            0.024632  0.000000   2.133525 r
  data arrival time                                                                  2.133525

  clock core_clk (rise edge)                                              2.000000   2.000000
  clock network delay (ideal)                                             0.000000   2.000000
  clock uncertainty                                                       -0.100000  1.900000
  output external delay                                                   -1.000000  0.900000
  data required time                                                                 0.900000
  ----------------------------------------------------------------------------------------------
  data required time                                                                 0.900000
  data arrival time                                                                  -2.133525
  ----------------------------------------------------------------------------------------------
  slack (VIOLATED)                                                                   -1.233525


  Startpoint: table_i/addresses_reg[243]
              (rising edge-triggered flip-flop clocked by core_clk)
  Endpoint: cmd_row[4] (output port clocked by core_clk)
  Path Group: core_clk
  Path Type: max

  Point                                       Fanout       Cap     Trans      Incr       Path
  ----------------------------------------------------------------------------------------------
  clock core_clk (rise edge)                                              0.000000   0.000000
  clock network delay (ideal)                                             0.000000   0.000000
  table_i/addresses_reg[243]/CLK (DFFPOSX1)                     0.000000  0.000000 # 0.000000 r
  table_i/addresses_reg[243]/Q (DFFPOSX1)                       0.035998  0.115075   0.115075 f
  table_i/addresses[243] (net)                  5     0.014640            0.000000   0.115075 f
  table_i/addresses[243] (mc_transaction_table_Q_DEPTH16_ADDR_W16_DATA_W32_TAG_W8_READ_LATENCY3_AGE_LIMIT128)
                                                                          0.000000   0.115075 f
  addresses[243] (net)                                0.014640            0.000000   0.115075 f
  candidates_i/addresses[243] (mc_candidates_Q_DEPTH16_ROW_W8_COL_W6)     0.000000   0.115075 f
  candidates_i/addresses[243] (net)                   0.014640            0.000000   0.115075 f
  candidates_i/U1376/A (INVX4)                                  0.035998  0.000000   0.115075 f
  candidates_i/U1376/Y (INVX4)                                  0.046398  0.044183   0.159258 r
  candidates_i/n734 (net)                       7     0.036656            0.000000   0.159258 r
  candidates_i/U5989/B (XNOR2X1)                                0.046398  0.000000   0.159258 r
  candidates_i/U5989/Y (XNOR2X1)                                0.056963  0.065136   0.224394 r
  candidates_i/n3365 (net)                      2     0.006127            0.000000   0.224394 r
  candidates_i/U9441/B (NOR3X1)                                 0.056963  0.000000   0.224394 r
  candidates_i/U9441/Y (NOR3X1)                                 0.026519  0.039188   0.263582 f
  candidates_i/n8095 (net)                      1     0.002832            0.000000   0.263582 f
  candidates_i/U9442/C (NAND3X1)                                0.026519  0.000000   0.263582 f
  candidates_i/U9442/Y (NAND3X1)                                0.033417  0.031981   0.295563 r
  candidates_i/n8096 (net)                      1     0.001539            0.000000   0.295563 r
  candidates_i/U3973/A (BUFX2)                                  0.033417  0.000000   0.295563 r
  candidates_i/U3973/Y (BUFX2)                                  0.010960  0.035955   0.331518 r
  candidates_i/n2165 (net)                      1     0.003021            0.000000   0.331518 r
  candidates_i/U9447/A (NOR3X1)                                 0.010960  0.000000   0.331518 r
  candidates_i/U9447/Y (NOR3X1)                                 0.027065  0.034677   0.366195 f
  candidates_i/n8097 (net)                      1     0.002832            0.000000   0.366195 f
  candidates_i/U9448/C (NAND3X1)                                0.027065  0.000000   0.366195 f
  candidates_i/U9448/Y (NAND3X1)                                0.040101  0.036498   0.402693 r
  candidates_i/n8154 (net)                      1     0.002961            0.000000   0.402693 r
  candidates_i/U9472/C (NAND3X1)                                0.040101  0.000000   0.402693 r
  candidates_i/U9472/Y (NAND3X1)                                0.014331  0.015921   0.418614 f
  candidates_i/n8155 (net)                      1     0.001476            0.000000   0.418614 f
  candidates_i/U5723/A (INVX1)                                  0.014331  0.000000   0.418614 f
  candidates_i/U5723/Y (INVX1)                                  0.000000  0.007627   0.426241 r
  candidates_i/n10108 (net)                     2     0.003825            0.000000   0.426241 r
  candidates_i/U10527/B (NAND2X1)                               0.000000  0.000000   0.426241 r
  candidates_i/U10527/Y (NAND2X1)                               0.021982  0.011827   0.438068 f
  candidates_i/n10517 (net)                     1     0.001476            0.000000   0.438068 f
  candidates_i/U6433/A (INVX1)                                  0.021982  0.000000   0.438068 f
  candidates_i/U6433/Y (INVX1)                                  0.000000  0.012147   0.450215 r
  candidates_i/n10110 (net)                     2     0.004383            0.000000   0.450215 r
  candidates_i/U1168/A (INVX1)                                  0.000000  0.000000   0.450215 r
  candidates_i/U1168/Y (INVX1)                                  0.014837  0.014693   0.464908 f
  candidates_i/n635 (net)                       1     0.003011            0.000000   0.464908 f
  candidates_i/U10843/A (NOR3X1)                                0.014837  0.000000   0.464908 f
  candidates_i/U10843/Y (NOR3X1)                                0.050063  0.048467   0.513375 r
  candidates_i/n10518 (net)                     1     0.002111            0.000000   0.513375 r
  candidates_i/U10844/A (NAND2X1)                               0.050063  0.000000   0.513375 r
  candidates_i/U10844/Y (NAND2X1)                               0.023061  0.020400   0.533775 f
  candidates_i/n10519 (net)                     1     0.001924            0.000000   0.533775 f
  candidates_i/U10845/C (OAI21X1)                               0.023061  0.000000   0.533775 f
  candidates_i/U10845/Y (OAI21X1)                               0.043442  0.024148   0.557922 r
  candidates_i/n10522 (net)                     1     0.002655            0.000000   0.557922 r
  candidates_i/U416/A (INVX2)                                   0.043442  0.000000   0.557922 r
  candidates_i/U416/Y (INVX2)                                   0.018272  0.023857   0.581780 f
  candidates_i/n10580 (net)                     3     0.005288            0.000000   0.581780 f
  candidates_i/U415/A (AND2X2)                                  0.018272  0.000000   0.581780 f
  candidates_i/U415/Y (AND2X2)                                  0.003600  0.038268   0.620048 f
  candidates_i/n248 (net)                       2     0.005200            0.000000   0.620048 f
  candidates_i/U2987/B (NAND3X1)                                0.003600  0.000000   0.620048 f
  candidates_i/U2987/Y (NAND3X1)                                0.061700  0.046236   0.666283 r
  candidates_i/n1623 (net)                      4     0.007421            0.000000   0.666283 r
  candidates_i/U1174/A (AND2X2)                                 0.061700  0.000000   0.666283 r
  candidates_i/U1174/Y (AND2X2)                                 0.019639  0.040323   0.706606 r
  candidates_i/n637 (net)                       3     0.005757            0.000000   0.706606 r
  candidates_i/U299/A (INVX2)                                   0.019639  0.000000   0.706606 r
  candidates_i/U299/Y (INVX2)                                   0.010084  0.024932   0.731538 f
  candidates_i/n1293 (net)                      3     0.006128            0.000000   0.731538 f
  candidates_i/U1619/B (AND2X2)                                 0.010084  0.000000   0.731538 f
  candidates_i/U1619/Y (AND2X2)                                 0.014890  0.047058   0.778596 f
  candidates_i/n10767 (net)                     5     0.011696            0.000000   0.778596 f
  candidates_i/U127/A (AND2X2)                                  0.014890  0.000000   0.778596 f
  candidates_i/U127/Y (AND2X2)                                  0.008932  0.034317   0.812914 f
  candidates_i/n239 (net)                       1     0.002297            0.000000   0.812914 f
  candidates_i/U387/B (NOR2X1)                                  0.008932  0.000000   0.812914 f
  candidates_i/U387/Y (NOR2X1)                                  0.029247  0.029231   0.842144 r
  candidates_i/n10842 (net)                     1     0.002548            0.000000   0.842144 r
  candidates_i/U11099/A (NAND3X1)                               0.029247  0.000000   0.842144 r
  candidates_i/U11099/Y (NAND3X1)                               0.013986  0.019134   0.861278 f
  candidates_i/n10844 (net)                     1     0.001476            0.000000   0.861278 f
  candidates_i/U638/A (INVX1)                                   0.013986  0.000000   0.861278 f
  candidates_i/U638/Y (INVX1)                                   0.000000  0.006975   0.868253 r
  candidates_i/n10895 (net)                     2     0.003662            0.000000   0.868253 r
  candidates_i/U318/A (INVX1)                                   0.000000  0.000000   0.868253 r
  candidates_i/U318/Y (INVX1)                                   0.010256  0.011542   0.879795 f
  candidates_i/n191 (net)                       1     0.001476            0.000000   0.879795 f
  candidates_i/U319/A (INVX1)                                   0.010256  0.000000   0.879795 f
  candidates_i/U319/Y (INVX1)                                   0.000000  0.008974   0.888768 r
  candidates_i/n192 (net)                       2     0.004686            0.000000   0.888768 r
  candidates_i/U11130/A (AOI22X1)                               0.000000  0.000000   0.888768 r
  candidates_i/U11130/Y (AOI22X1)                               0.037963  0.032548   0.921316 f
  candidates_i/n10898 (net)                     1     0.003226            0.000000   0.921316 f
  candidates_i/U11131/C (NOR3X1)                                0.037963  0.000000   0.921316 f
  candidates_i/U11131/Y (NOR3X1)                                0.051747  0.030133   0.951449 r
  candidates_i/n10903 (net)                     1     0.002365            0.000000   0.951449 r
  candidates_i/U3098/B (NOR2X1)                                 0.051747  0.000000   0.951449 r
  candidates_i/U3098/Y (NOR2X1)                                 0.004493  0.024333   0.975782 f
  candidates_i/n10917 (net)                     1     0.002632            0.000000   0.975782 f
  candidates_i/U11141/B (OAI21X1)                               0.004493  0.000000   0.975782 f
  candidates_i/U11141/Y (OAI21X1)                               0.051095  0.044852   1.020635 r
  candidates_i/candidate_slots[13] (net)        2     0.004206            0.000000   1.020635 r
  candidates_i/candidate_slots[13] (mc_candidates_Q_DEPTH16_ROW_W8_COL_W6)
                                                                          0.000000   1.020635 r
  candidate_slots[13] (net)                           0.004206            0.000000   1.020635 r
  frfcfs.scheduler_i/candidate_slots[13] (mc_scheduler_frfcfs_Q_DEPTH16_ADDR_W16_AGE_LIMIT128_AGING_ENABLE0)
                                                                          0.000000   1.020635 r
  frfcfs.scheduler_i/N597 (net)                       0.004206            0.000000   1.020635 r
  frfcfs.scheduler_i/U609/A (INVX1)                             0.051095  0.000000   1.020635 r
  frfcfs.scheduler_i/U609/Y (INVX1)                             0.006657  0.025374   1.046009 f
  frfcfs.scheduler_i/n528 (net)                 1     0.001476            0.000000   1.046009 f
  frfcfs.scheduler_i/U766/A (INVX1)                             0.006657  0.000000   1.046009 f
  frfcfs.scheduler_i/U766/Y (INVX1)                             0.000000  0.003594   1.049603 r
  frfcfs.scheduler_i/n671 (net)                 2     0.003420            0.000000   1.049603 r
  frfcfs.scheduler_i/U792/B (AND2X2)                            0.000000  0.000000   1.049603 r
  frfcfs.scheduler_i/U792/Y (AND2X2)                            0.016558  0.037136   1.086738 r
  frfcfs.scheduler_i/n685 (net)                 2     0.005922            0.000000   1.086738 r
  frfcfs.scheduler_i/U991/C (NAND3X1)                           0.016558  0.000000   1.086738 r
  frfcfs.scheduler_i/U991/Y (NAND3X1)                           0.017553  0.012692   1.099431 f
  frfcfs.scheduler_i/n807 (net)                 1     0.002832            0.000000   1.099431 f
  frfcfs.scheduler_i/U990/C (NAND3X1)                           0.017553  0.000000   1.099431 f
  frfcfs.scheduler_i/U990/Y (NAND3X1)                           0.033768  0.029733   1.129164 r
  frfcfs.scheduler_i/n783 (net)                 1     0.001551            0.000000   1.129164 r
  frfcfs.scheduler_i/U999/A (INVX1)                             0.033768  0.000000   1.129164 r
  frfcfs.scheduler_i/U999/Y (INVX1)                             0.010071  0.022184   1.151348 f
  frfcfs.scheduler_i/n814 (net)                 1     0.002209            0.000000   1.151348 f
  frfcfs.scheduler_i/U1001/A (NOR2X1)                           0.010071  0.000000   1.151348 f
  frfcfs.scheduler_i/U1001/Y (NOR2X1)                           0.027598  0.028948   1.180297 r
  frfcfs.scheduler_i/n812 (net)                 1     0.002242            0.000000   1.180297 r
  frfcfs.scheduler_i/U1000/A (NOR2X1)                           0.027598  0.000000   1.180297 r
  frfcfs.scheduler_i/U1000/Y (NOR2X1)                           0.001374  0.017548   1.197844 f
  frfcfs.scheduler_i/N1530 (net)                1     0.001763            0.000000   1.197844 f
  frfcfs.scheduler_i/U619/A (AND2X2)                            0.001374  0.000000   1.197844 f
  frfcfs.scheduler_i/U619/Y (AND2X2)                            0.011236  0.039178   1.237022 f
  frfcfs.scheduler_i/n537 (net)                 4     0.010026            0.000000   1.237022 f
  frfcfs.scheduler_i/U1040/C (NAND3X1)                          0.011236  0.000000   1.237022 f
  frfcfs.scheduler_i/U1040/Y (NAND3X1)                          0.044011  0.035160   1.272182 r
  frfcfs.scheduler_i/n881 (net)                 2     0.003843            0.000000   1.272182 r
  frfcfs.scheduler_i/U526/A (INVX1)                             0.044011  0.000000   1.272182 r
  frfcfs.scheduler_i/U526/Y (INVX1)                             0.020214  0.032378   1.304559 f
  frfcfs.scheduler_i/n936 (net)                 3     0.005833            0.000000   1.304559 f
  frfcfs.scheduler_i/U1121/B (NAND2X1)                          0.020214  0.000000   1.304559 f
  frfcfs.scheduler_i/U1121/Y (NAND2X1)                          0.045086  0.022938   1.327497 r
  frfcfs.scheduler_i/n1001 (net)                2     0.004500            0.000000   1.327497 r
  frfcfs.scheduler_i/U1124/C (NAND3X1)                          0.045086  0.000000   1.327497 r
  frfcfs.scheduler_i/U1124/Y (NAND3X1)                          0.017028  0.019177   1.346675 f
  frfcfs.scheduler_i/n943 (net)                 1     0.002726            0.000000   1.346675 f
  frfcfs.scheduler_i/U1126/B (AOI22X1)                          0.017028  0.000000   1.346675 f
  frfcfs.scheduler_i/U1126/Y (AOI22X1)                          0.045481  0.040733   1.387408 r
  frfcfs.scheduler_i/n955 (net)                 1     0.002111            0.000000   1.387408 r
  frfcfs.scheduler_i/U1142/A (NAND2X1)                          0.045481  0.000000   1.387408 r
  frfcfs.scheduler_i/U1142/Y (NAND2X1)                          0.017309  0.018623   1.406031 f
  frfcfs.scheduler_i/n956 (net)                 1     0.001476            0.000000   1.406031 f
  frfcfs.scheduler_i/U1019/A (INVX1)                            0.017309  0.000000   1.406031 f
  frfcfs.scheduler_i/U1019/Y (INVX1)                            0.000000  0.008403   1.414434 r
  frfcfs.scheduler_i/n998 (net)                 2     0.003739            0.000000   1.414434 r
  frfcfs.scheduler_i/U784/B (AND2X2)                            0.000000  0.000000   1.414434 r
  frfcfs.scheduler_i/U784/Y (AND2X2)                            0.016932  0.037382   1.451816 r
  frfcfs.scheduler_i/n682 (net)                 3     0.006082            0.000000   1.451816 r
  frfcfs.scheduler_i/U712/B (NAND2X1)                           0.016932  0.000000   1.451816 r
  frfcfs.scheduler_i/U712/Y (NAND2X1)                           0.026076  0.019721   1.471537 f
  frfcfs.scheduler_i/n623 (net)                 2     0.003888            0.000000   1.471537 f
  frfcfs.scheduler_i/U742/B (NAND2X1)                           0.026076  0.000000   1.471537 f
  frfcfs.scheduler_i/U742/Y (NAND2X1)                           0.039179  0.021192   1.492729 r
  frfcfs.scheduler_i/n652 (net)                 2     0.003337            0.000000   1.492729 r
  frfcfs.scheduler_i/U777/A (AND2X2)                            0.039179  0.000000   1.492729 r
  frfcfs.scheduler_i/U777/Y (AND2X2)                            0.014476  0.037716   1.530445 r
  frfcfs.scheduler_i/n1219 (net)                3     0.004653            0.000000   1.530445 r
  frfcfs.scheduler_i/U665/A (INVX1)                             0.014476  0.000000   1.530445 r
  frfcfs.scheduler_i/U665/Y (INVX1)                             0.013649  0.018489   1.548934 f
  frfcfs.scheduler_i/n680 (net)                 2     0.002952            0.000000   1.548934 f
  frfcfs.scheduler_i/U91/A (INVX1)                              0.013649  0.000000   1.548934 f
  frfcfs.scheduler_i/U91/Y (INVX1)                              0.000000  0.003946   1.552880 r
  frfcfs.scheduler_i/n45 (net)                  1     0.002764            0.000000   1.552880 r
  frfcfs.scheduler_i/U1387/B (AOI22X1)                          0.000000  0.000000   1.552880 r
  frfcfs.scheduler_i/U1387/Y (AOI22X1)                          0.034631  0.023773   1.576653 f
  frfcfs.scheduler_i/n1271 (net)                1     0.001820            0.000000   1.576653 f
  frfcfs.scheduler_i/U1389/B (AND2X2)                           0.034631  0.000000   1.576653 f
  frfcfs.scheduler_i/U1389/Y (AND2X2)                           0.004806  0.044408   1.621062 f
  frfcfs.scheduler_i/n1272 (net)                1     0.002832            0.000000   1.621062 f
  frfcfs.scheduler_i/U574/C (NAND3X1)                           0.004806  0.000000   1.621062 f
  frfcfs.scheduler_i/U574/Y (NAND3X1)                           0.040438  0.031242   1.652304 r
  frfcfs.scheduler_i/n497 (net)                 2     0.003102            0.000000   1.652304 r
  frfcfs.scheduler_i/U657/A (INVX1)                             0.040438  0.000000   1.652304 r
  frfcfs.scheduler_i/U657/Y (INVX1)                             0.018508  0.030077   1.682380 f
  frfcfs.scheduler_i/n572 (net)                 3     0.005181            0.000000   1.682380 f
  frfcfs.scheduler_i/U740/A (NAND2X1)                           0.018508  0.000000   1.682380 f
  frfcfs.scheduler_i/U740/Y (NAND2X1)                           0.036056  0.029881   1.712261 r
  frfcfs.scheduler_i/n649 (net)                 1     0.002548            0.000000   1.712261 r
  frfcfs.scheduler_i/U1448/A (NAND3X1)                          0.036056  0.000000   1.712261 r
  frfcfs.scheduler_i/U1448/Y (NAND3X1)                          0.017528  0.022282   1.734543 f
  frfcfs.scheduler_i/n1350 (net)                1     0.002832            0.000000   1.734543 f
  frfcfs.scheduler_i/U1449/C (NAND3X1)                          0.017528  0.000000   1.734543 f
  frfcfs.scheduler_i/U1449/Y (NAND3X1)                          0.040718  0.034061   1.768604 r
  frfcfs.scheduler_i/n1352 (net)                1     0.002961            0.000000   1.768604 r
  frfcfs.scheduler_i/U1450/C (NAND3X1)                          0.040718  0.000000   1.768604 r
  frfcfs.scheduler_i/U1450/Y (NAND3X1)                          0.015714  0.016814   1.785418 f
  frfcfs.scheduler_i/n1354 (net)                1     0.001924            0.000000   1.785418 f
  frfcfs.scheduler_i/U1451/C (OAI21X1)                          0.015714  0.000000   1.785418 f
  frfcfs.scheduler_i/U1451/Y (OAI21X1)                          0.043862  0.021692   1.807110 r
  frfcfs.scheduler_i/n1517 (net)                1     0.002655            0.000000   1.807110 r
  frfcfs.scheduler_i/U725/A (INVX2)                             0.043862  0.000000   1.807110 r
  frfcfs.scheduler_i/U725/Y (INVX2)                             0.023419  0.028376   1.835487 f
  frfcfs.scheduler_i/n817 (net)                 1     0.010104            0.000000   1.835487 f
  frfcfs.scheduler_i/U1007/A (INVX8)                            0.023419  0.000000   1.835487 f
  frfcfs.scheduler_i/U1007/Y (INVX8)                            0.011640  0.022521   1.858007 r
  frfcfs.scheduler_i/select_slot[0] (net)       9     0.023427            0.000000   1.858007 r
  frfcfs.scheduler_i/select_slot[0] (mc_scheduler_frfcfs_Q_DEPTH16_ADDR_W16_AGE_LIMIT128_AGING_ENABLE0)
                                                                          0.000000   1.858007 r
  select_slot[0] (net)                                0.023427            0.000000   1.858007 r
  U54/A (INVX1)                                                 0.011640  0.000000   1.858007 r
  U54/Y (INVX1)                                                 0.020352  0.022187   1.880194 f
  n1255 (net)                                   2     0.005129            0.000000   1.880194 f
  U1571/C (NAND3X1)                                             0.020352  0.000000   1.880194 f
  U1571/Y (NAND3X1)                                             0.040903  0.035216   1.915410 r
  n1955 (net)                                   2     0.003102            0.000000   1.915410 r
  U88/A (INVX1)                                                 0.040903  0.000000   1.915410 r
  U88/Y (INVX1)                                                 0.016222  0.028662   1.944072 f
  n640 (net)                                    3     0.004428            0.000000   1.944072 f
  U236/A (INVX1)                                                0.016222  0.000000   1.944072 f
  U236/Y (INVX1)                                                0.000000  0.014560   1.958632 r
  n132 (net)                                    3     0.005757            0.000000   1.958632 r
  U421/A (INVX1)                                                0.000000  0.000000   1.958632 r
  U421/Y (INVX1)                                                0.022599  0.020030   1.978662 f
  n220 (net)                                    3     0.005611            0.000000   1.978662 f
  U1634/A (AOI22X1)                                             0.022599  0.000000   1.978662 f
  U1634/Y (AOI22X1)                                             0.050767  0.053715   2.032377 r
  n1186 (net)                                   2     0.003408            0.000000   2.032377 r
  U647/B (AND2X2)                                               0.050767  0.000000   2.032377 r
  U647/Y (AND2X2)                                               0.010463  0.033731   2.066108 r
  n2091 (net)                                   1     0.002111            0.000000   2.066108 r
  U2187/A (NAND2X1)                                             0.010463  0.000000   2.066108 r
  U2187/Y (NAND2X1)                                             0.022673  0.011632   2.077740 f
  n2094 (net)                                   1     0.001763            0.000000   2.077740 f
  U254/A (AND2X2)                                               0.022673  0.000000   2.077740 f
  U254/Y (AND2X2)                                               0.005650  0.039256   2.116996 f
  n2145 (net)                                   1     0.005092            0.000000   2.116996 f
  U98/A (INVX4)                                                 0.005650  0.000000   2.116996 f
  U98/Y (INVX4)                                                 0.001045  0.016433   2.133429 r
  cmd_row[4] (net)                              1     0.010000            0.000000   2.133429 r
  cmd_row[4] (out)                                              0.001045  0.000000   2.133429 r
  data arrival time                                                                  2.133429

  clock core_clk (rise edge)                                              2.000000   2.000000
  clock network delay (ideal)                                             0.000000   2.000000
  clock uncertainty                                                       -0.100000  1.900000
  output external delay                                                   -1.000000  0.900000
  data required time                                                                 0.900000
  ----------------------------------------------------------------------------------------------
  data required time                                                                 0.900000
  data arrival time                                                                  -2.133429
  ----------------------------------------------------------------------------------------------
  slack (VIOLATED)                                                                   -1.233429


  Startpoint: table_i/addresses_reg[53]
              (rising edge-triggered flip-flop clocked by core_clk)
  Endpoint: cmd_wdata[26]
            (output port clocked by core_clk)
  Path Group: core_clk
  Path Type: max

  Point                                       Fanout       Cap     Trans      Incr       Path
  ----------------------------------------------------------------------------------------------
  clock core_clk (rise edge)                                              0.000000   0.000000
  clock network delay (ideal)                                             0.000000   0.000000
  table_i/addresses_reg[53]/CLK (DFFPOSX1)                      0.000000  0.000000 # 0.000000 r
  table_i/addresses_reg[53]/Q (DFFPOSX1)                        0.023267  0.105501   0.105501 f
  table_i/n6819 (net)                           1     0.005092            0.000000   0.105501 f
  table_i/U98/A (INVX4)                                         0.023267  0.000000   0.105501 f
  table_i/U98/Y (INVX4)                                         0.009539  0.021286   0.126787 r
  table_i/n46 (net)                             1     0.010083            0.000000   0.126787 r
  table_i/U99/A (INVX8)                                         0.009539  0.000000   0.126787 r
  table_i/U99/Y (INVX8)                                         0.015101  0.030905   0.157692 f
  table_i/addresses[53] (net)                  11     0.052618            0.000000   0.157692 f
  table_i/addresses[53] (mc_transaction_table_Q_DEPTH16_ADDR_W16_DATA_W32_TAG_W8_READ_LATENCY3_AGE_LIMIT128)
                                                                          0.000000   0.157692 f
  addresses[53] (net)                                 0.052618            0.000000   0.157692 f
  candidates_i/addresses[53] (mc_candidates_Q_DEPTH16_ROW_W8_COL_W6)      0.000000   0.157692 f
  candidates_i/addresses[53] (net)                    0.052618            0.000000   0.157692 f
  candidates_i/U7077/B (XOR2X1)                                 0.015101  0.000000   0.157692 f
  candidates_i/U7077/Y (XOR2X1)                                 0.048053  0.053122   0.210814 r
  candidates_i/n8053 (net)                      2     0.003349            0.000000   0.210814 r
  candidates_i/U3340/A (AND2X2)                                 0.048053  0.000000   0.210814 r
  candidates_i/U3340/Y (AND2X2)                                 0.012332  0.035506   0.246320 r
  candidates_i/n8055 (net)                      1     0.002961            0.000000   0.246320 r
  candidates_i/U9424/C (NAND3X1)                                0.012332  0.000000   0.246320 r
  candidates_i/U9424/Y (NAND3X1)                                0.013883  0.009484   0.255804 f
  candidates_i/n8064 (net)                      1     0.001504            0.000000   0.255804 f
  candidates_i/U3339/A (BUFX2)                                  0.013883  0.000000   0.255804 f
  candidates_i/U3339/Y (BUFX2)                                  0.003630  0.034434   0.290238 f
  candidates_i/n1755 (net)                      1     0.003011            0.000000   0.290238 f
  candidates_i/U9425/A (NOR3X1)                                 0.003630  0.000000   0.290238 f
  candidates_i/U9425/Y (NOR3X1)                                 0.054208  0.049107   0.339345 r
  candidates_i/n8088 (net)                      1     0.002764            0.000000   0.339345 r
  candidates_i/U9431/B (AOI22X1)                                0.054208  0.000000   0.339345 r
  candidates_i/U9431/Y (AOI22X1)                                0.036724  0.039302   0.378647 f
  candidates_i/n8090 (net)                      1     0.002832            0.000000   0.378647 f
  candidates_i/U9432/C (NAND3X1)                                0.036724  0.000000   0.378647 f
  candidates_i/U9432/Y (NAND3X1)                                0.033787  0.034619   0.413266 r
  candidates_i/n8093 (net)                      1     0.001551            0.000000   0.413266 r
  candidates_i/U5708/A (INVX1)                                  0.033787  0.000000   0.413266 r
  candidates_i/U5708/Y (INVX1)                                  0.014549  0.025255   0.438520 f
  candidates_i/n10109 (net)                     2     0.003704            0.000000   0.438520 f
  candidates_i/U10527/A (NAND2X1)                               0.014549  0.000000   0.438520 f
  candidates_i/U10527/Y (NAND2X1)                               0.031493  0.025539   0.464059 r
  candidates_i/n10517 (net)                     1     0.001551            0.000000   0.464059 r
  candidates_i/U6433/A (INVX1)                                  0.031493  0.000000   0.464059 r
  candidates_i/U6433/Y (INVX1)                                  0.015821  0.025396   0.489455 f
  candidates_i/n10110 (net)                     2     0.004076            0.000000   0.489455 f
  candidates_i/U10528/B (NAND3X1)                               0.015821  0.000000   0.489455 f
  candidates_i/U10528/Y (NAND3X1)                               0.036429  0.033661   0.523116 r
  candidates_i/n10123 (net)                     1     0.002111            0.000000   0.523116 r
  candidates_i/U10533/A (NAND2X1)                               0.036429  0.000000   0.523116 r
  candidates_i/U10533/Y (NAND2X1)                               0.020290  0.017986   0.541102 f
  candidates_i/n10124 (net)                     1     0.002209            0.000000   0.541102 f
  candidates_i/U10534/A (NOR2X1)                                0.020290  0.000000   0.541102 f
  candidates_i/U10534/Y (NOR2X1)                                0.034923  0.035974   0.577076 r
  candidates_i/n10128 (net)                     2     0.003667            0.000000   0.577076 r
  candidates_i/U2733/A (AND2X2)                                 0.034923  0.000000   0.577076 r
  candidates_i/U2733/Y (AND2X2)                                 0.019432  0.040948   0.618024 r
  candidates_i/n1464 (net)                      3     0.006869            0.000000   0.618024 r
  candidates_i/U10536/C (NAND3X1)                               0.019432  0.000000   0.618024 r
  candidates_i/U10536/Y (NAND3X1)                               0.025033  0.017875   0.635899 f
  candidates_i/n10136 (net)                     3     0.005527            0.000000   0.635899 f
  candidates_i/U10553/B (NAND2X1)                               0.025033  0.000000   0.635899 f
  candidates_i/U10553/Y (NAND2X1)                               0.032294  0.016246   0.652145 r
  candidates_i/n10164 (net)                     1     0.001869            0.000000   0.652145 r
  candidates_i/U868/B (AND2X2)                                  0.032294  0.000000   0.652145 r
  candidates_i/U868/Y (AND2X2)                                  0.014246  0.036048   0.688193 r
  candidates_i/n11025 (net)                     2     0.004206            0.000000   0.688193 r
  candidates_i/U729/A (INVX2)                                   0.014246  0.000000   0.688193 r
  candidates_i/U729/Y (INVX2)                                   0.012060  0.027898   0.716091 f
  candidates_i/n461 (net)                       1     0.010104            0.000000   0.716091 f
  candidates_i/U728/A (INVX8)                                   0.012060  0.000000   0.716091 f
  candidates_i/U728/Y (INVX8)                                   0.005099  0.018721   0.734812 r
  candidates_i/n10375 (net)                     7     0.021486            0.000000   0.734812 r
  candidates_i/U1860/A (INVX4)                                  0.005099  0.000000   0.734812 r
  candidates_i/U1860/Y (INVX4)                                  0.003793  0.024694   0.759506 f
  candidates_i/n1233 (net)                      3     0.007577            0.000000   0.759506 f
  candidates_i/U10725/B (OAI21X1)                               0.003793  0.000000   0.759506 f
  candidates_i/U10725/Y (OAI21X1)                               0.042812  0.038881   0.798387 r
  candidates_i/n10307 (net)                     1     0.002386            0.000000   0.798387 r
  candidates_i/U10726/C (AOI21X1)                               0.042812  0.000000   0.798387 r
  candidates_i/U10726/Y (AOI21X1)                               0.017629  0.022489   0.820876 f
  candidates_i/n10308 (net)                     1     0.002832            0.000000   0.820876 f
  candidates_i/U10727/C (NAND3X1)                               0.017629  0.000000   0.820876 f
  candidates_i/U10727/Y (NAND3X1)                               0.033766  0.029753   0.850629 r
  candidates_i/n10311 (net)                     1     0.001551            0.000000   0.850629 r
  candidates_i/U1851/A (INVX1)                                  0.033766  0.000000   0.850629 r
  candidates_i/U1851/Y (INVX1)                                  0.013700  0.024667   0.875296 f
  candidates_i/n10453 (net)                     2     0.003420            0.000000   0.875296 f
  candidates_i/U10728/B (NAND2X1)                               0.013700  0.000000   0.875296 f
  candidates_i/U10728/Y (NAND2X1)                               0.040012  0.017171   0.892467 r
  candidates_i/n10403 (net)                     2     0.003337            0.000000   0.892467 r
  candidates_i/U1604/A (AND2X2)                                 0.040012  0.000000   0.892467 r
  candidates_i/U1604/Y (AND2X2)                                 0.014092  0.037751   0.930218 r
  candidates_i/n10407 (net)                     3     0.004653            0.000000   0.930218 r
  candidates_i/U1606/A (INVX1)                                  0.014092  0.000000   0.930218 r
  candidates_i/U1606/Y (INVX1)                                  0.012720  0.017729   0.947947 f
  candidates_i/n836 (net)                       1     0.002632            0.000000   0.947947 f
  candidates_i/U10801/B (OAI21X1)                               0.012720  0.000000   0.947947 f
  candidates_i/U10801/Y (OAI21X1)                               0.043049  0.040865   0.988812 r
  candidates_i/n10408 (net)                     1     0.002386            0.000000   0.988812 r
  candidates_i/U10802/C (AOI21X1)                               0.043049  0.000000   0.988812 r
  candidates_i/U10802/Y (AOI21X1)                               0.016526  0.020733   1.009545 f
  candidates_i/n10411 (net)                     1     0.001944            0.000000   1.009545 f
  candidates_i/U10803/B (NAND2X1)                               0.016526  0.000000   1.009545 f
  candidates_i/U10803/Y (NAND2X1)                               0.031360  0.012486   1.022031 r
  candidates_i/candidate_slots[8] (net)         1     0.001551            0.000000   1.022031 r
  candidates_i/candidate_slots[8] (mc_candidates_Q_DEPTH16_ROW_W8_COL_W6) 0.000000   1.022031 r
  candidate_slots[8] (net)                            0.001551            0.000000   1.022031 r
  U1247/A (INVX1)                                               0.031360  0.000000   1.022031 r
  U1247/Y (INVX1)                                               0.008047  0.020032   1.042063 f
  n501 (net)                                    1     0.001476            0.000000   1.042063 f
  U105/A (INVX1)                                                0.008047  0.000000   1.042063 f
  U105/Y (INVX1)                                                0.006841  0.019928   1.061991 r
  n502 (net)                                    4     0.008305            0.000000   1.061991 r
  frfcfs.scheduler_i/candidate_slots[8] (mc_scheduler_frfcfs_Q_DEPTH16_ADDR_W16_AGE_LIMIT128_AGING_ENABLE0)
                                                                          0.000000   1.061991 r
  frfcfs.scheduler_i/N592 (net)                       0.008305            0.000000   1.061991 r
  frfcfs.scheduler_i/U955/A (AOI22X1)                           0.006841  0.000000   1.061991 r
  frfcfs.scheduler_i/U955/Y (AOI22X1)                           0.034673  0.031704   1.093695 f
  frfcfs.scheduler_i/n766 (net)                 1     0.001944            0.000000   1.093695 f
  frfcfs.scheduler_i/U753/B (NAND2X1)                           0.034673  0.000000   1.093695 f
  frfcfs.scheduler_i/U753/Y (NAND2X1)                           0.036819  0.022804   1.116499 r
  frfcfs.scheduler_i/n765 (net)                 1     0.002961            0.000000   1.116499 r
  frfcfs.scheduler_i/U954/C (NAND3X1)                           0.036819  0.000000   1.116499 r
  frfcfs.scheduler_i/U954/Y (NAND3X1)                           0.016240  0.016554   1.133053 f
  frfcfs.scheduler_i/n762 (net)                 1     0.002312            0.000000   1.133053 f
  frfcfs.scheduler_i/U953/C (AOI21X1)                           0.016240  0.000000   1.133053 f
  frfcfs.scheduler_i/U953/Y (AOI21X1)                           0.033867  0.024036   1.157089 r
  frfcfs.scheduler_i/N1463 (net)                2     0.003667            0.000000   1.157089 r
  frfcfs.scheduler_i/U675/B (AND2X2)                            0.033867  0.000000   1.157089 r
  frfcfs.scheduler_i/U675/Y (AND2X2)                            0.013096  0.035298   1.192387 r
  frfcfs.scheduler_i/n587 (net)                 2     0.003667            0.000000   1.192387 r
  frfcfs.scheduler_i/U488/B (AND2X2)                            0.013096  0.000000   1.192387 r
  frfcfs.scheduler_i/U488/Y (AND2X2)                            0.010693  0.033428   1.225815 r
  frfcfs.scheduler_i/n949 (net)                 2     0.003102            0.000000   1.225815 r
  frfcfs.scheduler_i/U489/A (INVX1)                             0.010693  0.000000   1.225815 r
  frfcfs.scheduler_i/U489/Y (INVX1)                             0.018556  0.020653   1.246468 f
  frfcfs.scheduler_i/n430 (net)                 2     0.004506            0.000000   1.246468 f
  frfcfs.scheduler_i/U1086/B (NOR2X1)                           0.018556  0.000000   1.246468 f
  frfcfs.scheduler_i/U1086/Y (NOR2X1)                           0.027314  0.030747   1.277216 r
  frfcfs.scheduler_i/n911 (net)                 1     0.002386            0.000000   1.277216 r
  frfcfs.scheduler_i/U1087/C (AOI21X1)                          0.027314  0.000000   1.277216 r
  frfcfs.scheduler_i/U1087/Y (AOI21X1)                          0.018232  0.017886   1.295101 f
  frfcfs.scheduler_i/n1004 (net)                1     0.002832            0.000000   1.295101 f
  frfcfs.scheduler_i/U1089/C (NAND3X1)                          0.018232  0.000000   1.295101 f
  frfcfs.scheduler_i/U1089/Y (NAND3X1)                          0.042977  0.036101   1.331203 r
  frfcfs.scheduler_i/n912 (net)                 2     0.003566            0.000000   1.331203 r
  frfcfs.scheduler_i/U1090/B (NAND2X1)                          0.042977  0.000000   1.331203 r
  frfcfs.scheduler_i/U1090/Y (NAND2X1)                          0.018531  0.021958   1.353161 f
  frfcfs.scheduler_i/n920 (net)                 1     0.001884            0.000000   1.353161 f
  frfcfs.scheduler_i/U1100/A (NAND2X1)                          0.018531  0.000000   1.353161 f
  frfcfs.scheduler_i/U1100/Y (NAND2X1)                          0.035021  0.029321   1.382482 r
  frfcfs.scheduler_i/n934 (net)                 1     0.002365            0.000000   1.382482 r
  frfcfs.scheduler_i/U1117/B (NOR2X1)                           0.035021  0.000000   1.382482 r
  frfcfs.scheduler_i/U1117/Y (NOR2X1)                           0.006714  0.021660   1.404142 f
  frfcfs.scheduler_i/n995 (net)                 2     0.003583            0.000000   1.404142 f
  frfcfs.scheduler_i/U783/B (AND2X2)                            0.006714  0.000000   1.404142 f
  frfcfs.scheduler_i/U783/Y (AND2X2)                            0.003765  0.041724   1.445866 f
  frfcfs.scheduler_i/n681 (net)                 4     0.007537            0.000000   1.445866 f
  frfcfs.scheduler_i/U1199/A (NAND2X1)                          0.003765  0.000000   1.445866 f
  frfcfs.scheduler_i/U1199/Y (NAND2X1)                          0.051456  0.034724   1.480590 r
  frfcfs.scheduler_i/n1048 (net)                3     0.005606            0.000000   1.480590 r
  frfcfs.scheduler_i/U721/A (INVX1)                             0.051456  0.000000   1.480590 r
  frfcfs.scheduler_i/U721/Y (INVX1)                             0.011059  0.028493   1.509083 f
  frfcfs.scheduler_i/n631 (net)                 2     0.002952            0.000000   1.509083 f
  frfcfs.scheduler_i/U618/A (INVX1)                             0.011059  0.000000   1.509083 f
  frfcfs.scheduler_i/U618/Y (INVX1)                             0.000000  0.000638   1.509721 r
  frfcfs.scheduler_i/n536 (net)                 1     0.002027            0.000000   1.509721 r
  frfcfs.scheduler_i/U604/B (NAND2X1)                           0.000000  0.000000   1.509721 r
  frfcfs.scheduler_i/U604/Y (NAND2X1)                           0.027358  0.015685   1.525407 f
  frfcfs.scheduler_i/n524 (net)                 2     0.003707            0.000000   1.525407 f
  frfcfs.scheduler_i/U678/A (AND2X2)                            0.027358  0.000000   1.525407 f
  frfcfs.scheduler_i/U678/Y (AND2X2)                            0.005501  0.040817   1.566224 f
  frfcfs.scheduler_i/n590 (net)                 2     0.005452            0.000000   1.566224 f
  frfcfs.scheduler_i/U1425/B (AOI22X1)                          0.005501  0.000000   1.566224 f
  frfcfs.scheduler_i/U1425/Y (AOI22X1)                          0.043011  0.036749   1.602973 r
  frfcfs.scheduler_i/n1321 (net)                1     0.001869            0.000000   1.602973 r
  frfcfs.scheduler_i/U1427/B (AND2X2)                           0.043011  0.000000   1.602973 r
  frfcfs.scheduler_i/U1427/Y (AND2X2)                           0.011973  0.034657   1.637630 r
  frfcfs.scheduler_i/n1322 (net)                1     0.002961            0.000000   1.637630 r
  frfcfs.scheduler_i/U1428/C (NAND3X1)                          0.011973  0.000000   1.637630 r
  frfcfs.scheduler_i/U1428/Y (NAND3X1)                          0.019452  0.013273   1.650903 f
  frfcfs.scheduler_i/n1363 (net)                2     0.003818            0.000000   1.650903 f
  frfcfs.scheduler_i/U849/B (OR2X2)                             0.019452  0.000000   1.650903 f
  frfcfs.scheduler_i/U849/Y (OR2X2)                             0.010166  0.050168   1.701071 f
  frfcfs.scheduler_i/n1419 (net)                2     0.004308            0.000000   1.701071 f
  frfcfs.scheduler_i/U1448/C (NAND3X1)                          0.010166  0.000000   1.701071 f
  frfcfs.scheduler_i/U1448/Y (NAND3X1)                          0.040654  0.032179   1.733250 r
  frfcfs.scheduler_i/n1350 (net)                1     0.002961            0.000000   1.733250 r
  frfcfs.scheduler_i/U1449/C (NAND3X1)                          0.040654  0.000000   1.733250 r
  frfcfs.scheduler_i/U1449/Y (NAND3X1)                          0.017264  0.018319   1.751569 f
  frfcfs.scheduler_i/n1352 (net)                1     0.002832            0.000000   1.751569 f
  frfcfs.scheduler_i/U1450/C (NAND3X1)                          0.017264  0.000000   1.751569 f
  frfcfs.scheduler_i/U1450/Y (NAND3X1)                          0.035884  0.031070   1.782639 r
  frfcfs.scheduler_i/n1354 (net)                1     0.002010            0.000000   1.782639 r
  frfcfs.scheduler_i/U1451/C (OAI21X1)                          0.035884  0.000000   1.782639 r
  frfcfs.scheduler_i/U1451/Y (OAI21X1)                          0.007071  0.021211   1.803850 f
  frfcfs.scheduler_i/n1517 (net)                1     0.002673            0.000000   1.803850 f
  frfcfs.scheduler_i/U725/A (INVX2)                             0.007071  0.000000   1.803850 f
  frfcfs.scheduler_i/U725/Y (INVX2)                             0.011569  0.023854   1.827704 r
  frfcfs.scheduler_i/n817 (net)                 1     0.010083            0.000000   1.827704 r
  frfcfs.scheduler_i/U1007/A (INVX8)                            0.011569  0.000000   1.827704 r
  frfcfs.scheduler_i/U1007/Y (INVX8)                            0.008102  0.025744   1.853448 f
  frfcfs.scheduler_i/select_slot[0] (net)       9     0.022216            0.000000   1.853448 f
  frfcfs.scheduler_i/select_slot[0] (mc_scheduler_frfcfs_Q_DEPTH16_ADDR_W16_AGE_LIMIT128_AGING_ENABLE0)
                                                                          0.000000   1.853448 f
  select_slot[0] (net)                                0.022216            0.000000   1.853448 f
  U1565/B (NAND3X1)                                             0.008102  0.000000   1.853448 f
  U1565/Y (NAND3X1)                                             0.045433  0.036997   1.890445 r
  n1951 (net)                                   1     0.003979            0.000000   1.890445 r
  U549/A (BUFX4)                                                0.045433  0.000000   1.890445 r
  U549/Y (BUFX4)                                                0.020050  0.026974   1.917419 r
  n460 (net)                                    7     0.011961            0.000000   1.917419 r
  U446/A (INVX2)                                                0.020050  0.000000   1.917419 r
  U446/Y (INVX2)                                                0.014520  0.028168   1.945588 f
  n564 (net)                                    7     0.010333            0.000000   1.945588 f
  U387/A (INVX1)                                                0.014520  0.000000   1.945588 f
  U387/Y (INVX1)                                                0.000000  0.015120   1.960708 r
  n199 (net)                                    3     0.006116            0.000000   1.960708 r
  U673/B (OR2X2)                                                0.000000  0.000000   1.960708 r
  U673/Y (OR2X2)                                                0.006864  0.041056   2.001763 r
  n1849 (net)                                   1     0.001551            0.000000   2.001763 r
  U674/A (INVX1)                                                0.006864  0.000000   2.001763 r
  U674/Y (INVX1)                                                0.014525  0.016665   2.018428 f
  n353 (net)                                    1     0.003067            0.000000   2.018428 f
  U2031/B (NOR3X1)                                              0.014525  0.000000   2.018428 f
  U2031/Y (NOR3X1)                                              0.054164  0.040602   2.059030 r
  n1861 (net)                                   1     0.002817            0.000000   2.059030 r
  U2037/A (AOI22X1)                                             0.054164  0.000000   2.059030 r
  U2037/Y (AOI22X1)                                             0.036352  0.042370   2.101400 f
  n1863 (net)                                   1     0.002673            0.000000   2.101400 f
  U343/A (INVX2)                                                0.036352  0.000000   2.101400 f
  U343/Y (INVX2)                                                0.024632  0.031911   2.133311 r
  cmd_wdata[26] (net)                           1     0.010000            0.000000   2.133311 r
  cmd_wdata[26] (out)                                           0.024632  0.000000   2.133311 r
  data arrival time                                                                  2.133311

  clock core_clk (rise edge)                                              2.000000   2.000000
  clock network delay (ideal)                                             0.000000   2.000000
  clock uncertainty                                                       -0.100000  1.900000
  output external delay                                                   -1.000000  0.900000
  data required time                                                                 0.900000
  ----------------------------------------------------------------------------------------------
  data required time                                                                 0.900000
  data arrival time                                                                  -2.133311
  ----------------------------------------------------------------------------------------------
  slack (VIOLATED)                                                                   -1.233311


  Startpoint: table_i/addresses_reg[53]
              (rising edge-triggered flip-flop clocked by core_clk)
  Endpoint: cmd_wdata[20]
            (output port clocked by core_clk)
  Path Group: core_clk
  Path Type: max

  Point                                       Fanout       Cap     Trans      Incr       Path
  ----------------------------------------------------------------------------------------------
  clock core_clk (rise edge)                                              0.000000   0.000000
  clock network delay (ideal)                                             0.000000   0.000000
  table_i/addresses_reg[53]/CLK (DFFPOSX1)                      0.000000  0.000000 # 0.000000 r
  table_i/addresses_reg[53]/Q (DFFPOSX1)                        0.023267  0.105501   0.105501 f
  table_i/n6819 (net)                           1     0.005092            0.000000   0.105501 f
  table_i/U98/A (INVX4)                                         0.023267  0.000000   0.105501 f
  table_i/U98/Y (INVX4)                                         0.009539  0.021286   0.126787 r
  table_i/n46 (net)                             1     0.010083            0.000000   0.126787 r
  table_i/U99/A (INVX8)                                         0.009539  0.000000   0.126787 r
  table_i/U99/Y (INVX8)                                         0.015101  0.030905   0.157692 f
  table_i/addresses[53] (net)                  11     0.052618            0.000000   0.157692 f
  table_i/addresses[53] (mc_transaction_table_Q_DEPTH16_ADDR_W16_DATA_W32_TAG_W8_READ_LATENCY3_AGE_LIMIT128)
                                                                          0.000000   0.157692 f
  addresses[53] (net)                                 0.052618            0.000000   0.157692 f
  candidates_i/addresses[53] (mc_candidates_Q_DEPTH16_ROW_W8_COL_W6)      0.000000   0.157692 f
  candidates_i/addresses[53] (net)                    0.052618            0.000000   0.157692 f
  candidates_i/U7077/B (XOR2X1)                                 0.015101  0.000000   0.157692 f
  candidates_i/U7077/Y (XOR2X1)                                 0.048053  0.053122   0.210814 r
  candidates_i/n8053 (net)                      2     0.003349            0.000000   0.210814 r
  candidates_i/U3340/A (AND2X2)                                 0.048053  0.000000   0.210814 r
  candidates_i/U3340/Y (AND2X2)                                 0.012332  0.035506   0.246320 r
  candidates_i/n8055 (net)                      1     0.002961            0.000000   0.246320 r
  candidates_i/U9424/C (NAND3X1)                                0.012332  0.000000   0.246320 r
  candidates_i/U9424/Y (NAND3X1)                                0.013883  0.009484   0.255804 f
  candidates_i/n8064 (net)                      1     0.001504            0.000000   0.255804 f
  candidates_i/U3339/A (BUFX2)                                  0.013883  0.000000   0.255804 f
  candidates_i/U3339/Y (BUFX2)                                  0.003630  0.034434   0.290238 f
  candidates_i/n1755 (net)                      1     0.003011            0.000000   0.290238 f
  candidates_i/U9425/A (NOR3X1)                                 0.003630  0.000000   0.290238 f
  candidates_i/U9425/Y (NOR3X1)                                 0.054208  0.049107   0.339345 r
  candidates_i/n8088 (net)                      1     0.002764            0.000000   0.339345 r
  candidates_i/U9431/B (AOI22X1)                                0.054208  0.000000   0.339345 r
  candidates_i/U9431/Y (AOI22X1)                                0.036724  0.039302   0.378647 f
  candidates_i/n8090 (net)                      1     0.002832            0.000000   0.378647 f
  candidates_i/U9432/C (NAND3X1)                                0.036724  0.000000   0.378647 f
  candidates_i/U9432/Y (NAND3X1)                                0.033787  0.034619   0.413266 r
  candidates_i/n8093 (net)                      1     0.001551            0.000000   0.413266 r
  candidates_i/U5708/A (INVX1)                                  0.033787  0.000000   0.413266 r
  candidates_i/U5708/Y (INVX1)                                  0.014549  0.025255   0.438520 f
  candidates_i/n10109 (net)                     2     0.003704            0.000000   0.438520 f
  candidates_i/U10527/A (NAND2X1)                               0.014549  0.000000   0.438520 f
  candidates_i/U10527/Y (NAND2X1)                               0.031493  0.025539   0.464059 r
  candidates_i/n10517 (net)                     1     0.001551            0.000000   0.464059 r
  candidates_i/U6433/A (INVX1)                                  0.031493  0.000000   0.464059 r
  candidates_i/U6433/Y (INVX1)                                  0.015821  0.025396   0.489455 f
  candidates_i/n10110 (net)                     2     0.004076            0.000000   0.489455 f
  candidates_i/U10528/B (NAND3X1)                               0.015821  0.000000   0.489455 f
  candidates_i/U10528/Y (NAND3X1)                               0.036429  0.033661   0.523116 r
  candidates_i/n10123 (net)                     1     0.002111            0.000000   0.523116 r
  candidates_i/U10533/A (NAND2X1)                               0.036429  0.000000   0.523116 r
  candidates_i/U10533/Y (NAND2X1)                               0.020290  0.017986   0.541102 f
  candidates_i/n10124 (net)                     1     0.002209            0.000000   0.541102 f
  candidates_i/U10534/A (NOR2X1)                                0.020290  0.000000   0.541102 f
  candidates_i/U10534/Y (NOR2X1)                                0.034923  0.035974   0.577076 r
  candidates_i/n10128 (net)                     2     0.003667            0.000000   0.577076 r
  candidates_i/U2733/A (AND2X2)                                 0.034923  0.000000   0.577076 r
  candidates_i/U2733/Y (AND2X2)                                 0.019432  0.040948   0.618024 r
  candidates_i/n1464 (net)                      3     0.006869            0.000000   0.618024 r
  candidates_i/U10536/C (NAND3X1)                               0.019432  0.000000   0.618024 r
  candidates_i/U10536/Y (NAND3X1)                               0.025033  0.017875   0.635899 f
  candidates_i/n10136 (net)                     3     0.005527            0.000000   0.635899 f
  candidates_i/U10553/B (NAND2X1)                               0.025033  0.000000   0.635899 f
  candidates_i/U10553/Y (NAND2X1)                               0.032294  0.016246   0.652145 r
  candidates_i/n10164 (net)                     1     0.001869            0.000000   0.652145 r
  candidates_i/U868/B (AND2X2)                                  0.032294  0.000000   0.652145 r
  candidates_i/U868/Y (AND2X2)                                  0.014246  0.036048   0.688193 r
  candidates_i/n11025 (net)                     2     0.004206            0.000000   0.688193 r
  candidates_i/U729/A (INVX2)                                   0.014246  0.000000   0.688193 r
  candidates_i/U729/Y (INVX2)                                   0.012060  0.027898   0.716091 f
  candidates_i/n461 (net)                       1     0.010104            0.000000   0.716091 f
  candidates_i/U728/A (INVX8)                                   0.012060  0.000000   0.716091 f
  candidates_i/U728/Y (INVX8)                                   0.005099  0.018721   0.734812 r
  candidates_i/n10375 (net)                     7     0.021486            0.000000   0.734812 r
  candidates_i/U1860/A (INVX4)                                  0.005099  0.000000   0.734812 r
  candidates_i/U1860/Y (INVX4)                                  0.003793  0.024694   0.759506 f
  candidates_i/n1233 (net)                      3     0.007577            0.000000   0.759506 f
  candidates_i/U10725/B (OAI21X1)                               0.003793  0.000000   0.759506 f
  candidates_i/U10725/Y (OAI21X1)                               0.042812  0.038881   0.798387 r
  candidates_i/n10307 (net)                     1     0.002386            0.000000   0.798387 r
  candidates_i/U10726/C (AOI21X1)                               0.042812  0.000000   0.798387 r
  candidates_i/U10726/Y (AOI21X1)                               0.017629  0.022489   0.820876 f
  candidates_i/n10308 (net)                     1     0.002832            0.000000   0.820876 f
  candidates_i/U10727/C (NAND3X1)                               0.017629  0.000000   0.820876 f
  candidates_i/U10727/Y (NAND3X1)                               0.033766  0.029753   0.850629 r
  candidates_i/n10311 (net)                     1     0.001551            0.000000   0.850629 r
  candidates_i/U1851/A (INVX1)                                  0.033766  0.000000   0.850629 r
  candidates_i/U1851/Y (INVX1)                                  0.013700  0.024667   0.875296 f
  candidates_i/n10453 (net)                     2     0.003420            0.000000   0.875296 f
  candidates_i/U10728/B (NAND2X1)                               0.013700  0.000000   0.875296 f
  candidates_i/U10728/Y (NAND2X1)                               0.040012  0.017171   0.892467 r
  candidates_i/n10403 (net)                     2     0.003337            0.000000   0.892467 r
  candidates_i/U1604/A (AND2X2)                                 0.040012  0.000000   0.892467 r
  candidates_i/U1604/Y (AND2X2)                                 0.014092  0.037751   0.930218 r
  candidates_i/n10407 (net)                     3     0.004653            0.000000   0.930218 r
  candidates_i/U1606/A (INVX1)                                  0.014092  0.000000   0.930218 r
  candidates_i/U1606/Y (INVX1)                                  0.012720  0.017729   0.947947 f
  candidates_i/n836 (net)                       1     0.002632            0.000000   0.947947 f
  candidates_i/U10801/B (OAI21X1)                               0.012720  0.000000   0.947947 f
  candidates_i/U10801/Y (OAI21X1)                               0.043049  0.040865   0.988812 r
  candidates_i/n10408 (net)                     1     0.002386            0.000000   0.988812 r
  candidates_i/U10802/C (AOI21X1)                               0.043049  0.000000   0.988812 r
  candidates_i/U10802/Y (AOI21X1)                               0.016526  0.020733   1.009545 f
  candidates_i/n10411 (net)                     1     0.001944            0.000000   1.009545 f
  candidates_i/U10803/B (NAND2X1)                               0.016526  0.000000   1.009545 f
  candidates_i/U10803/Y (NAND2X1)                               0.031360  0.012486   1.022031 r
  candidates_i/candidate_slots[8] (net)         1     0.001551            0.000000   1.022031 r
  candidates_i/candidate_slots[8] (mc_candidates_Q_DEPTH16_ROW_W8_COL_W6) 0.000000   1.022031 r
  candidate_slots[8] (net)                            0.001551            0.000000   1.022031 r
  U1247/A (INVX1)                                               0.031360  0.000000   1.022031 r
  U1247/Y (INVX1)                                               0.008047  0.020032   1.042063 f
  n501 (net)                                    1     0.001476            0.000000   1.042063 f
  U105/A (INVX1)                                                0.008047  0.000000   1.042063 f
  U105/Y (INVX1)                                                0.006841  0.019928   1.061991 r
  n502 (net)                                    4     0.008305            0.000000   1.061991 r
  frfcfs.scheduler_i/candidate_slots[8] (mc_scheduler_frfcfs_Q_DEPTH16_ADDR_W16_AGE_LIMIT128_AGING_ENABLE0)
                                                                          0.000000   1.061991 r
  frfcfs.scheduler_i/N592 (net)                       0.008305            0.000000   1.061991 r
  frfcfs.scheduler_i/U955/A (AOI22X1)                           0.006841  0.000000   1.061991 r
  frfcfs.scheduler_i/U955/Y (AOI22X1)                           0.034673  0.031704   1.093695 f
  frfcfs.scheduler_i/n766 (net)                 1     0.001944            0.000000   1.093695 f
  frfcfs.scheduler_i/U753/B (NAND2X1)                           0.034673  0.000000   1.093695 f
  frfcfs.scheduler_i/U753/Y (NAND2X1)                           0.036819  0.022804   1.116499 r
  frfcfs.scheduler_i/n765 (net)                 1     0.002961            0.000000   1.116499 r
  frfcfs.scheduler_i/U954/C (NAND3X1)                           0.036819  0.000000   1.116499 r
  frfcfs.scheduler_i/U954/Y (NAND3X1)                           0.016240  0.016554   1.133053 f
  frfcfs.scheduler_i/n762 (net)                 1     0.002312            0.000000   1.133053 f
  frfcfs.scheduler_i/U953/C (AOI21X1)                           0.016240  0.000000   1.133053 f
  frfcfs.scheduler_i/U953/Y (AOI21X1)                           0.033867  0.024036   1.157089 r
  frfcfs.scheduler_i/N1463 (net)                2     0.003667            0.000000   1.157089 r
  frfcfs.scheduler_i/U675/B (AND2X2)                            0.033867  0.000000   1.157089 r
  frfcfs.scheduler_i/U675/Y (AND2X2)                            0.013096  0.035298   1.192387 r
  frfcfs.scheduler_i/n587 (net)                 2     0.003667            0.000000   1.192387 r
  frfcfs.scheduler_i/U488/B (AND2X2)                            0.013096  0.000000   1.192387 r
  frfcfs.scheduler_i/U488/Y (AND2X2)                            0.010693  0.033428   1.225815 r
  frfcfs.scheduler_i/n949 (net)                 2     0.003102            0.000000   1.225815 r
  frfcfs.scheduler_i/U489/A (INVX1)                             0.010693  0.000000   1.225815 r
  frfcfs.scheduler_i/U489/Y (INVX1)                             0.018556  0.020653   1.246468 f
  frfcfs.scheduler_i/n430 (net)                 2     0.004506            0.000000   1.246468 f
  frfcfs.scheduler_i/U1086/B (NOR2X1)                           0.018556  0.000000   1.246468 f
  frfcfs.scheduler_i/U1086/Y (NOR2X1)                           0.027314  0.030747   1.277216 r
  frfcfs.scheduler_i/n911 (net)                 1     0.002386            0.000000   1.277216 r
  frfcfs.scheduler_i/U1087/C (AOI21X1)                          0.027314  0.000000   1.277216 r
  frfcfs.scheduler_i/U1087/Y (AOI21X1)                          0.018232  0.017886   1.295101 f
  frfcfs.scheduler_i/n1004 (net)                1     0.002832            0.000000   1.295101 f
  frfcfs.scheduler_i/U1089/C (NAND3X1)                          0.018232  0.000000   1.295101 f
  frfcfs.scheduler_i/U1089/Y (NAND3X1)                          0.042977  0.036101   1.331203 r
  frfcfs.scheduler_i/n912 (net)                 2     0.003566            0.000000   1.331203 r
  frfcfs.scheduler_i/U1090/B (NAND2X1)                          0.042977  0.000000   1.331203 r
  frfcfs.scheduler_i/U1090/Y (NAND2X1)                          0.018531  0.021958   1.353161 f
  frfcfs.scheduler_i/n920 (net)                 1     0.001884            0.000000   1.353161 f
  frfcfs.scheduler_i/U1100/A (NAND2X1)                          0.018531  0.000000   1.353161 f
  frfcfs.scheduler_i/U1100/Y (NAND2X1)                          0.035021  0.029321   1.382482 r
  frfcfs.scheduler_i/n934 (net)                 1     0.002365            0.000000   1.382482 r
  frfcfs.scheduler_i/U1117/B (NOR2X1)                           0.035021  0.000000   1.382482 r
  frfcfs.scheduler_i/U1117/Y (NOR2X1)                           0.006714  0.021660   1.404142 f
  frfcfs.scheduler_i/n995 (net)                 2     0.003583            0.000000   1.404142 f
  frfcfs.scheduler_i/U783/B (AND2X2)                            0.006714  0.000000   1.404142 f
  frfcfs.scheduler_i/U783/Y (AND2X2)                            0.003765  0.041724   1.445866 f
  frfcfs.scheduler_i/n681 (net)                 4     0.007537            0.000000   1.445866 f
  frfcfs.scheduler_i/U1199/A (NAND2X1)                          0.003765  0.000000   1.445866 f
  frfcfs.scheduler_i/U1199/Y (NAND2X1)                          0.051456  0.034724   1.480590 r
  frfcfs.scheduler_i/n1048 (net)                3     0.005606            0.000000   1.480590 r
  frfcfs.scheduler_i/U721/A (INVX1)                             0.051456  0.000000   1.480590 r
  frfcfs.scheduler_i/U721/Y (INVX1)                             0.011059  0.028493   1.509083 f
  frfcfs.scheduler_i/n631 (net)                 2     0.002952            0.000000   1.509083 f
  frfcfs.scheduler_i/U618/A (INVX1)                             0.011059  0.000000   1.509083 f
  frfcfs.scheduler_i/U618/Y (INVX1)                             0.000000  0.000638   1.509721 r
  frfcfs.scheduler_i/n536 (net)                 1     0.002027            0.000000   1.509721 r
  frfcfs.scheduler_i/U604/B (NAND2X1)                           0.000000  0.000000   1.509721 r
  frfcfs.scheduler_i/U604/Y (NAND2X1)                           0.027358  0.015685   1.525407 f
  frfcfs.scheduler_i/n524 (net)                 2     0.003707            0.000000   1.525407 f
  frfcfs.scheduler_i/U678/A (AND2X2)                            0.027358  0.000000   1.525407 f
  frfcfs.scheduler_i/U678/Y (AND2X2)                            0.005501  0.040817   1.566224 f
  frfcfs.scheduler_i/n590 (net)                 2     0.005452            0.000000   1.566224 f
  frfcfs.scheduler_i/U1425/B (AOI22X1)                          0.005501  0.000000   1.566224 f
  frfcfs.scheduler_i/U1425/Y (AOI22X1)                          0.043011  0.036749   1.602973 r
  frfcfs.scheduler_i/n1321 (net)                1     0.001869            0.000000   1.602973 r
  frfcfs.scheduler_i/U1427/B (AND2X2)                           0.043011  0.000000   1.602973 r
  frfcfs.scheduler_i/U1427/Y (AND2X2)                           0.011973  0.034657   1.637630 r
  frfcfs.scheduler_i/n1322 (net)                1     0.002961            0.000000   1.637630 r
  frfcfs.scheduler_i/U1428/C (NAND3X1)                          0.011973  0.000000   1.637630 r
  frfcfs.scheduler_i/U1428/Y (NAND3X1)                          0.019452  0.013273   1.650903 f
  frfcfs.scheduler_i/n1363 (net)                2     0.003818            0.000000   1.650903 f
  frfcfs.scheduler_i/U849/B (OR2X2)                             0.019452  0.000000   1.650903 f
  frfcfs.scheduler_i/U849/Y (OR2X2)                             0.010166  0.050168   1.701071 f
  frfcfs.scheduler_i/n1419 (net)                2     0.004308            0.000000   1.701071 f
  frfcfs.scheduler_i/U1448/C (NAND3X1)                          0.010166  0.000000   1.701071 f
  frfcfs.scheduler_i/U1448/Y (NAND3X1)                          0.040654  0.032179   1.733250 r
  frfcfs.scheduler_i/n1350 (net)                1     0.002961            0.000000   1.733250 r
  frfcfs.scheduler_i/U1449/C (NAND3X1)                          0.040654  0.000000   1.733250 r
  frfcfs.scheduler_i/U1449/Y (NAND3X1)                          0.017264  0.018319   1.751569 f
  frfcfs.scheduler_i/n1352 (net)                1     0.002832            0.000000   1.751569 f
  frfcfs.scheduler_i/U1450/C (NAND3X1)                          0.017264  0.000000   1.751569 f
  frfcfs.scheduler_i/U1450/Y (NAND3X1)                          0.035884  0.031070   1.782639 r
  frfcfs.scheduler_i/n1354 (net)                1     0.002010            0.000000   1.782639 r
  frfcfs.scheduler_i/U1451/C (OAI21X1)                          0.035884  0.000000   1.782639 r
  frfcfs.scheduler_i/U1451/Y (OAI21X1)                          0.007071  0.021211   1.803850 f
  frfcfs.scheduler_i/n1517 (net)                1     0.002673            0.000000   1.803850 f
  frfcfs.scheduler_i/U725/A (INVX2)                             0.007071  0.000000   1.803850 f
  frfcfs.scheduler_i/U725/Y (INVX2)                             0.011569  0.023854   1.827704 r
  frfcfs.scheduler_i/n817 (net)                 1     0.010083            0.000000   1.827704 r
  frfcfs.scheduler_i/U1007/A (INVX8)                            0.011569  0.000000   1.827704 r
  frfcfs.scheduler_i/U1007/Y (INVX8)                            0.008102  0.025744   1.853448 f
  frfcfs.scheduler_i/select_slot[0] (net)       9     0.022216            0.000000   1.853448 f
  frfcfs.scheduler_i/select_slot[0] (mc_scheduler_frfcfs_Q_DEPTH16_ADDR_W16_AGE_LIMIT128_AGING_ENABLE0)
                                                                          0.000000   1.853448 f
  select_slot[0] (net)                                0.022216            0.000000   1.853448 f
  U1565/B (NAND3X1)                                             0.008102  0.000000   1.853448 f
  U1565/Y (NAND3X1)                                             0.045433  0.036997   1.890445 r
  n1951 (net)                                   1     0.003979            0.000000   1.890445 r
  U549/A (BUFX4)                                                0.045433  0.000000   1.890445 r
  U549/Y (BUFX4)                                                0.020050  0.026974   1.917419 r
  n460 (net)                                    7     0.011961            0.000000   1.917419 r
  U1307/A (INVX1)                                               0.020050  0.000000   1.917419 r
  U1307/Y (INVX1)                                               0.022089  0.026051   1.943471 f
  n562 (net)                                    4     0.005905            0.000000   1.943471 f
  U1317/A (INVX1)                                               0.022089  0.000000   1.943471 f
  U1317/Y (INVX1)                                               0.001526  0.020168   1.963639 r
  n573 (net)                                    3     0.006848            0.000000   1.963639 r
  U655/B (OR2X2)                                                0.001526  0.000000   1.963639 r
  U655/Y (OR2X2)                                                0.006926  0.041244   2.004884 r
  n1733 (net)                                   1     0.001551            0.000000   2.004884 r
  U656/A (INVX1)                                                0.006926  0.000000   2.004884 r
  U656/Y (INVX1)                                                0.014520  0.016682   2.021565 f
  n344 (net)                                    1     0.003067            0.000000   2.021565 f
  U1968/B (NOR3X1)                                              0.014520  0.000000   2.021565 f
  U1968/Y (NOR3X1)                                              0.053909  0.040425   2.061990 r
  n1745 (net)                                   1     0.002764            0.000000   2.061990 r
  U1974/B (AOI22X1)                                             0.053909  0.000000   2.061990 r
  U1974/Y (AOI22X1)                                             0.033506  0.036860   2.098851 f
  n1747 (net)                                   1     0.001476            0.000000   2.098851 f
  U161/A (INVX1)                                                0.033506  0.000000   2.098851 f
  U161/Y (INVX1)                                                0.019324  0.034409   2.133259 r
  cmd_wdata[20] (net)                           1     0.010000            0.000000   2.133259 r
  cmd_wdata[20] (out)                                           0.019324  0.000000   2.133259 r
  data arrival time                                                                  2.133259

  clock core_clk (rise edge)                                              2.000000   2.000000
  clock network delay (ideal)                                             0.000000   2.000000
  clock uncertainty                                                       -0.100000  1.900000
  output external delay                                                   -1.000000  0.900000
  data required time                                                                 0.900000
  ----------------------------------------------------------------------------------------------
  data required time                                                                 0.900000
  data arrival time                                                                  -2.133259
  ----------------------------------------------------------------------------------------------
  slack (VIOLATED)                                                                   -1.233259


  Startpoint: table_i/addresses_reg[243]
              (rising edge-triggered flip-flop clocked by core_clk)
  Endpoint: cmd_row[6] (output port clocked by core_clk)
  Path Group: core_clk
  Path Type: max

  Point                                       Fanout       Cap     Trans      Incr       Path
  ----------------------------------------------------------------------------------------------
  clock core_clk (rise edge)                                              0.000000   0.000000
  clock network delay (ideal)                                             0.000000   0.000000
  table_i/addresses_reg[243]/CLK (DFFPOSX1)                     0.000000  0.000000 # 0.000000 r
  table_i/addresses_reg[243]/Q (DFFPOSX1)                       0.035998  0.115075   0.115075 f
  table_i/addresses[243] (net)                  5     0.014640            0.000000   0.115075 f
  table_i/addresses[243] (mc_transaction_table_Q_DEPTH16_ADDR_W16_DATA_W32_TAG_W8_READ_LATENCY3_AGE_LIMIT128)
                                                                          0.000000   0.115075 f
  addresses[243] (net)                                0.014640            0.000000   0.115075 f
  candidates_i/addresses[243] (mc_candidates_Q_DEPTH16_ROW_W8_COL_W6)     0.000000   0.115075 f
  candidates_i/addresses[243] (net)                   0.014640            0.000000   0.115075 f
  candidates_i/U1376/A (INVX4)                                  0.035998  0.000000   0.115075 f
  candidates_i/U1376/Y (INVX4)                                  0.046398  0.044183   0.159258 r
  candidates_i/n734 (net)                       7     0.036656            0.000000   0.159258 r
  candidates_i/U5989/B (XNOR2X1)                                0.046398  0.000000   0.159258 r
  candidates_i/U5989/Y (XNOR2X1)                                0.056963  0.065136   0.224394 r
  candidates_i/n3365 (net)                      2     0.006127            0.000000   0.224394 r
  candidates_i/U9441/B (NOR3X1)                                 0.056963  0.000000   0.224394 r
  candidates_i/U9441/Y (NOR3X1)                                 0.026519  0.039188   0.263582 f
  candidates_i/n8095 (net)                      1     0.002832            0.000000   0.263582 f
  candidates_i/U9442/C (NAND3X1)                                0.026519  0.000000   0.263582 f
  candidates_i/U9442/Y (NAND3X1)                                0.033417  0.031981   0.295563 r
  candidates_i/n8096 (net)                      1     0.001539            0.000000   0.295563 r
  candidates_i/U3973/A (BUFX2)                                  0.033417  0.000000   0.295563 r
  candidates_i/U3973/Y (BUFX2)                                  0.010960  0.035955   0.331518 r
  candidates_i/n2165 (net)                      1     0.003021            0.000000   0.331518 r
  candidates_i/U9447/A (NOR3X1)                                 0.010960  0.000000   0.331518 r
  candidates_i/U9447/Y (NOR3X1)                                 0.027065  0.034677   0.366195 f
  candidates_i/n8097 (net)                      1     0.002832            0.000000   0.366195 f
  candidates_i/U9448/C (NAND3X1)                                0.027065  0.000000   0.366195 f
  candidates_i/U9448/Y (NAND3X1)                                0.040101  0.036498   0.402693 r
  candidates_i/n8154 (net)                      1     0.002961            0.000000   0.402693 r
  candidates_i/U9472/C (NAND3X1)                                0.040101  0.000000   0.402693 r
  candidates_i/U9472/Y (NAND3X1)                                0.014331  0.015921   0.418614 f
  candidates_i/n8155 (net)                      1     0.001476            0.000000   0.418614 f
  candidates_i/U5723/A (INVX1)                                  0.014331  0.000000   0.418614 f
  candidates_i/U5723/Y (INVX1)                                  0.000000  0.007627   0.426241 r
  candidates_i/n10108 (net)                     2     0.003825            0.000000   0.426241 r
  candidates_i/U10527/B (NAND2X1)                               0.000000  0.000000   0.426241 r
  candidates_i/U10527/Y (NAND2X1)                               0.021982  0.011827   0.438068 f
  candidates_i/n10517 (net)                     1     0.001476            0.000000   0.438068 f
  candidates_i/U6433/A (INVX1)                                  0.021982  0.000000   0.438068 f
  candidates_i/U6433/Y (INVX1)                                  0.000000  0.012147   0.450215 r
  candidates_i/n10110 (net)                     2     0.004383            0.000000   0.450215 r
  candidates_i/U1168/A (INVX1)                                  0.000000  0.000000   0.450215 r
  candidates_i/U1168/Y (INVX1)                                  0.014837  0.014693   0.464908 f
  candidates_i/n635 (net)                       1     0.003011            0.000000   0.464908 f
  candidates_i/U10843/A (NOR3X1)                                0.014837  0.000000   0.464908 f
  candidates_i/U10843/Y (NOR3X1)                                0.050063  0.048467   0.513375 r
  candidates_i/n10518 (net)                     1     0.002111            0.000000   0.513375 r
  candidates_i/U10844/A (NAND2X1)                               0.050063  0.000000   0.513375 r
  candidates_i/U10844/Y (NAND2X1)                               0.023061  0.020400   0.533775 f
  candidates_i/n10519 (net)                     1     0.001924            0.000000   0.533775 f
  candidates_i/U10845/C (OAI21X1)                               0.023061  0.000000   0.533775 f
  candidates_i/U10845/Y (OAI21X1)                               0.043442  0.024148   0.557922 r
  candidates_i/n10522 (net)                     1     0.002655            0.000000   0.557922 r
  candidates_i/U416/A (INVX2)                                   0.043442  0.000000   0.557922 r
  candidates_i/U416/Y (INVX2)                                   0.018272  0.023857   0.581780 f
  candidates_i/n10580 (net)                     3     0.005288            0.000000   0.581780 f
  candidates_i/U415/A (AND2X2)                                  0.018272  0.000000   0.581780 f
  candidates_i/U415/Y (AND2X2)                                  0.003600  0.038268   0.620048 f
  candidates_i/n248 (net)                       2     0.005200            0.000000   0.620048 f
  candidates_i/U2987/B (NAND3X1)                                0.003600  0.000000   0.620048 f
  candidates_i/U2987/Y (NAND3X1)                                0.061700  0.046236   0.666283 r
  candidates_i/n1623 (net)                      4     0.007421            0.000000   0.666283 r
  candidates_i/U1174/A (AND2X2)                                 0.061700  0.000000   0.666283 r
  candidates_i/U1174/Y (AND2X2)                                 0.019639  0.040323   0.706606 r
  candidates_i/n637 (net)                       3     0.005757            0.000000   0.706606 r
  candidates_i/U299/A (INVX2)                                   0.019639  0.000000   0.706606 r
  candidates_i/U299/Y (INVX2)                                   0.010084  0.024932   0.731538 f
  candidates_i/n1293 (net)                      3     0.006128            0.000000   0.731538 f
  candidates_i/U1619/B (AND2X2)                                 0.010084  0.000000   0.731538 f
  candidates_i/U1619/Y (AND2X2)                                 0.014890  0.047058   0.778596 f
  candidates_i/n10767 (net)                     5     0.011696            0.000000   0.778596 f
  candidates_i/U127/A (AND2X2)                                  0.014890  0.000000   0.778596 f
  candidates_i/U127/Y (AND2X2)                                  0.008932  0.034317   0.812914 f
  candidates_i/n239 (net)                       1     0.002297            0.000000   0.812914 f
  candidates_i/U387/B (NOR2X1)                                  0.008932  0.000000   0.812914 f
  candidates_i/U387/Y (NOR2X1)                                  0.029247  0.029231   0.842144 r
  candidates_i/n10842 (net)                     1     0.002548            0.000000   0.842144 r
  candidates_i/U11099/A (NAND3X1)                               0.029247  0.000000   0.842144 r
  candidates_i/U11099/Y (NAND3X1)                               0.013986  0.019134   0.861278 f
  candidates_i/n10844 (net)                     1     0.001476            0.000000   0.861278 f
  candidates_i/U638/A (INVX1)                                   0.013986  0.000000   0.861278 f
  candidates_i/U638/Y (INVX1)                                   0.000000  0.006975   0.868253 r
  candidates_i/n10895 (net)                     2     0.003662            0.000000   0.868253 r
  candidates_i/U318/A (INVX1)                                   0.000000  0.000000   0.868253 r
  candidates_i/U318/Y (INVX1)                                   0.010256  0.011542   0.879795 f
  candidates_i/n191 (net)                       1     0.001476            0.000000   0.879795 f
  candidates_i/U319/A (INVX1)                                   0.010256  0.000000   0.879795 f
  candidates_i/U319/Y (INVX1)                                   0.000000  0.008974   0.888768 r
  candidates_i/n192 (net)                       2     0.004686            0.000000   0.888768 r
  candidates_i/U11130/A (AOI22X1)                               0.000000  0.000000   0.888768 r
  candidates_i/U11130/Y (AOI22X1)                               0.037963  0.032548   0.921316 f
  candidates_i/n10898 (net)                     1     0.003226            0.000000   0.921316 f
  candidates_i/U11131/C (NOR3X1)                                0.037963  0.000000   0.921316 f
  candidates_i/U11131/Y (NOR3X1)                                0.051747  0.030133   0.951449 r
  candidates_i/n10903 (net)                     1     0.002365            0.000000   0.951449 r
  candidates_i/U3098/B (NOR2X1)                                 0.051747  0.000000   0.951449 r
  candidates_i/U3098/Y (NOR2X1)                                 0.004493  0.024333   0.975782 f
  candidates_i/n10917 (net)                     1     0.002632            0.000000   0.975782 f
  candidates_i/U11141/B (OAI21X1)                               0.004493  0.000000   0.975782 f
  candidates_i/U11141/Y (OAI21X1)                               0.051095  0.044852   1.020635 r
  candidates_i/candidate_slots[13] (net)        2     0.004206            0.000000   1.020635 r
  candidates_i/candidate_slots[13] (mc_candidates_Q_DEPTH16_ROW_W8_COL_W6)
                                                                          0.000000   1.020635 r
  candidate_slots[13] (net)                           0.004206            0.000000   1.020635 r
  frfcfs.scheduler_i/candidate_slots[13] (mc_scheduler_frfcfs_Q_DEPTH16_ADDR_W16_AGE_LIMIT128_AGING_ENABLE0)
                                                                          0.000000   1.020635 r
  frfcfs.scheduler_i/N597 (net)                       0.004206            0.000000   1.020635 r
  frfcfs.scheduler_i/U609/A (INVX1)                             0.051095  0.000000   1.020635 r
  frfcfs.scheduler_i/U609/Y (INVX1)                             0.006657  0.025374   1.046009 f
  frfcfs.scheduler_i/n528 (net)                 1     0.001476            0.000000   1.046009 f
  frfcfs.scheduler_i/U766/A (INVX1)                             0.006657  0.000000   1.046009 f
  frfcfs.scheduler_i/U766/Y (INVX1)                             0.000000  0.003594   1.049603 r
  frfcfs.scheduler_i/n671 (net)                 2     0.003420            0.000000   1.049603 r
  frfcfs.scheduler_i/U792/B (AND2X2)                            0.000000  0.000000   1.049603 r
  frfcfs.scheduler_i/U792/Y (AND2X2)                            0.016558  0.037136   1.086738 r
  frfcfs.scheduler_i/n685 (net)                 2     0.005922            0.000000   1.086738 r
  frfcfs.scheduler_i/U991/C (NAND3X1)                           0.016558  0.000000   1.086738 r
  frfcfs.scheduler_i/U991/Y (NAND3X1)                           0.017553  0.012692   1.099431 f
  frfcfs.scheduler_i/n807 (net)                 1     0.002832            0.000000   1.099431 f
  frfcfs.scheduler_i/U990/C (NAND3X1)                           0.017553  0.000000   1.099431 f
  frfcfs.scheduler_i/U990/Y (NAND3X1)                           0.033768  0.029733   1.129164 r
  frfcfs.scheduler_i/n783 (net)                 1     0.001551            0.000000   1.129164 r
  frfcfs.scheduler_i/U999/A (INVX1)                             0.033768  0.000000   1.129164 r
  frfcfs.scheduler_i/U999/Y (INVX1)                             0.010071  0.022184   1.151348 f
  frfcfs.scheduler_i/n814 (net)                 1     0.002209            0.000000   1.151348 f
  frfcfs.scheduler_i/U1001/A (NOR2X1)                           0.010071  0.000000   1.151348 f
  frfcfs.scheduler_i/U1001/Y (NOR2X1)                           0.027598  0.028948   1.180297 r
  frfcfs.scheduler_i/n812 (net)                 1     0.002242            0.000000   1.180297 r
  frfcfs.scheduler_i/U1000/A (NOR2X1)                           0.027598  0.000000   1.180297 r
  frfcfs.scheduler_i/U1000/Y (NOR2X1)                           0.001374  0.017548   1.197844 f
  frfcfs.scheduler_i/N1530 (net)                1     0.001763            0.000000   1.197844 f
  frfcfs.scheduler_i/U619/A (AND2X2)                            0.001374  0.000000   1.197844 f
  frfcfs.scheduler_i/U619/Y (AND2X2)                            0.011236  0.039178   1.237022 f
  frfcfs.scheduler_i/n537 (net)                 4     0.010026            0.000000   1.237022 f
  frfcfs.scheduler_i/U1040/C (NAND3X1)                          0.011236  0.000000   1.237022 f
  frfcfs.scheduler_i/U1040/Y (NAND3X1)                          0.044011  0.035160   1.272182 r
  frfcfs.scheduler_i/n881 (net)                 2     0.003843            0.000000   1.272182 r
  frfcfs.scheduler_i/U526/A (INVX1)                             0.044011  0.000000   1.272182 r
  frfcfs.scheduler_i/U526/Y (INVX1)                             0.020214  0.032378   1.304559 f
  frfcfs.scheduler_i/n936 (net)                 3     0.005833            0.000000   1.304559 f
  frfcfs.scheduler_i/U1121/B (NAND2X1)                          0.020214  0.000000   1.304559 f
  frfcfs.scheduler_i/U1121/Y (NAND2X1)                          0.045086  0.022938   1.327497 r
  frfcfs.scheduler_i/n1001 (net)                2     0.004500            0.000000   1.327497 r
  frfcfs.scheduler_i/U1124/C (NAND3X1)                          0.045086  0.000000   1.327497 r
  frfcfs.scheduler_i/U1124/Y (NAND3X1)                          0.017028  0.019177   1.346675 f
  frfcfs.scheduler_i/n943 (net)                 1     0.002726            0.000000   1.346675 f
  frfcfs.scheduler_i/U1126/B (AOI22X1)                          0.017028  0.000000   1.346675 f
  frfcfs.scheduler_i/U1126/Y (AOI22X1)                          0.045481  0.040733   1.387408 r
  frfcfs.scheduler_i/n955 (net)                 1     0.002111            0.000000   1.387408 r
  frfcfs.scheduler_i/U1142/A (NAND2X1)                          0.045481  0.000000   1.387408 r
  frfcfs.scheduler_i/U1142/Y (NAND2X1)                          0.017309  0.018623   1.406031 f
  frfcfs.scheduler_i/n956 (net)                 1     0.001476            0.000000   1.406031 f
  frfcfs.scheduler_i/U1019/A (INVX1)                            0.017309  0.000000   1.406031 f
  frfcfs.scheduler_i/U1019/Y (INVX1)                            0.000000  0.008403   1.414434 r
  frfcfs.scheduler_i/n998 (net)                 2     0.003739            0.000000   1.414434 r
  frfcfs.scheduler_i/U784/B (AND2X2)                            0.000000  0.000000   1.414434 r
  frfcfs.scheduler_i/U784/Y (AND2X2)                            0.016932  0.037382   1.451816 r
  frfcfs.scheduler_i/n682 (net)                 3     0.006082            0.000000   1.451816 r
  frfcfs.scheduler_i/U712/B (NAND2X1)                           0.016932  0.000000   1.451816 r
  frfcfs.scheduler_i/U712/Y (NAND2X1)                           0.026076  0.019721   1.471537 f
  frfcfs.scheduler_i/n623 (net)                 2     0.003888            0.000000   1.471537 f
  frfcfs.scheduler_i/U742/B (NAND2X1)                           0.026076  0.000000   1.471537 f
  frfcfs.scheduler_i/U742/Y (NAND2X1)                           0.039179  0.021192   1.492729 r
  frfcfs.scheduler_i/n652 (net)                 2     0.003337            0.000000   1.492729 r
  frfcfs.scheduler_i/U777/A (AND2X2)                            0.039179  0.000000   1.492729 r
  frfcfs.scheduler_i/U777/Y (AND2X2)                            0.014476  0.037716   1.530445 r
  frfcfs.scheduler_i/n1219 (net)                3     0.004653            0.000000   1.530445 r
  frfcfs.scheduler_i/U665/A (INVX1)                             0.014476  0.000000   1.530445 r
  frfcfs.scheduler_i/U665/Y (INVX1)                             0.013649  0.018489   1.548934 f
  frfcfs.scheduler_i/n680 (net)                 2     0.002952            0.000000   1.548934 f
  frfcfs.scheduler_i/U91/A (INVX1)                              0.013649  0.000000   1.548934 f
  frfcfs.scheduler_i/U91/Y (INVX1)                              0.000000  0.003946   1.552880 r
  frfcfs.scheduler_i/n45 (net)                  1     0.002764            0.000000   1.552880 r
  frfcfs.scheduler_i/U1387/B (AOI22X1)                          0.000000  0.000000   1.552880 r
  frfcfs.scheduler_i/U1387/Y (AOI22X1)                          0.034631  0.023773   1.576653 f
  frfcfs.scheduler_i/n1271 (net)                1     0.001820            0.000000   1.576653 f
  frfcfs.scheduler_i/U1389/B (AND2X2)                           0.034631  0.000000   1.576653 f
  frfcfs.scheduler_i/U1389/Y (AND2X2)                           0.004806  0.044408   1.621062 f
  frfcfs.scheduler_i/n1272 (net)                1     0.002832            0.000000   1.621062 f
  frfcfs.scheduler_i/U574/C (NAND3X1)                           0.004806  0.000000   1.621062 f
  frfcfs.scheduler_i/U574/Y (NAND3X1)                           0.040438  0.031242   1.652304 r
  frfcfs.scheduler_i/n497 (net)                 2     0.003102            0.000000   1.652304 r
  frfcfs.scheduler_i/U657/A (INVX1)                             0.040438  0.000000   1.652304 r
  frfcfs.scheduler_i/U657/Y (INVX1)                             0.018508  0.030077   1.682380 f
  frfcfs.scheduler_i/n572 (net)                 3     0.005181            0.000000   1.682380 f
  frfcfs.scheduler_i/U740/A (NAND2X1)                           0.018508  0.000000   1.682380 f
  frfcfs.scheduler_i/U740/Y (NAND2X1)                           0.036056  0.029881   1.712261 r
  frfcfs.scheduler_i/n649 (net)                 1     0.002548            0.000000   1.712261 r
  frfcfs.scheduler_i/U1448/A (NAND3X1)                          0.036056  0.000000   1.712261 r
  frfcfs.scheduler_i/U1448/Y (NAND3X1)                          0.017528  0.022282   1.734543 f
  frfcfs.scheduler_i/n1350 (net)                1     0.002832            0.000000   1.734543 f
  frfcfs.scheduler_i/U1449/C (NAND3X1)                          0.017528  0.000000   1.734543 f
  frfcfs.scheduler_i/U1449/Y (NAND3X1)                          0.040718  0.034061   1.768604 r
  frfcfs.scheduler_i/n1352 (net)                1     0.002961            0.000000   1.768604 r
  frfcfs.scheduler_i/U1450/C (NAND3X1)                          0.040718  0.000000   1.768604 r
  frfcfs.scheduler_i/U1450/Y (NAND3X1)                          0.015714  0.016814   1.785418 f
  frfcfs.scheduler_i/n1354 (net)                1     0.001924            0.000000   1.785418 f
  frfcfs.scheduler_i/U1451/C (OAI21X1)                          0.015714  0.000000   1.785418 f
  frfcfs.scheduler_i/U1451/Y (OAI21X1)                          0.043862  0.021692   1.807110 r
  frfcfs.scheduler_i/n1517 (net)                1     0.002655            0.000000   1.807110 r
  frfcfs.scheduler_i/U725/A (INVX2)                             0.043862  0.000000   1.807110 r
  frfcfs.scheduler_i/U725/Y (INVX2)                             0.023419  0.028376   1.835487 f
  frfcfs.scheduler_i/n817 (net)                 1     0.010104            0.000000   1.835487 f
  frfcfs.scheduler_i/U1007/A (INVX8)                            0.023419  0.000000   1.835487 f
  frfcfs.scheduler_i/U1007/Y (INVX8)                            0.011640  0.022521   1.858007 r
  frfcfs.scheduler_i/select_slot[0] (net)       9     0.023427            0.000000   1.858007 r
  frfcfs.scheduler_i/select_slot[0] (mc_scheduler_frfcfs_Q_DEPTH16_ADDR_W16_AGE_LIMIT128_AGING_ENABLE0)
                                                                          0.000000   1.858007 r
  select_slot[0] (net)                                0.023427            0.000000   1.858007 r
  U54/A (INVX1)                                                 0.011640  0.000000   1.858007 r
  U54/Y (INVX1)                                                 0.020352  0.022187   1.880194 f
  n1255 (net)                                   2     0.005129            0.000000   1.880194 f
  U1571/C (NAND3X1)                                             0.020352  0.000000   1.880194 f
  U1571/Y (NAND3X1)                                             0.040903  0.035216   1.915410 r
  n1955 (net)                                   2     0.003102            0.000000   1.915410 r
  U1381/A (INVX1)                                               0.040903  0.000000   1.915410 r
  U1381/Y (INVX1)                                               0.016222  0.028662   1.944072 f
  n642 (net)                                    3     0.004428            0.000000   1.944072 f
  U1399/A (INVX1)                                               0.016222  0.000000   1.944072 f
  U1399/Y (INVX1)                                               0.001123  0.018409   1.962481 r
  n660 (net)                                    4     0.006945            0.000000   1.962481 r
  U427/A (INVX1)                                                0.001123  0.000000   1.962481 r
  U427/Y (INVX1)                                                0.029783  0.025327   1.987807 f
  n226 (net)                                    3     0.008043            0.000000   1.987807 f
  U1662/B (AOI22X1)                                             0.029783  0.000000   1.987807 f
  U1662/Y (AOI22X1)                                             0.045965  0.044365   2.032173 r
  n1222 (net)                                   1     0.002111            0.000000   2.032173 r
  U1664/A (NAND2X1)                                             0.045965  0.000000   2.032173 r
  U1664/Y (NAND2X1)                                             0.020999  0.021400   2.053573 f
  n2103 (net)                                   2     0.002980            0.000000   2.053573 f
  U1547/A (INVX1)                                               0.020999  0.000000   2.053573 f
  U1547/Y (INVX1)                                               0.000000  0.004166   2.057739 r
  n2106 (net)                                   1     0.002027            0.000000   2.057739 r
  U2190/B (NAND2X1)                                             0.000000  0.000000   2.057739 r
  U2190/Y (NAND2X1)                                             0.022811  0.012422   2.070161 f
  n2107 (net)                                   1     0.001820            0.000000   2.070161 f
  U255/B (AND2X2)                                               0.022811  0.000000   2.070161 f
  U255/Y (AND2X2)                                               0.000988  0.040998   2.111159 f
  n2149 (net)                                   1     0.002673            0.000000   2.111159 f
  U256/A (INVX2)                                                0.000988  0.000000   2.111159 f
  U256/Y (INVX2)                                                0.008605  0.022047   2.133206 r
  cmd_row[6] (net)                              1     0.010000            0.000000   2.133206 r
  cmd_row[6] (out)                                              0.008605  0.000000   2.133206 r
  data arrival time                                                                  2.133206

  clock core_clk (rise edge)                                              2.000000   2.000000
  clock network delay (ideal)                                             0.000000   2.000000
  clock uncertainty                                                       -0.100000  1.900000
  output external delay                                                   -1.000000  0.900000
  data required time                                                                 0.900000
  ----------------------------------------------------------------------------------------------
  data required time                                                                 0.900000
  data arrival time                                                                  -2.133206
  ----------------------------------------------------------------------------------------------
  slack (VIOLATED)                                                                   -1.233206


  Startpoint: table_i/addresses_reg[53]
              (rising edge-triggered flip-flop clocked by core_clk)
  Endpoint: cmd_wdata[18]
            (output port clocked by core_clk)
  Path Group: core_clk
  Path Type: max

  Point                                       Fanout       Cap     Trans      Incr       Path
  ----------------------------------------------------------------------------------------------
  clock core_clk (rise edge)                                              0.000000   0.000000
  clock network delay (ideal)                                             0.000000   0.000000
  table_i/addresses_reg[53]/CLK (DFFPOSX1)                      0.000000  0.000000 # 0.000000 r
  table_i/addresses_reg[53]/Q (DFFPOSX1)                        0.023267  0.105501   0.105501 f
  table_i/n6819 (net)                           1     0.005092            0.000000   0.105501 f
  table_i/U98/A (INVX4)                                         0.023267  0.000000   0.105501 f
  table_i/U98/Y (INVX4)                                         0.009539  0.021286   0.126787 r
  table_i/n46 (net)                             1     0.010083            0.000000   0.126787 r
  table_i/U99/A (INVX8)                                         0.009539  0.000000   0.126787 r
  table_i/U99/Y (INVX8)                                         0.015101  0.030905   0.157692 f
  table_i/addresses[53] (net)                  11     0.052618            0.000000   0.157692 f
  table_i/addresses[53] (mc_transaction_table_Q_DEPTH16_ADDR_W16_DATA_W32_TAG_W8_READ_LATENCY3_AGE_LIMIT128)
                                                                          0.000000   0.157692 f
  addresses[53] (net)                                 0.052618            0.000000   0.157692 f
  candidates_i/addresses[53] (mc_candidates_Q_DEPTH16_ROW_W8_COL_W6)      0.000000   0.157692 f
  candidates_i/addresses[53] (net)                    0.052618            0.000000   0.157692 f
  candidates_i/U7077/B (XOR2X1)                                 0.015101  0.000000   0.157692 f
  candidates_i/U7077/Y (XOR2X1)                                 0.048053  0.053122   0.210814 r
  candidates_i/n8053 (net)                      2     0.003349            0.000000   0.210814 r
  candidates_i/U3340/A (AND2X2)                                 0.048053  0.000000   0.210814 r
  candidates_i/U3340/Y (AND2X2)                                 0.012332  0.035506   0.246320 r
  candidates_i/n8055 (net)                      1     0.002961            0.000000   0.246320 r
  candidates_i/U9424/C (NAND3X1)                                0.012332  0.000000   0.246320 r
  candidates_i/U9424/Y (NAND3X1)                                0.013883  0.009484   0.255804 f
  candidates_i/n8064 (net)                      1     0.001504            0.000000   0.255804 f
  candidates_i/U3339/A (BUFX2)                                  0.013883  0.000000   0.255804 f
  candidates_i/U3339/Y (BUFX2)                                  0.003630  0.034434   0.290238 f
  candidates_i/n1755 (net)                      1     0.003011            0.000000   0.290238 f
  candidates_i/U9425/A (NOR3X1)                                 0.003630  0.000000   0.290238 f
  candidates_i/U9425/Y (NOR3X1)                                 0.054208  0.049107   0.339345 r
  candidates_i/n8088 (net)                      1     0.002764            0.000000   0.339345 r
  candidates_i/U9431/B (AOI22X1)                                0.054208  0.000000   0.339345 r
  candidates_i/U9431/Y (AOI22X1)                                0.036724  0.039302   0.378647 f
  candidates_i/n8090 (net)                      1     0.002832            0.000000   0.378647 f
  candidates_i/U9432/C (NAND3X1)                                0.036724  0.000000   0.378647 f
  candidates_i/U9432/Y (NAND3X1)                                0.033787  0.034619   0.413266 r
  candidates_i/n8093 (net)                      1     0.001551            0.000000   0.413266 r
  candidates_i/U5708/A (INVX1)                                  0.033787  0.000000   0.413266 r
  candidates_i/U5708/Y (INVX1)                                  0.014549  0.025255   0.438520 f
  candidates_i/n10109 (net)                     2     0.003704            0.000000   0.438520 f
  candidates_i/U10527/A (NAND2X1)                               0.014549  0.000000   0.438520 f
  candidates_i/U10527/Y (NAND2X1)                               0.031493  0.025539   0.464059 r
  candidates_i/n10517 (net)                     1     0.001551            0.000000   0.464059 r
  candidates_i/U6433/A (INVX1)                                  0.031493  0.000000   0.464059 r
  candidates_i/U6433/Y (INVX1)                                  0.015821  0.025396   0.489455 f
  candidates_i/n10110 (net)                     2     0.004076            0.000000   0.489455 f
  candidates_i/U10528/B (NAND3X1)                               0.015821  0.000000   0.489455 f
  candidates_i/U10528/Y (NAND3X1)                               0.036429  0.033661   0.523116 r
  candidates_i/n10123 (net)                     1     0.002111            0.000000   0.523116 r
  candidates_i/U10533/A (NAND2X1)                               0.036429  0.000000   0.523116 r
  candidates_i/U10533/Y (NAND2X1)                               0.020290  0.017986   0.541102 f
  candidates_i/n10124 (net)                     1     0.002209            0.000000   0.541102 f
  candidates_i/U10534/A (NOR2X1)                                0.020290  0.000000   0.541102 f
  candidates_i/U10534/Y (NOR2X1)                                0.034923  0.035974   0.577076 r
  candidates_i/n10128 (net)                     2     0.003667            0.000000   0.577076 r
  candidates_i/U2733/A (AND2X2)                                 0.034923  0.000000   0.577076 r
  candidates_i/U2733/Y (AND2X2)                                 0.019432  0.040948   0.618024 r
  candidates_i/n1464 (net)                      3     0.006869            0.000000   0.618024 r
  candidates_i/U10536/C (NAND3X1)                               0.019432  0.000000   0.618024 r
  candidates_i/U10536/Y (NAND3X1)                               0.025033  0.017875   0.635899 f
  candidates_i/n10136 (net)                     3     0.005527            0.000000   0.635899 f
  candidates_i/U10553/B (NAND2X1)                               0.025033  0.000000   0.635899 f
  candidates_i/U10553/Y (NAND2X1)                               0.032294  0.016246   0.652145 r
  candidates_i/n10164 (net)                     1     0.001869            0.000000   0.652145 r
  candidates_i/U868/B (AND2X2)                                  0.032294  0.000000   0.652145 r
  candidates_i/U868/Y (AND2X2)                                  0.014246  0.036048   0.688193 r
  candidates_i/n11025 (net)                     2     0.004206            0.000000   0.688193 r
  candidates_i/U729/A (INVX2)                                   0.014246  0.000000   0.688193 r
  candidates_i/U729/Y (INVX2)                                   0.012060  0.027898   0.716091 f
  candidates_i/n461 (net)                       1     0.010104            0.000000   0.716091 f
  candidates_i/U728/A (INVX8)                                   0.012060  0.000000   0.716091 f
  candidates_i/U728/Y (INVX8)                                   0.005099  0.018721   0.734812 r
  candidates_i/n10375 (net)                     7     0.021486            0.000000   0.734812 r
  candidates_i/U1860/A (INVX4)                                  0.005099  0.000000   0.734812 r
  candidates_i/U1860/Y (INVX4)                                  0.003793  0.024694   0.759506 f
  candidates_i/n1233 (net)                      3     0.007577            0.000000   0.759506 f
  candidates_i/U10725/B (OAI21X1)                               0.003793  0.000000   0.759506 f
  candidates_i/U10725/Y (OAI21X1)                               0.042812  0.038881   0.798387 r
  candidates_i/n10307 (net)                     1     0.002386            0.000000   0.798387 r
  candidates_i/U10726/C (AOI21X1)                               0.042812  0.000000   0.798387 r
  candidates_i/U10726/Y (AOI21X1)                               0.017629  0.022489   0.820876 f
  candidates_i/n10308 (net)                     1     0.002832            0.000000   0.820876 f
  candidates_i/U10727/C (NAND3X1)                               0.017629  0.000000   0.820876 f
  candidates_i/U10727/Y (NAND3X1)                               0.033766  0.029753   0.850629 r
  candidates_i/n10311 (net)                     1     0.001551            0.000000   0.850629 r
  candidates_i/U1851/A (INVX1)                                  0.033766  0.000000   0.850629 r
  candidates_i/U1851/Y (INVX1)                                  0.013700  0.024667   0.875296 f
  candidates_i/n10453 (net)                     2     0.003420            0.000000   0.875296 f
  candidates_i/U10728/B (NAND2X1)                               0.013700  0.000000   0.875296 f
  candidates_i/U10728/Y (NAND2X1)                               0.040012  0.017171   0.892467 r
  candidates_i/n10403 (net)                     2     0.003337            0.000000   0.892467 r
  candidates_i/U1604/A (AND2X2)                                 0.040012  0.000000   0.892467 r
  candidates_i/U1604/Y (AND2X2)                                 0.014092  0.037751   0.930218 r
  candidates_i/n10407 (net)                     3     0.004653            0.000000   0.930218 r
  candidates_i/U1606/A (INVX1)                                  0.014092  0.000000   0.930218 r
  candidates_i/U1606/Y (INVX1)                                  0.012720  0.017729   0.947947 f
  candidates_i/n836 (net)                       1     0.002632            0.000000   0.947947 f
  candidates_i/U10801/B (OAI21X1)                               0.012720  0.000000   0.947947 f
  candidates_i/U10801/Y (OAI21X1)                               0.043049  0.040865   0.988812 r
  candidates_i/n10408 (net)                     1     0.002386            0.000000   0.988812 r
  candidates_i/U10802/C (AOI21X1)                               0.043049  0.000000   0.988812 r
  candidates_i/U10802/Y (AOI21X1)                               0.016526  0.020733   1.009545 f
  candidates_i/n10411 (net)                     1     0.001944            0.000000   1.009545 f
  candidates_i/U10803/B (NAND2X1)                               0.016526  0.000000   1.009545 f
  candidates_i/U10803/Y (NAND2X1)                               0.031360  0.012486   1.022031 r
  candidates_i/candidate_slots[8] (net)         1     0.001551            0.000000   1.022031 r
  candidates_i/candidate_slots[8] (mc_candidates_Q_DEPTH16_ROW_W8_COL_W6) 0.000000   1.022031 r
  candidate_slots[8] (net)                            0.001551            0.000000   1.022031 r
  U1247/A (INVX1)                                               0.031360  0.000000   1.022031 r
  U1247/Y (INVX1)                                               0.008047  0.020032   1.042063 f
  n501 (net)                                    1     0.001476            0.000000   1.042063 f
  U105/A (INVX1)                                                0.008047  0.000000   1.042063 f
  U105/Y (INVX1)                                                0.006841  0.019928   1.061991 r
  n502 (net)                                    4     0.008305            0.000000   1.061991 r
  frfcfs.scheduler_i/candidate_slots[8] (mc_scheduler_frfcfs_Q_DEPTH16_ADDR_W16_AGE_LIMIT128_AGING_ENABLE0)
                                                                          0.000000   1.061991 r
  frfcfs.scheduler_i/N592 (net)                       0.008305            0.000000   1.061991 r
  frfcfs.scheduler_i/U955/A (AOI22X1)                           0.006841  0.000000   1.061991 r
  frfcfs.scheduler_i/U955/Y (AOI22X1)                           0.034673  0.031704   1.093695 f
  frfcfs.scheduler_i/n766 (net)                 1     0.001944            0.000000   1.093695 f
  frfcfs.scheduler_i/U753/B (NAND2X1)                           0.034673  0.000000   1.093695 f
  frfcfs.scheduler_i/U753/Y (NAND2X1)                           0.036819  0.022804   1.116499 r
  frfcfs.scheduler_i/n765 (net)                 1     0.002961            0.000000   1.116499 r
  frfcfs.scheduler_i/U954/C (NAND3X1)                           0.036819  0.000000   1.116499 r
  frfcfs.scheduler_i/U954/Y (NAND3X1)                           0.016240  0.016554   1.133053 f
  frfcfs.scheduler_i/n762 (net)                 1     0.002312            0.000000   1.133053 f
  frfcfs.scheduler_i/U953/C (AOI21X1)                           0.016240  0.000000   1.133053 f
  frfcfs.scheduler_i/U953/Y (AOI21X1)                           0.033867  0.024036   1.157089 r
  frfcfs.scheduler_i/N1463 (net)                2     0.003667            0.000000   1.157089 r
  frfcfs.scheduler_i/U675/B (AND2X2)                            0.033867  0.000000   1.157089 r
  frfcfs.scheduler_i/U675/Y (AND2X2)                            0.013096  0.035298   1.192387 r
  frfcfs.scheduler_i/n587 (net)                 2     0.003667            0.000000   1.192387 r
  frfcfs.scheduler_i/U488/B (AND2X2)                            0.013096  0.000000   1.192387 r
  frfcfs.scheduler_i/U488/Y (AND2X2)                            0.010693  0.033428   1.225815 r
  frfcfs.scheduler_i/n949 (net)                 2     0.003102            0.000000   1.225815 r
  frfcfs.scheduler_i/U489/A (INVX1)                             0.010693  0.000000   1.225815 r
  frfcfs.scheduler_i/U489/Y (INVX1)                             0.018556  0.020653   1.246468 f
  frfcfs.scheduler_i/n430 (net)                 2     0.004506            0.000000   1.246468 f
  frfcfs.scheduler_i/U1086/B (NOR2X1)                           0.018556  0.000000   1.246468 f
  frfcfs.scheduler_i/U1086/Y (NOR2X1)                           0.027314  0.030747   1.277216 r
  frfcfs.scheduler_i/n911 (net)                 1     0.002386            0.000000   1.277216 r
  frfcfs.scheduler_i/U1087/C (AOI21X1)                          0.027314  0.000000   1.277216 r
  frfcfs.scheduler_i/U1087/Y (AOI21X1)                          0.018232  0.017886   1.295101 f
  frfcfs.scheduler_i/n1004 (net)                1     0.002832            0.000000   1.295101 f
  frfcfs.scheduler_i/U1089/C (NAND3X1)                          0.018232  0.000000   1.295101 f
  frfcfs.scheduler_i/U1089/Y (NAND3X1)                          0.042977  0.036101   1.331203 r
  frfcfs.scheduler_i/n912 (net)                 2     0.003566            0.000000   1.331203 r
  frfcfs.scheduler_i/U1090/B (NAND2X1)                          0.042977  0.000000   1.331203 r
  frfcfs.scheduler_i/U1090/Y (NAND2X1)                          0.018531  0.021958   1.353161 f
  frfcfs.scheduler_i/n920 (net)                 1     0.001884            0.000000   1.353161 f
  frfcfs.scheduler_i/U1100/A (NAND2X1)                          0.018531  0.000000   1.353161 f
  frfcfs.scheduler_i/U1100/Y (NAND2X1)                          0.035021  0.029321   1.382482 r
  frfcfs.scheduler_i/n934 (net)                 1     0.002365            0.000000   1.382482 r
  frfcfs.scheduler_i/U1117/B (NOR2X1)                           0.035021  0.000000   1.382482 r
  frfcfs.scheduler_i/U1117/Y (NOR2X1)                           0.006714  0.021660   1.404142 f
  frfcfs.scheduler_i/n995 (net)                 2     0.003583            0.000000   1.404142 f
  frfcfs.scheduler_i/U783/B (AND2X2)                            0.006714  0.000000   1.404142 f
  frfcfs.scheduler_i/U783/Y (AND2X2)                            0.003765  0.041724   1.445866 f
  frfcfs.scheduler_i/n681 (net)                 4     0.007537            0.000000   1.445866 f
  frfcfs.scheduler_i/U557/A (NAND2X1)                           0.003765  0.000000   1.445866 f
  frfcfs.scheduler_i/U557/Y (NAND2X1)                           0.053712  0.036203   1.482069 r
  frfcfs.scheduler_i/n480 (net)                 3     0.006082            0.000000   1.482069 r
  frfcfs.scheduler_i/U1206/B (NAND2X1)                          0.053712  0.000000   1.482069 r
  frfcfs.scheduler_i/U1206/Y (NAND2X1)                          0.025076  0.029746   1.511815 f
  frfcfs.scheduler_i/n1277 (net)                3     0.005002            0.000000   1.511815 f
  frfcfs.scheduler_i/U197/A (AND2X2)                            0.025076  0.000000   1.511815 f
  frfcfs.scheduler_i/U197/Y (AND2X2)                            0.005493  0.037568   1.549382 f
  frfcfs.scheduler_i/n1050 (net)                2     0.002952            0.000000   1.549382 f
  frfcfs.scheduler_i/U199/A (INVX1)                             0.005493  0.000000   1.549382 f
  frfcfs.scheduler_i/U199/Y (INVX1)                             0.000000  0.002148   1.551531 r
  frfcfs.scheduler_i/n127 (net)                 2     0.003102            0.000000   1.551531 r
  frfcfs.scheduler_i/U133/A (INVX1)                             0.000000  0.000000   1.551531 r
  frfcfs.scheduler_i/U133/Y (INVX1)                             0.028526  0.024106   1.575637 f
  frfcfs.scheduler_i/n567 (net)                 3     0.007596            0.000000   1.575637 f
  frfcfs.scheduler_i/U1363/D (AOI22X1)                          0.028526  0.000000   1.575637 f
  frfcfs.scheduler_i/U1363/Y (AOI22X1)                          0.043111  0.030923   1.606560 r
  frfcfs.scheduler_i/n1244 (net)                1     0.001869            0.000000   1.606560 r
  frfcfs.scheduler_i/U1364/B (AND2X2)                           0.043111  0.000000   1.606560 r
  frfcfs.scheduler_i/U1364/Y (AND2X2)                           0.011978  0.034662   1.641222 r
  frfcfs.scheduler_i/n1246 (net)                1     0.002961            0.000000   1.641222 r
  frfcfs.scheduler_i/U1365/C (NAND3X1)                          0.011978  0.000000   1.641222 r
  frfcfs.scheduler_i/U1365/Y (NAND3X1)                          0.015951  0.010735   1.651957 f
  frfcfs.scheduler_i/n1257 (net)                1     0.002301            0.000000   1.651957 f
  frfcfs.scheduler_i/U1373/A (OR2X2)                            0.015951  0.000000   1.651957 f
  frfcfs.scheduler_i/U1373/Y (OR2X2)                            0.010818  0.042305   1.694261 f
  frfcfs.scheduler_i/n1367 (net)                3     0.005589            0.000000   1.694261 f
  frfcfs.scheduler_i/U1456/A (NAND2X1)                          0.010818  0.000000   1.694261 f
  frfcfs.scheduler_i/U1456/Y (NAND2X1)                          0.038955  0.029055   1.723317 r
  frfcfs.scheduler_i/n1420 (net)                1     0.003063            0.000000   1.723317 r
  frfcfs.scheduler_i/U1464/B (NOR3X1)                           0.038955  0.000000   1.723317 r
  frfcfs.scheduler_i/U1464/Y (NOR3X1)                           0.026429  0.033560   1.756877 f
  frfcfs.scheduler_i/n1394 (net)                1     0.002632            0.000000   1.756877 f
  frfcfs.scheduler_i/U1468/B (OAI21X1)                          0.026429  0.000000   1.756877 f
  frfcfs.scheduler_i/U1468/Y (OAI21X1)                          0.050035  0.049014   1.805891 r
  frfcfs.scheduler_i/n1516 (net)                1     0.003979            0.000000   1.805891 r
  frfcfs.scheduler_i/U261/A (BUFX4)                             0.050035  0.000000   1.805891 r
  frfcfs.scheduler_i/U261/Y (BUFX4)                             0.021362  0.027432   1.833323 r
  frfcfs.scheduler_i/select_slot[2] (net)       7     0.012850            0.000000   1.833323 r
  frfcfs.scheduler_i/select_slot[2] (mc_scheduler_frfcfs_Q_DEPTH16_ADDR_W16_AGE_LIMIT128_AGING_ENABLE0)
                                                                          0.000000   1.833323 r
  select_slot[2] (net)                                0.012850            0.000000   1.833323 r
  U404/A (INVX1)                                                0.021362  0.000000   1.833323 r
  U404/Y (INVX1)                                                0.017221  0.023131   1.856454 f
  n1536 (net)                                   2     0.004308            0.000000   1.856454 f
  U1573/C (NAND3X1)                                             0.017221  0.000000   1.856454 f
  U1573/Y (NAND3X1)                                             0.045433  0.037112   1.893566 r
  n1948 (net)                                   1     0.003979            0.000000   1.893566 r
  U548/A (BUFX4)                                                0.045433  0.000000   1.893566 r
  U548/Y (BUFX4)                                                0.018736  0.026109   1.919675 r
  n355 (net)                                    4     0.010838            0.000000   1.919675 r
  U545/A (INVX1)                                                0.018736  0.000000   1.919675 r
  U545/Y (INVX1)                                                0.008936  0.016614   1.936289 f
  n707 (net)                                    1     0.001476            0.000000   1.936289 f
  U1471/A (INVX1)                                               0.008936  0.000000   1.936289 f
  U1471/Y (INVX1)                                               0.000000  0.008400   1.944689 r
  n733 (net)                                    3     0.004653            0.000000   1.944689 r
  U498/A (INVX1)                                                0.000000  0.000000   1.944689 r
  U498/Y (INVX1)                                                0.019070  0.017604   1.962292 f
  n246 (net)                                    3     0.004428            0.000000   1.962292 f
  U523/A (INVX1)                                                0.019070  0.000000   1.962292 f
  U523/Y (INVX1)                                                0.000000  0.011734   1.974026 r
  n257 (net)                                    2     0.004574            0.000000   1.974026 r
  U638/B (OR2X2)                                                0.000000  0.000000   1.974026 r
  U638/Y (OR2X2)                                                0.006926  0.041055   2.015082 r
  n1690 (net)                                   1     0.001551            0.000000   2.015082 r
  U639/A (INVX1)                                                0.006926  0.000000   2.015082 r
  U639/Y (INVX1)                                                0.014995  0.017008   2.032090 f
  n335 (net)                                    1     0.003226            0.000000   2.032090 f
  U1945/C (NOR3X1)                                              0.014995  0.000000   2.032090 f
  U1945/Y (NOR3X1)                                              0.053513  0.026831   2.058921 r
  n1707 (net)                                   1     0.002817            0.000000   2.058921 r
  U1953/A (AOI22X1)                                             0.053513  0.000000   2.058921 r
  U1953/Y (AOI22X1)                                             0.036351  0.042240   2.101161 f
  n1708 (net)                                   1     0.002673            0.000000   2.101161 f
  U225/A (INVX2)                                                0.036351  0.000000   2.101161 f
  U225/Y (INVX2)                                                0.024632  0.031911   2.133072 r
  cmd_wdata[18] (net)                           1     0.010000            0.000000   2.133072 r
  cmd_wdata[18] (out)                                           0.024632  0.000000   2.133072 r
  data arrival time                                                                  2.133072

  clock core_clk (rise edge)                                              2.000000   2.000000
  clock network delay (ideal)                                             0.000000   2.000000
  clock uncertainty                                                       -0.100000  1.900000
  output external delay                                                   -1.000000  0.900000
  data required time                                                                 0.900000
  ----------------------------------------------------------------------------------------------
  data required time                                                                 0.900000
  data arrival time                                                                  -2.133072
  ----------------------------------------------------------------------------------------------
  slack (VIOLATED)                                                                   -1.233072


  Startpoint: table_i/addresses_reg[243]
              (rising edge-triggered flip-flop clocked by core_clk)
  Endpoint: cmd_wdata[28]
            (output port clocked by core_clk)
  Path Group: core_clk
  Path Type: max

  Point                                       Fanout       Cap     Trans      Incr       Path
  ----------------------------------------------------------------------------------------------
  clock core_clk (rise edge)                                              0.000000   0.000000
  clock network delay (ideal)                                             0.000000   0.000000
  table_i/addresses_reg[243]/CLK (DFFPOSX1)                     0.000000  0.000000 # 0.000000 r
  table_i/addresses_reg[243]/Q (DFFPOSX1)                       0.035998  0.115075   0.115075 f
  table_i/addresses[243] (net)                  5     0.014640            0.000000   0.115075 f
  table_i/addresses[243] (mc_transaction_table_Q_DEPTH16_ADDR_W16_DATA_W32_TAG_W8_READ_LATENCY3_AGE_LIMIT128)
                                                                          0.000000   0.115075 f
  addresses[243] (net)                                0.014640            0.000000   0.115075 f
  candidates_i/addresses[243] (mc_candidates_Q_DEPTH16_ROW_W8_COL_W6)     0.000000   0.115075 f
  candidates_i/addresses[243] (net)                   0.014640            0.000000   0.115075 f
  candidates_i/U1376/A (INVX4)                                  0.035998  0.000000   0.115075 f
  candidates_i/U1376/Y (INVX4)                                  0.046398  0.044183   0.159258 r
  candidates_i/n734 (net)                       7     0.036656            0.000000   0.159258 r
  candidates_i/U5989/B (XNOR2X1)                                0.046398  0.000000   0.159258 r
  candidates_i/U5989/Y (XNOR2X1)                                0.056963  0.065136   0.224394 r
  candidates_i/n3365 (net)                      2     0.006127            0.000000   0.224394 r
  candidates_i/U9441/B (NOR3X1)                                 0.056963  0.000000   0.224394 r
  candidates_i/U9441/Y (NOR3X1)                                 0.026519  0.039188   0.263582 f
  candidates_i/n8095 (net)                      1     0.002832            0.000000   0.263582 f
  candidates_i/U9442/C (NAND3X1)                                0.026519  0.000000   0.263582 f
  candidates_i/U9442/Y (NAND3X1)                                0.033417  0.031981   0.295563 r
  candidates_i/n8096 (net)                      1     0.001539            0.000000   0.295563 r
  candidates_i/U3973/A (BUFX2)                                  0.033417  0.000000   0.295563 r
  candidates_i/U3973/Y (BUFX2)                                  0.010960  0.035955   0.331518 r
  candidates_i/n2165 (net)                      1     0.003021            0.000000   0.331518 r
  candidates_i/U9447/A (NOR3X1)                                 0.010960  0.000000   0.331518 r
  candidates_i/U9447/Y (NOR3X1)                                 0.027065  0.034677   0.366195 f
  candidates_i/n8097 (net)                      1     0.002832            0.000000   0.366195 f
  candidates_i/U9448/C (NAND3X1)                                0.027065  0.000000   0.366195 f
  candidates_i/U9448/Y (NAND3X1)                                0.040101  0.036498   0.402693 r
  candidates_i/n8154 (net)                      1     0.002961            0.000000   0.402693 r
  candidates_i/U9472/C (NAND3X1)                                0.040101  0.000000   0.402693 r
  candidates_i/U9472/Y (NAND3X1)                                0.014331  0.015921   0.418614 f
  candidates_i/n8155 (net)                      1     0.001476            0.000000   0.418614 f
  candidates_i/U5723/A (INVX1)                                  0.014331  0.000000   0.418614 f
  candidates_i/U5723/Y (INVX1)                                  0.000000  0.007627   0.426241 r
  candidates_i/n10108 (net)                     2     0.003825            0.000000   0.426241 r
  candidates_i/U10527/B (NAND2X1)                               0.000000  0.000000   0.426241 r
  candidates_i/U10527/Y (NAND2X1)                               0.021982  0.011827   0.438068 f
  candidates_i/n10517 (net)                     1     0.001476            0.000000   0.438068 f
  candidates_i/U6433/A (INVX1)                                  0.021982  0.000000   0.438068 f
  candidates_i/U6433/Y (INVX1)                                  0.000000  0.012147   0.450215 r
  candidates_i/n10110 (net)                     2     0.004383            0.000000   0.450215 r
  candidates_i/U1168/A (INVX1)                                  0.000000  0.000000   0.450215 r
  candidates_i/U1168/Y (INVX1)                                  0.014837  0.014693   0.464908 f
  candidates_i/n635 (net)                       1     0.003011            0.000000   0.464908 f
  candidates_i/U10843/A (NOR3X1)                                0.014837  0.000000   0.464908 f
  candidates_i/U10843/Y (NOR3X1)                                0.050063  0.048467   0.513375 r
  candidates_i/n10518 (net)                     1     0.002111            0.000000   0.513375 r
  candidates_i/U10844/A (NAND2X1)                               0.050063  0.000000   0.513375 r
  candidates_i/U10844/Y (NAND2X1)                               0.023061  0.020400   0.533775 f
  candidates_i/n10519 (net)                     1     0.001924            0.000000   0.533775 f
  candidates_i/U10845/C (OAI21X1)                               0.023061  0.000000   0.533775 f
  candidates_i/U10845/Y (OAI21X1)                               0.043442  0.024148   0.557922 r
  candidates_i/n10522 (net)                     1     0.002655            0.000000   0.557922 r
  candidates_i/U416/A (INVX2)                                   0.043442  0.000000   0.557922 r
  candidates_i/U416/Y (INVX2)                                   0.018272  0.023857   0.581780 f
  candidates_i/n10580 (net)                     3     0.005288            0.000000   0.581780 f
  candidates_i/U415/A (AND2X2)                                  0.018272  0.000000   0.581780 f
  candidates_i/U415/Y (AND2X2)                                  0.003600  0.038268   0.620048 f
  candidates_i/n248 (net)                       2     0.005200            0.000000   0.620048 f
  candidates_i/U2987/B (NAND3X1)                                0.003600  0.000000   0.620048 f
  candidates_i/U2987/Y (NAND3X1)                                0.061700  0.046236   0.666283 r
  candidates_i/n1623 (net)                      4     0.007421            0.000000   0.666283 r
  candidates_i/U1174/A (AND2X2)                                 0.061700  0.000000   0.666283 r
  candidates_i/U1174/Y (AND2X2)                                 0.019639  0.040323   0.706606 r
  candidates_i/n637 (net)                       3     0.005757            0.000000   0.706606 r
  candidates_i/U299/A (INVX2)                                   0.019639  0.000000   0.706606 r
  candidates_i/U299/Y (INVX2)                                   0.010084  0.024932   0.731538 f
  candidates_i/n1293 (net)                      3     0.006128            0.000000   0.731538 f
  candidates_i/U1619/B (AND2X2)                                 0.010084  0.000000   0.731538 f
  candidates_i/U1619/Y (AND2X2)                                 0.014890  0.047058   0.778596 f
  candidates_i/n10767 (net)                     5     0.011696            0.000000   0.778596 f
  candidates_i/U127/A (AND2X2)                                  0.014890  0.000000   0.778596 f
  candidates_i/U127/Y (AND2X2)                                  0.008932  0.034317   0.812914 f
  candidates_i/n239 (net)                       1     0.002297            0.000000   0.812914 f
  candidates_i/U387/B (NOR2X1)                                  0.008932  0.000000   0.812914 f
  candidates_i/U387/Y (NOR2X1)                                  0.029247  0.029231   0.842144 r
  candidates_i/n10842 (net)                     1     0.002548            0.000000   0.842144 r
  candidates_i/U11099/A (NAND3X1)                               0.029247  0.000000   0.842144 r
  candidates_i/U11099/Y (NAND3X1)                               0.013986  0.019134   0.861278 f
  candidates_i/n10844 (net)                     1     0.001476            0.000000   0.861278 f
  candidates_i/U638/A (INVX1)                                   0.013986  0.000000   0.861278 f
  candidates_i/U638/Y (INVX1)                                   0.000000  0.006975   0.868253 r
  candidates_i/n10895 (net)                     2     0.003662            0.000000   0.868253 r
  candidates_i/U318/A (INVX1)                                   0.000000  0.000000   0.868253 r
  candidates_i/U318/Y (INVX1)                                   0.010256  0.011542   0.879795 f
  candidates_i/n191 (net)                       1     0.001476            0.000000   0.879795 f
  candidates_i/U319/A (INVX1)                                   0.010256  0.000000   0.879795 f
  candidates_i/U319/Y (INVX1)                                   0.000000  0.008974   0.888768 r
  candidates_i/n192 (net)                       2     0.004686            0.000000   0.888768 r
  candidates_i/U11130/A (AOI22X1)                               0.000000  0.000000   0.888768 r
  candidates_i/U11130/Y (AOI22X1)                               0.037963  0.032548   0.921316 f
  candidates_i/n10898 (net)                     1     0.003226            0.000000   0.921316 f
  candidates_i/U11131/C (NOR3X1)                                0.037963  0.000000   0.921316 f
  candidates_i/U11131/Y (NOR3X1)                                0.051747  0.030133   0.951449 r
  candidates_i/n10903 (net)                     1     0.002365            0.000000   0.951449 r
  candidates_i/U3098/B (NOR2X1)                                 0.051747  0.000000   0.951449 r
  candidates_i/U3098/Y (NOR2X1)                                 0.004493  0.024333   0.975782 f
  candidates_i/n10917 (net)                     1     0.002632            0.000000   0.975782 f
  candidates_i/U11141/B (OAI21X1)                               0.004493  0.000000   0.975782 f
  candidates_i/U11141/Y (OAI21X1)                               0.051095  0.044852   1.020635 r
  candidates_i/candidate_slots[13] (net)        2     0.004206            0.000000   1.020635 r
  candidates_i/candidate_slots[13] (mc_candidates_Q_DEPTH16_ROW_W8_COL_W6)
                                                                          0.000000   1.020635 r
  candidate_slots[13] (net)                           0.004206            0.000000   1.020635 r
  frfcfs.scheduler_i/candidate_slots[13] (mc_scheduler_frfcfs_Q_DEPTH16_ADDR_W16_AGE_LIMIT128_AGING_ENABLE0)
                                                                          0.000000   1.020635 r
  frfcfs.scheduler_i/N597 (net)                       0.004206            0.000000   1.020635 r
  frfcfs.scheduler_i/U609/A (INVX1)                             0.051095  0.000000   1.020635 r
  frfcfs.scheduler_i/U609/Y (INVX1)                             0.006657  0.025374   1.046009 f
  frfcfs.scheduler_i/n528 (net)                 1     0.001476            0.000000   1.046009 f
  frfcfs.scheduler_i/U766/A (INVX1)                             0.006657  0.000000   1.046009 f
  frfcfs.scheduler_i/U766/Y (INVX1)                             0.000000  0.003594   1.049603 r
  frfcfs.scheduler_i/n671 (net)                 2     0.003420            0.000000   1.049603 r
  frfcfs.scheduler_i/U792/B (AND2X2)                            0.000000  0.000000   1.049603 r
  frfcfs.scheduler_i/U792/Y (AND2X2)                            0.016558  0.037136   1.086738 r
  frfcfs.scheduler_i/n685 (net)                 2     0.005922            0.000000   1.086738 r
  frfcfs.scheduler_i/U991/C (NAND3X1)                           0.016558  0.000000   1.086738 r
  frfcfs.scheduler_i/U991/Y (NAND3X1)                           0.017553  0.012692   1.099431 f
  frfcfs.scheduler_i/n807 (net)                 1     0.002832            0.000000   1.099431 f
  frfcfs.scheduler_i/U990/C (NAND3X1)                           0.017553  0.000000   1.099431 f
  frfcfs.scheduler_i/U990/Y (NAND3X1)                           0.033768  0.029733   1.129164 r
  frfcfs.scheduler_i/n783 (net)                 1     0.001551            0.000000   1.129164 r
  frfcfs.scheduler_i/U999/A (INVX1)                             0.033768  0.000000   1.129164 r
  frfcfs.scheduler_i/U999/Y (INVX1)                             0.010071  0.022184   1.151348 f
  frfcfs.scheduler_i/n814 (net)                 1     0.002209            0.000000   1.151348 f
  frfcfs.scheduler_i/U1001/A (NOR2X1)                           0.010071  0.000000   1.151348 f
  frfcfs.scheduler_i/U1001/Y (NOR2X1)                           0.027598  0.028948   1.180297 r
  frfcfs.scheduler_i/n812 (net)                 1     0.002242            0.000000   1.180297 r
  frfcfs.scheduler_i/U1000/A (NOR2X1)                           0.027598  0.000000   1.180297 r
  frfcfs.scheduler_i/U1000/Y (NOR2X1)                           0.001374  0.017548   1.197844 f
  frfcfs.scheduler_i/N1530 (net)                1     0.001763            0.000000   1.197844 f
  frfcfs.scheduler_i/U619/A (AND2X2)                            0.001374  0.000000   1.197844 f
  frfcfs.scheduler_i/U619/Y (AND2X2)                            0.011236  0.039178   1.237022 f
  frfcfs.scheduler_i/n537 (net)                 4     0.010026            0.000000   1.237022 f
  frfcfs.scheduler_i/U1040/C (NAND3X1)                          0.011236  0.000000   1.237022 f
  frfcfs.scheduler_i/U1040/Y (NAND3X1)                          0.044011  0.035160   1.272182 r
  frfcfs.scheduler_i/n881 (net)                 2     0.003843            0.000000   1.272182 r
  frfcfs.scheduler_i/U526/A (INVX1)                             0.044011  0.000000   1.272182 r
  frfcfs.scheduler_i/U526/Y (INVX1)                             0.020214  0.032378   1.304559 f
  frfcfs.scheduler_i/n936 (net)                 3     0.005833            0.000000   1.304559 f
  frfcfs.scheduler_i/U1121/B (NAND2X1)                          0.020214  0.000000   1.304559 f
  frfcfs.scheduler_i/U1121/Y (NAND2X1)                          0.045086  0.022938   1.327497 r
  frfcfs.scheduler_i/n1001 (net)                2     0.004500            0.000000   1.327497 r
  frfcfs.scheduler_i/U1124/C (NAND3X1)                          0.045086  0.000000   1.327497 r
  frfcfs.scheduler_i/U1124/Y (NAND3X1)                          0.017028  0.019177   1.346675 f
  frfcfs.scheduler_i/n943 (net)                 1     0.002726            0.000000   1.346675 f
  frfcfs.scheduler_i/U1126/B (AOI22X1)                          0.017028  0.000000   1.346675 f
  frfcfs.scheduler_i/U1126/Y (AOI22X1)                          0.045481  0.040733   1.387408 r
  frfcfs.scheduler_i/n955 (net)                 1     0.002111            0.000000   1.387408 r
  frfcfs.scheduler_i/U1142/A (NAND2X1)                          0.045481  0.000000   1.387408 r
  frfcfs.scheduler_i/U1142/Y (NAND2X1)                          0.017309  0.018623   1.406031 f
  frfcfs.scheduler_i/n956 (net)                 1     0.001476            0.000000   1.406031 f
  frfcfs.scheduler_i/U1019/A (INVX1)                            0.017309  0.000000   1.406031 f
  frfcfs.scheduler_i/U1019/Y (INVX1)                            0.000000  0.008403   1.414434 r
  frfcfs.scheduler_i/n998 (net)                 2     0.003739            0.000000   1.414434 r
  frfcfs.scheduler_i/U784/B (AND2X2)                            0.000000  0.000000   1.414434 r
  frfcfs.scheduler_i/U784/Y (AND2X2)                            0.016932  0.037382   1.451816 r
  frfcfs.scheduler_i/n682 (net)                 3     0.006082            0.000000   1.451816 r
  frfcfs.scheduler_i/U712/B (NAND2X1)                           0.016932  0.000000   1.451816 r
  frfcfs.scheduler_i/U712/Y (NAND2X1)                           0.026076  0.019721   1.471537 f
  frfcfs.scheduler_i/n623 (net)                 2     0.003888            0.000000   1.471537 f
  frfcfs.scheduler_i/U742/B (NAND2X1)                           0.026076  0.000000   1.471537 f
  frfcfs.scheduler_i/U742/Y (NAND2X1)                           0.039179  0.021192   1.492729 r
  frfcfs.scheduler_i/n652 (net)                 2     0.003337            0.000000   1.492729 r
  frfcfs.scheduler_i/U777/A (AND2X2)                            0.039179  0.000000   1.492729 r
  frfcfs.scheduler_i/U777/Y (AND2X2)                            0.014476  0.037716   1.530445 r
  frfcfs.scheduler_i/n1219 (net)                3     0.004653            0.000000   1.530445 r
  frfcfs.scheduler_i/U665/A (INVX1)                             0.014476  0.000000   1.530445 r
  frfcfs.scheduler_i/U665/Y (INVX1)                             0.013649  0.018489   1.548934 f
  frfcfs.scheduler_i/n680 (net)                 2     0.002952            0.000000   1.548934 f
  frfcfs.scheduler_i/U91/A (INVX1)                              0.013649  0.000000   1.548934 f
  frfcfs.scheduler_i/U91/Y (INVX1)                              0.000000  0.003946   1.552880 r
  frfcfs.scheduler_i/n45 (net)                  1     0.002764            0.000000   1.552880 r
  frfcfs.scheduler_i/U1387/B (AOI22X1)                          0.000000  0.000000   1.552880 r
  frfcfs.scheduler_i/U1387/Y (AOI22X1)                          0.034631  0.023773   1.576653 f
  frfcfs.scheduler_i/n1271 (net)                1     0.001820            0.000000   1.576653 f
  frfcfs.scheduler_i/U1389/B (AND2X2)                           0.034631  0.000000   1.576653 f
  frfcfs.scheduler_i/U1389/Y (AND2X2)                           0.004806  0.044408   1.621062 f
  frfcfs.scheduler_i/n1272 (net)                1     0.002832            0.000000   1.621062 f
  frfcfs.scheduler_i/U574/C (NAND3X1)                           0.004806  0.000000   1.621062 f
  frfcfs.scheduler_i/U574/Y (NAND3X1)                           0.040438  0.031242   1.652304 r
  frfcfs.scheduler_i/n497 (net)                 2     0.003102            0.000000   1.652304 r
  frfcfs.scheduler_i/U657/A (INVX1)                             0.040438  0.000000   1.652304 r
  frfcfs.scheduler_i/U657/Y (INVX1)                             0.018508  0.030077   1.682380 f
  frfcfs.scheduler_i/n572 (net)                 3     0.005181            0.000000   1.682380 f
  frfcfs.scheduler_i/U740/A (NAND2X1)                           0.018508  0.000000   1.682380 f
  frfcfs.scheduler_i/U740/Y (NAND2X1)                           0.036056  0.029881   1.712261 r
  frfcfs.scheduler_i/n649 (net)                 1     0.002548            0.000000   1.712261 r
  frfcfs.scheduler_i/U1448/A (NAND3X1)                          0.036056  0.000000   1.712261 r
  frfcfs.scheduler_i/U1448/Y (NAND3X1)                          0.017528  0.022282   1.734543 f
  frfcfs.scheduler_i/n1350 (net)                1     0.002832            0.000000   1.734543 f
  frfcfs.scheduler_i/U1449/C (NAND3X1)                          0.017528  0.000000   1.734543 f
  frfcfs.scheduler_i/U1449/Y (NAND3X1)                          0.040718  0.034061   1.768604 r
  frfcfs.scheduler_i/n1352 (net)                1     0.002961            0.000000   1.768604 r
  frfcfs.scheduler_i/U1450/C (NAND3X1)                          0.040718  0.000000   1.768604 r
  frfcfs.scheduler_i/U1450/Y (NAND3X1)                          0.015714  0.016814   1.785418 f
  frfcfs.scheduler_i/n1354 (net)                1     0.001924            0.000000   1.785418 f
  frfcfs.scheduler_i/U1451/C (OAI21X1)                          0.015714  0.000000   1.785418 f
  frfcfs.scheduler_i/U1451/Y (OAI21X1)                          0.043862  0.021692   1.807110 r
  frfcfs.scheduler_i/n1517 (net)                1     0.002655            0.000000   1.807110 r
  frfcfs.scheduler_i/U725/A (INVX2)                             0.043862  0.000000   1.807110 r
  frfcfs.scheduler_i/U725/Y (INVX2)                             0.023419  0.028376   1.835487 f
  frfcfs.scheduler_i/n817 (net)                 1     0.010104            0.000000   1.835487 f
  frfcfs.scheduler_i/U1007/A (INVX8)                            0.023419  0.000000   1.835487 f
  frfcfs.scheduler_i/U1007/Y (INVX8)                            0.011640  0.022521   1.858007 r
  frfcfs.scheduler_i/select_slot[0] (net)       9     0.023427            0.000000   1.858007 r
  frfcfs.scheduler_i/select_slot[0] (mc_scheduler_frfcfs_Q_DEPTH16_ADDR_W16_AGE_LIMIT128_AGING_ENABLE0)
                                                                          0.000000   1.858007 r
  select_slot[0] (net)                                0.023427            0.000000   1.858007 r
  U54/A (INVX1)                                                 0.011640  0.000000   1.858007 r
  U54/Y (INVX1)                                                 0.020352  0.022187   1.880194 f
  n1255 (net)                                   2     0.005129            0.000000   1.880194 f
  U1571/C (NAND3X1)                                             0.020352  0.000000   1.880194 f
  U1571/Y (NAND3X1)                                             0.040903  0.035216   1.915410 r
  n1955 (net)                                   2     0.003102            0.000000   1.915410 r
  U1381/A (INVX1)                                               0.040903  0.000000   1.915410 r
  U1381/Y (INVX1)                                               0.016222  0.028662   1.944072 f
  n642 (net)                                    3     0.004428            0.000000   1.944072 f
  U1382/A (INVX1)                                               0.016222  0.000000   1.944072 f
  U1382/Y (INVX1)                                               0.001075  0.018379   1.962451 r
  n643 (net)                                    4     0.006936            0.000000   1.962451 r
  U518/A (INVX1)                                                0.001075  0.000000   1.962451 r
  U518/Y (INVX1)                                                0.018117  0.017290   1.979741 f
  n255 (net)                                    2     0.004134            0.000000   1.979741 f
  U1397/A (INVX1)                                               0.018117  0.000000   1.979741 f
  U1397/Y (INVX1)                                               0.023829  0.033287   2.013028 r
  n658 (net)                                    4     0.011329            0.000000   2.013028 r
  U2050/B (OAI21X1)                                             0.023829  0.000000   2.013028 r
  U2050/Y (OAI21X1)                                             0.007613  0.020279   2.033307 f
  n1888 (net)                                   1     0.003226            0.000000   2.033307 f
  U2051/C (NOR3X1)                                              0.007613  0.000000   2.033307 f
  U2051/Y (NOR3X1)                                              0.054389  0.025287   2.058594 r
  n1898 (net)                                   1     0.002817            0.000000   2.058594 r
  U2057/A (AOI22X1)                                             0.054389  0.000000   2.058594 r
  U2057/Y (AOI22X1)                                             0.036348  0.042414   2.101008 f
  n1900 (net)                                   1     0.002673            0.000000   2.101008 f
  U345/A (INVX2)                                                0.036348  0.000000   2.101008 f
  U345/Y (INVX2)                                                0.024630  0.031910   2.132918 r
  cmd_wdata[28] (net)                           1     0.010000            0.000000   2.132918 r
  cmd_wdata[28] (out)                                           0.024630  0.000000   2.132918 r
  data arrival time                                                                  2.132918

  clock core_clk (rise edge)                                              2.000000   2.000000
  clock network delay (ideal)                                             0.000000   2.000000
  clock uncertainty                                                       -0.100000  1.900000
  output external delay                                                   -1.000000  0.900000
  data required time                                                                 0.900000
  ----------------------------------------------------------------------------------------------
  data required time                                                                 0.900000
  data arrival time                                                                  -2.132918
  ----------------------------------------------------------------------------------------------
  slack (VIOLATED)                                                                   -1.232918


  Startpoint: table_i/addresses_reg[53]
              (rising edge-triggered flip-flop clocked by core_clk)
  Endpoint: cmd_wdata[27]
            (output port clocked by core_clk)
  Path Group: core_clk
  Path Type: max

  Point                                       Fanout       Cap     Trans      Incr       Path
  ----------------------------------------------------------------------------------------------
  clock core_clk (rise edge)                                              0.000000   0.000000
  clock network delay (ideal)                                             0.000000   0.000000
  table_i/addresses_reg[53]/CLK (DFFPOSX1)                      0.000000  0.000000 # 0.000000 r
  table_i/addresses_reg[53]/Q (DFFPOSX1)                        0.023267  0.105501   0.105501 f
  table_i/n6819 (net)                           1     0.005092            0.000000   0.105501 f
  table_i/U98/A (INVX4)                                         0.023267  0.000000   0.105501 f
  table_i/U98/Y (INVX4)                                         0.009539  0.021286   0.126787 r
  table_i/n46 (net)                             1     0.010083            0.000000   0.126787 r
  table_i/U99/A (INVX8)                                         0.009539  0.000000   0.126787 r
  table_i/U99/Y (INVX8)                                         0.015101  0.030905   0.157692 f
  table_i/addresses[53] (net)                  11     0.052618            0.000000   0.157692 f
  table_i/addresses[53] (mc_transaction_table_Q_DEPTH16_ADDR_W16_DATA_W32_TAG_W8_READ_LATENCY3_AGE_LIMIT128)
                                                                          0.000000   0.157692 f
  addresses[53] (net)                                 0.052618            0.000000   0.157692 f
  candidates_i/addresses[53] (mc_candidates_Q_DEPTH16_ROW_W8_COL_W6)      0.000000   0.157692 f
  candidates_i/addresses[53] (net)                    0.052618            0.000000   0.157692 f
  candidates_i/U7077/B (XOR2X1)                                 0.015101  0.000000   0.157692 f
  candidates_i/U7077/Y (XOR2X1)                                 0.048053  0.053122   0.210814 r
  candidates_i/n8053 (net)                      2     0.003349            0.000000   0.210814 r
  candidates_i/U3340/A (AND2X2)                                 0.048053  0.000000   0.210814 r
  candidates_i/U3340/Y (AND2X2)                                 0.012332  0.035506   0.246320 r
  candidates_i/n8055 (net)                      1     0.002961            0.000000   0.246320 r
  candidates_i/U9424/C (NAND3X1)                                0.012332  0.000000   0.246320 r
  candidates_i/U9424/Y (NAND3X1)                                0.013883  0.009484   0.255804 f
  candidates_i/n8064 (net)                      1     0.001504            0.000000   0.255804 f
  candidates_i/U3339/A (BUFX2)                                  0.013883  0.000000   0.255804 f
  candidates_i/U3339/Y (BUFX2)                                  0.003630  0.034434   0.290238 f
  candidates_i/n1755 (net)                      1     0.003011            0.000000   0.290238 f
  candidates_i/U9425/A (NOR3X1)                                 0.003630  0.000000   0.290238 f
  candidates_i/U9425/Y (NOR3X1)                                 0.054208  0.049107   0.339345 r
  candidates_i/n8088 (net)                      1     0.002764            0.000000   0.339345 r
  candidates_i/U9431/B (AOI22X1)                                0.054208  0.000000   0.339345 r
  candidates_i/U9431/Y (AOI22X1)                                0.036724  0.039302   0.378647 f
  candidates_i/n8090 (net)                      1     0.002832            0.000000   0.378647 f
  candidates_i/U9432/C (NAND3X1)                                0.036724  0.000000   0.378647 f
  candidates_i/U9432/Y (NAND3X1)                                0.033787  0.034619   0.413266 r
  candidates_i/n8093 (net)                      1     0.001551            0.000000   0.413266 r
  candidates_i/U5708/A (INVX1)                                  0.033787  0.000000   0.413266 r
  candidates_i/U5708/Y (INVX1)                                  0.014549  0.025255   0.438520 f
  candidates_i/n10109 (net)                     2     0.003704            0.000000   0.438520 f
  candidates_i/U10527/A (NAND2X1)                               0.014549  0.000000   0.438520 f
  candidates_i/U10527/Y (NAND2X1)                               0.031493  0.025539   0.464059 r
  candidates_i/n10517 (net)                     1     0.001551            0.000000   0.464059 r
  candidates_i/U6433/A (INVX1)                                  0.031493  0.000000   0.464059 r
  candidates_i/U6433/Y (INVX1)                                  0.015821  0.025396   0.489455 f
  candidates_i/n10110 (net)                     2     0.004076            0.000000   0.489455 f
  candidates_i/U10528/B (NAND3X1)                               0.015821  0.000000   0.489455 f
  candidates_i/U10528/Y (NAND3X1)                               0.036429  0.033661   0.523116 r
  candidates_i/n10123 (net)                     1     0.002111            0.000000   0.523116 r
  candidates_i/U10533/A (NAND2X1)                               0.036429  0.000000   0.523116 r
  candidates_i/U10533/Y (NAND2X1)                               0.020290  0.017986   0.541102 f
  candidates_i/n10124 (net)                     1     0.002209            0.000000   0.541102 f
  candidates_i/U10534/A (NOR2X1)                                0.020290  0.000000   0.541102 f
  candidates_i/U10534/Y (NOR2X1)                                0.034923  0.035974   0.577076 r
  candidates_i/n10128 (net)                     2     0.003667            0.000000   0.577076 r
  candidates_i/U2733/A (AND2X2)                                 0.034923  0.000000   0.577076 r
  candidates_i/U2733/Y (AND2X2)                                 0.019432  0.040948   0.618024 r
  candidates_i/n1464 (net)                      3     0.006869            0.000000   0.618024 r
  candidates_i/U10536/C (NAND3X1)                               0.019432  0.000000   0.618024 r
  candidates_i/U10536/Y (NAND3X1)                               0.025033  0.017875   0.635899 f
  candidates_i/n10136 (net)                     3     0.005527            0.000000   0.635899 f
  candidates_i/U10553/B (NAND2X1)                               0.025033  0.000000   0.635899 f
  candidates_i/U10553/Y (NAND2X1)                               0.032294  0.016246   0.652145 r
  candidates_i/n10164 (net)                     1     0.001869            0.000000   0.652145 r
  candidates_i/U868/B (AND2X2)                                  0.032294  0.000000   0.652145 r
  candidates_i/U868/Y (AND2X2)                                  0.014246  0.036048   0.688193 r
  candidates_i/n11025 (net)                     2     0.004206            0.000000   0.688193 r
  candidates_i/U729/A (INVX2)                                   0.014246  0.000000   0.688193 r
  candidates_i/U729/Y (INVX2)                                   0.012060  0.027898   0.716091 f
  candidates_i/n461 (net)                       1     0.010104            0.000000   0.716091 f
  candidates_i/U728/A (INVX8)                                   0.012060  0.000000   0.716091 f
  candidates_i/U728/Y (INVX8)                                   0.005099  0.018721   0.734812 r
  candidates_i/n10375 (net)                     7     0.021486            0.000000   0.734812 r
  candidates_i/U1860/A (INVX4)                                  0.005099  0.000000   0.734812 r
  candidates_i/U1860/Y (INVX4)                                  0.003793  0.024694   0.759506 f
  candidates_i/n1233 (net)                      3     0.007577            0.000000   0.759506 f
  candidates_i/U10725/B (OAI21X1)                               0.003793  0.000000   0.759506 f
  candidates_i/U10725/Y (OAI21X1)                               0.042812  0.038881   0.798387 r
  candidates_i/n10307 (net)                     1     0.002386            0.000000   0.798387 r
  candidates_i/U10726/C (AOI21X1)                               0.042812  0.000000   0.798387 r
  candidates_i/U10726/Y (AOI21X1)                               0.017629  0.022489   0.820876 f
  candidates_i/n10308 (net)                     1     0.002832            0.000000   0.820876 f
  candidates_i/U10727/C (NAND3X1)                               0.017629  0.000000   0.820876 f
  candidates_i/U10727/Y (NAND3X1)                               0.033766  0.029753   0.850629 r
  candidates_i/n10311 (net)                     1     0.001551            0.000000   0.850629 r
  candidates_i/U1851/A (INVX1)                                  0.033766  0.000000   0.850629 r
  candidates_i/U1851/Y (INVX1)                                  0.013700  0.024667   0.875296 f
  candidates_i/n10453 (net)                     2     0.003420            0.000000   0.875296 f
  candidates_i/U10728/B (NAND2X1)                               0.013700  0.000000   0.875296 f
  candidates_i/U10728/Y (NAND2X1)                               0.040012  0.017171   0.892467 r
  candidates_i/n10403 (net)                     2     0.003337            0.000000   0.892467 r
  candidates_i/U1604/A (AND2X2)                                 0.040012  0.000000   0.892467 r
  candidates_i/U1604/Y (AND2X2)                                 0.014092  0.037751   0.930218 r
  candidates_i/n10407 (net)                     3     0.004653            0.000000   0.930218 r
  candidates_i/U1606/A (INVX1)                                  0.014092  0.000000   0.930218 r
  candidates_i/U1606/Y (INVX1)                                  0.012720  0.017729   0.947947 f
  candidates_i/n836 (net)                       1     0.002632            0.000000   0.947947 f
  candidates_i/U10801/B (OAI21X1)                               0.012720  0.000000   0.947947 f
  candidates_i/U10801/Y (OAI21X1)                               0.043049  0.040865   0.988812 r
  candidates_i/n10408 (net)                     1     0.002386            0.000000   0.988812 r
  candidates_i/U10802/C (AOI21X1)                               0.043049  0.000000   0.988812 r
  candidates_i/U10802/Y (AOI21X1)                               0.016526  0.020733   1.009545 f
  candidates_i/n10411 (net)                     1     0.001944            0.000000   1.009545 f
  candidates_i/U10803/B (NAND2X1)                               0.016526  0.000000   1.009545 f
  candidates_i/U10803/Y (NAND2X1)                               0.031360  0.012486   1.022031 r
  candidates_i/candidate_slots[8] (net)         1     0.001551            0.000000   1.022031 r
  candidates_i/candidate_slots[8] (mc_candidates_Q_DEPTH16_ROW_W8_COL_W6) 0.000000   1.022031 r
  candidate_slots[8] (net)                            0.001551            0.000000   1.022031 r
  U1247/A (INVX1)                                               0.031360  0.000000   1.022031 r
  U1247/Y (INVX1)                                               0.008047  0.020032   1.042063 f
  n501 (net)                                    1     0.001476            0.000000   1.042063 f
  U105/A (INVX1)                                                0.008047  0.000000   1.042063 f
  U105/Y (INVX1)                                                0.006841  0.019928   1.061991 r
  n502 (net)                                    4     0.008305            0.000000   1.061991 r
  frfcfs.scheduler_i/candidate_slots[8] (mc_scheduler_frfcfs_Q_DEPTH16_ADDR_W16_AGE_LIMIT128_AGING_ENABLE0)
                                                                          0.000000   1.061991 r
  frfcfs.scheduler_i/N592 (net)                       0.008305            0.000000   1.061991 r
  frfcfs.scheduler_i/U955/A (AOI22X1)                           0.006841  0.000000   1.061991 r
  frfcfs.scheduler_i/U955/Y (AOI22X1)                           0.034673  0.031704   1.093695 f
  frfcfs.scheduler_i/n766 (net)                 1     0.001944            0.000000   1.093695 f
  frfcfs.scheduler_i/U753/B (NAND2X1)                           0.034673  0.000000   1.093695 f
  frfcfs.scheduler_i/U753/Y (NAND2X1)                           0.036819  0.022804   1.116499 r
  frfcfs.scheduler_i/n765 (net)                 1     0.002961            0.000000   1.116499 r
  frfcfs.scheduler_i/U954/C (NAND3X1)                           0.036819  0.000000   1.116499 r
  frfcfs.scheduler_i/U954/Y (NAND3X1)                           0.016240  0.016554   1.133053 f
  frfcfs.scheduler_i/n762 (net)                 1     0.002312            0.000000   1.133053 f
  frfcfs.scheduler_i/U953/C (AOI21X1)                           0.016240  0.000000   1.133053 f
  frfcfs.scheduler_i/U953/Y (AOI21X1)                           0.033867  0.024036   1.157089 r
  frfcfs.scheduler_i/N1463 (net)                2     0.003667            0.000000   1.157089 r
  frfcfs.scheduler_i/U675/B (AND2X2)                            0.033867  0.000000   1.157089 r
  frfcfs.scheduler_i/U675/Y (AND2X2)                            0.013096  0.035298   1.192387 r
  frfcfs.scheduler_i/n587 (net)                 2     0.003667            0.000000   1.192387 r
  frfcfs.scheduler_i/U488/B (AND2X2)                            0.013096  0.000000   1.192387 r
  frfcfs.scheduler_i/U488/Y (AND2X2)                            0.010693  0.033428   1.225815 r
  frfcfs.scheduler_i/n949 (net)                 2     0.003102            0.000000   1.225815 r
  frfcfs.scheduler_i/U489/A (INVX1)                             0.010693  0.000000   1.225815 r
  frfcfs.scheduler_i/U489/Y (INVX1)                             0.018556  0.020653   1.246468 f
  frfcfs.scheduler_i/n430 (net)                 2     0.004506            0.000000   1.246468 f
  frfcfs.scheduler_i/U1086/B (NOR2X1)                           0.018556  0.000000   1.246468 f
  frfcfs.scheduler_i/U1086/Y (NOR2X1)                           0.027314  0.030747   1.277216 r
  frfcfs.scheduler_i/n911 (net)                 1     0.002386            0.000000   1.277216 r
  frfcfs.scheduler_i/U1087/C (AOI21X1)                          0.027314  0.000000   1.277216 r
  frfcfs.scheduler_i/U1087/Y (AOI21X1)                          0.018232  0.017886   1.295101 f
  frfcfs.scheduler_i/n1004 (net)                1     0.002832            0.000000   1.295101 f
  frfcfs.scheduler_i/U1089/C (NAND3X1)                          0.018232  0.000000   1.295101 f
  frfcfs.scheduler_i/U1089/Y (NAND3X1)                          0.042977  0.036101   1.331203 r
  frfcfs.scheduler_i/n912 (net)                 2     0.003566            0.000000   1.331203 r
  frfcfs.scheduler_i/U1090/B (NAND2X1)                          0.042977  0.000000   1.331203 r
  frfcfs.scheduler_i/U1090/Y (NAND2X1)                          0.018531  0.021958   1.353161 f
  frfcfs.scheduler_i/n920 (net)                 1     0.001884            0.000000   1.353161 f
  frfcfs.scheduler_i/U1100/A (NAND2X1)                          0.018531  0.000000   1.353161 f
  frfcfs.scheduler_i/U1100/Y (NAND2X1)                          0.035021  0.029321   1.382482 r
  frfcfs.scheduler_i/n934 (net)                 1     0.002365            0.000000   1.382482 r
  frfcfs.scheduler_i/U1117/B (NOR2X1)                           0.035021  0.000000   1.382482 r
  frfcfs.scheduler_i/U1117/Y (NOR2X1)                           0.006714  0.021660   1.404142 f
  frfcfs.scheduler_i/n995 (net)                 2     0.003583            0.000000   1.404142 f
  frfcfs.scheduler_i/U783/B (AND2X2)                            0.006714  0.000000   1.404142 f
  frfcfs.scheduler_i/U783/Y (AND2X2)                            0.003765  0.041724   1.445866 f
  frfcfs.scheduler_i/n681 (net)                 4     0.007537            0.000000   1.445866 f
  frfcfs.scheduler_i/U1199/A (NAND2X1)                          0.003765  0.000000   1.445866 f
  frfcfs.scheduler_i/U1199/Y (NAND2X1)                          0.051456  0.034724   1.480590 r
  frfcfs.scheduler_i/n1048 (net)                3     0.005606            0.000000   1.480590 r
  frfcfs.scheduler_i/U721/A (INVX1)                             0.051456  0.000000   1.480590 r
  frfcfs.scheduler_i/U721/Y (INVX1)                             0.011059  0.028493   1.509083 f
  frfcfs.scheduler_i/n631 (net)                 2     0.002952            0.000000   1.509083 f
  frfcfs.scheduler_i/U618/A (INVX1)                             0.011059  0.000000   1.509083 f
  frfcfs.scheduler_i/U618/Y (INVX1)                             0.000000  0.000638   1.509721 r
  frfcfs.scheduler_i/n536 (net)                 1     0.002027            0.000000   1.509721 r
  frfcfs.scheduler_i/U604/B (NAND2X1)                           0.000000  0.000000   1.509721 r
  frfcfs.scheduler_i/U604/Y (NAND2X1)                           0.027358  0.015685   1.525407 f
  frfcfs.scheduler_i/n524 (net)                 2     0.003707            0.000000   1.525407 f
  frfcfs.scheduler_i/U678/A (AND2X2)                            0.027358  0.000000   1.525407 f
  frfcfs.scheduler_i/U678/Y (AND2X2)                            0.005501  0.040817   1.566224 f
  frfcfs.scheduler_i/n590 (net)                 2     0.005452            0.000000   1.566224 f
  frfcfs.scheduler_i/U1425/B (AOI22X1)                          0.005501  0.000000   1.566224 f
  frfcfs.scheduler_i/U1425/Y (AOI22X1)                          0.043011  0.036749   1.602973 r
  frfcfs.scheduler_i/n1321 (net)                1     0.001869            0.000000   1.602973 r
  frfcfs.scheduler_i/U1427/B (AND2X2)                           0.043011  0.000000   1.602973 r
  frfcfs.scheduler_i/U1427/Y (AND2X2)                           0.011973  0.034657   1.637630 r
  frfcfs.scheduler_i/n1322 (net)                1     0.002961            0.000000   1.637630 r
  frfcfs.scheduler_i/U1428/C (NAND3X1)                          0.011973  0.000000   1.637630 r
  frfcfs.scheduler_i/U1428/Y (NAND3X1)                          0.019452  0.013273   1.650903 f
  frfcfs.scheduler_i/n1363 (net)                2     0.003818            0.000000   1.650903 f
  frfcfs.scheduler_i/U849/B (OR2X2)                             0.019452  0.000000   1.650903 f
  frfcfs.scheduler_i/U849/Y (OR2X2)                             0.010166  0.050168   1.701071 f
  frfcfs.scheduler_i/n1419 (net)                2     0.004308            0.000000   1.701071 f
  frfcfs.scheduler_i/U1448/C (NAND3X1)                          0.010166  0.000000   1.701071 f
  frfcfs.scheduler_i/U1448/Y (NAND3X1)                          0.040654  0.032179   1.733250 r
  frfcfs.scheduler_i/n1350 (net)                1     0.002961            0.000000   1.733250 r
  frfcfs.scheduler_i/U1449/C (NAND3X1)                          0.040654  0.000000   1.733250 r
  frfcfs.scheduler_i/U1449/Y (NAND3X1)                          0.017264  0.018319   1.751569 f
  frfcfs.scheduler_i/n1352 (net)                1     0.002832            0.000000   1.751569 f
  frfcfs.scheduler_i/U1450/C (NAND3X1)                          0.017264  0.000000   1.751569 f
  frfcfs.scheduler_i/U1450/Y (NAND3X1)                          0.035884  0.031070   1.782639 r
  frfcfs.scheduler_i/n1354 (net)                1     0.002010            0.000000   1.782639 r
  frfcfs.scheduler_i/U1451/C (OAI21X1)                          0.035884  0.000000   1.782639 r
  frfcfs.scheduler_i/U1451/Y (OAI21X1)                          0.007071  0.021211   1.803850 f
  frfcfs.scheduler_i/n1517 (net)                1     0.002673            0.000000   1.803850 f
  frfcfs.scheduler_i/U725/A (INVX2)                             0.007071  0.000000   1.803850 f
  frfcfs.scheduler_i/U725/Y (INVX2)                             0.011569  0.023854   1.827704 r
  frfcfs.scheduler_i/n817 (net)                 1     0.010083            0.000000   1.827704 r
  frfcfs.scheduler_i/U1007/A (INVX8)                            0.011569  0.000000   1.827704 r
  frfcfs.scheduler_i/U1007/Y (INVX8)                            0.008102  0.025744   1.853448 f
  frfcfs.scheduler_i/select_slot[0] (net)       9     0.022216            0.000000   1.853448 f
  frfcfs.scheduler_i/select_slot[0] (mc_scheduler_frfcfs_Q_DEPTH16_ADDR_W16_AGE_LIMIT128_AGING_ENABLE0)
                                                                          0.000000   1.853448 f
  select_slot[0] (net)                                0.022216            0.000000   1.853448 f
  U1565/B (NAND3X1)                                             0.008102  0.000000   1.853448 f
  U1565/Y (NAND3X1)                                             0.045433  0.036997   1.890445 r
  n1951 (net)                                   1     0.003979            0.000000   1.890445 r
  U549/A (BUFX4)                                                0.045433  0.000000   1.890445 r
  U549/Y (BUFX4)                                                0.020050  0.026974   1.917419 r
  n460 (net)                                    7     0.011961            0.000000   1.917419 r
  U131/A (INVX1)                                                0.020050  0.000000   1.917419 r
  U131/Y (INVX1)                                                0.022089  0.026051   1.943471 f
  n83 (net)                                     4     0.005905            0.000000   1.943471 f
  U1314/A (INVX1)                                               0.022089  0.000000   1.943471 f
  U1314/Y (INVX1)                                               0.001526  0.020168   1.963639 r
  n570 (net)                                    3     0.006848            0.000000   1.963639 r
  U927/B (OR2X2)                                                0.001526  0.000000   1.963639 r
  U927/Y (OR2X2)                                                0.006926  0.041244   2.004884 r
  n1868 (net)                                   1     0.001551            0.000000   2.004884 r
  U928/A (INVX1)                                                0.006926  0.000000   2.004884 r
  U928/Y (INVX1)                                                0.014520  0.016682   2.021565 f
  n483 (net)                                    1     0.003067            0.000000   2.021565 f
  U2041/B (NOR3X1)                                              0.014520  0.000000   2.021565 f
  U2041/Y (NOR3X1)                                              0.053909  0.040425   2.061990 r
  n1880 (net)                                   1     0.002764            0.000000   2.061990 r
  U2047/B (AOI22X1)                                             0.053909  0.000000   2.061990 r
  U2047/Y (AOI22X1)                                             0.036348  0.038949   2.100939 f
  n1882 (net)                                   1     0.002673            0.000000   2.100939 f
  U334/A (INVX2)                                                0.036348  0.000000   2.100939 f
  U334/Y (INVX2)                                                0.024630  0.031910   2.132850 r
  cmd_wdata[27] (net)                           1     0.010000            0.000000   2.132850 r
  cmd_wdata[27] (out)                                           0.024630  0.000000   2.132850 r
  data arrival time                                                                  2.132850

  clock core_clk (rise edge)                                              2.000000   2.000000
  clock network delay (ideal)                                             0.000000   2.000000
  clock uncertainty                                                       -0.100000  1.900000
  output external delay                                                   -1.000000  0.900000
  data required time                                                                 0.900000
  ----------------------------------------------------------------------------------------------
  data required time                                                                 0.900000
  data arrival time                                                                  -2.132850
  ----------------------------------------------------------------------------------------------
  slack (VIOLATED)                                                                   -1.232850


  Startpoint: table_i/addresses_reg[53]
              (rising edge-triggered flip-flop clocked by core_clk)
  Endpoint: cmd_wdata[19]
            (output port clocked by core_clk)
  Path Group: core_clk
  Path Type: max

  Point                                       Fanout       Cap     Trans      Incr       Path
  ----------------------------------------------------------------------------------------------
  clock core_clk (rise edge)                                              0.000000   0.000000
  clock network delay (ideal)                                             0.000000   0.000000
  table_i/addresses_reg[53]/CLK (DFFPOSX1)                      0.000000  0.000000 # 0.000000 r
  table_i/addresses_reg[53]/Q (DFFPOSX1)                        0.023267  0.105501   0.105501 f
  table_i/n6819 (net)                           1     0.005092            0.000000   0.105501 f
  table_i/U98/A (INVX4)                                         0.023267  0.000000   0.105501 f
  table_i/U98/Y (INVX4)                                         0.009539  0.021286   0.126787 r
  table_i/n46 (net)                             1     0.010083            0.000000   0.126787 r
  table_i/U99/A (INVX8)                                         0.009539  0.000000   0.126787 r
  table_i/U99/Y (INVX8)                                         0.015101  0.030905   0.157692 f
  table_i/addresses[53] (net)                  11     0.052618            0.000000   0.157692 f
  table_i/addresses[53] (mc_transaction_table_Q_DEPTH16_ADDR_W16_DATA_W32_TAG_W8_READ_LATENCY3_AGE_LIMIT128)
                                                                          0.000000   0.157692 f
  addresses[53] (net)                                 0.052618            0.000000   0.157692 f
  candidates_i/addresses[53] (mc_candidates_Q_DEPTH16_ROW_W8_COL_W6)      0.000000   0.157692 f
  candidates_i/addresses[53] (net)                    0.052618            0.000000   0.157692 f
  candidates_i/U7077/B (XOR2X1)                                 0.015101  0.000000   0.157692 f
  candidates_i/U7077/Y (XOR2X1)                                 0.048053  0.053122   0.210814 r
  candidates_i/n8053 (net)                      2     0.003349            0.000000   0.210814 r
  candidates_i/U3340/A (AND2X2)                                 0.048053  0.000000   0.210814 r
  candidates_i/U3340/Y (AND2X2)                                 0.012332  0.035506   0.246320 r
  candidates_i/n8055 (net)                      1     0.002961            0.000000   0.246320 r
  candidates_i/U9424/C (NAND3X1)                                0.012332  0.000000   0.246320 r
  candidates_i/U9424/Y (NAND3X1)                                0.013883  0.009484   0.255804 f
  candidates_i/n8064 (net)                      1     0.001504            0.000000   0.255804 f
  candidates_i/U3339/A (BUFX2)                                  0.013883  0.000000   0.255804 f
  candidates_i/U3339/Y (BUFX2)                                  0.003630  0.034434   0.290238 f
  candidates_i/n1755 (net)                      1     0.003011            0.000000   0.290238 f
  candidates_i/U9425/A (NOR3X1)                                 0.003630  0.000000   0.290238 f
  candidates_i/U9425/Y (NOR3X1)                                 0.054208  0.049107   0.339345 r
  candidates_i/n8088 (net)                      1     0.002764            0.000000   0.339345 r
  candidates_i/U9431/B (AOI22X1)                                0.054208  0.000000   0.339345 r
  candidates_i/U9431/Y (AOI22X1)                                0.036724  0.039302   0.378647 f
  candidates_i/n8090 (net)                      1     0.002832            0.000000   0.378647 f
  candidates_i/U9432/C (NAND3X1)                                0.036724  0.000000   0.378647 f
  candidates_i/U9432/Y (NAND3X1)                                0.033787  0.034619   0.413266 r
  candidates_i/n8093 (net)                      1     0.001551            0.000000   0.413266 r
  candidates_i/U5708/A (INVX1)                                  0.033787  0.000000   0.413266 r
  candidates_i/U5708/Y (INVX1)                                  0.014549  0.025255   0.438520 f
  candidates_i/n10109 (net)                     2     0.003704            0.000000   0.438520 f
  candidates_i/U10527/A (NAND2X1)                               0.014549  0.000000   0.438520 f
  candidates_i/U10527/Y (NAND2X1)                               0.031493  0.025539   0.464059 r
  candidates_i/n10517 (net)                     1     0.001551            0.000000   0.464059 r
  candidates_i/U6433/A (INVX1)                                  0.031493  0.000000   0.464059 r
  candidates_i/U6433/Y (INVX1)                                  0.015821  0.025396   0.489455 f
  candidates_i/n10110 (net)                     2     0.004076            0.000000   0.489455 f
  candidates_i/U10528/B (NAND3X1)                               0.015821  0.000000   0.489455 f
  candidates_i/U10528/Y (NAND3X1)                               0.036429  0.033661   0.523116 r
  candidates_i/n10123 (net)                     1     0.002111            0.000000   0.523116 r
  candidates_i/U10533/A (NAND2X1)                               0.036429  0.000000   0.523116 r
  candidates_i/U10533/Y (NAND2X1)                               0.020290  0.017986   0.541102 f
  candidates_i/n10124 (net)                     1     0.002209            0.000000   0.541102 f
  candidates_i/U10534/A (NOR2X1)                                0.020290  0.000000   0.541102 f
  candidates_i/U10534/Y (NOR2X1)                                0.034923  0.035974   0.577076 r
  candidates_i/n10128 (net)                     2     0.003667            0.000000   0.577076 r
  candidates_i/U2733/A (AND2X2)                                 0.034923  0.000000   0.577076 r
  candidates_i/U2733/Y (AND2X2)                                 0.019432  0.040948   0.618024 r
  candidates_i/n1464 (net)                      3     0.006869            0.000000   0.618024 r
  candidates_i/U10536/C (NAND3X1)                               0.019432  0.000000   0.618024 r
  candidates_i/U10536/Y (NAND3X1)                               0.025033  0.017875   0.635899 f
  candidates_i/n10136 (net)                     3     0.005527            0.000000   0.635899 f
  candidates_i/U10553/B (NAND2X1)                               0.025033  0.000000   0.635899 f
  candidates_i/U10553/Y (NAND2X1)                               0.032294  0.016246   0.652145 r
  candidates_i/n10164 (net)                     1     0.001869            0.000000   0.652145 r
  candidates_i/U868/B (AND2X2)                                  0.032294  0.000000   0.652145 r
  candidates_i/U868/Y (AND2X2)                                  0.014246  0.036048   0.688193 r
  candidates_i/n11025 (net)                     2     0.004206            0.000000   0.688193 r
  candidates_i/U729/A (INVX2)                                   0.014246  0.000000   0.688193 r
  candidates_i/U729/Y (INVX2)                                   0.012060  0.027898   0.716091 f
  candidates_i/n461 (net)                       1     0.010104            0.000000   0.716091 f
  candidates_i/U728/A (INVX8)                                   0.012060  0.000000   0.716091 f
  candidates_i/U728/Y (INVX8)                                   0.005099  0.018721   0.734812 r
  candidates_i/n10375 (net)                     7     0.021486            0.000000   0.734812 r
  candidates_i/U1860/A (INVX4)                                  0.005099  0.000000   0.734812 r
  candidates_i/U1860/Y (INVX4)                                  0.003793  0.024694   0.759506 f
  candidates_i/n1233 (net)                      3     0.007577            0.000000   0.759506 f
  candidates_i/U10725/B (OAI21X1)                               0.003793  0.000000   0.759506 f
  candidates_i/U10725/Y (OAI21X1)                               0.042812  0.038881   0.798387 r
  candidates_i/n10307 (net)                     1     0.002386            0.000000   0.798387 r
  candidates_i/U10726/C (AOI21X1)                               0.042812  0.000000   0.798387 r
  candidates_i/U10726/Y (AOI21X1)                               0.017629  0.022489   0.820876 f
  candidates_i/n10308 (net)                     1     0.002832            0.000000   0.820876 f
  candidates_i/U10727/C (NAND3X1)                               0.017629  0.000000   0.820876 f
  candidates_i/U10727/Y (NAND3X1)                               0.033766  0.029753   0.850629 r
  candidates_i/n10311 (net)                     1     0.001551            0.000000   0.850629 r
  candidates_i/U1851/A (INVX1)                                  0.033766  0.000000   0.850629 r
  candidates_i/U1851/Y (INVX1)                                  0.013700  0.024667   0.875296 f
  candidates_i/n10453 (net)                     2     0.003420            0.000000   0.875296 f
  candidates_i/U10728/B (NAND2X1)                               0.013700  0.000000   0.875296 f
  candidates_i/U10728/Y (NAND2X1)                               0.040012  0.017171   0.892467 r
  candidates_i/n10403 (net)                     2     0.003337            0.000000   0.892467 r
  candidates_i/U1604/A (AND2X2)                                 0.040012  0.000000   0.892467 r
  candidates_i/U1604/Y (AND2X2)                                 0.014092  0.037751   0.930218 r
  candidates_i/n10407 (net)                     3     0.004653            0.000000   0.930218 r
  candidates_i/U1606/A (INVX1)                                  0.014092  0.000000   0.930218 r
  candidates_i/U1606/Y (INVX1)                                  0.012720  0.017729   0.947947 f
  candidates_i/n836 (net)                       1     0.002632            0.000000   0.947947 f
  candidates_i/U10801/B (OAI21X1)                               0.012720  0.000000   0.947947 f
  candidates_i/U10801/Y (OAI21X1)                               0.043049  0.040865   0.988812 r
  candidates_i/n10408 (net)                     1     0.002386            0.000000   0.988812 r
  candidates_i/U10802/C (AOI21X1)                               0.043049  0.000000   0.988812 r
  candidates_i/U10802/Y (AOI21X1)                               0.016526  0.020733   1.009545 f
  candidates_i/n10411 (net)                     1     0.001944            0.000000   1.009545 f
  candidates_i/U10803/B (NAND2X1)                               0.016526  0.000000   1.009545 f
  candidates_i/U10803/Y (NAND2X1)                               0.031360  0.012486   1.022031 r
  candidates_i/candidate_slots[8] (net)         1     0.001551            0.000000   1.022031 r
  candidates_i/candidate_slots[8] (mc_candidates_Q_DEPTH16_ROW_W8_COL_W6) 0.000000   1.022031 r
  candidate_slots[8] (net)                            0.001551            0.000000   1.022031 r
  U1247/A (INVX1)                                               0.031360  0.000000   1.022031 r
  U1247/Y (INVX1)                                               0.008047  0.020032   1.042063 f
  n501 (net)                                    1     0.001476            0.000000   1.042063 f
  U105/A (INVX1)                                                0.008047  0.000000   1.042063 f
  U105/Y (INVX1)                                                0.006841  0.019928   1.061991 r
  n502 (net)                                    4     0.008305            0.000000   1.061991 r
  frfcfs.scheduler_i/candidate_slots[8] (mc_scheduler_frfcfs_Q_DEPTH16_ADDR_W16_AGE_LIMIT128_AGING_ENABLE0)
                                                                          0.000000   1.061991 r
  frfcfs.scheduler_i/N592 (net)                       0.008305            0.000000   1.061991 r
  frfcfs.scheduler_i/U955/A (AOI22X1)                           0.006841  0.000000   1.061991 r
  frfcfs.scheduler_i/U955/Y (AOI22X1)                           0.034673  0.031704   1.093695 f
  frfcfs.scheduler_i/n766 (net)                 1     0.001944            0.000000   1.093695 f
  frfcfs.scheduler_i/U753/B (NAND2X1)                           0.034673  0.000000   1.093695 f
  frfcfs.scheduler_i/U753/Y (NAND2X1)                           0.036819  0.022804   1.116499 r
  frfcfs.scheduler_i/n765 (net)                 1     0.002961            0.000000   1.116499 r
  frfcfs.scheduler_i/U954/C (NAND3X1)                           0.036819  0.000000   1.116499 r
  frfcfs.scheduler_i/U954/Y (NAND3X1)                           0.016240  0.016554   1.133053 f
  frfcfs.scheduler_i/n762 (net)                 1     0.002312            0.000000   1.133053 f
  frfcfs.scheduler_i/U953/C (AOI21X1)                           0.016240  0.000000   1.133053 f
  frfcfs.scheduler_i/U953/Y (AOI21X1)                           0.033867  0.024036   1.157089 r
  frfcfs.scheduler_i/N1463 (net)                2     0.003667            0.000000   1.157089 r
  frfcfs.scheduler_i/U675/B (AND2X2)                            0.033867  0.000000   1.157089 r
  frfcfs.scheduler_i/U675/Y (AND2X2)                            0.013096  0.035298   1.192387 r
  frfcfs.scheduler_i/n587 (net)                 2     0.003667            0.000000   1.192387 r
  frfcfs.scheduler_i/U488/B (AND2X2)                            0.013096  0.000000   1.192387 r
  frfcfs.scheduler_i/U488/Y (AND2X2)                            0.010693  0.033428   1.225815 r
  frfcfs.scheduler_i/n949 (net)                 2     0.003102            0.000000   1.225815 r
  frfcfs.scheduler_i/U489/A (INVX1)                             0.010693  0.000000   1.225815 r
  frfcfs.scheduler_i/U489/Y (INVX1)                             0.018556  0.020653   1.246468 f
  frfcfs.scheduler_i/n430 (net)                 2     0.004506            0.000000   1.246468 f
  frfcfs.scheduler_i/U1086/B (NOR2X1)                           0.018556  0.000000   1.246468 f
  frfcfs.scheduler_i/U1086/Y (NOR2X1)                           0.027314  0.030747   1.277216 r
  frfcfs.scheduler_i/n911 (net)                 1     0.002386            0.000000   1.277216 r
  frfcfs.scheduler_i/U1087/C (AOI21X1)                          0.027314  0.000000   1.277216 r
  frfcfs.scheduler_i/U1087/Y (AOI21X1)                          0.018232  0.017886   1.295101 f
  frfcfs.scheduler_i/n1004 (net)                1     0.002832            0.000000   1.295101 f
  frfcfs.scheduler_i/U1089/C (NAND3X1)                          0.018232  0.000000   1.295101 f
  frfcfs.scheduler_i/U1089/Y (NAND3X1)                          0.042977  0.036101   1.331203 r
  frfcfs.scheduler_i/n912 (net)                 2     0.003566            0.000000   1.331203 r
  frfcfs.scheduler_i/U1090/B (NAND2X1)                          0.042977  0.000000   1.331203 r
  frfcfs.scheduler_i/U1090/Y (NAND2X1)                          0.018531  0.021958   1.353161 f
  frfcfs.scheduler_i/n920 (net)                 1     0.001884            0.000000   1.353161 f
  frfcfs.scheduler_i/U1100/A (NAND2X1)                          0.018531  0.000000   1.353161 f
  frfcfs.scheduler_i/U1100/Y (NAND2X1)                          0.035021  0.029321   1.382482 r
  frfcfs.scheduler_i/n934 (net)                 1     0.002365            0.000000   1.382482 r
  frfcfs.scheduler_i/U1117/B (NOR2X1)                           0.035021  0.000000   1.382482 r
  frfcfs.scheduler_i/U1117/Y (NOR2X1)                           0.006714  0.021660   1.404142 f
  frfcfs.scheduler_i/n995 (net)                 2     0.003583            0.000000   1.404142 f
  frfcfs.scheduler_i/U783/B (AND2X2)                            0.006714  0.000000   1.404142 f
  frfcfs.scheduler_i/U783/Y (AND2X2)                            0.003765  0.041724   1.445866 f
  frfcfs.scheduler_i/n681 (net)                 4     0.007537            0.000000   1.445866 f
  frfcfs.scheduler_i/U1199/A (NAND2X1)                          0.003765  0.000000   1.445866 f
  frfcfs.scheduler_i/U1199/Y (NAND2X1)                          0.051456  0.034724   1.480590 r
  frfcfs.scheduler_i/n1048 (net)                3     0.005606            0.000000   1.480590 r
  frfcfs.scheduler_i/U721/A (INVX1)                             0.051456  0.000000   1.480590 r
  frfcfs.scheduler_i/U721/Y (INVX1)                             0.011059  0.028493   1.509083 f
  frfcfs.scheduler_i/n631 (net)                 2     0.002952            0.000000   1.509083 f
  frfcfs.scheduler_i/U618/A (INVX1)                             0.011059  0.000000   1.509083 f
  frfcfs.scheduler_i/U618/Y (INVX1)                             0.000000  0.000638   1.509721 r
  frfcfs.scheduler_i/n536 (net)                 1     0.002027            0.000000   1.509721 r
  frfcfs.scheduler_i/U604/B (NAND2X1)                           0.000000  0.000000   1.509721 r
  frfcfs.scheduler_i/U604/Y (NAND2X1)                           0.027358  0.015685   1.525407 f
  frfcfs.scheduler_i/n524 (net)                 2     0.003707            0.000000   1.525407 f
  frfcfs.scheduler_i/U678/A (AND2X2)                            0.027358  0.000000   1.525407 f
  frfcfs.scheduler_i/U678/Y (AND2X2)                            0.005501  0.040817   1.566224 f
  frfcfs.scheduler_i/n590 (net)                 2     0.005452            0.000000   1.566224 f
  frfcfs.scheduler_i/U1425/B (AOI22X1)                          0.005501  0.000000   1.566224 f
  frfcfs.scheduler_i/U1425/Y (AOI22X1)                          0.043011  0.036749   1.602973 r
  frfcfs.scheduler_i/n1321 (net)                1     0.001869            0.000000   1.602973 r
  frfcfs.scheduler_i/U1427/B (AND2X2)                           0.043011  0.000000   1.602973 r
  frfcfs.scheduler_i/U1427/Y (AND2X2)                           0.011973  0.034657   1.637630 r
  frfcfs.scheduler_i/n1322 (net)                1     0.002961            0.000000   1.637630 r
  frfcfs.scheduler_i/U1428/C (NAND3X1)                          0.011973  0.000000   1.637630 r
  frfcfs.scheduler_i/U1428/Y (NAND3X1)                          0.019452  0.013273   1.650903 f
  frfcfs.scheduler_i/n1363 (net)                2     0.003818            0.000000   1.650903 f
  frfcfs.scheduler_i/U849/B (OR2X2)                             0.019452  0.000000   1.650903 f
  frfcfs.scheduler_i/U849/Y (OR2X2)                             0.010166  0.050168   1.701071 f
  frfcfs.scheduler_i/n1419 (net)                2     0.004308            0.000000   1.701071 f
  frfcfs.scheduler_i/U1448/C (NAND3X1)                          0.010166  0.000000   1.701071 f
  frfcfs.scheduler_i/U1448/Y (NAND3X1)                          0.040654  0.032179   1.733250 r
  frfcfs.scheduler_i/n1350 (net)                1     0.002961            0.000000   1.733250 r
  frfcfs.scheduler_i/U1449/C (NAND3X1)                          0.040654  0.000000   1.733250 r
  frfcfs.scheduler_i/U1449/Y (NAND3X1)                          0.017264  0.018319   1.751569 f
  frfcfs.scheduler_i/n1352 (net)                1     0.002832            0.000000   1.751569 f
  frfcfs.scheduler_i/U1450/C (NAND3X1)                          0.017264  0.000000   1.751569 f
  frfcfs.scheduler_i/U1450/Y (NAND3X1)                          0.035884  0.031070   1.782639 r
  frfcfs.scheduler_i/n1354 (net)                1     0.002010            0.000000   1.782639 r
  frfcfs.scheduler_i/U1451/C (OAI21X1)                          0.035884  0.000000   1.782639 r
  frfcfs.scheduler_i/U1451/Y (OAI21X1)                          0.007071  0.021211   1.803850 f
  frfcfs.scheduler_i/n1517 (net)                1     0.002673            0.000000   1.803850 f
  frfcfs.scheduler_i/U725/A (INVX2)                             0.007071  0.000000   1.803850 f
  frfcfs.scheduler_i/U725/Y (INVX2)                             0.011569  0.023854   1.827704 r
  frfcfs.scheduler_i/n817 (net)                 1     0.010083            0.000000   1.827704 r
  frfcfs.scheduler_i/U1007/A (INVX8)                            0.011569  0.000000   1.827704 r
  frfcfs.scheduler_i/U1007/Y (INVX8)                            0.008102  0.025744   1.853448 f
  frfcfs.scheduler_i/select_slot[0] (net)       9     0.022216            0.000000   1.853448 f
  frfcfs.scheduler_i/select_slot[0] (mc_scheduler_frfcfs_Q_DEPTH16_ADDR_W16_AGE_LIMIT128_AGING_ENABLE0)
                                                                          0.000000   1.853448 f
  select_slot[0] (net)                                0.022216            0.000000   1.853448 f
  U1565/B (NAND3X1)                                             0.008102  0.000000   1.853448 f
  U1565/Y (NAND3X1)                                             0.045433  0.036997   1.890445 r
  n1951 (net)                                   1     0.003979            0.000000   1.890445 r
  U549/A (BUFX4)                                                0.045433  0.000000   1.890445 r
  U549/Y (BUFX4)                                                0.020050  0.026974   1.917419 r
  n460 (net)                                    7     0.011961            0.000000   1.917419 r
  U1307/A (INVX1)                                               0.020050  0.000000   1.917419 r
  U1307/Y (INVX1)                                               0.022089  0.026051   1.943471 f
  n562 (net)                                    4     0.005905            0.000000   1.943471 f
  U205/A (INVX1)                                                0.022089  0.000000   1.943471 f
  U205/Y (INVX1)                                                0.001526  0.020168   1.963639 r
  n122 (net)                                    3     0.006848            0.000000   1.963639 r
  U919/B (OR2X2)                                                0.001526  0.000000   1.963639 r
  U919/Y (OR2X2)                                                0.006926  0.041244   2.004884 r
  n1712 (net)                                   1     0.001551            0.000000   2.004884 r
  U920/A (INVX1)                                                0.006926  0.000000   2.004884 r
  U920/Y (INVX1)                                                0.014520  0.016682   2.021565 f
  n479 (net)                                    1     0.003067            0.000000   2.021565 f
  U1957/B (NOR3X1)                                              0.014520  0.000000   2.021565 f
  U1957/Y (NOR3X1)                                              0.053909  0.040425   2.061990 r
  n1724 (net)                                   1     0.002764            0.000000   2.061990 r
  U1963/B (AOI22X1)                                             0.053909  0.000000   2.061990 r
  U1963/Y (AOI22X1)                                             0.036348  0.038949   2.100939 f
  n1726 (net)                                   1     0.002673            0.000000   2.100939 f
  U398/A (INVX2)                                                0.036348  0.000000   2.100939 f
  U398/Y (INVX2)                                                0.024630  0.031910   2.132850 r
  cmd_wdata[19] (net)                           1     0.010000            0.000000   2.132850 r
  cmd_wdata[19] (out)                                           0.024630  0.000000   2.132850 r
  data arrival time                                                                  2.132850

  clock core_clk (rise edge)                                              2.000000   2.000000
  clock network delay (ideal)                                             0.000000   2.000000
  clock uncertainty                                                       -0.100000  1.900000
  output external delay                                                   -1.000000  0.900000
  data required time                                                                 0.900000
  ----------------------------------------------------------------------------------------------
  data required time                                                                 0.900000
  data arrival time                                                                  -2.132850
  ----------------------------------------------------------------------------------------------
  slack (VIOLATED)                                                                   -1.232850


  Startpoint: table_i/addresses_reg[53]
              (rising edge-triggered flip-flop clocked by core_clk)
  Endpoint: cmd_wdata[9]
            (output port clocked by core_clk)
  Path Group: core_clk
  Path Type: max

  Point                                       Fanout       Cap     Trans      Incr       Path
  ----------------------------------------------------------------------------------------------
  clock core_clk (rise edge)                                              0.000000   0.000000
  clock network delay (ideal)                                             0.000000   0.000000
  table_i/addresses_reg[53]/CLK (DFFPOSX1)                      0.000000  0.000000 # 0.000000 r
  table_i/addresses_reg[53]/Q (DFFPOSX1)                        0.023267  0.105501   0.105501 f
  table_i/n6819 (net)                           1     0.005092            0.000000   0.105501 f
  table_i/U98/A (INVX4)                                         0.023267  0.000000   0.105501 f
  table_i/U98/Y (INVX4)                                         0.009539  0.021286   0.126787 r
  table_i/n46 (net)                             1     0.010083            0.000000   0.126787 r
  table_i/U99/A (INVX8)                                         0.009539  0.000000   0.126787 r
  table_i/U99/Y (INVX8)                                         0.015101  0.030905   0.157692 f
  table_i/addresses[53] (net)                  11     0.052618            0.000000   0.157692 f
  table_i/addresses[53] (mc_transaction_table_Q_DEPTH16_ADDR_W16_DATA_W32_TAG_W8_READ_LATENCY3_AGE_LIMIT128)
                                                                          0.000000   0.157692 f
  addresses[53] (net)                                 0.052618            0.000000   0.157692 f
  candidates_i/addresses[53] (mc_candidates_Q_DEPTH16_ROW_W8_COL_W6)      0.000000   0.157692 f
  candidates_i/addresses[53] (net)                    0.052618            0.000000   0.157692 f
  candidates_i/U7077/B (XOR2X1)                                 0.015101  0.000000   0.157692 f
  candidates_i/U7077/Y (XOR2X1)                                 0.048053  0.053122   0.210814 r
  candidates_i/n8053 (net)                      2     0.003349            0.000000   0.210814 r
  candidates_i/U3340/A (AND2X2)                                 0.048053  0.000000   0.210814 r
  candidates_i/U3340/Y (AND2X2)                                 0.012332  0.035506   0.246320 r
  candidates_i/n8055 (net)                      1     0.002961            0.000000   0.246320 r
  candidates_i/U9424/C (NAND3X1)                                0.012332  0.000000   0.246320 r
  candidates_i/U9424/Y (NAND3X1)                                0.013883  0.009484   0.255804 f
  candidates_i/n8064 (net)                      1     0.001504            0.000000   0.255804 f
  candidates_i/U3339/A (BUFX2)                                  0.013883  0.000000   0.255804 f
  candidates_i/U3339/Y (BUFX2)                                  0.003630  0.034434   0.290238 f
  candidates_i/n1755 (net)                      1     0.003011            0.000000   0.290238 f
  candidates_i/U9425/A (NOR3X1)                                 0.003630  0.000000   0.290238 f
  candidates_i/U9425/Y (NOR3X1)                                 0.054208  0.049107   0.339345 r
  candidates_i/n8088 (net)                      1     0.002764            0.000000   0.339345 r
  candidates_i/U9431/B (AOI22X1)                                0.054208  0.000000   0.339345 r
  candidates_i/U9431/Y (AOI22X1)                                0.036724  0.039302   0.378647 f
  candidates_i/n8090 (net)                      1     0.002832            0.000000   0.378647 f
  candidates_i/U9432/C (NAND3X1)                                0.036724  0.000000   0.378647 f
  candidates_i/U9432/Y (NAND3X1)                                0.033787  0.034619   0.413266 r
  candidates_i/n8093 (net)                      1     0.001551            0.000000   0.413266 r
  candidates_i/U5708/A (INVX1)                                  0.033787  0.000000   0.413266 r
  candidates_i/U5708/Y (INVX1)                                  0.014549  0.025255   0.438520 f
  candidates_i/n10109 (net)                     2     0.003704            0.000000   0.438520 f
  candidates_i/U10527/A (NAND2X1)                               0.014549  0.000000   0.438520 f
  candidates_i/U10527/Y (NAND2X1)                               0.031493  0.025539   0.464059 r
  candidates_i/n10517 (net)                     1     0.001551            0.000000   0.464059 r
  candidates_i/U6433/A (INVX1)                                  0.031493  0.000000   0.464059 r
  candidates_i/U6433/Y (INVX1)                                  0.015821  0.025396   0.489455 f
  candidates_i/n10110 (net)                     2     0.004076            0.000000   0.489455 f
  candidates_i/U10528/B (NAND3X1)                               0.015821  0.000000   0.489455 f
  candidates_i/U10528/Y (NAND3X1)                               0.036429  0.033661   0.523116 r
  candidates_i/n10123 (net)                     1     0.002111            0.000000   0.523116 r
  candidates_i/U10533/A (NAND2X1)                               0.036429  0.000000   0.523116 r
  candidates_i/U10533/Y (NAND2X1)                               0.020290  0.017986   0.541102 f
  candidates_i/n10124 (net)                     1     0.002209            0.000000   0.541102 f
  candidates_i/U10534/A (NOR2X1)                                0.020290  0.000000   0.541102 f
  candidates_i/U10534/Y (NOR2X1)                                0.034923  0.035974   0.577076 r
  candidates_i/n10128 (net)                     2     0.003667            0.000000   0.577076 r
  candidates_i/U2733/A (AND2X2)                                 0.034923  0.000000   0.577076 r
  candidates_i/U2733/Y (AND2X2)                                 0.019432  0.040948   0.618024 r
  candidates_i/n1464 (net)                      3     0.006869            0.000000   0.618024 r
  candidates_i/U10536/C (NAND3X1)                               0.019432  0.000000   0.618024 r
  candidates_i/U10536/Y (NAND3X1)                               0.025033  0.017875   0.635899 f
  candidates_i/n10136 (net)                     3     0.005527            0.000000   0.635899 f
  candidates_i/U10553/B (NAND2X1)                               0.025033  0.000000   0.635899 f
  candidates_i/U10553/Y (NAND2X1)                               0.032294  0.016246   0.652145 r
  candidates_i/n10164 (net)                     1     0.001869            0.000000   0.652145 r
  candidates_i/U868/B (AND2X2)                                  0.032294  0.000000   0.652145 r
  candidates_i/U868/Y (AND2X2)                                  0.014246  0.036048   0.688193 r
  candidates_i/n11025 (net)                     2     0.004206            0.000000   0.688193 r
  candidates_i/U729/A (INVX2)                                   0.014246  0.000000   0.688193 r
  candidates_i/U729/Y (INVX2)                                   0.012060  0.027898   0.716091 f
  candidates_i/n461 (net)                       1     0.010104            0.000000   0.716091 f
  candidates_i/U728/A (INVX8)                                   0.012060  0.000000   0.716091 f
  candidates_i/U728/Y (INVX8)                                   0.005099  0.018721   0.734812 r
  candidates_i/n10375 (net)                     7     0.021486            0.000000   0.734812 r
  candidates_i/U1860/A (INVX4)                                  0.005099  0.000000   0.734812 r
  candidates_i/U1860/Y (INVX4)                                  0.003793  0.024694   0.759506 f
  candidates_i/n1233 (net)                      3     0.007577            0.000000   0.759506 f
  candidates_i/U10725/B (OAI21X1)                               0.003793  0.000000   0.759506 f
  candidates_i/U10725/Y (OAI21X1)                               0.042812  0.038881   0.798387 r
  candidates_i/n10307 (net)                     1     0.002386            0.000000   0.798387 r
  candidates_i/U10726/C (AOI21X1)                               0.042812  0.000000   0.798387 r
  candidates_i/U10726/Y (AOI21X1)                               0.017629  0.022489   0.820876 f
  candidates_i/n10308 (net)                     1     0.002832            0.000000   0.820876 f
  candidates_i/U10727/C (NAND3X1)                               0.017629  0.000000   0.820876 f
  candidates_i/U10727/Y (NAND3X1)                               0.033766  0.029753   0.850629 r
  candidates_i/n10311 (net)                     1     0.001551            0.000000   0.850629 r
  candidates_i/U1851/A (INVX1)                                  0.033766  0.000000   0.850629 r
  candidates_i/U1851/Y (INVX1)                                  0.013700  0.024667   0.875296 f
  candidates_i/n10453 (net)                     2     0.003420            0.000000   0.875296 f
  candidates_i/U10728/B (NAND2X1)                               0.013700  0.000000   0.875296 f
  candidates_i/U10728/Y (NAND2X1)                               0.040012  0.017171   0.892467 r
  candidates_i/n10403 (net)                     2     0.003337            0.000000   0.892467 r
  candidates_i/U1604/A (AND2X2)                                 0.040012  0.000000   0.892467 r
  candidates_i/U1604/Y (AND2X2)                                 0.014092  0.037751   0.930218 r
  candidates_i/n10407 (net)                     3     0.004653            0.000000   0.930218 r
  candidates_i/U1606/A (INVX1)                                  0.014092  0.000000   0.930218 r
  candidates_i/U1606/Y (INVX1)                                  0.012720  0.017729   0.947947 f
  candidates_i/n836 (net)                       1     0.002632            0.000000   0.947947 f
  candidates_i/U10801/B (OAI21X1)                               0.012720  0.000000   0.947947 f
  candidates_i/U10801/Y (OAI21X1)                               0.043049  0.040865   0.988812 r
  candidates_i/n10408 (net)                     1     0.002386            0.000000   0.988812 r
  candidates_i/U10802/C (AOI21X1)                               0.043049  0.000000   0.988812 r
  candidates_i/U10802/Y (AOI21X1)                               0.016526  0.020733   1.009545 f
  candidates_i/n10411 (net)                     1     0.001944            0.000000   1.009545 f
  candidates_i/U10803/B (NAND2X1)                               0.016526  0.000000   1.009545 f
  candidates_i/U10803/Y (NAND2X1)                               0.031360  0.012486   1.022031 r
  candidates_i/candidate_slots[8] (net)         1     0.001551            0.000000   1.022031 r
  candidates_i/candidate_slots[8] (mc_candidates_Q_DEPTH16_ROW_W8_COL_W6) 0.000000   1.022031 r
  candidate_slots[8] (net)                            0.001551            0.000000   1.022031 r
  U1247/A (INVX1)                                               0.031360  0.000000   1.022031 r
  U1247/Y (INVX1)                                               0.008047  0.020032   1.042063 f
  n501 (net)                                    1     0.001476            0.000000   1.042063 f
  U105/A (INVX1)                                                0.008047  0.000000   1.042063 f
  U105/Y (INVX1)                                                0.006841  0.019928   1.061991 r
  n502 (net)                                    4     0.008305            0.000000   1.061991 r
  frfcfs.scheduler_i/candidate_slots[8] (mc_scheduler_frfcfs_Q_DEPTH16_ADDR_W16_AGE_LIMIT128_AGING_ENABLE0)
                                                                          0.000000   1.061991 r
  frfcfs.scheduler_i/N592 (net)                       0.008305            0.000000   1.061991 r
  frfcfs.scheduler_i/U955/A (AOI22X1)                           0.006841  0.000000   1.061991 r
  frfcfs.scheduler_i/U955/Y (AOI22X1)                           0.034673  0.031704   1.093695 f
  frfcfs.scheduler_i/n766 (net)                 1     0.001944            0.000000   1.093695 f
  frfcfs.scheduler_i/U753/B (NAND2X1)                           0.034673  0.000000   1.093695 f
  frfcfs.scheduler_i/U753/Y (NAND2X1)                           0.036819  0.022804   1.116499 r
  frfcfs.scheduler_i/n765 (net)                 1     0.002961            0.000000   1.116499 r
  frfcfs.scheduler_i/U954/C (NAND3X1)                           0.036819  0.000000   1.116499 r
  frfcfs.scheduler_i/U954/Y (NAND3X1)                           0.016240  0.016554   1.133053 f
  frfcfs.scheduler_i/n762 (net)                 1     0.002312            0.000000   1.133053 f
  frfcfs.scheduler_i/U953/C (AOI21X1)                           0.016240  0.000000   1.133053 f
  frfcfs.scheduler_i/U953/Y (AOI21X1)                           0.033867  0.024036   1.157089 r
  frfcfs.scheduler_i/N1463 (net)                2     0.003667            0.000000   1.157089 r
  frfcfs.scheduler_i/U675/B (AND2X2)                            0.033867  0.000000   1.157089 r
  frfcfs.scheduler_i/U675/Y (AND2X2)                            0.013096  0.035298   1.192387 r
  frfcfs.scheduler_i/n587 (net)                 2     0.003667            0.000000   1.192387 r
  frfcfs.scheduler_i/U488/B (AND2X2)                            0.013096  0.000000   1.192387 r
  frfcfs.scheduler_i/U488/Y (AND2X2)                            0.010693  0.033428   1.225815 r
  frfcfs.scheduler_i/n949 (net)                 2     0.003102            0.000000   1.225815 r
  frfcfs.scheduler_i/U489/A (INVX1)                             0.010693  0.000000   1.225815 r
  frfcfs.scheduler_i/U489/Y (INVX1)                             0.018556  0.020653   1.246468 f
  frfcfs.scheduler_i/n430 (net)                 2     0.004506            0.000000   1.246468 f
  frfcfs.scheduler_i/U1086/B (NOR2X1)                           0.018556  0.000000   1.246468 f
  frfcfs.scheduler_i/U1086/Y (NOR2X1)                           0.027314  0.030747   1.277216 r
  frfcfs.scheduler_i/n911 (net)                 1     0.002386            0.000000   1.277216 r
  frfcfs.scheduler_i/U1087/C (AOI21X1)                          0.027314  0.000000   1.277216 r
  frfcfs.scheduler_i/U1087/Y (AOI21X1)                          0.018232  0.017886   1.295101 f
  frfcfs.scheduler_i/n1004 (net)                1     0.002832            0.000000   1.295101 f
  frfcfs.scheduler_i/U1089/C (NAND3X1)                          0.018232  0.000000   1.295101 f
  frfcfs.scheduler_i/U1089/Y (NAND3X1)                          0.042977  0.036101   1.331203 r
  frfcfs.scheduler_i/n912 (net)                 2     0.003566            0.000000   1.331203 r
  frfcfs.scheduler_i/U1090/B (NAND2X1)                          0.042977  0.000000   1.331203 r
  frfcfs.scheduler_i/U1090/Y (NAND2X1)                          0.018531  0.021958   1.353161 f
  frfcfs.scheduler_i/n920 (net)                 1     0.001884            0.000000   1.353161 f
  frfcfs.scheduler_i/U1100/A (NAND2X1)                          0.018531  0.000000   1.353161 f
  frfcfs.scheduler_i/U1100/Y (NAND2X1)                          0.035021  0.029321   1.382482 r
  frfcfs.scheduler_i/n934 (net)                 1     0.002365            0.000000   1.382482 r
  frfcfs.scheduler_i/U1117/B (NOR2X1)                           0.035021  0.000000   1.382482 r
  frfcfs.scheduler_i/U1117/Y (NOR2X1)                           0.006714  0.021660   1.404142 f
  frfcfs.scheduler_i/n995 (net)                 2     0.003583            0.000000   1.404142 f
  frfcfs.scheduler_i/U783/B (AND2X2)                            0.006714  0.000000   1.404142 f
  frfcfs.scheduler_i/U783/Y (AND2X2)                            0.003765  0.041724   1.445866 f
  frfcfs.scheduler_i/n681 (net)                 4     0.007537            0.000000   1.445866 f
  frfcfs.scheduler_i/U1199/A (NAND2X1)                          0.003765  0.000000   1.445866 f
  frfcfs.scheduler_i/U1199/Y (NAND2X1)                          0.051456  0.034724   1.480590 r
  frfcfs.scheduler_i/n1048 (net)                3     0.005606            0.000000   1.480590 r
  frfcfs.scheduler_i/U721/A (INVX1)                             0.051456  0.000000   1.480590 r
  frfcfs.scheduler_i/U721/Y (INVX1)                             0.011059  0.028493   1.509083 f
  frfcfs.scheduler_i/n631 (net)                 2     0.002952            0.000000   1.509083 f
  frfcfs.scheduler_i/U618/A (INVX1)                             0.011059  0.000000   1.509083 f
  frfcfs.scheduler_i/U618/Y (INVX1)                             0.000000  0.000638   1.509721 r
  frfcfs.scheduler_i/n536 (net)                 1     0.002027            0.000000   1.509721 r
  frfcfs.scheduler_i/U604/B (NAND2X1)                           0.000000  0.000000   1.509721 r
  frfcfs.scheduler_i/U604/Y (NAND2X1)                           0.027358  0.015685   1.525407 f
  frfcfs.scheduler_i/n524 (net)                 2     0.003707            0.000000   1.525407 f
  frfcfs.scheduler_i/U678/A (AND2X2)                            0.027358  0.000000   1.525407 f
  frfcfs.scheduler_i/U678/Y (AND2X2)                            0.005501  0.040817   1.566224 f
  frfcfs.scheduler_i/n590 (net)                 2     0.005452            0.000000   1.566224 f
  frfcfs.scheduler_i/U1425/B (AOI22X1)                          0.005501  0.000000   1.566224 f
  frfcfs.scheduler_i/U1425/Y (AOI22X1)                          0.043011  0.036749   1.602973 r
  frfcfs.scheduler_i/n1321 (net)                1     0.001869            0.000000   1.602973 r
  frfcfs.scheduler_i/U1427/B (AND2X2)                           0.043011  0.000000   1.602973 r
  frfcfs.scheduler_i/U1427/Y (AND2X2)                           0.011973  0.034657   1.637630 r
  frfcfs.scheduler_i/n1322 (net)                1     0.002961            0.000000   1.637630 r
  frfcfs.scheduler_i/U1428/C (NAND3X1)                          0.011973  0.000000   1.637630 r
  frfcfs.scheduler_i/U1428/Y (NAND3X1)                          0.019452  0.013273   1.650903 f
  frfcfs.scheduler_i/n1363 (net)                2     0.003818            0.000000   1.650903 f
  frfcfs.scheduler_i/U849/B (OR2X2)                             0.019452  0.000000   1.650903 f
  frfcfs.scheduler_i/U849/Y (OR2X2)                             0.010166  0.050168   1.701071 f
  frfcfs.scheduler_i/n1419 (net)                2     0.004308            0.000000   1.701071 f
  frfcfs.scheduler_i/U1448/C (NAND3X1)                          0.010166  0.000000   1.701071 f
  frfcfs.scheduler_i/U1448/Y (NAND3X1)                          0.040654  0.032179   1.733250 r
  frfcfs.scheduler_i/n1350 (net)                1     0.002961            0.000000   1.733250 r
  frfcfs.scheduler_i/U1449/C (NAND3X1)                          0.040654  0.000000   1.733250 r
  frfcfs.scheduler_i/U1449/Y (NAND3X1)                          0.017264  0.018319   1.751569 f
  frfcfs.scheduler_i/n1352 (net)                1     0.002832            0.000000   1.751569 f
  frfcfs.scheduler_i/U1450/C (NAND3X1)                          0.017264  0.000000   1.751569 f
  frfcfs.scheduler_i/U1450/Y (NAND3X1)                          0.035884  0.031070   1.782639 r
  frfcfs.scheduler_i/n1354 (net)                1     0.002010            0.000000   1.782639 r
  frfcfs.scheduler_i/U1451/C (OAI21X1)                          0.035884  0.000000   1.782639 r
  frfcfs.scheduler_i/U1451/Y (OAI21X1)                          0.007071  0.021211   1.803850 f
  frfcfs.scheduler_i/n1517 (net)                1     0.002673            0.000000   1.803850 f
  frfcfs.scheduler_i/U725/A (INVX2)                             0.007071  0.000000   1.803850 f
  frfcfs.scheduler_i/U725/Y (INVX2)                             0.011569  0.023854   1.827704 r
  frfcfs.scheduler_i/n817 (net)                 1     0.010083            0.000000   1.827704 r
  frfcfs.scheduler_i/U1007/A (INVX8)                            0.011569  0.000000   1.827704 r
  frfcfs.scheduler_i/U1007/Y (INVX8)                            0.008102  0.025744   1.853448 f
  frfcfs.scheduler_i/select_slot[0] (net)       9     0.022216            0.000000   1.853448 f
  frfcfs.scheduler_i/select_slot[0] (mc_scheduler_frfcfs_Q_DEPTH16_ADDR_W16_AGE_LIMIT128_AGING_ENABLE0)
                                                                          0.000000   1.853448 f
  select_slot[0] (net)                                0.022216            0.000000   1.853448 f
  U1565/B (NAND3X1)                                             0.008102  0.000000   1.853448 f
  U1565/Y (NAND3X1)                                             0.045433  0.036997   1.890445 r
  n1951 (net)                                   1     0.003979            0.000000   1.890445 r
  U549/A (BUFX4)                                                0.045433  0.000000   1.890445 r
  U549/Y (BUFX4)                                                0.020050  0.026974   1.917419 r
  n460 (net)                                    7     0.011961            0.000000   1.917419 r
  U131/A (INVX1)                                                0.020050  0.000000   1.917419 r
  U131/Y (INVX1)                                                0.022089  0.026051   1.943471 f
  n83 (net)                                     4     0.005905            0.000000   1.943471 f
  U1319/A (INVX1)                                               0.022089  0.000000   1.943471 f
  U1319/Y (INVX1)                                               0.001526  0.020168   1.963639 r
  n575 (net)                                    3     0.006848            0.000000   1.963639 r
  U885/B (OR2X2)                                                0.001526  0.000000   1.963639 r
  U885/Y (OR2X2)                                                0.006926  0.041244   2.004884 r
  n1511 (net)                                   1     0.001551            0.000000   2.004884 r
  U886/A (INVX1)                                                0.006926  0.000000   2.004884 r
  U886/Y (INVX1)                                                0.014520  0.016682   2.021565 f
  n462 (net)                                    1     0.003067            0.000000   2.021565 f
  U1850/B (NOR3X1)                                              0.014520  0.000000   2.021565 f
  U1850/Y (NOR3X1)                                              0.053909  0.040425   2.061990 r
  n1523 (net)                                   1     0.002764            0.000000   2.061990 r
  U1857/B (AOI22X1)                                             0.053909  0.000000   2.061990 r
  U1857/Y (AOI22X1)                                             0.036348  0.038949   2.100939 f
  n1525 (net)                                   1     0.002673            0.000000   2.100939 f
  U34/A (INVX2)                                                 0.036348  0.000000   2.100939 f
  U34/Y (INVX2)                                                 0.024630  0.031910   2.132850 r
  cmd_wdata[9] (net)                            1     0.010000            0.000000   2.132850 r
  cmd_wdata[9] (out)                                            0.024630  0.000000   2.132850 r
  data arrival time                                                                  2.132850

  clock core_clk (rise edge)                                              2.000000   2.000000
  clock network delay (ideal)                                             0.000000   2.000000
  clock uncertainty                                                       -0.100000  1.900000
  output external delay                                                   -1.000000  0.900000
  data required time                                                                 0.900000
  ----------------------------------------------------------------------------------------------
  data required time                                                                 0.900000
  data arrival time                                                                  -2.132850
  ----------------------------------------------------------------------------------------------
  slack (VIOLATED)                                                                   -1.232850


1
