 
****************************************
Report : timing
        -path full
        -delay max
        -input_pins
        -nets
        -max_paths 10
        -transition_time
        -capacitance
Design : mc_top_Q_DEPTH16_SCHED_POLICY1_AGING_ENABLE1
Version: R-2020.09-SP4
Date   : Tue Sep 22 18:09:58 2026
****************************************

 # A fanout number of 1000 was used for high fanout net computations.

Operating Conditions: typical   Library: gscl45nm
Wire Load Model Mode: top

  Startpoint: table_i/addresses_reg[80]
              (rising edge-triggered flip-flop clocked by core_clk)
  Endpoint: cmd_wdata[9]
            (output port clocked by core_clk)
  Path Group: core_clk
  Path Type: max

  Point                                       Fanout       Cap     Trans      Incr       Path
  ----------------------------------------------------------------------------------------------
  clock core_clk (rise edge)                                              0.000000   0.000000
  clock network delay (ideal)                                             0.000000   0.000000
  table_i/addresses_reg[80]/CLK (DFFPOSX1)                      0.000000  0.000000 # 0.000000 r
  table_i/addresses_reg[80]/Q (DFFPOSX1)                        0.041902  0.119515   0.119515 f
  table_i/addresses[80] (net)                  10     0.019067            0.000000   0.119515 f
  table_i/addresses[80] (mc_transaction_table_Q_DEPTH16_ADDR_W16_DATA_W32_TAG_W8_READ_LATENCY3_AGE_LIMIT128)
                                                                          0.000000   0.119515 f
  addresses[80] (net)                                 0.019067            0.000000   0.119515 f
  candidates_i/addresses[80] (mc_candidates_Q_DEPTH16_ROW_W8_COL_W6)      0.000000   0.119515 f
  candidates_i/N1286 (net)                            0.019067            0.000000   0.119515 f
  candidates_i/U4228/A (INVX1)                                  0.041902  0.000000   0.119515 f
  candidates_i/U4228/Y (INVX1)                                  0.000000  0.015062   0.134577 r
  candidates_i/n1392 (net)                      2     0.003102            0.000000   0.134577 r
  candidates_i/U4048/A (INVX1)                                  0.000000  0.000000   0.134577 r
  candidates_i/U4048/Y (INVX1)                                  0.044758  0.035269   0.169846 f
  candidates_i/n1390 (net)                      6     0.013033            0.000000   0.169846 f
  candidates_i/U3360/A (INVX1)                                  0.044758  0.000000   0.169846 f
  candidates_i/U3360/Y (INVX1)                                  0.147971  0.119325   0.289170 r
  candidates_i/n1394 (net)                     15     0.035035            0.000000   0.289170 r
  candidates_i/U3780/A (OR2X1)                                  0.147971  0.000000   0.289170 r
  candidates_i/U3780/Y (OR2X1)                                  0.014368  0.041603   0.330773 r
  candidates_i/n7639 (net)                      1     0.002655            0.000000   0.330773 r
  candidates_i/U412/A (INVX2)                                   0.014368  0.000000   0.330773 r
  candidates_i/U412/Y (INVX2)                                   0.055978  0.057379   0.388152 f
  candidates_i/n1227 (net)                     17     0.048037            0.000000   0.388152 f
  candidates_i/U8126/D (AOI22X1)                                0.055978  0.000000   0.388152 f
  candidates_i/U8126/Y (AOI22X1)                                0.040566  0.037480   0.425631 r
  candidates_i/n7623 (net)                      1     0.001539            0.000000   0.425631 r
  candidates_i/U2457/A (BUFX2)                                  0.040566  0.000000   0.425631 r
  candidates_i/U2457/Y (BUFX2)                                  0.010382  0.035535   0.461167 r
  candidates_i/n384 (net)                       1     0.002343            0.000000   0.461167 r
  candidates_i/U87/B (AND2X1)                                   0.010382  0.000000   0.461167 r
  candidates_i/U87/Y (AND2X1)                                   0.029908  0.040580   0.501746 r
  candidates_i/N1821 (net)                      1     0.001551            0.000000   0.501746 r
  candidates_i/U2455/A (INVX1)                                  0.029908  0.000000   0.501746 r
  candidates_i/U2455/Y (INVX1)                                  0.016060  0.025054   0.526801 f
  candidates_i/n382 (net)                       2     0.004119            0.000000   0.526801 f
  candidates_i/U111/B (OR2X1)                                   0.016060  0.000000   0.526801 f
  candidates_i/U111/Y (OR2X1)                                   0.017085  0.052343   0.579144 f
  candidates_i/n7233 (net)                      2     0.003829            0.000000   0.579144 f
  candidates_i/U7902/A (NAND2X1)                                0.017085  0.000000   0.579144 f
  candidates_i/U7902/Y (NAND2X1)                                0.038162  0.030105   0.609248 r
  candidates_i/n7237 (net)                      1     0.002764            0.000000   0.609248 r
  candidates_i/U7905/B (AOI22X1)                                0.038162  0.000000   0.609248 r
  candidates_i/U7905/Y (AOI22X1)                                0.036814  0.035230   0.644478 f
  candidates_i/n7239 (net)                      1     0.002832            0.000000   0.644478 f
  candidates_i/U7906/C (NAND3X1)                                0.036814  0.000000   0.644478 f
  candidates_i/U7906/Y (NAND3X1)                                0.040351  0.039174   0.683653 r
  candidates_i/n7248 (net)                      1     0.003021            0.000000   0.683653 r
  candidates_i/U7911/A (NOR3X1)                                 0.040351  0.000000   0.683653 r
  candidates_i/U7911/Y (NOR3X1)                                 0.025621  0.040915   0.724568 f
  candidates_i/N1829 (net)                      1     0.001827            0.000000   0.724568 f
  candidates_i/U392/B (AND2X1)                                  0.025621  0.000000   0.724568 f
  candidates_i/U392/Y (AND2X1)                                  0.056481  0.074783   0.799351 f
  candidates_i/hit[5] (net)                     7     0.016597            0.000000   0.799351 f
  candidates_i/U1876/A (NAND3X1)                                0.056481  0.000000   0.799351 f
  candidates_i/U1876/Y (NAND3X1)                                0.032736  0.049640   0.848991 r
  candidates_i/n2941 (net)                      1     0.001869            0.000000   0.848991 r
  candidates_i/U395/B (AND2X2)                                  0.032736  0.000000   0.848991 r
  candidates_i/U395/Y (AND2X2)                                  0.011421  0.034161   0.883152 r
  candidates_i/n2939 (net)                      1     0.002961            0.000000   0.883152 r
  candidates_i/U1875/C (NAND3X1)                                0.011421  0.000000   0.883152 r
  candidates_i/U1875/Y (NAND3X1)                                0.017939  0.011793   0.894945 f
  candidates_i/n2817 (net)                      1     0.003011            0.000000   0.894945 f
  candidates_i/U1748/A (NOR3X1)                                 0.017939  0.000000   0.894945 f
  candidates_i/U1748/Y (NOR3X1)                                 0.050920  0.049695   0.944639 r
  candidates_i/n2816 (net)                      1     0.002343            0.000000   0.944639 r
  candidates_i/U3808/B (AND2X1)                                 0.050920  0.000000   0.944639 r
  candidates_i/U3808/Y (AND2X1)                                 0.025498  0.037568   0.982207 r
  candidates_i/n1242 (net)                      1     0.001551            0.000000   0.982207 r
  candidates_i/U86/A (INVX1)                                    0.025498  0.000000   0.982207 r
  candidates_i/U86/Y (INVX1)                                    0.097130  0.079190   1.061397 f
  candidates_i/n2789 (net)                     16     0.031107            0.000000   1.061397 f
  candidates_i/U1735/B (NAND2X1)                                0.097130  0.000000   1.061397 f
  candidates_i/U1735/Y (NAND2X1)                                0.032408  0.041784   1.103181 r
  candidates_i/n2809 (net)                      1     0.002548            0.000000   1.103181 r
  candidates_i/U1734/A (NAND3X1)                                0.032408  0.000000   1.103181 r
  candidates_i/U1734/Y (NAND3X1)                                0.010647  0.019548   1.122729 f
  candidates_i/n2808 (net)                      1     0.001476            0.000000   1.122729 f
  candidates_i/U3909/A (INVX1)                                  0.010647  0.000000   1.122729 f
  candidates_i/U3909/Y (INVX1)                                  0.208389  0.148141   1.270870 r
  candidates_i/n7399 (net)                     17     0.047560            0.000000   1.270870 r
  candidates_i/U1644/C (AOI22X1)                                0.208389  0.000000   1.270870 r
  candidates_i/U1644/Y (AOI22X1)                                0.034091  0.061846   1.332716 f
  candidates_i/n2714 (net)                      1     0.001763            0.000000   1.332716 f
  candidates_i/U375/A (AND2X2)                                  0.034091  0.000000   1.332716 f
  candidates_i/U375/Y (AND2X2)                                  0.004683  0.039695   1.372411 f
  candidates_i/n2713 (net)                      1     0.002832            0.000000   1.372411 f
  candidates_i/U1642/C (NAND3X1)                                0.004683  0.000000   1.372411 f
  candidates_i/U1642/Y (NAND3X1)                                0.037240  0.028726   1.401137 r
  candidates_i/n2703 (net)                      1     0.002292            0.000000   1.401137 r
  candidates_i/U373/A (OR2X2)                                   0.037240  0.000000   1.401137 r
  candidates_i/U373/Y (OR2X2)                                   0.017298  0.043922   1.445059 r
  candidates_i/n2054 (net)                      2     0.004842            0.000000   1.445059 r
  candidates_i/U1625/B (NAND3X1)                                0.017298  0.000000   1.445059 r
  candidates_i/U1625/Y (NAND3X1)                                0.016156  0.014692   1.459751 f
  candidates_i/n2690 (net)                      1     0.001924            0.000000   1.459751 f
  candidates_i/U1624/C (OAI21X1)                                0.016156  0.000000   1.459751 f
  candidates_i/U1624/Y (OAI21X1)                                0.045607  0.022346   1.482097 r
  candidates_i/n2663 (net)                      1     0.002817            0.000000   1.482097 r
  candidates_i/U1601/A (AOI22X1)                                0.045607  0.000000   1.482097 r
  candidates_i/U1601/Y (AOI22X1)                                0.035654  0.040046   1.522143 f
  candidates_i/n2662 (net)                      1     0.002312            0.000000   1.522143 f
  candidates_i/U1600/C (AOI21X1)                                0.035654  0.000000   1.522143 f
  candidates_i/U1600/Y (AOI21X1)                                0.027785  0.025672   1.547815 r
  candidates_i/n2661 (net)                      1     0.002386            0.000000   1.547815 r
  candidates_i/U1599/C (AOI21X1)                                0.027785  0.000000   1.547815 r
  candidates_i/U1599/Y (AOI21X1)                                0.015014  0.017616   1.565430 f
  candidates_i/n2646 (net)                      1     0.002632            0.000000   1.565430 f
  candidates_i/U1587/B (OAI21X1)                                0.015014  0.000000   1.565430 f
  candidates_i/U1587/Y (OAI21X1)                                0.041918  0.040493   1.605923 r
  candidates_i/n2631 (net)                      1     0.002111            0.000000   1.605923 r
  candidates_i/U1575/A (NAND2X1)                                0.041918  0.000000   1.605923 r
  candidates_i/U1575/Y (NAND2X1)                                0.020639  0.018692   1.624615 f
  candidates_i/n2630 (net)                      1     0.001944            0.000000   1.624615 f
  candidates_i/U1574/B (NAND2X1)                                0.020639  0.000000   1.624615 f
  candidates_i/U1574/Y (NAND2X1)                                0.036723  0.017556   1.642171 r
  candidates_i/n2601 (net)                      1     0.002741            0.000000   1.642171 r
  candidates_i/U1550/A (AOI21X1)                                0.036723  0.000000   1.642171 r
  candidates_i/U1550/Y (AOI21X1)                                0.017841  0.022767   1.664938 f
  candidates_i/n2586 (net)                      1     0.002632            0.000000   1.664938 f
  candidates_i/U1538/B (OAI21X1)                                0.017841  0.000000   1.664938 f
  candidates_i/U1538/Y (OAI21X1)                                0.088538  0.073061   1.737999 r
  candidates_i/candidate_slots[0] (net)         6     0.012093            0.000000   1.737999 r
  candidates_i/candidate_slots[0] (mc_candidates_Q_DEPTH16_ROW_W8_COL_W6) 0.000000   1.737999 r
  candidate_slots[0] (net)                            0.012093            0.000000   1.737999 r
  frfcfs.scheduler_i/candidate_slots[0] (mc_scheduler_frfcfs_Q_DEPTH16_ADDR_W16_AGE_LIMIT128_AGING_ENABLE1)
                                                                          0.000000   1.737999 r
  frfcfs.scheduler_i/N608 (net)                       0.012093            0.000000   1.737999 r
  frfcfs.scheduler_i/U1140/A (INVX1)                            0.088538  0.000000   1.737999 r
  frfcfs.scheduler_i/U1140/Y (INVX1)                            0.021661  0.047484   1.785483 f
  frfcfs.scheduler_i/n448 (net)                 4     0.007338            0.000000   1.785483 f
  frfcfs.scheduler_i/U1095/A (AND2X1)                           0.021661  0.000000   1.785483 f
  frfcfs.scheduler_i/U1095/Y (AND2X1)                           0.013877  0.032235   1.817717 f
  frfcfs.scheduler_i/n1400 (net)                1     0.001476            0.000000   1.817717 f
  frfcfs.scheduler_i/U152/A (INVX1)                             0.013877  0.000000   1.817717 f
  frfcfs.scheduler_i/U152/Y (INVX1)                             0.119699  0.092897   1.910614 r
  frfcfs.scheduler_i/n209 (net)                12     0.030178            0.000000   1.910614 r
  frfcfs.scheduler_i/U62/B (OR2X1)                              0.119699  0.000000   1.910614 r
  frfcfs.scheduler_i/U62/Y (OR2X1)                              0.016183  0.052657   1.963272 r
  frfcfs.scheduler_i/n1363 (net)                1     0.001551            0.000000   1.963272 r
  frfcfs.scheduler_i/U872/A (INVX1)                             0.016183  0.000000   1.963272 r
  frfcfs.scheduler_i/U872/Y (INVX1)                             0.013872  0.019186   1.982458 f
  frfcfs.scheduler_i/n85 (net)                  1     0.003067            0.000000   1.982458 f
  frfcfs.scheduler_i/U1524/B (NOR3X1)                           0.013872  0.000000   1.982458 f
  frfcfs.scheduler_i/U1524/Y (NOR3X1)                           0.053574  0.040192   2.022650 r
  frfcfs.scheduler_i/n1370 (net)                1     0.002744            0.000000   2.022650 r
  frfcfs.scheduler_i/U1529/B (MUX2X1)                           0.053574  0.000000   2.022650 r
  frfcfs.scheduler_i/U1529/Y (MUX2X1)                           0.014471  0.029664   2.052314 f
  frfcfs.scheduler_i/n1382 (net)                1     0.002569            0.000000   2.052314 f
  frfcfs.scheduler_i/U1537/B (MUX2X1)                           0.014471  0.000000   2.052314 f
  frfcfs.scheduler_i/U1537/Y (MUX2X1)                           0.057030  0.057802   2.110115 r
  frfcfs.scheduler_i/N1469 (net)                1     0.005589            0.000000   2.110115 r
  frfcfs.scheduler_i/U549/B (XNOR2X1)                           0.057030  0.000000   2.110115 r
  frfcfs.scheduler_i/U549/Y (XNOR2X1)                           0.037442  0.052832   2.162947 r
  frfcfs.scheduler_i/n1083 (net)                1     0.002010            0.000000   2.162947 r
  frfcfs.scheduler_i/U548/C (OAI21X1)                           0.037442  0.000000   2.162947 r
  frfcfs.scheduler_i/U548/Y (OAI21X1)                           0.011625  0.020510   2.183457 f
  frfcfs.scheduler_i/n1082 (net)                1     0.001944            0.000000   2.183457 f
  frfcfs.scheduler_i/U547/B (NAND2X1)                           0.011625  0.000000   2.183457 f
  frfcfs.scheduler_i/U547/Y (NAND2X1)                           0.033200  0.011895   2.195351 r
  frfcfs.scheduler_i/n1081 (net)                1     0.001869            0.000000   2.195351 r
  frfcfs.scheduler_i/U471/B (AND2X2)                            0.033200  0.000000   2.195351 r
  frfcfs.scheduler_i/U471/Y (AND2X2)                            0.009312  0.032752   2.228103 r
  frfcfs.scheduler_i/n14 (net)                  1     0.002027            0.000000   2.228103 r
  frfcfs.scheduler_i/U617/B (NAND2X1)                           0.009312  0.000000   2.228103 r
  frfcfs.scheduler_i/U617/Y (NAND2X1)                           0.026649  0.017902   2.246006 f
  frfcfs.scheduler_i/n1043 (net)                2     0.003805            0.000000   2.246006 f
  frfcfs.scheduler_i/U1073/A (OR2X2)                            0.026649  0.000000   2.246006 f
  frfcfs.scheduler_i/U1073/Y (OR2X2)                            0.006645  0.039589   2.285594 f
  frfcfs.scheduler_i/n1036 (net)                1     0.001476            0.000000   2.285594 f
  frfcfs.scheduler_i/U1074/A (INVX1)                            0.006645  0.000000   2.285594 f
  frfcfs.scheduler_i/U1074/Y (INVX1)                            0.000000  0.007527   2.293122 r
  frfcfs.scheduler_i/n195 (net)                 2     0.004634            0.000000   2.293122 r
  frfcfs.scheduler_i/U189/B (AND2X1)                            0.000000  0.000000   2.293122 r
  frfcfs.scheduler_i/U189/Y (AND2X1)                            0.078571  0.071970   2.365092 r
  frfcfs.scheduler_i/n1004 (net)                4     0.011511            0.000000   2.365092 r
  frfcfs.scheduler_i/U468/C (AOI22X1)                           0.078571  0.000000   2.365092 r
  frfcfs.scheduler_i/U468/Y (AOI22X1)                           0.034509  0.032115   2.397207 f
  frfcfs.scheduler_i/n1001 (net)                1     0.001820            0.000000   2.397207 f
  frfcfs.scheduler_i/U560/B (AND2X2)                            0.034509  0.000000   2.397207 f
  frfcfs.scheduler_i/U560/Y (AND2X2)                            0.002831  0.042920   2.440128 f
  frfcfs.scheduler_i/n952 (net)                 1     0.001476            0.000000   2.440128 f
  frfcfs.scheduler_i/U561/A (INVX1)                             0.002831  0.000000   2.440128 f
  frfcfs.scheduler_i/U561/Y (INVX1)                             0.000000  0.007091   2.447219 r
  frfcfs.scheduler_i/n23 (net)                  2     0.004916            0.000000   2.447219 r
  frfcfs.scheduler_i/U466/D (AOI22X1)                           0.000000  0.000000   2.447219 r
  frfcfs.scheduler_i/U466/Y (AOI22X1)                           0.034631  0.011711   2.458930 f
  frfcfs.scheduler_i/n999 (net)                 1     0.001820            0.000000   2.458930 f
  frfcfs.scheduler_i/U59/B (AND2X2)                             0.034631  0.000000   2.458930 f
  frfcfs.scheduler_i/U59/Y (AND2X2)                             0.004806  0.044409   2.503338 f
  frfcfs.scheduler_i/n997 (net)                 1     0.002832            0.000000   2.503338 f
  frfcfs.scheduler_i/U465/C (NAND3X1)                           0.004806  0.000000   2.503338 f
  frfcfs.scheduler_i/U465/Y (NAND3X1)                           0.036583  0.028728   2.532067 r
  frfcfs.scheduler_i/n994 (net)                 1     0.002283            0.000000   2.532067 r
  frfcfs.scheduler_i/U494/B (OR2X2)                             0.036583  0.000000   2.532067 r
  frfcfs.scheduler_i/U494/Y (OR2X2)                             0.028943  0.058529   2.590596 r
  frfcfs.scheduler_i/n229 (net)                 1     0.010083            0.000000   2.590596 r
  frfcfs.scheduler_i/U9/A (INVX8)                               0.028943  0.000000   2.590596 r
  frfcfs.scheduler_i/U9/Y (INVX8)                               0.019673  0.029316   2.619911 f
  frfcfs.scheduler_i/n950 (net)                16     0.041161            0.000000   2.619911 f
  frfcfs.scheduler_i/U445/A (OAI21X1)                           0.019673  0.000000   2.619911 f
  frfcfs.scheduler_i/U445/Y (OAI21X1)                           0.049699  0.049635   2.669547 r
  frfcfs.scheduler_i/n921 (net)                 2     0.003937            0.000000   2.669547 r
  frfcfs.scheduler_i/U1127/A (INVX1)                            0.049699  0.000000   2.669547 r
  frfcfs.scheduler_i/U1127/Y (INVX1)                            0.122148  0.103763   2.773310 f
  frfcfs.scheduler_i/n428 (net)                15     0.039953            0.000000   2.773310 f
  frfcfs.scheduler_i/U297/C (AOI22X1)                           0.122148  0.000000   2.773310 f
  frfcfs.scheduler_i/U297/Y (AOI22X1)                           0.046733  0.064869   2.838179 r
  frfcfs.scheduler_i/n770 (net)                 1     0.002832            0.000000   2.838179 r
  frfcfs.scheduler_i/U294/B (NAND3X1)                           0.046733  0.000000   2.838179 r
  frfcfs.scheduler_i/U294/Y (NAND3X1)                           0.016065  0.022133   2.860312 f
  frfcfs.scheduler_i/n768 (net)                 1     0.002342            0.000000   2.860312 f
  frfcfs.scheduler_i/U233/B (OR2X2)                             0.016065  0.000000   2.860312 f
  frfcfs.scheduler_i/U233/Y (OR2X2)                             0.004792  0.046462   2.906774 f
  frfcfs.scheduler_i/n7 (net)                   1     0.001476            0.000000   2.906774 f
  frfcfs.scheduler_i/U747/A (INVX1)                             0.004792  0.000000   2.906774 f
  frfcfs.scheduler_i/U747/Y (INVX1)                             0.000000  0.008605   2.915379 r
  frfcfs.scheduler_i/n34 (net)                  2     0.005169            0.000000   2.915379 r
  frfcfs.scheduler_i/U208/A (AND2X1)                            0.000000  0.000000   2.915379 r
  frfcfs.scheduler_i/U208/Y (AND2X1)                            0.019440  0.028508   2.943887 r
  frfcfs.scheduler_i/n755 (net)                 1     0.001551            0.000000   2.943887 r
  frfcfs.scheduler_i/U808/A (INVX1)                             0.019440  0.000000   2.943887 r
  frfcfs.scheduler_i/U808/Y (INVX1)                             0.019546  0.024113   2.968001 f
  frfcfs.scheduler_i/n49 (net)                  2     0.005040            0.000000   2.968001 f
  frfcfs.scheduler_i/U291/C (NAND3X1)                           0.019546  0.000000   2.968001 f
  frfcfs.scheduler_i/U291/Y (NAND3X1)                           0.036093  0.031706   2.999707 r
  frfcfs.scheduler_i/n766 (net)                 1     0.002027            0.000000   2.999707 r
  frfcfs.scheduler_i/U290/B (NAND2X1)                           0.036093  0.000000   2.999707 r
  frfcfs.scheduler_i/U290/Y (NAND2X1)                           0.021553  0.022095   3.021802 f
  frfcfs.scheduler_i/n765 (net)                 1     0.002832            0.000000   3.021802 f
  frfcfs.scheduler_i/U289/C (NAND3X1)                           0.021553  0.000000   3.021802 f
  frfcfs.scheduler_i/U289/Y (NAND3X1)                           0.040527  0.035089   3.056891 r
  frfcfs.scheduler_i/n764 (net)                 1     0.002961            0.000000   3.056891 r
  frfcfs.scheduler_i/U288/C (NAND3X1)                           0.040527  0.000000   3.056891 r
  frfcfs.scheduler_i/U288/Y (NAND3X1)                           0.017947  0.018289   3.075181 f
  frfcfs.scheduler_i/n763 (net)                 1     0.002832            0.000000   3.075181 f
  frfcfs.scheduler_i/U287/C (NAND3X1)                           0.017947  0.000000   3.075181 f
  frfcfs.scheduler_i/U287/Y (NAND3X1)                           0.033896  0.029797   3.104977 r
  frfcfs.scheduler_i/n762 (net)                 1     0.001539            0.000000   3.104977 r
  frfcfs.scheduler_i/U1018/A (BUFX2)                            0.033896  0.000000   3.104977 r
  frfcfs.scheduler_i/U1018/Y (BUFX2)                            0.010886  0.035904   3.140881 r
  frfcfs.scheduler_i/n164 (net)                 1     0.002961            0.000000   3.140881 r
  frfcfs.scheduler_i/U286/C (NAND3X1)                           0.010886  0.000000   3.140881 r
  frfcfs.scheduler_i/U286/Y (NAND3X1)                           0.014908  0.009146   3.150027 f
  frfcfs.scheduler_i/n761 (net)                 1     0.001504            0.000000   3.150027 f
  frfcfs.scheduler_i/U1017/A (BUFX2)                            0.014908  0.000000   3.150027 f
  frfcfs.scheduler_i/U1017/Y (BUFX2)                            0.002106  0.033341   3.183368 f
  frfcfs.scheduler_i/n163 (net)                 1     0.001763            0.000000   3.183368 f
  frfcfs.scheduler_i/U11/A (AND2X2)                             0.002106  0.000000   3.183368 f
  frfcfs.scheduler_i/U11/Y (AND2X2)                             0.000000  0.031134   3.214503 f
  frfcfs.scheduler_i/n760 (net)                 1     0.002312            0.000000   3.214503 f
  frfcfs.scheduler_i/U285/C (AOI21X1)                           0.000000  0.000000   3.214503 f
  frfcfs.scheduler_i/U285/Y (AOI21X1)                           0.023825  0.013660   3.228163 r
  frfcfs.scheduler_i/n675 (net)                 1     0.001539            0.000000   3.228163 r
  frfcfs.scheduler_i/U1016/A (BUFX2)                            0.023825  0.000000   3.228163 r
  frfcfs.scheduler_i/U1016/Y (BUFX2)                            0.030642  0.048933   3.277096 r
  frfcfs.scheduler_i/n162 (net)                 4     0.011903            0.000000   3.277096 r
  frfcfs.scheduler_i/U480/A (INVX1)                             0.030642  0.000000   3.277096 r
  frfcfs.scheduler_i/U480/Y (INVX1)                             0.085987  0.073156   3.350252 f
  frfcfs.scheduler_i/select_slot[1] (net)      14     0.027493            0.000000   3.350252 f
  frfcfs.scheduler_i/select_slot[1] (mc_scheduler_frfcfs_Q_DEPTH16_ADDR_W16_AGE_LIMIT128_AGING_ENABLE1)
                                                                          0.000000   3.350252 f
  select_slot[1] (net)                                0.027493            0.000000   3.350252 f
  U14/A (INVX2)                                                 0.085987  0.000000   3.350252 f
  U14/Y (INVX2)                                                 0.050802  0.048784   3.399036 r
  n160 (net)                                    5     0.011897            0.000000   3.399036 r
  U20/A (OR2X1)                                                 0.050802  0.000000   3.399036 r
  U20/Y (OR2X1)                                                 0.016203  0.036971   3.436007 r
  n553 (net)                                    1     0.001551            0.000000   3.436007 r
  U80/A (INVX1)                                                 0.016203  0.000000   3.436007 r
  U80/Y (INVX1)                                                 0.026471  0.027835   3.463842 f
  n32 (net)                                     4     0.007281            0.000000   3.463842 f
  U21/B (AND2X1)                                                0.026471  0.000000   3.463842 f
  U21/Y (AND2X1)                                                0.030717  0.056111   3.519953 f
  n1212 (net)                                   5     0.007381            0.000000   3.519953 f
  U37/A (INVX1)                                                 0.030717  0.000000   3.519953 f
  U37/Y (INVX1)                                                 0.171742  0.130560   3.650514 r
  n65 (net)                                    16     0.040006            0.000000   3.650514 r
  U336/B (OR2X1)                                                0.171742  0.000000   3.650514 r
  U336/Y (OR2X1)                                                0.020753  0.056659   3.707173 r
  n1213 (net)                                   1     0.002010            0.000000   3.707173 r
  U1231/C (OAI21X1)                                             0.020753  0.000000   3.707173 r
  U1231/Y (OAI21X1)                                             0.010149  0.016551   3.723724 f
  n1218 (net)                                   1     0.002313            0.000000   3.723724 f
  U335/A (OR2X1)                                                0.010149  0.000000   3.723724 f
  U335/Y (OR2X1)                                                0.015403  0.041617   3.765341 f
  n1227 (net)                                   1     0.003011            0.000000   3.765341 f
  U1235/A (NOR3X1)                                              0.015403  0.000000   3.765341 f
  U1235/Y (NOR3X1)                                              0.053347  0.050883   3.816224 r
  n1228 (net)                                   1     0.002798            0.000000   3.816224 r
  U1236/A (MUX2X1)                                              0.053347  0.000000   3.816224 r
  U1236/Y (MUX2X1)                                              0.084114  0.029898   3.846122 f
  n1230 (net)                                   1     0.001476            0.000000   3.846122 f
  U169/A (INVX1)                                                0.084114  0.000000   3.846122 f
  U169/Y (INVX1)                                                0.026854  0.052263   3.898385 r
  cmd_wdata[9] (net)                            1     0.010000            0.000000   3.898385 r
  cmd_wdata[9] (out)                                            0.026854  0.000000   3.898385 r
  data arrival time                                                                  3.898385

  clock core_clk (rise edge)                                              5.000000   5.000000
  clock network delay (ideal)                                             0.000000   5.000000
  clock uncertainty                                                       -0.100000  4.900000
  output external delay                                                   -1.000000  3.900000
  data required time                                                                 3.900000
  ----------------------------------------------------------------------------------------------
  data required time                                                                 3.900000
  data arrival time                                                                  -3.898385
  ----------------------------------------------------------------------------------------------
  slack (MET)                                                                        0.001615


  Startpoint: table_i/addresses_reg[80]
              (rising edge-triggered flip-flop clocked by core_clk)
  Endpoint: cmd_wdata[0]
            (output port clocked by core_clk)
  Path Group: core_clk
  Path Type: max

  Point                                       Fanout       Cap     Trans      Incr       Path
  ----------------------------------------------------------------------------------------------
  clock core_clk (rise edge)                                              0.000000   0.000000
  clock network delay (ideal)                                             0.000000   0.000000
  table_i/addresses_reg[80]/CLK (DFFPOSX1)                      0.000000  0.000000 # 0.000000 r
  table_i/addresses_reg[80]/Q (DFFPOSX1)                        0.041902  0.119515   0.119515 f
  table_i/addresses[80] (net)                  10     0.019067            0.000000   0.119515 f
  table_i/addresses[80] (mc_transaction_table_Q_DEPTH16_ADDR_W16_DATA_W32_TAG_W8_READ_LATENCY3_AGE_LIMIT128)
                                                                          0.000000   0.119515 f
  addresses[80] (net)                                 0.019067            0.000000   0.119515 f
  candidates_i/addresses[80] (mc_candidates_Q_DEPTH16_ROW_W8_COL_W6)      0.000000   0.119515 f
  candidates_i/N1286 (net)                            0.019067            0.000000   0.119515 f
  candidates_i/U4228/A (INVX1)                                  0.041902  0.000000   0.119515 f
  candidates_i/U4228/Y (INVX1)                                  0.000000  0.015062   0.134577 r
  candidates_i/n1392 (net)                      2     0.003102            0.000000   0.134577 r
  candidates_i/U4048/A (INVX1)                                  0.000000  0.000000   0.134577 r
  candidates_i/U4048/Y (INVX1)                                  0.044758  0.035269   0.169846 f
  candidates_i/n1390 (net)                      6     0.013033            0.000000   0.169846 f
  candidates_i/U3360/A (INVX1)                                  0.044758  0.000000   0.169846 f
  candidates_i/U3360/Y (INVX1)                                  0.147971  0.119325   0.289170 r
  candidates_i/n1394 (net)                     15     0.035035            0.000000   0.289170 r
  candidates_i/U3780/A (OR2X1)                                  0.147971  0.000000   0.289170 r
  candidates_i/U3780/Y (OR2X1)                                  0.014368  0.041603   0.330773 r
  candidates_i/n7639 (net)                      1     0.002655            0.000000   0.330773 r
  candidates_i/U412/A (INVX2)                                   0.014368  0.000000   0.330773 r
  candidates_i/U412/Y (INVX2)                                   0.055978  0.057379   0.388152 f
  candidates_i/n1227 (net)                     17     0.048037            0.000000   0.388152 f
  candidates_i/U8126/D (AOI22X1)                                0.055978  0.000000   0.388152 f
  candidates_i/U8126/Y (AOI22X1)                                0.040566  0.037480   0.425631 r
  candidates_i/n7623 (net)                      1     0.001539            0.000000   0.425631 r
  candidates_i/U2457/A (BUFX2)                                  0.040566  0.000000   0.425631 r
  candidates_i/U2457/Y (BUFX2)                                  0.010382  0.035535   0.461167 r
  candidates_i/n384 (net)                       1     0.002343            0.000000   0.461167 r
  candidates_i/U87/B (AND2X1)                                   0.010382  0.000000   0.461167 r
  candidates_i/U87/Y (AND2X1)                                   0.029908  0.040580   0.501746 r
  candidates_i/N1821 (net)                      1     0.001551            0.000000   0.501746 r
  candidates_i/U2455/A (INVX1)                                  0.029908  0.000000   0.501746 r
  candidates_i/U2455/Y (INVX1)                                  0.016060  0.025054   0.526801 f
  candidates_i/n382 (net)                       2     0.004119            0.000000   0.526801 f
  candidates_i/U111/B (OR2X1)                                   0.016060  0.000000   0.526801 f
  candidates_i/U111/Y (OR2X1)                                   0.017085  0.052343   0.579144 f
  candidates_i/n7233 (net)                      2     0.003829            0.000000   0.579144 f
  candidates_i/U7902/A (NAND2X1)                                0.017085  0.000000   0.579144 f
  candidates_i/U7902/Y (NAND2X1)                                0.038162  0.030105   0.609248 r
  candidates_i/n7237 (net)                      1     0.002764            0.000000   0.609248 r
  candidates_i/U7905/B (AOI22X1)                                0.038162  0.000000   0.609248 r
  candidates_i/U7905/Y (AOI22X1)                                0.036814  0.035230   0.644478 f
  candidates_i/n7239 (net)                      1     0.002832            0.000000   0.644478 f
  candidates_i/U7906/C (NAND3X1)                                0.036814  0.000000   0.644478 f
  candidates_i/U7906/Y (NAND3X1)                                0.040351  0.039174   0.683653 r
  candidates_i/n7248 (net)                      1     0.003021            0.000000   0.683653 r
  candidates_i/U7911/A (NOR3X1)                                 0.040351  0.000000   0.683653 r
  candidates_i/U7911/Y (NOR3X1)                                 0.025621  0.040915   0.724568 f
  candidates_i/N1829 (net)                      1     0.001827            0.000000   0.724568 f
  candidates_i/U392/B (AND2X1)                                  0.025621  0.000000   0.724568 f
  candidates_i/U392/Y (AND2X1)                                  0.056481  0.074783   0.799351 f
  candidates_i/hit[5] (net)                     7     0.016597            0.000000   0.799351 f
  candidates_i/U1876/A (NAND3X1)                                0.056481  0.000000   0.799351 f
  candidates_i/U1876/Y (NAND3X1)                                0.032736  0.049640   0.848991 r
  candidates_i/n2941 (net)                      1     0.001869            0.000000   0.848991 r
  candidates_i/U395/B (AND2X2)                                  0.032736  0.000000   0.848991 r
  candidates_i/U395/Y (AND2X2)                                  0.011421  0.034161   0.883152 r
  candidates_i/n2939 (net)                      1     0.002961            0.000000   0.883152 r
  candidates_i/U1875/C (NAND3X1)                                0.011421  0.000000   0.883152 r
  candidates_i/U1875/Y (NAND3X1)                                0.017939  0.011793   0.894945 f
  candidates_i/n2817 (net)                      1     0.003011            0.000000   0.894945 f
  candidates_i/U1748/A (NOR3X1)                                 0.017939  0.000000   0.894945 f
  candidates_i/U1748/Y (NOR3X1)                                 0.050920  0.049695   0.944639 r
  candidates_i/n2816 (net)                      1     0.002343            0.000000   0.944639 r
  candidates_i/U3808/B (AND2X1)                                 0.050920  0.000000   0.944639 r
  candidates_i/U3808/Y (AND2X1)                                 0.025498  0.037568   0.982207 r
  candidates_i/n1242 (net)                      1     0.001551            0.000000   0.982207 r
  candidates_i/U86/A (INVX1)                                    0.025498  0.000000   0.982207 r
  candidates_i/U86/Y (INVX1)                                    0.097130  0.079190   1.061397 f
  candidates_i/n2789 (net)                     16     0.031107            0.000000   1.061397 f
  candidates_i/U1735/B (NAND2X1)                                0.097130  0.000000   1.061397 f
  candidates_i/U1735/Y (NAND2X1)                                0.032408  0.041784   1.103181 r
  candidates_i/n2809 (net)                      1     0.002548            0.000000   1.103181 r
  candidates_i/U1734/A (NAND3X1)                                0.032408  0.000000   1.103181 r
  candidates_i/U1734/Y (NAND3X1)                                0.010647  0.019548   1.122729 f
  candidates_i/n2808 (net)                      1     0.001476            0.000000   1.122729 f
  candidates_i/U3909/A (INVX1)                                  0.010647  0.000000   1.122729 f
  candidates_i/U3909/Y (INVX1)                                  0.208389  0.148141   1.270870 r
  candidates_i/n7399 (net)                     17     0.047560            0.000000   1.270870 r
  candidates_i/U1644/C (AOI22X1)                                0.208389  0.000000   1.270870 r
  candidates_i/U1644/Y (AOI22X1)                                0.034091  0.061846   1.332716 f
  candidates_i/n2714 (net)                      1     0.001763            0.000000   1.332716 f
  candidates_i/U375/A (AND2X2)                                  0.034091  0.000000   1.332716 f
  candidates_i/U375/Y (AND2X2)                                  0.004683  0.039695   1.372411 f
  candidates_i/n2713 (net)                      1     0.002832            0.000000   1.372411 f
  candidates_i/U1642/C (NAND3X1)                                0.004683  0.000000   1.372411 f
  candidates_i/U1642/Y (NAND3X1)                                0.037240  0.028726   1.401137 r
  candidates_i/n2703 (net)                      1     0.002292            0.000000   1.401137 r
  candidates_i/U373/A (OR2X2)                                   0.037240  0.000000   1.401137 r
  candidates_i/U373/Y (OR2X2)                                   0.017298  0.043922   1.445059 r
  candidates_i/n2054 (net)                      2     0.004842            0.000000   1.445059 r
  candidates_i/U1625/B (NAND3X1)                                0.017298  0.000000   1.445059 r
  candidates_i/U1625/Y (NAND3X1)                                0.016156  0.014692   1.459751 f
  candidates_i/n2690 (net)                      1     0.001924            0.000000   1.459751 f
  candidates_i/U1624/C (OAI21X1)                                0.016156  0.000000   1.459751 f
  candidates_i/U1624/Y (OAI21X1)                                0.045607  0.022346   1.482097 r
  candidates_i/n2663 (net)                      1     0.002817            0.000000   1.482097 r
  candidates_i/U1601/A (AOI22X1)                                0.045607  0.000000   1.482097 r
  candidates_i/U1601/Y (AOI22X1)                                0.035654  0.040046   1.522143 f
  candidates_i/n2662 (net)                      1     0.002312            0.000000   1.522143 f
  candidates_i/U1600/C (AOI21X1)                                0.035654  0.000000   1.522143 f
  candidates_i/U1600/Y (AOI21X1)                                0.027785  0.025672   1.547815 r
  candidates_i/n2661 (net)                      1     0.002386            0.000000   1.547815 r
  candidates_i/U1599/C (AOI21X1)                                0.027785  0.000000   1.547815 r
  candidates_i/U1599/Y (AOI21X1)                                0.015014  0.017616   1.565430 f
  candidates_i/n2646 (net)                      1     0.002632            0.000000   1.565430 f
  candidates_i/U1587/B (OAI21X1)                                0.015014  0.000000   1.565430 f
  candidates_i/U1587/Y (OAI21X1)                                0.041918  0.040493   1.605923 r
  candidates_i/n2631 (net)                      1     0.002111            0.000000   1.605923 r
  candidates_i/U1575/A (NAND2X1)                                0.041918  0.000000   1.605923 r
  candidates_i/U1575/Y (NAND2X1)                                0.020639  0.018692   1.624615 f
  candidates_i/n2630 (net)                      1     0.001944            0.000000   1.624615 f
  candidates_i/U1574/B (NAND2X1)                                0.020639  0.000000   1.624615 f
  candidates_i/U1574/Y (NAND2X1)                                0.036723  0.017556   1.642171 r
  candidates_i/n2601 (net)                      1     0.002741            0.000000   1.642171 r
  candidates_i/U1550/A (AOI21X1)                                0.036723  0.000000   1.642171 r
  candidates_i/U1550/Y (AOI21X1)                                0.017841  0.022767   1.664938 f
  candidates_i/n2586 (net)                      1     0.002632            0.000000   1.664938 f
  candidates_i/U1538/B (OAI21X1)                                0.017841  0.000000   1.664938 f
  candidates_i/U1538/Y (OAI21X1)                                0.088538  0.073061   1.737999 r
  candidates_i/candidate_slots[0] (net)         6     0.012093            0.000000   1.737999 r
  candidates_i/candidate_slots[0] (mc_candidates_Q_DEPTH16_ROW_W8_COL_W6) 0.000000   1.737999 r
  candidate_slots[0] (net)                            0.012093            0.000000   1.737999 r
  frfcfs.scheduler_i/candidate_slots[0] (mc_scheduler_frfcfs_Q_DEPTH16_ADDR_W16_AGE_LIMIT128_AGING_ENABLE1)
                                                                          0.000000   1.737999 r
  frfcfs.scheduler_i/N608 (net)                       0.012093            0.000000   1.737999 r
  frfcfs.scheduler_i/U1140/A (INVX1)                            0.088538  0.000000   1.737999 r
  frfcfs.scheduler_i/U1140/Y (INVX1)                            0.021661  0.047484   1.785483 f
  frfcfs.scheduler_i/n448 (net)                 4     0.007338            0.000000   1.785483 f
  frfcfs.scheduler_i/U1095/A (AND2X1)                           0.021661  0.000000   1.785483 f
  frfcfs.scheduler_i/U1095/Y (AND2X1)                           0.013877  0.032235   1.817717 f
  frfcfs.scheduler_i/n1400 (net)                1     0.001476            0.000000   1.817717 f
  frfcfs.scheduler_i/U152/A (INVX1)                             0.013877  0.000000   1.817717 f
  frfcfs.scheduler_i/U152/Y (INVX1)                             0.119699  0.092897   1.910614 r
  frfcfs.scheduler_i/n209 (net)                12     0.030178            0.000000   1.910614 r
  frfcfs.scheduler_i/U62/B (OR2X1)                              0.119699  0.000000   1.910614 r
  frfcfs.scheduler_i/U62/Y (OR2X1)                              0.016183  0.052657   1.963272 r
  frfcfs.scheduler_i/n1363 (net)                1     0.001551            0.000000   1.963272 r
  frfcfs.scheduler_i/U872/A (INVX1)                             0.016183  0.000000   1.963272 r
  frfcfs.scheduler_i/U872/Y (INVX1)                             0.013872  0.019186   1.982458 f
  frfcfs.scheduler_i/n85 (net)                  1     0.003067            0.000000   1.982458 f
  frfcfs.scheduler_i/U1524/B (NOR3X1)                           0.013872  0.000000   1.982458 f
  frfcfs.scheduler_i/U1524/Y (NOR3X1)                           0.053574  0.040192   2.022650 r
  frfcfs.scheduler_i/n1370 (net)                1     0.002744            0.000000   2.022650 r
  frfcfs.scheduler_i/U1529/B (MUX2X1)                           0.053574  0.000000   2.022650 r
  frfcfs.scheduler_i/U1529/Y (MUX2X1)                           0.014471  0.029664   2.052314 f
  frfcfs.scheduler_i/n1382 (net)                1     0.002569            0.000000   2.052314 f
  frfcfs.scheduler_i/U1537/B (MUX2X1)                           0.014471  0.000000   2.052314 f
  frfcfs.scheduler_i/U1537/Y (MUX2X1)                           0.057030  0.057802   2.110115 r
  frfcfs.scheduler_i/N1469 (net)                1     0.005589            0.000000   2.110115 r
  frfcfs.scheduler_i/U549/B (XNOR2X1)                           0.057030  0.000000   2.110115 r
  frfcfs.scheduler_i/U549/Y (XNOR2X1)                           0.037442  0.052832   2.162947 r
  frfcfs.scheduler_i/n1083 (net)                1     0.002010            0.000000   2.162947 r
  frfcfs.scheduler_i/U548/C (OAI21X1)                           0.037442  0.000000   2.162947 r
  frfcfs.scheduler_i/U548/Y (OAI21X1)                           0.011625  0.020510   2.183457 f
  frfcfs.scheduler_i/n1082 (net)                1     0.001944            0.000000   2.183457 f
  frfcfs.scheduler_i/U547/B (NAND2X1)                           0.011625  0.000000   2.183457 f
  frfcfs.scheduler_i/U547/Y (NAND2X1)                           0.033200  0.011895   2.195351 r
  frfcfs.scheduler_i/n1081 (net)                1     0.001869            0.000000   2.195351 r
  frfcfs.scheduler_i/U471/B (AND2X2)                            0.033200  0.000000   2.195351 r
  frfcfs.scheduler_i/U471/Y (AND2X2)                            0.009312  0.032752   2.228103 r
  frfcfs.scheduler_i/n14 (net)                  1     0.002027            0.000000   2.228103 r
  frfcfs.scheduler_i/U617/B (NAND2X1)                           0.009312  0.000000   2.228103 r
  frfcfs.scheduler_i/U617/Y (NAND2X1)                           0.026649  0.017902   2.246006 f
  frfcfs.scheduler_i/n1043 (net)                2     0.003805            0.000000   2.246006 f
  frfcfs.scheduler_i/U1073/A (OR2X2)                            0.026649  0.000000   2.246006 f
  frfcfs.scheduler_i/U1073/Y (OR2X2)                            0.006645  0.039589   2.285594 f
  frfcfs.scheduler_i/n1036 (net)                1     0.001476            0.000000   2.285594 f
  frfcfs.scheduler_i/U1074/A (INVX1)                            0.006645  0.000000   2.285594 f
  frfcfs.scheduler_i/U1074/Y (INVX1)                            0.000000  0.007527   2.293122 r
  frfcfs.scheduler_i/n195 (net)                 2     0.004634            0.000000   2.293122 r
  frfcfs.scheduler_i/U189/B (AND2X1)                            0.000000  0.000000   2.293122 r
  frfcfs.scheduler_i/U189/Y (AND2X1)                            0.078571  0.071970   2.365092 r
  frfcfs.scheduler_i/n1004 (net)                4     0.011511            0.000000   2.365092 r
  frfcfs.scheduler_i/U468/C (AOI22X1)                           0.078571  0.000000   2.365092 r
  frfcfs.scheduler_i/U468/Y (AOI22X1)                           0.034509  0.032115   2.397207 f
  frfcfs.scheduler_i/n1001 (net)                1     0.001820            0.000000   2.397207 f
  frfcfs.scheduler_i/U560/B (AND2X2)                            0.034509  0.000000   2.397207 f
  frfcfs.scheduler_i/U560/Y (AND2X2)                            0.002831  0.042920   2.440128 f
  frfcfs.scheduler_i/n952 (net)                 1     0.001476            0.000000   2.440128 f
  frfcfs.scheduler_i/U561/A (INVX1)                             0.002831  0.000000   2.440128 f
  frfcfs.scheduler_i/U561/Y (INVX1)                             0.000000  0.007091   2.447219 r
  frfcfs.scheduler_i/n23 (net)                  2     0.004916            0.000000   2.447219 r
  frfcfs.scheduler_i/U466/D (AOI22X1)                           0.000000  0.000000   2.447219 r
  frfcfs.scheduler_i/U466/Y (AOI22X1)                           0.034631  0.011711   2.458930 f
  frfcfs.scheduler_i/n999 (net)                 1     0.001820            0.000000   2.458930 f
  frfcfs.scheduler_i/U59/B (AND2X2)                             0.034631  0.000000   2.458930 f
  frfcfs.scheduler_i/U59/Y (AND2X2)                             0.004806  0.044409   2.503338 f
  frfcfs.scheduler_i/n997 (net)                 1     0.002832            0.000000   2.503338 f
  frfcfs.scheduler_i/U465/C (NAND3X1)                           0.004806  0.000000   2.503338 f
  frfcfs.scheduler_i/U465/Y (NAND3X1)                           0.036583  0.028728   2.532067 r
  frfcfs.scheduler_i/n994 (net)                 1     0.002283            0.000000   2.532067 r
  frfcfs.scheduler_i/U494/B (OR2X2)                             0.036583  0.000000   2.532067 r
  frfcfs.scheduler_i/U494/Y (OR2X2)                             0.028943  0.058529   2.590596 r
  frfcfs.scheduler_i/n229 (net)                 1     0.010083            0.000000   2.590596 r
  frfcfs.scheduler_i/U9/A (INVX8)                               0.028943  0.000000   2.590596 r
  frfcfs.scheduler_i/U9/Y (INVX8)                               0.019673  0.029316   2.619911 f
  frfcfs.scheduler_i/n950 (net)                16     0.041161            0.000000   2.619911 f
  frfcfs.scheduler_i/U445/A (OAI21X1)                           0.019673  0.000000   2.619911 f
  frfcfs.scheduler_i/U445/Y (OAI21X1)                           0.049699  0.049635   2.669547 r
  frfcfs.scheduler_i/n921 (net)                 2     0.003937            0.000000   2.669547 r
  frfcfs.scheduler_i/U1127/A (INVX1)                            0.049699  0.000000   2.669547 r
  frfcfs.scheduler_i/U1127/Y (INVX1)                            0.122148  0.103763   2.773310 f
  frfcfs.scheduler_i/n428 (net)                15     0.039953            0.000000   2.773310 f
  frfcfs.scheduler_i/U297/C (AOI22X1)                           0.122148  0.000000   2.773310 f
  frfcfs.scheduler_i/U297/Y (AOI22X1)                           0.046733  0.064869   2.838179 r
  frfcfs.scheduler_i/n770 (net)                 1     0.002832            0.000000   2.838179 r
  frfcfs.scheduler_i/U294/B (NAND3X1)                           0.046733  0.000000   2.838179 r
  frfcfs.scheduler_i/U294/Y (NAND3X1)                           0.016065  0.022133   2.860312 f
  frfcfs.scheduler_i/n768 (net)                 1     0.002342            0.000000   2.860312 f
  frfcfs.scheduler_i/U233/B (OR2X2)                             0.016065  0.000000   2.860312 f
  frfcfs.scheduler_i/U233/Y (OR2X2)                             0.004792  0.046462   2.906774 f
  frfcfs.scheduler_i/n7 (net)                   1     0.001476            0.000000   2.906774 f
  frfcfs.scheduler_i/U747/A (INVX1)                             0.004792  0.000000   2.906774 f
  frfcfs.scheduler_i/U747/Y (INVX1)                             0.000000  0.008605   2.915379 r
  frfcfs.scheduler_i/n34 (net)                  2     0.005169            0.000000   2.915379 r
  frfcfs.scheduler_i/U208/A (AND2X1)                            0.000000  0.000000   2.915379 r
  frfcfs.scheduler_i/U208/Y (AND2X1)                            0.019440  0.028508   2.943887 r
  frfcfs.scheduler_i/n755 (net)                 1     0.001551            0.000000   2.943887 r
  frfcfs.scheduler_i/U808/A (INVX1)                             0.019440  0.000000   2.943887 r
  frfcfs.scheduler_i/U808/Y (INVX1)                             0.019546  0.024113   2.968001 f
  frfcfs.scheduler_i/n49 (net)                  2     0.005040            0.000000   2.968001 f
  frfcfs.scheduler_i/U291/C (NAND3X1)                           0.019546  0.000000   2.968001 f
  frfcfs.scheduler_i/U291/Y (NAND3X1)                           0.036093  0.031706   2.999707 r
  frfcfs.scheduler_i/n766 (net)                 1     0.002027            0.000000   2.999707 r
  frfcfs.scheduler_i/U290/B (NAND2X1)                           0.036093  0.000000   2.999707 r
  frfcfs.scheduler_i/U290/Y (NAND2X1)                           0.021553  0.022095   3.021802 f
  frfcfs.scheduler_i/n765 (net)                 1     0.002832            0.000000   3.021802 f
  frfcfs.scheduler_i/U289/C (NAND3X1)                           0.021553  0.000000   3.021802 f
  frfcfs.scheduler_i/U289/Y (NAND3X1)                           0.040527  0.035089   3.056891 r
  frfcfs.scheduler_i/n764 (net)                 1     0.002961            0.000000   3.056891 r
  frfcfs.scheduler_i/U288/C (NAND3X1)                           0.040527  0.000000   3.056891 r
  frfcfs.scheduler_i/U288/Y (NAND3X1)                           0.017947  0.018289   3.075181 f
  frfcfs.scheduler_i/n763 (net)                 1     0.002832            0.000000   3.075181 f
  frfcfs.scheduler_i/U287/C (NAND3X1)                           0.017947  0.000000   3.075181 f
  frfcfs.scheduler_i/U287/Y (NAND3X1)                           0.033896  0.029797   3.104977 r
  frfcfs.scheduler_i/n762 (net)                 1     0.001539            0.000000   3.104977 r
  frfcfs.scheduler_i/U1018/A (BUFX2)                            0.033896  0.000000   3.104977 r
  frfcfs.scheduler_i/U1018/Y (BUFX2)                            0.010886  0.035904   3.140881 r
  frfcfs.scheduler_i/n164 (net)                 1     0.002961            0.000000   3.140881 r
  frfcfs.scheduler_i/U286/C (NAND3X1)                           0.010886  0.000000   3.140881 r
  frfcfs.scheduler_i/U286/Y (NAND3X1)                           0.014908  0.009146   3.150027 f
  frfcfs.scheduler_i/n761 (net)                 1     0.001504            0.000000   3.150027 f
  frfcfs.scheduler_i/U1017/A (BUFX2)                            0.014908  0.000000   3.150027 f
  frfcfs.scheduler_i/U1017/Y (BUFX2)                            0.002106  0.033341   3.183368 f
  frfcfs.scheduler_i/n163 (net)                 1     0.001763            0.000000   3.183368 f
  frfcfs.scheduler_i/U11/A (AND2X2)                             0.002106  0.000000   3.183368 f
  frfcfs.scheduler_i/U11/Y (AND2X2)                             0.000000  0.031134   3.214503 f
  frfcfs.scheduler_i/n760 (net)                 1     0.002312            0.000000   3.214503 f
  frfcfs.scheduler_i/U285/C (AOI21X1)                           0.000000  0.000000   3.214503 f
  frfcfs.scheduler_i/U285/Y (AOI21X1)                           0.023825  0.013660   3.228163 r
  frfcfs.scheduler_i/n675 (net)                 1     0.001539            0.000000   3.228163 r
  frfcfs.scheduler_i/U1016/A (BUFX2)                            0.023825  0.000000   3.228163 r
  frfcfs.scheduler_i/U1016/Y (BUFX2)                            0.030642  0.048933   3.277096 r
  frfcfs.scheduler_i/n162 (net)                 4     0.011903            0.000000   3.277096 r
  frfcfs.scheduler_i/U480/A (INVX1)                             0.030642  0.000000   3.277096 r
  frfcfs.scheduler_i/U480/Y (INVX1)                             0.085987  0.073156   3.350252 f
  frfcfs.scheduler_i/select_slot[1] (net)      14     0.027493            0.000000   3.350252 f
  frfcfs.scheduler_i/select_slot[1] (mc_scheduler_frfcfs_Q_DEPTH16_ADDR_W16_AGE_LIMIT128_AGING_ENABLE1)
                                                                          0.000000   3.350252 f
  select_slot[1] (net)                                0.027493            0.000000   3.350252 f
  U14/A (INVX2)                                                 0.085987  0.000000   3.350252 f
  U14/Y (INVX2)                                                 0.050802  0.048784   3.399036 r
  n160 (net)                                    5     0.011897            0.000000   3.399036 r
  U20/A (OR2X1)                                                 0.050802  0.000000   3.399036 r
  U20/Y (OR2X1)                                                 0.016203  0.036971   3.436007 r
  n553 (net)                                    1     0.001551            0.000000   3.436007 r
  U80/A (INVX1)                                                 0.016203  0.000000   3.436007 r
  U80/Y (INVX1)                                                 0.026471  0.027835   3.463842 f
  n32 (net)                                     4     0.007281            0.000000   3.463842 f
  U21/B (AND2X1)                                                0.026471  0.000000   3.463842 f
  U21/Y (AND2X1)                                                0.030717  0.056111   3.519953 f
  n1212 (net)                                   5     0.007381            0.000000   3.519953 f
  U37/A (INVX1)                                                 0.030717  0.000000   3.519953 f
  U37/Y (INVX1)                                                 0.171742  0.130560   3.650514 r
  n65 (net)                                    16     0.040006            0.000000   3.650514 r
  U410/B (OR2X1)                                                0.171742  0.000000   3.650514 r
  U410/Y (OR2X1)                                                0.020753  0.056659   3.707173 r
  n561 (net)                                    1     0.002010            0.000000   3.707173 r
  U890/C (OAI21X1)                                              0.020753  0.000000   3.707173 r
  U890/Y (OAI21X1)                                              0.005783  0.016551   3.723724 f
  n564 (net)                                    1     0.002313            0.000000   3.723724 f
  U406/A (OR2X1)                                                0.005783  0.000000   3.723724 f
  U406/Y (OR2X1)                                                0.015474  0.041284   3.765008 f
  n569 (net)                                    1     0.003011            0.000000   3.765008 f
  U894/A (NOR3X1)                                               0.015474  0.000000   3.765008 f
  U894/Y (NOR3X1)                                               0.053341  0.050893   3.815901 r
  n570 (net)                                    1     0.002798            0.000000   3.815901 r
  U895/A (MUX2X1)                                               0.053341  0.000000   3.815901 r
  U895/Y (MUX2X1)                                               0.084114  0.029896   3.845798 f
  n572 (net)                                    1     0.001476            0.000000   3.845798 f
  U190/A (INVX1)                                                0.084114  0.000000   3.845798 f
  U190/Y (INVX1)                                                0.026854  0.052263   3.898061 r
  cmd_wdata[0] (net)                            1     0.010000            0.000000   3.898061 r
  cmd_wdata[0] (out)                                            0.026854  0.000000   3.898061 r
  data arrival time                                                                  3.898061

  clock core_clk (rise edge)                                              5.000000   5.000000
  clock network delay (ideal)                                             0.000000   5.000000
  clock uncertainty                                                       -0.100000  4.900000
  output external delay                                                   -1.000000  3.900000
  data required time                                                                 3.900000
  ----------------------------------------------------------------------------------------------
  data required time                                                                 3.900000
  data arrival time                                                                  -3.898061
  ----------------------------------------------------------------------------------------------
  slack (MET)                                                                        0.001939


  Startpoint: table_i/addresses_reg[80]
              (rising edge-triggered flip-flop clocked by core_clk)
  Endpoint: cmd_wdata[16]
            (output port clocked by core_clk)
  Path Group: core_clk
  Path Type: max

  Point                                       Fanout       Cap     Trans      Incr       Path
  ----------------------------------------------------------------------------------------------
  clock core_clk (rise edge)                                              0.000000   0.000000
  clock network delay (ideal)                                             0.000000   0.000000
  table_i/addresses_reg[80]/CLK (DFFPOSX1)                      0.000000  0.000000 # 0.000000 r
  table_i/addresses_reg[80]/Q (DFFPOSX1)                        0.041902  0.119515   0.119515 f
  table_i/addresses[80] (net)                  10     0.019067            0.000000   0.119515 f
  table_i/addresses[80] (mc_transaction_table_Q_DEPTH16_ADDR_W16_DATA_W32_TAG_W8_READ_LATENCY3_AGE_LIMIT128)
                                                                          0.000000   0.119515 f
  addresses[80] (net)                                 0.019067            0.000000   0.119515 f
  candidates_i/addresses[80] (mc_candidates_Q_DEPTH16_ROW_W8_COL_W6)      0.000000   0.119515 f
  candidates_i/N1286 (net)                            0.019067            0.000000   0.119515 f
  candidates_i/U4228/A (INVX1)                                  0.041902  0.000000   0.119515 f
  candidates_i/U4228/Y (INVX1)                                  0.000000  0.015062   0.134577 r
  candidates_i/n1392 (net)                      2     0.003102            0.000000   0.134577 r
  candidates_i/U4048/A (INVX1)                                  0.000000  0.000000   0.134577 r
  candidates_i/U4048/Y (INVX1)                                  0.044758  0.035269   0.169846 f
  candidates_i/n1390 (net)                      6     0.013033            0.000000   0.169846 f
  candidates_i/U3360/A (INVX1)                                  0.044758  0.000000   0.169846 f
  candidates_i/U3360/Y (INVX1)                                  0.147971  0.119325   0.289170 r
  candidates_i/n1394 (net)                     15     0.035035            0.000000   0.289170 r
  candidates_i/U3780/A (OR2X1)                                  0.147971  0.000000   0.289170 r
  candidates_i/U3780/Y (OR2X1)                                  0.014368  0.041603   0.330773 r
  candidates_i/n7639 (net)                      1     0.002655            0.000000   0.330773 r
  candidates_i/U412/A (INVX2)                                   0.014368  0.000000   0.330773 r
  candidates_i/U412/Y (INVX2)                                   0.055978  0.057379   0.388152 f
  candidates_i/n1227 (net)                     17     0.048037            0.000000   0.388152 f
  candidates_i/U8126/D (AOI22X1)                                0.055978  0.000000   0.388152 f
  candidates_i/U8126/Y (AOI22X1)                                0.040566  0.037480   0.425631 r
  candidates_i/n7623 (net)                      1     0.001539            0.000000   0.425631 r
  candidates_i/U2457/A (BUFX2)                                  0.040566  0.000000   0.425631 r
  candidates_i/U2457/Y (BUFX2)                                  0.010382  0.035535   0.461167 r
  candidates_i/n384 (net)                       1     0.002343            0.000000   0.461167 r
  candidates_i/U87/B (AND2X1)                                   0.010382  0.000000   0.461167 r
  candidates_i/U87/Y (AND2X1)                                   0.029908  0.040580   0.501746 r
  candidates_i/N1821 (net)                      1     0.001551            0.000000   0.501746 r
  candidates_i/U2455/A (INVX1)                                  0.029908  0.000000   0.501746 r
  candidates_i/U2455/Y (INVX1)                                  0.016060  0.025054   0.526801 f
  candidates_i/n382 (net)                       2     0.004119            0.000000   0.526801 f
  candidates_i/U111/B (OR2X1)                                   0.016060  0.000000   0.526801 f
  candidates_i/U111/Y (OR2X1)                                   0.017085  0.052343   0.579144 f
  candidates_i/n7233 (net)                      2     0.003829            0.000000   0.579144 f
  candidates_i/U7902/A (NAND2X1)                                0.017085  0.000000   0.579144 f
  candidates_i/U7902/Y (NAND2X1)                                0.038162  0.030105   0.609248 r
  candidates_i/n7237 (net)                      1     0.002764            0.000000   0.609248 r
  candidates_i/U7905/B (AOI22X1)                                0.038162  0.000000   0.609248 r
  candidates_i/U7905/Y (AOI22X1)                                0.036814  0.035230   0.644478 f
  candidates_i/n7239 (net)                      1     0.002832            0.000000   0.644478 f
  candidates_i/U7906/C (NAND3X1)                                0.036814  0.000000   0.644478 f
  candidates_i/U7906/Y (NAND3X1)                                0.040351  0.039174   0.683653 r
  candidates_i/n7248 (net)                      1     0.003021            0.000000   0.683653 r
  candidates_i/U7911/A (NOR3X1)                                 0.040351  0.000000   0.683653 r
  candidates_i/U7911/Y (NOR3X1)                                 0.025621  0.040915   0.724568 f
  candidates_i/N1829 (net)                      1     0.001827            0.000000   0.724568 f
  candidates_i/U392/B (AND2X1)                                  0.025621  0.000000   0.724568 f
  candidates_i/U392/Y (AND2X1)                                  0.056481  0.074783   0.799351 f
  candidates_i/hit[5] (net)                     7     0.016597            0.000000   0.799351 f
  candidates_i/U1876/A (NAND3X1)                                0.056481  0.000000   0.799351 f
  candidates_i/U1876/Y (NAND3X1)                                0.032736  0.049640   0.848991 r
  candidates_i/n2941 (net)                      1     0.001869            0.000000   0.848991 r
  candidates_i/U395/B (AND2X2)                                  0.032736  0.000000   0.848991 r
  candidates_i/U395/Y (AND2X2)                                  0.011421  0.034161   0.883152 r
  candidates_i/n2939 (net)                      1     0.002961            0.000000   0.883152 r
  candidates_i/U1875/C (NAND3X1)                                0.011421  0.000000   0.883152 r
  candidates_i/U1875/Y (NAND3X1)                                0.017939  0.011793   0.894945 f
  candidates_i/n2817 (net)                      1     0.003011            0.000000   0.894945 f
  candidates_i/U1748/A (NOR3X1)                                 0.017939  0.000000   0.894945 f
  candidates_i/U1748/Y (NOR3X1)                                 0.050920  0.049695   0.944639 r
  candidates_i/n2816 (net)                      1     0.002343            0.000000   0.944639 r
  candidates_i/U3808/B (AND2X1)                                 0.050920  0.000000   0.944639 r
  candidates_i/U3808/Y (AND2X1)                                 0.025498  0.037568   0.982207 r
  candidates_i/n1242 (net)                      1     0.001551            0.000000   0.982207 r
  candidates_i/U86/A (INVX1)                                    0.025498  0.000000   0.982207 r
  candidates_i/U86/Y (INVX1)                                    0.097130  0.079190   1.061397 f
  candidates_i/n2789 (net)                     16     0.031107            0.000000   1.061397 f
  candidates_i/U1735/B (NAND2X1)                                0.097130  0.000000   1.061397 f
  candidates_i/U1735/Y (NAND2X1)                                0.032408  0.041784   1.103181 r
  candidates_i/n2809 (net)                      1     0.002548            0.000000   1.103181 r
  candidates_i/U1734/A (NAND3X1)                                0.032408  0.000000   1.103181 r
  candidates_i/U1734/Y (NAND3X1)                                0.010647  0.019548   1.122729 f
  candidates_i/n2808 (net)                      1     0.001476            0.000000   1.122729 f
  candidates_i/U3909/A (INVX1)                                  0.010647  0.000000   1.122729 f
  candidates_i/U3909/Y (INVX1)                                  0.208389  0.148141   1.270870 r
  candidates_i/n7399 (net)                     17     0.047560            0.000000   1.270870 r
  candidates_i/U1644/C (AOI22X1)                                0.208389  0.000000   1.270870 r
  candidates_i/U1644/Y (AOI22X1)                                0.034091  0.061846   1.332716 f
  candidates_i/n2714 (net)                      1     0.001763            0.000000   1.332716 f
  candidates_i/U375/A (AND2X2)                                  0.034091  0.000000   1.332716 f
  candidates_i/U375/Y (AND2X2)                                  0.004683  0.039695   1.372411 f
  candidates_i/n2713 (net)                      1     0.002832            0.000000   1.372411 f
  candidates_i/U1642/C (NAND3X1)                                0.004683  0.000000   1.372411 f
  candidates_i/U1642/Y (NAND3X1)                                0.037240  0.028726   1.401137 r
  candidates_i/n2703 (net)                      1     0.002292            0.000000   1.401137 r
  candidates_i/U373/A (OR2X2)                                   0.037240  0.000000   1.401137 r
  candidates_i/U373/Y (OR2X2)                                   0.017298  0.043922   1.445059 r
  candidates_i/n2054 (net)                      2     0.004842            0.000000   1.445059 r
  candidates_i/U1625/B (NAND3X1)                                0.017298  0.000000   1.445059 r
  candidates_i/U1625/Y (NAND3X1)                                0.016156  0.014692   1.459751 f
  candidates_i/n2690 (net)                      1     0.001924            0.000000   1.459751 f
  candidates_i/U1624/C (OAI21X1)                                0.016156  0.000000   1.459751 f
  candidates_i/U1624/Y (OAI21X1)                                0.045607  0.022346   1.482097 r
  candidates_i/n2663 (net)                      1     0.002817            0.000000   1.482097 r
  candidates_i/U1601/A (AOI22X1)                                0.045607  0.000000   1.482097 r
  candidates_i/U1601/Y (AOI22X1)                                0.035654  0.040046   1.522143 f
  candidates_i/n2662 (net)                      1     0.002312            0.000000   1.522143 f
  candidates_i/U1600/C (AOI21X1)                                0.035654  0.000000   1.522143 f
  candidates_i/U1600/Y (AOI21X1)                                0.027785  0.025672   1.547815 r
  candidates_i/n2661 (net)                      1     0.002386            0.000000   1.547815 r
  candidates_i/U1599/C (AOI21X1)                                0.027785  0.000000   1.547815 r
  candidates_i/U1599/Y (AOI21X1)                                0.015014  0.017616   1.565430 f
  candidates_i/n2646 (net)                      1     0.002632            0.000000   1.565430 f
  candidates_i/U1587/B (OAI21X1)                                0.015014  0.000000   1.565430 f
  candidates_i/U1587/Y (OAI21X1)                                0.041918  0.040493   1.605923 r
  candidates_i/n2631 (net)                      1     0.002111            0.000000   1.605923 r
  candidates_i/U1575/A (NAND2X1)                                0.041918  0.000000   1.605923 r
  candidates_i/U1575/Y (NAND2X1)                                0.020639  0.018692   1.624615 f
  candidates_i/n2630 (net)                      1     0.001944            0.000000   1.624615 f
  candidates_i/U1574/B (NAND2X1)                                0.020639  0.000000   1.624615 f
  candidates_i/U1574/Y (NAND2X1)                                0.036723  0.017556   1.642171 r
  candidates_i/n2601 (net)                      1     0.002741            0.000000   1.642171 r
  candidates_i/U1550/A (AOI21X1)                                0.036723  0.000000   1.642171 r
  candidates_i/U1550/Y (AOI21X1)                                0.017841  0.022767   1.664938 f
  candidates_i/n2586 (net)                      1     0.002632            0.000000   1.664938 f
  candidates_i/U1538/B (OAI21X1)                                0.017841  0.000000   1.664938 f
  candidates_i/U1538/Y (OAI21X1)                                0.088538  0.073061   1.737999 r
  candidates_i/candidate_slots[0] (net)         6     0.012093            0.000000   1.737999 r
  candidates_i/candidate_slots[0] (mc_candidates_Q_DEPTH16_ROW_W8_COL_W6) 0.000000   1.737999 r
  candidate_slots[0] (net)                            0.012093            0.000000   1.737999 r
  frfcfs.scheduler_i/candidate_slots[0] (mc_scheduler_frfcfs_Q_DEPTH16_ADDR_W16_AGE_LIMIT128_AGING_ENABLE1)
                                                                          0.000000   1.737999 r
  frfcfs.scheduler_i/N608 (net)                       0.012093            0.000000   1.737999 r
  frfcfs.scheduler_i/U1140/A (INVX1)                            0.088538  0.000000   1.737999 r
  frfcfs.scheduler_i/U1140/Y (INVX1)                            0.021661  0.047484   1.785483 f
  frfcfs.scheduler_i/n448 (net)                 4     0.007338            0.000000   1.785483 f
  frfcfs.scheduler_i/U1095/A (AND2X1)                           0.021661  0.000000   1.785483 f
  frfcfs.scheduler_i/U1095/Y (AND2X1)                           0.013877  0.032235   1.817717 f
  frfcfs.scheduler_i/n1400 (net)                1     0.001476            0.000000   1.817717 f
  frfcfs.scheduler_i/U152/A (INVX1)                             0.013877  0.000000   1.817717 f
  frfcfs.scheduler_i/U152/Y (INVX1)                             0.119699  0.092897   1.910614 r
  frfcfs.scheduler_i/n209 (net)                12     0.030178            0.000000   1.910614 r
  frfcfs.scheduler_i/U62/B (OR2X1)                              0.119699  0.000000   1.910614 r
  frfcfs.scheduler_i/U62/Y (OR2X1)                              0.016183  0.052657   1.963272 r
  frfcfs.scheduler_i/n1363 (net)                1     0.001551            0.000000   1.963272 r
  frfcfs.scheduler_i/U872/A (INVX1)                             0.016183  0.000000   1.963272 r
  frfcfs.scheduler_i/U872/Y (INVX1)                             0.013872  0.019186   1.982458 f
  frfcfs.scheduler_i/n85 (net)                  1     0.003067            0.000000   1.982458 f
  frfcfs.scheduler_i/U1524/B (NOR3X1)                           0.013872  0.000000   1.982458 f
  frfcfs.scheduler_i/U1524/Y (NOR3X1)                           0.053574  0.040192   2.022650 r
  frfcfs.scheduler_i/n1370 (net)                1     0.002744            0.000000   2.022650 r
  frfcfs.scheduler_i/U1529/B (MUX2X1)                           0.053574  0.000000   2.022650 r
  frfcfs.scheduler_i/U1529/Y (MUX2X1)                           0.014471  0.029664   2.052314 f
  frfcfs.scheduler_i/n1382 (net)                1     0.002569            0.000000   2.052314 f
  frfcfs.scheduler_i/U1537/B (MUX2X1)                           0.014471  0.000000   2.052314 f
  frfcfs.scheduler_i/U1537/Y (MUX2X1)                           0.057030  0.057802   2.110115 r
  frfcfs.scheduler_i/N1469 (net)                1     0.005589            0.000000   2.110115 r
  frfcfs.scheduler_i/U549/B (XNOR2X1)                           0.057030  0.000000   2.110115 r
  frfcfs.scheduler_i/U549/Y (XNOR2X1)                           0.037442  0.052832   2.162947 r
  frfcfs.scheduler_i/n1083 (net)                1     0.002010            0.000000   2.162947 r
  frfcfs.scheduler_i/U548/C (OAI21X1)                           0.037442  0.000000   2.162947 r
  frfcfs.scheduler_i/U548/Y (OAI21X1)                           0.011625  0.020510   2.183457 f
  frfcfs.scheduler_i/n1082 (net)                1     0.001944            0.000000   2.183457 f
  frfcfs.scheduler_i/U547/B (NAND2X1)                           0.011625  0.000000   2.183457 f
  frfcfs.scheduler_i/U547/Y (NAND2X1)                           0.033200  0.011895   2.195351 r
  frfcfs.scheduler_i/n1081 (net)                1     0.001869            0.000000   2.195351 r
  frfcfs.scheduler_i/U471/B (AND2X2)                            0.033200  0.000000   2.195351 r
  frfcfs.scheduler_i/U471/Y (AND2X2)                            0.009312  0.032752   2.228103 r
  frfcfs.scheduler_i/n14 (net)                  1     0.002027            0.000000   2.228103 r
  frfcfs.scheduler_i/U617/B (NAND2X1)                           0.009312  0.000000   2.228103 r
  frfcfs.scheduler_i/U617/Y (NAND2X1)                           0.026649  0.017902   2.246006 f
  frfcfs.scheduler_i/n1043 (net)                2     0.003805            0.000000   2.246006 f
  frfcfs.scheduler_i/U1073/A (OR2X2)                            0.026649  0.000000   2.246006 f
  frfcfs.scheduler_i/U1073/Y (OR2X2)                            0.006645  0.039589   2.285594 f
  frfcfs.scheduler_i/n1036 (net)                1     0.001476            0.000000   2.285594 f
  frfcfs.scheduler_i/U1074/A (INVX1)                            0.006645  0.000000   2.285594 f
  frfcfs.scheduler_i/U1074/Y (INVX1)                            0.000000  0.007527   2.293122 r
  frfcfs.scheduler_i/n195 (net)                 2     0.004634            0.000000   2.293122 r
  frfcfs.scheduler_i/U189/B (AND2X1)                            0.000000  0.000000   2.293122 r
  frfcfs.scheduler_i/U189/Y (AND2X1)                            0.078571  0.071970   2.365092 r
  frfcfs.scheduler_i/n1004 (net)                4     0.011511            0.000000   2.365092 r
  frfcfs.scheduler_i/U468/C (AOI22X1)                           0.078571  0.000000   2.365092 r
  frfcfs.scheduler_i/U468/Y (AOI22X1)                           0.034509  0.032115   2.397207 f
  frfcfs.scheduler_i/n1001 (net)                1     0.001820            0.000000   2.397207 f
  frfcfs.scheduler_i/U560/B (AND2X2)                            0.034509  0.000000   2.397207 f
  frfcfs.scheduler_i/U560/Y (AND2X2)                            0.002831  0.042920   2.440128 f
  frfcfs.scheduler_i/n952 (net)                 1     0.001476            0.000000   2.440128 f
  frfcfs.scheduler_i/U561/A (INVX1)                             0.002831  0.000000   2.440128 f
  frfcfs.scheduler_i/U561/Y (INVX1)                             0.000000  0.007091   2.447219 r
  frfcfs.scheduler_i/n23 (net)                  2     0.004916            0.000000   2.447219 r
  frfcfs.scheduler_i/U466/D (AOI22X1)                           0.000000  0.000000   2.447219 r
  frfcfs.scheduler_i/U466/Y (AOI22X1)                           0.034631  0.011711   2.458930 f
  frfcfs.scheduler_i/n999 (net)                 1     0.001820            0.000000   2.458930 f
  frfcfs.scheduler_i/U59/B (AND2X2)                             0.034631  0.000000   2.458930 f
  frfcfs.scheduler_i/U59/Y (AND2X2)                             0.004806  0.044409   2.503338 f
  frfcfs.scheduler_i/n997 (net)                 1     0.002832            0.000000   2.503338 f
  frfcfs.scheduler_i/U465/C (NAND3X1)                           0.004806  0.000000   2.503338 f
  frfcfs.scheduler_i/U465/Y (NAND3X1)                           0.036583  0.028728   2.532067 r
  frfcfs.scheduler_i/n994 (net)                 1     0.002283            0.000000   2.532067 r
  frfcfs.scheduler_i/U494/B (OR2X2)                             0.036583  0.000000   2.532067 r
  frfcfs.scheduler_i/U494/Y (OR2X2)                             0.028943  0.058529   2.590596 r
  frfcfs.scheduler_i/n229 (net)                 1     0.010083            0.000000   2.590596 r
  frfcfs.scheduler_i/U9/A (INVX8)                               0.028943  0.000000   2.590596 r
  frfcfs.scheduler_i/U9/Y (INVX8)                               0.019673  0.029316   2.619911 f
  frfcfs.scheduler_i/n950 (net)                16     0.041161            0.000000   2.619911 f
  frfcfs.scheduler_i/U445/A (OAI21X1)                           0.019673  0.000000   2.619911 f
  frfcfs.scheduler_i/U445/Y (OAI21X1)                           0.049699  0.049635   2.669547 r
  frfcfs.scheduler_i/n921 (net)                 2     0.003937            0.000000   2.669547 r
  frfcfs.scheduler_i/U1127/A (INVX1)                            0.049699  0.000000   2.669547 r
  frfcfs.scheduler_i/U1127/Y (INVX1)                            0.122148  0.103763   2.773310 f
  frfcfs.scheduler_i/n428 (net)                15     0.039953            0.000000   2.773310 f
  frfcfs.scheduler_i/U297/C (AOI22X1)                           0.122148  0.000000   2.773310 f
  frfcfs.scheduler_i/U297/Y (AOI22X1)                           0.046733  0.064869   2.838179 r
  frfcfs.scheduler_i/n770 (net)                 1     0.002832            0.000000   2.838179 r
  frfcfs.scheduler_i/U294/B (NAND3X1)                           0.046733  0.000000   2.838179 r
  frfcfs.scheduler_i/U294/Y (NAND3X1)                           0.016065  0.022133   2.860312 f
  frfcfs.scheduler_i/n768 (net)                 1     0.002342            0.000000   2.860312 f
  frfcfs.scheduler_i/U233/B (OR2X2)                             0.016065  0.000000   2.860312 f
  frfcfs.scheduler_i/U233/Y (OR2X2)                             0.004792  0.046462   2.906774 f
  frfcfs.scheduler_i/n7 (net)                   1     0.001476            0.000000   2.906774 f
  frfcfs.scheduler_i/U747/A (INVX1)                             0.004792  0.000000   2.906774 f
  frfcfs.scheduler_i/U747/Y (INVX1)                             0.000000  0.008605   2.915379 r
  frfcfs.scheduler_i/n34 (net)                  2     0.005169            0.000000   2.915379 r
  frfcfs.scheduler_i/U208/A (AND2X1)                            0.000000  0.000000   2.915379 r
  frfcfs.scheduler_i/U208/Y (AND2X1)                            0.019440  0.028508   2.943887 r
  frfcfs.scheduler_i/n755 (net)                 1     0.001551            0.000000   2.943887 r
  frfcfs.scheduler_i/U808/A (INVX1)                             0.019440  0.000000   2.943887 r
  frfcfs.scheduler_i/U808/Y (INVX1)                             0.019546  0.024113   2.968001 f
  frfcfs.scheduler_i/n49 (net)                  2     0.005040            0.000000   2.968001 f
  frfcfs.scheduler_i/U291/C (NAND3X1)                           0.019546  0.000000   2.968001 f
  frfcfs.scheduler_i/U291/Y (NAND3X1)                           0.036093  0.031706   2.999707 r
  frfcfs.scheduler_i/n766 (net)                 1     0.002027            0.000000   2.999707 r
  frfcfs.scheduler_i/U290/B (NAND2X1)                           0.036093  0.000000   2.999707 r
  frfcfs.scheduler_i/U290/Y (NAND2X1)                           0.021553  0.022095   3.021802 f
  frfcfs.scheduler_i/n765 (net)                 1     0.002832            0.000000   3.021802 f
  frfcfs.scheduler_i/U289/C (NAND3X1)                           0.021553  0.000000   3.021802 f
  frfcfs.scheduler_i/U289/Y (NAND3X1)                           0.040527  0.035089   3.056891 r
  frfcfs.scheduler_i/n764 (net)                 1     0.002961            0.000000   3.056891 r
  frfcfs.scheduler_i/U288/C (NAND3X1)                           0.040527  0.000000   3.056891 r
  frfcfs.scheduler_i/U288/Y (NAND3X1)                           0.017947  0.018289   3.075181 f
  frfcfs.scheduler_i/n763 (net)                 1     0.002832            0.000000   3.075181 f
  frfcfs.scheduler_i/U287/C (NAND3X1)                           0.017947  0.000000   3.075181 f
  frfcfs.scheduler_i/U287/Y (NAND3X1)                           0.033896  0.029797   3.104977 r
  frfcfs.scheduler_i/n762 (net)                 1     0.001539            0.000000   3.104977 r
  frfcfs.scheduler_i/U1018/A (BUFX2)                            0.033896  0.000000   3.104977 r
  frfcfs.scheduler_i/U1018/Y (BUFX2)                            0.010886  0.035904   3.140881 r
  frfcfs.scheduler_i/n164 (net)                 1     0.002961            0.000000   3.140881 r
  frfcfs.scheduler_i/U286/C (NAND3X1)                           0.010886  0.000000   3.140881 r
  frfcfs.scheduler_i/U286/Y (NAND3X1)                           0.014908  0.009146   3.150027 f
  frfcfs.scheduler_i/n761 (net)                 1     0.001504            0.000000   3.150027 f
  frfcfs.scheduler_i/U1017/A (BUFX2)                            0.014908  0.000000   3.150027 f
  frfcfs.scheduler_i/U1017/Y (BUFX2)                            0.002106  0.033341   3.183368 f
  frfcfs.scheduler_i/n163 (net)                 1     0.001763            0.000000   3.183368 f
  frfcfs.scheduler_i/U11/A (AND2X2)                             0.002106  0.000000   3.183368 f
  frfcfs.scheduler_i/U11/Y (AND2X2)                             0.000000  0.031134   3.214503 f
  frfcfs.scheduler_i/n760 (net)                 1     0.002312            0.000000   3.214503 f
  frfcfs.scheduler_i/U285/C (AOI21X1)                           0.000000  0.000000   3.214503 f
  frfcfs.scheduler_i/U285/Y (AOI21X1)                           0.023825  0.013660   3.228163 r
  frfcfs.scheduler_i/n675 (net)                 1     0.001539            0.000000   3.228163 r
  frfcfs.scheduler_i/U1016/A (BUFX2)                            0.023825  0.000000   3.228163 r
  frfcfs.scheduler_i/U1016/Y (BUFX2)                            0.030642  0.048933   3.277096 r
  frfcfs.scheduler_i/n162 (net)                 4     0.011903            0.000000   3.277096 r
  frfcfs.scheduler_i/U480/A (INVX1)                             0.030642  0.000000   3.277096 r
  frfcfs.scheduler_i/U480/Y (INVX1)                             0.085987  0.073156   3.350252 f
  frfcfs.scheduler_i/select_slot[1] (net)      14     0.027493            0.000000   3.350252 f
  frfcfs.scheduler_i/select_slot[1] (mc_scheduler_frfcfs_Q_DEPTH16_ADDR_W16_AGE_LIMIT128_AGING_ENABLE1)
                                                                          0.000000   3.350252 f
  select_slot[1] (net)                                0.027493            0.000000   3.350252 f
  U14/A (INVX2)                                                 0.085987  0.000000   3.350252 f
  U14/Y (INVX2)                                                 0.050802  0.048784   3.399036 r
  n160 (net)                                    5     0.011897            0.000000   3.399036 r
  U20/A (OR2X1)                                                 0.050802  0.000000   3.399036 r
  U20/Y (OR2X1)                                                 0.016203  0.036971   3.436007 r
  n553 (net)                                    1     0.001551            0.000000   3.436007 r
  U80/A (INVX1)                                                 0.016203  0.000000   3.436007 r
  U80/Y (INVX1)                                                 0.026471  0.027835   3.463842 f
  n32 (net)                                     4     0.007281            0.000000   3.463842 f
  U21/B (AND2X1)                                                0.026471  0.000000   3.463842 f
  U21/Y (AND2X1)                                                0.030717  0.056111   3.519953 f
  n1212 (net)                                   5     0.007381            0.000000   3.519953 f
  U36/A (INVX1)                                                 0.030717  0.000000   3.519953 f
  U36/Y (INVX1)                                                 0.167581  0.127916   3.647869 r
  n69 (net)                                    16     0.039189            0.000000   3.647869 r
  U15/B (OR2X1)                                                 0.167581  0.000000   3.647869 r
  U15/Y (OR2X1)                                                 0.020753  0.056453   3.704321 r
  n708 (net)                                    1     0.002010            0.000000   3.704321 r
  U967/C (OAI21X1)                                              0.020753  0.000000   3.704321 r
  U967/Y (OAI21X1)                                              0.010149  0.016551   3.720872 f
  n711 (net)                                    1     0.002313            0.000000   3.720872 f
  U31/A (OR2X1)                                                 0.010149  0.000000   3.720872 f
  U31/Y (OR2X1)                                                 0.015474  0.041617   3.762490 f
  n716 (net)                                    1     0.003011            0.000000   3.762490 f
  U971/A (NOR3X1)                                               0.015474  0.000000   3.762490 f
  U971/Y (NOR3X1)                                               0.053341  0.050893   3.813383 r
  n717 (net)                                    1     0.002798            0.000000   3.813383 r
  U972/A (MUX2X1)                                               0.053341  0.000000   3.813383 r
  U972/Y (MUX2X1)                                               0.084114  0.029896   3.843279 f
  n719 (net)                                    1     0.001476            0.000000   3.843279 f
  U174/A (INVX1)                                                0.084114  0.000000   3.843279 f
  U174/Y (INVX1)                                                0.026854  0.052263   3.895542 r
  cmd_wdata[16] (net)                           1     0.010000            0.000000   3.895542 r
  cmd_wdata[16] (out)                                           0.026854  0.000000   3.895542 r
  data arrival time                                                                  3.895542

  clock core_clk (rise edge)                                              5.000000   5.000000
  clock network delay (ideal)                                             0.000000   5.000000
  clock uncertainty                                                       -0.100000  4.900000
  output external delay                                                   -1.000000  3.900000
  data required time                                                                 3.900000
  ----------------------------------------------------------------------------------------------
  data required time                                                                 3.900000
  data arrival time                                                                  -3.895542
  ----------------------------------------------------------------------------------------------
  slack (MET)                                                                        0.004458


  Startpoint: table_i/addresses_reg[80]
              (rising edge-triggered flip-flop clocked by core_clk)
  Endpoint: cmd_wdata[15]
            (output port clocked by core_clk)
  Path Group: core_clk
  Path Type: max

  Point                                       Fanout       Cap     Trans      Incr       Path
  ----------------------------------------------------------------------------------------------
  clock core_clk (rise edge)                                              0.000000   0.000000
  clock network delay (ideal)                                             0.000000   0.000000
  table_i/addresses_reg[80]/CLK (DFFPOSX1)                      0.000000  0.000000 # 0.000000 r
  table_i/addresses_reg[80]/Q (DFFPOSX1)                        0.041902  0.119515   0.119515 f
  table_i/addresses[80] (net)                  10     0.019067            0.000000   0.119515 f
  table_i/addresses[80] (mc_transaction_table_Q_DEPTH16_ADDR_W16_DATA_W32_TAG_W8_READ_LATENCY3_AGE_LIMIT128)
                                                                          0.000000   0.119515 f
  addresses[80] (net)                                 0.019067            0.000000   0.119515 f
  candidates_i/addresses[80] (mc_candidates_Q_DEPTH16_ROW_W8_COL_W6)      0.000000   0.119515 f
  candidates_i/N1286 (net)                            0.019067            0.000000   0.119515 f
  candidates_i/U4228/A (INVX1)                                  0.041902  0.000000   0.119515 f
  candidates_i/U4228/Y (INVX1)                                  0.000000  0.015062   0.134577 r
  candidates_i/n1392 (net)                      2     0.003102            0.000000   0.134577 r
  candidates_i/U4048/A (INVX1)                                  0.000000  0.000000   0.134577 r
  candidates_i/U4048/Y (INVX1)                                  0.044758  0.035269   0.169846 f
  candidates_i/n1390 (net)                      6     0.013033            0.000000   0.169846 f
  candidates_i/U3360/A (INVX1)                                  0.044758  0.000000   0.169846 f
  candidates_i/U3360/Y (INVX1)                                  0.147971  0.119325   0.289170 r
  candidates_i/n1394 (net)                     15     0.035035            0.000000   0.289170 r
  candidates_i/U3780/A (OR2X1)                                  0.147971  0.000000   0.289170 r
  candidates_i/U3780/Y (OR2X1)                                  0.014368  0.041603   0.330773 r
  candidates_i/n7639 (net)                      1     0.002655            0.000000   0.330773 r
  candidates_i/U412/A (INVX2)                                   0.014368  0.000000   0.330773 r
  candidates_i/U412/Y (INVX2)                                   0.055978  0.057379   0.388152 f
  candidates_i/n1227 (net)                     17     0.048037            0.000000   0.388152 f
  candidates_i/U8126/D (AOI22X1)                                0.055978  0.000000   0.388152 f
  candidates_i/U8126/Y (AOI22X1)                                0.040566  0.037480   0.425631 r
  candidates_i/n7623 (net)                      1     0.001539            0.000000   0.425631 r
  candidates_i/U2457/A (BUFX2)                                  0.040566  0.000000   0.425631 r
  candidates_i/U2457/Y (BUFX2)                                  0.010382  0.035535   0.461167 r
  candidates_i/n384 (net)                       1     0.002343            0.000000   0.461167 r
  candidates_i/U87/B (AND2X1)                                   0.010382  0.000000   0.461167 r
  candidates_i/U87/Y (AND2X1)                                   0.029908  0.040580   0.501746 r
  candidates_i/N1821 (net)                      1     0.001551            0.000000   0.501746 r
  candidates_i/U2455/A (INVX1)                                  0.029908  0.000000   0.501746 r
  candidates_i/U2455/Y (INVX1)                                  0.016060  0.025054   0.526801 f
  candidates_i/n382 (net)                       2     0.004119            0.000000   0.526801 f
  candidates_i/U111/B (OR2X1)                                   0.016060  0.000000   0.526801 f
  candidates_i/U111/Y (OR2X1)                                   0.017085  0.052343   0.579144 f
  candidates_i/n7233 (net)                      2     0.003829            0.000000   0.579144 f
  candidates_i/U7902/A (NAND2X1)                                0.017085  0.000000   0.579144 f
  candidates_i/U7902/Y (NAND2X1)                                0.038162  0.030105   0.609248 r
  candidates_i/n7237 (net)                      1     0.002764            0.000000   0.609248 r
  candidates_i/U7905/B (AOI22X1)                                0.038162  0.000000   0.609248 r
  candidates_i/U7905/Y (AOI22X1)                                0.036814  0.035230   0.644478 f
  candidates_i/n7239 (net)                      1     0.002832            0.000000   0.644478 f
  candidates_i/U7906/C (NAND3X1)                                0.036814  0.000000   0.644478 f
  candidates_i/U7906/Y (NAND3X1)                                0.040351  0.039174   0.683653 r
  candidates_i/n7248 (net)                      1     0.003021            0.000000   0.683653 r
  candidates_i/U7911/A (NOR3X1)                                 0.040351  0.000000   0.683653 r
  candidates_i/U7911/Y (NOR3X1)                                 0.025621  0.040915   0.724568 f
  candidates_i/N1829 (net)                      1     0.001827            0.000000   0.724568 f
  candidates_i/U392/B (AND2X1)                                  0.025621  0.000000   0.724568 f
  candidates_i/U392/Y (AND2X1)                                  0.056481  0.074783   0.799351 f
  candidates_i/hit[5] (net)                     7     0.016597            0.000000   0.799351 f
  candidates_i/U1876/A (NAND3X1)                                0.056481  0.000000   0.799351 f
  candidates_i/U1876/Y (NAND3X1)                                0.032736  0.049640   0.848991 r
  candidates_i/n2941 (net)                      1     0.001869            0.000000   0.848991 r
  candidates_i/U395/B (AND2X2)                                  0.032736  0.000000   0.848991 r
  candidates_i/U395/Y (AND2X2)                                  0.011421  0.034161   0.883152 r
  candidates_i/n2939 (net)                      1     0.002961            0.000000   0.883152 r
  candidates_i/U1875/C (NAND3X1)                                0.011421  0.000000   0.883152 r
  candidates_i/U1875/Y (NAND3X1)                                0.017939  0.011793   0.894945 f
  candidates_i/n2817 (net)                      1     0.003011            0.000000   0.894945 f
  candidates_i/U1748/A (NOR3X1)                                 0.017939  0.000000   0.894945 f
  candidates_i/U1748/Y (NOR3X1)                                 0.050920  0.049695   0.944639 r
  candidates_i/n2816 (net)                      1     0.002343            0.000000   0.944639 r
  candidates_i/U3808/B (AND2X1)                                 0.050920  0.000000   0.944639 r
  candidates_i/U3808/Y (AND2X1)                                 0.025498  0.037568   0.982207 r
  candidates_i/n1242 (net)                      1     0.001551            0.000000   0.982207 r
  candidates_i/U86/A (INVX1)                                    0.025498  0.000000   0.982207 r
  candidates_i/U86/Y (INVX1)                                    0.097130  0.079190   1.061397 f
  candidates_i/n2789 (net)                     16     0.031107            0.000000   1.061397 f
  candidates_i/U1735/B (NAND2X1)                                0.097130  0.000000   1.061397 f
  candidates_i/U1735/Y (NAND2X1)                                0.032408  0.041784   1.103181 r
  candidates_i/n2809 (net)                      1     0.002548            0.000000   1.103181 r
  candidates_i/U1734/A (NAND3X1)                                0.032408  0.000000   1.103181 r
  candidates_i/U1734/Y (NAND3X1)                                0.010647  0.019548   1.122729 f
  candidates_i/n2808 (net)                      1     0.001476            0.000000   1.122729 f
  candidates_i/U3909/A (INVX1)                                  0.010647  0.000000   1.122729 f
  candidates_i/U3909/Y (INVX1)                                  0.208389  0.148141   1.270870 r
  candidates_i/n7399 (net)                     17     0.047560            0.000000   1.270870 r
  candidates_i/U1644/C (AOI22X1)                                0.208389  0.000000   1.270870 r
  candidates_i/U1644/Y (AOI22X1)                                0.034091  0.061846   1.332716 f
  candidates_i/n2714 (net)                      1     0.001763            0.000000   1.332716 f
  candidates_i/U375/A (AND2X2)                                  0.034091  0.000000   1.332716 f
  candidates_i/U375/Y (AND2X2)                                  0.004683  0.039695   1.372411 f
  candidates_i/n2713 (net)                      1     0.002832            0.000000   1.372411 f
  candidates_i/U1642/C (NAND3X1)                                0.004683  0.000000   1.372411 f
  candidates_i/U1642/Y (NAND3X1)                                0.037240  0.028726   1.401137 r
  candidates_i/n2703 (net)                      1     0.002292            0.000000   1.401137 r
  candidates_i/U373/A (OR2X2)                                   0.037240  0.000000   1.401137 r
  candidates_i/U373/Y (OR2X2)                                   0.017298  0.043922   1.445059 r
  candidates_i/n2054 (net)                      2     0.004842            0.000000   1.445059 r
  candidates_i/U1625/B (NAND3X1)                                0.017298  0.000000   1.445059 r
  candidates_i/U1625/Y (NAND3X1)                                0.016156  0.014692   1.459751 f
  candidates_i/n2690 (net)                      1     0.001924            0.000000   1.459751 f
  candidates_i/U1624/C (OAI21X1)                                0.016156  0.000000   1.459751 f
  candidates_i/U1624/Y (OAI21X1)                                0.045607  0.022346   1.482097 r
  candidates_i/n2663 (net)                      1     0.002817            0.000000   1.482097 r
  candidates_i/U1601/A (AOI22X1)                                0.045607  0.000000   1.482097 r
  candidates_i/U1601/Y (AOI22X1)                                0.035654  0.040046   1.522143 f
  candidates_i/n2662 (net)                      1     0.002312            0.000000   1.522143 f
  candidates_i/U1600/C (AOI21X1)                                0.035654  0.000000   1.522143 f
  candidates_i/U1600/Y (AOI21X1)                                0.027785  0.025672   1.547815 r
  candidates_i/n2661 (net)                      1     0.002386            0.000000   1.547815 r
  candidates_i/U1599/C (AOI21X1)                                0.027785  0.000000   1.547815 r
  candidates_i/U1599/Y (AOI21X1)                                0.015014  0.017616   1.565430 f
  candidates_i/n2646 (net)                      1     0.002632            0.000000   1.565430 f
  candidates_i/U1587/B (OAI21X1)                                0.015014  0.000000   1.565430 f
  candidates_i/U1587/Y (OAI21X1)                                0.041918  0.040493   1.605923 r
  candidates_i/n2631 (net)                      1     0.002111            0.000000   1.605923 r
  candidates_i/U1575/A (NAND2X1)                                0.041918  0.000000   1.605923 r
  candidates_i/U1575/Y (NAND2X1)                                0.020639  0.018692   1.624615 f
  candidates_i/n2630 (net)                      1     0.001944            0.000000   1.624615 f
  candidates_i/U1574/B (NAND2X1)                                0.020639  0.000000   1.624615 f
  candidates_i/U1574/Y (NAND2X1)                                0.036723  0.017556   1.642171 r
  candidates_i/n2601 (net)                      1     0.002741            0.000000   1.642171 r
  candidates_i/U1550/A (AOI21X1)                                0.036723  0.000000   1.642171 r
  candidates_i/U1550/Y (AOI21X1)                                0.017841  0.022767   1.664938 f
  candidates_i/n2586 (net)                      1     0.002632            0.000000   1.664938 f
  candidates_i/U1538/B (OAI21X1)                                0.017841  0.000000   1.664938 f
  candidates_i/U1538/Y (OAI21X1)                                0.088538  0.073061   1.737999 r
  candidates_i/candidate_slots[0] (net)         6     0.012093            0.000000   1.737999 r
  candidates_i/candidate_slots[0] (mc_candidates_Q_DEPTH16_ROW_W8_COL_W6) 0.000000   1.737999 r
  candidate_slots[0] (net)                            0.012093            0.000000   1.737999 r
  frfcfs.scheduler_i/candidate_slots[0] (mc_scheduler_frfcfs_Q_DEPTH16_ADDR_W16_AGE_LIMIT128_AGING_ENABLE1)
                                                                          0.000000   1.737999 r
  frfcfs.scheduler_i/N608 (net)                       0.012093            0.000000   1.737999 r
  frfcfs.scheduler_i/U1140/A (INVX1)                            0.088538  0.000000   1.737999 r
  frfcfs.scheduler_i/U1140/Y (INVX1)                            0.021661  0.047484   1.785483 f
  frfcfs.scheduler_i/n448 (net)                 4     0.007338            0.000000   1.785483 f
  frfcfs.scheduler_i/U1095/A (AND2X1)                           0.021661  0.000000   1.785483 f
  frfcfs.scheduler_i/U1095/Y (AND2X1)                           0.013877  0.032235   1.817717 f
  frfcfs.scheduler_i/n1400 (net)                1     0.001476            0.000000   1.817717 f
  frfcfs.scheduler_i/U152/A (INVX1)                             0.013877  0.000000   1.817717 f
  frfcfs.scheduler_i/U152/Y (INVX1)                             0.119699  0.092897   1.910614 r
  frfcfs.scheduler_i/n209 (net)                12     0.030178            0.000000   1.910614 r
  frfcfs.scheduler_i/U62/B (OR2X1)                              0.119699  0.000000   1.910614 r
  frfcfs.scheduler_i/U62/Y (OR2X1)                              0.016183  0.052657   1.963272 r
  frfcfs.scheduler_i/n1363 (net)                1     0.001551            0.000000   1.963272 r
  frfcfs.scheduler_i/U872/A (INVX1)                             0.016183  0.000000   1.963272 r
  frfcfs.scheduler_i/U872/Y (INVX1)                             0.013872  0.019186   1.982458 f
  frfcfs.scheduler_i/n85 (net)                  1     0.003067            0.000000   1.982458 f
  frfcfs.scheduler_i/U1524/B (NOR3X1)                           0.013872  0.000000   1.982458 f
  frfcfs.scheduler_i/U1524/Y (NOR3X1)                           0.053574  0.040192   2.022650 r
  frfcfs.scheduler_i/n1370 (net)                1     0.002744            0.000000   2.022650 r
  frfcfs.scheduler_i/U1529/B (MUX2X1)                           0.053574  0.000000   2.022650 r
  frfcfs.scheduler_i/U1529/Y (MUX2X1)                           0.014471  0.029664   2.052314 f
  frfcfs.scheduler_i/n1382 (net)                1     0.002569            0.000000   2.052314 f
  frfcfs.scheduler_i/U1537/B (MUX2X1)                           0.014471  0.000000   2.052314 f
  frfcfs.scheduler_i/U1537/Y (MUX2X1)                           0.057030  0.057802   2.110115 r
  frfcfs.scheduler_i/N1469 (net)                1     0.005589            0.000000   2.110115 r
  frfcfs.scheduler_i/U549/B (XNOR2X1)                           0.057030  0.000000   2.110115 r
  frfcfs.scheduler_i/U549/Y (XNOR2X1)                           0.037442  0.052832   2.162947 r
  frfcfs.scheduler_i/n1083 (net)                1     0.002010            0.000000   2.162947 r
  frfcfs.scheduler_i/U548/C (OAI21X1)                           0.037442  0.000000   2.162947 r
  frfcfs.scheduler_i/U548/Y (OAI21X1)                           0.011625  0.020510   2.183457 f
  frfcfs.scheduler_i/n1082 (net)                1     0.001944            0.000000   2.183457 f
  frfcfs.scheduler_i/U547/B (NAND2X1)                           0.011625  0.000000   2.183457 f
  frfcfs.scheduler_i/U547/Y (NAND2X1)                           0.033200  0.011895   2.195351 r
  frfcfs.scheduler_i/n1081 (net)                1     0.001869            0.000000   2.195351 r
  frfcfs.scheduler_i/U471/B (AND2X2)                            0.033200  0.000000   2.195351 r
  frfcfs.scheduler_i/U471/Y (AND2X2)                            0.009312  0.032752   2.228103 r
  frfcfs.scheduler_i/n14 (net)                  1     0.002027            0.000000   2.228103 r
  frfcfs.scheduler_i/U617/B (NAND2X1)                           0.009312  0.000000   2.228103 r
  frfcfs.scheduler_i/U617/Y (NAND2X1)                           0.026649  0.017902   2.246006 f
  frfcfs.scheduler_i/n1043 (net)                2     0.003805            0.000000   2.246006 f
  frfcfs.scheduler_i/U1073/A (OR2X2)                            0.026649  0.000000   2.246006 f
  frfcfs.scheduler_i/U1073/Y (OR2X2)                            0.006645  0.039589   2.285594 f
  frfcfs.scheduler_i/n1036 (net)                1     0.001476            0.000000   2.285594 f
  frfcfs.scheduler_i/U1074/A (INVX1)                            0.006645  0.000000   2.285594 f
  frfcfs.scheduler_i/U1074/Y (INVX1)                            0.000000  0.007527   2.293122 r
  frfcfs.scheduler_i/n195 (net)                 2     0.004634            0.000000   2.293122 r
  frfcfs.scheduler_i/U189/B (AND2X1)                            0.000000  0.000000   2.293122 r
  frfcfs.scheduler_i/U189/Y (AND2X1)                            0.078571  0.071970   2.365092 r
  frfcfs.scheduler_i/n1004 (net)                4     0.011511            0.000000   2.365092 r
  frfcfs.scheduler_i/U468/C (AOI22X1)                           0.078571  0.000000   2.365092 r
  frfcfs.scheduler_i/U468/Y (AOI22X1)                           0.034509  0.032115   2.397207 f
  frfcfs.scheduler_i/n1001 (net)                1     0.001820            0.000000   2.397207 f
  frfcfs.scheduler_i/U560/B (AND2X2)                            0.034509  0.000000   2.397207 f
  frfcfs.scheduler_i/U560/Y (AND2X2)                            0.002831  0.042920   2.440128 f
  frfcfs.scheduler_i/n952 (net)                 1     0.001476            0.000000   2.440128 f
  frfcfs.scheduler_i/U561/A (INVX1)                             0.002831  0.000000   2.440128 f
  frfcfs.scheduler_i/U561/Y (INVX1)                             0.000000  0.007091   2.447219 r
  frfcfs.scheduler_i/n23 (net)                  2     0.004916            0.000000   2.447219 r
  frfcfs.scheduler_i/U466/D (AOI22X1)                           0.000000  0.000000   2.447219 r
  frfcfs.scheduler_i/U466/Y (AOI22X1)                           0.034631  0.011711   2.458930 f
  frfcfs.scheduler_i/n999 (net)                 1     0.001820            0.000000   2.458930 f
  frfcfs.scheduler_i/U59/B (AND2X2)                             0.034631  0.000000   2.458930 f
  frfcfs.scheduler_i/U59/Y (AND2X2)                             0.004806  0.044409   2.503338 f
  frfcfs.scheduler_i/n997 (net)                 1     0.002832            0.000000   2.503338 f
  frfcfs.scheduler_i/U465/C (NAND3X1)                           0.004806  0.000000   2.503338 f
  frfcfs.scheduler_i/U465/Y (NAND3X1)                           0.036583  0.028728   2.532067 r
  frfcfs.scheduler_i/n994 (net)                 1     0.002283            0.000000   2.532067 r
  frfcfs.scheduler_i/U494/B (OR2X2)                             0.036583  0.000000   2.532067 r
  frfcfs.scheduler_i/U494/Y (OR2X2)                             0.028943  0.058529   2.590596 r
  frfcfs.scheduler_i/n229 (net)                 1     0.010083            0.000000   2.590596 r
  frfcfs.scheduler_i/U9/A (INVX8)                               0.028943  0.000000   2.590596 r
  frfcfs.scheduler_i/U9/Y (INVX8)                               0.019673  0.029316   2.619911 f
  frfcfs.scheduler_i/n950 (net)                16     0.041161            0.000000   2.619911 f
  frfcfs.scheduler_i/U445/A (OAI21X1)                           0.019673  0.000000   2.619911 f
  frfcfs.scheduler_i/U445/Y (OAI21X1)                           0.049699  0.049635   2.669547 r
  frfcfs.scheduler_i/n921 (net)                 2     0.003937            0.000000   2.669547 r
  frfcfs.scheduler_i/U1127/A (INVX1)                            0.049699  0.000000   2.669547 r
  frfcfs.scheduler_i/U1127/Y (INVX1)                            0.122148  0.103763   2.773310 f
  frfcfs.scheduler_i/n428 (net)                15     0.039953            0.000000   2.773310 f
  frfcfs.scheduler_i/U297/C (AOI22X1)                           0.122148  0.000000   2.773310 f
  frfcfs.scheduler_i/U297/Y (AOI22X1)                           0.046733  0.064869   2.838179 r
  frfcfs.scheduler_i/n770 (net)                 1     0.002832            0.000000   2.838179 r
  frfcfs.scheduler_i/U294/B (NAND3X1)                           0.046733  0.000000   2.838179 r
  frfcfs.scheduler_i/U294/Y (NAND3X1)                           0.016065  0.022133   2.860312 f
  frfcfs.scheduler_i/n768 (net)                 1     0.002342            0.000000   2.860312 f
  frfcfs.scheduler_i/U233/B (OR2X2)                             0.016065  0.000000   2.860312 f
  frfcfs.scheduler_i/U233/Y (OR2X2)                             0.004792  0.046462   2.906774 f
  frfcfs.scheduler_i/n7 (net)                   1     0.001476            0.000000   2.906774 f
  frfcfs.scheduler_i/U747/A (INVX1)                             0.004792  0.000000   2.906774 f
  frfcfs.scheduler_i/U747/Y (INVX1)                             0.000000  0.008605   2.915379 r
  frfcfs.scheduler_i/n34 (net)                  2     0.005169            0.000000   2.915379 r
  frfcfs.scheduler_i/U208/A (AND2X1)                            0.000000  0.000000   2.915379 r
  frfcfs.scheduler_i/U208/Y (AND2X1)                            0.019440  0.028508   2.943887 r
  frfcfs.scheduler_i/n755 (net)                 1     0.001551            0.000000   2.943887 r
  frfcfs.scheduler_i/U808/A (INVX1)                             0.019440  0.000000   2.943887 r
  frfcfs.scheduler_i/U808/Y (INVX1)                             0.019546  0.024113   2.968001 f
  frfcfs.scheduler_i/n49 (net)                  2     0.005040            0.000000   2.968001 f
  frfcfs.scheduler_i/U291/C (NAND3X1)                           0.019546  0.000000   2.968001 f
  frfcfs.scheduler_i/U291/Y (NAND3X1)                           0.036093  0.031706   2.999707 r
  frfcfs.scheduler_i/n766 (net)                 1     0.002027            0.000000   2.999707 r
  frfcfs.scheduler_i/U290/B (NAND2X1)                           0.036093  0.000000   2.999707 r
  frfcfs.scheduler_i/U290/Y (NAND2X1)                           0.021553  0.022095   3.021802 f
  frfcfs.scheduler_i/n765 (net)                 1     0.002832            0.000000   3.021802 f
  frfcfs.scheduler_i/U289/C (NAND3X1)                           0.021553  0.000000   3.021802 f
  frfcfs.scheduler_i/U289/Y (NAND3X1)                           0.040527  0.035089   3.056891 r
  frfcfs.scheduler_i/n764 (net)                 1     0.002961            0.000000   3.056891 r
  frfcfs.scheduler_i/U288/C (NAND3X1)                           0.040527  0.000000   3.056891 r
  frfcfs.scheduler_i/U288/Y (NAND3X1)                           0.017947  0.018289   3.075181 f
  frfcfs.scheduler_i/n763 (net)                 1     0.002832            0.000000   3.075181 f
  frfcfs.scheduler_i/U287/C (NAND3X1)                           0.017947  0.000000   3.075181 f
  frfcfs.scheduler_i/U287/Y (NAND3X1)                           0.033896  0.029797   3.104977 r
  frfcfs.scheduler_i/n762 (net)                 1     0.001539            0.000000   3.104977 r
  frfcfs.scheduler_i/U1018/A (BUFX2)                            0.033896  0.000000   3.104977 r
  frfcfs.scheduler_i/U1018/Y (BUFX2)                            0.010886  0.035904   3.140881 r
  frfcfs.scheduler_i/n164 (net)                 1     0.002961            0.000000   3.140881 r
  frfcfs.scheduler_i/U286/C (NAND3X1)                           0.010886  0.000000   3.140881 r
  frfcfs.scheduler_i/U286/Y (NAND3X1)                           0.014908  0.009146   3.150027 f
  frfcfs.scheduler_i/n761 (net)                 1     0.001504            0.000000   3.150027 f
  frfcfs.scheduler_i/U1017/A (BUFX2)                            0.014908  0.000000   3.150027 f
  frfcfs.scheduler_i/U1017/Y (BUFX2)                            0.002106  0.033341   3.183368 f
  frfcfs.scheduler_i/n163 (net)                 1     0.001763            0.000000   3.183368 f
  frfcfs.scheduler_i/U11/A (AND2X2)                             0.002106  0.000000   3.183368 f
  frfcfs.scheduler_i/U11/Y (AND2X2)                             0.000000  0.031134   3.214503 f
  frfcfs.scheduler_i/n760 (net)                 1     0.002312            0.000000   3.214503 f
  frfcfs.scheduler_i/U285/C (AOI21X1)                           0.000000  0.000000   3.214503 f
  frfcfs.scheduler_i/U285/Y (AOI21X1)                           0.023825  0.013660   3.228163 r
  frfcfs.scheduler_i/n675 (net)                 1     0.001539            0.000000   3.228163 r
  frfcfs.scheduler_i/U1016/A (BUFX2)                            0.023825  0.000000   3.228163 r
  frfcfs.scheduler_i/U1016/Y (BUFX2)                            0.030642  0.048933   3.277096 r
  frfcfs.scheduler_i/n162 (net)                 4     0.011903            0.000000   3.277096 r
  frfcfs.scheduler_i/U480/A (INVX1)                             0.030642  0.000000   3.277096 r
  frfcfs.scheduler_i/U480/Y (INVX1)                             0.085987  0.073156   3.350252 f
  frfcfs.scheduler_i/select_slot[1] (net)      14     0.027493            0.000000   3.350252 f
  frfcfs.scheduler_i/select_slot[1] (mc_scheduler_frfcfs_Q_DEPTH16_ADDR_W16_AGE_LIMIT128_AGING_ENABLE1)
                                                                          0.000000   3.350252 f
  select_slot[1] (net)                                0.027493            0.000000   3.350252 f
  U14/A (INVX2)                                                 0.085987  0.000000   3.350252 f
  U14/Y (INVX2)                                                 0.050802  0.048784   3.399036 r
  n160 (net)                                    5     0.011897            0.000000   3.399036 r
  U20/A (OR2X1)                                                 0.050802  0.000000   3.399036 r
  U20/Y (OR2X1)                                                 0.016203  0.036971   3.436007 r
  n553 (net)                                    1     0.001551            0.000000   3.436007 r
  U80/A (INVX1)                                                 0.016203  0.000000   3.436007 r
  U80/Y (INVX1)                                                 0.026471  0.027835   3.463842 f
  n32 (net)                                     4     0.007281            0.000000   3.463842 f
  U21/B (AND2X1)                                                0.026471  0.000000   3.463842 f
  U21/Y (AND2X1)                                                0.030717  0.056111   3.519953 f
  n1212 (net)                                   5     0.007381            0.000000   3.519953 f
  U36/A (INVX1)                                                 0.030717  0.000000   3.519953 f
  U36/Y (INVX1)                                                 0.167581  0.127916   3.647869 r
  n69 (net)                                    16     0.039189            0.000000   3.647869 r
  U345/B (OR2X1)                                                0.167581  0.000000   3.647869 r
  U345/Y (OR2X1)                                                0.020753  0.056453   3.704321 r
  n687 (net)                                    1     0.002010            0.000000   3.704321 r
  U956/C (OAI21X1)                                              0.020753  0.000000   3.704321 r
  U956/Y (OAI21X1)                                              0.010149  0.016551   3.720872 f
  n690 (net)                                    1     0.002313            0.000000   3.720872 f
  U344/A (OR2X1)                                                0.010149  0.000000   3.720872 f
  U344/Y (OR2X1)                                                0.015474  0.041617   3.762490 f
  n695 (net)                                    1     0.003011            0.000000   3.762490 f
  U960/A (NOR3X1)                                               0.015474  0.000000   3.762490 f
  U960/Y (NOR3X1)                                               0.053341  0.050893   3.813383 r
  n696 (net)                                    1     0.002798            0.000000   3.813383 r
  U961/A (MUX2X1)                                               0.053341  0.000000   3.813383 r
  U961/Y (MUX2X1)                                               0.084114  0.029896   3.843279 f
  n698 (net)                                    1     0.001476            0.000000   3.843279 f
  U173/A (INVX1)                                                0.084114  0.000000   3.843279 f
  U173/Y (INVX1)                                                0.026854  0.052263   3.895542 r
  cmd_wdata[15] (net)                           1     0.010000            0.000000   3.895542 r
  cmd_wdata[15] (out)                                           0.026854  0.000000   3.895542 r
  data arrival time                                                                  3.895542

  clock core_clk (rise edge)                                              5.000000   5.000000
  clock network delay (ideal)                                             0.000000   5.000000
  clock uncertainty                                                       -0.100000  4.900000
  output external delay                                                   -1.000000  3.900000
  data required time                                                                 3.900000
  ----------------------------------------------------------------------------------------------
  data required time                                                                 3.900000
  data arrival time                                                                  -3.895542
  ----------------------------------------------------------------------------------------------
  slack (MET)                                                                        0.004458


  Startpoint: table_i/addresses_reg[80]
              (rising edge-triggered flip-flop clocked by core_clk)
  Endpoint: cmd_wdata[14]
            (output port clocked by core_clk)
  Path Group: core_clk
  Path Type: max

  Point                                       Fanout       Cap     Trans      Incr       Path
  ----------------------------------------------------------------------------------------------
  clock core_clk (rise edge)                                              0.000000   0.000000
  clock network delay (ideal)                                             0.000000   0.000000
  table_i/addresses_reg[80]/CLK (DFFPOSX1)                      0.000000  0.000000 # 0.000000 r
  table_i/addresses_reg[80]/Q (DFFPOSX1)                        0.041902  0.119515   0.119515 f
  table_i/addresses[80] (net)                  10     0.019067            0.000000   0.119515 f
  table_i/addresses[80] (mc_transaction_table_Q_DEPTH16_ADDR_W16_DATA_W32_TAG_W8_READ_LATENCY3_AGE_LIMIT128)
                                                                          0.000000   0.119515 f
  addresses[80] (net)                                 0.019067            0.000000   0.119515 f
  candidates_i/addresses[80] (mc_candidates_Q_DEPTH16_ROW_W8_COL_W6)      0.000000   0.119515 f
  candidates_i/N1286 (net)                            0.019067            0.000000   0.119515 f
  candidates_i/U4228/A (INVX1)                                  0.041902  0.000000   0.119515 f
  candidates_i/U4228/Y (INVX1)                                  0.000000  0.015062   0.134577 r
  candidates_i/n1392 (net)                      2     0.003102            0.000000   0.134577 r
  candidates_i/U4048/A (INVX1)                                  0.000000  0.000000   0.134577 r
  candidates_i/U4048/Y (INVX1)                                  0.044758  0.035269   0.169846 f
  candidates_i/n1390 (net)                      6     0.013033            0.000000   0.169846 f
  candidates_i/U3360/A (INVX1)                                  0.044758  0.000000   0.169846 f
  candidates_i/U3360/Y (INVX1)                                  0.147971  0.119325   0.289170 r
  candidates_i/n1394 (net)                     15     0.035035            0.000000   0.289170 r
  candidates_i/U3780/A (OR2X1)                                  0.147971  0.000000   0.289170 r
  candidates_i/U3780/Y (OR2X1)                                  0.014368  0.041603   0.330773 r
  candidates_i/n7639 (net)                      1     0.002655            0.000000   0.330773 r
  candidates_i/U412/A (INVX2)                                   0.014368  0.000000   0.330773 r
  candidates_i/U412/Y (INVX2)                                   0.055978  0.057379   0.388152 f
  candidates_i/n1227 (net)                     17     0.048037            0.000000   0.388152 f
  candidates_i/U8126/D (AOI22X1)                                0.055978  0.000000   0.388152 f
  candidates_i/U8126/Y (AOI22X1)                                0.040566  0.037480   0.425631 r
  candidates_i/n7623 (net)                      1     0.001539            0.000000   0.425631 r
  candidates_i/U2457/A (BUFX2)                                  0.040566  0.000000   0.425631 r
  candidates_i/U2457/Y (BUFX2)                                  0.010382  0.035535   0.461167 r
  candidates_i/n384 (net)                       1     0.002343            0.000000   0.461167 r
  candidates_i/U87/B (AND2X1)                                   0.010382  0.000000   0.461167 r
  candidates_i/U87/Y (AND2X1)                                   0.029908  0.040580   0.501746 r
  candidates_i/N1821 (net)                      1     0.001551            0.000000   0.501746 r
  candidates_i/U2455/A (INVX1)                                  0.029908  0.000000   0.501746 r
  candidates_i/U2455/Y (INVX1)                                  0.016060  0.025054   0.526801 f
  candidates_i/n382 (net)                       2     0.004119            0.000000   0.526801 f
  candidates_i/U111/B (OR2X1)                                   0.016060  0.000000   0.526801 f
  candidates_i/U111/Y (OR2X1)                                   0.017085  0.052343   0.579144 f
  candidates_i/n7233 (net)                      2     0.003829            0.000000   0.579144 f
  candidates_i/U7902/A (NAND2X1)                                0.017085  0.000000   0.579144 f
  candidates_i/U7902/Y (NAND2X1)                                0.038162  0.030105   0.609248 r
  candidates_i/n7237 (net)                      1     0.002764            0.000000   0.609248 r
  candidates_i/U7905/B (AOI22X1)                                0.038162  0.000000   0.609248 r
  candidates_i/U7905/Y (AOI22X1)                                0.036814  0.035230   0.644478 f
  candidates_i/n7239 (net)                      1     0.002832            0.000000   0.644478 f
  candidates_i/U7906/C (NAND3X1)                                0.036814  0.000000   0.644478 f
  candidates_i/U7906/Y (NAND3X1)                                0.040351  0.039174   0.683653 r
  candidates_i/n7248 (net)                      1     0.003021            0.000000   0.683653 r
  candidates_i/U7911/A (NOR3X1)                                 0.040351  0.000000   0.683653 r
  candidates_i/U7911/Y (NOR3X1)                                 0.025621  0.040915   0.724568 f
  candidates_i/N1829 (net)                      1     0.001827            0.000000   0.724568 f
  candidates_i/U392/B (AND2X1)                                  0.025621  0.000000   0.724568 f
  candidates_i/U392/Y (AND2X1)                                  0.056481  0.074783   0.799351 f
  candidates_i/hit[5] (net)                     7     0.016597            0.000000   0.799351 f
  candidates_i/U1876/A (NAND3X1)                                0.056481  0.000000   0.799351 f
  candidates_i/U1876/Y (NAND3X1)                                0.032736  0.049640   0.848991 r
  candidates_i/n2941 (net)                      1     0.001869            0.000000   0.848991 r
  candidates_i/U395/B (AND2X2)                                  0.032736  0.000000   0.848991 r
  candidates_i/U395/Y (AND2X2)                                  0.011421  0.034161   0.883152 r
  candidates_i/n2939 (net)                      1     0.002961            0.000000   0.883152 r
  candidates_i/U1875/C (NAND3X1)                                0.011421  0.000000   0.883152 r
  candidates_i/U1875/Y (NAND3X1)                                0.017939  0.011793   0.894945 f
  candidates_i/n2817 (net)                      1     0.003011            0.000000   0.894945 f
  candidates_i/U1748/A (NOR3X1)                                 0.017939  0.000000   0.894945 f
  candidates_i/U1748/Y (NOR3X1)                                 0.050920  0.049695   0.944639 r
  candidates_i/n2816 (net)                      1     0.002343            0.000000   0.944639 r
  candidates_i/U3808/B (AND2X1)                                 0.050920  0.000000   0.944639 r
  candidates_i/U3808/Y (AND2X1)                                 0.025498  0.037568   0.982207 r
  candidates_i/n1242 (net)                      1     0.001551            0.000000   0.982207 r
  candidates_i/U86/A (INVX1)                                    0.025498  0.000000   0.982207 r
  candidates_i/U86/Y (INVX1)                                    0.097130  0.079190   1.061397 f
  candidates_i/n2789 (net)                     16     0.031107            0.000000   1.061397 f
  candidates_i/U1735/B (NAND2X1)                                0.097130  0.000000   1.061397 f
  candidates_i/U1735/Y (NAND2X1)                                0.032408  0.041784   1.103181 r
  candidates_i/n2809 (net)                      1     0.002548            0.000000   1.103181 r
  candidates_i/U1734/A (NAND3X1)                                0.032408  0.000000   1.103181 r
  candidates_i/U1734/Y (NAND3X1)                                0.010647  0.019548   1.122729 f
  candidates_i/n2808 (net)                      1     0.001476            0.000000   1.122729 f
  candidates_i/U3909/A (INVX1)                                  0.010647  0.000000   1.122729 f
  candidates_i/U3909/Y (INVX1)                                  0.208389  0.148141   1.270870 r
  candidates_i/n7399 (net)                     17     0.047560            0.000000   1.270870 r
  candidates_i/U1644/C (AOI22X1)                                0.208389  0.000000   1.270870 r
  candidates_i/U1644/Y (AOI22X1)                                0.034091  0.061846   1.332716 f
  candidates_i/n2714 (net)                      1     0.001763            0.000000   1.332716 f
  candidates_i/U375/A (AND2X2)                                  0.034091  0.000000   1.332716 f
  candidates_i/U375/Y (AND2X2)                                  0.004683  0.039695   1.372411 f
  candidates_i/n2713 (net)                      1     0.002832            0.000000   1.372411 f
  candidates_i/U1642/C (NAND3X1)                                0.004683  0.000000   1.372411 f
  candidates_i/U1642/Y (NAND3X1)                                0.037240  0.028726   1.401137 r
  candidates_i/n2703 (net)                      1     0.002292            0.000000   1.401137 r
  candidates_i/U373/A (OR2X2)                                   0.037240  0.000000   1.401137 r
  candidates_i/U373/Y (OR2X2)                                   0.017298  0.043922   1.445059 r
  candidates_i/n2054 (net)                      2     0.004842            0.000000   1.445059 r
  candidates_i/U1625/B (NAND3X1)                                0.017298  0.000000   1.445059 r
  candidates_i/U1625/Y (NAND3X1)                                0.016156  0.014692   1.459751 f
  candidates_i/n2690 (net)                      1     0.001924            0.000000   1.459751 f
  candidates_i/U1624/C (OAI21X1)                                0.016156  0.000000   1.459751 f
  candidates_i/U1624/Y (OAI21X1)                                0.045607  0.022346   1.482097 r
  candidates_i/n2663 (net)                      1     0.002817            0.000000   1.482097 r
  candidates_i/U1601/A (AOI22X1)                                0.045607  0.000000   1.482097 r
  candidates_i/U1601/Y (AOI22X1)                                0.035654  0.040046   1.522143 f
  candidates_i/n2662 (net)                      1     0.002312            0.000000   1.522143 f
  candidates_i/U1600/C (AOI21X1)                                0.035654  0.000000   1.522143 f
  candidates_i/U1600/Y (AOI21X1)                                0.027785  0.025672   1.547815 r
  candidates_i/n2661 (net)                      1     0.002386            0.000000   1.547815 r
  candidates_i/U1599/C (AOI21X1)                                0.027785  0.000000   1.547815 r
  candidates_i/U1599/Y (AOI21X1)                                0.015014  0.017616   1.565430 f
  candidates_i/n2646 (net)                      1     0.002632            0.000000   1.565430 f
  candidates_i/U1587/B (OAI21X1)                                0.015014  0.000000   1.565430 f
  candidates_i/U1587/Y (OAI21X1)                                0.041918  0.040493   1.605923 r
  candidates_i/n2631 (net)                      1     0.002111            0.000000   1.605923 r
  candidates_i/U1575/A (NAND2X1)                                0.041918  0.000000   1.605923 r
  candidates_i/U1575/Y (NAND2X1)                                0.020639  0.018692   1.624615 f
  candidates_i/n2630 (net)                      1     0.001944            0.000000   1.624615 f
  candidates_i/U1574/B (NAND2X1)                                0.020639  0.000000   1.624615 f
  candidates_i/U1574/Y (NAND2X1)                                0.036723  0.017556   1.642171 r
  candidates_i/n2601 (net)                      1     0.002741            0.000000   1.642171 r
  candidates_i/U1550/A (AOI21X1)                                0.036723  0.000000   1.642171 r
  candidates_i/U1550/Y (AOI21X1)                                0.017841  0.022767   1.664938 f
  candidates_i/n2586 (net)                      1     0.002632            0.000000   1.664938 f
  candidates_i/U1538/B (OAI21X1)                                0.017841  0.000000   1.664938 f
  candidates_i/U1538/Y (OAI21X1)                                0.088538  0.073061   1.737999 r
  candidates_i/candidate_slots[0] (net)         6     0.012093            0.000000   1.737999 r
  candidates_i/candidate_slots[0] (mc_candidates_Q_DEPTH16_ROW_W8_COL_W6) 0.000000   1.737999 r
  candidate_slots[0] (net)                            0.012093            0.000000   1.737999 r
  frfcfs.scheduler_i/candidate_slots[0] (mc_scheduler_frfcfs_Q_DEPTH16_ADDR_W16_AGE_LIMIT128_AGING_ENABLE1)
                                                                          0.000000   1.737999 r
  frfcfs.scheduler_i/N608 (net)                       0.012093            0.000000   1.737999 r
  frfcfs.scheduler_i/U1140/A (INVX1)                            0.088538  0.000000   1.737999 r
  frfcfs.scheduler_i/U1140/Y (INVX1)                            0.021661  0.047484   1.785483 f
  frfcfs.scheduler_i/n448 (net)                 4     0.007338            0.000000   1.785483 f
  frfcfs.scheduler_i/U1095/A (AND2X1)                           0.021661  0.000000   1.785483 f
  frfcfs.scheduler_i/U1095/Y (AND2X1)                           0.013877  0.032235   1.817717 f
  frfcfs.scheduler_i/n1400 (net)                1     0.001476            0.000000   1.817717 f
  frfcfs.scheduler_i/U152/A (INVX1)                             0.013877  0.000000   1.817717 f
  frfcfs.scheduler_i/U152/Y (INVX1)                             0.119699  0.092897   1.910614 r
  frfcfs.scheduler_i/n209 (net)                12     0.030178            0.000000   1.910614 r
  frfcfs.scheduler_i/U62/B (OR2X1)                              0.119699  0.000000   1.910614 r
  frfcfs.scheduler_i/U62/Y (OR2X1)                              0.016183  0.052657   1.963272 r
  frfcfs.scheduler_i/n1363 (net)                1     0.001551            0.000000   1.963272 r
  frfcfs.scheduler_i/U872/A (INVX1)                             0.016183  0.000000   1.963272 r
  frfcfs.scheduler_i/U872/Y (INVX1)                             0.013872  0.019186   1.982458 f
  frfcfs.scheduler_i/n85 (net)                  1     0.003067            0.000000   1.982458 f
  frfcfs.scheduler_i/U1524/B (NOR3X1)                           0.013872  0.000000   1.982458 f
  frfcfs.scheduler_i/U1524/Y (NOR3X1)                           0.053574  0.040192   2.022650 r
  frfcfs.scheduler_i/n1370 (net)                1     0.002744            0.000000   2.022650 r
  frfcfs.scheduler_i/U1529/B (MUX2X1)                           0.053574  0.000000   2.022650 r
  frfcfs.scheduler_i/U1529/Y (MUX2X1)                           0.014471  0.029664   2.052314 f
  frfcfs.scheduler_i/n1382 (net)                1     0.002569            0.000000   2.052314 f
  frfcfs.scheduler_i/U1537/B (MUX2X1)                           0.014471  0.000000   2.052314 f
  frfcfs.scheduler_i/U1537/Y (MUX2X1)                           0.057030  0.057802   2.110115 r
  frfcfs.scheduler_i/N1469 (net)                1     0.005589            0.000000   2.110115 r
  frfcfs.scheduler_i/U549/B (XNOR2X1)                           0.057030  0.000000   2.110115 r
  frfcfs.scheduler_i/U549/Y (XNOR2X1)                           0.037442  0.052832   2.162947 r
  frfcfs.scheduler_i/n1083 (net)                1     0.002010            0.000000   2.162947 r
  frfcfs.scheduler_i/U548/C (OAI21X1)                           0.037442  0.000000   2.162947 r
  frfcfs.scheduler_i/U548/Y (OAI21X1)                           0.011625  0.020510   2.183457 f
  frfcfs.scheduler_i/n1082 (net)                1     0.001944            0.000000   2.183457 f
  frfcfs.scheduler_i/U547/B (NAND2X1)                           0.011625  0.000000   2.183457 f
  frfcfs.scheduler_i/U547/Y (NAND2X1)                           0.033200  0.011895   2.195351 r
  frfcfs.scheduler_i/n1081 (net)                1     0.001869            0.000000   2.195351 r
  frfcfs.scheduler_i/U471/B (AND2X2)                            0.033200  0.000000   2.195351 r
  frfcfs.scheduler_i/U471/Y (AND2X2)                            0.009312  0.032752   2.228103 r
  frfcfs.scheduler_i/n14 (net)                  1     0.002027            0.000000   2.228103 r
  frfcfs.scheduler_i/U617/B (NAND2X1)                           0.009312  0.000000   2.228103 r
  frfcfs.scheduler_i/U617/Y (NAND2X1)                           0.026649  0.017902   2.246006 f
  frfcfs.scheduler_i/n1043 (net)                2     0.003805            0.000000   2.246006 f
  frfcfs.scheduler_i/U1073/A (OR2X2)                            0.026649  0.000000   2.246006 f
  frfcfs.scheduler_i/U1073/Y (OR2X2)                            0.006645  0.039589   2.285594 f
  frfcfs.scheduler_i/n1036 (net)                1     0.001476            0.000000   2.285594 f
  frfcfs.scheduler_i/U1074/A (INVX1)                            0.006645  0.000000   2.285594 f
  frfcfs.scheduler_i/U1074/Y (INVX1)                            0.000000  0.007527   2.293122 r
  frfcfs.scheduler_i/n195 (net)                 2     0.004634            0.000000   2.293122 r
  frfcfs.scheduler_i/U189/B (AND2X1)                            0.000000  0.000000   2.293122 r
  frfcfs.scheduler_i/U189/Y (AND2X1)                            0.078571  0.071970   2.365092 r
  frfcfs.scheduler_i/n1004 (net)                4     0.011511            0.000000   2.365092 r
  frfcfs.scheduler_i/U468/C (AOI22X1)                           0.078571  0.000000   2.365092 r
  frfcfs.scheduler_i/U468/Y (AOI22X1)                           0.034509  0.032115   2.397207 f
  frfcfs.scheduler_i/n1001 (net)                1     0.001820            0.000000   2.397207 f
  frfcfs.scheduler_i/U560/B (AND2X2)                            0.034509  0.000000   2.397207 f
  frfcfs.scheduler_i/U560/Y (AND2X2)                            0.002831  0.042920   2.440128 f
  frfcfs.scheduler_i/n952 (net)                 1     0.001476            0.000000   2.440128 f
  frfcfs.scheduler_i/U561/A (INVX1)                             0.002831  0.000000   2.440128 f
  frfcfs.scheduler_i/U561/Y (INVX1)                             0.000000  0.007091   2.447219 r
  frfcfs.scheduler_i/n23 (net)                  2     0.004916            0.000000   2.447219 r
  frfcfs.scheduler_i/U466/D (AOI22X1)                           0.000000  0.000000   2.447219 r
  frfcfs.scheduler_i/U466/Y (AOI22X1)                           0.034631  0.011711   2.458930 f
  frfcfs.scheduler_i/n999 (net)                 1     0.001820            0.000000   2.458930 f
  frfcfs.scheduler_i/U59/B (AND2X2)                             0.034631  0.000000   2.458930 f
  frfcfs.scheduler_i/U59/Y (AND2X2)                             0.004806  0.044409   2.503338 f
  frfcfs.scheduler_i/n997 (net)                 1     0.002832            0.000000   2.503338 f
  frfcfs.scheduler_i/U465/C (NAND3X1)                           0.004806  0.000000   2.503338 f
  frfcfs.scheduler_i/U465/Y (NAND3X1)                           0.036583  0.028728   2.532067 r
  frfcfs.scheduler_i/n994 (net)                 1     0.002283            0.000000   2.532067 r
  frfcfs.scheduler_i/U494/B (OR2X2)                             0.036583  0.000000   2.532067 r
  frfcfs.scheduler_i/U494/Y (OR2X2)                             0.028943  0.058529   2.590596 r
  frfcfs.scheduler_i/n229 (net)                 1     0.010083            0.000000   2.590596 r
  frfcfs.scheduler_i/U9/A (INVX8)                               0.028943  0.000000   2.590596 r
  frfcfs.scheduler_i/U9/Y (INVX8)                               0.019673  0.029316   2.619911 f
  frfcfs.scheduler_i/n950 (net)                16     0.041161            0.000000   2.619911 f
  frfcfs.scheduler_i/U445/A (OAI21X1)                           0.019673  0.000000   2.619911 f
  frfcfs.scheduler_i/U445/Y (OAI21X1)                           0.049699  0.049635   2.669547 r
  frfcfs.scheduler_i/n921 (net)                 2     0.003937            0.000000   2.669547 r
  frfcfs.scheduler_i/U1127/A (INVX1)                            0.049699  0.000000   2.669547 r
  frfcfs.scheduler_i/U1127/Y (INVX1)                            0.122148  0.103763   2.773310 f
  frfcfs.scheduler_i/n428 (net)                15     0.039953            0.000000   2.773310 f
  frfcfs.scheduler_i/U297/C (AOI22X1)                           0.122148  0.000000   2.773310 f
  frfcfs.scheduler_i/U297/Y (AOI22X1)                           0.046733  0.064869   2.838179 r
  frfcfs.scheduler_i/n770 (net)                 1     0.002832            0.000000   2.838179 r
  frfcfs.scheduler_i/U294/B (NAND3X1)                           0.046733  0.000000   2.838179 r
  frfcfs.scheduler_i/U294/Y (NAND3X1)                           0.016065  0.022133   2.860312 f
  frfcfs.scheduler_i/n768 (net)                 1     0.002342            0.000000   2.860312 f
  frfcfs.scheduler_i/U233/B (OR2X2)                             0.016065  0.000000   2.860312 f
  frfcfs.scheduler_i/U233/Y (OR2X2)                             0.004792  0.046462   2.906774 f
  frfcfs.scheduler_i/n7 (net)                   1     0.001476            0.000000   2.906774 f
  frfcfs.scheduler_i/U747/A (INVX1)                             0.004792  0.000000   2.906774 f
  frfcfs.scheduler_i/U747/Y (INVX1)                             0.000000  0.008605   2.915379 r
  frfcfs.scheduler_i/n34 (net)                  2     0.005169            0.000000   2.915379 r
  frfcfs.scheduler_i/U208/A (AND2X1)                            0.000000  0.000000   2.915379 r
  frfcfs.scheduler_i/U208/Y (AND2X1)                            0.019440  0.028508   2.943887 r
  frfcfs.scheduler_i/n755 (net)                 1     0.001551            0.000000   2.943887 r
  frfcfs.scheduler_i/U808/A (INVX1)                             0.019440  0.000000   2.943887 r
  frfcfs.scheduler_i/U808/Y (INVX1)                             0.019546  0.024113   2.968001 f
  frfcfs.scheduler_i/n49 (net)                  2     0.005040            0.000000   2.968001 f
  frfcfs.scheduler_i/U291/C (NAND3X1)                           0.019546  0.000000   2.968001 f
  frfcfs.scheduler_i/U291/Y (NAND3X1)                           0.036093  0.031706   2.999707 r
  frfcfs.scheduler_i/n766 (net)                 1     0.002027            0.000000   2.999707 r
  frfcfs.scheduler_i/U290/B (NAND2X1)                           0.036093  0.000000   2.999707 r
  frfcfs.scheduler_i/U290/Y (NAND2X1)                           0.021553  0.022095   3.021802 f
  frfcfs.scheduler_i/n765 (net)                 1     0.002832            0.000000   3.021802 f
  frfcfs.scheduler_i/U289/C (NAND3X1)                           0.021553  0.000000   3.021802 f
  frfcfs.scheduler_i/U289/Y (NAND3X1)                           0.040527  0.035089   3.056891 r
  frfcfs.scheduler_i/n764 (net)                 1     0.002961            0.000000   3.056891 r
  frfcfs.scheduler_i/U288/C (NAND3X1)                           0.040527  0.000000   3.056891 r
  frfcfs.scheduler_i/U288/Y (NAND3X1)                           0.017947  0.018289   3.075181 f
  frfcfs.scheduler_i/n763 (net)                 1     0.002832            0.000000   3.075181 f
  frfcfs.scheduler_i/U287/C (NAND3X1)                           0.017947  0.000000   3.075181 f
  frfcfs.scheduler_i/U287/Y (NAND3X1)                           0.033896  0.029797   3.104977 r
  frfcfs.scheduler_i/n762 (net)                 1     0.001539            0.000000   3.104977 r
  frfcfs.scheduler_i/U1018/A (BUFX2)                            0.033896  0.000000   3.104977 r
  frfcfs.scheduler_i/U1018/Y (BUFX2)                            0.010886  0.035904   3.140881 r
  frfcfs.scheduler_i/n164 (net)                 1     0.002961            0.000000   3.140881 r
  frfcfs.scheduler_i/U286/C (NAND3X1)                           0.010886  0.000000   3.140881 r
  frfcfs.scheduler_i/U286/Y (NAND3X1)                           0.014908  0.009146   3.150027 f
  frfcfs.scheduler_i/n761 (net)                 1     0.001504            0.000000   3.150027 f
  frfcfs.scheduler_i/U1017/A (BUFX2)                            0.014908  0.000000   3.150027 f
  frfcfs.scheduler_i/U1017/Y (BUFX2)                            0.002106  0.033341   3.183368 f
  frfcfs.scheduler_i/n163 (net)                 1     0.001763            0.000000   3.183368 f
  frfcfs.scheduler_i/U11/A (AND2X2)                             0.002106  0.000000   3.183368 f
  frfcfs.scheduler_i/U11/Y (AND2X2)                             0.000000  0.031134   3.214503 f
  frfcfs.scheduler_i/n760 (net)                 1     0.002312            0.000000   3.214503 f
  frfcfs.scheduler_i/U285/C (AOI21X1)                           0.000000  0.000000   3.214503 f
  frfcfs.scheduler_i/U285/Y (AOI21X1)                           0.023825  0.013660   3.228163 r
  frfcfs.scheduler_i/n675 (net)                 1     0.001539            0.000000   3.228163 r
  frfcfs.scheduler_i/U1016/A (BUFX2)                            0.023825  0.000000   3.228163 r
  frfcfs.scheduler_i/U1016/Y (BUFX2)                            0.030642  0.048933   3.277096 r
  frfcfs.scheduler_i/n162 (net)                 4     0.011903            0.000000   3.277096 r
  frfcfs.scheduler_i/U480/A (INVX1)                             0.030642  0.000000   3.277096 r
  frfcfs.scheduler_i/U480/Y (INVX1)                             0.085987  0.073156   3.350252 f
  frfcfs.scheduler_i/select_slot[1] (net)      14     0.027493            0.000000   3.350252 f
  frfcfs.scheduler_i/select_slot[1] (mc_scheduler_frfcfs_Q_DEPTH16_ADDR_W16_AGE_LIMIT128_AGING_ENABLE1)
                                                                          0.000000   3.350252 f
  select_slot[1] (net)                                0.027493            0.000000   3.350252 f
  U14/A (INVX2)                                                 0.085987  0.000000   3.350252 f
  U14/Y (INVX2)                                                 0.050802  0.048784   3.399036 r
  n160 (net)                                    5     0.011897            0.000000   3.399036 r
  U20/A (OR2X1)                                                 0.050802  0.000000   3.399036 r
  U20/Y (OR2X1)                                                 0.016203  0.036971   3.436007 r
  n553 (net)                                    1     0.001551            0.000000   3.436007 r
  U80/A (INVX1)                                                 0.016203  0.000000   3.436007 r
  U80/Y (INVX1)                                                 0.026471  0.027835   3.463842 f
  n32 (net)                                     4     0.007281            0.000000   3.463842 f
  U21/B (AND2X1)                                                0.026471  0.000000   3.463842 f
  U21/Y (AND2X1)                                                0.030717  0.056111   3.519953 f
  n1212 (net)                                   5     0.007381            0.000000   3.519953 f
  U36/A (INVX1)                                                 0.030717  0.000000   3.519953 f
  U36/Y (INVX1)                                                 0.167581  0.127916   3.647869 r
  n69 (net)                                    16     0.039189            0.000000   3.647869 r
  U343/B (OR2X1)                                                0.167581  0.000000   3.647869 r
  U343/Y (OR2X1)                                                0.020753  0.056453   3.704321 r
  n666 (net)                                    1     0.002010            0.000000   3.704321 r
  U945/C (OAI21X1)                                              0.020753  0.000000   3.704321 r
  U945/Y (OAI21X1)                                              0.005783  0.016551   3.720872 f
  n669 (net)                                    1     0.002313            0.000000   3.720872 f
  U30/A (OR2X1)                                                 0.005783  0.000000   3.720872 f
  U30/Y (OR2X1)                                                 0.015474  0.041284   3.762157 f
  n674 (net)                                    1     0.003011            0.000000   3.762157 f
  U949/A (NOR3X1)                                               0.015474  0.000000   3.762157 f
  U949/Y (NOR3X1)                                               0.053341  0.050893   3.813050 r
  n675 (net)                                    1     0.002798            0.000000   3.813050 r
  U950/A (MUX2X1)                                               0.053341  0.000000   3.813050 r
  U950/Y (MUX2X1)                                               0.084114  0.029896   3.842946 f
  n677 (net)                                    1     0.001476            0.000000   3.842946 f
  U172/A (INVX1)                                                0.084114  0.000000   3.842946 f
  U172/Y (INVX1)                                                0.026854  0.052263   3.895209 r
  cmd_wdata[14] (net)                           1     0.010000            0.000000   3.895209 r
  cmd_wdata[14] (out)                                           0.026854  0.000000   3.895209 r
  data arrival time                                                                  3.895209

  clock core_clk (rise edge)                                              5.000000   5.000000
  clock network delay (ideal)                                             0.000000   5.000000
  clock uncertainty                                                       -0.100000  4.900000
  output external delay                                                   -1.000000  3.900000
  data required time                                                                 3.900000
  ----------------------------------------------------------------------------------------------
  data required time                                                                 3.900000
  data arrival time                                                                  -3.895209
  ----------------------------------------------------------------------------------------------
  slack (MET)                                                                        0.004791


  Startpoint: table_i/addresses_reg[80]
              (rising edge-triggered flip-flop clocked by core_clk)
  Endpoint: cmd_wdata[13]
            (output port clocked by core_clk)
  Path Group: core_clk
  Path Type: max

  Point                                       Fanout       Cap     Trans      Incr       Path
  ----------------------------------------------------------------------------------------------
  clock core_clk (rise edge)                                              0.000000   0.000000
  clock network delay (ideal)                                             0.000000   0.000000
  table_i/addresses_reg[80]/CLK (DFFPOSX1)                      0.000000  0.000000 # 0.000000 r
  table_i/addresses_reg[80]/Q (DFFPOSX1)                        0.041902  0.119515   0.119515 f
  table_i/addresses[80] (net)                  10     0.019067            0.000000   0.119515 f
  table_i/addresses[80] (mc_transaction_table_Q_DEPTH16_ADDR_W16_DATA_W32_TAG_W8_READ_LATENCY3_AGE_LIMIT128)
                                                                          0.000000   0.119515 f
  addresses[80] (net)                                 0.019067            0.000000   0.119515 f
  candidates_i/addresses[80] (mc_candidates_Q_DEPTH16_ROW_W8_COL_W6)      0.000000   0.119515 f
  candidates_i/N1286 (net)                            0.019067            0.000000   0.119515 f
  candidates_i/U4228/A (INVX1)                                  0.041902  0.000000   0.119515 f
  candidates_i/U4228/Y (INVX1)                                  0.000000  0.015062   0.134577 r
  candidates_i/n1392 (net)                      2     0.003102            0.000000   0.134577 r
  candidates_i/U4048/A (INVX1)                                  0.000000  0.000000   0.134577 r
  candidates_i/U4048/Y (INVX1)                                  0.044758  0.035269   0.169846 f
  candidates_i/n1390 (net)                      6     0.013033            0.000000   0.169846 f
  candidates_i/U3360/A (INVX1)                                  0.044758  0.000000   0.169846 f
  candidates_i/U3360/Y (INVX1)                                  0.147971  0.119325   0.289170 r
  candidates_i/n1394 (net)                     15     0.035035            0.000000   0.289170 r
  candidates_i/U3780/A (OR2X1)                                  0.147971  0.000000   0.289170 r
  candidates_i/U3780/Y (OR2X1)                                  0.014368  0.041603   0.330773 r
  candidates_i/n7639 (net)                      1     0.002655            0.000000   0.330773 r
  candidates_i/U412/A (INVX2)                                   0.014368  0.000000   0.330773 r
  candidates_i/U412/Y (INVX2)                                   0.055978  0.057379   0.388152 f
  candidates_i/n1227 (net)                     17     0.048037            0.000000   0.388152 f
  candidates_i/U8126/D (AOI22X1)                                0.055978  0.000000   0.388152 f
  candidates_i/U8126/Y (AOI22X1)                                0.040566  0.037480   0.425631 r
  candidates_i/n7623 (net)                      1     0.001539            0.000000   0.425631 r
  candidates_i/U2457/A (BUFX2)                                  0.040566  0.000000   0.425631 r
  candidates_i/U2457/Y (BUFX2)                                  0.010382  0.035535   0.461167 r
  candidates_i/n384 (net)                       1     0.002343            0.000000   0.461167 r
  candidates_i/U87/B (AND2X1)                                   0.010382  0.000000   0.461167 r
  candidates_i/U87/Y (AND2X1)                                   0.029908  0.040580   0.501746 r
  candidates_i/N1821 (net)                      1     0.001551            0.000000   0.501746 r
  candidates_i/U2455/A (INVX1)                                  0.029908  0.000000   0.501746 r
  candidates_i/U2455/Y (INVX1)                                  0.016060  0.025054   0.526801 f
  candidates_i/n382 (net)                       2     0.004119            0.000000   0.526801 f
  candidates_i/U111/B (OR2X1)                                   0.016060  0.000000   0.526801 f
  candidates_i/U111/Y (OR2X1)                                   0.017085  0.052343   0.579144 f
  candidates_i/n7233 (net)                      2     0.003829            0.000000   0.579144 f
  candidates_i/U7902/A (NAND2X1)                                0.017085  0.000000   0.579144 f
  candidates_i/U7902/Y (NAND2X1)                                0.038162  0.030105   0.609248 r
  candidates_i/n7237 (net)                      1     0.002764            0.000000   0.609248 r
  candidates_i/U7905/B (AOI22X1)                                0.038162  0.000000   0.609248 r
  candidates_i/U7905/Y (AOI22X1)                                0.036814  0.035230   0.644478 f
  candidates_i/n7239 (net)                      1     0.002832            0.000000   0.644478 f
  candidates_i/U7906/C (NAND3X1)                                0.036814  0.000000   0.644478 f
  candidates_i/U7906/Y (NAND3X1)                                0.040351  0.039174   0.683653 r
  candidates_i/n7248 (net)                      1     0.003021            0.000000   0.683653 r
  candidates_i/U7911/A (NOR3X1)                                 0.040351  0.000000   0.683653 r
  candidates_i/U7911/Y (NOR3X1)                                 0.025621  0.040915   0.724568 f
  candidates_i/N1829 (net)                      1     0.001827            0.000000   0.724568 f
  candidates_i/U392/B (AND2X1)                                  0.025621  0.000000   0.724568 f
  candidates_i/U392/Y (AND2X1)                                  0.056481  0.074783   0.799351 f
  candidates_i/hit[5] (net)                     7     0.016597            0.000000   0.799351 f
  candidates_i/U1876/A (NAND3X1)                                0.056481  0.000000   0.799351 f
  candidates_i/U1876/Y (NAND3X1)                                0.032736  0.049640   0.848991 r
  candidates_i/n2941 (net)                      1     0.001869            0.000000   0.848991 r
  candidates_i/U395/B (AND2X2)                                  0.032736  0.000000   0.848991 r
  candidates_i/U395/Y (AND2X2)                                  0.011421  0.034161   0.883152 r
  candidates_i/n2939 (net)                      1     0.002961            0.000000   0.883152 r
  candidates_i/U1875/C (NAND3X1)                                0.011421  0.000000   0.883152 r
  candidates_i/U1875/Y (NAND3X1)                                0.017939  0.011793   0.894945 f
  candidates_i/n2817 (net)                      1     0.003011            0.000000   0.894945 f
  candidates_i/U1748/A (NOR3X1)                                 0.017939  0.000000   0.894945 f
  candidates_i/U1748/Y (NOR3X1)                                 0.050920  0.049695   0.944639 r
  candidates_i/n2816 (net)                      1     0.002343            0.000000   0.944639 r
  candidates_i/U3808/B (AND2X1)                                 0.050920  0.000000   0.944639 r
  candidates_i/U3808/Y (AND2X1)                                 0.025498  0.037568   0.982207 r
  candidates_i/n1242 (net)                      1     0.001551            0.000000   0.982207 r
  candidates_i/U86/A (INVX1)                                    0.025498  0.000000   0.982207 r
  candidates_i/U86/Y (INVX1)                                    0.097130  0.079190   1.061397 f
  candidates_i/n2789 (net)                     16     0.031107            0.000000   1.061397 f
  candidates_i/U1735/B (NAND2X1)                                0.097130  0.000000   1.061397 f
  candidates_i/U1735/Y (NAND2X1)                                0.032408  0.041784   1.103181 r
  candidates_i/n2809 (net)                      1     0.002548            0.000000   1.103181 r
  candidates_i/U1734/A (NAND3X1)                                0.032408  0.000000   1.103181 r
  candidates_i/U1734/Y (NAND3X1)                                0.010647  0.019548   1.122729 f
  candidates_i/n2808 (net)                      1     0.001476            0.000000   1.122729 f
  candidates_i/U3909/A (INVX1)                                  0.010647  0.000000   1.122729 f
  candidates_i/U3909/Y (INVX1)                                  0.208389  0.148141   1.270870 r
  candidates_i/n7399 (net)                     17     0.047560            0.000000   1.270870 r
  candidates_i/U1644/C (AOI22X1)                                0.208389  0.000000   1.270870 r
  candidates_i/U1644/Y (AOI22X1)                                0.034091  0.061846   1.332716 f
  candidates_i/n2714 (net)                      1     0.001763            0.000000   1.332716 f
  candidates_i/U375/A (AND2X2)                                  0.034091  0.000000   1.332716 f
  candidates_i/U375/Y (AND2X2)                                  0.004683  0.039695   1.372411 f
  candidates_i/n2713 (net)                      1     0.002832            0.000000   1.372411 f
  candidates_i/U1642/C (NAND3X1)                                0.004683  0.000000   1.372411 f
  candidates_i/U1642/Y (NAND3X1)                                0.037240  0.028726   1.401137 r
  candidates_i/n2703 (net)                      1     0.002292            0.000000   1.401137 r
  candidates_i/U373/A (OR2X2)                                   0.037240  0.000000   1.401137 r
  candidates_i/U373/Y (OR2X2)                                   0.017298  0.043922   1.445059 r
  candidates_i/n2054 (net)                      2     0.004842            0.000000   1.445059 r
  candidates_i/U1625/B (NAND3X1)                                0.017298  0.000000   1.445059 r
  candidates_i/U1625/Y (NAND3X1)                                0.016156  0.014692   1.459751 f
  candidates_i/n2690 (net)                      1     0.001924            0.000000   1.459751 f
  candidates_i/U1624/C (OAI21X1)                                0.016156  0.000000   1.459751 f
  candidates_i/U1624/Y (OAI21X1)                                0.045607  0.022346   1.482097 r
  candidates_i/n2663 (net)                      1     0.002817            0.000000   1.482097 r
  candidates_i/U1601/A (AOI22X1)                                0.045607  0.000000   1.482097 r
  candidates_i/U1601/Y (AOI22X1)                                0.035654  0.040046   1.522143 f
  candidates_i/n2662 (net)                      1     0.002312            0.000000   1.522143 f
  candidates_i/U1600/C (AOI21X1)                                0.035654  0.000000   1.522143 f
  candidates_i/U1600/Y (AOI21X1)                                0.027785  0.025672   1.547815 r
  candidates_i/n2661 (net)                      1     0.002386            0.000000   1.547815 r
  candidates_i/U1599/C (AOI21X1)                                0.027785  0.000000   1.547815 r
  candidates_i/U1599/Y (AOI21X1)                                0.015014  0.017616   1.565430 f
  candidates_i/n2646 (net)                      1     0.002632            0.000000   1.565430 f
  candidates_i/U1587/B (OAI21X1)                                0.015014  0.000000   1.565430 f
  candidates_i/U1587/Y (OAI21X1)                                0.041918  0.040493   1.605923 r
  candidates_i/n2631 (net)                      1     0.002111            0.000000   1.605923 r
  candidates_i/U1575/A (NAND2X1)                                0.041918  0.000000   1.605923 r
  candidates_i/U1575/Y (NAND2X1)                                0.020639  0.018692   1.624615 f
  candidates_i/n2630 (net)                      1     0.001944            0.000000   1.624615 f
  candidates_i/U1574/B (NAND2X1)                                0.020639  0.000000   1.624615 f
  candidates_i/U1574/Y (NAND2X1)                                0.036723  0.017556   1.642171 r
  candidates_i/n2601 (net)                      1     0.002741            0.000000   1.642171 r
  candidates_i/U1550/A (AOI21X1)                                0.036723  0.000000   1.642171 r
  candidates_i/U1550/Y (AOI21X1)                                0.017841  0.022767   1.664938 f
  candidates_i/n2586 (net)                      1     0.002632            0.000000   1.664938 f
  candidates_i/U1538/B (OAI21X1)                                0.017841  0.000000   1.664938 f
  candidates_i/U1538/Y (OAI21X1)                                0.088538  0.073061   1.737999 r
  candidates_i/candidate_slots[0] (net)         6     0.012093            0.000000   1.737999 r
  candidates_i/candidate_slots[0] (mc_candidates_Q_DEPTH16_ROW_W8_COL_W6) 0.000000   1.737999 r
  candidate_slots[0] (net)                            0.012093            0.000000   1.737999 r
  frfcfs.scheduler_i/candidate_slots[0] (mc_scheduler_frfcfs_Q_DEPTH16_ADDR_W16_AGE_LIMIT128_AGING_ENABLE1)
                                                                          0.000000   1.737999 r
  frfcfs.scheduler_i/N608 (net)                       0.012093            0.000000   1.737999 r
  frfcfs.scheduler_i/U1140/A (INVX1)                            0.088538  0.000000   1.737999 r
  frfcfs.scheduler_i/U1140/Y (INVX1)                            0.021661  0.047484   1.785483 f
  frfcfs.scheduler_i/n448 (net)                 4     0.007338            0.000000   1.785483 f
  frfcfs.scheduler_i/U1095/A (AND2X1)                           0.021661  0.000000   1.785483 f
  frfcfs.scheduler_i/U1095/Y (AND2X1)                           0.013877  0.032235   1.817717 f
  frfcfs.scheduler_i/n1400 (net)                1     0.001476            0.000000   1.817717 f
  frfcfs.scheduler_i/U152/A (INVX1)                             0.013877  0.000000   1.817717 f
  frfcfs.scheduler_i/U152/Y (INVX1)                             0.119699  0.092897   1.910614 r
  frfcfs.scheduler_i/n209 (net)                12     0.030178            0.000000   1.910614 r
  frfcfs.scheduler_i/U62/B (OR2X1)                              0.119699  0.000000   1.910614 r
  frfcfs.scheduler_i/U62/Y (OR2X1)                              0.016183  0.052657   1.963272 r
  frfcfs.scheduler_i/n1363 (net)                1     0.001551            0.000000   1.963272 r
  frfcfs.scheduler_i/U872/A (INVX1)                             0.016183  0.000000   1.963272 r
  frfcfs.scheduler_i/U872/Y (INVX1)                             0.013872  0.019186   1.982458 f
  frfcfs.scheduler_i/n85 (net)                  1     0.003067            0.000000   1.982458 f
  frfcfs.scheduler_i/U1524/B (NOR3X1)                           0.013872  0.000000   1.982458 f
  frfcfs.scheduler_i/U1524/Y (NOR3X1)                           0.053574  0.040192   2.022650 r
  frfcfs.scheduler_i/n1370 (net)                1     0.002744            0.000000   2.022650 r
  frfcfs.scheduler_i/U1529/B (MUX2X1)                           0.053574  0.000000   2.022650 r
  frfcfs.scheduler_i/U1529/Y (MUX2X1)                           0.014471  0.029664   2.052314 f
  frfcfs.scheduler_i/n1382 (net)                1     0.002569            0.000000   2.052314 f
  frfcfs.scheduler_i/U1537/B (MUX2X1)                           0.014471  0.000000   2.052314 f
  frfcfs.scheduler_i/U1537/Y (MUX2X1)                           0.057030  0.057802   2.110115 r
  frfcfs.scheduler_i/N1469 (net)                1     0.005589            0.000000   2.110115 r
  frfcfs.scheduler_i/U549/B (XNOR2X1)                           0.057030  0.000000   2.110115 r
  frfcfs.scheduler_i/U549/Y (XNOR2X1)                           0.037442  0.052832   2.162947 r
  frfcfs.scheduler_i/n1083 (net)                1     0.002010            0.000000   2.162947 r
  frfcfs.scheduler_i/U548/C (OAI21X1)                           0.037442  0.000000   2.162947 r
  frfcfs.scheduler_i/U548/Y (OAI21X1)                           0.011625  0.020510   2.183457 f
  frfcfs.scheduler_i/n1082 (net)                1     0.001944            0.000000   2.183457 f
  frfcfs.scheduler_i/U547/B (NAND2X1)                           0.011625  0.000000   2.183457 f
  frfcfs.scheduler_i/U547/Y (NAND2X1)                           0.033200  0.011895   2.195351 r
  frfcfs.scheduler_i/n1081 (net)                1     0.001869            0.000000   2.195351 r
  frfcfs.scheduler_i/U471/B (AND2X2)                            0.033200  0.000000   2.195351 r
  frfcfs.scheduler_i/U471/Y (AND2X2)                            0.009312  0.032752   2.228103 r
  frfcfs.scheduler_i/n14 (net)                  1     0.002027            0.000000   2.228103 r
  frfcfs.scheduler_i/U617/B (NAND2X1)                           0.009312  0.000000   2.228103 r
  frfcfs.scheduler_i/U617/Y (NAND2X1)                           0.026649  0.017902   2.246006 f
  frfcfs.scheduler_i/n1043 (net)                2     0.003805            0.000000   2.246006 f
  frfcfs.scheduler_i/U1073/A (OR2X2)                            0.026649  0.000000   2.246006 f
  frfcfs.scheduler_i/U1073/Y (OR2X2)                            0.006645  0.039589   2.285594 f
  frfcfs.scheduler_i/n1036 (net)                1     0.001476            0.000000   2.285594 f
  frfcfs.scheduler_i/U1074/A (INVX1)                            0.006645  0.000000   2.285594 f
  frfcfs.scheduler_i/U1074/Y (INVX1)                            0.000000  0.007527   2.293122 r
  frfcfs.scheduler_i/n195 (net)                 2     0.004634            0.000000   2.293122 r
  frfcfs.scheduler_i/U189/B (AND2X1)                            0.000000  0.000000   2.293122 r
  frfcfs.scheduler_i/U189/Y (AND2X1)                            0.078571  0.071970   2.365092 r
  frfcfs.scheduler_i/n1004 (net)                4     0.011511            0.000000   2.365092 r
  frfcfs.scheduler_i/U468/C (AOI22X1)                           0.078571  0.000000   2.365092 r
  frfcfs.scheduler_i/U468/Y (AOI22X1)                           0.034509  0.032115   2.397207 f
  frfcfs.scheduler_i/n1001 (net)                1     0.001820            0.000000   2.397207 f
  frfcfs.scheduler_i/U560/B (AND2X2)                            0.034509  0.000000   2.397207 f
  frfcfs.scheduler_i/U560/Y (AND2X2)                            0.002831  0.042920   2.440128 f
  frfcfs.scheduler_i/n952 (net)                 1     0.001476            0.000000   2.440128 f
  frfcfs.scheduler_i/U561/A (INVX1)                             0.002831  0.000000   2.440128 f
  frfcfs.scheduler_i/U561/Y (INVX1)                             0.000000  0.007091   2.447219 r
  frfcfs.scheduler_i/n23 (net)                  2     0.004916            0.000000   2.447219 r
  frfcfs.scheduler_i/U466/D (AOI22X1)                           0.000000  0.000000   2.447219 r
  frfcfs.scheduler_i/U466/Y (AOI22X1)                           0.034631  0.011711   2.458930 f
  frfcfs.scheduler_i/n999 (net)                 1     0.001820            0.000000   2.458930 f
  frfcfs.scheduler_i/U59/B (AND2X2)                             0.034631  0.000000   2.458930 f
  frfcfs.scheduler_i/U59/Y (AND2X2)                             0.004806  0.044409   2.503338 f
  frfcfs.scheduler_i/n997 (net)                 1     0.002832            0.000000   2.503338 f
  frfcfs.scheduler_i/U465/C (NAND3X1)                           0.004806  0.000000   2.503338 f
  frfcfs.scheduler_i/U465/Y (NAND3X1)                           0.036583  0.028728   2.532067 r
  frfcfs.scheduler_i/n994 (net)                 1     0.002283            0.000000   2.532067 r
  frfcfs.scheduler_i/U494/B (OR2X2)                             0.036583  0.000000   2.532067 r
  frfcfs.scheduler_i/U494/Y (OR2X2)                             0.028943  0.058529   2.590596 r
  frfcfs.scheduler_i/n229 (net)                 1     0.010083            0.000000   2.590596 r
  frfcfs.scheduler_i/U9/A (INVX8)                               0.028943  0.000000   2.590596 r
  frfcfs.scheduler_i/U9/Y (INVX8)                               0.019673  0.029316   2.619911 f
  frfcfs.scheduler_i/n950 (net)                16     0.041161            0.000000   2.619911 f
  frfcfs.scheduler_i/U445/A (OAI21X1)                           0.019673  0.000000   2.619911 f
  frfcfs.scheduler_i/U445/Y (OAI21X1)                           0.049699  0.049635   2.669547 r
  frfcfs.scheduler_i/n921 (net)                 2     0.003937            0.000000   2.669547 r
  frfcfs.scheduler_i/U1127/A (INVX1)                            0.049699  0.000000   2.669547 r
  frfcfs.scheduler_i/U1127/Y (INVX1)                            0.122148  0.103763   2.773310 f
  frfcfs.scheduler_i/n428 (net)                15     0.039953            0.000000   2.773310 f
  frfcfs.scheduler_i/U297/C (AOI22X1)                           0.122148  0.000000   2.773310 f
  frfcfs.scheduler_i/U297/Y (AOI22X1)                           0.046733  0.064869   2.838179 r
  frfcfs.scheduler_i/n770 (net)                 1     0.002832            0.000000   2.838179 r
  frfcfs.scheduler_i/U294/B (NAND3X1)                           0.046733  0.000000   2.838179 r
  frfcfs.scheduler_i/U294/Y (NAND3X1)                           0.016065  0.022133   2.860312 f
  frfcfs.scheduler_i/n768 (net)                 1     0.002342            0.000000   2.860312 f
  frfcfs.scheduler_i/U233/B (OR2X2)                             0.016065  0.000000   2.860312 f
  frfcfs.scheduler_i/U233/Y (OR2X2)                             0.004792  0.046462   2.906774 f
  frfcfs.scheduler_i/n7 (net)                   1     0.001476            0.000000   2.906774 f
  frfcfs.scheduler_i/U747/A (INVX1)                             0.004792  0.000000   2.906774 f
  frfcfs.scheduler_i/U747/Y (INVX1)                             0.000000  0.008605   2.915379 r
  frfcfs.scheduler_i/n34 (net)                  2     0.005169            0.000000   2.915379 r
  frfcfs.scheduler_i/U208/A (AND2X1)                            0.000000  0.000000   2.915379 r
  frfcfs.scheduler_i/U208/Y (AND2X1)                            0.019440  0.028508   2.943887 r
  frfcfs.scheduler_i/n755 (net)                 1     0.001551            0.000000   2.943887 r
  frfcfs.scheduler_i/U808/A (INVX1)                             0.019440  0.000000   2.943887 r
  frfcfs.scheduler_i/U808/Y (INVX1)                             0.019546  0.024113   2.968001 f
  frfcfs.scheduler_i/n49 (net)                  2     0.005040            0.000000   2.968001 f
  frfcfs.scheduler_i/U291/C (NAND3X1)                           0.019546  0.000000   2.968001 f
  frfcfs.scheduler_i/U291/Y (NAND3X1)                           0.036093  0.031706   2.999707 r
  frfcfs.scheduler_i/n766 (net)                 1     0.002027            0.000000   2.999707 r
  frfcfs.scheduler_i/U290/B (NAND2X1)                           0.036093  0.000000   2.999707 r
  frfcfs.scheduler_i/U290/Y (NAND2X1)                           0.021553  0.022095   3.021802 f
  frfcfs.scheduler_i/n765 (net)                 1     0.002832            0.000000   3.021802 f
  frfcfs.scheduler_i/U289/C (NAND3X1)                           0.021553  0.000000   3.021802 f
  frfcfs.scheduler_i/U289/Y (NAND3X1)                           0.040527  0.035089   3.056891 r
  frfcfs.scheduler_i/n764 (net)                 1     0.002961            0.000000   3.056891 r
  frfcfs.scheduler_i/U288/C (NAND3X1)                           0.040527  0.000000   3.056891 r
  frfcfs.scheduler_i/U288/Y (NAND3X1)                           0.017947  0.018289   3.075181 f
  frfcfs.scheduler_i/n763 (net)                 1     0.002832            0.000000   3.075181 f
  frfcfs.scheduler_i/U287/C (NAND3X1)                           0.017947  0.000000   3.075181 f
  frfcfs.scheduler_i/U287/Y (NAND3X1)                           0.033896  0.029797   3.104977 r
  frfcfs.scheduler_i/n762 (net)                 1     0.001539            0.000000   3.104977 r
  frfcfs.scheduler_i/U1018/A (BUFX2)                            0.033896  0.000000   3.104977 r
  frfcfs.scheduler_i/U1018/Y (BUFX2)                            0.010886  0.035904   3.140881 r
  frfcfs.scheduler_i/n164 (net)                 1     0.002961            0.000000   3.140881 r
  frfcfs.scheduler_i/U286/C (NAND3X1)                           0.010886  0.000000   3.140881 r
  frfcfs.scheduler_i/U286/Y (NAND3X1)                           0.014908  0.009146   3.150027 f
  frfcfs.scheduler_i/n761 (net)                 1     0.001504            0.000000   3.150027 f
  frfcfs.scheduler_i/U1017/A (BUFX2)                            0.014908  0.000000   3.150027 f
  frfcfs.scheduler_i/U1017/Y (BUFX2)                            0.002106  0.033341   3.183368 f
  frfcfs.scheduler_i/n163 (net)                 1     0.001763            0.000000   3.183368 f
  frfcfs.scheduler_i/U11/A (AND2X2)                             0.002106  0.000000   3.183368 f
  frfcfs.scheduler_i/U11/Y (AND2X2)                             0.000000  0.031134   3.214503 f
  frfcfs.scheduler_i/n760 (net)                 1     0.002312            0.000000   3.214503 f
  frfcfs.scheduler_i/U285/C (AOI21X1)                           0.000000  0.000000   3.214503 f
  frfcfs.scheduler_i/U285/Y (AOI21X1)                           0.023825  0.013660   3.228163 r
  frfcfs.scheduler_i/n675 (net)                 1     0.001539            0.000000   3.228163 r
  frfcfs.scheduler_i/U1016/A (BUFX2)                            0.023825  0.000000   3.228163 r
  frfcfs.scheduler_i/U1016/Y (BUFX2)                            0.030642  0.048933   3.277096 r
  frfcfs.scheduler_i/n162 (net)                 4     0.011903            0.000000   3.277096 r
  frfcfs.scheduler_i/U480/A (INVX1)                             0.030642  0.000000   3.277096 r
  frfcfs.scheduler_i/U480/Y (INVX1)                             0.085987  0.073156   3.350252 f
  frfcfs.scheduler_i/select_slot[1] (net)      14     0.027493            0.000000   3.350252 f
  frfcfs.scheduler_i/select_slot[1] (mc_scheduler_frfcfs_Q_DEPTH16_ADDR_W16_AGE_LIMIT128_AGING_ENABLE1)
                                                                          0.000000   3.350252 f
  select_slot[1] (net)                                0.027493            0.000000   3.350252 f
  U14/A (INVX2)                                                 0.085987  0.000000   3.350252 f
  U14/Y (INVX2)                                                 0.050802  0.048784   3.399036 r
  n160 (net)                                    5     0.011897            0.000000   3.399036 r
  U20/A (OR2X1)                                                 0.050802  0.000000   3.399036 r
  U20/Y (OR2X1)                                                 0.016203  0.036971   3.436007 r
  n553 (net)                                    1     0.001551            0.000000   3.436007 r
  U80/A (INVX1)                                                 0.016203  0.000000   3.436007 r
  U80/Y (INVX1)                                                 0.026471  0.027835   3.463842 f
  n32 (net)                                     4     0.007281            0.000000   3.463842 f
  U21/B (AND2X1)                                                0.026471  0.000000   3.463842 f
  U21/Y (AND2X1)                                                0.030717  0.056111   3.519953 f
  n1212 (net)                                   5     0.007381            0.000000   3.519953 f
  U36/A (INVX1)                                                 0.030717  0.000000   3.519953 f
  U36/Y (INVX1)                                                 0.167581  0.127916   3.647869 r
  n69 (net)                                    16     0.039189            0.000000   3.647869 r
  U342/B (OR2X1)                                                0.167581  0.000000   3.647869 r
  U342/Y (OR2X1)                                                0.020753  0.056453   3.704321 r
  n645 (net)                                    1     0.002010            0.000000   3.704321 r
  U934/C (OAI21X1)                                              0.020753  0.000000   3.704321 r
  U934/Y (OAI21X1)                                              0.005783  0.016551   3.720872 f
  n648 (net)                                    1     0.002313            0.000000   3.720872 f
  U341/A (OR2X1)                                                0.005783  0.000000   3.720872 f
  U341/Y (OR2X1)                                                0.015474  0.041284   3.762157 f
  n653 (net)                                    1     0.003011            0.000000   3.762157 f
  U938/A (NOR3X1)                                               0.015474  0.000000   3.762157 f
  U938/Y (NOR3X1)                                               0.053341  0.050893   3.813050 r
  n654 (net)                                    1     0.002798            0.000000   3.813050 r
  U939/A (MUX2X1)                                               0.053341  0.000000   3.813050 r
  U939/Y (MUX2X1)                                               0.084114  0.029896   3.842946 f
  n656 (net)                                    1     0.001476            0.000000   3.842946 f
  U34/A (INVX1)                                                 0.084114  0.000000   3.842946 f
  U34/Y (INVX1)                                                 0.026854  0.052263   3.895209 r
  cmd_wdata[13] (net)                           1     0.010000            0.000000   3.895209 r
  cmd_wdata[13] (out)                                           0.026854  0.000000   3.895209 r
  data arrival time                                                                  3.895209

  clock core_clk (rise edge)                                              5.000000   5.000000
  clock network delay (ideal)                                             0.000000   5.000000
  clock uncertainty                                                       -0.100000  4.900000
  output external delay                                                   -1.000000  3.900000
  data required time                                                                 3.900000
  ----------------------------------------------------------------------------------------------
  data required time                                                                 3.900000
  data arrival time                                                                  -3.895209
  ----------------------------------------------------------------------------------------------
  slack (MET)                                                                        0.004791


  Startpoint: table_i/addresses_reg[80]
              (rising edge-triggered flip-flop clocked by core_clk)
  Endpoint: cmd_wdata[12]
            (output port clocked by core_clk)
  Path Group: core_clk
  Path Type: max

  Point                                       Fanout       Cap     Trans      Incr       Path
  ----------------------------------------------------------------------------------------------
  clock core_clk (rise edge)                                              0.000000   0.000000
  clock network delay (ideal)                                             0.000000   0.000000
  table_i/addresses_reg[80]/CLK (DFFPOSX1)                      0.000000  0.000000 # 0.000000 r
  table_i/addresses_reg[80]/Q (DFFPOSX1)                        0.041902  0.119515   0.119515 f
  table_i/addresses[80] (net)                  10     0.019067            0.000000   0.119515 f
  table_i/addresses[80] (mc_transaction_table_Q_DEPTH16_ADDR_W16_DATA_W32_TAG_W8_READ_LATENCY3_AGE_LIMIT128)
                                                                          0.000000   0.119515 f
  addresses[80] (net)                                 0.019067            0.000000   0.119515 f
  candidates_i/addresses[80] (mc_candidates_Q_DEPTH16_ROW_W8_COL_W6)      0.000000   0.119515 f
  candidates_i/N1286 (net)                            0.019067            0.000000   0.119515 f
  candidates_i/U4228/A (INVX1)                                  0.041902  0.000000   0.119515 f
  candidates_i/U4228/Y (INVX1)                                  0.000000  0.015062   0.134577 r
  candidates_i/n1392 (net)                      2     0.003102            0.000000   0.134577 r
  candidates_i/U4048/A (INVX1)                                  0.000000  0.000000   0.134577 r
  candidates_i/U4048/Y (INVX1)                                  0.044758  0.035269   0.169846 f
  candidates_i/n1390 (net)                      6     0.013033            0.000000   0.169846 f
  candidates_i/U3360/A (INVX1)                                  0.044758  0.000000   0.169846 f
  candidates_i/U3360/Y (INVX1)                                  0.147971  0.119325   0.289170 r
  candidates_i/n1394 (net)                     15     0.035035            0.000000   0.289170 r
  candidates_i/U3780/A (OR2X1)                                  0.147971  0.000000   0.289170 r
  candidates_i/U3780/Y (OR2X1)                                  0.014368  0.041603   0.330773 r
  candidates_i/n7639 (net)                      1     0.002655            0.000000   0.330773 r
  candidates_i/U412/A (INVX2)                                   0.014368  0.000000   0.330773 r
  candidates_i/U412/Y (INVX2)                                   0.055978  0.057379   0.388152 f
  candidates_i/n1227 (net)                     17     0.048037            0.000000   0.388152 f
  candidates_i/U8126/D (AOI22X1)                                0.055978  0.000000   0.388152 f
  candidates_i/U8126/Y (AOI22X1)                                0.040566  0.037480   0.425631 r
  candidates_i/n7623 (net)                      1     0.001539            0.000000   0.425631 r
  candidates_i/U2457/A (BUFX2)                                  0.040566  0.000000   0.425631 r
  candidates_i/U2457/Y (BUFX2)                                  0.010382  0.035535   0.461167 r
  candidates_i/n384 (net)                       1     0.002343            0.000000   0.461167 r
  candidates_i/U87/B (AND2X1)                                   0.010382  0.000000   0.461167 r
  candidates_i/U87/Y (AND2X1)                                   0.029908  0.040580   0.501746 r
  candidates_i/N1821 (net)                      1     0.001551            0.000000   0.501746 r
  candidates_i/U2455/A (INVX1)                                  0.029908  0.000000   0.501746 r
  candidates_i/U2455/Y (INVX1)                                  0.016060  0.025054   0.526801 f
  candidates_i/n382 (net)                       2     0.004119            0.000000   0.526801 f
  candidates_i/U111/B (OR2X1)                                   0.016060  0.000000   0.526801 f
  candidates_i/U111/Y (OR2X1)                                   0.017085  0.052343   0.579144 f
  candidates_i/n7233 (net)                      2     0.003829            0.000000   0.579144 f
  candidates_i/U7902/A (NAND2X1)                                0.017085  0.000000   0.579144 f
  candidates_i/U7902/Y (NAND2X1)                                0.038162  0.030105   0.609248 r
  candidates_i/n7237 (net)                      1     0.002764            0.000000   0.609248 r
  candidates_i/U7905/B (AOI22X1)                                0.038162  0.000000   0.609248 r
  candidates_i/U7905/Y (AOI22X1)                                0.036814  0.035230   0.644478 f
  candidates_i/n7239 (net)                      1     0.002832            0.000000   0.644478 f
  candidates_i/U7906/C (NAND3X1)                                0.036814  0.000000   0.644478 f
  candidates_i/U7906/Y (NAND3X1)                                0.040351  0.039174   0.683653 r
  candidates_i/n7248 (net)                      1     0.003021            0.000000   0.683653 r
  candidates_i/U7911/A (NOR3X1)                                 0.040351  0.000000   0.683653 r
  candidates_i/U7911/Y (NOR3X1)                                 0.025621  0.040915   0.724568 f
  candidates_i/N1829 (net)                      1     0.001827            0.000000   0.724568 f
  candidates_i/U392/B (AND2X1)                                  0.025621  0.000000   0.724568 f
  candidates_i/U392/Y (AND2X1)                                  0.056481  0.074783   0.799351 f
  candidates_i/hit[5] (net)                     7     0.016597            0.000000   0.799351 f
  candidates_i/U1876/A (NAND3X1)                                0.056481  0.000000   0.799351 f
  candidates_i/U1876/Y (NAND3X1)                                0.032736  0.049640   0.848991 r
  candidates_i/n2941 (net)                      1     0.001869            0.000000   0.848991 r
  candidates_i/U395/B (AND2X2)                                  0.032736  0.000000   0.848991 r
  candidates_i/U395/Y (AND2X2)                                  0.011421  0.034161   0.883152 r
  candidates_i/n2939 (net)                      1     0.002961            0.000000   0.883152 r
  candidates_i/U1875/C (NAND3X1)                                0.011421  0.000000   0.883152 r
  candidates_i/U1875/Y (NAND3X1)                                0.017939  0.011793   0.894945 f
  candidates_i/n2817 (net)                      1     0.003011            0.000000   0.894945 f
  candidates_i/U1748/A (NOR3X1)                                 0.017939  0.000000   0.894945 f
  candidates_i/U1748/Y (NOR3X1)                                 0.050920  0.049695   0.944639 r
  candidates_i/n2816 (net)                      1     0.002343            0.000000   0.944639 r
  candidates_i/U3808/B (AND2X1)                                 0.050920  0.000000   0.944639 r
  candidates_i/U3808/Y (AND2X1)                                 0.025498  0.037568   0.982207 r
  candidates_i/n1242 (net)                      1     0.001551            0.000000   0.982207 r
  candidates_i/U86/A (INVX1)                                    0.025498  0.000000   0.982207 r
  candidates_i/U86/Y (INVX1)                                    0.097130  0.079190   1.061397 f
  candidates_i/n2789 (net)                     16     0.031107            0.000000   1.061397 f
  candidates_i/U1735/B (NAND2X1)                                0.097130  0.000000   1.061397 f
  candidates_i/U1735/Y (NAND2X1)                                0.032408  0.041784   1.103181 r
  candidates_i/n2809 (net)                      1     0.002548            0.000000   1.103181 r
  candidates_i/U1734/A (NAND3X1)                                0.032408  0.000000   1.103181 r
  candidates_i/U1734/Y (NAND3X1)                                0.010647  0.019548   1.122729 f
  candidates_i/n2808 (net)                      1     0.001476            0.000000   1.122729 f
  candidates_i/U3909/A (INVX1)                                  0.010647  0.000000   1.122729 f
  candidates_i/U3909/Y (INVX1)                                  0.208389  0.148141   1.270870 r
  candidates_i/n7399 (net)                     17     0.047560            0.000000   1.270870 r
  candidates_i/U1644/C (AOI22X1)                                0.208389  0.000000   1.270870 r
  candidates_i/U1644/Y (AOI22X1)                                0.034091  0.061846   1.332716 f
  candidates_i/n2714 (net)                      1     0.001763            0.000000   1.332716 f
  candidates_i/U375/A (AND2X2)                                  0.034091  0.000000   1.332716 f
  candidates_i/U375/Y (AND2X2)                                  0.004683  0.039695   1.372411 f
  candidates_i/n2713 (net)                      1     0.002832            0.000000   1.372411 f
  candidates_i/U1642/C (NAND3X1)                                0.004683  0.000000   1.372411 f
  candidates_i/U1642/Y (NAND3X1)                                0.037240  0.028726   1.401137 r
  candidates_i/n2703 (net)                      1     0.002292            0.000000   1.401137 r
  candidates_i/U373/A (OR2X2)                                   0.037240  0.000000   1.401137 r
  candidates_i/U373/Y (OR2X2)                                   0.017298  0.043922   1.445059 r
  candidates_i/n2054 (net)                      2     0.004842            0.000000   1.445059 r
  candidates_i/U1625/B (NAND3X1)                                0.017298  0.000000   1.445059 r
  candidates_i/U1625/Y (NAND3X1)                                0.016156  0.014692   1.459751 f
  candidates_i/n2690 (net)                      1     0.001924            0.000000   1.459751 f
  candidates_i/U1624/C (OAI21X1)                                0.016156  0.000000   1.459751 f
  candidates_i/U1624/Y (OAI21X1)                                0.045607  0.022346   1.482097 r
  candidates_i/n2663 (net)                      1     0.002817            0.000000   1.482097 r
  candidates_i/U1601/A (AOI22X1)                                0.045607  0.000000   1.482097 r
  candidates_i/U1601/Y (AOI22X1)                                0.035654  0.040046   1.522143 f
  candidates_i/n2662 (net)                      1     0.002312            0.000000   1.522143 f
  candidates_i/U1600/C (AOI21X1)                                0.035654  0.000000   1.522143 f
  candidates_i/U1600/Y (AOI21X1)                                0.027785  0.025672   1.547815 r
  candidates_i/n2661 (net)                      1     0.002386            0.000000   1.547815 r
  candidates_i/U1599/C (AOI21X1)                                0.027785  0.000000   1.547815 r
  candidates_i/U1599/Y (AOI21X1)                                0.015014  0.017616   1.565430 f
  candidates_i/n2646 (net)                      1     0.002632            0.000000   1.565430 f
  candidates_i/U1587/B (OAI21X1)                                0.015014  0.000000   1.565430 f
  candidates_i/U1587/Y (OAI21X1)                                0.041918  0.040493   1.605923 r
  candidates_i/n2631 (net)                      1     0.002111            0.000000   1.605923 r
  candidates_i/U1575/A (NAND2X1)                                0.041918  0.000000   1.605923 r
  candidates_i/U1575/Y (NAND2X1)                                0.020639  0.018692   1.624615 f
  candidates_i/n2630 (net)                      1     0.001944            0.000000   1.624615 f
  candidates_i/U1574/B (NAND2X1)                                0.020639  0.000000   1.624615 f
  candidates_i/U1574/Y (NAND2X1)                                0.036723  0.017556   1.642171 r
  candidates_i/n2601 (net)                      1     0.002741            0.000000   1.642171 r
  candidates_i/U1550/A (AOI21X1)                                0.036723  0.000000   1.642171 r
  candidates_i/U1550/Y (AOI21X1)                                0.017841  0.022767   1.664938 f
  candidates_i/n2586 (net)                      1     0.002632            0.000000   1.664938 f
  candidates_i/U1538/B (OAI21X1)                                0.017841  0.000000   1.664938 f
  candidates_i/U1538/Y (OAI21X1)                                0.088538  0.073061   1.737999 r
  candidates_i/candidate_slots[0] (net)         6     0.012093            0.000000   1.737999 r
  candidates_i/candidate_slots[0] (mc_candidates_Q_DEPTH16_ROW_W8_COL_W6) 0.000000   1.737999 r
  candidate_slots[0] (net)                            0.012093            0.000000   1.737999 r
  frfcfs.scheduler_i/candidate_slots[0] (mc_scheduler_frfcfs_Q_DEPTH16_ADDR_W16_AGE_LIMIT128_AGING_ENABLE1)
                                                                          0.000000   1.737999 r
  frfcfs.scheduler_i/N608 (net)                       0.012093            0.000000   1.737999 r
  frfcfs.scheduler_i/U1140/A (INVX1)                            0.088538  0.000000   1.737999 r
  frfcfs.scheduler_i/U1140/Y (INVX1)                            0.021661  0.047484   1.785483 f
  frfcfs.scheduler_i/n448 (net)                 4     0.007338            0.000000   1.785483 f
  frfcfs.scheduler_i/U1095/A (AND2X1)                           0.021661  0.000000   1.785483 f
  frfcfs.scheduler_i/U1095/Y (AND2X1)                           0.013877  0.032235   1.817717 f
  frfcfs.scheduler_i/n1400 (net)                1     0.001476            0.000000   1.817717 f
  frfcfs.scheduler_i/U152/A (INVX1)                             0.013877  0.000000   1.817717 f
  frfcfs.scheduler_i/U152/Y (INVX1)                             0.119699  0.092897   1.910614 r
  frfcfs.scheduler_i/n209 (net)                12     0.030178            0.000000   1.910614 r
  frfcfs.scheduler_i/U62/B (OR2X1)                              0.119699  0.000000   1.910614 r
  frfcfs.scheduler_i/U62/Y (OR2X1)                              0.016183  0.052657   1.963272 r
  frfcfs.scheduler_i/n1363 (net)                1     0.001551            0.000000   1.963272 r
  frfcfs.scheduler_i/U872/A (INVX1)                             0.016183  0.000000   1.963272 r
  frfcfs.scheduler_i/U872/Y (INVX1)                             0.013872  0.019186   1.982458 f
  frfcfs.scheduler_i/n85 (net)                  1     0.003067            0.000000   1.982458 f
  frfcfs.scheduler_i/U1524/B (NOR3X1)                           0.013872  0.000000   1.982458 f
  frfcfs.scheduler_i/U1524/Y (NOR3X1)                           0.053574  0.040192   2.022650 r
  frfcfs.scheduler_i/n1370 (net)                1     0.002744            0.000000   2.022650 r
  frfcfs.scheduler_i/U1529/B (MUX2X1)                           0.053574  0.000000   2.022650 r
  frfcfs.scheduler_i/U1529/Y (MUX2X1)                           0.014471  0.029664   2.052314 f
  frfcfs.scheduler_i/n1382 (net)                1     0.002569            0.000000   2.052314 f
  frfcfs.scheduler_i/U1537/B (MUX2X1)                           0.014471  0.000000   2.052314 f
  frfcfs.scheduler_i/U1537/Y (MUX2X1)                           0.057030  0.057802   2.110115 r
  frfcfs.scheduler_i/N1469 (net)                1     0.005589            0.000000   2.110115 r
  frfcfs.scheduler_i/U549/B (XNOR2X1)                           0.057030  0.000000   2.110115 r
  frfcfs.scheduler_i/U549/Y (XNOR2X1)                           0.037442  0.052832   2.162947 r
  frfcfs.scheduler_i/n1083 (net)                1     0.002010            0.000000   2.162947 r
  frfcfs.scheduler_i/U548/C (OAI21X1)                           0.037442  0.000000   2.162947 r
  frfcfs.scheduler_i/U548/Y (OAI21X1)                           0.011625  0.020510   2.183457 f
  frfcfs.scheduler_i/n1082 (net)                1     0.001944            0.000000   2.183457 f
  frfcfs.scheduler_i/U547/B (NAND2X1)                           0.011625  0.000000   2.183457 f
  frfcfs.scheduler_i/U547/Y (NAND2X1)                           0.033200  0.011895   2.195351 r
  frfcfs.scheduler_i/n1081 (net)                1     0.001869            0.000000   2.195351 r
  frfcfs.scheduler_i/U471/B (AND2X2)                            0.033200  0.000000   2.195351 r
  frfcfs.scheduler_i/U471/Y (AND2X2)                            0.009312  0.032752   2.228103 r
  frfcfs.scheduler_i/n14 (net)                  1     0.002027            0.000000   2.228103 r
  frfcfs.scheduler_i/U617/B (NAND2X1)                           0.009312  0.000000   2.228103 r
  frfcfs.scheduler_i/U617/Y (NAND2X1)                           0.026649  0.017902   2.246006 f
  frfcfs.scheduler_i/n1043 (net)                2     0.003805            0.000000   2.246006 f
  frfcfs.scheduler_i/U1073/A (OR2X2)                            0.026649  0.000000   2.246006 f
  frfcfs.scheduler_i/U1073/Y (OR2X2)                            0.006645  0.039589   2.285594 f
  frfcfs.scheduler_i/n1036 (net)                1     0.001476            0.000000   2.285594 f
  frfcfs.scheduler_i/U1074/A (INVX1)                            0.006645  0.000000   2.285594 f
  frfcfs.scheduler_i/U1074/Y (INVX1)                            0.000000  0.007527   2.293122 r
  frfcfs.scheduler_i/n195 (net)                 2     0.004634            0.000000   2.293122 r
  frfcfs.scheduler_i/U189/B (AND2X1)                            0.000000  0.000000   2.293122 r
  frfcfs.scheduler_i/U189/Y (AND2X1)                            0.078571  0.071970   2.365092 r
  frfcfs.scheduler_i/n1004 (net)                4     0.011511            0.000000   2.365092 r
  frfcfs.scheduler_i/U468/C (AOI22X1)                           0.078571  0.000000   2.365092 r
  frfcfs.scheduler_i/U468/Y (AOI22X1)                           0.034509  0.032115   2.397207 f
  frfcfs.scheduler_i/n1001 (net)                1     0.001820            0.000000   2.397207 f
  frfcfs.scheduler_i/U560/B (AND2X2)                            0.034509  0.000000   2.397207 f
  frfcfs.scheduler_i/U560/Y (AND2X2)                            0.002831  0.042920   2.440128 f
  frfcfs.scheduler_i/n952 (net)                 1     0.001476            0.000000   2.440128 f
  frfcfs.scheduler_i/U561/A (INVX1)                             0.002831  0.000000   2.440128 f
  frfcfs.scheduler_i/U561/Y (INVX1)                             0.000000  0.007091   2.447219 r
  frfcfs.scheduler_i/n23 (net)                  2     0.004916            0.000000   2.447219 r
  frfcfs.scheduler_i/U466/D (AOI22X1)                           0.000000  0.000000   2.447219 r
  frfcfs.scheduler_i/U466/Y (AOI22X1)                           0.034631  0.011711   2.458930 f
  frfcfs.scheduler_i/n999 (net)                 1     0.001820            0.000000   2.458930 f
  frfcfs.scheduler_i/U59/B (AND2X2)                             0.034631  0.000000   2.458930 f
  frfcfs.scheduler_i/U59/Y (AND2X2)                             0.004806  0.044409   2.503338 f
  frfcfs.scheduler_i/n997 (net)                 1     0.002832            0.000000   2.503338 f
  frfcfs.scheduler_i/U465/C (NAND3X1)                           0.004806  0.000000   2.503338 f
  frfcfs.scheduler_i/U465/Y (NAND3X1)                           0.036583  0.028728   2.532067 r
  frfcfs.scheduler_i/n994 (net)                 1     0.002283            0.000000   2.532067 r
  frfcfs.scheduler_i/U494/B (OR2X2)                             0.036583  0.000000   2.532067 r
  frfcfs.scheduler_i/U494/Y (OR2X2)                             0.028943  0.058529   2.590596 r
  frfcfs.scheduler_i/n229 (net)                 1     0.010083            0.000000   2.590596 r
  frfcfs.scheduler_i/U9/A (INVX8)                               0.028943  0.000000   2.590596 r
  frfcfs.scheduler_i/U9/Y (INVX8)                               0.019673  0.029316   2.619911 f
  frfcfs.scheduler_i/n950 (net)                16     0.041161            0.000000   2.619911 f
  frfcfs.scheduler_i/U445/A (OAI21X1)                           0.019673  0.000000   2.619911 f
  frfcfs.scheduler_i/U445/Y (OAI21X1)                           0.049699  0.049635   2.669547 r
  frfcfs.scheduler_i/n921 (net)                 2     0.003937            0.000000   2.669547 r
  frfcfs.scheduler_i/U1127/A (INVX1)                            0.049699  0.000000   2.669547 r
  frfcfs.scheduler_i/U1127/Y (INVX1)                            0.122148  0.103763   2.773310 f
  frfcfs.scheduler_i/n428 (net)                15     0.039953            0.000000   2.773310 f
  frfcfs.scheduler_i/U297/C (AOI22X1)                           0.122148  0.000000   2.773310 f
  frfcfs.scheduler_i/U297/Y (AOI22X1)                           0.046733  0.064869   2.838179 r
  frfcfs.scheduler_i/n770 (net)                 1     0.002832            0.000000   2.838179 r
  frfcfs.scheduler_i/U294/B (NAND3X1)                           0.046733  0.000000   2.838179 r
  frfcfs.scheduler_i/U294/Y (NAND3X1)                           0.016065  0.022133   2.860312 f
  frfcfs.scheduler_i/n768 (net)                 1     0.002342            0.000000   2.860312 f
  frfcfs.scheduler_i/U233/B (OR2X2)                             0.016065  0.000000   2.860312 f
  frfcfs.scheduler_i/U233/Y (OR2X2)                             0.004792  0.046462   2.906774 f
  frfcfs.scheduler_i/n7 (net)                   1     0.001476            0.000000   2.906774 f
  frfcfs.scheduler_i/U747/A (INVX1)                             0.004792  0.000000   2.906774 f
  frfcfs.scheduler_i/U747/Y (INVX1)                             0.000000  0.008605   2.915379 r
  frfcfs.scheduler_i/n34 (net)                  2     0.005169            0.000000   2.915379 r
  frfcfs.scheduler_i/U208/A (AND2X1)                            0.000000  0.000000   2.915379 r
  frfcfs.scheduler_i/U208/Y (AND2X1)                            0.019440  0.028508   2.943887 r
  frfcfs.scheduler_i/n755 (net)                 1     0.001551            0.000000   2.943887 r
  frfcfs.scheduler_i/U808/A (INVX1)                             0.019440  0.000000   2.943887 r
  frfcfs.scheduler_i/U808/Y (INVX1)                             0.019546  0.024113   2.968001 f
  frfcfs.scheduler_i/n49 (net)                  2     0.005040            0.000000   2.968001 f
  frfcfs.scheduler_i/U291/C (NAND3X1)                           0.019546  0.000000   2.968001 f
  frfcfs.scheduler_i/U291/Y (NAND3X1)                           0.036093  0.031706   2.999707 r
  frfcfs.scheduler_i/n766 (net)                 1     0.002027            0.000000   2.999707 r
  frfcfs.scheduler_i/U290/B (NAND2X1)                           0.036093  0.000000   2.999707 r
  frfcfs.scheduler_i/U290/Y (NAND2X1)                           0.021553  0.022095   3.021802 f
  frfcfs.scheduler_i/n765 (net)                 1     0.002832            0.000000   3.021802 f
  frfcfs.scheduler_i/U289/C (NAND3X1)                           0.021553  0.000000   3.021802 f
  frfcfs.scheduler_i/U289/Y (NAND3X1)                           0.040527  0.035089   3.056891 r
  frfcfs.scheduler_i/n764 (net)                 1     0.002961            0.000000   3.056891 r
  frfcfs.scheduler_i/U288/C (NAND3X1)                           0.040527  0.000000   3.056891 r
  frfcfs.scheduler_i/U288/Y (NAND3X1)                           0.017947  0.018289   3.075181 f
  frfcfs.scheduler_i/n763 (net)                 1     0.002832            0.000000   3.075181 f
  frfcfs.scheduler_i/U287/C (NAND3X1)                           0.017947  0.000000   3.075181 f
  frfcfs.scheduler_i/U287/Y (NAND3X1)                           0.033896  0.029797   3.104977 r
  frfcfs.scheduler_i/n762 (net)                 1     0.001539            0.000000   3.104977 r
  frfcfs.scheduler_i/U1018/A (BUFX2)                            0.033896  0.000000   3.104977 r
  frfcfs.scheduler_i/U1018/Y (BUFX2)                            0.010886  0.035904   3.140881 r
  frfcfs.scheduler_i/n164 (net)                 1     0.002961            0.000000   3.140881 r
  frfcfs.scheduler_i/U286/C (NAND3X1)                           0.010886  0.000000   3.140881 r
  frfcfs.scheduler_i/U286/Y (NAND3X1)                           0.014908  0.009146   3.150027 f
  frfcfs.scheduler_i/n761 (net)                 1     0.001504            0.000000   3.150027 f
  frfcfs.scheduler_i/U1017/A (BUFX2)                            0.014908  0.000000   3.150027 f
  frfcfs.scheduler_i/U1017/Y (BUFX2)                            0.002106  0.033341   3.183368 f
  frfcfs.scheduler_i/n163 (net)                 1     0.001763            0.000000   3.183368 f
  frfcfs.scheduler_i/U11/A (AND2X2)                             0.002106  0.000000   3.183368 f
  frfcfs.scheduler_i/U11/Y (AND2X2)                             0.000000  0.031134   3.214503 f
  frfcfs.scheduler_i/n760 (net)                 1     0.002312            0.000000   3.214503 f
  frfcfs.scheduler_i/U285/C (AOI21X1)                           0.000000  0.000000   3.214503 f
  frfcfs.scheduler_i/U285/Y (AOI21X1)                           0.023825  0.013660   3.228163 r
  frfcfs.scheduler_i/n675 (net)                 1     0.001539            0.000000   3.228163 r
  frfcfs.scheduler_i/U1016/A (BUFX2)                            0.023825  0.000000   3.228163 r
  frfcfs.scheduler_i/U1016/Y (BUFX2)                            0.030642  0.048933   3.277096 r
  frfcfs.scheduler_i/n162 (net)                 4     0.011903            0.000000   3.277096 r
  frfcfs.scheduler_i/U480/A (INVX1)                             0.030642  0.000000   3.277096 r
  frfcfs.scheduler_i/U480/Y (INVX1)                             0.085987  0.073156   3.350252 f
  frfcfs.scheduler_i/select_slot[1] (net)      14     0.027493            0.000000   3.350252 f
  frfcfs.scheduler_i/select_slot[1] (mc_scheduler_frfcfs_Q_DEPTH16_ADDR_W16_AGE_LIMIT128_AGING_ENABLE1)
                                                                          0.000000   3.350252 f
  select_slot[1] (net)                                0.027493            0.000000   3.350252 f
  U14/A (INVX2)                                                 0.085987  0.000000   3.350252 f
  U14/Y (INVX2)                                                 0.050802  0.048784   3.399036 r
  n160 (net)                                    5     0.011897            0.000000   3.399036 r
  U20/A (OR2X1)                                                 0.050802  0.000000   3.399036 r
  U20/Y (OR2X1)                                                 0.016203  0.036971   3.436007 r
  n553 (net)                                    1     0.001551            0.000000   3.436007 r
  U80/A (INVX1)                                                 0.016203  0.000000   3.436007 r
  U80/Y (INVX1)                                                 0.026471  0.027835   3.463842 f
  n32 (net)                                     4     0.007281            0.000000   3.463842 f
  U21/B (AND2X1)                                                0.026471  0.000000   3.463842 f
  U21/Y (AND2X1)                                                0.030717  0.056111   3.519953 f
  n1212 (net)                                   5     0.007381            0.000000   3.519953 f
  U36/A (INVX1)                                                 0.030717  0.000000   3.519953 f
  U36/Y (INVX1)                                                 0.167581  0.127916   3.647869 r
  n69 (net)                                    16     0.039189            0.000000   3.647869 r
  U340/B (OR2X1)                                                0.167581  0.000000   3.647869 r
  U340/Y (OR2X1)                                                0.020753  0.056453   3.704321 r
  n624 (net)                                    1     0.002010            0.000000   3.704321 r
  U923/C (OAI21X1)                                              0.020753  0.000000   3.704321 r
  U923/Y (OAI21X1)                                              0.005783  0.016551   3.720872 f
  n627 (net)                                    1     0.002313            0.000000   3.720872 f
  U339/A (OR2X1)                                                0.005783  0.000000   3.720872 f
  U339/Y (OR2X1)                                                0.015474  0.041284   3.762157 f
  n632 (net)                                    1     0.003011            0.000000   3.762157 f
  U927/A (NOR3X1)                                               0.015474  0.000000   3.762157 f
  U927/Y (NOR3X1)                                               0.053341  0.050893   3.813050 r
  n633 (net)                                    1     0.002798            0.000000   3.813050 r
  U928/A (MUX2X1)                                               0.053341  0.000000   3.813050 r
  U928/Y (MUX2X1)                                               0.084114  0.029896   3.842946 f
  n635 (net)                                    1     0.001476            0.000000   3.842946 f
  U171/A (INVX1)                                                0.084114  0.000000   3.842946 f
  U171/Y (INVX1)                                                0.026854  0.052263   3.895209 r
  cmd_wdata[12] (net)                           1     0.010000            0.000000   3.895209 r
  cmd_wdata[12] (out)                                           0.026854  0.000000   3.895209 r
  data arrival time                                                                  3.895209

  clock core_clk (rise edge)                                              5.000000   5.000000
  clock network delay (ideal)                                             0.000000   5.000000
  clock uncertainty                                                       -0.100000  4.900000
  output external delay                                                   -1.000000  3.900000
  data required time                                                                 3.900000
  ----------------------------------------------------------------------------------------------
  data required time                                                                 3.900000
  data arrival time                                                                  -3.895209
  ----------------------------------------------------------------------------------------------
  slack (MET)                                                                        0.004791


  Startpoint: table_i/addresses_reg[80]
              (rising edge-triggered flip-flop clocked by core_clk)
  Endpoint: cmd_wdata[11]
            (output port clocked by core_clk)
  Path Group: core_clk
  Path Type: max

  Point                                       Fanout       Cap     Trans      Incr       Path
  ----------------------------------------------------------------------------------------------
  clock core_clk (rise edge)                                              0.000000   0.000000
  clock network delay (ideal)                                             0.000000   0.000000
  table_i/addresses_reg[80]/CLK (DFFPOSX1)                      0.000000  0.000000 # 0.000000 r
  table_i/addresses_reg[80]/Q (DFFPOSX1)                        0.041902  0.119515   0.119515 f
  table_i/addresses[80] (net)                  10     0.019067            0.000000   0.119515 f
  table_i/addresses[80] (mc_transaction_table_Q_DEPTH16_ADDR_W16_DATA_W32_TAG_W8_READ_LATENCY3_AGE_LIMIT128)
                                                                          0.000000   0.119515 f
  addresses[80] (net)                                 0.019067            0.000000   0.119515 f
  candidates_i/addresses[80] (mc_candidates_Q_DEPTH16_ROW_W8_COL_W6)      0.000000   0.119515 f
  candidates_i/N1286 (net)                            0.019067            0.000000   0.119515 f
  candidates_i/U4228/A (INVX1)                                  0.041902  0.000000   0.119515 f
  candidates_i/U4228/Y (INVX1)                                  0.000000  0.015062   0.134577 r
  candidates_i/n1392 (net)                      2     0.003102            0.000000   0.134577 r
  candidates_i/U4048/A (INVX1)                                  0.000000  0.000000   0.134577 r
  candidates_i/U4048/Y (INVX1)                                  0.044758  0.035269   0.169846 f
  candidates_i/n1390 (net)                      6     0.013033            0.000000   0.169846 f
  candidates_i/U3360/A (INVX1)                                  0.044758  0.000000   0.169846 f
  candidates_i/U3360/Y (INVX1)                                  0.147971  0.119325   0.289170 r
  candidates_i/n1394 (net)                     15     0.035035            0.000000   0.289170 r
  candidates_i/U3780/A (OR2X1)                                  0.147971  0.000000   0.289170 r
  candidates_i/U3780/Y (OR2X1)                                  0.014368  0.041603   0.330773 r
  candidates_i/n7639 (net)                      1     0.002655            0.000000   0.330773 r
  candidates_i/U412/A (INVX2)                                   0.014368  0.000000   0.330773 r
  candidates_i/U412/Y (INVX2)                                   0.055978  0.057379   0.388152 f
  candidates_i/n1227 (net)                     17     0.048037            0.000000   0.388152 f
  candidates_i/U8126/D (AOI22X1)                                0.055978  0.000000   0.388152 f
  candidates_i/U8126/Y (AOI22X1)                                0.040566  0.037480   0.425631 r
  candidates_i/n7623 (net)                      1     0.001539            0.000000   0.425631 r
  candidates_i/U2457/A (BUFX2)                                  0.040566  0.000000   0.425631 r
  candidates_i/U2457/Y (BUFX2)                                  0.010382  0.035535   0.461167 r
  candidates_i/n384 (net)                       1     0.002343            0.000000   0.461167 r
  candidates_i/U87/B (AND2X1)                                   0.010382  0.000000   0.461167 r
  candidates_i/U87/Y (AND2X1)                                   0.029908  0.040580   0.501746 r
  candidates_i/N1821 (net)                      1     0.001551            0.000000   0.501746 r
  candidates_i/U2455/A (INVX1)                                  0.029908  0.000000   0.501746 r
  candidates_i/U2455/Y (INVX1)                                  0.016060  0.025054   0.526801 f
  candidates_i/n382 (net)                       2     0.004119            0.000000   0.526801 f
  candidates_i/U111/B (OR2X1)                                   0.016060  0.000000   0.526801 f
  candidates_i/U111/Y (OR2X1)                                   0.017085  0.052343   0.579144 f
  candidates_i/n7233 (net)                      2     0.003829            0.000000   0.579144 f
  candidates_i/U7902/A (NAND2X1)                                0.017085  0.000000   0.579144 f
  candidates_i/U7902/Y (NAND2X1)                                0.038162  0.030105   0.609248 r
  candidates_i/n7237 (net)                      1     0.002764            0.000000   0.609248 r
  candidates_i/U7905/B (AOI22X1)                                0.038162  0.000000   0.609248 r
  candidates_i/U7905/Y (AOI22X1)                                0.036814  0.035230   0.644478 f
  candidates_i/n7239 (net)                      1     0.002832            0.000000   0.644478 f
  candidates_i/U7906/C (NAND3X1)                                0.036814  0.000000   0.644478 f
  candidates_i/U7906/Y (NAND3X1)                                0.040351  0.039174   0.683653 r
  candidates_i/n7248 (net)                      1     0.003021            0.000000   0.683653 r
  candidates_i/U7911/A (NOR3X1)                                 0.040351  0.000000   0.683653 r
  candidates_i/U7911/Y (NOR3X1)                                 0.025621  0.040915   0.724568 f
  candidates_i/N1829 (net)                      1     0.001827            0.000000   0.724568 f
  candidates_i/U392/B (AND2X1)                                  0.025621  0.000000   0.724568 f
  candidates_i/U392/Y (AND2X1)                                  0.056481  0.074783   0.799351 f
  candidates_i/hit[5] (net)                     7     0.016597            0.000000   0.799351 f
  candidates_i/U1876/A (NAND3X1)                                0.056481  0.000000   0.799351 f
  candidates_i/U1876/Y (NAND3X1)                                0.032736  0.049640   0.848991 r
  candidates_i/n2941 (net)                      1     0.001869            0.000000   0.848991 r
  candidates_i/U395/B (AND2X2)                                  0.032736  0.000000   0.848991 r
  candidates_i/U395/Y (AND2X2)                                  0.011421  0.034161   0.883152 r
  candidates_i/n2939 (net)                      1     0.002961            0.000000   0.883152 r
  candidates_i/U1875/C (NAND3X1)                                0.011421  0.000000   0.883152 r
  candidates_i/U1875/Y (NAND3X1)                                0.017939  0.011793   0.894945 f
  candidates_i/n2817 (net)                      1     0.003011            0.000000   0.894945 f
  candidates_i/U1748/A (NOR3X1)                                 0.017939  0.000000   0.894945 f
  candidates_i/U1748/Y (NOR3X1)                                 0.050920  0.049695   0.944639 r
  candidates_i/n2816 (net)                      1     0.002343            0.000000   0.944639 r
  candidates_i/U3808/B (AND2X1)                                 0.050920  0.000000   0.944639 r
  candidates_i/U3808/Y (AND2X1)                                 0.025498  0.037568   0.982207 r
  candidates_i/n1242 (net)                      1     0.001551            0.000000   0.982207 r
  candidates_i/U86/A (INVX1)                                    0.025498  0.000000   0.982207 r
  candidates_i/U86/Y (INVX1)                                    0.097130  0.079190   1.061397 f
  candidates_i/n2789 (net)                     16     0.031107            0.000000   1.061397 f
  candidates_i/U1735/B (NAND2X1)                                0.097130  0.000000   1.061397 f
  candidates_i/U1735/Y (NAND2X1)                                0.032408  0.041784   1.103181 r
  candidates_i/n2809 (net)                      1     0.002548            0.000000   1.103181 r
  candidates_i/U1734/A (NAND3X1)                                0.032408  0.000000   1.103181 r
  candidates_i/U1734/Y (NAND3X1)                                0.010647  0.019548   1.122729 f
  candidates_i/n2808 (net)                      1     0.001476            0.000000   1.122729 f
  candidates_i/U3909/A (INVX1)                                  0.010647  0.000000   1.122729 f
  candidates_i/U3909/Y (INVX1)                                  0.208389  0.148141   1.270870 r
  candidates_i/n7399 (net)                     17     0.047560            0.000000   1.270870 r
  candidates_i/U1644/C (AOI22X1)                                0.208389  0.000000   1.270870 r
  candidates_i/U1644/Y (AOI22X1)                                0.034091  0.061846   1.332716 f
  candidates_i/n2714 (net)                      1     0.001763            0.000000   1.332716 f
  candidates_i/U375/A (AND2X2)                                  0.034091  0.000000   1.332716 f
  candidates_i/U375/Y (AND2X2)                                  0.004683  0.039695   1.372411 f
  candidates_i/n2713 (net)                      1     0.002832            0.000000   1.372411 f
  candidates_i/U1642/C (NAND3X1)                                0.004683  0.000000   1.372411 f
  candidates_i/U1642/Y (NAND3X1)                                0.037240  0.028726   1.401137 r
  candidates_i/n2703 (net)                      1     0.002292            0.000000   1.401137 r
  candidates_i/U373/A (OR2X2)                                   0.037240  0.000000   1.401137 r
  candidates_i/U373/Y (OR2X2)                                   0.017298  0.043922   1.445059 r
  candidates_i/n2054 (net)                      2     0.004842            0.000000   1.445059 r
  candidates_i/U1625/B (NAND3X1)                                0.017298  0.000000   1.445059 r
  candidates_i/U1625/Y (NAND3X1)                                0.016156  0.014692   1.459751 f
  candidates_i/n2690 (net)                      1     0.001924            0.000000   1.459751 f
  candidates_i/U1624/C (OAI21X1)                                0.016156  0.000000   1.459751 f
  candidates_i/U1624/Y (OAI21X1)                                0.045607  0.022346   1.482097 r
  candidates_i/n2663 (net)                      1     0.002817            0.000000   1.482097 r
  candidates_i/U1601/A (AOI22X1)                                0.045607  0.000000   1.482097 r
  candidates_i/U1601/Y (AOI22X1)                                0.035654  0.040046   1.522143 f
  candidates_i/n2662 (net)                      1     0.002312            0.000000   1.522143 f
  candidates_i/U1600/C (AOI21X1)                                0.035654  0.000000   1.522143 f
  candidates_i/U1600/Y (AOI21X1)                                0.027785  0.025672   1.547815 r
  candidates_i/n2661 (net)                      1     0.002386            0.000000   1.547815 r
  candidates_i/U1599/C (AOI21X1)                                0.027785  0.000000   1.547815 r
  candidates_i/U1599/Y (AOI21X1)                                0.015014  0.017616   1.565430 f
  candidates_i/n2646 (net)                      1     0.002632            0.000000   1.565430 f
  candidates_i/U1587/B (OAI21X1)                                0.015014  0.000000   1.565430 f
  candidates_i/U1587/Y (OAI21X1)                                0.041918  0.040493   1.605923 r
  candidates_i/n2631 (net)                      1     0.002111            0.000000   1.605923 r
  candidates_i/U1575/A (NAND2X1)                                0.041918  0.000000   1.605923 r
  candidates_i/U1575/Y (NAND2X1)                                0.020639  0.018692   1.624615 f
  candidates_i/n2630 (net)                      1     0.001944            0.000000   1.624615 f
  candidates_i/U1574/B (NAND2X1)                                0.020639  0.000000   1.624615 f
  candidates_i/U1574/Y (NAND2X1)                                0.036723  0.017556   1.642171 r
  candidates_i/n2601 (net)                      1     0.002741            0.000000   1.642171 r
  candidates_i/U1550/A (AOI21X1)                                0.036723  0.000000   1.642171 r
  candidates_i/U1550/Y (AOI21X1)                                0.017841  0.022767   1.664938 f
  candidates_i/n2586 (net)                      1     0.002632            0.000000   1.664938 f
  candidates_i/U1538/B (OAI21X1)                                0.017841  0.000000   1.664938 f
  candidates_i/U1538/Y (OAI21X1)                                0.088538  0.073061   1.737999 r
  candidates_i/candidate_slots[0] (net)         6     0.012093            0.000000   1.737999 r
  candidates_i/candidate_slots[0] (mc_candidates_Q_DEPTH16_ROW_W8_COL_W6) 0.000000   1.737999 r
  candidate_slots[0] (net)                            0.012093            0.000000   1.737999 r
  frfcfs.scheduler_i/candidate_slots[0] (mc_scheduler_frfcfs_Q_DEPTH16_ADDR_W16_AGE_LIMIT128_AGING_ENABLE1)
                                                                          0.000000   1.737999 r
  frfcfs.scheduler_i/N608 (net)                       0.012093            0.000000   1.737999 r
  frfcfs.scheduler_i/U1140/A (INVX1)                            0.088538  0.000000   1.737999 r
  frfcfs.scheduler_i/U1140/Y (INVX1)                            0.021661  0.047484   1.785483 f
  frfcfs.scheduler_i/n448 (net)                 4     0.007338            0.000000   1.785483 f
  frfcfs.scheduler_i/U1095/A (AND2X1)                           0.021661  0.000000   1.785483 f
  frfcfs.scheduler_i/U1095/Y (AND2X1)                           0.013877  0.032235   1.817717 f
  frfcfs.scheduler_i/n1400 (net)                1     0.001476            0.000000   1.817717 f
  frfcfs.scheduler_i/U152/A (INVX1)                             0.013877  0.000000   1.817717 f
  frfcfs.scheduler_i/U152/Y (INVX1)                             0.119699  0.092897   1.910614 r
  frfcfs.scheduler_i/n209 (net)                12     0.030178            0.000000   1.910614 r
  frfcfs.scheduler_i/U62/B (OR2X1)                              0.119699  0.000000   1.910614 r
  frfcfs.scheduler_i/U62/Y (OR2X1)                              0.016183  0.052657   1.963272 r
  frfcfs.scheduler_i/n1363 (net)                1     0.001551            0.000000   1.963272 r
  frfcfs.scheduler_i/U872/A (INVX1)                             0.016183  0.000000   1.963272 r
  frfcfs.scheduler_i/U872/Y (INVX1)                             0.013872  0.019186   1.982458 f
  frfcfs.scheduler_i/n85 (net)                  1     0.003067            0.000000   1.982458 f
  frfcfs.scheduler_i/U1524/B (NOR3X1)                           0.013872  0.000000   1.982458 f
  frfcfs.scheduler_i/U1524/Y (NOR3X1)                           0.053574  0.040192   2.022650 r
  frfcfs.scheduler_i/n1370 (net)                1     0.002744            0.000000   2.022650 r
  frfcfs.scheduler_i/U1529/B (MUX2X1)                           0.053574  0.000000   2.022650 r
  frfcfs.scheduler_i/U1529/Y (MUX2X1)                           0.014471  0.029664   2.052314 f
  frfcfs.scheduler_i/n1382 (net)                1     0.002569            0.000000   2.052314 f
  frfcfs.scheduler_i/U1537/B (MUX2X1)                           0.014471  0.000000   2.052314 f
  frfcfs.scheduler_i/U1537/Y (MUX2X1)                           0.057030  0.057802   2.110115 r
  frfcfs.scheduler_i/N1469 (net)                1     0.005589            0.000000   2.110115 r
  frfcfs.scheduler_i/U549/B (XNOR2X1)                           0.057030  0.000000   2.110115 r
  frfcfs.scheduler_i/U549/Y (XNOR2X1)                           0.037442  0.052832   2.162947 r
  frfcfs.scheduler_i/n1083 (net)                1     0.002010            0.000000   2.162947 r
  frfcfs.scheduler_i/U548/C (OAI21X1)                           0.037442  0.000000   2.162947 r
  frfcfs.scheduler_i/U548/Y (OAI21X1)                           0.011625  0.020510   2.183457 f
  frfcfs.scheduler_i/n1082 (net)                1     0.001944            0.000000   2.183457 f
  frfcfs.scheduler_i/U547/B (NAND2X1)                           0.011625  0.000000   2.183457 f
  frfcfs.scheduler_i/U547/Y (NAND2X1)                           0.033200  0.011895   2.195351 r
  frfcfs.scheduler_i/n1081 (net)                1     0.001869            0.000000   2.195351 r
  frfcfs.scheduler_i/U471/B (AND2X2)                            0.033200  0.000000   2.195351 r
  frfcfs.scheduler_i/U471/Y (AND2X2)                            0.009312  0.032752   2.228103 r
  frfcfs.scheduler_i/n14 (net)                  1     0.002027            0.000000   2.228103 r
  frfcfs.scheduler_i/U617/B (NAND2X1)                           0.009312  0.000000   2.228103 r
  frfcfs.scheduler_i/U617/Y (NAND2X1)                           0.026649  0.017902   2.246006 f
  frfcfs.scheduler_i/n1043 (net)                2     0.003805            0.000000   2.246006 f
  frfcfs.scheduler_i/U1073/A (OR2X2)                            0.026649  0.000000   2.246006 f
  frfcfs.scheduler_i/U1073/Y (OR2X2)                            0.006645  0.039589   2.285594 f
  frfcfs.scheduler_i/n1036 (net)                1     0.001476            0.000000   2.285594 f
  frfcfs.scheduler_i/U1074/A (INVX1)                            0.006645  0.000000   2.285594 f
  frfcfs.scheduler_i/U1074/Y (INVX1)                            0.000000  0.007527   2.293122 r
  frfcfs.scheduler_i/n195 (net)                 2     0.004634            0.000000   2.293122 r
  frfcfs.scheduler_i/U189/B (AND2X1)                            0.000000  0.000000   2.293122 r
  frfcfs.scheduler_i/U189/Y (AND2X1)                            0.078571  0.071970   2.365092 r
  frfcfs.scheduler_i/n1004 (net)                4     0.011511            0.000000   2.365092 r
  frfcfs.scheduler_i/U468/C (AOI22X1)                           0.078571  0.000000   2.365092 r
  frfcfs.scheduler_i/U468/Y (AOI22X1)                           0.034509  0.032115   2.397207 f
  frfcfs.scheduler_i/n1001 (net)                1     0.001820            0.000000   2.397207 f
  frfcfs.scheduler_i/U560/B (AND2X2)                            0.034509  0.000000   2.397207 f
  frfcfs.scheduler_i/U560/Y (AND2X2)                            0.002831  0.042920   2.440128 f
  frfcfs.scheduler_i/n952 (net)                 1     0.001476            0.000000   2.440128 f
  frfcfs.scheduler_i/U561/A (INVX1)                             0.002831  0.000000   2.440128 f
  frfcfs.scheduler_i/U561/Y (INVX1)                             0.000000  0.007091   2.447219 r
  frfcfs.scheduler_i/n23 (net)                  2     0.004916            0.000000   2.447219 r
  frfcfs.scheduler_i/U466/D (AOI22X1)                           0.000000  0.000000   2.447219 r
  frfcfs.scheduler_i/U466/Y (AOI22X1)                           0.034631  0.011711   2.458930 f
  frfcfs.scheduler_i/n999 (net)                 1     0.001820            0.000000   2.458930 f
  frfcfs.scheduler_i/U59/B (AND2X2)                             0.034631  0.000000   2.458930 f
  frfcfs.scheduler_i/U59/Y (AND2X2)                             0.004806  0.044409   2.503338 f
  frfcfs.scheduler_i/n997 (net)                 1     0.002832            0.000000   2.503338 f
  frfcfs.scheduler_i/U465/C (NAND3X1)                           0.004806  0.000000   2.503338 f
  frfcfs.scheduler_i/U465/Y (NAND3X1)                           0.036583  0.028728   2.532067 r
  frfcfs.scheduler_i/n994 (net)                 1     0.002283            0.000000   2.532067 r
  frfcfs.scheduler_i/U494/B (OR2X2)                             0.036583  0.000000   2.532067 r
  frfcfs.scheduler_i/U494/Y (OR2X2)                             0.028943  0.058529   2.590596 r
  frfcfs.scheduler_i/n229 (net)                 1     0.010083            0.000000   2.590596 r
  frfcfs.scheduler_i/U9/A (INVX8)                               0.028943  0.000000   2.590596 r
  frfcfs.scheduler_i/U9/Y (INVX8)                               0.019673  0.029316   2.619911 f
  frfcfs.scheduler_i/n950 (net)                16     0.041161            0.000000   2.619911 f
  frfcfs.scheduler_i/U445/A (OAI21X1)                           0.019673  0.000000   2.619911 f
  frfcfs.scheduler_i/U445/Y (OAI21X1)                           0.049699  0.049635   2.669547 r
  frfcfs.scheduler_i/n921 (net)                 2     0.003937            0.000000   2.669547 r
  frfcfs.scheduler_i/U1127/A (INVX1)                            0.049699  0.000000   2.669547 r
  frfcfs.scheduler_i/U1127/Y (INVX1)                            0.122148  0.103763   2.773310 f
  frfcfs.scheduler_i/n428 (net)                15     0.039953            0.000000   2.773310 f
  frfcfs.scheduler_i/U297/C (AOI22X1)                           0.122148  0.000000   2.773310 f
  frfcfs.scheduler_i/U297/Y (AOI22X1)                           0.046733  0.064869   2.838179 r
  frfcfs.scheduler_i/n770 (net)                 1     0.002832            0.000000   2.838179 r
  frfcfs.scheduler_i/U294/B (NAND3X1)                           0.046733  0.000000   2.838179 r
  frfcfs.scheduler_i/U294/Y (NAND3X1)                           0.016065  0.022133   2.860312 f
  frfcfs.scheduler_i/n768 (net)                 1     0.002342            0.000000   2.860312 f
  frfcfs.scheduler_i/U233/B (OR2X2)                             0.016065  0.000000   2.860312 f
  frfcfs.scheduler_i/U233/Y (OR2X2)                             0.004792  0.046462   2.906774 f
  frfcfs.scheduler_i/n7 (net)                   1     0.001476            0.000000   2.906774 f
  frfcfs.scheduler_i/U747/A (INVX1)                             0.004792  0.000000   2.906774 f
  frfcfs.scheduler_i/U747/Y (INVX1)                             0.000000  0.008605   2.915379 r
  frfcfs.scheduler_i/n34 (net)                  2     0.005169            0.000000   2.915379 r
  frfcfs.scheduler_i/U208/A (AND2X1)                            0.000000  0.000000   2.915379 r
  frfcfs.scheduler_i/U208/Y (AND2X1)                            0.019440  0.028508   2.943887 r
  frfcfs.scheduler_i/n755 (net)                 1     0.001551            0.000000   2.943887 r
  frfcfs.scheduler_i/U808/A (INVX1)                             0.019440  0.000000   2.943887 r
  frfcfs.scheduler_i/U808/Y (INVX1)                             0.019546  0.024113   2.968001 f
  frfcfs.scheduler_i/n49 (net)                  2     0.005040            0.000000   2.968001 f
  frfcfs.scheduler_i/U291/C (NAND3X1)                           0.019546  0.000000   2.968001 f
  frfcfs.scheduler_i/U291/Y (NAND3X1)                           0.036093  0.031706   2.999707 r
  frfcfs.scheduler_i/n766 (net)                 1     0.002027            0.000000   2.999707 r
  frfcfs.scheduler_i/U290/B (NAND2X1)                           0.036093  0.000000   2.999707 r
  frfcfs.scheduler_i/U290/Y (NAND2X1)                           0.021553  0.022095   3.021802 f
  frfcfs.scheduler_i/n765 (net)                 1     0.002832            0.000000   3.021802 f
  frfcfs.scheduler_i/U289/C (NAND3X1)                           0.021553  0.000000   3.021802 f
  frfcfs.scheduler_i/U289/Y (NAND3X1)                           0.040527  0.035089   3.056891 r
  frfcfs.scheduler_i/n764 (net)                 1     0.002961            0.000000   3.056891 r
  frfcfs.scheduler_i/U288/C (NAND3X1)                           0.040527  0.000000   3.056891 r
  frfcfs.scheduler_i/U288/Y (NAND3X1)                           0.017947  0.018289   3.075181 f
  frfcfs.scheduler_i/n763 (net)                 1     0.002832            0.000000   3.075181 f
  frfcfs.scheduler_i/U287/C (NAND3X1)                           0.017947  0.000000   3.075181 f
  frfcfs.scheduler_i/U287/Y (NAND3X1)                           0.033896  0.029797   3.104977 r
  frfcfs.scheduler_i/n762 (net)                 1     0.001539            0.000000   3.104977 r
  frfcfs.scheduler_i/U1018/A (BUFX2)                            0.033896  0.000000   3.104977 r
  frfcfs.scheduler_i/U1018/Y (BUFX2)                            0.010886  0.035904   3.140881 r
  frfcfs.scheduler_i/n164 (net)                 1     0.002961            0.000000   3.140881 r
  frfcfs.scheduler_i/U286/C (NAND3X1)                           0.010886  0.000000   3.140881 r
  frfcfs.scheduler_i/U286/Y (NAND3X1)                           0.014908  0.009146   3.150027 f
  frfcfs.scheduler_i/n761 (net)                 1     0.001504            0.000000   3.150027 f
  frfcfs.scheduler_i/U1017/A (BUFX2)                            0.014908  0.000000   3.150027 f
  frfcfs.scheduler_i/U1017/Y (BUFX2)                            0.002106  0.033341   3.183368 f
  frfcfs.scheduler_i/n163 (net)                 1     0.001763            0.000000   3.183368 f
  frfcfs.scheduler_i/U11/A (AND2X2)                             0.002106  0.000000   3.183368 f
  frfcfs.scheduler_i/U11/Y (AND2X2)                             0.000000  0.031134   3.214503 f
  frfcfs.scheduler_i/n760 (net)                 1     0.002312            0.000000   3.214503 f
  frfcfs.scheduler_i/U285/C (AOI21X1)                           0.000000  0.000000   3.214503 f
  frfcfs.scheduler_i/U285/Y (AOI21X1)                           0.023825  0.013660   3.228163 r
  frfcfs.scheduler_i/n675 (net)                 1     0.001539            0.000000   3.228163 r
  frfcfs.scheduler_i/U1016/A (BUFX2)                            0.023825  0.000000   3.228163 r
  frfcfs.scheduler_i/U1016/Y (BUFX2)                            0.030642  0.048933   3.277096 r
  frfcfs.scheduler_i/n162 (net)                 4     0.011903            0.000000   3.277096 r
  frfcfs.scheduler_i/U480/A (INVX1)                             0.030642  0.000000   3.277096 r
  frfcfs.scheduler_i/U480/Y (INVX1)                             0.085987  0.073156   3.350252 f
  frfcfs.scheduler_i/select_slot[1] (net)      14     0.027493            0.000000   3.350252 f
  frfcfs.scheduler_i/select_slot[1] (mc_scheduler_frfcfs_Q_DEPTH16_ADDR_W16_AGE_LIMIT128_AGING_ENABLE1)
                                                                          0.000000   3.350252 f
  select_slot[1] (net)                                0.027493            0.000000   3.350252 f
  U14/A (INVX2)                                                 0.085987  0.000000   3.350252 f
  U14/Y (INVX2)                                                 0.050802  0.048784   3.399036 r
  n160 (net)                                    5     0.011897            0.000000   3.399036 r
  U20/A (OR2X1)                                                 0.050802  0.000000   3.399036 r
  U20/Y (OR2X1)                                                 0.016203  0.036971   3.436007 r
  n553 (net)                                    1     0.001551            0.000000   3.436007 r
  U80/A (INVX1)                                                 0.016203  0.000000   3.436007 r
  U80/Y (INVX1)                                                 0.026471  0.027835   3.463842 f
  n32 (net)                                     4     0.007281            0.000000   3.463842 f
  U21/B (AND2X1)                                                0.026471  0.000000   3.463842 f
  U21/Y (AND2X1)                                                0.030717  0.056111   3.519953 f
  n1212 (net)                                   5     0.007381            0.000000   3.519953 f
  U36/A (INVX1)                                                 0.030717  0.000000   3.519953 f
  U36/Y (INVX1)                                                 0.167581  0.127916   3.647869 r
  n69 (net)                                    16     0.039189            0.000000   3.647869 r
  U338/B (OR2X1)                                                0.167581  0.000000   3.647869 r
  U338/Y (OR2X1)                                                0.020753  0.056453   3.704321 r
  n603 (net)                                    1     0.002010            0.000000   3.704321 r
  U912/C (OAI21X1)                                              0.020753  0.000000   3.704321 r
  U912/Y (OAI21X1)                                              0.005783  0.016551   3.720872 f
  n606 (net)                                    1     0.002313            0.000000   3.720872 f
  U337/A (OR2X1)                                                0.005783  0.000000   3.720872 f
  U337/Y (OR2X1)                                                0.015474  0.041284   3.762157 f
  n611 (net)                                    1     0.003011            0.000000   3.762157 f
  U916/A (NOR3X1)                                               0.015474  0.000000   3.762157 f
  U916/Y (NOR3X1)                                               0.053341  0.050893   3.813050 r
  n612 (net)                                    1     0.002798            0.000000   3.813050 r
  U917/A (MUX2X1)                                               0.053341  0.000000   3.813050 r
  U917/Y (MUX2X1)                                               0.084114  0.029896   3.842946 f
  n614 (net)                                    1     0.001476            0.000000   3.842946 f
  U170/A (INVX1)                                                0.084114  0.000000   3.842946 f
  U170/Y (INVX1)                                                0.026854  0.052263   3.895209 r
  cmd_wdata[11] (net)                           1     0.010000            0.000000   3.895209 r
  cmd_wdata[11] (out)                                           0.026854  0.000000   3.895209 r
  data arrival time                                                                  3.895209

  clock core_clk (rise edge)                                              5.000000   5.000000
  clock network delay (ideal)                                             0.000000   5.000000
  clock uncertainty                                                       -0.100000  4.900000
  output external delay                                                   -1.000000  3.900000
  data required time                                                                 3.900000
  ----------------------------------------------------------------------------------------------
  data required time                                                                 3.900000
  data arrival time                                                                  -3.895209
  ----------------------------------------------------------------------------------------------
  slack (MET)                                                                        0.004791


  Startpoint: table_i/addresses_reg[80]
              (rising edge-triggered flip-flop clocked by core_clk)
  Endpoint: cmd_wdata[10]
            (output port clocked by core_clk)
  Path Group: core_clk
  Path Type: max

  Point                                       Fanout       Cap     Trans      Incr       Path
  ----------------------------------------------------------------------------------------------
  clock core_clk (rise edge)                                              0.000000   0.000000
  clock network delay (ideal)                                             0.000000   0.000000
  table_i/addresses_reg[80]/CLK (DFFPOSX1)                      0.000000  0.000000 # 0.000000 r
  table_i/addresses_reg[80]/Q (DFFPOSX1)                        0.041902  0.119515   0.119515 f
  table_i/addresses[80] (net)                  10     0.019067            0.000000   0.119515 f
  table_i/addresses[80] (mc_transaction_table_Q_DEPTH16_ADDR_W16_DATA_W32_TAG_W8_READ_LATENCY3_AGE_LIMIT128)
                                                                          0.000000   0.119515 f
  addresses[80] (net)                                 0.019067            0.000000   0.119515 f
  candidates_i/addresses[80] (mc_candidates_Q_DEPTH16_ROW_W8_COL_W6)      0.000000   0.119515 f
  candidates_i/N1286 (net)                            0.019067            0.000000   0.119515 f
  candidates_i/U4228/A (INVX1)                                  0.041902  0.000000   0.119515 f
  candidates_i/U4228/Y (INVX1)                                  0.000000  0.015062   0.134577 r
  candidates_i/n1392 (net)                      2     0.003102            0.000000   0.134577 r
  candidates_i/U4048/A (INVX1)                                  0.000000  0.000000   0.134577 r
  candidates_i/U4048/Y (INVX1)                                  0.044758  0.035269   0.169846 f
  candidates_i/n1390 (net)                      6     0.013033            0.000000   0.169846 f
  candidates_i/U3360/A (INVX1)                                  0.044758  0.000000   0.169846 f
  candidates_i/U3360/Y (INVX1)                                  0.147971  0.119325   0.289170 r
  candidates_i/n1394 (net)                     15     0.035035            0.000000   0.289170 r
  candidates_i/U3780/A (OR2X1)                                  0.147971  0.000000   0.289170 r
  candidates_i/U3780/Y (OR2X1)                                  0.014368  0.041603   0.330773 r
  candidates_i/n7639 (net)                      1     0.002655            0.000000   0.330773 r
  candidates_i/U412/A (INVX2)                                   0.014368  0.000000   0.330773 r
  candidates_i/U412/Y (INVX2)                                   0.055978  0.057379   0.388152 f
  candidates_i/n1227 (net)                     17     0.048037            0.000000   0.388152 f
  candidates_i/U8126/D (AOI22X1)                                0.055978  0.000000   0.388152 f
  candidates_i/U8126/Y (AOI22X1)                                0.040566  0.037480   0.425631 r
  candidates_i/n7623 (net)                      1     0.001539            0.000000   0.425631 r
  candidates_i/U2457/A (BUFX2)                                  0.040566  0.000000   0.425631 r
  candidates_i/U2457/Y (BUFX2)                                  0.010382  0.035535   0.461167 r
  candidates_i/n384 (net)                       1     0.002343            0.000000   0.461167 r
  candidates_i/U87/B (AND2X1)                                   0.010382  0.000000   0.461167 r
  candidates_i/U87/Y (AND2X1)                                   0.029908  0.040580   0.501746 r
  candidates_i/N1821 (net)                      1     0.001551            0.000000   0.501746 r
  candidates_i/U2455/A (INVX1)                                  0.029908  0.000000   0.501746 r
  candidates_i/U2455/Y (INVX1)                                  0.016060  0.025054   0.526801 f
  candidates_i/n382 (net)                       2     0.004119            0.000000   0.526801 f
  candidates_i/U111/B (OR2X1)                                   0.016060  0.000000   0.526801 f
  candidates_i/U111/Y (OR2X1)                                   0.017085  0.052343   0.579144 f
  candidates_i/n7233 (net)                      2     0.003829            0.000000   0.579144 f
  candidates_i/U7902/A (NAND2X1)                                0.017085  0.000000   0.579144 f
  candidates_i/U7902/Y (NAND2X1)                                0.038162  0.030105   0.609248 r
  candidates_i/n7237 (net)                      1     0.002764            0.000000   0.609248 r
  candidates_i/U7905/B (AOI22X1)                                0.038162  0.000000   0.609248 r
  candidates_i/U7905/Y (AOI22X1)                                0.036814  0.035230   0.644478 f
  candidates_i/n7239 (net)                      1     0.002832            0.000000   0.644478 f
  candidates_i/U7906/C (NAND3X1)                                0.036814  0.000000   0.644478 f
  candidates_i/U7906/Y (NAND3X1)                                0.040351  0.039174   0.683653 r
  candidates_i/n7248 (net)                      1     0.003021            0.000000   0.683653 r
  candidates_i/U7911/A (NOR3X1)                                 0.040351  0.000000   0.683653 r
  candidates_i/U7911/Y (NOR3X1)                                 0.025621  0.040915   0.724568 f
  candidates_i/N1829 (net)                      1     0.001827            0.000000   0.724568 f
  candidates_i/U392/B (AND2X1)                                  0.025621  0.000000   0.724568 f
  candidates_i/U392/Y (AND2X1)                                  0.056481  0.074783   0.799351 f
  candidates_i/hit[5] (net)                     7     0.016597            0.000000   0.799351 f
  candidates_i/U1876/A (NAND3X1)                                0.056481  0.000000   0.799351 f
  candidates_i/U1876/Y (NAND3X1)                                0.032736  0.049640   0.848991 r
  candidates_i/n2941 (net)                      1     0.001869            0.000000   0.848991 r
  candidates_i/U395/B (AND2X2)                                  0.032736  0.000000   0.848991 r
  candidates_i/U395/Y (AND2X2)                                  0.011421  0.034161   0.883152 r
  candidates_i/n2939 (net)                      1     0.002961            0.000000   0.883152 r
  candidates_i/U1875/C (NAND3X1)                                0.011421  0.000000   0.883152 r
  candidates_i/U1875/Y (NAND3X1)                                0.017939  0.011793   0.894945 f
  candidates_i/n2817 (net)                      1     0.003011            0.000000   0.894945 f
  candidates_i/U1748/A (NOR3X1)                                 0.017939  0.000000   0.894945 f
  candidates_i/U1748/Y (NOR3X1)                                 0.050920  0.049695   0.944639 r
  candidates_i/n2816 (net)                      1     0.002343            0.000000   0.944639 r
  candidates_i/U3808/B (AND2X1)                                 0.050920  0.000000   0.944639 r
  candidates_i/U3808/Y (AND2X1)                                 0.025498  0.037568   0.982207 r
  candidates_i/n1242 (net)                      1     0.001551            0.000000   0.982207 r
  candidates_i/U86/A (INVX1)                                    0.025498  0.000000   0.982207 r
  candidates_i/U86/Y (INVX1)                                    0.097130  0.079190   1.061397 f
  candidates_i/n2789 (net)                     16     0.031107            0.000000   1.061397 f
  candidates_i/U1735/B (NAND2X1)                                0.097130  0.000000   1.061397 f
  candidates_i/U1735/Y (NAND2X1)                                0.032408  0.041784   1.103181 r
  candidates_i/n2809 (net)                      1     0.002548            0.000000   1.103181 r
  candidates_i/U1734/A (NAND3X1)                                0.032408  0.000000   1.103181 r
  candidates_i/U1734/Y (NAND3X1)                                0.010647  0.019548   1.122729 f
  candidates_i/n2808 (net)                      1     0.001476            0.000000   1.122729 f
  candidates_i/U3909/A (INVX1)                                  0.010647  0.000000   1.122729 f
  candidates_i/U3909/Y (INVX1)                                  0.208389  0.148141   1.270870 r
  candidates_i/n7399 (net)                     17     0.047560            0.000000   1.270870 r
  candidates_i/U1644/C (AOI22X1)                                0.208389  0.000000   1.270870 r
  candidates_i/U1644/Y (AOI22X1)                                0.034091  0.061846   1.332716 f
  candidates_i/n2714 (net)                      1     0.001763            0.000000   1.332716 f
  candidates_i/U375/A (AND2X2)                                  0.034091  0.000000   1.332716 f
  candidates_i/U375/Y (AND2X2)                                  0.004683  0.039695   1.372411 f
  candidates_i/n2713 (net)                      1     0.002832            0.000000   1.372411 f
  candidates_i/U1642/C (NAND3X1)                                0.004683  0.000000   1.372411 f
  candidates_i/U1642/Y (NAND3X1)                                0.037240  0.028726   1.401137 r
  candidates_i/n2703 (net)                      1     0.002292            0.000000   1.401137 r
  candidates_i/U373/A (OR2X2)                                   0.037240  0.000000   1.401137 r
  candidates_i/U373/Y (OR2X2)                                   0.017298  0.043922   1.445059 r
  candidates_i/n2054 (net)                      2     0.004842            0.000000   1.445059 r
  candidates_i/U1625/B (NAND3X1)                                0.017298  0.000000   1.445059 r
  candidates_i/U1625/Y (NAND3X1)                                0.016156  0.014692   1.459751 f
  candidates_i/n2690 (net)                      1     0.001924            0.000000   1.459751 f
  candidates_i/U1624/C (OAI21X1)                                0.016156  0.000000   1.459751 f
  candidates_i/U1624/Y (OAI21X1)                                0.045607  0.022346   1.482097 r
  candidates_i/n2663 (net)                      1     0.002817            0.000000   1.482097 r
  candidates_i/U1601/A (AOI22X1)                                0.045607  0.000000   1.482097 r
  candidates_i/U1601/Y (AOI22X1)                                0.035654  0.040046   1.522143 f
  candidates_i/n2662 (net)                      1     0.002312            0.000000   1.522143 f
  candidates_i/U1600/C (AOI21X1)                                0.035654  0.000000   1.522143 f
  candidates_i/U1600/Y (AOI21X1)                                0.027785  0.025672   1.547815 r
  candidates_i/n2661 (net)                      1     0.002386            0.000000   1.547815 r
  candidates_i/U1599/C (AOI21X1)                                0.027785  0.000000   1.547815 r
  candidates_i/U1599/Y (AOI21X1)                                0.015014  0.017616   1.565430 f
  candidates_i/n2646 (net)                      1     0.002632            0.000000   1.565430 f
  candidates_i/U1587/B (OAI21X1)                                0.015014  0.000000   1.565430 f
  candidates_i/U1587/Y (OAI21X1)                                0.041918  0.040493   1.605923 r
  candidates_i/n2631 (net)                      1     0.002111            0.000000   1.605923 r
  candidates_i/U1575/A (NAND2X1)                                0.041918  0.000000   1.605923 r
  candidates_i/U1575/Y (NAND2X1)                                0.020639  0.018692   1.624615 f
  candidates_i/n2630 (net)                      1     0.001944            0.000000   1.624615 f
  candidates_i/U1574/B (NAND2X1)                                0.020639  0.000000   1.624615 f
  candidates_i/U1574/Y (NAND2X1)                                0.036723  0.017556   1.642171 r
  candidates_i/n2601 (net)                      1     0.002741            0.000000   1.642171 r
  candidates_i/U1550/A (AOI21X1)                                0.036723  0.000000   1.642171 r
  candidates_i/U1550/Y (AOI21X1)                                0.017841  0.022767   1.664938 f
  candidates_i/n2586 (net)                      1     0.002632            0.000000   1.664938 f
  candidates_i/U1538/B (OAI21X1)                                0.017841  0.000000   1.664938 f
  candidates_i/U1538/Y (OAI21X1)                                0.088538  0.073061   1.737999 r
  candidates_i/candidate_slots[0] (net)         6     0.012093            0.000000   1.737999 r
  candidates_i/candidate_slots[0] (mc_candidates_Q_DEPTH16_ROW_W8_COL_W6) 0.000000   1.737999 r
  candidate_slots[0] (net)                            0.012093            0.000000   1.737999 r
  frfcfs.scheduler_i/candidate_slots[0] (mc_scheduler_frfcfs_Q_DEPTH16_ADDR_W16_AGE_LIMIT128_AGING_ENABLE1)
                                                                          0.000000   1.737999 r
  frfcfs.scheduler_i/N608 (net)                       0.012093            0.000000   1.737999 r
  frfcfs.scheduler_i/U1140/A (INVX1)                            0.088538  0.000000   1.737999 r
  frfcfs.scheduler_i/U1140/Y (INVX1)                            0.021661  0.047484   1.785483 f
  frfcfs.scheduler_i/n448 (net)                 4     0.007338            0.000000   1.785483 f
  frfcfs.scheduler_i/U1095/A (AND2X1)                           0.021661  0.000000   1.785483 f
  frfcfs.scheduler_i/U1095/Y (AND2X1)                           0.013877  0.032235   1.817717 f
  frfcfs.scheduler_i/n1400 (net)                1     0.001476            0.000000   1.817717 f
  frfcfs.scheduler_i/U152/A (INVX1)                             0.013877  0.000000   1.817717 f
  frfcfs.scheduler_i/U152/Y (INVX1)                             0.119699  0.092897   1.910614 r
  frfcfs.scheduler_i/n209 (net)                12     0.030178            0.000000   1.910614 r
  frfcfs.scheduler_i/U62/B (OR2X1)                              0.119699  0.000000   1.910614 r
  frfcfs.scheduler_i/U62/Y (OR2X1)                              0.016183  0.052657   1.963272 r
  frfcfs.scheduler_i/n1363 (net)                1     0.001551            0.000000   1.963272 r
  frfcfs.scheduler_i/U872/A (INVX1)                             0.016183  0.000000   1.963272 r
  frfcfs.scheduler_i/U872/Y (INVX1)                             0.013872  0.019186   1.982458 f
  frfcfs.scheduler_i/n85 (net)                  1     0.003067            0.000000   1.982458 f
  frfcfs.scheduler_i/U1524/B (NOR3X1)                           0.013872  0.000000   1.982458 f
  frfcfs.scheduler_i/U1524/Y (NOR3X1)                           0.053574  0.040192   2.022650 r
  frfcfs.scheduler_i/n1370 (net)                1     0.002744            0.000000   2.022650 r
  frfcfs.scheduler_i/U1529/B (MUX2X1)                           0.053574  0.000000   2.022650 r
  frfcfs.scheduler_i/U1529/Y (MUX2X1)                           0.014471  0.029664   2.052314 f
  frfcfs.scheduler_i/n1382 (net)                1     0.002569            0.000000   2.052314 f
  frfcfs.scheduler_i/U1537/B (MUX2X1)                           0.014471  0.000000   2.052314 f
  frfcfs.scheduler_i/U1537/Y (MUX2X1)                           0.057030  0.057802   2.110115 r
  frfcfs.scheduler_i/N1469 (net)                1     0.005589            0.000000   2.110115 r
  frfcfs.scheduler_i/U549/B (XNOR2X1)                           0.057030  0.000000   2.110115 r
  frfcfs.scheduler_i/U549/Y (XNOR2X1)                           0.037442  0.052832   2.162947 r
  frfcfs.scheduler_i/n1083 (net)                1     0.002010            0.000000   2.162947 r
  frfcfs.scheduler_i/U548/C (OAI21X1)                           0.037442  0.000000   2.162947 r
  frfcfs.scheduler_i/U548/Y (OAI21X1)                           0.011625  0.020510   2.183457 f
  frfcfs.scheduler_i/n1082 (net)                1     0.001944            0.000000   2.183457 f
  frfcfs.scheduler_i/U547/B (NAND2X1)                           0.011625  0.000000   2.183457 f
  frfcfs.scheduler_i/U547/Y (NAND2X1)                           0.033200  0.011895   2.195351 r
  frfcfs.scheduler_i/n1081 (net)                1     0.001869            0.000000   2.195351 r
  frfcfs.scheduler_i/U471/B (AND2X2)                            0.033200  0.000000   2.195351 r
  frfcfs.scheduler_i/U471/Y (AND2X2)                            0.009312  0.032752   2.228103 r
  frfcfs.scheduler_i/n14 (net)                  1     0.002027            0.000000   2.228103 r
  frfcfs.scheduler_i/U617/B (NAND2X1)                           0.009312  0.000000   2.228103 r
  frfcfs.scheduler_i/U617/Y (NAND2X1)                           0.026649  0.017902   2.246006 f
  frfcfs.scheduler_i/n1043 (net)                2     0.003805            0.000000   2.246006 f
  frfcfs.scheduler_i/U1073/A (OR2X2)                            0.026649  0.000000   2.246006 f
  frfcfs.scheduler_i/U1073/Y (OR2X2)                            0.006645  0.039589   2.285594 f
  frfcfs.scheduler_i/n1036 (net)                1     0.001476            0.000000   2.285594 f
  frfcfs.scheduler_i/U1074/A (INVX1)                            0.006645  0.000000   2.285594 f
  frfcfs.scheduler_i/U1074/Y (INVX1)                            0.000000  0.007527   2.293122 r
  frfcfs.scheduler_i/n195 (net)                 2     0.004634            0.000000   2.293122 r
  frfcfs.scheduler_i/U189/B (AND2X1)                            0.000000  0.000000   2.293122 r
  frfcfs.scheduler_i/U189/Y (AND2X1)                            0.078571  0.071970   2.365092 r
  frfcfs.scheduler_i/n1004 (net)                4     0.011511            0.000000   2.365092 r
  frfcfs.scheduler_i/U468/C (AOI22X1)                           0.078571  0.000000   2.365092 r
  frfcfs.scheduler_i/U468/Y (AOI22X1)                           0.034509  0.032115   2.397207 f
  frfcfs.scheduler_i/n1001 (net)                1     0.001820            0.000000   2.397207 f
  frfcfs.scheduler_i/U560/B (AND2X2)                            0.034509  0.000000   2.397207 f
  frfcfs.scheduler_i/U560/Y (AND2X2)                            0.002831  0.042920   2.440128 f
  frfcfs.scheduler_i/n952 (net)                 1     0.001476            0.000000   2.440128 f
  frfcfs.scheduler_i/U561/A (INVX1)                             0.002831  0.000000   2.440128 f
  frfcfs.scheduler_i/U561/Y (INVX1)                             0.000000  0.007091   2.447219 r
  frfcfs.scheduler_i/n23 (net)                  2     0.004916            0.000000   2.447219 r
  frfcfs.scheduler_i/U466/D (AOI22X1)                           0.000000  0.000000   2.447219 r
  frfcfs.scheduler_i/U466/Y (AOI22X1)                           0.034631  0.011711   2.458930 f
  frfcfs.scheduler_i/n999 (net)                 1     0.001820            0.000000   2.458930 f
  frfcfs.scheduler_i/U59/B (AND2X2)                             0.034631  0.000000   2.458930 f
  frfcfs.scheduler_i/U59/Y (AND2X2)                             0.004806  0.044409   2.503338 f
  frfcfs.scheduler_i/n997 (net)                 1     0.002832            0.000000   2.503338 f
  frfcfs.scheduler_i/U465/C (NAND3X1)                           0.004806  0.000000   2.503338 f
  frfcfs.scheduler_i/U465/Y (NAND3X1)                           0.036583  0.028728   2.532067 r
  frfcfs.scheduler_i/n994 (net)                 1     0.002283            0.000000   2.532067 r
  frfcfs.scheduler_i/U494/B (OR2X2)                             0.036583  0.000000   2.532067 r
  frfcfs.scheduler_i/U494/Y (OR2X2)                             0.028943  0.058529   2.590596 r
  frfcfs.scheduler_i/n229 (net)                 1     0.010083            0.000000   2.590596 r
  frfcfs.scheduler_i/U9/A (INVX8)                               0.028943  0.000000   2.590596 r
  frfcfs.scheduler_i/U9/Y (INVX8)                               0.019673  0.029316   2.619911 f
  frfcfs.scheduler_i/n950 (net)                16     0.041161            0.000000   2.619911 f
  frfcfs.scheduler_i/U445/A (OAI21X1)                           0.019673  0.000000   2.619911 f
  frfcfs.scheduler_i/U445/Y (OAI21X1)                           0.049699  0.049635   2.669547 r
  frfcfs.scheduler_i/n921 (net)                 2     0.003937            0.000000   2.669547 r
  frfcfs.scheduler_i/U1127/A (INVX1)                            0.049699  0.000000   2.669547 r
  frfcfs.scheduler_i/U1127/Y (INVX1)                            0.122148  0.103763   2.773310 f
  frfcfs.scheduler_i/n428 (net)                15     0.039953            0.000000   2.773310 f
  frfcfs.scheduler_i/U297/C (AOI22X1)                           0.122148  0.000000   2.773310 f
  frfcfs.scheduler_i/U297/Y (AOI22X1)                           0.046733  0.064869   2.838179 r
  frfcfs.scheduler_i/n770 (net)                 1     0.002832            0.000000   2.838179 r
  frfcfs.scheduler_i/U294/B (NAND3X1)                           0.046733  0.000000   2.838179 r
  frfcfs.scheduler_i/U294/Y (NAND3X1)                           0.016065  0.022133   2.860312 f
  frfcfs.scheduler_i/n768 (net)                 1     0.002342            0.000000   2.860312 f
  frfcfs.scheduler_i/U233/B (OR2X2)                             0.016065  0.000000   2.860312 f
  frfcfs.scheduler_i/U233/Y (OR2X2)                             0.004792  0.046462   2.906774 f
  frfcfs.scheduler_i/n7 (net)                   1     0.001476            0.000000   2.906774 f
  frfcfs.scheduler_i/U747/A (INVX1)                             0.004792  0.000000   2.906774 f
  frfcfs.scheduler_i/U747/Y (INVX1)                             0.000000  0.008605   2.915379 r
  frfcfs.scheduler_i/n34 (net)                  2     0.005169            0.000000   2.915379 r
  frfcfs.scheduler_i/U208/A (AND2X1)                            0.000000  0.000000   2.915379 r
  frfcfs.scheduler_i/U208/Y (AND2X1)                            0.019440  0.028508   2.943887 r
  frfcfs.scheduler_i/n755 (net)                 1     0.001551            0.000000   2.943887 r
  frfcfs.scheduler_i/U808/A (INVX1)                             0.019440  0.000000   2.943887 r
  frfcfs.scheduler_i/U808/Y (INVX1)                             0.019546  0.024113   2.968001 f
  frfcfs.scheduler_i/n49 (net)                  2     0.005040            0.000000   2.968001 f
  frfcfs.scheduler_i/U291/C (NAND3X1)                           0.019546  0.000000   2.968001 f
  frfcfs.scheduler_i/U291/Y (NAND3X1)                           0.036093  0.031706   2.999707 r
  frfcfs.scheduler_i/n766 (net)                 1     0.002027            0.000000   2.999707 r
  frfcfs.scheduler_i/U290/B (NAND2X1)                           0.036093  0.000000   2.999707 r
  frfcfs.scheduler_i/U290/Y (NAND2X1)                           0.021553  0.022095   3.021802 f
  frfcfs.scheduler_i/n765 (net)                 1     0.002832            0.000000   3.021802 f
  frfcfs.scheduler_i/U289/C (NAND3X1)                           0.021553  0.000000   3.021802 f
  frfcfs.scheduler_i/U289/Y (NAND3X1)                           0.040527  0.035089   3.056891 r
  frfcfs.scheduler_i/n764 (net)                 1     0.002961            0.000000   3.056891 r
  frfcfs.scheduler_i/U288/C (NAND3X1)                           0.040527  0.000000   3.056891 r
  frfcfs.scheduler_i/U288/Y (NAND3X1)                           0.017947  0.018289   3.075181 f
  frfcfs.scheduler_i/n763 (net)                 1     0.002832            0.000000   3.075181 f
  frfcfs.scheduler_i/U287/C (NAND3X1)                           0.017947  0.000000   3.075181 f
  frfcfs.scheduler_i/U287/Y (NAND3X1)                           0.033896  0.029797   3.104977 r
  frfcfs.scheduler_i/n762 (net)                 1     0.001539            0.000000   3.104977 r
  frfcfs.scheduler_i/U1018/A (BUFX2)                            0.033896  0.000000   3.104977 r
  frfcfs.scheduler_i/U1018/Y (BUFX2)                            0.010886  0.035904   3.140881 r
  frfcfs.scheduler_i/n164 (net)                 1     0.002961            0.000000   3.140881 r
  frfcfs.scheduler_i/U286/C (NAND3X1)                           0.010886  0.000000   3.140881 r
  frfcfs.scheduler_i/U286/Y (NAND3X1)                           0.014908  0.009146   3.150027 f
  frfcfs.scheduler_i/n761 (net)                 1     0.001504            0.000000   3.150027 f
  frfcfs.scheduler_i/U1017/A (BUFX2)                            0.014908  0.000000   3.150027 f
  frfcfs.scheduler_i/U1017/Y (BUFX2)                            0.002106  0.033341   3.183368 f
  frfcfs.scheduler_i/n163 (net)                 1     0.001763            0.000000   3.183368 f
  frfcfs.scheduler_i/U11/A (AND2X2)                             0.002106  0.000000   3.183368 f
  frfcfs.scheduler_i/U11/Y (AND2X2)                             0.000000  0.031134   3.214503 f
  frfcfs.scheduler_i/n760 (net)                 1     0.002312            0.000000   3.214503 f
  frfcfs.scheduler_i/U285/C (AOI21X1)                           0.000000  0.000000   3.214503 f
  frfcfs.scheduler_i/U285/Y (AOI21X1)                           0.023825  0.013660   3.228163 r
  frfcfs.scheduler_i/n675 (net)                 1     0.001539            0.000000   3.228163 r
  frfcfs.scheduler_i/U1016/A (BUFX2)                            0.023825  0.000000   3.228163 r
  frfcfs.scheduler_i/U1016/Y (BUFX2)                            0.030642  0.048933   3.277096 r
  frfcfs.scheduler_i/n162 (net)                 4     0.011903            0.000000   3.277096 r
  frfcfs.scheduler_i/U480/A (INVX1)                             0.030642  0.000000   3.277096 r
  frfcfs.scheduler_i/U480/Y (INVX1)                             0.085987  0.073156   3.350252 f
  frfcfs.scheduler_i/select_slot[1] (net)      14     0.027493            0.000000   3.350252 f
  frfcfs.scheduler_i/select_slot[1] (mc_scheduler_frfcfs_Q_DEPTH16_ADDR_W16_AGE_LIMIT128_AGING_ENABLE1)
                                                                          0.000000   3.350252 f
  select_slot[1] (net)                                0.027493            0.000000   3.350252 f
  U14/A (INVX2)                                                 0.085987  0.000000   3.350252 f
  U14/Y (INVX2)                                                 0.050802  0.048784   3.399036 r
  n160 (net)                                    5     0.011897            0.000000   3.399036 r
  U20/A (OR2X1)                                                 0.050802  0.000000   3.399036 r
  U20/Y (OR2X1)                                                 0.016203  0.036971   3.436007 r
  n553 (net)                                    1     0.001551            0.000000   3.436007 r
  U80/A (INVX1)                                                 0.016203  0.000000   3.436007 r
  U80/Y (INVX1)                                                 0.026471  0.027835   3.463842 f
  n32 (net)                                     4     0.007281            0.000000   3.463842 f
  U21/B (AND2X1)                                                0.026471  0.000000   3.463842 f
  U21/Y (AND2X1)                                                0.030717  0.056111   3.519953 f
  n1212 (net)                                   5     0.007381            0.000000   3.519953 f
  U36/A (INVX1)                                                 0.030717  0.000000   3.519953 f
  U36/Y (INVX1)                                                 0.167581  0.127916   3.647869 r
  n69 (net)                                    16     0.039189            0.000000   3.647869 r
  U411/B (OR2X1)                                                0.167581  0.000000   3.647869 r
  U411/Y (OR2X1)                                                0.020753  0.056453   3.704321 r
  n582 (net)                                    1     0.002010            0.000000   3.704321 r
  U901/C (OAI21X1)                                              0.020753  0.000000   3.704321 r
  U901/Y (OAI21X1)                                              0.005783  0.016551   3.720872 f
  n585 (net)                                    1     0.002313            0.000000   3.720872 f
  U408/A (OR2X1)                                                0.005783  0.000000   3.720872 f
  U408/Y (OR2X1)                                                0.015474  0.041284   3.762157 f
  n590 (net)                                    1     0.003011            0.000000   3.762157 f
  U905/A (NOR3X1)                                               0.015474  0.000000   3.762157 f
  U905/Y (NOR3X1)                                               0.053341  0.050893   3.813050 r
  n591 (net)                                    1     0.002798            0.000000   3.813050 r
  U906/A (MUX2X1)                                               0.053341  0.000000   3.813050 r
  U906/Y (MUX2X1)                                               0.084114  0.029896   3.842946 f
  n593 (net)                                    1     0.001476            0.000000   3.842946 f
  U191/A (INVX1)                                                0.084114  0.000000   3.842946 f
  U191/Y (INVX1)                                                0.026854  0.052263   3.895209 r
  cmd_wdata[10] (net)                           1     0.010000            0.000000   3.895209 r
  cmd_wdata[10] (out)                                           0.026854  0.000000   3.895209 r
  data arrival time                                                                  3.895209

  clock core_clk (rise edge)                                              5.000000   5.000000
  clock network delay (ideal)                                             0.000000   5.000000
  clock uncertainty                                                       -0.100000  4.900000
  output external delay                                                   -1.000000  3.900000
  data required time                                                                 3.900000
  ----------------------------------------------------------------------------------------------
  data required time                                                                 3.900000
  data arrival time                                                                  -3.895209
  ----------------------------------------------------------------------------------------------
  slack (MET)                                                                        0.004791


  Startpoint: table_i/addresses_reg[80]
              (rising edge-triggered flip-flop clocked by core_clk)
  Endpoint: cmd_wdata[1]
            (output port clocked by core_clk)
  Path Group: core_clk
  Path Type: max

  Point                                       Fanout       Cap     Trans      Incr       Path
  ----------------------------------------------------------------------------------------------
  clock core_clk (rise edge)                                              0.000000   0.000000
  clock network delay (ideal)                                             0.000000   0.000000
  table_i/addresses_reg[80]/CLK (DFFPOSX1)                      0.000000  0.000000 # 0.000000 r
  table_i/addresses_reg[80]/Q (DFFPOSX1)                        0.041902  0.119515   0.119515 f
  table_i/addresses[80] (net)                  10     0.019067            0.000000   0.119515 f
  table_i/addresses[80] (mc_transaction_table_Q_DEPTH16_ADDR_W16_DATA_W32_TAG_W8_READ_LATENCY3_AGE_LIMIT128)
                                                                          0.000000   0.119515 f
  addresses[80] (net)                                 0.019067            0.000000   0.119515 f
  candidates_i/addresses[80] (mc_candidates_Q_DEPTH16_ROW_W8_COL_W6)      0.000000   0.119515 f
  candidates_i/N1286 (net)                            0.019067            0.000000   0.119515 f
  candidates_i/U4228/A (INVX1)                                  0.041902  0.000000   0.119515 f
  candidates_i/U4228/Y (INVX1)                                  0.000000  0.015062   0.134577 r
  candidates_i/n1392 (net)                      2     0.003102            0.000000   0.134577 r
  candidates_i/U4048/A (INVX1)                                  0.000000  0.000000   0.134577 r
  candidates_i/U4048/Y (INVX1)                                  0.044758  0.035269   0.169846 f
  candidates_i/n1390 (net)                      6     0.013033            0.000000   0.169846 f
  candidates_i/U3360/A (INVX1)                                  0.044758  0.000000   0.169846 f
  candidates_i/U3360/Y (INVX1)                                  0.147971  0.119325   0.289170 r
  candidates_i/n1394 (net)                     15     0.035035            0.000000   0.289170 r
  candidates_i/U3780/A (OR2X1)                                  0.147971  0.000000   0.289170 r
  candidates_i/U3780/Y (OR2X1)                                  0.014368  0.041603   0.330773 r
  candidates_i/n7639 (net)                      1     0.002655            0.000000   0.330773 r
  candidates_i/U412/A (INVX2)                                   0.014368  0.000000   0.330773 r
  candidates_i/U412/Y (INVX2)                                   0.055978  0.057379   0.388152 f
  candidates_i/n1227 (net)                     17     0.048037            0.000000   0.388152 f
  candidates_i/U8126/D (AOI22X1)                                0.055978  0.000000   0.388152 f
  candidates_i/U8126/Y (AOI22X1)                                0.040566  0.037480   0.425631 r
  candidates_i/n7623 (net)                      1     0.001539            0.000000   0.425631 r
  candidates_i/U2457/A (BUFX2)                                  0.040566  0.000000   0.425631 r
  candidates_i/U2457/Y (BUFX2)                                  0.010382  0.035535   0.461167 r
  candidates_i/n384 (net)                       1     0.002343            0.000000   0.461167 r
  candidates_i/U87/B (AND2X1)                                   0.010382  0.000000   0.461167 r
  candidates_i/U87/Y (AND2X1)                                   0.029908  0.040580   0.501746 r
  candidates_i/N1821 (net)                      1     0.001551            0.000000   0.501746 r
  candidates_i/U2455/A (INVX1)                                  0.029908  0.000000   0.501746 r
  candidates_i/U2455/Y (INVX1)                                  0.016060  0.025054   0.526801 f
  candidates_i/n382 (net)                       2     0.004119            0.000000   0.526801 f
  candidates_i/U111/B (OR2X1)                                   0.016060  0.000000   0.526801 f
  candidates_i/U111/Y (OR2X1)                                   0.017085  0.052343   0.579144 f
  candidates_i/n7233 (net)                      2     0.003829            0.000000   0.579144 f
  candidates_i/U7902/A (NAND2X1)                                0.017085  0.000000   0.579144 f
  candidates_i/U7902/Y (NAND2X1)                                0.038162  0.030105   0.609248 r
  candidates_i/n7237 (net)                      1     0.002764            0.000000   0.609248 r
  candidates_i/U7905/B (AOI22X1)                                0.038162  0.000000   0.609248 r
  candidates_i/U7905/Y (AOI22X1)                                0.036814  0.035230   0.644478 f
  candidates_i/n7239 (net)                      1     0.002832            0.000000   0.644478 f
  candidates_i/U7906/C (NAND3X1)                                0.036814  0.000000   0.644478 f
  candidates_i/U7906/Y (NAND3X1)                                0.040351  0.039174   0.683653 r
  candidates_i/n7248 (net)                      1     0.003021            0.000000   0.683653 r
  candidates_i/U7911/A (NOR3X1)                                 0.040351  0.000000   0.683653 r
  candidates_i/U7911/Y (NOR3X1)                                 0.025621  0.040915   0.724568 f
  candidates_i/N1829 (net)                      1     0.001827            0.000000   0.724568 f
  candidates_i/U392/B (AND2X1)                                  0.025621  0.000000   0.724568 f
  candidates_i/U392/Y (AND2X1)                                  0.056481  0.074783   0.799351 f
  candidates_i/hit[5] (net)                     7     0.016597            0.000000   0.799351 f
  candidates_i/U1876/A (NAND3X1)                                0.056481  0.000000   0.799351 f
  candidates_i/U1876/Y (NAND3X1)                                0.032736  0.049640   0.848991 r
  candidates_i/n2941 (net)                      1     0.001869            0.000000   0.848991 r
  candidates_i/U395/B (AND2X2)                                  0.032736  0.000000   0.848991 r
  candidates_i/U395/Y (AND2X2)                                  0.011421  0.034161   0.883152 r
  candidates_i/n2939 (net)                      1     0.002961            0.000000   0.883152 r
  candidates_i/U1875/C (NAND3X1)                                0.011421  0.000000   0.883152 r
  candidates_i/U1875/Y (NAND3X1)                                0.017939  0.011793   0.894945 f
  candidates_i/n2817 (net)                      1     0.003011            0.000000   0.894945 f
  candidates_i/U1748/A (NOR3X1)                                 0.017939  0.000000   0.894945 f
  candidates_i/U1748/Y (NOR3X1)                                 0.050920  0.049695   0.944639 r
  candidates_i/n2816 (net)                      1     0.002343            0.000000   0.944639 r
  candidates_i/U3808/B (AND2X1)                                 0.050920  0.000000   0.944639 r
  candidates_i/U3808/Y (AND2X1)                                 0.025498  0.037568   0.982207 r
  candidates_i/n1242 (net)                      1     0.001551            0.000000   0.982207 r
  candidates_i/U86/A (INVX1)                                    0.025498  0.000000   0.982207 r
  candidates_i/U86/Y (INVX1)                                    0.097130  0.079190   1.061397 f
  candidates_i/n2789 (net)                     16     0.031107            0.000000   1.061397 f
  candidates_i/U1735/B (NAND2X1)                                0.097130  0.000000   1.061397 f
  candidates_i/U1735/Y (NAND2X1)                                0.032408  0.041784   1.103181 r
  candidates_i/n2809 (net)                      1     0.002548            0.000000   1.103181 r
  candidates_i/U1734/A (NAND3X1)                                0.032408  0.000000   1.103181 r
  candidates_i/U1734/Y (NAND3X1)                                0.010647  0.019548   1.122729 f
  candidates_i/n2808 (net)                      1     0.001476            0.000000   1.122729 f
  candidates_i/U3909/A (INVX1)                                  0.010647  0.000000   1.122729 f
  candidates_i/U3909/Y (INVX1)                                  0.208389  0.148141   1.270870 r
  candidates_i/n7399 (net)                     17     0.047560            0.000000   1.270870 r
  candidates_i/U1644/C (AOI22X1)                                0.208389  0.000000   1.270870 r
  candidates_i/U1644/Y (AOI22X1)                                0.034091  0.061846   1.332716 f
  candidates_i/n2714 (net)                      1     0.001763            0.000000   1.332716 f
  candidates_i/U375/A (AND2X2)                                  0.034091  0.000000   1.332716 f
  candidates_i/U375/Y (AND2X2)                                  0.004683  0.039695   1.372411 f
  candidates_i/n2713 (net)                      1     0.002832            0.000000   1.372411 f
  candidates_i/U1642/C (NAND3X1)                                0.004683  0.000000   1.372411 f
  candidates_i/U1642/Y (NAND3X1)                                0.037240  0.028726   1.401137 r
  candidates_i/n2703 (net)                      1     0.002292            0.000000   1.401137 r
  candidates_i/U373/A (OR2X2)                                   0.037240  0.000000   1.401137 r
  candidates_i/U373/Y (OR2X2)                                   0.017298  0.043922   1.445059 r
  candidates_i/n2054 (net)                      2     0.004842            0.000000   1.445059 r
  candidates_i/U1625/B (NAND3X1)                                0.017298  0.000000   1.445059 r
  candidates_i/U1625/Y (NAND3X1)                                0.016156  0.014692   1.459751 f
  candidates_i/n2690 (net)                      1     0.001924            0.000000   1.459751 f
  candidates_i/U1624/C (OAI21X1)                                0.016156  0.000000   1.459751 f
  candidates_i/U1624/Y (OAI21X1)                                0.045607  0.022346   1.482097 r
  candidates_i/n2663 (net)                      1     0.002817            0.000000   1.482097 r
  candidates_i/U1601/A (AOI22X1)                                0.045607  0.000000   1.482097 r
  candidates_i/U1601/Y (AOI22X1)                                0.035654  0.040046   1.522143 f
  candidates_i/n2662 (net)                      1     0.002312            0.000000   1.522143 f
  candidates_i/U1600/C (AOI21X1)                                0.035654  0.000000   1.522143 f
  candidates_i/U1600/Y (AOI21X1)                                0.027785  0.025672   1.547815 r
  candidates_i/n2661 (net)                      1     0.002386            0.000000   1.547815 r
  candidates_i/U1599/C (AOI21X1)                                0.027785  0.000000   1.547815 r
  candidates_i/U1599/Y (AOI21X1)                                0.015014  0.017616   1.565430 f
  candidates_i/n2646 (net)                      1     0.002632            0.000000   1.565430 f
  candidates_i/U1587/B (OAI21X1)                                0.015014  0.000000   1.565430 f
  candidates_i/U1587/Y (OAI21X1)                                0.041918  0.040493   1.605923 r
  candidates_i/n2631 (net)                      1     0.002111            0.000000   1.605923 r
  candidates_i/U1575/A (NAND2X1)                                0.041918  0.000000   1.605923 r
  candidates_i/U1575/Y (NAND2X1)                                0.020639  0.018692   1.624615 f
  candidates_i/n2630 (net)                      1     0.001944            0.000000   1.624615 f
  candidates_i/U1574/B (NAND2X1)                                0.020639  0.000000   1.624615 f
  candidates_i/U1574/Y (NAND2X1)                                0.036723  0.017556   1.642171 r
  candidates_i/n2601 (net)                      1     0.002741            0.000000   1.642171 r
  candidates_i/U1550/A (AOI21X1)                                0.036723  0.000000   1.642171 r
  candidates_i/U1550/Y (AOI21X1)                                0.017841  0.022767   1.664938 f
  candidates_i/n2586 (net)                      1     0.002632            0.000000   1.664938 f
  candidates_i/U1538/B (OAI21X1)                                0.017841  0.000000   1.664938 f
  candidates_i/U1538/Y (OAI21X1)                                0.088538  0.073061   1.737999 r
  candidates_i/candidate_slots[0] (net)         6     0.012093            0.000000   1.737999 r
  candidates_i/candidate_slots[0] (mc_candidates_Q_DEPTH16_ROW_W8_COL_W6) 0.000000   1.737999 r
  candidate_slots[0] (net)                            0.012093            0.000000   1.737999 r
  frfcfs.scheduler_i/candidate_slots[0] (mc_scheduler_frfcfs_Q_DEPTH16_ADDR_W16_AGE_LIMIT128_AGING_ENABLE1)
                                                                          0.000000   1.737999 r
  frfcfs.scheduler_i/N608 (net)                       0.012093            0.000000   1.737999 r
  frfcfs.scheduler_i/U1140/A (INVX1)                            0.088538  0.000000   1.737999 r
  frfcfs.scheduler_i/U1140/Y (INVX1)                            0.021661  0.047484   1.785483 f
  frfcfs.scheduler_i/n448 (net)                 4     0.007338            0.000000   1.785483 f
  frfcfs.scheduler_i/U1095/A (AND2X1)                           0.021661  0.000000   1.785483 f
  frfcfs.scheduler_i/U1095/Y (AND2X1)                           0.013877  0.032235   1.817717 f
  frfcfs.scheduler_i/n1400 (net)                1     0.001476            0.000000   1.817717 f
  frfcfs.scheduler_i/U152/A (INVX1)                             0.013877  0.000000   1.817717 f
  frfcfs.scheduler_i/U152/Y (INVX1)                             0.119699  0.092897   1.910614 r
  frfcfs.scheduler_i/n209 (net)                12     0.030178            0.000000   1.910614 r
  frfcfs.scheduler_i/U62/B (OR2X1)                              0.119699  0.000000   1.910614 r
  frfcfs.scheduler_i/U62/Y (OR2X1)                              0.016183  0.052657   1.963272 r
  frfcfs.scheduler_i/n1363 (net)                1     0.001551            0.000000   1.963272 r
  frfcfs.scheduler_i/U872/A (INVX1)                             0.016183  0.000000   1.963272 r
  frfcfs.scheduler_i/U872/Y (INVX1)                             0.013872  0.019186   1.982458 f
  frfcfs.scheduler_i/n85 (net)                  1     0.003067            0.000000   1.982458 f
  frfcfs.scheduler_i/U1524/B (NOR3X1)                           0.013872  0.000000   1.982458 f
  frfcfs.scheduler_i/U1524/Y (NOR3X1)                           0.053574  0.040192   2.022650 r
  frfcfs.scheduler_i/n1370 (net)                1     0.002744            0.000000   2.022650 r
  frfcfs.scheduler_i/U1529/B (MUX2X1)                           0.053574  0.000000   2.022650 r
  frfcfs.scheduler_i/U1529/Y (MUX2X1)                           0.014471  0.029664   2.052314 f
  frfcfs.scheduler_i/n1382 (net)                1     0.002569            0.000000   2.052314 f
  frfcfs.scheduler_i/U1537/B (MUX2X1)                           0.014471  0.000000   2.052314 f
  frfcfs.scheduler_i/U1537/Y (MUX2X1)                           0.057030  0.057802   2.110115 r
  frfcfs.scheduler_i/N1469 (net)                1     0.005589            0.000000   2.110115 r
  frfcfs.scheduler_i/U549/B (XNOR2X1)                           0.057030  0.000000   2.110115 r
  frfcfs.scheduler_i/U549/Y (XNOR2X1)                           0.037442  0.052832   2.162947 r
  frfcfs.scheduler_i/n1083 (net)                1     0.002010            0.000000   2.162947 r
  frfcfs.scheduler_i/U548/C (OAI21X1)                           0.037442  0.000000   2.162947 r
  frfcfs.scheduler_i/U548/Y (OAI21X1)                           0.011625  0.020510   2.183457 f
  frfcfs.scheduler_i/n1082 (net)                1     0.001944            0.000000   2.183457 f
  frfcfs.scheduler_i/U547/B (NAND2X1)                           0.011625  0.000000   2.183457 f
  frfcfs.scheduler_i/U547/Y (NAND2X1)                           0.033200  0.011895   2.195351 r
  frfcfs.scheduler_i/n1081 (net)                1     0.001869            0.000000   2.195351 r
  frfcfs.scheduler_i/U471/B (AND2X2)                            0.033200  0.000000   2.195351 r
  frfcfs.scheduler_i/U471/Y (AND2X2)                            0.009312  0.032752   2.228103 r
  frfcfs.scheduler_i/n14 (net)                  1     0.002027            0.000000   2.228103 r
  frfcfs.scheduler_i/U617/B (NAND2X1)                           0.009312  0.000000   2.228103 r
  frfcfs.scheduler_i/U617/Y (NAND2X1)                           0.026649  0.017902   2.246006 f
  frfcfs.scheduler_i/n1043 (net)                2     0.003805            0.000000   2.246006 f
  frfcfs.scheduler_i/U1073/A (OR2X2)                            0.026649  0.000000   2.246006 f
  frfcfs.scheduler_i/U1073/Y (OR2X2)                            0.006645  0.039589   2.285594 f
  frfcfs.scheduler_i/n1036 (net)                1     0.001476            0.000000   2.285594 f
  frfcfs.scheduler_i/U1074/A (INVX1)                            0.006645  0.000000   2.285594 f
  frfcfs.scheduler_i/U1074/Y (INVX1)                            0.000000  0.007527   2.293122 r
  frfcfs.scheduler_i/n195 (net)                 2     0.004634            0.000000   2.293122 r
  frfcfs.scheduler_i/U189/B (AND2X1)                            0.000000  0.000000   2.293122 r
  frfcfs.scheduler_i/U189/Y (AND2X1)                            0.078571  0.071970   2.365092 r
  frfcfs.scheduler_i/n1004 (net)                4     0.011511            0.000000   2.365092 r
  frfcfs.scheduler_i/U468/C (AOI22X1)                           0.078571  0.000000   2.365092 r
  frfcfs.scheduler_i/U468/Y (AOI22X1)                           0.034509  0.032115   2.397207 f
  frfcfs.scheduler_i/n1001 (net)                1     0.001820            0.000000   2.397207 f
  frfcfs.scheduler_i/U560/B (AND2X2)                            0.034509  0.000000   2.397207 f
  frfcfs.scheduler_i/U560/Y (AND2X2)                            0.002831  0.042920   2.440128 f
  frfcfs.scheduler_i/n952 (net)                 1     0.001476            0.000000   2.440128 f
  frfcfs.scheduler_i/U561/A (INVX1)                             0.002831  0.000000   2.440128 f
  frfcfs.scheduler_i/U561/Y (INVX1)                             0.000000  0.007091   2.447219 r
  frfcfs.scheduler_i/n23 (net)                  2     0.004916            0.000000   2.447219 r
  frfcfs.scheduler_i/U466/D (AOI22X1)                           0.000000  0.000000   2.447219 r
  frfcfs.scheduler_i/U466/Y (AOI22X1)                           0.034631  0.011711   2.458930 f
  frfcfs.scheduler_i/n999 (net)                 1     0.001820            0.000000   2.458930 f
  frfcfs.scheduler_i/U59/B (AND2X2)                             0.034631  0.000000   2.458930 f
  frfcfs.scheduler_i/U59/Y (AND2X2)                             0.004806  0.044409   2.503338 f
  frfcfs.scheduler_i/n997 (net)                 1     0.002832            0.000000   2.503338 f
  frfcfs.scheduler_i/U465/C (NAND3X1)                           0.004806  0.000000   2.503338 f
  frfcfs.scheduler_i/U465/Y (NAND3X1)                           0.036583  0.028728   2.532067 r
  frfcfs.scheduler_i/n994 (net)                 1     0.002283            0.000000   2.532067 r
  frfcfs.scheduler_i/U494/B (OR2X2)                             0.036583  0.000000   2.532067 r
  frfcfs.scheduler_i/U494/Y (OR2X2)                             0.028943  0.058529   2.590596 r
  frfcfs.scheduler_i/n229 (net)                 1     0.010083            0.000000   2.590596 r
  frfcfs.scheduler_i/U9/A (INVX8)                               0.028943  0.000000   2.590596 r
  frfcfs.scheduler_i/U9/Y (INVX8)                               0.019673  0.029316   2.619911 f
  frfcfs.scheduler_i/n950 (net)                16     0.041161            0.000000   2.619911 f
  frfcfs.scheduler_i/U445/A (OAI21X1)                           0.019673  0.000000   2.619911 f
  frfcfs.scheduler_i/U445/Y (OAI21X1)                           0.049699  0.049635   2.669547 r
  frfcfs.scheduler_i/n921 (net)                 2     0.003937            0.000000   2.669547 r
  frfcfs.scheduler_i/U1127/A (INVX1)                            0.049699  0.000000   2.669547 r
  frfcfs.scheduler_i/U1127/Y (INVX1)                            0.122148  0.103763   2.773310 f
  frfcfs.scheduler_i/n428 (net)                15     0.039953            0.000000   2.773310 f
  frfcfs.scheduler_i/U297/C (AOI22X1)                           0.122148  0.000000   2.773310 f
  frfcfs.scheduler_i/U297/Y (AOI22X1)                           0.046733  0.064869   2.838179 r
  frfcfs.scheduler_i/n770 (net)                 1     0.002832            0.000000   2.838179 r
  frfcfs.scheduler_i/U294/B (NAND3X1)                           0.046733  0.000000   2.838179 r
  frfcfs.scheduler_i/U294/Y (NAND3X1)                           0.016065  0.022133   2.860312 f
  frfcfs.scheduler_i/n768 (net)                 1     0.002342            0.000000   2.860312 f
  frfcfs.scheduler_i/U233/B (OR2X2)                             0.016065  0.000000   2.860312 f
  frfcfs.scheduler_i/U233/Y (OR2X2)                             0.004792  0.046462   2.906774 f
  frfcfs.scheduler_i/n7 (net)                   1     0.001476            0.000000   2.906774 f
  frfcfs.scheduler_i/U747/A (INVX1)                             0.004792  0.000000   2.906774 f
  frfcfs.scheduler_i/U747/Y (INVX1)                             0.000000  0.008605   2.915379 r
  frfcfs.scheduler_i/n34 (net)                  2     0.005169            0.000000   2.915379 r
  frfcfs.scheduler_i/U208/A (AND2X1)                            0.000000  0.000000   2.915379 r
  frfcfs.scheduler_i/U208/Y (AND2X1)                            0.019440  0.028508   2.943887 r
  frfcfs.scheduler_i/n755 (net)                 1     0.001551            0.000000   2.943887 r
  frfcfs.scheduler_i/U808/A (INVX1)                             0.019440  0.000000   2.943887 r
  frfcfs.scheduler_i/U808/Y (INVX1)                             0.019546  0.024113   2.968001 f
  frfcfs.scheduler_i/n49 (net)                  2     0.005040            0.000000   2.968001 f
  frfcfs.scheduler_i/U291/C (NAND3X1)                           0.019546  0.000000   2.968001 f
  frfcfs.scheduler_i/U291/Y (NAND3X1)                           0.036093  0.031706   2.999707 r
  frfcfs.scheduler_i/n766 (net)                 1     0.002027            0.000000   2.999707 r
  frfcfs.scheduler_i/U290/B (NAND2X1)                           0.036093  0.000000   2.999707 r
  frfcfs.scheduler_i/U290/Y (NAND2X1)                           0.021553  0.022095   3.021802 f
  frfcfs.scheduler_i/n765 (net)                 1     0.002832            0.000000   3.021802 f
  frfcfs.scheduler_i/U289/C (NAND3X1)                           0.021553  0.000000   3.021802 f
  frfcfs.scheduler_i/U289/Y (NAND3X1)                           0.040527  0.035089   3.056891 r
  frfcfs.scheduler_i/n764 (net)                 1     0.002961            0.000000   3.056891 r
  frfcfs.scheduler_i/U288/C (NAND3X1)                           0.040527  0.000000   3.056891 r
  frfcfs.scheduler_i/U288/Y (NAND3X1)                           0.017947  0.018289   3.075181 f
  frfcfs.scheduler_i/n763 (net)                 1     0.002832            0.000000   3.075181 f
  frfcfs.scheduler_i/U287/C (NAND3X1)                           0.017947  0.000000   3.075181 f
  frfcfs.scheduler_i/U287/Y (NAND3X1)                           0.033896  0.029797   3.104977 r
  frfcfs.scheduler_i/n762 (net)                 1     0.001539            0.000000   3.104977 r
  frfcfs.scheduler_i/U1018/A (BUFX2)                            0.033896  0.000000   3.104977 r
  frfcfs.scheduler_i/U1018/Y (BUFX2)                            0.010886  0.035904   3.140881 r
  frfcfs.scheduler_i/n164 (net)                 1     0.002961            0.000000   3.140881 r
  frfcfs.scheduler_i/U286/C (NAND3X1)                           0.010886  0.000000   3.140881 r
  frfcfs.scheduler_i/U286/Y (NAND3X1)                           0.014908  0.009146   3.150027 f
  frfcfs.scheduler_i/n761 (net)                 1     0.001504            0.000000   3.150027 f
  frfcfs.scheduler_i/U1017/A (BUFX2)                            0.014908  0.000000   3.150027 f
  frfcfs.scheduler_i/U1017/Y (BUFX2)                            0.002106  0.033341   3.183368 f
  frfcfs.scheduler_i/n163 (net)                 1     0.001763            0.000000   3.183368 f
  frfcfs.scheduler_i/U11/A (AND2X2)                             0.002106  0.000000   3.183368 f
  frfcfs.scheduler_i/U11/Y (AND2X2)                             0.000000  0.031134   3.214503 f
  frfcfs.scheduler_i/n760 (net)                 1     0.002312            0.000000   3.214503 f
  frfcfs.scheduler_i/U285/C (AOI21X1)                           0.000000  0.000000   3.214503 f
  frfcfs.scheduler_i/U285/Y (AOI21X1)                           0.023825  0.013660   3.228163 r
  frfcfs.scheduler_i/n675 (net)                 1     0.001539            0.000000   3.228163 r
  frfcfs.scheduler_i/U1016/A (BUFX2)                            0.023825  0.000000   3.228163 r
  frfcfs.scheduler_i/U1016/Y (BUFX2)                            0.030642  0.048933   3.277096 r
  frfcfs.scheduler_i/n162 (net)                 4     0.011903            0.000000   3.277096 r
  frfcfs.scheduler_i/U480/A (INVX1)                             0.030642  0.000000   3.277096 r
  frfcfs.scheduler_i/U480/Y (INVX1)                             0.085987  0.073156   3.350252 f
  frfcfs.scheduler_i/select_slot[1] (net)      14     0.027493            0.000000   3.350252 f
  frfcfs.scheduler_i/select_slot[1] (mc_scheduler_frfcfs_Q_DEPTH16_ADDR_W16_AGE_LIMIT128_AGING_ENABLE1)
                                                                          0.000000   3.350252 f
  select_slot[1] (net)                                0.027493            0.000000   3.350252 f
  U14/A (INVX2)                                                 0.085987  0.000000   3.350252 f
  U14/Y (INVX2)                                                 0.050802  0.048784   3.399036 r
  n160 (net)                                    5     0.011897            0.000000   3.399036 r
  U20/A (OR2X1)                                                 0.050802  0.000000   3.399036 r
  U20/Y (OR2X1)                                                 0.016203  0.036971   3.436007 r
  n553 (net)                                    1     0.001551            0.000000   3.436007 r
  U80/A (INVX1)                                                 0.016203  0.000000   3.436007 r
  U80/Y (INVX1)                                                 0.026471  0.027835   3.463842 f
  n32 (net)                                     4     0.007281            0.000000   3.463842 f
  U21/B (AND2X1)                                                0.026471  0.000000   3.463842 f
  U21/Y (AND2X1)                                                0.030717  0.056111   3.519953 f
  n1212 (net)                                   5     0.007381            0.000000   3.519953 f
  U109/A (INVX1)                                                0.030717  0.000000   3.519953 f
  U109/Y (INVX1)                                                0.173822  0.131883   3.651836 r
  n68 (net)                                    16     0.040414            0.000000   3.651836 r
  U320/B (OR2X1)                                                0.173822  0.000000   3.651836 r
  U320/Y (OR2X1)                                                0.020753  0.056763   3.708599 r
  n792 (net)                                    1     0.002010            0.000000   3.708599 r
  U1011/C (OAI21X1)                                             0.020753  0.000000   3.708599 r
  U1011/Y (OAI21X1)                                             0.010149  0.016551   3.725150 f
  n795 (net)                                    1     0.002313            0.000000   3.725150 f
  U319/A (OR2X1)                                                0.010149  0.000000   3.725150 f
  U319/Y (OR2X1)                                                0.015474  0.041617   3.766767 f
  n800 (net)                                    1     0.003011            0.000000   3.766767 f
  U1015/A (NOR3X1)                                              0.015474  0.000000   3.766767 f
  U1015/Y (NOR3X1)                                              0.053341  0.050893   3.817660 r
  n801 (net)                                    1     0.002798            0.000000   3.817660 r
  U1016/A (MUX2X1)                                              0.053341  0.000000   3.817660 r
  U1016/Y (MUX2X1)                                              0.069519  0.029896   3.847557 f
  n803 (net)                                    1     0.001476            0.000000   3.847557 f
  U161/A (INVX1)                                                0.069519  0.000000   3.847557 f
  U161/Y (INVX1)                                                0.024682  0.047114   3.894670 r
  cmd_wdata[1] (net)                            1     0.010000            0.000000   3.894670 r
  cmd_wdata[1] (out)                                            0.024682  0.000000   3.894670 r
  data arrival time                                                                  3.894670

  clock core_clk (rise edge)                                              5.000000   5.000000
  clock network delay (ideal)                                             0.000000   5.000000
  clock uncertainty                                                       -0.100000  4.900000
  output external delay                                                   -1.000000  3.900000
  data required time                                                                 3.900000
  ----------------------------------------------------------------------------------------------
  data required time                                                                 3.900000
  data arrival time                                                                  -3.894670
  ----------------------------------------------------------------------------------------------
  slack (MET)                                                                        0.005330


1
