
****************************************
Report : timing
        -path full
        -delay max
        -input_pins
        -nets
        -max_paths 10
        -transition_time
        -capacitance
Design : mc_top_Q_DEPTH16_SCHED_POLICY1_AGING_ENABLE1
Version: R-2020.09-SP4
Date   : Wed Sep 30 19:46:28 2026
****************************************

 # A fanout number of 1000 was used for high fanout net computations.

Operating Conditions: typical   Library: gscl45nm
Wire Load Model Mode: top

  Startpoint: table_i/addresses_reg[127]
              (rising edge-triggered flip-flop clocked by core_clk)
  Endpoint: cmd_col[5] (output port clocked by core_clk)
  Path Group: core_clk
  Path Type: max

  Point                                       Fanout       Cap     Trans      Incr       Path
  ----------------------------------------------------------------------------------------------
  clock core_clk (rise edge)                                              0.000000   0.000000
  clock network delay (ideal)                                             0.000000   0.000000
  table_i/addresses_reg[127]/CLK (DFFPOSX1)                     0.000000  0.000000 # 0.000000 r
  table_i/addresses_reg[127]/Q (DFFPOSX1)                       0.023267  0.105501   0.105501 f
  table_i/n6706 (net)                           1     0.005092            0.000000   0.105501 f
  table_i/U627/A (INVX4)                                        0.023267  0.000000   0.105501 f
  table_i/U627/Y (INVX4)                                        0.009539  0.021286   0.126787 r
  table_i/n5180 (net)                           1     0.010083            0.000000   0.126787 r
  table_i/U626/A (INVX8)                                        0.009539  0.000000   0.126787 r
  table_i/U626/Y (INVX8)                                        0.013606  0.029919   0.156706 f
  table_i/addresses[127] (net)                 16     0.046775            0.000000   0.156706 f
  table_i/addresses[127] (mc_transaction_table_Q_DEPTH16_ADDR_W16_DATA_W32_TAG_W8_READ_LATENCY3_AGE_LIMIT128)
                                                                          0.000000   0.156706 f
  addresses[127] (net)                                0.046775            0.000000   0.156706 f
  U2262/B (XNOR2X1)                                             0.013606  0.000000   0.156706 f
  U2262/Y (XNOR2X1)                                             0.036905  0.047954   0.204661 r
  n5144 (net)                                   1     0.001869            0.000000   0.204661 r
  U4610/B (AND2X2)                                              0.036905  0.000000   0.204661 r
  U4610/Y (AND2X2)                                              0.008428  0.032202   0.236862 r
  n5151 (net)                                   1     0.001551            0.000000   0.236862 r
  U4611/A (INVX1)                                               0.008428  0.000000   0.236862 r
  U4611/Y (INVX1)                                               0.014415  0.017088   0.253950 f
  n3046 (net)                                   1     0.003067            0.000000   0.253950 f
  U6469/B (NOR3X1)                                              0.014415  0.000000   0.253950 f
  U6469/Y (NOR3X1)                                              0.053630  0.041061   0.295012 r
  n5161 (net)                                   1     0.002961            0.000000   0.295012 r
  U6475/C (NAND3X1)                                             0.053630  0.000000   0.295012 r
  U6475/Y (NAND3X1)                                             0.020811  0.022777   0.317789 f
  n5162 (net)                                   2     0.003685            0.000000   0.317789 f
  U2800/A (NOR2X1)                                              0.020811  0.000000   0.317789 f
  U2800/Y (NOR2X1)                                              0.027038  0.030750   0.348539 r
  n1673 (net)                                   1     0.002027            0.000000   0.348539 r
  candidates_i/same_address[71] (mc_candidates_Q_DEPTH16_ROW_W8_COL_W6)   0.000000   0.348539 r
  candidates_i/same_address[71] (net)                 0.002027            0.000000   0.348539 r
  candidates_i/U1434/B (NAND2X1)                                0.027038  0.000000   0.348539 r
  candidates_i/U1434/Y (NAND2X1)                                0.021916  0.019705   0.368244 f
  candidates_i/n2117 (net)                      1     0.002600            0.000000   0.368244 f
  candidates_i/U2694/B (NAND3X1)                                0.021916  0.000000   0.368244 f
  candidates_i/U2694/Y (NAND3X1)                                0.041759  0.039254   0.407498 r
  candidates_i/n2124 (net)                      1     0.003288            0.000000   0.407498 r
  candidates_i/U2697/C (NOR3X1)                                 0.041759  0.000000   0.407498 r
  candidates_i/U2697/Y (NOR3X1)                                 0.029757  0.030066   0.437564 f
  candidates_i/n2125 (net)                      2     0.003296            0.000000   0.437564 f
  candidates_i/U1258/B (AND2X2)                                 0.029757  0.000000   0.437564 f
  candidates_i/U1258/Y (AND2X2)                                 0.006541  0.045436   0.482999 f
  candidates_i/n948 (net)                       2     0.005040            0.000000   0.482999 f
  candidates_i/U3484/C (NAND3X1)                                0.006541  0.000000   0.482999 f
  candidates_i/U3484/Y (NAND3X1)                                0.040557  0.031253   0.514253 r
  candidates_i/n3045 (net)                      1     0.002961            0.000000   0.514253 r
  candidates_i/U3485/C (NAND3X1)                                0.040557  0.000000   0.514253 r
  candidates_i/U3485/Y (NAND3X1)                                0.016301  0.017427   0.531680 f
  candidates_i/n3047 (net)                      1     0.002312            0.000000   0.531680 f
  candidates_i/U3486/C (AOI21X1)                                0.016301  0.000000   0.531680 f
  candidates_i/U3486/Y (AOI21X1)                                0.030230  0.022064   0.553744 r
  candidates_i/n3054 (net)                      1     0.002961            0.000000   0.553744 r
  candidates_i/U3490/C (NAND3X1)                                0.030230  0.000000   0.553744 r
  candidates_i/U3490/Y (NAND3X1)                                0.018331  0.016279   0.570023 f
  candidates_i/n3068 (net)                      1     0.003067            0.000000   0.570023 f
  candidates_i/U3497/B (NOR3X1)                                 0.018331  0.000000   0.570023 f
  candidates_i/U3497/Y (NOR3X1)                                 0.071279  0.054434   0.624457 r
  candidates_i/n3070 (net)                      2     0.006631            0.000000   0.624457 r
  candidates_i/U1621/A (INVX4)                                  0.071279  0.000000   0.624457 r
  candidates_i/U1621/Y (INVX4)                                  0.037364  0.031463   0.655920 f
  candidates_i/n3096 (net)                     11     0.023023            0.000000   0.655920 f
  candidates_i/U3505/A (NAND2X1)                                0.037364  0.000000   0.655920 f
  candidates_i/U3505/Y (NAND2X1)                                0.037582  0.037112   0.693031 r
  candidates_i/n3079 (net)                      1     0.002961            0.000000   0.693031 r
  candidates_i/U3506/C (NAND3X1)                                0.037582  0.000000   0.693031 r
  candidates_i/U3506/Y (NAND3X1)                                0.014713  0.015380   0.708411 f
  candidates_i/n3080 (net)                      1     0.001504            0.000000   0.708411 f
  candidates_i/U628/A (BUFX2)                                   0.014713  0.000000   0.708411 f
  candidates_i/U628/Y (BUFX2)                                   0.009093  0.038575   0.746985 f
  candidates_i/n457 (net)                       3     0.006821            0.000000   0.746985 f
  candidates_i/U554/A (INVX1)                                   0.009093  0.000000   0.746985 f
  candidates_i/U554/Y (INVX1)                                   0.000000  0.011296   0.758281 r
  candidates_i/n3289 (net)                      2     0.005529            0.000000   0.758281 r
  candidates_i/U3557/B (AOI22X1)                                0.000000  0.000000   0.758281 r
  candidates_i/U3557/Y (AOI22X1)                                0.034495  0.023672   0.781954 f
  candidates_i/n3136 (net)                      1     0.001763            0.000000   0.781954 f
  candidates_i/U3559/A (AND2X2)                                 0.034495  0.000000   0.781954 f
  candidates_i/U3559/Y (AND2X2)                                 0.004684  0.039796   0.821750 f
  candidates_i/n3137 (net)                      1     0.002832            0.000000   0.821750 f
  candidates_i/U3560/C (NAND3X1)                                0.004684  0.000000   0.821750 f
  candidates_i/U3560/Y (NAND3X1)                                0.033767  0.026454   0.848204 r
  candidates_i/n3140 (net)                      1     0.001551            0.000000   0.848204 r
  candidates_i/U559/A (INVX1)                                   0.033767  0.000000   0.848204 r
  candidates_i/U559/Y (INVX1)                                   0.013240  0.024352   0.872556 f
  candidates_i/n406 (net)                       2     0.003267            0.000000   0.872556 f
  candidates_i/U558/A (AND2X2)                                  0.013240  0.000000   0.872556 f
  candidates_i/U558/Y (AND2X2)                                  0.000000  0.033463   0.906020 f
  candidates_i/n407 (net)                       1     0.001884            0.000000   0.906020 f
  candidates_i/U3561/A (NAND2X1)                                0.000000  0.000000   0.906020 f
  candidates_i/U3561/Y (NAND2X1)                                0.032478  0.020948   0.926968 r
  candidates_i/n3940 (net)                      1     0.001551            0.000000   0.926968 r
  candidates_i/U2006/A (INVX1)                                  0.032478  0.000000   0.926968 r
  candidates_i/U2006/Y (INVX1)                                  0.016984  0.026504   0.953472 f
  candidates_i/n3155 (net)                      2     0.004487            0.000000   0.953472 f
  candidates_i/U3573/A (NOR3X1)                                 0.016984  0.000000   0.953472 f
  candidates_i/U3573/Y (NOR3X1)                                 0.049473  0.048488   1.001960 r
  candidates_i/n3301 (net)                      1     0.002027            0.000000   1.001960 r
  candidates_i/U1617/B (NAND2X1)                                0.049473  0.000000   1.001960 r
  candidates_i/U1617/Y (NAND2X1)                                0.016860  0.022672   1.024632 f
  candidates_i/n1128 (net)                      1     0.001476            0.000000   1.024632 f
  candidates_i/U1618/A (INVX1)                                  0.016860  0.000000   1.024632 f
  candidates_i/U1618/Y (INVX1)                                  0.000000  0.002966   1.027598 r
  candidates_i/n1129 (net)                      1     0.002111            0.000000   1.027598 r
  candidates_i/U1559/A (NAND2X1)                                0.000000  0.000000   1.027598 r
  candidates_i/U1559/Y (NAND2X1)                                0.027087  0.014619   1.042217 f
  candidates_i/n1107 (net)                      2     0.004702            0.000000   1.042217 f
  candidates_i/U3711/C (NOR3X1)                                 0.027087  0.000000   1.042217 f
  candidates_i/U3711/Y (NOR3X1)                                 0.053790  0.029842   1.072060 r
  candidates_i/n3309 (net)                      1     0.002961            0.000000   1.072060 r
  candidates_i/U3716/C (NAND3X1)                                0.053790  0.000000   1.072060 r
  candidates_i/U3716/Y (NAND3X1)                                0.016673  0.021053   1.093112 f
  candidates_i/n3608 (net)                      1     0.002632            0.000000   1.093112 f
  candidates_i/U3961/B (OAI21X1)                                0.016673  0.000000   1.093112 f
  candidates_i/U3961/Y (OAI21X1)                                0.042462  0.040862   1.133974 r
  candidates_i/n3916 (net)                      1     0.002111            0.000000   1.133974 r
  candidates_i/U1630/A (NAND2X1)                                0.042462  0.000000   1.133974 r
  candidates_i/U1630/Y (NAND2X1)                                0.022276  0.018485   1.152460 f
  candidates_i/n1134 (net)                      1     0.001763            0.000000   1.152460 f
  candidates_i/U1631/A (AND2X2)                                 0.022276  0.000000   1.152460 f
  candidates_i/U1631/Y (AND2X2)                                 0.000000  0.035766   1.188226 f
  candidates_i/n3917 (net)                      1     0.001924            0.000000   1.188226 f
  candidates_i/U4213/C (OAI21X1)                                0.000000  0.000000   1.188226 f
  candidates_i/U4213/Y (OAI21X1)                                0.052640  0.021573   1.209798 r
  candidates_i/candidate_mask[0] (net)          2     0.004292            0.000000   1.209798 r
  candidates_i/candidate_mask[0] (mc_candidates_Q_DEPTH16_ROW_W8_COL_W6)  0.000000   1.209798 r
  candidate_mask[0] (net)                             0.004292            0.000000   1.209798 r
  frfcfs.scheduler_i/candidate_mask[0] (mc_scheduler_frfcfs_Q_DEPTH16_ADDR_W16_AGE_LIMIT128_AGING_ENABLE1)
                                                                          0.000000   1.209798 r
  frfcfs.scheduler_i/candidate_mask[0] (net)          0.004292            0.000000   1.209798 r
  frfcfs.scheduler_i/U1288/A (AOI21X1)                          0.052640  0.000000   1.209798 r
  frfcfs.scheduler_i/U1288/Y (AOI21X1)                          0.018264  0.026940   1.236738 f
  frfcfs.scheduler_i/n1120 (net)                1     0.002832            0.000000   1.236738 f
  frfcfs.scheduler_i/U1289/C (NAND3X1)                          0.018264  0.000000   1.236738 f
  frfcfs.scheduler_i/U1289/Y (NAND3X1)                          0.037257  0.032416   1.269154 r
  frfcfs.scheduler_i/n1123 (net)                1     0.002365            0.000000   1.269154 r
  frfcfs.scheduler_i/U1290/B (NOR2X1)                           0.037257  0.000000   1.269154 r
  frfcfs.scheduler_i/U1290/Y (NOR2X1)                           0.008437  0.023448   1.292603 f
  frfcfs.scheduler_i/n1125 (net)                2     0.004149            0.000000   1.292603 f
  frfcfs.scheduler_i/U143/A (INVX1)                             0.008437  0.000000   1.292603 f
  frfcfs.scheduler_i/U143/Y (INVX1)                             0.001471  0.016632   1.309234 r
  frfcfs.scheduler_i/n1191 (net)                4     0.007246            0.000000   1.309234 r
  frfcfs.scheduler_i/U393/B (AND2X2)                            0.001471  0.000000   1.309234 r
  frfcfs.scheduler_i/U393/Y (AND2X2)                            0.017113  0.035253   1.344488 r
  frfcfs.scheduler_i/n1452 (net)                3     0.004653            0.000000   1.344488 r
  frfcfs.scheduler_i/U88/A (INVX1)                              0.017113  0.000000   1.344488 r
  frfcfs.scheduler_i/U88/Y (INVX1)                              0.009907  0.016763   1.361251 f
  frfcfs.scheduler_i/n400 (net)                 1     0.001763            0.000000   1.361251 f
  frfcfs.scheduler_i/U322/A (AND2X2)                            0.009907  0.000000   1.361251 f
  frfcfs.scheduler_i/U322/Y (AND2X2)                            0.000000  0.033529   1.394779 f
  frfcfs.scheduler_i/n230 (net)                 1     0.002726            0.000000   1.394779 f
  frfcfs.scheduler_i/U1421/B (AOI22X1)                          0.000000  0.000000   1.394779 f
  frfcfs.scheduler_i/U1421/Y (AOI22X1)                          0.043076  0.035183   1.429962 r
  frfcfs.scheduler_i/n1282 (net)                1     0.001869            0.000000   1.429962 r
  frfcfs.scheduler_i/U1422/B (AND2X2)                           0.043076  0.000000   1.429962 r
  frfcfs.scheduler_i/U1422/Y (AND2X2)                           0.008770  0.032502   1.462463 r
  frfcfs.scheduler_i/n1284 (net)                1     0.001551            0.000000   1.462463 r
  frfcfs.scheduler_i/U92/A (INVX1)                              0.008770  0.000000   1.462463 r
  frfcfs.scheduler_i/U92/Y (INVX1)                              0.012225  0.015693   1.478157 f
  frfcfs.scheduler_i/n54 (net)                  1     0.002342            0.000000   1.478157 f
  frfcfs.scheduler_i/U90/B (OR2X2)                              0.012225  0.000000   1.478157 f
  frfcfs.scheduler_i/U90/Y (OR2X2)                              0.005461  0.046674   1.524830 f
  frfcfs.scheduler_i/n52 (net)                  1     0.002297            0.000000   1.524830 f
  frfcfs.scheduler_i/U95/B (NOR2X1)                             0.005461  0.000000   1.524830 f
  frfcfs.scheduler_i/U95/Y (NOR2X1)                             0.024824  0.025285   1.550115 r
  frfcfs.scheduler_i/n53 (net)                  1     0.001551            0.000000   1.550115 r
  frfcfs.scheduler_i/U91/A (INVX1)                              0.024824  0.000000   1.550115 r
  frfcfs.scheduler_i/U91/Y (INVX1)                              0.024723  0.029372   1.579487 f
  frfcfs.scheduler_i/n1295 (net)                3     0.006895            0.000000   1.579487 f
  frfcfs.scheduler_i/U346/B (NOR2X1)                            0.024723  0.000000   1.579487 f
  frfcfs.scheduler_i/U346/Y (NOR2X1)                            0.028307  0.033199   1.612687 r
  frfcfs.scheduler_i/n246 (net)                 1     0.002741            0.000000   1.612687 r
  frfcfs.scheduler_i/U844/A (AOI21X1)                           0.028307  0.000000   1.612687 r
  frfcfs.scheduler_i/U844/Y (AOI21X1)                           0.016526  0.019515   1.632202 f
  frfcfs.scheduler_i/n461 (net)                 1     0.001944            0.000000   1.632202 f
  frfcfs.scheduler_i/U1623/B (NAND2X1)                          0.016526  0.000000   1.632202 f
  frfcfs.scheduler_i/U1623/Y (NAND2X1)                          0.035317  0.015106   1.647308 r
  frfcfs.scheduler_i/n1544 (net)                1     0.002386            0.000000   1.647308 r
  frfcfs.scheduler_i/U1624/C (AOI21X1)                          0.035317  0.000000   1.647308 r
  frfcfs.scheduler_i/U1624/Y (AOI21X1)                          0.017460  0.019730   1.667038 f
  frfcfs.scheduler_i/n1557 (net)                1     0.002573            0.000000   1.667038 f
  frfcfs.scheduler_i/U1631/A (OAI21X1)                          0.017460  0.000000   1.667038 f
  frfcfs.scheduler_i/U1631/Y (OAI21X1)                          0.040904  0.042935   1.709973 r
  frfcfs.scheduler_i/n1558 (net)                1     0.002010            0.000000   1.709973 r
  frfcfs.scheduler_i/U1632/C (OAI21X1)                          0.040904  0.000000   1.709973 r
  frfcfs.scheduler_i/U1632/Y (OAI21X1)                          0.006459  0.023048   1.733021 f
  frfcfs.scheduler_i/n1644 (net)                2     0.002980            0.000000   1.733021 f
  frfcfs.scheduler_i/U371/A (INVX1)                             0.006459  0.000000   1.733021 f
  frfcfs.scheduler_i/U371/Y (INVX1)                             0.002271  0.016630   1.749651 r
  frfcfs.scheduler_i/select_slot[0] (net)       4     0.007461            0.000000   1.749651 r
  frfcfs.scheduler_i/select_slot[0] (mc_scheduler_frfcfs_Q_DEPTH16_ADDR_W16_AGE_LIMIT128_AGING_ENABLE1)
                                                                          0.000000   1.749651 r
  select_slot[0] (net)                                0.007461            0.000000   1.749651 r
  U4983/A (INVX1)                                               0.002271  0.000000   1.749651 r
  U4983/Y (INVX1)                                               0.015443  0.015833   1.765484 f
  n6577 (net)                                   2     0.003267            0.000000   1.765484 f
  U4984/A (AND2X2)                                              0.015443  0.000000   1.765484 f
  U4984/Y (AND2X2)                                              0.000000  0.035463   1.800946 f
  n3241 (net)                                   2     0.003239            0.000000   1.800946 f
  U4623/A (AND2X2)                                              0.000000  0.000000   1.800946 f
  U4623/Y (AND2X2)                                              0.000413  0.032864   1.833810 f
  n7737 (net)                                   3     0.004428            0.000000   1.833810 f
  U3122/A (INVX1)                                               0.000413  0.000000   1.833810 f
  U3122/Y (INVX1)                                               0.000000  0.000346   1.834156 r
  n1907 (net)                                   2     0.003102            0.000000   1.834156 r
  U5461/A (INVX1)                                               0.000000  0.000000   1.834156 r
  U5461/Y (INVX1)                                               0.014663  0.014573   1.848729 f
  n3875 (net)                                   2     0.002952            0.000000   1.848729 f
  U5464/A (INVX1)                                               0.014663  0.000000   1.848729 f
  U5464/Y (INVX1)                                               0.000000  0.011813   1.860542 r
  n3284 (net)                                   1     0.005080            0.000000   1.860542 r
  U3979/A (INVX4)                                               0.000000  0.000000   1.860542 r
  U3979/Y (INVX4)                                               0.013981  0.032074   1.892617 f
  n3873 (net)                                  12     0.031388            0.000000   1.892617 f
  U8059/A (AOI22X1)                                             0.013981  0.000000   1.892617 f
  U8059/Y (AOI22X1)                                             0.044753  0.046956   1.939573 r
  n7900 (net)                                   1     0.001869            0.000000   1.939573 r
  U8060/B (AND2X2)                                              0.044753  0.000000   1.939573 r
  U8060/Y (AND2X2)                                              0.012066  0.034741   1.974315 r
  n7902 (net)                                   1     0.002961            0.000000   1.974315 r
  U8061/C (NAND3X1)                                             0.012066  0.000000   1.974315 r
  U8061/Y (NAND3X1)                                             0.016528  0.011204   1.985519 f
  n7905 (net)                                   1     0.002569            0.000000   1.985519 f
  U1550/B (MUX2X1)                                              0.016528  0.000000   1.985519 f
  U1550/Y (MUX2X1)                                              0.077665  0.072450   2.057969 r
  cmd_col[5] (net)                              1     0.010000            0.000000   2.057969 r
  cmd_col[5] (out)                                              0.077665  0.000000   2.057969 r
  data arrival time                                                                  2.057969

  clock core_clk (rise edge)                                              3.000000   3.000000
  clock network delay (ideal)                                             0.000000   3.000000
  clock uncertainty                                                       -0.100000  2.900000
  output external delay                                                   -1.000000  1.900000
  data required time                                                                 1.900000
  ----------------------------------------------------------------------------------------------
  data required time                                                                 1.900000
  data arrival time                                                                  -2.057969
  ----------------------------------------------------------------------------------------------
  slack (VIOLATED)                                                                   -0.157969


  Startpoint: table_i/addresses_reg[127]
              (rising edge-triggered flip-flop clocked by core_clk)
  Endpoint: cmd_col[0] (output port clocked by core_clk)
  Path Group: core_clk
  Path Type: max

  Point                                       Fanout       Cap     Trans      Incr       Path
  ----------------------------------------------------------------------------------------------
  clock core_clk (rise edge)                                              0.000000   0.000000
  clock network delay (ideal)                                             0.000000   0.000000
  table_i/addresses_reg[127]/CLK (DFFPOSX1)                     0.000000  0.000000 # 0.000000 r
  table_i/addresses_reg[127]/Q (DFFPOSX1)                       0.023267  0.105501   0.105501 f
  table_i/n6706 (net)                           1     0.005092            0.000000   0.105501 f
  table_i/U627/A (INVX4)                                        0.023267  0.000000   0.105501 f
  table_i/U627/Y (INVX4)                                        0.009539  0.021286   0.126787 r
  table_i/n5180 (net)                           1     0.010083            0.000000   0.126787 r
  table_i/U626/A (INVX8)                                        0.009539  0.000000   0.126787 r
  table_i/U626/Y (INVX8)                                        0.013606  0.029919   0.156706 f
  table_i/addresses[127] (net)                 16     0.046775            0.000000   0.156706 f
  table_i/addresses[127] (mc_transaction_table_Q_DEPTH16_ADDR_W16_DATA_W32_TAG_W8_READ_LATENCY3_AGE_LIMIT128)
                                                                          0.000000   0.156706 f
  addresses[127] (net)                                0.046775            0.000000   0.156706 f
  U2262/B (XNOR2X1)                                             0.013606  0.000000   0.156706 f
  U2262/Y (XNOR2X1)                                             0.036905  0.047954   0.204661 r
  n5144 (net)                                   1     0.001869            0.000000   0.204661 r
  U4610/B (AND2X2)                                              0.036905  0.000000   0.204661 r
  U4610/Y (AND2X2)                                              0.008428  0.032202   0.236862 r
  n5151 (net)                                   1     0.001551            0.000000   0.236862 r
  U4611/A (INVX1)                                               0.008428  0.000000   0.236862 r
  U4611/Y (INVX1)                                               0.014415  0.017088   0.253950 f
  n3046 (net)                                   1     0.003067            0.000000   0.253950 f
  U6469/B (NOR3X1)                                              0.014415  0.000000   0.253950 f
  U6469/Y (NOR3X1)                                              0.053630  0.041061   0.295012 r
  n5161 (net)                                   1     0.002961            0.000000   0.295012 r
  U6475/C (NAND3X1)                                             0.053630  0.000000   0.295012 r
  U6475/Y (NAND3X1)                                             0.020811  0.022777   0.317789 f
  n5162 (net)                                   2     0.003685            0.000000   0.317789 f
  U2800/A (NOR2X1)                                              0.020811  0.000000   0.317789 f
  U2800/Y (NOR2X1)                                              0.027038  0.030750   0.348539 r
  n1673 (net)                                   1     0.002027            0.000000   0.348539 r
  candidates_i/same_address[71] (mc_candidates_Q_DEPTH16_ROW_W8_COL_W6)   0.000000   0.348539 r
  candidates_i/same_address[71] (net)                 0.002027            0.000000   0.348539 r
  candidates_i/U1434/B (NAND2X1)                                0.027038  0.000000   0.348539 r
  candidates_i/U1434/Y (NAND2X1)                                0.021916  0.019705   0.368244 f
  candidates_i/n2117 (net)                      1     0.002600            0.000000   0.368244 f
  candidates_i/U2694/B (NAND3X1)                                0.021916  0.000000   0.368244 f
  candidates_i/U2694/Y (NAND3X1)                                0.041759  0.039254   0.407498 r
  candidates_i/n2124 (net)                      1     0.003288            0.000000   0.407498 r
  candidates_i/U2697/C (NOR3X1)                                 0.041759  0.000000   0.407498 r
  candidates_i/U2697/Y (NOR3X1)                                 0.029757  0.030066   0.437564 f
  candidates_i/n2125 (net)                      2     0.003296            0.000000   0.437564 f
  candidates_i/U1258/B (AND2X2)                                 0.029757  0.000000   0.437564 f
  candidates_i/U1258/Y (AND2X2)                                 0.006541  0.045436   0.482999 f
  candidates_i/n948 (net)                       2     0.005040            0.000000   0.482999 f
  candidates_i/U3484/C (NAND3X1)                                0.006541  0.000000   0.482999 f
  candidates_i/U3484/Y (NAND3X1)                                0.040557  0.031253   0.514253 r
  candidates_i/n3045 (net)                      1     0.002961            0.000000   0.514253 r
  candidates_i/U3485/C (NAND3X1)                                0.040557  0.000000   0.514253 r
  candidates_i/U3485/Y (NAND3X1)                                0.016301  0.017427   0.531680 f
  candidates_i/n3047 (net)                      1     0.002312            0.000000   0.531680 f
  candidates_i/U3486/C (AOI21X1)                                0.016301  0.000000   0.531680 f
  candidates_i/U3486/Y (AOI21X1)                                0.030230  0.022064   0.553744 r
  candidates_i/n3054 (net)                      1     0.002961            0.000000   0.553744 r
  candidates_i/U3490/C (NAND3X1)                                0.030230  0.000000   0.553744 r
  candidates_i/U3490/Y (NAND3X1)                                0.018331  0.016279   0.570023 f
  candidates_i/n3068 (net)                      1     0.003067            0.000000   0.570023 f
  candidates_i/U3497/B (NOR3X1)                                 0.018331  0.000000   0.570023 f
  candidates_i/U3497/Y (NOR3X1)                                 0.071279  0.054434   0.624457 r
  candidates_i/n3070 (net)                      2     0.006631            0.000000   0.624457 r
  candidates_i/U1621/A (INVX4)                                  0.071279  0.000000   0.624457 r
  candidates_i/U1621/Y (INVX4)                                  0.037364  0.031463   0.655920 f
  candidates_i/n3096 (net)                     11     0.023023            0.000000   0.655920 f
  candidates_i/U3505/A (NAND2X1)                                0.037364  0.000000   0.655920 f
  candidates_i/U3505/Y (NAND2X1)                                0.037582  0.037112   0.693031 r
  candidates_i/n3079 (net)                      1     0.002961            0.000000   0.693031 r
  candidates_i/U3506/C (NAND3X1)                                0.037582  0.000000   0.693031 r
  candidates_i/U3506/Y (NAND3X1)                                0.014713  0.015380   0.708411 f
  candidates_i/n3080 (net)                      1     0.001504            0.000000   0.708411 f
  candidates_i/U628/A (BUFX2)                                   0.014713  0.000000   0.708411 f
  candidates_i/U628/Y (BUFX2)                                   0.009093  0.038575   0.746985 f
  candidates_i/n457 (net)                       3     0.006821            0.000000   0.746985 f
  candidates_i/U554/A (INVX1)                                   0.009093  0.000000   0.746985 f
  candidates_i/U554/Y (INVX1)                                   0.000000  0.011296   0.758281 r
  candidates_i/n3289 (net)                      2     0.005529            0.000000   0.758281 r
  candidates_i/U3557/B (AOI22X1)                                0.000000  0.000000   0.758281 r
  candidates_i/U3557/Y (AOI22X1)                                0.034495  0.023672   0.781954 f
  candidates_i/n3136 (net)                      1     0.001763            0.000000   0.781954 f
  candidates_i/U3559/A (AND2X2)                                 0.034495  0.000000   0.781954 f
  candidates_i/U3559/Y (AND2X2)                                 0.004684  0.039796   0.821750 f
  candidates_i/n3137 (net)                      1     0.002832            0.000000   0.821750 f
  candidates_i/U3560/C (NAND3X1)                                0.004684  0.000000   0.821750 f
  candidates_i/U3560/Y (NAND3X1)                                0.033767  0.026454   0.848204 r
  candidates_i/n3140 (net)                      1     0.001551            0.000000   0.848204 r
  candidates_i/U559/A (INVX1)                                   0.033767  0.000000   0.848204 r
  candidates_i/U559/Y (INVX1)                                   0.013240  0.024352   0.872556 f
  candidates_i/n406 (net)                       2     0.003267            0.000000   0.872556 f
  candidates_i/U558/A (AND2X2)                                  0.013240  0.000000   0.872556 f
  candidates_i/U558/Y (AND2X2)                                  0.000000  0.033463   0.906020 f
  candidates_i/n407 (net)                       1     0.001884            0.000000   0.906020 f
  candidates_i/U3561/A (NAND2X1)                                0.000000  0.000000   0.906020 f
  candidates_i/U3561/Y (NAND2X1)                                0.032478  0.020948   0.926968 r
  candidates_i/n3940 (net)                      1     0.001551            0.000000   0.926968 r
  candidates_i/U2006/A (INVX1)                                  0.032478  0.000000   0.926968 r
  candidates_i/U2006/Y (INVX1)                                  0.016984  0.026504   0.953472 f
  candidates_i/n3155 (net)                      2     0.004487            0.000000   0.953472 f
  candidates_i/U3573/A (NOR3X1)                                 0.016984  0.000000   0.953472 f
  candidates_i/U3573/Y (NOR3X1)                                 0.049473  0.048488   1.001960 r
  candidates_i/n3301 (net)                      1     0.002027            0.000000   1.001960 r
  candidates_i/U1617/B (NAND2X1)                                0.049473  0.000000   1.001960 r
  candidates_i/U1617/Y (NAND2X1)                                0.016860  0.022672   1.024632 f
  candidates_i/n1128 (net)                      1     0.001476            0.000000   1.024632 f
  candidates_i/U1618/A (INVX1)                                  0.016860  0.000000   1.024632 f
  candidates_i/U1618/Y (INVX1)                                  0.000000  0.002966   1.027598 r
  candidates_i/n1129 (net)                      1     0.002111            0.000000   1.027598 r
  candidates_i/U1559/A (NAND2X1)                                0.000000  0.000000   1.027598 r
  candidates_i/U1559/Y (NAND2X1)                                0.027087  0.014619   1.042217 f
  candidates_i/n1107 (net)                      2     0.004702            0.000000   1.042217 f
  candidates_i/U3711/C (NOR3X1)                                 0.027087  0.000000   1.042217 f
  candidates_i/U3711/Y (NOR3X1)                                 0.053790  0.029842   1.072060 r
  candidates_i/n3309 (net)                      1     0.002961            0.000000   1.072060 r
  candidates_i/U3716/C (NAND3X1)                                0.053790  0.000000   1.072060 r
  candidates_i/U3716/Y (NAND3X1)                                0.016673  0.021053   1.093112 f
  candidates_i/n3608 (net)                      1     0.002632            0.000000   1.093112 f
  candidates_i/U3961/B (OAI21X1)                                0.016673  0.000000   1.093112 f
  candidates_i/U3961/Y (OAI21X1)                                0.042462  0.040862   1.133974 r
  candidates_i/n3916 (net)                      1     0.002111            0.000000   1.133974 r
  candidates_i/U1630/A (NAND2X1)                                0.042462  0.000000   1.133974 r
  candidates_i/U1630/Y (NAND2X1)                                0.022276  0.018485   1.152460 f
  candidates_i/n1134 (net)                      1     0.001763            0.000000   1.152460 f
  candidates_i/U1631/A (AND2X2)                                 0.022276  0.000000   1.152460 f
  candidates_i/U1631/Y (AND2X2)                                 0.000000  0.035766   1.188226 f
  candidates_i/n3917 (net)                      1     0.001924            0.000000   1.188226 f
  candidates_i/U4213/C (OAI21X1)                                0.000000  0.000000   1.188226 f
  candidates_i/U4213/Y (OAI21X1)                                0.052640  0.021573   1.209798 r
  candidates_i/candidate_mask[0] (net)          2     0.004292            0.000000   1.209798 r
  candidates_i/candidate_mask[0] (mc_candidates_Q_DEPTH16_ROW_W8_COL_W6)  0.000000   1.209798 r
  candidate_mask[0] (net)                             0.004292            0.000000   1.209798 r
  frfcfs.scheduler_i/candidate_mask[0] (mc_scheduler_frfcfs_Q_DEPTH16_ADDR_W16_AGE_LIMIT128_AGING_ENABLE1)
                                                                          0.000000   1.209798 r
  frfcfs.scheduler_i/candidate_mask[0] (net)          0.004292            0.000000   1.209798 r
  frfcfs.scheduler_i/U1288/A (AOI21X1)                          0.052640  0.000000   1.209798 r
  frfcfs.scheduler_i/U1288/Y (AOI21X1)                          0.018264  0.026940   1.236738 f
  frfcfs.scheduler_i/n1120 (net)                1     0.002832            0.000000   1.236738 f
  frfcfs.scheduler_i/U1289/C (NAND3X1)                          0.018264  0.000000   1.236738 f
  frfcfs.scheduler_i/U1289/Y (NAND3X1)                          0.037257  0.032416   1.269154 r
  frfcfs.scheduler_i/n1123 (net)                1     0.002365            0.000000   1.269154 r
  frfcfs.scheduler_i/U1290/B (NOR2X1)                           0.037257  0.000000   1.269154 r
  frfcfs.scheduler_i/U1290/Y (NOR2X1)                           0.008437  0.023448   1.292603 f
  frfcfs.scheduler_i/n1125 (net)                2     0.004149            0.000000   1.292603 f
  frfcfs.scheduler_i/U143/A (INVX1)                             0.008437  0.000000   1.292603 f
  frfcfs.scheduler_i/U143/Y (INVX1)                             0.001471  0.016632   1.309234 r
  frfcfs.scheduler_i/n1191 (net)                4     0.007246            0.000000   1.309234 r
  frfcfs.scheduler_i/U393/B (AND2X2)                            0.001471  0.000000   1.309234 r
  frfcfs.scheduler_i/U393/Y (AND2X2)                            0.017113  0.035253   1.344488 r
  frfcfs.scheduler_i/n1452 (net)                3     0.004653            0.000000   1.344488 r
  frfcfs.scheduler_i/U88/A (INVX1)                              0.017113  0.000000   1.344488 r
  frfcfs.scheduler_i/U88/Y (INVX1)                              0.009907  0.016763   1.361251 f
  frfcfs.scheduler_i/n400 (net)                 1     0.001763            0.000000   1.361251 f
  frfcfs.scheduler_i/U322/A (AND2X2)                            0.009907  0.000000   1.361251 f
  frfcfs.scheduler_i/U322/Y (AND2X2)                            0.000000  0.033529   1.394779 f
  frfcfs.scheduler_i/n230 (net)                 1     0.002726            0.000000   1.394779 f
  frfcfs.scheduler_i/U1421/B (AOI22X1)                          0.000000  0.000000   1.394779 f
  frfcfs.scheduler_i/U1421/Y (AOI22X1)                          0.043076  0.035183   1.429962 r
  frfcfs.scheduler_i/n1282 (net)                1     0.001869            0.000000   1.429962 r
  frfcfs.scheduler_i/U1422/B (AND2X2)                           0.043076  0.000000   1.429962 r
  frfcfs.scheduler_i/U1422/Y (AND2X2)                           0.008770  0.032502   1.462463 r
  frfcfs.scheduler_i/n1284 (net)                1     0.001551            0.000000   1.462463 r
  frfcfs.scheduler_i/U92/A (INVX1)                              0.008770  0.000000   1.462463 r
  frfcfs.scheduler_i/U92/Y (INVX1)                              0.012225  0.015693   1.478157 f
  frfcfs.scheduler_i/n54 (net)                  1     0.002342            0.000000   1.478157 f
  frfcfs.scheduler_i/U90/B (OR2X2)                              0.012225  0.000000   1.478157 f
  frfcfs.scheduler_i/U90/Y (OR2X2)                              0.005461  0.046674   1.524830 f
  frfcfs.scheduler_i/n52 (net)                  1     0.002297            0.000000   1.524830 f
  frfcfs.scheduler_i/U95/B (NOR2X1)                             0.005461  0.000000   1.524830 f
  frfcfs.scheduler_i/U95/Y (NOR2X1)                             0.024824  0.025285   1.550115 r
  frfcfs.scheduler_i/n53 (net)                  1     0.001551            0.000000   1.550115 r
  frfcfs.scheduler_i/U91/A (INVX1)                              0.024824  0.000000   1.550115 r
  frfcfs.scheduler_i/U91/Y (INVX1)                              0.024723  0.029372   1.579487 f
  frfcfs.scheduler_i/n1295 (net)                3     0.006895            0.000000   1.579487 f
  frfcfs.scheduler_i/U346/B (NOR2X1)                            0.024723  0.000000   1.579487 f
  frfcfs.scheduler_i/U346/Y (NOR2X1)                            0.028307  0.033199   1.612687 r
  frfcfs.scheduler_i/n246 (net)                 1     0.002741            0.000000   1.612687 r
  frfcfs.scheduler_i/U844/A (AOI21X1)                           0.028307  0.000000   1.612687 r
  frfcfs.scheduler_i/U844/Y (AOI21X1)                           0.016526  0.019515   1.632202 f
  frfcfs.scheduler_i/n461 (net)                 1     0.001944            0.000000   1.632202 f
  frfcfs.scheduler_i/U1623/B (NAND2X1)                          0.016526  0.000000   1.632202 f
  frfcfs.scheduler_i/U1623/Y (NAND2X1)                          0.035317  0.015106   1.647308 r
  frfcfs.scheduler_i/n1544 (net)                1     0.002386            0.000000   1.647308 r
  frfcfs.scheduler_i/U1624/C (AOI21X1)                          0.035317  0.000000   1.647308 r
  frfcfs.scheduler_i/U1624/Y (AOI21X1)                          0.017460  0.019730   1.667038 f
  frfcfs.scheduler_i/n1557 (net)                1     0.002573            0.000000   1.667038 f
  frfcfs.scheduler_i/U1631/A (OAI21X1)                          0.017460  0.000000   1.667038 f
  frfcfs.scheduler_i/U1631/Y (OAI21X1)                          0.040904  0.042935   1.709973 r
  frfcfs.scheduler_i/n1558 (net)                1     0.002010            0.000000   1.709973 r
  frfcfs.scheduler_i/U1632/C (OAI21X1)                          0.040904  0.000000   1.709973 r
  frfcfs.scheduler_i/U1632/Y (OAI21X1)                          0.006459  0.023048   1.733021 f
  frfcfs.scheduler_i/n1644 (net)                2     0.002980            0.000000   1.733021 f
  frfcfs.scheduler_i/U371/A (INVX1)                             0.006459  0.000000   1.733021 f
  frfcfs.scheduler_i/U371/Y (INVX1)                             0.002271  0.016630   1.749651 r
  frfcfs.scheduler_i/select_slot[0] (net)       4     0.007461            0.000000   1.749651 r
  frfcfs.scheduler_i/select_slot[0] (mc_scheduler_frfcfs_Q_DEPTH16_ADDR_W16_AGE_LIMIT128_AGING_ENABLE1)
                                                                          0.000000   1.749651 r
  select_slot[0] (net)                                0.007461            0.000000   1.749651 r
  U4983/A (INVX1)                                               0.002271  0.000000   1.749651 r
  U4983/Y (INVX1)                                               0.015443  0.015833   1.765484 f
  n6577 (net)                                   2     0.003267            0.000000   1.765484 f
  U4984/A (AND2X2)                                              0.015443  0.000000   1.765484 f
  U4984/Y (AND2X2)                                              0.000000  0.035463   1.800946 f
  n3241 (net)                                   2     0.003239            0.000000   1.800946 f
  U4623/A (AND2X2)                                              0.000000  0.000000   1.800946 f
  U4623/Y (AND2X2)                                              0.000413  0.032864   1.833810 f
  n7737 (net)                                   3     0.004428            0.000000   1.833810 f
  U3122/A (INVX1)                                               0.000413  0.000000   1.833810 f
  U3122/Y (INVX1)                                               0.000000  0.000346   1.834156 r
  n1907 (net)                                   2     0.003102            0.000000   1.834156 r
  U5461/A (INVX1)                                               0.000000  0.000000   1.834156 r
  U5461/Y (INVX1)                                               0.014663  0.014573   1.848729 f
  n3875 (net)                                   2     0.002952            0.000000   1.848729 f
  U5464/A (INVX1)                                               0.014663  0.000000   1.848729 f
  U5464/Y (INVX1)                                               0.000000  0.011813   1.860542 r
  n3284 (net)                                   1     0.005080            0.000000   1.860542 r
  U3979/A (INVX4)                                               0.000000  0.000000   1.860542 r
  U3979/Y (INVX4)                                               0.013981  0.032074   1.892617 f
  n3873 (net)                                  12     0.031388            0.000000   1.892617 f
  U7990/A (AOI22X1)                                             0.013981  0.000000   1.892617 f
  U7990/Y (AOI22X1)                                             0.044753  0.046956   1.939573 r
  n7754 (net)                                   1     0.001869            0.000000   1.939573 r
  U7991/B (AND2X2)                                              0.044753  0.000000   1.939573 r
  U7991/Y (AND2X2)                                              0.012066  0.034741   1.974315 r
  n7756 (net)                                   1     0.002961            0.000000   1.974315 r
  U7992/C (NAND3X1)                                             0.012066  0.000000   1.974315 r
  U7992/Y (NAND3X1)                                             0.016528  0.011204   1.985519 f
  n7772 (net)                                   1     0.002569            0.000000   1.985519 f
  U7999/B (MUX2X1)                                              0.016528  0.000000   1.985519 f
  U7999/Y (MUX2X1)                                              0.077665  0.072450   2.057969 r
  cmd_col[0] (net)                              1     0.010000            0.000000   2.057969 r
  cmd_col[0] (out)                                              0.077665  0.000000   2.057969 r
  data arrival time                                                                  2.057969

  clock core_clk (rise edge)                                              3.000000   3.000000
  clock network delay (ideal)                                             0.000000   3.000000
  clock uncertainty                                                       -0.100000  2.900000
  output external delay                                                   -1.000000  1.900000
  data required time                                                                 1.900000
  ----------------------------------------------------------------------------------------------
  data required time                                                                 1.900000
  data arrival time                                                                  -2.057969
  ----------------------------------------------------------------------------------------------
  slack (VIOLATED)                                                                   -0.157969


  Startpoint: table_i/addresses_reg[127]
              (rising edge-triggered flip-flop clocked by core_clk)
  Endpoint: cmd_col[1] (output port clocked by core_clk)
  Path Group: core_clk
  Path Type: max

  Point                                       Fanout       Cap     Trans      Incr       Path
  ----------------------------------------------------------------------------------------------
  clock core_clk (rise edge)                                              0.000000   0.000000
  clock network delay (ideal)                                             0.000000   0.000000
  table_i/addresses_reg[127]/CLK (DFFPOSX1)                     0.000000  0.000000 # 0.000000 r
  table_i/addresses_reg[127]/Q (DFFPOSX1)                       0.023267  0.105501   0.105501 f
  table_i/n6706 (net)                           1     0.005092            0.000000   0.105501 f
  table_i/U627/A (INVX4)                                        0.023267  0.000000   0.105501 f
  table_i/U627/Y (INVX4)                                        0.009539  0.021286   0.126787 r
  table_i/n5180 (net)                           1     0.010083            0.000000   0.126787 r
  table_i/U626/A (INVX8)                                        0.009539  0.000000   0.126787 r
  table_i/U626/Y (INVX8)                                        0.013606  0.029919   0.156706 f
  table_i/addresses[127] (net)                 16     0.046775            0.000000   0.156706 f
  table_i/addresses[127] (mc_transaction_table_Q_DEPTH16_ADDR_W16_DATA_W32_TAG_W8_READ_LATENCY3_AGE_LIMIT128)
                                                                          0.000000   0.156706 f
  addresses[127] (net)                                0.046775            0.000000   0.156706 f
  U2262/B (XNOR2X1)                                             0.013606  0.000000   0.156706 f
  U2262/Y (XNOR2X1)                                             0.036905  0.047954   0.204661 r
  n5144 (net)                                   1     0.001869            0.000000   0.204661 r
  U4610/B (AND2X2)                                              0.036905  0.000000   0.204661 r
  U4610/Y (AND2X2)                                              0.008428  0.032202   0.236862 r
  n5151 (net)                                   1     0.001551            0.000000   0.236862 r
  U4611/A (INVX1)                                               0.008428  0.000000   0.236862 r
  U4611/Y (INVX1)                                               0.014415  0.017088   0.253950 f
  n3046 (net)                                   1     0.003067            0.000000   0.253950 f
  U6469/B (NOR3X1)                                              0.014415  0.000000   0.253950 f
  U6469/Y (NOR3X1)                                              0.053630  0.041061   0.295012 r
  n5161 (net)                                   1     0.002961            0.000000   0.295012 r
  U6475/C (NAND3X1)                                             0.053630  0.000000   0.295012 r
  U6475/Y (NAND3X1)                                             0.020811  0.022777   0.317789 f
  n5162 (net)                                   2     0.003685            0.000000   0.317789 f
  U2800/A (NOR2X1)                                              0.020811  0.000000   0.317789 f
  U2800/Y (NOR2X1)                                              0.027038  0.030750   0.348539 r
  n1673 (net)                                   1     0.002027            0.000000   0.348539 r
  candidates_i/same_address[71] (mc_candidates_Q_DEPTH16_ROW_W8_COL_W6)   0.000000   0.348539 r
  candidates_i/same_address[71] (net)                 0.002027            0.000000   0.348539 r
  candidates_i/U1434/B (NAND2X1)                                0.027038  0.000000   0.348539 r
  candidates_i/U1434/Y (NAND2X1)                                0.021916  0.019705   0.368244 f
  candidates_i/n2117 (net)                      1     0.002600            0.000000   0.368244 f
  candidates_i/U2694/B (NAND3X1)                                0.021916  0.000000   0.368244 f
  candidates_i/U2694/Y (NAND3X1)                                0.041759  0.039254   0.407498 r
  candidates_i/n2124 (net)                      1     0.003288            0.000000   0.407498 r
  candidates_i/U2697/C (NOR3X1)                                 0.041759  0.000000   0.407498 r
  candidates_i/U2697/Y (NOR3X1)                                 0.029757  0.030066   0.437564 f
  candidates_i/n2125 (net)                      2     0.003296            0.000000   0.437564 f
  candidates_i/U1258/B (AND2X2)                                 0.029757  0.000000   0.437564 f
  candidates_i/U1258/Y (AND2X2)                                 0.006541  0.045436   0.482999 f
  candidates_i/n948 (net)                       2     0.005040            0.000000   0.482999 f
  candidates_i/U3484/C (NAND3X1)                                0.006541  0.000000   0.482999 f
  candidates_i/U3484/Y (NAND3X1)                                0.040557  0.031253   0.514253 r
  candidates_i/n3045 (net)                      1     0.002961            0.000000   0.514253 r
  candidates_i/U3485/C (NAND3X1)                                0.040557  0.000000   0.514253 r
  candidates_i/U3485/Y (NAND3X1)                                0.016301  0.017427   0.531680 f
  candidates_i/n3047 (net)                      1     0.002312            0.000000   0.531680 f
  candidates_i/U3486/C (AOI21X1)                                0.016301  0.000000   0.531680 f
  candidates_i/U3486/Y (AOI21X1)                                0.030230  0.022064   0.553744 r
  candidates_i/n3054 (net)                      1     0.002961            0.000000   0.553744 r
  candidates_i/U3490/C (NAND3X1)                                0.030230  0.000000   0.553744 r
  candidates_i/U3490/Y (NAND3X1)                                0.018331  0.016279   0.570023 f
  candidates_i/n3068 (net)                      1     0.003067            0.000000   0.570023 f
  candidates_i/U3497/B (NOR3X1)                                 0.018331  0.000000   0.570023 f
  candidates_i/U3497/Y (NOR3X1)                                 0.071279  0.054434   0.624457 r
  candidates_i/n3070 (net)                      2     0.006631            0.000000   0.624457 r
  candidates_i/U1621/A (INVX4)                                  0.071279  0.000000   0.624457 r
  candidates_i/U1621/Y (INVX4)                                  0.037364  0.031463   0.655920 f
  candidates_i/n3096 (net)                     11     0.023023            0.000000   0.655920 f
  candidates_i/U3505/A (NAND2X1)                                0.037364  0.000000   0.655920 f
  candidates_i/U3505/Y (NAND2X1)                                0.037582  0.037112   0.693031 r
  candidates_i/n3079 (net)                      1     0.002961            0.000000   0.693031 r
  candidates_i/U3506/C (NAND3X1)                                0.037582  0.000000   0.693031 r
  candidates_i/U3506/Y (NAND3X1)                                0.014713  0.015380   0.708411 f
  candidates_i/n3080 (net)                      1     0.001504            0.000000   0.708411 f
  candidates_i/U628/A (BUFX2)                                   0.014713  0.000000   0.708411 f
  candidates_i/U628/Y (BUFX2)                                   0.009093  0.038575   0.746985 f
  candidates_i/n457 (net)                       3     0.006821            0.000000   0.746985 f
  candidates_i/U554/A (INVX1)                                   0.009093  0.000000   0.746985 f
  candidates_i/U554/Y (INVX1)                                   0.000000  0.011296   0.758281 r
  candidates_i/n3289 (net)                      2     0.005529            0.000000   0.758281 r
  candidates_i/U3557/B (AOI22X1)                                0.000000  0.000000   0.758281 r
  candidates_i/U3557/Y (AOI22X1)                                0.034495  0.023672   0.781954 f
  candidates_i/n3136 (net)                      1     0.001763            0.000000   0.781954 f
  candidates_i/U3559/A (AND2X2)                                 0.034495  0.000000   0.781954 f
  candidates_i/U3559/Y (AND2X2)                                 0.004684  0.039796   0.821750 f
  candidates_i/n3137 (net)                      1     0.002832            0.000000   0.821750 f
  candidates_i/U3560/C (NAND3X1)                                0.004684  0.000000   0.821750 f
  candidates_i/U3560/Y (NAND3X1)                                0.033767  0.026454   0.848204 r
  candidates_i/n3140 (net)                      1     0.001551            0.000000   0.848204 r
  candidates_i/U559/A (INVX1)                                   0.033767  0.000000   0.848204 r
  candidates_i/U559/Y (INVX1)                                   0.013240  0.024352   0.872556 f
  candidates_i/n406 (net)                       2     0.003267            0.000000   0.872556 f
  candidates_i/U558/A (AND2X2)                                  0.013240  0.000000   0.872556 f
  candidates_i/U558/Y (AND2X2)                                  0.000000  0.033463   0.906020 f
  candidates_i/n407 (net)                       1     0.001884            0.000000   0.906020 f
  candidates_i/U3561/A (NAND2X1)                                0.000000  0.000000   0.906020 f
  candidates_i/U3561/Y (NAND2X1)                                0.032478  0.020948   0.926968 r
  candidates_i/n3940 (net)                      1     0.001551            0.000000   0.926968 r
  candidates_i/U2006/A (INVX1)                                  0.032478  0.000000   0.926968 r
  candidates_i/U2006/Y (INVX1)                                  0.016984  0.026504   0.953472 f
  candidates_i/n3155 (net)                      2     0.004487            0.000000   0.953472 f
  candidates_i/U3573/A (NOR3X1)                                 0.016984  0.000000   0.953472 f
  candidates_i/U3573/Y (NOR3X1)                                 0.049473  0.048488   1.001960 r
  candidates_i/n3301 (net)                      1     0.002027            0.000000   1.001960 r
  candidates_i/U1617/B (NAND2X1)                                0.049473  0.000000   1.001960 r
  candidates_i/U1617/Y (NAND2X1)                                0.016860  0.022672   1.024632 f
  candidates_i/n1128 (net)                      1     0.001476            0.000000   1.024632 f
  candidates_i/U1618/A (INVX1)                                  0.016860  0.000000   1.024632 f
  candidates_i/U1618/Y (INVX1)                                  0.000000  0.002966   1.027598 r
  candidates_i/n1129 (net)                      1     0.002111            0.000000   1.027598 r
  candidates_i/U1559/A (NAND2X1)                                0.000000  0.000000   1.027598 r
  candidates_i/U1559/Y (NAND2X1)                                0.027087  0.014619   1.042217 f
  candidates_i/n1107 (net)                      2     0.004702            0.000000   1.042217 f
  candidates_i/U3711/C (NOR3X1)                                 0.027087  0.000000   1.042217 f
  candidates_i/U3711/Y (NOR3X1)                                 0.053790  0.029842   1.072060 r
  candidates_i/n3309 (net)                      1     0.002961            0.000000   1.072060 r
  candidates_i/U3716/C (NAND3X1)                                0.053790  0.000000   1.072060 r
  candidates_i/U3716/Y (NAND3X1)                                0.016673  0.021053   1.093112 f
  candidates_i/n3608 (net)                      1     0.002632            0.000000   1.093112 f
  candidates_i/U3961/B (OAI21X1)                                0.016673  0.000000   1.093112 f
  candidates_i/U3961/Y (OAI21X1)                                0.042462  0.040862   1.133974 r
  candidates_i/n3916 (net)                      1     0.002111            0.000000   1.133974 r
  candidates_i/U1630/A (NAND2X1)                                0.042462  0.000000   1.133974 r
  candidates_i/U1630/Y (NAND2X1)                                0.022276  0.018485   1.152460 f
  candidates_i/n1134 (net)                      1     0.001763            0.000000   1.152460 f
  candidates_i/U1631/A (AND2X2)                                 0.022276  0.000000   1.152460 f
  candidates_i/U1631/Y (AND2X2)                                 0.000000  0.035766   1.188226 f
  candidates_i/n3917 (net)                      1     0.001924            0.000000   1.188226 f
  candidates_i/U4213/C (OAI21X1)                                0.000000  0.000000   1.188226 f
  candidates_i/U4213/Y (OAI21X1)                                0.052640  0.021573   1.209798 r
  candidates_i/candidate_mask[0] (net)          2     0.004292            0.000000   1.209798 r
  candidates_i/candidate_mask[0] (mc_candidates_Q_DEPTH16_ROW_W8_COL_W6)  0.000000   1.209798 r
  candidate_mask[0] (net)                             0.004292            0.000000   1.209798 r
  frfcfs.scheduler_i/candidate_mask[0] (mc_scheduler_frfcfs_Q_DEPTH16_ADDR_W16_AGE_LIMIT128_AGING_ENABLE1)
                                                                          0.000000   1.209798 r
  frfcfs.scheduler_i/candidate_mask[0] (net)          0.004292            0.000000   1.209798 r
  frfcfs.scheduler_i/U1288/A (AOI21X1)                          0.052640  0.000000   1.209798 r
  frfcfs.scheduler_i/U1288/Y (AOI21X1)                          0.018264  0.026940   1.236738 f
  frfcfs.scheduler_i/n1120 (net)                1     0.002832            0.000000   1.236738 f
  frfcfs.scheduler_i/U1289/C (NAND3X1)                          0.018264  0.000000   1.236738 f
  frfcfs.scheduler_i/U1289/Y (NAND3X1)                          0.037257  0.032416   1.269154 r
  frfcfs.scheduler_i/n1123 (net)                1     0.002365            0.000000   1.269154 r
  frfcfs.scheduler_i/U1290/B (NOR2X1)                           0.037257  0.000000   1.269154 r
  frfcfs.scheduler_i/U1290/Y (NOR2X1)                           0.008437  0.023448   1.292603 f
  frfcfs.scheduler_i/n1125 (net)                2     0.004149            0.000000   1.292603 f
  frfcfs.scheduler_i/U143/A (INVX1)                             0.008437  0.000000   1.292603 f
  frfcfs.scheduler_i/U143/Y (INVX1)                             0.001471  0.016632   1.309234 r
  frfcfs.scheduler_i/n1191 (net)                4     0.007246            0.000000   1.309234 r
  frfcfs.scheduler_i/U393/B (AND2X2)                            0.001471  0.000000   1.309234 r
  frfcfs.scheduler_i/U393/Y (AND2X2)                            0.017113  0.035253   1.344488 r
  frfcfs.scheduler_i/n1452 (net)                3     0.004653            0.000000   1.344488 r
  frfcfs.scheduler_i/U88/A (INVX1)                              0.017113  0.000000   1.344488 r
  frfcfs.scheduler_i/U88/Y (INVX1)                              0.009907  0.016763   1.361251 f
  frfcfs.scheduler_i/n400 (net)                 1     0.001763            0.000000   1.361251 f
  frfcfs.scheduler_i/U322/A (AND2X2)                            0.009907  0.000000   1.361251 f
  frfcfs.scheduler_i/U322/Y (AND2X2)                            0.000000  0.033529   1.394779 f
  frfcfs.scheduler_i/n230 (net)                 1     0.002726            0.000000   1.394779 f
  frfcfs.scheduler_i/U1421/B (AOI22X1)                          0.000000  0.000000   1.394779 f
  frfcfs.scheduler_i/U1421/Y (AOI22X1)                          0.043076  0.035183   1.429962 r
  frfcfs.scheduler_i/n1282 (net)                1     0.001869            0.000000   1.429962 r
  frfcfs.scheduler_i/U1422/B (AND2X2)                           0.043076  0.000000   1.429962 r
  frfcfs.scheduler_i/U1422/Y (AND2X2)                           0.008770  0.032502   1.462463 r
  frfcfs.scheduler_i/n1284 (net)                1     0.001551            0.000000   1.462463 r
  frfcfs.scheduler_i/U92/A (INVX1)                              0.008770  0.000000   1.462463 r
  frfcfs.scheduler_i/U92/Y (INVX1)                              0.012225  0.015693   1.478157 f
  frfcfs.scheduler_i/n54 (net)                  1     0.002342            0.000000   1.478157 f
  frfcfs.scheduler_i/U90/B (OR2X2)                              0.012225  0.000000   1.478157 f
  frfcfs.scheduler_i/U90/Y (OR2X2)                              0.005461  0.046674   1.524830 f
  frfcfs.scheduler_i/n52 (net)                  1     0.002297            0.000000   1.524830 f
  frfcfs.scheduler_i/U95/B (NOR2X1)                             0.005461  0.000000   1.524830 f
  frfcfs.scheduler_i/U95/Y (NOR2X1)                             0.024824  0.025285   1.550115 r
  frfcfs.scheduler_i/n53 (net)                  1     0.001551            0.000000   1.550115 r
  frfcfs.scheduler_i/U91/A (INVX1)                              0.024824  0.000000   1.550115 r
  frfcfs.scheduler_i/U91/Y (INVX1)                              0.024723  0.029372   1.579487 f
  frfcfs.scheduler_i/n1295 (net)                3     0.006895            0.000000   1.579487 f
  frfcfs.scheduler_i/U346/B (NOR2X1)                            0.024723  0.000000   1.579487 f
  frfcfs.scheduler_i/U346/Y (NOR2X1)                            0.028307  0.033199   1.612687 r
  frfcfs.scheduler_i/n246 (net)                 1     0.002741            0.000000   1.612687 r
  frfcfs.scheduler_i/U844/A (AOI21X1)                           0.028307  0.000000   1.612687 r
  frfcfs.scheduler_i/U844/Y (AOI21X1)                           0.016526  0.019515   1.632202 f
  frfcfs.scheduler_i/n461 (net)                 1     0.001944            0.000000   1.632202 f
  frfcfs.scheduler_i/U1623/B (NAND2X1)                          0.016526  0.000000   1.632202 f
  frfcfs.scheduler_i/U1623/Y (NAND2X1)                          0.035317  0.015106   1.647308 r
  frfcfs.scheduler_i/n1544 (net)                1     0.002386            0.000000   1.647308 r
  frfcfs.scheduler_i/U1624/C (AOI21X1)                          0.035317  0.000000   1.647308 r
  frfcfs.scheduler_i/U1624/Y (AOI21X1)                          0.017460  0.019730   1.667038 f
  frfcfs.scheduler_i/n1557 (net)                1     0.002573            0.000000   1.667038 f
  frfcfs.scheduler_i/U1631/A (OAI21X1)                          0.017460  0.000000   1.667038 f
  frfcfs.scheduler_i/U1631/Y (OAI21X1)                          0.040904  0.042935   1.709973 r
  frfcfs.scheduler_i/n1558 (net)                1     0.002010            0.000000   1.709973 r
  frfcfs.scheduler_i/U1632/C (OAI21X1)                          0.040904  0.000000   1.709973 r
  frfcfs.scheduler_i/U1632/Y (OAI21X1)                          0.006459  0.023048   1.733021 f
  frfcfs.scheduler_i/n1644 (net)                2     0.002980            0.000000   1.733021 f
  frfcfs.scheduler_i/U371/A (INVX1)                             0.006459  0.000000   1.733021 f
  frfcfs.scheduler_i/U371/Y (INVX1)                             0.002271  0.016630   1.749651 r
  frfcfs.scheduler_i/select_slot[0] (net)       4     0.007461            0.000000   1.749651 r
  frfcfs.scheduler_i/select_slot[0] (mc_scheduler_frfcfs_Q_DEPTH16_ADDR_W16_AGE_LIMIT128_AGING_ENABLE1)
                                                                          0.000000   1.749651 r
  select_slot[0] (net)                                0.007461            0.000000   1.749651 r
  U4983/A (INVX1)                                               0.002271  0.000000   1.749651 r
  U4983/Y (INVX1)                                               0.015443  0.015833   1.765484 f
  n6577 (net)                                   2     0.003267            0.000000   1.765484 f
  U4984/A (AND2X2)                                              0.015443  0.000000   1.765484 f
  U4984/Y (AND2X2)                                              0.000000  0.035463   1.800946 f
  n3241 (net)                                   2     0.003239            0.000000   1.800946 f
  U4623/A (AND2X2)                                              0.000000  0.000000   1.800946 f
  U4623/Y (AND2X2)                                              0.000413  0.032864   1.833810 f
  n7737 (net)                                   3     0.004428            0.000000   1.833810 f
  U3122/A (INVX1)                                               0.000413  0.000000   1.833810 f
  U3122/Y (INVX1)                                               0.000000  0.000346   1.834156 r
  n1907 (net)                                   2     0.003102            0.000000   1.834156 r
  U5461/A (INVX1)                                               0.000000  0.000000   1.834156 r
  U5461/Y (INVX1)                                               0.014663  0.014573   1.848729 f
  n3875 (net)                                   2     0.002952            0.000000   1.848729 f
  U5464/A (INVX1)                                               0.014663  0.000000   1.848729 f
  U5464/Y (INVX1)                                               0.000000  0.011813   1.860542 r
  n3284 (net)                                   1     0.005080            0.000000   1.860542 r
  U3979/A (INVX4)                                               0.000000  0.000000   1.860542 r
  U3979/Y (INVX4)                                               0.013981  0.032074   1.892617 f
  n3873 (net)                                  12     0.031388            0.000000   1.892617 f
  U8009/A (AOI22X1)                                             0.013981  0.000000   1.892617 f
  U8009/Y (AOI22X1)                                             0.044753  0.046956   1.939573 r
  n7793 (net)                                   1     0.001869            0.000000   1.939573 r
  U8010/B (AND2X2)                                              0.044753  0.000000   1.939573 r
  U8010/Y (AND2X2)                                              0.012066  0.034741   1.974315 r
  n7795 (net)                                   1     0.002961            0.000000   1.974315 r
  U8011/C (NAND3X1)                                             0.012066  0.000000   1.974315 r
  U8011/Y (NAND3X1)                                             0.016521  0.011204   1.985519 f
  n7798 (net)                                   1     0.002569            0.000000   1.985519 f
  U372/B (MUX2X1)                                               0.016521  0.000000   1.985519 f
  U372/Y (MUX2X1)                                               0.077666  0.072448   2.057967 r
  cmd_col[1] (net)                              1     0.010000            0.000000   2.057967 r
  cmd_col[1] (out)                                              0.077666  0.000000   2.057967 r
  data arrival time                                                                  2.057967

  clock core_clk (rise edge)                                              3.000000   3.000000
  clock network delay (ideal)                                             0.000000   3.000000
  clock uncertainty                                                       -0.100000  2.900000
  output external delay                                                   -1.000000  1.900000
  data required time                                                                 1.900000
  ----------------------------------------------------------------------------------------------
  data required time                                                                 1.900000
  data arrival time                                                                  -2.057967
  ----------------------------------------------------------------------------------------------
  slack (VIOLATED)                                                                   -0.157967


  Startpoint: table_i/addresses_reg[127]
              (rising edge-triggered flip-flop clocked by core_clk)
  Endpoint: cmd_bank[0]
            (output port clocked by core_clk)
  Path Group: core_clk
  Path Type: max

  Point                                       Fanout       Cap     Trans      Incr       Path
  ----------------------------------------------------------------------------------------------
  clock core_clk (rise edge)                                              0.000000   0.000000
  clock network delay (ideal)                                             0.000000   0.000000
  table_i/addresses_reg[127]/CLK (DFFPOSX1)                     0.000000  0.000000 # 0.000000 r
  table_i/addresses_reg[127]/Q (DFFPOSX1)                       0.023267  0.105501   0.105501 f
  table_i/n6706 (net)                           1     0.005092            0.000000   0.105501 f
  table_i/U627/A (INVX4)                                        0.023267  0.000000   0.105501 f
  table_i/U627/Y (INVX4)                                        0.009539  0.021286   0.126787 r
  table_i/n5180 (net)                           1     0.010083            0.000000   0.126787 r
  table_i/U626/A (INVX8)                                        0.009539  0.000000   0.126787 r
  table_i/U626/Y (INVX8)                                        0.013606  0.029919   0.156706 f
  table_i/addresses[127] (net)                 16     0.046775            0.000000   0.156706 f
  table_i/addresses[127] (mc_transaction_table_Q_DEPTH16_ADDR_W16_DATA_W32_TAG_W8_READ_LATENCY3_AGE_LIMIT128)
                                                                          0.000000   0.156706 f
  addresses[127] (net)                                0.046775            0.000000   0.156706 f
  U2262/B (XNOR2X1)                                             0.013606  0.000000   0.156706 f
  U2262/Y (XNOR2X1)                                             0.036905  0.047954   0.204661 r
  n5144 (net)                                   1     0.001869            0.000000   0.204661 r
  U4610/B (AND2X2)                                              0.036905  0.000000   0.204661 r
  U4610/Y (AND2X2)                                              0.008428  0.032202   0.236862 r
  n5151 (net)                                   1     0.001551            0.000000   0.236862 r
  U4611/A (INVX1)                                               0.008428  0.000000   0.236862 r
  U4611/Y (INVX1)                                               0.014415  0.017088   0.253950 f
  n3046 (net)                                   1     0.003067            0.000000   0.253950 f
  U6469/B (NOR3X1)                                              0.014415  0.000000   0.253950 f
  U6469/Y (NOR3X1)                                              0.053630  0.041061   0.295012 r
  n5161 (net)                                   1     0.002961            0.000000   0.295012 r
  U6475/C (NAND3X1)                                             0.053630  0.000000   0.295012 r
  U6475/Y (NAND3X1)                                             0.020811  0.022777   0.317789 f
  n5162 (net)                                   2     0.003685            0.000000   0.317789 f
  U2800/A (NOR2X1)                                              0.020811  0.000000   0.317789 f
  U2800/Y (NOR2X1)                                              0.027038  0.030750   0.348539 r
  n1673 (net)                                   1     0.002027            0.000000   0.348539 r
  candidates_i/same_address[71] (mc_candidates_Q_DEPTH16_ROW_W8_COL_W6)   0.000000   0.348539 r
  candidates_i/same_address[71] (net)                 0.002027            0.000000   0.348539 r
  candidates_i/U1434/B (NAND2X1)                                0.027038  0.000000   0.348539 r
  candidates_i/U1434/Y (NAND2X1)                                0.021916  0.019705   0.368244 f
  candidates_i/n2117 (net)                      1     0.002600            0.000000   0.368244 f
  candidates_i/U2694/B (NAND3X1)                                0.021916  0.000000   0.368244 f
  candidates_i/U2694/Y (NAND3X1)                                0.041759  0.039254   0.407498 r
  candidates_i/n2124 (net)                      1     0.003288            0.000000   0.407498 r
  candidates_i/U2697/C (NOR3X1)                                 0.041759  0.000000   0.407498 r
  candidates_i/U2697/Y (NOR3X1)                                 0.029757  0.030066   0.437564 f
  candidates_i/n2125 (net)                      2     0.003296            0.000000   0.437564 f
  candidates_i/U1258/B (AND2X2)                                 0.029757  0.000000   0.437564 f
  candidates_i/U1258/Y (AND2X2)                                 0.006541  0.045436   0.482999 f
  candidates_i/n948 (net)                       2     0.005040            0.000000   0.482999 f
  candidates_i/U3484/C (NAND3X1)                                0.006541  0.000000   0.482999 f
  candidates_i/U3484/Y (NAND3X1)                                0.040557  0.031253   0.514253 r
  candidates_i/n3045 (net)                      1     0.002961            0.000000   0.514253 r
  candidates_i/U3485/C (NAND3X1)                                0.040557  0.000000   0.514253 r
  candidates_i/U3485/Y (NAND3X1)                                0.016301  0.017427   0.531680 f
  candidates_i/n3047 (net)                      1     0.002312            0.000000   0.531680 f
  candidates_i/U3486/C (AOI21X1)                                0.016301  0.000000   0.531680 f
  candidates_i/U3486/Y (AOI21X1)                                0.030230  0.022064   0.553744 r
  candidates_i/n3054 (net)                      1     0.002961            0.000000   0.553744 r
  candidates_i/U3490/C (NAND3X1)                                0.030230  0.000000   0.553744 r
  candidates_i/U3490/Y (NAND3X1)                                0.018331  0.016279   0.570023 f
  candidates_i/n3068 (net)                      1     0.003067            0.000000   0.570023 f
  candidates_i/U3497/B (NOR3X1)                                 0.018331  0.000000   0.570023 f
  candidates_i/U3497/Y (NOR3X1)                                 0.071279  0.054434   0.624457 r
  candidates_i/n3070 (net)                      2     0.006631            0.000000   0.624457 r
  candidates_i/U1621/A (INVX4)                                  0.071279  0.000000   0.624457 r
  candidates_i/U1621/Y (INVX4)                                  0.037364  0.031463   0.655920 f
  candidates_i/n3096 (net)                     11     0.023023            0.000000   0.655920 f
  candidates_i/U3505/A (NAND2X1)                                0.037364  0.000000   0.655920 f
  candidates_i/U3505/Y (NAND2X1)                                0.037582  0.037112   0.693031 r
  candidates_i/n3079 (net)                      1     0.002961            0.000000   0.693031 r
  candidates_i/U3506/C (NAND3X1)                                0.037582  0.000000   0.693031 r
  candidates_i/U3506/Y (NAND3X1)                                0.014713  0.015380   0.708411 f
  candidates_i/n3080 (net)                      1     0.001504            0.000000   0.708411 f
  candidates_i/U628/A (BUFX2)                                   0.014713  0.000000   0.708411 f
  candidates_i/U628/Y (BUFX2)                                   0.009093  0.038575   0.746985 f
  candidates_i/n457 (net)                       3     0.006821            0.000000   0.746985 f
  candidates_i/U554/A (INVX1)                                   0.009093  0.000000   0.746985 f
  candidates_i/U554/Y (INVX1)                                   0.000000  0.011296   0.758281 r
  candidates_i/n3289 (net)                      2     0.005529            0.000000   0.758281 r
  candidates_i/U3557/B (AOI22X1)                                0.000000  0.000000   0.758281 r
  candidates_i/U3557/Y (AOI22X1)                                0.034495  0.023672   0.781954 f
  candidates_i/n3136 (net)                      1     0.001763            0.000000   0.781954 f
  candidates_i/U3559/A (AND2X2)                                 0.034495  0.000000   0.781954 f
  candidates_i/U3559/Y (AND2X2)                                 0.004684  0.039796   0.821750 f
  candidates_i/n3137 (net)                      1     0.002832            0.000000   0.821750 f
  candidates_i/U3560/C (NAND3X1)                                0.004684  0.000000   0.821750 f
  candidates_i/U3560/Y (NAND3X1)                                0.033767  0.026454   0.848204 r
  candidates_i/n3140 (net)                      1     0.001551            0.000000   0.848204 r
  candidates_i/U559/A (INVX1)                                   0.033767  0.000000   0.848204 r
  candidates_i/U559/Y (INVX1)                                   0.013240  0.024352   0.872556 f
  candidates_i/n406 (net)                       2     0.003267            0.000000   0.872556 f
  candidates_i/U558/A (AND2X2)                                  0.013240  0.000000   0.872556 f
  candidates_i/U558/Y (AND2X2)                                  0.000000  0.033463   0.906020 f
  candidates_i/n407 (net)                       1     0.001884            0.000000   0.906020 f
  candidates_i/U3561/A (NAND2X1)                                0.000000  0.000000   0.906020 f
  candidates_i/U3561/Y (NAND2X1)                                0.032478  0.020948   0.926968 r
  candidates_i/n3940 (net)                      1     0.001551            0.000000   0.926968 r
  candidates_i/U2006/A (INVX1)                                  0.032478  0.000000   0.926968 r
  candidates_i/U2006/Y (INVX1)                                  0.016984  0.026504   0.953472 f
  candidates_i/n3155 (net)                      2     0.004487            0.000000   0.953472 f
  candidates_i/U3573/A (NOR3X1)                                 0.016984  0.000000   0.953472 f
  candidates_i/U3573/Y (NOR3X1)                                 0.049473  0.048488   1.001960 r
  candidates_i/n3301 (net)                      1     0.002027            0.000000   1.001960 r
  candidates_i/U1617/B (NAND2X1)                                0.049473  0.000000   1.001960 r
  candidates_i/U1617/Y (NAND2X1)                                0.016860  0.022672   1.024632 f
  candidates_i/n1128 (net)                      1     0.001476            0.000000   1.024632 f
  candidates_i/U1618/A (INVX1)                                  0.016860  0.000000   1.024632 f
  candidates_i/U1618/Y (INVX1)                                  0.000000  0.002966   1.027598 r
  candidates_i/n1129 (net)                      1     0.002111            0.000000   1.027598 r
  candidates_i/U1559/A (NAND2X1)                                0.000000  0.000000   1.027598 r
  candidates_i/U1559/Y (NAND2X1)                                0.027087  0.014619   1.042217 f
  candidates_i/n1107 (net)                      2     0.004702            0.000000   1.042217 f
  candidates_i/U3711/C (NOR3X1)                                 0.027087  0.000000   1.042217 f
  candidates_i/U3711/Y (NOR3X1)                                 0.053790  0.029842   1.072060 r
  candidates_i/n3309 (net)                      1     0.002961            0.000000   1.072060 r
  candidates_i/U3716/C (NAND3X1)                                0.053790  0.000000   1.072060 r
  candidates_i/U3716/Y (NAND3X1)                                0.016673  0.021053   1.093112 f
  candidates_i/n3608 (net)                      1     0.002632            0.000000   1.093112 f
  candidates_i/U3961/B (OAI21X1)                                0.016673  0.000000   1.093112 f
  candidates_i/U3961/Y (OAI21X1)                                0.042462  0.040862   1.133974 r
  candidates_i/n3916 (net)                      1     0.002111            0.000000   1.133974 r
  candidates_i/U1630/A (NAND2X1)                                0.042462  0.000000   1.133974 r
  candidates_i/U1630/Y (NAND2X1)                                0.022276  0.018485   1.152460 f
  candidates_i/n1134 (net)                      1     0.001763            0.000000   1.152460 f
  candidates_i/U1631/A (AND2X2)                                 0.022276  0.000000   1.152460 f
  candidates_i/U1631/Y (AND2X2)                                 0.000000  0.035766   1.188226 f
  candidates_i/n3917 (net)                      1     0.001924            0.000000   1.188226 f
  candidates_i/U4213/C (OAI21X1)                                0.000000  0.000000   1.188226 f
  candidates_i/U4213/Y (OAI21X1)                                0.052640  0.021573   1.209798 r
  candidates_i/candidate_mask[0] (net)          2     0.004292            0.000000   1.209798 r
  candidates_i/candidate_mask[0] (mc_candidates_Q_DEPTH16_ROW_W8_COL_W6)  0.000000   1.209798 r
  candidate_mask[0] (net)                             0.004292            0.000000   1.209798 r
  frfcfs.scheduler_i/candidate_mask[0] (mc_scheduler_frfcfs_Q_DEPTH16_ADDR_W16_AGE_LIMIT128_AGING_ENABLE1)
                                                                          0.000000   1.209798 r
  frfcfs.scheduler_i/candidate_mask[0] (net)          0.004292            0.000000   1.209798 r
  frfcfs.scheduler_i/U1288/A (AOI21X1)                          0.052640  0.000000   1.209798 r
  frfcfs.scheduler_i/U1288/Y (AOI21X1)                          0.018264  0.026940   1.236738 f
  frfcfs.scheduler_i/n1120 (net)                1     0.002832            0.000000   1.236738 f
  frfcfs.scheduler_i/U1289/C (NAND3X1)                          0.018264  0.000000   1.236738 f
  frfcfs.scheduler_i/U1289/Y (NAND3X1)                          0.037257  0.032416   1.269154 r
  frfcfs.scheduler_i/n1123 (net)                1     0.002365            0.000000   1.269154 r
  frfcfs.scheduler_i/U1290/B (NOR2X1)                           0.037257  0.000000   1.269154 r
  frfcfs.scheduler_i/U1290/Y (NOR2X1)                           0.008437  0.023448   1.292603 f
  frfcfs.scheduler_i/n1125 (net)                2     0.004149            0.000000   1.292603 f
  frfcfs.scheduler_i/U143/A (INVX1)                             0.008437  0.000000   1.292603 f
  frfcfs.scheduler_i/U143/Y (INVX1)                             0.001471  0.016632   1.309234 r
  frfcfs.scheduler_i/n1191 (net)                4     0.007246            0.000000   1.309234 r
  frfcfs.scheduler_i/U393/B (AND2X2)                            0.001471  0.000000   1.309234 r
  frfcfs.scheduler_i/U393/Y (AND2X2)                            0.017113  0.035253   1.344488 r
  frfcfs.scheduler_i/n1452 (net)                3     0.004653            0.000000   1.344488 r
  frfcfs.scheduler_i/U88/A (INVX1)                              0.017113  0.000000   1.344488 r
  frfcfs.scheduler_i/U88/Y (INVX1)                              0.009907  0.016763   1.361251 f
  frfcfs.scheduler_i/n400 (net)                 1     0.001763            0.000000   1.361251 f
  frfcfs.scheduler_i/U322/A (AND2X2)                            0.009907  0.000000   1.361251 f
  frfcfs.scheduler_i/U322/Y (AND2X2)                            0.000000  0.033529   1.394779 f
  frfcfs.scheduler_i/n230 (net)                 1     0.002726            0.000000   1.394779 f
  frfcfs.scheduler_i/U1421/B (AOI22X1)                          0.000000  0.000000   1.394779 f
  frfcfs.scheduler_i/U1421/Y (AOI22X1)                          0.043076  0.035183   1.429962 r
  frfcfs.scheduler_i/n1282 (net)                1     0.001869            0.000000   1.429962 r
  frfcfs.scheduler_i/U1422/B (AND2X2)                           0.043076  0.000000   1.429962 r
  frfcfs.scheduler_i/U1422/Y (AND2X2)                           0.008770  0.032502   1.462463 r
  frfcfs.scheduler_i/n1284 (net)                1     0.001551            0.000000   1.462463 r
  frfcfs.scheduler_i/U92/A (INVX1)                              0.008770  0.000000   1.462463 r
  frfcfs.scheduler_i/U92/Y (INVX1)                              0.012225  0.015693   1.478157 f
  frfcfs.scheduler_i/n54 (net)                  1     0.002342            0.000000   1.478157 f
  frfcfs.scheduler_i/U90/B (OR2X2)                              0.012225  0.000000   1.478157 f
  frfcfs.scheduler_i/U90/Y (OR2X2)                              0.005461  0.046674   1.524830 f
  frfcfs.scheduler_i/n52 (net)                  1     0.002297            0.000000   1.524830 f
  frfcfs.scheduler_i/U95/B (NOR2X1)                             0.005461  0.000000   1.524830 f
  frfcfs.scheduler_i/U95/Y (NOR2X1)                             0.024824  0.025285   1.550115 r
  frfcfs.scheduler_i/n53 (net)                  1     0.001551            0.000000   1.550115 r
  frfcfs.scheduler_i/U91/A (INVX1)                              0.024824  0.000000   1.550115 r
  frfcfs.scheduler_i/U91/Y (INVX1)                              0.024723  0.029372   1.579487 f
  frfcfs.scheduler_i/n1295 (net)                3     0.006895            0.000000   1.579487 f
  frfcfs.scheduler_i/U346/B (NOR2X1)                            0.024723  0.000000   1.579487 f
  frfcfs.scheduler_i/U346/Y (NOR2X1)                            0.028307  0.033199   1.612687 r
  frfcfs.scheduler_i/n246 (net)                 1     0.002741            0.000000   1.612687 r
  frfcfs.scheduler_i/U844/A (AOI21X1)                           0.028307  0.000000   1.612687 r
  frfcfs.scheduler_i/U844/Y (AOI21X1)                           0.016526  0.019515   1.632202 f
  frfcfs.scheduler_i/n461 (net)                 1     0.001944            0.000000   1.632202 f
  frfcfs.scheduler_i/U1623/B (NAND2X1)                          0.016526  0.000000   1.632202 f
  frfcfs.scheduler_i/U1623/Y (NAND2X1)                          0.035317  0.015106   1.647308 r
  frfcfs.scheduler_i/n1544 (net)                1     0.002386            0.000000   1.647308 r
  frfcfs.scheduler_i/U1624/C (AOI21X1)                          0.035317  0.000000   1.647308 r
  frfcfs.scheduler_i/U1624/Y (AOI21X1)                          0.017460  0.019730   1.667038 f
  frfcfs.scheduler_i/n1557 (net)                1     0.002573            0.000000   1.667038 f
  frfcfs.scheduler_i/U1631/A (OAI21X1)                          0.017460  0.000000   1.667038 f
  frfcfs.scheduler_i/U1631/Y (OAI21X1)                          0.040904  0.042935   1.709973 r
  frfcfs.scheduler_i/n1558 (net)                1     0.002010            0.000000   1.709973 r
  frfcfs.scheduler_i/U1632/C (OAI21X1)                          0.040904  0.000000   1.709973 r
  frfcfs.scheduler_i/U1632/Y (OAI21X1)                          0.006459  0.023048   1.733021 f
  frfcfs.scheduler_i/n1644 (net)                2     0.002980            0.000000   1.733021 f
  frfcfs.scheduler_i/U371/A (INVX1)                             0.006459  0.000000   1.733021 f
  frfcfs.scheduler_i/U371/Y (INVX1)                             0.002271  0.016630   1.749651 r
  frfcfs.scheduler_i/select_slot[0] (net)       4     0.007461            0.000000   1.749651 r
  frfcfs.scheduler_i/select_slot[0] (mc_scheduler_frfcfs_Q_DEPTH16_ADDR_W16_AGE_LIMIT128_AGING_ENABLE1)
                                                                          0.000000   1.749651 r
  select_slot[0] (net)                                0.007461            0.000000   1.749651 r
  U4983/A (INVX1)                                               0.002271  0.000000   1.749651 r
  U4983/Y (INVX1)                                               0.015443  0.015833   1.765484 f
  n6577 (net)                                   2     0.003267            0.000000   1.765484 f
  U4984/A (AND2X2)                                              0.015443  0.000000   1.765484 f
  U4984/Y (AND2X2)                                              0.000000  0.035463   1.800946 f
  n3241 (net)                                   2     0.003239            0.000000   1.800946 f
  U4623/A (AND2X2)                                              0.000000  0.000000   1.800946 f
  U4623/Y (AND2X2)                                              0.000413  0.032864   1.833810 f
  n7737 (net)                                   3     0.004428            0.000000   1.833810 f
  U3126/A (INVX1)                                               0.000413  0.000000   1.833810 f
  U3126/Y (INVX1)                                               0.000000  0.003930   1.837740 r
  n3054 (net)                                   2     0.004206            0.000000   1.837740 r
  U3128/A (INVX1)                                               0.000000  0.000000   1.837740 r
  U3128/Y (INVX1)                                               0.014663  0.014573   1.852313 f
  n1912 (net)                                   2     0.002952            0.000000   1.852313 f
  U1676/A (INVX1)                                               0.014663  0.000000   1.852313 f
  U1676/Y (INVX1)                                               0.000000  0.000373   1.852685 r
  n915 (net)                                    1     0.001551            0.000000   1.852685 r
  U341/A (INVX1)                                                0.000000  0.000000   1.852685 r
  U341/Y (INVX1)                                                0.037797  0.030481   1.883167 f
  n3872 (net)                                   4     0.010701            0.000000   1.883167 f
  U7547/A (AOI22X1)                                             0.037797  0.000000   1.883167 f
  U7547/Y (AOI22X1)                                             0.048219  0.056547   1.939713 r
  n6804 (net)                                   1     0.002961            0.000000   1.939713 r
  U7548/C (NAND3X1)                                             0.048219  0.000000   1.939713 r
  U7548/Y (NAND3X1)                                             0.015642  0.019043   1.958756 f
  n6810 (net)                                   1     0.002209            0.000000   1.958756 f
  U7551/A (NOR2X1)                                              0.015642  0.000000   1.958756 f
  U7551/Y (NOR2X1)                                              0.030466  0.031948   1.990704 r
  n6828 (net)                                   1     0.002764            0.000000   1.990704 r
  U7559/B (AOI22X1)                                             0.030466  0.000000   1.990704 r
  U7559/Y (AOI22X1)                                             0.036480  0.032999   2.023703 f
  n6829 (net)                                   1     0.002673            0.000000   2.023703 f
  U3283/A (INVX2)                                               0.036480  0.000000   2.023703 f
  U3283/Y (INVX2)                                               0.028222  0.034146   2.057849 r
  cmd_bank[0] (net)                             2     0.011539            0.000000   2.057849 r
  cmd_bank[0] (out)                                             0.028222  0.000000   2.057849 r
  data arrival time                                                                  2.057849

  clock core_clk (rise edge)                                              3.000000   3.000000
  clock network delay (ideal)                                             0.000000   3.000000
  clock uncertainty                                                       -0.100000  2.900000
  output external delay                                                   -1.000000  1.900000
  data required time                                                                 1.900000
  ----------------------------------------------------------------------------------------------
  data required time                                                                 1.900000
  data arrival time                                                                  -2.057849
  ----------------------------------------------------------------------------------------------
  slack (VIOLATED)                                                                   -0.157849


  Startpoint: table_i/addresses_reg[127]
              (rising edge-triggered flip-flop clocked by core_clk)
  Endpoint: cmd_row[5] (output port clocked by core_clk)
  Path Group: core_clk
  Path Type: max

  Point                                       Fanout       Cap     Trans      Incr       Path
  ----------------------------------------------------------------------------------------------
  clock core_clk (rise edge)                                              0.000000   0.000000
  clock network delay (ideal)                                             0.000000   0.000000
  table_i/addresses_reg[127]/CLK (DFFPOSX1)                     0.000000  0.000000 # 0.000000 r
  table_i/addresses_reg[127]/Q (DFFPOSX1)                       0.023267  0.105501   0.105501 f
  table_i/n6706 (net)                           1     0.005092            0.000000   0.105501 f
  table_i/U627/A (INVX4)                                        0.023267  0.000000   0.105501 f
  table_i/U627/Y (INVX4)                                        0.009539  0.021286   0.126787 r
  table_i/n5180 (net)                           1     0.010083            0.000000   0.126787 r
  table_i/U626/A (INVX8)                                        0.009539  0.000000   0.126787 r
  table_i/U626/Y (INVX8)                                        0.013606  0.029919   0.156706 f
  table_i/addresses[127] (net)                 16     0.046775            0.000000   0.156706 f
  table_i/addresses[127] (mc_transaction_table_Q_DEPTH16_ADDR_W16_DATA_W32_TAG_W8_READ_LATENCY3_AGE_LIMIT128)
                                                                          0.000000   0.156706 f
  addresses[127] (net)                                0.046775            0.000000   0.156706 f
  U2262/B (XNOR2X1)                                             0.013606  0.000000   0.156706 f
  U2262/Y (XNOR2X1)                                             0.036905  0.047954   0.204661 r
  n5144 (net)                                   1     0.001869            0.000000   0.204661 r
  U4610/B (AND2X2)                                              0.036905  0.000000   0.204661 r
  U4610/Y (AND2X2)                                              0.008428  0.032202   0.236862 r
  n5151 (net)                                   1     0.001551            0.000000   0.236862 r
  U4611/A (INVX1)                                               0.008428  0.000000   0.236862 r
  U4611/Y (INVX1)                                               0.014415  0.017088   0.253950 f
  n3046 (net)                                   1     0.003067            0.000000   0.253950 f
  U6469/B (NOR3X1)                                              0.014415  0.000000   0.253950 f
  U6469/Y (NOR3X1)                                              0.053630  0.041061   0.295012 r
  n5161 (net)                                   1     0.002961            0.000000   0.295012 r
  U6475/C (NAND3X1)                                             0.053630  0.000000   0.295012 r
  U6475/Y (NAND3X1)                                             0.020811  0.022777   0.317789 f
  n5162 (net)                                   2     0.003685            0.000000   0.317789 f
  U2800/A (NOR2X1)                                              0.020811  0.000000   0.317789 f
  U2800/Y (NOR2X1)                                              0.027038  0.030750   0.348539 r
  n1673 (net)                                   1     0.002027            0.000000   0.348539 r
  candidates_i/same_address[71] (mc_candidates_Q_DEPTH16_ROW_W8_COL_W6)   0.000000   0.348539 r
  candidates_i/same_address[71] (net)                 0.002027            0.000000   0.348539 r
  candidates_i/U1434/B (NAND2X1)                                0.027038  0.000000   0.348539 r
  candidates_i/U1434/Y (NAND2X1)                                0.021916  0.019705   0.368244 f
  candidates_i/n2117 (net)                      1     0.002600            0.000000   0.368244 f
  candidates_i/U2694/B (NAND3X1)                                0.021916  0.000000   0.368244 f
  candidates_i/U2694/Y (NAND3X1)                                0.041759  0.039254   0.407498 r
  candidates_i/n2124 (net)                      1     0.003288            0.000000   0.407498 r
  candidates_i/U2697/C (NOR3X1)                                 0.041759  0.000000   0.407498 r
  candidates_i/U2697/Y (NOR3X1)                                 0.029757  0.030066   0.437564 f
  candidates_i/n2125 (net)                      2     0.003296            0.000000   0.437564 f
  candidates_i/U1258/B (AND2X2)                                 0.029757  0.000000   0.437564 f
  candidates_i/U1258/Y (AND2X2)                                 0.006541  0.045436   0.482999 f
  candidates_i/n948 (net)                       2     0.005040            0.000000   0.482999 f
  candidates_i/U3484/C (NAND3X1)                                0.006541  0.000000   0.482999 f
  candidates_i/U3484/Y (NAND3X1)                                0.040557  0.031253   0.514253 r
  candidates_i/n3045 (net)                      1     0.002961            0.000000   0.514253 r
  candidates_i/U3485/C (NAND3X1)                                0.040557  0.000000   0.514253 r
  candidates_i/U3485/Y (NAND3X1)                                0.016301  0.017427   0.531680 f
  candidates_i/n3047 (net)                      1     0.002312            0.000000   0.531680 f
  candidates_i/U3486/C (AOI21X1)                                0.016301  0.000000   0.531680 f
  candidates_i/U3486/Y (AOI21X1)                                0.030230  0.022064   0.553744 r
  candidates_i/n3054 (net)                      1     0.002961            0.000000   0.553744 r
  candidates_i/U3490/C (NAND3X1)                                0.030230  0.000000   0.553744 r
  candidates_i/U3490/Y (NAND3X1)                                0.018331  0.016279   0.570023 f
  candidates_i/n3068 (net)                      1     0.003067            0.000000   0.570023 f
  candidates_i/U3497/B (NOR3X1)                                 0.018331  0.000000   0.570023 f
  candidates_i/U3497/Y (NOR3X1)                                 0.071279  0.054434   0.624457 r
  candidates_i/n3070 (net)                      2     0.006631            0.000000   0.624457 r
  candidates_i/U1621/A (INVX4)                                  0.071279  0.000000   0.624457 r
  candidates_i/U1621/Y (INVX4)                                  0.037364  0.031463   0.655920 f
  candidates_i/n3096 (net)                     11     0.023023            0.000000   0.655920 f
  candidates_i/U3505/A (NAND2X1)                                0.037364  0.000000   0.655920 f
  candidates_i/U3505/Y (NAND2X1)                                0.037582  0.037112   0.693031 r
  candidates_i/n3079 (net)                      1     0.002961            0.000000   0.693031 r
  candidates_i/U3506/C (NAND3X1)                                0.037582  0.000000   0.693031 r
  candidates_i/U3506/Y (NAND3X1)                                0.014713  0.015380   0.708411 f
  candidates_i/n3080 (net)                      1     0.001504            0.000000   0.708411 f
  candidates_i/U628/A (BUFX2)                                   0.014713  0.000000   0.708411 f
  candidates_i/U628/Y (BUFX2)                                   0.009093  0.038575   0.746985 f
  candidates_i/n457 (net)                       3     0.006821            0.000000   0.746985 f
  candidates_i/U554/A (INVX1)                                   0.009093  0.000000   0.746985 f
  candidates_i/U554/Y (INVX1)                                   0.000000  0.011296   0.758281 r
  candidates_i/n3289 (net)                      2     0.005529            0.000000   0.758281 r
  candidates_i/U3557/B (AOI22X1)                                0.000000  0.000000   0.758281 r
  candidates_i/U3557/Y (AOI22X1)                                0.034495  0.023672   0.781954 f
  candidates_i/n3136 (net)                      1     0.001763            0.000000   0.781954 f
  candidates_i/U3559/A (AND2X2)                                 0.034495  0.000000   0.781954 f
  candidates_i/U3559/Y (AND2X2)                                 0.004684  0.039796   0.821750 f
  candidates_i/n3137 (net)                      1     0.002832            0.000000   0.821750 f
  candidates_i/U3560/C (NAND3X1)                                0.004684  0.000000   0.821750 f
  candidates_i/U3560/Y (NAND3X1)                                0.033767  0.026454   0.848204 r
  candidates_i/n3140 (net)                      1     0.001551            0.000000   0.848204 r
  candidates_i/U559/A (INVX1)                                   0.033767  0.000000   0.848204 r
  candidates_i/U559/Y (INVX1)                                   0.013240  0.024352   0.872556 f
  candidates_i/n406 (net)                       2     0.003267            0.000000   0.872556 f
  candidates_i/U558/A (AND2X2)                                  0.013240  0.000000   0.872556 f
  candidates_i/U558/Y (AND2X2)                                  0.000000  0.033463   0.906020 f
  candidates_i/n407 (net)                       1     0.001884            0.000000   0.906020 f
  candidates_i/U3561/A (NAND2X1)                                0.000000  0.000000   0.906020 f
  candidates_i/U3561/Y (NAND2X1)                                0.032478  0.020948   0.926968 r
  candidates_i/n3940 (net)                      1     0.001551            0.000000   0.926968 r
  candidates_i/U2006/A (INVX1)                                  0.032478  0.000000   0.926968 r
  candidates_i/U2006/Y (INVX1)                                  0.016984  0.026504   0.953472 f
  candidates_i/n3155 (net)                      2     0.004487            0.000000   0.953472 f
  candidates_i/U3573/A (NOR3X1)                                 0.016984  0.000000   0.953472 f
  candidates_i/U3573/Y (NOR3X1)                                 0.049473  0.048488   1.001960 r
  candidates_i/n3301 (net)                      1     0.002027            0.000000   1.001960 r
  candidates_i/U1617/B (NAND2X1)                                0.049473  0.000000   1.001960 r
  candidates_i/U1617/Y (NAND2X1)                                0.016860  0.022672   1.024632 f
  candidates_i/n1128 (net)                      1     0.001476            0.000000   1.024632 f
  candidates_i/U1618/A (INVX1)                                  0.016860  0.000000   1.024632 f
  candidates_i/U1618/Y (INVX1)                                  0.000000  0.002966   1.027598 r
  candidates_i/n1129 (net)                      1     0.002111            0.000000   1.027598 r
  candidates_i/U1559/A (NAND2X1)                                0.000000  0.000000   1.027598 r
  candidates_i/U1559/Y (NAND2X1)                                0.027087  0.014619   1.042217 f
  candidates_i/n1107 (net)                      2     0.004702            0.000000   1.042217 f
  candidates_i/U3711/C (NOR3X1)                                 0.027087  0.000000   1.042217 f
  candidates_i/U3711/Y (NOR3X1)                                 0.053790  0.029842   1.072060 r
  candidates_i/n3309 (net)                      1     0.002961            0.000000   1.072060 r
  candidates_i/U3716/C (NAND3X1)                                0.053790  0.000000   1.072060 r
  candidates_i/U3716/Y (NAND3X1)                                0.016673  0.021053   1.093112 f
  candidates_i/n3608 (net)                      1     0.002632            0.000000   1.093112 f
  candidates_i/U3961/B (OAI21X1)                                0.016673  0.000000   1.093112 f
  candidates_i/U3961/Y (OAI21X1)                                0.042462  0.040862   1.133974 r
  candidates_i/n3916 (net)                      1     0.002111            0.000000   1.133974 r
  candidates_i/U1630/A (NAND2X1)                                0.042462  0.000000   1.133974 r
  candidates_i/U1630/Y (NAND2X1)                                0.022276  0.018485   1.152460 f
  candidates_i/n1134 (net)                      1     0.001763            0.000000   1.152460 f
  candidates_i/U1631/A (AND2X2)                                 0.022276  0.000000   1.152460 f
  candidates_i/U1631/Y (AND2X2)                                 0.000000  0.035766   1.188226 f
  candidates_i/n3917 (net)                      1     0.001924            0.000000   1.188226 f
  candidates_i/U4213/C (OAI21X1)                                0.000000  0.000000   1.188226 f
  candidates_i/U4213/Y (OAI21X1)                                0.052640  0.021573   1.209798 r
  candidates_i/candidate_mask[0] (net)          2     0.004292            0.000000   1.209798 r
  candidates_i/candidate_mask[0] (mc_candidates_Q_DEPTH16_ROW_W8_COL_W6)  0.000000   1.209798 r
  candidate_mask[0] (net)                             0.004292            0.000000   1.209798 r
  frfcfs.scheduler_i/candidate_mask[0] (mc_scheduler_frfcfs_Q_DEPTH16_ADDR_W16_AGE_LIMIT128_AGING_ENABLE1)
                                                                          0.000000   1.209798 r
  frfcfs.scheduler_i/candidate_mask[0] (net)          0.004292            0.000000   1.209798 r
  frfcfs.scheduler_i/U1288/A (AOI21X1)                          0.052640  0.000000   1.209798 r
  frfcfs.scheduler_i/U1288/Y (AOI21X1)                          0.018264  0.026940   1.236738 f
  frfcfs.scheduler_i/n1120 (net)                1     0.002832            0.000000   1.236738 f
  frfcfs.scheduler_i/U1289/C (NAND3X1)                          0.018264  0.000000   1.236738 f
  frfcfs.scheduler_i/U1289/Y (NAND3X1)                          0.037257  0.032416   1.269154 r
  frfcfs.scheduler_i/n1123 (net)                1     0.002365            0.000000   1.269154 r
  frfcfs.scheduler_i/U1290/B (NOR2X1)                           0.037257  0.000000   1.269154 r
  frfcfs.scheduler_i/U1290/Y (NOR2X1)                           0.008437  0.023448   1.292603 f
  frfcfs.scheduler_i/n1125 (net)                2     0.004149            0.000000   1.292603 f
  frfcfs.scheduler_i/U143/A (INVX1)                             0.008437  0.000000   1.292603 f
  frfcfs.scheduler_i/U143/Y (INVX1)                             0.001471  0.016632   1.309234 r
  frfcfs.scheduler_i/n1191 (net)                4     0.007246            0.000000   1.309234 r
  frfcfs.scheduler_i/U393/B (AND2X2)                            0.001471  0.000000   1.309234 r
  frfcfs.scheduler_i/U393/Y (AND2X2)                            0.017113  0.035253   1.344488 r
  frfcfs.scheduler_i/n1452 (net)                3     0.004653            0.000000   1.344488 r
  frfcfs.scheduler_i/U88/A (INVX1)                              0.017113  0.000000   1.344488 r
  frfcfs.scheduler_i/U88/Y (INVX1)                              0.009907  0.016763   1.361251 f
  frfcfs.scheduler_i/n400 (net)                 1     0.001763            0.000000   1.361251 f
  frfcfs.scheduler_i/U322/A (AND2X2)                            0.009907  0.000000   1.361251 f
  frfcfs.scheduler_i/U322/Y (AND2X2)                            0.000000  0.033529   1.394779 f
  frfcfs.scheduler_i/n230 (net)                 1     0.002726            0.000000   1.394779 f
  frfcfs.scheduler_i/U1421/B (AOI22X1)                          0.000000  0.000000   1.394779 f
  frfcfs.scheduler_i/U1421/Y (AOI22X1)                          0.043076  0.035183   1.429962 r
  frfcfs.scheduler_i/n1282 (net)                1     0.001869            0.000000   1.429962 r
  frfcfs.scheduler_i/U1422/B (AND2X2)                           0.043076  0.000000   1.429962 r
  frfcfs.scheduler_i/U1422/Y (AND2X2)                           0.008770  0.032502   1.462463 r
  frfcfs.scheduler_i/n1284 (net)                1     0.001551            0.000000   1.462463 r
  frfcfs.scheduler_i/U92/A (INVX1)                              0.008770  0.000000   1.462463 r
  frfcfs.scheduler_i/U92/Y (INVX1)                              0.012225  0.015693   1.478157 f
  frfcfs.scheduler_i/n54 (net)                  1     0.002342            0.000000   1.478157 f
  frfcfs.scheduler_i/U90/B (OR2X2)                              0.012225  0.000000   1.478157 f
  frfcfs.scheduler_i/U90/Y (OR2X2)                              0.005461  0.046674   1.524830 f
  frfcfs.scheduler_i/n52 (net)                  1     0.002297            0.000000   1.524830 f
  frfcfs.scheduler_i/U95/B (NOR2X1)                             0.005461  0.000000   1.524830 f
  frfcfs.scheduler_i/U95/Y (NOR2X1)                             0.024824  0.025285   1.550115 r
  frfcfs.scheduler_i/n53 (net)                  1     0.001551            0.000000   1.550115 r
  frfcfs.scheduler_i/U91/A (INVX1)                              0.024824  0.000000   1.550115 r
  frfcfs.scheduler_i/U91/Y (INVX1)                              0.024723  0.029372   1.579487 f
  frfcfs.scheduler_i/n1295 (net)                3     0.006895            0.000000   1.579487 f
  frfcfs.scheduler_i/U346/B (NOR2X1)                            0.024723  0.000000   1.579487 f
  frfcfs.scheduler_i/U346/Y (NOR2X1)                            0.028307  0.033199   1.612687 r
  frfcfs.scheduler_i/n246 (net)                 1     0.002741            0.000000   1.612687 r
  frfcfs.scheduler_i/U844/A (AOI21X1)                           0.028307  0.000000   1.612687 r
  frfcfs.scheduler_i/U844/Y (AOI21X1)                           0.016526  0.019515   1.632202 f
  frfcfs.scheduler_i/n461 (net)                 1     0.001944            0.000000   1.632202 f
  frfcfs.scheduler_i/U1623/B (NAND2X1)                          0.016526  0.000000   1.632202 f
  frfcfs.scheduler_i/U1623/Y (NAND2X1)                          0.035317  0.015106   1.647308 r
  frfcfs.scheduler_i/n1544 (net)                1     0.002386            0.000000   1.647308 r
  frfcfs.scheduler_i/U1624/C (AOI21X1)                          0.035317  0.000000   1.647308 r
  frfcfs.scheduler_i/U1624/Y (AOI21X1)                          0.017460  0.019730   1.667038 f
  frfcfs.scheduler_i/n1557 (net)                1     0.002573            0.000000   1.667038 f
  frfcfs.scheduler_i/U1631/A (OAI21X1)                          0.017460  0.000000   1.667038 f
  frfcfs.scheduler_i/U1631/Y (OAI21X1)                          0.040904  0.042935   1.709973 r
  frfcfs.scheduler_i/n1558 (net)                1     0.002010            0.000000   1.709973 r
  frfcfs.scheduler_i/U1632/C (OAI21X1)                          0.040904  0.000000   1.709973 r
  frfcfs.scheduler_i/U1632/Y (OAI21X1)                          0.006459  0.023048   1.733021 f
  frfcfs.scheduler_i/n1644 (net)                2     0.002980            0.000000   1.733021 f
  frfcfs.scheduler_i/U371/A (INVX1)                             0.006459  0.000000   1.733021 f
  frfcfs.scheduler_i/U371/Y (INVX1)                             0.002271  0.016630   1.749651 r
  frfcfs.scheduler_i/select_slot[0] (net)       4     0.007461            0.000000   1.749651 r
  frfcfs.scheduler_i/select_slot[0] (mc_scheduler_frfcfs_Q_DEPTH16_ADDR_W16_AGE_LIMIT128_AGING_ENABLE1)
                                                                          0.000000   1.749651 r
  select_slot[0] (net)                                0.007461            0.000000   1.749651 r
  U4983/A (INVX1)                                               0.002271  0.000000   1.749651 r
  U4983/Y (INVX1)                                               0.015443  0.015833   1.765484 f
  n6577 (net)                                   2     0.003267            0.000000   1.765484 f
  U4984/A (AND2X2)                                              0.015443  0.000000   1.765484 f
  U4984/Y (AND2X2)                                              0.000000  0.035463   1.800946 f
  n3241 (net)                                   2     0.003239            0.000000   1.800946 f
  U3512/A (INVX1)                                               0.000000  0.000000   1.800946 f
  U3512/Y (INVX1)                                               0.000000  -0.004834  1.796112 r
  n2239 (net)                                   1     0.001551            0.000000   1.796112 r
  U588/A (INVX1)                                                0.000000  0.000000   1.796112 r
  U588/Y (INVX1)                                                0.016374  0.015750   1.811862 f
  n376 (net)                                    2     0.003526            0.000000   1.811862 f
  U2513/A (AND2X2)                                              0.016374  0.000000   1.811862 f
  U2513/Y (AND2X2)                                              0.008406  0.040833   1.852695 f
  n1460 (net)                                   3     0.008044            0.000000   1.852695 f
  U2912/A (INVX4)                                               0.008406  0.000000   1.852695 f
  U2912/Y (INVX4)                                               0.004633  0.018430   1.871125 r
  n3866 (net)                                   5     0.011808            0.000000   1.871125 r
  U4847/A (INVX2)                                               0.004633  0.000000   1.871125 r
  U4847/Y (INVX2)                                               0.014321  0.031652   1.902778 f
  n3236 (net)                                   6     0.016018            0.000000   1.902778 f
  U7504/C (AOI22X1)                                             0.014321  0.000000   1.902778 f
  U7504/Y (AOI22X1)                                             0.048746  0.037377   1.940154 r
  n6722 (net)                                   1     0.002961            0.000000   1.940154 r
  U7505/C (NAND3X1)                                             0.048746  0.000000   1.940154 r
  U7505/Y (NAND3X1)                                             0.015846  0.019314   1.959468 f
  n6728 (net)                                   1     0.002297            0.000000   1.959468 f
  U7508/B (NOR2X1)                                              0.015846  0.000000   1.959468 f
  U7508/Y (NOR2X1)                                              0.029476  0.031394   1.990862 r
  n6745 (net)                                   1     0.002764            0.000000   1.990862 r
  U7517/B (AOI22X1)                                             0.029476  0.000000   1.990862 r
  U7517/Y (AOI22X1)                                             0.036486  0.032748   2.023609 f
  n6746 (net)                                   1     0.002673            0.000000   2.023609 f
  U1758/A (INVX2)                                               0.036486  0.000000   2.023609 f
  U1758/Y (INVX2)                                               0.028224  0.034148   2.057757 r
  cmd_row[5] (net)                              2     0.011539            0.000000   2.057757 r
  cmd_row[5] (out)                                              0.028224  0.000000   2.057757 r
  data arrival time                                                                  2.057757

  clock core_clk (rise edge)                                              3.000000   3.000000
  clock network delay (ideal)                                             0.000000   3.000000
  clock uncertainty                                                       -0.100000  2.900000
  output external delay                                                   -1.000000  1.900000
  data required time                                                                 1.900000
  ----------------------------------------------------------------------------------------------
  data required time                                                                 1.900000
  data arrival time                                                                  -2.057757
  ----------------------------------------------------------------------------------------------
  slack (VIOLATED)                                                                   -0.157757


  Startpoint: table_i/addresses_reg[147]
              (rising edge-triggered flip-flop clocked by core_clk)
  Endpoint: cmd_row[1] (output port clocked by core_clk)
  Path Group: core_clk
  Path Type: max

  Point                                       Fanout       Cap     Trans      Incr       Path
  ----------------------------------------------------------------------------------------------
  clock core_clk (rise edge)                                              0.000000   0.000000
  clock network delay (ideal)                                             0.000000   0.000000
  table_i/addresses_reg[147]/CLK (DFFPOSX1)                     0.000000  0.000000 # 0.000000 r
  table_i/addresses_reg[147]/Q (DFFPOSX1)                       0.024388  0.106344   0.106344 f
  table_i/addresses[147] (net)                  4     0.005933            0.000000   0.106344 f
  table_i/addresses[147] (mc_transaction_table_Q_DEPTH16_ADDR_W16_DATA_W32_TAG_W8_READ_LATENCY3_AGE_LIMIT128)
                                                                          0.000000   0.106344 f
  addresses[147] (net)                                0.005933            0.000000   0.106344 f
  U899/A (INVX1)                                                0.024388  0.000000   0.106344 f
  U899/Y (INVX1)                                                0.000000  0.015258   0.121602 r
  n502 (net)                                    1     0.005080            0.000000   0.121602 r
  U1057/A (INVX4)                                               0.000000  0.000000   0.121602 r
  U1057/Y (INVX4)                                               0.021720  0.036683   0.158284 f
  n3610 (net)                                  10     0.046552            0.000000   0.158284 f
  U6339/B (XOR2X1)                                              0.021720  0.000000   0.158284 f
  U6339/Y (XOR2X1)                                              0.043227  0.050316   0.208601 r
  n4949 (net)                                   1     0.002292            0.000000   0.208601 r
  U1023/A (OR2X2)                                               0.043227  0.000000   0.208601 r
  U1023/Y (OR2X2)                                               0.010831  0.039558   0.248159 r
  n4952 (net)                                   1     0.001551            0.000000   0.248159 r
  U4708/A (INVX1)                                               0.010831  0.000000   0.248159 r
  U4708/Y (INVX1)                                               0.013543  0.017255   0.265414 f
  n3105 (net)                                   1     0.002832            0.000000   0.265414 f
  U6341/C (NAND3X1)                                             0.013543  0.000000   0.265414 f
  U6341/Y (NAND3X1)                                             0.036889  0.030835   0.296250 r
  n4970 (net)                                   1     0.002242            0.000000   0.296250 r
  U1816/A (NOR2X1)                                              0.036889  0.000000   0.296250 r
  U1816/Y (NOR2X1)                                              0.000661  0.019825   0.316075 f
  n1008 (net)                                   1     0.001476            0.000000   0.316075 f
  U1817/A (INVX1)                                               0.000661  0.000000   0.316075 f
  U1817/Y (INVX1)                                               0.000000  0.000434   0.316509 r
  n7967 (net)                                   2     0.003102            0.000000   0.316509 r
  U4382/A (INVX1)                                               0.000000  0.000000   0.316509 r
  U4382/Y (INVX1)                                               0.014302  0.014325   0.330834 f
  n2909 (net)                                   1     0.002832            0.000000   0.330834 f
  candidates_i/same_address[57] (mc_candidates_Q_DEPTH16_ROW_W8_COL_W6)   0.000000   0.330834 f
  candidates_i/same_address[57] (net)                 0.002832            0.000000   0.330834 f
  candidates_i/U2891/C (NAND3X1)                                0.014302  0.000000   0.330834 f
  candidates_i/U2891/Y (NAND3X1)                                0.034831  0.029883   0.360717 r
  candidates_i/n2343 (net)                      1     0.001869            0.000000   0.360717 r
  candidates_i/U2892/B (AND2X2)                                 0.034831  0.000000   0.360717 r
  candidates_i/U2892/Y (AND2X2)                                 0.011856  0.034478   0.395195 r
  candidates_i/n2345 (net)                      2     0.003102            0.000000   0.395195 r
  candidates_i/U578/A (INVX1)                                   0.011856  0.000000   0.395195 r
  candidates_i/U578/Y (INVX1)                                   0.011874  0.016436   0.411631 f
  candidates_i/n420 (net)                       1     0.002297            0.000000   0.411631 f
  candidates_i/U581/B (NOR2X1)                                  0.011874  0.000000   0.411631 f
  candidates_i/U581/Y (NOR2X1)                                  0.024056  0.026641   0.438272 r
  candidates_i/n423 (net)                       1     0.001551            0.000000   0.438272 r
  candidates_i/U582/A (INVX1)                                   0.024056  0.000000   0.438272 r
  candidates_i/U582/Y (INVX1)                                   0.011018  0.019737   0.458009 f
  candidates_i/n422 (net)                       1     0.002297            0.000000   0.458009 f
  candidates_i/U580/B (NOR2X1)                                  0.011018  0.000000   0.458009 f
  candidates_i/U580/Y (NOR2X1)                                  0.024158  0.026460   0.484470 r
  candidates_i/n419 (net)                       1     0.001551            0.000000   0.484470 r
  candidates_i/U577/A (INVX1)                                   0.024158  0.000000   0.484470 r
  candidates_i/U577/Y (INVX1)                                   0.023441  0.028282   0.512752 f
  candidates_i/n2354 (net)                      2     0.006452            0.000000   0.512752 f
  candidates_i/U1287/C (NOR3X1)                                 0.023441  0.000000   0.512752 f
  candidates_i/U1287/Y (NOR3X1)                                 0.049496  0.026251   0.539003 r
  candidates_i/n965 (net)                       1     0.002111            0.000000   0.539003 r
  candidates_i/U1286/A (NAND2X1)                                0.049496  0.000000   0.539003 r
  candidates_i/U1286/Y (NAND2X1)                                0.023960  0.020942   0.559945 f
  candidates_i/n964 (net)                       1     0.002297            0.000000   0.559945 f
  candidates_i/U1663/B (NOR2X1)                                 0.023960  0.000000   0.559945 f
  candidates_i/U1663/Y (NOR2X1)                                 0.026669  0.031892   0.591836 r
  candidates_i/n3031 (net)                      1     0.002386            0.000000   0.591836 r
  candidates_i/U3477/C (AOI21X1)                                0.026669  0.000000   0.591836 r
  candidates_i/U3477/Y (AOI21X1)                                0.016079  0.015867   0.607703 f
  candidates_i/n3037 (net)                      1     0.001944            0.000000   0.607703 f
  candidates_i/U562/B (NAND2X1)                                 0.016079  0.000000   0.607703 f
  candidates_i/U562/Y (NAND2X1)                                 0.038356  0.016954   0.624657 r
  candidates_i/n3069 (net)                      1     0.003021            0.000000   0.624657 r
  candidates_i/U3497/A (NOR3X1)                                 0.038356  0.000000   0.624657 r
  candidates_i/U3497/Y (NOR3X1)                                 0.039247  0.050151   0.674808 f
  candidates_i/n3070 (net)                      2     0.006568            0.000000   0.674808 f
  candidates_i/U1621/A (INVX4)                                  0.039247  0.000000   0.674808 f
  candidates_i/U1621/Y (INVX4)                                  0.033340  0.036026   0.710834 r
  candidates_i/n3096 (net)                     11     0.024196            0.000000   0.710834 r
  candidates_i/U3505/A (NAND2X1)                                0.033340  0.000000   0.710834 r
  candidates_i/U3505/Y (NAND2X1)                                0.021209  0.018432   0.729266 f
  candidates_i/n3079 (net)                      1     0.002832            0.000000   0.729266 f
  candidates_i/U3506/C (NAND3X1)                                0.021209  0.000000   0.729266 f
  candidates_i/U3506/Y (NAND3X1)                                0.033963  0.030628   0.759894 r
  candidates_i/n3080 (net)                      1     0.001539            0.000000   0.759894 r
  candidates_i/U628/A (BUFX2)                                   0.033963  0.000000   0.759894 r
  candidates_i/U628/Y (BUFX2)                                   0.019999  0.041928   0.801822 r
  candidates_i/n457 (net)                       3     0.006861            0.000000   0.801822 r
  candidates_i/U554/A (INVX1)                                   0.019999  0.000000   0.801822 r
  candidates_i/U554/Y (INVX1)                                   0.020740  0.025110   0.826932 f
  candidates_i/n3289 (net)                      2     0.005452            0.000000   0.826932 f
  candidates_i/U3557/B (AOI22X1)                                0.020740  0.000000   0.826932 f
  candidates_i/U3557/Y (AOI22X1)                                0.042805  0.040881   0.867813 r
  candidates_i/n3136 (net)                      1     0.001798            0.000000   0.867813 r
  candidates_i/U3559/A (AND2X2)                                 0.042805  0.000000   0.867813 r
  candidates_i/U3559/Y (AND2X2)                                 0.012092  0.035278   0.903091 r
  candidates_i/n3137 (net)                      1     0.002961            0.000000   0.903091 r
  candidates_i/U3560/C (NAND3X1)                                0.012092  0.000000   0.903091 r
  candidates_i/U3560/Y (NAND3X1)                                0.014682  0.009381   0.912472 f
  candidates_i/n3140 (net)                      1     0.001476            0.000000   0.912472 f
  candidates_i/U559/A (INVX1)                                   0.014682  0.000000   0.912472 f
  candidates_i/U559/Y (INVX1)                                   0.000000  0.006168   0.918640 r
  candidates_i/n406 (net)                       2     0.003337            0.000000   0.918640 r
  candidates_i/U558/A (AND2X2)                                  0.000000  0.000000   0.918640 r
  candidates_i/U558/Y (AND2X2)                                  0.008261  0.032085   0.950725 r
  candidates_i/n407 (net)                       1     0.002111            0.000000   0.950725 r
  candidates_i/U3561/A (NAND2X1)                                0.008261  0.000000   0.950725 r
  candidates_i/U3561/Y (NAND2X1)                                0.020721  0.010651   0.961376 f
  candidates_i/n3940 (net)                      1     0.001476            0.000000   0.961376 f
  candidates_i/U2006/A (INVX1)                                  0.020721  0.000000   0.961376 f
  candidates_i/U2006/Y (INVX1)                                  0.000000  0.012312   0.973688 r
  candidates_i/n3155 (net)                      2     0.004572            0.000000   0.973688 r
  candidates_i/U3573/A (NOR3X1)                                 0.000000  0.000000   0.973688 r
  candidates_i/U3573/Y (NOR3X1)                                 0.023934  0.029738   1.003426 f
  candidates_i/n3301 (net)                      1     0.001944            0.000000   1.003426 f
  candidates_i/U1617/B (NAND2X1)                                0.023934  0.000000   1.003426 f
  candidates_i/U1617/Y (NAND2X1)                                0.030859  0.014890   1.018316 r
  candidates_i/n1128 (net)                      1     0.001551            0.000000   1.018316 r
  candidates_i/U1618/A (INVX1)                                  0.030859  0.000000   1.018316 r
  candidates_i/U1618/Y (INVX1)                                  0.009304  0.020733   1.039049 f
  candidates_i/n1129 (net)                      1     0.001884            0.000000   1.039049 f
  candidates_i/U1559/A (NAND2X1)                                0.009304  0.000000   1.039049 f
  candidates_i/U1559/Y (NAND2X1)                                0.047996  0.034090   1.073139 r
  candidates_i/n1107 (net)                      2     0.004839            0.000000   1.073139 r
  candidates_i/U3711/C (NOR3X1)                                 0.047996  0.000000   1.073139 r
  candidates_i/U3711/Y (NOR3X1)                                 0.026519  0.030760   1.103899 f
  candidates_i/n3309 (net)                      1     0.002832            0.000000   1.103899 f
  candidates_i/U3716/C (NAND3X1)                                0.026519  0.000000   1.103899 f
  candidates_i/U3716/Y (NAND3X1)                                0.039174  0.035962   1.139861 r
  candidates_i/n3608 (net)                      1     0.002832            0.000000   1.139861 r
  candidates_i/U3961/B (OAI21X1)                                0.039174  0.000000   1.139861 r
  candidates_i/U3961/Y (OAI21X1)                                0.003602  0.021247   1.161108 f
  candidates_i/n3916 (net)                      1     0.001884            0.000000   1.161108 f
  candidates_i/U1630/A (NAND2X1)                                0.003602  0.000000   1.161108 f
  candidates_i/U1630/Y (NAND2X1)                                0.032135  0.022851   1.183959 r
  candidates_i/n1134 (net)                      1     0.001798            0.000000   1.183959 r
  candidates_i/U1631/A (AND2X2)                                 0.032135  0.000000   1.183959 r
  candidates_i/U1631/Y (AND2X2)                                 0.009229  0.033350   1.217309 r
  candidates_i/n3917 (net)                      1     0.002010            0.000000   1.217309 r
  candidates_i/U4213/C (OAI21X1)                                0.009229  0.000000   1.217309 r
  candidates_i/U4213/Y (OAI21X1)                                0.009249  0.016094   1.233403 f
  candidates_i/candidate_mask[0] (net)          2     0.004042            0.000000   1.233403 f
  candidates_i/candidate_mask[0] (mc_candidates_Q_DEPTH16_ROW_W8_COL_W6)  0.000000   1.233403 f
  candidate_mask[0] (net)                             0.004042            0.000000   1.233403 f
  frfcfs.scheduler_i/candidate_mask[0] (mc_scheduler_frfcfs_Q_DEPTH16_ADDR_W16_AGE_LIMIT128_AGING_ENABLE1)
                                                                          0.000000   1.233403 f
  frfcfs.scheduler_i/candidate_mask[0] (net)          0.004042            0.000000   1.233403 f
  frfcfs.scheduler_i/U1288/A (AOI21X1)                          0.009249  0.000000   1.233403 f
  frfcfs.scheduler_i/U1288/Y (AOI21X1)                          0.030463  0.038066   1.271468 r
  frfcfs.scheduler_i/n1120 (net)                1     0.002961            0.000000   1.271468 r
  frfcfs.scheduler_i/U1289/C (NAND3X1)                          0.030463  0.000000   1.271468 r
  frfcfs.scheduler_i/U1289/Y (NAND3X1)                          0.015683  0.015045   1.286513 f
  frfcfs.scheduler_i/n1123 (net)                1     0.002297            0.000000   1.286513 f
  frfcfs.scheduler_i/U1290/B (NOR2X1)                           0.015683  0.000000   1.286513 f
  frfcfs.scheduler_i/U1290/Y (NOR2X1)                           0.036502  0.036008   1.322521 r
  frfcfs.scheduler_i/n1125 (net)                2     0.004206            0.000000   1.322521 r
  frfcfs.scheduler_i/U143/A (INVX1)                             0.036502  0.000000   1.322521 r
  frfcfs.scheduler_i/U143/Y (INVX1)                             0.024241  0.032747   1.355268 f
  frfcfs.scheduler_i/n1191 (net)                4     0.007003            0.000000   1.355268 f
  frfcfs.scheduler_i/U349/B (NAND2X1)                           0.024241  0.000000   1.355268 f
  frfcfs.scheduler_i/U349/Y (NAND2X1)                           0.039302  0.020595   1.375864 r
  frfcfs.scheduler_i/n249 (net)                 2     0.003337            0.000000   1.375864 r
  frfcfs.scheduler_i/U169/A (AND2X2)                            0.039302  0.000000   1.375864 r
  frfcfs.scheduler_i/U169/Y (AND2X2)                            0.015212  0.038377   1.414240 r
  frfcfs.scheduler_i/n1538 (net)                1     0.005080            0.000000   1.414240 r
  frfcfs.scheduler_i/U15/A (INVX4)                              0.015212  0.000000   1.414240 r
  frfcfs.scheduler_i/U15/Y (INVX4)                              0.008687  0.025104   1.439345 f
  frfcfs.scheduler_i/n100 (net)                 4     0.009520            0.000000   1.439345 f
  frfcfs.scheduler_i/U233/A (INVX1)                             0.008687  0.000000   1.439345 f
  frfcfs.scheduler_i/U233/Y (INVX1)                             0.000000  0.004314   1.443658 r
  frfcfs.scheduler_i/n140 (net)                 2     0.003420            0.000000   1.443658 r
  frfcfs.scheduler_i/U367/B (AND2X2)                            0.000000  0.000000   1.443658 r
  frfcfs.scheduler_i/U367/Y (AND2X2)                            0.012791  0.031662   1.475320 r
  frfcfs.scheduler_i/n262 (net)                 1     0.002365            0.000000   1.475320 r
  frfcfs.scheduler_i/U369/B (NOR2X1)                            0.012791  0.000000   1.475320 r
  frfcfs.scheduler_i/U369/Y (NOR2X1)                            0.003118  0.013470   1.488790 f
  frfcfs.scheduler_i/n1152 (net)                1     0.002600            0.000000   1.488790 f
  frfcfs.scheduler_i/U1313/B (NAND3X1)                          0.003118  0.000000   1.488790 f
  frfcfs.scheduler_i/U1313/Y (NAND3X1)                          0.038023  0.030402   1.519192 r
  frfcfs.scheduler_i/n1153 (net)                1     0.002365            0.000000   1.519192 r
  frfcfs.scheduler_i/U1314/B (NOR2X1)                           0.038023  0.000000   1.519192 r
  frfcfs.scheduler_i/U1314/Y (NOR2X1)                           0.002036  0.019109   1.538301 f
  frfcfs.scheduler_i/n1201 (net)                1     0.001944            0.000000   1.538301 f
  frfcfs.scheduler_i/U1343/B (NAND2X1)                          0.002036  0.000000   1.538301 f
  frfcfs.scheduler_i/U1343/Y (NAND2X1)                          0.032340  0.007784   1.546085 r
  frfcfs.scheduler_i/n1490 (net)                1     0.001551            0.000000   1.546085 r
  frfcfs.scheduler_i/U292/A (INVX1)                             0.032340  0.000000   1.546085 r
  frfcfs.scheduler_i/U292/Y (INVX1)                             0.012398  0.023322   1.569407 f
  frfcfs.scheduler_i/n198 (net)                 2     0.002952            0.000000   1.569407 f
  frfcfs.scheduler_i/U293/A (INVX1)                             0.012398  0.000000   1.569407 f
  frfcfs.scheduler_i/U293/Y (INVX1)                             0.000000  0.000601   1.570008 r
  frfcfs.scheduler_i/n199 (net)                 1     0.001869            0.000000   1.570008 r
  frfcfs.scheduler_i/U176/B (AND2X2)                            0.000000  0.000000   1.570008 r
  frfcfs.scheduler_i/U176/Y (AND2X2)                            0.009992  0.032796   1.602803 r
  frfcfs.scheduler_i/n1559 (net)                2     0.003102            0.000000   1.602803 r
  frfcfs.scheduler_i/U177/A (INVX1)                             0.009992  0.000000   1.602803 r
  frfcfs.scheduler_i/U177/Y (INVX1)                             0.013007  0.016620   1.619423 f
  frfcfs.scheduler_i/n105 (net)                 1     0.002632            0.000000   1.619423 f
  frfcfs.scheduler_i/U1630/B (OAI21X1)                          0.013007  0.000000   1.619423 f
  frfcfs.scheduler_i/U1630/Y (OAI21X1)                          0.042627  0.039726   1.659149 r
  frfcfs.scheduler_i/n1555 (net)                1     0.002010            0.000000   1.659149 r
  frfcfs.scheduler_i/U1631/C (OAI21X1)                          0.042627  0.000000   1.659149 r
  frfcfs.scheduler_i/U1631/Y (OAI21X1)                          0.005195  0.021886   1.681034 f
  frfcfs.scheduler_i/n1558 (net)                1     0.001924            0.000000   1.681034 f
  frfcfs.scheduler_i/U1632/C (OAI21X1)                          0.005195  0.000000   1.681034 f
  frfcfs.scheduler_i/U1632/Y (OAI21X1)                          0.045693  0.019539   1.700574 r
  frfcfs.scheduler_i/n1644 (net)                2     0.003090            0.000000   1.700574 r
  frfcfs.scheduler_i/U371/A (INVX1)                             0.045693  0.000000   1.700574 r
  frfcfs.scheduler_i/U371/Y (INVX1)                             0.024400  0.035771   1.736344 f
  frfcfs.scheduler_i/select_slot[0] (net)       4     0.007268            0.000000   1.736344 f
  frfcfs.scheduler_i/select_slot[0] (mc_scheduler_frfcfs_Q_DEPTH16_ADDR_W16_AGE_LIMIT128_AGING_ENABLE1)
                                                                          0.000000   1.736344 f
  select_slot[0] (net)                                0.007268            0.000000   1.736344 f
  U4983/A (INVX1)                                               0.024400  0.000000   1.736344 f
  U4983/Y (INVX1)                                               0.000000  0.009614   1.745959 r
  n6577 (net)                                   2     0.003337            0.000000   1.745959 r
  U4984/A (AND2X2)                                              0.000000  0.000000   1.745959 r
  U4984/Y (AND2X2)                                              0.010567  0.034033   1.779991 r
  n3241 (net)                                   2     0.003349            0.000000   1.779991 r
  U4623/A (AND2X2)                                              0.010567  0.000000   1.779991 r
  U4623/Y (AND2X2)                                              0.013945  0.036525   1.816516 r
  n7737 (net)                                   3     0.004653            0.000000   1.816516 r
  U3122/A (INVX1)                                               0.013945  0.000000   1.816516 r
  U3122/Y (INVX1)                                               0.013686  0.018345   1.834861 f
  n1907 (net)                                   2     0.002952            0.000000   1.834861 f
  U5461/A (INVX1)                                               0.013686  0.000000   1.834861 f
  U5461/Y (INVX1)                                               0.000000  0.005054   1.839916 r
  n3875 (net)                                   2     0.003102            0.000000   1.839916 r
  U5464/A (INVX1)                                               0.000000  0.000000   1.839916 r
  U5464/Y (INVX1)                                               0.021050  0.018965   1.858880 f
  n3284 (net)                                   1     0.005092            0.000000   1.858880 f
  U3979/A (INVX4)                                               0.021050  0.000000   1.858880 f
  U3979/Y (INVX4)                                               0.036095  0.036819   1.895699 r
  n3873 (net)                                  12     0.032854            0.000000   1.895699 r
  U7454/B (AOI22X1)                                             0.036095  0.000000   1.895699 r
  U7454/Y (AOI22X1)                                             0.036826  0.034705   1.930404 f
  n6613 (net)                                   1     0.002832            0.000000   1.930404 f
  U7455/C (NAND3X1)                                             0.036826  0.000000   1.930404 f
  U7455/Y (NAND3X1)                                             0.035692  0.036777   1.967181 r
  n6619 (net)                                   1     0.002242            0.000000   1.967181 r
  U7458/A (NOR2X1)                                              0.035692  0.000000   1.967181 r
  U7458/Y (NOR2X1)                                              0.004437  0.022072   1.989253 f
  n6637 (net)                                   1     0.002726            0.000000   1.989253 f
  U7466/B (AOI22X1)                                             0.004437  0.000000   1.989253 f
  U7466/Y (AOI22X1)                                             0.046998  0.038733   2.027986 r
  n6638 (net)                                   1     0.002655            0.000000   2.027986 r
  U1756/A (INVX2)                                               0.046998  0.000000   2.027986 r
  U1756/Y (INVX2)                                               0.026047  0.029748   2.057734 f
  cmd_row[1] (net)                              2     0.011476            0.000000   2.057734 f
  cmd_row[1] (out)                                              0.026047  0.000000   2.057734 f
  data arrival time                                                                  2.057734

  clock core_clk (rise edge)                                              3.000000   3.000000
  clock network delay (ideal)                                             0.000000   3.000000
  clock uncertainty                                                       -0.100000  2.900000
  output external delay                                                   -1.000000  1.900000
  data required time                                                                 1.900000
  ----------------------------------------------------------------------------------------------
  data required time                                                                 1.900000
  data arrival time                                                                  -2.057734
  ----------------------------------------------------------------------------------------------
  slack (VIOLATED)                                                                   -0.157734


  Startpoint: table_i/addresses_reg[147]
              (rising edge-triggered flip-flop clocked by core_clk)
  Endpoint: cmd_wdata[0]
            (output port clocked by core_clk)
  Path Group: core_clk
  Path Type: max

  Point                                       Fanout       Cap     Trans      Incr       Path
  ----------------------------------------------------------------------------------------------
  clock core_clk (rise edge)                                              0.000000   0.000000
  clock network delay (ideal)                                             0.000000   0.000000
  table_i/addresses_reg[147]/CLK (DFFPOSX1)                     0.000000  0.000000 # 0.000000 r
  table_i/addresses_reg[147]/Q (DFFPOSX1)                       0.024388  0.106344   0.106344 f
  table_i/addresses[147] (net)                  4     0.005933            0.000000   0.106344 f
  table_i/addresses[147] (mc_transaction_table_Q_DEPTH16_ADDR_W16_DATA_W32_TAG_W8_READ_LATENCY3_AGE_LIMIT128)
                                                                          0.000000   0.106344 f
  addresses[147] (net)                                0.005933            0.000000   0.106344 f
  U899/A (INVX1)                                                0.024388  0.000000   0.106344 f
  U899/Y (INVX1)                                                0.000000  0.015258   0.121602 r
  n502 (net)                                    1     0.005080            0.000000   0.121602 r
  U1057/A (INVX4)                                               0.000000  0.000000   0.121602 r
  U1057/Y (INVX4)                                               0.021720  0.036683   0.158284 f
  n3610 (net)                                  10     0.046552            0.000000   0.158284 f
  U6339/B (XOR2X1)                                              0.021720  0.000000   0.158284 f
  U6339/Y (XOR2X1)                                              0.043227  0.050316   0.208601 r
  n4949 (net)                                   1     0.002292            0.000000   0.208601 r
  U1023/A (OR2X2)                                               0.043227  0.000000   0.208601 r
  U1023/Y (OR2X2)                                               0.010831  0.039558   0.248159 r
  n4952 (net)                                   1     0.001551            0.000000   0.248159 r
  U4708/A (INVX1)                                               0.010831  0.000000   0.248159 r
  U4708/Y (INVX1)                                               0.013543  0.017255   0.265414 f
  n3105 (net)                                   1     0.002832            0.000000   0.265414 f
  U6341/C (NAND3X1)                                             0.013543  0.000000   0.265414 f
  U6341/Y (NAND3X1)                                             0.036889  0.030835   0.296250 r
  n4970 (net)                                   1     0.002242            0.000000   0.296250 r
  U1816/A (NOR2X1)                                              0.036889  0.000000   0.296250 r
  U1816/Y (NOR2X1)                                              0.000661  0.019825   0.316075 f
  n1008 (net)                                   1     0.001476            0.000000   0.316075 f
  U1817/A (INVX1)                                               0.000661  0.000000   0.316075 f
  U1817/Y (INVX1)                                               0.000000  0.000434   0.316509 r
  n7967 (net)                                   2     0.003102            0.000000   0.316509 r
  U4382/A (INVX1)                                               0.000000  0.000000   0.316509 r
  U4382/Y (INVX1)                                               0.014302  0.014325   0.330834 f
  n2909 (net)                                   1     0.002832            0.000000   0.330834 f
  candidates_i/same_address[57] (mc_candidates_Q_DEPTH16_ROW_W8_COL_W6)   0.000000   0.330834 f
  candidates_i/same_address[57] (net)                 0.002832            0.000000   0.330834 f
  candidates_i/U2891/C (NAND3X1)                                0.014302  0.000000   0.330834 f
  candidates_i/U2891/Y (NAND3X1)                                0.034831  0.029883   0.360717 r
  candidates_i/n2343 (net)                      1     0.001869            0.000000   0.360717 r
  candidates_i/U2892/B (AND2X2)                                 0.034831  0.000000   0.360717 r
  candidates_i/U2892/Y (AND2X2)                                 0.011856  0.034478   0.395195 r
  candidates_i/n2345 (net)                      2     0.003102            0.000000   0.395195 r
  candidates_i/U578/A (INVX1)                                   0.011856  0.000000   0.395195 r
  candidates_i/U578/Y (INVX1)                                   0.011874  0.016436   0.411631 f
  candidates_i/n420 (net)                       1     0.002297            0.000000   0.411631 f
  candidates_i/U581/B (NOR2X1)                                  0.011874  0.000000   0.411631 f
  candidates_i/U581/Y (NOR2X1)                                  0.024056  0.026641   0.438272 r
  candidates_i/n423 (net)                       1     0.001551            0.000000   0.438272 r
  candidates_i/U582/A (INVX1)                                   0.024056  0.000000   0.438272 r
  candidates_i/U582/Y (INVX1)                                   0.011018  0.019737   0.458009 f
  candidates_i/n422 (net)                       1     0.002297            0.000000   0.458009 f
  candidates_i/U580/B (NOR2X1)                                  0.011018  0.000000   0.458009 f
  candidates_i/U580/Y (NOR2X1)                                  0.024158  0.026460   0.484470 r
  candidates_i/n419 (net)                       1     0.001551            0.000000   0.484470 r
  candidates_i/U577/A (INVX1)                                   0.024158  0.000000   0.484470 r
  candidates_i/U577/Y (INVX1)                                   0.023441  0.028282   0.512752 f
  candidates_i/n2354 (net)                      2     0.006452            0.000000   0.512752 f
  candidates_i/U1287/C (NOR3X1)                                 0.023441  0.000000   0.512752 f
  candidates_i/U1287/Y (NOR3X1)                                 0.049496  0.026251   0.539003 r
  candidates_i/n965 (net)                       1     0.002111            0.000000   0.539003 r
  candidates_i/U1286/A (NAND2X1)                                0.049496  0.000000   0.539003 r
  candidates_i/U1286/Y (NAND2X1)                                0.023960  0.020942   0.559945 f
  candidates_i/n964 (net)                       1     0.002297            0.000000   0.559945 f
  candidates_i/U1663/B (NOR2X1)                                 0.023960  0.000000   0.559945 f
  candidates_i/U1663/Y (NOR2X1)                                 0.026669  0.031892   0.591836 r
  candidates_i/n3031 (net)                      1     0.002386            0.000000   0.591836 r
  candidates_i/U3477/C (AOI21X1)                                0.026669  0.000000   0.591836 r
  candidates_i/U3477/Y (AOI21X1)                                0.016079  0.015867   0.607703 f
  candidates_i/n3037 (net)                      1     0.001944            0.000000   0.607703 f
  candidates_i/U562/B (NAND2X1)                                 0.016079  0.000000   0.607703 f
  candidates_i/U562/Y (NAND2X1)                                 0.038356  0.016954   0.624657 r
  candidates_i/n3069 (net)                      1     0.003021            0.000000   0.624657 r
  candidates_i/U3497/A (NOR3X1)                                 0.038356  0.000000   0.624657 r
  candidates_i/U3497/Y (NOR3X1)                                 0.039247  0.050151   0.674808 f
  candidates_i/n3070 (net)                      2     0.006568            0.000000   0.674808 f
  candidates_i/U1621/A (INVX4)                                  0.039247  0.000000   0.674808 f
  candidates_i/U1621/Y (INVX4)                                  0.033340  0.036026   0.710834 r
  candidates_i/n3096 (net)                     11     0.024196            0.000000   0.710834 r
  candidates_i/U3505/A (NAND2X1)                                0.033340  0.000000   0.710834 r
  candidates_i/U3505/Y (NAND2X1)                                0.021209  0.018432   0.729266 f
  candidates_i/n3079 (net)                      1     0.002832            0.000000   0.729266 f
  candidates_i/U3506/C (NAND3X1)                                0.021209  0.000000   0.729266 f
  candidates_i/U3506/Y (NAND3X1)                                0.033963  0.030628   0.759894 r
  candidates_i/n3080 (net)                      1     0.001539            0.000000   0.759894 r
  candidates_i/U628/A (BUFX2)                                   0.033963  0.000000   0.759894 r
  candidates_i/U628/Y (BUFX2)                                   0.019999  0.041928   0.801822 r
  candidates_i/n457 (net)                       3     0.006861            0.000000   0.801822 r
  candidates_i/U554/A (INVX1)                                   0.019999  0.000000   0.801822 r
  candidates_i/U554/Y (INVX1)                                   0.020740  0.025110   0.826932 f
  candidates_i/n3289 (net)                      2     0.005452            0.000000   0.826932 f
  candidates_i/U3557/B (AOI22X1)                                0.020740  0.000000   0.826932 f
  candidates_i/U3557/Y (AOI22X1)                                0.042805  0.040881   0.867813 r
  candidates_i/n3136 (net)                      1     0.001798            0.000000   0.867813 r
  candidates_i/U3559/A (AND2X2)                                 0.042805  0.000000   0.867813 r
  candidates_i/U3559/Y (AND2X2)                                 0.012092  0.035278   0.903091 r
  candidates_i/n3137 (net)                      1     0.002961            0.000000   0.903091 r
  candidates_i/U3560/C (NAND3X1)                                0.012092  0.000000   0.903091 r
  candidates_i/U3560/Y (NAND3X1)                                0.014682  0.009381   0.912472 f
  candidates_i/n3140 (net)                      1     0.001476            0.000000   0.912472 f
  candidates_i/U559/A (INVX1)                                   0.014682  0.000000   0.912472 f
  candidates_i/U559/Y (INVX1)                                   0.000000  0.006168   0.918640 r
  candidates_i/n406 (net)                       2     0.003337            0.000000   0.918640 r
  candidates_i/U558/A (AND2X2)                                  0.000000  0.000000   0.918640 r
  candidates_i/U558/Y (AND2X2)                                  0.008261  0.032085   0.950725 r
  candidates_i/n407 (net)                       1     0.002111            0.000000   0.950725 r
  candidates_i/U3561/A (NAND2X1)                                0.008261  0.000000   0.950725 r
  candidates_i/U3561/Y (NAND2X1)                                0.020721  0.010651   0.961376 f
  candidates_i/n3940 (net)                      1     0.001476            0.000000   0.961376 f
  candidates_i/U2006/A (INVX1)                                  0.020721  0.000000   0.961376 f
  candidates_i/U2006/Y (INVX1)                                  0.000000  0.012312   0.973688 r
  candidates_i/n3155 (net)                      2     0.004572            0.000000   0.973688 r
  candidates_i/U3573/A (NOR3X1)                                 0.000000  0.000000   0.973688 r
  candidates_i/U3573/Y (NOR3X1)                                 0.023934  0.029738   1.003426 f
  candidates_i/n3301 (net)                      1     0.001944            0.000000   1.003426 f
  candidates_i/U1617/B (NAND2X1)                                0.023934  0.000000   1.003426 f
  candidates_i/U1617/Y (NAND2X1)                                0.030859  0.014890   1.018316 r
  candidates_i/n1128 (net)                      1     0.001551            0.000000   1.018316 r
  candidates_i/U1618/A (INVX1)                                  0.030859  0.000000   1.018316 r
  candidates_i/U1618/Y (INVX1)                                  0.009304  0.020733   1.039049 f
  candidates_i/n1129 (net)                      1     0.001884            0.000000   1.039049 f
  candidates_i/U1559/A (NAND2X1)                                0.009304  0.000000   1.039049 f
  candidates_i/U1559/Y (NAND2X1)                                0.047996  0.034090   1.073139 r
  candidates_i/n1107 (net)                      2     0.004839            0.000000   1.073139 r
  candidates_i/U3711/C (NOR3X1)                                 0.047996  0.000000   1.073139 r
  candidates_i/U3711/Y (NOR3X1)                                 0.026519  0.030760   1.103899 f
  candidates_i/n3309 (net)                      1     0.002832            0.000000   1.103899 f
  candidates_i/U3716/C (NAND3X1)                                0.026519  0.000000   1.103899 f
  candidates_i/U3716/Y (NAND3X1)                                0.039174  0.035962   1.139861 r
  candidates_i/n3608 (net)                      1     0.002832            0.000000   1.139861 r
  candidates_i/U3961/B (OAI21X1)                                0.039174  0.000000   1.139861 r
  candidates_i/U3961/Y (OAI21X1)                                0.003602  0.021247   1.161108 f
  candidates_i/n3916 (net)                      1     0.001884            0.000000   1.161108 f
  candidates_i/U1630/A (NAND2X1)                                0.003602  0.000000   1.161108 f
  candidates_i/U1630/Y (NAND2X1)                                0.032135  0.022851   1.183959 r
  candidates_i/n1134 (net)                      1     0.001798            0.000000   1.183959 r
  candidates_i/U1631/A (AND2X2)                                 0.032135  0.000000   1.183959 r
  candidates_i/U1631/Y (AND2X2)                                 0.009229  0.033350   1.217309 r
  candidates_i/n3917 (net)                      1     0.002010            0.000000   1.217309 r
  candidates_i/U4213/C (OAI21X1)                                0.009229  0.000000   1.217309 r
  candidates_i/U4213/Y (OAI21X1)                                0.009249  0.016094   1.233403 f
  candidates_i/candidate_mask[0] (net)          2     0.004042            0.000000   1.233403 f
  candidates_i/candidate_mask[0] (mc_candidates_Q_DEPTH16_ROW_W8_COL_W6)  0.000000   1.233403 f
  candidate_mask[0] (net)                             0.004042            0.000000   1.233403 f
  frfcfs.scheduler_i/candidate_mask[0] (mc_scheduler_frfcfs_Q_DEPTH16_ADDR_W16_AGE_LIMIT128_AGING_ENABLE1)
                                                                          0.000000   1.233403 f
  frfcfs.scheduler_i/candidate_mask[0] (net)          0.004042            0.000000   1.233403 f
  frfcfs.scheduler_i/U1288/A (AOI21X1)                          0.009249  0.000000   1.233403 f
  frfcfs.scheduler_i/U1288/Y (AOI21X1)                          0.030463  0.038066   1.271468 r
  frfcfs.scheduler_i/n1120 (net)                1     0.002961            0.000000   1.271468 r
  frfcfs.scheduler_i/U1289/C (NAND3X1)                          0.030463  0.000000   1.271468 r
  frfcfs.scheduler_i/U1289/Y (NAND3X1)                          0.015683  0.015045   1.286513 f
  frfcfs.scheduler_i/n1123 (net)                1     0.002297            0.000000   1.286513 f
  frfcfs.scheduler_i/U1290/B (NOR2X1)                           0.015683  0.000000   1.286513 f
  frfcfs.scheduler_i/U1290/Y (NOR2X1)                           0.036502  0.036008   1.322521 r
  frfcfs.scheduler_i/n1125 (net)                2     0.004206            0.000000   1.322521 r
  frfcfs.scheduler_i/U143/A (INVX1)                             0.036502  0.000000   1.322521 r
  frfcfs.scheduler_i/U143/Y (INVX1)                             0.024241  0.032747   1.355268 f
  frfcfs.scheduler_i/n1191 (net)                4     0.007003            0.000000   1.355268 f
  frfcfs.scheduler_i/U349/B (NAND2X1)                           0.024241  0.000000   1.355268 f
  frfcfs.scheduler_i/U349/Y (NAND2X1)                           0.039302  0.020595   1.375864 r
  frfcfs.scheduler_i/n249 (net)                 2     0.003337            0.000000   1.375864 r
  frfcfs.scheduler_i/U169/A (AND2X2)                            0.039302  0.000000   1.375864 r
  frfcfs.scheduler_i/U169/Y (AND2X2)                            0.015212  0.038377   1.414240 r
  frfcfs.scheduler_i/n1538 (net)                1     0.005080            0.000000   1.414240 r
  frfcfs.scheduler_i/U15/A (INVX4)                              0.015212  0.000000   1.414240 r
  frfcfs.scheduler_i/U15/Y (INVX4)                              0.008687  0.025104   1.439345 f
  frfcfs.scheduler_i/n100 (net)                 4     0.009520            0.000000   1.439345 f
  frfcfs.scheduler_i/U233/A (INVX1)                             0.008687  0.000000   1.439345 f
  frfcfs.scheduler_i/U233/Y (INVX1)                             0.000000  0.004314   1.443658 r
  frfcfs.scheduler_i/n140 (net)                 2     0.003420            0.000000   1.443658 r
  frfcfs.scheduler_i/U367/B (AND2X2)                            0.000000  0.000000   1.443658 r
  frfcfs.scheduler_i/U367/Y (AND2X2)                            0.012791  0.031662   1.475320 r
  frfcfs.scheduler_i/n262 (net)                 1     0.002365            0.000000   1.475320 r
  frfcfs.scheduler_i/U369/B (NOR2X1)                            0.012791  0.000000   1.475320 r
  frfcfs.scheduler_i/U369/Y (NOR2X1)                            0.003118  0.013470   1.488790 f
  frfcfs.scheduler_i/n1152 (net)                1     0.002600            0.000000   1.488790 f
  frfcfs.scheduler_i/U1313/B (NAND3X1)                          0.003118  0.000000   1.488790 f
  frfcfs.scheduler_i/U1313/Y (NAND3X1)                          0.038023  0.030402   1.519192 r
  frfcfs.scheduler_i/n1153 (net)                1     0.002365            0.000000   1.519192 r
  frfcfs.scheduler_i/U1314/B (NOR2X1)                           0.038023  0.000000   1.519192 r
  frfcfs.scheduler_i/U1314/Y (NOR2X1)                           0.002036  0.019109   1.538301 f
  frfcfs.scheduler_i/n1201 (net)                1     0.001944            0.000000   1.538301 f
  frfcfs.scheduler_i/U1343/B (NAND2X1)                          0.002036  0.000000   1.538301 f
  frfcfs.scheduler_i/U1343/Y (NAND2X1)                          0.032340  0.007784   1.546085 r
  frfcfs.scheduler_i/n1490 (net)                1     0.001551            0.000000   1.546085 r
  frfcfs.scheduler_i/U292/A (INVX1)                             0.032340  0.000000   1.546085 r
  frfcfs.scheduler_i/U292/Y (INVX1)                             0.012398  0.023322   1.569407 f
  frfcfs.scheduler_i/n198 (net)                 2     0.002952            0.000000   1.569407 f
  frfcfs.scheduler_i/U293/A (INVX1)                             0.012398  0.000000   1.569407 f
  frfcfs.scheduler_i/U293/Y (INVX1)                             0.000000  0.000601   1.570008 r
  frfcfs.scheduler_i/n199 (net)                 1     0.001869            0.000000   1.570008 r
  frfcfs.scheduler_i/U176/B (AND2X2)                            0.000000  0.000000   1.570008 r
  frfcfs.scheduler_i/U176/Y (AND2X2)                            0.009992  0.032796   1.602803 r
  frfcfs.scheduler_i/n1559 (net)                2     0.003102            0.000000   1.602803 r
  frfcfs.scheduler_i/U177/A (INVX1)                             0.009992  0.000000   1.602803 r
  frfcfs.scheduler_i/U177/Y (INVX1)                             0.013007  0.016620   1.619423 f
  frfcfs.scheduler_i/n105 (net)                 1     0.002632            0.000000   1.619423 f
  frfcfs.scheduler_i/U1630/B (OAI21X1)                          0.013007  0.000000   1.619423 f
  frfcfs.scheduler_i/U1630/Y (OAI21X1)                          0.042627  0.039726   1.659149 r
  frfcfs.scheduler_i/n1555 (net)                1     0.002010            0.000000   1.659149 r
  frfcfs.scheduler_i/U1631/C (OAI21X1)                          0.042627  0.000000   1.659149 r
  frfcfs.scheduler_i/U1631/Y (OAI21X1)                          0.005195  0.021886   1.681034 f
  frfcfs.scheduler_i/n1558 (net)                1     0.001924            0.000000   1.681034 f
  frfcfs.scheduler_i/U1632/C (OAI21X1)                          0.005195  0.000000   1.681034 f
  frfcfs.scheduler_i/U1632/Y (OAI21X1)                          0.045693  0.019539   1.700574 r
  frfcfs.scheduler_i/n1644 (net)                2     0.003090            0.000000   1.700574 r
  frfcfs.scheduler_i/U371/A (INVX1)                             0.045693  0.000000   1.700574 r
  frfcfs.scheduler_i/U371/Y (INVX1)                             0.024400  0.035771   1.736344 f
  frfcfs.scheduler_i/select_slot[0] (net)       4     0.007268            0.000000   1.736344 f
  frfcfs.scheduler_i/select_slot[0] (mc_scheduler_frfcfs_Q_DEPTH16_ADDR_W16_AGE_LIMIT128_AGING_ENABLE1)
                                                                          0.000000   1.736344 f
  select_slot[0] (net)                                0.007268            0.000000   1.736344 f
  U4983/A (INVX1)                                               0.024400  0.000000   1.736344 f
  U4983/Y (INVX1)                                               0.000000  0.009614   1.745959 r
  n6577 (net)                                   2     0.003337            0.000000   1.745959 r
  U4984/A (AND2X2)                                              0.000000  0.000000   1.745959 r
  U4984/Y (AND2X2)                                              0.010567  0.034033   1.779991 r
  n3241 (net)                                   2     0.003349            0.000000   1.779991 r
  U4623/A (AND2X2)                                              0.010567  0.000000   1.779991 r
  U4623/Y (AND2X2)                                              0.013945  0.036525   1.816516 r
  n7737 (net)                                   3     0.004653            0.000000   1.816516 r
  U3126/A (INVX1)                                               0.013945  0.000000   1.816516 r
  U3126/Y (INVX1)                                               0.017263  0.020800   1.837316 f
  n3054 (net)                                   2     0.004149            0.000000   1.837316 f
  U3128/A (INVX1)                                               0.017263  0.000000   1.837316 f
  U3128/Y (INVX1)                                               0.000000  0.006323   1.843639 r
  n1912 (net)                                   2     0.003102            0.000000   1.843639 r
  U5465/A (INVX1)                                               0.000000  0.000000   1.843639 r
  U5465/Y (INVX1)                                               0.026183  0.022495   1.866134 f
  n3874 (net)                                   3     0.006811            0.000000   1.866134 f
  U3274/A (NOR2X1)                                              0.026183  0.000000   1.866134 f
  U3274/Y (NOR2X1)                                              0.026395  0.032833   1.898967 r
  n2023 (net)                                   1     0.002283            0.000000   1.898967 r
  U4085/B (OR2X2)                                               0.026395  0.000000   1.898967 r
  U4085/Y (OR2X2)                                               0.005673  0.044322   1.943289 r
  n6925 (net)                                   1     0.001551            0.000000   1.943289 r
  U4086/A (INVX1)                                               0.005673  0.000000   1.943289 r
  U4086/Y (INVX1)                                               0.011075  0.013916   1.957204 f
  n2729 (net)                                   1     0.001884            0.000000   1.957204 f
  U7611/A (NAND2X1)                                             0.011075  0.000000   1.957204 f
  U7611/Y (NAND2X1)                                             0.034872  0.027034   1.984239 r
  n6927 (net)                                   1     0.002386            0.000000   1.984239 r
  U7612/C (AOI21X1)                                             0.034872  0.000000   1.984239 r
  U7612/Y (AOI21X1)                                             0.016526  0.018304   2.002543 f
  n6929 (net)                                   1     0.001944            0.000000   2.002543 f
  U7613/B (NAND2X1)                                             0.016526  0.000000   2.002543 f
  U7613/Y (NAND2X1)                                             0.037015  0.016231   2.018774 r
  n6945 (net)                                   1     0.002744            0.000000   2.018774 r
  U7620/B (MUX2X1)                                              0.037015  0.000000   2.018774 r
  U7620/Y (MUX2X1)                                              0.033868  0.038905   2.057679 f
  cmd_wdata[0] (net)                            1     0.010000            0.000000   2.057679 f
  cmd_wdata[0] (out)                                            0.033868  0.000000   2.057679 f
  data arrival time                                                                  2.057679

  clock core_clk (rise edge)                                              3.000000   3.000000
  clock network delay (ideal)                                             0.000000   3.000000
  clock uncertainty                                                       -0.100000  2.900000
  output external delay                                                   -1.000000  1.900000
  data required time                                                                 1.900000
  ----------------------------------------------------------------------------------------------
  data required time                                                                 1.900000
  data arrival time                                                                  -2.057679
  ----------------------------------------------------------------------------------------------
  slack (VIOLATED)                                                                   -0.157679


  Startpoint: table_i/addresses_reg[127]
              (rising edge-triggered flip-flop clocked by core_clk)
  Endpoint: cmd_row[7] (output port clocked by core_clk)
  Path Group: core_clk
  Path Type: max

  Point                                       Fanout       Cap     Trans      Incr       Path
  ----------------------------------------------------------------------------------------------
  clock core_clk (rise edge)                                              0.000000   0.000000
  clock network delay (ideal)                                             0.000000   0.000000
  table_i/addresses_reg[127]/CLK (DFFPOSX1)                     0.000000  0.000000 # 0.000000 r
  table_i/addresses_reg[127]/Q (DFFPOSX1)                       0.023267  0.105501   0.105501 f
  table_i/n6706 (net)                           1     0.005092            0.000000   0.105501 f
  table_i/U627/A (INVX4)                                        0.023267  0.000000   0.105501 f
  table_i/U627/Y (INVX4)                                        0.009539  0.021286   0.126787 r
  table_i/n5180 (net)                           1     0.010083            0.000000   0.126787 r
  table_i/U626/A (INVX8)                                        0.009539  0.000000   0.126787 r
  table_i/U626/Y (INVX8)                                        0.013606  0.029919   0.156706 f
  table_i/addresses[127] (net)                 16     0.046775            0.000000   0.156706 f
  table_i/addresses[127] (mc_transaction_table_Q_DEPTH16_ADDR_W16_DATA_W32_TAG_W8_READ_LATENCY3_AGE_LIMIT128)
                                                                          0.000000   0.156706 f
  addresses[127] (net)                                0.046775            0.000000   0.156706 f
  U2262/B (XNOR2X1)                                             0.013606  0.000000   0.156706 f
  U2262/Y (XNOR2X1)                                             0.036905  0.047954   0.204661 r
  n5144 (net)                                   1     0.001869            0.000000   0.204661 r
  U4610/B (AND2X2)                                              0.036905  0.000000   0.204661 r
  U4610/Y (AND2X2)                                              0.008428  0.032202   0.236862 r
  n5151 (net)                                   1     0.001551            0.000000   0.236862 r
  U4611/A (INVX1)                                               0.008428  0.000000   0.236862 r
  U4611/Y (INVX1)                                               0.014415  0.017088   0.253950 f
  n3046 (net)                                   1     0.003067            0.000000   0.253950 f
  U6469/B (NOR3X1)                                              0.014415  0.000000   0.253950 f
  U6469/Y (NOR3X1)                                              0.053630  0.041061   0.295012 r
  n5161 (net)                                   1     0.002961            0.000000   0.295012 r
  U6475/C (NAND3X1)                                             0.053630  0.000000   0.295012 r
  U6475/Y (NAND3X1)                                             0.020811  0.022777   0.317789 f
  n5162 (net)                                   2     0.003685            0.000000   0.317789 f
  U2800/A (NOR2X1)                                              0.020811  0.000000   0.317789 f
  U2800/Y (NOR2X1)                                              0.027038  0.030750   0.348539 r
  n1673 (net)                                   1     0.002027            0.000000   0.348539 r
  candidates_i/same_address[71] (mc_candidates_Q_DEPTH16_ROW_W8_COL_W6)   0.000000   0.348539 r
  candidates_i/same_address[71] (net)                 0.002027            0.000000   0.348539 r
  candidates_i/U1434/B (NAND2X1)                                0.027038  0.000000   0.348539 r
  candidates_i/U1434/Y (NAND2X1)                                0.021916  0.019705   0.368244 f
  candidates_i/n2117 (net)                      1     0.002600            0.000000   0.368244 f
  candidates_i/U2694/B (NAND3X1)                                0.021916  0.000000   0.368244 f
  candidates_i/U2694/Y (NAND3X1)                                0.041759  0.039254   0.407498 r
  candidates_i/n2124 (net)                      1     0.003288            0.000000   0.407498 r
  candidates_i/U2697/C (NOR3X1)                                 0.041759  0.000000   0.407498 r
  candidates_i/U2697/Y (NOR3X1)                                 0.029757  0.030066   0.437564 f
  candidates_i/n2125 (net)                      2     0.003296            0.000000   0.437564 f
  candidates_i/U1258/B (AND2X2)                                 0.029757  0.000000   0.437564 f
  candidates_i/U1258/Y (AND2X2)                                 0.006541  0.045436   0.482999 f
  candidates_i/n948 (net)                       2     0.005040            0.000000   0.482999 f
  candidates_i/U3484/C (NAND3X1)                                0.006541  0.000000   0.482999 f
  candidates_i/U3484/Y (NAND3X1)                                0.040557  0.031253   0.514253 r
  candidates_i/n3045 (net)                      1     0.002961            0.000000   0.514253 r
  candidates_i/U3485/C (NAND3X1)                                0.040557  0.000000   0.514253 r
  candidates_i/U3485/Y (NAND3X1)                                0.016301  0.017427   0.531680 f
  candidates_i/n3047 (net)                      1     0.002312            0.000000   0.531680 f
  candidates_i/U3486/C (AOI21X1)                                0.016301  0.000000   0.531680 f
  candidates_i/U3486/Y (AOI21X1)                                0.030230  0.022064   0.553744 r
  candidates_i/n3054 (net)                      1     0.002961            0.000000   0.553744 r
  candidates_i/U3490/C (NAND3X1)                                0.030230  0.000000   0.553744 r
  candidates_i/U3490/Y (NAND3X1)                                0.018331  0.016279   0.570023 f
  candidates_i/n3068 (net)                      1     0.003067            0.000000   0.570023 f
  candidates_i/U3497/B (NOR3X1)                                 0.018331  0.000000   0.570023 f
  candidates_i/U3497/Y (NOR3X1)                                 0.071279  0.054434   0.624457 r
  candidates_i/n3070 (net)                      2     0.006631            0.000000   0.624457 r
  candidates_i/U1621/A (INVX4)                                  0.071279  0.000000   0.624457 r
  candidates_i/U1621/Y (INVX4)                                  0.037364  0.031463   0.655920 f
  candidates_i/n3096 (net)                     11     0.023023            0.000000   0.655920 f
  candidates_i/U3505/A (NAND2X1)                                0.037364  0.000000   0.655920 f
  candidates_i/U3505/Y (NAND2X1)                                0.037582  0.037112   0.693031 r
  candidates_i/n3079 (net)                      1     0.002961            0.000000   0.693031 r
  candidates_i/U3506/C (NAND3X1)                                0.037582  0.000000   0.693031 r
  candidates_i/U3506/Y (NAND3X1)                                0.014713  0.015380   0.708411 f
  candidates_i/n3080 (net)                      1     0.001504            0.000000   0.708411 f
  candidates_i/U628/A (BUFX2)                                   0.014713  0.000000   0.708411 f
  candidates_i/U628/Y (BUFX2)                                   0.009093  0.038575   0.746985 f
  candidates_i/n457 (net)                       3     0.006821            0.000000   0.746985 f
  candidates_i/U554/A (INVX1)                                   0.009093  0.000000   0.746985 f
  candidates_i/U554/Y (INVX1)                                   0.000000  0.011296   0.758281 r
  candidates_i/n3289 (net)                      2     0.005529            0.000000   0.758281 r
  candidates_i/U3557/B (AOI22X1)                                0.000000  0.000000   0.758281 r
  candidates_i/U3557/Y (AOI22X1)                                0.034495  0.023672   0.781954 f
  candidates_i/n3136 (net)                      1     0.001763            0.000000   0.781954 f
  candidates_i/U3559/A (AND2X2)                                 0.034495  0.000000   0.781954 f
  candidates_i/U3559/Y (AND2X2)                                 0.004684  0.039796   0.821750 f
  candidates_i/n3137 (net)                      1     0.002832            0.000000   0.821750 f
  candidates_i/U3560/C (NAND3X1)                                0.004684  0.000000   0.821750 f
  candidates_i/U3560/Y (NAND3X1)                                0.033767  0.026454   0.848204 r
  candidates_i/n3140 (net)                      1     0.001551            0.000000   0.848204 r
  candidates_i/U559/A (INVX1)                                   0.033767  0.000000   0.848204 r
  candidates_i/U559/Y (INVX1)                                   0.013240  0.024352   0.872556 f
  candidates_i/n406 (net)                       2     0.003267            0.000000   0.872556 f
  candidates_i/U558/A (AND2X2)                                  0.013240  0.000000   0.872556 f
  candidates_i/U558/Y (AND2X2)                                  0.000000  0.033463   0.906020 f
  candidates_i/n407 (net)                       1     0.001884            0.000000   0.906020 f
  candidates_i/U3561/A (NAND2X1)                                0.000000  0.000000   0.906020 f
  candidates_i/U3561/Y (NAND2X1)                                0.032478  0.020948   0.926968 r
  candidates_i/n3940 (net)                      1     0.001551            0.000000   0.926968 r
  candidates_i/U2006/A (INVX1)                                  0.032478  0.000000   0.926968 r
  candidates_i/U2006/Y (INVX1)                                  0.016984  0.026504   0.953472 f
  candidates_i/n3155 (net)                      2     0.004487            0.000000   0.953472 f
  candidates_i/U3573/A (NOR3X1)                                 0.016984  0.000000   0.953472 f
  candidates_i/U3573/Y (NOR3X1)                                 0.049473  0.048488   1.001960 r
  candidates_i/n3301 (net)                      1     0.002027            0.000000   1.001960 r
  candidates_i/U1617/B (NAND2X1)                                0.049473  0.000000   1.001960 r
  candidates_i/U1617/Y (NAND2X1)                                0.016860  0.022672   1.024632 f
  candidates_i/n1128 (net)                      1     0.001476            0.000000   1.024632 f
  candidates_i/U1618/A (INVX1)                                  0.016860  0.000000   1.024632 f
  candidates_i/U1618/Y (INVX1)                                  0.000000  0.002966   1.027598 r
  candidates_i/n1129 (net)                      1     0.002111            0.000000   1.027598 r
  candidates_i/U1559/A (NAND2X1)                                0.000000  0.000000   1.027598 r
  candidates_i/U1559/Y (NAND2X1)                                0.027087  0.014619   1.042217 f
  candidates_i/n1107 (net)                      2     0.004702            0.000000   1.042217 f
  candidates_i/U3711/C (NOR3X1)                                 0.027087  0.000000   1.042217 f
  candidates_i/U3711/Y (NOR3X1)                                 0.053790  0.029842   1.072060 r
  candidates_i/n3309 (net)                      1     0.002961            0.000000   1.072060 r
  candidates_i/U3716/C (NAND3X1)                                0.053790  0.000000   1.072060 r
  candidates_i/U3716/Y (NAND3X1)                                0.016673  0.021053   1.093112 f
  candidates_i/n3608 (net)                      1     0.002632            0.000000   1.093112 f
  candidates_i/U3961/B (OAI21X1)                                0.016673  0.000000   1.093112 f
  candidates_i/U3961/Y (OAI21X1)                                0.042462  0.040862   1.133974 r
  candidates_i/n3916 (net)                      1     0.002111            0.000000   1.133974 r
  candidates_i/U1630/A (NAND2X1)                                0.042462  0.000000   1.133974 r
  candidates_i/U1630/Y (NAND2X1)                                0.022276  0.018485   1.152460 f
  candidates_i/n1134 (net)                      1     0.001763            0.000000   1.152460 f
  candidates_i/U1631/A (AND2X2)                                 0.022276  0.000000   1.152460 f
  candidates_i/U1631/Y (AND2X2)                                 0.000000  0.035766   1.188226 f
  candidates_i/n3917 (net)                      1     0.001924            0.000000   1.188226 f
  candidates_i/U4213/C (OAI21X1)                                0.000000  0.000000   1.188226 f
  candidates_i/U4213/Y (OAI21X1)                                0.052640  0.021573   1.209798 r
  candidates_i/candidate_mask[0] (net)          2     0.004292            0.000000   1.209798 r
  candidates_i/candidate_mask[0] (mc_candidates_Q_DEPTH16_ROW_W8_COL_W6)  0.000000   1.209798 r
  candidate_mask[0] (net)                             0.004292            0.000000   1.209798 r
  frfcfs.scheduler_i/candidate_mask[0] (mc_scheduler_frfcfs_Q_DEPTH16_ADDR_W16_AGE_LIMIT128_AGING_ENABLE1)
                                                                          0.000000   1.209798 r
  frfcfs.scheduler_i/candidate_mask[0] (net)          0.004292            0.000000   1.209798 r
  frfcfs.scheduler_i/U1288/A (AOI21X1)                          0.052640  0.000000   1.209798 r
  frfcfs.scheduler_i/U1288/Y (AOI21X1)                          0.018264  0.026940   1.236738 f
  frfcfs.scheduler_i/n1120 (net)                1     0.002832            0.000000   1.236738 f
  frfcfs.scheduler_i/U1289/C (NAND3X1)                          0.018264  0.000000   1.236738 f
  frfcfs.scheduler_i/U1289/Y (NAND3X1)                          0.037257  0.032416   1.269154 r
  frfcfs.scheduler_i/n1123 (net)                1     0.002365            0.000000   1.269154 r
  frfcfs.scheduler_i/U1290/B (NOR2X1)                           0.037257  0.000000   1.269154 r
  frfcfs.scheduler_i/U1290/Y (NOR2X1)                           0.008437  0.023448   1.292603 f
  frfcfs.scheduler_i/n1125 (net)                2     0.004149            0.000000   1.292603 f
  frfcfs.scheduler_i/U143/A (INVX1)                             0.008437  0.000000   1.292603 f
  frfcfs.scheduler_i/U143/Y (INVX1)                             0.001471  0.016632   1.309234 r
  frfcfs.scheduler_i/n1191 (net)                4     0.007246            0.000000   1.309234 r
  frfcfs.scheduler_i/U393/B (AND2X2)                            0.001471  0.000000   1.309234 r
  frfcfs.scheduler_i/U393/Y (AND2X2)                            0.017113  0.035253   1.344488 r
  frfcfs.scheduler_i/n1452 (net)                3     0.004653            0.000000   1.344488 r
  frfcfs.scheduler_i/U88/A (INVX1)                              0.017113  0.000000   1.344488 r
  frfcfs.scheduler_i/U88/Y (INVX1)                              0.009907  0.016763   1.361251 f
  frfcfs.scheduler_i/n400 (net)                 1     0.001763            0.000000   1.361251 f
  frfcfs.scheduler_i/U322/A (AND2X2)                            0.009907  0.000000   1.361251 f
  frfcfs.scheduler_i/U322/Y (AND2X2)                            0.000000  0.033529   1.394779 f
  frfcfs.scheduler_i/n230 (net)                 1     0.002726            0.000000   1.394779 f
  frfcfs.scheduler_i/U1421/B (AOI22X1)                          0.000000  0.000000   1.394779 f
  frfcfs.scheduler_i/U1421/Y (AOI22X1)                          0.043076  0.035183   1.429962 r
  frfcfs.scheduler_i/n1282 (net)                1     0.001869            0.000000   1.429962 r
  frfcfs.scheduler_i/U1422/B (AND2X2)                           0.043076  0.000000   1.429962 r
  frfcfs.scheduler_i/U1422/Y (AND2X2)                           0.008770  0.032502   1.462463 r
  frfcfs.scheduler_i/n1284 (net)                1     0.001551            0.000000   1.462463 r
  frfcfs.scheduler_i/U92/A (INVX1)                              0.008770  0.000000   1.462463 r
  frfcfs.scheduler_i/U92/Y (INVX1)                              0.012225  0.015693   1.478157 f
  frfcfs.scheduler_i/n54 (net)                  1     0.002342            0.000000   1.478157 f
  frfcfs.scheduler_i/U90/B (OR2X2)                              0.012225  0.000000   1.478157 f
  frfcfs.scheduler_i/U90/Y (OR2X2)                              0.005461  0.046674   1.524830 f
  frfcfs.scheduler_i/n52 (net)                  1     0.002297            0.000000   1.524830 f
  frfcfs.scheduler_i/U95/B (NOR2X1)                             0.005461  0.000000   1.524830 f
  frfcfs.scheduler_i/U95/Y (NOR2X1)                             0.024824  0.025285   1.550115 r
  frfcfs.scheduler_i/n53 (net)                  1     0.001551            0.000000   1.550115 r
  frfcfs.scheduler_i/U91/A (INVX1)                              0.024824  0.000000   1.550115 r
  frfcfs.scheduler_i/U91/Y (INVX1)                              0.024723  0.029372   1.579487 f
  frfcfs.scheduler_i/n1295 (net)                3     0.006895            0.000000   1.579487 f
  frfcfs.scheduler_i/U346/B (NOR2X1)                            0.024723  0.000000   1.579487 f
  frfcfs.scheduler_i/U346/Y (NOR2X1)                            0.028307  0.033199   1.612687 r
  frfcfs.scheduler_i/n246 (net)                 1     0.002741            0.000000   1.612687 r
  frfcfs.scheduler_i/U844/A (AOI21X1)                           0.028307  0.000000   1.612687 r
  frfcfs.scheduler_i/U844/Y (AOI21X1)                           0.016526  0.019515   1.632202 f
  frfcfs.scheduler_i/n461 (net)                 1     0.001944            0.000000   1.632202 f
  frfcfs.scheduler_i/U1623/B (NAND2X1)                          0.016526  0.000000   1.632202 f
  frfcfs.scheduler_i/U1623/Y (NAND2X1)                          0.035317  0.015106   1.647308 r
  frfcfs.scheduler_i/n1544 (net)                1     0.002386            0.000000   1.647308 r
  frfcfs.scheduler_i/U1624/C (AOI21X1)                          0.035317  0.000000   1.647308 r
  frfcfs.scheduler_i/U1624/Y (AOI21X1)                          0.017460  0.019730   1.667038 f
  frfcfs.scheduler_i/n1557 (net)                1     0.002573            0.000000   1.667038 f
  frfcfs.scheduler_i/U1631/A (OAI21X1)                          0.017460  0.000000   1.667038 f
  frfcfs.scheduler_i/U1631/Y (OAI21X1)                          0.040904  0.042935   1.709973 r
  frfcfs.scheduler_i/n1558 (net)                1     0.002010            0.000000   1.709973 r
  frfcfs.scheduler_i/U1632/C (OAI21X1)                          0.040904  0.000000   1.709973 r
  frfcfs.scheduler_i/U1632/Y (OAI21X1)                          0.006459  0.023048   1.733021 f
  frfcfs.scheduler_i/n1644 (net)                2     0.002980            0.000000   1.733021 f
  frfcfs.scheduler_i/U371/A (INVX1)                             0.006459  0.000000   1.733021 f
  frfcfs.scheduler_i/U371/Y (INVX1)                             0.002271  0.016630   1.749651 r
  frfcfs.scheduler_i/select_slot[0] (net)       4     0.007461            0.000000   1.749651 r
  frfcfs.scheduler_i/select_slot[0] (mc_scheduler_frfcfs_Q_DEPTH16_ADDR_W16_AGE_LIMIT128_AGING_ENABLE1)
                                                                          0.000000   1.749651 r
  select_slot[0] (net)                                0.007461            0.000000   1.749651 r
  U4983/A (INVX1)                                               0.002271  0.000000   1.749651 r
  U4983/Y (INVX1)                                               0.015443  0.015833   1.765484 f
  n6577 (net)                                   2     0.003267            0.000000   1.765484 f
  U4984/A (AND2X2)                                              0.015443  0.000000   1.765484 f
  U4984/Y (AND2X2)                                              0.000000  0.035463   1.800946 f
  n3241 (net)                                   2     0.003239            0.000000   1.800946 f
  U3512/A (INVX1)                                               0.000000  0.000000   1.800946 f
  U3512/Y (INVX1)                                               0.000000  -0.004834  1.796112 r
  n2239 (net)                                   1     0.001551            0.000000   1.796112 r
  U588/A (INVX1)                                                0.000000  0.000000   1.796112 r
  U588/Y (INVX1)                                                0.016374  0.015750   1.811862 f
  n376 (net)                                    2     0.003526            0.000000   1.811862 f
  U2513/A (AND2X2)                                              0.016374  0.000000   1.811862 f
  U2513/Y (AND2X2)                                              0.008406  0.040833   1.852695 f
  n1460 (net)                                   3     0.008044            0.000000   1.852695 f
  U2912/A (INVX4)                                               0.008406  0.000000   1.852695 f
  U2912/Y (INVX4)                                               0.004633  0.018430   1.871125 r
  n3866 (net)                                   5     0.011808            0.000000   1.871125 r
  U2464/A (INVX2)                                               0.004633  0.000000   1.871125 r
  U2464/Y (INVX2)                                               0.014321  0.031652   1.902778 f
  n3860 (net)                                   6     0.016018            0.000000   1.902778 f
  U7533/C (AOI22X1)                                             0.014321  0.000000   1.902778 f
  U7533/Y (AOI22X1)                                             0.048219  0.037377   1.940154 r
  n6776 (net)                                   1     0.002961            0.000000   1.940154 r
  U7534/C (NAND3X1)                                             0.048219  0.000000   1.940154 r
  U7534/Y (NAND3X1)                                             0.015846  0.019191   1.959345 f
  n6782 (net)                                   1     0.002297            0.000000   1.959345 f
  U7537/B (NOR2X1)                                              0.015846  0.000000   1.959345 f
  U7537/Y (NOR2X1)                                              0.029476  0.031394   1.990739 r
  n6799 (net)                                   1     0.002764            0.000000   1.990739 r
  U7546/B (AOI22X1)                                             0.029476  0.000000   1.990739 r
  U7546/Y (AOI22X1)                                             0.036486  0.032748   2.023486 f
  n6800 (net)                                   1     0.002673            0.000000   2.023486 f
  U1662/A (INVX2)                                               0.036486  0.000000   2.023486 f
  U1662/Y (INVX2)                                               0.028252  0.034165   2.057651 r
  cmd_row[7] (net)                              2     0.011551            0.000000   2.057651 r
  cmd_row[7] (out)                                              0.028252  0.000000   2.057651 r
  data arrival time                                                                  2.057651

  clock core_clk (rise edge)                                              3.000000   3.000000
  clock network delay (ideal)                                             0.000000   3.000000
  clock uncertainty                                                       -0.100000  2.900000
  output external delay                                                   -1.000000  1.900000
  data required time                                                                 1.900000
  ----------------------------------------------------------------------------------------------
  data required time                                                                 1.900000
  data arrival time                                                                  -2.057651
  ----------------------------------------------------------------------------------------------
  slack (VIOLATED)                                                                   -0.157651


  Startpoint: table_i/addresses_reg[127]
              (rising edge-triggered flip-flop clocked by core_clk)
  Endpoint: cmd_bank[1]
            (output port clocked by core_clk)
  Path Group: core_clk
  Path Type: max

  Point                                       Fanout       Cap     Trans      Incr       Path
  ----------------------------------------------------------------------------------------------
  clock core_clk (rise edge)                                              0.000000   0.000000
  clock network delay (ideal)                                             0.000000   0.000000
  table_i/addresses_reg[127]/CLK (DFFPOSX1)                     0.000000  0.000000 # 0.000000 r
  table_i/addresses_reg[127]/Q (DFFPOSX1)                       0.023267  0.105501   0.105501 f
  table_i/n6706 (net)                           1     0.005092            0.000000   0.105501 f
  table_i/U627/A (INVX4)                                        0.023267  0.000000   0.105501 f
  table_i/U627/Y (INVX4)                                        0.009539  0.021286   0.126787 r
  table_i/n5180 (net)                           1     0.010083            0.000000   0.126787 r
  table_i/U626/A (INVX8)                                        0.009539  0.000000   0.126787 r
  table_i/U626/Y (INVX8)                                        0.013606  0.029919   0.156706 f
  table_i/addresses[127] (net)                 16     0.046775            0.000000   0.156706 f
  table_i/addresses[127] (mc_transaction_table_Q_DEPTH16_ADDR_W16_DATA_W32_TAG_W8_READ_LATENCY3_AGE_LIMIT128)
                                                                          0.000000   0.156706 f
  addresses[127] (net)                                0.046775            0.000000   0.156706 f
  U2262/B (XNOR2X1)                                             0.013606  0.000000   0.156706 f
  U2262/Y (XNOR2X1)                                             0.036905  0.047954   0.204661 r
  n5144 (net)                                   1     0.001869            0.000000   0.204661 r
  U4610/B (AND2X2)                                              0.036905  0.000000   0.204661 r
  U4610/Y (AND2X2)                                              0.008428  0.032202   0.236862 r
  n5151 (net)                                   1     0.001551            0.000000   0.236862 r
  U4611/A (INVX1)                                               0.008428  0.000000   0.236862 r
  U4611/Y (INVX1)                                               0.014415  0.017088   0.253950 f
  n3046 (net)                                   1     0.003067            0.000000   0.253950 f
  U6469/B (NOR3X1)                                              0.014415  0.000000   0.253950 f
  U6469/Y (NOR3X1)                                              0.053630  0.041061   0.295012 r
  n5161 (net)                                   1     0.002961            0.000000   0.295012 r
  U6475/C (NAND3X1)                                             0.053630  0.000000   0.295012 r
  U6475/Y (NAND3X1)                                             0.020811  0.022777   0.317789 f
  n5162 (net)                                   2     0.003685            0.000000   0.317789 f
  U2800/A (NOR2X1)                                              0.020811  0.000000   0.317789 f
  U2800/Y (NOR2X1)                                              0.027038  0.030750   0.348539 r
  n1673 (net)                                   1     0.002027            0.000000   0.348539 r
  candidates_i/same_address[71] (mc_candidates_Q_DEPTH16_ROW_W8_COL_W6)   0.000000   0.348539 r
  candidates_i/same_address[71] (net)                 0.002027            0.000000   0.348539 r
  candidates_i/U1434/B (NAND2X1)                                0.027038  0.000000   0.348539 r
  candidates_i/U1434/Y (NAND2X1)                                0.021916  0.019705   0.368244 f
  candidates_i/n2117 (net)                      1     0.002600            0.000000   0.368244 f
  candidates_i/U2694/B (NAND3X1)                                0.021916  0.000000   0.368244 f
  candidates_i/U2694/Y (NAND3X1)                                0.041759  0.039254   0.407498 r
  candidates_i/n2124 (net)                      1     0.003288            0.000000   0.407498 r
  candidates_i/U2697/C (NOR3X1)                                 0.041759  0.000000   0.407498 r
  candidates_i/U2697/Y (NOR3X1)                                 0.029757  0.030066   0.437564 f
  candidates_i/n2125 (net)                      2     0.003296            0.000000   0.437564 f
  candidates_i/U1258/B (AND2X2)                                 0.029757  0.000000   0.437564 f
  candidates_i/U1258/Y (AND2X2)                                 0.006541  0.045436   0.482999 f
  candidates_i/n948 (net)                       2     0.005040            0.000000   0.482999 f
  candidates_i/U3484/C (NAND3X1)                                0.006541  0.000000   0.482999 f
  candidates_i/U3484/Y (NAND3X1)                                0.040557  0.031253   0.514253 r
  candidates_i/n3045 (net)                      1     0.002961            0.000000   0.514253 r
  candidates_i/U3485/C (NAND3X1)                                0.040557  0.000000   0.514253 r
  candidates_i/U3485/Y (NAND3X1)                                0.016301  0.017427   0.531680 f
  candidates_i/n3047 (net)                      1     0.002312            0.000000   0.531680 f
  candidates_i/U3486/C (AOI21X1)                                0.016301  0.000000   0.531680 f
  candidates_i/U3486/Y (AOI21X1)                                0.030230  0.022064   0.553744 r
  candidates_i/n3054 (net)                      1     0.002961            0.000000   0.553744 r
  candidates_i/U3490/C (NAND3X1)                                0.030230  0.000000   0.553744 r
  candidates_i/U3490/Y (NAND3X1)                                0.018331  0.016279   0.570023 f
  candidates_i/n3068 (net)                      1     0.003067            0.000000   0.570023 f
  candidates_i/U3497/B (NOR3X1)                                 0.018331  0.000000   0.570023 f
  candidates_i/U3497/Y (NOR3X1)                                 0.071279  0.054434   0.624457 r
  candidates_i/n3070 (net)                      2     0.006631            0.000000   0.624457 r
  candidates_i/U1621/A (INVX4)                                  0.071279  0.000000   0.624457 r
  candidates_i/U1621/Y (INVX4)                                  0.037364  0.031463   0.655920 f
  candidates_i/n3096 (net)                     11     0.023023            0.000000   0.655920 f
  candidates_i/U3505/A (NAND2X1)                                0.037364  0.000000   0.655920 f
  candidates_i/U3505/Y (NAND2X1)                                0.037582  0.037112   0.693031 r
  candidates_i/n3079 (net)                      1     0.002961            0.000000   0.693031 r
  candidates_i/U3506/C (NAND3X1)                                0.037582  0.000000   0.693031 r
  candidates_i/U3506/Y (NAND3X1)                                0.014713  0.015380   0.708411 f
  candidates_i/n3080 (net)                      1     0.001504            0.000000   0.708411 f
  candidates_i/U628/A (BUFX2)                                   0.014713  0.000000   0.708411 f
  candidates_i/U628/Y (BUFX2)                                   0.009093  0.038575   0.746985 f
  candidates_i/n457 (net)                       3     0.006821            0.000000   0.746985 f
  candidates_i/U554/A (INVX1)                                   0.009093  0.000000   0.746985 f
  candidates_i/U554/Y (INVX1)                                   0.000000  0.011296   0.758281 r
  candidates_i/n3289 (net)                      2     0.005529            0.000000   0.758281 r
  candidates_i/U3557/B (AOI22X1)                                0.000000  0.000000   0.758281 r
  candidates_i/U3557/Y (AOI22X1)                                0.034495  0.023672   0.781954 f
  candidates_i/n3136 (net)                      1     0.001763            0.000000   0.781954 f
  candidates_i/U3559/A (AND2X2)                                 0.034495  0.000000   0.781954 f
  candidates_i/U3559/Y (AND2X2)                                 0.004684  0.039796   0.821750 f
  candidates_i/n3137 (net)                      1     0.002832            0.000000   0.821750 f
  candidates_i/U3560/C (NAND3X1)                                0.004684  0.000000   0.821750 f
  candidates_i/U3560/Y (NAND3X1)                                0.033767  0.026454   0.848204 r
  candidates_i/n3140 (net)                      1     0.001551            0.000000   0.848204 r
  candidates_i/U559/A (INVX1)                                   0.033767  0.000000   0.848204 r
  candidates_i/U559/Y (INVX1)                                   0.013240  0.024352   0.872556 f
  candidates_i/n406 (net)                       2     0.003267            0.000000   0.872556 f
  candidates_i/U558/A (AND2X2)                                  0.013240  0.000000   0.872556 f
  candidates_i/U558/Y (AND2X2)                                  0.000000  0.033463   0.906020 f
  candidates_i/n407 (net)                       1     0.001884            0.000000   0.906020 f
  candidates_i/U3561/A (NAND2X1)                                0.000000  0.000000   0.906020 f
  candidates_i/U3561/Y (NAND2X1)                                0.032478  0.020948   0.926968 r
  candidates_i/n3940 (net)                      1     0.001551            0.000000   0.926968 r
  candidates_i/U2006/A (INVX1)                                  0.032478  0.000000   0.926968 r
  candidates_i/U2006/Y (INVX1)                                  0.016984  0.026504   0.953472 f
  candidates_i/n3155 (net)                      2     0.004487            0.000000   0.953472 f
  candidates_i/U3573/A (NOR3X1)                                 0.016984  0.000000   0.953472 f
  candidates_i/U3573/Y (NOR3X1)                                 0.049473  0.048488   1.001960 r
  candidates_i/n3301 (net)                      1     0.002027            0.000000   1.001960 r
  candidates_i/U1617/B (NAND2X1)                                0.049473  0.000000   1.001960 r
  candidates_i/U1617/Y (NAND2X1)                                0.016860  0.022672   1.024632 f
  candidates_i/n1128 (net)                      1     0.001476            0.000000   1.024632 f
  candidates_i/U1618/A (INVX1)                                  0.016860  0.000000   1.024632 f
  candidates_i/U1618/Y (INVX1)                                  0.000000  0.002966   1.027598 r
  candidates_i/n1129 (net)                      1     0.002111            0.000000   1.027598 r
  candidates_i/U1559/A (NAND2X1)                                0.000000  0.000000   1.027598 r
  candidates_i/U1559/Y (NAND2X1)                                0.027087  0.014619   1.042217 f
  candidates_i/n1107 (net)                      2     0.004702            0.000000   1.042217 f
  candidates_i/U3711/C (NOR3X1)                                 0.027087  0.000000   1.042217 f
  candidates_i/U3711/Y (NOR3X1)                                 0.053790  0.029842   1.072060 r
  candidates_i/n3309 (net)                      1     0.002961            0.000000   1.072060 r
  candidates_i/U3716/C (NAND3X1)                                0.053790  0.000000   1.072060 r
  candidates_i/U3716/Y (NAND3X1)                                0.016673  0.021053   1.093112 f
  candidates_i/n3608 (net)                      1     0.002632            0.000000   1.093112 f
  candidates_i/U3961/B (OAI21X1)                                0.016673  0.000000   1.093112 f
  candidates_i/U3961/Y (OAI21X1)                                0.042462  0.040862   1.133974 r
  candidates_i/n3916 (net)                      1     0.002111            0.000000   1.133974 r
  candidates_i/U1630/A (NAND2X1)                                0.042462  0.000000   1.133974 r
  candidates_i/U1630/Y (NAND2X1)                                0.022276  0.018485   1.152460 f
  candidates_i/n1134 (net)                      1     0.001763            0.000000   1.152460 f
  candidates_i/U1631/A (AND2X2)                                 0.022276  0.000000   1.152460 f
  candidates_i/U1631/Y (AND2X2)                                 0.000000  0.035766   1.188226 f
  candidates_i/n3917 (net)                      1     0.001924            0.000000   1.188226 f
  candidates_i/U4213/C (OAI21X1)                                0.000000  0.000000   1.188226 f
  candidates_i/U4213/Y (OAI21X1)                                0.052640  0.021573   1.209798 r
  candidates_i/candidate_mask[0] (net)          2     0.004292            0.000000   1.209798 r
  candidates_i/candidate_mask[0] (mc_candidates_Q_DEPTH16_ROW_W8_COL_W6)  0.000000   1.209798 r
  candidate_mask[0] (net)                             0.004292            0.000000   1.209798 r
  frfcfs.scheduler_i/candidate_mask[0] (mc_scheduler_frfcfs_Q_DEPTH16_ADDR_W16_AGE_LIMIT128_AGING_ENABLE1)
                                                                          0.000000   1.209798 r
  frfcfs.scheduler_i/candidate_mask[0] (net)          0.004292            0.000000   1.209798 r
  frfcfs.scheduler_i/U1288/A (AOI21X1)                          0.052640  0.000000   1.209798 r
  frfcfs.scheduler_i/U1288/Y (AOI21X1)                          0.018264  0.026940   1.236738 f
  frfcfs.scheduler_i/n1120 (net)                1     0.002832            0.000000   1.236738 f
  frfcfs.scheduler_i/U1289/C (NAND3X1)                          0.018264  0.000000   1.236738 f
  frfcfs.scheduler_i/U1289/Y (NAND3X1)                          0.037257  0.032416   1.269154 r
  frfcfs.scheduler_i/n1123 (net)                1     0.002365            0.000000   1.269154 r
  frfcfs.scheduler_i/U1290/B (NOR2X1)                           0.037257  0.000000   1.269154 r
  frfcfs.scheduler_i/U1290/Y (NOR2X1)                           0.008437  0.023448   1.292603 f
  frfcfs.scheduler_i/n1125 (net)                2     0.004149            0.000000   1.292603 f
  frfcfs.scheduler_i/U143/A (INVX1)                             0.008437  0.000000   1.292603 f
  frfcfs.scheduler_i/U143/Y (INVX1)                             0.001471  0.016632   1.309234 r
  frfcfs.scheduler_i/n1191 (net)                4     0.007246            0.000000   1.309234 r
  frfcfs.scheduler_i/U393/B (AND2X2)                            0.001471  0.000000   1.309234 r
  frfcfs.scheduler_i/U393/Y (AND2X2)                            0.017113  0.035253   1.344488 r
  frfcfs.scheduler_i/n1452 (net)                3     0.004653            0.000000   1.344488 r
  frfcfs.scheduler_i/U88/A (INVX1)                              0.017113  0.000000   1.344488 r
  frfcfs.scheduler_i/U88/Y (INVX1)                              0.009907  0.016763   1.361251 f
  frfcfs.scheduler_i/n400 (net)                 1     0.001763            0.000000   1.361251 f
  frfcfs.scheduler_i/U322/A (AND2X2)                            0.009907  0.000000   1.361251 f
  frfcfs.scheduler_i/U322/Y (AND2X2)                            0.000000  0.033529   1.394779 f
  frfcfs.scheduler_i/n230 (net)                 1     0.002726            0.000000   1.394779 f
  frfcfs.scheduler_i/U1421/B (AOI22X1)                          0.000000  0.000000   1.394779 f
  frfcfs.scheduler_i/U1421/Y (AOI22X1)                          0.043076  0.035183   1.429962 r
  frfcfs.scheduler_i/n1282 (net)                1     0.001869            0.000000   1.429962 r
  frfcfs.scheduler_i/U1422/B (AND2X2)                           0.043076  0.000000   1.429962 r
  frfcfs.scheduler_i/U1422/Y (AND2X2)                           0.008770  0.032502   1.462463 r
  frfcfs.scheduler_i/n1284 (net)                1     0.001551            0.000000   1.462463 r
  frfcfs.scheduler_i/U92/A (INVX1)                              0.008770  0.000000   1.462463 r
  frfcfs.scheduler_i/U92/Y (INVX1)                              0.012225  0.015693   1.478157 f
  frfcfs.scheduler_i/n54 (net)                  1     0.002342            0.000000   1.478157 f
  frfcfs.scheduler_i/U90/B (OR2X2)                              0.012225  0.000000   1.478157 f
  frfcfs.scheduler_i/U90/Y (OR2X2)                              0.005461  0.046674   1.524830 f
  frfcfs.scheduler_i/n52 (net)                  1     0.002297            0.000000   1.524830 f
  frfcfs.scheduler_i/U95/B (NOR2X1)                             0.005461  0.000000   1.524830 f
  frfcfs.scheduler_i/U95/Y (NOR2X1)                             0.024824  0.025285   1.550115 r
  frfcfs.scheduler_i/n53 (net)                  1     0.001551            0.000000   1.550115 r
  frfcfs.scheduler_i/U91/A (INVX1)                              0.024824  0.000000   1.550115 r
  frfcfs.scheduler_i/U91/Y (INVX1)                              0.024723  0.029372   1.579487 f
  frfcfs.scheduler_i/n1295 (net)                3     0.006895            0.000000   1.579487 f
  frfcfs.scheduler_i/U346/B (NOR2X1)                            0.024723  0.000000   1.579487 f
  frfcfs.scheduler_i/U346/Y (NOR2X1)                            0.028307  0.033199   1.612687 r
  frfcfs.scheduler_i/n246 (net)                 1     0.002741            0.000000   1.612687 r
  frfcfs.scheduler_i/U844/A (AOI21X1)                           0.028307  0.000000   1.612687 r
  frfcfs.scheduler_i/U844/Y (AOI21X1)                           0.016526  0.019515   1.632202 f
  frfcfs.scheduler_i/n461 (net)                 1     0.001944            0.000000   1.632202 f
  frfcfs.scheduler_i/U1623/B (NAND2X1)                          0.016526  0.000000   1.632202 f
  frfcfs.scheduler_i/U1623/Y (NAND2X1)                          0.035317  0.015106   1.647308 r
  frfcfs.scheduler_i/n1544 (net)                1     0.002386            0.000000   1.647308 r
  frfcfs.scheduler_i/U1624/C (AOI21X1)                          0.035317  0.000000   1.647308 r
  frfcfs.scheduler_i/U1624/Y (AOI21X1)                          0.017460  0.019730   1.667038 f
  frfcfs.scheduler_i/n1557 (net)                1     0.002573            0.000000   1.667038 f
  frfcfs.scheduler_i/U1631/A (OAI21X1)                          0.017460  0.000000   1.667038 f
  frfcfs.scheduler_i/U1631/Y (OAI21X1)                          0.040904  0.042935   1.709973 r
  frfcfs.scheduler_i/n1558 (net)                1     0.002010            0.000000   1.709973 r
  frfcfs.scheduler_i/U1632/C (OAI21X1)                          0.040904  0.000000   1.709973 r
  frfcfs.scheduler_i/U1632/Y (OAI21X1)                          0.006459  0.023048   1.733021 f
  frfcfs.scheduler_i/n1644 (net)                2     0.002980            0.000000   1.733021 f
  frfcfs.scheduler_i/U371/A (INVX1)                             0.006459  0.000000   1.733021 f
  frfcfs.scheduler_i/U371/Y (INVX1)                             0.002271  0.016630   1.749651 r
  frfcfs.scheduler_i/select_slot[0] (net)       4     0.007461            0.000000   1.749651 r
  frfcfs.scheduler_i/select_slot[0] (mc_scheduler_frfcfs_Q_DEPTH16_ADDR_W16_AGE_LIMIT128_AGING_ENABLE1)
                                                                          0.000000   1.749651 r
  select_slot[0] (net)                                0.007461            0.000000   1.749651 r
  U4983/A (INVX1)                                               0.002271  0.000000   1.749651 r
  U4983/Y (INVX1)                                               0.015443  0.015833   1.765484 f
  n6577 (net)                                   2     0.003267            0.000000   1.765484 f
  U4984/A (AND2X2)                                              0.015443  0.000000   1.765484 f
  U4984/Y (AND2X2)                                              0.000000  0.035463   1.800946 f
  n3241 (net)                                   2     0.003239            0.000000   1.800946 f
  U3512/A (INVX1)                                               0.000000  0.000000   1.800946 f
  U3512/Y (INVX1)                                               0.000000  -0.004834  1.796112 r
  n2239 (net)                                   1     0.001551            0.000000   1.796112 r
  U588/A (INVX1)                                                0.000000  0.000000   1.796112 r
  U588/Y (INVX1)                                                0.016374  0.015750   1.811862 f
  n376 (net)                                    2     0.003526            0.000000   1.811862 f
  U2513/A (AND2X2)                                              0.016374  0.000000   1.811862 f
  U2513/Y (AND2X2)                                              0.008406  0.040833   1.852695 f
  n1460 (net)                                   3     0.008044            0.000000   1.852695 f
  U2912/A (INVX4)                                               0.008406  0.000000   1.852695 f
  U2912/Y (INVX4)                                               0.004633  0.018430   1.871125 r
  n3866 (net)                                   5     0.011808            0.000000   1.871125 r
  U1560/A (INVX2)                                               0.004633  0.000000   1.871125 r
  U1560/Y (INVX2)                                               0.014321  0.031652   1.902778 f
  n3237 (net)                                   6     0.016018            0.000000   1.902778 f
  U7560/C (AOI22X1)                                             0.014321  0.000000   1.902778 f
  U7560/Y (AOI22X1)                                             0.048219  0.037377   1.940154 r
  n6833 (net)                                   1     0.002961            0.000000   1.940154 r
  U7561/C (NAND3X1)                                             0.048219  0.000000   1.940154 r
  U7561/Y (NAND3X1)                                             0.015846  0.019191   1.959345 f
  n6839 (net)                                   1     0.002297            0.000000   1.959345 f
  U7564/B (NOR2X1)                                              0.015846  0.000000   1.959345 f
  U7564/Y (NOR2X1)                                              0.029476  0.031394   1.990739 r
  n6857 (net)                                   1     0.002764            0.000000   1.990739 r
  U7571/B (AOI22X1)                                             0.029476  0.000000   1.990739 r
  U7571/Y (AOI22X1)                                             0.036486  0.032748   2.023486 f
  n6858 (net)                                   1     0.002673            0.000000   2.023486 f
  U2980/A (INVX2)                                               0.036486  0.000000   2.023486 f
  U2980/Y (INVX2)                                               0.028224  0.034148   2.057634 r
  cmd_bank[1] (net)                             2     0.011539            0.000000   2.057634 r
  cmd_bank[1] (out)                                             0.028224  0.000000   2.057634 r
  data arrival time                                                                  2.057634

  clock core_clk (rise edge)                                              3.000000   3.000000
  clock network delay (ideal)                                             0.000000   3.000000
  clock uncertainty                                                       -0.100000  2.900000
  output external delay                                                   -1.000000  1.900000
  data required time                                                                 1.900000
  ----------------------------------------------------------------------------------------------
  data required time                                                                 1.900000
  data arrival time                                                                  -2.057634
  ----------------------------------------------------------------------------------------------
  slack (VIOLATED)                                                                   -0.157634


  Startpoint: table_i/addresses_reg[127]
              (rising edge-triggered flip-flop clocked by core_clk)
  Endpoint: cmd_wdata[17]
            (output port clocked by core_clk)
  Path Group: core_clk
  Path Type: max

  Point                                       Fanout       Cap     Trans      Incr       Path
  ----------------------------------------------------------------------------------------------
  clock core_clk (rise edge)                                              0.000000   0.000000
  clock network delay (ideal)                                             0.000000   0.000000
  table_i/addresses_reg[127]/CLK (DFFPOSX1)                     0.000000  0.000000 # 0.000000 r
  table_i/addresses_reg[127]/Q (DFFPOSX1)                       0.023267  0.105501   0.105501 f
  table_i/n6706 (net)                           1     0.005092            0.000000   0.105501 f
  table_i/U627/A (INVX4)                                        0.023267  0.000000   0.105501 f
  table_i/U627/Y (INVX4)                                        0.009539  0.021286   0.126787 r
  table_i/n5180 (net)                           1     0.010083            0.000000   0.126787 r
  table_i/U626/A (INVX8)                                        0.009539  0.000000   0.126787 r
  table_i/U626/Y (INVX8)                                        0.013606  0.029919   0.156706 f
  table_i/addresses[127] (net)                 16     0.046775            0.000000   0.156706 f
  table_i/addresses[127] (mc_transaction_table_Q_DEPTH16_ADDR_W16_DATA_W32_TAG_W8_READ_LATENCY3_AGE_LIMIT128)
                                                                          0.000000   0.156706 f
  addresses[127] (net)                                0.046775            0.000000   0.156706 f
  U2262/B (XNOR2X1)                                             0.013606  0.000000   0.156706 f
  U2262/Y (XNOR2X1)                                             0.036905  0.047954   0.204661 r
  n5144 (net)                                   1     0.001869            0.000000   0.204661 r
  U4610/B (AND2X2)                                              0.036905  0.000000   0.204661 r
  U4610/Y (AND2X2)                                              0.008428  0.032202   0.236862 r
  n5151 (net)                                   1     0.001551            0.000000   0.236862 r
  U4611/A (INVX1)                                               0.008428  0.000000   0.236862 r
  U4611/Y (INVX1)                                               0.014415  0.017088   0.253950 f
  n3046 (net)                                   1     0.003067            0.000000   0.253950 f
  U6469/B (NOR3X1)                                              0.014415  0.000000   0.253950 f
  U6469/Y (NOR3X1)                                              0.053630  0.041061   0.295012 r
  n5161 (net)                                   1     0.002961            0.000000   0.295012 r
  U6475/C (NAND3X1)                                             0.053630  0.000000   0.295012 r
  U6475/Y (NAND3X1)                                             0.020811  0.022777   0.317789 f
  n5162 (net)                                   2     0.003685            0.000000   0.317789 f
  U2800/A (NOR2X1)                                              0.020811  0.000000   0.317789 f
  U2800/Y (NOR2X1)                                              0.027038  0.030750   0.348539 r
  n1673 (net)                                   1     0.002027            0.000000   0.348539 r
  candidates_i/same_address[71] (mc_candidates_Q_DEPTH16_ROW_W8_COL_W6)   0.000000   0.348539 r
  candidates_i/same_address[71] (net)                 0.002027            0.000000   0.348539 r
  candidates_i/U1434/B (NAND2X1)                                0.027038  0.000000   0.348539 r
  candidates_i/U1434/Y (NAND2X1)                                0.021916  0.019705   0.368244 f
  candidates_i/n2117 (net)                      1     0.002600            0.000000   0.368244 f
  candidates_i/U2694/B (NAND3X1)                                0.021916  0.000000   0.368244 f
  candidates_i/U2694/Y (NAND3X1)                                0.041759  0.039254   0.407498 r
  candidates_i/n2124 (net)                      1     0.003288            0.000000   0.407498 r
  candidates_i/U2697/C (NOR3X1)                                 0.041759  0.000000   0.407498 r
  candidates_i/U2697/Y (NOR3X1)                                 0.029757  0.030066   0.437564 f
  candidates_i/n2125 (net)                      2     0.003296            0.000000   0.437564 f
  candidates_i/U1258/B (AND2X2)                                 0.029757  0.000000   0.437564 f
  candidates_i/U1258/Y (AND2X2)                                 0.006541  0.045436   0.482999 f
  candidates_i/n948 (net)                       2     0.005040            0.000000   0.482999 f
  candidates_i/U3484/C (NAND3X1)                                0.006541  0.000000   0.482999 f
  candidates_i/U3484/Y (NAND3X1)                                0.040557  0.031253   0.514253 r
  candidates_i/n3045 (net)                      1     0.002961            0.000000   0.514253 r
  candidates_i/U3485/C (NAND3X1)                                0.040557  0.000000   0.514253 r
  candidates_i/U3485/Y (NAND3X1)                                0.016301  0.017427   0.531680 f
  candidates_i/n3047 (net)                      1     0.002312            0.000000   0.531680 f
  candidates_i/U3486/C (AOI21X1)                                0.016301  0.000000   0.531680 f
  candidates_i/U3486/Y (AOI21X1)                                0.030230  0.022064   0.553744 r
  candidates_i/n3054 (net)                      1     0.002961            0.000000   0.553744 r
  candidates_i/U3490/C (NAND3X1)                                0.030230  0.000000   0.553744 r
  candidates_i/U3490/Y (NAND3X1)                                0.018331  0.016279   0.570023 f
  candidates_i/n3068 (net)                      1     0.003067            0.000000   0.570023 f
  candidates_i/U3497/B (NOR3X1)                                 0.018331  0.000000   0.570023 f
  candidates_i/U3497/Y (NOR3X1)                                 0.071279  0.054434   0.624457 r
  candidates_i/n3070 (net)                      2     0.006631            0.000000   0.624457 r
  candidates_i/U1621/A (INVX4)                                  0.071279  0.000000   0.624457 r
  candidates_i/U1621/Y (INVX4)                                  0.037364  0.031463   0.655920 f
  candidates_i/n3096 (net)                     11     0.023023            0.000000   0.655920 f
  candidates_i/U3505/A (NAND2X1)                                0.037364  0.000000   0.655920 f
  candidates_i/U3505/Y (NAND2X1)                                0.037582  0.037112   0.693031 r
  candidates_i/n3079 (net)                      1     0.002961            0.000000   0.693031 r
  candidates_i/U3506/C (NAND3X1)                                0.037582  0.000000   0.693031 r
  candidates_i/U3506/Y (NAND3X1)                                0.014713  0.015380   0.708411 f
  candidates_i/n3080 (net)                      1     0.001504            0.000000   0.708411 f
  candidates_i/U628/A (BUFX2)                                   0.014713  0.000000   0.708411 f
  candidates_i/U628/Y (BUFX2)                                   0.009093  0.038575   0.746985 f
  candidates_i/n457 (net)                       3     0.006821            0.000000   0.746985 f
  candidates_i/U554/A (INVX1)                                   0.009093  0.000000   0.746985 f
  candidates_i/U554/Y (INVX1)                                   0.000000  0.011296   0.758281 r
  candidates_i/n3289 (net)                      2     0.005529            0.000000   0.758281 r
  candidates_i/U3557/B (AOI22X1)                                0.000000  0.000000   0.758281 r
  candidates_i/U3557/Y (AOI22X1)                                0.034495  0.023672   0.781954 f
  candidates_i/n3136 (net)                      1     0.001763            0.000000   0.781954 f
  candidates_i/U3559/A (AND2X2)                                 0.034495  0.000000   0.781954 f
  candidates_i/U3559/Y (AND2X2)                                 0.004684  0.039796   0.821750 f
  candidates_i/n3137 (net)                      1     0.002832            0.000000   0.821750 f
  candidates_i/U3560/C (NAND3X1)                                0.004684  0.000000   0.821750 f
  candidates_i/U3560/Y (NAND3X1)                                0.033767  0.026454   0.848204 r
  candidates_i/n3140 (net)                      1     0.001551            0.000000   0.848204 r
  candidates_i/U559/A (INVX1)                                   0.033767  0.000000   0.848204 r
  candidates_i/U559/Y (INVX1)                                   0.013240  0.024352   0.872556 f
  candidates_i/n406 (net)                       2     0.003267            0.000000   0.872556 f
  candidates_i/U558/A (AND2X2)                                  0.013240  0.000000   0.872556 f
  candidates_i/U558/Y (AND2X2)                                  0.000000  0.033463   0.906020 f
  candidates_i/n407 (net)                       1     0.001884            0.000000   0.906020 f
  candidates_i/U3561/A (NAND2X1)                                0.000000  0.000000   0.906020 f
  candidates_i/U3561/Y (NAND2X1)                                0.032478  0.020948   0.926968 r
  candidates_i/n3940 (net)                      1     0.001551            0.000000   0.926968 r
  candidates_i/U2006/A (INVX1)                                  0.032478  0.000000   0.926968 r
  candidates_i/U2006/Y (INVX1)                                  0.016984  0.026504   0.953472 f
  candidates_i/n3155 (net)                      2     0.004487            0.000000   0.953472 f
  candidates_i/U3573/A (NOR3X1)                                 0.016984  0.000000   0.953472 f
  candidates_i/U3573/Y (NOR3X1)                                 0.049473  0.048488   1.001960 r
  candidates_i/n3301 (net)                      1     0.002027            0.000000   1.001960 r
  candidates_i/U1617/B (NAND2X1)                                0.049473  0.000000   1.001960 r
  candidates_i/U1617/Y (NAND2X1)                                0.016860  0.022672   1.024632 f
  candidates_i/n1128 (net)                      1     0.001476            0.000000   1.024632 f
  candidates_i/U1618/A (INVX1)                                  0.016860  0.000000   1.024632 f
  candidates_i/U1618/Y (INVX1)                                  0.000000  0.002966   1.027598 r
  candidates_i/n1129 (net)                      1     0.002111            0.000000   1.027598 r
  candidates_i/U1559/A (NAND2X1)                                0.000000  0.000000   1.027598 r
  candidates_i/U1559/Y (NAND2X1)                                0.027087  0.014619   1.042217 f
  candidates_i/n1107 (net)                      2     0.004702            0.000000   1.042217 f
  candidates_i/U3711/C (NOR3X1)                                 0.027087  0.000000   1.042217 f
  candidates_i/U3711/Y (NOR3X1)                                 0.053790  0.029842   1.072060 r
  candidates_i/n3309 (net)                      1     0.002961            0.000000   1.072060 r
  candidates_i/U3716/C (NAND3X1)                                0.053790  0.000000   1.072060 r
  candidates_i/U3716/Y (NAND3X1)                                0.016673  0.021053   1.093112 f
  candidates_i/n3608 (net)                      1     0.002632            0.000000   1.093112 f
  candidates_i/U3961/B (OAI21X1)                                0.016673  0.000000   1.093112 f
  candidates_i/U3961/Y (OAI21X1)                                0.042462  0.040862   1.133974 r
  candidates_i/n3916 (net)                      1     0.002111            0.000000   1.133974 r
  candidates_i/U1630/A (NAND2X1)                                0.042462  0.000000   1.133974 r
  candidates_i/U1630/Y (NAND2X1)                                0.022276  0.018485   1.152460 f
  candidates_i/n1134 (net)                      1     0.001763            0.000000   1.152460 f
  candidates_i/U1631/A (AND2X2)                                 0.022276  0.000000   1.152460 f
  candidates_i/U1631/Y (AND2X2)                                 0.000000  0.035766   1.188226 f
  candidates_i/n3917 (net)                      1     0.001924            0.000000   1.188226 f
  candidates_i/U4213/C (OAI21X1)                                0.000000  0.000000   1.188226 f
  candidates_i/U4213/Y (OAI21X1)                                0.052640  0.021573   1.209798 r
  candidates_i/candidate_mask[0] (net)          2     0.004292            0.000000   1.209798 r
  candidates_i/candidate_mask[0] (mc_candidates_Q_DEPTH16_ROW_W8_COL_W6)  0.000000   1.209798 r
  candidate_mask[0] (net)                             0.004292            0.000000   1.209798 r
  frfcfs.scheduler_i/candidate_mask[0] (mc_scheduler_frfcfs_Q_DEPTH16_ADDR_W16_AGE_LIMIT128_AGING_ENABLE1)
                                                                          0.000000   1.209798 r
  frfcfs.scheduler_i/candidate_mask[0] (net)          0.004292            0.000000   1.209798 r
  frfcfs.scheduler_i/U1288/A (AOI21X1)                          0.052640  0.000000   1.209798 r
  frfcfs.scheduler_i/U1288/Y (AOI21X1)                          0.018264  0.026940   1.236738 f
  frfcfs.scheduler_i/n1120 (net)                1     0.002832            0.000000   1.236738 f
  frfcfs.scheduler_i/U1289/C (NAND3X1)                          0.018264  0.000000   1.236738 f
  frfcfs.scheduler_i/U1289/Y (NAND3X1)                          0.037257  0.032416   1.269154 r
  frfcfs.scheduler_i/n1123 (net)                1     0.002365            0.000000   1.269154 r
  frfcfs.scheduler_i/U1290/B (NOR2X1)                           0.037257  0.000000   1.269154 r
  frfcfs.scheduler_i/U1290/Y (NOR2X1)                           0.008437  0.023448   1.292603 f
  frfcfs.scheduler_i/n1125 (net)                2     0.004149            0.000000   1.292603 f
  frfcfs.scheduler_i/U143/A (INVX1)                             0.008437  0.000000   1.292603 f
  frfcfs.scheduler_i/U143/Y (INVX1)                             0.001471  0.016632   1.309234 r
  frfcfs.scheduler_i/n1191 (net)                4     0.007246            0.000000   1.309234 r
  frfcfs.scheduler_i/U393/B (AND2X2)                            0.001471  0.000000   1.309234 r
  frfcfs.scheduler_i/U393/Y (AND2X2)                            0.017113  0.035253   1.344488 r
  frfcfs.scheduler_i/n1452 (net)                3     0.004653            0.000000   1.344488 r
  frfcfs.scheduler_i/U88/A (INVX1)                              0.017113  0.000000   1.344488 r
  frfcfs.scheduler_i/U88/Y (INVX1)                              0.009907  0.016763   1.361251 f
  frfcfs.scheduler_i/n400 (net)                 1     0.001763            0.000000   1.361251 f
  frfcfs.scheduler_i/U322/A (AND2X2)                            0.009907  0.000000   1.361251 f
  frfcfs.scheduler_i/U322/Y (AND2X2)                            0.000000  0.033529   1.394779 f
  frfcfs.scheduler_i/n230 (net)                 1     0.002726            0.000000   1.394779 f
  frfcfs.scheduler_i/U1421/B (AOI22X1)                          0.000000  0.000000   1.394779 f
  frfcfs.scheduler_i/U1421/Y (AOI22X1)                          0.043076  0.035183   1.429962 r
  frfcfs.scheduler_i/n1282 (net)                1     0.001869            0.000000   1.429962 r
  frfcfs.scheduler_i/U1422/B (AND2X2)                           0.043076  0.000000   1.429962 r
  frfcfs.scheduler_i/U1422/Y (AND2X2)                           0.008770  0.032502   1.462463 r
  frfcfs.scheduler_i/n1284 (net)                1     0.001551            0.000000   1.462463 r
  frfcfs.scheduler_i/U92/A (INVX1)                              0.008770  0.000000   1.462463 r
  frfcfs.scheduler_i/U92/Y (INVX1)                              0.012225  0.015693   1.478157 f
  frfcfs.scheduler_i/n54 (net)                  1     0.002342            0.000000   1.478157 f
  frfcfs.scheduler_i/U90/B (OR2X2)                              0.012225  0.000000   1.478157 f
  frfcfs.scheduler_i/U90/Y (OR2X2)                              0.005461  0.046674   1.524830 f
  frfcfs.scheduler_i/n52 (net)                  1     0.002297            0.000000   1.524830 f
  frfcfs.scheduler_i/U95/B (NOR2X1)                             0.005461  0.000000   1.524830 f
  frfcfs.scheduler_i/U95/Y (NOR2X1)                             0.024824  0.025285   1.550115 r
  frfcfs.scheduler_i/n53 (net)                  1     0.001551            0.000000   1.550115 r
  frfcfs.scheduler_i/U91/A (INVX1)                              0.024824  0.000000   1.550115 r
  frfcfs.scheduler_i/U91/Y (INVX1)                              0.024723  0.029372   1.579487 f
  frfcfs.scheduler_i/n1295 (net)                3     0.006895            0.000000   1.579487 f
  frfcfs.scheduler_i/U346/B (NOR2X1)                            0.024723  0.000000   1.579487 f
  frfcfs.scheduler_i/U346/Y (NOR2X1)                            0.028307  0.033199   1.612687 r
  frfcfs.scheduler_i/n246 (net)                 1     0.002741            0.000000   1.612687 r
  frfcfs.scheduler_i/U844/A (AOI21X1)                           0.028307  0.000000   1.612687 r
  frfcfs.scheduler_i/U844/Y (AOI21X1)                           0.016526  0.019515   1.632202 f
  frfcfs.scheduler_i/n461 (net)                 1     0.001944            0.000000   1.632202 f
  frfcfs.scheduler_i/U1623/B (NAND2X1)                          0.016526  0.000000   1.632202 f
  frfcfs.scheduler_i/U1623/Y (NAND2X1)                          0.035317  0.015106   1.647308 r
  frfcfs.scheduler_i/n1544 (net)                1     0.002386            0.000000   1.647308 r
  frfcfs.scheduler_i/U1624/C (AOI21X1)                          0.035317  0.000000   1.647308 r
  frfcfs.scheduler_i/U1624/Y (AOI21X1)                          0.017460  0.019730   1.667038 f
  frfcfs.scheduler_i/n1557 (net)                1     0.002573            0.000000   1.667038 f
  frfcfs.scheduler_i/U1631/A (OAI21X1)                          0.017460  0.000000   1.667038 f
  frfcfs.scheduler_i/U1631/Y (OAI21X1)                          0.040904  0.042935   1.709973 r
  frfcfs.scheduler_i/n1558 (net)                1     0.002010            0.000000   1.709973 r
  frfcfs.scheduler_i/U1632/C (OAI21X1)                          0.040904  0.000000   1.709973 r
  frfcfs.scheduler_i/U1632/Y (OAI21X1)                          0.006459  0.023048   1.733021 f
  frfcfs.scheduler_i/n1644 (net)                2     0.002980            0.000000   1.733021 f
  frfcfs.scheduler_i/U371/A (INVX1)                             0.006459  0.000000   1.733021 f
  frfcfs.scheduler_i/U371/Y (INVX1)                             0.002271  0.016630   1.749651 r
  frfcfs.scheduler_i/select_slot[0] (net)       4     0.007461            0.000000   1.749651 r
  frfcfs.scheduler_i/select_slot[0] (mc_scheduler_frfcfs_Q_DEPTH16_ADDR_W16_AGE_LIMIT128_AGING_ENABLE1)
                                                                          0.000000   1.749651 r
  select_slot[0] (net)                                0.007461            0.000000   1.749651 r
  U4263/B (AND2X2)                                              0.002271  0.000000   1.749651 r
  U4263/Y (AND2X2)                                              0.010114  0.032906   1.782556 r
  n6582 (net)                                   2     0.003102            0.000000   1.782556 r
  U4264/A (INVX1)                                               0.010114  0.000000   1.782556 r
  U4264/Y (INVX1)                                               0.011997  0.015965   1.798521 f
  n2834 (net)                                   1     0.002297            0.000000   1.798521 f
  U3613/B (NOR2X1)                                              0.011997  0.000000   1.798521 f
  U3613/Y (NOR2X1)                                              0.029404  0.030226   1.828747 r
  n2322 (net)                                   1     0.002655            0.000000   1.828747 r
  U3614/A (INVX2)                                               0.029404  0.000000   1.828747 r
  U3614/Y (INVX2)                                               0.018109  0.028335   1.857082 f
  n3351 (net)                                   7     0.010333            0.000000   1.857082 f
  U3682/A (INVX1)                                               0.018109  0.000000   1.857082 f
  U3682/Y (INVX1)                                               0.000000  0.011649   1.868731 r
  n2367 (net)                                   3     0.004653            0.000000   1.868731 r
  U3687/A (INVX1)                                               0.000000  0.000000   1.868731 r
  U3687/Y (INVX1)                                               0.030867  0.025716   1.894447 f
  n2372 (net)                                   4     0.008380            0.000000   1.894447 f
  U4080/A (OR2X2)                                               0.030867  0.000000   1.894447 f
  U4080/Y (OR2X2)                                               0.007944  0.040667   1.935113 f
  n7369 (net)                                   1     0.001820            0.000000   1.935113 f
  U2440/B (AND2X2)                                              0.007944  0.000000   1.935113 f
  U2440/Y (AND2X2)                                              0.000000  0.036154   1.971267 f
  n2019 (net)                                   1     0.001944            0.000000   1.971267 f
  U7820/B (NAND2X1)                                             0.000000  0.000000   1.971267 f
  U7820/Y (NAND2X1)                                             0.036432  0.009741   1.981008 r
  n7372 (net)                                   1     0.002386            0.000000   1.981008 r
  U7821/C (AOI21X1)                                             0.036432  0.000000   1.981008 r
  U7821/Y (AOI21X1)                                             0.016526  0.018767   1.999776 f
  n7380 (net)                                   1     0.001944            0.000000   1.999776 f
  U7825/B (NAND2X1)                                             0.016526  0.000000   1.999776 f
  U7825/Y (NAND2X1)                                             0.037269  0.016399   2.016175 r
  n7381 (net)                                   1     0.002798            0.000000   2.016175 r
  U7826/A (MUX2X1)                                              0.037269  0.000000   2.016175 r
  U7826/Y (MUX2X1)                                              0.031469  0.041449   2.057624 f
  cmd_wdata[17] (net)                           1     0.010000            0.000000   2.057624 f
  cmd_wdata[17] (out)                                           0.031469  0.000000   2.057624 f
  data arrival time                                                                  2.057624

  clock core_clk (rise edge)                                              3.000000   3.000000
  clock network delay (ideal)                                             0.000000   3.000000
  clock uncertainty                                                       -0.100000  2.900000
  output external delay                                                   -1.000000  1.900000
  data required time                                                                 1.900000
  ----------------------------------------------------------------------------------------------
  data required time                                                                 1.900000
  data arrival time                                                                  -2.057624
  ----------------------------------------------------------------------------------------------
  slack (VIOLATED)                                                                   -0.157624


1
